{
  "cloud_top_hrrr": {
    "x": [
      0,
      5,
      10,
      15,
      20,
      25,
      30,
      35,
      40,
      45
    ],
    "y": [
      -999.0,
      -999.0,
      -999.0,
      -999.0,
      -999.0,
      -999.0,
      -999.0,
      -999.0,
      -999.0,
      -999.0
    ]
  },
  "boundary_layer_cloud_layer_hrrr": {
    "x": [
      0,
      5,
      10,
      15,
      20,
      25,
      30,
      35,
      40,
      45
    ],
    "y": [
      0.0,
      100.0,
      96.0,
      100.0,
      100.0,
      100.0,
      0.0,
      0.0,
      100.0,
      100.0
    ]
  },
  "low_cloud_layer_percent_hrrr": {
    "x": [
      0,
      5,
      10,
      15,
      20,
      25,
      30,
      35,
      40,
      45
    ],
    "y": [
      100.0,
      100.0,
      96.0,
      100.0,
      100.0,
      100.0,
      0.0,
      100.0,
      100.0,
      100.0
    ]
  },
  "middle_cloud_layer_percent_hrrr": {
    "x": [
      0,
      5,
      10,
      15,
      20,
      25,
      30,
      35,
      40,
      45
    ],
    "y": [
      -999.0,
      100.0,
      96.0,
      100.0,
      0.0,
      0.0,
      100.0,
      82.0,
      100.0,
      100.0
    ]
  },
  "high_cloud_layer_percent_hrrr": {
    "x": [
      0,
      5,
      10,
      15,
      20,
      25,
      30,
      35,
      40,
      45
    ],
    "y": [
      29.0,
      100.0,
      76.0,
      92.0,
      0.0,
      0.0,
      100.0,
      0.0,
      5.0,
      14.0
    ]
  },
  "cloud_ceiling_m_hrrr": {
    "x": [
      0,
      5,
      10,
      15,
      20,
      25,
      30,
      35,
      40,
      45
    ],
    "y": [
      -999.0,
      1183.1636962890625,
      1230.412109375,
      1182.707275390625,
      1182.2474365234375,
      1181.724365234375,
      7261.5986328125,
      1728.770751953125,
      1182.2247314453125,
      1182.226806640625
    ]
  },
  "cloud_base_m_hrrr": {
    "x": [
      0,
      5,
      10,
      15,
      20,
      25,
      30,
      35,
      40,
      45
    ],
    "y": [
      1342.440673828125,
      -999.0,
      1183.25048828125,
      1182.744384765625,
      1182.1859130859375,
      1181.7392578125,
      1181.9010009765625,
      1772.5352783203125,
      1182.2606201171875,
      1182.1817626953125
    ]
  },
  "cloud_top_pres_hrrr": {
    "x": [
      0,
      5,
      10,
      15,
      20,
      25,
      30,
      35,
      40,
      45
    ],
    "y": [
      42600.0,
      32400.0,
      30400.0,
      30400.0,
      84700.0,
      87000.0,
      34700.0,
      67300.0,
      49400.0,
      39800.0
    ]
  },
  "cloud_base_pres_hrrr": {
    "x": [
      0,
      5,
      10,
      15,
      20,
      25,
      30,
      35,
      40,
      45
    ],
    "y": [
      85300.0,
      86800.0,
      86800.0,
      86900.0,
      87100.0,
      87500.0,
      87600.0,
      81500.0,
      87700.0,
      87500.0
    ]
  },
  "cloud_top_hgt_hrrr": {
    "x": [
      0,
      5,
      10,
      15,
      20,
      25,
      30,
      35,
      40,
      45
    ],
    "y": [
      -999.0,
      10801.517578125,
      10160.9560546875,
      9376.5166015625,
      1551.872802734375,
      1301.282958984375,
      9869.5390625,
      3645.27294921875,
      1413.3411865234375,
      1725.7535400390625
    ]
  },
  "wind_10m_day_max_hrrr": {
    "x": [
      0,
      5,
      10,
      15,
      20,
      25,
      30,
      35,
      40,
      45
    ],
    "y": [
      12.440642356872559,
      8.561830520629883,
      6.824036598205566,
      7.956955432891846,
      7.248029708862305,
      6.170422077178955,
      2.6891088485717773,
      2.596369504928589,
      8.559837341308594,
      10.312142372131348
    ]
  },
  "tmp_500mb_hrrr": {
    "x": [
      0,
      5,
      10,
      15,
      20,
      25,
      30,
      35,
      40,
      45
    ],
    "y": [
      255.092041015625,
      253.18942260742188,
      255.36993408203125,
      252.66842651367188,
      252.50662231445312,
      252.5341796875,
      251.99288940429688,
      249.53445434570312,
      249.6225128173828,
      253.94410705566406
    ]
  },
  "tmp_700mb_hrrr": {
    "x": [
      0,
      5,
      10,
      15,
      20,
      25,
      30,
      35,
      40,
      45
    ],
    "y": [
      269.7507019042969,
      269.35809326171875,
      268.7956848144531,
      269.26287841796875,
      268.3341369628906,
      268.74090576171875,
      266.6888732910156,
      265.4564514160156,
      266.51239013671875,
      268.4073486328125
    ]
  },
  "tmp_850mb_hrrr": {
    "x": [
      0,
      5,
      10,
      15,
      20,
      25,
      30,
      35,
      40,
      45
    ],
    "y": [
      273.9285888671875,
      276.4138488769531,
      276.60418701171875,
      272.21563720703125,
      268.77410888671875,
      268.6922302246094,
      269.2455749511719,
      271.7257995605469,
      272.5257263183594,
      273.2786865234375
    ]
  },
  "tmp_925mb_hrrr": {
    "x": [
      0,
      5,
      10,
      15,
      20,
      25,
      30,
      35,
      40,
      45
    ],
    "y": [
      277.2100830078125,
      279.6257019042969,
      280.55474853515625,
      277.9244384765625,
      273.452392578125,
      270.2022399902344,
      270.1824951171875,
      273.32476806640625,
      272.98541259765625,
      274.4306640625
    ]
  },
  "tmp_1000mb_hrrr": {
    "x": [
      0,
      5,
      10,
      15,
      20,
      25,
      30,
      35,
      40,
      45
    ],
    "y": [
      281.3831787109375,
      283.778076171875,
      284.71343994140625,
      282.31634521484375,
      277.835693359375,
      274.46636962890625,
      274.45654296875,
      276.6314697265625,
      276.67144775390625,
      278.39129638671875
    ]
  },
  "tmp_2m_hrrr": {
    "x": [
      0,
      5,
      10,
      15,
      20,
      25,
      30,
      35,
      40,
      45
    ],
    "y": [
      272.8795471191406,
      275.5980224609375,
      276.59381103515625,
      273.812744140625,
      270.1015625,
      266.9602966308594,
      266.955810546875,
      271.51904296875,
      270.4201965332031,
      269.99029541015625
    ]
  },
  "rh_2m_hrrr": {
    "x": [
      0,
      5,
      10,
      15,
      20,
      25,
      30,
      35,
      40,
      45
    ],
    "y": [
      89.19999694824219,
      97.0999984741211,
      97.5,
      99.19999694824219,
      98.5,
      94.69999694824219,
      73.19999694824219,
      79.5999984741211,
      97.4000015258789,
      96.5999984741211
    ]
  },
  "hpbl_surface_hrrr": {
    "x": [
      0,
      5,
      10,
      15,
      20,
      25,
      30,
      35,
      40,
      45
    ],
    "y": [
      365.11370849609375,
      343.0972595214844,
      403.18927001953125,
      472.0196228027344,
      410.9766540527344,
      309.238037109375,
      76.34901428222656,
      324.2208251953125,
      300.2844543457031,
      319.86676025390625
    ]
  },
  "hgt_0C_iso_hrrr": {
    "x": [
      0,
      5,
      10,
      15,
      20,
      25,
      30,
      35,
      40,
      45
    ],
    "y": [
      1106.4000244140625,
      2271.840087890625,
      1874.3199462890625,
      1191.52001953125,
      683.3599853515625,
      194.55999755859375,
      199.1999969482422,
      902.0800170898438,
      725.5999755859375,
      663.52001953125
    ]
  },
  "vis_surface_hrrr": {
    "x": [
      0,
      5,
      10,
      15,
      20,
      25,
      30,
      35,
      40,
      45
    ],
    "y": [
      -999.0,
      200.0,
      700.0,
      500.0,
      100.0,
      100.0,
      22100.0,
      18100.0,
      200.0,
      0.0
    ]
  },
  "cloud_ceiling_gfs": {
    "x": [
      0,
      20,
      40,
      60,
      80,
      100
    ],
    "y": [
      901.3997192382812,
      20000.05078125,
      19999.92578125,
      2044.1845703125,
      5573.57861328125,
      20000.025390625
    ]
  },