{
  "cloud_top_hrrr": {
    "x": [
      0,
      5,
      10,
      15,
      20,
      25,
      30,
      35,
      40,
      45
    ],
    "y": [
      3885.199951171875,
      -999.0,
      -999.0,
      -999.0,
      -999.0,
      -999.0,
      -999.0,
      -999.0,
      -999.0,
      -999.0
    ]
  },
  "boundary_layer_cloud_layer_hrrr": {
    "x": [
      0,
      5,
      10,
      15,
      20,
      25,
      30,
      35,
      40,
      45
    ],
    "y": [
      8.0,
      13.0,
      100.0,
      14.0,
      5.0,
      7.0,
      0.0,
      0.0,
      12.0,
      100.0
    ]
  },
  "low_cloud_layer_percent_hrrr": {
    "x": [
      0,
      5,
      10,
      15,
      20,
      25,
      30,
      35,
      40,
      45
    ],
    "y": [
      98.0,
      81.0,
      100.0,
      14.0,
      5.0,
      7.0,
      1.0,
      100.0,
      82.0,
      100.0
    ]
  },
  "middle_cloud_layer_percent_hrrr": {
    "x": [
      0,
      5,
      10,
      15,
      20,
      25,
      30,
      35,
      40,
      45
    ],
    "y": [
      -999.0,
      51.0,
      100.0,
      100.0,
      0.0,
      0.0,
      100.0,
      52.0,
      0.0,
      100.0
    ]
  },
  "high_cloud_layer_percent_hrrr": {
    "x": [
      0,
      5,
      10,
      15,
      20,
      25,
      30,
      35,
      40,
      45
    ],
    "y": [
      0.0,
      100.0,
      4.0,
      40.0,
      0.0,
      2.0,
      63.0,
      0.0,
      100.0,
      100.0
    ]
  },
  "cloud_ceiling_m_hrrr": {
    "x": [
      0,
      5,
      10,
      15,
      20,
      25,
      30,
      35,
      40,
      45
    ],
    "y": [
      -999.0,
      2257.788818359375,
      721.7871704101562,
      -999.0,
      -999.0,
      -999.0,
      -999.0,
      1481.020751953125,
      -999.0,
      721.476806640625
    ]
  },
  "cloud_base_m_hrrr": {
    "x": [
      0,
      5,
      10,
      15,
      20,
      25,
      30,
      35,
      40,
      45
    ],
    "y": [
      1374.690673828125,
      -999.0,
      721.7505493164062,
      1240.994384765625,
      1586.8109130859375,
      1176.9892578125,
      6497.40087890625,
      1567.4102783203125,
      2376.7607421875,
      721.4317626953125
    ]
  },
  "cloud_top_pres_hrrr": {
    "x": [
      0,
      5,
      10,
      15,
      20,
      25,
      30,
      35,
      40,
      45
    ],
    "y": [
      63000.0,
      32600.0,
      40300.0,
      46800.0,
      -999.0,
      -999.0,
      -999.0,
      79800.0,
      -999.0,
      25200.0
    ]
  },
  "cloud_base_pres_hrrr": {
    "x": [
      0,
      5,
      10,
      15,
      20,
      25,
      30,
      35,
      40,
      45
    ],
    "y": [
      85200.0,
      81800.0,
      92000.0,
      86400.0,
      83000.0,
      87700.0,
      43700.0,
      83700.0,
      75700.0,
      92500.0
    ]
  },
  "cloud_top_hgt_hrrr": {
    "x": [
      0,
      5,
      10,
      15,
      20,
      25,
      30,
      35,
      40,
      45
    ],
    "y": [
      -999.0,
      9027.017578125,
      6316.45654296875,
      -999.0,
      -999.0,
      -999.0,
      -999.0,
      2237.27294921875,
      -999.0,
      11078.12890625
    ]
  },
  "wind_10m_day_max_hrrr": {
    "x": [
      0,
      5,
      10,
      15,
      20,
      25,
      30,
      35,
      40,
      45
    ],
    "y": [
      8.128142356872559,
      9.124330520629883,
      6.574036598205566,
      7.269455432891846,
      6.435529708862305,
      4.420422077178955,
      2.1891088485717773,
      4.533869743347168,
      6.4348368644714355,
      7.499642848968506
    ]
  },
  "tmp_500mb_hrrr": {
    "x": [
      0,
      5,
      10,
      15,
      20,
      25,
      30,
      35,
      40,
      45
    ],
    "y": [
      255.717041015625,
      255.37692260742188,
      255.05743408203125,
      252.29342651367188,
      252.50662231445312,
      253.5966796875,
      251.93038940429688,
      251.03445434570312,
      252.3100128173828,
      255.31910705566406
    ]
  },
  "tmp_700mb_hrrr": {
    "x": [
      0,
      5,
      10,
      15,
      20,
      25,
      30,
      35,
      40,
      45
    ],
    "y": [
      271.5007019042969,
      270.54559326171875,
      270.6081848144531,
      268.76287841796875,
      268.7716369628906,
      269.24090576171875,
      267.1888732910156,
      266.3939514160156,
      266.88739013671875,
      269.5948486328125
    ]
  },
  "tmp_850mb_hrrr": {
    "x": [
      0,
      5,
      10,
      15,
      20,
      25,
      30,
      35,
      40,
      45
    ],
    "y": [
      275.8660888671875,
      279.7888488769531,
      278.91668701171875,
      275.84063720703125,
      272.21160888671875,
      271.0672302246094,
      273.6205749511719,
      274.7882995605469,
      275.4007263183594,
      274.7161865234375
    ]
  },
  "tmp_925mb_hrrr": {
    "x": [
      0,
      5,
      10,
      15,
      20,
      25,
      30,
      35,
      40,
      45
    ],
    "y": [
      279.8975830078125,
      280.5007019042969,
      281.24224853515625,
      279.9244384765625,
      278.577392578125,
      274.2647399902344,
      274.6824951171875,
      275.07476806640625,
      275.36041259765625,
      278.5556640625
    ]
  },
  "tmp_1000mb_hrrr": {
    "x": [
      0,
      5,
      10,
      15,
      20,
      25,
      30,
      35,
      40,
      45
    ],
    "y": [
      284.5081787109375,
      284.715576171875,
      284.71343994140625,
      285.00384521484375,
      283.773193359375,
      278.84136962890625,
      276.64404296875,
      275.9439697265625,
      278.54644775390625,
      282.76629638671875
    ]
  },
  "tmp_2m_hrrr": {
    "x": [
      0,
      5,
      10,
      15,
      20,
      25,
      30,
      35,
      40,
      45
    ],
    "y": [
      278.6295471191406,
      278.9730224609375,
      280.28131103515625,
      280.125244140625,
      278.7890625,
      273.6477966308594,
      273.518310546875,
      273.70654296875,
      274.6701965332031,
      278.24029541015625
    ]
  },
  "rh_2m_hrrr": {
    "x": [
      0,
      5,
      10,
      15,
      20,
      25,
      30,
      35,
      40,
      45
    ],
    "y": [
      79.80000305175781,
      88.19999694824219,
      98.19999694824219,
      86.19999694824219,
      71.4000015258789,
      86.5,
      78.30000305175781,
      85.9000015258789,
      91.5,
      98.19999694824219
    ]
  },
  "hpbl_surface_hrrr": {
    "x": [
      0,
      5,
      10,
      15,
      20,
      25,
      30,
      35,
      40,
      45
    ],
    "y": [
      565.7387084960938,
      390.7222595214844,
      366.62677001953125,
      533.3321533203125,
      781.9141845703125,
      322.113037109375,
      91.53651428222656,
      149.0958251953125,
      318.2844543457031,
      484.11676025390625
    ]
  },
  "hgt_0C_iso_hrrr": {
    "x": [
      0,
      5,
      10,
      15,
      20,
      25,
      30,
      35,
      40,
      45
    ],
    "y": [
      2431.199951171875,
      2498.56005859375,
      2485.840087890625,
      2319.52001953125,
      1276.800048828125,
      876.1599731445312,
      1517.280029296875,
      1844.1600341796875,
      2079.0400390625,
      2010.4000244140625
    ]
  },
  "vis_surface_hrrr": {
    "x": [
      0,
      5,
      10,
      15,
      20,
      25,
      30,
      35,
      40,
      45
    ],
    "y": [
      -999.0,
      14500.0,
      200.0,
      15900.0,
      23400.0,
      15300.0,
      20100.0,
      15800.0,
      13500.0,
      100.0
    ]
  },
  "cloud_ceiling_gfs": {
    "x": [
      0,
      20,
      40,
      60,
      80,
      100
    ],
    "y": [
      2057.7998046875,
      1992.050537109375,
      19999.92578125,
      9532.5849609375,
      19999.978515625,
      15350.42578125
    ]
  },
  "low_cloud_layer_percent_gfs": {
    "x": [
      0,
      20,
      40,
      60,
      80,
      100
    ],