{
  "cloud_top_hrrr": {
    "x": [
      0,
      5,
      10,
      15,
      20,
      25,
      30,
      35,
      40,
      45
    ],
    "y": [
      5709.0,
      4330.60009765625,
      -999.0,
      -999.0,
      -999.0,
      -999.0,
      -999.0,
      -999.0,
      2903.39990234375,
      -999.0
    ]
  },
  "boundary_layer_cloud_layer_hrrr": {
    "x": [
      0,
      5,
      10,
      15,
      20,
      25,
      30,
      35,
      40,
      45
    ],
    "y": [
      100.0,
      100.0,
      100.0,
      71.0,
      92.0,
      34.0,
      0.0,
      0.0,
      100.0,
      100.0
    ]
  },
  "low_cloud_layer_percent_hrrr": {
    "x": [
      0,
      5,
      10,
      15,
      20,
      25,
      30,
      35,
      40,
      45
    ],
    "y": [
      100.0,
      100.0,
      100.0,
      71.0,
      92.0,
      34.0,
      0.0,
      100.0,
      100.0,
      100.0
    ]
  },
  "middle_cloud_layer_percent_hrrr": {
    "x": [
      0,
      5,
      10,
      15,
      20,
      25,
      30,
      35,
      40,
      45
    ],
    "y": [
      -999.0,
      100.0,
      100.0,
      45.0,
      0.0,
      0.0,
      100.0,
      100.0,
      100.0,
      100.0
    ]
  },
  "high_cloud_layer_percent_hrrr": {
    "x": [
      0,
      5,
      10,
      15,
      20,
      25,
      30,
      35,
      40,
      45
    ],
    "y": [
      90.0,
      100.0,
      85.0,
      100.0,
      0.0,
      0.0,
      100.0,
      0.0,
      1.0,
      100.0
    ]
  },
  "cloud_ceiling_m_hrrr": {
    "x": [
      0,
      5,
      10,
      15,
      20,
      25,
      30,
      35,
      40,
      45
    ],
    "y": [
      -999.0,
      1074.0386962890625,
      1074.287109375,
      1451.207275390625,
      1445.7474365234375,
      -999.0,
      7128.3486328125,
      1453.895751953125,
      1073.2247314453125,
      1073.476806640625
    ]
  },
  "cloud_base_m_hrrr": {
    "x": [
      0,
      5,
      10,
      15,
      20,
      25,
      30,
      35,
      40,
      45
    ],
    "y": [
      1229.065673828125,
      -999.0,
      1074.25048828125,
      1120.619384765625,
      1195.1859130859375,
      1072.8642578125,
      1072.9010009765625,
      1531.6602783203125,
      1073.1356201171875,
      1073.4317626953125
    ]
  },
  "cloud_top_pres_hrrr": {
    "x": [
      0,
      5,
      10,
      15,
      20,
      25,
      30,
      35,
      40,
      45
    ],
    "y": [
      37200.0,
      32500.0,
      28500.0,
      30400.0,
      -999.0,
      -999.0,
      34800.0,
      61300.0,
      61300.0,
      42900.0
    ]
  },
  "cloud_base_pres_hrrr": {
    "x": [
      0,
      5,
      10,
      15,
      20,
      25,
      30,
      35,
      40,
      45
    ],
    "y": [
      86700.0,
      88000.0,
      87900.0,
      87600.0,
      87000.0,
      88600.0,
      88800.0,
      84000.0,
      89000.0,
      88700.0
    ]
  },
  "cloud_top_hgt_hrrr": {
    "x": [
      0,
      5,
      10,
      15,
      20,
      25,
      30,
      35,
      40,
      45
    ],
    "y": [
      -999.0,
      10216.642578125,
      10188.2060546875,
      9752.3916015625,
      -999.0,
      -999.0,
      9875.5390625,
      4465.77294921875,
      3622.84130859375,
      2267.878662109375
    ]
  },
  "wind_10m_day_max_hrrr": {
    "x": [
      0,
      5,
      10,
      15,
      20,
      25,
      30,
      35,
      40,
      45
    ],
    "y": [
      7.128142356872559,
      5.561830043792725,
      6.386536598205566,
      7.269455432891846,
      6.748029708862305,
      8.420421600341797,
      4.251608848571777,
      3.596369504928589,
      5.8098368644714355,
      7.812142848968506
    ]
  },
  "tmp_500mb_hrrr": {
    "x": [
      0,
      5,
      10,
      15,
      20,
      25,
      30,
      35,
      40,
      45
    ],
    "y": [
      255.279541015625,
      253.37692260742188,
      255.18243408203125,
      252.29342651367188,
      252.44412231445312,
      252.5966796875,
      251.68038940429688,
      250.09695434570312,
      249.5600128173828,
      254.31910705566406
    ]
  },
  "tmp_700mb_hrrr": {
    "x": [
      0,
      5,
      10,
      15,
      20,
      25,
      30,
      35,
      40,
      45
    ],
    "y": [
      269.5632019042969,
      269.60809326171875,
      269.2331848144531,
      269.38787841796875,
      268.8966369628906,
      268.92840576171875,
      266.6263732910156,
      265.5814514160156,
      266.82489013671875,
      269.0323486328125
    ]
  },
  "tmp_850mb_hrrr": {
    "x": [
      0,
      5,
      10,
      15,
      20,
      25,
      30,
      35,
      40,
      45
    ],
    "y": [
      273.6160888671875,
      276.3513488769531,
      276.79168701171875,
      272.34063720703125,
      269.21160888671875,
      269.7547302246094,
      269.8705749511719,
      271.9757995605469,
      272.3382263183594,
      273.0911865234375
    ]
  },
  "tmp_925mb_hrrr": {
    "x": [
      0,
      5,
      10,
      15,
      20,
      25,
      30,
      35,
      40,
      45
    ],
    "y": [
      277.3975830078125,
      279.4382019042969,
      280.36724853515625,
      278.2369384765625,
      274.202392578125,
      270.5772399902344,
      270.5574951171875,
      273.13726806640625,
      272.29791259765625,
      274.5556640625
    ]
  },
  "tmp_1000mb_hrrr": {
    "x": [
      0,
      5,
      10,
      15,
      20,
      25,
      30,
      35,
      40,
      45
    ],
    "y": [
      281.6956787109375,
      283.465576171875,
      284.46343994140625,
      282.81634521484375,
      278.773193359375,
      274.71636962890625,
      274.51904296875,
      276.2564697265625,
      276.04644775390625,
      278.39129638671875
    ]
  },
  "tmp_2m_hrrr": {
    "x": [
      0,
      5,
      10,
      15,
      20,
      25,
      30,
      35,
      40,
      45
    ],
    "y": [
      273.5045471191406,
      275.8480224609375,
      277.15631103515625,
      275.375244140625,
      271.7265625,
      268.5852966308594,
      267.768310546875,
      271.70654296875,
      270.1701965332031,
      272.05279541015625
    ]
  },
  "rh_2m_hrrr": {
    "x": [
      0,
      5,
      10,
      15,
      20,
      25,
      30,
      35,
      40,
      45
    ],
    "y": [
      85.69999694824219,
      97.0999984741211,
      97.9000015258789,
      90.30000305175781,
      93.69999694824219,
      96.9000015258789,
      79.0999984741211,
      86.80000305175781,
      97.19999694824219,
      98.5
    ]
  },
  "hpbl_surface_hrrr": {
    "x": [
      0,
      5,
      10,
      15,
      20,
      25,
      30,
      35,
      40,
      45
    ],
    "y": [
      415.30120849609375,
      404.8472595214844,
      403.56427001953125,
      523.0196533203125,
      488.3516540527344,
      317.488037109375,
      196.91151428222656,
      93.15833282470703,
      310.9719543457031,
      342.55426025390625
    ]
  },
  "hgt_0C_iso_hrrr": {
    "x": [
      0,
      5,
      10,
      15,
      20,
      25,
      30,
      35,
      40,
      45
    ],
    "y": [
      1195.8399658203125,
      2284.320068359375,
      2004.4000244140625,
      1230.0,
      819.6799926757812,
      333.44000244140625,
      211.67999267578125,
      812.3200073242188,
      582.4000244140625,
      869.4400024414062
    ]
  },
  "vis_surface_hrrr": {
    "x": [
      0,
      5,
      10,
      15,
      20,
      25,
      30,
      35,
      40,
      45
    ],
    "y": [
      -999.0,
      100.0,
      100.0,
      14100.0,
      12700.0,
      12200.0,
      18500.0,
      8400.0,
      100.0,
      0.0
    ]
  },
  "cloud_ceiling_gfs": {
    "x": [
      0,
      20,
      40,
      60,
      80,
      100
    ],
    "y": [
      595.7996826171875,
      20000.05078125,
      19999.92578125,
      2169.384521484375,
      5119.978515625,
      20000.025390625
    ]
  },