{
  "cloud_top_hrrr": {
    "x": [
      0,
      5,
      10,
      15,
      20,
      25,
      30,
      35,
      40,
      45
    ],
    "y": [
      -999.0,
      -999.0,
      -999.0,
      -999.0,
      -999.0,
      -999.0,
      -999.0,
      -999.0,
      -999.0,
      -999.0
    ]
  },
  "boundary_layer_cloud_layer_hrrr": {
    "x": [
      0,
      5,
      10,
      15,
      20,
      25,
      30,
      35,
      40,
      45
    ],
    "y": [
      0.0,
      100.0,
      89.0,
      100.0,
      0.0,
      0.0,
      0.0,
      0.0,
      0.0,
      100.0
    ]
  },
  "low_cloud_layer_percent_hrrr": {
    "x": [
      0,
      5,
      10,
      15,
      20,
      25,
      30,
      35,
      40,
      45
    ],
    "y": [
      100.0,
      100.0,
      89.0,
      100.0,
      5.0,
      0.0,
      0.0,
      28.0,
      100.0,
      100.0
    ]
  },
  "middle_cloud_layer_percent_hrrr": {
    "x": [
      0,
      5,
      10,
      15,
      20,
      25,
      30,
      35,
      40,
      45
    ],
    "y": [
      -999.0,
      100.0,
      100.0,
      100.0,
      0.0,
      0.0,
      100.0,
      58.0,
      100.0,
      100.0
    ]
  },
  "high_cloud_layer_percent_hrrr": {
    "x": [
      0,
      5,
      10,
      15,
      20,
      25,
      30,
      35,
      40,
      45
    ],
    "y": [
      47.0,
      100.0,
      100.0,
      100.0,
      0.0,
      0.0,
      100.0,
      0.0,
      8.0,
      100.0
    ]
  },
  "cloud_ceiling_m_hrrr": {
    "x": [
      0,
      5,
      10,
      15,
      20,
      25,
      30,
      35,
      40,
      45
    ],
    "y": [
      -999.0,
      1343.2886962890625,
      6672.037109375,
      1342.832275390625,
      -999.0,
      -999.0,
      7304.7236328125,
      -999.0,
      1342.3497314453125,
      1342.351806640625
    ]
  },
  "cloud_base_m_hrrr": {
    "x": [
      0,
      5,
      10,
      15,
      20,
      25,
      30,
      35,
      40,
      45
    ],
    "y": [
      1419.065673828125,
      -999.0,
      1343.25048828125,
      1342.744384765625,
      1342.1859130859375,
      -999.0,
      1342.5260009765625,
      1951.4102783203125,
      1342.2606201171875,
      1342.3067626953125
    ]
  },
  "cloud_top_pres_hrrr": {
    "x": [
      0,
      5,
      10,
      15,
      20,
      25,
      30,
      35,
      40,
      45
    ],
    "y": [
      42300.0,
      32300.0,
      36900.0,
      30300.0,
      -999.0,
      -999.0,
      32400.0,
      -999.0,
      56300.0,
      45500.0
    ]
  },
  "cloud_base_pres_hrrr": {
    "x": [
      0,
      5,
      10,
      15,
      20,
      25,
      30,
      35,
      40,
      45
    ],
    "y": [
      84500.0,
      85100.0,
      85000.0,
      85000.0,
      85200.0,
      -999.0,
      85800.0,
      79600.0,
      86000.0,
      85900.0
    ]
  },
  "cloud_top_hgt_hrrr": {
    "x": [
      0,
      5,
      10,
      15,
      20,
      25,
      30,
      35,
      40,
      45
    ],
    "y": [
      -999.0,
      10803.892578125,
      9686.3310546875,
      9739.2666015625,
      -999.0,
      -999.0,
      10105.0390625,
      -999.0,
      1714.0911865234375,
      10660.25390625
    ]
  },
  "wind_10m_day_max_hrrr": {
    "x": [
      0,
      5,
      10,
      15,
      20,
      25,
      30,
      35,
      40,
      45
    ],
    "y": [
      11.065642356872559,
      7.561830043792725,
      9.011536598205566,
      12.081954956054688,
      12.748029708862305,
      8.232921600341797,
      4.001608848571777,
      5.658869743347168,
      7.0598368644714355,
      6.562142848968506
    ]
  },
  "tmp_500mb_hrrr": {
    "x": [
      0,
      5,
      10,
      15,
      20,
      25,
      30,
      35,
      40,
      45
    ],
    "y": [
      254.904541015625,
      253.75192260742188,
      255.55743408203125,
      252.98092651367188,
      251.81912231445312,
      252.3466796875,
      252.18038940429688,
      249.34695434570312,
      249.6850128173828,
      254.00660705566406
    ]
  },
  "tmp_700mb_hrrr": {
    "x": [
      0,
      5,
      10,
      15,
      20,
      25,
      30,
      35,
      40,
      45
    ],
    "y": [
      269.8757019042969,
      269.60809326171875,
      269.4206848144531,
      270.01287841796875,
      268.5841369628906,
      268.49090576171875,
      266.9388732910156,
      265.5814514160156,
      266.26239013671875,
      268.7198486328125
    ]
  },
  "tmp_850mb_hrrr": {
    "x": [
      0,
      5,
      10,
      15,
      20,
      25,
      30,
      35,
      40,
      45
    ],
    "y": [
      272.8660888671875,
      276.5388488769531,
      276.79168701171875,
      273.15313720703125,
      270.83660888671875,
      270.0672302246094,
      269.4330749511719,
      271.2882995605469,
      271.9007263183594,
      271.7786865234375
    ]
  },
  "tmp_925mb_hrrr": {
    "x": [
      0,
      5,
      10,
      15,
      20,
      25,
      30,
      35,
      40,
      45
    ],
    "y": [
      276.5225830078125,
      279.7507019042969,
      280.80474853515625,
      278.0494384765625,
      274.014892578125,
      271.9522399902344,
      270.9949951171875,
      272.44976806640625,
      272.48541259765625,
      272.9931640625
    ]
  },
  "tmp_1000mb_hrrr": {
    "x": [
      0,
      5,
      10,
      15,
      20,
      25,
      30,
      35,
      40,
      45
    ],
    "y": [
      280.6331787109375,
      283.778076171875,
      284.90093994140625,
      282.31634521484375,
      278.210693359375,
      276.09136962890625,
      275.01904296875,
      276.3189697265625,
      276.48394775390625,
      276.95379638671875
    ]
  },
  "tmp_2m_hrrr": {
    "x": [
      0,
      5,
      10,
      15,
      20,
      25,
      30,
      35,
      40,
      45
    ],
    "y": [
      271.0670471191406,
      274.7855224609375,
      275.59381103515625,
      272.937744140625,
      269.1640625,
      268.3977966308594,
      268.018310546875,
      270.01904296875,
      269.7951965332031,
      268.99029541015625
    ]
  },
  "rh_2m_hrrr": {
    "x": [
      0,
      5,
      10,
      15,
      20,
      25,
      30,
      35,
      40,
      45
    ],
    "y": [
      89.4000015258789,
      96.19999694824219,
      93.30000305175781,
      100.0,
      83.4000015258789,
      44.400001525878906,
      48.79999923706055,
      81.80000305175781,
      97.30000305175781,
      95.69999694824219
    ]
  },
  "hpbl_surface_hrrr": {
    "x": [
      0,
      5,
      10,
      15,
      20,
      25,
      30,
      35,
      40,
      45
    ],
    "y": [
      375.17620849609375,
      341.0347595214844,
      421.87677001953125,
      344.7696228027344,
      291.6016540527344,
      118.67554473876953,
      80.53651428222656,
      189.8458251953125,
      309.7844543457031,
      334.92926025390625
    ]
  },
  "hgt_0C_iso_hrrr": {
    "x": [
      0,
      5,
      10,
      15,
      20,
      25,
      30,
      35,
      40,
      45
    ],
    "y": [
      992.0,
      2170.56005859375,
      1883.43994140625,
      1278.56005859375,
      699.2000122070312,
      577.1199951171875,
      521.760009765625,
      827.8400268554688,
      793.5999755859375,
      666.4000244140625
    ]
  },
  "vis_surface_hrrr": {
    "x": [
      0,
      5,
      10,
      15,
      20,
      25,
      30,
      35,
      40,
      45
    ],
    "y": [
      -999.0,
      100.0,
      12200.0,
      100.0,
      16800.0,
      45600.0,
      41000.0,
      16900.0,
      200.0,
      0.0
    ]
  },
  "cloud_ceiling_gfs": {
    "x": [
      0,
      20,
      40,
      60,
      80,
      100
    ],
    "y": [
      901.3997192382812,
      20000.05078125,
      19999.92578125,
      2044.1845703125,
      5573.57861328125,
      20000.025390625
    ]
  },
  "low_cloud_layer_percent_gfs": {
    "x": [
      0,
      20,
      40,
      60,
      80,
      100
    ],