{"type":"FeatureCollection","features":[{"type":"Feature","properties":{"t":272,"n":0},"geometry":{"type":"LineString","coordinates":[[-71.88994,43.92073],[-71.89079,43.9238],[-71.89247,43.92598],[-71.89386,43.9271],[-71.90189,43.93189],[-71.9038,43.93387],[-71.90474,43.93571],[-71.90599,43.94096],[-71.90806,43.94425],[-71.90851,43.94572],[-71.90797,43.95712],[-71.90507,43.9714],[-71.90411,43.97363],[-71.89812,43.98329]]}},{"type":"Feature","properties":{"t":454,"n":0},"geometry":{"type":"LineString","coordinates":[[-71.74672,43.92584],[-71.74665,43.92675],[-71.74714,43.9273],[-71.74651,43.92724],[-71.74638,43.92738],[-71.74797,43.92842],[-71.7501,43.92938],[-71.75098,43.92967],[-71.75513,43.92975],[-71.75735,43.93004],[-71.75867,43.93],[-71.75932,43.92954],[-71.76021,43.92984],[-71.76174,43.93105],[-71.76337,43.93193],[-71.76636,43.93218],[-71.76884,43.9326],[-71.76897,43.93302],[-71.76851,43.93341]]}},{"type":"Feature","properties":{"t":704,"n":0},"geometry":{"type":"LineString","coordinates":[[-71.7664,43.92765],[-71.76582,43.92834],[-71.76483,43.93032],[-71.76476,43.93155],[-71.76399,43.93203]]}},{"type":"Feature","properties":{"t":634,"n":0},"geometry":{"type":"LineString","coordinates":[[-71.77346,43.88405],[-71.77356,43.88493],[-71.77475,43.8866],[-71.77441,43.88753],[-71.77349,43.88793],[-71.77397,43.8898]]}},{"type":"Feature","properties":{"t":346,"n":0},"geometry":{"type":"LineString","coordinates":[[-71.74531,43.93469],[-71.74582,43.93413],[-71.74705,43.93359],[-71.74919,43.93351],[-71.75068,43.93375],[-71.7517,43.93424],[-71.75264,43.93444],[-71.75581,43.93465],[-71.75945,43.93522],[-71.76245,43.93523],[-71.76875,43.93335],[-71.7697,43.93263],[-71.77046,43.93269]]}},{"type":"Feature","properties":{"t":665,"n":0},"geometry":{"type":"LineString","coordinates":[[-71.77046,43.93269],[-71.77088,43.93254],[-71.77096,43.93217],[-71.76994,43.93178],[-71.76976,43.93151],[-71.7704,43.92968],[-71.77128,43.92856],[-71.77298,43.92756]]}},{"type":"Feature","properties":{"t":346,"n":0},"geometry":{"type":"LineString","coordinates":[[-71.78644,43.94666],[-71.78642,43.94642],[-71.78907,43.94631],[-71.78927,43.94588],[-71.78895,43.94525],[-71.7869,43.94351],[-71.78428,43.94165],[-71.783,43.93993],[-71.78016,43.93788],[-71.77893,43.93621],[-71.77224,43.93272],[-71.7717,43.93256],[-71.77093,43.93277],[-71.77046,43.93269]]}},{"type":"Feature","properties":{"t":331,"n":0},"geometry":{"type":"LineString","coordinates":[[-71.81423,43.84981],[-71.81506,43.8496],[-71.81596,43.84975],[-71.81649,43.84966],[-71.82071,43.85044],[-71.82292,43.8502],[-71.82616,43.85081],[-71.82793,43.85068],[-71.82945,43.85113],[-71.83111,43.85136],[-71.83283,43.85095],[-71.83413,43.84996],[-71.83887,43.84952],[-71.83988,43.849],[-71.84277,43.84833],[-71.84335,43.8485],[-71.84723,43.84753],[-71.84899,43.84747],[-71.85112,43.84713],[-71.85319,43.84876],[-71.85427,43.84904],[-71.85505,43.849],[-71.85823,43.84816],[-71.86046,43.84823],[-71.86166,43.84854],[-71.86219,43.8483],[-71.86293,43.84732],[-71.8638,43.84688],[-71.86477,43.8456],[-71.86815,43.84409],[-71.86909,43.84273],[-71.86994,43.84205]]}},{"type":"Feature","properties":{"t":466,"n":0},"geometry":{"type":"LineString","coordinates":[[-71.80858,43.82962],[-71.80784,43.83072],[-71.80718,43.8325],[-71.80723,43.83415],[-71.80671,43.83697],[-71.80655,43.8403],[-71.80469,43.84312],[-71.80369,43.84519],[-71.80224,43.84704],[-71.80166,43.84819]]}},{"type":"Feature","properties":{"t":695,"n":0},"geometry":{"type":"LineString","coordinates":[[-71.88284,43.83489],[-71.88065,43.83845],[-71.87999,43.83888],[-71.87887,43.83904]]}},{"type":"Feature","properties":{"t":272,"n":0},"geometry":{"type":"LineString","coordinates":[[-71.89772,43.98499],[-71.89807,43.98729],[-71.89934,43.98947],[-71.90116,43.99114],[-71.90314,43.99238],[-71.9045,43.993],[-71.90608,43.9934],[-71.91112,43.99377],[-71.91489,43.99524],[-71.91879,43.99611],[-71.92168,43.99726]]}},{"type":"Feature","properties":{"t":672,"n":0},"geometry":{"type":"LineString","coordinates":[[-71.86072,43.95527],[-71.86117,43.95616],[-71.86262,43.95723],[-71.86242,43.95954],[-71.86431,43.96034]]}},{"type":"Feature","properties":{"t":98,"n":0},"geometry":{"type":"LineString","coordinates":[[-71.88216,43.99801],[-71.88005,43.99739]]}},{"type":"Feature","properties":{"t":98,"n":1},"geometry":{"type":"LineString","coordinates":[[-71.88005,43.99739],[-71.8788,43.99706],[-71.87736,43.9971],[-71.8756,43.99747],[-71.87512,43.99854],[-71.87158,44.00032],[-71.871,44.00025],[-71.86842,44.0006],[-71.8664,44.00044],[-71.86285,43.99936],[-71.86094,43.9997]]}},{"type":"Feature","properties":{"t":118,"n":2},"geometry":{"type":"LineString","coordinates":[[-71.84014,44.01299],[-71.83975,44.01254],[-71.83905,44.01218],[-71.83882,44.01133],[-71.83828,44.01063],[-71.83612,44.00866],[-71.83614,44.00828],[-71.83566,44.00812],[-71.83645,44.00716],[-71.83672,44.00541],[-71.83642,44.00458],[-71.83546,44.00369],[-71.83534,44.00305],[-71.8346,44.00304],[-71.83402,44.00253],[-71.83367,44.00069],[-71.83419,43.99916],[-71.83498,43.99919]]}},{"type":"Feature","properties":{"t":118,"n":1},"geometry":{"type":"LineString","coordinates":[[-71.83498,43.99919],[-71.83621,43.99935],[-71.83571,43.99883],[-71.83573,43.99807],[-71.83669,43.99793],[-71.83611,43.99746],[-71.83589,43.99697],[-71.83768,43.99673],[-71.83562,43.99417],[-71.83605,43.99388],[-71.83447,43.99324],[-71.83536,43.99253],[-71.83365,43.99244],[-71.834,43.99204],[-71.83394,43.99016],[-71.83274,43.98849],[-71.83267,43.98783]]}},{"type":"Feature","properties":{"t":118,"n":0},"geometry":{"type":"LineString","coordinates":[[-71.83267,43.98783],[-71.8333,43.98697],[-71.83504,43.98664],[-71.83479,43.98608]]}},{"type":"Feature","properties":{"t":446,"n":0},"geometry":{"type":"LineString","coordinates":[[-71.85312,43.808],[-71.85283,43.80817],[-71.85199,43.80794],[-71.85095,43.80801],[-71.8501,43.80827],[-71.84849,43.80985],[-71.84495,43.80982],[-71.84259,43.81051],[-71.84094,43.81022],[-71.8403,43.81038],[-71.83929,43.81029],[-71.83884,43.81045],[-71.83849,43.80993],[-71.83853,43.80935],[-71.83921,43.80852],[-71.83992,43.80812],[-71.84084,43.80706],[-71.84069,43.80691],[-71.84011,43.8074],[-71.83898,43.80773],[-71.83839,43.80852],[-71.83759,43.80891],[-71.8371,43.80978],[-71.83721,43.81013],[-71.83802,43.81074],[-71.83884,43.81045]]}},{"type":"Feature","properties":{"t":296,"n":0},"geometry":{"type":"LineString","coordinates":[[-71.89918,43.98982],[-71.89985,43.98868],[-71.89927,43.98792],[-71.89931,43.98666],[-71.90069,43.98471],[-71.90202,43.98393],[-71.90207,43.98456],[-71.90325,43.9863],[-71.90591,43.98731],[-71.90649,43.98779],[-71.90729,43.98803],[-71.90905,43.98723],[-71.90955,43.98622],[-71.91098,43.98544],[-71.91214,43.98531],[-71.91426,43.9855],[-71.91622,43.98641],[-71.91843,43.98714],[-71.92203,43.98573],[-71.92318,43.98559],[-71.92375,43.98488],[-71.92505,43.98405],[-71.92701,43.98375],[-71.92799,43.9834],[-71.9281,43.98273],[-71.92779,43.98205],[-71.92854,43.98157],[-71.92745,43.98047],[-71.92706,43.97954],[-71.92889,43.97911],[-71.92946,43.97841],[-71.92978,43.97713],[-71.93049,43.97679],[-71.93201,43.97553],[-71.93324,43.97408],[-71.93405,43.97244],[-71.93403,43.97159],[-71.93469,43.97008],[-71.93675,43.96858],[-71.93749,43.96767],[-71.93864,43.96688],[-71.93913,43.96588],[-71.93883,43.96336],[-71.93917,43.96208],[-71.9405,43.96094],[-71.9412,43.95955],[-71.94284,43.95876],[-71.94375,43.95792],[-71.94368,43.95737],[-71.94436,43.95597],[-71.94374,43.95416],[-71.94406,43.95345]]}},{"type":"Feature","properties":{"t":522,"n":0},"geometry":{"type":"LineString","coordinates":[[-71.8895,43.99557],[-71.88992,43.99529],[-71.89051,43.99233],[-71.89115,43.99065],[-71.89254,43.99026],[-71.89368,43.99024],[-71.89458,43.99065],[-71.89578,43.99073],[-71.89747,43.99038],[-71.89911,43.99069]]}},{"type":"Feature","properties":{"t":334,"n":0},"geometry":{"type":"LineString","coordinates":[[-71.94568,43.95393],[-71.94594,43.95319],[-71.94551,43.95245],[-71.94577,43.95057],[-71.94696,43.94945],[-71.94862,43.94908],[-71.94892,43.94883],[-71.94953,43.94757],[-71.94964,43.94655],[-71.95047,43.94494],[-71.95008,43.94365],[-71.95009,43.94194],[-71.95044,43.94011],[-71.95014,43.93878],[-71.95043,43.9387],[-71.95184,43.93913],[-71.95217,43.93909],[-71.95422,43.93754],[-71.95503,43.93581],[-71.95463,43.93419],[-71.9555,43.93283],[-71.95589,43.9304],[-71.95579,43.92893],[-71.95545,43.92783],[-71.95585,43.92519],[-71.95962,43.92151],[-71.96111,43.91878],[-71.96123,43.91791],[-71.96447,43.91579]]}},{"type":"Feature","properties":{"t":272,"n":0},"geometry":{"type":"LineString","coordinates":[[-71.93119,44.00261],[-71.92976,44.00162],[-71.92168,43.99726]]}},{"type":"Feature","properties":{"t":708,"n":0},"geometry":{"type":"LineString","coordinates":[[-71.83742,43.8009],[-71.8368,43.80098],[-71.83533,43.80171],[-71.83441,43.80179]]}},{"type":"Feature","properties":{"t":803,"n":0},"geometry":{"type":"LineString","coordinates":[[-71.83234,43.80172],[-71.83134,43.80229],[-71.83103,43.80195]]}},{"type":"Feature","properties":{"t":790,"n":0},"geometry":{"type":"LineString","coordinates":[[-71.8431,43.80225],[-71.84295,43.80336],[-71.8425,43.80364],[-71.84252,43.80381]]}},{"type":"Feature","properties":{"t":840,"n":0},"geometry":{"type":"LineString","coordinates":[[-71.84307,43.80378],[-71.84271,43.80359]]}},{"type":"Feature","properties":{"t":700,"n":0},"geometry":{"type":"LineString","coordinates":[[-71.83451,43.80185],[-71.83569,43.80238],[-71.83697,43.80187],[-71.83809,43.8017],[-71.83963,43.80238],[-71.84035,43.80303]]}},{"type":"Feature","properties":{"t":835,"n":0},"geometry":{"type":"LineString","coordinates":[[-71.83677,43.80185],[-71.83656,43.80152]]}},{"type":"Feature","properties":{"t":728,"n":0},"geometry":{"type":"LineString","coordinates":[[-71.83591,43.80299],[-71.8362,43.8028],[-71.83763,43.8027],[-71.83831,43.80307],[-71.84043,43.80366]]}},{"type":"Feature","properties":{"t":804,"n":0},"geometry":{"type":"LineString","coordinates":[[-71.84166,43.80454],[-71.84112,43.80408],[-71.84047,43.8039],[-71.84043,43.80366]]}},{"type":"Feature","properties":{"t":447,"n":0},"geometry":{"type":"LineString","coordinates":[[-71.80092,43.84943],[-71.79947,43.84895],[-71.79819,43.84826],[-71.79732,43.84833],[-71.79606,43.8478],[-71.79477,43.84682],[-71.7946,43.8463],[-71.79136,43.84442],[-71.79022,43.84396],[-71.78823,43.84139]]}},{"type":"Feature","properties":{"t":731,"n":0},"geometry":{"type":"LineString","coordinates":[[-71.84542,43.80457],[-71.84471,43.80367],[-71.84237,43.80272],[-71.84181,43.80229]]}},{"type":"Feature","properties":{"t":395,"n":0},"geometry":{"type":"LineString","coordinates":[[-71.80374,43.99159],[-71.80262,43.99183],[-71.80142,43.99275],[-71.79995,43.99436],[-71.79974,43.99352],[-71.79997,43.99038],[-71.79989,43.99013],[-71.79969,43.99014],[-71.79706,43.99289],[-71.79674,43.99383],[-71.79672,43.99482],[-71.79503,43.99653],[-71.79467,43.9978],[-71.79451,43.99911],[-71.79639,44.00016],[-71.79851,44.00241],[-71.80024,44.00586],[-71.80131,44.00732]]}},{"type":"Feature","properties":{"t":312,"n":0},"geometry":{"type":"LineString","coordinates":[[-71.78875,43.94643],[-71.78938,43.9474],[-71.79331,43.95041],[-71.79438,43.95153],[-71.79452,43.95211],[-71.79585,43.95292],[-71.79687,43.95312],[-71.79781,43.95393],[-71.79879,43.95396],[-71.8001,43.95439],[-71.80054,43.95477],[-71.80067,43.95521],[-71.80259,43.95665],[-71.80529,43.95752],[-71.80642,43.95771],[-71.80755,43.95823],[-71.80832,43.9582],[-71.80952,43.95898],[-71.80932,43.96007],[-71.80984,43.96053],[-71.81049,43.96086],[-71.81185,43.9611],[-71.81443,43.96127],[-71.81528,43.9608],[-71.81619,43.96091]]}},{"type":"Feature","properties":{"t":529,"n":0},"geometry":{"type":"LineString","coordinates":[[-71.81979,43.90424],[-71.81917,43.90405],[-71.81858,43.90519],[-71.81685,43.90589],[-71.81591,43.90707],[-71.81447,43.90738],[-71.81331,43.90785],[-71.81232,43.90797],[-71.81119,43.90635],[-71.81051,43.9061],[-71.81133,43.9055],[-71.81058,43.90463],[-71.80908,43.90435],[-71.80864,43.90377],[-71.8077,43.9037]]}},{"type":"Feature","properties":{"t":762,"n":0},"geometry":{"type":"LineString","coordinates":[[-71.85886,43.89594],[-71.86091,43.896],[-71.86211,43.89665]]}},{"type":"Feature","properties":{"t":438,"n":0},"geometry":{"type":"LineString","coordinates":[[-71.87647,43.89543],[-71.87542,43.89487],[-71.87522,43.89436],[-71.87556,43.8926],[-71.87489,43.89118],[-71.87522,43.89048],[-71.87659,43.88925],[-71.87768,43.88908],[-71.87829,43.88926],[-71.87881,43.88978],[-71.88037,43.89014],[-71.88257,43.89114],[-71.88438,43.8903],[-71.88853,43.89027],[-71.88917,43.8899],[-71.88958,43.88932],[-71.89001,43.88917],[-71.89648,43.88941]]}},{"type":"Feature","properties":{"t":251,"n":0},"geometry":{"type":"LineString","coordinates":[[-71.83395,43.98474],[-71.8346,43.98502],[-71.83643,43.98684],[-71.8378,43.9863],[-71.84091,43.98554],[-71.84319,43.98607],[-71.84379,43.98626],[-71.84422,43.98668],[-71.84507,43.98685],[-71.84541,43.98869],[-71.8463,43.98903],[-71.84666,43.98966],[-71.84739,43.98981],[-71.84794,43.99016],[-71.84874,43.99021],[-71.84889,43.99068],[-71.84939,43.99104],[-71.85058,43.99129],[-71.85119,43.99122],[-71.85284,43.99161],[-71.85325,43.99117],[-71.85313,43.99097],[-71.85396,43.99065],[-71.85549,43.9911],[-71.85804,43.99288],[-71.86112,43.99358],[-71.86234,43.99362],[-71.86366,43.99418],[-71.86515,43.99439],[-71.86651,43.99546],[-71.86724,43.99679],[-71.86819,43.9978],[-71.8703,43.99885],[-71.87151,43.99886],[-71.87494,43.99774]]}},{"type":"Feature","properties":{"t":251,"n":1},"geometry":{"type":"LineString","coordinates":[[-71.87494,43.99774],[-71.87544,43.99771]]}},{"type":"Feature","properties":{"t":98,"n":1},"geometry":{"type":"LineString","coordinates":[[-71.86094,43.9997],[-71.85909,44.0003],[-71.85834,44.00093],[-71.85564,44.00218],[-71.85441,44.00309],[-71.85384,44.00322],[-71.85308,44.00385],[-71.84983,44.00571],[-71.84934,44.00693],[-71.8495,44.01003],[-71.84937,44.01041],[-71.84794,44.01155],[-71.84614,44.01192],[-71.84462,44.01191],[-71.84369,44.01213],[-71.84282,44.01205],[-71.84032,44.01293]]}},{"type":"Feature","properties":{"t":98,"n":2},"geometry":{"type":"LineString","coordinates":[[-71.84032,44.01293],[-71.84014,44.01299]]}},{"type":"Feature","properties":{"t":547,"n":0},"geometry":{"type":"LineString","coordinates":[[-71.74542,43.88615],[-71.74771,43.88903],[-71.74846,43.8896],[-71.75497,43.8929],[-71.75694,43.89367],[-71.75869,43.89404]]}},{"type":"Feature","properties":{"t":276,"n":0},"geometry":{"type":"LineString","coordinates":[[-71.82197,43.89974],[-71.82186,43.90077],[-71.82085,43.90299],[-71.81979,43.90424],[-71.82016,43.90496],[-71.81957,43.90538],[-71.81959,43.90571],[-71.81993,43.90618],[-71.82037,43.90629],[-71.82101,43.90695],[-71.8228,43.90796],[-71.82277,43.90974],[-71.82343,43.91083],[-71.82293,43.91141],[-71.82237,43.91365],[-71.82303,43.91515],[-71.82556,43.918],[-71.82609,43.91899],[-71.82644,43.91936],[-71.82708,43.91961],[-71.82732,43.92018],[-71.82705,43.92065],[-71.82723,43.92191],[-71.82784,43.92255],[-71.82858,43.9228],[-71.82888,43.92332],[-71.82872,43.92526],[-71.82786,43.92591],[-71.82731,43.92604],[-71.82662,43.92718],[-71.8271,43.92822],[-71.82725,43.9296],[-71.82753,43.93008],[-71.82883,43.93118],[-71.82943,43.93233],[-71.82947,43.93286],[-71.82904,43.93329],[-71.82726,43.93412],[-71.82691,43.93497],[-71.82634,43.93538],[-71.82597,43.93628],[-71.82587,43.93695],[-71.82605,43.93733],[-71.82727,43.93849],[-71.8273,43.93884],[-71.82671,43.93943],[-71.82778,43.94025],[-71.82755,43.94079],[-71.82776,43.94252],[-71.82758,43.94309],[-71.82617,43.94509],[-71.82655,43.94654],[-71.82485,43.94873],[-71.82487,43.94979],[-71.82574,43.95067],[-71.82574,43.95176],[-71.82548,43.95207],[-71.82428,43.95248],[-71.82367,43.95328],[-71.82243,43.95374]]}},{"type":"Feature","properties":{"t":276,"n":0},"geometry":{"type":"LineString","coordinates":[[-71.79604,43.88556],[-71.79654,43.88579],[-71.79757,43.88576],[-71.79955,43.88563],[-71.80068,43.88525],[-71.80125,43.88529],[-71.8027,43.88616],[-71.80389,43.88615],[-71.80586,43.88747],[-71.80812,43.88857],[-71.80904,43.88951],[-71.81227,43.88937]]}},{"type":"Feature","properties":{"t":284,"n":0},"geometry":{"type":"LineString","coordinates":[[-71.86211,43.89665],[-71.86385,43.89601],[-71.86404,43.89575],[-71.8639,43.8954],[-71.86219,43.8944],[-71.86067,43.89321],[-71.85937,43.89098],[-71.85821,43.89033],[-71.85727,43.89013],[-71.85646,43.89025],[-71.85574,43.89053],[-71.85476,43.89128],[-71.85031,43.89179],[-71.84881,43.89135],[-71.84689,43.89136],[-71.84593,43.89062],[-71.84538,43.89043],[-71.84476,43.88942],[-71.84417,43.88902],[-71.84499,43.88737],[-71.8453,43.88592],[-71.8438,43.88523],[-71.84275,43.88572],[-71.8422,43.88666],[-71.84082,43.88711],[-71.84026,43.8871],[-71.83829,43.88838],[-71.83813,43.88781],[-71.83773,43.88783],[-71.83719,43.88704],[-71.836,43.88695],[-71.83515,43.88663],[-71.83468,43.88613],[-71.83328,43.88635],[-71.83256,43.88546],[-71.83096,43.8847],[-71.83024,43.8852],[-71.82983,43.88524],[-71.82954,43.88599],[-71.82888,43.88666],[-71.82759,43.88655],[-71.82541,43.88481],[-71.82491,43.88643],[-71.82331,43.88694],[-71.82193,43.88625],[-71.82087,43.8862],[-71.81858,43.88505],[-71.81754,43.8848],[-71.8168,43.88432],[-71.81623,43.88423],[-71.81504,43.88444],[-71.81314,43.88422],[-71.81111,43.88359],[-71.80919,43.88349],[-71.80708,43.88397],[-71.80654,43.88388],[-71.80592,43.88431],[-71.80557,43.88523],[-71.80459,43.88581],[-71.80415,43.8863]]}},{"type":"Feature","properties":{"t":284,"n":0},"geometry":{"type":"LineString","coordinates":[[-71.8438,43.88523],[-71.84348,43.88477]]}},{"type":"Feature","properties":{"t":291,"n":0},"geometry":{"type":"LineString","coordinates":[[-71.80759,43.90383],[-71.8064,43.90396],[-71.8061,43.90447],[-71.8064,43.90523],[-71.80735,43.90622],[-71.80741,43.9068],[-71.80798,43.90761],[-71.81017,43.90883],[-71.81063,43.90944],[-71.80936,43.9117],[-71.80955,43.91239],[-71.80872,43.91357],[-71.80789,43.91383],[-71.80693,43.91495],[-71.80646,43.91521],[-71.80602,43.91528],[-71.80499,43.9146],[-71.8047,43.91461],[-71.80443,43.91509],[-71.80462,43.91682],[-71.80426,43.91727],[-71.80201,43.91703],[-71.7996,43.91772],[-71.79907,43.9182],[-71.79703,43.91836],[-71.79589,43.91877],[-71.79485,43.91845],[-71.79405,43.91869],[-71.7914,43.9189],[-71.79057,43.91938],[-71.7896,43.91947],[-71.78857,43.92025],[-71.78667,43.92064],[-71.78529,43.92081],[-71.78441,43.92054],[-71.78386,43.92073],[-71.78245,43.92073],[-71.78047,43.9201],[-71.77889,43.92044],[-71.77735,43.92147],[-71.77705,43.92271],[-71.77541,43.9235],[-71.77487,43.92517],[-71.77388,43.92691],[-71.77298,43.92756]]}},{"type":"Feature","properties":{"t":768,"n":0},"geometry":{"type":"LineString","coordinates":[[-71.92806,43.98317],[-71.92618,43.9831],[-71.92517,43.98333],[-71.92472,43.98327]]}},{"type":"Feature","properties":{"t":284,"n":0},"geometry":{"type":"LineString","coordinates":[[-71.86211,43.89665],[-71.86249,43.89691],[-71.86411,43.89733],[-71.86538,43.89789],[-71.86702,43.89826],[-71.86815,43.89886],[-71.87083,43.89967],[-71.87133,43.9004],[-71.87271,43.90093],[-71.87467,43.90242]]}},{"type":"Feature","properties":{"t":447,"n":0},"geometry":{"type":"LineString","coordinates":[[-71.78519,43.84058],[-71.78404,43.83965],[-71.78291,43.83916],[-71.78166,43.83811],[-71.78157,43.83741],[-71.78121,43.83735],[-71.78124,43.83711],[-71.77955,43.83722],[-71.7791,43.83711],[-71.77913,43.83662],[-71.7779,43.83572],[-71.77794,43.83544],[-71.77853,43.83505]]}},{"type":"Feature","properties":{"t":398,"n":0},"geometry":{"type":"LineString","coordinates":[[-71.80094,43.84939],[-71.80134,43.84828],[-71.79866,43.84658],[-71.7979,43.84572],[-71.79637,43.84467],[-71.79571,43.84365],[-71.79289,43.84297],[-71.78862,43.84146],[-71.78437,43.84049],[-71.78178,43.83897],[-71.77744,43.83899],[-71.77679,43.83873],[-71.77656,43.83834],[-71.77738,43.83535],[-71.77812,43.83498],[-71.77892,43.83517],[-71.7792,43.83474]]}},{"type":"Feature","properties":{"t":720,"n":0},"geometry":{"type":"LineString","coordinates":[[-71.85005,43.80339],[-71.84961,43.80351],[-71.8493,43.80339],[-71.84849,43.8038],[-71.8482,43.80367],[-71.84649,43.80534]]}},{"type":"Feature","properties":{"t":779,"n":0},"geometry":{"type":"LineString","coordinates":[[-71.84649,43.80534],[-71.84575,43.80459],[-71.84542,43.80457],[-71.84464,43.805]]}},{"type":"Feature","properties":{"t":797,"n":0},"geometry":{"type":"LineString","coordinates":[[-71.84464,43.805],[-71.84269,43.80489]]}},{"type":"Feature","properties":{"t":814,"n":0},"geometry":{"type":"LineString","coordinates":[[-71.83918,43.8023],[-71.83951,43.80329]]}},{"type":"Feature","properties":{"t":708,"n":0},"geometry":{"type":"LineString","coordinates":[[-71.83398,43.80187],[-71.83234,43.80172],[-71.83107,43.80203]]}},{"type":"Feature","properties":{"t":824,"n":0},"geometry":{"type":"LineString","coordinates":[[-71.84166,43.80454],[-71.8413,43.80472],[-71.8408,43.80457]]}},{"type":"Feature","properties":{"t":805,"n":0},"geometry":{"type":"LineString","coordinates":[[-71.83452,43.80286],[-71.83403,43.80295],[-71.83423,43.80312],[-71.83392,43.8034]]}},{"type":"Feature","properties":{"t":791,"n":0},"geometry":{"type":"LineString","coordinates":[[-71.84649,43.80534],[-71.84625,43.80547],[-71.84578,43.80515],[-71.84516,43.80529],[-71.84464,43.805]]}},{"type":"Feature","properties":{"t":836,"n":0},"geometry":{"type":"LineString","coordinates":[[-71.84495,43.80393],[-71.84441,43.80417]]}},{"type":"Feature","properties":{"t":496,"n":0},"geometry":{"type":"LineString","coordinates":[[-71.89728,43.86233],[-71.89571,43.86215],[-71.89075,43.86211],[-71.88665,43.86019],[-71.88496,43.8602],[-71.88379,43.85966],[-71.88295,43.8591],[-71.88142,43.85759],[-71.88101,43.85662],[-71.87795,43.85657]]}},{"type":"Feature","properties":{"t":662,"n":0},"geometry":{"type":"LineString","coordinates":[[-71.78929,43.88811],[-71.79028,43.88858],[-71.7911,43.88949],[-71.79353,43.89078],[-71.7938,43.89193],[-71.79348,43.89289],[-71.79304,43.89333]]}},{"type":"Feature","properties":{"t":559,"n":0},"geometry":{"type":"LineString","coordinates":[[-71.77608,43.88475],[-71.77544,43.88513],[-71.77536,43.8868],[-71.77419,43.88812],[-71.77414,43.88934],[-71.77369,43.8904],[-71.77402,43.89176],[-71.77471,43.8929],[-71.77419,43.89339],[-71.77222,43.89436]]}},{"type":"Feature","properties":{"t":559,"n":0},"geometry":{"type":"LineString","coordinates":[[-71.77214,43.89441],[-71.77148,43.89492]]}},{"type":"Feature","properties":{"t":559,"n":0},"geometry":{"type":"LineString","coordinates":[[-71.77222,43.89436],[-71.77214,43.89441]]}},{"type":"Feature","properties":{"t":469,"n":0},"geometry":{"type":"LineString","coordinates":[[-71.75207,43.85654],[-71.75131,43.85673],[-71.75038,43.85772],[-71.74991,43.85929],[-71.74927,43.86015],[-71.74911,43.86184],[-71.74922,43.86246],[-71.75015,43.86338],[-71.75171,43.86363],[-71.75282,43.86395],[-71.75296,43.86413],[-71.75217,43.86468],[-71.7511,43.86668],[-71.75057,43.86863],[-71.75116,43.86962],[-71.74975,43.87045],[-71.74994,43.87103],[-71.75097,43.87195]]}},{"type":"Feature","properties":{"t":588,"n":0},"geometry":{"type":"LineString","coordinates":[[-71.75869,43.89404],[-71.75937,43.89547],[-71.76075,43.8962],[-71.76145,43.89705],[-71.76274,43.89765],[-71.76352,43.89846],[-71.76508,43.89904],[-71.7672,43.90041],[-71.7679,43.90093],[-71.76825,43.9016]]}},{"type":"Feature","properties":{"t":673,"n":0},"geometry":{"type":"LineString","coordinates":[[-71.76861,43.87899],[-71.76969,43.87843],[-71.77022,43.87657],[-71.76858,43.87479],[-71.7691,43.87359]]}},{"type":"Feature","properties":{"t":739,"n":0},"geometry":{"type":"LineString","coordinates":[[-71.76217,43.89366],[-71.76259,43.89287],[-71.7625,43.89263],[-71.76141,43.89143],[-71.76051,43.89096]]}},{"type":"Feature","properties":{"t":598,"n":0},"geometry":{"type":"LineString","coordinates":[[-71.75926,43.89361],[-71.7603,43.89324],[-71.76217,43.89366],[-71.7644,43.89484],[-71.77148,43.89492]]}},{"type":"Feature","properties":{"t":837,"n":0},"geometry":{"type":"LineString","coordinates":[[-71.83464,43.80279],[-71.83457,43.80297],[-71.83488,43.80294]]}},{"type":"Feature","properties":{"t":817,"n":0},"geometry":{"type":"LineString","coordinates":[[-71.83992,43.80266],[-71.84032,43.80248],[-71.84013,43.80229],[-71.84056,43.80232]]}},{"type":"Feature","properties":{"t":821,"n":0},"geometry":{"type":"LineString","coordinates":[[-71.84035,43.80303],[-71.84084,43.8034],[-71.84065,43.80366]]}},{"type":"Feature","properties":{"t":841,"n":0},"geometry":{"type":"LineString","coordinates":[[-71.84029,43.80333],[-71.84024,43.80304]]}},{"type":"Feature","properties":{"t":780,"n":0},"geometry":{"type":"LineString","coordinates":[[-71.83456,43.80191],[-71.83427,43.80223],[-71.83444,43.80261],[-71.83507,43.80292],[-71.83591,43.80299]]}},{"type":"Feature","properties":{"t":792,"n":0},"geometry":{"type":"LineString","coordinates":[[-71.84043,43.80366],[-71.84133,43.80397],[-71.84252,43.80381]]}},{"type":"Feature","properties":{"t":806,"n":0},"geometry":{"type":"LineString","coordinates":[[-71.84252,43.80381],[-71.8429,43.80408],[-71.84289,43.80488]]}},{"type":"Feature","properties":{"t":818,"n":0},"geometry":{"type":"LineString","coordinates":[[-71.84255,43.80519],[-71.84161,43.80483],[-71.84166,43.80454]]}},{"type":"Feature","properties":{"t":522,"n":0},"geometry":{"type":"LineString","coordinates":[[-71.89911,43.99069],[-71.89956,43.99016]]}},{"type":"Feature","properties":{"t":522,"n":0},"geometry":{"type":"LineString","coordinates":[[-71.88728,43.99752],[-71.88804,43.9969],[-71.88878,43.99575],[-71.88936,43.99555]]}},{"type":"Feature","properties":{"t":522,"n":0},"geometry":{"type":"LineString","coordinates":[[-71.88936,43.99555],[-71.8895,43.99557]]}},{"type":"Feature","properties":{"t":701,"n":0},"geometry":{"type":"LineString","coordinates":[[-71.94643,43.93627],[-71.94365,43.93646],[-71.9425,43.93694],[-71.94097,43.93675],[-71.93954,43.93705]]}},{"type":"Feature","properties":{"t":118,"n":0},"geometry":{"type":"LineString","coordinates":[[-71.83267,43.96733],[-71.83249,43.96652]]}},{"type":"Feature","properties":{"t":118,"n":0},"geometry":{"type":"LineString","coordinates":[[-71.83269,43.96741],[-71.83267,43.96733]]}},{"type":"Feature","properties":{"t":807,"n":0},"geometry":{"type":"LineString","coordinates":[[-71.83249,43.96652],[-71.83316,43.96708],[-71.83397,43.96698]]}},{"type":"Feature","properties":{"t":118,"n":0},"geometry":{"type":"LineString","coordinates":[[-71.83386,43.98259],[-71.83395,43.98159],[-71.83358,43.98021],[-71.83248,43.97855],[-71.8305,43.97381],[-71.83169,43.97102],[-71.8314,43.97046],[-71.83251,43.96937],[-71.83222,43.96828],[-71.83269,43.96741]]}},{"type":"Feature","properties":{"t":118,"n":0},"geometry":{"type":"LineString","coordinates":[[-71.83386,43.98268],[-71.83386,43.98259]]}},{"type":"Feature","properties":{"t":118,"n":0},"geometry":{"type":"LineString","coordinates":[[-71.83476,43.98596],[-71.8342,43.98526],[-71.83364,43.98396],[-71.83386,43.98268]]}},{"type":"Feature","properties":{"t":276,"n":0},"geometry":{"type":"LineString","coordinates":[[-71.82215,43.95419],[-71.82223,43.95446],[-71.82316,43.95492],[-71.82346,43.95532],[-71.82313,43.9571],[-71.82342,43.95763],[-71.82231,43.95858],[-71.82246,43.95889]]}},{"type":"Feature","properties":{"t":276,"n":0},"geometry":{"type":"LineString","coordinates":[[-71.82218,43.95411],[-71.82215,43.95419]]}},{"type":"Feature","properties":{"t":276,"n":0},"geometry":{"type":"LineString","coordinates":[[-71.82237,43.95381],[-71.82218,43.95411]]}},{"type":"Feature","properties":{"t":276,"n":0},"geometry":{"type":"LineString","coordinates":[[-71.82243,43.95374],[-71.82237,43.95381]]}},{"type":"Feature","properties":{"t":276,"n":0},"geometry":{"type":"LineString","coordinates":[[-71.82147,43.8938],[-71.82323,43.89527],[-71.82384,43.89732],[-71.82375,43.89769],[-71.82284,43.89827],[-71.8229,43.89882],[-71.82257,43.89939],[-71.82197,43.89974]]}},{"type":"Feature","properties":{"t":276,"n":0},"geometry":{"type":"LineString","coordinates":[[-71.82145,43.89366],[-71.82147,43.8938]]}},{"type":"Feature","properties":{"t":276,"n":0},"geometry":{"type":"LineString","coordinates":[[-71.81237,43.88929],[-71.81362,43.88977],[-71.81589,43.8923],[-71.81706,43.89293],[-71.81904,43.89351],[-71.82071,43.89318],[-71.82145,43.89366]]}},{"type":"Feature","properties":{"t":276,"n":0},"geometry":{"type":"LineString","coordinates":[[-71.81227,43.88937],[-71.81237,43.88929]]}},{"type":"Feature","properties":{"t":634,"n":0},"geometry":{"type":"LineString","coordinates":[[-71.77537,43.883],[-71.77353,43.88397]]}},{"type":"Feature","properties":{"t":634,"n":0},"geometry":{"type":"LineString","coordinates":[[-71.77353,43.88397],[-71.77346,43.88405]]}},{"type":"Feature","properties":{"t":291,"n":0},"geometry":{"type":"LineString","coordinates":[[-71.79797,43.88572],[-71.79826,43.88724],[-71.79715,43.88872],[-71.79672,43.89009],[-71.79711,43.89129],[-71.79813,43.89172],[-71.79911,43.89247],[-71.79917,43.89338],[-71.7985,43.89408],[-71.79828,43.89546],[-71.79906,43.8961],[-71.79949,43.89702],[-71.79944,43.89756],[-71.8004,43.89835],[-71.80523,43.90029],[-71.80577,43.90094],[-71.80602,43.9026],[-71.80769,43.90372]]}},{"type":"Feature","properties":{"t":291,"n":0},"geometry":{"type":"LineString","coordinates":[[-71.80769,43.90372],[-71.80759,43.90383]]}},{"type":"Feature","properties":{"t":598,"n":0},"geometry":{"type":"LineString","coordinates":[[-71.75869,43.89404],[-71.75918,43.89368]]}},{"type":"Feature","properties":{"t":598,"n":0},"geometry":{"type":"LineString","coordinates":[[-71.75918,43.89368],[-71.75926,43.89361]]}},{"type":"Feature","properties":{"t":303,"n":0},"geometry":{"type":"LineString","coordinates":[[-71.4854,43.86158],[-71.48771,43.85933],[-71.49017,43.8579],[-71.49172,43.8574],[-71.49388,43.85754],[-71.49444,43.85725],[-71.49508,43.85677],[-71.49508,43.85608],[-71.4963,43.85441],[-71.49739,43.85377],[-71.49991,43.85335],[-71.50271,43.85351],[-71.50531,43.85185],[-71.50965,43.85072],[-71.51182,43.84964],[-71.51841,43.84833]]}},{"type":"Feature","properties":{"t":293,"n":0},"geometry":{"type":"LineString","coordinates":[[-71.55467,43.88829],[-71.55529,43.88833],[-71.55678,43.88895],[-71.55784,43.88999],[-71.55877,43.8903],[-71.55902,43.89075],[-71.56085,43.89166],[-71.56138,43.89267],[-71.56235,43.89334]]}},{"type":"Feature","properties":{"t":632,"n":0},"geometry":{"type":"LineString","coordinates":[[-71.72387,43.95329],[-71.72521,43.95153],[-71.72486,43.95144],[-71.72418,43.95159],[-71.72453,43.95058],[-71.7252,43.94995],[-71.72561,43.94843],[-71.72663,43.94748],[-71.72643,43.94737],[-71.72561,43.9476]]}},{"type":"Feature","properties":{"t":382,"n":0},"geometry":{"type":"LineString","coordinates":[[-71.61433,43.9655],[-71.61354,43.96688],[-71.61305,43.96729],[-71.61279,43.96824],[-71.61296,43.96925],[-71.61275,43.97005],[-71.61243,43.97065],[-71.61179,43.97118],[-71.61163,43.97206],[-71.6107,43.97286],[-71.61017,43.97434],[-71.60928,43.97591],[-71.60943,43.97729],[-71.6089,43.97857],[-71.60932,43.97927],[-71.60943,43.98073],[-71.61005,43.9819],[-71.61066,43.98394],[-71.60995,43.98676],[-71.60916,43.98807],[-71.60836,43.98883],[-71.61037,43.98906],[-71.61439,43.99063],[-71.61552,43.9914],[-71.61535,43.99201]]}},{"type":"Feature","properties":{"t":599,"n":0},"geometry":{"type":"LineString","coordinates":[[-71.58598,43.89932],[-71.58682,43.89897],[-71.58703,43.89868],[-71.58768,43.8968],[-71.58881,43.89641],[-71.59003,43.89571],[-71.59095,43.89583],[-71.59195,43.89554],[-71.59344,43.89556],[-71.59381,43.89519],[-71.59545,43.89478],[-71.59643,43.89499]]}},{"type":"Feature","properties":{"t":614,"n":0},"geometry":{"type":"LineString","coordinates":[[-71.72551,43.94859],[-71.72578,43.94868],[-71.72677,43.94826],[-71.72837,43.94835],[-71.72926,43.94811],[-71.7313,43.94884],[-71.73202,43.94839],[-71.73419,43.94924],[-71.73361,43.94956],[-71.73358,43.94997],[-71.73496,43.95016]]}},{"type":"Feature","properties":{"t":293,"n":0},"geometry":{"type":"LineString","coordinates":[[-71.56235,43.89334],[-71.56417,43.89444],[-71.56535,43.89489],[-71.56672,43.89513],[-71.56783,43.89564],[-71.56848,43.89557],[-71.56949,43.89514],[-71.57039,43.89394]]}},{"type":"Feature","properties":{"t":185,"n":1},"geometry":{"type":"LineString","coordinates":[[-71.54225,43.97825],[-71.54186,43.97848]]}},{"type":"Feature","properties":{"t":185,"n":0},"geometry":{"type":"LineString","coordinates":[[-71.54186,43.97848],[-71.54147,43.97871],[-71.5414,43.97904],[-71.54164,43.97994],[-71.543,43.98106],[-71.54385,43.98146]]}},{"type":"Feature","properties":{"t":536,"n":0},"geometry":{"type":"LineString","coordinates":[[-71.64088,43.98929],[-71.63964,43.99018],[-71.63865,43.99339],[-71.63888,43.99478],[-71.63856,43.9952]]}},{"type":"Feature","properties":{"t":412,"n":0},"geometry":{"type":"LineString","coordinates":[[-71.53187,43.92741],[-71.5282,43.92776],[-71.52719,43.92801],[-71.52635,43.92875],[-71.52427,43.93232],[-71.52326,43.93322],[-71.52228,43.93372],[-71.51964,43.93429],[-71.51743,43.93558],[-71.51655,43.93658],[-71.5161,43.9379],[-71.51533,43.93887],[-71.51512,43.93968],[-71.51528,43.94087],[-71.51328,43.94227],[-71.51305,43.94326],[-71.51427,43.94531],[-71.51413,43.94594]]}},{"type":"Feature","properties":{"t":732,"n":0},"geometry":{"type":"LineString","coordinates":[[-71.70333,43.93986],[-71.70229,43.9401],[-71.70159,43.94055],[-71.70126,43.94104],[-71.70127,43.94262]]}},{"type":"Feature","properties":{"t":656,"n":0},"geometry":{"type":"LineString","coordinates":[[-71.61172,43.9312],[-71.61041,43.93233],[-71.60905,43.93428],[-71.60882,43.93659],[-71.60832,43.93687],[-71.60775,43.93669]]}},{"type":"Feature","properties":{"t":127,"n":0},"geometry":{"type":"LineString","coordinates":[[-71.50699,44.01735],[-71.50756,44.01719],[-71.50813,44.01675],[-71.50904,44.01676],[-71.51023,44.01622],[-71.51081,44.0162],[-71.5109,44.01531],[-71.51161,44.01499],[-71.51164,44.01457],[-71.51208,44.014],[-71.51287,44.01404],[-71.51406,44.01315],[-71.51417,44.01259],[-71.51494,44.01214],[-71.51519,44.0113],[-71.51578,44.01129],[-71.51651,44.01054],[-71.51749,44.0109],[-71.51834,44.0105],[-71.5187,44.0105],[-71.51943,44.0094],[-71.51931,44.00882],[-71.51956,44.00763],[-71.52068,44.00602],[-71.52218,44.00538],[-71.52376,44.00512],[-71.52622,44.00515],[-71.52838,44.00555],[-71.53077,44.0057],[-71.53312,44.00487],[-71.53543,44.00228],[-71.53547,44.002]]}},{"type":"Feature","properties":{"t":127,"n":1},"geometry":{"type":"LineString","coordinates":[[-71.53547,44.002],[-71.53553,44.00159],[-71.53852,44.00131],[-71.53956,44.00089],[-71.53938,44.00042],[-71.54165,44.00017],[-71.54138,43.9999],[-71.54037,43.99972],[-71.54002,43.99944],[-71.53973,43.99875],[-71.5404,43.99898],[-71.54045,43.9988],[-71.53987,43.99743],[-71.54143,43.99847],[-71.5422,43.99831],[-71.54368,43.99842],[-71.5447,43.99788],[-71.54575,43.99779],[-71.54606,43.99735],[-71.54684,43.99684],[-71.54792,43.99663],[-71.54812,43.99553],[-71.54745,43.99588],[-71.54736,43.99574],[-71.54867,43.99386],[-71.54762,43.9927],[-71.54746,43.99306],[-71.54733,43.99292],[-71.54706,43.99085],[-71.54712,43.98882],[-71.54682,43.98845],[-71.54619,43.98855],[-71.54612,43.98827],[-71.54667,43.9878],[-71.54659,43.98734],[-71.54816,43.9869],[-71.55422,43.98683],[-71.55533,43.98633],[-71.55556,43.98598],[-71.55593,43.98593],[-71.55674,43.98488],[-71.55846,43.98412],[-71.55882,43.98375],[-71.55868,43.9835]]}},{"type":"Feature","properties":{"t":285,"n":0},"geometry":{"type":"LineString","coordinates":[[-71.49994,43.99415],[-71.49969,43.99452],[-71.49983,43.99555],[-71.50067,43.99742],[-71.50104,43.99719],[-71.50158,43.99929],[-71.502,44.00009],[-71.50197,44.00127],[-71.50276,44.00282],[-71.50387,44.00382],[-71.50368,44.00527],[-71.50485,44.0063],[-71.50509,44.00697],[-71.50565,44.00735],[-71.50626,44.00828],[-71.50649,44.01006],[-71.50712,44.01071],[-71.50716,44.01129],[-71.50753,44.01171],[-71.50687,44.01364],[-71.50652,44.01595],[-71.50661,44.017],[-71.50712,44.01771],[-71.50671,44.01833],[-71.50769,44.01911],[-71.50866,44.02086],[-71.51025,44.02216],[-71.51009,44.02276],[-71.51036,44.02318],[-71.51022,44.02348],[-71.51057,44.02391],[-71.51059,44.02464],[-71.5112,44.02544],[-71.51193,44.02579],[-71.51246,44.02644],[-71.51302,44.02673],[-71.5132,44.028],[-71.51457,44.02994],[-71.51565,44.03034],[-71.51595,44.03105],[-71.51653,44.03149]]}},{"type":"Feature","properties":{"t":526,"n":0},"geometry":{"type":"LineString","coordinates":[[-71.49905,43.97],[-71.49871,43.97144],[-71.4982,43.97245],[-71.49887,43.97319],[-71.49914,43.97394],[-71.49972,43.9743],[-71.50004,43.97506],[-71.5,43.97598],[-71.49884,43.97676],[-71.49769,43.97806],[-71.49764,43.97872],[-71.49844,43.97981],[-71.4983,43.98004],[-71.49734,43.98039],[-71.49707,43.98118],[-71.4966,43.98138],[-71.49604,43.98126],[-71.49599,43.98094]]}},{"type":"Feature","properties":{"t":287,"n":0},"geometry":{"type":"LineString","coordinates":[[-71.52681,43.96667],[-71.52822,43.96741],[-71.52892,43.96734],[-71.53202,43.96804],[-71.53247,43.9684],[-71.53228,43.96879],[-71.53265,43.96912],[-71.53347,43.969],[-71.53394,43.96915],[-71.53629,43.96909],[-71.53768,43.9685],[-71.53883,43.9676],[-71.54154,43.96747],[-71.54301,43.96653],[-71.54215,43.9663],[-71.54206,43.96575],[-71.54276,43.96564],[-71.54346,43.96523],[-71.54655,43.96311],[-71.54954,43.96229],[-71.55253,43.96288],[-71.55387,43.96372],[-71.55496,43.96371],[-71.55599,43.9634],[-71.55756,43.96358],[-71.5578,43.96387],[-71.55727,43.9648],[-71.55611,43.96553],[-71.55564,43.96606],[-71.55562,43.96669],[-71.55586,43.96697],[-71.55646,43.96676],[-71.55653,43.96655]]}},{"type":"Feature","properties":{"t":287,"n":0},"geometry":{"type":"LineString","coordinates":[[-71.55653,43.96655],[-71.56461,43.97225],[-71.56508,43.97227],[-71.56739,43.97163],[-71.56835,43.97097],[-71.56929,43.97092],[-71.57006,43.97163],[-71.571,43.97204],[-71.57227,43.97225],[-71.57243,43.97274],[-71.57384,43.97313],[-71.57589,43.97481],[-71.57636,43.975],[-71.57721,43.97503],[-71.57892,43.97579],[-71.5788,43.9771],[-71.57799,43.97773],[-71.57653,43.97828],[-71.57618,43.97899],[-71.57688,43.98067],[-71.57866,43.9828],[-71.57894,43.98346],[-71.57867,43.98507],[-71.57927,43.98758],[-71.57846,43.98898],[-71.57865,43.98942],[-71.57929,43.98986],[-71.57949,43.99042],[-71.57852,43.99143]]}},{"type":"Feature","properties":{"t":624,"n":0},"geometry":{"type":"LineString","coordinates":[[-71.55653,43.96655],[-71.5568,43.96621],[-71.55739,43.96624],[-71.55727,43.9648]]}},{"type":"Feature","properties":{"t":624,"n":0},"geometry":{"type":"LineString","coordinates":[[-71.55775,43.96394],[-71.55832,43.96373],[-71.55815,43.96267],[-71.55787,43.96258],[-71.55718,43.96112],[-71.5563,43.96069],[-71.55596,43.95978],[-71.55603,43.95917],[-71.55574,43.95891]]}},{"type":"Feature","properties":{"t":293,"n":0},"geometry":{"type":"LineString","coordinates":[[-71.55467,43.88829],[-71.55285,43.88743],[-71.5511,43.88776]]}},{"type":"Feature","properties":{"t":320,"n":0},"geometry":{"type":"LineString","coordinates":[[-71.51099,43.93825],[-71.51107,43.93777],[-71.5117,43.93726],[-71.51078,43.93549],[-71.51162,43.93492],[-71.51182,43.93375],[-71.51044,43.93271],[-71.50913,43.9312],[-71.50734,43.93012],[-71.50678,43.92999],[-71.50603,43.9293],[-71.50501,43.92796],[-71.5037,43.92694],[-71.50335,43.92625],[-71.50237,43.92545],[-71.50198,43.92386],[-71.50127,43.9242],[-71.50063,43.92334],[-71.50127,43.92224],[-71.50106,43.92206],[-71.50124,43.92168],[-71.50194,43.92124],[-71.50171,43.92027],[-71.50184,43.91925],[-71.50218,43.91873],[-71.50309,43.91829],[-71.50308,43.91705],[-71.50429,43.91635],[-71.50456,43.91645],[-71.50498,43.91631],[-71.50558,43.91561],[-71.50646,43.91541],[-71.50664,43.91504],[-71.50784,43.9143],[-71.50885,43.91314],[-71.50831,43.91186],[-71.5083,43.91099],[-71.50864,43.91029],[-71.50825,43.90989],[-71.50791,43.9086],[-71.50737,43.90807],[-71.50717,43.90742],[-71.50516,43.90597],[-71.50483,43.9055],[-71.50401,43.90506],[-71.50292,43.90376],[-71.50287,43.90334],[-71.50201,43.90244],[-71.50186,43.90193],[-71.50106,43.90179],[-71.50059,43.90119],[-71.50016,43.90109],[-71.49994,43.90068],[-71.49906,43.90018],[-71.49855,43.90011],[-71.4981,43.9004]]}},{"type":"Feature","properties":{"t":302,"n":0},"geometry":{"type":"LineString","coordinates":[[-71.53499,43.8619],[-71.53518,43.86291],[-71.53496,43.86373],[-71.53463,43.86409],[-71.53302,43.86461],[-71.53262,43.86588],[-71.53272,43.86716],[-71.53345,43.86802],[-71.53337,43.86836],[-71.53183,43.86934],[-71.53175,43.87026],[-71.53083,43.87174],[-71.52968,43.8724],[-71.52905,43.87329],[-71.52914,43.87367],[-71.52978,43.87391],[-71.53002,43.8742],[-71.53021,43.87511],[-71.52975,43.87578],[-71.52974,43.8768],[-71.52883,43.87826],[-71.52904,43.87965],[-71.5288,43.88009],[-71.52905,43.88064],[-71.52862,43.88169],[-71.5286,43.88268],[-71.52923,43.88355],[-71.52844,43.88532],[-71.52774,43.88582],[-71.52673,43.88621],[-71.52553,43.88634],[-71.52501,43.88623],[-71.52435,43.88664],[-71.5241,43.88657],[-71.5233,43.88695],[-71.52237,43.88643],[-71.52179,43.8866],[-71.52157,43.8869],[-71.52102,43.8869],[-71.51995,43.88653],[-71.5189,43.88662],[-71.51836,43.88634],[-71.51767,43.88661],[-71.51709,43.88641],[-71.51617,43.88737],[-71.51527,43.88768],[-71.51469,43.88822],[-71.51341,43.88866],[-71.51291,43.88931],[-71.51205,43.88978],[-71.5114,43.89067],[-71.51061,43.89341],[-71.50874,43.89487],[-71.50687,43.8956],[-71.50622,43.89616],[-71.50487,43.89676],[-71.50386,43.89681],[-71.50318,43.89706],[-71.50264,43.89689],[-71.50216,43.8971],[-71.50075,43.89857],[-71.50063,43.89912],[-71.4995,43.89958],[-71.49884,43.90012]]}},{"type":"Feature","properties":{"t":358,"n":0},"geometry":{"type":"LineString","coordinates":[[-71.504,43.93594],[-71.50247,43.93487],[-71.5016,43.93447],[-71.50003,43.93415],[-71.49919,43.93343],[-71.49803,43.93295],[-71.49677,43.93153],[-71.49463,43.93043],[-71.49398,43.92966],[-71.49341,43.9285],[-71.49344,43.92668],[-71.49264,43.92535],[-71.49246,43.92443],[-71.49315,43.9237],[-71.49265,43.92325],[-71.49282,43.92238],[-71.4923,43.92072],[-71.49236,43.91955],[-71.4928,43.91863],[-71.49351,43.91813],[-71.49474,43.91771],[-71.4957,43.91693],[-71.49849,43.9157],[-71.5017,43.91468],[-71.50339,43.91313],[-71.50363,43.91314],[-71.50412,43.91365],[-71.50495,43.91205],[-71.50525,43.9121],[-71.50548,43.91272],[-71.50601,43.91327],[-71.50618,43.91222],[-71.50722,43.91222],[-71.50831,43.91186]]}},{"type":"Feature","properties":{"t":769,"n":0},"geometry":{"type":"LineString","coordinates":[[-71.50867,43.91039],[-71.50898,43.91053],[-71.50924,43.91105],[-71.51018,43.91151],[-71.51046,43.91147],[-71.51066,43.91089]]}},{"type":"Feature","properties":{"t":843,"n":0},"geometry":{"type":"LineString","coordinates":[[-71.57206,43.89222],[-71.57182,43.89212]]}},{"type":"Feature","properties":{"t":7,"n":3},"geometry":{"type":"LineString","coordinates":[[-71.58853,43.90471],[-71.58935,43.90567],[-71.58838,43.90654],[-71.58814,43.9077],[-71.58854,43.90886],[-71.58838,43.90915],[-71.58873,43.91042],[-71.58855,43.91121],[-71.58881,43.91273],[-71.58942,43.91431],[-71.58926,43.9167],[-71.58819,43.91722],[-71.58793,43.91768],[-71.58746,43.91749],[-71.58691,43.918],[-71.58644,43.91851],[-71.58658,43.9187],[-71.58591,43.9192],[-71.58547,43.92025],[-71.58481,43.92095]]}},{"type":"Feature","properties":{"t":7,"n":2},"geometry":{"type":"LineString","coordinates":[[-71.58481,43.92095],[-71.58472,43.9211]]}},{"type":"Feature","properties":{"t":7,"n":3},"geometry":{"type":"LineString","coordinates":[[-71.58472,43.9211],[-71.58474,43.92146],[-71.58305,43.92234],[-71.58272,43.92225],[-71.58162,43.92257],[-71.58054,43.92246],[-71.58076,43.92293],[-71.58025,43.92359],[-71.57959,43.92348],[-71.57928,43.92316],[-71.57866,43.92306],[-71.57864,43.9229],[-71.57761,43.92256],[-71.57756,43.92212],[-71.57696,43.92227],[-71.57701,43.92116],[-71.57579,43.91949],[-71.576,43.91837],[-71.5755,43.91741],[-71.57586,43.91694],[-71.57556,43.91653],[-71.5757,43.91634],[-71.57617,43.91633],[-71.57623,43.91612],[-71.57596,43.91605],[-71.57552,43.91487],[-71.57569,43.9146],[-71.57552,43.91409],[-71.57608,43.91365],[-71.57599,43.91305],[-71.57678,43.91171],[-71.57754,43.91236],[-71.57941,43.91255],[-71.58007,43.91289],[-71.58051,43.91321],[-71.58109,43.91435],[-71.58183,43.91498]]}},{"type":"Feature","properties":{"t":7,"n":2},"geometry":{"type":"LineString","coordinates":[[-71.58183,43.91498],[-71.58219,43.91514]]}},{"type":"Feature","properties":{"t":7,"n":3},"geometry":{"type":"LineString","coordinates":[[-71.58219,43.91514],[-71.58249,43.91504],[-71.58245,43.91481],[-71.5828,43.91474],[-71.58389,43.91347],[-71.58439,43.9117],[-71.58527,43.91082],[-71.58566,43.9098],[-71.58604,43.90945],[-71.58627,43.90675],[-71.58649,43.9063],[-71.58747,43.90577],[-71.58807,43.90493],[-71.58853,43.90463]]}},{"type":"Feature","properties":{"t":345,"n":0},"geometry":{"type":"LineString","coordinates":[[-71.73484,43.95015],[-71.73465,43.95027],[-71.73479,43.95063],[-71.73572,43.95122],[-71.73744,43.95071],[-71.73842,43.95084],[-71.73892,43.95115],[-71.7391,43.95155],[-71.73867,43.95201],[-71.73919,43.95328],[-71.7399,43.95382],[-71.7406,43.95359],[-71.74092,43.95369],[-71.74215,43.95516],[-71.74206,43.9556],[-71.74101,43.95663],[-71.7409,43.95701],[-71.73985,43.9577],[-71.73974,43.95797],[-71.73892,43.95784],[-71.73804,43.9583],[-71.73658,43.95761],[-71.73574,43.95753],[-71.73479,43.95778],[-71.73404,43.95853],[-71.73338,43.95853],[-71.73286,43.9582],[-71.73215,43.95815],[-71.72961,43.95923],[-71.72929,43.95959],[-71.72781,43.95981],[-71.72743,43.95953],[-71.72615,43.96033],[-71.72506,43.96033],[-71.72347,43.96164],[-71.72095,43.96142],[-71.72045,43.96156],[-71.72011,43.96133],[-71.72018,43.9608],[-71.71968,43.96],[-71.71895,43.95976],[-71.71829,43.95925],[-71.71934,43.95848],[-71.71959,43.95748],[-71.71957,43.95714],[-71.71825,43.95585],[-71.71832,43.95518],[-71.71941,43.95426],[-71.72109,43.95346],[-71.72173,43.95295],[-71.72247,43.95294],[-71.72284,43.95259],[-71.72387,43.95329]]}},{"type":"Feature","properties":{"t":235,"n":3},"geometry":{"type":"LineString","coordinates":[[-71.58935,43.90567],[-71.58968,43.90589]]}},{"type":"Feature","properties":{"t":235,"n":0},"geometry":{"type":"LineString","coordinates":[[-71.58968,43.90589],[-71.59102,43.90687],[-71.59282,43.90965],[-71.59417,43.91086],[-71.59448,43.91172],[-71.59549,43.91288],[-71.59611,43.9143],[-71.59635,43.9157],[-71.59735,43.91731],[-71.59734,43.91763],[-71.59831,43.91832],[-71.59854,43.91896],[-71.59906,43.91947],[-71.59994,43.92005],[-71.60008,43.92076],[-71.5999,43.92172],[-71.5995,43.9222],[-71.59812,43.92286],[-71.59765,43.9233],[-71.59767,43.92397],[-71.59732,43.92455],[-71.59762,43.92484]]}},{"type":"Feature","properties":{"t":825,"n":0},"geometry":{"type":"LineString","coordinates":[[-71.59863,43.92661],[-71.59928,43.92614]]}},{"type":"Feature","properties":{"t":420,"n":0},"geometry":{"type":"LineString","coordinates":[[-71.60798,43.92747],[-71.60734,43.93002],[-71.60723,43.93144],[-71.60744,43.93383],[-71.60792,43.93507],[-71.60775,43.93669],[-71.6073,43.93701],[-71.60635,43.93698],[-71.60531,43.93751],[-71.60655,43.93908],[-71.60688,43.94039],[-71.60673,43.94171],[-71.60694,43.94304]]}},{"type":"Feature","properties":{"t":376,"n":0},"geometry":{"type":"LineString","coordinates":[[-71.63797,43.99503],[-71.63732,43.99592],[-71.63771,43.99768],[-71.63823,43.99878],[-71.63922,43.9997],[-71.63978,44.00133],[-71.63863,44.00349],[-71.6386,44.00481],[-71.638,44.0059],[-71.63702,44.00669],[-71.63632,44.00825],[-71.63599,44.00978],[-71.63523,44.01051],[-71.63569,44.01216],[-71.63555,44.01361],[-71.63507,44.01409],[-71.63471,44.01418],[-71.62935,44.01458],[-71.62635,44.01554],[-71.62326,44.01754],[-71.62234,44.01847],[-71.62164,44.01971]]}},{"type":"Feature","properties":{"t":352,"n":0},"geometry":{"type":"LineString","coordinates":[[-71.68924,43.98161],[-71.68989,43.98121],[-71.69233,43.98067],[-71.69708,43.98072],[-71.69809,43.9804],[-71.69865,43.98008],[-71.69857,43.97959],[-71.69909,43.97844],[-71.70209,43.97734],[-71.70421,43.97694],[-71.70591,43.9763],[-71.70897,43.97587],[-71.71015,43.97606],[-71.71144,43.97538],[-71.71408,43.97531],[-71.71517,43.97559],[-71.71634,43.97552],[-71.71976,43.9748],[-71.72317,43.97524],[-71.72539,43.97575],[-71.7282,43.97676],[-71.73049,43.97706],[-71.73304,43.97958]]}},{"type":"Feature","properties":{"t":42,"n":1},"geometry":{"type":"LineString","coordinates":[[-71.50141,43.82881],[-71.50191,43.82825],[-71.50207,43.82763],[-71.50218,43.82656],[-71.50199,43.82603],[-71.50299,43.82636],[-71.50383,43.82618],[-71.50461,43.82639],[-71.50514,43.82573],[-71.51031,43.82377],[-71.51174,43.82344],[-71.51203,43.82347],[-71.51237,43.82394],[-71.51275,43.82396],[-71.51493,43.82251],[-71.51581,43.82276],[-71.51638,43.8226],[-71.51667,43.82213],[-71.51661,43.82103],[-71.51707,43.8206],[-71.51773,43.82051],[-71.51828,43.81982],[-71.52026,43.81855],[-71.52025,43.8179],[-71.52107,43.81654],[-71.52216,43.81552],[-71.52273,43.8153]]}},{"type":"Feature","properties":{"t":295,"n":0},"geometry":{"type":"LineString","coordinates":[[-71.5298,44.03549],[-71.53547,44.03561],[-71.53688,44.03533],[-71.5383,44.03464],[-71.53873,44.03385],[-71.53865,44.03277],[-71.53671,44.03014],[-71.53636,44.02921],[-71.53638,44.02808],[-71.53698,44.02721],[-71.53958,44.02579],[-71.54124,44.02557],[-71.54239,44.02513],[-71.54435,44.02495],[-71.54744,44.02411],[-71.54883,44.02231],[-71.55051,44.02143],[-71.55106,44.02144],[-71.55247,44.0222],[-71.55361,44.02191],[-71.5544,44.02145],[-71.55771,44.01869],[-71.55889,44.01804],[-71.55941,44.01754],[-71.55866,44.01663],[-71.55868,44.01579],[-71.55796,44.01445],[-71.55855,44.01356],[-71.55908,44.01317],[-71.56162,44.01312],[-71.56275,44.01281],[-71.56382,44.01226],[-71.56642,44.01031],[-71.56708,44.00937],[-71.56717,44.00873],[-71.56684,44.00745],[-71.5673,44.00622],[-71.56904,44.00503],[-71.57148,44.00494],[-71.57496,44.00314],[-71.57497,44.00255],[-71.5744,44.00213],[-71.57419,44.00147],[-71.57582,44.00005],[-71.57792,43.99899],[-71.57857,43.99765],[-71.57923,43.99728]]}},{"type":"Feature","properties":{"t":428,"n":0},"geometry":{"type":"LineString","coordinates":[[-71.57923,43.99728],[-71.58018,43.99872],[-71.58174,44.00006],[-71.58343,44.00225],[-71.586,44.0045],[-71.58707,44.0059],[-71.58715,44.0064],[-71.58826,44.00745]]}},{"type":"Feature","properties":{"t":541,"n":0},"geometry":{"type":"LineString","coordinates":[[-71.65657,43.98977],[-71.65612,43.98937],[-71.65459,43.98918],[-71.65257,43.98953],[-71.64947,43.98972],[-71.64718,43.98896],[-71.64498,43.98866],[-71.64458,43.98872],[-71.64329,43.98964],[-71.64173,43.98992],[-71.64096,43.99024],[-71.64051,43.98988],[-71.64007,43.98981]]}},{"type":"Feature","properties":{"t":312,"n":0},"geometry":{"type":"LineString","coordinates":[[-71.70392,43.93964],[-71.70535,43.93955],[-71.70825,43.93989],[-71.71073,43.93935],[-71.71224,43.9399],[-71.71297,43.94065],[-71.71449,43.94145],[-71.71859,43.94145],[-71.71964,43.9412],[-71.72181,43.93848],[-71.72284,43.93773],[-71.72492,43.93678],[-71.72498,43.93618],[-71.72571,43.93562],[-71.72709,43.93569],[-71.72962,43.93626],[-71.73123,43.93711],[-71.73166,43.93841]]}},{"type":"Feature","properties":{"t":530,"n":0},"geometry":{"type":"LineString","coordinates":[[-71.70808,43.90614],[-71.70868,43.90641],[-71.70966,43.90767],[-71.70993,43.90842],[-71.71134,43.90995],[-71.71156,43.91047],[-71.71143,43.91113],[-71.71163,43.91154],[-71.71165,43.913],[-71.71321,43.9141],[-71.71368,43.91414],[-71.71457,43.91383],[-71.71538,43.91397],[-71.71579,43.91543],[-71.71371,43.91623]]}},{"type":"Feature","properties":{"t":341,"n":0},"geometry":{"type":"LineString","coordinates":[[-71.69136,43.99133],[-71.69323,43.9923],[-71.69396,43.99316],[-71.69398,43.99408],[-71.69469,43.99587],[-71.69665,43.99756],[-71.69838,43.99812],[-71.69999,43.99809],[-71.70158,43.99767],[-71.70516,43.99769],[-71.7079,43.9986],[-71.71052,43.99863],[-71.71163,43.99885],[-71.7147,43.9999],[-71.71573,44.00089],[-71.71807,44.00178],[-71.71975,44.00145],[-71.7205,44.00172],[-71.72456,44.0022]]}},{"type":"Feature","properties":{"t":828,"n":0},"geometry":{"type":"LineString","coordinates":[[-71.51122,43.94404],[-71.51211,43.94391]]}},{"type":"Feature","properties":{"t":262,"n":1},"geometry":{"type":"LineString","coordinates":[[-71.51388,43.96557],[-71.51351,43.96561]]}},{"type":"Feature","properties":{"t":262,"n":0},"geometry":{"type":"LineString","coordinates":[[-71.51351,43.96561],[-71.51283,43.96583],[-71.51242,43.96635],[-71.51218,43.96846],[-71.51115,43.96917],[-71.51027,43.96927]]}},{"type":"Feature","properties":{"t":262,"n":0},"geometry":{"type":"LineString","coordinates":[[-71.50784,43.96913],[-71.50766,43.96907]]}},{"type":"Feature","properties":{"t":440,"n":0},"geometry":{"type":"LineString","coordinates":[[-71.49023,43.96573],[-71.49241,43.96502],[-71.49347,43.96485],[-71.49746,43.96495],[-71.49981,43.96536],[-71.50122,43.96518],[-71.50178,43.96488],[-71.50248,43.96411],[-71.50502,43.96277],[-71.50681,43.96255],[-71.50763,43.96215],[-71.50859,43.962],[-71.5093,43.96079],[-71.50916,43.9605]]}},{"type":"Feature","properties":{"t":295,"n":0},"geometry":{"type":"LineString","coordinates":[[-71.57923,43.99728],[-71.58034,43.99686],[-71.58217,43.99533],[-71.58253,43.99481],[-71.58334,43.9946]]}},{"type":"Feature","properties":{"t":603,"n":0},"geometry":{"type":"LineString","coordinates":[[-71.70496,43.87981],[-71.706,43.88086],[-71.70806,43.88162],[-71.71019,43.8821],[-71.71198,43.88207],[-71.71276,43.88225],[-71.71549,43.8813],[-71.71699,43.88135]]}},{"type":"Feature","properties":{"t":262,"n":0},"geometry":{"type":"LineString","coordinates":[[-71.50766,43.96907],[-71.50701,43.96887],[-71.50509,43.96901],[-71.50244,43.97006],[-71.49918,43.97003],[-71.49775,43.96922],[-71.49694,43.96969],[-71.4964,43.97113],[-71.49496,43.97186],[-71.49438,43.9718],[-71.49371,43.97128],[-71.49255,43.97115],[-71.49173,43.97155],[-71.49042,43.97153],[-71.48959,43.97191],[-71.48858,43.97165],[-71.48715,43.96966],[-71.48666,43.96965],[-71.48585,43.96997],[-71.48462,43.96976],[-71.48298,43.96915],[-71.48071,43.96784],[-71.47877,43.96716],[-71.47741,43.96749],[-71.47662,43.9681],[-71.47555,43.96852],[-71.47392,43.96839],[-71.47355,43.96861],[-71.47354,43.96915]]}},{"type":"Feature","properties":{"t":562,"n":0},"geometry":{"type":"LineString","coordinates":[[-71.5012,43.99112],[-71.50205,43.99226],[-71.50245,43.99239],[-71.50193,43.992],[-71.50192,43.9915],[-71.5021,43.99126],[-71.50252,43.99126],[-71.50281,43.99165],[-71.50417,43.99237],[-71.50528,43.99339],[-71.50527,43.99405],[-71.50614,43.99433],[-71.50682,43.99408],[-71.50745,43.99481],[-71.5086,43.99559],[-71.51028,43.99636]]}},{"type":"Feature","properties":{"t":608,"n":0},"geometry":{"type":"LineString","coordinates":[[-71.50238,43.98072],[-71.50255,43.98245],[-71.50287,43.98306],[-71.50394,43.98384],[-71.50502,43.98365],[-71.50546,43.98396],[-71.50597,43.9848],[-71.50589,43.98536],[-71.50629,43.98575],[-71.50751,43.98608],[-71.50929,43.98732]]}},{"type":"Feature","properties":{"t":479,"n":0},"geometry":{"type":"LineString","coordinates":[[-71.53792,43.84151],[-71.53854,43.84316],[-71.53776,43.84393],[-71.53828,43.84444],[-71.53833,43.84513],[-71.53921,43.84715],[-71.53902,43.84802],[-71.53948,43.84886],[-71.53941,43.85005],[-71.54028,43.85037],[-71.54094,43.85091],[-71.54253,43.85106],[-71.54411,43.85237],[-71.54446,43.85352],[-71.54444,43.85403],[-71.54366,43.85459],[-71.54314,43.85534],[-71.54163,43.85559]]}},{"type":"Feature","properties":{"t":459,"n":0},"geometry":{"type":"LineString","coordinates":[[-71.52127,43.84747],[-71.51946,43.84828],[-71.5173,43.85012],[-71.51701,43.85112],[-71.51721,43.85213],[-71.51695,43.85272],[-71.51626,43.85367],[-71.51427,43.85559],[-71.51526,43.85642],[-71.51499,43.85834],[-71.51557,43.86005],[-71.51521,43.86092],[-71.51463,43.86154],[-71.51409,43.86303],[-71.51095,43.86485]]}},{"type":"Feature","properties":{"t":338,"n":0},"geometry":{"type":"LineString","coordinates":[[-71.4948,43.85698],[-71.49427,43.85823],[-71.49465,43.85899],[-71.49532,43.85923],[-71.49547,43.8604],[-71.49611,43.86041],[-71.49644,43.86078],[-71.49727,43.86098],[-71.49857,43.86095],[-71.49898,43.86141],[-71.49984,43.86181],[-71.50006,43.86224],[-71.5004,43.86339],[-71.50014,43.86448],[-71.50042,43.86492],[-71.50108,43.86519],[-71.50135,43.86574],[-71.50095,43.86673],[-71.50096,43.86735],[-71.50259,43.86908],[-71.50194,43.87032],[-71.50408,43.87256],[-71.50432,43.87346],[-71.50377,43.87439],[-71.5045,43.87537],[-71.50514,43.87582],[-71.50513,43.87662],[-71.50448,43.87704],[-71.50436,43.87753],[-71.50512,43.87818],[-71.50484,43.87861],[-71.5051,43.87912],[-71.5049,43.87936],[-71.50532,43.87944],[-71.50539,43.8798],[-71.50622,43.88033],[-71.50667,43.88031],[-71.50698,43.87997],[-71.50875,43.8801],[-71.50899,43.87989],[-71.50954,43.87991],[-71.51085,43.88083],[-71.51179,43.88097],[-71.51179,43.88133],[-71.5121,43.88162],[-71.51176,43.88191],[-71.51185,43.88236],[-71.51281,43.88283],[-71.51524,43.88284],[-71.51534,43.88302],[-71.51486,43.88344],[-71.51552,43.88401],[-71.51621,43.88434],[-71.51666,43.88424],[-71.51723,43.88439],[-71.51741,43.88462],[-71.51786,43.88453],[-71.51861,43.88499],[-71.51836,43.88634]]}},{"type":"Feature","properties":{"t":590,"n":0},"geometry":{"type":"LineString","coordinates":[[-71.49739,43.85377],[-71.49735,43.85341],[-71.49778,43.85325],[-71.498,43.85287],[-71.49772,43.85262],[-71.49848,43.85221],[-71.49914,43.85225],[-71.49966,43.85258],[-71.49982,43.85296],[-71.50025,43.85269],[-71.50079,43.8528],[-71.50152,43.85255],[-71.50211,43.85276],[-71.50349,43.85186],[-71.50427,43.85162],[-71.50481,43.85165],[-71.50763,43.85097],[-71.50838,43.85103]]}},{"type":"Feature","properties":{"t":179,"n":0},"geometry":{"type":"LineString","coordinates":[[-71.50512,43.87818],[-71.50613,43.87871]]}},{"type":"Feature","properties":{"t":293,"n":0},"geometry":{"type":"LineString","coordinates":[[-71.57455,43.89184],[-71.57451,43.89131],[-71.57391,43.89135],[-71.57122,43.89376],[-71.57039,43.89394]]}},{"type":"Feature","properties":{"t":663,"n":0},"geometry":{"type":"LineString","coordinates":[[-71.57039,43.89394],[-71.57162,43.89238],[-71.57234,43.89209],[-71.57385,43.89082],[-71.57507,43.89034]]}},{"type":"Feature","properties":{"t":721,"n":0},"geometry":{"type":"LineString","coordinates":[[-71.58113,43.88329],[-71.58077,43.88347],[-71.58025,43.88477],[-71.57968,43.88544],[-71.57793,43.88616]]}},{"type":"Feature","properties":{"t":826,"n":0},"geometry":{"type":"LineString","coordinates":[[-71.58279,43.88338],[-71.58191,43.883]]}},{"type":"Feature","properties":{"t":350,"n":0},"geometry":{"type":"LineString","coordinates":[[-71.49715,43.95951],[-71.49924,43.95913],[-71.50162,43.95898],[-71.50385,43.96027]]}},{"type":"Feature","properties":{"t":716,"n":0},"geometry":{"type":"LineString","coordinates":[[-71.49864,43.96193],[-71.49842,43.96237],[-71.49889,43.96295],[-71.50234,43.96425]]}},{"type":"Feature","properties":{"t":544,"n":0},"geometry":{"type":"LineString","coordinates":[[-71.60837,43.99577],[-71.60793,43.99557],[-71.60733,43.99575],[-71.60522,43.99563],[-71.60368,43.99598],[-71.60137,43.99712],[-71.59744,43.9964],[-71.59538,43.99582],[-71.59441,43.99577],[-71.5917,43.99508]]}},{"type":"Feature","properties":{"t":507,"n":0},"geometry":{"type":"LineString","coordinates":[[-71.50305,43.93593],[-71.50147,43.93535],[-71.5003,43.93517],[-71.49939,43.93474],[-71.49881,43.9342],[-71.49675,43.93307],[-71.49615,43.93224],[-71.49384,43.93086],[-71.49272,43.92954],[-71.48886,43.92936],[-71.48726,43.92911],[-71.48598,43.92777]]}},{"type":"Feature","properties":{"t":477,"n":0},"geometry":{"type":"LineString","coordinates":[[-71.72879,43.86345],[-71.72937,43.86382],[-71.73029,43.86495],[-71.73131,43.8653],[-71.73362,43.86559],[-71.74031,43.86314],[-71.74098,43.86153],[-71.74183,43.86144],[-71.74258,43.86114],[-71.74417,43.86217],[-71.74518,43.86208],[-71.74614,43.86158],[-71.7473,43.86169],[-71.74918,43.8613]]}},{"type":"Feature","properties":{"t":537,"n":0},"geometry":{"type":"LineString","coordinates":[[-71.70808,43.90614],[-71.70657,43.90581],[-71.70598,43.90494],[-71.70463,43.90437],[-71.70372,43.90425],[-71.70299,43.90372],[-71.70311,43.9031],[-71.70293,43.90277],[-71.70165,43.9021],[-71.70032,43.90232],[-71.69978,43.90277],[-71.69924,43.90426],[-71.6982,43.90591],[-71.69811,43.90688],[-71.69781,43.90711],[-71.69707,43.90725]]}},{"type":"Feature","properties":{"t":439,"n":0},"geometry":{"type":"LineString","coordinates":[[-71.71545,43.89962],[-71.71346,43.90021],[-71.7136,43.90138],[-71.71331,43.90222],[-71.71189,43.90303],[-71.71125,43.90315],[-71.70855,43.90301],[-71.70482,43.90335],[-71.70121,43.90089],[-71.7002,43.90074],[-71.69938,43.90132],[-71.69731,43.90182],[-71.69542,43.9015],[-71.6945,43.90102],[-71.68973,43.89991]]}},{"type":"Feature","properties":{"t":756,"n":0},"geometry":{"type":"LineString","coordinates":[[-71.64159,43.9885],[-71.63992,43.98836],[-71.63795,43.98771]]}},{"type":"Feature","properties":{"t":485,"n":0},"geometry":{"type":"LineString","coordinates":[[-71.63795,43.98771],[-71.63177,43.98857],[-71.62888,43.98996],[-71.62801,43.99084],[-71.62573,43.99149],[-71.62472,43.99203],[-71.62305,43.99201],[-71.62034,43.99134],[-71.61897,43.99145],[-71.61725,43.9913],[-71.61548,43.99166]]}},{"type":"Feature","properties":{"t":536,"n":0},"geometry":{"type":"LineString","coordinates":[[-71.64555,43.98252],[-71.643,43.98538],[-71.64131,43.98905]]}},{"type":"Feature","properties":{"t":678,"n":0},"geometry":{"type":"LineString","coordinates":[[-71.65317,43.96581],[-71.65366,43.96245],[-71.65349,43.96157],[-71.65424,43.96005],[-71.65409,43.9599]]}},{"type":"Feature","properties":{"t":434,"n":0},"geometry":{"type":"LineString","coordinates":[[-71.63856,43.9952],[-71.63735,43.996],[-71.63326,43.99704],[-71.63126,43.99876],[-71.62773,43.99927],[-71.62613,43.99932],[-71.62356,44.0001],[-71.6229,44.00004],[-71.61913,43.99689],[-71.6181,43.99651],[-71.61749,43.99649],[-71.61605,43.99697],[-71.61397,43.99724],[-71.61224,43.99779],[-71.61153,43.99839],[-71.61114,43.99838]]}},{"type":"Feature","properties":{"t":776,"n":0},"geometry":{"type":"LineString","coordinates":[[-71.62046,43.99659],[-71.62047,43.997],[-71.62126,43.99784],[-71.62131,43.99856]]}},{"type":"Feature","properties":{"t":781,"n":0},"geometry":{"type":"LineString","coordinates":[[-71.59502,43.99839],[-71.59453,43.99883],[-71.59487,43.99898],[-71.59598,43.99899],[-71.59619,43.99926]]}},{"type":"Feature","properties":{"t":777,"n":0},"geometry":{"type":"LineString","coordinates":[[-71.59051,43.99676],[-71.59012,43.99747],[-71.58927,43.99764],[-71.58857,43.99816]]}},{"type":"Feature","properties":{"t":635,"n":0},"geometry":{"type":"LineString","coordinates":[[-71.65671,43.94549],[-71.6547,43.9453],[-71.65312,43.94577],[-71.65113,43.94607],[-71.65116,43.94683],[-71.65068,43.94791],[-71.65096,43.94947],[-71.65047,43.94995]]}},{"type":"Feature","properties":{"t":418,"n":0},"geometry":{"type":"LineString","coordinates":[[-71.64766,43.94657],[-71.64793,43.94571],[-71.65083,43.94299],[-71.65139,43.94293],[-71.65203,43.9425],[-71.65221,43.94202],[-71.65203,43.94144],[-71.65247,43.93982],[-71.65244,43.93922],[-71.65219,43.93894],[-71.65254,43.93735],[-71.65385,43.93603],[-71.65501,43.93583],[-71.65703,43.93606],[-71.65829,43.93589],[-71.66041,43.93487],[-71.66069,43.93495],[-71.66065,43.93533],[-71.66102,43.93565],[-71.66205,43.9356],[-71.66293,43.93578],[-71.6648,43.9351],[-71.6664,43.93496],[-71.66752,43.93514],[-71.66794,43.93547],[-71.66808,43.93596],[-71.6692,43.93644]]}},{"type":"Feature","properties":{"t":571,"n":0},"geometry":{"type":"LineString","coordinates":[[-71.60766,43.92863],[-71.6064,43.92985],[-71.60562,43.93031],[-71.60537,43.9301],[-71.60512,43.92849],[-71.60331,43.9268],[-71.60102,43.92592],[-71.60022,43.92586],[-71.59928,43.92614],[-71.59831,43.92578]]}},{"type":"Feature","properties":{"t":770,"n":0},"geometry":{"type":"LineString","coordinates":[[-71.60531,43.93751],[-71.60353,43.9384],[-71.60246,43.93805]]}},{"type":"Feature","properties":{"t":420,"n":0},"geometry":{"type":"LineString","coordinates":[[-71.60606,43.94789],[-71.60569,43.94876],[-71.60484,43.94965],[-71.60415,43.95091],[-71.60378,43.9522],[-71.6029,43.95383],[-71.60268,43.95484]]}},{"type":"Feature","properties":{"t":615,"n":0},"geometry":{"type":"LineString","coordinates":[[-71.60694,43.94304],[-71.60748,43.94315],[-71.60865,43.9425],[-71.60896,43.94253],[-71.60843,43.94462],[-71.60852,43.94611],[-71.60754,43.94704],[-71.60746,43.94745],[-71.60781,43.94778],[-71.60768,43.94808],[-71.60695,43.94826],[-71.60606,43.94789]]}},{"type":"Feature","properties":{"t":151,"n":0},"geometry":{"type":"LineString","coordinates":[[-71.59011,43.90572],[-71.58937,43.90624]]}},{"type":"Feature","properties":{"t":151,"n":2},"geometry":{"type":"LineString","coordinates":[[-71.58937,43.90624],[-71.58918,43.90627]]}},{"type":"Feature","properties":{"t":151,"n":3},"geometry":{"type":"LineString","coordinates":[[-71.58918,43.90627],[-71.58798,43.90648]]}},{"type":"Feature","properties":{"t":151,"n":0},"geometry":{"type":"LineString","coordinates":[[-71.58798,43.90648],[-71.58711,43.90707],[-71.58681,43.90782]]}},{"type":"Feature","properties":{"t":663,"n":0},"geometry":{"type":"LineString","coordinates":[[-71.55098,43.88629],[-71.55058,43.8872],[-71.55074,43.8876],[-71.5511,43.88776]]}},{"type":"Feature","properties":{"t":293,"n":0},"geometry":{"type":"LineString","coordinates":[[-71.5511,43.88776],[-71.54903,43.88796],[-71.54799,43.88834],[-71.54633,43.88851],[-71.54465,43.88974],[-71.5445,43.89044],[-71.54381,43.89145],[-71.54419,43.89223],[-71.54368,43.89286],[-71.53994,43.89372],[-71.53797,43.89323],[-71.53672,43.89324],[-71.53549,43.89368],[-71.53423,43.89441],[-71.53288,43.89548],[-71.52932,43.89595],[-71.52839,43.89585],[-71.52599,43.89611],[-71.52401,43.89711],[-71.52129,43.89906],[-71.52058,43.89993],[-71.51987,43.90022],[-71.51877,43.90033],[-71.5184,43.90063],[-71.51736,43.90063],[-71.51278,43.90188],[-71.51234,43.9025],[-71.51327,43.90359],[-71.51332,43.90416],[-71.51282,43.9061],[-71.5118,43.90774],[-71.51111,43.90755],[-71.51061,43.90632],[-71.51012,43.90576],[-71.5081,43.90555],[-71.50625,43.9058],[-71.50494,43.9057]]}},{"type":"Feature","properties":{"t":740,"n":0},"geometry":{"type":"LineString","coordinates":[[-71.57229,43.89541],[-71.57326,43.89478],[-71.57339,43.89416],[-71.57395,43.89369],[-71.57356,43.89259]]}},{"type":"Feature","properties":{"t":729,"n":0},"geometry":{"type":"LineString","coordinates":[[-71.56768,43.8844],[-71.56756,43.88483],[-71.56669,43.88524],[-71.5668,43.88587],[-71.56633,43.88668],[-71.56659,43.88763]]}},{"type":"Feature","properties":{"t":465,"n":0},"geometry":{"type":"LineString","coordinates":[[-71.58044,43.86729],[-71.57968,43.86739],[-71.57918,43.86794],[-71.57926,43.86945],[-71.57666,43.86949],[-71.57613,43.86993],[-71.57425,43.87033],[-71.57297,43.87038],[-71.57235,43.87079],[-71.57237,43.87192],[-71.57175,43.87413],[-71.57292,43.87543],[-71.57305,43.87596],[-71.57377,43.87686],[-71.57527,43.87791],[-71.57554,43.87877],[-71.57468,43.87978],[-71.57459,43.88024],[-71.57558,43.88133],[-71.57556,43.88173]]}},{"type":"Feature","properties":{"t":829,"n":0},"geometry":{"type":"LineString","coordinates":[[-71.56631,43.87856],[-71.56554,43.8784]]}},{"type":"Feature","properties":{"t":753,"n":0},"geometry":{"type":"LineString","coordinates":[[-71.6139,43.897],[-71.61394,43.89807],[-71.61329,43.89923],[-71.61326,43.89974]]}},{"type":"Feature","properties":{"t":745,"n":0},"geometry":{"type":"LineString","coordinates":[[-71.67476,43.86861],[-71.67283,43.86899],[-71.67228,43.86992],[-71.67138,43.87017]]}},{"type":"Feature","properties":{"t":387,"n":0},"geometry":{"type":"LineString","coordinates":[[-71.67476,43.86861],[-71.67715,43.86812],[-71.68033,43.86804],[-71.68201,43.8673],[-71.68265,43.8664],[-71.68351,43.86609],[-71.68606,43.86697],[-71.69075,43.86776],[-71.69188,43.86774],[-71.6927,43.86818],[-71.69457,43.87028],[-71.69508,43.8706],[-71.69662,43.87112],[-71.69962,43.87151],[-71.70083,43.87209],[-71.70247,43.87354],[-71.70316,43.87495],[-71.70373,43.87561]]}},{"type":"Feature","properties":{"t":702,"n":0},"geometry":{"type":"LineString","coordinates":[[-71.70449,43.88008],[-71.70296,43.87986],[-71.70213,43.88017],[-71.70104,43.88031],[-71.70069,43.88071],[-71.70091,43.88239]]}},{"type":"Feature","properties":{"t":746,"n":0},"geometry":{"type":"LineString","coordinates":[[-71.52618,43.92509],[-71.52536,43.92599],[-71.52427,43.92666],[-71.52438,43.92688]]}},{"type":"Feature","properties":{"t":262,"n":0},"geometry":{"type":"LineString","coordinates":[[-71.51014,43.96926],[-71.50784,43.96913]]}},{"type":"Feature","properties":{"t":262,"n":0},"geometry":{"type":"LineString","coordinates":[[-71.51027,43.96927],[-71.51014,43.96926]]}},{"type":"Feature","properties":{"t":749,"n":0},"geometry":{"type":"LineString","coordinates":[[-71.51449,43.94871],[-71.51244,43.94808],[-71.5115,43.94734],[-71.51135,43.94692]]}},{"type":"Feature","properties":{"t":827,"n":0},"geometry":{"type":"LineString","coordinates":[[-71.51595,43.9543],[-71.5157,43.95442],[-71.51573,43.95486]]}},{"type":"Feature","properties":{"t":467,"n":0},"geometry":{"type":"LineString","coordinates":[[-71.53934,43.83811],[-71.53888,43.83913],[-71.53878,43.8409],[-71.53737,43.84182],[-71.53584,43.84229],[-71.53521,43.84278],[-71.53454,43.84447],[-71.53455,43.846],[-71.53337,43.8467]]}},{"type":"Feature","properties":{"t":719,"n":0},"geometry":{"type":"LineString","coordinates":[[-71.50627,43.96888],[-71.50477,43.96854],[-71.50346,43.96879],[-71.50316,43.96868],[-71.50304,43.96847],[-71.50368,43.96782],[-71.50358,43.9672]]}},{"type":"Feature","properties":{"t":772,"n":0},"geometry":{"type":"LineString","coordinates":[[-71.50405,43.96942],[-71.50404,43.97059],[-71.50478,43.97152]]}},{"type":"Feature","properties":{"t":628,"n":0},"geometry":{"type":"LineString","coordinates":[[-71.5122,43.95171],[-71.51085,43.95291],[-71.51086,43.95358],[-71.51139,43.95435],[-71.51271,43.95491],[-71.5131,43.95551]]}},{"type":"Feature","properties":{"t":830,"n":0},"geometry":{"type":"LineString","coordinates":[[-71.51111,43.95402],[-71.51108,43.95459]]}},{"type":"Feature","properties":{"t":131,"n":0},"geometry":{"type":"LineString","coordinates":[[-71.51658,43.96618],[-71.51638,43.96608]]}},{"type":"Feature","properties":{"t":131,"n":1},"geometry":{"type":"LineString","coordinates":[[-71.51638,43.96608],[-71.5161,43.96602]]}},{"type":"Feature","properties":{"t":350,"n":0},"geometry":{"type":"LineString","coordinates":[[-71.50163,43.95653],[-71.50043,43.95685],[-71.49917,43.95662],[-71.49766,43.95761],[-71.49579,43.95785],[-71.49438,43.95876],[-71.49377,43.95874],[-71.49129,43.95732],[-71.49034,43.95701],[-71.48833,43.95455],[-71.48535,43.95242],[-71.48471,43.95234],[-71.48402,43.95129],[-71.48319,43.9509],[-71.48261,43.95122]]}},{"type":"Feature","properties":{"t":303,"n":0},"geometry":{"type":"LineString","coordinates":[[-71.51841,43.84833],[-71.52035,43.84693]]}},{"type":"Feature","properties":{"t":352,"n":0},"geometry":{"type":"LineString","coordinates":[[-71.73304,43.97958],[-71.7345,43.9802],[-71.7351,43.98247],[-71.73553,43.98304]]}},{"type":"Feature","properties":{"t":658,"n":0},"geometry":{"type":"LineString","coordinates":[[-71.51099,43.93825],[-71.51019,43.9387],[-71.50924,43.93829],[-71.50733,43.93676],[-71.50649,43.93651],[-71.50486,43.93643],[-71.504,43.93594]]}},{"type":"Feature","properties":{"t":746,"n":0},"geometry":{"type":"LineString","coordinates":[[-71.52438,43.92688],[-71.52499,43.92676],[-71.52533,43.92688]]}},{"type":"Feature","properties":{"t":467,"n":0},"geometry":{"type":"LineString","coordinates":[[-71.5306,43.84682],[-71.52583,43.84639],[-71.52388,43.84666],[-71.52127,43.84747]]}},{"type":"Feature","properties":{"t":467,"n":0},"geometry":{"type":"LineString","coordinates":[[-71.53071,43.84683],[-71.5306,43.84682]]}},{"type":"Feature","properties":{"t":467,"n":0},"geometry":{"type":"LineString","coordinates":[[-71.53337,43.8467],[-71.5322,43.847],[-71.53071,43.84683]]}},{"type":"Feature","properties":{"t":628,"n":0},"geometry":{"type":"LineString","coordinates":[[-71.5105,43.94959],[-71.51022,43.94974],[-71.51033,43.95007],[-71.51068,43.95003],[-71.51103,43.95038],[-71.51182,43.9505],[-71.5124,43.95093],[-71.51242,43.95123]]}},{"type":"Feature","properties":{"t":628,"n":0},"geometry":{"type":"LineString","coordinates":[[-71.51241,43.95128],[-71.51238,43.95151]]}},{"type":"Feature","properties":{"t":658,"n":0},"geometry":{"type":"LineString","coordinates":[[-71.504,43.93594],[-71.50305,43.93593]]}},{"type":"Feature","properties":{"t":571,"n":0},"geometry":{"type":"LineString","coordinates":[[-71.59827,43.92571],[-71.59762,43.92484]]}},{"type":"Feature","properties":{"t":571,"n":0},"geometry":{"type":"LineString","coordinates":[[-71.59831,43.92578],[-71.59827,43.92571]]}},{"type":"Feature","properties":{"t":387,"n":0},"geometry":{"type":"LineString","coordinates":[[-71.70379,43.87568],[-71.70442,43.87653],[-71.70496,43.87981]]}},{"type":"Feature","properties":{"t":387,"n":0},"geometry":{"type":"LineString","coordinates":[[-71.70373,43.87561],[-71.70379,43.87568]]}},{"type":"Feature","properties":{"t":702,"n":0},"geometry":{"type":"LineString","coordinates":[[-71.70496,43.87981],[-71.7046,43.88005]]}},{"type":"Feature","properties":{"t":702,"n":0},"geometry":{"type":"LineString","coordinates":[[-71.7046,43.88005],[-71.70449,43.88008]]}},{"type":"Feature","properties":{"t":285,"n":0},"geometry":{"type":"LineString","coordinates":[[-71.51001,43.96927],[-71.50832,43.97217],[-71.50747,43.97269],[-71.50716,43.9744],[-71.50642,43.97546],[-71.50645,43.97574],[-71.5056,43.97656],[-71.50528,43.97664],[-71.50492,43.97741],[-71.50323,43.97925],[-71.50305,43.9799],[-71.50143,43.98189],[-71.50129,43.98358],[-71.49899,43.9862],[-71.49943,43.98823],[-71.49986,43.9886],[-71.49975,43.98898],[-71.50004,43.99001],[-71.5012,43.99112],[-71.50128,43.99183],[-71.50157,43.99226],[-71.50234,43.99273],[-71.50229,43.99326],[-71.50294,43.99387],[-71.50155,43.99349],[-71.50004,43.99405]]}},{"type":"Feature","properties":{"t":285,"n":0},"geometry":{"type":"LineString","coordinates":[[-71.50004,43.99405],[-71.49994,43.99415]]}},{"type":"Feature","properties":{"t":600,"n":0},"geometry":{"type":"LineString","coordinates":[[-71.44567,43.88885],[-71.44638,43.889],[-71.44836,43.88899],[-71.44938,43.88845],[-71.44939,43.88753],[-71.45008,43.88611],[-71.4515,43.88451],[-71.45133,43.88351],[-71.44927,43.88316]]}},{"type":"Feature","properties":{"t":397,"n":0},"geometry":{"type":"LineString","coordinates":[[-71.32058,44.00518],[-71.31965,44.0056],[-71.31917,44.00561],[-71.31836,44.00466],[-71.31704,44.00226],[-71.31627,44.00174],[-71.31553,44.00089],[-71.31401,44.00002],[-71.31301,43.9983],[-71.31378,43.99648],[-71.31319,43.99583],[-71.3125,43.99554],[-71.30982,43.99521],[-71.30708,43.99594],[-71.30469,43.99709],[-71.30375,43.99814],[-71.30281,43.99861],[-71.30235,43.99916],[-71.30041,43.9994],[-71.29916,43.99912],[-71.29824,43.99925],[-71.297,43.99885],[-71.29673,43.99893],[-71.29607,43.99975],[-71.29569,43.99984],[-71.29528,43.99967]]}},{"type":"Feature","properties":{"t":435,"n":0},"geometry":{"type":"LineString","coordinates":[[-71.38057,43.97944],[-71.38068,43.98104],[-71.37979,43.98231],[-71.37852,43.98291],[-71.37859,43.98416],[-71.37753,43.98422],[-71.37677,43.98406],[-71.37643,43.98451],[-71.37732,43.98697],[-71.38,43.99057],[-71.37965,43.99074],[-71.37778,43.99065],[-71.37696,43.99077],[-71.37663,43.99103],[-71.37719,43.99187],[-71.37859,43.99303],[-71.37889,43.99484],[-71.38002,43.99544],[-71.37958,43.99589],[-71.37969,43.99667]]}},{"type":"Feature","properties":{"t":581,"n":0},"geometry":{"type":"LineString","coordinates":[[-71.46714,43.98189],[-71.46805,43.98171],[-71.46929,43.98247],[-71.46938,43.98298],[-71.47052,43.98367],[-71.47069,43.98398],[-71.47185,43.98403],[-71.47361,43.9833],[-71.47738,43.98073],[-71.47825,43.98084],[-71.47863,43.98114]]}},{"type":"Feature","properties":{"t":342,"n":0},"geometry":{"type":"LineString","coordinates":[[-71.46699,43.98771],[-71.46671,43.98605],[-71.46644,43.98562],[-71.46611,43.98549],[-71.46613,43.98528],[-71.4659,43.98524],[-71.4657,43.98454],[-71.46743,43.98278]]}},{"type":"Feature","properties":{"t":316,"n":0},"geometry":{"type":"LineString","coordinates":[[-71.41688,44.00146],[-71.41803,44.00114],[-71.41828,44.00068],[-71.41816,44.00016],[-71.41865,43.99901],[-71.41996,43.9983],[-71.42151,43.99683],[-71.42276,43.99223],[-71.42471,43.99116],[-71.42573,43.98982],[-71.4266,43.9898],[-71.42907,43.99034],[-71.4309,43.99185],[-71.43144,43.99163],[-71.43207,43.99171],[-71.4363,43.99053],[-71.43854,43.99016],[-71.44228,43.98865],[-71.44286,43.98825],[-71.44337,43.98685],[-71.44379,43.98659],[-71.44389,43.98594],[-71.4435,43.98561],[-71.44215,43.98549],[-71.44237,43.98474],[-71.44296,43.98391],[-71.44594,43.9825],[-71.44637,43.98198],[-71.44589,43.98095],[-71.44539,43.98044],[-71.4426,43.97928],[-71.44115,43.97826],[-71.44105,43.97673],[-71.44114,43.97569],[-71.44135,43.97562],[-71.44103,43.97528],[-71.4415,43.9744],[-71.44245,43.9739],[-71.44278,43.97316]]}},{"type":"Feature","properties":{"t":299,"n":0},"geometry":{"type":"LineString","coordinates":[[-71.44278,43.97316],[-71.44146,43.97227],[-71.43934,43.97022],[-71.43916,43.96958],[-71.43955,43.96729],[-71.43947,43.9661],[-71.44033,43.96422],[-71.44014,43.96388],[-71.44106,43.96177],[-71.44094,43.96095],[-71.44142,43.96023],[-71.44208,43.96006]]}},{"type":"Feature","properties":{"t":506,"n":0},"geometry":{"type":"LineString","coordinates":[[-71.46336,43.97727],[-71.46057,43.97734],[-71.45904,43.97808],[-71.45749,43.97858],[-71.45691,43.97908],[-71.45579,43.97944],[-71.45449,43.9808],[-71.45354,43.98145],[-71.45197,43.98194],[-71.45067,43.9819],[-71.44935,43.98135],[-71.44916,43.98033],[-71.44694,43.98067],[-71.44608,43.98044],[-71.44558,43.98063]]}},{"type":"Feature","properties":{"t":685,"n":0},"geometry":{"type":"LineString","coordinates":[[-71.48687,43.96964],[-71.48661,43.96897],[-71.48615,43.96854],[-71.48662,43.967],[-71.48623,43.96604],[-71.48706,43.96556],[-71.48843,43.96558]]}},{"type":"Feature","properties":{"t":299,"n":0},"geometry":{"type":"LineString","coordinates":[[-71.46005,43.9764],[-71.45948,43.97634],[-71.45758,43.97726],[-71.45372,43.97724],[-71.45068,43.97753],[-71.45001,43.97739],[-71.44954,43.97701],[-71.44878,43.97675],[-71.44792,43.97588]]}},{"type":"Feature","properties":{"t":393,"n":0},"geometry":{"type":"LineString","coordinates":[[-71.47354,43.96915],[-71.47375,43.96993],[-71.47251,43.97099],[-71.47122,43.97143],[-71.47096,43.97267],[-71.46956,43.97251],[-71.46796,43.97281],[-71.46565,43.97445],[-71.46267,43.97465],[-71.46187,43.97503],[-71.46005,43.9764]]}},{"type":"Feature","properties":{"t":299,"n":0},"geometry":{"type":"LineString","coordinates":[[-71.44749,43.95656],[-71.4479,43.95663],[-71.44856,43.95733],[-71.4506,43.95759],[-71.45208,43.95804],[-71.45387,43.95787],[-71.45623,43.95848],[-71.45982,43.9611],[-71.46015,43.96227],[-71.46191,43.96345],[-71.4643,43.96397],[-71.46563,43.96454],[-71.46905,43.96557],[-71.46963,43.96634],[-71.46943,43.9671],[-71.46988,43.96826],[-71.47058,43.96888],[-71.47223,43.96962],[-71.47267,43.9696],[-71.47354,43.96915]]}},{"type":"Feature","properties":{"t":299,"n":0},"geometry":{"type":"LineString","coordinates":[[-71.44208,43.96006],[-71.44291,43.9598],[-71.44338,43.95986],[-71.44361,43.95959]]}},{"type":"Feature","properties":{"t":299,"n":0},"geometry":{"type":"LineString","coordinates":[[-71.44361,43.95959],[-71.44421,43.95887],[-71.44496,43.95844],[-71.44498,43.95816],[-71.4454,43.95778],[-71.44749,43.95656]]}},{"type":"Feature","properties":{"t":299,"n":0},"geometry":{"type":"LineString","coordinates":[[-71.44451,43.97358],[-71.4428,43.9733]]}},{"type":"Feature","properties":{"t":299,"n":0},"geometry":{"type":"LineString","coordinates":[[-71.44792,43.97588],[-71.446,43.97498],[-71.44534,43.97442],[-71.44517,43.97392],[-71.44451,43.97358]]}},{"type":"Feature","properties":{"t":224,"n":0},"geometry":{"type":"LineString","coordinates":[[-71.29914,43.99004],[-71.29805,43.98964],[-71.29528,43.98764],[-71.29397,43.98621],[-71.29255,43.98545],[-71.29213,43.98488],[-71.29182,43.98487],[-71.29127,43.98427],[-71.29073,43.98298],[-71.28866,43.98176],[-71.28877,43.98079],[-71.28844,43.98005],[-71.2882,43.97829],[-71.28766,43.97724],[-71.28596,43.97547],[-71.2857,43.97469],[-71.28424,43.97388],[-71.28276,43.9737],[-71.28221,43.97346]]}},{"type":"Feature","properties":{"t":9,"n":1},"geometry":{"type":"LineString","coordinates":[[-71.36609,43.91495],[-71.36804,43.91535],[-71.36938,43.91541],[-71.37401,43.91653],[-71.37431,43.91836],[-71.37482,43.91831],[-71.37584,43.91917],[-71.37755,43.91989],[-71.37843,43.91985],[-71.37905,43.92045],[-71.38027,43.92086],[-71.38245,43.92255],[-71.3829,43.92378],[-71.38283,43.92516],[-71.38339,43.92593],[-71.3835,43.92664],[-71.38329,43.92718],[-71.38349,43.92793],[-71.38323,43.92847],[-71.38311,43.92994],[-71.38205,43.93116],[-71.38224,43.93161],[-71.38175,43.93315],[-71.38086,43.93435],[-71.37998,43.93613],[-71.37969,43.93804],[-71.38026,43.94002],[-71.38091,43.94079],[-71.38185,43.94264],[-71.3822,43.94272],[-71.38311,43.9445],[-71.38312,43.94514],[-71.38375,43.94618],[-71.38397,43.94743],[-71.38515,43.94895],[-71.385,43.94944],[-71.38539,43.95037],[-71.38442,43.9508],[-71.38429,43.95105],[-71.38329,43.95162],[-71.38301,43.9516],[-71.38418,43.95232],[-71.3848,43.95294],[-71.38315,43.95328],[-71.3841,43.95351],[-71.38385,43.95407],[-71.38346,43.95414],[-71.38245,43.95483],[-71.38144,43.95498],[-71.38104,43.95479]]}},{"type":"Feature","properties":{"t":22,"n":1},"geometry":{"type":"LineString","coordinates":[[-71.36466,43.91251],[-71.36587,43.91242],[-71.36712,43.91315],[-71.37238,43.91394],[-71.37431,43.91322],[-71.37507,43.91251],[-71.37565,43.91255],[-71.37755,43.91217],[-71.37869,43.91173],[-71.38025,43.9116],[-71.3803,43.91196],[-71.38151,43.91202],[-71.38245,43.91179],[-71.38369,43.91223],[-71.38457,43.91297],[-71.38532,43.91312],[-71.38712,43.91437],[-71.38789,43.91553],[-71.38796,43.91616],[-71.38843,43.91696],[-71.38972,43.91837],[-71.39037,43.91941],[-71.39105,43.91999],[-71.39211,43.92189],[-71.39328,43.92318],[-71.39351,43.92452],[-71.39624,43.92664],[-71.39604,43.92711],[-71.39661,43.92749],[-71.3976,43.92951],[-71.39827,43.92985],[-71.39905,43.93061],[-71.4,43.93071],[-71.40122,43.9314],[-71.40172,43.932],[-71.40242,43.93204],[-71.40258,43.93233],[-71.40297,43.93242],[-71.4038,43.93308],[-71.40435,43.93319],[-71.40515,43.93372],[-71.4057,43.9336]]}},{"type":"Feature","properties":{"t":303,"n":0},"geometry":{"type":"LineString","coordinates":[[-71.4854,43.86158],[-71.48443,43.86225],[-71.4836,43.86352],[-71.48336,43.86671],[-71.4832,43.86716],[-71.48288,43.86726],[-71.48246,43.86949],[-71.47828,43.87143],[-71.47527,43.87388],[-71.47449,43.87423],[-71.47215,43.87503],[-71.46822,43.87677],[-71.46657,43.87716],[-71.46488,43.87733],[-71.46267,43.87822]]}},{"type":"Feature","properties":{"t":271,"n":0},"geometry":{"type":"LineString","coordinates":[[-71.46267,43.87822],[-71.46246,43.87775],[-71.4621,43.87757],[-71.46072,43.87739],[-71.45989,43.87777],[-71.45855,43.87958],[-71.45739,43.88068],[-71.45643,43.88089],[-71.45526,43.88154],[-71.45328,43.88162],[-71.45153,43.88231],[-71.45084,43.88227],[-71.4489,43.88288],[-71.44455,43.8831]]}},{"type":"Feature","properties":{"t":318,"n":0},"geometry":{"type":"LineString","coordinates":[[-71.45393,43.8817],[-71.45571,43.88244],[-71.45663,43.8833],[-71.45681,43.88372],[-71.4565,43.88435],[-71.45657,43.8847],[-71.45701,43.88542],[-71.45807,43.88624],[-71.45823,43.88707],[-71.45895,43.88746],[-71.45935,43.88797],[-71.45964,43.88928],[-71.46029,43.89002],[-71.46001,43.89138],[-71.45938,43.89228],[-71.45911,43.89354],[-71.45942,43.89452],[-71.45936,43.89555],[-71.45958,43.89583],[-71.46415,43.89847],[-71.46477,43.89839],[-71.46486,43.89805],[-71.46546,43.89776]]}},{"type":"Feature","properties":{"t":674,"n":0},"geometry":{"type":"LineString","coordinates":[[-71.45935,43.88797],[-71.45994,43.88852],[-71.46022,43.88941],[-71.46059,43.88975],[-71.4617,43.89005],[-71.46459,43.89032],[-71.4658,43.89133]]}},{"type":"Feature","properties":{"t":318,"n":0},"geometry":{"type":"LineString","coordinates":[[-71.46546,43.89776],[-71.46821,43.89851],[-71.46911,43.89812],[-71.46982,43.89813],[-71.47019,43.8978],[-71.47123,43.89748],[-71.47366,43.89792],[-71.47507,43.89793],[-71.47816,43.89902],[-71.48206,43.90092],[-71.48365,43.90186],[-71.48395,43.90219],[-71.48412,43.90303],[-71.485,43.90347],[-71.48589,43.90316],[-71.48767,43.90148],[-71.48819,43.90235],[-71.48892,43.9022],[-71.48936,43.90172],[-71.48961,43.901],[-71.49008,43.90055],[-71.49047,43.90047]]}},{"type":"Feature","properties":{"t":370,"n":0},"geometry":{"type":"LineString","coordinates":[[-71.32994,43.90868],[-71.3299,43.90892],[-71.32679,43.91155],[-71.32405,43.91239],[-71.32337,43.91273],[-71.32238,43.91364],[-71.32059,43.91395],[-71.31882,43.91569],[-71.3183,43.9166],[-71.31645,43.91726],[-71.31543,43.91789],[-71.31268,43.91976],[-71.31044,43.92166],[-71.30935,43.92205],[-71.30753,43.92237],[-71.30503,43.92361],[-71.30316,43.92389]]}},{"type":"Feature","properties":{"t":402,"n":0},"geometry":{"type":"LineString","coordinates":[[-71.33948,43.91219],[-71.33733,43.91593],[-71.3365,43.91648],[-71.33516,43.91696],[-71.33392,43.91948],[-71.332,43.92072],[-71.32912,43.92108],[-71.32817,43.92174],[-71.32738,43.92343],[-71.32566,43.92503],[-71.32153,43.92704],[-71.32154,43.92849],[-71.32116,43.92929],[-71.32116,43.93097],[-71.31989,43.93176],[-71.31973,43.93245],[-71.31916,43.93234]]}},{"type":"Feature","properties":{"t":368,"n":0},"geometry":{"type":"LineString","coordinates":[[-71.34566,43.9425],[-71.34437,43.94154],[-71.34376,43.94078],[-71.34205,43.93749],[-71.3427,43.93513],[-71.34298,43.93124],[-71.34257,43.9283],[-71.34124,43.92559],[-71.3407,43.9236],[-71.33948,43.91219],[-71.33962,43.91163],[-71.34005,43.91117],[-71.34021,43.91012],[-71.34153,43.90905]]}},{"type":"Feature","properties":{"t":365,"n":0},"geometry":{"type":"LineString","coordinates":[[-71.37914,43.95021],[-71.37788,43.95017],[-71.37679,43.95044],[-71.37547,43.94979],[-71.374,43.94951],[-71.37182,43.95009],[-71.37012,43.95148],[-71.36724,43.95208]]}},{"type":"Feature","properties":{"t":313,"n":0},"geometry":{"type":"LineString","coordinates":[[-71.36964,43.98475],[-71.36893,43.98378],[-71.36878,43.98322],[-71.36728,43.98221],[-71.36796,43.98114],[-71.3688,43.98065],[-71.36857,43.98034],[-71.36907,43.9786],[-71.36889,43.97835],[-71.36906,43.97737],[-71.36885,43.9766],[-71.36806,43.97596],[-71.36724,43.97471],[-71.36715,43.97368]]}},{"type":"Feature","properties":{"t":419,"n":0},"geometry":{"type":"LineString","coordinates":[[-71.39089,43.98208],[-71.39067,43.98095],[-71.39054,43.98077],[-71.39017,43.9808],[-71.38942,43.98134],[-71.38806,43.98291],[-71.38767,43.98298],[-71.38749,43.98328],[-71.38654,43.9838],[-71.38593,43.98397],[-71.38479,43.98486],[-71.38396,43.98496],[-71.38392,43.98546],[-71.38335,43.98571],[-71.38439,43.98606],[-71.38511,43.98692],[-71.3852,43.98721],[-71.38435,43.98767],[-71.38494,43.98847],[-71.38141,43.98875],[-71.37937,43.98845],[-71.37751,43.98992],[-71.37591,43.98995],[-71.37512,43.9904],[-71.37424,43.9913],[-71.37411,43.99216],[-71.37355,43.99223],[-71.37211,43.99328]]}},{"type":"Feature","properties":{"t":290,"n":0},"geometry":{"type":"LineString","coordinates":[[-71.3694,43.99416],[-71.3694,43.99324],[-71.37162,43.99373],[-71.37203,43.99349],[-71.37203,43.9928],[-71.37147,43.99186],[-71.37102,43.9894],[-71.37204,43.98833],[-71.37429,43.98661],[-71.37439,43.98631],[-71.37346,43.98444],[-71.3735,43.98408],[-71.3737,43.98373],[-71.37491,43.983],[-71.37487,43.98168],[-71.37532,43.98097],[-71.37548,43.97949],[-71.3762,43.97856],[-71.3761,43.97818],[-71.37636,43.97765],[-71.37698,43.97748],[-71.37808,43.97639],[-71.38053,43.97306],[-71.38144,43.97273],[-71.38371,43.97126],[-71.38527,43.97056],[-71.38675,43.97042],[-71.38775,43.97008],[-71.38935,43.97001],[-71.3926,43.96905],[-71.39427,43.968],[-71.39649,43.96526],[-71.39628,43.96277],[-71.39697,43.9611],[-71.39772,43.96035],[-71.39974,43.95931],[-71.40347,43.95657],[-71.40472,43.95538],[-71.40534,43.95403],[-71.40906,43.9511],[-71.41012,43.94983],[-71.41095,43.94785],[-71.4119,43.94666],[-71.41362,43.94273],[-71.41494,43.94183],[-71.41584,43.94044]]}},{"type":"Feature","properties":{"t":297,"n":0},"geometry":{"type":"LineString","coordinates":[[-71.39643,43.99374],[-71.39659,43.99163],[-71.39743,43.99108],[-71.39898,43.98939],[-71.39946,43.98719],[-71.39928,43.98654],[-71.40079,43.98525],[-71.40125,43.98409],[-71.40097,43.98351],[-71.40356,43.9802],[-71.4059,43.97762],[-71.40626,43.97682],[-71.40611,43.97565],[-71.40673,43.97291],[-71.40745,43.97127],[-71.4104,43.96786],[-71.41209,43.96553],[-71.41416,43.96377],[-71.41499,43.964],[-71.41615,43.96389],[-71.41808,43.96312],[-71.4221,43.96413],[-71.42581,43.9638],[-71.42683,43.96355],[-71.42727,43.96366],[-71.42879,43.96469],[-71.4299,43.96619],[-71.4308,43.9702],[-71.43113,43.97053],[-71.43184,43.97053],[-71.43153,43.97137],[-71.43273,43.97124],[-71.43359,43.97072],[-71.43434,43.96992],[-71.43529,43.96774],[-71.43604,43.96755],[-71.43664,43.96802],[-71.43778,43.96791],[-71.43926,43.96829]]}},{"type":"Feature","properties":{"t":243,"n":0},"geometry":{"type":"LineString","coordinates":[[-71.41584,43.94044],[-71.41563,43.93959],[-71.41462,43.93883],[-71.41395,43.93803],[-71.41341,43.9361],[-71.41272,43.93563],[-71.41223,43.93495],[-71.41083,43.93429],[-71.40965,43.93431],[-71.40763,43.93471]]}},{"type":"Feature","properties":{"t":243,"n":1},"geometry":{"type":"LineString","coordinates":[[-71.40763,43.93471],[-71.40708,43.93484]]}},{"type":"Feature","properties":{"t":396,"n":0},"geometry":{"type":"LineString","coordinates":[[-71.35417,43.93891],[-71.35182,43.93874],[-71.3507,43.93966],[-71.35023,43.93981],[-71.3495,43.93976],[-71.34879,43.94041],[-71.34782,43.94063],[-71.34629,43.94215],[-71.34566,43.9425]]}},{"type":"Feature","properties":{"t":364,"n":0},"geometry":{"type":"LineString","coordinates":[[-71.32254,43.94142],[-71.32186,43.94087],[-71.32019,43.93849],[-71.31901,43.93746],[-71.31866,43.93655],[-71.31952,43.93619],[-71.31894,43.93363],[-71.31916,43.93234],[-71.31979,43.93151],[-71.31966,43.92979],[-71.31933,43.92945],[-71.31887,43.92933],[-71.31854,43.92899],[-71.31782,43.92929],[-71.31681,43.92942],[-71.31583,43.93005],[-71.31383,43.93018],[-71.3109,43.92868],[-71.30967,43.92783],[-71.30663,43.92709],[-71.30578,43.92649],[-71.30381,43.92415],[-71.30316,43.92389]]}},{"type":"Feature","properties":{"t":362,"n":0},"geometry":{"type":"LineString","coordinates":[[-71.32254,43.94142],[-71.32167,43.94165],[-71.32113,43.94142],[-71.31804,43.94133],[-71.31689,43.94053],[-71.31554,43.94038],[-71.31472,43.93954],[-71.31286,43.93889],[-71.31311,43.9393],[-71.31005,43.9393],[-71.3094,43.93955],[-71.30836,43.93965],[-71.30686,43.94138],[-71.30547,43.9426],[-71.30364,43.94318],[-71.30089,43.94487],[-71.29961,43.94475],[-71.29911,43.94536],[-71.29572,43.94643],[-71.29383,43.94724],[-71.29226,43.94768],[-71.29088,43.94785],[-71.28956,43.94843],[-71.28799,43.94839],[-71.28307,43.95017],[-71.28248,43.95014],[-71.28144,43.94949],[-71.28083,43.94972],[-71.2798,43.94966],[-71.27869,43.94931]]}},{"type":"Feature","properties":{"t":257,"n":0},"geometry":{"type":"LineString","coordinates":[[-71.29349,43.91737],[-71.29328,43.91832],[-71.29255,43.91909],[-71.29124,43.91936],[-71.29036,43.92005],[-71.28941,43.92036],[-71.28703,43.92166],[-71.28416,43.92271],[-71.28258,43.92374],[-71.28174,43.92656],[-71.28044,43.92808],[-71.27984,43.92995],[-71.27908,43.93063],[-71.27829,43.93073],[-71.27779,43.931],[-71.27695,43.93328],[-71.2756,43.93448],[-71.27559,43.93562],[-71.27434,43.93695],[-71.27391,43.93717],[-71.27308,43.93724],[-71.27294,43.93824],[-71.2724,43.93864],[-71.27232,43.93925],[-71.27187,43.93985],[-71.27012,43.94144],[-71.2698,43.94274],[-71.26934,43.94298],[-71.26871,43.94289],[-71.2684,43.94303],[-71.2682,43.94545],[-71.26859,43.94564],[-71.27024,43.94558],[-71.27061,43.94577],[-71.26955,43.94682],[-71.26931,43.94798],[-71.26964,43.94876],[-71.2712,43.95033],[-71.27125,43.95162],[-71.2718,43.95188],[-71.2749,43.95218],[-71.27547,43.95241],[-71.27533,43.95267],[-71.27473,43.9527],[-71.27396,43.95395]]}},{"type":"Feature","properties":{"t":257,"n":2},"geometry":{"type":"LineString","coordinates":[[-71.27396,43.95395],[-71.27358,43.95427]]}},{"type":"Feature","properties":{"t":354,"n":0},"geometry":{"type":"LineString","coordinates":[[-71.2682,43.94545],[-71.26547,43.9443],[-71.26458,43.94362],[-71.26291,43.943],[-71.26164,43.94217],[-71.25922,43.94135],[-71.25802,43.93935],[-71.25751,43.93892],[-71.25642,43.93867]]}},{"type":"Feature","properties":{"t":516,"n":0},"geometry":{"type":"LineString","coordinates":[[-71.37186,43.99765],[-71.37237,43.99798],[-71.37317,43.99796],[-71.37363,43.99828],[-71.3748,43.99832],[-71.37549,43.99942],[-71.37683,44.00013],[-71.37781,44.00023],[-71.3783,44.00054],[-71.37844,44.00382],[-71.38056,44.00549],[-71.38088,44.00601],[-71.38036,44.00682],[-71.37984,44.007],[-71.37925,44.00755],[-71.37973,44.00818]]}},{"type":"Feature","properties":{"t":457,"n":0},"geometry":{"type":"LineString","coordinates":[[-71.41095,44.00134],[-71.41096,44.00087],[-71.41049,44.00026],[-71.41031,43.99958],[-71.40905,43.99821],[-71.40941,43.99696],[-71.4139,43.99471],[-71.41856,43.99349],[-71.4215,43.99179],[-71.42484,43.98922],[-71.42657,43.98851],[-71.42832,43.98872]]}},{"type":"Feature","properties":{"t":281,"n":0},"geometry":{"type":"LineString","coordinates":[[-71.30368,43.96478],[-71.30452,43.964],[-71.30627,43.96154],[-71.30703,43.95933],[-71.30716,43.95816],[-71.30765,43.9572],[-71.30715,43.95592],[-71.30718,43.9546],[-71.30754,43.95358],[-71.30671,43.95283],[-71.30609,43.95306],[-71.30591,43.95295],[-71.30585,43.95178],[-71.30558,43.95153],[-71.30544,43.95035],[-71.30616,43.94826],[-71.30585,43.9478],[-71.30629,43.94727],[-71.30622,43.94692],[-71.30523,43.94571],[-71.30546,43.94533],[-71.30499,43.94463],[-71.30527,43.94422],[-71.30583,43.94391],[-71.30558,43.94327],[-71.30611,43.94276],[-71.30629,43.94208],[-71.30539,43.93961],[-71.30522,43.93592],[-71.30481,43.93415],[-71.30502,43.93278],[-71.3046,43.93241],[-71.30358,43.92978],[-71.30345,43.92811],[-71.30373,43.92658],[-71.30289,43.92451],[-71.30312,43.92355],[-71.30171,43.92246],[-71.30024,43.92202],[-71.29856,43.92055],[-71.29549,43.91892]]}},{"type":"Feature","properties":{"t":403,"n":0},"geometry":{"type":"LineString","coordinates":[[-71.48436,43.82846],[-71.4842,43.83129],[-71.48446,43.83169],[-71.48435,43.83313],[-71.48362,43.83329],[-71.48168,43.83327],[-71.48127,43.83351],[-71.48132,43.83463],[-71.48224,43.83602],[-71.48198,43.83654],[-71.48101,43.83706],[-71.47993,43.83727],[-71.47783,43.83733],[-71.47833,43.83775],[-71.47941,43.83938],[-71.47945,43.8398],[-71.47889,43.83988],[-71.47901,43.84036],[-71.4785,43.8405],[-71.47786,43.84105],[-71.479,43.84128],[-71.47889,43.84198],[-71.47814,43.84215],[-71.47719,43.8428],[-71.47651,43.84287],[-71.47557,43.84364],[-71.47547,43.84408],[-71.47307,43.84444],[-71.4724,43.84533],[-71.47194,43.84556]]}},{"type":"Feature","properties":{"t":441,"n":0},"geometry":{"type":"LineString","coordinates":[[-71.4724,43.84533],[-71.47347,43.84547],[-71.47403,43.84613],[-71.47658,43.84685],[-71.47715,43.84914],[-71.47764,43.84953],[-71.47804,43.85024],[-71.47991,43.85105],[-71.48033,43.85112],[-71.48297,43.85058],[-71.48427,43.85062],[-71.49098,43.85277],[-71.49288,43.85431],[-71.4938,43.85577],[-71.49397,43.85641],[-71.49442,43.85694],[-71.4948,43.85698]]}},{"type":"Feature","properties":{"t":342,"n":0},"geometry":{"type":"LineString","coordinates":[[-71.45136,44.01771],[-71.45102,44.01748],[-71.45012,44.01537],[-71.45187,44.01344],[-71.45226,44.0117],[-71.45236,44.00986],[-71.45104,44.00904],[-71.451,44.00777],[-71.45046,44.00631],[-71.44933,44.00481],[-71.44985,44.00405],[-71.45075,44.00381],[-71.45163,44.00298],[-71.45717,44.0011],[-71.46011,43.99977],[-71.46172,43.99736],[-71.4632,43.99612],[-71.4636,43.99547],[-71.46366,43.9948],[-71.46575,43.99214],[-71.4658,43.99132],[-71.46675,43.98962],[-71.46643,43.98888],[-71.46656,43.98793],[-71.46699,43.98771]]}},{"type":"Feature","properties":{"t":224,"n":0},"geometry":{"type":"LineString","coordinates":[[-71.28227,43.9725],[-71.28198,43.97047],[-71.2806,43.96803],[-71.27984,43.96474],[-71.27912,43.96374],[-71.2779,43.96301],[-71.27872,43.9625],[-71.27972,43.96229],[-71.27978,43.96213],[-71.27699,43.96195],[-71.27584,43.96207],[-71.27674,43.96151],[-71.27575,43.96147],[-71.27487,43.96165],[-71.2748,43.96138],[-71.2738,43.96109],[-71.27378,43.96071]]}},{"type":"Feature","properties":{"t":224,"n":1},"geometry":{"type":"LineString","coordinates":[[-71.27378,43.96071],[-71.27341,43.9603]]}},{"type":"Feature","properties":{"t":224,"n":2},"geometry":{"type":"LineString","coordinates":[[-71.27341,43.9603],[-71.27359,43.95992]]}},{"type":"Feature","properties":{"t":224,"n":0},"geometry":{"type":"LineString","coordinates":[[-71.28221,43.97346],[-71.28152,43.97273],[-71.28227,43.9725],[-71.28381,43.97311],[-71.28501,43.9733],[-71.2857,43.97469]]}},{"type":"Feature","properties":{"t":36,"n":1},"geometry":{"type":"LineString","coordinates":[[-71.40779,43.9361],[-71.40756,43.93653],[-71.40779,43.93696],[-71.40743,43.93765]]}},{"type":"Feature","properties":{"t":36,"n":1},"geometry":{"type":"LineString","coordinates":[[-71.40743,43.93765],[-71.40739,43.94023],[-71.40719,43.94064],[-71.4074,43.94081],[-71.407,43.94176],[-71.40736,43.94207],[-71.40657,43.94294],[-71.40622,43.94307],[-71.40519,43.94455]]}},{"type":"Feature","properties":{"t":36,"n":1},"geometry":{"type":"LineString","coordinates":[[-71.40519,43.94455],[-71.40424,43.94458],[-71.4034,43.9451],[-71.403,43.94559],[-71.40307,43.94632],[-71.40276,43.94719],[-71.40222,43.94745],[-71.40067,43.94883],[-71.39919,43.94934],[-71.39869,43.95008],[-71.39858,43.94981],[-71.398,43.95022],[-71.39799,43.94953],[-71.39724,43.94904],[-71.39543,43.94869]]}},{"type":"Feature","properties":{"t":36,"n":1},"geometry":{"type":"LineString","coordinates":[[-71.3949,43.94862],[-71.39347,43.94844],[-71.39301,43.94861]]}},{"type":"Feature","properties":{"t":36,"n":1},"geometry":{"type":"LineString","coordinates":[[-71.39301,43.94861],[-71.39142,43.94897],[-71.39052,43.94886],[-71.38978,43.94913],[-71.38828,43.94884]]}},{"type":"Feature","properties":{"t":36,"n":1},"geometry":{"type":"LineString","coordinates":[[-71.38828,43.94884],[-71.3866,43.94853],[-71.38606,43.94887],[-71.38515,43.94895]]}},{"type":"Feature","properties":{"t":637,"n":0},"geometry":{"type":"LineString","coordinates":[[-71.48062,43.96782],[-71.48063,43.96773]]}},{"type":"Feature","properties":{"t":594,"n":0},"geometry":{"type":"LineString","coordinates":[[-71.48919,43.96573],[-71.48672,43.96502],[-71.4861,43.96442],[-71.48473,43.96439],[-71.48433,43.96452],[-71.48385,43.9654],[-71.4842,43.96653],[-71.48402,43.96733],[-71.4832,43.96741],[-71.48219,43.96705],[-71.48059,43.96742]]}},{"type":"Feature","properties":{"t":637,"n":0},"geometry":{"type":"LineString","coordinates":[[-71.48063,43.96761],[-71.48003,43.96651],[-71.48096,43.96493],[-71.48075,43.96399],[-71.48142,43.96319],[-71.48224,43.96274],[-71.48234,43.96225],[-71.48316,43.96174],[-71.48339,43.96113],[-71.48382,43.96097]]}},{"type":"Feature","properties":{"t":637,"n":0},"geometry":{"type":"LineString","coordinates":[[-71.48063,43.96773],[-71.48063,43.96761]]}},{"type":"Feature","properties":{"t":585,"n":0},"geometry":{"type":"LineString","coordinates":[[-71.48382,43.96097],[-71.48396,43.96095]]}},{"type":"Feature","properties":{"t":585,"n":0},"geometry":{"type":"LineString","coordinates":[[-71.48409,43.96092],[-71.48443,43.96079],[-71.48458,43.96039],[-71.48488,43.96034],[-71.48585,43.96057],[-71.48787,43.9605],[-71.4908,43.96095],[-71.49342,43.96092],[-71.4956,43.96151],[-71.49639,43.96137],[-71.49811,43.96147]]}},{"type":"Feature","properties":{"t":440,"n":0},"geometry":{"type":"LineString","coordinates":[[-71.48409,43.96092],[-71.48511,43.96236],[-71.48605,43.96299],[-71.48654,43.96371],[-71.48849,43.96517],[-71.48941,43.96559]]}},{"type":"Feature","properties":{"t":220,"n":0},"geometry":{"type":"LineString","coordinates":[[-71.25642,43.93867],[-71.25575,43.94053],[-71.25584,43.94233],[-71.25618,43.94299],[-71.2574,43.94419],[-71.25611,43.94414],[-71.25435,43.94379],[-71.25044,43.94262],[-71.24938,43.94265]]}},{"type":"Feature","properties":{"t":159,"n":1},"geometry":{"type":"LineString","coordinates":[[-71.26727,43.96567],[-71.26782,43.96531],[-71.26832,43.96532],[-71.26875,43.96498],[-71.26951,43.96509],[-71.26999,43.96492],[-71.2701,43.9647],[-71.27063,43.96469],[-71.27075,43.96405],[-71.27212,43.96285],[-71.27225,43.96215],[-71.27279,43.96181],[-71.27295,43.96074],[-71.2735,43.96056]]}},{"type":"Feature","properties":{"t":20,"n":1},"geometry":{"type":"LineString","coordinates":[[-71.26571,43.96648],[-71.26555,43.96639],[-71.26566,43.96562],[-71.26483,43.96586],[-71.2644,43.96557],[-71.26375,43.96588],[-71.26174,43.9645],[-71.25884,43.96372],[-71.25824,43.96385],[-71.25648,43.96262],[-71.25502,43.96216],[-71.25433,43.9616],[-71.25388,43.96152],[-71.25369,43.96121],[-71.25387,43.9611],[-71.25307,43.9601],[-71.25155,43.95952],[-71.25089,43.95901],[-71.25088,43.95856],[-71.25026,43.95858],[-71.25071,43.95793],[-71.25,43.95702],[-71.24828,43.95619],[-71.2468,43.95641],[-71.24456,43.95602],[-71.2409,43.95707],[-71.23567,43.9569],[-71.23379,43.95633],[-71.232,43.95629],[-71.23022,43.95525],[-71.22794,43.95566],[-71.22744,43.95561],[-71.22386,43.95374],[-71.22234,43.95247],[-71.22005,43.95243],[-71.21917,43.95262],[-71.21847,43.95246],[-71.21745,43.95281],[-71.21704,43.95279],[-71.21672,43.95256],[-71.21539,43.95297]]}},{"type":"Feature","properties":{"t":159,"n":1},"geometry":{"type":"LineString","coordinates":[[-71.26727,43.96567],[-71.26629,43.96621],[-71.26629,43.9665],[-71.26571,43.96648]]}},{"type":"Feature","properties":{"t":159,"n":1},"geometry":{"type":"LineString","coordinates":[[-71.26601,43.96659],[-71.26609,43.96693]]}},{"type":"Feature","properties":{"t":159,"n":0},"geometry":{"type":"LineString","coordinates":[[-71.26609,43.96693],[-71.26616,43.96719],[-71.2642,43.96897],[-71.26401,43.96981],[-71.26349,43.97004],[-71.2622,43.97156],[-71.26173,43.97186],[-71.26075,43.9721],[-71.25839,43.97458],[-71.25747,43.97523],[-71.25701,43.97517]]}},{"type":"Feature","properties":{"t":344,"n":0},"geometry":{"type":"LineString","coordinates":[[-71.29666,43.92217],[-71.29569,43.92397],[-71.29509,43.92436],[-71.29457,43.92547],[-71.29506,43.92655],[-71.2945,43.92748],[-71.29409,43.92964],[-71.29334,43.9305],[-71.29134,43.93144],[-71.29054,43.93304],[-71.29031,43.934],[-71.28852,43.93482],[-71.28562,43.93559],[-71.2838,43.93641],[-71.28233,43.93667],[-71.28065,43.93735],[-71.28024,43.93774],[-71.2796,43.93927],[-71.27797,43.94024],[-71.27767,43.94129],[-71.27805,43.9419],[-71.27791,43.94321],[-71.27849,43.94394],[-71.27861,43.94449],[-71.27816,43.94492],[-71.27803,43.94558],[-71.27737,43.9467],[-71.27837,43.94766],[-71.27867,43.9483],[-71.27871,43.94948],[-71.27813,43.95053],[-71.27716,43.95121],[-71.27663,43.95113],[-71.27581,43.9516],[-71.27547,43.95241]]}},{"type":"Feature","properties":{"t":8,"n":2},"geometry":{"type":"LineString","coordinates":[[-71.24499,43.94919],[-71.24615,43.95023],[-71.24704,43.95052],[-71.24944,43.95203],[-71.24965,43.95233],[-71.25136,43.95307],[-71.25249,43.95378],[-71.25292,43.95446],[-71.25335,43.95449]]}},{"type":"Feature","properties":{"t":354,"n":0},"geometry":{"type":"LineString","coordinates":[[-71.25642,43.93867],[-71.25392,43.9371],[-71.25361,43.9358]]}},{"type":"Feature","properties":{"t":344,"n":0},"geometry":{"type":"LineString","coordinates":[[-71.29549,43.91892],[-71.29627,43.92034],[-71.29666,43.92217]]}},{"type":"Feature","properties":{"t":354,"n":0},"geometry":{"type":"LineString","coordinates":[[-71.25361,43.9358],[-71.25386,43.93497],[-71.25301,43.93396],[-71.25377,43.93327],[-71.25541,43.93282],[-71.25387,43.93207],[-71.25552,43.9315],[-71.25518,43.93049],[-71.25418,43.92955],[-71.25289,43.92877],[-71.2519,43.92747],[-71.25043,43.92646],[-71.24997,43.92568],[-71.24917,43.92285],[-71.24732,43.92178],[-71.2449,43.92234],[-71.24412,43.92236],[-71.24291,43.92205],[-71.24257,43.92167],[-71.24245,43.92071],[-71.24203,43.9202]]}},{"type":"Feature","properties":{"t":159,"n":1},"geometry":{"type":"LineString","coordinates":[[-71.23322,43.95632],[-71.23327,43.95659]]}},{"type":"Feature","properties":{"t":159,"n":0},"geometry":{"type":"LineString","coordinates":[[-71.23327,43.95659],[-71.23382,43.95843],[-71.23445,43.95908],[-71.2347,43.96013],[-71.23624,43.96054],[-71.23773,43.96148],[-71.2406,43.96171],[-71.24233,43.96274],[-71.2432,43.96291],[-71.24459,43.96275],[-71.24596,43.96285],[-71.24686,43.96325],[-71.24918,43.96654],[-71.24968,43.96934],[-71.25197,43.97141],[-71.25211,43.97261],[-71.25526,43.97298],[-71.25644,43.9738],[-71.25701,43.97517]]}},{"type":"Feature","properties":{"t":396,"n":0},"geometry":{"type":"LineString","coordinates":[[-71.34566,43.9425],[-71.34542,43.94287],[-71.34475,43.94327],[-71.34145,43.94384],[-71.33984,43.9445],[-71.33792,43.94626],[-71.33802,43.94642],[-71.33858,43.9465],[-71.33798,43.94698],[-71.33847,43.94743],[-71.33849,43.9481],[-71.33778,43.94865],[-71.33685,43.94891],[-71.33664,43.94872],[-71.33621,43.94904],[-71.33557,43.94907],[-71.3355,43.94934],[-71.33503,43.94938],[-71.33399,43.94857],[-71.33343,43.9489],[-71.33302,43.94812],[-71.33077,43.94818],[-71.32986,43.94787],[-71.32894,43.94718],[-71.32855,43.94644],[-71.32801,43.94634]]}},{"type":"Feature","properties":{"t":463,"n":0},"geometry":{"type":"LineString","coordinates":[[-71.34205,43.93749],[-71.33959,43.9362],[-71.33762,43.93634],[-71.33561,43.93623],[-71.33524,43.93606],[-71.33478,43.93515],[-71.33352,43.93382],[-71.3332,43.93259],[-71.33269,43.93208],[-71.33049,43.9313],[-71.32717,43.92953],[-71.32167,43.92876],[-71.31854,43.92899]]}},{"type":"Feature","properties":{"t":618,"n":0},"geometry":{"type":"LineString","coordinates":[[-71.30874,43.9396],[-71.30814,43.93861],[-71.30781,43.93632],[-71.30726,43.93483],[-71.30658,43.93385],[-71.30611,43.93355],[-71.30528,43.93213],[-71.30486,43.93171],[-71.30431,43.93151]]}},{"type":"Feature","properties":{"t":281,"n":0},"geometry":{"type":"LineString","coordinates":[[-71.29796,43.98949],[-71.29849,43.98817],[-71.29774,43.98527],[-71.29821,43.98353],[-71.29822,43.98154],[-71.29863,43.98009],[-71.29847,43.97884],[-71.29765,43.97774],[-71.29741,43.97655],[-71.29782,43.97566],[-71.29777,43.97451],[-71.29837,43.97279],[-71.29789,43.97176],[-71.29794,43.97009],[-71.29822,43.96944],[-71.29898,43.9687],[-71.3,43.96806],[-71.30104,43.96692],[-71.30263,43.96615],[-71.30368,43.96478]]}},{"type":"Feature","properties":{"t":365,"n":0},"geometry":{"type":"LineString","coordinates":[[-71.35417,43.93891],[-71.35361,43.93962],[-71.35275,43.94173],[-71.35238,43.94388],[-71.35249,43.9444],[-71.35308,43.94526],[-71.35492,43.94621],[-71.35611,43.94839],[-71.35739,43.94881],[-71.35822,43.94879],[-71.3591,43.94942],[-71.35911,43.95046]]}},{"type":"Feature","properties":{"t":404,"n":0},"geometry":{"type":"LineString","coordinates":[[-71.35611,43.91758],[-71.35626,43.91894],[-71.356,43.91944],[-71.35636,43.92026],[-71.35569,43.92008],[-71.35492,43.92048],[-71.35435,43.9204],[-71.35429,43.92181],[-71.35412,43.92238],[-71.35318,43.9236],[-71.3532,43.92442],[-71.35156,43.92578],[-71.35039,43.92764],[-71.35038,43.92869],[-71.34943,43.92992],[-71.34744,43.93115],[-71.3466,43.93134],[-71.34586,43.93186],[-71.3457,43.93308],[-71.34608,43.93403],[-71.34617,43.93579],[-71.34738,43.93672],[-71.34894,43.93868],[-71.3495,43.93976]]}},{"type":"Feature","properties":{"t":666,"n":0},"geometry":{"type":"LineString","coordinates":[[-71.35911,43.95046],[-71.35657,43.95027],[-71.35614,43.95055],[-71.35575,43.95136],[-71.35461,43.95259],[-71.3532,43.95294],[-71.35222,43.95274]]}},{"type":"Feature","properties":{"t":300,"n":0},"geometry":{"type":"LineString","coordinates":[[-71.35193,43.95274],[-71.35091,43.95412],[-71.35067,43.95592],[-71.34997,43.95673],[-71.35021,43.95762],[-71.34986,43.96014],[-71.34813,43.96218],[-71.34794,43.96342],[-71.34745,43.96367],[-71.34731,43.96396],[-71.34736,43.96455],[-71.34814,43.96575]]}},{"type":"Feature","properties":{"t":300,"n":0},"geometry":{"type":"LineString","coordinates":[[-71.34936,43.97067],[-71.34944,43.97104],[-71.34903,43.97224],[-71.34694,43.97445],[-71.34454,43.97623],[-71.34377,43.97821],[-71.34315,43.97885],[-71.34438,43.97985],[-71.34381,43.98159],[-71.34389,43.98306],[-71.34528,43.9863]]}},{"type":"Feature","properties":{"t":219,"n":0},"geometry":{"type":"LineString","coordinates":[[-71.36707,43.942],[-71.36605,43.94153],[-71.36531,43.94158],[-71.36432,43.94131],[-71.36356,43.94151],[-71.36164,43.94136],[-71.36123,43.94117],[-71.35831,43.94139],[-71.35792,43.94125],[-71.35713,43.94018],[-71.35558,43.93974],[-71.35541,43.93943],[-71.35462,43.93927],[-71.35417,43.93891]]}},{"type":"Feature","properties":{"t":219,"n":0},"geometry":{"type":"LineString","coordinates":[[-71.37914,43.95021],[-71.37822,43.94981],[-71.37759,43.94911],[-71.37662,43.94873],[-71.3752,43.94769],[-71.37379,43.94729],[-71.37229,43.94713],[-71.3718,43.94687],[-71.37123,43.94603],[-71.37124,43.94364],[-71.37079,43.94271],[-71.36964,43.94313],[-71.36885,43.94251],[-71.36707,43.942]]}},{"type":"Feature","properties":{"t":219,"n":1},"geometry":{"type":"LineString","coordinates":[[-71.38121,43.95496],[-71.38045,43.95491],[-71.38044,43.95467]]}},{"type":"Feature","properties":{"t":219,"n":0},"geometry":{"type":"LineString","coordinates":[[-71.38044,43.95467],[-71.3805,43.9543],[-71.37989,43.95418],[-71.38022,43.95367],[-71.38002,43.95266],[-71.3803,43.9523],[-71.38016,43.95196],[-71.37964,43.95167],[-71.37958,43.95097],[-71.38043,43.95046]]}},{"type":"Feature","properties":{"t":76,"n":1},"geometry":{"type":"LineString","coordinates":[[-71.38045,43.95491],[-71.38092,43.95549],[-71.38226,43.95644],[-71.38264,43.95747]]}},{"type":"Feature","properties":{"t":196,"n":1},"geometry":{"type":"LineString","coordinates":[[-71.39803,43.92976],[-71.39762,43.93]]}},{"type":"Feature","properties":{"t":196,"n":0},"geometry":{"type":"LineString","coordinates":[[-71.39762,43.93],[-71.39584,43.93027],[-71.39426,43.93136],[-71.3914,43.93138],[-71.39047,43.931],[-71.38994,43.93107],[-71.38799,43.92936],[-71.38788,43.92838],[-71.38739,43.92792],[-71.3863,43.92755],[-71.38492,43.92778],[-71.38428,43.92704],[-71.38388,43.92691]]}},{"type":"Feature","properties":{"t":196,"n":1},"geometry":{"type":"LineString","coordinates":[[-71.38388,43.92691],[-71.3835,43.92664]]}},{"type":"Feature","properties":{"t":211,"n":1},"geometry":{"type":"LineString","coordinates":[[-71.38796,43.91616],[-71.38764,43.91603]]}},{"type":"Feature","properties":{"t":211,"n":0},"geometry":{"type":"LineString","coordinates":[[-71.38764,43.91603],[-71.38563,43.91566],[-71.38429,43.91681],[-71.38217,43.91619],[-71.38178,43.91599],[-71.38195,43.91417],[-71.38096,43.91483],[-71.38051,43.91573],[-71.37996,43.91595],[-71.37945,43.91595],[-71.37848,43.91548],[-71.37785,43.9154],[-71.37691,43.91586],[-71.37606,43.916],[-71.37504,43.91593],[-71.37335,43.91536],[-71.37238,43.91555],[-71.37094,43.91541],[-71.37001,43.91495],[-71.36881,43.91467],[-71.3666,43.91322]]}},{"type":"Feature","properties":{"t":211,"n":1},"geometry":{"type":"LineString","coordinates":[[-71.3666,43.91322],[-71.36651,43.9128]]}},{"type":"Feature","properties":{"t":243,"n":0},"geometry":{"type":"LineString","coordinates":[[-71.41584,43.94044],[-71.41747,43.9401],[-71.41863,43.94037],[-71.41962,43.94024],[-71.42189,43.94126],[-71.42253,43.94193],[-71.42245,43.94228],[-71.42272,43.94269],[-71.42448,43.94422],[-71.42504,43.94506],[-71.42583,43.94548],[-71.42682,43.94552],[-71.42688,43.94618],[-71.42731,43.94658],[-71.42755,43.94746],[-71.42807,43.94787],[-71.42848,43.94898],[-71.43055,43.94997],[-71.43162,43.9503],[-71.43237,43.95034],[-71.43266,43.95113],[-71.4353,43.95384],[-71.43604,43.95558],[-71.43668,43.9562],[-71.43687,43.95633],[-71.43805,43.95604],[-71.43896,43.95668],[-71.44021,43.95683],[-71.44139,43.95792],[-71.44324,43.95841],[-71.44339,43.95903],[-71.4438,43.95926]]}},{"type":"Feature","properties":{"t":129,"n":0},"geometry":{"type":"LineString","coordinates":[[-71.47002,43.95481],[-71.46997,43.95532],[-71.4721,43.95829],[-71.47179,43.95887],[-71.47224,43.95965],[-71.47194,43.96124],[-71.47258,43.96127],[-71.47282,43.96258],[-71.473,43.96265],[-71.47316,43.96232],[-71.47337,43.96236],[-71.47408,43.96396],[-71.4743,43.96406],[-71.47463,43.9638],[-71.47496,43.96419],[-71.4761,43.96611],[-71.4761,43.96722],[-71.47649,43.9674],[-71.47738,43.96686],[-71.47892,43.96646],[-71.4801,43.96669]]}},{"type":"Feature","properties":{"t":129,"n":0},"geometry":{"type":"LineString","coordinates":[[-71.48351,43.96104],[-71.48146,43.95936],[-71.48076,43.95928],[-71.47879,43.95853],[-71.47806,43.95737],[-71.4774,43.95715],[-71.47677,43.95666],[-71.47644,43.95675],[-71.47625,43.95712],[-71.47586,43.95721],[-71.47426,43.95616],[-71.47002,43.95481]]}},{"type":"Feature","properties":{"t":533,"n":0},"geometry":{"type":"LineString","coordinates":[[-71.49601,43.98116],[-71.4952,43.98081],[-71.49221,43.98046],[-71.49075,43.97989],[-71.49009,43.97996],[-71.48954,43.97973],[-71.48852,43.97974],[-71.48729,43.97946],[-71.48563,43.97964],[-71.48466,43.98047],[-71.4835,43.98084],[-71.4834,43.9811],[-71.48251,43.98142],[-71.47996,43.98168],[-71.47863,43.98114]]}},{"type":"Feature","properties":{"t":431,"n":0},"geometry":{"type":"LineString","coordinates":[[-71.35161,43.96726],[-71.35046,43.96799],[-71.34974,43.96919],[-71.34936,43.97067]]}},{"type":"Feature","properties":{"t":431,"n":0},"geometry":{"type":"LineString","coordinates":[[-71.36724,43.95208],[-71.36651,43.9533],[-71.36265,43.95595],[-71.3622,43.95661],[-71.36187,43.95847],[-71.36087,43.95923],[-71.36044,43.96032],[-71.3596,43.96077],[-71.35912,43.96148],[-71.35452,43.96547]]}},{"type":"Feature","properties":{"t":365,"n":0},"geometry":{"type":"LineString","coordinates":[[-71.36724,43.95208],[-71.36713,43.95174],[-71.36583,43.95109],[-71.3656,43.95134],[-71.36514,43.95132],[-71.36439,43.95169],[-71.36332,43.95287],[-71.36249,43.95277],[-71.36141,43.95339],[-71.36088,43.95347],[-71.36058,43.95332],[-71.36161,43.95234],[-71.36144,43.95197],[-71.36066,43.95153],[-71.35932,43.95157],[-71.35911,43.95046]]}},{"type":"Feature","properties":{"t":300,"n":0},"geometry":{"type":"LineString","coordinates":[[-71.34723,43.99046],[-71.34873,43.99274],[-71.34907,43.99292],[-71.35017,43.99289]]}},{"type":"Feature","properties":{"t":313,"n":0},"geometry":{"type":"LineString","coordinates":[[-71.36715,43.97368],[-71.36735,43.97336],[-71.36816,43.97321],[-71.36836,43.97291],[-71.36876,43.97302],[-71.36887,43.97275],[-71.36934,43.97293],[-71.36953,43.97335],[-71.37005,43.97301],[-71.37001,43.97243],[-71.3688,43.97175],[-71.36754,43.97212],[-71.36603,43.97212],[-71.36466,43.97288],[-71.36202,43.97298],[-71.36129,43.97338],[-71.36108,43.97386],[-71.36162,43.97444],[-71.36343,43.97452],[-71.36405,43.97486],[-71.36387,43.97522],[-71.36294,43.97539],[-71.36277,43.97573],[-71.36373,43.97686],[-71.3661,43.97892],[-71.36618,43.97972],[-71.36484,43.98038],[-71.3649,43.98112],[-71.3646,43.98162],[-71.36469,43.98321],[-71.36634,43.98397],[-71.36964,43.98475]]}},{"type":"Feature","properties":{"t":282,"n":0},"geometry":{"type":"LineString","coordinates":[[-71.40532,44.0528],[-71.40452,44.05255],[-71.39994,44.05313],[-71.39928,44.05297],[-71.39666,44.05297],[-71.39412,44.05223],[-71.39192,44.05251],[-71.3912,44.05229],[-71.38936,44.0509],[-71.38812,44.05023],[-71.38518,44.04991],[-71.38468,44.04961],[-71.38376,44.04827],[-71.38194,44.04867],[-71.38163,44.04842],[-71.38104,44.04777],[-71.38254,44.04712],[-71.38365,44.04583],[-71.38588,44.04419],[-71.38587,44.04332],[-71.38544,44.04302],[-71.38489,44.04159],[-71.38397,44.04052],[-71.38164,44.03923],[-71.38028,44.03715],[-71.37741,44.03507],[-71.37626,44.033],[-71.37456,44.03092],[-71.37451,44.03048],[-71.37499,44.02956],[-71.37519,44.02823],[-71.37351,44.02686],[-71.37332,44.02637],[-71.37063,44.02464],[-71.37031,44.02323],[-71.37085,44.02215],[-71.37085,44.02101],[-71.36922,44.01457],[-71.36724,44.01363],[-71.36415,44.01281],[-71.36225,44.01173],[-71.35797,44.00784],[-71.35775,44.00722],[-71.35797,44.00646],[-71.35774,44.00581],[-71.35648,44.00433],[-71.35436,44.00055],[-71.3537,44.00004],[-71.35377,43.99968],[-71.35434,43.99953]]}},{"type":"Feature","properties":{"t":393,"n":0},"geometry":{"type":"LineString","coordinates":[[-71.46743,43.98278],[-71.46691,43.98144],[-71.46728,43.98083],[-71.46776,43.98062],[-71.47025,43.98025],[-71.4712,43.97979],[-71.47126,43.97955],[-71.47025,43.97922],[-71.46749,43.97889],[-71.46547,43.97833],[-71.46361,43.97749],[-71.46301,43.97678],[-71.46165,43.97614],[-71.46005,43.9764]]}},{"type":"Feature","properties":{"t":183,"n":0},"geometry":{"type":"LineString","coordinates":[[-71.27487,43.96165],[-71.27356,43.96312],[-71.27278,43.9636],[-71.27149,43.96408],[-71.2714,43.96397]]}},{"type":"Feature","properties":{"t":183,"n":1},"geometry":{"type":"LineString","coordinates":[[-71.2714,43.96397],[-71.27097,43.96391]]}},{"type":"Feature","properties":{"t":193,"n":0},"geometry":{"type":"LineString","coordinates":[[-71.27533,43.95267],[-71.27576,43.95287],[-71.27522,43.95613],[-71.27539,43.95702],[-71.27525,43.95797]]}},{"type":"Feature","properties":{"t":193,"n":2},"geometry":{"type":"LineString","coordinates":[[-71.27525,43.95797],[-71.27485,43.95821]]}},{"type":"Feature","properties":{"t":8,"n":2},"geometry":{"type":"LineString","coordinates":[[-71.25343,43.95442],[-71.25398,43.95457],[-71.25429,43.95509],[-71.25561,43.956],[-71.25661,43.95639],[-71.25862,43.95794],[-71.25944,43.95709],[-71.26053,43.95718],[-71.2611,43.9576],[-71.26363,43.95708],[-71.26446,43.95667],[-71.26393,43.95742],[-71.26491,43.95725],[-71.26474,43.95782],[-71.26571,43.95797],[-71.26676,43.9578],[-71.26499,43.95923],[-71.26525,43.95961],[-71.26594,43.95961],[-71.26671,43.9593],[-71.26717,43.95937],[-71.26712,43.95981],[-71.26759,43.95999],[-71.26832,43.95968],[-71.26939,43.9599],[-71.26965,43.95979],[-71.27094,43.95995],[-71.27164,43.95973],[-71.27312,43.96003],[-71.27359,43.95992],[-71.27433,43.95892],[-71.27436,43.9584],[-71.27485,43.95821],[-71.27405,43.95712],[-71.27429,43.95682],[-71.27365,43.95649],[-71.27353,43.95599],[-71.27365,43.95608],[-71.27386,43.95593],[-71.27379,43.95557],[-71.27329,43.95496],[-71.27358,43.95427],[-71.27326,43.95428]]}},{"type":"Feature","properties":{"t":160,"n":2},"geometry":{"type":"LineString","coordinates":[[-71.26676,43.9578],[-71.26715,43.95768]]}},{"type":"Feature","properties":{"t":160,"n":1},"geometry":{"type":"LineString","coordinates":[[-71.26715,43.95768],[-71.2673,43.95767]]}},{"type":"Feature","properties":{"t":160,"n":0},"geometry":{"type":"LineString","coordinates":[[-71.2673,43.95767],[-71.26888,43.95758],[-71.26918,43.95773],[-71.26907,43.95791]]}},{"type":"Feature","properties":{"t":271,"n":0},"geometry":{"type":"LineString","coordinates":[[-71.46267,43.87822],[-71.46138,43.87921],[-71.46118,43.88085],[-71.46211,43.8824],[-71.46389,43.88394],[-71.46494,43.88525],[-71.46528,43.88596],[-71.46551,43.888],[-71.46626,43.88967],[-71.4663,43.89048],[-71.46328,43.89567],[-71.46348,43.89686],[-71.46446,43.89796],[-71.46498,43.89897],[-71.46415,43.89936],[-71.46147,43.89956],[-71.46101,43.90001],[-71.46092,43.90067],[-71.46189,43.90196],[-71.46366,43.90334],[-71.46496,43.90529],[-71.46518,43.90777],[-71.46601,43.90928],[-71.46691,43.91017],[-71.46747,43.91129],[-71.46901,43.91197],[-71.46907,43.91231],[-71.46898,43.91261],[-71.4682,43.91287],[-71.46684,43.91248],[-71.46615,43.91197],[-71.46428,43.9091],[-71.46298,43.9078],[-71.46071,43.90678],[-71.45914,43.90629],[-71.45819,43.90666],[-71.45717,43.90775],[-71.45659,43.90885],[-71.45657,43.91025]]}},{"type":"Feature","properties":{"t":442,"n":0},"geometry":{"type":"LineString","coordinates":[[-71.46631,43.89141],[-71.46774,43.89191],[-71.46981,43.89311],[-71.47161,43.89318],[-71.47233,43.89343],[-71.4724,43.89387],[-71.47393,43.89401],[-71.47556,43.89458],[-71.47581,43.89489],[-71.47514,43.89572],[-71.47562,43.89676],[-71.47615,43.89728],[-71.47761,43.8971],[-71.47909,43.89785],[-71.48237,43.89905],[-71.48415,43.90003],[-71.48487,43.89974],[-71.48609,43.89968],[-71.48649,43.89988],[-71.48735,43.89962],[-71.49008,43.90055]]}},{"type":"Feature","properties":{"t":318,"n":0},"geometry":{"type":"LineString","coordinates":[[-71.49047,43.90047],[-71.49308,43.90081],[-71.49512,43.90052],[-71.49644,43.90003],[-71.49798,43.90026],[-71.4981,43.9004]]}},{"type":"Feature","properties":{"t":261,"n":0},"geometry":{"type":"LineString","coordinates":[[-71.41316,43.90236],[-71.41262,43.90216],[-71.41174,43.90242],[-71.40912,43.90171],[-71.40873,43.90146],[-71.40714,43.90113],[-71.40679,43.90086],[-71.40615,43.90088],[-71.40584,43.90108],[-71.40573,43.90242],[-71.40718,43.90404],[-71.40814,43.90444],[-71.4086,43.90494],[-71.4094,43.90661],[-71.40931,43.90974],[-71.41017,43.91236],[-71.40957,43.91328],[-71.40956,43.91383],[-71.41067,43.91551],[-71.41026,43.9162],[-71.41034,43.91754],[-71.40902,43.919],[-71.40921,43.9202],[-71.40879,43.92159],[-71.40797,43.92234],[-71.40759,43.92338],[-71.40785,43.92381],[-71.40793,43.92492],[-71.40833,43.92545],[-71.40932,43.92614],[-71.40893,43.92689],[-71.40896,43.93048],[-71.40834,43.93181],[-71.40706,43.93288],[-71.40589,43.93335]]}},{"type":"Feature","properties":{"t":261,"n":1},"geometry":{"type":"LineString","coordinates":[[-71.40589,43.93335],[-71.4057,43.9336]]}},{"type":"Feature","properties":{"t":232,"n":0},"geometry":{"type":"LineString","coordinates":[[-71.39748,43.89425],[-71.3979,43.89508],[-71.39864,43.89547],[-71.39902,43.89603],[-71.39891,43.8968],[-71.39937,43.89985],[-71.39872,43.90049],[-71.39914,43.90075],[-71.39896,43.90114],[-71.39709,43.90148],[-71.39389,43.90171],[-71.39291,43.90193],[-71.39188,43.9026],[-71.39101,43.90288],[-71.38689,43.90336],[-71.38571,43.90405],[-71.38495,43.90414],[-71.38401,43.90597],[-71.38168,43.90728],[-71.37911,43.90971],[-71.37814,43.91032],[-71.37509,43.91135],[-71.37271,43.91354]]}},{"type":"Feature","properties":{"t":232,"n":1},"geometry":{"type":"LineString","coordinates":[[-71.37271,43.91354],[-71.37238,43.91394]]}},{"type":"Feature","properties":{"t":555,"n":0},"geometry":{"type":"LineString","coordinates":[[-71.37509,43.91135],[-71.37251,43.90884],[-71.37225,43.90787],[-71.37121,43.90674],[-71.36869,43.90622],[-71.36716,43.90624],[-71.3656,43.90515],[-71.36325,43.90508],[-71.36231,43.90521]]}},{"type":"Feature","properties":{"t":686,"n":0},"geometry":{"type":"LineString","coordinates":[[-71.37585,43.93236],[-71.37485,43.93111],[-71.37384,43.92851],[-71.37273,43.92714]]}},{"type":"Feature","properties":{"t":709,"n":0},"geometry":{"type":"LineString","coordinates":[[-71.37125,43.93547],[-71.37109,43.93533]]}},{"type":"Feature","properties":{"t":798,"n":0},"geometry":{"type":"LineString","coordinates":[[-71.42562,43.94624],[-71.42597,43.94551]]}},{"type":"Feature","properties":{"t":300,"n":0},"geometry":{"type":"LineString","coordinates":[[-71.3495,43.93976],[-71.35011,43.94123],[-71.35092,43.94207],[-71.35136,43.94329],[-71.35146,43.94458],[-71.35186,43.94512],[-71.35184,43.94593],[-71.35145,43.94639],[-71.35143,43.94684],[-71.35191,43.94729],[-71.35224,43.94973],[-71.35211,43.95018],[-71.35244,43.95118],[-71.35193,43.95274]]}},{"type":"Feature","properties":{"t":460,"n":0},"geometry":{"type":"LineString","coordinates":[[-71.35624,43.9203],[-71.35597,43.92103],[-71.35592,43.9228],[-71.35694,43.92358],[-71.35859,43.92408],[-71.35894,43.92455],[-71.35964,43.92481],[-71.36017,43.92593],[-71.36141,43.92556],[-71.36299,43.92548],[-71.36378,43.92466],[-71.36396,43.92417],[-71.36378,43.92358],[-71.36437,43.92312],[-71.3647,43.92242]]}},{"type":"Feature","properties":{"t":460,"n":0},"geometry":{"type":"LineString","coordinates":[[-71.35435,43.9204],[-71.35336,43.91994],[-71.35388,43.91951],[-71.35417,43.91815],[-71.35547,43.91605],[-71.35581,43.91492],[-71.35564,43.9145],[-71.35604,43.91423],[-71.35704,43.91418],[-71.35753,43.91398]]}},{"type":"Feature","properties":{"t":36,"n":1},"geometry":{"type":"LineString","coordinates":[[-71.4057,43.9336],[-71.406,43.93407],[-71.40708,43.93484],[-71.40723,43.93548],[-71.40779,43.9361]]}},{"type":"Feature","properties":{"t":350,"n":0},"geometry":{"type":"LineString","coordinates":[[-71.48261,43.95122],[-71.48293,43.95156],[-71.48338,43.95164],[-71.48358,43.95217],[-71.48429,43.95283],[-71.48518,43.95334],[-71.48647,43.95529],[-71.48789,43.95641],[-71.48884,43.95642],[-71.48922,43.95671],[-71.48964,43.9585],[-71.48939,43.95927],[-71.49273,43.96058],[-71.49396,43.9608],[-71.49457,43.96076],[-71.49613,43.95976],[-71.49715,43.95951]]}},{"type":"Feature","properties":{"t":733,"n":0},"geometry":{"type":"LineString","coordinates":[[-71.49715,43.95951],[-71.49727,43.95999],[-71.49693,43.96049],[-71.49833,43.96105],[-71.49797,43.96158],[-71.49852,43.96207]]}},{"type":"Feature","properties":{"t":370,"n":0},"geometry":{"type":"LineString","coordinates":[[-71.30289,43.92451],[-71.30202,43.92519],[-71.29966,43.92459],[-71.29923,43.92462],[-71.29839,43.92517]]}},{"type":"Feature","properties":{"t":370,"n":0},"geometry":{"type":"LineString","coordinates":[[-71.29797,43.92562],[-71.29687,43.92647],[-71.29567,43.92703],[-71.29514,43.92787],[-71.29423,43.92855]]}},{"type":"Feature","properties":{"t":364,"n":0},"geometry":{"type":"LineString","coordinates":[[-71.32801,43.94634],[-71.32739,43.94599],[-71.32609,43.94625],[-71.32535,43.94571],[-71.32464,43.94556],[-71.32375,43.94502],[-71.32387,43.94304],[-71.32316,43.94191],[-71.32254,43.94142]]}},{"type":"Feature","properties":{"t":281,"n":0},"geometry":{"type":"LineString","coordinates":[[-71.29354,43.91742],[-71.29549,43.91892]]}},{"type":"Feature","properties":{"t":691,"n":0},"geometry":{"type":"LineString","coordinates":[[-71.48504,43.82847],[-71.48584,43.82809],[-71.48669,43.82795],[-71.48865,43.82815],[-71.49212,43.82723]]}},{"type":"Feature","properties":{"t":799,"n":0},"geometry":{"type":"LineString","coordinates":[[-71.47863,43.98114],[-71.47706,43.98132],[-71.47687,43.98155]]}},{"type":"Feature","properties":{"t":808,"n":0},"geometry":{"type":"LineString","coordinates":[[-71.49935,43.96851],[-71.49849,43.96961]]}},{"type":"Feature","properties":{"t":542,"n":0},"geometry":{"type":"LineString","coordinates":[[-71.35336,43.91994],[-71.35258,43.92106],[-71.35196,43.92113],[-71.35137,43.92103],[-71.34908,43.91986],[-71.34798,43.91954],[-71.34699,43.91997],[-71.34575,43.9209],[-71.34536,43.92175],[-71.34507,43.92185],[-71.34397,43.92065],[-71.34355,43.91843],[-71.34298,43.91752]]}},{"type":"Feature","properties":{"t":629,"n":0},"geometry":{"type":"LineString","coordinates":[[-71.37999,43.99555],[-71.38444,43.99483],[-71.39173,43.99482]]}},{"type":"Feature","properties":{"t":604,"n":0},"geometry":{"type":"LineString","coordinates":[[-71.41062,43.99638],[-71.41069,43.99584],[-71.41005,43.99557],[-71.40597,43.9956],[-71.40528,43.99527],[-71.40297,43.99482],[-71.40218,43.99434],[-71.40144,43.99256],[-71.40085,43.9919]]}},{"type":"Feature","properties":{"t":8,"n":2},"geometry":{"type":"LineString","coordinates":[[-71.25335,43.95449],[-71.25343,43.95442]]}},{"type":"Feature","properties":{"t":815,"n":0},"geometry":{"type":"LineString","coordinates":[[-71.39628,43.99388],[-71.39619,43.99366],[-71.39643,43.99374]]}},{"type":"Feature","properties":{"t":815,"n":0},"geometry":{"type":"LineString","coordinates":[[-71.39648,43.99482],[-71.39602,43.99423]]}},{"type":"Feature","properties":{"t":416,"n":0},"geometry":{"type":"LineString","coordinates":[[-71.35647,43.91565],[-71.35587,43.917],[-71.35601,43.91745],[-71.35697,43.91829],[-71.35775,43.91958],[-71.35775,43.92081],[-71.3581,43.92121],[-71.35946,43.92168],[-71.35964,43.92278],[-71.35954,43.92376],[-71.35706,43.92776],[-71.35688,43.9285],[-71.35598,43.92904],[-71.35554,43.92987],[-71.3549,43.93271],[-71.35404,43.93413],[-71.35418,43.93513],[-71.35399,43.93638],[-71.35452,43.93829],[-71.35417,43.93891]]}},{"type":"Feature","properties":{"t":370,"n":0},"geometry":{"type":"LineString","coordinates":[[-71.29797,43.92562],[-71.29839,43.92517]]}},{"type":"Feature","properties":{"t":313,"n":0},"geometry":{"type":"LineString","coordinates":[[-71.36964,43.98475],[-71.3698,43.98568],[-71.36949,43.98707],[-71.36762,43.98877],[-71.36675,43.99024],[-71.3668,43.99097],[-71.36632,43.99192]]}},{"type":"Feature","properties":{"t":271,"n":0},"geometry":{"type":"LineString","coordinates":[[-71.4453,43.91773],[-71.44422,43.91684],[-71.44227,43.91675],[-71.44085,43.91551],[-71.44035,43.91551],[-71.44007,43.916],[-71.43952,43.91624],[-71.43705,43.91639],[-71.43613,43.91668],[-71.43354,43.91636],[-71.43256,43.91648],[-71.43034,43.91609],[-71.42894,43.91493],[-71.42727,43.91423],[-71.42491,43.91354],[-71.42345,43.91259],[-71.42284,43.91244],[-71.42052,43.91088],[-71.41901,43.91021],[-71.41778,43.90861],[-71.41625,43.90739],[-71.41599,43.90664],[-71.41431,43.90399],[-71.41335,43.90317],[-71.41312,43.90272],[-71.41348,43.90102],[-71.41395,43.90045],[-71.41373,43.89968],[-71.4139,43.8987],[-71.41323,43.89734],[-71.41165,43.89582],[-71.41058,43.89533],[-71.41008,43.89477],[-71.40937,43.89451],[-71.40908,43.89399],[-71.40942,43.89258],[-71.40972,43.8922],[-71.41072,43.89178],[-71.41116,43.89126],[-71.41073,43.89029],[-71.41104,43.88941],[-71.41078,43.88775],[-71.40962,43.88728],[-71.40791,43.88621],[-71.40614,43.88591],[-71.40539,43.88605]]}},{"type":"Feature","properties":{"t":300,"n":0},"geometry":{"type":"LineString","coordinates":[[-71.34584,43.98877],[-71.34661,43.98974]]}},{"type":"Feature","properties":{"t":300,"n":0},"geometry":{"type":"LineString","coordinates":[[-71.34661,43.98974],[-71.34723,43.99046]]}},{"type":"Feature","properties":{"t":300,"n":0},"geometry":{"type":"LineString","coordinates":[[-71.34814,43.96575],[-71.3484,43.96622],[-71.34874,43.96905],[-71.34935,43.97045]]}},{"type":"Feature","properties":{"t":431,"n":0},"geometry":{"type":"LineString","coordinates":[[-71.35452,43.96547],[-71.35394,43.96611],[-71.35253,43.96664],[-71.35161,43.96726]]}},{"type":"Feature","properties":{"t":313,"n":0},"geometry":{"type":"LineString","coordinates":[[-71.36632,43.99192],[-71.36826,43.99338],[-71.36935,43.99392]]}},{"type":"Feature","properties":{"t":543,"n":0},"geometry":{"type":"LineString","coordinates":[[-71.49301,43.96093],[-71.49283,43.96059],[-71.49317,43.96018],[-71.49319,43.95977],[-71.49227,43.95794],[-71.49163,43.95267],[-71.49076,43.94956],[-71.4903,43.94916],[-71.48998,43.94835]]}},{"type":"Feature","properties":{"t":594,"n":0},"geometry":{"type":"LineString","coordinates":[[-71.48941,43.96559],[-71.49023,43.96573]]}},{"type":"Feature","properties":{"t":300,"n":0},"geometry":{"type":"LineString","coordinates":[[-71.34528,43.9863],[-71.34573,43.98698],[-71.34584,43.98877]]}},{"type":"Feature","properties":{"t":386,"n":0},"geometry":{"type":"LineString","coordinates":[[-71.33172,43.97648],[-71.32739,43.97722],[-71.32508,43.97824],[-71.32439,43.97981],[-71.32334,43.98059],[-71.32358,43.98135],[-71.32269,43.98237],[-71.32346,43.98284],[-71.3253,43.98259],[-71.32573,43.9827],[-71.32581,43.98314],[-71.32455,43.98449],[-71.32513,43.98552],[-71.32766,43.98609],[-71.32871,43.98597],[-71.33111,43.98698],[-71.33115,43.988],[-71.33194,43.98997],[-71.33398,43.99161],[-71.3346,43.99245],[-71.33756,43.99414],[-71.33752,43.9944],[-71.33679,43.99492]]}},{"type":"Feature","properties":{"t":271,"n":0},"geometry":{"type":"LineString","coordinates":[[-71.45657,43.91025],[-71.45752,43.91032],[-71.45796,43.91054],[-71.45768,43.91088],[-71.45773,43.91135],[-71.45672,43.91229],[-71.45667,43.91294],[-71.45563,43.91347],[-71.45431,43.91502],[-71.45345,43.91531],[-71.45231,43.91637],[-71.4517,43.91635]]}},{"type":"Feature","properties":{"t":271,"n":0},"geometry":{"type":"LineString","coordinates":[[-71.44953,43.9186],[-71.44888,43.91874],[-71.4453,43.91773]]}},{"type":"Feature","properties":{"t":271,"n":0},"geometry":{"type":"LineString","coordinates":[[-71.4517,43.91635],[-71.45003,43.91757],[-71.44953,43.9186]]}},{"type":"Feature","properties":{"t":666,"n":0},"geometry":{"type":"LineString","coordinates":[[-71.35222,43.95274],[-71.35193,43.95274]]}},{"type":"Feature","properties":{"t":297,"n":0},"geometry":{"type":"LineString","coordinates":[[-71.39322,43.99739],[-71.39493,43.99618],[-71.39611,43.9957],[-71.39649,43.99506],[-71.39643,43.99374]]}},{"type":"Feature","properties":{"t":220,"n":0},"geometry":{"type":"LineString","coordinates":[[-71.24938,43.94265],[-71.24838,43.9428],[-71.24533,43.94383],[-71.24418,43.94388],[-71.24487,43.94459],[-71.24597,43.94505],[-71.24614,43.94557],[-71.24562,43.94593],[-71.24489,43.94579],[-71.24392,43.94522],[-71.24168,43.94535],[-71.23829,43.94479]]}},{"type":"Feature","properties":{"t":220,"n":1},"geometry":{"type":"LineString","coordinates":[[-71.23829,43.94479],[-71.23789,43.94478]]}},{"type":"Feature","properties":{"t":220,"n":0},"geometry":{"type":"LineString","coordinates":[[-71.23789,43.94478],[-71.2373,43.94488]]}},{"type":"Feature","properties":{"t":220,"n":1},"geometry":{"type":"LineString","coordinates":[[-71.2373,43.94488],[-71.2369,43.94501]]}},{"type":"Feature","properties":{"t":8,"n":1},"geometry":{"type":"LineString","coordinates":[[-71.22893,43.94049],[-71.22955,43.94047],[-71.23,43.94087],[-71.23021,43.94145],[-71.23125,43.94235],[-71.23209,43.94267],[-71.23245,43.94359],[-71.23356,43.94423],[-71.23466,43.94466],[-71.23555,43.94467],[-71.23747,43.94525],[-71.23809,43.94514],[-71.24048,43.94554],[-71.24089,43.94593],[-71.24327,43.94657],[-71.24367,43.9469],[-71.2435,43.94725],[-71.2441,43.94791],[-71.2442,43.94848],[-71.24477,43.94901]]}},{"type":"Feature","properties":{"t":8,"n":2},"geometry":{"type":"LineString","coordinates":[[-71.24477,43.94901],[-71.24499,43.94919]]}},{"type":"Feature","properties":{"t":58,"n":2},"geometry":{"type":"LineString","coordinates":[[-71.24499,43.94919],[-71.24467,43.94964]]}},{"type":"Feature","properties":{"t":58,"n":1},"geometry":{"type":"LineString","coordinates":[[-71.24467,43.94964],[-71.24427,43.94995],[-71.24427,43.95048],[-71.24406,43.95067],[-71.24281,43.95006],[-71.24234,43.95059],[-71.24305,43.95159],[-71.24579,43.95429],[-71.24601,43.955],[-71.24646,43.95516],[-71.2477,43.95619]]}},{"type":"Feature","properties":{"t":311,"n":0},"geometry":{"type":"LineString","coordinates":[[-71.21464,43.95539],[-71.21515,43.95617],[-71.21614,43.95656],[-71.21721,43.95671],[-71.21735,43.95742],[-71.21802,43.95805],[-71.21807,43.95883],[-71.21897,43.96051],[-71.21943,43.96084],[-71.21965,43.96153],[-71.22034,43.96194],[-71.22064,43.96288],[-71.22141,43.9631],[-71.222,43.96458],[-71.22221,43.96628],[-71.22187,43.96664],[-71.22169,43.96777],[-71.21997,43.96913],[-71.21983,43.9695],[-71.21999,43.96982],[-71.2196,43.9701],[-71.21882,43.97193],[-71.21873,43.9729],[-71.21774,43.97398],[-71.21751,43.97454],[-71.21669,43.97465],[-71.21587,43.97585],[-71.21263,43.97636],[-71.21205,43.97691],[-71.21112,43.97727],[-71.2094,43.97674],[-71.20942,43.97651],[-71.2104,43.97576],[-71.21098,43.97501],[-71.21258,43.97426],[-71.21475,43.97198],[-71.2156,43.97055],[-71.21684,43.96905],[-71.21652,43.96626],[-71.21618,43.96536],[-71.21648,43.96501],[-71.21645,43.96464],[-71.21574,43.96308],[-71.21561,43.96183],[-71.21493,43.96069],[-71.21532,43.95964],[-71.2168,43.95843],[-71.21666,43.95768],[-71.21735,43.95742]]}},{"type":"Feature","properties":{"t":136,"n":1},"geometry":{"type":"LineString","coordinates":[[-71.18362,43.99379],[-71.18404,43.99401],[-71.18447,43.99531],[-71.18301,43.99644],[-71.18308,43.99686],[-71.18363,43.99731],[-71.18378,43.99775],[-71.18239,43.99904],[-71.18252,43.99939],[-71.18297,43.9997],[-71.18302,44.00024],[-71.18415,44.00127],[-71.18599,44.0017],[-71.18666,44.00209],[-71.18803,44.00225],[-71.18842,44.00275],[-71.18853,44.00324],[-71.18835,44.00332]]}},{"type":"Feature","properties":{"t":379,"n":0},"geometry":{"type":"LineString","coordinates":[[-71.83667,44.07434],[-71.83808,44.07409],[-71.83895,44.07354],[-71.83997,44.07318],[-71.84093,44.07223],[-71.84318,44.07169],[-71.84396,44.07131],[-71.84634,44.06854],[-71.84777,44.06781],[-71.84827,44.06668],[-71.84754,44.06533],[-71.84767,44.06405],[-71.85092,44.05967],[-71.85147,44.0575],[-71.85305,44.0557],[-71.85357,44.05445],[-71.85379,44.05281],[-71.85464,44.05128],[-71.85467,44.05043],[-71.85523,44.04951],[-71.85539,44.04815]]}},{"type":"Feature","properties":{"t":527,"n":0},"geometry":{"type":"LineString","coordinates":[[-71.84448,44.14638],[-71.84336,44.14756],[-71.84299,44.14898],[-71.842,44.15003],[-71.84273,44.15243],[-71.8425,44.15314],[-71.84179,44.15368],[-71.84146,44.15423],[-71.84211,44.1559],[-71.84135,44.1572],[-71.84146,44.15777],[-71.84092,44.1585],[-71.84131,44.15934]]}},{"type":"Feature","properties":{"t":343,"n":0},"geometry":{"type":"LineString","coordinates":[[-71.84448,44.14638],[-71.84509,44.14627],[-71.84518,44.14567],[-71.84607,44.14579],[-71.84639,44.1448],[-71.8462,44.14434],[-71.84658,44.14381],[-71.84737,44.14355],[-71.84831,44.14351],[-71.84916,44.14394],[-71.84954,44.14486],[-71.85113,44.14481],[-71.85287,44.14551],[-71.85357,44.14603],[-71.85426,44.14583],[-71.85547,44.14499],[-71.85631,44.14493],[-71.85717,44.14554],[-71.85797,44.14571],[-71.8589,44.14626],[-71.85846,44.14706],[-71.8586,44.14751],[-71.8611,44.14897],[-71.86249,44.14935],[-71.86486,44.15225],[-71.86563,44.15387],[-71.86653,44.15424],[-71.86687,44.15463],[-71.86918,44.15528],[-71.86994,44.15575],[-71.87138,44.15598],[-71.87359,44.15679],[-71.87674,44.15711]]}},{"type":"Feature","properties":{"t":427,"n":0},"geometry":{"type":"LineString","coordinates":[[-71.8743,44.113],[-71.87566,44.11378],[-71.87711,44.11291],[-71.88142,44.1113],[-71.88274,44.11123],[-71.88418,44.11154],[-71.88621,44.11284],[-71.88844,44.11508],[-71.89046,44.11603],[-71.89156,44.11677],[-71.89483,44.12131],[-71.89658,44.12204],[-71.8992,44.12239]]}},{"type":"Feature","properties":{"t":480,"n":0},"geometry":{"type":"LineString","coordinates":[[-71.75085,44.0124],[-71.75321,44.01123],[-71.75512,44.00905],[-71.75695,44.00871],[-71.75919,44.00731],[-71.75957,44.00733],[-71.76079,44.0081],[-71.76191,44.0081],[-71.7631,44.00864],[-71.76376,44.00859],[-71.76392,44.00813]]}},{"type":"Feature","properties":{"t":298,"n":0},"geometry":{"type":"LineString","coordinates":[[-71.71019,44.04296],[-71.71063,44.04384],[-71.71166,44.04503],[-71.71376,44.04615],[-71.715,44.04708],[-71.71641,44.04717],[-71.71818,44.04769],[-71.72043,44.04754],[-71.72161,44.04904],[-71.72419,44.04893],[-71.72528,44.04938],[-71.72983,44.05332],[-71.73087,44.05385],[-71.73254,44.05436],[-71.73472,44.05379],[-71.73603,44.05405],[-71.73805,44.05533],[-71.73902,44.05633],[-71.73967,44.05745],[-71.74178,44.05706],[-71.74532,44.05696],[-71.7459,44.05743],[-71.74629,44.05817],[-71.7473,44.05826],[-71.74919,44.05911],[-71.75011,44.0598],[-71.75225,44.06037],[-71.75348,44.06167],[-71.75528,44.06259],[-71.756,44.06422],[-71.75614,44.0664],[-71.75633,44.06638],[-71.75661,44.0668],[-71.75837,44.06676],[-71.7605,44.06698]]}},{"type":"Feature","properties":{"t":321,"n":0},"geometry":{"type":"LineString","coordinates":[[-71.87351,44.11219],[-71.8743,44.113],[-71.87449,44.11409],[-71.8743,44.11523],[-71.87399,44.11583],[-71.87287,44.1166],[-71.87082,44.11852],[-71.87049,44.11907],[-71.87073,44.12544],[-71.87055,44.12731],[-71.86987,44.12939],[-71.86969,44.1318],[-71.86899,44.13323],[-71.86817,44.1388],[-71.86884,44.14282],[-71.86936,44.14413],[-71.87162,44.14614],[-71.87286,44.14884],[-71.87458,44.15049],[-71.87489,44.15144]]}},{"type":"Feature","properties":{"t":250,"n":0},"geometry":{"type":"LineString","coordinates":[[-71.76602,44.16502],[-71.76534,44.16427],[-71.76424,44.16423],[-71.76225,44.16367],[-71.76186,44.16373],[-71.75869,44.16307],[-71.7577,44.16307],[-71.75717,44.16359],[-71.75559,44.16403],[-71.75515,44.16329],[-71.75568,44.16202],[-71.75559,44.16127],[-71.75519,44.16111],[-71.75462,44.16037],[-71.75342,44.1596],[-71.7523,44.15922],[-71.75177,44.15926],[-71.7519,44.15898],[-71.75141,44.15851],[-71.75032,44.15827],[-71.74844,44.15821],[-71.74819,44.15736],[-71.74613,44.1564],[-71.74573,44.15543],[-71.74602,44.15379],[-71.74642,44.15282],[-71.74753,44.15221],[-71.7482,44.15115],[-71.74854,44.14992],[-71.74842,44.1489],[-71.74695,44.1488],[-71.74658,44.14849],[-71.74572,44.14825],[-71.74483,44.14747],[-71.74492,44.14638],[-71.74446,44.14563],[-71.74453,44.14461],[-71.74399,44.14394],[-71.74371,44.14385],[-71.74254,44.14434],[-71.74137,44.1442],[-71.74122,44.14416],[-71.74157,44.14367],[-71.7414,44.14314],[-71.74,44.14321],[-71.7393,44.14273],[-71.73835,44.14297],[-71.73772,44.14284],[-71.73733,44.14295],[-71.73686,44.14272],[-71.73689,44.1423],[-71.7362,44.14213],[-71.73615,44.14146],[-71.73568,44.1408],[-71.73467,44.14014],[-71.73531,44.13871],[-71.73502,44.13779]]}},{"type":"Feature","properties":{"t":250,"n":1},"geometry":{"type":"LineString","coordinates":[[-71.73502,44.13779],[-71.73464,44.13745]]}},{"type":"Feature","properties":{"t":432,"n":0},"geometry":{"type":"LineString","coordinates":[[-71.94601,44.06616],[-71.9457,44.06663],[-71.94456,44.06689],[-71.94379,44.06729],[-71.94287,44.0672],[-71.93999,44.06634],[-71.9394,44.06646],[-71.93784,44.06744],[-71.93749,44.06801],[-71.93587,44.06918],[-71.93484,44.07022],[-71.93394,44.07066],[-71.93337,44.0718],[-71.93307,44.07192],[-71.93273,44.07163],[-71.93258,44.07185],[-71.93204,44.07191],[-71.93043,44.0717],[-71.93034,44.07208],[-71.92934,44.07282],[-71.92796,44.07258],[-71.92666,44.07356],[-71.92585,44.07364],[-71.92506,44.07418],[-71.92442,44.07402],[-71.92335,44.07419],[-71.923,44.07477],[-71.92161,44.07469]]}},{"type":"Feature","properties":{"t":356,"n":0},"geometry":{"type":"LineString","coordinates":[[-71.74002,44.12183],[-71.74085,44.12169],[-71.7407,44.12122],[-71.74143,44.12036],[-71.74148,44.11964],[-71.74199,44.11912],[-71.74171,44.11841],[-71.74215,44.11772],[-71.74219,44.11676],[-71.7432,44.11524],[-71.7442,44.11468],[-71.74456,44.11407],[-71.74443,44.1137],[-71.74307,44.11398],[-71.74268,44.11363],[-71.74151,44.11357],[-71.74092,44.11261],[-71.74035,44.11239],[-71.74112,44.11072],[-71.74116,44.10939],[-71.74049,44.10906],[-71.74035,44.10802],[-71.74065,44.10684],[-71.74051,44.10538],[-71.74121,44.10478],[-71.74091,44.10171],[-71.7414,44.10077],[-71.74346,44.10026],[-71.74424,44.09977],[-71.74487,44.09968],[-71.74563,44.09977],[-71.74623,44.10017],[-71.74745,44.09995],[-71.74895,44.10009],[-71.75135,44.09864],[-71.75198,44.09862],[-71.75335,44.09804],[-71.75461,44.09683],[-71.75519,44.09657],[-71.75533,44.09592]]}},{"type":"Feature","properties":{"t":148,"n":2},"geometry":{"type":"LineString","coordinates":[[-71.84014,44.01299],[-71.84024,44.01284]]}},{"type":"Feature","properties":{"t":148,"n":1},"geometry":{"type":"LineString","coordinates":[[-71.84024,44.01284],[-71.84035,44.01254]]}},{"type":"Feature","properties":{"t":148,"n":0},"geometry":{"type":"LineString","coordinates":[[-71.84035,44.01254],[-71.84049,44.01248]]}},{"type":"Feature","properties":{"t":148,"n":1},"geometry":{"type":"LineString","coordinates":[[-71.84049,44.01248],[-71.8407,44.01238]]}},{"type":"Feature","properties":{"t":148,"n":0},"geometry":{"type":"LineString","coordinates":[[-71.8407,44.01238],[-71.84055,44.0118],[-71.8408,44.01115]]}},{"type":"Feature","properties":{"t":118,"n":2},"geometry":{"type":"LineString","coordinates":[[-71.83143,44.0234],[-71.83221,44.0233],[-71.83309,44.02284],[-71.83331,44.02247],[-71.83558,44.02106],[-71.83684,44.01977],[-71.83788,44.01907],[-71.83891,44.0175],[-71.84014,44.01299]]}},{"type":"Feature","properties":{"t":353,"n":0},"geometry":{"type":"LineString","coordinates":[[-71.78484,44.12417],[-71.78334,44.1236],[-71.78241,44.12199],[-71.78131,44.12143],[-71.78024,44.12034],[-71.77961,44.1186],[-71.78009,44.11804],[-71.77967,44.11702],[-71.779,44.11649],[-71.77742,44.11586],[-71.77707,44.11493],[-71.77629,44.11469],[-71.77473,44.11335],[-71.7747,44.1126],[-71.77513,44.11138],[-71.77508,44.11001],[-71.77448,44.10873],[-71.77445,44.10802],[-71.77326,44.106],[-71.77083,44.10436],[-71.77025,44.10334],[-71.76863,44.10316],[-71.76776,44.10165],[-71.76721,44.10118],[-71.76593,44.10081],[-71.76144,44.10036],[-71.76022,44.09966],[-71.76,44.0993],[-71.75942,44.09922],[-71.75886,44.09858],[-71.75821,44.0982],[-71.75687,44.09661],[-71.75533,44.09592]]}},{"type":"Feature","properties":{"t":330,"n":0},"geometry":{"type":"LineString","coordinates":[[-71.81221,44.11594],[-71.81282,44.11609],[-71.81375,44.1167],[-71.81451,44.11659],[-71.8153,44.11687],[-71.81576,44.11743],[-71.81689,44.11789],[-71.81798,44.12007],[-71.81939,44.12122],[-71.82047,44.12296],[-71.82205,44.12429],[-71.82204,44.12698],[-71.82263,44.13037],[-71.82353,44.13136],[-71.8245,44.13295],[-71.82538,44.13355],[-71.82553,44.13394],[-71.82545,44.13435],[-71.82611,44.1366],[-71.82611,44.13935],[-71.82583,44.13988],[-71.82425,44.14086],[-71.82407,44.14152],[-71.82421,44.14229],[-71.82361,44.14404],[-71.82261,44.14468],[-71.81952,44.14517],[-71.81897,44.14576],[-71.81965,44.14652],[-71.8201,44.14929],[-71.82047,44.14987],[-71.82104,44.15016],[-71.82121,44.15087],[-71.82159,44.15124],[-71.82196,44.15385]]}},{"type":"Feature","properties":{"t":582,"n":0},"geometry":{"type":"LineString","coordinates":[[-71.81189,44.02763],[-71.81172,44.02737],[-71.81049,44.0272],[-71.80956,44.02613],[-71.8072,44.02503],[-71.80609,44.02397],[-71.80536,44.02419],[-71.80444,44.02354],[-71.8039,44.02374],[-71.80381,44.02331],[-71.80343,44.02346],[-71.80292,44.02336],[-71.80247,44.02284],[-71.80197,44.02294],[-71.80138,44.02275],[-71.80086,44.0228]]}},{"type":"Feature","properties":{"t":258,"n":0},"geometry":{"type":"LineString","coordinates":[[-71.79516,44.03884],[-71.79549,44.03844],[-71.79744,44.03822],[-71.79799,44.03835],[-71.79839,44.03809],[-71.79966,44.03778],[-71.80112,44.03759],[-71.80227,44.03699],[-71.80285,44.03701],[-71.80559,44.03625],[-71.80831,44.03514],[-71.80955,44.03381],[-71.80943,44.03322],[-71.8104,44.03299],[-71.81121,44.03209],[-71.81055,44.02953],[-71.81062,44.02869],[-71.81189,44.02763],[-71.81278,44.0278],[-71.8163,44.02969],[-71.81933,44.02916],[-71.82143,44.02922],[-71.8233,44.03048],[-71.82325,44.03188],[-71.82357,44.03224],[-71.8248,44.03097],[-71.82534,44.03071],[-71.82589,44.03105],[-71.82631,44.03103],[-71.82735,44.03033],[-71.82836,44.02998],[-71.8309,44.02806],[-71.83141,44.02789],[-71.83084,44.02699],[-71.83036,44.02676],[-71.83026,44.0262],[-71.83125,44.02375]]}},{"type":"Feature","properties":{"t":258,"n":2},"geometry":{"type":"LineString","coordinates":[[-71.83125,44.02375],[-71.83143,44.0234]]}},{"type":"Feature","properties":{"t":134,"n":0},"geometry":{"type":"LineString","coordinates":[[-71.75533,44.09592],[-71.75554,44.09397],[-71.75648,44.0929],[-71.75574,44.09258],[-71.75387,44.09229],[-71.75216,44.09176],[-71.7536,44.08954],[-71.75371,44.0891],[-71.75334,44.08836],[-71.75369,44.08741],[-71.75363,44.08636],[-71.75389,44.08532],[-71.75373,44.08473],[-71.75312,44.08431],[-71.75312,44.08389],[-71.75239,44.08364],[-71.75209,44.08333],[-71.75272,44.08236],[-71.7526,44.08109],[-71.75293,44.08054],[-71.75289,44.0799],[-71.75189,44.07748],[-71.75091,44.07672],[-71.75081,44.07589],[-71.75301,44.07719],[-71.75425,44.07679],[-71.75466,44.07627],[-71.75559,44.0759],[-71.75593,44.07625],[-71.75617,44.07619],[-71.75726,44.07522],[-71.75795,44.07512],[-71.75842,44.07435],[-71.75823,44.07357],[-71.75867,44.07265],[-71.75918,44.07228],[-71.75934,44.07142],[-71.75967,44.07108],[-71.75965,44.07],[-71.76004,44.06969],[-71.76057,44.06858],[-71.7605,44.06698],[-71.7619,44.06622],[-71.76333,44.06595],[-71.76464,44.06548],[-71.76637,44.06162],[-71.76685,44.06136],[-71.76709,44.06147],[-71.76756,44.06127],[-71.76792,44.06069],[-71.76885,44.05995],[-71.76923,44.05871],[-71.76887,44.05789],[-71.76913,44.05707],[-71.76872,44.0568],[-71.76781,44.05529],[-71.76752,44.05421],[-71.76759,44.05399],[-71.76844,44.05349],[-71.76867,44.05251],[-71.76959,44.05147],[-71.76976,44.05088],[-71.77328,44.0499],[-71.77513,44.04852],[-71.77772,44.04722],[-71.77827,44.04672],[-71.77958,44.04648],[-71.78005,44.04625],[-71.7802,44.04583],[-71.78069,44.04601],[-71.78116,44.04582],[-71.78146,44.04528],[-71.78223,44.04465],[-71.78259,44.04382],[-71.78369,44.04321],[-71.78501,44.04299],[-71.78556,44.04312],[-71.78588,44.04343],[-71.78641,44.0433],[-71.78778,44.04219],[-71.78894,44.04173],[-71.78937,44.04187],[-71.78981,44.04159],[-71.79008,44.04165],[-71.7902,44.04207],[-71.79053,44.04228],[-71.7919,44.04074]]}},{"type":"Feature","properties":{"t":524,"n":0},"geometry":{"type":"LineString","coordinates":[[-71.78178,44.00848],[-71.77965,44.00781],[-71.77884,44.00778],[-71.77657,44.00882],[-71.77562,44.00873],[-71.773,44.00904],[-71.77175,44.00837],[-71.77098,44.0085],[-71.76958,44.00817],[-71.76899,44.00839],[-71.76871,44.00814],[-71.76776,44.008],[-71.76675,44.00755],[-71.76392,44.00813]]}},{"type":"Feature","properties":{"t":351,"n":0},"geometry":{"type":"LineString","coordinates":[[-71.83143,44.02786],[-71.83213,44.02886],[-71.83281,44.03049],[-71.8336,44.03307],[-71.83509,44.03513],[-71.83497,44.03556],[-71.83432,44.03588],[-71.83467,44.03643],[-71.83456,44.03797],[-71.83515,44.039],[-71.83464,44.04184],[-71.83411,44.04267],[-71.83492,44.04507],[-71.83559,44.04579],[-71.83611,44.04605],[-71.83666,44.04737],[-71.83768,44.04848],[-71.83789,44.04947],[-71.83767,44.05088],[-71.83736,44.05121],[-71.83798,44.05278],[-71.83823,44.05294],[-71.83868,44.05289],[-71.83901,44.05328],[-71.83955,44.05343],[-71.84203,44.05322],[-71.84254,44.05414],[-71.84453,44.05486],[-71.84546,44.05495],[-71.84719,44.05474],[-71.85099,44.05622],[-71.85128,44.05675]]}},{"type":"Feature","properties":{"t":831,"n":0},"geometry":{"type":"LineString","coordinates":[[-71.81092,44.03255],[-71.81131,44.033]]}},{"type":"Feature","properties":{"t":347,"n":0},"geometry":{"type":"LineString","coordinates":[[-71.82196,44.15385],[-71.8214,44.15481],[-71.82162,44.15684],[-71.82057,44.15681],[-71.81988,44.1564],[-71.81869,44.157],[-71.81814,44.15759],[-71.81749,44.15792],[-71.81689,44.15895],[-71.81648,44.15899],[-71.81634,44.15936],[-71.81544,44.15942],[-71.81514,44.15966],[-71.81498,44.1603],[-71.81458,44.16055],[-71.81462,44.16144],[-71.81392,44.16216],[-71.81382,44.16266],[-71.81339,44.16259],[-71.81223,44.16313],[-71.81156,44.16374],[-71.81107,44.16366],[-71.8104,44.16431],[-71.81016,44.16587],[-71.81037,44.16593],[-71.81129,44.16753],[-71.81115,44.16929],[-71.81134,44.16966],[-71.8109,44.17034],[-71.81008,44.1699],[-71.80968,44.17133],[-71.80935,44.17134],[-71.8093,44.17197],[-71.80998,44.17204],[-71.811,44.17263],[-71.81162,44.17328],[-71.81145,44.1734],[-71.81303,44.17441],[-71.81322,44.17495],[-71.81224,44.17506],[-71.81235,44.1753],[-71.81162,44.17567],[-71.81122,44.17563],[-71.81153,44.1767],[-71.81145,44.17724],[-71.81081,44.17785],[-71.81056,44.1784],[-71.80994,44.18097],[-71.80737,44.18038]]}},{"type":"Feature","properties":{"t":390,"n":0},"geometry":{"type":"LineString","coordinates":[[-71.72703,44.16221],[-71.72993,44.16395],[-71.73113,44.16516],[-71.73301,44.17113],[-71.73396,44.17278],[-71.73517,44.17373],[-71.73622,44.17415],[-71.737,44.17482],[-71.73933,44.17556],[-71.74102,44.17641],[-71.74309,44.17838],[-71.74402,44.17892],[-71.74761,44.18006],[-71.75012,44.17933]]}},{"type":"Feature","properties":{"t":383,"n":0},"geometry":{"type":"LineString","coordinates":[[-71.85063,44.05478],[-71.84986,44.05471],[-71.84956,44.05489],[-71.84924,44.05584],[-71.84848,44.05622],[-71.84714,44.05786],[-71.84537,44.05899],[-71.84411,44.06064],[-71.84295,44.06142],[-71.84296,44.06258],[-71.84228,44.06401],[-71.84266,44.06502],[-71.84243,44.06534],[-71.8416,44.06547]]}},{"type":"Feature","properties":{"t":317,"n":0},"geometry":{"type":"LineString","coordinates":[[-71.90495,44.01938],[-71.90569,44.01901],[-71.90694,44.02061],[-71.90788,44.02142],[-71.90814,44.02143],[-71.90901,44.02085],[-71.90994,44.0214],[-71.9113,44.02177],[-71.91361,44.02373],[-71.91537,44.02483],[-71.92034,44.02434],[-71.92224,44.02495],[-71.92283,44.02553],[-71.9228,44.0266],[-71.92318,44.02861],[-71.92445,44.02959],[-71.92469,44.0301],[-71.92464,44.03129],[-71.92554,44.033],[-71.92599,44.03625],[-71.92705,44.03747],[-71.92894,44.03881]]}},{"type":"Feature","properties":{"t":317,"n":0},"geometry":{"type":"LineString","coordinates":[[-71.89193,44.00625],[-71.89303,44.00728],[-71.89254,44.00781],[-71.89251,44.00827],[-71.89347,44.00952],[-71.89407,44.00988],[-71.8942,44.01099],[-71.89633,44.01195],[-71.89718,44.01195],[-71.89791,44.01305],[-71.89864,44.01324],[-71.90146,44.01342],[-71.9033,44.01298],[-71.90367,44.01315],[-71.90406,44.01443],[-71.90348,44.01573],[-71.90402,44.01632],[-71.90404,44.01687],[-71.90476,44.01825],[-71.90569,44.01901]]}},{"type":"Feature","properties":{"t":763,"n":0},"geometry":{"type":"LineString","coordinates":[[-71.78359,44.04331],[-71.78354,44.04282],[-71.78291,44.0419],[-71.78298,44.04079]]}},{"type":"Feature","properties":{"t":351,"n":0},"geometry":{"type":"LineString","coordinates":[[-71.85134,44.05681],[-71.85086,44.05763],[-71.8509,44.05822],[-71.85125,44.05835]]}},{"type":"Feature","properties":{"t":351,"n":0},"geometry":{"type":"LineString","coordinates":[[-71.85128,44.05675],[-71.85134,44.05681]]}},{"type":"Feature","properties":{"t":258,"n":0},"geometry":{"type":"LineString","coordinates":[[-71.7919,44.04074],[-71.7929,44.04044]]}},{"type":"Feature","properties":{"t":258,"n":0},"geometry":{"type":"LineString","coordinates":[[-71.7929,44.04044],[-71.79463,44.04035],[-71.79525,44.0396],[-71.79515,44.03889]]}},{"type":"Feature","properties":{"t":258,"n":0},"geometry":{"type":"LineString","coordinates":[[-71.79515,44.03889],[-71.79516,44.03884]]}},{"type":"Feature","properties":{"t":437,"n":0},"geometry":{"type":"LineString","coordinates":[[-71.75387,44.17808],[-71.75357,44.17789],[-71.75353,44.17711],[-71.75406,44.17642],[-71.75346,44.17568],[-71.75196,44.1764],[-71.75135,44.17698],[-71.75002,44.1766],[-71.74877,44.17684],[-71.74733,44.17555],[-71.74654,44.17518],[-71.74615,44.17423],[-71.74667,44.17334],[-71.7461,44.1726],[-71.746,44.17166],[-71.74744,44.17031],[-71.74807,44.16906],[-71.74676,44.16776],[-71.7467,44.16688],[-71.74558,44.16623],[-71.74593,44.16591],[-71.74562,44.16469],[-71.74589,44.16359]]}},{"type":"Feature","properties":{"t":572,"n":0},"geometry":{"type":"LineString","coordinates":[[-71.75735,44.16338],[-71.75714,44.16309],[-71.75762,44.16261],[-71.75732,44.16223],[-71.75741,44.16192],[-71.75698,44.16211],[-71.75641,44.16167],[-71.75639,44.16132],[-71.75673,44.16122],[-71.75654,44.16115],[-71.75674,44.16103],[-71.75655,44.161],[-71.75654,44.16043],[-71.7561,44.16023],[-71.7564,44.15961],[-71.75565,44.15958],[-71.75539,44.1594],[-71.75517,44.1595],[-71.754,44.15878],[-71.75362,44.15894],[-71.75328,44.15874],[-71.75255,44.15893],[-71.75215,44.15804],[-71.75119,44.15799],[-71.75024,44.15772]]}},{"type":"Feature","properties":{"t":677,"n":0},"geometry":{"type":"LineString","coordinates":[[-71.74589,44.16359],[-71.74668,44.16385],[-71.74692,44.16423],[-71.74768,44.16421],[-71.74899,44.16372],[-71.74899,44.1634],[-71.75318,44.16263]]}},{"type":"Feature","properties":{"t":545,"n":0},"geometry":{"type":"LineString","coordinates":[[-71.74589,44.16359],[-71.74522,44.1637],[-71.74408,44.16311],[-71.74447,44.16256],[-71.74375,44.16202],[-71.74376,44.1617],[-71.74409,44.16156],[-71.74558,44.16175],[-71.74649,44.1609],[-71.74732,44.1605],[-71.74769,44.16064],[-71.74833,44.15976],[-71.74877,44.15964],[-71.74898,44.15976],[-71.74926,44.15948],[-71.74979,44.1594],[-71.75003,44.15912],[-71.74902,44.1591],[-71.74889,44.15888],[-71.74949,44.15884],[-71.74927,44.15874],[-71.74943,44.15846],[-71.74921,44.158],[-71.75024,44.15772]]}},{"type":"Feature","properties":{"t":538,"n":0},"geometry":{"type":"LineString","coordinates":[[-71.754,44.15878],[-71.75252,44.15754],[-71.75252,44.15732],[-71.75357,44.15731],[-71.75487,44.15763],[-71.7561,44.1575],[-71.75622,44.15721],[-71.75737,44.15634],[-71.75687,44.15546],[-71.7576,44.1543],[-71.75869,44.15444],[-71.76061,44.15528],[-71.76088,44.15477],[-71.7617,44.15451],[-71.76276,44.15361],[-71.76339,44.1536]]}},{"type":"Feature","properties":{"t":842,"n":0},"geometry":{"type":"LineString","coordinates":[[-71.86789,44.10569],[-71.86799,44.10548]]}},{"type":"Feature","properties":{"t":630,"n":0},"geometry":{"type":"LineString","coordinates":[[-71.80201,44.06618],[-71.80121,44.06691],[-71.80141,44.06752],[-71.80269,44.06822],[-71.80399,44.06935]]}},{"type":"Feature","properties":{"t":383,"n":0},"geometry":{"type":"LineString","coordinates":[[-71.84134,44.06557],[-71.84061,44.06587],[-71.84026,44.06631],[-71.84005,44.06693],[-71.84018,44.06814],[-71.83959,44.06882],[-71.83863,44.06929],[-71.83729,44.06942],[-71.83701,44.0702],[-71.83551,44.07245],[-71.83486,44.073],[-71.83331,44.07331],[-71.83382,44.07467],[-71.8317,44.0758],[-71.83184,44.07689],[-71.83113,44.07852],[-71.83158,44.07883]]}},{"type":"Feature","properties":{"t":383,"n":0},"geometry":{"type":"LineString","coordinates":[[-71.8416,44.06547],[-71.84134,44.06557]]}},{"type":"Feature","properties":{"t":272,"n":0},"geometry":{"type":"LineString","coordinates":[[-71.93119,44.00261],[-71.93442,44.00437],[-71.94508,44.00904],[-71.94994,44.0122],[-71.96394,44.01947],[-71.96552,44.02063],[-71.96967,44.02458],[-71.97117,44.02553]]}},{"type":"Feature","properties":{"t":464,"n":0},"geometry":{"type":"LineString","coordinates":[[-71.75024,44.15772],[-71.7496,44.1578],[-71.74977,44.15747],[-71.74906,44.15766],[-71.74859,44.15726],[-71.7481,44.15716],[-71.74719,44.15794],[-71.74726,44.15756],[-71.7467,44.15792],[-71.74649,44.15794],[-71.74652,44.1578],[-71.74605,44.15802],[-71.74611,44.15765],[-71.74505,44.15823],[-71.74506,44.15772],[-71.7445,44.15795],[-71.7443,44.15785],[-71.74449,44.15756],[-71.74381,44.15766],[-71.74389,44.1572],[-71.74321,44.15762],[-71.74347,44.15726],[-71.74279,44.15739],[-71.74297,44.15699],[-71.74246,44.15712],[-71.74248,44.15603],[-71.74188,44.1562],[-71.74124,44.15671],[-71.7415,44.15642],[-71.74147,44.15593],[-71.74063,44.15649],[-71.74041,44.15584],[-71.73982,44.15655],[-71.73996,44.15608],[-71.73956,44.15633],[-71.73954,44.15525],[-71.73881,44.15472],[-71.73841,44.15506],[-71.73881,44.15568]]}},{"type":"Feature","properties":{"t":480,"n":0},"geometry":{"type":"LineString","coordinates":[[-71.74832,44.01294],[-71.74902,44.0132],[-71.7496,44.01278],[-71.75085,44.0124]]}},{"type":"Feature","properties":{"t":357,"n":0},"geometry":{"type":"LineString","coordinates":[[-71.8993,44.12242],[-71.89734,44.12753],[-71.89715,44.12955],[-71.89772,44.13072],[-71.89795,44.13318],[-71.8984,44.13504],[-71.89899,44.13598],[-71.89905,44.13697],[-71.90036,44.13992],[-71.9003,44.14124],[-71.89984,44.14249],[-71.89949,44.14464],[-71.89814,44.14789],[-71.89812,44.14938],[-71.89773,44.15074],[-71.89384,44.1596]]}},{"type":"Feature","properties":{"t":679,"n":0},"geometry":{"type":"LineString","coordinates":[[-71.86185,44.10869],[-71.86239,44.10887],[-71.86717,44.11193],[-71.86853,44.11218]]}},{"type":"Feature","properties":{"t":321,"n":0},"geometry":{"type":"LineString","coordinates":[[-71.87152,44.10546],[-71.86979,44.10757],[-71.86982,44.10825],[-71.87005,44.10866],[-71.87129,44.1093],[-71.87273,44.11147],[-71.87351,44.11219]]}},{"type":"Feature","properties":{"t":563,"n":0},"geometry":{"type":"LineString","coordinates":[[-71.8992,44.12239],[-71.90025,44.12166],[-71.90213,44.12115],[-71.90303,44.12107],[-71.90469,44.12152],[-71.90675,44.12134],[-71.908,44.12211],[-71.90829,44.12248],[-71.90858,44.12382],[-71.90997,44.12403],[-71.91163,44.1253]]}},{"type":"Feature","properties":{"t":736,"n":0},"geometry":{"type":"LineString","coordinates":[[-71.86853,44.11218],[-71.86828,44.11246],[-71.86868,44.11296],[-71.86874,44.11384],[-71.86942,44.11488],[-71.86949,44.11539]]}},{"type":"Feature","properties":{"t":343,"n":0},"geometry":{"type":"LineString","coordinates":[[-71.83464,44.14482],[-71.83513,44.14477],[-71.83634,44.1442],[-71.83716,44.14431],[-71.83872,44.14541],[-71.83948,44.14571],[-71.83993,44.14566],[-71.8417,44.14438],[-71.84234,44.14447],[-71.84396,44.14637],[-71.84448,44.14638]]}},{"type":"Feature","properties":{"t":508,"n":0},"geometry":{"type":"LineString","coordinates":[[-71.81268,44.14152],[-71.81286,44.1396],[-71.81236,44.13951],[-71.81067,44.14046],[-71.80947,44.14154],[-71.80796,44.14303],[-71.8077,44.14387],[-71.80727,44.14435],[-71.80669,44.14466],[-71.80566,44.14475],[-71.80514,44.14453],[-71.80445,44.14291],[-71.80375,44.14255],[-71.80319,44.1419],[-71.80084,44.1416],[-71.79998,44.14175]]}},{"type":"Feature","properties":{"t":782,"n":0},"geometry":{"type":"LineString","coordinates":[[-71.7854,44.12339],[-71.78591,44.12244],[-71.78558,44.12146]]}},{"type":"Feature","properties":{"t":630,"n":0},"geometry":{"type":"LineString","coordinates":[[-71.80399,44.06219],[-71.80319,44.06413],[-71.80234,44.0649],[-71.80202,44.06604]]}},{"type":"Feature","properties":{"t":630,"n":0},"geometry":{"type":"LineString","coordinates":[[-71.80202,44.06604],[-71.80201,44.06618]]}},{"type":"Feature","properties":{"t":399,"n":0},"geometry":{"type":"LineString","coordinates":[[-71.65416,44.24629],[-71.65539,44.24671],[-71.65749,44.2462],[-71.65972,44.24645],[-71.66103,44.24709],[-71.66151,44.24793],[-71.66309,44.24893],[-71.66533,44.24876],[-71.66684,44.24883],[-71.66715,44.24901],[-71.66846,44.24915],[-71.66906,44.25065],[-71.66899,44.251],[-71.66867,44.25142],[-71.66472,44.25366],[-71.66339,44.2539],[-71.66204,44.25395],[-71.65937,44.25443],[-71.65797,44.25414],[-71.65699,44.25422],[-71.65616,44.25471],[-71.65513,44.25487],[-71.65267,44.25438],[-71.65177,44.25388]]}},{"type":"Feature","properties":{"t":455,"n":0},"geometry":{"type":"LineString","coordinates":[[-71.68754,44.18433],[-71.68642,44.18454],[-71.68612,44.18481],[-71.68536,44.18739],[-71.68554,44.18799],[-71.6848,44.18878],[-71.68546,44.18993],[-71.68499,44.19247],[-71.68558,44.19379],[-71.68558,44.19459],[-71.68513,44.19643],[-71.68732,44.19833],[-71.68782,44.19965],[-71.69096,44.20085],[-71.69218,44.20173],[-71.6924,44.20215]]}},{"type":"Feature","properties":{"t":586,"n":0},"geometry":{"type":"LineString","coordinates":[[-71.65749,44.2462],[-71.65899,44.24515],[-71.65977,44.24489],[-71.66049,44.24511],[-71.66373,44.2448],[-71.66532,44.24534],[-71.66859,44.24605],[-71.66957,44.24578],[-71.6705,44.24582],[-71.67116,44.24552]]}},{"type":"Feature","properties":{"t":492,"n":0},"geometry":{"type":"LineString","coordinates":[[-71.556,44.04529],[-71.55478,44.04609],[-71.55455,44.0464],[-71.55456,44.04705],[-71.55487,44.04802],[-71.55569,44.04903],[-71.55767,44.05032],[-71.55786,44.05097],[-71.55779,44.05326],[-71.55729,44.05419],[-71.55696,44.05467],[-71.55647,44.05483],[-71.55325,44.05495],[-71.55207,44.05543],[-71.55137,44.05612],[-71.54943,44.05683]]}},{"type":"Feature","properties":{"t":298,"n":0},"geometry":{"type":"LineString","coordinates":[[-71.7183,44.03064],[-71.71677,44.03152],[-71.71447,44.03377],[-71.71169,44.03508]]}},{"type":"Feature","properties":{"t":336,"n":0},"geometry":{"type":"LineString","coordinates":[[-71.69376,44.24143],[-71.6915,44.24105],[-71.68792,44.24195],[-71.68388,44.24211],[-71.67883,44.24343],[-71.67583,44.2426],[-71.67221,44.24055],[-71.67054,44.23989],[-71.6695,44.23975],[-71.66833,44.24014],[-71.66662,44.24186],[-71.66553,44.24262],[-71.66448,44.24281],[-71.66324,44.24274],[-71.66146,44.24298],[-71.65838,44.24308],[-71.65721,44.24355],[-71.65557,44.2449]]}},{"type":"Feature","properties":{"t":605,"n":0},"geometry":{"type":"LineString","coordinates":[[-71.53578,44.24985],[-71.53493,44.24966],[-71.53425,44.25023],[-71.53415,44.25205],[-71.5357,44.25405],[-71.53575,44.25599],[-71.53656,44.25806]]}},{"type":"Feature","properties":{"t":503,"n":0},"geometry":{"type":"LineString","coordinates":[[-71.65557,44.2449],[-71.65519,44.24564],[-71.65416,44.24629],[-71.65281,44.24672],[-71.65049,44.24894],[-71.65037,44.24952],[-71.65221,44.25176],[-71.65217,44.25278],[-71.65177,44.25388]]}},{"type":"Feature","properties":{"t":480,"n":0},"geometry":{"type":"LineString","coordinates":[[-71.7441,44.01418],[-71.74466,44.01422]]}},{"type":"Feature","properties":{"t":29,"n":4},"geometry":{"type":"LineString","coordinates":[[-71.67954,44.13962],[-71.67935,44.13942],[-71.67819,44.13917],[-71.67767,44.13933],[-71.67677,44.13902],[-71.67588,44.13913],[-71.67546,44.13869],[-71.67566,44.13699],[-71.67529,44.13625],[-71.67389,44.13664],[-71.67151,44.13681],[-71.66998,44.13718],[-71.66812,44.13711],[-71.66636,44.13756],[-71.66461,44.13906],[-71.66392,44.14059],[-71.66271,44.14134],[-71.66292,44.1404],[-71.66267,44.13983],[-71.66139,44.13908],[-71.66069,44.13888],[-71.66081,44.13908],[-71.6604,44.13929],[-71.66013,44.1404],[-71.65954,44.14095],[-71.65818,44.14137],[-71.65732,44.14132],[-71.65639,44.14156],[-71.65604,44.14094],[-71.65526,44.14155],[-71.6548,44.14105],[-71.65397,44.14147],[-71.65375,44.14112],[-71.65258,44.14062],[-71.65202,44.14141],[-71.65158,44.14062],[-71.65095,44.14012],[-71.65067,44.1406],[-71.6499,44.1405],[-71.64938,44.14066],[-71.6484,44.14047]]}},{"type":"Feature","properties":{"t":29,"n":5},"geometry":{"type":"LineString","coordinates":[[-71.6484,44.14047],[-71.64641,44.14038]]}},{"type":"Feature","properties":{"t":29,"n":6},"geometry":{"type":"LineString","coordinates":[[-71.64641,44.14038],[-71.64629,44.1404]]}},{"type":"Feature","properties":{"t":29,"n":7},"geometry":{"type":"LineString","coordinates":[[-71.64629,44.1404],[-71.64589,44.14044]]}},{"type":"Feature","properties":{"t":5,"n":2},"geometry":{"type":"LineString","coordinates":[[-71.628,44.10779],[-71.62809,44.10843]]}},{"type":"Feature","properties":{"t":5,"n":3},"geometry":{"type":"LineString","coordinates":[[-71.62809,44.10843],[-71.62799,44.11064],[-71.62953,44.11157],[-71.63164,44.11394],[-71.63421,44.11499],[-71.63581,44.11499],[-71.63745,44.11561],[-71.639,44.11548],[-71.64142,44.11613],[-71.64217,44.1158],[-71.64209,44.116],[-71.64255,44.1166],[-71.64251,44.11791],[-71.64286,44.11896]]}},{"type":"Feature","properties":{"t":21,"n":5},"geometry":{"type":"LineString","coordinates":[[-71.65959,44.15999],[-71.66037,44.16],[-71.6607,44.16064]]}},{"type":"Feature","properties":{"t":21,"n":3},"geometry":{"type":"LineString","coordinates":[[-71.6607,44.16064],[-71.6607,44.16074]]}},{"type":"Feature","properties":{"t":21,"n":1},"geometry":{"type":"LineString","coordinates":[[-71.6607,44.16074],[-71.66067,44.16214],[-71.66044,44.16268],[-71.66131,44.16299],[-71.66146,44.16324],[-71.66221,44.16332],[-71.66226,44.16345],[-71.662,44.16529],[-71.6618,44.16596],[-71.66154,44.16594],[-71.6615,44.16617],[-71.66224,44.16693],[-71.66212,44.16704],[-71.66398,44.16799],[-71.66485,44.16821],[-71.66659,44.16811],[-71.67046,44.16639],[-71.67051,44.16608],[-71.67093,44.16577],[-71.67189,44.16612],[-71.67216,44.16594],[-71.67219,44.16543],[-71.67272,44.16524],[-71.67306,44.16555],[-71.67376,44.16577],[-71.67487,44.16685],[-71.67571,44.16731],[-71.6762,44.16741],[-71.67611,44.16692],[-71.67666,44.16653],[-71.67743,44.16684],[-71.67847,44.16778],[-71.6803,44.16855],[-71.68189,44.16996],[-71.68288,44.17056],[-71.68377,44.17062],[-71.68341,44.17026]]}},{"type":"Feature","properties":{"t":31,"n":5},"geometry":{"type":"LineString","coordinates":[[-71.66058,44.16035],[-71.6609,44.16013]]}},{"type":"Feature","properties":{"t":31,"n":4},"geometry":{"type":"LineString","coordinates":[[-71.6609,44.16013],[-71.66215,44.1598],[-71.66319,44.159],[-71.66346,44.15853],[-71.66401,44.1583],[-71.6646,44.15758],[-71.66447,44.15716],[-71.66513,44.15593],[-71.6664,44.15431],[-71.66686,44.15403],[-71.66843,44.15175],[-71.66851,44.15028],[-71.66802,44.14856],[-71.6681,44.14758],[-71.66774,44.14717],[-71.66742,44.14721],[-71.66694,44.14764],[-71.66668,44.14707],[-71.66723,44.14472],[-71.66764,44.14461],[-71.66784,44.14374],[-71.66844,44.14384],[-71.66877,44.14285],[-71.66911,44.14285],[-71.66949,44.14332],[-71.67049,44.14342],[-71.67145,44.14483],[-71.67232,44.14509],[-71.67404,44.14429],[-71.67554,44.1439]]}},{"type":"Feature","properties":{"t":31,"n":5},"geometry":{"type":"LineString","coordinates":[[-71.67554,44.1439],[-71.67622,44.14368],[-71.67618,44.14404]]}},{"type":"Feature","properties":{"t":31,"n":2},"geometry":{"type":"LineString","coordinates":[[-71.67618,44.14404],[-71.67647,44.14425],[-71.67669,44.14413]]}},{"type":"Feature","properties":{"t":31,"n":5},"geometry":{"type":"LineString","coordinates":[[-71.67669,44.14413],[-71.67724,44.14385],[-71.67794,44.1415],[-71.67841,44.14126],[-71.6789,44.14],[-71.67922,44.14034]]}},{"type":"Feature","properties":{"t":31,"n":4},"geometry":{"type":"LineString","coordinates":[[-71.67922,44.14034],[-71.67927,44.14043]]}},{"type":"Feature","properties":{"t":31,"n":3},"geometry":{"type":"LineString","coordinates":[[-71.67927,44.14043],[-71.67939,44.14035]]}},{"type":"Feature","properties":{"t":31,"n":4},"geometry":{"type":"LineString","coordinates":[[-71.67939,44.14035],[-71.67943,44.14026]]}},{"type":"Feature","properties":{"t":31,"n":5},"geometry":{"type":"LineString","coordinates":[[-71.67943,44.14026],[-71.67946,44.14023]]}},{"type":"Feature","properties":{"t":413,"n":0},"geometry":{"type":"LineString","coordinates":[[-71.68622,44.08146],[-71.68652,44.0814],[-71.68669,44.08182],[-71.68652,44.08334],[-71.68701,44.0834],[-71.68759,44.08374],[-71.6879,44.08415],[-71.68796,44.08489],[-71.68904,44.08582],[-71.69003,44.08706],[-71.69158,44.08823],[-71.69242,44.08859],[-71.69297,44.08908],[-71.69357,44.08924],[-71.69434,44.09072],[-71.69566,44.09148],[-71.69723,44.09201],[-71.69777,44.09265],[-71.69835,44.09292],[-71.69928,44.09376],[-71.69927,44.09409],[-71.70069,44.09458],[-71.70158,44.09588],[-71.70193,44.09607],[-71.70204,44.09667],[-71.70154,44.09705],[-71.70144,44.09805],[-71.70088,44.09878],[-71.70021,44.09868],[-71.70007,44.09805],[-71.69962,44.09789],[-71.69968,44.09763],[-71.69938,44.09751],[-71.69897,44.09784]]}},{"type":"Feature","properties":{"t":491,"n":0},"geometry":{"type":"LineString","coordinates":[[-71.70017,44.0986],[-71.70014,44.09882],[-71.70074,44.0994],[-71.70028,44.09996],[-71.69884,44.10003],[-71.69693,44.10104],[-71.69599,44.10101],[-71.69532,44.10133],[-71.69359,44.10146],[-71.69247,44.10103],[-71.69196,44.10121],[-71.69154,44.10107],[-71.69093,44.10023],[-71.68981,44.10062],[-71.68926,44.10061],[-71.68718,44.09998],[-71.68665,44.09958],[-71.68695,44.0994],[-71.68701,44.09884],[-71.6866,44.09781],[-71.68591,44.09722],[-71.68458,44.09724]]}},{"type":"Feature","properties":{"t":30,"n":1},"geometry":{"type":"LineString","coordinates":[[-71.66689,44.11338],[-71.66641,44.1132],[-71.66605,44.11267],[-71.66471,44.11221],[-71.66341,44.11134],[-71.66253,44.11109],[-71.66223,44.11135],[-71.66148,44.11313],[-71.65982,44.11402],[-71.65728,44.11419],[-71.6561,44.11478],[-71.65555,44.11538],[-71.65456,44.11575],[-71.65333,44.11566],[-71.65315,44.1162],[-71.65236,44.11647],[-71.65147,44.1161],[-71.6498,44.11647],[-71.64938,44.11671],[-71.64757,44.11683],[-71.64499,44.1184],[-71.64339,44.11899]]}},{"type":"Feature","properties":{"t":30,"n":3},"geometry":{"type":"LineString","coordinates":[[-71.64339,44.11899],[-71.64286,44.11896]]}},{"type":"Feature","properties":{"t":12,"n":3},"geometry":{"type":"LineString","coordinates":[[-71.5817,44.08273],[-71.58219,44.08304]]}},{"type":"Feature","properties":{"t":12,"n":2},"geometry":{"type":"LineString","coordinates":[[-71.58219,44.08304],[-71.58352,44.0836],[-71.58611,44.0842],[-71.58641,44.08529],[-71.58751,44.08631],[-71.58814,44.08723],[-71.59028,44.08859],[-71.59159,44.08982],[-71.59339,44.09065],[-71.5937,44.09113],[-71.59376,44.09214],[-71.59422,44.09268],[-71.59795,44.09511],[-71.60039,44.09701],[-71.60175,44.09768],[-71.60337,44.10003],[-71.60553,44.10092],[-71.60832,44.1015],[-71.60827,44.10173],[-71.60723,44.10225],[-71.60742,44.10288],[-71.60842,44.10306],[-71.60889,44.10357],[-71.61056,44.10336],[-71.61204,44.1038],[-71.61247,44.10383],[-71.61308,44.10354],[-71.61438,44.10385],[-71.6151,44.10363],[-71.61602,44.1037],[-71.61674,44.10316],[-71.61725,44.10353],[-71.61891,44.1029],[-71.62086,44.10267],[-71.62235,44.10176],[-71.62307,44.10179],[-71.62389,44.10155],[-71.62526,44.10172],[-71.62686,44.10234],[-71.62721,44.1035],[-71.62774,44.10416],[-71.628,44.10779]]}},{"type":"Feature","properties":{"t":3,"n":2},"geometry":{"type":"LineString","coordinates":[[-71.64359,44.16948],[-71.64361,44.16905],[-71.64429,44.16828],[-71.6445,44.16748],[-71.64506,44.1673],[-71.6453,44.16665],[-71.64446,44.16587],[-71.64414,44.1649],[-71.64443,44.163],[-71.64421,44.16252],[-71.64444,44.16229],[-71.64452,44.16116]]}},{"type":"Feature","properties":{"t":3,"n":7},"geometry":{"type":"LineString","coordinates":[[-71.64452,44.16116],[-71.64445,44.16086]]}},{"type":"Feature","properties":{"t":248,"n":0},"geometry":{"type":"LineString","coordinates":[[-71.68107,44.2035],[-71.6807,44.20362],[-71.68004,44.20349],[-71.67878,44.20278],[-71.67669,44.19928],[-71.67568,44.19896],[-71.67622,44.19793],[-71.67714,44.19686],[-71.67669,44.1957],[-71.67501,44.19303],[-71.67511,44.19269],[-71.67377,44.19167],[-71.67281,44.1913],[-71.67175,44.19114],[-71.66852,44.19128],[-71.66589,44.1909],[-71.66297,44.18955],[-71.66163,44.1879],[-71.66078,44.18727],[-71.65962,44.18732],[-71.65799,44.18705],[-71.65681,44.18559],[-71.65573,44.18475],[-71.6554,44.18414],[-71.65537,44.18313],[-71.65328,44.18338],[-71.65113,44.18257],[-71.65007,44.18266],[-71.64928,44.18246],[-71.64911,44.18176],[-71.64929,44.18089],[-71.64971,44.1801],[-71.6508,44.17956],[-71.65099,44.17822],[-71.65149,44.1776],[-71.65183,44.17748],[-71.65246,44.17639],[-71.65275,44.17532],[-71.65286,44.17304],[-71.65171,44.1717],[-71.64883,44.16993],[-71.64799,44.16915],[-71.64686,44.16944],[-71.64551,44.17007],[-71.64515,44.16987],[-71.6443,44.17],[-71.64382,44.16985]]}},{"type":"Feature","properties":{"t":248,"n":2},"geometry":{"type":"LineString","coordinates":[[-71.64382,44.16985],[-71.64359,44.16948]]}},{"type":"Feature","properties":{"t":819,"n":0},"geometry":{"type":"LineString","coordinates":[[-71.74966,44.14984],[-71.74847,44.14942]]}},{"type":"Feature","properties":{"t":236,"n":1},"geometry":{"type":"LineString","coordinates":[[-71.70622,44.15084],[-71.7062,44.15053]]}},{"type":"Feature","properties":{"t":236,"n":0},"geometry":{"type":"LineString","coordinates":[[-71.7062,44.15053],[-71.70564,44.14905],[-71.70552,44.14508],[-71.70405,44.14363],[-71.70301,44.14335],[-71.70232,44.14338],[-71.7017,44.14313],[-71.70143,44.14246],[-71.70075,44.14175],[-71.70011,44.14152],[-71.69912,44.14033],[-71.69846,44.14019],[-71.69648,44.14067],[-71.69536,44.14056],[-71.69427,44.14114],[-71.69319,44.14036],[-71.69037,44.13765],[-71.68962,44.14099]]}},{"type":"Feature","properties":{"t":199,"n":0},"geometry":{"type":"LineString","coordinates":[[-71.68366,44.12084],[-71.6843,44.12058],[-71.68492,44.12062],[-71.68782,44.12176],[-71.68978,44.12203],[-71.6915,44.12303],[-71.69212,44.12399],[-71.69269,44.12585],[-71.69392,44.12592],[-71.6949,44.1255]]}},{"type":"Feature","properties":{"t":199,"n":1},"geometry":{"type":"LineString","coordinates":[[-71.6949,44.1255],[-71.69511,44.12566],[-71.69563,44.12564]]}},{"type":"Feature","properties":{"t":223,"n":1},"geometry":{"type":"LineString","coordinates":[[-71.70374,44.12854],[-71.70397,44.12855]]}},{"type":"Feature","properties":{"t":223,"n":0},"geometry":{"type":"LineString","coordinates":[[-71.70397,44.12855],[-71.70572,44.12942],[-71.70963,44.13011],[-71.71053,44.12983],[-71.71136,44.12904],[-71.71265,44.12856],[-71.7137,44.1279],[-71.71561,44.12745],[-71.71689,44.12684],[-71.71737,44.12697],[-71.71963,44.12633],[-71.72027,44.12651],[-71.72118,44.12643],[-71.72146,44.12661],[-71.7228,44.12642],[-71.72485,44.12713],[-71.72596,44.12771],[-71.72664,44.12848],[-71.72806,44.12931],[-71.72832,44.13009],[-71.72957,44.13148],[-71.73115,44.13219],[-71.73158,44.13266],[-71.73308,44.13324],[-71.73253,44.13519],[-71.73257,44.13677],[-71.73235,44.13691],[-71.7324,44.13745],[-71.73288,44.13775]]}},{"type":"Feature","properties":{"t":223,"n":1},"geometry":{"type":"LineString","coordinates":[[-71.73288,44.13775],[-71.733,44.13803]]}},{"type":"Feature","properties":{"t":134,"n":1},"geometry":{"type":"LineString","coordinates":[[-71.73464,44.13745],[-71.73534,44.13671],[-71.73592,44.13478],[-71.73687,44.13345],[-71.73665,44.13303],[-71.7369,44.13246],[-71.73692,44.13173],[-71.73671,44.1315],[-71.7369,44.13078],[-71.73642,44.13046],[-71.7362,44.1295],[-71.73633,44.12897],[-71.7367,44.12872],[-71.73669,44.12838],[-71.7363,44.12758],[-71.73536,44.12667],[-71.73606,44.12577],[-71.73607,44.12428],[-71.73666,44.12308],[-71.73885,44.12221]]}},{"type":"Feature","properties":{"t":134,"n":0},"geometry":{"type":"LineString","coordinates":[[-71.73885,44.12221],[-71.74002,44.12183]]}},{"type":"Feature","properties":{"t":433,"n":0},"geometry":{"type":"LineString","coordinates":[[-71.68567,44.14102],[-71.68517,44.14003],[-71.6863,44.13937],[-71.6857,44.1388],[-71.68656,44.13808],[-71.68662,44.13734],[-71.68617,44.13666],[-71.68604,44.13542],[-71.68488,44.134],[-71.68531,44.13329],[-71.6848,44.13183],[-71.68378,44.13072],[-71.68421,44.12952],[-71.68349,44.12798],[-71.68236,44.127],[-71.68265,44.12578],[-71.6825,44.12473],[-71.68298,44.12397],[-71.68331,44.12273],[-71.68394,44.12215],[-71.68366,44.12084],[-71.6831,44.12082]]}},{"type":"Feature","properties":{"t":129,"n":1},"geometry":{"type":"LineString","coordinates":[[-71.68139,44.10976],[-71.68187,44.11038],[-71.68349,44.11117],[-71.68436,44.11362],[-71.68641,44.11559],[-71.68672,44.11664],[-71.68713,44.11696],[-71.68877,44.11741],[-71.68951,44.11839],[-71.69033,44.12046],[-71.69157,44.12159],[-71.69313,44.12253],[-71.69424,44.12374],[-71.69485,44.12489],[-71.69572,44.12569]]}},{"type":"Feature","properties":{"t":410,"n":0},"geometry":{"type":"LineString","coordinates":[[-71.61506,44.24677],[-71.61453,44.246],[-71.61507,44.24572]]}},{"type":"Feature","properties":{"t":112,"n":2},"geometry":{"type":"LineString","coordinates":[[-71.56857,44.18825],[-71.56876,44.18791],[-71.56982,44.18758],[-71.56974,44.1873],[-71.57095,44.18659],[-71.57154,44.18605],[-71.57169,44.18555],[-71.57259,44.18515],[-71.57362,44.18497]]}},{"type":"Feature","properties":{"t":259,"n":0},"geometry":{"type":"LineString","coordinates":[[-71.61064,44.23275],[-71.60853,44.23256],[-71.60802,44.23219],[-71.60752,44.23227],[-71.60708,44.23199],[-71.60531,44.23042],[-71.60504,44.22958],[-71.60325,44.22749],[-71.60093,44.22594],[-71.59945,44.2253],[-71.59883,44.22438],[-71.59868,44.22353],[-71.59908,44.22086],[-71.5987,44.21808],[-71.59718,44.21624],[-71.59598,44.21556],[-71.59597,44.21477],[-71.59514,44.21408],[-71.5946,44.21286],[-71.59407,44.21229],[-71.59362,44.21028],[-71.59381,44.20924],[-71.59333,44.20912],[-71.59319,44.20876],[-71.59271,44.20866],[-71.59247,44.20838],[-71.59281,44.20789],[-71.59261,44.20604],[-71.59191,44.20521],[-71.59042,44.20474],[-71.58929,44.20412],[-71.58633,44.20192],[-71.585,44.2005],[-71.58184,44.19852],[-71.58166,44.19794],[-71.58013,44.197],[-71.57852,44.19557],[-71.57767,44.19399],[-71.57703,44.19347],[-71.57662,44.19272],[-71.57683,44.19177],[-71.57755,44.19116],[-71.57773,44.19037]]}},{"type":"Feature","properties":{"t":259,"n":2},"geometry":{"type":"LineString","coordinates":[[-71.57773,44.19037],[-71.57766,44.18998]]}},{"type":"Feature","properties":{"t":3,"n":2},"geometry":{"type":"LineString","coordinates":[[-71.57766,44.18998],[-71.57653,44.18947],[-71.57417,44.18912],[-71.5702,44.18973],[-71.56994,44.18967],[-71.56935,44.18875],[-71.56857,44.18825]]}},{"type":"Feature","properties":{"t":3,"n":2},"geometry":{"type":"LineString","coordinates":[[-71.60996,44.18882],[-71.61115,44.1874]]}},{"type":"Feature","properties":{"t":255,"n":0},"geometry":{"type":"LineString","coordinates":[[-71.63313,44.22898],[-71.63276,44.22856],[-71.63052,44.22811],[-71.62961,44.22733],[-71.62933,44.22647],[-71.62966,44.22448],[-71.6303,44.22306],[-71.62887,44.22153],[-71.62878,44.2213],[-71.62922,44.22063],[-71.62846,44.21942],[-71.62863,44.21823],[-71.62711,44.21568],[-71.62846,44.21062],[-71.62918,44.20973],[-71.62911,44.20614],[-71.62898,44.20626],[-71.62754,44.20598],[-71.6273,44.20568],[-71.62743,44.2052],[-71.62866,44.20393],[-71.62861,44.20346],[-71.62804,44.20235],[-71.62633,44.20207],[-71.62437,44.20054],[-71.62249,44.19983],[-71.62093,44.19859],[-71.62099,44.19837],[-71.62207,44.19774],[-71.62399,44.1972],[-71.6245,44.19688],[-71.62486,44.19542],[-71.62429,44.19349],[-71.62431,44.19254],[-71.62345,44.19328],[-71.6227,44.19506],[-71.62217,44.19515],[-71.62174,44.1936],[-71.62182,44.19257],[-71.6221,44.19211],[-71.62054,44.19303],[-71.61879,44.19334],[-71.61748,44.19269],[-71.61747,44.19249],[-71.61859,44.19179],[-71.61685,44.19129],[-71.6175,44.19087],[-71.6175,44.1906],[-71.61644,44.19031],[-71.6149,44.19057],[-71.6117,44.19067],[-71.61061,44.19015],[-71.61012,44.18936]]}},{"type":"Feature","properties":{"t":255,"n":1},"geometry":{"type":"LineString","coordinates":[[-71.61012,44.18936],[-71.61008,44.18924]]}},{"type":"Feature","properties":{"t":255,"n":2},"geometry":{"type":"LineString","coordinates":[[-71.61008,44.18924],[-71.60996,44.18882]]}},{"type":"Feature","properties":{"t":117,"n":1},"geometry":{"type":"LineString","coordinates":[[-71.53078,44.21525],[-71.53049,44.21501],[-71.53075,44.21465],[-71.53064,44.21413],[-71.52957,44.21348],[-71.52962,44.21302],[-71.53056,44.21132],[-71.53086,44.21104],[-71.53202,44.2106],[-71.5326,44.20992],[-71.53414,44.2096],[-71.53627,44.2096],[-71.53725,44.20929],[-71.53866,44.20959],[-71.541,44.20913],[-71.5413,44.20922],[-71.54273,44.21075],[-71.54337,44.21089],[-71.54438,44.21146],[-71.54707,44.21134],[-71.54885,44.21069],[-71.54805,44.20918],[-71.55175,44.2078],[-71.55254,44.20729],[-71.55294,44.20667],[-71.55322,44.20661],[-71.5533,44.20574],[-71.55382,44.20473],[-71.55512,44.20373],[-71.55783,44.20257]]}},{"type":"Feature","properties":{"t":51,"n":1},"geometry":{"type":"LineString","coordinates":[[-71.55783,44.20257],[-71.55733,44.20025],[-71.55665,44.19992],[-71.55614,44.19692],[-71.55468,44.19431],[-71.55461,44.19374],[-71.55352,44.1921],[-71.55285,44.19158],[-71.55307,44.19013],[-71.55425,44.18811]]}},{"type":"Feature","properties":{"t":51,"n":2},"geometry":{"type":"LineString","coordinates":[[-71.55425,44.18811],[-71.55441,44.18793]]}},{"type":"Feature","properties":{"t":51,"n":3},"geometry":{"type":"LineString","coordinates":[[-71.55441,44.18793],[-71.55479,44.18766]]}},{"type":"Feature","properties":{"t":2,"n":3},"geometry":{"type":"LineString","coordinates":[[-71.55479,44.18766],[-71.55567,44.18726],[-71.55717,44.18742]]}},{"type":"Feature","properties":{"t":2,"n":2},"geometry":{"type":"LineString","coordinates":[[-71.55717,44.18742],[-71.5642,44.18832],[-71.56464,44.18823],[-71.56685,44.18862],[-71.56766,44.18864],[-71.56857,44.18825]]}},{"type":"Feature","properties":{"t":233,"n":0},"geometry":{"type":"LineString","coordinates":[[-71.48679,44.23639],[-71.48701,44.23648],[-71.48843,44.236],[-71.48932,44.23525],[-71.49116,44.23447],[-71.49379,44.23409],[-71.49602,44.23333],[-71.49985,44.23069],[-71.50118,44.23064],[-71.502,44.22988],[-71.50368,44.22924],[-71.50626,44.2273],[-71.50618,44.22669],[-71.50707,44.2269],[-71.50683,44.226],[-71.50826,44.22646],[-71.50736,44.22464],[-71.50861,44.22181],[-71.50996,44.22146],[-71.51069,44.22108],[-71.51167,44.2216]]}},{"type":"Feature","properties":{"t":233,"n":1},"geometry":{"type":"LineString","coordinates":[[-71.51167,44.2216],[-71.51218,44.22175]]}},{"type":"Feature","properties":{"t":35,"n":1},"geometry":{"type":"LineString","coordinates":[[-71.49567,44.19542],[-71.49705,44.19541],[-71.4989,44.19581],[-71.49991,44.19562],[-71.5013,44.19577],[-71.50192,44.19568],[-71.50296,44.19517],[-71.50366,44.19519],[-71.50519,44.1972],[-71.50646,44.19864],[-71.50739,44.19937],[-71.50912,44.20158],[-71.50992,44.20357],[-71.51075,44.20467],[-71.51114,44.20658],[-71.51248,44.20889],[-71.51296,44.21054],[-71.51227,44.21108],[-71.5121,44.21244],[-71.51141,44.21423],[-71.5121,44.21737],[-71.51219,44.21912],[-71.51189,44.22047],[-71.51218,44.22175]]}},{"type":"Feature","properties":{"t":0,"n":2},"geometry":{"type":"LineString","coordinates":[[-71.57217,44.1023],[-71.57208,44.10233]]}},{"type":"Feature","properties":{"t":0,"n":1},"geometry":{"type":"LineString","coordinates":[[-71.57208,44.10233],[-71.5699,44.10295]]}},{"type":"Feature","properties":{"t":0,"n":2},"geometry":{"type":"LineString","coordinates":[[-71.5699,44.10295],[-71.56908,44.10316]]}},{"type":"Feature","properties":{"t":0,"n":1},"geometry":{"type":"LineString","coordinates":[[-71.56908,44.10316],[-71.56779,44.10347]]}},{"type":"Feature","properties":{"t":0,"n":2},"geometry":{"type":"LineString","coordinates":[[-71.56779,44.10347],[-71.56135,44.10521],[-71.5583,44.10664],[-71.55554,44.1075],[-71.55414,44.10817],[-71.54773,44.1093]]}},{"type":"Feature","properties":{"t":0,"n":1},"geometry":{"type":"LineString","coordinates":[[-71.54773,44.1093],[-71.54666,44.1095]]}},{"type":"Feature","properties":{"t":0,"n":2},"geometry":{"type":"LineString","coordinates":[[-71.54666,44.1095],[-71.53813,44.11088]]}},{"type":"Feature","properties":{"t":23,"n":3},"geometry":{"type":"LineString","coordinates":[[-71.58788,44.06393],[-71.58737,44.06437]]}},{"type":"Feature","properties":{"t":23,"n":2},"geometry":{"type":"LineString","coordinates":[[-71.58737,44.06437],[-71.5874,44.06441]]}},{"type":"Feature","properties":{"t":23,"n":3},"geometry":{"type":"LineString","coordinates":[[-71.5874,44.06441],[-71.58749,44.06442]]}},{"type":"Feature","properties":{"t":23,"n":3},"geometry":{"type":"LineString","coordinates":[[-71.58851,44.06461],[-71.58862,44.06476]]}},{"type":"Feature","properties":{"t":23,"n":2},"geometry":{"type":"LineString","coordinates":[[-71.57292,44.10178],[-71.57252,44.10207]]}},{"type":"Feature","properties":{"t":23,"n":3},"geometry":{"type":"LineString","coordinates":[[-71.58819,44.06424],[-71.58851,44.06461]]}},{"type":"Feature","properties":{"t":2,"n":1},"geometry":{"type":"LineString","coordinates":[[-71.49567,44.19542],[-71.49606,44.19513],[-71.49619,44.19303],[-71.49767,44.19032],[-71.49794,44.18798],[-71.49823,44.18731],[-71.49791,44.18613],[-71.49723,44.18579],[-71.49642,44.18495],[-71.496,44.18379],[-71.49652,44.18358],[-71.49766,44.18368],[-71.49883,44.18417],[-71.50047,44.1836],[-71.50167,44.18361],[-71.50351,44.1838],[-71.50593,44.18437],[-71.50734,44.1844],[-71.5089,44.1838],[-71.50897,44.18344],[-71.50942,44.18319],[-71.50989,44.18202],[-71.51091,44.18141],[-71.51106,44.18067],[-71.51141,44.18029],[-71.51434,44.17905],[-71.51472,44.17904],[-71.51522,44.1787],[-71.51592,44.1786],[-71.51636,44.17824],[-71.5167,44.17812],[-71.51754,44.17831],[-71.5186,44.17822],[-71.52154,44.17899],[-71.52373,44.17767],[-71.52548,44.17426],[-71.52803,44.17143],[-71.53013,44.17065],[-71.53173,44.1709],[-71.53193,44.16898],[-71.53243,44.1685],[-71.53411,44.1682],[-71.5352,44.1684]]}},{"type":"Feature","properties":{"t":2,"n":3},"geometry":{"type":"LineString","coordinates":[[-71.5352,44.1684],[-71.53563,44.16863],[-71.53557,44.17013],[-71.53695,44.17206],[-71.53829,44.17246],[-71.54018,44.17364],[-71.54288,44.17459],[-71.54358,44.17566],[-71.54362,44.17616],[-71.54425,44.17681],[-71.54718,44.17782],[-71.54864,44.17863],[-71.55027,44.18063],[-71.55014,44.18233],[-71.55084,44.18373],[-71.55129,44.18539],[-71.55291,44.18638],[-71.55455,44.18702],[-71.55479,44.18766]]}},{"type":"Feature","properties":{"t":3,"n":2},"geometry":{"type":"LineString","coordinates":[[-71.57766,44.18998],[-71.57861,44.19017],[-71.57907,44.19044],[-71.58054,44.19241],[-71.58103,44.19254],[-71.58145,44.19302],[-71.5824,44.19345],[-71.58354,44.19358],[-71.58518,44.19316],[-71.58609,44.19344],[-71.58651,44.19385],[-71.58732,44.19403],[-71.58765,44.19376],[-71.58861,44.19357],[-71.59037,44.19404],[-71.591,44.19364],[-71.59185,44.19379],[-71.59213,44.19369],[-71.59327,44.19234],[-71.59512,44.19103],[-71.59732,44.19047],[-71.59819,44.19059],[-71.59908,44.18971],[-71.59951,44.18954],[-71.60312,44.19044],[-71.60392,44.19019],[-71.606,44.19021],[-71.60796,44.18993],[-71.60945,44.18942],[-71.60996,44.18882]]}},{"type":"Feature","properties":{"t":3,"n":2},"geometry":{"type":"LineString","coordinates":[[-71.61115,44.1874],[-71.61474,44.18762],[-71.61554,44.18754],[-71.61622,44.18708],[-71.61791,44.18725],[-71.61864,44.18695],[-71.61921,44.18705],[-71.61981,44.18693],[-71.62076,44.18635],[-71.6219,44.18523],[-71.62396,44.18449],[-71.62463,44.18408],[-71.62548,44.18402],[-71.62767,44.18306],[-71.62779,44.18243],[-71.62884,44.18214],[-71.62899,44.18172],[-71.63066,44.18162],[-71.63091,44.18124],[-71.63198,44.18091],[-71.63205,44.18029],[-71.63279,44.18007],[-71.63306,44.1797],[-71.63358,44.17946],[-71.63386,44.17867],[-71.63592,44.17814],[-71.63662,44.17762],[-71.63734,44.17644],[-71.63859,44.1752],[-71.64006,44.17421],[-71.64094,44.17412],[-71.6423,44.1724],[-71.64359,44.16948]]}},{"type":"Feature","properties":{"t":3,"n":2},"geometry":{"type":"LineString","coordinates":[[-71.61115,44.1874],[-71.61075,44.18725]]}},{"type":"Feature","properties":{"t":5,"n":3},"geometry":{"type":"LineString","coordinates":[[-71.64286,44.11896],[-71.64365,44.11982],[-71.64369,44.1204],[-71.64485,44.12162],[-71.64636,44.12265],[-71.64743,44.12576],[-71.6475,44.12768],[-71.64854,44.12865],[-71.64847,44.12928]]}},{"type":"Feature","properties":{"t":5,"n":4},"geometry":{"type":"LineString","coordinates":[[-71.64847,44.12928],[-71.64757,44.13174],[-71.64675,44.13271],[-71.64701,44.13344],[-71.64678,44.13491],[-71.64781,44.13754],[-71.64725,44.13853],[-71.64604,44.13972],[-71.6459,44.14015]]}},{"type":"Feature","properties":{"t":5,"n":7},"geometry":{"type":"LineString","coordinates":[[-71.6459,44.14015],[-71.64589,44.14044],[-71.64499,44.14081],[-71.64468,44.14119],[-71.64385,44.14267],[-71.64349,44.14414],[-71.64369,44.14549],[-71.64459,44.14715],[-71.64477,44.14861],[-71.64449,44.14886],[-71.64434,44.1495],[-71.64458,44.15355],[-71.64355,44.15529],[-71.64426,44.15653],[-71.64392,44.15886],[-71.64445,44.16086]]}},{"type":"Feature","properties":{"t":134,"n":1},"geometry":{"type":"LineString","coordinates":[[-71.733,44.13803],[-71.73268,44.13824],[-71.73249,44.13882],[-71.73187,44.13908],[-71.73061,44.14018],[-71.73019,44.14076],[-71.73042,44.14093],[-71.7303,44.14133],[-71.72914,44.14203],[-71.72908,44.14305],[-71.7287,44.14368],[-71.72855,44.14545],[-71.7278,44.14665],[-71.72636,44.14675],[-71.7251,44.14726],[-71.72469,44.14706],[-71.72402,44.14607],[-71.72235,44.14559],[-71.72202,44.14578],[-71.7216,44.14679],[-71.72102,44.14713],[-71.72054,44.14782],[-71.71886,44.1486],[-71.71805,44.14867],[-71.716,44.14826],[-71.7145,44.14842],[-71.71345,44.14827],[-71.71191,44.14836],[-71.71115,44.14928],[-71.71022,44.14997],[-71.70859,44.15003],[-71.70781,44.15026],[-71.70701,44.15072],[-71.70571,44.15099],[-71.70421,44.15189],[-71.7024,44.15201],[-71.70062,44.15244],[-71.70033,44.1529],[-71.6994,44.1535],[-71.69964,44.15455],[-71.69887,44.15606]]}},{"type":"Feature","properties":{"t":134,"n":1},"geometry":{"type":"LineString","coordinates":[[-71.69887,44.15606],[-71.69862,44.15602],[-71.69813,44.15698],[-71.69727,44.15761],[-71.69722,44.15792],[-71.69695,44.15777],[-71.69673,44.15789],[-71.6967,44.15775],[-71.69539,44.15806],[-71.69385,44.15782],[-71.69315,44.15809],[-71.69135,44.15828],[-71.68967,44.15881],[-71.68976,44.15895],[-71.69067,44.15898],[-71.69167,44.15956],[-71.69302,44.16056],[-71.69326,44.16101],[-71.69315,44.16125],[-71.69219,44.16154],[-71.692,44.16179],[-71.69107,44.16219],[-71.69079,44.16245],[-71.69105,44.16269],[-71.69073,44.16322],[-71.6901,44.16352],[-71.6902,44.16374],[-71.69075,44.16389],[-71.6902,44.16416],[-71.68972,44.16564],[-71.68936,44.16608],[-71.6899,44.1665],[-71.68891,44.1669],[-71.68778,44.1667],[-71.68639,44.16737],[-71.68623,44.16798],[-71.68703,44.16876],[-71.68699,44.169]]}},{"type":"Feature","properties":{"t":218,"n":1},"geometry":{"type":"LineString","coordinates":[[-71.6755,44.11238],[-71.67513,44.11168]]}},{"type":"Feature","properties":{"t":218,"n":0},"geometry":{"type":"LineString","coordinates":[[-71.67513,44.11168],[-71.67458,44.11084],[-71.67364,44.11071],[-71.67231,44.11014],[-71.66988,44.1107],[-71.66921,44.11042],[-71.66854,44.10994],[-71.66686,44.10791],[-71.6659,44.10764],[-71.66492,44.10663],[-71.66249,44.10592],[-71.66171,44.10593],[-71.66124,44.10536],[-71.65898,44.10515],[-71.65762,44.10478],[-71.65631,44.10477],[-71.65538,44.10442],[-71.65434,44.10482],[-71.65376,44.10485],[-71.65322,44.1045],[-71.65142,44.10404],[-71.64964,44.1028],[-71.64847,44.10251],[-71.64768,44.1026],[-71.64723,44.10237],[-71.64488,44.10319],[-71.64399,44.10332],[-71.64229,44.10442],[-71.63987,44.10524],[-71.63934,44.10507],[-71.63745,44.10522],[-71.63622,44.10498],[-71.63412,44.10502],[-71.63188,44.10551],[-71.63088,44.10602],[-71.63036,44.106],[-71.62942,44.10629],[-71.62902,44.10734],[-71.62848,44.10774]]}},{"type":"Feature","properties":{"t":218,"n":2},"geometry":{"type":"LineString","coordinates":[[-71.62848,44.10774],[-71.628,44.10779]]}},{"type":"Feature","properties":{"t":23,"n":3},"geometry":{"type":"LineString","coordinates":[[-71.58777,44.0641],[-71.58819,44.06424]]}},{"type":"Feature","properties":{"t":225,"n":3},"geometry":{"type":"LineString","coordinates":[[-71.58801,44.06413],[-71.58742,44.06447]]}},{"type":"Feature","properties":{"t":225,"n":1},"geometry":{"type":"LineString","coordinates":[[-71.58742,44.06447],[-71.5871,44.06467]]}},{"type":"Feature","properties":{"t":225,"n":0},"geometry":{"type":"LineString","coordinates":[[-71.5871,44.06467],[-71.58371,44.06632],[-71.58305,44.06846],[-71.58314,44.06914],[-71.58277,44.07055],[-71.58309,44.07183],[-71.57996,44.07473],[-71.57924,44.07727],[-71.57921,44.07893],[-71.57817,44.08054],[-71.57813,44.08176],[-71.57739,44.0829],[-71.57877,44.08519],[-71.57856,44.08752],[-71.57751,44.08897],[-71.5775,44.09058],[-71.57585,44.09312],[-71.57523,44.09449],[-71.57321,44.09693],[-71.57207,44.09981],[-71.57105,44.10055],[-71.56961,44.10091],[-71.56631,44.10227]]}},{"type":"Feature","properties":{"t":23,"n":3},"geometry":{"type":"LineString","coordinates":[[-71.58862,44.06476],[-71.5879,44.06523],[-71.58721,44.06602],[-71.58552,44.06863],[-71.58484,44.07292],[-71.58295,44.07802]]}},{"type":"Feature","properties":{"t":23,"n":2},"geometry":{"type":"LineString","coordinates":[[-71.58295,44.07802],[-71.58193,44.08154]]}},{"type":"Feature","properties":{"t":23,"n":3},"geometry":{"type":"LineString","coordinates":[[-71.58193,44.08154],[-71.5817,44.08273],[-71.58233,44.08745],[-71.58217,44.08907]]}},{"type":"Feature","properties":{"t":0,"n":2},"geometry":{"type":"LineString","coordinates":[[-71.53737,44.11135],[-71.53696,44.11441],[-71.53583,44.11519],[-71.53521,44.11607],[-71.53515,44.11657],[-71.53398,44.11755],[-71.53173,44.11849],[-71.53089,44.11994],[-71.5289,44.12087],[-71.52805,44.12107],[-71.5277,44.12092],[-71.52733,44.12101],[-71.52626,44.12257],[-71.52574,44.12369],[-71.52569,44.12536],[-71.52541,44.12596],[-71.52596,44.12756],[-71.52618,44.12939],[-71.52545,44.13152],[-71.52559,44.13194],[-71.52505,44.13343],[-71.52507,44.13429],[-71.52609,44.13649],[-71.52713,44.13809],[-71.52849,44.13915],[-71.52857,44.13953],[-71.52831,44.13983],[-71.52921,44.14105],[-71.53022,44.14125],[-71.53067,44.14241],[-71.53137,44.14191],[-71.53277,44.14233],[-71.53262,44.14261],[-71.5318,44.14288],[-71.53255,44.14348],[-71.53258,44.14415],[-71.53346,44.14355],[-71.53463,44.14232],[-71.53485,44.13888],[-71.53509,44.13845],[-71.5359,44.13832],[-71.53857,44.13846],[-71.54226,44.13772],[-71.54272,44.13792],[-71.54292,44.13877]]}},{"type":"Feature","properties":{"t":0,"n":2},"geometry":{"type":"LineString","coordinates":[[-71.54292,44.13877],[-71.54246,44.13967]]}},{"type":"Feature","properties":{"t":0,"n":3},"geometry":{"type":"LineString","coordinates":[[-71.54246,44.13967],[-71.54096,44.14059]]}},{"type":"Feature","properties":{"t":0,"n":3},"geometry":{"type":"LineString","coordinates":[[-71.54096,44.14059],[-71.54046,44.14098],[-71.54052,44.14125],[-71.54005,44.14187],[-71.5393,44.14235],[-71.53843,44.14425],[-71.53774,44.14462],[-71.53699,44.14673],[-71.53675,44.1484],[-71.53629,44.14938],[-71.53454,44.15105],[-71.53322,44.15161],[-71.53123,44.15292],[-71.53377,44.155],[-71.53355,44.15562],[-71.53374,44.15594],[-71.53591,44.15802],[-71.53687,44.1586],[-71.53756,44.16012],[-71.53755,44.16105],[-71.53714,44.16197],[-71.53731,44.1629],[-71.53694,44.16387],[-71.5371,44.16511],[-71.53588,44.16723],[-71.53563,44.16863]]}},{"type":"Feature","properties":{"t":67,"n":3},"geometry":{"type":"LineString","coordinates":[[-71.53711,44.15895],[-71.53754,44.15877]]}},{"type":"Feature","properties":{"t":67,"n":2},"geometry":{"type":"LineString","coordinates":[[-71.53754,44.15877],[-71.53865,44.15801],[-71.53956,44.15764],[-71.54072,44.1564],[-71.54363,44.15476]]}},{"type":"Feature","properties":{"t":245,"n":2},"geometry":{"type":"LineString","coordinates":[[-71.57002,44.18706],[-71.56972,44.18681]]}},{"type":"Feature","properties":{"t":245,"n":0},"geometry":{"type":"LineString","coordinates":[[-71.56972,44.18681],[-71.56974,44.18529],[-71.56876,44.18531],[-71.56844,44.18507],[-71.5689,44.18475],[-71.56978,44.18354],[-71.57043,44.18199],[-71.57138,44.18074],[-71.57245,44.17977],[-71.57486,44.17818],[-71.57655,44.17782],[-71.57832,44.17701],[-71.57969,44.17693],[-71.58114,44.17659],[-71.58158,44.17573],[-71.58129,44.17518],[-71.58214,44.17385],[-71.58205,44.17268],[-71.58298,44.17081],[-71.58562,44.16976],[-71.58613,44.16911],[-71.5867,44.1689],[-71.58766,44.16812],[-71.58803,44.16677],[-71.58843,44.16649],[-71.59071,44.16606],[-71.59422,44.16605],[-71.59509,44.16533]]}},{"type":"Feature","properties":{"t":204,"n":2},"geometry":{"type":"LineString","coordinates":[[-71.57295,44.10175],[-71.57326,44.10183]]}},{"type":"Feature","properties":{"t":204,"n":1},"geometry":{"type":"LineString","coordinates":[[-71.57326,44.10183],[-71.57339,44.10184]]}},{"type":"Feature","properties":{"t":204,"n":0},"geometry":{"type":"LineString","coordinates":[[-71.57339,44.10184],[-71.5751,44.10193],[-71.57599,44.10264],[-71.5763,44.10335],[-71.57603,44.10443],[-71.5762,44.10478],[-71.57755,44.10541],[-71.57822,44.10596],[-71.57821,44.10624],[-71.5776,44.10694]]}},{"type":"Feature","properties":{"t":253,"n":0},"geometry":{"type":"LineString","coordinates":[[-71.59475,44.16441],[-71.59212,44.16406],[-71.59032,44.16348],[-71.58918,44.16337],[-71.58772,44.16343],[-71.58603,44.16389],[-71.58183,44.16169],[-71.58089,44.16035],[-71.5798,44.15778],[-71.57928,44.15517],[-71.57978,44.1522],[-71.5809,44.15092],[-71.58126,44.1488],[-71.58125,44.14594],[-71.57978,44.13903],[-71.58032,44.13704],[-71.57946,44.13494],[-71.57774,44.12509],[-71.57639,44.12362],[-71.57473,44.12256],[-71.5743,44.12202],[-71.57388,44.12094],[-71.57422,44.11948]]}},{"type":"Feature","properties":{"t":229,"n":0},"geometry":{"type":"LineString","coordinates":[[-71.68958,44.14067],[-71.69041,44.14116],[-71.69074,44.14099],[-71.69119,44.14152],[-71.69166,44.1416],[-71.69245,44.14255],[-71.69367,44.14293],[-71.69426,44.14265],[-71.6946,44.14273],[-71.69515,44.1435],[-71.69574,44.14358],[-71.69604,44.14344],[-71.69645,44.14384],[-71.69619,44.14424],[-71.69629,44.14488],[-71.69704,44.14543],[-71.69679,44.14595],[-71.69719,44.14707],[-71.6968,44.14777],[-71.69822,44.14705],[-71.69842,44.14733],[-71.69904,44.14721],[-71.70046,44.14766],[-71.70074,44.14794],[-71.701,44.14871],[-71.70092,44.14948],[-71.70036,44.15027],[-71.70075,44.15197],[-71.70054,44.15211]]}},{"type":"Feature","properties":{"t":229,"n":1},"geometry":{"type":"LineString","coordinates":[[-71.70054,44.15211],[-71.70062,44.15244]]}},{"type":"Feature","properties":{"t":706,"n":0},"geometry":{"type":"LineString","coordinates":[[-71.68542,44.19036],[-71.68296,44.19005],[-71.68228,44.19017],[-71.68235,44.18988],[-71.68278,44.1896],[-71.68512,44.18929]]}},{"type":"Feature","properties":{"t":497,"n":0},"geometry":{"type":"LineString","coordinates":[[-71.68553,44.19365],[-71.68574,44.1935],[-71.68627,44.19354],[-71.68825,44.19316],[-71.68874,44.19268],[-71.68861,44.1917],[-71.68795,44.1906],[-71.68797,44.19011],[-71.68887,44.19008],[-71.6905,44.1907],[-71.69147,44.19071],[-71.6922,44.19053],[-71.6926,44.18983],[-71.6923,44.1892],[-71.69076,44.18873],[-71.69024,44.1873],[-71.68853,44.18676],[-71.68784,44.1868],[-71.68659,44.18562],[-71.68597,44.18552]]}},{"type":"Feature","properties":{"t":764,"n":0},"geometry":{"type":"LineString","coordinates":[[-71.68782,44.19965],[-71.68818,44.20023],[-71.68875,44.20055],[-71.69063,44.20069]]}},{"type":"Feature","properties":{"t":410,"n":0},"geometry":{"type":"LineString","coordinates":[[-71.61507,44.24572],[-71.61529,44.24481],[-71.61381,44.24343],[-71.61238,44.24021],[-71.61259,44.23922],[-71.61204,44.23817],[-71.6119,44.23729],[-71.61148,44.23798],[-71.61005,44.23904],[-71.60962,44.24074],[-71.6076,44.24199],[-71.60664,44.24292],[-71.60631,44.24348],[-71.60661,44.24439],[-71.60704,44.24481],[-71.60865,44.24545],[-71.61028,44.245],[-71.61041,44.24479],[-71.61144,44.24472],[-71.61292,44.24497],[-71.61507,44.24572]]}},{"type":"Feature","properties":{"t":388,"n":0},"geometry":{"type":"LineString","coordinates":[[-71.61148,44.23798],[-71.61109,44.23757],[-71.6098,44.23697],[-71.60817,44.23767],[-71.60767,44.23816],[-71.6069,44.23849],[-71.60415,44.23819],[-71.6027,44.23876],[-71.60113,44.23993],[-71.59913,44.24206],[-71.59931,44.24248],[-71.60065,44.24134],[-71.60093,44.24134],[-71.60124,44.24165],[-71.60109,44.24255],[-71.60394,44.24222],[-71.60523,44.24274],[-71.6054,44.24288],[-71.60497,44.24311],[-71.6034,44.24352],[-71.60276,44.24386],[-71.60476,44.24515],[-71.60521,44.24589],[-71.60569,44.2462],[-71.60654,44.24592],[-71.60952,44.2461],[-71.613,44.24587],[-71.61453,44.246]]}},{"type":"Feature","properties":{"t":329,"n":0},"geometry":{"type":"LineString","coordinates":[[-71.65502,44.20928],[-71.65826,44.21028],[-71.65938,44.21082],[-71.66252,44.21091],[-71.66245,44.21177],[-71.6627,44.21204],[-71.66307,44.21222],[-71.66426,44.21223],[-71.66526,44.21249],[-71.66648,44.21226],[-71.66561,44.21097],[-71.66705,44.21078],[-71.6675,44.20984],[-71.66957,44.20975],[-71.67163,44.20895],[-71.6742,44.2084],[-71.67661,44.2087],[-71.67871,44.20834],[-71.6797,44.20738],[-71.68008,44.20591],[-71.6797,44.20372],[-71.67939,44.2032],[-71.67952,44.20234],[-71.67875,44.20091],[-71.67885,44.20053],[-71.68007,44.1999]]}},{"type":"Feature","properties":{"t":304,"n":0},"geometry":{"type":"LineString","coordinates":[[-71.6027,44.23876],[-71.6006,44.23904],[-71.60024,44.23877],[-71.59994,44.23754],[-71.59955,44.23698],[-71.59962,44.23621],[-71.59908,44.23529],[-71.59854,44.23537],[-71.59829,44.23517],[-71.59754,44.23611],[-71.59578,44.23538],[-71.59567,44.23614],[-71.59382,44.23558],[-71.59344,44.23557],[-71.5926,44.23594],[-71.59305,44.23677],[-71.59271,44.23712],[-71.59191,44.23717],[-71.59015,44.23797],[-71.58996,44.23897],[-71.59209,44.23951],[-71.59245,44.24004],[-71.59174,44.24043],[-71.58988,44.24065],[-71.58923,44.24115],[-71.59041,44.24218],[-71.59007,44.24266],[-71.58824,44.24308],[-71.58782,44.2435],[-71.58816,44.24401],[-71.58889,44.24431],[-71.58893,44.24472],[-71.58679,44.24517],[-71.58552,44.2451],[-71.58533,44.24558],[-71.58546,44.24588],[-71.58618,44.24632],[-71.58553,44.24679],[-71.58548,44.24733],[-71.58489,44.24762],[-71.58546,44.2485],[-71.58427,44.24922],[-71.58436,44.24967],[-71.58591,44.25033],[-71.58563,44.25045],[-71.58563,44.2507],[-71.58593,44.25095],[-71.58651,44.25086],[-71.58739,44.25006],[-71.58835,44.24971],[-71.59024,44.24993],[-71.59286,44.24941],[-71.5947,44.24967],[-71.59537,44.24949],[-71.59623,44.24964],[-71.59646,44.2495],[-71.5976,44.24947],[-71.59818,44.24916],[-71.59955,44.24886],[-71.60065,44.24832],[-71.60217,44.24708],[-71.60258,44.24702],[-71.60286,44.24751],[-71.60281,44.24798],[-71.60337,44.24822],[-71.60524,44.2473],[-71.6058,44.24684],[-71.6064,44.24671],[-71.60655,44.24641],[-71.60614,44.246]]}},{"type":"Feature","properties":{"t":319,"n":0},"geometry":{"type":"LineString","coordinates":[[-71.50409,44.25365],[-71.5043,44.25247],[-71.50368,44.25185],[-71.50392,44.25173],[-71.50362,44.24929],[-71.50397,44.24864],[-71.50373,44.24823],[-71.50277,44.24815],[-71.50073,44.24698],[-71.49991,44.24626],[-71.49914,44.24492],[-71.49875,44.24475],[-71.49862,44.24395],[-71.49777,44.24312],[-71.49568,44.2422],[-71.49423,44.2408],[-71.49373,44.24069],[-71.49287,44.24093],[-71.49172,44.24045],[-71.49131,44.23968],[-71.48913,44.23862],[-71.4886,44.23757],[-71.48916,44.23688],[-71.48926,44.23622],[-71.48849,44.23596],[-71.4883,44.23553],[-71.48754,44.2349],[-71.48643,44.23433],[-71.48611,44.23322],[-71.48562,44.23253],[-71.48394,44.23167],[-71.48353,44.23096],[-71.48204,44.22976],[-71.48057,44.22978],[-71.47952,44.22926],[-71.47912,44.22849],[-71.47958,44.22783],[-71.47974,44.22673],[-71.47956,44.22614],[-71.47881,44.22609]]}},{"type":"Feature","properties":{"t":147,"n":0},"geometry":{"type":"LineString","coordinates":[[-71.59512,44.16505],[-71.59587,44.1649],[-71.60006,44.16558],[-71.60013,44.16491],[-71.59951,44.16436],[-71.59917,44.16371],[-71.5992,44.16329],[-71.59943,44.16316],[-71.60046,44.16318],[-71.60147,44.16366],[-71.60417,44.1639],[-71.60503,44.16376],[-71.60868,44.16386],[-71.6101,44.16338],[-71.61075,44.16289],[-71.61343,44.163],[-71.61498,44.16286],[-71.61564,44.16253],[-71.61568,44.16123],[-71.61648,44.16021],[-71.61652,44.1598],[-71.61593,44.15921],[-71.61611,44.15871],[-71.61659,44.15847],[-71.61827,44.15835],[-71.61926,44.15785],[-71.6197,44.15724],[-71.62008,44.15642],[-71.6195,44.15409],[-71.61671,44.15038],[-71.61656,44.14878],[-71.61595,44.14806],[-71.61563,44.147],[-71.61523,44.14334],[-71.6154,44.14301],[-71.6153,44.14075],[-71.61487,44.13924],[-71.61581,44.13814],[-71.61601,44.13527],[-71.61556,44.13468],[-71.61554,44.13415],[-71.61428,44.13298]]}},{"type":"Feature","properties":{"t":147,"n":1},"geometry":{"type":"LineString","coordinates":[[-71.61428,44.13298],[-71.61399,44.13266],[-71.614,44.13219],[-71.61343,44.13169],[-71.6131,44.13059]]}},{"type":"Feature","properties":{"t":57,"n":1},"geometry":{"type":"LineString","coordinates":[[-71.57601,44.0999],[-71.57865,44.10045],[-71.57928,44.10094],[-71.57969,44.10224],[-71.58077,44.10267],[-71.5812,44.10307],[-71.58047,44.10429],[-71.58173,44.10532],[-71.5817,44.10609],[-71.5822,44.10641]]}},{"type":"Feature","properties":{"t":279,"n":0},"geometry":{"type":"LineString","coordinates":[[-71.52353,44.04118],[-71.52442,44.04157],[-71.52333,44.04288],[-71.52296,44.04401],[-71.52033,44.04704],[-71.51856,44.04838],[-71.5183,44.04883],[-71.51867,44.05019],[-71.51851,44.05083],[-71.51576,44.05322],[-71.51494,44.05521],[-71.51429,44.05603],[-71.50963,44.05735],[-71.50884,44.05737],[-71.50809,44.05691],[-71.50652,44.05667],[-71.50567,44.05678],[-71.50546,44.05733],[-71.50452,44.05762],[-71.50276,44.05784],[-71.50193,44.0586],[-71.50146,44.05949],[-71.50062,44.05984],[-71.50011,44.05983],[-71.49938,44.05932],[-71.49827,44.05925],[-71.49814,44.05881],[-71.49701,44.05776],[-71.49521,44.05759],[-71.4927,44.0565],[-71.49246,44.05625],[-71.49079,44.0558],[-71.48628,44.05553],[-71.48122,44.05623],[-71.48035,44.05669],[-71.48008,44.05717],[-71.47919,44.05741],[-71.4789,44.0578],[-71.47757,44.05829],[-71.47736,44.05863],[-71.47678,44.05889],[-71.47416,44.05936],[-71.47331,44.05973],[-71.47102,44.05993],[-71.47003,44.05968],[-71.4697,44.05937],[-71.46914,44.05931],[-71.46733,44.0601],[-71.46596,44.0604],[-71.46325,44.06019],[-71.4623,44.05959],[-71.46047,44.05948],[-71.45748,44.06035],[-71.45598,44.05991],[-71.45439,44.05902],[-71.45412,44.05858],[-71.45284,44.05832],[-71.45091,44.05823],[-71.44918,44.0584],[-71.4459,44.06067]]}},{"type":"Feature","properties":{"t":283,"n":0},"geometry":{"type":"LineString","coordinates":[[-71.50452,44.05762],[-71.50553,44.05861],[-71.50617,44.06006],[-71.50603,44.06076],[-71.5064,44.06105],[-71.50627,44.06163],[-71.5066,44.06242],[-71.50668,44.06414],[-71.50733,44.06561],[-71.50706,44.0662],[-71.50636,44.06678],[-71.50585,44.06708],[-71.50526,44.06705],[-71.50491,44.06738],[-71.50354,44.06955],[-71.50352,44.07039],[-71.50417,44.07188],[-71.50475,44.07225],[-71.50538,44.07428],[-71.50701,44.07558],[-71.50782,44.07701],[-71.51087,44.07861],[-71.5118,44.07883],[-71.51183,44.07905],[-71.51108,44.07952],[-71.50923,44.07933],[-71.50912,44.07947],[-71.51018,44.08055],[-71.51054,44.08151],[-71.51165,44.08249],[-71.51226,44.08342],[-71.5137,44.08459],[-71.51451,44.08483],[-71.51483,44.08548],[-71.51547,44.08575],[-71.51958,44.08587],[-71.52031,44.08614],[-71.5215,44.08623],[-71.52305,44.08698],[-71.52299,44.08573],[-71.52247,44.08535],[-71.52251,44.08502],[-71.52282,44.08498],[-71.52325,44.08535],[-71.52441,44.08555],[-71.52542,44.08648],[-71.52658,44.08849],[-71.52659,44.08907],[-71.5274,44.08933],[-71.52825,44.09014],[-71.52841,44.09062],[-71.52915,44.09091],[-71.53044,44.09192],[-71.53162,44.0935],[-71.53335,44.09422],[-71.53369,44.09467],[-71.53361,44.09531],[-71.53406,44.09636],[-71.53547,44.09856],[-71.53579,44.09864],[-71.53666,44.09988],[-71.53752,44.10176],[-71.53876,44.10314],[-71.53904,44.10377],[-71.53883,44.10539],[-71.53851,44.10645],[-71.53802,44.10701],[-71.53431,44.10841],[-71.53244,44.10849]]}},{"type":"Feature","properties":{"t":400,"n":0},"geometry":{"type":"LineString","coordinates":[[-71.55284,44.10588],[-71.55297,44.10676],[-71.55241,44.1066],[-71.55028,44.10664],[-71.5489,44.1069],[-71.54709,44.10775],[-71.54474,44.10802],[-71.54415,44.10788],[-71.54231,44.10819],[-71.53941,44.10913],[-71.53791,44.10912],[-71.53609,44.10982],[-71.53527,44.10976],[-71.53244,44.10849]]}},{"type":"Feature","properties":{"t":294,"n":0},"geometry":{"type":"LineString","coordinates":[[-71.48725,44.15971],[-71.48883,44.15856],[-71.48932,44.1575],[-71.48939,44.15664],[-71.49039,44.15576],[-71.49056,44.1553],[-71.49044,44.15335],[-71.49067,44.15272],[-71.49198,44.15138],[-71.49221,44.14975],[-71.49322,44.14876],[-71.49356,44.14778],[-71.49448,44.14705],[-71.49461,44.14641],[-71.49435,44.14516],[-71.495,44.14461],[-71.49532,44.14354],[-71.49724,44.14253],[-71.49813,44.14185],[-71.4998,44.14007],[-71.49986,44.13894],[-71.50043,44.13775],[-71.50037,44.13685],[-71.49943,44.13526],[-71.4989,44.13383],[-71.49861,44.13272],[-71.49871,44.13104],[-71.49932,44.12998],[-71.50085,44.12849],[-71.50291,44.12696],[-71.50334,44.12633],[-71.50289,44.12173],[-71.50291,44.12128],[-71.5038,44.11956],[-71.50346,44.1191],[-71.50366,44.11872]]}},{"type":"Feature","properties":{"t":305,"n":0},"geometry":{"type":"LineString","coordinates":[[-71.52475,44.11168],[-71.5231,44.11262],[-71.52078,44.11264],[-71.51511,44.11327],[-71.50985,44.11437],[-71.50444,44.11599],[-71.50058,44.11618],[-71.49996,44.11634],[-71.49914,44.11636],[-71.49827,44.11611],[-71.49631,44.11623],[-71.49428,44.11594],[-71.49103,44.115],[-71.48896,44.11558],[-71.48574,44.11557],[-71.48508,44.11576],[-71.48416,44.11635],[-71.4833,44.11648],[-71.4791,44.11645],[-71.47838,44.11623],[-71.47794,44.11578],[-71.47766,44.11491],[-71.47678,44.1142],[-71.47631,44.11407],[-71.47356,44.11458],[-71.4729,44.11578],[-71.47221,44.11623],[-71.47115,44.11653],[-71.46998,44.11849],[-71.4692,44.11918],[-71.46903,44.11966],[-71.4692,44.12043],[-71.46793,44.12108]]}},{"type":"Feature","properties":{"t":558,"n":0},"geometry":{"type":"LineString","coordinates":[[-71.61985,44.2265],[-71.61976,44.22585],[-71.61885,44.225],[-71.6189,44.22421],[-71.61856,44.22294],[-71.616,44.22119],[-71.61635,44.22079],[-71.61728,44.22044],[-71.6178,44.21981],[-71.61929,44.2187],[-71.62028,44.21832],[-71.62157,44.2181],[-71.62188,44.21848]]}},{"type":"Feature","properties":{"t":43,"n":1},"geometry":{"type":"LineString","coordinates":[[-71.70266,44.13848],[-71.70337,44.13817],[-71.70364,44.13785],[-71.70516,44.13781],[-71.70671,44.13734],[-71.70932,44.13822],[-71.71076,44.13789],[-71.71183,44.13791],[-71.71348,44.13847],[-71.71422,44.13914],[-71.71596,44.13993],[-71.71741,44.14024],[-71.71767,44.14053],[-71.71861,44.14076],[-71.7199,44.14034],[-71.721,44.14025],[-71.72171,44.14031],[-71.72196,44.14018],[-71.72254,44.14037],[-71.72361,44.14037],[-71.72481,44.13965],[-71.72555,44.13946],[-71.72591,44.13909],[-71.72657,44.13907],[-71.72758,44.13865],[-71.72831,44.13867],[-71.72888,44.13841],[-71.72994,44.13878],[-71.73032,44.13857],[-71.733,44.13803]]}},{"type":"Feature","properties":{"t":134,"n":1},"geometry":{"type":"LineString","coordinates":[[-71.733,44.13803],[-71.7338,44.1383],[-71.73435,44.13821],[-71.73464,44.13797],[-71.73444,44.13765],[-71.73464,44.13745]]}},{"type":"Feature","properties":{"t":332,"n":0},"geometry":{"type":"LineString","coordinates":[[-71.5068,44.06643],[-71.50489,44.06653],[-71.5042,44.06705],[-71.50386,44.06779],[-71.50219,44.06858],[-71.49947,44.07062],[-71.49886,44.07084],[-71.49772,44.07202],[-71.49748,44.07256],[-71.49561,44.07416],[-71.493,44.07588],[-71.49262,44.07641],[-71.49259,44.07729],[-71.4921,44.07755],[-71.49225,44.07829],[-71.49154,44.07852],[-71.49152,44.07935],[-71.49109,44.08],[-71.49107,44.08114],[-71.49176,44.08217],[-71.49316,44.08338],[-71.49388,44.08339],[-71.49367,44.08391],[-71.49322,44.08409],[-71.49246,44.08376],[-71.49159,44.08383],[-71.49129,44.0837],[-71.4913,44.08302],[-71.49068,44.08262],[-71.49028,44.08188],[-71.48957,44.08158],[-71.4884,44.0802],[-71.48719,44.07952],[-71.4855,44.0791],[-71.48406,44.07796],[-71.48424,44.07721],[-71.48694,44.07327],[-71.48863,44.07422],[-71.48987,44.07535],[-71.4909,44.07598],[-71.49195,44.07619],[-71.493,44.07588]]}},{"type":"Feature","properties":{"t":116,"n":1},"geometry":{"type":"LineString","coordinates":[[-71.61051,44.1377],[-71.60974,44.138],[-71.60912,44.13872],[-71.60843,44.13897],[-71.60783,44.13953],[-71.60607,44.13996],[-71.60608,44.14151],[-71.605,44.14438]]}},{"type":"Feature","properties":{"t":60,"n":1},"geometry":{"type":"LineString","coordinates":[[-71.61399,44.13266],[-71.61396,44.13375],[-71.61202,44.1338],[-71.61024,44.13343],[-71.60931,44.13358],[-71.60889,44.13397],[-71.60886,44.13479],[-71.6103,44.13675],[-71.61051,44.1377]]}},{"type":"Feature","properties":{"t":253,"n":0},"geometry":{"type":"LineString","coordinates":[[-71.59509,44.16533],[-71.59561,44.16675],[-71.59552,44.16833],[-71.5942,44.16929],[-71.59382,44.17001],[-71.59258,44.17131],[-71.5915,44.17325],[-71.59139,44.17442],[-71.59029,44.17679],[-71.59242,44.17759],[-71.59332,44.18141],[-71.59474,44.18334],[-71.59584,44.18394],[-71.59595,44.18438],[-71.59554,44.18533],[-71.5968,44.18627],[-71.59811,44.18793],[-71.5984,44.18858],[-71.59823,44.18904],[-71.59851,44.18956]]}},{"type":"Feature","properties":{"t":253,"n":2},"geometry":{"type":"LineString","coordinates":[[-71.59851,44.18956],[-71.59882,44.18994]]}},{"type":"Feature","properties":{"t":38,"n":1},"geometry":{"type":"LineString","coordinates":[[-71.53815,44.22581],[-71.53791,44.22688],[-71.53647,44.22727],[-71.53623,44.2271],[-71.53646,44.2265],[-71.53588,44.22635],[-71.53425,44.2269],[-71.5327,44.22698],[-71.53137,44.22681],[-71.53007,44.22696],[-71.52788,44.22757],[-71.52768,44.22695],[-71.52822,44.22556],[-71.52662,44.22578],[-71.52541,44.2265],[-71.52403,44.22662],[-71.52151,44.22729],[-71.52012,44.22786],[-71.51976,44.22738],[-71.52009,44.22669],[-71.52075,44.22612],[-71.52066,44.22592],[-71.51803,44.22624],[-71.51574,44.22699],[-71.51476,44.22688],[-71.5142,44.22534],[-71.5144,44.22455],[-71.51426,44.22375],[-71.51315,44.2229],[-71.51268,44.22184],[-71.51218,44.22175]]}},{"type":"Feature","properties":{"t":429,"n":0},"geometry":{"type":"LineString","coordinates":[[-71.63564,44.22923],[-71.63496,44.22715],[-71.63508,44.2265],[-71.63487,44.22538],[-71.63513,44.22476],[-71.63509,44.22398],[-71.63559,44.22301],[-71.63673,44.22271],[-71.63809,44.22311],[-71.63946,44.22232],[-71.64104,44.22173],[-71.64136,44.22142],[-71.64292,44.22088],[-71.64572,44.21854]]}},{"type":"Feature","properties":{"t":687,"n":0},"geometry":{"type":"LineString","coordinates":[[-71.64826,44.21665],[-71.64888,44.21682],[-71.64983,44.21661],[-71.6509,44.21703],[-71.65269,44.2172],[-71.65523,44.21673],[-71.65568,44.21683]]}},{"type":"Feature","properties":{"t":734,"n":0},"geometry":{"type":"LineString","coordinates":[[-71.65568,44.21683],[-71.65725,44.21539],[-71.658,44.21498],[-71.65796,44.21382]]}},{"type":"Feature","properties":{"t":783,"n":0},"geometry":{"type":"LineString","coordinates":[[-71.67348,44.22168],[-71.67262,44.22177],[-71.67198,44.22221],[-71.67139,44.22234],[-71.67094,44.22224]]}},{"type":"Feature","properties":{"t":511,"n":0},"geometry":{"type":"LineString","coordinates":[[-71.73429,44.17304],[-71.73406,44.17189],[-71.73439,44.17207],[-71.73472,44.17135],[-71.73583,44.17103],[-71.73653,44.17051],[-71.73647,44.17],[-71.73695,44.16909],[-71.73667,44.16832],[-71.73792,44.16712],[-71.73913,44.1644],[-71.73972,44.16375],[-71.74035,44.16174],[-71.74022,44.16084],[-71.74055,44.16077],[-71.74033,44.16038],[-71.74046,44.16008]]}},{"type":"Feature","properties":{"t":443,"n":0},"geometry":{"type":"LineString","coordinates":[[-71.73667,44.16958],[-71.7355,44.16982],[-71.73465,44.16958],[-71.73425,44.16914],[-71.73442,44.16864],[-71.73378,44.16745],[-71.73442,44.16775],[-71.73537,44.16705],[-71.7344,44.16731],[-71.73472,44.16714],[-71.73504,44.16655],[-71.73455,44.16636],[-71.73492,44.16607],[-71.73455,44.16607],[-71.73538,44.1652],[-71.73496,44.16456],[-71.7362,44.16382],[-71.73718,44.16251],[-71.73671,44.16242],[-71.73733,44.16198],[-71.73708,44.16177],[-71.73728,44.16147],[-71.73682,44.16098],[-71.73689,44.1604],[-71.73838,44.15662],[-71.73835,44.15626],[-71.73889,44.15539],[-71.73925,44.15543],[-71.7393,44.15503]]}},{"type":"Feature","properties":{"t":336,"n":0},"geometry":{"type":"LineString","coordinates":[[-71.63747,44.24581],[-71.63882,44.24604],[-71.64272,44.24582],[-71.64529,44.24623],[-71.64652,44.24613],[-71.64802,44.24576],[-71.64902,44.24585]]}},{"type":"Feature","properties":{"t":458,"n":0},"geometry":{"type":"LineString","coordinates":[[-71.67715,44.22436],[-71.67802,44.21805],[-71.67832,44.21746],[-71.68543,44.21227]]}},{"type":"Feature","properties":{"t":757,"n":0},"geometry":{"type":"LineString","coordinates":[[-71.50337,44.00345],[-71.50344,44.00386],[-71.50284,44.00459],[-71.50304,44.00565],[-71.50333,44.00599]]}},{"type":"Feature","properties":{"t":104,"n":1},"geometry":{"type":"LineString","coordinates":[[-71.58574,44.1096],[-71.58573,44.10993],[-71.5863,44.11068],[-71.58629,44.11153],[-71.58663,44.11186],[-71.58708,44.11326],[-71.58762,44.11373],[-71.58794,44.11449],[-71.58816,44.11589],[-71.58738,44.11767],[-71.58767,44.11842],[-71.58826,44.11885],[-71.58845,44.11943]]}},{"type":"Feature","properties":{"t":145,"n":1},"geometry":{"type":"LineString","coordinates":[[-71.50532,44.1842],[-71.50568,44.18395]]}},{"type":"Feature","properties":{"t":145,"n":0},"geometry":{"type":"LineString","coordinates":[[-71.50568,44.18395],[-71.50633,44.18348]]}},{"type":"Feature","properties":{"t":90,"n":1},"geometry":{"type":"LineString","coordinates":[[-71.52154,44.17899],[-71.52158,44.18002]]}},{"type":"Feature","properties":{"t":245,"n":0},"geometry":{"type":"LineString","coordinates":[[-71.59509,44.16533],[-71.5951,44.16512]]}},{"type":"Feature","properties":{"t":389,"n":0},"geometry":{"type":"LineString","coordinates":[[-71.52025,44.02964],[-71.52045,44.0287],[-71.51989,44.02846],[-71.51875,44.02834],[-71.51816,44.02758],[-71.51801,44.02692],[-71.51843,44.02592],[-71.5171,44.02542],[-71.51714,44.02462],[-71.51642,44.02402],[-71.51462,44.02343],[-71.51428,44.02237],[-71.51355,44.02194],[-71.51282,44.02188],[-71.51275,44.02152],[-71.51355,44.0213],[-71.51372,44.02105],[-71.51327,44.02041],[-71.51171,44.01961],[-71.51093,44.0194],[-71.5088,44.01779],[-71.50699,44.01735]]}},{"type":"Feature","properties":{"t":389,"n":0},"geometry":{"type":"LineString","coordinates":[[-71.51024,44.02221],[-71.51181,44.02346],[-71.51263,44.02445],[-71.51447,44.02581],[-71.51572,44.02637],[-71.51697,44.02734],[-71.51777,44.02837],[-71.51932,44.02908],[-71.51961,44.02928],[-71.51962,44.02958]]}},{"type":"Feature","properties":{"t":129,"n":1},"geometry":{"type":"LineString","coordinates":[[-71.69577,44.12576],[-71.69631,44.12631],[-71.69936,44.1268],[-71.70204,44.12823],[-71.70348,44.12856],[-71.70383,44.12927],[-71.70448,44.1299],[-71.70446,44.13034],[-71.70544,44.13092],[-71.70634,44.13222],[-71.70694,44.13372],[-71.70665,44.13436],[-71.70474,44.13608],[-71.70354,44.13667],[-71.70199,44.13811]]}},{"type":"Feature","properties":{"t":407,"n":0},"geometry":{"type":"LineString","coordinates":[[-71.55822,44.24257],[-71.55559,44.24089],[-71.55536,44.24008]]}},{"type":"Feature","properties":{"t":407,"n":0},"geometry":{"type":"LineString","coordinates":[[-71.55536,44.24008],[-71.55495,44.23947],[-71.55433,44.23947],[-71.55309,44.23891],[-71.55173,44.23716],[-71.55135,44.23616],[-71.54997,44.23454],[-71.54977,44.23394],[-71.5484,44.23202],[-71.54767,44.22998],[-71.54767,44.22919],[-71.54631,44.2282],[-71.54642,44.2273],[-71.54572,44.22577],[-71.54488,44.22572],[-71.54457,44.22552],[-71.54417,44.22466],[-71.54295,44.22345],[-71.54173,44.22312],[-71.53986,44.22197]]}},{"type":"Feature","properties":{"t":564,"n":0},"geometry":{"type":"LineString","coordinates":[[-71.58309,44.07176],[-71.58339,44.07169],[-71.58296,44.07281],[-71.58333,44.07332],[-71.58201,44.07552],[-71.58193,44.07662],[-71.58079,44.07835],[-71.57925,44.07973],[-71.57877,44.08169],[-71.57813,44.0816]]}},{"type":"Feature","properties":{"t":117,"n":1},"geometry":{"type":"LineString","coordinates":[[-71.53595,44.22208],[-71.5362,44.22218]]}},{"type":"Feature","properties":{"t":117,"n":0},"geometry":{"type":"LineString","coordinates":[[-71.5362,44.22218],[-71.53903,44.22563],[-71.54006,44.22727],[-71.54012,44.22792]]}},{"type":"Feature","properties":{"t":621,"n":0},"geometry":{"type":"LineString","coordinates":[[-71.55589,44.05787],[-71.55703,44.05742],[-71.55725,44.05685],[-71.55853,44.05603],[-71.55955,44.05502],[-71.56032,44.05381],[-71.55997,44.05264],[-71.55786,44.05097]]}},{"type":"Feature","properties":{"t":470,"n":0},"geometry":{"type":"LineString","coordinates":[[-71.55242,44.04551],[-71.55183,44.04512],[-71.55197,44.04486]]}},{"type":"Feature","properties":{"t":470,"n":0},"geometry":{"type":"LineString","coordinates":[[-71.55197,44.04486],[-71.55231,44.04464],[-71.55234,44.04391],[-71.55095,44.04405],[-71.55044,44.04392],[-71.55077,44.04422],[-71.55189,44.04445],[-71.55197,44.04486]]}},{"type":"Feature","properties":{"t":470,"n":0},"geometry":{"type":"LineString","coordinates":[[-71.55623,44.04602],[-71.55607,44.04619],[-71.55626,44.04655],[-71.55724,44.04737],[-71.55799,44.04854],[-71.55804,44.04879],[-71.55774,44.04886],[-71.55421,44.04755],[-71.55283,44.04686],[-71.55209,44.04614],[-71.55314,44.04633],[-71.55242,44.04551]]}},{"type":"Feature","properties":{"t":470,"n":0},"geometry":{"type":"LineString","coordinates":[[-71.55676,44.04638],[-71.55639,44.04633],[-71.55588,44.04553],[-71.55432,44.04585],[-71.55242,44.04551]]}},{"type":"Feature","properties":{"t":428,"n":0},"geometry":{"type":"LineString","coordinates":[[-71.58826,44.00745],[-71.58975,44.00948],[-71.58943,44.01051],[-71.5897,44.01148],[-71.58709,44.01405],[-71.58459,44.01725],[-71.58405,44.0176]]}},{"type":"Feature","properties":{"t":480,"n":0},"geometry":{"type":"LineString","coordinates":[[-71.74466,44.01422],[-71.74587,44.01389],[-71.74687,44.01308],[-71.74776,44.01284],[-71.7482,44.0129]]}},{"type":"Feature","properties":{"t":480,"n":0},"geometry":{"type":"LineString","coordinates":[[-71.7482,44.0129],[-71.74832,44.01294]]}},{"type":"Feature","properties":{"t":294,"n":0},"geometry":{"type":"LineString","coordinates":[[-71.50385,44.1186],[-71.50421,44.11832],[-71.50508,44.1164],[-71.50888,44.11466]]}},{"type":"Feature","properties":{"t":844,"n":0},"geometry":{"type":"LineString","coordinates":[[-71.50366,44.11872],[-71.50385,44.1186]]}},{"type":"Feature","properties":{"t":400,"n":0},"geometry":{"type":"LineString","coordinates":[[-71.56631,44.10227],[-71.56389,44.10289],[-71.56246,44.10295],[-71.55862,44.10422]]}},{"type":"Feature","properties":{"t":400,"n":0},"geometry":{"type":"LineString","coordinates":[[-71.55286,44.10579],[-71.55284,44.10588]]}},{"type":"Feature","properties":{"t":528,"n":0},"geometry":{"type":"LineString","coordinates":[[-71.71014,44.02912],[-71.71015,44.02865],[-71.70905,44.02755],[-71.7085,44.02752],[-71.70694,44.02817],[-71.70589,44.0281],[-71.7053,44.02774],[-71.70526,44.02671],[-71.70504,44.02655],[-71.70466,44.02644],[-71.70377,44.02668],[-71.70292,44.02662],[-71.70183,44.02466],[-71.70046,44.02407],[-71.699,44.02092]]}},{"type":"Feature","properties":{"t":129,"n":1},"geometry":{"type":"LineString","coordinates":[[-71.69572,44.12569],[-71.69577,44.12576]]}},{"type":"Feature","properties":{"t":223,"n":1},"geometry":{"type":"LineString","coordinates":[[-71.70348,44.12856],[-71.70366,44.12854]]}},{"type":"Feature","properties":{"t":223,"n":1},"geometry":{"type":"LineString","coordinates":[[-71.70366,44.12854],[-71.70374,44.12854]]}},{"type":"Feature","properties":{"t":625,"n":0},"geometry":{"type":"LineString","coordinates":[[-71.72643,44.17403],[-71.72554,44.17296],[-71.72572,44.17243],[-71.72509,44.17209],[-71.72541,44.17164],[-71.72569,44.17158],[-71.72621,44.17066],[-71.72656,44.17042],[-71.72656,44.17081],[-71.72697,44.17113],[-71.72697,44.17156],[-71.72636,44.17192],[-71.72722,44.17179],[-71.72701,44.17253],[-71.72734,44.17319]]}},{"type":"Feature","properties":{"t":569,"n":0},"geometry":{"type":"LineString","coordinates":[[-71.72469,44.17854],[-71.72624,44.17984],[-71.7265,44.18039],[-71.72647,44.18103],[-71.72806,44.18245],[-71.72932,44.18323],[-71.7294,44.18348],[-71.72969,44.18337],[-71.72959,44.18375],[-71.73029,44.18433],[-71.73028,44.18505],[-71.73064,44.18525],[-71.7306,44.18559],[-71.73133,44.18559],[-71.73235,44.18696]]}},{"type":"Feature","properties":{"t":556,"n":0},"geometry":{"type":"LineString","coordinates":[[-71.73439,44.17207],[-71.73503,44.17296],[-71.73575,44.17347],[-71.73757,44.17365],[-71.73896,44.1746],[-71.74021,44.17456],[-71.74059,44.17499],[-71.74121,44.17503],[-71.7409,44.17473],[-71.74184,44.17478],[-71.74219,44.17506],[-71.74438,44.17581],[-71.7447,44.17553],[-71.74445,44.17517],[-71.74509,44.1743],[-71.74578,44.17399],[-71.74623,44.17407]]}},{"type":"Feature","properties":{"t":645,"n":0},"geometry":{"type":"LineString","coordinates":[[-71.72825,44.17757],[-71.72784,44.17775],[-71.72764,44.17773],[-71.72787,44.17747],[-71.72754,44.17751],[-71.72784,44.17735],[-71.72759,44.17723],[-71.72803,44.17665],[-71.72819,44.17553],[-71.72797,44.17557],[-71.72802,44.17541],[-71.72767,44.17528],[-71.72718,44.17574],[-71.72741,44.17573],[-71.72742,44.17591],[-71.72701,44.17592],[-71.727,44.17557],[-71.72643,44.1752],[-71.72626,44.17472],[-71.72643,44.17403]]}},{"type":"Feature","properties":{"t":646,"n":0},"geometry":{"type":"LineString","coordinates":[[-71.72996,44.17385],[-71.72933,44.17397],[-71.73011,44.17272],[-71.73066,44.17227],[-71.73192,44.17179],[-71.73298,44.17311],[-71.73408,44.17366],[-71.73417,44.17415],[-71.73499,44.17463],[-71.73485,44.17483]]}},{"type":"Feature","properties":{"t":560,"n":0},"geometry":{"type":"LineString","coordinates":[[-71.72753,44.17863],[-71.7279,44.17898],[-71.72785,44.17928],[-71.72844,44.17971],[-71.72852,44.18012],[-71.72821,44.18045],[-71.7286,44.18121],[-71.72948,44.18141],[-71.72994,44.18174],[-71.73069,44.18301],[-71.73107,44.18308],[-71.731,44.18326],[-71.73132,44.18315],[-71.73117,44.18357],[-71.73183,44.1835],[-71.73191,44.18389],[-71.73153,44.18433],[-71.73206,44.18459],[-71.73314,44.18469],[-71.73344,44.18491],[-71.73352,44.18626],[-71.7327,44.18654]]}},{"type":"Feature","properties":{"t":565,"n":0},"geometry":{"type":"LineString","coordinates":[[-71.72055,44.18062],[-71.72116,44.17888],[-71.72307,44.17814],[-71.72358,44.17692],[-71.72365,44.17593],[-71.72395,44.17585],[-71.72432,44.17614],[-71.72405,44.17682],[-71.72437,44.1771],[-71.72417,44.17736],[-71.72443,44.17789],[-71.72417,44.17822],[-71.72432,44.17841],[-71.72576,44.17896],[-71.72753,44.17863]]}},{"type":"Feature","properties":{"t":606,"n":0},"geometry":{"type":"LineString","coordinates":[[-71.72753,44.17863],[-71.72825,44.17757],[-71.72856,44.17756],[-71.72978,44.1763],[-71.7301,44.17531],[-71.73009,44.17458],[-71.72986,44.17428],[-71.73007,44.17372],[-71.73192,44.17389],[-71.7344,44.1749],[-71.73514,44.17485]]}},{"type":"Feature","properties":{"t":576,"n":0},"geometry":{"type":"LineString","coordinates":[[-71.72416,44.17592],[-71.72351,44.175],[-71.72299,44.17523],[-71.72269,44.17586],[-71.72225,44.17596],[-71.72228,44.17566],[-71.72198,44.17562],[-71.72156,44.17604],[-71.72079,44.17603],[-71.72032,44.17629],[-71.72023,44.1764],[-71.72057,44.17633],[-71.72054,44.17648],[-71.72106,44.17621],[-71.72099,44.17647],[-71.72118,44.17654],[-71.72166,44.17625],[-71.7219,44.17635],[-71.72256,44.17614],[-71.72256,44.17643],[-71.7215,44.1772],[-71.7219,44.17716],[-71.72209,44.17742],[-71.72195,44.17767],[-71.72232,44.17794],[-71.7217,44.17862]]}},{"type":"Feature","properties":{"t":23,"n":2},"geometry":{"type":"LineString","coordinates":[[-71.57252,44.10207],[-71.57217,44.1023]]}},{"type":"Feature","properties":{"t":265,"n":0},"geometry":{"type":"LineString","coordinates":[[-71.62709,44.06209],[-71.6276,44.06248],[-71.62734,44.06335],[-71.62803,44.0638],[-71.62811,44.06408],[-71.62722,44.066],[-71.62745,44.06715],[-71.62662,44.06733],[-71.6269,44.06821],[-71.62707,44.0716],[-71.6275,44.07195],[-71.62775,44.07289],[-71.62776,44.0734],[-71.62701,44.07463],[-71.62743,44.07686],[-71.62645,44.07745],[-71.62628,44.07782],[-71.62457,44.07833],[-71.6232,44.07955],[-71.62165,44.08047],[-71.62186,44.08139],[-71.62231,44.08172],[-71.62218,44.08206],[-71.6198,44.08275],[-71.61723,44.08282],[-71.61682,44.08292],[-71.61657,44.08333],[-71.61722,44.08394],[-71.6186,44.08447],[-71.61723,44.08493],[-71.61818,44.08542],[-71.61821,44.08629],[-71.6187,44.08624],[-71.61854,44.08653],[-71.61886,44.08671],[-71.61965,44.08666],[-71.61997,44.08681],[-71.61926,44.08711],[-71.61847,44.0884],[-71.61879,44.08939],[-71.62012,44.0899],[-71.62077,44.08955],[-71.62118,44.08967],[-71.62001,44.09197],[-71.62024,44.09336],[-71.62071,44.09445],[-71.62135,44.09499],[-71.62205,44.09511],[-71.62226,44.09539],[-71.62442,44.09641],[-71.62536,44.09755],[-71.62602,44.09802],[-71.6269,44.09944],[-71.62696,44.10107],[-71.62735,44.10197],[-71.62722,44.10218]]}},{"type":"Feature","properties":{"t":265,"n":2},"geometry":{"type":"LineString","coordinates":[[-71.62722,44.10218],[-71.62691,44.1024]]}},{"type":"Feature","properties":{"t":30,"n":1},"geometry":{"type":"LineString","coordinates":[[-71.68079,44.11007],[-71.67998,44.11003],[-71.67966,44.11064],[-71.67964,44.11169],[-71.67882,44.11203],[-71.67839,44.11342],[-71.67788,44.1141],[-71.67613,44.11264],[-71.67311,44.1113],[-71.67206,44.11141],[-71.6716,44.11185],[-71.67025,44.11196],[-71.66934,44.11235],[-71.66828,44.11248],[-71.66741,44.1133],[-71.66689,44.11338]]}},{"type":"Feature","properties":{"t":104,"n":1},"geometry":{"type":"LineString","coordinates":[[-71.58342,44.10681],[-71.58341,44.10709]]}},{"type":"Feature","properties":{"t":104,"n":0},"geometry":{"type":"LineString","coordinates":[[-71.58341,44.10709],[-71.58332,44.10757],[-71.58381,44.10809]]}},{"type":"Feature","properties":{"t":104,"n":1},"geometry":{"type":"LineString","coordinates":[[-71.58381,44.10809],[-71.58388,44.10819]]}},{"type":"Feature","properties":{"t":104,"n":0},"geometry":{"type":"LineString","coordinates":[[-71.58388,44.10819],[-71.58422,44.10854]]}},{"type":"Feature","properties":{"t":104,"n":1},"geometry":{"type":"LineString","coordinates":[[-71.58422,44.10854],[-71.58432,44.10859]]}},{"type":"Feature","properties":{"t":104,"n":0},"geometry":{"type":"LineString","coordinates":[[-71.58432,44.10859],[-71.58441,44.10865]]}},{"type":"Feature","properties":{"t":104,"n":1},"geometry":{"type":"LineString","coordinates":[[-71.58441,44.10865],[-71.58497,44.10916]]}},{"type":"Feature","properties":{"t":104,"n":0},"geometry":{"type":"LineString","coordinates":[[-71.58497,44.10916],[-71.5853,44.10938]]}},{"type":"Feature","properties":{"t":104,"n":1},"geometry":{"type":"LineString","coordinates":[[-71.5853,44.10938],[-71.58574,44.1096]]}},{"type":"Feature","properties":{"t":647,"n":0},"geometry":{"type":"LineString","coordinates":[[-71.72929,44.17814],[-71.72995,44.17888],[-71.73036,44.17906],[-71.7306,44.17978],[-71.73145,44.18024],[-71.73178,44.18084],[-71.73135,44.18192],[-71.73201,44.18232],[-71.73219,44.18219],[-71.73209,44.1825],[-71.73266,44.18253],[-71.7323,44.18278],[-71.73248,44.1829],[-71.73169,44.18343]]}},{"type":"Feature","properties":{"t":248,"n":0},"geometry":{"type":"LineString","coordinates":[[-71.68106,44.20346],[-71.68107,44.2035]]}},{"type":"Feature","properties":{"t":248,"n":0},"geometry":{"type":"LineString","coordinates":[[-71.68106,44.20344],[-71.68106,44.20346]]}},{"type":"Feature","properties":{"t":253,"n":0},"geometry":{"type":"LineString","coordinates":[[-71.57451,44.11578],[-71.57454,44.11436],[-71.574,44.11238],[-71.57309,44.11089],[-71.57285,44.10915],[-71.57115,44.10616],[-71.57065,44.10454],[-71.57081,44.10344],[-71.57193,44.10258]]}},{"type":"Feature","properties":{"t":253,"n":1},"geometry":{"type":"LineString","coordinates":[[-71.57193,44.10258],[-71.57212,44.10234]]}},{"type":"Feature","properties":{"t":253,"n":2},"geometry":{"type":"LineString","coordinates":[[-71.57212,44.10234],[-71.57217,44.1023]]}},{"type":"Feature","properties":{"t":253,"n":0},"geometry":{"type":"LineString","coordinates":[[-71.57422,44.11948],[-71.57409,44.11883],[-71.57372,44.11847],[-71.57434,44.11775],[-71.57418,44.11633],[-71.57451,44.11578]]}},{"type":"Feature","properties":{"t":253,"n":0},"geometry":{"type":"LineString","coordinates":[[-71.5951,44.16512],[-71.59475,44.16441]]}},{"type":"Feature","properties":{"t":722,"n":0},"geometry":{"type":"LineString","coordinates":[[-71.72001,44.17409],[-71.72058,44.17394],[-71.72048,44.17426],[-71.72093,44.17415],[-71.72116,44.17421],[-71.72106,44.17434],[-71.72151,44.1743],[-71.72121,44.17468],[-71.72152,44.17481],[-71.72132,44.17503],[-71.72174,44.1751],[-71.72161,44.17553],[-71.72193,44.17563]]}},{"type":"Feature","properties":{"t":372,"n":0},"geometry":{"type":"LineString","coordinates":[[-71.70937,44.16507],[-71.71071,44.16523],[-71.71101,44.16551],[-71.71232,44.16554],[-71.71458,44.16619],[-71.71524,44.16594],[-71.71583,44.16449],[-71.71697,44.16402],[-71.71859,44.16467],[-71.72094,44.16626],[-71.72268,44.1683],[-71.72364,44.17059],[-71.72457,44.17184],[-71.72509,44.17209],[-71.72484,44.17276],[-71.72504,44.17554],[-71.72604,44.17684],[-71.72635,44.17852],[-71.72796,44.18169],[-71.7291,44.18268],[-71.73004,44.18315],[-71.7312,44.18505],[-71.73281,44.18666]]}},{"type":"Feature","properties":{"t":561,"n":0},"geometry":{"type":"LineString","coordinates":[[-71.72656,44.17042],[-71.72759,44.16967],[-71.72818,44.16837],[-71.72886,44.16767],[-71.72912,44.1676],[-71.72911,44.16784],[-71.72932,44.16746],[-71.72954,44.16757],[-71.72959,44.16828],[-71.7301,44.16791],[-71.73026,44.16909],[-71.72948,44.17084],[-71.72972,44.17164],[-71.72921,44.17255],[-71.72945,44.17274],[-71.72944,44.17315],[-71.72977,44.17327]]}},{"type":"Feature","properties":{"t":800,"n":0},"geometry":{"type":"LineString","coordinates":[[-71.72734,44.17319],[-71.72697,44.17406],[-71.72643,44.17403]]}},{"type":"Feature","properties":{"t":616,"n":0},"geometry":{"type":"LineString","coordinates":[[-71.73687,44.16944],[-71.73836,44.16861],[-71.73926,44.16675],[-71.74015,44.16539],[-71.74079,44.16497],[-71.74087,44.16455],[-71.74229,44.16401],[-71.74354,44.16407],[-71.74408,44.16311]]}},{"type":"Feature","properties":{"t":713,"n":0},"geometry":{"type":"LineString","coordinates":[[-71.74046,44.16008],[-71.74082,44.16],[-71.74073,44.15975],[-71.74044,44.15978],[-71.74052,44.15952],[-71.74107,44.15947],[-71.74175,44.15876],[-71.74303,44.15838],[-71.74392,44.15775]]}},{"type":"Feature","properties":{"t":667,"n":0},"geometry":{"type":"LineString","coordinates":[[-71.71687,44.17693],[-71.71822,44.17645],[-71.72094,44.17271],[-71.72232,44.17193]]}},{"type":"Feature","properties":{"t":784,"n":0},"geometry":{"type":"LineString","coordinates":[[-71.72724,44.17596],[-71.72785,44.17617],[-71.72825,44.17757]]}},{"type":"Feature","properties":{"t":305,"n":0},"geometry":{"type":"LineString","coordinates":[[-71.53244,44.10849],[-71.52934,44.10834],[-71.52598,44.10945],[-71.52479,44.1101],[-71.52463,44.1106],[-71.52501,44.11126]]}},{"type":"Feature","properties":{"t":298,"n":0},"geometry":{"type":"LineString","coordinates":[[-71.71169,44.03508],[-71.71083,44.03577],[-71.7107,44.03693],[-71.70946,44.03814],[-71.70971,44.03984],[-71.70937,44.04154],[-71.71019,44.04296]]}},{"type":"Feature","properties":{"t":147,"n":1},"geometry":{"type":"LineString","coordinates":[[-71.60921,44.12317],[-71.60855,44.12191],[-71.6078,44.12112],[-71.60684,44.12097],[-71.60448,44.12016],[-71.60161,44.11786],[-71.59825,44.11703],[-71.59697,44.11731],[-71.59515,44.1189],[-71.5944,44.11942],[-71.59356,44.11971],[-71.58845,44.11943],[-71.58788,44.11953]]}},{"type":"Feature","properties":{"t":147,"n":0},"geometry":{"type":"LineString","coordinates":[[-71.58788,44.11953],[-71.58627,44.11979]]}},{"type":"Feature","properties":{"t":147,"n":1},"geometry":{"type":"LineString","coordinates":[[-71.6131,44.13059],[-71.61097,44.12931],[-71.61069,44.12895],[-71.61118,44.12741],[-71.60999,44.12535],[-71.60921,44.12317]]}},{"type":"Feature","properties":{"t":147,"n":0},"geometry":{"type":"LineString","coordinates":[[-71.57994,44.11968],[-71.57894,44.11997],[-71.57872,44.12037],[-71.57866,44.12106],[-71.57906,44.12183],[-71.57853,44.12217],[-71.5783,44.12291],[-71.5771,44.12377],[-71.57656,44.12381]]}},{"type":"Feature","properties":{"t":147,"n":0},"geometry":{"type":"LineString","coordinates":[[-71.58627,44.11979],[-71.58188,44.12033],[-71.58081,44.11977],[-71.57994,44.11968]]}},{"type":"Feature","properties":{"t":0,"n":2},"geometry":{"type":"LineString","coordinates":[[-71.53813,44.11088],[-71.53737,44.11135]]}},{"type":"Feature","properties":{"t":117,"n":0},"geometry":{"type":"LineString","coordinates":[[-71.54726,44.23794],[-71.5464,44.2372],[-71.54549,44.23589],[-71.54495,44.23314],[-71.54173,44.23011],[-71.54012,44.22792]]}},{"type":"Feature","properties":{"t":117,"n":0},"geometry":{"type":"LineString","coordinates":[[-71.54012,44.22792],[-71.53906,44.22737],[-71.53855,44.22645]]}},{"type":"Feature","properties":{"t":117,"n":1},"geometry":{"type":"LineString","coordinates":[[-71.53855,44.22645],[-71.53787,44.22532]]}},{"type":"Feature","properties":{"t":117,"n":0},"geometry":{"type":"LineString","coordinates":[[-71.53787,44.22532],[-71.53737,44.22491]]}},{"type":"Feature","properties":{"t":117,"n":1},"geometry":{"type":"LineString","coordinates":[[-71.53737,44.22491],[-71.5368,44.2246],[-71.5367,44.22434],[-71.53725,44.22376],[-71.53625,44.22304],[-71.53595,44.22208]]}},{"type":"Feature","properties":{"t":117,"n":1},"geometry":{"type":"LineString","coordinates":[[-71.53595,44.22208],[-71.53506,44.22159],[-71.53382,44.22019],[-71.53352,44.21968],[-71.53362,44.21853],[-71.53341,44.21797],[-71.53221,44.21687],[-71.53155,44.21668],[-71.53078,44.21525]]}},{"type":"Feature","properties":{"t":754,"n":0},"geometry":{"type":"LineString","coordinates":[[-71.71019,44.02881],[-71.71167,44.02909],[-71.71237,44.02877],[-71.71318,44.02873],[-71.71344,44.02828]]}},{"type":"Feature","properties":{"t":838,"n":0},"geometry":{"type":"LineString","coordinates":[[-71.63716,44.24615],[-71.63699,44.24567]]}},{"type":"Feature","properties":{"t":517,"n":0},"geometry":{"type":"LineString","coordinates":[[-71.63935,44.2434],[-71.6406,44.24178],[-71.64105,44.24155],[-71.64633,44.24286],[-71.6477,44.2436],[-71.64918,44.24366],[-71.65074,44.24305],[-71.65208,44.24209],[-71.65515,44.23923]]}},{"type":"Feature","properties":{"t":458,"n":0},"geometry":{"type":"LineString","coordinates":[[-71.66296,44.23489],[-71.66404,44.23568],[-71.66496,44.23561],[-71.67063,44.23241]]}},{"type":"Feature","properties":{"t":336,"n":0},"geometry":{"type":"LineString","coordinates":[[-71.65557,44.2449],[-71.65423,44.24547],[-71.65173,44.24609],[-71.64902,44.24585]]}},{"type":"Feature","properties":{"t":626,"n":0},"geometry":{"type":"LineString","coordinates":[[-71.63769,44.23766],[-71.63715,44.23726],[-71.63649,44.23729],[-71.63616,44.23827],[-71.6358,44.23863],[-71.6334,44.23815],[-71.63138,44.23625],[-71.63072,44.2359],[-71.63021,44.23513],[-71.63039,44.23471]]}},{"type":"Feature","properties":{"t":809,"n":0},"geometry":{"type":"LineString","coordinates":[[-71.62016,44.23972],[-71.62007,44.24005],[-71.62045,44.24046],[-71.62024,44.24093]]}},{"type":"Feature","properties":{"t":696,"n":0},"geometry":{"type":"LineString","coordinates":[[-71.6395,44.22231],[-71.64196,44.22319],[-71.64443,44.22338],[-71.64641,44.22413]]}},{"type":"Feature","properties":{"t":329,"n":0},"geometry":{"type":"LineString","coordinates":[[-71.64572,44.21854],[-71.64611,44.2162],[-71.64598,44.21542],[-71.64649,44.21513],[-71.64739,44.21404],[-71.64769,44.21294],[-71.64817,44.21247],[-71.6481,44.21199],[-71.6486,44.21068],[-71.64844,44.20996],[-71.64916,44.20977],[-71.65062,44.21013],[-71.65323,44.21025],[-71.65434,44.21003],[-71.65465,44.20938],[-71.65495,44.20925]]}},{"type":"Feature","properties":{"t":429,"n":0},"geometry":{"type":"LineString","coordinates":[[-71.64572,44.21854],[-71.64888,44.21614],[-71.65018,44.21538],[-71.65113,44.21451],[-71.65258,44.2138],[-71.65371,44.21405],[-71.65439,44.21387]]}},{"type":"Feature","properties":{"t":707,"n":0},"geometry":{"type":"LineString","coordinates":[[-71.61288,44.23069],[-71.61136,44.23027],[-71.6105,44.22865],[-71.60853,44.22765]]}},{"type":"Feature","properties":{"t":638,"n":0},"geometry":{"type":"LineString","coordinates":[[-71.58931,44.23314],[-71.5896,44.23151],[-71.5915,44.22947],[-71.59184,44.22874],[-71.59291,44.22759],[-71.59331,44.22686],[-71.59339,44.22581]]}},{"type":"Feature","properties":{"t":475,"n":0},"geometry":{"type":"LineString","coordinates":[[-71.53466,44.25841],[-71.53414,44.25739],[-71.5324,44.25614],[-71.53185,44.25515],[-71.52905,44.25399],[-71.52817,44.25335],[-71.52686,44.2518],[-71.52659,44.25032],[-71.52597,44.2493],[-71.52605,44.24835],[-71.5233,44.24596],[-71.52286,44.24532],[-71.52295,44.24451],[-71.52462,44.24464]]}},{"type":"Feature","properties":{"t":750,"n":0},"geometry":{"type":"LineString","coordinates":[[-71.6778,44.21367],[-71.6797,44.21524],[-71.68105,44.21545]]}},{"type":"Feature","properties":{"t":810,"n":0},"geometry":{"type":"LineString","coordinates":[[-71.67744,44.21391],[-71.67642,44.21362],[-71.67578,44.21374]]}},{"type":"Feature","properties":{"t":390,"n":0},"geometry":{"type":"LineString","coordinates":[[-71.72453,44.16079],[-71.72535,44.16103],[-71.72698,44.16202]]}},{"type":"Feature","properties":{"t":390,"n":0},"geometry":{"type":"LineString","coordinates":[[-71.72698,44.16202],[-71.72703,44.16221]]}},{"type":"Feature","properties":{"t":57,"n":3},"geometry":{"type":"LineString","coordinates":[[-71.57612,44.099],[-71.57612,44.09907]]}},{"type":"Feature","properties":{"t":57,"n":2},"geometry":{"type":"LineString","coordinates":[[-71.57612,44.09907],[-71.57611,44.09922]]}},{"type":"Feature","properties":{"t":57,"n":1},"geometry":{"type":"LineString","coordinates":[[-71.57611,44.09922],[-71.57601,44.0999]]}},{"type":"Feature","properties":{"t":57,"n":3},"geometry":{"type":"LineString","coordinates":[[-71.57606,44.09852],[-71.57612,44.099]]}},{"type":"Feature","properties":{"t":104,"n":1},"geometry":{"type":"LineString","coordinates":[[-71.5822,44.10641],[-71.58387,44.10695],[-71.58426,44.10818],[-71.58536,44.10903],[-71.58574,44.1096]]}},{"type":"Feature","properties":{"t":116,"n":0},"geometry":{"type":"LineString","coordinates":[[-71.61583,44.13765],[-71.61414,44.13797]]}},{"type":"Feature","properties":{"t":116,"n":0},"geometry":{"type":"LineString","coordinates":[[-71.61414,44.13797],[-71.61219,44.13749],[-71.61093,44.13774]]}},{"type":"Feature","properties":{"t":116,"n":1},"geometry":{"type":"LineString","coordinates":[[-71.61093,44.13774],[-71.61051,44.1377]]}},{"type":"Feature","properties":{"t":23,"n":2},"geometry":{"type":"LineString","coordinates":[[-71.57539,44.0995],[-71.57446,44.10059],[-71.57292,44.10178]]}},{"type":"Feature","properties":{"t":23,"n":2},"geometry":{"type":"LineString","coordinates":[[-71.57543,44.09944],[-71.57539,44.0995]]}},{"type":"Feature","properties":{"t":23,"n":3},"geometry":{"type":"LineString","coordinates":[[-71.5821,44.08924],[-71.57989,44.09266]]}},{"type":"Feature","properties":{"t":23,"n":2},"geometry":{"type":"LineString","coordinates":[[-71.57989,44.09266],[-71.57932,44.09356]]}},{"type":"Feature","properties":{"t":23,"n":3},"geometry":{"type":"LineString","coordinates":[[-71.57932,44.09356],[-71.57836,44.095]]}},{"type":"Feature","properties":{"t":23,"n":2},"geometry":{"type":"LineString","coordinates":[[-71.57836,44.095],[-71.57658,44.09773]]}},{"type":"Feature","properties":{"t":23,"n":3},"geometry":{"type":"LineString","coordinates":[[-71.57658,44.09773],[-71.57561,44.09916]]}},{"type":"Feature","properties":{"t":23,"n":2},"geometry":{"type":"LineString","coordinates":[[-71.57561,44.09916],[-71.57543,44.09944]]}},{"type":"Feature","properties":{"t":23,"n":3},"geometry":{"type":"LineString","coordinates":[[-71.58217,44.08907],[-71.5821,44.08924]]}},{"type":"Feature","properties":{"t":305,"n":0},"geometry":{"type":"LineString","coordinates":[[-71.52501,44.11126],[-71.52475,44.11168]]}},{"type":"Feature","properties":{"t":400,"n":0},"geometry":{"type":"LineString","coordinates":[[-71.55862,44.10422],[-71.55748,44.10424],[-71.55626,44.10454],[-71.55479,44.10529],[-71.55312,44.10534],[-71.55286,44.10579]]}},{"type":"Feature","properties":{"t":21,"n":7},"geometry":{"type":"LineString","coordinates":[[-71.64445,44.16086],[-71.64495,44.16089]]}},{"type":"Feature","properties":{"t":21,"n":5},"geometry":{"type":"LineString","coordinates":[[-71.64495,44.16089],[-71.6451,44.16103],[-71.64537,44.16092],[-71.6467,44.16116],[-71.64702,44.16162],[-71.6484,44.16124]]}},{"type":"Feature","properties":{"t":21,"n":4},"geometry":{"type":"LineString","coordinates":[[-71.6484,44.16124],[-71.6485,44.16118]]}},{"type":"Feature","properties":{"t":21,"n":5},"geometry":{"type":"LineString","coordinates":[[-71.6485,44.16118],[-71.64867,44.16088],[-71.64913,44.1609],[-71.65049,44.16043],[-71.65149,44.16067],[-71.65195,44.16102],[-71.65264,44.16041],[-71.65332,44.16092],[-71.65433,44.16019],[-71.65546,44.16047],[-71.65634,44.16039],[-71.65726,44.16017],[-71.65822,44.15966],[-71.65924,44.15995]]}},{"type":"Feature","properties":{"t":21,"n":5},"geometry":{"type":"LineString","coordinates":[[-71.65924,44.15995],[-71.65959,44.15999]]}},{"type":"Feature","properties":{"t":341,"n":0},"geometry":{"type":"LineString","coordinates":[[-71.72466,44.00221],[-71.72937,44.0023],[-71.73186,44.00357],[-71.73377,44.00414],[-71.73518,44.00496],[-71.73737,44.00471],[-71.73898,44.00499],[-71.73993,44.00545],[-71.74124,44.00692]]}},{"type":"Feature","properties":{"t":341,"n":0},"geometry":{"type":"LineString","coordinates":[[-71.72456,44.0022],[-71.72466,44.00221]]}},{"type":"Feature","properties":{"t":519,"n":0},"geometry":{"type":"LineString","coordinates":[[-71.66732,44.04161],[-71.66722,44.04106],[-71.66665,44.0405],[-71.66694,44.03955],[-71.66734,44.03911],[-71.67012,44.03798],[-71.67165,44.03768],[-71.67219,44.03734],[-71.67391,44.03595],[-71.67518,44.03451],[-71.67618,44.0339],[-71.67647,44.03331],[-71.67695,44.03301],[-71.67787,44.03322],[-71.67797,44.03347],[-71.67787,44.03414],[-71.67736,44.03474]]}},{"type":"Feature","properties":{"t":415,"n":0},"geometry":{"type":"LineString","coordinates":[[-71.30828,44.06527],[-71.30723,44.06351],[-71.30649,44.06303],[-71.30498,44.06133],[-71.30383,44.06064],[-71.30052,44.05944],[-71.2992,44.05929],[-71.29837,44.05949],[-71.29749,44.06011],[-71.2969,44.06133],[-71.29328,44.06167]]}},{"type":"Feature","properties":{"t":323,"n":0},"geometry":{"type":"LineString","coordinates":[[-71.33744,44.06243],[-71.33754,44.06314],[-71.33918,44.06476],[-71.34008,44.06502],[-71.34063,44.06473],[-71.34175,44.06463],[-71.34194,44.06471],[-71.34204,44.06547],[-71.34325,44.06578],[-71.34286,44.0667],[-71.34339,44.06739],[-71.344,44.06775],[-71.34415,44.06844],[-71.34463,44.06873],[-71.34432,44.06958],[-71.34548,44.0702],[-71.34621,44.0713],[-71.34687,44.07181],[-71.34918,44.0728],[-71.34994,44.07348],[-71.35719,44.07703],[-71.36011,44.07704],[-71.36113,44.07654],[-71.36198,44.07644],[-71.36262,44.07666],[-71.36316,44.07719],[-71.36317,44.0782],[-71.36236,44.07851],[-71.36236,44.07913],[-71.35991,44.0797],[-71.35875,44.08071],[-71.35817,44.08075],[-71.3579,44.08094],[-71.35808,44.08125],[-71.35855,44.08146],[-71.36044,44.08147],[-71.36153,44.08116],[-71.3619,44.08119],[-71.36196,44.08146],[-71.36048,44.08213],[-71.3596,44.08228],[-71.35805,44.08307],[-71.35762,44.08312],[-71.35487,44.08234],[-71.35416,44.08238],[-71.35269,44.08306],[-71.35183,44.08317],[-71.35012,44.08243],[-71.34901,44.08224],[-71.34825,44.08234],[-71.34737,44.08276]]}},{"type":"Feature","properties":{"t":307,"n":0},"geometry":{"type":"LineString","coordinates":[[-71.27856,44.04938],[-71.28121,44.04976],[-71.28544,44.04934],[-71.28624,44.0495],[-71.28723,44.04943],[-71.2891,44.05013],[-71.29045,44.05104],[-71.29327,44.05167],[-71.29423,44.05259],[-71.29516,44.05308],[-71.29591,44.05402],[-71.29776,44.05528],[-71.29959,44.05542],[-71.30149,44.05647],[-71.30217,44.05743],[-71.30352,44.05788],[-71.30421,44.05787],[-71.30462,44.05845],[-71.30531,44.05873],[-71.30608,44.05961],[-71.30682,44.06005],[-71.30861,44.06175],[-71.30927,44.06199],[-71.3097,44.06157],[-71.30901,44.06071],[-71.30885,44.06004],[-71.30799,44.05865],[-71.3076,44.05719],[-71.30764,44.05673],[-71.30884,44.05488],[-71.30704,44.05492],[-71.3047,44.05459],[-71.30389,44.05356],[-71.30366,44.05291],[-71.30403,44.05209],[-71.30462,44.05188],[-71.30514,44.0506],[-71.30467,44.04938],[-71.30488,44.04912],[-71.30637,44.04916],[-71.30798,44.04868],[-71.30855,44.04787],[-71.31043,44.04762],[-71.31082,44.0474],[-71.31104,44.04647],[-71.31134,44.04629],[-71.31244,44.04628],[-71.31387,44.04592],[-71.31422,44.04549],[-71.31412,44.04531],[-71.31279,44.0442]]}},{"type":"Feature","properties":{"t":360,"n":0},"geometry":{"type":"LineString","coordinates":[[-71.35671,44.01234],[-71.35775,44.01246]]}},{"type":"Feature","properties":{"t":595,"n":0},"geometry":{"type":"LineString","coordinates":[[-71.24239,44.1144],[-71.24629,44.11637],[-71.25003,44.11777],[-71.25092,44.11845],[-71.25217,44.11992],[-71.25345,44.12057]]}},{"type":"Feature","properties":{"t":773,"n":0},"geometry":{"type":"LineString","coordinates":[[-71.32104,44.00262],[-71.31932,44.003],[-71.3189,44.00271],[-71.31806,44.00265]]}},{"type":"Feature","properties":{"t":787,"n":0},"geometry":{"type":"LineString","coordinates":[[-71.32087,44.00293],[-71.32244,44.00431]]}},{"type":"Feature","properties":{"t":532,"n":0},"geometry":{"type":"LineString","coordinates":[[-71.35671,44.01234],[-71.35546,44.01257],[-71.35527,44.013],[-71.35663,44.01543],[-71.3566,44.01629],[-71.35625,44.01699],[-71.35635,44.01736],[-71.35781,44.01832],[-71.35746,44.01896]]}},{"type":"Feature","properties":{"t":310,"n":0},"geometry":{"type":"LineString","coordinates":[[-71.34498,44.00276],[-71.3457,44.00331],[-71.34664,44.00355],[-71.34762,44.00344],[-71.35048,44.00235],[-71.35219,44.00286],[-71.35424,44.00321],[-71.35536,44.00418],[-71.3558,44.00491],[-71.35491,44.00635],[-71.35542,44.00693],[-71.35526,44.00807],[-71.35642,44.00921],[-71.35644,44.01029],[-71.35618,44.01092],[-71.3564,44.01136],[-71.35608,44.01183],[-71.35671,44.01234]]}},{"type":"Feature","properties":{"t":523,"n":0},"geometry":{"type":"LineString","coordinates":[[-71.25345,44.12057],[-71.25423,44.12168],[-71.25609,44.12353],[-71.25649,44.12415],[-71.25691,44.1258],[-71.2594,44.12707],[-71.25996,44.12774],[-71.26014,44.13014],[-71.2596,44.13147],[-71.26067,44.13323]]}},{"type":"Feature","properties":{"t":411,"n":0},"geometry":{"type":"LineString","coordinates":[[-71.3982,44.2429],[-71.40182,44.2444],[-71.40402,44.24559],[-71.40688,44.24629],[-71.40745,44.24617],[-71.40805,44.24561],[-71.40971,44.24502],[-71.40991,44.24457],[-71.41291,44.2436],[-71.4153,44.24422],[-71.41616,44.2442],[-71.41729,44.24465]]}},{"type":"Feature","properties":{"t":583,"n":0},"geometry":{"type":"LineString","coordinates":[[-71.4149,44.23324],[-71.4159,44.23136],[-71.41638,44.23091],[-71.41634,44.23007],[-71.41518,44.22989],[-71.41484,44.22943],[-71.41504,44.22902],[-71.4159,44.22891],[-71.41568,44.2281],[-71.41676,44.22773],[-71.41528,44.2268],[-71.41406,44.22524]]}},{"type":"Feature","properties":{"t":308,"n":0},"geometry":{"type":"LineString","coordinates":[[-71.40389,44.05346],[-71.40532,44.0528],[-71.40641,44.05184],[-71.40794,44.05175]]}},{"type":"Feature","properties":{"t":348,"n":0},"geometry":{"type":"LineString","coordinates":[[-71.4679,44.22956],[-71.46924,44.23082],[-71.47064,44.23147],[-71.47232,44.23266],[-71.4729,44.23279],[-71.47436,44.23269],[-71.47657,44.2341],[-71.47692,44.23456],[-71.47682,44.2355],[-71.47847,44.23654],[-71.47862,44.23761],[-71.48007,44.2395],[-71.48099,44.24015],[-71.48141,44.24124],[-71.48238,44.24165],[-71.48458,44.24168],[-71.48722,44.2422],[-71.48785,44.24275],[-71.4888,44.24418],[-71.49129,44.24512],[-71.49183,44.24698],[-71.4925,44.2479],[-71.49302,44.24917],[-71.49406,44.25011],[-71.49442,44.25079],[-71.49472,44.2525],[-71.4955,44.2542],[-71.49741,44.25463],[-71.49974,44.25459],[-71.50089,44.25428],[-71.5023,44.25429],[-71.50372,44.25506]]}},{"type":"Feature","properties":{"t":711,"n":0},"geometry":{"type":"LineString","coordinates":[[-71.41233,44.22088],[-71.41235,44.22157]]}},{"type":"Feature","properties":{"t":494,"n":0},"geometry":{"type":"LineString","coordinates":[[-71.40688,44.24629],[-71.40609,44.24643],[-71.40519,44.24743],[-71.40463,44.24766],[-71.40272,44.24776],[-71.40123,44.24894],[-71.40102,44.24945],[-71.40173,44.25098],[-71.40127,44.25158],[-71.40132,44.25232],[-71.40074,44.25329],[-71.40081,44.25376]]}},{"type":"Feature","properties":{"t":498,"n":0},"geometry":{"type":"LineString","coordinates":[[-71.46081,44.22475],[-71.46132,44.22494],[-71.46161,44.22529],[-71.46158,44.22612],[-71.46251,44.22712],[-71.46401,44.22737],[-71.46472,44.22706],[-71.46605,44.22703],[-71.46616,44.22729],[-71.46584,44.22755],[-71.46589,44.22784],[-71.4668,44.22782],[-71.46786,44.22821],[-71.47106,44.2288],[-71.47239,44.2293],[-71.47379,44.22893],[-71.47499,44.22778],[-71.47698,44.22839]]}},{"type":"Feature","properties":{"t":408,"n":0},"geometry":{"type":"LineString","coordinates":[[-71.4212,44.23724],[-71.42097,44.23817],[-71.42141,44.23906],[-71.42136,44.23985],[-71.4218,44.24108],[-71.42165,44.2413],[-71.42117,44.2415],[-71.41779,44.24136],[-71.41699,44.24097],[-71.41618,44.24095],[-71.41517,44.24148],[-71.41509,44.2424],[-71.41332,44.24304],[-71.41291,44.2436]]}},{"type":"Feature","properties":{"t":619,"n":0},"geometry":{"type":"LineString","coordinates":[[-71.41618,44.24095],[-71.41425,44.23932],[-71.41124,44.23888],[-71.41087,44.23933],[-71.41139,44.23994],[-71.41187,44.24015],[-71.41262,44.24008],[-71.41348,44.24049],[-71.41447,44.24152],[-71.41513,44.24159]]}},{"type":"Feature","properties":{"t":513,"n":0},"geometry":{"type":"LineString","coordinates":[[-71.44564,44.07349],[-71.44485,44.0731],[-71.44466,44.0728],[-71.44361,44.07241],[-71.44282,44.07166],[-71.44143,44.0712],[-71.43984,44.06992],[-71.43946,44.06917],[-71.43613,44.06556],[-71.43458,44.06115]]}},{"type":"Feature","properties":{"t":25,"n":1},"geometry":{"type":"LineString","coordinates":[[-71.25361,44.24572],[-71.25405,44.24513],[-71.25441,44.24512],[-71.25701,44.24375],[-71.2589,44.2435],[-71.25927,44.24364],[-71.25914,44.244],[-71.2595,44.24402],[-71.26057,44.24296],[-71.26224,44.2429],[-71.26351,44.24233],[-71.26397,44.24191],[-71.26468,44.24172],[-71.26556,44.24155],[-71.26673,44.24175],[-71.26785,44.24148],[-71.26919,44.24142],[-71.26947,44.24155],[-71.26961,44.24138],[-71.27009,44.24138],[-71.27165,44.24055],[-71.27244,44.23991],[-71.27307,44.23976],[-71.27423,44.23812]]}},{"type":"Feature","properties":{"t":106,"n":7},"geometry":{"type":"LineString","coordinates":[[-71.32652,44.25323],[-71.3305,44.25017]]}},{"type":"Feature","properties":{"t":106,"n":5},"geometry":{"type":"LineString","coordinates":[[-71.3305,44.25017],[-71.33063,44.25012]]}},{"type":"Feature","properties":{"t":106,"n":4},"geometry":{"type":"LineString","coordinates":[[-71.33063,44.25012],[-71.33115,44.24996]]}},{"type":"Feature","properties":{"t":106,"n":5},"geometry":{"type":"LineString","coordinates":[[-71.33115,44.24996],[-71.33161,44.24974]]}},{"type":"Feature","properties":{"t":106,"n":6},"geometry":{"type":"LineString","coordinates":[[-71.33161,44.24974],[-71.33185,44.24963]]}},{"type":"Feature","properties":{"t":106,"n":7},"geometry":{"type":"LineString","coordinates":[[-71.33185,44.24963],[-71.33231,44.24924],[-71.33327,44.2489],[-71.33432,44.24886],[-71.33572,44.24847],[-71.33729,44.24727],[-71.33802,44.24652],[-71.33797,44.24627],[-71.33838,44.24621],[-71.33855,44.24549],[-71.33902,44.24531],[-71.3392,44.24469],[-71.33986,44.24403],[-71.34118,44.2439],[-71.34166,44.24344]]}},{"type":"Feature","properties":{"t":25,"n":1},"geometry":{"type":"LineString","coordinates":[[-71.29623,44.24744],[-71.29589,44.24723],[-71.29506,44.24575],[-71.29437,44.24357],[-71.2934,44.24257],[-71.29141,44.24202],[-71.28964,44.2413],[-71.28922,44.2409],[-71.28646,44.23966],[-71.28607,44.23922],[-71.28427,44.23831],[-71.28148,44.23747],[-71.27957,44.23739],[-71.27731,44.23779],[-71.27632,44.23761],[-71.27561,44.23811],[-71.27423,44.23812]]}},{"type":"Feature","properties":{"t":170,"n":6},"geometry":{"type":"LineString","coordinates":[[-71.30827,44.26617],[-71.30796,44.26592],[-71.30805,44.26532]]}},{"type":"Feature","properties":{"t":170,"n":4},"geometry":{"type":"LineString","coordinates":[[-71.30805,44.26532],[-71.30803,44.26527]]}},{"type":"Feature","properties":{"t":170,"n":2},"geometry":{"type":"LineString","coordinates":[[-71.30803,44.26527],[-71.30799,44.26521]]}},{"type":"Feature","properties":{"t":170,"n":0},"geometry":{"type":"LineString","coordinates":[[-71.30799,44.26521],[-71.30746,44.26491],[-71.3066,44.26378],[-71.30765,44.26265],[-71.30743,44.26171],[-71.30646,44.26122],[-71.30466,44.25923],[-71.30236,44.25781]]}},{"type":"Feature","properties":{"t":170,"n":2},"geometry":{"type":"LineString","coordinates":[[-71.30236,44.25781],[-71.30042,44.25741],[-71.29974,44.2567],[-71.29914,44.25678],[-71.29877,44.2566],[-71.29769,44.25542],[-71.29737,44.25526],[-71.2967,44.25529],[-71.29594,44.25497],[-71.29492,44.25385],[-71.29471,44.25295]]}},{"type":"Feature","properties":{"t":170,"n":1},"geometry":{"type":"LineString","coordinates":[[-71.29471,44.25295],[-71.29481,44.25144],[-71.2946,44.25112],[-71.29618,44.2484],[-71.29606,44.24775],[-71.29623,44.24744]]}},{"type":"Feature","properties":{"t":2,"n":1},"geometry":{"type":"LineString","coordinates":[[-71.49035,44.19572],[-71.49103,44.19552],[-71.49229,44.19605],[-71.49292,44.19613],[-71.49376,44.19606],[-71.49437,44.1957],[-71.49501,44.19571],[-71.49567,44.19542]]}},{"type":"Feature","properties":{"t":180,"n":1},"geometry":{"type":"LineString","coordinates":[[-71.49038,44.19863],[-71.49031,44.19916]]}},{"type":"Feature","properties":{"t":180,"n":0},"geometry":{"type":"LineString","coordinates":[[-71.49031,44.19916],[-71.49007,44.20045],[-71.4892,44.20148],[-71.48909,44.20193],[-71.48834,44.20225],[-71.48566,44.20518]]}},{"type":"Feature","properties":{"t":17,"n":2},"geometry":{"type":"LineString","coordinates":[[-71.44466,44.20435],[-71.44403,44.20484]]}},{"type":"Feature","properties":{"t":84,"n":2},"geometry":{"type":"LineString","coordinates":[[-71.41828,44.21621],[-71.41787,44.21599]]}},{"type":"Feature","properties":{"t":84,"n":1},"geometry":{"type":"LineString","coordinates":[[-71.41787,44.21599],[-71.41731,44.21603],[-71.41688,44.21641]]}},{"type":"Feature","properties":{"t":84,"n":2},"geometry":{"type":"LineString","coordinates":[[-71.41688,44.21641],[-71.41647,44.21682]]}},{"type":"Feature","properties":{"t":68,"n":2},"geometry":{"type":"LineString","coordinates":[[-71.44403,44.20484],[-71.44442,44.20517],[-71.44541,44.20835],[-71.44586,44.20887],[-71.44568,44.21012],[-71.44592,44.21045],[-71.44656,44.2105]]}},{"type":"Feature","properties":{"t":33,"n":2},"geometry":{"type":"LineString","coordinates":[[-71.41149,44.21796],[-71.41153,44.21762],[-71.41214,44.21729],[-71.41323,44.21742],[-71.41441,44.2172],[-71.41511,44.21741],[-71.41647,44.21682],[-71.41718,44.21671],[-71.41984,44.21541],[-71.42097,44.21465],[-71.42132,44.21474],[-71.42235,44.21441],[-71.42413,44.21445],[-71.42586,44.21393],[-71.42706,44.21385],[-71.42801,44.21325],[-71.42879,44.21303],[-71.43087,44.21119],[-71.43165,44.21035],[-71.43177,44.20993],[-71.43136,44.20906],[-71.43116,44.20882],[-71.42981,44.20842],[-71.42942,44.20801],[-71.42815,44.20764],[-71.4275,44.2065],[-71.42864,44.20541],[-71.42859,44.20489],[-71.42896,44.20444],[-71.43023,44.20435],[-71.42959,44.20357],[-71.42971,44.20335],[-71.43053,44.20266],[-71.4312,44.20261],[-71.43228,44.20216],[-71.43268,44.20134],[-71.43377,44.20046],[-71.43401,44.19819],[-71.43438,44.1976],[-71.43408,44.19686]]}},{"type":"Feature","properties":{"t":4,"n":1},"geometry":{"type":"LineString","coordinates":[[-71.38365,44.06997],[-71.38454,44.06994],[-71.38498,44.07027],[-71.38645,44.07079],[-71.38805,44.07066],[-71.38909,44.07076],[-71.38997,44.07119],[-71.39066,44.07184],[-71.39189,44.07237],[-71.39266,44.07315],[-71.39377,44.07336],[-71.39568,44.07447],[-71.39695,44.07478],[-71.39942,44.07665],[-71.40095,44.07722],[-71.40324,44.07723],[-71.40434,44.07666],[-71.40557,44.07711],[-71.40669,44.07654],[-71.40786,44.0765],[-71.40964,44.07732],[-71.41015,44.07845],[-71.41101,44.07904],[-71.41109,44.07943],[-71.41211,44.08038],[-71.41245,44.08134],[-71.41344,44.08232],[-71.41364,44.08243],[-71.41383,44.08232],[-71.4141,44.08258],[-71.41404,44.08108],[-71.41481,44.08065],[-71.41504,44.08019],[-71.41555,44.08011],[-71.41749,44.0806],[-71.41806,44.08094],[-71.41866,44.08179],[-71.41982,44.08171],[-71.42056,44.08248],[-71.42155,44.08295],[-71.42204,44.08298],[-71.42239,44.08228],[-71.42419,44.08265],[-71.42539,44.08241],[-71.42547,44.0823],[-71.42448,44.08167],[-71.42746,44.08158],[-71.42982,44.08178],[-71.43042,44.08226],[-71.43055,44.08355],[-71.43097,44.08413],[-71.43294,44.08566],[-71.43386,44.0867],[-71.43423,44.0881],[-71.43324,44.08986],[-71.43363,44.0898],[-71.43335,44.09024],[-71.43487,44.09003],[-71.43548,44.09013],[-71.43601,44.08974],[-71.43631,44.09014],[-71.43677,44.08966],[-71.43714,44.08999],[-71.43735,44.08942],[-71.43831,44.08846],[-71.43892,44.08848],[-71.43928,44.08882],[-71.43894,44.08937],[-71.43903,44.08969],[-71.43929,44.08956],[-71.44038,44.09062],[-71.4422,44.09183],[-71.44534,44.09296],[-71.44754,44.09272],[-71.44734,44.09342],[-71.44684,44.09363]]}},{"type":"Feature","properties":{"t":135,"n":0},"geometry":{"type":"LineString","coordinates":[[-71.29109,44.21769],[-71.29021,44.21693],[-71.2899,44.21535],[-71.29026,44.21179],[-71.29132,44.21051],[-71.29165,44.20965],[-71.29107,44.20883],[-71.2907,44.2077],[-71.29105,44.20698],[-71.29305,44.20616],[-71.2938,44.20511],[-71.29375,44.20155]]}},{"type":"Feature","properties":{"t":273,"n":0},"geometry":{"type":"LineString","coordinates":[[-71.29375,44.20155],[-71.29334,44.20191],[-71.29259,44.20335],[-71.29185,44.20385],[-71.29046,44.20398],[-71.28896,44.20373],[-71.28777,44.20406],[-71.28589,44.20391],[-71.28397,44.20324],[-71.28121,44.20286],[-71.2802,44.2024],[-71.27935,44.20234],[-71.2779,44.20175],[-71.27203,44.20042],[-71.2708,44.20147],[-71.26983,44.20164],[-71.26928,44.20149],[-71.26793,44.20177],[-71.26671,44.2024],[-71.26559,44.20429],[-71.2647,44.20508],[-71.26304,44.20444],[-71.26236,44.20476],[-71.2617,44.20545],[-71.26008,44.20501],[-71.25904,44.20661],[-71.25803,44.20651],[-71.25755,44.20684],[-71.25705,44.20682],[-71.255,44.20591],[-71.25284,44.20552],[-71.25232,44.2052],[-71.25173,44.20572],[-71.25149,44.20667],[-71.24992,44.20689],[-71.24849,44.20639],[-71.24787,44.20636],[-71.24706,44.20556],[-71.2456,44.20513],[-71.24392,44.20411],[-71.2436,44.20418],[-71.24343,44.20488],[-71.243,44.2053],[-71.24251,44.2052],[-71.24166,44.2041],[-71.24135,44.20424],[-71.24097,44.20489],[-71.24058,44.20478]]}},{"type":"Feature","properties":{"t":170,"n":1},"geometry":{"type":"LineString","coordinates":[[-71.30711,44.22519],[-71.30768,44.22459],[-71.30734,44.22364],[-71.30794,44.22295],[-71.30715,44.221],[-71.30792,44.22029],[-71.30846,44.21942],[-71.30854,44.21869],[-71.30938,44.21733],[-71.30944,44.21638],[-71.30864,44.21532]]}},{"type":"Feature","properties":{"t":6,"n":5},"geometry":{"type":"LineString","coordinates":[[-71.19561,44.26166],[-71.19611,44.26174]]}},{"type":"Feature","properties":{"t":6,"n":4},"geometry":{"type":"LineString","coordinates":[[-71.19611,44.26174],[-71.19627,44.26176]]}},{"type":"Feature","properties":{"t":6,"n":2},"geometry":{"type":"LineString","coordinates":[[-71.19627,44.26176],[-71.19727,44.26159],[-71.19907,44.26191],[-71.19973,44.2623],[-71.20124,44.26278],[-71.20074,44.26154],[-71.20079,44.26132],[-71.20106,44.26135],[-71.20114,44.26099],[-71.20091,44.26033],[-71.20117,44.26032],[-71.20191,44.25968],[-71.2013,44.25751],[-71.20143,44.25679],[-71.20214,44.25591],[-71.20202,44.25423],[-71.20251,44.25347],[-71.20351,44.25292],[-71.20367,44.25265],[-71.20428,44.25251],[-71.20503,44.2517],[-71.20553,44.25145],[-71.20683,44.25116],[-71.20832,44.2504],[-71.20925,44.25083],[-71.21034,44.25097],[-71.21276,44.25166],[-71.2147,44.25128],[-71.2155,44.25136],[-71.21587,44.25163],[-71.21673,44.25166],[-71.21841,44.25091],[-71.22001,44.2508],[-71.22102,44.25046],[-71.22216,44.25043],[-71.22291,44.25002],[-71.22329,44.2494],[-71.22407,44.24914],[-71.22466,44.24919],[-71.22484,44.24891],[-71.22541,44.24871]]}},{"type":"Feature","properties":{"t":6,"n":1},"geometry":{"type":"LineString","coordinates":[[-71.22541,44.24871],[-71.22642,44.24842],[-71.2272,44.24761],[-71.22901,44.24791],[-71.22906,44.24821],[-71.22959,44.24824],[-71.22995,44.24859],[-71.23302,44.24781],[-71.23384,44.24785],[-71.23438,44.24811],[-71.23543,44.24776],[-71.23731,44.24778],[-71.2377,44.24807],[-71.2395,44.24779],[-71.24144,44.24789],[-71.24172,44.24753],[-71.24267,44.24721],[-71.243,44.24674],[-71.2435,44.24651],[-71.24366,44.24614],[-71.24527,44.24604],[-71.24559,44.24627],[-71.24726,44.24638],[-71.24813,44.24664],[-71.24848,44.24622],[-71.24926,44.24625],[-71.25144,44.24576]]}},{"type":"Feature","properties":{"t":128,"n":0},"geometry":{"type":"LineString","coordinates":[[-71.38566,44.17148],[-71.3854,44.17195],[-71.38496,44.17186],[-71.38366,44.17219],[-71.38168,44.17207],[-71.38112,44.17218],[-71.37945,44.17265],[-71.37837,44.17337],[-71.3762,44.17404],[-71.37584,44.17438],[-71.37591,44.17476],[-71.37635,44.17498],[-71.37621,44.17515],[-71.37414,44.17629],[-71.37327,44.17638],[-71.37358,44.17681],[-71.37314,44.17701],[-71.3735,44.17729],[-71.3746,44.17759],[-71.37573,44.17763],[-71.3766,44.17746],[-71.37654,44.17767],[-71.37712,44.1777],[-71.3778,44.17737],[-71.37958,44.17767],[-71.38052,44.17819],[-71.38112,44.17827],[-71.3829,44.17916],[-71.38353,44.17929],[-71.38313,44.17948],[-71.3828,44.18005],[-71.38292,44.18042],[-71.38418,44.18159],[-71.38432,44.18202],[-71.38371,44.18215],[-71.38438,44.18294],[-71.38477,44.18443],[-71.38459,44.18486],[-71.38528,44.18524],[-71.3852,44.18568],[-71.38495,44.18582],[-71.38494,44.18633],[-71.38546,44.18697],[-71.38523,44.18735],[-71.3858,44.18777],[-71.38595,44.1884],[-71.38644,44.18892],[-71.38652,44.18955],[-71.38686,44.18989],[-71.38696,44.19112],[-71.38747,44.1918],[-71.38733,44.19214],[-71.38769,44.19272],[-71.38845,44.19304],[-71.38847,44.19445]]}},{"type":"Feature","properties":{"t":128,"n":2},"geometry":{"type":"LineString","coordinates":[[-71.38847,44.19445],[-71.38847,44.19501],[-71.38971,44.19552],[-71.38959,44.1958],[-71.38905,44.1959]]}},{"type":"Feature","properties":{"t":128,"n":1},"geometry":{"type":"LineString","coordinates":[[-71.38905,44.1959],[-71.38864,44.19603],[-71.38777,44.19589],[-71.38728,44.19601],[-71.38713,44.19633],[-71.38627,44.19614],[-71.38623,44.19665],[-71.38538,44.1974],[-71.38477,44.19763],[-71.3837,44.1976],[-71.38171,44.19948],[-71.38057,44.19989],[-71.37914,44.19971],[-71.37809,44.20015],[-71.37702,44.20103],[-71.37616,44.20092],[-71.37586,44.20115],[-71.37533,44.20286]]}},{"type":"Feature","properties":{"t":128,"n":2},"geometry":{"type":"LineString","coordinates":[[-71.37533,44.20286],[-71.37533,44.20291]]}},{"type":"Feature","properties":{"t":128,"n":3},"geometry":{"type":"LineString","coordinates":[[-71.37533,44.20291],[-71.37571,44.20414],[-71.37563,44.2047],[-71.37606,44.20562],[-71.37599,44.20632],[-71.37652,44.20689],[-71.3764,44.20715],[-71.37604,44.20725],[-71.37616,44.20925],[-71.37691,44.20968],[-71.37735,44.21063],[-71.37647,44.21188],[-71.3766,44.21289],[-71.37618,44.2134],[-71.37663,44.21444],[-71.37646,44.21561],[-71.37607,44.21617],[-71.37628,44.217],[-71.37582,44.21731],[-71.37506,44.21719],[-71.37459,44.21744],[-71.37389,44.21745],[-71.37207,44.21814],[-71.37107,44.21893]]}},{"type":"Feature","properties":{"t":128,"n":4},"geometry":{"type":"LineString","coordinates":[[-71.37107,44.21893],[-71.37038,44.21925]]}},{"type":"Feature","properties":{"t":128,"n":3},"geometry":{"type":"LineString","coordinates":[[-71.37038,44.21925],[-71.36972,44.21941],[-71.36981,44.21969],[-71.36949,44.22002],[-71.36983,44.22031],[-71.36934,44.22053],[-71.37023,44.22106],[-71.36987,44.22146],[-71.3702,44.22257],[-71.36873,44.22344],[-71.36851,44.22377],[-71.36763,44.2239],[-71.36674,44.22432],[-71.36625,44.22564],[-71.36592,44.22593],[-71.366,44.22656]]}},{"type":"Feature","properties":{"t":128,"n":7},"geometry":{"type":"LineString","coordinates":[[-71.366,44.22656],[-71.36478,44.2278]]}},{"type":"Feature","properties":{"t":268,"n":0},"geometry":{"type":"LineString","coordinates":[[-71.38599,44.16703],[-71.38593,44.16678],[-71.38636,44.16666],[-71.38747,44.16688],[-71.38812,44.16618],[-71.38899,44.16592],[-71.39014,44.16583],[-71.39217,44.16536],[-71.39418,44.16555],[-71.39701,44.16744],[-71.39799,44.16831],[-71.40017,44.16935],[-71.40197,44.17077],[-71.40316,44.1714],[-71.40435,44.17264],[-71.40737,44.17362],[-71.40892,44.17529],[-71.40992,44.17484],[-71.41114,44.17485],[-71.41374,44.17437],[-71.41582,44.17458],[-71.41666,44.17451],[-71.41718,44.174],[-71.41898,44.17342],[-71.41954,44.1736],[-71.42072,44.17361],[-71.42216,44.174],[-71.42465,44.17521],[-71.42927,44.17598],[-71.43002,44.1763]]}},{"type":"Feature","properties":{"t":106,"n":4},"geometry":{"type":"LineString","coordinates":[[-71.4108,44.21964],[-71.41063,44.21964]]}},{"type":"Feature","properties":{"t":106,"n":6},"geometry":{"type":"LineString","coordinates":[[-71.41063,44.21964],[-71.41035,44.21974]]}},{"type":"Feature","properties":{"t":106,"n":5},"geometry":{"type":"LineString","coordinates":[[-71.41035,44.21974],[-71.40826,44.22004],[-71.40647,44.22087]]}},{"type":"Feature","properties":{"t":61,"n":6},"geometry":{"type":"LineString","coordinates":[[-71.38246,44.22065],[-71.38192,44.22056]]}},{"type":"Feature","properties":{"t":61,"n":2},"geometry":{"type":"LineString","coordinates":[[-71.38192,44.22056],[-71.38153,44.22038],[-71.37916,44.22036],[-71.37775,44.21958],[-71.37636,44.21934],[-71.37542,44.21894],[-71.37155,44.21914]]}},{"type":"Feature","properties":{"t":61,"n":3},"geometry":{"type":"LineString","coordinates":[[-71.37155,44.21914],[-71.37133,44.21916]]}},{"type":"Feature","properties":{"t":61,"n":4},"geometry":{"type":"LineString","coordinates":[[-71.37133,44.21916],[-71.37096,44.21924],[-71.37076,44.21908]]}},{"type":"Feature","properties":{"t":785,"n":0},"geometry":{"type":"LineString","coordinates":[[-71.39178,44.1469],[-71.38985,44.14754],[-71.38947,44.14794]]}},{"type":"Feature","properties":{"t":179,"n":0},"geometry":{"type":"LineString","coordinates":[[-71.4272,44.17566],[-71.42733,44.17672]]}},{"type":"Feature","properties":{"t":106,"n":7},"geometry":{"type":"LineString","coordinates":[[-71.36478,44.2278],[-71.36521,44.22785]]}},{"type":"Feature","properties":{"t":106,"n":5},"geometry":{"type":"LineString","coordinates":[[-71.36521,44.22785],[-71.36935,44.22758],[-71.36985,44.22703],[-71.37116,44.2265],[-71.37248,44.22525],[-71.37644,44.22404],[-71.37702,44.22361],[-71.37734,44.22287],[-71.37837,44.2222],[-71.38205,44.22089]]}},{"type":"Feature","properties":{"t":106,"n":6},"geometry":{"type":"LineString","coordinates":[[-71.38205,44.22089],[-71.38278,44.22048]]}},{"type":"Feature","properties":{"t":106,"n":5},"geometry":{"type":"LineString","coordinates":[[-71.38278,44.22048],[-71.38383,44.22099],[-71.38419,44.2219],[-71.38469,44.2223],[-71.38648,44.22263],[-71.38853,44.22391],[-71.38979,44.2241],[-71.39101,44.22455],[-71.39435,44.22408],[-71.3991,44.22312],[-71.40113,44.22206],[-71.40239,44.22195],[-71.40298,44.22125],[-71.40443,44.22081],[-71.40496,44.22075],[-71.40598,44.22097],[-71.40647,44.22087]]}},{"type":"Feature","properties":{"t":164,"n":2},"geometry":{"type":"LineString","coordinates":[[-71.409,44.21612],[-71.40893,44.21618]]}},{"type":"Feature","properties":{"t":164,"n":0},"geometry":{"type":"LineString","coordinates":[[-71.40893,44.21618],[-71.40856,44.21649],[-71.40843,44.2171]]}},{"type":"Feature","properties":{"t":133,"n":8},"geometry":{"type":"LineString","coordinates":[[-71.3188,44.25876],[-71.3187,44.2587]]}},{"type":"Feature","properties":{"t":133,"n":7},"geometry":{"type":"LineString","coordinates":[[-71.3187,44.2587],[-71.31856,44.25855]]}},{"type":"Feature","properties":{"t":133,"n":6},"geometry":{"type":"LineString","coordinates":[[-71.31856,44.25855],[-71.31852,44.25848]]}},{"type":"Feature","properties":{"t":133,"n":5},"geometry":{"type":"LineString","coordinates":[[-71.31852,44.25848],[-71.3185,44.25847]]}},{"type":"Feature","properties":{"t":133,"n":2},"geometry":{"type":"LineString","coordinates":[[-71.3185,44.25847],[-71.31846,44.25847]]}},{"type":"Feature","properties":{"t":133,"n":4},"geometry":{"type":"LineString","coordinates":[[-71.31846,44.25847],[-71.3184,44.25847]]}},{"type":"Feature","properties":{"t":133,"n":2},"geometry":{"type":"LineString","coordinates":[[-71.3184,44.25847],[-71.31827,44.25845]]}},{"type":"Feature","properties":{"t":133,"n":1},"geometry":{"type":"LineString","coordinates":[[-71.31827,44.25845],[-71.31823,44.25843]]}},{"type":"Feature","properties":{"t":133,"n":0},"geometry":{"type":"LineString","coordinates":[[-71.31823,44.25843],[-71.31759,44.25778],[-71.31542,44.25736],[-71.31478,44.25744],[-71.31455,44.25724],[-71.31456,44.25646],[-71.31504,44.25608],[-71.31492,44.25579],[-71.31591,44.25515],[-71.31689,44.25502],[-71.31631,44.25441],[-71.31537,44.25444],[-71.31534,44.25385],[-71.31491,44.25311],[-71.31461,44.25179],[-71.31473,44.25079],[-71.31439,44.25057],[-71.31496,44.25028],[-71.3153,44.24911],[-71.31509,44.24809],[-71.31477,44.248],[-71.31421,44.24721],[-71.31425,44.24589],[-71.31396,44.24533],[-71.31395,44.24432],[-71.31303,44.24301],[-71.31227,44.24263],[-71.31207,44.24197],[-71.31171,44.24177],[-71.3112,44.24081],[-71.31215,44.23963],[-71.31206,44.23928],[-71.31241,44.2383],[-71.31212,44.23773],[-71.31271,44.23674],[-71.31254,44.23582],[-71.31314,44.23526],[-71.31415,44.23519],[-71.31612,44.23407],[-71.31721,44.23304],[-71.3188,44.23221],[-71.32002,44.23174],[-71.3233,44.23111],[-71.32486,44.23014],[-71.32499,44.22925],[-71.32601,44.22852],[-71.32624,44.2281],[-71.32621,44.22715],[-71.32668,44.22659],[-71.3275,44.22608],[-71.32777,44.22572],[-71.32768,44.22523],[-71.32889,44.22418],[-71.32931,44.22329],[-71.33019,44.22242],[-71.33174,44.22198],[-71.33224,44.22083],[-71.33301,44.22072],[-71.33314,44.22055],[-71.33246,44.21912],[-71.33358,44.2179],[-71.33452,44.21734]]}},{"type":"Feature","properties":{"t":6,"n":1},"geometry":{"type":"LineString","coordinates":[[-71.25144,44.24576],[-71.25236,44.2454],[-71.2531,44.24563],[-71.25318,44.24542]]}},{"type":"Feature","properties":{"t":49,"n":5},"geometry":{"type":"LineString","coordinates":[[-71.40806,44.21502],[-71.40779,44.21515]]}},{"type":"Feature","properties":{"t":49,"n":4},"geometry":{"type":"LineString","coordinates":[[-71.40779,44.21515],[-71.40729,44.21583],[-71.40442,44.21643],[-71.40386,44.21511],[-71.40269,44.21403],[-71.40233,44.21311],[-71.40191,44.21291],[-71.40121,44.21192],[-71.39907,44.21027],[-71.39831,44.2103],[-71.39799,44.20998],[-71.39726,44.21],[-71.39624,44.20938],[-71.39554,44.2087],[-71.39507,44.20772],[-71.39389,44.20625],[-71.39263,44.20558]]}},{"type":"Feature","properties":{"t":217,"n":3},"geometry":{"type":"LineString","coordinates":[[-71.36972,44.21941],[-71.36979,44.21908]]}},{"type":"Feature","properties":{"t":217,"n":1},"geometry":{"type":"LineString","coordinates":[[-71.36979,44.21908],[-71.36975,44.21881]]}},{"type":"Feature","properties":{"t":217,"n":0},"geometry":{"type":"LineString","coordinates":[[-71.36975,44.21881],[-71.36952,44.2184],[-71.36853,44.21779],[-71.36765,44.21773],[-71.36704,44.21802],[-71.36628,44.21799],[-71.3657,44.21761],[-71.36567,44.21716],[-71.36413,44.21663]]}},{"type":"Feature","properties":{"t":167,"n":1},"geometry":{"type":"LineString","coordinates":[[-71.2595,44.24402],[-71.25935,44.24429]]}},{"type":"Feature","properties":{"t":167,"n":0},"geometry":{"type":"LineString","coordinates":[[-71.25935,44.24429],[-71.25925,44.24466],[-71.2558,44.24709],[-71.25521,44.24887],[-71.25528,44.25336],[-71.25424,44.25442]]}},{"type":"Feature","properties":{"t":167,"n":1},"geometry":{"type":"LineString","coordinates":[[-71.25424,44.25442],[-71.25396,44.25498],[-71.25361,44.25489],[-71.25326,44.25524]]}},{"type":"Feature","properties":{"t":548,"n":0},"geometry":{"type":"LineString","coordinates":[[-71.27815,44.00446],[-71.2785,44.00399],[-71.27917,44.00488],[-71.27876,44.0056],[-71.27896,44.00679],[-71.27929,44.00699],[-71.27956,44.00654],[-71.2807,44.00581],[-71.28108,44.0052],[-71.28174,44.00485],[-71.28171,44.00395],[-71.27973,44.0033],[-71.27913,44.00357],[-71.2787,44.00438]]}},{"type":"Feature","properties":{"t":306,"n":0},"geometry":{"type":"LineString","coordinates":[[-71.4554,44.163],[-71.45598,44.16207],[-71.45653,44.1617],[-71.45751,44.15851],[-71.45748,44.15719],[-71.45837,44.1561],[-71.45836,44.1552],[-71.46052,44.15356],[-71.46212,44.15274],[-71.46247,44.1523],[-71.46227,44.15124],[-71.46306,44.15006],[-71.46299,44.14797],[-71.46379,44.14672],[-71.46448,44.14616],[-71.46486,44.14486],[-71.46451,44.14331],[-71.46477,44.14157],[-71.46544,44.14092],[-71.46621,44.14063],[-71.46812,44.13932],[-71.46894,44.1391],[-71.46915,44.13882]]}},{"type":"Feature","properties":{"t":135,"n":1},"geometry":{"type":"LineString","coordinates":[[-71.30665,44.22989],[-71.3072,44.23002],[-71.30817,44.2297],[-71.30899,44.22889],[-71.30912,44.22831],[-71.31086,44.2286],[-71.31165,44.22757],[-71.3121,44.22752],[-71.31292,44.22698],[-71.31378,44.2271],[-71.31423,44.22676],[-71.31479,44.22678],[-71.31539,44.22651],[-71.31613,44.22557],[-71.31657,44.22558],[-71.31765,44.22466],[-71.31935,44.22408],[-71.31976,44.22367],[-71.31938,44.22334],[-71.31935,44.22278],[-71.31979,44.22234],[-71.31881,44.2218],[-71.31892,44.22152],[-71.31859,44.22066],[-71.31888,44.22032],[-71.32035,44.2195],[-71.3226,44.21854],[-71.32423,44.21811],[-71.32494,44.21769],[-71.326,44.21769],[-71.32844,44.21689],[-71.32962,44.21684],[-71.33117,44.21574],[-71.33417,44.21519],[-71.33527,44.21413]]}},{"type":"Feature","properties":{"t":239,"n":0},"geometry":{"type":"LineString","coordinates":[[-71.33855,44.21626],[-71.33815,44.21775],[-71.33738,44.21915],[-71.33845,44.22061],[-71.33853,44.22175],[-71.3381,44.2225],[-71.33934,44.22358],[-71.34061,44.2254],[-71.34064,44.2259],[-71.33975,44.22723],[-71.33942,44.22839],[-71.33972,44.22886],[-71.33939,44.22958],[-71.33976,44.23069],[-71.33934,44.23227],[-71.33973,44.23312],[-71.3397,44.23381],[-71.33931,44.23411],[-71.33934,44.235],[-71.33973,44.23631],[-71.33925,44.23721],[-71.33954,44.23854],[-71.33934,44.23969],[-71.33984,44.24122],[-71.33966,44.2416],[-71.34025,44.24191],[-71.3399,44.24241],[-71.34139,44.24309]]}},{"type":"Feature","properties":{"t":239,"n":3},"geometry":{"type":"LineString","coordinates":[[-71.34139,44.24309],[-71.34152,44.24321]]}},{"type":"Feature","properties":{"t":239,"n":7},"geometry":{"type":"LineString","coordinates":[[-71.34152,44.24321],[-71.34166,44.24344]]}},{"type":"Feature","properties":{"t":448,"n":0},"geometry":{"type":"LineString","coordinates":[[-71.33855,44.21626],[-71.33952,44.2166],[-71.34045,44.21667],[-71.34079,44.2161],[-71.34169,44.21602],[-71.34207,44.21634],[-71.3434,44.21682],[-71.34745,44.21739],[-71.34931,44.2183],[-71.35019,44.21933],[-71.35112,44.21977],[-71.35195,44.21988],[-71.35526,44.21843],[-71.35801,44.2164],[-71.35906,44.21645],[-71.36013,44.21687],[-71.36215,44.21646],[-71.36413,44.21663]]}},{"type":"Feature","properties":{"t":217,"n":0},"geometry":{"type":"LineString","coordinates":[[-71.35541,44.2044],[-71.35214,44.19887],[-71.35047,44.19739],[-71.3484,44.1968],[-71.346,44.19545],[-71.34576,44.19491],[-71.34395,44.19336],[-71.34377,44.19192]]}},{"type":"Feature","properties":{"t":170,"n":0},"geometry":{"type":"LineString","coordinates":[[-71.35342,44.1206],[-71.35214,44.1211],[-71.35151,44.12051],[-71.35047,44.12006],[-71.34973,44.12021],[-71.34918,44.12045],[-71.34771,44.12192],[-71.34757,44.12263],[-71.34418,44.12381],[-71.3436,44.12451],[-71.3428,44.12498],[-71.34228,44.12642],[-71.34116,44.12786],[-71.3395,44.12842],[-71.33915,44.12806],[-71.33846,44.12834],[-71.33777,44.1279],[-71.33636,44.12879],[-71.3351,44.12911],[-71.33437,44.12886],[-71.33347,44.12953],[-71.33289,44.13033],[-71.33289,44.13183],[-71.33234,44.13248],[-71.33174,44.13278],[-71.33117,44.13395],[-71.33043,44.13403],[-71.33005,44.13425],[-71.32823,44.1361],[-71.32774,44.1359],[-71.32689,44.13618],[-71.32611,44.1371],[-71.32573,44.13797],[-71.32493,44.13814],[-71.32472,44.13838],[-71.32387,44.13847],[-71.32366,44.13863],[-71.32385,44.13885],[-71.32192,44.13974],[-71.32053,44.14092],[-71.32044,44.14253],[-71.32149,44.14391],[-71.32041,44.14517],[-71.31966,44.14679],[-71.32122,44.14857],[-71.32124,44.1492],[-71.32108,44.14945],[-71.31971,44.14999],[-71.31826,44.15243]]}},{"type":"Feature","properties":{"t":747,"n":0},"geometry":{"type":"LineString","coordinates":[[-71.33117,44.13395],[-71.33085,44.1346],[-71.33098,44.13511],[-71.33148,44.136],[-71.3324,44.1367]]}},{"type":"Feature","properties":{"t":170,"n":0},"geometry":{"type":"LineString","coordinates":[[-71.31826,44.15243],[-71.3191,44.15384],[-71.32178,44.15525],[-71.32131,44.15535],[-71.32077,44.15585],[-71.32125,44.15663],[-71.32095,44.15717],[-71.32117,44.15747],[-71.32102,44.15812],[-71.32054,44.15906],[-71.3199,44.15937],[-71.31902,44.1611],[-71.31928,44.16273],[-71.31909,44.1631],[-71.31925,44.1634],[-71.31908,44.16487],[-71.32,44.16582],[-71.32005,44.16715],[-71.32054,44.16796],[-71.31852,44.16805],[-71.31882,44.16866],[-71.31912,44.17129],[-71.31941,44.17158],[-71.31923,44.1727],[-71.31939,44.17323],[-71.31918,44.17362],[-71.31927,44.17467],[-71.319,44.17526],[-71.31894,44.17647],[-71.31821,44.17734],[-71.31879,44.17853],[-71.31757,44.18045],[-71.31784,44.18114],[-71.31884,44.18107],[-71.31924,44.18163],[-71.32037,44.182],[-71.32096,44.18277],[-71.32117,44.18347],[-71.32015,44.18541],[-71.31922,44.1863],[-71.31934,44.18668],[-71.3191,44.18751],[-71.31835,44.18803],[-71.31878,44.18932],[-71.31745,44.19017],[-71.31617,44.19226],[-71.31656,44.19506],[-71.31598,44.19591],[-71.31439,44.19702],[-71.314,44.19895],[-71.31517,44.20079],[-71.31551,44.20216],[-71.31454,44.20442],[-71.31442,44.20657],[-71.31391,44.2072],[-71.31249,44.20806],[-71.31201,44.20863],[-71.30917,44.2099],[-71.30958,44.21108],[-71.30909,44.21165],[-71.3089,44.21227],[-71.30816,44.21301],[-71.3085,44.21489]]}},{"type":"Feature","properties":{"t":170,"n":1},"geometry":{"type":"LineString","coordinates":[[-71.3085,44.21489],[-71.30864,44.21532]]}},{"type":"Feature","properties":{"t":788,"n":0},"geometry":{"type":"LineString","coordinates":[[-71.31543,44.20185],[-71.31441,44.20197],[-71.31281,44.20171]]}},{"type":"Feature","properties":{"t":422,"n":0},"geometry":{"type":"LineString","coordinates":[[-71.31826,44.15243],[-71.31657,44.15274],[-71.31599,44.15314],[-71.31472,44.15336],[-71.31326,44.15408],[-71.31236,44.15411],[-71.31112,44.15372],[-71.30969,44.15428],[-71.3077,44.15438],[-71.30638,44.15469],[-71.30306,44.15426],[-71.29746,44.15298],[-71.29611,44.15288],[-71.29524,44.15296],[-71.29357,44.1536],[-71.29181,44.15363],[-71.29075,44.15405],[-71.28793,44.15388],[-71.2872,44.1542],[-71.28631,44.1538]]}},{"type":"Feature","properties":{"t":273,"n":0},"geometry":{"type":"LineString","coordinates":[[-71.28759,44.16681],[-71.28744,44.16767],[-71.2864,44.16851],[-71.28628,44.16911],[-71.28651,44.16959],[-71.28778,44.17047],[-71.2895,44.17258]]}},{"type":"Feature","properties":{"t":360,"n":0},"geometry":{"type":"LineString","coordinates":[[-71.36169,44.01136],[-71.36145,44.01206],[-71.36084,44.01237],[-71.35775,44.01246]]}},{"type":"Feature","properties":{"t":461,"n":0},"geometry":{"type":"LineString","coordinates":[[-71.35375,44.01785],[-71.3555,44.01823],[-71.35746,44.01896]]}},{"type":"Feature","properties":{"t":461,"n":0},"geometry":{"type":"LineString","coordinates":[[-71.35375,44.01785],[-71.35031,44.01671],[-71.34906,44.01589],[-71.34798,44.01423],[-71.34672,44.01373],[-71.34651,44.01338],[-71.34738,44.00907],[-71.34507,44.00707],[-71.34227,44.00636],[-71.34128,44.00577],[-71.34051,44.00498]]}},{"type":"Feature","properties":{"t":373,"n":0},"geometry":{"type":"LineString","coordinates":[[-71.35646,44.054],[-71.35603,44.05416],[-71.35629,44.05468],[-71.35572,44.05467],[-71.35587,44.05511],[-71.35555,44.0551],[-71.35554,44.0553],[-71.35452,44.05537],[-71.35534,44.05622],[-71.35405,44.05625],[-71.35424,44.05681],[-71.35389,44.05706],[-71.35306,44.05708],[-71.35263,44.05726],[-71.35274,44.05749],[-71.35202,44.05791],[-71.35217,44.05826],[-71.35182,44.05863],[-71.3521,44.05883],[-71.35057,44.06019],[-71.35057,44.06052],[-71.34918,44.06226],[-71.34876,44.06244],[-71.34883,44.0628],[-71.34848,44.06314],[-71.3472,44.06351],[-71.34581,44.06428],[-71.34501,44.06485],[-71.34447,44.06583],[-71.34356,44.06609],[-71.34304,44.06675],[-71.34226,44.06656],[-71.34176,44.06662],[-71.34082,44.06739],[-71.33974,44.06777],[-71.33842,44.06895],[-71.33684,44.06912],[-71.33557,44.06972],[-71.33497,44.07024],[-71.33453,44.07135],[-71.33464,44.07241],[-71.33546,44.0739],[-71.3363,44.07471],[-71.33739,44.07536],[-71.33767,44.0762]]}},{"type":"Feature","properties":{"t":17,"n":2},"geometry":{"type":"LineString","coordinates":[[-71.44403,44.20484],[-71.44319,44.20512],[-71.44251,44.20573],[-71.44139,44.20528],[-71.43952,44.2052],[-71.43823,44.20684],[-71.43705,44.20788],[-71.43429,44.20918],[-71.43318,44.20937],[-71.43198,44.20926],[-71.43177,44.20975]]}},{"type":"Feature","properties":{"t":17,"n":2},"geometry":{"type":"LineString","coordinates":[[-71.44466,44.20435],[-71.44503,44.20402]]}},{"type":"Feature","properties":{"t":17,"n":1},"geometry":{"type":"LineString","coordinates":[[-71.44503,44.20402],[-71.44584,44.20355],[-71.4468,44.2034],[-71.44714,44.20311],[-71.44896,44.20266],[-71.44902,44.20235],[-71.44938,44.2023],[-71.45019,44.20167],[-71.45218,44.20109]]}},{"type":"Feature","properties":{"t":675,"n":0},"geometry":{"type":"LineString","coordinates":[[-71.2888,44.06528],[-71.28907,44.06582],[-71.28838,44.06665],[-71.28872,44.06766],[-71.28841,44.06909],[-71.28781,44.06968],[-71.28766,44.07014],[-71.28782,44.07076],[-71.28727,44.07088]]}},{"type":"Feature","properties":{"t":518,"n":0},"geometry":{"type":"LineString","coordinates":[[-71.3982,44.2429],[-71.39707,44.24385],[-71.39647,44.2447],[-71.39652,44.24512],[-71.39541,44.2463],[-71.39546,44.24737],[-71.39448,44.24767],[-71.39478,44.2481],[-71.39384,44.24993],[-71.39484,44.25095],[-71.39682,44.25169]]}},{"type":"Feature","properties":{"t":153,"n":1},"geometry":{"type":"LineString","coordinates":[[-71.25324,44.24548],[-71.25321,44.24515]]}},{"type":"Feature","properties":{"t":153,"n":0},"geometry":{"type":"LineString","coordinates":[[-71.25321,44.24515],[-71.25257,44.24406]]}},{"type":"Feature","properties":{"t":514,"n":0},"geometry":{"type":"LineString","coordinates":[[-71.38947,44.14794],[-71.39069,44.1483],[-71.39167,44.14827],[-71.39256,44.14799],[-71.39282,44.14833],[-71.39204,44.14924],[-71.39144,44.15051],[-71.39061,44.15137],[-71.38979,44.15183],[-71.38806,44.15415],[-71.38757,44.15419],[-71.38513,44.15307],[-71.38414,44.15331],[-71.38248,44.15311],[-71.38133,44.15341]]}},{"type":"Feature","properties":{"t":697,"n":0},"geometry":{"type":"LineString","coordinates":[[-71.49164,44.24649],[-71.48834,44.24765],[-71.48755,44.24812],[-71.48705,44.24869],[-71.48538,44.24837]]}},{"type":"Feature","properties":{"t":190,"n":5},"geometry":{"type":"LineString","coordinates":[[-71.40655,44.22095],[-71.40659,44.22103]]}},{"type":"Feature","properties":{"t":190,"n":5},"geometry":{"type":"LineString","coordinates":[[-71.40659,44.22103],[-71.40661,44.22107]]}},{"type":"Feature","properties":{"t":190,"n":3},"geometry":{"type":"LineString","coordinates":[[-71.40661,44.22107],[-71.40668,44.22116]]}},{"type":"Feature","properties":{"t":190,"n":0},"geometry":{"type":"LineString","coordinates":[[-71.40668,44.22116],[-71.40745,44.22166],[-71.40755,44.22201],[-71.4094,44.22299],[-71.40998,44.22377],[-71.41038,44.2238]]}},{"type":"Feature","properties":{"t":659,"n":0},"geometry":{"type":"LineString","coordinates":[[-71.29749,44.06011],[-71.29623,44.05943],[-71.29509,44.05842],[-71.29541,44.05733],[-71.29609,44.05667],[-71.29622,44.05572],[-71.29592,44.05466],[-71.29599,44.05408]]}},{"type":"Feature","properties":{"t":589,"n":0},"geometry":{"type":"LineString","coordinates":[[-71.29284,44.06217],[-71.29133,44.06111],[-71.29004,44.0608],[-71.28925,44.05962],[-71.28702,44.05851],[-71.28655,44.058],[-71.28628,44.05624],[-71.28518,44.05588],[-71.28446,44.05439]]}},{"type":"Feature","properties":{"t":205,"n":0},"geometry":{"type":"LineString","coordinates":[[-71.47973,44.17912],[-71.48001,44.17901],[-71.48104,44.17938],[-71.48209,44.17912],[-71.48379,44.17907],[-71.48456,44.17877],[-71.48649,44.17859],[-71.48704,44.17835],[-71.48833,44.17901],[-71.49162,44.17982],[-71.4921,44.18032],[-71.49319,44.18092],[-71.49359,44.18156],[-71.49421,44.18194],[-71.49514,44.18221],[-71.49653,44.18221],[-71.49786,44.18301],[-71.49841,44.18357]]}},{"type":"Feature","properties":{"t":205,"n":1},"geometry":{"type":"LineString","coordinates":[[-71.49841,44.18357],[-71.49874,44.18417]]}},{"type":"Feature","properties":{"t":190,"n":0},"geometry":{"type":"LineString","coordinates":[[-71.41038,44.2238],[-71.4114,44.22386]]}},{"type":"Feature","properties":{"t":654,"n":0},"geometry":{"type":"LineString","coordinates":[[-71.41963,44.23449],[-71.41802,44.2338],[-71.41745,44.23377],[-71.41665,44.234],[-71.41606,44.23348],[-71.4149,44.23324]]}},{"type":"Feature","properties":{"t":643,"n":0},"geometry":{"type":"LineString","coordinates":[[-71.42579,44.24806],[-71.42516,44.24823],[-71.42521,44.2488],[-71.42686,44.24983],[-71.42591,44.25082],[-71.42687,44.25159],[-71.42692,44.2527],[-71.42733,44.25313],[-71.42743,44.25368],[-71.42813,44.25408]]}},{"type":"Feature","properties":{"t":190,"n":5},"geometry":{"type":"LineString","coordinates":[[-71.40647,44.22087],[-71.40655,44.22095]]}},{"type":"Feature","properties":{"t":54,"n":4},"geometry":{"type":"LineString","coordinates":[[-71.39263,44.20558],[-71.39211,44.20542]]}},{"type":"Feature","properties":{"t":54,"n":2},"geometry":{"type":"LineString","coordinates":[[-71.39211,44.20542],[-71.39027,44.20518],[-71.38952,44.20543],[-71.38853,44.20521],[-71.38734,44.20549],[-71.38576,44.20553],[-71.38487,44.20573],[-71.38429,44.20517],[-71.38296,44.20439],[-71.37994,44.20315],[-71.37933,44.20266],[-71.37905,44.20274],[-71.37821,44.20247],[-71.37721,44.20319],[-71.3765,44.20303],[-71.37588,44.20325]]}},{"type":"Feature","properties":{"t":54,"n":3},"geometry":{"type":"LineString","coordinates":[[-71.37588,44.20325],[-71.37547,44.20318]]}},{"type":"Feature","properties":{"t":74,"n":1},"geometry":{"type":"LineString","coordinates":[[-71.30665,44.22989],[-71.30756,44.22894],[-71.30747,44.22714],[-71.30685,44.22673],[-71.30685,44.22589]]}},{"type":"Feature","properties":{"t":59,"n":7},"geometry":{"type":"LineString","coordinates":[[-71.34499,44.24247],[-71.34551,44.24214],[-71.34576,44.24245],[-71.34602,44.24239],[-71.34673,44.24175],[-71.34728,44.24165],[-71.34836,44.24107],[-71.35025,44.24071],[-71.35018,44.24043]]}},{"type":"Feature","properties":{"t":59,"n":6},"geometry":{"type":"LineString","coordinates":[[-71.35018,44.24043],[-71.35042,44.23985],[-71.35138,44.23966],[-71.35088,44.23906],[-71.35124,44.23858],[-71.35095,44.23846],[-71.35124,44.23831],[-71.35087,44.23735]]}},{"type":"Feature","properties":{"t":44,"n":1},"geometry":{"type":"LineString","coordinates":[[-71.44684,44.09363],[-71.44882,44.09448],[-71.45095,44.0959],[-71.45176,44.09724],[-71.45171,44.09779],[-71.45199,44.0983],[-71.45511,44.10068],[-71.45665,44.102],[-71.45712,44.10268],[-71.4578,44.10404],[-71.4579,44.10546],[-71.45687,44.10678],[-71.45678,44.10757],[-71.45868,44.10872],[-71.45957,44.10989],[-71.46047,44.11066],[-71.4606,44.11113],[-71.46038,44.11242],[-71.45971,44.11328]]}},{"type":"Feature","properties":{"t":165,"n":0},"geometry":{"type":"LineString","coordinates":[[-71.46308,44.11578],[-71.46361,44.11645],[-71.46388,44.11756],[-71.46608,44.11976],[-71.46688,44.12015],[-71.46748,44.1209],[-71.46793,44.12108]]}},{"type":"Feature","properties":{"t":1,"n":1},"geometry":{"type":"LineString","coordinates":[[-71.4313,44.12176],[-71.43015,44.1218],[-71.42562,44.12022],[-71.42408,44.12017],[-71.42362,44.11977],[-71.42256,44.11971],[-71.42097,44.11921],[-71.42008,44.11868],[-71.4162,44.11815],[-71.41441,44.11753],[-71.40982,44.11772],[-71.40907,44.11792],[-71.40853,44.11761],[-71.40778,44.11764],[-71.40621,44.11677],[-71.40594,44.11643],[-71.40555,44.11642],[-71.40481,44.11589],[-71.40455,44.11517],[-71.4034,44.11465],[-71.40338,44.11385],[-71.4025,44.11293],[-71.40076,44.11229],[-71.39975,44.11155],[-71.39835,44.11213],[-71.39763,44.11321],[-71.39645,44.11325],[-71.39428,44.11437],[-71.39278,44.11455],[-71.39233,44.1149],[-71.3914,44.11491],[-71.39028,44.11454],[-71.38828,44.11476],[-71.38742,44.11418],[-71.3874,44.11438],[-71.38715,44.1144],[-71.38742,44.1149],[-71.38716,44.11481],[-71.38706,44.11495],[-71.38641,44.11466],[-71.38669,44.11518],[-71.38588,44.11485],[-71.38598,44.11521],[-71.38569,44.1151],[-71.38557,44.11547],[-71.38473,44.1161],[-71.38418,44.11705],[-71.38337,44.1178],[-71.38225,44.11839],[-71.38085,44.11877],[-71.38035,44.11861],[-71.38033,44.11829],[-71.37995,44.11845],[-71.38003,44.11821],[-71.37932,44.11857],[-71.37937,44.11841],[-71.37845,44.11846],[-71.37854,44.11826],[-71.37793,44.11843],[-71.37657,44.11924],[-71.37566,44.11919],[-71.37407,44.11879],[-71.374,44.11846],[-71.37286,44.1177],[-71.37214,44.11748],[-71.37005,44.11508],[-71.36825,44.11404],[-71.36416,44.11205],[-71.36262,44.11197],[-71.36177,44.11169],[-71.35996,44.11033],[-71.3594,44.10932],[-71.35728,44.10883],[-71.35619,44.10826],[-71.35557,44.10716],[-71.35492,44.10698],[-71.3549,44.10665],[-71.35443,44.10625],[-71.35441,44.10575],[-71.35342,44.10482],[-71.35331,44.10399],[-71.35279,44.10366]]}},{"type":"Feature","properties":{"t":17,"n":1},"geometry":{"type":"LineString","coordinates":[[-71.45218,44.20109],[-71.45536,44.19999],[-71.45973,44.19944],[-71.46343,44.19969],[-71.46653,44.20059],[-71.46913,44.20079],[-71.47085,44.2006],[-71.47235,44.20017],[-71.47351,44.20012],[-71.47622,44.20047],[-71.47883,44.20057]]}},{"type":"Feature","properties":{"t":360,"n":0},"geometry":{"type":"LineString","coordinates":[[-71.35557,44.02365],[-71.35527,44.02555],[-71.35493,44.02613],[-71.35492,44.02741],[-71.35522,44.03009],[-71.3559,44.03155],[-71.35662,44.03222],[-71.35674,44.0328],[-71.35622,44.03395],[-71.35638,44.03493],[-71.35592,44.03543],[-71.35562,44.03655],[-71.35597,44.03766],[-71.35605,44.03897],[-71.35641,44.03983],[-71.35618,44.04071],[-71.35569,44.04145],[-71.35539,44.04164],[-71.35474,44.04165],[-71.35449,44.04196],[-71.35403,44.04322],[-71.3543,44.04414],[-71.3549,44.04468],[-71.35694,44.04535]]}},{"type":"Feature","properties":{"t":360,"n":0},"geometry":{"type":"LineString","coordinates":[[-71.35694,44.04535],[-71.35736,44.04599],[-71.35586,44.05029],[-71.35587,44.05075],[-71.35682,44.05198],[-71.35661,44.05293],[-71.35709,44.05389],[-71.35646,44.054]]}},{"type":"Feature","properties":{"t":771,"n":0},"geometry":{"type":"LineString","coordinates":[[-71.35694,44.04535],[-71.35867,44.04477],[-71.35871,44.04406],[-71.359,44.04372]]}},{"type":"Feature","properties":{"t":308,"n":0},"geometry":{"type":"LineString","coordinates":[[-71.43906,44.02173],[-71.43869,44.02208],[-71.43883,44.02274]]}},{"type":"Feature","properties":{"t":308,"n":0},"geometry":{"type":"LineString","coordinates":[[-71.43883,44.02274],[-71.43728,44.02325],[-71.43623,44.02332],[-71.43423,44.02424],[-71.43193,44.02447],[-71.43018,44.02528],[-71.42918,44.02598],[-71.42716,44.0285],[-71.42689,44.02949],[-71.42726,44.03302],[-71.42822,44.03765],[-71.42991,44.04332],[-71.42937,44.04556],[-71.42847,44.04722],[-71.42786,44.0498],[-71.42656,44.0516],[-71.424,44.05242],[-71.42112,44.05295],[-71.4186,44.05206],[-71.41474,44.05166],[-71.41421,44.05167],[-71.41247,44.05261],[-71.41177,44.05273],[-71.40794,44.05175]]}},{"type":"Feature","properties":{"t":839,"n":0},"geometry":{"type":"LineString","coordinates":[[-71.35401,44.12044],[-71.35342,44.1206]]}},{"type":"Feature","properties":{"t":214,"n":0},"geometry":{"type":"LineString","coordinates":[[-71.47342,44.21179],[-71.47432,44.21095],[-71.4743,44.20984],[-71.476,44.20737],[-71.47654,44.20546],[-71.47593,44.20528],[-71.47384,44.2069],[-71.47172,44.20804],[-71.46954,44.2076],[-71.47181,44.20443],[-71.47089,44.20324],[-71.46978,44.20228],[-71.46991,44.20159],[-71.46956,44.20103]]}},{"type":"Feature","properties":{"t":214,"n":1},"geometry":{"type":"LineString","coordinates":[[-71.46956,44.20103],[-71.46937,44.20038]]}},{"type":"Feature","properties":{"t":214,"n":0},"geometry":{"type":"LineString","coordinates":[[-71.46937,44.20038],[-71.46934,44.19813],[-71.4672,44.19596],[-71.46709,44.19431],[-71.4629,44.19338],[-71.46043,44.19404],[-71.45861,44.19481],[-71.45816,44.1961],[-71.45674,44.19722],[-71.45631,44.19816],[-71.45381,44.20002]]}},{"type":"Feature","properties":{"t":214,"n":1},"geometry":{"type":"LineString","coordinates":[[-71.45381,44.20002],[-71.45275,44.20027]]}},{"type":"Feature","properties":{"t":214,"n":0},"geometry":{"type":"LineString","coordinates":[[-71.45275,44.20027],[-71.45198,44.20042],[-71.45195,44.2007]]}},{"type":"Feature","properties":{"t":214,"n":1},"geometry":{"type":"LineString","coordinates":[[-71.45195,44.2007],[-71.45218,44.20109]]}},{"type":"Feature","properties":{"t":176,"n":4},"geometry":{"type":"LineString","coordinates":[[-71.40659,44.21593],[-71.40659,44.21571]]}},{"type":"Feature","properties":{"t":176,"n":2},"geometry":{"type":"LineString","coordinates":[[-71.40659,44.21571],[-71.4066,44.21556]]}},{"type":"Feature","properties":{"t":176,"n":0},"geometry":{"type":"LineString","coordinates":[[-71.4066,44.21556],[-71.40656,44.21526],[-71.40599,44.21487],[-71.40563,44.21358],[-71.40629,44.21358]]}},{"type":"Feature","properties":{"t":228,"n":0},"geometry":{"type":"LineString","coordinates":[[-71.39125,44.24904],[-71.39095,44.24896],[-71.38918,44.2494],[-71.38734,44.24956],[-71.38638,44.25059],[-71.38574,44.25036],[-71.3853,44.25047],[-71.38317,44.24948],[-71.38076,44.24883],[-71.37806,44.24869],[-71.37687,44.249],[-71.37237,44.24848],[-71.36852,44.24684],[-71.36803,44.24643],[-71.36786,44.24586],[-71.36687,44.24544],[-71.36584,44.24411],[-71.3646,44.24336],[-71.36387,44.24299],[-71.36271,44.243],[-71.36169,44.24264],[-71.36101,44.24225],[-71.36057,44.24165],[-71.35997,44.24191],[-71.35842,44.24145],[-71.35768,44.24148],[-71.35425,44.24218],[-71.35333,44.24213],[-71.35195,44.24336],[-71.35155,44.24345],[-71.35038,44.24297],[-71.34938,44.24279],[-71.34661,44.24296],[-71.34582,44.24282]]}},{"type":"Feature","properties":{"t":228,"n":4},"geometry":{"type":"LineString","coordinates":[[-71.34582,44.24282],[-71.34565,44.24276]]}},{"type":"Feature","properties":{"t":228,"n":5},"geometry":{"type":"LineString","coordinates":[[-71.34565,44.24276],[-71.34549,44.24272]]}},{"type":"Feature","properties":{"t":228,"n":1},"geometry":{"type":"LineString","coordinates":[[-71.34549,44.24272],[-71.3454,44.24271]]}},{"type":"Feature","properties":{"t":228,"n":0},"geometry":{"type":"LineString","coordinates":[[-71.3454,44.24271],[-71.34536,44.24269]]}},{"type":"Feature","properties":{"t":228,"n":3},"geometry":{"type":"LineString","coordinates":[[-71.34536,44.24269],[-71.34525,44.24265]]}},{"type":"Feature","properties":{"t":228,"n":7},"geometry":{"type":"LineString","coordinates":[[-71.34525,44.24265],[-71.34499,44.24247]]}},{"type":"Feature","properties":{"t":758,"n":0},"geometry":{"type":"LineString","coordinates":[[-71.31778,44.15434],[-71.31874,44.15506],[-71.3202,44.15545],[-71.32077,44.15585]]}},{"type":"Feature","properties":{"t":309,"n":0},"geometry":{"type":"LineString","coordinates":[[-71.31659,44.14614],[-71.31673,44.14529],[-71.31603,44.14448],[-71.31592,44.14369],[-71.31543,44.14273],[-71.31365,44.14212],[-71.31209,44.14094],[-71.31162,44.14022],[-71.31042,44.14019],[-71.31023,44.13978],[-71.30989,44.13975],[-71.30781,44.14009],[-71.30674,44.13999],[-71.30424,44.13926],[-71.30352,44.1387],[-71.30334,44.13806],[-71.30395,44.13607],[-71.3033,44.13521],[-71.30356,44.1345],[-71.30308,44.13323],[-71.3033,44.13287],[-71.30295,44.1326],[-71.30193,44.12963],[-71.30199,44.12912],[-71.30093,44.1283],[-71.30054,44.12784],[-71.30025,44.12686],[-71.2993,44.12614],[-71.2994,44.12565],[-71.29885,44.12479],[-71.29889,44.12439],[-71.29836,44.12317],[-71.29763,44.12285],[-71.297,44.12304],[-71.29638,44.12236],[-71.29548,44.12225],[-71.29358,44.12154],[-71.29229,44.12258],[-71.29185,44.12189],[-71.29149,44.12179],[-71.29105,44.12126],[-71.29126,44.12075],[-71.29209,44.11993],[-71.29222,44.11842],[-71.29262,44.11756],[-71.29254,44.11653],[-71.29219,44.11642],[-71.29124,44.11537],[-71.29074,44.11541],[-71.29037,44.11506],[-71.2897,44.11498],[-71.28958,44.11375]]}},{"type":"Feature","properties":{"t":355,"n":0},"geometry":{"type":"LineString","coordinates":[[-71.28652,44.08486],[-71.28674,44.08582],[-71.28612,44.08752],[-71.28549,44.08816],[-71.28541,44.08855],[-71.2857,44.08938],[-71.28535,44.09022],[-71.2852,44.09212],[-71.28558,44.09304],[-71.28533,44.09388],[-71.28599,44.09479],[-71.28593,44.09578],[-71.2856,44.09654],[-71.28586,44.0969],[-71.28593,44.09791],[-71.28669,44.0987],[-71.28685,44.09938],[-71.28733,44.10006],[-71.28807,44.10058],[-71.28993,44.1009],[-71.29024,44.10172],[-71.29138,44.10219],[-71.29151,44.1024],[-71.29112,44.10306],[-71.28978,44.10375],[-71.2898,44.10418],[-71.2903,44.10465],[-71.29045,44.10526],[-71.28973,44.10694],[-71.2894,44.10721],[-71.28939,44.10767],[-71.28856,44.10841],[-71.2886,44.10914],[-71.28954,44.11089],[-71.28938,44.11117],[-71.28985,44.11205],[-71.28958,44.11375],[-71.28811,44.11414],[-71.28728,44.11474],[-71.28645,44.11503],[-71.28433,44.11518],[-71.2833,44.11464],[-71.28216,44.11487]]}},{"type":"Feature","properties":{"t":292,"n":0},"geometry":{"type":"LineString","coordinates":[[-71.28216,44.11487],[-71.28118,44.11407],[-71.28078,44.11341],[-71.27897,44.1121],[-71.27408,44.11017],[-71.27338,44.10859],[-71.27303,44.10868],[-71.27249,44.1094],[-71.27115,44.10949],[-71.27023,44.1091],[-71.26979,44.10913],[-71.26928,44.1086],[-71.2691,44.10754],[-71.26787,44.10639],[-71.26598,44.10613],[-71.26304,44.10499],[-71.26266,44.10498],[-71.26092,44.10559],[-71.25761,44.10511],[-71.25592,44.1046],[-71.25569,44.1043],[-71.25536,44.1043],[-71.25438,44.10375],[-71.25321,44.10366],[-71.25231,44.10306],[-71.25223,44.10258],[-71.25112,44.10119],[-71.25004,44.10052],[-71.24863,44.09996],[-71.24691,44.09981],[-71.2463,44.09947],[-71.24422,44.09957],[-71.2429,44.099],[-71.24119,44.09874],[-71.24049,44.09886],[-71.23998,44.09927],[-71.23964,44.09906],[-71.23949,44.09836],[-71.2376,44.0982],[-71.23774,44.09786],[-71.23612,44.09726],[-71.23442,44.09746],[-71.2337,44.09775],[-71.23059,44.09786],[-71.22937,44.09846],[-71.22899,44.09848],[-71.22818,44.09724],[-71.22741,44.09656],[-71.22666,44.09639],[-71.22576,44.09693],[-71.224,44.09698],[-71.22331,44.09683],[-71.22213,44.09706],[-71.22141,44.0974],[-71.21952,44.0994],[-71.2191,44.1001],[-71.21848,44.10014],[-71.21812,44.09991],[-71.21699,44.09989],[-71.21603,44.09929],[-71.21489,44.099],[-71.2138,44.09897],[-71.21291,44.09867],[-71.21315,44.09704],[-71.21466,44.09657],[-71.2154,44.09538],[-71.21497,44.09466],[-71.21368,44.09496]]}},{"type":"Feature","properties":{"t":93,"n":2},"geometry":{"type":"LineString","coordinates":[[-71.4275,44.2065],[-71.42679,44.20643]]}},{"type":"Feature","properties":{"t":484,"n":0},"geometry":{"type":"LineString","coordinates":[[-71.38947,44.14794],[-71.38881,44.14816],[-71.38916,44.14841],[-71.38841,44.14872],[-71.38819,44.14936],[-71.38675,44.14942]]}},{"type":"Feature","properties":{"t":126,"n":1},"geometry":{"type":"LineString","coordinates":[[-71.49631,44.1836],[-71.4959,44.18345]]}},{"type":"Feature","properties":{"t":126,"n":0},"geometry":{"type":"LineString","coordinates":[[-71.4959,44.18345],[-71.49544,44.18345]]}},{"type":"Feature","properties":{"t":126,"n":0},"geometry":{"type":"LineString","coordinates":[[-71.49544,44.18345],[-71.49558,44.18365]]}},{"type":"Feature","properties":{"t":126,"n":1},"geometry":{"type":"LineString","coordinates":[[-71.49558,44.18365],[-71.49598,44.18389]]}},{"type":"Feature","properties":{"t":209,"n":1},"geometry":{"type":"LineString","coordinates":[[-71.25144,44.24576],[-71.25148,44.24617]]}},{"type":"Feature","properties":{"t":209,"n":0},"geometry":{"type":"LineString","coordinates":[[-71.25148,44.24617],[-71.25142,44.24675],[-71.25092,44.24727],[-71.2502,44.25012],[-71.2507,44.25127],[-71.25198,44.25269],[-71.25197,44.25413],[-71.25151,44.2549],[-71.25172,44.25616]]}},{"type":"Feature","properties":{"t":278,"n":0},"geometry":{"type":"LineString","coordinates":[[-71.2002,44.06408],[-71.20121,44.06432],[-71.20248,44.06421],[-71.20408,44.06338],[-71.20431,44.06283],[-71.20482,44.06246],[-71.20517,44.06141],[-71.20575,44.0611],[-71.20628,44.06036],[-71.20783,44.06041],[-71.20907,44.06011],[-71.21126,44.06008],[-71.21412,44.05905],[-71.21446,44.05847],[-71.21553,44.05802],[-71.21679,44.05795],[-71.21756,44.05663],[-71.21829,44.05632],[-71.21886,44.0556],[-71.22113,44.05234],[-71.22201,44.0498],[-71.22268,44.04892],[-71.22463,44.0465],[-71.22605,44.04594],[-71.22875,44.04625],[-71.23012,44.04607],[-71.23072,44.0462],[-71.23083,44.0465],[-71.23208,44.0469],[-71.23267,44.04771],[-71.23397,44.04821],[-71.23557,44.04799],[-71.23838,44.04827],[-71.24182,44.04872],[-71.24212,44.04928],[-71.24259,44.04907],[-71.24377,44.04826],[-71.24412,44.04762],[-71.24492,44.04708],[-71.24499,44.04625],[-71.24863,44.04394],[-71.24956,44.04368],[-71.24959,44.04337],[-71.25049,44.04223],[-71.2501,44.04147],[-71.25066,44.04004],[-71.25135,44.03919],[-71.25211,44.03886],[-71.25202,44.03838],[-71.25261,44.0378],[-71.25353,44.03744],[-71.25442,44.03663],[-71.25438,44.03625],[-71.25496,44.03573],[-71.25531,44.03573],[-71.25592,44.03626],[-71.25808,44.03655],[-71.25886,44.0365],[-71.25991,44.03547],[-71.25963,44.0348],[-71.25985,44.03405],[-71.26107,44.03218],[-71.2624,44.03118],[-71.26499,44.03019],[-71.26593,44.03031],[-71.26785,44.0293],[-71.26894,44.02976],[-71.26928,44.0289],[-71.26972,44.02886],[-71.27016,44.02944],[-71.27162,44.0301],[-71.27243,44.03076],[-71.27347,44.0308],[-71.27516,44.03283],[-71.27549,44.03368],[-71.27544,44.03464],[-71.27636,44.03596],[-71.27626,44.03677],[-71.27702,44.03832],[-71.27707,44.03902],[-71.27656,44.04031],[-71.27643,44.04179],[-71.27551,44.04365],[-71.27608,44.04468]]}},{"type":"Feature","properties":{"t":114,"n":2},"geometry":{"type":"LineString","coordinates":[[-71.44466,44.20435],[-71.44414,44.20397],[-71.44341,44.20396],[-71.44228,44.20317],[-71.4404,44.20052],[-71.43866,44.19917],[-71.43777,44.19885],[-71.43739,44.19833],[-71.43671,44.19818],[-71.43645,44.19786],[-71.4357,44.19759],[-71.43497,44.19703],[-71.43282,44.19644]]}},{"type":"Feature","properties":{"t":114,"n":1},"geometry":{"type":"LineString","coordinates":[[-71.43282,44.19644],[-71.4324,44.19612],[-71.43227,44.19498],[-71.43123,44.19456],[-71.43033,44.19368],[-71.42961,44.19339],[-71.42757,44.19036],[-71.42574,44.18924],[-71.42526,44.18871],[-71.42431,44.18862],[-71.42372,44.18804],[-71.42242,44.18747],[-71.42197,44.18689],[-71.42199,44.1865],[-71.42089,44.1858],[-71.42121,44.18526],[-71.42116,44.18356],[-71.42104,44.18338],[-71.42034,44.18342],[-71.42012,44.18319]]}},{"type":"Feature","properties":{"t":114,"n":0},"geometry":{"type":"LineString","coordinates":[[-71.42012,44.18319],[-71.41915,44.18256],[-71.41879,44.18189],[-71.41792,44.1815],[-71.41691,44.18008],[-71.4159,44.17992],[-71.41428,44.17899],[-71.4134,44.17878],[-71.41203,44.17784],[-71.40992,44.17728],[-71.40892,44.17529]]}},{"type":"Feature","properties":{"t":165,"n":1},"geometry":{"type":"LineString","coordinates":[[-71.44846,44.11915],[-71.44811,44.11896]]}},{"type":"Feature","properties":{"t":165,"n":0},"geometry":{"type":"LineString","coordinates":[[-71.44811,44.11896],[-71.44764,44.11894],[-71.44623,44.11824],[-71.44517,44.11828],[-71.44434,44.11798],[-71.44401,44.11752],[-71.44336,44.11724],[-71.44316,44.11662],[-71.44215,44.11641],[-71.44137,44.11679],[-71.4395,44.11678],[-71.43845,44.11552],[-71.43583,44.11508],[-71.43416,44.11425],[-71.4321,44.11404],[-71.43169,44.11369],[-71.43038,44.11146],[-71.42797,44.10928],[-71.42779,44.10897],[-71.42794,44.10854],[-71.42744,44.10873],[-71.42715,44.10861],[-71.42716,44.10782],[-71.42676,44.10722],[-71.42709,44.10576],[-71.42659,44.10442],[-71.42643,44.10212],[-71.42607,44.10161],[-71.42599,44.10068],[-71.42544,44.1002],[-71.42533,44.09964],[-71.42554,44.09896],[-71.42463,44.09793],[-71.42471,44.0975],[-71.42379,44.09744],[-71.42245,44.09651],[-71.42036,44.09443],[-71.42014,44.09358],[-71.419,44.09268],[-71.41657,44.09188],[-71.4156,44.09099],[-71.41506,44.09012],[-71.4142,44.08948],[-71.41365,44.08727],[-71.41277,44.08648],[-71.41287,44.08582],[-71.41319,44.08544],[-71.41281,44.08377],[-71.41302,44.08261]]}},{"type":"Feature","properties":{"t":165,"n":1},"geometry":{"type":"LineString","coordinates":[[-71.41302,44.08261],[-71.41301,44.0818]]}},{"type":"Feature","properties":{"t":525,"n":0},"geometry":{"type":"LineString","coordinates":[[-71.37956,44.00824],[-71.37619,44.00909],[-71.37398,44.0089],[-71.37278,44.00813],[-71.37192,44.00722],[-71.37094,44.00708],[-71.37006,44.00623],[-71.3695,44.00498],[-71.36984,44.00421],[-71.37166,44.00122],[-71.37267,44.0007]]}},{"type":"Feature","properties":{"t":310,"n":0},"geometry":{"type":"LineString","coordinates":[[-71.3386,44.01747],[-71.3368,44.01559],[-71.33639,44.0147],[-71.33405,44.01354],[-71.33385,44.01294],[-71.33437,44.01219],[-71.33414,44.01046],[-71.33298,44.00881],[-71.33181,44.00791],[-71.33099,44.00656],[-71.32919,44.00542],[-71.32779,44.00513],[-71.3268,44.00458],[-71.32474,44.00417],[-71.32399,44.00378],[-71.32347,44.00391],[-71.32316,44.00449],[-71.32254,44.00438]]}},{"type":"Feature","properties":{"t":215,"n":1},"geometry":{"type":"LineString","coordinates":[[-71.25633,44.25397],[-71.25601,44.25341]]}},{"type":"Feature","properties":{"t":215,"n":0},"geometry":{"type":"LineString","coordinates":[[-71.25601,44.25341],[-71.25547,44.25312],[-71.25556,44.25158],[-71.25606,44.25073],[-71.25661,44.24894],[-71.2574,44.24862],[-71.25839,44.24781],[-71.25999,44.24783],[-71.26056,44.24537],[-71.26386,44.2433],[-71.2642,44.24233]]}},{"type":"Feature","properties":{"t":215,"n":1},"geometry":{"type":"LineString","coordinates":[[-71.2642,44.24233],[-71.26499,44.2413]]}},{"type":"Feature","properties":{"t":215,"n":0},"geometry":{"type":"LineString","coordinates":[[-71.26499,44.2413],[-71.26521,44.24044],[-71.26483,44.23845],[-71.26495,44.23773],[-71.26376,44.23604],[-71.26445,44.23476],[-71.26512,44.23427],[-71.26567,44.23283],[-71.2661,44.23253],[-71.2659,44.23191],[-71.26607,44.23153],[-71.26566,44.22997],[-71.26493,44.22912],[-71.26548,44.22817],[-71.26424,44.22641],[-71.26416,44.22523],[-71.26296,44.22343],[-71.26272,44.22104],[-71.26342,44.21808],[-71.26392,44.21795],[-71.26451,44.2174],[-71.26397,44.2171],[-71.2633,44.21707],[-71.26102,44.21645],[-71.25804,44.21479],[-71.25697,44.21395],[-71.25434,44.21325],[-71.25337,44.21279],[-71.25264,44.21201],[-71.25239,44.21021],[-71.25138,44.2093],[-71.25145,44.20883],[-71.25091,44.20803],[-71.25087,44.20731],[-71.25021,44.20692]]}},{"type":"Feature","properties":{"t":206,"n":1},"geometry":{"type":"LineString","coordinates":[[-71.40907,44.11792],[-71.40866,44.11803]]}},{"type":"Feature","properties":{"t":206,"n":0},"geometry":{"type":"LineString","coordinates":[[-71.40866,44.11803],[-71.40831,44.11834],[-71.40946,44.12007],[-71.40921,44.1209],[-71.40842,44.12087],[-71.40818,44.12106],[-71.40727,44.1212],[-71.40663,44.12232],[-71.4044,44.12235]]}},{"type":"Feature","properties":{"t":617,"n":0},"geometry":{"type":"LineString","coordinates":[[-71.41595,44.22199],[-71.41741,44.22286],[-71.41857,44.22284],[-71.41864,44.22255],[-71.41802,44.22142],[-71.41763,44.22115],[-71.41699,44.22108],[-71.41646,44.22068],[-71.41556,44.22082],[-71.41477,44.22023],[-71.41401,44.22011]]}},{"type":"Feature","properties":{"t":723,"n":0},"geometry":{"type":"LineString","coordinates":[[-71.41857,44.22284],[-71.41956,44.22427],[-71.41962,44.22484],[-71.4208,44.22499],[-71.42131,44.22565]]}},{"type":"Feature","properties":{"t":801,"n":0},"geometry":{"type":"LineString","coordinates":[[-71.31189,44.14055],[-71.31247,44.14017],[-71.31209,44.1399],[-71.31249,44.13961]]}},{"type":"Feature","properties":{"t":154,"n":3},"geometry":{"type":"LineString","coordinates":[[-71.40664,44.22111],[-71.40658,44.22115]]}},{"type":"Feature","properties":{"t":154,"n":2},"geometry":{"type":"LineString","coordinates":[[-71.40658,44.22115],[-71.40647,44.22124]]}},{"type":"Feature","properties":{"t":154,"n":0},"geometry":{"type":"LineString","coordinates":[[-71.40647,44.22124],[-71.4063,44.22128]]}},{"type":"Feature","properties":{"t":154,"n":2},"geometry":{"type":"LineString","coordinates":[[-71.4063,44.22128],[-71.40607,44.22128]]}},{"type":"Feature","properties":{"t":154,"n":1},"geometry":{"type":"LineString","coordinates":[[-71.40607,44.22128],[-71.40584,44.22127]]}},{"type":"Feature","properties":{"t":154,"n":3},"geometry":{"type":"LineString","coordinates":[[-71.40584,44.22127],[-71.40559,44.22124]]}},{"type":"Feature","properties":{"t":154,"n":1},"geometry":{"type":"LineString","coordinates":[[-71.40559,44.22124],[-71.405,44.22111]]}},{"type":"Feature","properties":{"t":154,"n":0},"geometry":{"type":"LineString","coordinates":[[-71.405,44.22111],[-71.4048,44.22109]]}},{"type":"Feature","properties":{"t":154,"n":1},"geometry":{"type":"LineString","coordinates":[[-71.4048,44.22109],[-71.40466,44.22111]]}},{"type":"Feature","properties":{"t":154,"n":0},"geometry":{"type":"LineString","coordinates":[[-71.40466,44.22111],[-71.40451,44.22162],[-71.40413,44.22183],[-71.40396,44.22223],[-71.40501,44.22365]]}},{"type":"Feature","properties":{"t":408,"n":0},"geometry":{"type":"LineString","coordinates":[[-71.42852,44.24808],[-71.42806,44.24728],[-71.42848,44.24565],[-71.42796,44.24377],[-71.42816,44.24187],[-71.42712,44.24092],[-71.42484,44.24012],[-71.42457,44.23907],[-71.42325,44.23843],[-71.42291,44.23767],[-71.42227,44.23739],[-71.4212,44.23724]]}},{"type":"Feature","properties":{"t":648,"n":0},"geometry":{"type":"LineString","coordinates":[[-71.40538,44.23807],[-71.40446,44.23836],[-71.40381,44.23884],[-71.40379,44.23923],[-71.40203,44.24049],[-71.40164,44.24129],[-71.40079,44.24207],[-71.3995,44.24231],[-71.3982,44.2429]]}},{"type":"Feature","properties":{"t":622,"n":0},"geometry":{"type":"LineString","coordinates":[[-71.41963,44.23449],[-71.41991,44.23507],[-71.41966,44.2359],[-71.41987,44.2366],[-71.42073,44.23764],[-71.42056,44.23826],[-71.41967,44.23885],[-71.41728,44.2388],[-71.41569,44.23972],[-71.41579,44.24021],[-71.41547,44.24035]]}},{"type":"Feature","properties":{"t":789,"n":0},"geometry":{"type":"LineString","coordinates":[[-71.4294,44.24486],[-71.43027,44.24484],[-71.43075,44.24506]]}},{"type":"Feature","properties":{"t":711,"n":0},"geometry":{"type":"LineString","coordinates":[[-71.41235,44.22157],[-71.41368,44.22302],[-71.41334,44.22412],[-71.41354,44.22467],[-71.41341,44.22494]]}},{"type":"Feature","properties":{"t":102,"n":5},"geometry":{"type":"LineString","coordinates":[[-71.40377,44.22104],[-71.4036,44.22136]]}},{"type":"Feature","properties":{"t":102,"n":4},"geometry":{"type":"LineString","coordinates":[[-71.4036,44.22136],[-71.4036,44.22143]]}},{"type":"Feature","properties":{"t":102,"n":0},"geometry":{"type":"LineString","coordinates":[[-71.4036,44.22143],[-71.40363,44.22147]]}},{"type":"Feature","properties":{"t":484,"n":0},"geometry":{"type":"LineString","coordinates":[[-71.38675,44.14942],[-71.38676,44.14948]]}},{"type":"Feature","properties":{"t":484,"n":0},"geometry":{"type":"LineString","coordinates":[[-71.38676,44.14948],[-71.38647,44.14963],[-71.38574,44.14943],[-71.38391,44.14858],[-71.37993,44.1485],[-71.37896,44.1483],[-71.37782,44.14843],[-71.37748,44.148],[-71.37615,44.14794],[-71.37513,44.14824],[-71.37413,44.14812],[-71.37327,44.14829],[-71.37162,44.14738],[-71.37008,44.1471],[-71.36967,44.14727],[-71.36948,44.14794]]}},{"type":"Feature","properties":{"t":548,"n":0},"geometry":{"type":"LineString","coordinates":[[-71.27783,44.00448],[-71.27815,44.00446]]}},{"type":"Feature","properties":{"t":548,"n":0},"geometry":{"type":"LineString","coordinates":[[-71.27769,44.00283],[-71.27751,44.00377],[-71.27783,44.00448]]}},{"type":"Feature","properties":{"t":617,"n":0},"geometry":{"type":"LineString","coordinates":[[-71.41586,44.2219],[-71.41595,44.22199]]}},{"type":"Feature","properties":{"t":164,"n":4},"geometry":{"type":"LineString","coordinates":[[-71.40939,44.21604],[-71.40908,44.21608]]}},{"type":"Feature","properties":{"t":164,"n":4},"geometry":{"type":"LineString","coordinates":[[-71.40908,44.21608],[-71.40904,44.2161]]}},{"type":"Feature","properties":{"t":164,"n":2},"geometry":{"type":"LineString","coordinates":[[-71.40904,44.2161],[-71.409,44.21612]]}},{"type":"Feature","properties":{"t":787,"n":0},"geometry":{"type":"LineString","coordinates":[[-71.32244,44.00431],[-71.32254,44.00438]]}},{"type":"Feature","properties":{"t":268,"n":0},"geometry":{"type":"LineString","coordinates":[[-71.46721,44.16999],[-71.46848,44.16972],[-71.46938,44.16984],[-71.47159,44.17096],[-71.47469,44.17179],[-71.47519,44.17203],[-71.47704,44.174],[-71.47813,44.17565],[-71.47973,44.17912],[-71.48074,44.1825],[-71.48279,44.18608],[-71.48481,44.18846],[-71.48629,44.1906],[-71.48763,44.19198],[-71.48862,44.19361],[-71.49017,44.19548]]}},{"type":"Feature","properties":{"t":268,"n":1},"geometry":{"type":"LineString","coordinates":[[-71.49017,44.19548],[-71.49035,44.19572]]}},{"type":"Feature","properties":{"t":268,"n":0},"geometry":{"type":"LineString","coordinates":[[-71.46702,44.16992],[-71.46721,44.16999]]}},{"type":"Feature","properties":{"t":655,"n":0},"geometry":{"type":"LineString","coordinates":[[-71.2751,44.05514],[-71.27626,44.05446],[-71.27594,44.0521],[-71.2772,44.05173],[-71.27768,44.0509],[-71.27817,44.05058],[-71.27838,44.04946]]}},{"type":"Feature","properties":{"t":655,"n":0},"geometry":{"type":"LineString","coordinates":[[-71.27838,44.04946],[-71.27856,44.04938]]}},{"type":"Feature","properties":{"t":92,"n":1},"geometry":{"type":"LineString","coordinates":[[-71.30864,44.21532],[-71.30935,44.21502],[-71.30928,44.21486]]}},{"type":"Feature","properties":{"t":106,"n":6},"geometry":{"type":"LineString","coordinates":[[-71.35087,44.23735],[-71.35134,44.23599],[-71.35205,44.23528],[-71.35213,44.2346],[-71.35323,44.23387],[-71.35401,44.23363],[-71.35477,44.23285],[-71.3545,44.23233],[-71.35532,44.2317],[-71.35667,44.23143],[-71.35771,44.23147],[-71.35793,44.23128],[-71.35946,44.23098],[-71.35988,44.23054],[-71.36058,44.23032],[-71.36133,44.22978],[-71.36312,44.22801],[-71.36441,44.22782]]}},{"type":"Feature","properties":{"t":106,"n":7},"geometry":{"type":"LineString","coordinates":[[-71.36441,44.22782],[-71.36478,44.2278]]}},{"type":"Feature","properties":{"t":106,"n":7},"geometry":{"type":"LineString","coordinates":[[-71.34166,44.24344],[-71.3426,44.24317],[-71.34332,44.24262],[-71.34388,44.24265],[-71.34391,44.24251],[-71.34418,44.24268],[-71.34461,44.24253]]}},{"type":"Feature","properties":{"t":106,"n":7},"geometry":{"type":"LineString","coordinates":[[-71.34461,44.24253],[-71.34495,44.2421]]}},{"type":"Feature","properties":{"t":106,"n":4},"geometry":{"type":"LineString","coordinates":[[-71.34495,44.2421],[-71.34498,44.24202]]}},{"type":"Feature","properties":{"t":106,"n":2},"geometry":{"type":"LineString","coordinates":[[-71.34498,44.24202],[-71.34507,44.24184]]}},{"type":"Feature","properties":{"t":106,"n":0},"geometry":{"type":"LineString","coordinates":[[-71.34507,44.24184],[-71.34569,44.24111],[-71.34734,44.24016],[-71.34799,44.23937],[-71.34946,44.23862],[-71.34995,44.23765],[-71.35038,44.23743]]}},{"type":"Feature","properties":{"t":106,"n":6},"geometry":{"type":"LineString","coordinates":[[-71.35038,44.23743],[-71.35087,44.23735]]}},{"type":"Feature","properties":{"t":239,"n":0},"geometry":{"type":"LineString","coordinates":[[-71.33452,44.21734],[-71.33519,44.21694],[-71.33619,44.21566],[-71.33652,44.2155],[-71.33769,44.21559],[-71.33855,44.21626]]}},{"type":"Feature","properties":{"t":217,"n":0},"geometry":{"type":"LineString","coordinates":[[-71.36413,44.21663],[-71.36382,44.21584],[-71.36405,44.21534],[-71.36394,44.21385],[-71.36331,44.21335],[-71.36248,44.21217],[-71.36128,44.21124],[-71.36057,44.21009],[-71.36057,44.20972],[-71.35924,44.20785]]}},{"type":"Feature","properties":{"t":217,"n":0},"geometry":{"type":"LineString","coordinates":[[-71.35924,44.20785],[-71.35925,44.2078]]}},{"type":"Feature","properties":{"t":133,"n":1},"geometry":{"type":"LineString","coordinates":[[-71.35431,44.16749],[-71.35579,44.16566],[-71.35669,44.16411],[-71.35746,44.16366],[-71.35904,44.16351]]}},{"type":"Feature","properties":{"t":217,"n":0},"geometry":{"type":"LineString","coordinates":[[-71.35925,44.2078],[-71.35909,44.2068],[-71.3584,44.20651],[-71.35738,44.20558],[-71.35686,44.20546],[-71.35631,44.20483],[-71.35545,44.20446]]}},{"type":"Feature","properties":{"t":217,"n":0},"geometry":{"type":"LineString","coordinates":[[-71.35545,44.20446],[-71.35541,44.2044]]}},{"type":"Feature","properties":{"t":133,"n":1},"geometry":{"type":"LineString","coordinates":[[-71.34825,44.18317],[-71.3488,44.18196],[-71.34959,44.18126],[-71.35049,44.17988],[-71.35098,44.17867],[-71.35109,44.17767],[-71.35217,44.1762]]}},{"type":"Feature","properties":{"t":133,"n":1},"geometry":{"type":"LineString","coordinates":[[-71.35234,44.1762],[-71.35253,44.17623]]}},{"type":"Feature","properties":{"t":309,"n":0},"geometry":{"type":"LineString","coordinates":[[-71.32096,44.14949],[-71.32011,44.14934],[-71.32014,44.14865],[-71.31953,44.14865],[-71.31865,44.14765],[-71.3175,44.14758],[-71.31691,44.14725],[-71.31672,44.14694],[-71.31688,44.14644],[-71.31659,44.14614]]}},{"type":"Feature","properties":{"t":170,"n":1},"geometry":{"type":"LineString","coordinates":[[-71.29623,44.24744],[-71.29638,44.24715]]}},{"type":"Feature","properties":{"t":170,"n":0},"geometry":{"type":"LineString","coordinates":[[-71.29638,44.24715],[-71.2969,44.24315],[-71.29733,44.24266],[-71.29881,44.24188],[-71.29975,44.24168],[-71.30073,44.24105],[-71.30112,44.24049],[-71.30168,44.24035],[-71.30296,44.23952],[-71.30317,44.23918],[-71.30306,44.23826],[-71.3035,44.23771],[-71.30339,44.23573],[-71.30371,44.2353],[-71.30393,44.23384],[-71.30432,44.23299],[-71.3041,44.23255],[-71.30417,44.23202],[-71.30544,44.23107],[-71.30635,44.23007]]}},{"type":"Feature","properties":{"t":170,"n":1},"geometry":{"type":"LineString","coordinates":[[-71.30635,44.23007],[-71.30665,44.22989]]}},{"type":"Feature","properties":{"t":411,"n":0},"geometry":{"type":"LineString","coordinates":[[-71.41729,44.24465],[-71.41995,44.24396],[-71.42114,44.24438],[-71.42248,44.2444],[-71.42343,44.24462],[-71.42371,44.24526],[-71.42433,44.2459],[-71.42729,44.24679],[-71.42753,44.24768],[-71.42828,44.24782]]}},{"type":"Feature","properties":{"t":789,"n":0},"geometry":{"type":"LineString","coordinates":[[-71.4283,44.24492],[-71.42929,44.24488]]}},{"type":"Feature","properties":{"t":789,"n":0},"geometry":{"type":"LineString","coordinates":[[-71.42929,44.24488],[-71.4294,44.24486]]}},{"type":"Feature","properties":{"t":85,"n":4},"geometry":{"type":"LineString","coordinates":[[-71.33079,44.24922],[-71.33052,44.24924]]}},{"type":"Feature","properties":{"t":85,"n":5},"geometry":{"type":"LineString","coordinates":[[-71.33052,44.24924],[-71.33012,44.25001]]}},{"type":"Feature","properties":{"t":85,"n":6},"geometry":{"type":"LineString","coordinates":[[-71.33012,44.25001],[-71.33007,44.25007]]}},{"type":"Feature","properties":{"t":85,"n":7},"geometry":{"type":"LineString","coordinates":[[-71.33007,44.25007],[-71.32998,44.25044]]}},{"type":"Feature","properties":{"t":153,"n":1},"geometry":{"type":"LineString","coordinates":[[-71.25345,44.24551],[-71.25324,44.24548]]}},{"type":"Feature","properties":{"t":153,"n":1},"geometry":{"type":"LineString","coordinates":[[-71.25368,44.2456],[-71.25345,44.24551]]}},{"type":"Feature","properties":{"t":306,"n":0},"geometry":{"type":"LineString","coordinates":[[-71.46915,44.13882],[-71.46945,44.1382],[-71.46948,44.13735],[-71.46983,44.13677],[-71.46987,44.13581],[-71.4712,44.13465],[-71.47171,44.1333],[-71.46839,44.12189],[-71.46793,44.12108]]}},{"type":"Feature","properties":{"t":165,"n":1},"geometry":{"type":"LineString","coordinates":[[-71.45971,44.11328],[-71.45996,44.11355]]}},{"type":"Feature","properties":{"t":165,"n":0},"geometry":{"type":"LineString","coordinates":[[-71.45996,44.11355],[-71.46193,44.11523],[-71.46308,44.11578]]}},{"type":"Feature","properties":{"t":165,"n":1},"geometry":{"type":"LineString","coordinates":[[-71.45971,44.11328],[-71.45943,44.11328],[-71.45867,44.11398],[-71.45824,44.11618],[-71.4579,44.11665],[-71.45677,44.11741],[-71.45183,44.11839],[-71.44946,44.11848],[-71.44846,44.11915]]}},{"type":"Feature","properties":{"t":1,"n":1},"geometry":{"type":"LineString","coordinates":[[-71.45104,44.12337],[-71.44586,44.12457],[-71.4441,44.12479],[-71.44274,44.12457]]}},{"type":"Feature","properties":{"t":1,"n":1},"geometry":{"type":"LineString","coordinates":[[-71.44274,44.12457],[-71.44157,44.12408],[-71.43928,44.12388],[-71.43839,44.12329],[-71.43836,44.12258],[-71.43784,44.12221],[-71.43501,44.12218],[-71.4313,44.12176]]}},{"type":"Feature","properties":{"t":306,"n":0},"geometry":{"type":"LineString","coordinates":[[-71.46156,44.17004],[-71.46072,44.16965],[-71.45776,44.16682],[-71.45619,44.16483],[-71.4554,44.163]]}},{"type":"Feature","properties":{"t":268,"n":0},"geometry":{"type":"LineString","coordinates":[[-71.43002,44.1763],[-71.43144,44.17672],[-71.43499,44.17648],[-71.43611,44.17612],[-71.43695,44.17551],[-71.4375,44.17537],[-71.4397,44.1756],[-71.44024,44.17601],[-71.44122,44.17598],[-71.44201,44.17616],[-71.44251,44.17579],[-71.44324,44.1757],[-71.44495,44.17507],[-71.44543,44.17461],[-71.44839,44.17424],[-71.44943,44.17315],[-71.45462,44.17205],[-71.45576,44.172],[-71.45699,44.17141],[-71.45935,44.17119],[-71.45998,44.17046],[-71.46079,44.17012],[-71.462,44.17008],[-71.46362,44.17068],[-71.46478,44.17079],[-71.46622,44.17038],[-71.46702,44.16992]]}},{"type":"Feature","properties":{"t":1,"n":1},"geometry":{"type":"LineString","coordinates":[[-71.44846,44.11915],[-71.44849,44.11994],[-71.45021,44.12215]]}},{"type":"Feature","properties":{"t":1,"n":1},"geometry":{"type":"LineString","coordinates":[[-71.45021,44.12215],[-71.45113,44.12298],[-71.45104,44.12337]]}},{"type":"Feature","properties":{"t":294,"n":0},"geometry":{"type":"LineString","coordinates":[[-71.47108,44.17073],[-71.47212,44.16934],[-71.47222,44.16873],[-71.47388,44.16862],[-71.47442,44.16899],[-71.47649,44.16793],[-71.47749,44.16679],[-71.47766,44.16683],[-71.4802,44.16498],[-71.48239,44.16412],[-71.48338,44.16337],[-71.4841,44.16255],[-71.48411,44.16184],[-71.48495,44.16074],[-71.48641,44.16035],[-71.48725,44.15971]]}},{"type":"Feature","properties":{"t":316,"n":0},"geometry":{"type":"LineString","coordinates":[[-71.4131,44.00195],[-71.41358,44.00135]]}},{"type":"Feature","properties":{"t":316,"n":0},"geometry":{"type":"LineString","coordinates":[[-71.41358,44.00135],[-71.41442,44.00131]]}},{"type":"Feature","properties":{"t":316,"n":0},"geometry":{"type":"LineString","coordinates":[[-71.41442,44.00131],[-71.41688,44.00146]]}},{"type":"Feature","properties":{"t":532,"n":0},"geometry":{"type":"LineString","coordinates":[[-71.35746,44.01896],[-71.35731,44.01949],[-71.35786,44.02043],[-71.3574,44.02149],[-71.35775,44.02203],[-71.35734,44.02235],[-71.35661,44.02239],[-71.35603,44.02337],[-71.35557,44.02365]]}},{"type":"Feature","properties":{"t":310,"n":0},"geometry":{"type":"LineString","coordinates":[[-71.35557,44.02365],[-71.3539,44.02406],[-71.35314,44.02405],[-71.35231,44.02376],[-71.35062,44.02274],[-71.34952,44.02243],[-71.34834,44.02237],[-71.34775,44.02159],[-71.34563,44.02101],[-71.34431,44.02107],[-71.34341,44.02085],[-71.34194,44.01999],[-71.34053,44.01874],[-71.3386,44.01747]]}},{"type":"Feature","properties":{"t":279,"n":0},"geometry":{"type":"LineString","coordinates":[[-71.4459,44.06067],[-71.44226,44.06058],[-71.43972,44.06008],[-71.43747,44.05999],[-71.43668,44.05921],[-71.4333,44.05823],[-71.42915,44.0556],[-71.42792,44.05382],[-71.42769,44.05293],[-71.42623,44.05181]]}},{"type":"Feature","properties":{"t":273,"n":0},"geometry":{"type":"LineString","coordinates":[[-71.26177,44.1333],[-71.26205,44.13321]]}},{"type":"Feature","properties":{"t":273,"n":0},"geometry":{"type":"LineString","coordinates":[[-71.2624,44.13326],[-71.26462,44.13571],[-71.26745,44.1372],[-71.27321,44.14269]]}},{"type":"Feature","properties":{"t":273,"n":0},"geometry":{"type":"LineString","coordinates":[[-71.27321,44.14269],[-71.27475,44.14341],[-71.27519,44.14467]]}},{"type":"Feature","properties":{"t":273,"n":0},"geometry":{"type":"LineString","coordinates":[[-71.27519,44.14467],[-71.27716,44.14678],[-71.27872,44.14898]]}},{"type":"Feature","properties":{"t":273,"n":0},"geometry":{"type":"LineString","coordinates":[[-71.27872,44.14898],[-71.27988,44.14955],[-71.28034,44.15005],[-71.28031,44.15047]]}},{"type":"Feature","properties":{"t":273,"n":0},"geometry":{"type":"LineString","coordinates":[[-71.28031,44.15047],[-71.28224,44.15188],[-71.28482,44.15272],[-71.28603,44.15347],[-71.28658,44.15462],[-71.28799,44.15655]]}},{"type":"Feature","properties":{"t":273,"n":0},"geometry":{"type":"LineString","coordinates":[[-71.28799,44.15655],[-71.28855,44.15684],[-71.28849,44.15761]]}},{"type":"Feature","properties":{"t":135,"n":1},"geometry":{"type":"LineString","coordinates":[[-71.30685,44.22589],[-71.30642,44.22539]]}},{"type":"Feature","properties":{"t":135,"n":0},"geometry":{"type":"LineString","coordinates":[[-71.30642,44.22539],[-71.30614,44.22511],[-71.30588,44.22514],[-71.30453,44.22611],[-71.30321,44.22593],[-71.30191,44.22615],[-71.30145,44.22593],[-71.30013,44.2258],[-71.29883,44.22525],[-71.2979,44.22441],[-71.2973,44.2242],[-71.29706,44.22371],[-71.29623,44.22331],[-71.29425,44.22125],[-71.29323,44.22055],[-71.29292,44.21989],[-71.29182,44.21926],[-71.29129,44.21852],[-71.29109,44.21769]]}},{"type":"Feature","properties":{"t":133,"n":1},"geometry":{"type":"LineString","coordinates":[[-71.35293,44.17557],[-71.35371,44.17474],[-71.35374,44.17446],[-71.35344,44.17442],[-71.35325,44.17415]]}},{"type":"Feature","properties":{"t":133,"n":1},"geometry":{"type":"LineString","coordinates":[[-71.33527,44.21413],[-71.33533,44.21362],[-71.33619,44.21214],[-71.33702,44.21143],[-71.33726,44.21093],[-71.33846,44.21045],[-71.33917,44.20977],[-71.33953,44.20893],[-71.33952,44.20762],[-71.33905,44.20592],[-71.33942,44.20567],[-71.33896,44.20422],[-71.33908,44.20388],[-71.3384,44.20297],[-71.33822,44.20182]]}},{"type":"Feature","properties":{"t":133,"n":1},"geometry":{"type":"LineString","coordinates":[[-71.35217,44.1762],[-71.35234,44.1762]]}},{"type":"Feature","properties":{"t":273,"n":0},"geometry":{"type":"LineString","coordinates":[[-71.26121,44.13333],[-71.26177,44.1333]]}},{"type":"Feature","properties":{"t":273,"n":0},"geometry":{"type":"LineString","coordinates":[[-71.26205,44.13321],[-71.2624,44.13326]]}},{"type":"Feature","properties":{"t":473,"n":0},"geometry":{"type":"LineString","coordinates":[[-71.25928,44.1496],[-71.25873,44.14885],[-71.25898,44.14788],[-71.25879,44.14673],[-71.25797,44.14548],[-71.25648,44.14439],[-71.25661,44.14382],[-71.25732,44.14316],[-71.25715,44.1426],[-71.25755,44.14168],[-71.25714,44.14055],[-71.25764,44.13952],[-71.25753,44.13901],[-71.25865,44.13787],[-71.25986,44.13784],[-71.26061,44.138],[-71.26271,44.13921],[-71.2636,44.13917],[-71.26538,44.13849]]}},{"type":"Feature","properties":{"t":688,"n":0},"geometry":{"type":"LineString","coordinates":[[-71.26457,44.13724],[-71.26563,44.13803],[-71.26538,44.13849]]}},{"type":"Feature","properties":{"t":688,"n":0},"geometry":{"type":"LineString","coordinates":[[-71.2636,44.13642],[-71.2626,44.13587],[-71.26252,44.13529],[-71.26193,44.1344],[-71.26067,44.13323]]}},{"type":"Feature","properties":{"t":273,"n":0},"geometry":{"type":"LineString","coordinates":[[-71.26111,44.13333],[-71.26121,44.13333]]}},{"type":"Feature","properties":{"t":577,"n":0},"geometry":{"type":"LineString","coordinates":[[-71.26067,44.13323],[-71.26111,44.13333]]}},{"type":"Feature","properties":{"t":577,"n":0},"geometry":{"type":"LineString","coordinates":[[-71.24239,44.1144],[-71.24445,44.11468],[-71.24665,44.11596],[-71.24886,44.11646],[-71.24991,44.11708],[-71.2511,44.11741],[-71.25208,44.11802],[-71.2527,44.11942],[-71.25356,44.12041],[-71.25345,44.12057]]}},{"type":"Feature","properties":{"t":273,"n":0},"geometry":{"type":"LineString","coordinates":[[-71.28849,44.15761],[-71.28956,44.15894],[-71.2902,44.1604],[-71.28978,44.16291],[-71.28898,44.16425]]}},{"type":"Feature","properties":{"t":273,"n":0},"geometry":{"type":"LineString","coordinates":[[-71.28898,44.16425],[-71.28847,44.16554],[-71.28856,44.16655],[-71.28759,44.16681]]}},{"type":"Feature","properties":{"t":273,"n":0},"geometry":{"type":"LineString","coordinates":[[-71.29596,44.19396],[-71.29383,44.19633],[-71.29365,44.1989],[-71.29403,44.19998],[-71.29375,44.20155]]}},{"type":"Feature","properties":{"t":273,"n":0},"geometry":{"type":"LineString","coordinates":[[-71.29666,44.19334],[-71.29656,44.19375],[-71.29596,44.19396]]}},{"type":"Feature","properties":{"t":273,"n":0},"geometry":{"type":"LineString","coordinates":[[-71.29847,44.18992],[-71.29898,44.19089],[-71.29895,44.19147],[-71.29833,44.19254],[-71.29666,44.19334]]}},{"type":"Feature","properties":{"t":273,"n":0},"geometry":{"type":"LineString","coordinates":[[-71.29511,44.18523],[-71.2967,44.18568],[-71.29766,44.18659],[-71.29809,44.18744],[-71.2979,44.1885],[-71.29869,44.18937],[-71.29847,44.1895],[-71.29847,44.18992]]}},{"type":"Feature","properties":{"t":273,"n":0},"geometry":{"type":"LineString","coordinates":[[-71.2932,44.17947],[-71.29306,44.1803],[-71.29176,44.18114],[-71.29149,44.18172],[-71.29255,44.18314],[-71.29405,44.18378],[-71.29445,44.18416],[-71.29511,44.18523]]}},{"type":"Feature","properties":{"t":273,"n":0},"geometry":{"type":"LineString","coordinates":[[-71.29201,44.17766],[-71.29297,44.17838],[-71.29333,44.17919],[-71.2932,44.17947]]}},{"type":"Feature","properties":{"t":273,"n":0},"geometry":{"type":"LineString","coordinates":[[-71.29086,44.17412],[-71.29116,44.17569],[-71.29201,44.17766]]}},{"type":"Feature","properties":{"t":273,"n":0},"geometry":{"type":"LineString","coordinates":[[-71.2897,44.17284],[-71.29061,44.17319],[-71.29101,44.17378],[-71.29086,44.17412]]}},{"type":"Feature","properties":{"t":481,"n":0},"geometry":{"type":"LineString","coordinates":[[-71.2665,44.13068],[-71.26564,44.13076],[-71.26564,44.13146],[-71.26484,44.13224],[-71.2642,44.1333],[-71.26448,44.13423],[-71.26655,44.13578],[-71.26664,44.13639],[-71.26633,44.13657]]}},{"type":"Feature","properties":{"t":481,"n":0},"geometry":{"type":"LineString","coordinates":[[-71.2665,44.13068],[-71.26695,44.13097],[-71.26784,44.13108],[-71.26847,44.13137],[-71.26956,44.13232],[-71.26977,44.13303],[-71.27005,44.13323],[-71.27039,44.13312],[-71.27245,44.13331],[-71.27331,44.1331],[-71.27444,44.13316],[-71.27638,44.13396],[-71.27863,44.13456]]}},{"type":"Feature","properties":{"t":238,"n":1},"geometry":{"type":"LineString","coordinates":[[-71.35229,44.08592],[-71.35234,44.08589]]}},{"type":"Feature","properties":{"t":238,"n":0},"geometry":{"type":"LineString","coordinates":[[-71.35234,44.08589],[-71.35429,44.08488],[-71.35625,44.08464],[-71.35732,44.08413]]}},{"type":"Feature","properties":{"t":133,"n":1},"geometry":{"type":"LineString","coordinates":[[-71.33796,44.20058],[-71.33806,44.19999],[-71.33758,44.19911],[-71.33748,44.19816],[-71.33793,44.19656],[-71.33851,44.19553],[-71.33967,44.19526],[-71.33979,44.1951]]}},{"type":"Feature","properties":{"t":133,"n":1},"geometry":{"type":"LineString","coordinates":[[-71.33979,44.1951],[-71.34115,44.19244],[-71.34269,44.19187],[-71.34427,44.19023],[-71.34501,44.18979]]}},{"type":"Feature","properties":{"t":217,"n":0},"geometry":{"type":"LineString","coordinates":[[-71.34472,44.19096],[-71.34499,44.19018]]}},{"type":"Feature","properties":{"t":217,"n":1},"geometry":{"type":"LineString","coordinates":[[-71.34499,44.19018],[-71.34501,44.18979]]}},{"type":"Feature","properties":{"t":217,"n":0},"geometry":{"type":"LineString","coordinates":[[-71.34377,44.19192],[-71.34448,44.1914],[-71.34472,44.19096]]}},{"type":"Feature","properties":{"t":133,"n":1},"geometry":{"type":"LineString","coordinates":[[-71.34501,44.18979],[-71.3452,44.18907]]}},{"type":"Feature","properties":{"t":133,"n":1},"geometry":{"type":"LineString","coordinates":[[-71.3452,44.18907],[-71.34529,44.18829],[-71.34579,44.18789]]}},{"type":"Feature","properties":{"t":133,"n":1},"geometry":{"type":"LineString","coordinates":[[-71.34579,44.18789],[-71.34684,44.18576]]}},{"type":"Feature","properties":{"t":133,"n":1},"geometry":{"type":"LineString","coordinates":[[-71.34684,44.18576],[-71.34661,44.18498],[-71.34689,44.1844],[-71.34762,44.1839]]}},{"type":"Feature","properties":{"t":133,"n":1},"geometry":{"type":"LineString","coordinates":[[-71.34762,44.1839],[-71.34825,44.18317]]}},{"type":"Feature","properties":{"t":133,"n":1},"geometry":{"type":"LineString","coordinates":[[-71.35253,44.17623],[-71.35286,44.17575]]}},{"type":"Feature","properties":{"t":133,"n":1},"geometry":{"type":"LineString","coordinates":[[-71.35286,44.17575],[-71.35293,44.17557]]}},{"type":"Feature","properties":{"t":133,"n":1},"geometry":{"type":"LineString","coordinates":[[-71.35325,44.17415],[-71.35348,44.17362],[-71.35327,44.17288],[-71.35244,44.17191]]}},{"type":"Feature","properties":{"t":133,"n":1},"geometry":{"type":"LineString","coordinates":[[-71.35244,44.17191],[-71.35232,44.17121]]}},{"type":"Feature","properties":{"t":133,"n":1},"geometry":{"type":"LineString","coordinates":[[-71.35232,44.17121],[-71.35332,44.17023],[-71.35445,44.16857],[-71.35431,44.16749]]}},{"type":"Feature","properties":{"t":59,"n":7},"geometry":{"type":"LineString","coordinates":[[-71.34461,44.24253],[-71.34499,44.24247]]}},{"type":"Feature","properties":{"t":133,"n":0},"geometry":{"type":"LineString","coordinates":[[-71.33452,44.21734],[-71.33509,44.21483]]}},{"type":"Feature","properties":{"t":133,"n":1},"geometry":{"type":"LineString","coordinates":[[-71.33509,44.21483],[-71.33527,44.21413]]}},{"type":"Feature","properties":{"t":170,"n":1},"geometry":{"type":"LineString","coordinates":[[-71.30685,44.22589],[-71.30711,44.22519]]}},{"type":"Feature","properties":{"t":180,"n":0},"geometry":{"type":"LineString","coordinates":[[-71.47672,44.21644],[-71.47659,44.21781],[-71.47803,44.22073],[-71.47781,44.22192],[-71.47841,44.22321],[-71.47863,44.22464]]}},{"type":"Feature","properties":{"t":180,"n":0},"geometry":{"type":"LineString","coordinates":[[-71.4803,44.20633],[-71.47978,44.20666],[-71.47967,44.20767],[-71.479,44.20911],[-71.47907,44.2095]]}},{"type":"Feature","properties":{"t":180,"n":0},"geometry":{"type":"LineString","coordinates":[[-71.47907,44.2095],[-71.4792,44.21034],[-71.47897,44.21115],[-71.47805,44.21212],[-71.47707,44.21274]]}},{"type":"Feature","properties":{"t":180,"n":0},"geometry":{"type":"LineString","coordinates":[[-71.47707,44.21274],[-71.47683,44.21341],[-71.47557,44.21439]]}},{"type":"Feature","properties":{"t":214,"n":0},"geometry":{"type":"LineString","coordinates":[[-71.47698,44.22839],[-71.47693,44.22801],[-71.47719,44.2277]]}},{"type":"Feature","properties":{"t":214,"n":0},"geometry":{"type":"LineString","coordinates":[[-71.47719,44.2277],[-71.47713,44.22584]]}},{"type":"Feature","properties":{"t":811,"n":0},"geometry":{"type":"LineString","coordinates":[[-71.47873,44.22964],[-71.47746,44.22923]]}},{"type":"Feature","properties":{"t":811,"n":0},"geometry":{"type":"LineString","coordinates":[[-71.47746,44.22923],[-71.47736,44.22898]]}},{"type":"Feature","properties":{"t":180,"n":0},"geometry":{"type":"LineString","coordinates":[[-71.47557,44.21439],[-71.47663,44.21527],[-71.47686,44.2159],[-71.47672,44.21644]]}},{"type":"Feature","properties":{"t":498,"n":0},"geometry":{"type":"LineString","coordinates":[[-71.47698,44.22839],[-71.4774,44.22859],[-71.47736,44.22898]]}},{"type":"Feature","properties":{"t":591,"n":0},"geometry":{"type":"LineString","coordinates":[[-71.48211,44.21795],[-71.48152,44.22019],[-71.4812,44.22049],[-71.48069,44.22056],[-71.48056,44.22088],[-71.48279,44.22318],[-71.48228,44.2234],[-71.48005,44.22327],[-71.47981,44.22343],[-71.48037,44.22394],[-71.47915,44.22399],[-71.47873,44.22432]]}},{"type":"Feature","properties":{"t":180,"n":0},"geometry":{"type":"LineString","coordinates":[[-71.48287,44.20571],[-71.48092,44.20577]]}},{"type":"Feature","properties":{"t":180,"n":0},"geometry":{"type":"LineString","coordinates":[[-71.4856,44.20534],[-71.4849,44.20542]]}},{"type":"Feature","properties":{"t":180,"n":1},"geometry":{"type":"LineString","coordinates":[[-71.49032,44.1985],[-71.49038,44.19863]]}},{"type":"Feature","properties":{"t":180,"n":1},"geometry":{"type":"LineString","coordinates":[[-71.49035,44.19572],[-71.49055,44.19784],[-71.49032,44.1985]]}},{"type":"Feature","properties":{"t":617,"n":0},"geometry":{"type":"LineString","coordinates":[[-71.41499,44.22055],[-71.41502,44.2214],[-71.41586,44.2219]]}},{"type":"Feature","properties":{"t":273,"n":0},"geometry":{"type":"LineString","coordinates":[[-71.2895,44.17258],[-71.2897,44.17284]]}},{"type":"Feature","properties":{"t":153,"n":0},"geometry":{"type":"LineString","coordinates":[[-71.2525,44.24374],[-71.25233,44.24401]]}},{"type":"Feature","properties":{"t":180,"n":0},"geometry":{"type":"LineString","coordinates":[[-71.48031,44.20622],[-71.4803,44.20633]]}},{"type":"Feature","properties":{"t":180,"n":0},"geometry":{"type":"LineString","coordinates":[[-71.48092,44.20577],[-71.48031,44.20622]]}},{"type":"Feature","properties":{"t":180,"n":0},"geometry":{"type":"LineString","coordinates":[[-71.48311,44.20578],[-71.48287,44.20571]]}},{"type":"Feature","properties":{"t":180,"n":0},"geometry":{"type":"LineString","coordinates":[[-71.4849,44.20542],[-71.48311,44.20578]]}},{"type":"Feature","properties":{"t":87,"n":7},"geometry":{"type":"LineString","coordinates":[[-71.3322,44.24931],[-71.33181,44.24926]]}},{"type":"Feature","properties":{"t":87,"n":5},"geometry":{"type":"LineString","coordinates":[[-71.33181,44.24926],[-71.33173,44.24926]]}},{"type":"Feature","properties":{"t":87,"n":4},"geometry":{"type":"LineString","coordinates":[[-71.33173,44.24926],[-71.3315,44.24935]]}},{"type":"Feature","properties":{"t":87,"n":5},"geometry":{"type":"LineString","coordinates":[[-71.3315,44.24935],[-71.33142,44.24939]]}},{"type":"Feature","properties":{"t":87,"n":4},"geometry":{"type":"LineString","coordinates":[[-71.33142,44.24939],[-71.33079,44.24922]]}},{"type":"Feature","properties":{"t":133,"n":1},"geometry":{"type":"LineString","coordinates":[[-71.33799,44.20152],[-71.33796,44.20058]]}},{"type":"Feature","properties":{"t":133,"n":1},"geometry":{"type":"LineString","coordinates":[[-71.33822,44.20182],[-71.33799,44.20152]]}},{"type":"Feature","properties":{"t":741,"n":0},"geometry":{"type":"LineString","coordinates":[[-71.41154,44.22755],[-71.41321,44.22654],[-71.41327,44.22552],[-71.41349,44.22525],[-71.41406,44.22524]]}},{"type":"Feature","properties":{"t":592,"n":0},"geometry":{"type":"LineString","coordinates":[[-71.40538,44.23807],[-71.40603,44.23768],[-71.40564,44.23666],[-71.40658,44.23488],[-71.40774,44.23427],[-71.40983,44.2338],[-71.41213,44.23289],[-71.41251,44.23326],[-71.41322,44.23346],[-71.41389,44.23349],[-71.4149,44.23324]]}},{"type":"Feature","properties":{"t":654,"n":0},"geometry":{"type":"LineString","coordinates":[[-71.4212,44.23724],[-71.42012,44.23618],[-71.42022,44.23487],[-71.41963,44.23449]]}},{"type":"Feature","properties":{"t":680,"n":0},"geometry":{"type":"LineString","coordinates":[[-71.41154,44.22755],[-71.41165,44.22812],[-71.41118,44.22874],[-71.41174,44.22932],[-71.41201,44.22999],[-71.41274,44.23056],[-71.41251,44.23144],[-71.41284,44.2321],[-71.41268,44.23256],[-71.41213,44.23289]]}},{"type":"Feature","properties":{"t":724,"n":0},"geometry":{"type":"LineString","coordinates":[[-71.41406,44.22524],[-71.4138,44.2249],[-71.41269,44.225],[-71.41223,44.2254],[-71.41192,44.22583],[-71.41154,44.22755]]}},{"type":"Feature","properties":{"t":415,"n":0},"geometry":{"type":"LineString","coordinates":[[-71.29328,44.06167],[-71.29199,44.06342],[-71.28937,44.06514],[-71.28808,44.06529],[-71.28537,44.06486],[-71.28405,44.06505],[-71.28353,44.06537],[-71.28285,44.06688],[-71.2825,44.06701]]}},{"type":"Feature","properties":{"t":180,"n":0},"geometry":{"type":"LineString","coordinates":[[-71.48566,44.20518],[-71.4856,44.20534]]}},{"type":"Feature","properties":{"t":164,"n":0},"geometry":{"type":"LineString","coordinates":[[-71.40871,44.2178],[-71.40871,44.21832],[-71.40918,44.21862],[-71.40989,44.21875]]}},{"type":"Feature","properties":{"t":164,"n":1},"geometry":{"type":"LineString","coordinates":[[-71.40989,44.21875],[-71.41005,44.21879]]}},{"type":"Feature","properties":{"t":164,"n":4},"geometry":{"type":"LineString","coordinates":[[-71.41005,44.21879],[-71.41048,44.21888]]}},{"type":"Feature","properties":{"t":164,"n":0},"geometry":{"type":"LineString","coordinates":[[-71.40843,44.2171],[-71.40841,44.21715]]}},{"type":"Feature","properties":{"t":164,"n":0},"geometry":{"type":"LineString","coordinates":[[-71.40841,44.21715],[-71.40837,44.21725]]}},{"type":"Feature","properties":{"t":164,"n":0},"geometry":{"type":"LineString","coordinates":[[-71.40837,44.21725],[-71.40869,44.21776]]}},{"type":"Feature","properties":{"t":164,"n":0},"geometry":{"type":"LineString","coordinates":[[-71.40869,44.21776],[-71.40871,44.2178]]}},{"type":"Feature","properties":{"t":17,"n":1},"geometry":{"type":"LineString","coordinates":[[-71.47898,44.20055],[-71.48085,44.20083],[-71.48635,44.20086],[-71.48817,44.19998],[-71.48877,44.19899],[-71.49036,44.19891]]}},{"type":"Feature","properties":{"t":17,"n":1},"geometry":{"type":"LineString","coordinates":[[-71.47883,44.20057],[-71.47898,44.20055]]}},{"type":"Feature","properties":{"t":214,"n":0},"geometry":{"type":"LineString","coordinates":[[-71.47327,44.21193],[-71.47342,44.21179]]}},{"type":"Feature","properties":{"t":214,"n":0},"geometry":{"type":"LineString","coordinates":[[-71.47713,44.22584],[-71.47616,44.22471],[-71.47649,44.22363],[-71.47637,44.22322],[-71.47514,44.2223],[-71.47437,44.222],[-71.47343,44.22018],[-71.47398,44.21532],[-71.4738,44.21453],[-71.4731,44.21339],[-71.47327,44.21193]]}},{"type":"Feature","properties":{"t":179,"n":0},"geometry":{"type":"LineString","coordinates":[[-71.42734,44.17682],[-71.42683,44.17715]]}},{"type":"Feature","properties":{"t":179,"n":0},"geometry":{"type":"LineString","coordinates":[[-71.42733,44.17672],[-71.42734,44.17682]]}},{"type":"Feature","properties":{"t":203,"n":0},"geometry":{"type":"LineString","coordinates":[[-71.41257,44.21573],[-71.41537,44.21515]]}},{"type":"Feature","properties":{"t":203,"n":0},"geometry":{"type":"LineString","coordinates":[[-71.41558,44.21508],[-71.41771,44.21378],[-71.41768,44.21342],[-71.41697,44.21303],[-71.41655,44.21212]]}},{"type":"Feature","properties":{"t":203,"n":0},"geometry":{"type":"LineString","coordinates":[[-71.41537,44.21515],[-71.41558,44.21508]]}},{"type":"Feature","properties":{"t":203,"n":0},"geometry":{"type":"LineString","coordinates":[[-71.41655,44.21212],[-71.41729,44.21146],[-71.41726,44.21104]]}},{"type":"Feature","properties":{"t":203,"n":2},"geometry":{"type":"LineString","coordinates":[[-71.41269,44.21729],[-71.41273,44.21696]]}},{"type":"Feature","properties":{"t":203,"n":1},"geometry":{"type":"LineString","coordinates":[[-71.41273,44.21696],[-71.41275,44.21688]]}},{"type":"Feature","properties":{"t":203,"n":0},"geometry":{"type":"LineString","coordinates":[[-71.41275,44.21688],[-71.41284,44.21652],[-71.41234,44.21591],[-71.41257,44.21573]]}},{"type":"Feature","properties":{"t":425,"n":0},"geometry":{"type":"LineString","coordinates":[[-71.09978,44.12019],[-71.1026,44.12028],[-71.10624,44.12102],[-71.11213,44.12096],[-71.1134,44.12128],[-71.11429,44.12111],[-71.11754,44.12187],[-71.12057,44.12111],[-71.1213,44.12121],[-71.12261,44.12104],[-71.12356,44.12055],[-71.1254,44.12005],[-71.1265,44.12102],[-71.12628,44.12179],[-71.12703,44.12207],[-71.12824,44.12213],[-71.12854,44.12286],[-71.12972,44.12267]]}},{"type":"Feature","properties":{"t":499,"n":0},"geometry":{"type":"LineString","coordinates":[[-71.02367,44.12503],[-71.02286,44.12546],[-71.01991,44.12776],[-71.019,44.1292],[-71.01714,44.13136],[-71.01244,44.13429],[-71.01133,44.13548],[-71.01083,44.13582],[-71.01015,44.13596],[-71.00905,44.13598],[-71.00826,44.1358]]}},{"type":"Feature","properties":{"t":405,"n":0},"geometry":{"type":"LineString","coordinates":[[-71.1502,44.20281],[-71.15321,44.20344],[-71.15448,44.2048],[-71.15634,44.20551],[-71.15815,44.20503],[-71.15886,44.2044],[-71.15998,44.20396],[-71.1606,44.20261]]}},{"type":"Feature","properties":{"t":578,"n":0},"geometry":{"type":"LineString","coordinates":[[-71.1421,44.19445],[-71.14125,44.19438],[-71.13912,44.19461],[-71.1385,44.19432],[-71.13812,44.19354],[-71.13579,44.1923],[-71.13409,44.19193],[-71.1311,44.19174],[-71.12993,44.18994]]}},{"type":"Feature","properties":{"t":315,"n":0},"geometry":{"type":"LineString","coordinates":[[-71.14149,44.19652],[-71.13989,44.19982],[-71.13959,44.20087],[-71.13958,44.20244],[-71.13898,44.20276],[-71.13735,44.20309],[-71.13637,44.20362],[-71.13515,44.20516],[-71.13325,44.20607],[-71.13302,44.20665],[-71.13311,44.20787],[-71.13225,44.20941],[-71.13103,44.21035],[-71.13012,44.21076],[-71.12944,44.21081]]}},{"type":"Feature","properties":{"t":482,"n":0},"geometry":{"type":"LineString","coordinates":[[-71.13634,44.22101],[-71.13727,44.22062],[-71.1384,44.22061],[-71.14155,44.22139],[-71.14252,44.22087],[-71.14352,44.22088],[-71.14399,44.2211],[-71.14685,44.22407],[-71.1478,44.22415],[-71.15081,44.22169],[-71.15135,44.22146],[-71.15153,44.21955],[-71.15205,44.21758]]}},{"type":"Feature","properties":{"t":597,"n":0},"geometry":{"type":"LineString","coordinates":[[-71.099,44.13104],[-71.09901,44.13047],[-71.10011,44.13007],[-71.10224,44.12965],[-71.10605,44.12989],[-71.1069,44.12902],[-71.10925,44.1279],[-71.10958,44.12686]]}},{"type":"Feature","properties":{"t":394,"n":0},"geometry":{"type":"LineString","coordinates":[[-71.02634,44.08709],[-71.02702,44.08773],[-71.02717,44.08842],[-71.02807,44.08991],[-71.02871,44.09041],[-71.02858,44.09163],[-71.02876,44.09197],[-71.02979,44.09191],[-71.0302,44.09212],[-71.03101,44.09286],[-71.03126,44.09379],[-71.03174,44.09437],[-71.03239,44.09455],[-71.03362,44.09433],[-71.03472,44.09474],[-71.03688,44.09519],[-71.0379,44.0965],[-71.03846,44.09662],[-71.03904,44.09626],[-71.03937,44.09627],[-71.04056,44.0977],[-71.04138,44.09809],[-71.04299,44.09802],[-71.04382,44.09881],[-71.04507,44.09949],[-71.04646,44.09966],[-71.04774,44.10038],[-71.05012,44.10083],[-71.05049,44.10114],[-71.05062,44.10174],[-71.05004,44.10217],[-71.04912,44.1024],[-71.04861,44.10291]]}},{"type":"Feature","properties":{"t":130,"n":1},"geometry":{"type":"LineString","coordinates":[[-71.18964,44.22199],[-71.18906,44.22176]]}},{"type":"Feature","properties":{"t":130,"n":0},"geometry":{"type":"LineString","coordinates":[[-71.18906,44.22176],[-71.18869,44.22096],[-71.18711,44.22022],[-71.18628,44.22004],[-71.18467,44.22035]]}},{"type":"Feature","properties":{"t":130,"n":2},"geometry":{"type":"LineString","coordinates":[[-71.18467,44.22035],[-71.18383,44.22005]]}},{"type":"Feature","properties":{"t":130,"n":0},"geometry":{"type":"LineString","coordinates":[[-71.18383,44.22005],[-71.18252,44.21909],[-71.18252,44.21823],[-71.18204,44.2177],[-71.18188,44.21629],[-71.18259,44.21334]]}},{"type":"Feature","properties":{"t":325,"n":0},"geometry":{"type":"LineString","coordinates":[[-71.17234,44.06552],[-71.17264,44.06521],[-71.17272,44.06451],[-71.17269,44.06222],[-71.17467,44.06171],[-71.17578,44.06165],[-71.17801,44.06074],[-71.17917,44.06059],[-71.18063,44.05934],[-71.18074,44.05891],[-71.18137,44.05865],[-71.18295,44.0584],[-71.18415,44.05784],[-71.18427,44.0575],[-71.18386,44.05643],[-71.18493,44.05567],[-71.18513,44.05467],[-71.18707,44.05194],[-71.18739,44.05082],[-71.18792,44.05012],[-71.18574,44.04782]]}},{"type":"Feature","properties":{"t":384,"n":0},"geometry":{"type":"LineString","coordinates":[[-71.0802,44.18209],[-71.07921,44.18249],[-71.07674,44.18277],[-71.07493,44.18359],[-71.07303,44.18411],[-71.07257,44.18462],[-71.07274,44.18603],[-71.07365,44.18788],[-71.07302,44.18964],[-71.07088,44.19302],[-71.06982,44.19373],[-71.0691,44.19451],[-71.06894,44.19525],[-71.06667,44.19606],[-71.06629,44.19662],[-71.0662,44.19754],[-71.06674,44.19785],[-71.06698,44.19841],[-71.06744,44.19874],[-71.06731,44.19943],[-71.0687,44.20054],[-71.06913,44.20201]]}},{"type":"Feature","properties":{"t":649,"n":0},"geometry":{"type":"LineString","coordinates":[[-71.05914,44.1924],[-71.05944,44.194],[-71.06119,44.19488],[-71.06181,44.19554],[-71.06289,44.19622],[-71.06639,44.19624]]}},{"type":"Feature","properties":{"t":384,"n":0},"geometry":{"type":"LineString","coordinates":[[-71.0802,44.18209],[-71.08307,44.18103],[-71.08505,44.17945]]}},{"type":"Feature","properties":{"t":472,"n":0},"geometry":{"type":"LineString","coordinates":[[-71.04143,44.10165],[-71.04316,44.1032],[-71.04534,44.10319],[-71.04617,44.10429],[-71.04737,44.10452],[-71.04786,44.10498],[-71.04781,44.10583],[-71.04806,44.10634],[-71.04951,44.10828],[-71.04936,44.10935],[-71.05016,44.11016],[-71.05095,44.11317],[-71.0519,44.11452],[-71.0528,44.11509],[-71.05327,44.11512],[-71.05429,44.11455]]}},{"type":"Feature","properties":{"t":742,"n":0},"geometry":{"type":"LineString","coordinates":[[-71.08873,44.16155],[-71.08915,44.1614],[-71.09095,44.16153],[-71.09325,44.16202]]}},{"type":"Feature","properties":{"t":401,"n":0},"geometry":{"type":"LineString","coordinates":[[-71.08029,44.12407],[-71.08065,44.12389],[-71.08121,44.12452],[-71.0821,44.12488],[-71.08164,44.12614],[-71.08328,44.12693],[-71.08392,44.12774],[-71.08484,44.12791],[-71.08533,44.12887],[-71.0873,44.12892],[-71.08937,44.12945],[-71.09196,44.12919],[-71.09707,44.13067],[-71.099,44.13104],[-71.10099,44.13168],[-71.10184,44.13224],[-71.10315,44.13208],[-71.10485,44.13272],[-71.10661,44.13261],[-71.10838,44.13318],[-71.11052,44.13323],[-71.11146,44.13394]]}},{"type":"Feature","properties":{"t":423,"n":0},"geometry":{"type":"LineString","coordinates":[[-71.03565,44.15688],[-71.03628,44.15716],[-71.03719,44.15812],[-71.03746,44.15938],[-71.03718,44.16225],[-71.03723,44.16282],[-71.0376,44.16328]]}},{"type":"Feature","properties":{"t":531,"n":0},"geometry":{"type":"LineString","coordinates":[[-71.09703,44.16035],[-71.09667,44.15901],[-71.09619,44.15849],[-71.09366,44.15684],[-71.09317,44.15619],[-71.09108,44.15472],[-71.08927,44.15237],[-71.08743,44.15139],[-71.08638,44.15051],[-71.08468,44.14993]]}},{"type":"Feature","properties":{"t":263,"n":0},"geometry":{"type":"LineString","coordinates":[[-71.04053,44.0828],[-71.04114,44.08238],[-71.04456,44.08239],[-71.04496,44.08288],[-71.04697,44.08365],[-71.04795,44.08368],[-71.0493,44.0842],[-71.04969,44.08495],[-71.05045,44.08518],[-71.05067,44.08613],[-71.05109,44.08644]]}},{"type":"Feature","properties":{"t":421,"n":0},"geometry":{"type":"LineString","coordinates":[[-71.06333,44.07972],[-71.0592,44.0784],[-71.0586,44.0779],[-71.05767,44.07803],[-71.05619,44.07794],[-71.05533,44.07826],[-71.05362,44.07785],[-71.05321,44.07812],[-71.05325,44.07843],[-71.05427,44.07972],[-71.05554,44.0808],[-71.0552,44.08161],[-71.0542,44.08237],[-71.053,44.08265],[-71.05098,44.08261],[-71.04782,44.08086],[-71.04686,44.08078],[-71.0407,44.08111],[-71.04014,44.08138],[-71.04036,44.08189]]}},{"type":"Feature","properties":{"t":593,"n":0},"geometry":{"type":"LineString","coordinates":[[-71.03296,44.11877],[-71.03243,44.1185],[-71.03036,44.11832],[-71.02992,44.11775],[-71.02905,44.11727],[-71.02653,44.11627],[-71.0259,44.11575],[-71.02517,44.11558],[-71.02509,44.11608],[-71.02632,44.11751],[-71.02682,44.11854],[-71.02677,44.11892]]}},{"type":"Feature","properties":{"t":574,"n":0},"geometry":{"type":"LineString","coordinates":[[-71.06913,44.20201],[-71.07013,44.20272],[-71.07035,44.20383],[-71.07079,44.20437],[-71.0715,44.20459],[-71.0723,44.20411],[-71.07281,44.20442],[-71.07282,44.20544],[-71.07354,44.20846],[-71.07495,44.20832],[-71.07668,44.20756]]}},{"type":"Feature","properties":{"t":378,"n":0},"geometry":{"type":"LineString","coordinates":[[-71.1142,44.21791],[-71.11473,44.21698],[-71.11675,44.21543],[-71.11733,44.21397],[-71.11784,44.21339],[-71.11793,44.21271],[-71.11846,44.21198],[-71.12311,44.20823],[-71.12375,44.20669],[-71.12367,44.20593],[-71.12388,44.20539],[-71.12462,44.2048],[-71.12512,44.20392],[-71.12591,44.20343],[-71.12606,44.20282],[-71.12653,44.20242],[-71.1265,44.20029],[-71.12695,44.19812],[-71.12668,44.19651],[-71.12703,44.19514],[-71.12652,44.19424],[-71.12652,44.19293],[-71.12806,44.19177],[-71.12923,44.1913],[-71.12944,44.19071],[-71.12996,44.19016]]}},{"type":"Feature","properties":{"t":406,"n":0},"geometry":{"type":"LineString","coordinates":[[-71.24734,44.15764],[-71.24758,44.15802],[-71.24732,44.1582],[-71.24589,44.1583],[-71.24502,44.15859],[-71.24407,44.1583],[-71.24293,44.15842],[-71.2422,44.15893],[-71.24113,44.16014],[-71.24056,44.16037],[-71.23989,44.16034],[-71.23883,44.15962],[-71.23756,44.15972],[-71.23714,44.15952],[-71.23478,44.16028],[-71.23398,44.15971],[-71.23383,44.15928],[-71.2317,44.1584],[-71.23056,44.1573],[-71.22983,44.15683],[-71.22902,44.15659],[-71.2283,44.15662],[-71.22786,44.15692],[-71.226,44.15753],[-71.22558,44.15813],[-71.22513,44.15823],[-71.22472,44.15876],[-71.22259,44.15795],[-71.22216,44.15753],[-71.22114,44.15705],[-71.2195,44.15696],[-71.21859,44.15658]]}},{"type":"Feature","properties":{"t":241,"n":0},"geometry":{"type":"LineString","coordinates":[[-71.21473,44.20229],[-71.21402,44.20278],[-71.21318,44.20265],[-71.21274,44.20282],[-71.21191,44.20352],[-71.21171,44.20414],[-71.20992,44.20488],[-71.20807,44.20638]]}},{"type":"Feature","properties":{"t":596,"n":0},"geometry":{"type":"LineString","coordinates":[[-71.07646,44.17985],[-71.07538,44.17979],[-71.07461,44.17947],[-71.07412,44.17844],[-71.07285,44.177],[-71.07153,44.17622],[-71.07014,44.17629],[-71.06816,44.17715],[-71.06532,44.17739]]}},{"type":"Feature","properties":{"t":363,"n":0},"geometry":{"type":"LineString","coordinates":[[-71.06925,44.18342],[-71.07078,44.18334],[-71.07445,44.18179],[-71.07503,44.18104],[-71.07646,44.17985]]}},{"type":"Feature","properties":{"t":374,"n":0},"geometry":{"type":"LineString","coordinates":[[-71.13634,44.22101],[-71.13603,44.22229],[-71.13445,44.22304],[-71.13348,44.22389],[-71.13325,44.22508],[-71.1319,44.22693],[-71.1317,44.22763],[-71.13112,44.22799],[-71.1301,44.22784],[-71.1298,44.22712],[-71.1289,44.22684],[-71.12687,44.22849],[-71.12539,44.2285],[-71.12465,44.22924],[-71.12309,44.22946],[-71.12043,44.22807],[-71.12008,44.22703],[-71.12024,44.2262],[-71.12004,44.22552],[-71.12044,44.22443],[-71.1199,44.22362],[-71.11892,44.22314],[-71.11871,44.2227],[-71.11632,44.2237],[-71.11546,44.22436],[-71.11446,44.22423],[-71.11395,44.22434],[-71.11228,44.2255],[-71.11126,44.22651],[-71.10907,44.22717],[-71.10886,44.22785]]}},{"type":"Feature","properties":{"t":681,"n":0},"geometry":{"type":"LineString","coordinates":[[-71.03369,44.11799],[-71.0347,44.11911],[-71.03559,44.12056],[-71.03719,44.12144],[-71.03934,44.122]]}},{"type":"Feature","properties":{"t":263,"n":0},"geometry":{"type":"LineString","coordinates":[[-71.03973,44.08538],[-71.0386,44.08514],[-71.0361,44.08555],[-71.03469,44.08542],[-71.03335,44.08574],[-71.03249,44.08567]]}},{"type":"Feature","properties":{"t":660,"n":0},"geometry":{"type":"LineString","coordinates":[[-71.1243,44.14161],[-71.12358,44.1421],[-71.12289,44.14294],[-71.1233,44.14473],[-71.12333,44.146],[-71.12281,44.14685],[-71.12171,44.14781]]}},{"type":"Feature","properties":{"t":566,"n":0},"geometry":{"type":"LineString","coordinates":[[-71.24035,44.00591],[-71.24215,44.00948],[-71.2418,44.01021],[-71.24226,44.01154],[-71.24353,44.01315],[-71.24358,44.01361],[-71.24295,44.01571],[-71.24348,44.01681]]}},{"type":"Feature","properties":{"t":520,"n":0},"geometry":{"type":"LineString","coordinates":[[-71.23128,44.11017],[-71.23448,44.11031],[-71.23908,44.11097],[-71.24098,44.1117],[-71.24681,44.11494],[-71.24974,44.11587]]}},{"type":"Feature","properties":{"t":462,"n":0},"geometry":{"type":"LineString","coordinates":[[-71.19254,44.19618],[-71.18923,44.19874],[-71.18761,44.19896],[-71.18509,44.20087],[-71.18446,44.20113],[-71.18353,44.20117],[-71.18184,44.20063],[-71.17977,44.19959],[-71.17829,44.19948],[-71.17618,44.19845],[-71.17492,44.19842],[-71.17245,44.19704],[-71.1717,44.19763],[-71.17029,44.19803],[-71.16963,44.19821],[-71.16816,44.19822]]}},{"type":"Feature","properties":{"t":552,"n":0},"geometry":{"type":"LineString","coordinates":[[-71.23934,44.18323],[-71.23996,44.18313],[-71.24102,44.18357],[-71.24185,44.18528],[-71.24266,44.18621],[-71.24408,44.18709],[-71.24466,44.18723],[-71.24554,44.18657],[-71.246,44.18669],[-71.24603,44.18695],[-71.24545,44.18707],[-71.2452,44.188],[-71.24528,44.19022],[-71.24509,44.19047],[-71.2459,44.19118]]}},{"type":"Feature","properties":{"t":509,"n":0},"geometry":{"type":"LineString","coordinates":[[-71.2459,44.19118],[-71.24537,44.19151],[-71.24358,44.19144],[-71.24233,44.19181],[-71.24212,44.19204],[-71.24203,44.19294],[-71.24271,44.19382],[-71.24276,44.19595],[-71.24175,44.19853],[-71.24147,44.20034]]}},{"type":"Feature","properties":{"t":136,"n":1},"geometry":{"type":"LineString","coordinates":[[-71.18829,44.00339],[-71.18824,44.00355],[-71.1869,44.00349],[-71.18677,44.00366],[-71.18523,44.00361],[-71.18434,44.00393],[-71.18317,44.00404],[-71.18348,44.00566],[-71.18431,44.00617],[-71.18483,44.0062],[-71.18498,44.00651],[-71.18872,44.008],[-71.1888,44.0088],[-71.18845,44.00929],[-71.1885,44.0098],[-71.18804,44.01009],[-71.18826,44.0106],[-71.18891,44.01109],[-71.18958,44.01115],[-71.19015,44.01165],[-71.18993,44.01238],[-71.19082,44.01289],[-71.19048,44.01326],[-71.19067,44.01393],[-71.19157,44.01435],[-71.19225,44.0151],[-71.19374,44.01774],[-71.19442,44.01827],[-71.19637,44.01878],[-71.19774,44.02001],[-71.1975,44.02059],[-71.19817,44.02096],[-71.19827,44.02208],[-71.19886,44.02346],[-71.19873,44.02434],[-71.2001,44.02572],[-71.19993,44.02595],[-71.20038,44.02654],[-71.20231,44.02788],[-71.20288,44.02858],[-71.20386,44.03155],[-71.20394,44.0325],[-71.20422,44.03265],[-71.20457,44.03357],[-71.20516,44.03371]]}},{"type":"Feature","properties":{"t":136,"n":0},"geometry":{"type":"LineString","coordinates":[[-71.20516,44.03371],[-71.20607,44.03378],[-71.20802,44.03435],[-71.20872,44.03495],[-71.20995,44.0352],[-71.2112,44.03595],[-71.21164,44.03692],[-71.2115,44.03764],[-71.21209,44.03909],[-71.21478,44.04285],[-71.21442,44.04324],[-71.21438,44.04499],[-71.21346,44.0462],[-71.21135,44.04775],[-71.21104,44.04859],[-71.21035,44.04918],[-71.20845,44.05012],[-71.20699,44.05141],[-71.20601,44.05189],[-71.2059,44.05231],[-71.20501,44.05287],[-71.20435,44.05426],[-71.20433,44.05671],[-71.20355,44.05949],[-71.20189,44.06246],[-71.20094,44.06316],[-71.2002,44.06408]]}},{"type":"Feature","properties":{"t":375,"n":0},"geometry":{"type":"LineString","coordinates":[[-71.16563,44.05862],[-71.16595,44.05729],[-71.16577,44.05689],[-71.16593,44.05618],[-71.16541,44.0553],[-71.16485,44.05305],[-71.16509,44.05293],[-71.16512,44.0525],[-71.16587,44.05227],[-71.16609,44.05172],[-71.16634,44.05164],[-71.16683,44.05027],[-71.16705,44.0502],[-71.16707,44.05047],[-71.16792,44.04993],[-71.16817,44.0503],[-71.16812,44.05011],[-71.16881,44.04954],[-71.17072,44.04921],[-71.17185,44.04943],[-71.17249,44.04931],[-71.17296,44.0495],[-71.17388,44.04945],[-71.17527,44.05028],[-71.1755,44.05074],[-71.17529,44.05121],[-71.17542,44.05194]]}},{"type":"Feature","properties":{"t":24,"n":1},"geometry":{"type":"LineString","coordinates":[[-71.10908,44.07528],[-71.10868,44.07598],[-71.1085,44.07929],[-71.10809,44.08014],[-71.1071,44.08097],[-71.10649,44.08224],[-71.10673,44.08446],[-71.10703,44.08507],[-71.10678,44.08601],[-71.10696,44.08622],[-71.10579,44.08932],[-71.10489,44.09071],[-71.10323,44.09198],[-71.10169,44.09262],[-71.10068,44.09249],[-71.10008,44.09315],[-71.10091,44.09388],[-71.10053,44.09522],[-71.10073,44.09664],[-71.10033,44.09736],[-71.10017,44.09884],[-71.09981,44.09965],[-71.10095,44.10188],[-71.1013,44.10232],[-71.10199,44.10269],[-71.10217,44.10307],[-71.10122,44.10453],[-71.09855,44.10535],[-71.09813,44.1056],[-71.0978,44.10628],[-71.09699,44.10662],[-71.09509,44.10695],[-71.09565,44.10628],[-71.09562,44.10591],[-71.09472,44.10572],[-71.09422,44.1058]]}},{"type":"Feature","properties":{"t":682,"n":0},"geometry":{"type":"LineString","coordinates":[[-71.17292,44.05428],[-71.17347,44.05479],[-71.17433,44.05504],[-71.17498,44.0549],[-71.17573,44.05532],[-71.17816,44.05604],[-71.17973,44.05676]]}},{"type":"Feature","properties":{"t":640,"n":0},"geometry":{"type":"LineString","coordinates":[[-71.1706,44.07166],[-71.17002,44.07169],[-71.16995,44.07193]]}},{"type":"Feature","properties":{"t":169,"n":0},"geometry":{"type":"LineString","coordinates":[[-71.19446,44.0473],[-71.19412,44.04795],[-71.19428,44.04837],[-71.19352,44.04848],[-71.18826,44.04807],[-71.18777,44.04824],[-71.18689,44.04813],[-71.18641,44.04842],[-71.18628,44.05043],[-71.18584,44.05172],[-71.18452,44.05338],[-71.18345,44.0544],[-71.18137,44.05549],[-71.17973,44.05676]]}},{"type":"Feature","properties":{"t":584,"n":0},"geometry":{"type":"LineString","coordinates":[[-71.17973,44.05676],[-71.17899,44.06024],[-71.1792,44.06342],[-71.1785,44.06457],[-71.17864,44.06582],[-71.17842,44.0667],[-71.17773,44.06743]]}},{"type":"Feature","properties":{"t":640,"n":0},"geometry":{"type":"LineString","coordinates":[[-71.16995,44.07193],[-71.16991,44.07211]]}},{"type":"Feature","properties":{"t":121,"n":1},"geometry":{"type":"LineString","coordinates":[[-71.03017,44.23699],[-71.03107,44.23687],[-71.03271,44.23715],[-71.03293,44.23704],[-71.03278,44.23659],[-71.03297,44.23633],[-71.03361,44.23636],[-71.03548,44.23588],[-71.03626,44.23603],[-71.03814,44.23548],[-71.04023,44.23448],[-71.04102,44.23391],[-71.04232,44.2334],[-71.04407,44.23377],[-71.0452,44.23423],[-71.04813,44.2348],[-71.05111,44.23444],[-71.05276,44.23509],[-71.05524,44.23469],[-71.05668,44.23494],[-71.05806,44.2349],[-71.05964,44.23444],[-71.06244,44.2348],[-71.06341,44.23465],[-71.06375,44.23435],[-71.06511,44.23501],[-71.06558,44.23507],[-71.06673,44.23444],[-71.0671,44.23469],[-71.06762,44.23472],[-71.06834,44.23443],[-71.06903,44.23296],[-71.06947,44.23261],[-71.07313,44.23188],[-71.07523,44.23196],[-71.07671,44.23156],[-71.07748,44.23114]]}},{"type":"Feature","properties":{"t":121,"n":2},"geometry":{"type":"LineString","coordinates":[[-71.07748,44.23114],[-71.07784,44.23096],[-71.0781,44.23166],[-71.07881,44.2325],[-71.08112,44.23401],[-71.08296,44.23481],[-71.08349,44.23525],[-71.08427,44.23664],[-71.08456,44.23779],[-71.08498,44.2383],[-71.08574,44.23873],[-71.0861,44.23933],[-71.08588,44.23978],[-71.08609,44.24087],[-71.08699,44.24226],[-71.08684,44.24299],[-71.08576,44.24338],[-71.08503,44.24436],[-71.08364,44.24446],[-71.08327,44.24493],[-71.08318,44.2457],[-71.08271,44.24599],[-71.08268,44.2476],[-71.08141,44.24803],[-71.08075,44.24806],[-71.08,44.24848],[-71.07886,44.24849],[-71.07701,44.249],[-71.07598,44.24987],[-71.07596,44.2506],[-71.07524,44.25175],[-71.07465,44.25233],[-71.07411,44.25253]]}},{"type":"Feature","properties":{"t":208,"n":1},"geometry":{"type":"LineString","coordinates":[[-71.06947,44.23261],[-71.06953,44.2323]]}},{"type":"Feature","properties":{"t":208,"n":0},"geometry":{"type":"LineString","coordinates":[[-71.06953,44.2323],[-71.06921,44.23182],[-71.06902,44.23015],[-71.06804,44.22853],[-71.06813,44.22798],[-71.06749,44.22706],[-71.06701,44.22557],[-71.06722,44.22416]]}},{"type":"Feature","properties":{"t":256,"n":0},"geometry":{"type":"LineString","coordinates":[[-71.06722,44.22416],[-71.06637,44.22439],[-71.06516,44.22528],[-71.06414,44.22521],[-71.0631,44.2247],[-71.06025,44.22452],[-71.0551,44.22547],[-71.05418,44.22512],[-71.05335,44.22533],[-71.05218,44.22532],[-71.05121,44.22569],[-71.04758,44.22602],[-71.04547,44.22667],[-71.04351,44.22629],[-71.04123,44.22679],[-71.04071,44.22713],[-71.04023,44.22797],[-71.03828,44.22942],[-71.0357,44.22963],[-71.03327,44.23027],[-71.03284,44.23059],[-71.03286,44.23132],[-71.03244,44.23219],[-71.033,44.23311],[-71.03305,44.23405],[-71.03203,44.23454],[-71.03247,44.23523],[-71.03249,44.23618]]}},{"type":"Feature","properties":{"t":256,"n":1},"geometry":{"type":"LineString","coordinates":[[-71.03249,44.23618],[-71.03278,44.23659]]}},{"type":"Feature","properties":{"t":451,"n":0},"geometry":{"type":"LineString","coordinates":[[-71.21134,44.15693],[-71.21165,44.15767],[-71.21265,44.15851],[-71.21296,44.1597],[-71.21513,44.16039],[-71.21679,44.1606]]}},{"type":"Feature","properties":{"t":339,"n":0},"geometry":{"type":"LineString","coordinates":[[-71.23899,44.00521],[-71.23845,44.00539],[-71.23703,44.00509],[-71.23574,44.00542],[-71.23395,44.00544],[-71.23317,44.00595],[-71.23153,44.00605],[-71.23055,44.00591],[-71.22891,44.00664],[-71.22716,44.00626],[-71.22627,44.00634],[-71.22405,44.00731],[-71.22283,44.0075],[-71.22176,44.0081],[-71.22198,44.00839],[-71.22186,44.00876],[-71.22276,44.01014],[-71.22343,44.01022],[-71.22417,44.01085],[-71.22455,44.01075],[-71.22559,44.01103],[-71.22655,44.01099],[-71.22756,44.01129],[-71.22807,44.0123],[-71.22832,44.01202],[-71.2281,44.01119],[-71.22862,44.01077],[-71.22923,44.01151],[-71.22883,44.01248],[-71.23045,44.01308],[-71.22971,44.01182],[-71.23042,44.01132],[-71.23061,44.01086],[-71.23039,44.01022],[-71.23076,44.00972],[-71.2308,44.00859],[-71.23047,44.00815],[-71.23096,44.00795],[-71.23235,44.00868],[-71.23299,44.0088],[-71.23286,44.0097],[-71.23326,44.00946],[-71.2336,44.00885],[-71.23382,44.00926],[-71.23406,44.00922],[-71.23437,44.00896],[-71.23469,44.0076],[-71.23504,44.00795],[-71.23555,44.0081],[-71.23591,44.00794],[-71.23558,44.00718],[-71.23638,44.00683],[-71.23674,44.00623],[-71.23643,44.00602],[-71.23615,44.00528]]}},{"type":"Feature","properties":{"t":115,"n":2},"geometry":{"type":"LineString","coordinates":[[-71.13717,44.23888],[-71.13793,44.23885],[-71.13889,44.23909],[-71.13994,44.23966],[-71.14031,44.24045],[-71.14144,44.24139]]}},{"type":"Feature","properties":{"t":115,"n":3},"geometry":{"type":"LineString","coordinates":[[-71.14144,44.24139],[-71.14198,44.24154],[-71.14232,44.24141],[-71.14332,44.24254],[-71.1446,44.24303],[-71.14554,44.24315],[-71.14578,44.24287]]}},{"type":"Feature","properties":{"t":115,"n":4},"geometry":{"type":"LineString","coordinates":[[-71.14578,44.24287],[-71.14606,44.24204],[-71.15007,44.24194],[-71.15248,44.24162],[-71.15306,44.24167],[-71.15363,44.24198],[-71.15762,44.24198],[-71.15813,44.24214],[-71.15823,44.24242]]}},{"type":"Feature","properties":{"t":115,"n":5},"geometry":{"type":"LineString","coordinates":[[-71.15823,44.24242],[-71.15837,44.24303]]}},{"type":"Feature","properties":{"t":115,"n":4},"geometry":{"type":"LineString","coordinates":[[-71.15837,44.24303],[-71.15881,44.2435],[-71.15922,44.24314],[-71.16012,44.24288],[-71.16231,44.24268],[-71.16352,44.24185],[-71.1652,44.24132],[-71.16551,44.24089],[-71.16625,44.24064],[-71.16735,44.23983],[-71.16757,44.2392],[-71.16743,44.2389],[-71.16817,44.23811]]}},{"type":"Feature","properties":{"t":115,"n":2},"geometry":{"type":"LineString","coordinates":[[-71.16817,44.23811],[-71.17116,44.23805],[-71.17361,44.23866],[-71.17404,44.23951],[-71.17474,44.23902],[-71.17497,44.23849],[-71.17732,44.23732],[-71.17869,44.23782],[-71.17989,44.23863],[-71.18254,44.23916],[-71.1848,44.24062],[-71.18529,44.24117]]}},{"type":"Feature","properties":{"t":39,"n":4},"geometry":{"type":"LineString","coordinates":[[-71.16766,44.23852],[-71.16781,44.23796]]}},{"type":"Feature","properties":{"t":39,"n":3},"geometry":{"type":"LineString","coordinates":[[-71.16781,44.23796],[-71.16778,44.23788]]}},{"type":"Feature","properties":{"t":39,"n":2},"geometry":{"type":"LineString","coordinates":[[-71.16778,44.23788],[-71.16754,44.23799]]}},{"type":"Feature","properties":{"t":39,"n":3},"geometry":{"type":"LineString","coordinates":[[-71.16754,44.23799],[-71.16741,44.23819]]}},{"type":"Feature","properties":{"t":39,"n":4},"geometry":{"type":"LineString","coordinates":[[-71.16741,44.23819],[-71.16727,44.23827]]}},{"type":"Feature","properties":{"t":39,"n":2},"geometry":{"type":"LineString","coordinates":[[-71.16727,44.23827],[-71.16696,44.23833],[-71.16677,44.23793],[-71.16711,44.23763],[-71.16761,44.23736],[-71.16854,44.23748],[-71.17056,44.23606],[-71.17132,44.236],[-71.17227,44.23496],[-71.17223,44.23455],[-71.17264,44.234],[-71.17403,44.23319],[-71.1746,44.23246],[-71.17599,44.23183],[-71.17713,44.23174],[-71.17905,44.23059],[-71.17914,44.22993],[-71.18044,44.22829],[-71.18038,44.22793],[-71.18207,44.22672],[-71.18281,44.22435],[-71.18272,44.22329],[-71.18358,44.22222],[-71.18361,44.22126],[-71.18404,44.22047],[-71.18497,44.21957],[-71.18541,44.21883],[-71.18742,44.21788],[-71.18919,44.2176]]}},{"type":"Feature","properties":{"t":101,"n":2},"geometry":{"type":"LineString","coordinates":[[-71.1966,44.21718],[-71.1919,44.21685],[-71.18919,44.21732],[-71.18929,44.21785]]}},{"type":"Feature","properties":{"t":101,"n":0},"geometry":{"type":"LineString","coordinates":[[-71.18929,44.21785],[-71.18974,44.21891],[-71.18977,44.21955],[-71.18942,44.22046],[-71.18973,44.22158]]}},{"type":"Feature","properties":{"t":101,"n":1},"geometry":{"type":"LineString","coordinates":[[-71.18973,44.22158],[-71.18851,44.22324],[-71.18733,44.22406],[-71.18795,44.2254],[-71.18748,44.22658],[-71.18757,44.22703],[-71.18701,44.22912],[-71.1862,44.22989],[-71.18624,44.23037],[-71.18578,44.23141],[-71.18736,44.2334],[-71.18717,44.23468],[-71.18555,44.2368],[-71.18548,44.23779],[-71.18582,44.23866],[-71.18551,44.24089]]}},{"type":"Feature","properties":{"t":101,"n":2},"geometry":{"type":"LineString","coordinates":[[-71.18551,44.24089],[-71.18529,44.24117],[-71.18538,44.24143]]}},{"type":"Feature","properties":{"t":101,"n":1},"geometry":{"type":"LineString","coordinates":[[-71.18538,44.24143],[-71.18527,44.2423],[-71.18553,44.24243],[-71.18642,44.24236],[-71.18724,44.24307],[-71.18844,44.24352],[-71.18873,44.24392],[-71.18882,44.24429],[-71.18825,44.24533],[-71.18797,44.24677],[-71.18885,44.24912],[-71.19131,44.25118],[-71.19203,44.25221],[-71.19202,44.25302],[-71.19239,44.25377],[-71.19379,44.25557],[-71.19391,44.257],[-71.19508,44.25772],[-71.19567,44.259]]}},{"type":"Feature","properties":{"t":101,"n":2},"geometry":{"type":"LineString","coordinates":[[-71.19567,44.259],[-71.19566,44.25916]]}},{"type":"Feature","properties":{"t":101,"n":5},"geometry":{"type":"LineString","coordinates":[[-71.19566,44.25916],[-71.19537,44.25939]]}},{"type":"Feature","properties":{"t":37,"n":5},"geometry":{"type":"LineString","coordinates":[[-71.17933,44.26743],[-71.17899,44.26716]]}},{"type":"Feature","properties":{"t":37,"n":2},"geometry":{"type":"LineString","coordinates":[[-71.17899,44.26716],[-71.17795,44.2672],[-71.17746,44.2669],[-71.17668,44.26443],[-71.17673,44.26302],[-71.17613,44.26137],[-71.17506,44.26013],[-71.17424,44.25956],[-71.17308,44.25792],[-71.17268,44.25683],[-71.17126,44.25629],[-71.17014,44.25533],[-71.16949,44.2547],[-71.1691,44.25358],[-71.16764,44.25231],[-71.16523,44.2509],[-71.16165,44.24938],[-71.16032,44.24835],[-71.16028,44.24798],[-71.15901,44.24638],[-71.158,44.2459],[-71.15675,44.24419],[-71.15699,44.24333],[-71.15791,44.24284]]}},{"type":"Feature","properties":{"t":37,"n":5},"geometry":{"type":"LineString","coordinates":[[-71.15791,44.24284],[-71.15824,44.24274]]}},{"type":"Feature","properties":{"t":510,"n":0},"geometry":{"type":"LineString","coordinates":[[-71.08609,44.17864],[-71.08617,44.17933],[-71.08734,44.18023],[-71.08745,44.18074],[-71.08631,44.1821],[-71.08633,44.18329],[-71.08545,44.18387],[-71.08528,44.1845],[-71.08459,44.18483],[-71.08418,44.18572],[-71.08441,44.18612]]}},{"type":"Feature","properties":{"t":601,"n":0},"geometry":{"type":"LineString","coordinates":[[-71.06188,44.21563],[-71.06186,44.21583],[-71.06344,44.21669],[-71.06437,44.21929],[-71.06543,44.22071],[-71.06636,44.22157],[-71.06627,44.22266],[-71.06722,44.22416]]}},{"type":"Feature","properties":{"t":366,"n":0},"geometry":{"type":"LineString","coordinates":[[-71.06459,44.19981],[-71.06377,44.19884],[-71.06269,44.19879],[-71.06232,44.19827],[-71.06159,44.19806],[-71.06037,44.19838],[-71.05952,44.19898],[-71.05901,44.2003],[-71.05862,44.20067],[-71.05773,44.20083],[-71.05637,44.20049],[-71.0552,44.2012],[-71.05356,44.20163],[-71.05284,44.20151],[-71.05197,44.2017],[-71.05003,44.20251],[-71.04856,44.2028],[-71.04752,44.20328],[-71.04567,44.20303],[-71.04399,44.20311],[-71.04324,44.20332],[-71.04204,44.20437],[-71.03532,44.20741],[-71.03339,44.20681],[-71.0317,44.2067],[-71.02985,44.20707],[-71.02859,44.20753],[-71.02786,44.2073],[-71.02651,44.20642],[-71.02505,44.20623],[-71.02426,44.20575],[-71.02375,44.20606]]}},{"type":"Feature","properties":{"t":703,"n":0},"geometry":{"type":"LineString","coordinates":[[-71.15184,44.16334],[-71.15046,44.16272],[-71.14686,44.16342],[-71.14499,44.16324]]}},{"type":"Feature","properties":{"t":579,"n":0},"geometry":{"type":"LineString","coordinates":[[-71.141,44.16358],[-71.13918,44.16331],[-71.13758,44.16343],[-71.1369,44.16378],[-71.13657,44.16359],[-71.13547,44.16366],[-71.13382,44.16496],[-71.13162,44.16463]]}},{"type":"Feature","properties":{"t":579,"n":0},"geometry":{"type":"LineString","coordinates":[[-71.1303,44.16778],[-71.1303,44.16756],[-71.13103,44.16709],[-71.13114,44.16568],[-71.13162,44.16463]]}},{"type":"Feature","properties":{"t":478,"n":0},"geometry":{"type":"LineString","coordinates":[[-71.13158,44.16121],[-71.13201,44.16056],[-71.13246,44.16049],[-71.13422,44.15934],[-71.13481,44.15935],[-71.13568,44.15897],[-71.13693,44.15927],[-71.13832,44.15928],[-71.13949,44.15954],[-71.14198,44.15915],[-71.14338,44.15858],[-71.14422,44.15844],[-71.14474,44.15855],[-71.14557,44.15916],[-71.14653,44.15926],[-71.14754,44.1583],[-71.1485,44.15777]]}},{"type":"Feature","properties":{"t":426,"n":0},"geometry":{"type":"LineString","coordinates":[[-71.14626,44.18168],[-71.14605,44.18096],[-71.14638,44.1802],[-71.14614,44.17923],[-71.14733,44.17814],[-71.14809,44.17811],[-71.14938,44.17752],[-71.15181,44.17728],[-71.15464,44.17832]]}},{"type":"Feature","properties":{"t":449,"n":0},"geometry":{"type":"LineString","coordinates":[[-71.22508,44.21598],[-71.22576,44.21569],[-71.22592,44.21536],[-71.22654,44.21541],[-71.22782,44.21462],[-71.22874,44.21351],[-71.22981,44.21108],[-71.23,44.20964],[-71.23047,44.20927],[-71.23165,44.20697],[-71.23177,44.20631],[-71.23147,44.2052],[-71.23199,44.20497],[-71.2322,44.20392],[-71.23279,44.20328],[-71.23381,44.20238],[-71.23446,44.20261],[-71.23486,44.20238],[-71.23585,44.2023],[-71.23634,44.20286],[-71.23699,44.20299],[-71.23797,44.20202]]}},{"type":"Feature","properties":{"t":449,"n":0},"geometry":{"type":"LineString","coordinates":[[-71.22508,44.21598],[-71.22413,44.21652],[-71.2242,44.21698],[-71.22394,44.21727]]}},{"type":"Feature","properties":{"t":369,"n":0},"geometry":{"type":"LineString","coordinates":[[-71.20666,44.20966],[-71.20587,44.20973],[-71.20496,44.20951],[-71.20306,44.20851],[-71.20221,44.20769],[-71.20006,44.20738],[-71.19893,44.20753],[-71.19696,44.20887],[-71.19553,44.20959]]}},{"type":"Feature","properties":{"t":260,"n":2},"geometry":{"type":"LineString","coordinates":[[-71.0505,44.26906],[-71.05014,44.26888]]}},{"type":"Feature","properties":{"t":260,"n":0},"geometry":{"type":"LineString","coordinates":[[-71.05014,44.26888],[-71.04979,44.2684],[-71.04822,44.26772],[-71.04701,44.26683],[-71.04617,44.2666],[-71.04527,44.26588],[-71.04378,44.26585],[-71.04356,44.26568],[-71.04349,44.26496],[-71.04381,44.26452],[-71.04295,44.26451],[-71.04294,44.26437],[-71.04358,44.26376],[-71.04256,44.26384],[-71.04271,44.26346],[-71.04355,44.26306],[-71.04345,44.26289],[-71.04263,44.26298],[-71.04341,44.26195],[-71.04414,44.26171],[-71.04413,44.26155],[-71.043,44.26116],[-71.04292,44.26049],[-71.04221,44.25992],[-71.03975,44.25921],[-71.03654,44.25737],[-71.0354,44.25632],[-71.03338,44.25589],[-71.03217,44.2538],[-71.02958,44.25211],[-71.02914,44.25071],[-71.02819,44.2497],[-71.02767,44.24794],[-71.02641,44.24714],[-71.02577,44.24623],[-71.02425,44.24584],[-71.02313,44.24599],[-71.02246,44.24581],[-71.02076,44.24661],[-71.0188,44.24619],[-71.01594,44.24653],[-71.01483,44.24627]]}},{"type":"Feature","properties":{"t":32,"n":2},"geometry":{"type":"LineString","coordinates":[[-71.07411,44.25253],[-71.07471,44.25263],[-71.07515,44.25239]]}},{"type":"Feature","properties":{"t":32,"n":1},"geometry":{"type":"LineString","coordinates":[[-71.07515,44.25239],[-71.07547,44.25227],[-71.0762,44.2524],[-71.07713,44.25158],[-71.07941,44.25091],[-71.08038,44.25034],[-71.08171,44.25018],[-71.08223,44.25028],[-71.08595,44.24955],[-71.08768,44.24949],[-71.08868,44.24955],[-71.09016,44.25031],[-71.09188,44.25077],[-71.09396,44.25077],[-71.09559,44.25035],[-71.09725,44.25052],[-71.09907,44.24987],[-71.10059,44.25001],[-71.10242,44.25068],[-71.10687,44.25023],[-71.1078,44.25029],[-71.10889,44.25068],[-71.10957,44.2507],[-71.11102,44.25125],[-71.11225,44.25128],[-71.11317,44.25163],[-71.11516,44.25184],[-71.11603,44.25167],[-71.11652,44.25188],[-71.11664,44.25219]]}},{"type":"Feature","properties":{"t":115,"n":2},"geometry":{"type":"LineString","coordinates":[[-71.11905,44.25377],[-71.11954,44.25293],[-71.12066,44.25192],[-71.12127,44.2506],[-71.12306,44.24857],[-71.12321,44.24821],[-71.12299,44.24676],[-71.12325,44.24653],[-71.12463,44.24554],[-71.12563,44.24526],[-71.1272,44.24414],[-71.12738,44.24371],[-71.12849,44.24335],[-71.12879,44.24306],[-71.12905,44.24198],[-71.12978,44.24148],[-71.13106,44.24118],[-71.13204,44.24072],[-71.1341,44.24037],[-71.13643,44.23896],[-71.13717,44.23888]]}},{"type":"Feature","properties":{"t":136,"n":0},"geometry":{"type":"LineString","coordinates":[[-71.17773,44.06743],[-71.17884,44.06714],[-71.1796,44.06645],[-71.18189,44.06631],[-71.1846,44.06532],[-71.18735,44.06499],[-71.1896,44.06506],[-71.19143,44.06492],[-71.19489,44.064],[-71.19753,44.06422],[-71.19871,44.064],[-71.2002,44.06408]]}},{"type":"Feature","properties":{"t":436,"n":0},"geometry":{"type":"LineString","coordinates":[[-71.17234,44.0375],[-71.17302,44.03729],[-71.17345,44.0375],[-71.17421,44.03746],[-71.17467,44.03666],[-71.17509,44.03665],[-71.17488,44.03553],[-71.17544,44.03517],[-71.17622,44.03518],[-71.17602,44.03466],[-71.17641,44.03465],[-71.17622,44.03405],[-71.17661,44.03412],[-71.17648,44.03365],[-71.17667,44.03313],[-71.17988,44.03251],[-71.18017,44.03195],[-71.17949,44.02967],[-71.17894,44.02932],[-71.17812,44.02826],[-71.17332,44.02524],[-71.17182,44.02285],[-71.17124,44.02243]]}},{"type":"Feature","properties":{"t":328,"n":0},"geometry":{"type":"LineString","coordinates":[[-71.17157,44.0226],[-71.17229,44.02215],[-71.17446,44.02162],[-71.17477,44.02131],[-71.17521,44.01912],[-71.17458,44.01838],[-71.17468,44.01751],[-71.17566,44.01693],[-71.17605,44.01647],[-71.17556,44.01562],[-71.17434,44.01507],[-71.17314,44.01394],[-71.17308,44.01324],[-71.17233,44.01253],[-71.17218,44.01176],[-71.1727,44.01028],[-71.17209,44.00945],[-71.17219,44.00762],[-71.17166,44.0067],[-71.17112,44.00679],[-71.17004,44.00751],[-71.16486,44.00936],[-71.16407,44.00987],[-71.16162,44.01083],[-71.16027,44.0116],[-71.15999,44.0121],[-71.16039,44.01298],[-71.16011,44.01315],[-71.16021,44.01338],[-71.16051,44.01345],[-71.16101,44.01325],[-71.16075,44.01371],[-71.16106,44.01366],[-71.16077,44.01404],[-71.16126,44.0139],[-71.16159,44.01464],[-71.16216,44.01419],[-71.16234,44.01423],[-71.16261,44.01501],[-71.16349,44.01536],[-71.16398,44.01595],[-71.16426,44.01595],[-71.16434,44.01627],[-71.16472,44.01624],[-71.16514,44.01715],[-71.16642,44.01772],[-71.16716,44.01843],[-71.16739,44.01959],[-71.16803,44.02003],[-71.16836,44.02072],[-71.16889,44.02079],[-71.1691,44.02113],[-71.16986,44.02118],[-71.16959,44.02168]]}},{"type":"Feature","properties":{"t":254,"n":0},"geometry":{"type":"LineString","coordinates":[[-70.9887,44.22104],[-70.98674,44.2209],[-70.98522,44.22207],[-70.98488,44.22348],[-70.98326,44.22497],[-70.98288,44.22672],[-70.98097,44.23076],[-70.97853,44.2331],[-70.97519,44.23586],[-70.97242,44.23741],[-70.97084,44.23768],[-70.96935,44.23846],[-70.96944,44.23864],[-70.9698,44.23891],[-70.97067,44.2384],[-70.97153,44.23845],[-70.97232,44.23813],[-70.97277,44.23814],[-70.97354,44.23896],[-70.97497,44.23977],[-70.9762,44.2397],[-70.97679,44.24036],[-70.97764,44.24061],[-70.98148,44.24037],[-70.98493,44.23958],[-70.98662,44.2395],[-70.98838,44.23968],[-70.98899,44.23928],[-70.99122,44.23878],[-70.99242,44.23926],[-70.99485,44.23936],[-70.99549,44.24003],[-70.99623,44.24034],[-70.99849,44.24067],[-70.99963,44.24171],[-71.00014,44.24254],[-71.00072,44.24291],[-71.00213,44.24332],[-71.00257,44.24419],[-71.00332,44.24482],[-71.00375,44.2465],[-71.00356,44.24692],[-71.00218,44.24745],[-71.00301,44.24832]]}},{"type":"Feature","properties":{"t":361,"n":0},"geometry":{"type":"LineString","coordinates":[[-71.16751,44.03929],[-71.16817,44.03832],[-71.16906,44.03769],[-71.16852,44.03731],[-71.16841,44.03663],[-71.1679,44.03595],[-71.16737,44.03594],[-71.16514,44.03372],[-71.16405,44.03365],[-71.16378,44.03292],[-71.16341,44.03262],[-71.16288,44.03239],[-71.16118,44.03234],[-71.16026,44.03111],[-71.16019,44.03062],[-71.15962,44.03013],[-71.15899,44.02867],[-71.15827,44.02865],[-71.15805,44.02919],[-71.15732,44.02945],[-71.1579,44.03209],[-71.15854,44.0331],[-71.15841,44.0337],[-71.15908,44.03378],[-71.16103,44.03499],[-71.16245,44.03499],[-71.16282,44.03513],[-71.16335,44.03567],[-71.16246,44.03559],[-71.16281,44.03608],[-71.16265,44.03626],[-71.16076,44.03631],[-71.16037,44.03688],[-71.15967,44.03722],[-71.15958,44.03753],[-71.15996,44.03803],[-71.15979,44.03919],[-71.16,44.03934],[-71.16085,44.03921],[-71.16154,44.03935],[-71.16384,44.03856],[-71.16488,44.03907],[-71.16579,44.03861],[-71.16637,44.0387],[-71.16744,44.03926]]}},{"type":"Feature","properties":{"t":793,"n":0},"geometry":{"type":"LineString","coordinates":[[-71.18004,44.03245],[-71.18031,44.03271],[-71.18053,44.03401]]}},{"type":"Feature","properties":{"t":567,"n":0},"geometry":{"type":"LineString","coordinates":[[-71.17851,44.02866],[-71.18024,44.02827],[-71.18096,44.02835],[-71.1816,44.02866],[-71.18138,44.02967],[-71.18213,44.03019],[-71.18249,44.03122],[-71.18233,44.03253],[-71.1825,44.03347],[-71.18208,44.03343],[-71.18216,44.03413],[-71.18165,44.03382],[-71.18178,44.03422],[-71.18143,44.034],[-71.18149,44.03441],[-71.18129,44.03452],[-71.18053,44.03401]]}},{"type":"Feature","properties":{"t":453,"n":0},"geometry":{"type":"LineString","coordinates":[[-71.1594,44.01265],[-71.15884,44.01262],[-71.15568,44.01404],[-71.15369,44.01452],[-71.15323,44.01449],[-71.1527,44.01368],[-71.15269,44.01325],[-71.15143,44.01268],[-71.15081,44.01269],[-71.15002,44.01196],[-71.14946,44.01194],[-71.14897,44.01125],[-71.14733,44.01006],[-71.14572,44.01135],[-71.14558,44.01219],[-71.14464,44.01145],[-71.14437,44.01001],[-71.14392,44.00962],[-71.14381,44.0089],[-71.14245,44.00787],[-71.14243,44.00731],[-71.14181,44.00673],[-71.14166,44.00599]]}},{"type":"Feature","properties":{"t":468,"n":0},"geometry":{"type":"LineString","coordinates":[[-71.18053,44.03401],[-71.18046,44.0353],[-71.18067,44.03567],[-71.18113,44.03582],[-71.18085,44.03709],[-71.18176,44.03758],[-71.18303,44.03779],[-71.18359,44.0382],[-71.18393,44.03866],[-71.18401,44.04008],[-71.18466,44.04116],[-71.18564,44.04166],[-71.18681,44.04338],[-71.18782,44.04419],[-71.18783,44.04488],[-71.18951,44.04616],[-71.18931,44.04693],[-71.18884,44.04721],[-71.18765,44.04738],[-71.1867,44.04724],[-71.18533,44.04732]]}},{"type":"Feature","properties":{"t":495,"n":0},"geometry":{"type":"LineString","coordinates":[[-71.18044,44.04313],[-71.18037,44.04431],[-71.18002,44.04448],[-71.17962,44.04431],[-71.1797,44.04444],[-71.17918,44.04446],[-71.17906,44.04425],[-71.17951,44.04331],[-71.17884,44.0424],[-71.17796,44.04205],[-71.17631,44.04197],[-71.17511,44.04156],[-71.17454,44.04219],[-71.17393,44.04221],[-71.17305,44.04273],[-71.17145,44.04173],[-71.17148,44.04154],[-71.17087,44.04192],[-71.17039,44.04181],[-71.17062,44.04146],[-71.17013,44.04123],[-71.16948,44.04034],[-71.16974,44.03947],[-71.16831,44.0394]]}},{"type":"Feature","properties":{"t":641,"n":0},"geometry":{"type":"LineString","coordinates":[[-71.15387,44.03172],[-71.15473,44.0301],[-71.1537,44.029],[-71.15215,44.02808],[-71.15126,44.02826],[-71.15053,44.0278],[-71.14916,44.02823],[-71.14876,44.02809],[-71.14855,44.02766]]}},{"type":"Feature","properties":{"t":500,"n":0},"geometry":{"type":"LineString","coordinates":[[-71.14855,44.02766],[-71.14832,44.02601],[-71.14877,44.02575],[-71.14882,44.02529],[-71.1472,44.02488],[-71.14703,44.02459],[-71.14609,44.02463],[-71.14586,44.02433],[-71.1478,44.02412],[-71.14717,44.02269],[-71.14732,44.02249],[-71.14776,44.0225],[-71.14834,44.02337],[-71.14907,44.02377],[-71.15,44.02472],[-71.15018,44.02526],[-71.15157,44.0262],[-71.15103,44.02648],[-71.15197,44.02711],[-71.15215,44.02808]]}},{"type":"Feature","properties":{"t":553,"n":0},"geometry":{"type":"LineString","coordinates":[[-71.17755,44.04615],[-71.17875,44.04634],[-71.18035,44.04796],[-71.18045,44.04906],[-71.17939,44.04942],[-71.17867,44.04937]]}},{"type":"Feature","properties":{"t":339,"n":0},"geometry":{"type":"LineString","coordinates":[[-71.22756,44.01129],[-71.22729,44.01078],[-71.22624,44.01001]]}},{"type":"Feature","properties":{"t":263,"n":1},"geometry":{"type":"LineString","coordinates":[[-71.09422,44.1058],[-71.09366,44.1059]]}},{"type":"Feature","properties":{"t":263,"n":0},"geometry":{"type":"LineString","coordinates":[[-71.09366,44.1059],[-71.09318,44.10592],[-71.09259,44.1064],[-71.09185,44.10641],[-71.09138,44.10684],[-71.0912,44.10671],[-71.09014,44.10721],[-71.08982,44.10702],[-71.08856,44.10743],[-71.08827,44.10728],[-71.08793,44.10764],[-71.08748,44.1076],[-71.0874,44.10778],[-71.08658,44.10773],[-71.08591,44.10801],[-71.0855,44.10789],[-71.08445,44.10845],[-71.08285,44.10851],[-71.08228,44.10883],[-71.08173,44.1088],[-71.08066,44.10756],[-71.08084,44.10686],[-71.08013,44.10654],[-71.07835,44.10647],[-71.07708,44.1062],[-71.07497,44.10512],[-71.07391,44.10493],[-71.07345,44.10459],[-71.07291,44.10314],[-71.07299,44.10273],[-71.07427,44.1014],[-71.07436,44.1009],[-71.07409,44.10049],[-71.07462,44.09965],[-71.07465,44.09921],[-71.07435,44.09872],[-71.07328,44.09823],[-71.07315,44.09788],[-71.07349,44.09751],[-71.07336,44.09666],[-71.07272,44.0954],[-71.07297,44.09479],[-71.07233,44.09361],[-71.07186,44.09321],[-71.07093,44.0928],[-71.06995,44.09277],[-71.06934,44.09306],[-71.06721,44.09342],[-71.06604,44.09313],[-71.06445,44.09301],[-71.06363,44.09226],[-71.06223,44.09188],[-71.05843,44.08962],[-71.05644,44.08805],[-71.05579,44.08807],[-71.05503,44.08753],[-71.05424,44.08783],[-71.053,44.0876],[-71.05209,44.0869],[-71.05109,44.08644]]}},{"type":"Feature","properties":{"t":456,"n":0},"geometry":{"type":"LineString","coordinates":[[-71.03192,44.11987],[-71.03246,44.12081],[-71.03377,44.12145],[-71.03482,44.12242],[-71.03691,44.12301],[-71.04097,44.12312],[-71.04475,44.12421],[-71.04563,44.12512],[-71.04666,44.12552],[-71.04759,44.12657],[-71.04841,44.12668],[-71.04818,44.12761],[-71.04754,44.12792],[-71.04747,44.12832],[-71.04683,44.129],[-71.04674,44.1297],[-71.04697,44.13039],[-71.04647,44.13134],[-71.04646,44.13178],[-71.04776,44.13236]]}},{"type":"Feature","properties":{"t":512,"n":0},"geometry":{"type":"LineString","coordinates":[[-71.05014,44.13871],[-71.05069,44.13954],[-71.05267,44.14131],[-71.0525,44.14201],[-71.05162,44.14314],[-71.05104,44.1449],[-71.05081,44.14674],[-71.05037,44.1478],[-71.04898,44.14923],[-71.04788,44.14963],[-71.04712,44.14981],[-71.04398,44.14964]]}},{"type":"Feature","properties":{"t":188,"n":2},"geometry":{"type":"LineString","coordinates":[[-71.07591,44.25004],[-71.07551,44.25015]]}},{"type":"Feature","properties":{"t":188,"n":1},"geometry":{"type":"LineString","coordinates":[[-71.07551,44.25015],[-71.07522,44.25004],[-71.07467,44.24896],[-71.07393,44.24889]]}},{"type":"Feature","properties":{"t":188,"n":0},"geometry":{"type":"LineString","coordinates":[[-71.07393,44.24889],[-71.07252,44.24903],[-71.07181,44.24928],[-71.0711,44.249],[-71.07046,44.24912],[-71.06934,44.24866],[-71.06815,44.24916],[-71.0671,44.24915],[-71.06645,44.24829],[-71.06565,44.24808],[-71.0651,44.24827],[-71.06404,44.24804],[-71.06342,44.2476],[-71.06212,44.24731],[-71.06177,44.24651],[-71.05954,44.24618],[-71.05878,44.24578],[-71.05804,44.24512],[-71.05843,44.24498],[-71.05868,44.24387],[-71.05833,44.24412],[-71.05824,44.2434],[-71.05786,44.24324],[-71.05698,44.2437],[-71.05635,44.24363],[-71.05549,44.2439],[-71.05417,44.24351],[-71.05103,44.24315],[-71.05102,44.24289],[-71.04997,44.24317],[-71.04923,44.24302],[-71.04886,44.24318],[-71.04808,44.24313],[-71.04717,44.24261],[-71.04515,44.24238],[-71.04479,44.2422],[-71.04258,44.24266],[-71.0414,44.24226],[-71.04025,44.24227],[-71.03935,44.24253],[-71.03829,44.24242]]}},{"type":"Feature","properties":{"t":620,"n":0},"geometry":{"type":"LineString","coordinates":[[-71.0617,44.2465],[-71.06063,44.24697],[-71.06041,44.24686],[-71.05904,44.24726],[-71.05805,44.24707],[-71.05677,44.24718],[-71.05563,44.24663],[-71.05316,44.24647],[-71.05159,44.24651],[-71.05007,44.24677]]}},{"type":"Feature","properties":{"t":451,"n":0},"geometry":{"type":"LineString","coordinates":[[-71.21679,44.1606],[-71.21773,44.15886],[-71.2176,44.15828],[-71.21661,44.15775],[-71.21639,44.15702],[-71.21572,44.15731],[-71.21489,44.15712],[-71.21372,44.15725],[-71.21325,44.15698],[-71.21342,44.15631],[-71.21291,44.15619]]}},{"type":"Feature","properties":{"t":163,"n":1},"geometry":{"type":"LineString","coordinates":[[-71.03017,44.23699],[-71.02997,44.23718]]}},{"type":"Feature","properties":{"t":163,"n":0},"geometry":{"type":"LineString","coordinates":[[-71.02997,44.23718],[-71.02882,44.23764]]}},{"type":"Feature","properties":{"t":121,"n":2},"geometry":{"type":"LineString","coordinates":[[-71.07411,44.25253],[-71.07376,44.25239]]}},{"type":"Feature","properties":{"t":121,"n":1},"geometry":{"type":"LineString","coordinates":[[-71.07376,44.25239],[-71.07357,44.25234]]}},{"type":"Feature","properties":{"t":121,"n":0},"geometry":{"type":"LineString","coordinates":[[-71.07357,44.25234],[-71.07263,44.25195],[-71.07114,44.25213],[-71.07044,44.25202],[-71.06932,44.25156],[-71.06786,44.2518],[-71.06654,44.25133],[-71.06479,44.25127],[-71.06403,44.2514],[-71.06333,44.25118],[-71.06229,44.25121],[-71.06048,44.25096],[-71.05934,44.25104],[-71.05814,44.25173],[-71.05732,44.25185],[-71.05517,44.25036],[-71.05486,44.25032],[-71.05422,44.2494],[-71.05341,44.24931],[-71.05124,44.24826],[-71.04984,44.2465],[-71.04836,44.24536],[-71.04707,44.24483],[-71.0445,44.24492],[-71.04183,44.24416],[-71.04035,44.24347],[-71.03945,44.2434],[-71.03827,44.24256],[-71.03793,44.24103],[-71.03764,44.24062],[-71.03484,44.23886],[-71.03159,44.23751]]}},{"type":"Feature","properties":{"t":380,"n":0},"geometry":{"type":"LineString","coordinates":[[-71.01245,44.26331],[-71.01409,44.26351],[-71.0147,44.26388],[-71.01485,44.2644],[-71.01542,44.26493],[-71.01707,44.26559],[-71.02005,44.2657],[-71.02079,44.26521],[-71.02223,44.26468],[-71.02425,44.26561],[-71.0259,44.26574],[-71.02619,44.26562],[-71.02654,44.26499],[-71.02645,44.26429],[-71.02822,44.26365],[-71.02794,44.26245],[-71.02714,44.26173],[-71.02667,44.26071],[-71.02705,44.25983],[-71.02696,44.25884],[-71.02614,44.25748],[-71.02564,44.25474],[-71.02582,44.25417],[-71.02524,44.25294],[-71.02545,44.25009],[-71.02632,44.24931],[-71.02725,44.2491],[-71.02904,44.24983]]}},{"type":"Feature","properties":{"t":26,"n":2},"geometry":{"type":"LineString","coordinates":[[-71.22499,44.24891],[-71.22487,44.24862]]}},{"type":"Feature","properties":{"t":26,"n":1},"geometry":{"type":"LineString","coordinates":[[-71.22487,44.24862],[-71.22524,44.24817],[-71.22433,44.24858],[-71.22351,44.24856],[-71.22304,44.24832],[-71.22217,44.24834],[-71.22253,44.24784],[-71.22331,44.24747],[-71.2237,44.2467],[-71.22424,44.2462],[-71.22378,44.24597],[-71.22446,44.24515],[-71.22463,44.24379],[-71.22571,44.24256],[-71.22593,44.242],[-71.22737,44.24117],[-71.22805,44.24053],[-71.22835,44.2391],[-71.22909,44.23831],[-71.22876,44.23631],[-71.22838,44.23588],[-71.22849,44.23538],[-71.22801,44.23513],[-71.22757,44.2341],[-71.22713,44.23382],[-71.22803,44.23342],[-71.22755,44.23317],[-71.2283,44.23267],[-71.22775,44.23222],[-71.22782,44.23156],[-71.2273,44.23132],[-71.22719,44.23101],[-71.22593,44.2306],[-71.22563,44.23025],[-71.22564,44.22939],[-71.22551,44.22923],[-71.225,44.22921],[-71.22492,44.22875],[-71.2254,44.22848],[-71.22426,44.22678],[-71.22417,44.22626],[-71.22452,44.22582],[-71.22442,44.22534],[-71.22192,44.22459],[-71.22074,44.22459],[-71.21994,44.22421],[-71.21896,44.22318],[-71.21835,44.22129],[-71.21748,44.22023],[-71.21761,44.21985]]}},{"type":"Feature","properties":{"t":192,"n":1},"geometry":{"type":"LineString","coordinates":[[-71.20857,44.21603],[-71.20873,44.21645]]}},{"type":"Feature","properties":{"t":192,"n":0},"geometry":{"type":"LineString","coordinates":[[-71.20873,44.21645],[-71.2085,44.22088],[-71.20974,44.22278]]}},{"type":"Feature","properties":{"t":640,"n":0},"geometry":{"type":"LineString","coordinates":[[-71.16991,44.07211],[-71.16862,44.07262],[-71.16801,44.07328],[-71.16798,44.07376],[-71.16859,44.07463],[-71.1681,44.07495],[-71.16592,44.07442],[-71.16545,44.07442],[-71.16529,44.07459],[-71.16491,44.0744],[-71.16409,44.07463]]}},{"type":"Feature","properties":{"t":244,"n":1},"geometry":{"type":"LineString","coordinates":[[-71.00794,44.23693],[-71.0075,44.2371]]}},{"type":"Feature","properties":{"t":244,"n":0},"geometry":{"type":"LineString","coordinates":[[-71.0075,44.2371],[-71.00705,44.23719],[-71.00655,44.23701],[-71.00571,44.23722],[-71.00503,44.23781],[-71.00419,44.23802],[-71.00249,44.23803],[-71.00178,44.23752],[-71.00138,44.23693],[-71.00075,44.23699],[-70.99875,44.2358],[-70.99744,44.23606],[-70.99553,44.23596],[-70.99455,44.23613],[-70.99441,44.23647],[-70.99403,44.23635],[-70.99326,44.2366],[-70.99123,44.23546],[-70.98868,44.23567],[-70.98795,44.23596],[-70.9871,44.23594],[-70.98685,44.23571],[-70.98787,44.23554],[-70.98882,44.23484],[-70.98856,44.23291],[-70.98833,44.2327],[-70.98922,44.23236],[-70.99055,44.23122]]}},{"type":"Feature","properties":{"t":611,"n":0},"geometry":{"type":"LineString","coordinates":[[-71.14773,44.0092],[-71.15068,44.00959],[-71.15128,44.00937],[-71.15236,44.00952],[-71.15385,44.00946],[-71.15528,44.0089],[-71.15676,44.00974],[-71.15779,44.00963],[-71.15965,44.00983]]}},{"type":"Feature","properties":{"t":40,"n":1},"geometry":{"type":"LineString","coordinates":[[-71.23496,44.14334],[-71.23689,44.14246],[-71.2371,44.14199],[-71.23903,44.14191],[-71.24016,44.14149],[-71.23947,44.14133],[-71.24103,44.14062],[-71.24193,44.13924],[-71.24258,44.13886],[-71.24278,44.13849],[-71.24388,44.13802],[-71.24423,44.13765],[-71.24412,44.13718],[-71.24255,44.13767],[-71.24133,44.1377],[-71.24158,44.13738],[-71.24033,44.13755],[-71.23966,44.13742],[-71.23878,44.13765],[-71.23942,44.13647],[-71.23885,44.13353],[-71.23711,44.13213],[-71.2369,44.13148],[-71.2353,44.13026],[-71.23587,44.12888],[-71.23667,44.12843],[-71.23723,44.12728],[-71.23797,44.1272],[-71.23811,44.12683]]}},{"type":"Feature","properties":{"t":77,"n":1},"geometry":{"type":"LineString","coordinates":[[-71.23722,44.1273],[-71.23581,44.12664],[-71.23596,44.12589],[-71.23577,44.12542],[-71.2361,44.12492]]}},{"type":"Feature","properties":{"t":369,"n":0},"geometry":{"type":"LineString","coordinates":[[-71.21967,44.19296],[-71.21902,44.19032],[-71.21904,44.18953],[-71.21909,44.18887],[-71.21986,44.18765],[-71.22457,44.18643],[-71.22513,44.18649],[-71.22707,44.18615]]}},{"type":"Feature","properties":{"t":369,"n":0},"geometry":{"type":"LineString","coordinates":[[-71.21473,44.20229],[-71.21522,44.20181],[-71.21659,44.20127],[-71.21643,44.20091],[-71.21557,44.20044],[-71.21496,44.19956],[-71.21546,44.19828],[-71.2153,44.19791],[-71.21652,44.19678],[-71.21635,44.19602],[-71.21661,44.19527]]}},{"type":"Feature","properties":{"t":489,"n":0},"geometry":{"type":"LineString","coordinates":[[-71.06719,44.17311],[-71.06811,44.17349],[-71.06911,44.17363],[-71.07027,44.17354],[-71.07194,44.17304],[-71.07202,44.17284],[-71.07393,44.17194],[-71.07435,44.17156],[-71.0744,44.17101],[-71.07587,44.17022],[-71.07662,44.17018],[-71.07718,44.1704],[-71.07771,44.17005],[-71.07868,44.17007],[-71.08221,44.16934],[-71.08405,44.16992],[-71.08587,44.17007],[-71.08733,44.16996],[-71.08804,44.1702]]}},{"type":"Feature","properties":{"t":256,"n":0},"geometry":{"type":"LineString","coordinates":[[-71.06913,44.20201],[-71.06868,44.20262],[-71.06878,44.20693],[-71.06793,44.20764],[-71.06751,44.20856],[-71.06901,44.21332],[-71.06961,44.21447],[-71.0704,44.21537],[-71.07055,44.21643],[-71.06898,44.22052],[-71.06775,44.22226],[-71.06755,44.22374],[-71.06722,44.22416]]}},{"type":"Feature","properties":{"t":692,"n":0},"geometry":{"type":"LineString","coordinates":[[-71.06112,44.20146],[-71.06165,44.20116],[-71.06237,44.20009],[-71.06344,44.19984],[-71.06519,44.19978],[-71.06595,44.19945],[-71.06696,44.19969],[-71.06731,44.19943]]}},{"type":"Feature","properties":{"t":101,"n":3},"geometry":{"type":"LineString","coordinates":[[-71.19803,44.21479],[-71.19769,44.21489]]}},{"type":"Feature","properties":{"t":101,"n":2},"geometry":{"type":"LineString","coordinates":[[-71.19769,44.21489],[-71.1966,44.21533]]}},{"type":"Feature","properties":{"t":101,"n":2},"geometry":{"type":"LineString","coordinates":[[-71.1966,44.21718],[-71.19691,44.21607],[-71.19629,44.21501]]}},{"type":"Feature","properties":{"t":101,"n":0},"geometry":{"type":"LineString","coordinates":[[-71.19629,44.21501],[-71.19577,44.21464],[-71.19569,44.21412]]}},{"type":"Feature","properties":{"t":478,"n":0},"geometry":{"type":"LineString","coordinates":[[-71.13162,44.16463],[-71.13216,44.16361],[-71.13221,44.16259],[-71.13187,44.16186],[-71.13207,44.16152],[-71.13158,44.16121]]}},{"type":"Feature","properties":{"t":709,"n":0},"geometry":{"type":"LineString","coordinates":[[-71.13158,44.16121],[-71.1297,44.16053]]}},{"type":"Feature","properties":{"t":709,"n":0},"geometry":{"type":"LineString","coordinates":[[-71.13209,44.16158],[-71.13237,44.16161]]}},{"type":"Feature","properties":{"t":710,"n":0},"geometry":{"type":"LineString","coordinates":[[-71.14091,44.18271],[-71.13866,44.18077],[-71.13869,44.17962],[-71.13836,44.18003],[-71.13866,44.18027]]}},{"type":"Feature","properties":{"t":725,"n":0},"geometry":{"type":"LineString","coordinates":[[-71.13906,44.18655],[-71.13887,44.18583],[-71.1392,44.18495],[-71.13912,44.1845],[-71.14049,44.18413],[-71.14073,44.18368]]}},{"type":"Feature","properties":{"t":444,"n":0},"geometry":{"type":"LineString","coordinates":[[-71.1303,44.16778],[-71.13107,44.16785],[-71.1315,44.16824],[-71.13166,44.16896],[-71.13293,44.1694],[-71.13365,44.16925],[-71.13546,44.17031],[-71.13628,44.16971],[-71.137,44.16984],[-71.13842,44.16903],[-71.13915,44.16895],[-71.13962,44.16856],[-71.13983,44.16754],[-71.13914,44.16528],[-71.13973,44.16444],[-71.141,44.16358],[-71.1424,44.16325],[-71.14499,44.16324],[-71.14605,44.16285],[-71.14703,44.163],[-71.14776,44.16286],[-71.14912,44.1623],[-71.14989,44.16228],[-71.15066,44.16194],[-71.15064,44.16162]]}},{"type":"Feature","properties":{"t":575,"n":0},"geometry":{"type":"LineString","coordinates":[[-71.16917,44.06618],[-71.16846,44.06595],[-71.16825,44.06558],[-71.16701,44.06512],[-71.16645,44.06439],[-71.16654,44.06341],[-71.16718,44.06315]]}},{"type":"Feature","properties":{"t":174,"n":1},"geometry":{"type":"LineString","coordinates":[[-71.03943,44.23488],[-71.0393,44.2345]]}},{"type":"Feature","properties":{"t":174,"n":0},"geometry":{"type":"LineString","coordinates":[[-71.0393,44.2345],[-71.03837,44.23272],[-71.03847,44.23255]]}},{"type":"Feature","properties":{"t":174,"n":0},"geometry":{"type":"LineString","coordinates":[[-71.03837,44.23272],[-71.03729,44.2334],[-71.037,44.23379],[-71.0367,44.23473],[-71.03697,44.2354]]}},{"type":"Feature","properties":{"t":174,"n":1},"geometry":{"type":"LineString","coordinates":[[-71.03697,44.2354],[-71.03712,44.23574]]}},{"type":"Feature","properties":{"t":765,"n":0},"geometry":{"type":"LineString","coordinates":[[-71.00067,44.23302],[-71.00047,44.23418],[-70.99959,44.23497],[-70.99902,44.23522]]}},{"type":"Feature","properties":{"t":269,"n":0},"geometry":{"type":"LineString","coordinates":[[-70.99055,44.23122],[-70.99162,44.23166],[-70.99224,44.23264],[-70.99315,44.23291],[-70.99393,44.23386],[-70.99453,44.23378],[-70.99494,44.23441],[-70.99548,44.23474],[-70.99619,44.23445],[-70.99685,44.2346],[-70.99787,44.23427],[-70.99843,44.23339],[-70.99952,44.2335],[-71.00144,44.23265],[-71.00219,44.23294],[-71.00318,44.23268],[-71.00352,44.23277],[-71.0043,44.23311],[-71.00502,44.23403],[-71.00512,44.23448],[-71.00757,44.23705]]}},{"type":"Feature","properties":{"t":269,"n":1},"geometry":{"type":"LineString","coordinates":[[-71.00757,44.23705],[-71.0076,44.23708]]}},{"type":"Feature","properties":{"t":50,"n":1},"geometry":{"type":"LineString","coordinates":[[-71.00794,44.23693],[-71.00844,44.23841],[-71.0081,44.23913],[-71.00687,44.24052],[-71.0067,44.24106],[-71.00675,44.24236],[-71.00754,44.24422],[-71.00738,44.24543],[-71.00759,44.24587],[-71.00692,44.24637],[-71.00595,44.24673],[-71.00516,44.24769],[-71.00446,44.24816],[-71.00415,44.24921],[-71.00437,44.24955],[-71.00569,44.25026],[-71.00669,44.25132]]}},{"type":"Feature","properties":{"t":249,"n":0},"geometry":{"type":"LineString","coordinates":[[-71.13021,44.19189],[-71.13106,44.19218],[-71.13146,44.19359],[-71.13134,44.19403],[-71.1317,44.19523],[-71.13164,44.19581],[-71.13223,44.19712],[-71.13275,44.19756],[-71.13287,44.19823],[-71.13266,44.19926],[-71.13243,44.19962],[-71.13085,44.20074],[-71.13085,44.2014],[-71.13152,44.20221],[-71.13096,44.20389],[-71.13101,44.20642],[-71.13066,44.20761],[-71.13015,44.20799],[-71.12699,44.20903],[-71.12611,44.21026],[-71.12474,44.2116],[-71.12451,44.21228],[-71.12482,44.21628],[-71.12823,44.22203],[-71.12886,44.22372],[-71.12985,44.2252],[-71.1306,44.22587],[-71.13137,44.22724],[-71.13209,44.22925],[-71.13395,44.23075],[-71.13398,44.23124],[-71.13435,44.23168],[-71.13551,44.23147],[-71.13713,44.23172],[-71.13748,44.23198],[-71.13758,44.23234],[-71.1373,44.23312],[-71.13761,44.23381],[-71.13772,44.23683],[-71.13734,44.23839]]}},{"type":"Feature","properties":{"t":249,"n":1},"geometry":{"type":"LineString","coordinates":[[-71.13734,44.23839],[-71.13728,44.23851]]}},{"type":"Feature","properties":{"t":249,"n":2},"geometry":{"type":"LineString","coordinates":[[-71.13728,44.23851],[-71.13717,44.23888]]}},{"type":"Feature","properties":{"t":743,"n":0},"geometry":{"type":"LineString","coordinates":[[-71.10763,44.17251],[-71.10828,44.17495],[-71.10887,44.17565]]}},{"type":"Feature","properties":{"t":714,"n":0},"geometry":{"type":"LineString","coordinates":[[-71.249,44.18795],[-71.24826,44.1884],[-71.24823,44.18933],[-71.24777,44.19038],[-71.24729,44.19076],[-71.2459,44.19118]]}},{"type":"Feature","properties":{"t":121,"n":0},"geometry":{"type":"LineString","coordinates":[[-71.03159,44.23751],[-71.03158,44.23744]]}},{"type":"Feature","properties":{"t":487,"n":0},"geometry":{"type":"LineString","coordinates":[[-71.1419,44.01072],[-71.14235,44.01204],[-71.14105,44.01185],[-71.1412,44.01233],[-71.141,44.01318],[-71.14131,44.01324],[-71.14142,44.01286],[-71.14236,44.01306],[-71.143,44.01409],[-71.14308,44.01463],[-71.14483,44.01585],[-71.1457,44.01597],[-71.1455,44.01534],[-71.14639,44.01485],[-71.14809,44.01574],[-71.14959,44.01562],[-71.14978,44.01578],[-71.15018,44.01493],[-71.15091,44.01458],[-71.15169,44.01464],[-71.15254,44.01445],[-71.15297,44.01417]]}},{"type":"Feature","properties":{"t":136,"n":1},"geometry":{"type":"LineString","coordinates":[[-71.18835,44.00332],[-71.18829,44.00339]]}},{"type":"Feature","properties":{"t":375,"n":0},"geometry":{"type":"LineString","coordinates":[[-71.17292,44.05428],[-71.17109,44.05427],[-71.1698,44.05382],[-71.16991,44.0542],[-71.17053,44.05435]]}},{"type":"Feature","properties":{"t":136,"n":0},"geometry":{"type":"LineString","coordinates":[[-71.1706,44.07166],[-71.17105,44.07177],[-71.17158,44.07222],[-71.17187,44.07219],[-71.17186,44.0713],[-71.17213,44.07075],[-71.1728,44.07047],[-71.1737,44.06954],[-71.17446,44.06965],[-71.17497,44.06946],[-71.17595,44.06841],[-71.17716,44.06802],[-71.17773,44.06743]]}},{"type":"Feature","properties":{"t":375,"n":0},"geometry":{"type":"LineString","coordinates":[[-71.17053,44.05435],[-71.1707,44.05481],[-71.17111,44.05502],[-71.1711,44.05544],[-71.17045,44.05618],[-71.17045,44.05655],[-71.16948,44.05752],[-71.16929,44.05794],[-71.16945,44.05861],[-71.16871,44.05989]]}},{"type":"Feature","properties":{"t":375,"n":0},"geometry":{"type":"LineString","coordinates":[[-71.17542,44.05194],[-71.17387,44.0535],[-71.17293,44.05355],[-71.17292,44.05428]]}},{"type":"Feature","properties":{"t":689,"n":0},"geometry":{"type":"LineString","coordinates":[[-71.14772,44.02386],[-71.14647,44.02343],[-71.14483,44.02322],[-71.14354,44.02347],[-71.14272,44.0233],[-71.14177,44.02352],[-71.14123,44.02434],[-71.141,44.02436]]}},{"type":"Feature","properties":{"t":794,"n":0},"geometry":{"type":"LineString","coordinates":[[-71.14743,44.02883],[-71.14855,44.02766]]}},{"type":"Feature","properties":{"t":534,"n":0},"geometry":{"type":"LineString","coordinates":[[-71.16974,44.03947],[-71.17021,44.03953],[-71.17146,44.04017],[-71.17222,44.04017],[-71.17327,44.03951],[-71.17533,44.03927],[-71.17578,44.03881]]}},{"type":"Feature","properties":{"t":326,"n":0},"geometry":{"type":"LineString","coordinates":[[-71.10428,44.15789],[-71.10615,44.15835],[-71.10697,44.15892],[-71.10771,44.16091],[-71.10749,44.16185],[-71.10764,44.16231],[-71.10804,44.16264],[-71.10909,44.16292],[-71.10982,44.16339],[-71.11037,44.16505],[-71.11174,44.16678]]}},{"type":"Feature","properties":{"t":326,"n":0},"geometry":{"type":"LineString","coordinates":[[-71.10668,44.1546],[-71.10726,44.15476],[-71.10759,44.15513],[-71.10682,44.15658],[-71.10549,44.15696],[-71.10487,44.15761],[-71.10428,44.15789]]}},{"type":"Feature","properties":{"t":326,"n":0},"geometry":{"type":"LineString","coordinates":[[-71.11161,44.17264],[-71.11216,44.17364],[-71.11382,44.17446],[-71.11396,44.17491],[-71.11509,44.17612],[-71.11561,44.1764],[-71.11723,44.17654],[-71.11785,44.1769],[-71.11838,44.17834],[-71.12157,44.1806],[-71.12208,44.18082],[-71.12368,44.18104],[-71.12454,44.18142],[-71.12493,44.182],[-71.1252,44.18422],[-71.1258,44.18561],[-71.12671,44.18661],[-71.12736,44.18791],[-71.12866,44.18869],[-71.12911,44.18988],[-71.12973,44.19042]]}},{"type":"Feature","properties":{"t":249,"n":0},"geometry":{"type":"LineString","coordinates":[[-71.12973,44.19042],[-71.13002,44.19074],[-71.13021,44.19189]]}},{"type":"Feature","properties":{"t":515,"n":0},"geometry":{"type":"LineString","coordinates":[[-71.01534,44.09559],[-71.01631,44.09605],[-71.02197,44.10179],[-71.02301,44.10224],[-71.02542,44.10204],[-71.02724,44.10221],[-71.0311,44.10207],[-71.03197,44.10219]]}},{"type":"Feature","properties":{"t":423,"n":0},"geometry":{"type":"LineString","coordinates":[[-71.03812,44.1668],[-71.03762,44.16329]]}},{"type":"Feature","properties":{"t":698,"n":0},"geometry":{"type":"LineString","coordinates":[[-71.03812,44.1668],[-71.03916,44.16676],[-71.03977,44.16791],[-71.03982,44.16851],[-71.04145,44.17027],[-71.04147,44.17078]]}},{"type":"Feature","properties":{"t":423,"n":0},"geometry":{"type":"LineString","coordinates":[[-71.0245,44.17479],[-71.03022,44.17434],[-71.03078,44.17353],[-71.03165,44.1728],[-71.03187,44.17221],[-71.0325,44.17193],[-71.03446,44.16952],[-71.03764,44.16824],[-71.03802,44.16783],[-71.03812,44.1668]]}},{"type":"Feature","properties":{"t":650,"n":0},"geometry":{"type":"LineString","coordinates":[[-71.03135,44.19264],[-71.02958,44.19522],[-71.02788,44.19893],[-71.02712,44.19947]]}},{"type":"Feature","properties":{"t":651,"n":0},"geometry":{"type":"LineString","coordinates":[[-71.0376,44.16328],[-71.03946,44.16463],[-71.04114,44.1653],[-71.04329,44.16668],[-71.0439,44.16662],[-71.04474,44.16607],[-71.04568,44.1659]]}},{"type":"Feature","properties":{"t":693,"n":0},"geometry":{"type":"LineString","coordinates":[[-71.02721,44.15326],[-71.02608,44.15502],[-71.02475,44.15598],[-71.02454,44.15655],[-71.02477,44.15741],[-71.0246,44.15809]]}},{"type":"Feature","properties":{"t":690,"n":0},"geometry":{"type":"LineString","coordinates":[[-71.02455,44.1566],[-71.02422,44.15664],[-71.02306,44.15603],[-71.02225,44.15547],[-71.02208,44.15491],[-71.02072,44.15397],[-71.01884,44.15462]]}},{"type":"Feature","properties":{"t":263,"n":0},"geometry":{"type":"LineString","coordinates":[[-71.03985,44.0854],[-71.03973,44.08538]]}},{"type":"Feature","properties":{"t":263,"n":0},"geometry":{"type":"LineString","coordinates":[[-71.04053,44.0828],[-71.04081,44.08345],[-71.04077,44.08536],[-71.03985,44.0854]]}},{"type":"Feature","properties":{"t":676,"n":0},"geometry":{"type":"LineString","coordinates":[[-71.03198,44.12037],[-71.03263,44.12174],[-71.03227,44.12315],[-71.03373,44.12406],[-71.03484,44.1259]]}},{"type":"Feature","properties":{"t":717,"n":0},"geometry":{"type":"LineString","coordinates":[[-71.02449,44.08786],[-71.02325,44.08796],[-71.02208,44.08831],[-71.02116,44.08768],[-71.01934,44.08698]]}},{"type":"Feature","properties":{"t":759,"n":0},"geometry":{"type":"LineString","coordinates":[[-71.12018,44.14884],[-71.11832,44.14765],[-71.11767,44.14745],[-71.11714,44.14756]]}},{"type":"Feature","properties":{"t":766,"n":0},"geometry":{"type":"LineString","coordinates":[[-71.10376,44.13227],[-71.1033,44.1324],[-71.10241,44.13319],[-71.10085,44.13384]]}},{"type":"Feature","properties":{"t":774,"n":0},"geometry":{"type":"LineString","coordinates":[[-71.09467,44.16295],[-71.09431,44.16351],[-71.0943,44.16443],[-71.09477,44.16502]]}},{"type":"Feature","properties":{"t":775,"n":0},"geometry":{"type":"LineString","coordinates":[[-71.10763,44.17251],[-71.10513,44.17385]]}},{"type":"Feature","properties":{"t":573,"n":0},"geometry":{"type":"LineString","coordinates":[[-71.12082,44.17912],[-71.12106,44.1786],[-71.12165,44.17841],[-71.12185,44.17812],[-71.12116,44.17767],[-71.11996,44.17793],[-71.11921,44.17752],[-71.11893,44.17651],[-71.11931,44.17501],[-71.11907,44.17434],[-71.11846,44.1736],[-71.11729,44.17328],[-71.11576,44.17214],[-71.11546,44.17183],[-71.11525,44.17101]]}},{"type":"Feature","properties":{"t":699,"n":0},"geometry":{"type":"LineString","coordinates":[[-71.14096,44.18805],[-71.14302,44.18934],[-71.14371,44.19004],[-71.14495,44.19236]]}},{"type":"Feature","properties":{"t":786,"n":0},"geometry":{"type":"LineString","coordinates":[[-71.14204,44.19004],[-71.14144,44.19101],[-71.14038,44.19144]]}},{"type":"Feature","properties":{"t":315,"n":0},"geometry":{"type":"LineString","coordinates":[[-71.13918,44.18676],[-71.14096,44.18805],[-71.14203,44.18988],[-71.14229,44.19129],[-71.14196,44.19271],[-71.14234,44.19391],[-71.14205,44.19459]]}},{"type":"Feature","properties":{"t":315,"n":0},"geometry":{"type":"LineString","coordinates":[[-71.14205,44.19459],[-71.14205,44.19465]]}},{"type":"Feature","properties":{"t":315,"n":0},"geometry":{"type":"LineString","coordinates":[[-71.13088,44.2104],[-71.12991,44.21039],[-71.12948,44.21077]]}},{"type":"Feature","properties":{"t":315,"n":0},"geometry":{"type":"LineString","coordinates":[[-71.1294,44.21085],[-71.12805,44.21258],[-71.12738,44.21301],[-71.1273,44.21361],[-71.12974,44.21524],[-71.1312,44.21782],[-71.1344,44.21932],[-71.13494,44.22019],[-71.13562,44.22044],[-71.13634,44.22101]]}},{"type":"Feature","properties":{"t":315,"n":0},"geometry":{"type":"LineString","coordinates":[[-71.12944,44.21081],[-71.1294,44.21085]]}},{"type":"Feature","properties":{"t":326,"n":0},"geometry":{"type":"LineString","coordinates":[[-71.11174,44.16678],[-71.11173,44.16728],[-71.11091,44.16892],[-71.11136,44.17057],[-71.11128,44.17083],[-71.11052,44.17128],[-71.11044,44.17157],[-71.11054,44.17197],[-71.11161,44.17264]]}},{"type":"Feature","properties":{"t":510,"n":0},"geometry":{"type":"LineString","coordinates":[[-71.08441,44.18612],[-71.0854,44.18686],[-71.0865,44.18709],[-71.08746,44.18694],[-71.08902,44.18746],[-71.08943,44.18792],[-71.09209,44.18843],[-71.09278,44.18839]]}},{"type":"Feature","properties":{"t":683,"n":0},"geometry":{"type":"LineString","coordinates":[[-71.08441,44.18612],[-71.08447,44.1865],[-71.08407,44.18679],[-71.08411,44.18749],[-71.08347,44.18763],[-71.08308,44.18806],[-71.08274,44.18767],[-71.08217,44.18756],[-71.08154,44.1883],[-71.08089,44.1883],[-71.08011,44.18803],[-71.07976,44.1883]]}},{"type":"Feature","properties":{"t":363,"n":0},"geometry":{"type":"LineString","coordinates":[[-71.06925,44.18342],[-71.06724,44.18371],[-71.0663,44.18438],[-71.0641,44.18497],[-71.06359,44.18529],[-71.06266,44.18615],[-71.06246,44.18717],[-71.06091,44.18776],[-71.05987,44.18874],[-71.05914,44.1924]]}},{"type":"Feature","properties":{"t":363,"n":0},"geometry":{"type":"LineString","coordinates":[[-71.05914,44.1924],[-71.05834,44.19314],[-71.05666,44.19311],[-71.0561,44.19264],[-71.05565,44.19177],[-71.054,44.19063],[-71.05321,44.18961]]}},{"type":"Feature","properties":{"t":748,"n":0},"geometry":{"type":"LineString","coordinates":[[-71.07361,44.2085],[-71.07367,44.21013],[-71.07299,44.21041],[-71.0735,44.2108],[-71.07353,44.21119]]}},{"type":"Feature","properties":{"t":363,"n":0},"geometry":{"type":"LineString","coordinates":[[-71.0874,44.17676],[-71.08608,44.17644],[-71.08524,44.17666],[-71.08228,44.17849],[-71.0811,44.17997],[-71.07967,44.18049],[-71.07868,44.18045],[-71.07733,44.17986],[-71.07646,44.17985]]}},{"type":"Feature","properties":{"t":694,"n":0},"geometry":{"type":"LineString","coordinates":[[-71.06855,44.17694],[-71.06812,44.1768],[-71.06752,44.17531],[-71.06618,44.17469],[-71.06626,44.1737],[-71.06559,44.17249]]}},{"type":"Feature","properties":{"t":493,"n":0},"geometry":{"type":"LineString","coordinates":[[-71.06925,44.18342],[-71.06721,44.1828],[-71.06615,44.18287],[-71.06525,44.18251],[-71.06358,44.18247],[-71.06297,44.18291],[-71.06198,44.18306],[-71.06067,44.18378],[-71.06039,44.18434],[-71.05957,44.18475],[-71.05904,44.1856],[-71.05896,44.18585],[-71.0594,44.18666],[-71.05927,44.18695],[-71.058,44.18737],[-71.058,44.18784],[-71.05744,44.18834],[-71.05737,44.18904],[-71.05914,44.19215]]}},{"type":"Feature","properties":{"t":820,"n":0},"geometry":{"type":"LineString","coordinates":[[-71.069,44.20194],[-71.06833,44.2021],[-71.06815,44.20262]]}},{"type":"Feature","properties":{"t":254,"n":0},"geometry":{"type":"LineString","coordinates":[[-71.0054,44.22552],[-71.00459,44.22569],[-71.00349,44.22565],[-71.0032,44.22586],[-71.00235,44.22583],[-70.99662,44.22683],[-70.99586,44.22665],[-70.9919,44.2241],[-70.99004,44.22193],[-70.9887,44.22104],[-70.98827,44.22042],[-70.98615,44.22029]]}},{"type":"Feature","properties":{"t":426,"n":0},"geometry":{"type":"LineString","coordinates":[[-71.1554,44.17806],[-71.15547,44.17802]]}},{"type":"Feature","properties":{"t":130,"n":3},"geometry":{"type":"LineString","coordinates":[[-71.19849,44.21525],[-71.19856,44.21532]]}},{"type":"Feature","properties":{"t":130,"n":1},"geometry":{"type":"LineString","coordinates":[[-71.19856,44.21532],[-71.2007,44.21776],[-71.19989,44.21986],[-71.19925,44.2207]]}},{"type":"Feature","properties":{"t":130,"n":1},"geometry":{"type":"LineString","coordinates":[[-71.19925,44.2207],[-71.19917,44.22077]]}},{"type":"Feature","properties":{"t":130,"n":1},"geometry":{"type":"LineString","coordinates":[[-71.19917,44.22077],[-71.19872,44.22088],[-71.19734,44.22028],[-71.19688,44.22086],[-71.19691,44.2219],[-71.19653,44.22239],[-71.19417,44.22361],[-71.19323,44.22374],[-71.19248,44.22425],[-71.19179,44.22424],[-71.1912,44.22374],[-71.19024,44.22351],[-71.19032,44.2223],[-71.1898,44.22204]]}},{"type":"Feature","properties":{"t":130,"n":1},"geometry":{"type":"LineString","coordinates":[[-71.1898,44.22204],[-71.18964,44.22199]]}},{"type":"Feature","properties":{"t":241,"n":0},"geometry":{"type":"LineString","coordinates":[[-71.20683,44.20997],[-71.20595,44.21074],[-71.20476,44.21092],[-71.20413,44.2117],[-71.20277,44.21176],[-71.20233,44.21285],[-71.2015,44.21332],[-71.20141,44.21383]]}},{"type":"Feature","properties":{"t":241,"n":1},"geometry":{"type":"LineString","coordinates":[[-71.20141,44.21383],[-71.2014,44.21414]]}},{"type":"Feature","properties":{"t":241,"n":0},"geometry":{"type":"LineString","coordinates":[[-71.20691,44.20993],[-71.20683,44.20997]]}},{"type":"Feature","properties":{"t":369,"n":0},"geometry":{"type":"LineString","coordinates":[[-71.20724,44.20979],[-71.20671,44.20966]]}},{"type":"Feature","properties":{"t":369,"n":0},"geometry":{"type":"LineString","coordinates":[[-71.20671,44.20966],[-71.20666,44.20966]]}},{"type":"Feature","properties":{"t":178,"n":1},"geometry":{"type":"LineString","coordinates":[[-71.19248,44.22425],[-71.19259,44.22457]]}},{"type":"Feature","properties":{"t":178,"n":0},"geometry":{"type":"LineString","coordinates":[[-71.19259,44.22457],[-71.1925,44.22539],[-71.19319,44.2259],[-71.1927,44.22699]]}},{"type":"Feature","properties":{"t":186,"n":1},"geometry":{"type":"LineString","coordinates":[[-71.19523,44.22307],[-71.19566,44.22307]]}},{"type":"Feature","properties":{"t":186,"n":0},"geometry":{"type":"LineString","coordinates":[[-71.19566,44.22307],[-71.19725,44.22324],[-71.19678,44.22431],[-71.19767,44.22484],[-71.19777,44.22522]]}},{"type":"Feature","properties":{"t":612,"n":0},"geometry":{"type":"LineString","coordinates":[[-71.21594,44.15079],[-71.21709,44.15121],[-71.21723,44.15146],[-71.2148,44.15183],[-71.21539,44.15288],[-71.21479,44.15351],[-71.21483,44.15385]]}},{"type":"Feature","properties":{"t":424,"n":0},"geometry":{"type":"LineString","coordinates":[[-71.21669,44.14977],[-71.21774,44.14976],[-71.22156,44.15077],[-71.22543,44.15227],[-71.22689,44.15252],[-71.23913,44.15599],[-71.241,44.15633],[-71.24213,44.15616],[-71.2428,44.15624],[-71.24511,44.15678],[-71.24734,44.15764]]}},{"type":"Feature","properties":{"t":451,"n":0},"geometry":{"type":"LineString","coordinates":[[-71.2109,44.15676],[-71.21134,44.15693]]}},{"type":"Feature","properties":{"t":451,"n":0},"geometry":{"type":"LineString","coordinates":[[-71.2108,44.15667],[-71.2109,44.15676]]}},{"type":"Feature","properties":{"t":737,"n":0},"geometry":{"type":"LineString","coordinates":[[-71.24479,44.21321],[-71.24367,44.21333],[-71.24288,44.21392],[-71.24264,44.21443],[-71.2421,44.21416],[-71.24182,44.21346]]}},{"type":"Feature","properties":{"t":254,"n":0},"geometry":{"type":"LineString","coordinates":[[-71.00301,44.24832],[-71.0038,44.24903]]}},{"type":"Feature","properties":{"t":254,"n":1},"geometry":{"type":"LineString","coordinates":[[-71.0038,44.24903],[-71.00416,44.24936]]}},{"type":"Feature","properties":{"t":315,"n":0},"geometry":{"type":"LineString","coordinates":[[-71.14205,44.19465],[-71.14149,44.19582],[-71.14149,44.19652]]}},{"type":"Feature","properties":{"t":405,"n":0},"geometry":{"type":"LineString","coordinates":[[-71.14507,44.20065],[-71.14629,44.20094],[-71.1502,44.20281]]}},{"type":"Feature","properties":{"t":405,"n":0},"geometry":{"type":"LineString","coordinates":[[-71.14149,44.19652],[-71.14221,44.19687],[-71.14306,44.19834],[-71.14428,44.19949],[-71.14507,44.20065]]}},{"type":"Feature","properties":{"t":405,"n":0},"geometry":{"type":"LineString","coordinates":[[-71.1606,44.20261],[-71.16103,44.20238],[-71.16132,44.20257],[-71.16189,44.20258],[-71.16282,44.20184],[-71.16293,44.20103],[-71.16339,44.20074],[-71.16453,44.19793],[-71.16446,44.19697]]}},{"type":"Feature","properties":{"t":426,"n":0},"geometry":{"type":"LineString","coordinates":[[-71.14091,44.18271],[-71.14246,44.18258],[-71.14338,44.18228],[-71.14505,44.18241],[-71.14626,44.18168]]}},{"type":"Feature","properties":{"t":725,"n":0},"geometry":{"type":"LineString","coordinates":[[-71.13879,44.18661],[-71.13906,44.18655]]}},{"type":"Feature","properties":{"t":315,"n":0},"geometry":{"type":"LineString","coordinates":[[-71.12989,44.18288],[-71.133,44.18382],[-71.13349,44.18446],[-71.13594,44.18542],[-71.13627,44.18592],[-71.13748,44.18642],[-71.13918,44.18676]]}},{"type":"Feature","properties":{"t":426,"n":0},"geometry":{"type":"LineString","coordinates":[[-71.14073,44.18368],[-71.14091,44.18271]]}},{"type":"Feature","properties":{"t":426,"n":0},"geometry":{"type":"LineString","coordinates":[[-71.13145,44.18547],[-71.13222,44.1846],[-71.13227,44.18356],[-71.13282,44.18351],[-71.13595,44.18404],[-71.1372,44.18469],[-71.14073,44.18368]]}},{"type":"Feature","properties":{"t":504,"n":0},"geometry":{"type":"LineString","coordinates":[[-71.16446,44.19697],[-71.16362,44.19535],[-71.16437,44.1932],[-71.16402,44.1924],[-71.16452,44.19179],[-71.1647,44.19115],[-71.16281,44.18827],[-71.16049,44.1861],[-71.15931,44.18569]]}},{"type":"Feature","properties":{"t":130,"n":0},"geometry":{"type":"LineString","coordinates":[[-71.18259,44.21334],[-71.18217,44.211],[-71.18282,44.20902]]}},{"type":"Feature","properties":{"t":241,"n":0},"geometry":{"type":"LineString","coordinates":[[-71.20724,44.20979],[-71.20691,44.20993]]}},{"type":"Feature","properties":{"t":241,"n":0},"geometry":{"type":"LineString","coordinates":[[-71.20807,44.20638],[-71.20754,44.20691],[-71.20776,44.2087],[-71.20724,44.20979]]}},{"type":"Feature","properties":{"t":369,"n":0},"geometry":{"type":"LineString","coordinates":[[-71.21637,44.19617],[-71.21715,44.196],[-71.2189,44.19512],[-71.21963,44.19446],[-71.21988,44.19365],[-71.21967,44.19296]]}},{"type":"Feature","properties":{"t":241,"n":0},"geometry":{"type":"LineString","coordinates":[[-71.22022,44.20767],[-71.21971,44.20708],[-71.21965,44.20567],[-71.21923,44.20421],[-71.21862,44.20335],[-71.21818,44.20314],[-71.2163,44.2029],[-71.21545,44.20224],[-71.21473,44.20229]]}},{"type":"Feature","properties":{"t":451,"n":0},"geometry":{"type":"LineString","coordinates":[[-71.20487,44.15272],[-71.20653,44.15382],[-71.20731,44.15469],[-71.20953,44.15557],[-71.2108,44.15667]]}},{"type":"Feature","properties":{"t":451,"n":0},"geometry":{"type":"LineString","coordinates":[[-71.21291,44.15619],[-71.21236,44.15629],[-71.21134,44.15693]]}},{"type":"Feature","properties":{"t":509,"n":0},"geometry":{"type":"LineString","coordinates":[[-71.24147,44.20034],[-71.24043,44.20207],[-71.24038,44.20264],[-71.24085,44.20372],[-71.24041,44.20403]]}},{"type":"Feature","properties":{"t":424,"n":0},"geometry":{"type":"LineString","coordinates":[[-71.21557,44.14932],[-71.21669,44.14977]]}},{"type":"Feature","properties":{"t":612,"n":0},"geometry":{"type":"LineString","coordinates":[[-71.21483,44.15385],[-71.21528,44.15401],[-71.21669,44.154]]}},{"type":"Feature","properties":{"t":612,"n":0},"geometry":{"type":"LineString","coordinates":[[-71.21347,44.14902],[-71.21594,44.15079]]}},{"type":"Feature","properties":{"t":426,"n":0},"geometry":{"type":"LineString","coordinates":[[-71.15464,44.17832],[-71.1554,44.17806]]}},{"type":"Feature","properties":{"t":363,"n":0},"geometry":{"type":"LineString","coordinates":[[-71.08749,44.17679],[-71.0874,44.17676]]}},{"type":"Feature","properties":{"t":384,"n":0},"geometry":{"type":"LineString","coordinates":[[-71.08505,44.17945],[-71.08542,44.17923]]}},{"type":"Feature","properties":{"t":504,"n":0},"geometry":{"type":"LineString","coordinates":[[-71.16816,44.19822],[-71.16744,44.19809],[-71.16547,44.19717],[-71.16446,44.19697]]}},{"type":"Feature","properties":{"t":664,"n":0},"geometry":{"type":"LineString","coordinates":[[-71.17245,44.19704],[-71.17245,44.19667],[-71.17172,44.19626],[-71.16969,44.19533],[-71.16867,44.19507],[-71.16795,44.19566],[-71.16766,44.19681],[-71.16687,44.19784]]}},{"type":"Feature","properties":{"t":798,"n":0},"geometry":{"type":"LineString","coordinates":[[-71.16816,44.19822],[-71.16846,44.19874]]}},{"type":"Feature","properties":{"t":575,"n":0},"geometry":{"type":"LineString","coordinates":[[-71.16917,44.06618],[-71.17002,44.06633],[-71.1704,44.06666],[-71.17028,44.06767],[-71.17069,44.06799],[-71.17055,44.06825],[-71.17022,44.06815],[-71.17007,44.0684],[-71.16897,44.06829],[-71.16868,44.06854],[-71.16854,44.06832],[-71.16733,44.0683],[-71.16651,44.06771]]}},{"type":"Feature","properties":{"t":169,"n":1},"geometry":{"type":"LineString","coordinates":[[-71.20457,44.03357],[-71.20424,44.03404],[-71.20382,44.03406],[-71.20315,44.03453],[-71.20315,44.03478],[-71.20218,44.03553],[-71.20175,44.03639],[-71.20095,44.03698],[-71.20045,44.03771]]}},{"type":"Feature","properties":{"t":169,"n":0},"geometry":{"type":"LineString","coordinates":[[-71.20045,44.03771],[-71.19912,44.03897],[-71.19929,44.03966],[-71.19819,44.04018],[-71.19763,44.04066],[-71.19639,44.04104],[-71.19626,44.04136],[-71.1955,44.04192],[-71.19574,44.04283],[-71.19398,44.04347],[-71.1942,44.04434],[-71.19393,44.04461],[-71.19421,44.04484],[-71.19444,44.04586],[-71.19488,44.04625],[-71.19481,44.04707],[-71.19446,44.0473]]}},{"type":"Feature","properties":{"t":325,"n":0},"geometry":{"type":"LineString","coordinates":[[-71.1857,44.04775],[-71.18403,44.04549],[-71.18218,44.04444],[-71.18145,44.04425],[-71.18082,44.04334],[-71.17947,44.04248],[-71.1788,44.04138],[-71.17784,44.04038],[-71.17562,44.03872],[-71.17447,44.03852],[-71.17348,44.03783],[-71.17141,44.03738],[-71.17078,44.03748],[-71.16995,44.03815],[-71.1688,44.03864],[-71.16831,44.0394],[-71.16744,44.03926],[-71.1675,44.03699],[-71.16635,44.03616],[-71.16605,44.03516],[-71.16621,44.03464],[-71.16653,44.03441]]}},{"type":"Feature","properties":{"t":325,"n":0},"geometry":{"type":"LineString","coordinates":[[-71.18574,44.04782],[-71.1857,44.04775]]}},{"type":"Feature","properties":{"t":553,"n":0},"geometry":{"type":"LineString","coordinates":[[-71.17867,44.04937],[-71.17865,44.04856],[-71.17822,44.04734],[-71.17883,44.04709],[-71.17777,44.0465],[-71.17755,44.04615]]}},{"type":"Feature","properties":{"t":553,"n":0},"geometry":{"type":"LineString","coordinates":[[-71.17907,44.04444],[-71.17738,44.04461],[-71.177,44.04569],[-71.17755,44.04615]]}},{"type":"Feature","properties":{"t":609,"n":0},"geometry":{"type":"LineString","coordinates":[[-70.96065,44.24246],[-70.96096,44.24311],[-70.9628,44.24464],[-70.96604,44.24647],[-70.96655,44.24747],[-70.96776,44.24803],[-70.97007,44.2481]]}},{"type":"Feature","properties":{"t":636,"n":0},"geometry":{"type":"LineString","coordinates":[[-70.99639,44.22202],[-70.99508,44.22083],[-70.99416,44.22036],[-70.9916,44.22072],[-70.98603,44.22023]]}},{"type":"Feature","properties":{"t":580,"n":0},"geometry":{"type":"LineString","coordinates":[[-70.95075,44.21146],[-70.95453,44.21568],[-70.95456,44.21634],[-70.9551,44.21767],[-70.95641,44.21982],[-70.95633,44.22151]]}},{"type":"Feature","properties":{"t":845,"n":0},"geometry":{"type":"LineString","coordinates":[[-70.95608,44.21932],[-70.95608,44.21937]]}},{"type":"Feature","properties":{"t":314,"n":0},"geometry":{"type":"LineString","coordinates":[[-70.95608,44.22179],[-70.95642,44.22161],[-70.95686,44.22214],[-70.95774,44.22262],[-70.95972,44.22296],[-70.96126,44.22277],[-70.96184,44.22226],[-70.96413,44.22159],[-70.9646,44.22165],[-70.96487,44.222],[-70.96399,44.22353],[-70.96266,44.22404],[-70.96053,44.22447],[-70.95941,44.22515],[-70.95891,44.22583],[-70.95822,44.22776],[-70.9577,44.22809],[-70.95713,44.22823],[-70.95623,44.22813],[-70.95594,44.22753],[-70.95458,44.22649]]}},{"type":"Feature","properties":{"t":371,"n":0},"geometry":{"type":"LineString","coordinates":[[-70.97414,44.22027],[-70.97065,44.22036],[-70.96822,44.22129],[-70.9664,44.22133],[-70.96486,44.22185]]}},{"type":"Feature","properties":{"t":371,"n":0},"geometry":{"type":"LineString","coordinates":[[-70.95608,44.21932],[-70.95672,44.2192],[-70.95681,44.21773],[-70.95735,44.21717],[-70.9575,44.21668],[-70.95851,44.21667],[-70.95855,44.21723],[-70.9591,44.21746],[-70.95952,44.217],[-70.96049,44.21663],[-70.96243,44.21687],[-70.96311,44.21676],[-70.96372,44.21636],[-70.96549,44.21628],[-70.96584,44.21598],[-70.96712,44.21607],[-70.96868,44.21554],[-70.96835,44.21485],[-70.96862,44.21444],[-70.96916,44.21421],[-70.96969,44.2143],[-70.97058,44.21312],[-70.97163,44.21294],[-70.97212,44.21234],[-70.97248,44.2123]]}},{"type":"Feature","properties":{"t":314,"n":0},"geometry":{"type":"LineString","coordinates":[[-70.95286,44.22494],[-70.95403,44.22345],[-70.95603,44.22443],[-70.95608,44.22179]]}},{"type":"Feature","properties":{"t":314,"n":0},"geometry":{"type":"LineString","coordinates":[[-70.94446,44.23572],[-70.94395,44.23476],[-70.94424,44.23452],[-70.94458,44.23448],[-70.94495,44.23409],[-70.94605,44.23357],[-70.94647,44.23358],[-70.94733,44.23284],[-70.94808,44.2327],[-70.94912,44.23148],[-70.95,44.23123],[-70.95124,44.23152],[-70.95198,44.23148],[-70.95261,44.23094],[-70.95327,44.22953],[-70.95371,44.22928],[-70.95417,44.22933],[-70.95467,44.22855],[-70.95459,44.22645],[-70.95418,44.22585],[-70.95294,44.22497],[-70.95158,44.22515],[-70.95151,44.22491],[-70.9529,44.22326],[-70.95307,44.22204],[-70.95419,44.22059],[-70.95482,44.22032],[-70.95593,44.21939],[-70.95627,44.21938],[-70.95672,44.21997],[-70.95644,44.22118]]}},{"type":"Feature","properties":{"t":112,"n":0},"geometry":{"type":"LineString","coordinates":[[-70.99875,44.2358],[-70.99901,44.23509],[-70.99838,44.2347],[-70.99809,44.23411]]}},{"type":"Feature","properties":{"t":244,"n":0},"geometry":{"type":"LineString","coordinates":[[-70.98892,44.22106],[-70.98764,44.22442],[-70.98802,44.22529],[-70.98814,44.22787],[-70.98771,44.22875],[-70.98836,44.22969],[-70.99028,44.23023],[-70.9903,44.23101],[-70.99055,44.23122]]}},{"type":"Feature","properties":{"t":521,"n":0},"geometry":{"type":"LineString","coordinates":[[-70.93491,44.25423],[-70.93587,44.25418],[-70.93658,44.25306],[-70.93573,44.25266],[-70.93662,44.25191],[-70.94302,44.25051],[-70.94452,44.24978],[-70.94656,44.24962],[-70.94954,44.24904],[-70.95091,44.24816]]}},{"type":"Feature","properties":{"t":554,"n":0},"geometry":{"type":"LineString","coordinates":[[-70.98603,44.22023],[-70.98419,44.21859],[-70.98383,44.21791]]}},{"type":"Feature","properties":{"t":554,"n":0},"geometry":{"type":"LineString","coordinates":[[-70.98373,44.21781],[-70.98299,44.21668],[-70.98146,44.21574],[-70.9801,44.20885]]}},{"type":"Feature","properties":{"t":371,"n":0},"geometry":{"type":"LineString","coordinates":[[-70.97248,44.2123],[-70.97287,44.21326],[-70.97391,44.21423],[-70.97579,44.21834],[-70.97662,44.21892],[-70.97785,44.22034]]}},{"type":"Feature","properties":{"t":832,"n":0},"geometry":{"type":"LineString","coordinates":[[-70.95343,44.21439],[-70.95287,44.21468]]}},{"type":"Feature","properties":{"t":335,"n":0},"geometry":{"type":"LineString","coordinates":[[-71.50412,44.26824],[-71.50325,44.26883]]}},{"type":"Feature","properties":{"t":335,"n":0},"geometry":{"type":"LineString","coordinates":[[-71.50325,44.26883],[-71.50197,44.27029],[-71.50201,44.27105],[-71.50153,44.27141],[-71.5011,44.27221],[-71.50197,44.27313],[-71.50222,44.27374],[-71.50127,44.27472],[-71.50122,44.27694]]}},{"type":"Feature","properties":{"t":751,"n":0},"geometry":{"type":"LineString","coordinates":[[-71.53234,44.25977],[-71.53235,44.2594],[-71.53316,44.25894],[-71.53428,44.25845],[-71.53551,44.2583]]}},{"type":"Feature","properties":{"t":490,"n":0},"geometry":{"type":"LineString","coordinates":[[-71.50588,44.25643],[-71.50822,44.2564],[-71.50959,44.25611],[-71.51005,44.25579],[-71.51067,44.25577],[-71.51166,44.25525],[-71.51423,44.25582],[-71.51607,44.25576],[-71.51657,44.2555],[-71.5172,44.25583],[-71.51764,44.25576],[-71.51801,44.2563],[-71.51871,44.25641],[-71.51921,44.25685],[-71.51933,44.25769],[-71.51916,44.25797],[-71.5185,44.25765],[-71.51788,44.25768],[-71.51819,44.25695]]}},{"type":"Feature","properties":{"t":735,"n":0},"geometry":{"type":"LineString","coordinates":[[-71.49958,44.27981],[-71.50045,44.27908],[-71.50159,44.2786],[-71.50167,44.27796],[-71.50122,44.27694]]}},{"type":"Feature","properties":{"t":795,"n":0},"geometry":{"type":"LineString","coordinates":[[-71.53618,44.25851],[-71.53622,44.25945]]}},{"type":"Feature","properties":{"t":483,"n":0},"geometry":{"type":"LineString","coordinates":[[-71.50163,44.26541],[-71.50321,44.26538],[-71.50386,44.26499],[-71.50416,44.26443],[-71.50501,44.26431],[-71.50683,44.26512],[-71.50889,44.2668],[-71.50941,44.26674],[-71.51073,44.26704],[-71.51162,44.26777],[-71.51187,44.26839],[-71.51092,44.26834],[-71.50777,44.26752],[-71.50483,44.26732],[-71.50354,44.26658],[-71.50218,44.26607],[-71.50163,44.26541]]}},{"type":"Feature","properties":{"t":319,"n":0},"geometry":{"type":"LineString","coordinates":[[-71.50189,44.26482],[-71.50227,44.26509],[-71.50299,44.2649],[-71.50328,44.26203],[-71.5037,44.26194],[-71.50494,44.26223],[-71.50579,44.26187],[-71.50592,44.2615],[-71.50552,44.26067],[-71.50447,44.25951],[-71.50398,44.2584]]}},{"type":"Feature","properties":{"t":319,"n":0},"geometry":{"type":"LineString","coordinates":[[-71.50395,44.25662],[-71.50466,44.25606],[-71.5042,44.25553],[-71.50395,44.25475]]}},{"type":"Feature","properties":{"t":490,"n":0},"geometry":{"type":"LineString","coordinates":[[-71.50541,44.25625],[-71.50531,44.25569],[-71.50455,44.25458]]}},{"type":"Feature","properties":{"t":503,"n":0},"geometry":{"type":"LineString","coordinates":[[-71.65177,44.25388],[-71.65112,44.25545],[-71.65195,44.25663],[-71.65204,44.25723],[-71.65104,44.25856]]}},{"type":"Feature","properties":{"t":476,"n":0},"geometry":{"type":"LineString","coordinates":[[-71.62841,44.26554],[-71.62513,44.26421],[-71.62085,44.26422],[-71.61876,44.26357],[-71.61591,44.26344],[-71.6152,44.26359],[-71.61413,44.26417],[-71.61233,44.2645],[-71.61025,44.26523],[-71.60952,44.26529],[-71.60902,44.26487],[-71.60855,44.26375],[-71.60856,44.26211],[-71.60895,44.26151]]}},{"type":"Feature","properties":{"t":668,"n":0},"geometry":{"type":"LineString","coordinates":[[-71.50634,44.25915],[-71.50618,44.25898],[-71.50633,44.25873],[-71.50585,44.25835],[-71.5049,44.25849]]}},{"type":"Feature","properties":{"t":540,"n":0},"geometry":{"type":"LineString","coordinates":[[-71.53626,44.25811],[-71.5387,44.25771],[-71.54049,44.257],[-71.54216,44.25704],[-71.54405,44.25762],[-71.54582,44.25709],[-71.55167,44.25593]]}},{"type":"Feature","properties":{"t":490,"n":0},"geometry":{"type":"LineString","coordinates":[[-71.50455,44.25458],[-71.50423,44.25426]]}},{"type":"Feature","properties":{"t":490,"n":0},"geometry":{"type":"LineString","coordinates":[[-71.50588,44.25643],[-71.50541,44.25625]]}},{"type":"Feature","properties":{"t":668,"n":0},"geometry":{"type":"LineString","coordinates":[[-71.50541,44.25625],[-71.50492,44.25697],[-71.50635,44.2577]]}},{"type":"Feature","properties":{"t":668,"n":0},"geometry":{"type":"LineString","coordinates":[[-71.50635,44.2577],[-71.50734,44.25863],[-71.50749,44.2592]]}},{"type":"Feature","properties":{"t":288,"n":0},"geometry":{"type":"LineString","coordinates":[[-71.4977,44.32879],[-71.5092,44.32559],[-71.51057,44.32433],[-71.51436,44.32274],[-71.51525,44.32202],[-71.51633,44.32152],[-71.51918,44.32107],[-71.52567,44.32053]]}},{"type":"Feature","properties":{"t":668,"n":0},"geometry":{"type":"LineString","coordinates":[[-71.50749,44.2592],[-71.50736,44.25935],[-71.50644,44.25938]]}},{"type":"Feature","properties":{"t":668,"n":0},"geometry":{"type":"LineString","coordinates":[[-71.50644,44.25938],[-71.50634,44.25915]]}},{"type":"Feature","properties":{"t":795,"n":0},"geometry":{"type":"LineString","coordinates":[[-71.53656,44.25806],[-71.53618,44.25851]]}},{"type":"Feature","properties":{"t":490,"n":0},"geometry":{"type":"LineString","coordinates":[[-71.53551,44.2583],[-71.53618,44.25851]]}},{"type":"Feature","properties":{"t":540,"n":0},"geometry":{"type":"LineString","coordinates":[[-71.55167,44.25593],[-71.55286,44.25574],[-71.55317,44.25583]]}},{"type":"Feature","properties":{"t":540,"n":0},"geometry":{"type":"LineString","coordinates":[[-71.53551,44.2583],[-71.53616,44.25812]]}},{"type":"Feature","properties":{"t":540,"n":0},"geometry":{"type":"LineString","coordinates":[[-71.53616,44.25812],[-71.53626,44.25811]]}},{"type":"Feature","properties":{"t":359,"n":0},"geometry":{"type":"LineString","coordinates":[[-71.33817,44.44831],[-71.33695,44.4487],[-71.33531,44.4502],[-71.33557,44.45096],[-71.33538,44.45269],[-71.33503,44.45307],[-71.33259,44.45496],[-71.33013,44.45618],[-71.33008,44.45658],[-71.32921,44.4573],[-71.32923,44.45764],[-71.33,44.45825],[-71.32997,44.45909],[-71.32927,44.4597],[-71.32889,44.46051],[-71.32912,44.46091],[-71.32895,44.462],[-71.32797,44.46313],[-71.3287,44.46447],[-71.32864,44.46529],[-71.32839,44.4656],[-71.32757,44.466],[-71.327,44.46658],[-71.32608,44.46822],[-71.32181,44.47022],[-71.32143,44.47026],[-71.31917,44.46967],[-71.31855,44.46965],[-71.31789,44.46994],[-71.31777,44.47058],[-71.31863,44.47231],[-71.31783,44.47327],[-71.31741,44.47487],[-71.31701,44.47551],[-71.31642,44.47597],[-71.31557,44.47623]]}},{"type":"Feature","properties":{"t":652,"n":0},"geometry":{"type":"LineString","coordinates":[[-71.41324,44.37397],[-71.41306,44.37147],[-71.41398,44.37033],[-71.4141,44.36961],[-71.41575,44.36822],[-71.41693,44.36766]]}},{"type":"Feature","properties":{"t":377,"n":0},"geometry":{"type":"LineString","coordinates":[[-71.45239,44.35825],[-71.45059,44.35775],[-71.44945,44.35634],[-71.44756,44.35513],[-71.44506,44.35443]]}},{"type":"Feature","properties":{"t":546,"n":0},"geometry":{"type":"LineString","coordinates":[[-71.37691,44.33119],[-71.37397,44.33248],[-71.3723,44.3323],[-71.371,44.33348],[-71.36945,44.33445],[-71.36849,44.33483],[-71.36695,44.3372],[-71.36406,44.33884]]}},{"type":"Feature","properties":{"t":289,"n":0},"geometry":{"type":"LineString","coordinates":[[-71.31159,44.4804],[-71.31121,44.47971],[-71.31043,44.4792],[-71.30922,44.47772],[-71.3076,44.47705],[-71.3058,44.47577],[-71.30462,44.47463],[-71.30355,44.47447],[-71.30266,44.47402],[-71.30031,44.47358],[-71.29647,44.47359],[-71.2905,44.4742],[-71.29019,44.47437],[-71.29009,44.47499],[-71.28988,44.47509],[-71.28242,44.47521],[-71.27592,44.47471],[-71.27486,44.47534],[-71.27417,44.47618],[-71.27205,44.4772],[-71.27139,44.47794],[-71.27121,44.47874],[-71.27171,44.48016],[-71.2715,44.48225],[-71.27103,44.48267],[-71.26923,44.48324],[-71.2682,44.48316],[-71.26477,44.48205],[-71.26278,44.48112],[-71.26104,44.48085],[-71.26049,44.48097],[-71.25809,44.48226],[-71.25633,44.48425],[-71.25625,44.48488],[-71.25689,44.48605],[-71.25679,44.48636],[-71.25539,44.48681],[-71.25431,44.4869],[-71.25359,44.48745],[-71.25231,44.48787],[-71.25058,44.48911],[-71.24929,44.49089],[-71.24762,44.49204],[-71.24713,44.49275],[-71.24682,44.49389],[-71.24524,44.49474],[-71.24398,44.49626],[-71.24419,44.49729],[-71.24477,44.49791],[-71.2458,44.49856],[-71.24581,44.49897]]}},{"type":"Feature","properties":{"t":327,"n":0},"geometry":{"type":"LineString","coordinates":[[-71.3423,44.39899],[-71.34076,44.39848],[-71.34012,44.39848],[-71.33599,44.39942],[-71.33385,44.40116],[-71.33278,44.40174],[-71.33119,44.40239],[-71.32846,44.40307],[-71.32492,44.40499],[-71.3213,44.40635],[-71.31804,44.40809],[-71.31753,44.4088],[-71.31766,44.40949]]}},{"type":"Feature","properties":{"t":417,"n":0},"geometry":{"type":"LineString","coordinates":[[-71.30533,44.44933],[-71.30721,44.44892],[-71.31102,44.4477],[-71.31264,44.44698],[-71.31333,44.4517],[-71.31518,44.45327],[-71.31736,44.45425],[-71.31857,44.45556],[-71.32144,44.45613],[-71.32247,44.45694],[-71.32524,44.457],[-71.32717,44.45737],[-71.32927,44.4597]]}},{"type":"Feature","properties":{"t":270,"n":0},"geometry":{"type":"LineString","coordinates":[[-71.41809,44.49622],[-71.41805,44.49684],[-71.41626,44.49897],[-71.41599,44.49892],[-71.41529,44.49784],[-71.41466,44.4977],[-71.41385,44.49809],[-71.41346,44.49904],[-71.41296,44.49921],[-71.41237,44.50068],[-71.41141,44.50044],[-71.41091,44.50264],[-71.41012,44.50303],[-71.41018,44.5034],[-71.41119,44.50422],[-71.41263,44.5049],[-71.4136,44.50579],[-71.41454,44.50612],[-71.41463,44.50801],[-71.41305,44.50971],[-71.41315,44.51049],[-71.41074,44.51143],[-71.41005,44.51201],[-71.40854,44.51459],[-71.40667,44.51506],[-71.40433,44.51651],[-71.40415,44.51756],[-71.40279,44.51935],[-71.40113,44.52237],[-71.40044,44.52253],[-71.39847,44.52201],[-71.39763,44.52144],[-71.39678,44.5215],[-71.39666,44.52241],[-71.39598,44.52272],[-71.39573,44.52361],[-71.39506,44.52399],[-71.39554,44.52456],[-71.3965,44.52507],[-71.39656,44.52539],[-71.39589,44.52596],[-71.3957,44.52672],[-71.39421,44.52785],[-71.39357,44.52884],[-71.39301,44.52897],[-71.39222,44.52887]]}},{"type":"Feature","properties":{"t":377,"n":0},"geometry":{"type":"LineString","coordinates":[[-71.44204,44.35577],[-71.44106,44.35627],[-71.44036,44.35775],[-71.43966,44.35829],[-71.43406,44.35897],[-71.433,44.35933],[-71.42863,44.36281],[-71.42713,44.36375],[-71.42552,44.36532],[-71.4223,44.36742],[-71.42164,44.36761],[-71.41827,44.36736],[-71.4176,44.36774]]}},{"type":"Feature","properties":{"t":367,"n":0},"geometry":{"type":"LineString","coordinates":[[-71.43248,44.43448],[-71.43283,44.43439],[-71.43295,44.43493],[-71.43356,44.43553],[-71.43435,44.43509],[-71.43456,44.43477],[-71.43485,44.43381],[-71.43558,44.43277],[-71.4349,44.43041],[-71.4354,44.42924],[-71.43657,44.42845],[-71.43885,44.42788],[-71.43951,44.42732],[-71.4405,44.42689],[-71.44308,44.42611],[-71.444,44.42557],[-71.44468,44.42464],[-71.44675,44.42424],[-71.4483,44.42351],[-71.45133,44.42328],[-71.4527,44.42251],[-71.45459,44.4223],[-71.4556,44.42269],[-71.45781,44.42182],[-71.46186,44.42123],[-71.4638,44.42046],[-71.4656,44.41936],[-71.46588,44.4188],[-71.46695,44.41846]]}},{"type":"Feature","properties":{"t":488,"n":0},"geometry":{"type":"LineString","coordinates":[[-71.43387,44.48508],[-71.43303,44.48583],[-71.43082,44.48692],[-71.42545,44.48889],[-71.42144,44.4912],[-71.41839,44.49232],[-71.41802,44.49506],[-71.4184,44.4961],[-71.41809,44.49622]]}},{"type":"Feature","properties":{"t":335,"n":0},"geometry":{"type":"LineString","coordinates":[[-71.49527,44.28867],[-71.49548,44.28833],[-71.49543,44.28572],[-71.49567,44.28443],[-71.49808,44.28207],[-71.49908,44.28011],[-71.49958,44.27981]]}},{"type":"Feature","properties":{"t":327,"n":0},"geometry":{"type":"LineString","coordinates":[[-71.32166,44.40622],[-71.32042,44.40612],[-71.31669,44.40635],[-71.31336,44.40718],[-71.31106,44.40679],[-71.31026,44.40684]]}},{"type":"Feature","properties":{"t":274,"n":0},"geometry":{"type":"LineString","coordinates":[[-71.302,44.48683],[-71.30191,44.48634],[-71.3027,44.4858],[-71.30267,44.4856],[-71.30213,44.48513],[-71.30141,44.48372],[-71.30311,44.48155],[-71.3032,44.48045],[-71.30281,44.48008],[-71.30286,44.47933],[-71.30438,44.47828],[-71.30461,44.47773],[-71.30472,44.47473],[-71.3051,44.47418],[-71.30493,44.47294],[-71.30313,44.47088],[-71.30183,44.46861],[-71.3001,44.46459],[-71.30034,44.4633],[-71.30157,44.46255],[-71.30185,44.46189],[-71.30219,44.46025],[-71.30133,44.45891],[-71.30182,44.45803],[-71.30247,44.45776],[-71.3025,44.45695],[-71.3014,44.45519],[-71.30082,44.4535],[-71.30159,44.45269],[-71.30111,44.45164],[-71.30119,44.45133],[-71.30176,44.45018],[-71.30248,44.44988],[-71.30278,44.4494],[-71.3026,44.44818],[-71.30211,44.4476],[-71.30192,44.44663],[-71.30216,44.44476],[-71.30191,44.44412],[-71.30202,44.44318],[-71.3016,44.44254],[-71.3017,44.44193],[-71.30205,44.44142],[-71.3039,44.4409],[-71.30489,44.43977],[-71.30507,44.43852],[-71.30552,44.43755],[-71.30672,44.4368],[-71.30781,44.43422],[-71.30766,44.43341],[-71.30825,44.43241],[-71.30827,44.43108],[-71.30896,44.42985],[-71.30981,44.42948],[-71.31187,44.42937],[-71.31404,44.42862],[-71.31543,44.4284],[-71.31802,44.42837],[-71.31914,44.42729],[-71.31994,44.427],[-71.32149,44.42688],[-71.32221,44.42627],[-71.32331,44.42581],[-71.32382,44.42539],[-71.32429,44.42531],[-71.32523,44.4244],[-71.32493,44.4234],[-71.32561,44.42317],[-71.32581,44.42284],[-71.32565,44.42247],[-71.32659,44.42046],[-71.32751,44.41944],[-71.32927,44.41921],[-71.32971,44.41896],[-71.33107,44.4187],[-71.3317,44.41804],[-71.33254,44.41772],[-71.33278,44.4174],[-71.33278,44.41721],[-71.33188,44.41677],[-71.32962,44.41674],[-71.32918,44.4163],[-71.32915,44.41593],[-71.32932,44.41558],[-71.32976,44.41541],[-71.33096,44.41536],[-71.33514,44.4133],[-71.33529,44.41235],[-71.33591,44.4112],[-71.33512,44.41011],[-71.33364,44.40975],[-71.3335,44.40918],[-71.33384,44.40877],[-71.33527,44.40837],[-71.33585,44.40704],[-71.33659,44.4069],[-71.33899,44.40574],[-71.3399,44.40566],[-71.34133,44.40506],[-71.34549,44.40411],[-71.3468,44.40348],[-71.34763,44.4028],[-71.34795,44.40225]]}},{"type":"Feature","properties":{"t":277,"n":0},"geometry":{"type":"LineString","coordinates":[[-71.35885,44.4968],[-71.36074,44.49434],[-71.364,44.49303],[-71.36583,44.49284],[-71.36686,44.49144],[-71.36823,44.49077],[-71.36925,44.48981],[-71.36963,44.48842],[-71.3708,44.48782],[-71.37169,44.48775],[-71.37212,44.48751],[-71.3726,44.48605],[-71.37355,44.48446]]}},{"type":"Feature","properties":{"t":392,"n":0},"geometry":{"type":"LineString","coordinates":[[-71.4401,44.32897],[-71.43979,44.32956],[-71.43986,44.32995],[-71.44084,44.33188],[-71.44158,44.33254],[-71.44432,44.33302],[-71.44439,44.33339],[-71.44362,44.33419],[-71.44463,44.33483],[-71.44728,44.3352],[-71.44875,44.33577],[-71.45111,44.33623],[-71.45303,44.33596],[-71.45648,44.33635],[-71.45786,44.33555],[-71.45992,44.33548]]}},{"type":"Feature","properties":{"t":570,"n":0},"geometry":{"type":"LineString","coordinates":[[-71.47815,44.27012],[-71.4807,44.26976],[-71.48234,44.26995],[-71.48385,44.26977],[-71.48488,44.26891],[-71.48696,44.26784],[-71.48771,44.26759],[-71.48966,44.26737],[-71.49245,44.26596]]}},{"type":"Feature","properties":{"t":10,"n":7},"geometry":{"type":"LineString","coordinates":[[-71.25331,44.25797],[-71.25371,44.25865],[-71.25526,44.26007],[-71.25543,44.26054],[-71.25612,44.26085]]}},{"type":"Feature","properties":{"t":227,"n":6},"geometry":{"type":"LineString","coordinates":[[-71.26987,44.26182],[-71.27009,44.26221]]}},{"type":"Feature","properties":{"t":227,"n":1},"geometry":{"type":"LineString","coordinates":[[-71.27009,44.26221],[-71.27016,44.26231]]}},{"type":"Feature","properties":{"t":227,"n":0},"geometry":{"type":"LineString","coordinates":[[-71.27016,44.26231],[-71.27064,44.26289],[-71.27273,44.26441],[-71.27544,44.26591],[-71.27597,44.26681],[-71.27665,44.26717],[-71.27728,44.26837],[-71.27864,44.26986],[-71.28013,44.27044]]}},{"type":"Feature","properties":{"t":200,"n":3},"geometry":{"type":"LineString","coordinates":[[-71.28277,44.26223],[-71.28255,44.26241]]}},{"type":"Feature","properties":{"t":200,"n":1},"geometry":{"type":"LineString","coordinates":[[-71.28255,44.26241],[-71.28243,44.26253]]}},{"type":"Feature","properties":{"t":200,"n":0},"geometry":{"type":"LineString","coordinates":[[-71.28243,44.26253],[-71.28131,44.2634],[-71.27974,44.26401]]}},{"type":"Feature","properties":{"t":200,"n":3},"geometry":{"type":"LineString","coordinates":[[-71.27974,44.26401],[-71.27859,44.26469]]}},{"type":"Feature","properties":{"t":200,"n":0},"geometry":{"type":"LineString","coordinates":[[-71.27859,44.26469],[-71.27691,44.26526],[-71.27612,44.26652],[-71.27589,44.26658]]}},{"type":"Feature","properties":{"t":181,"n":6},"geometry":{"type":"LineString","coordinates":[[-71.31612,44.25929],[-71.3156,44.25946]]}},{"type":"Feature","properties":{"t":181,"n":5},"geometry":{"type":"LineString","coordinates":[[-71.3156,44.25946],[-71.31557,44.25946]]}},{"type":"Feature","properties":{"t":181,"n":3},"geometry":{"type":"LineString","coordinates":[[-71.31557,44.25946],[-71.31555,44.25946]]}},{"type":"Feature","properties":{"t":181,"n":1},"geometry":{"type":"LineString","coordinates":[[-71.31555,44.25946],[-71.31549,44.25948]]}},{"type":"Feature","properties":{"t":181,"n":0},"geometry":{"type":"LineString","coordinates":[[-71.31549,44.25948],[-71.31452,44.2596],[-71.31393,44.26],[-71.31352,44.25992],[-71.31267,44.26039],[-71.30551,44.26239],[-71.30435,44.26303],[-71.30309,44.26342]]}},{"type":"Feature","properties":{"t":181,"n":1},"geometry":{"type":"LineString","coordinates":[[-71.30309,44.26342],[-71.30295,44.26348]]}},{"type":"Feature","properties":{"t":181,"n":2},"geometry":{"type":"LineString","coordinates":[[-71.30295,44.26348],[-71.30281,44.26353]]}},{"type":"Feature","properties":{"t":181,"n":3},"geometry":{"type":"LineString","coordinates":[[-71.30281,44.26353],[-71.30239,44.26355]]}},{"type":"Feature","properties":{"t":198,"n":0},"geometry":{"type":"LineString","coordinates":[[-71.25358,44.26279],[-71.25489,44.26406],[-71.25505,44.26453],[-71.25454,44.26525],[-71.2533,44.26586],[-71.25294,44.26779],[-71.25324,44.26886],[-71.25309,44.26971],[-71.25339,44.27094],[-71.2534,44.27248],[-71.25385,44.27372],[-71.25344,44.27827],[-71.25388,44.27829],[-71.25439,44.27897]]}},{"type":"Feature","properties":{"t":78,"n":5},"geometry":{"type":"LineString","coordinates":[[-71.30566,44.27087],[-71.30442,44.27018],[-71.3043,44.26993],[-71.30385,44.27001]]}},{"type":"Feature","properties":{"t":78,"n":6},"geometry":{"type":"LineString","coordinates":[[-71.30385,44.27001],[-71.30381,44.27003]]}},{"type":"Feature","properties":{"t":78,"n":7},"geometry":{"type":"LineString","coordinates":[[-71.30381,44.27003],[-71.30373,44.27008]]}},{"type":"Feature","properties":{"t":78,"n":8},"geometry":{"type":"LineString","coordinates":[[-71.30373,44.27008],[-71.30361,44.27014]]}},{"type":"Feature","properties":{"t":78,"n":10},"geometry":{"type":"LineString","coordinates":[[-71.30361,44.27014],[-71.30335,44.27024]]}},{"type":"Feature","properties":{"t":78,"n":11},"geometry":{"type":"LineString","coordinates":[[-71.30335,44.27024],[-71.30301,44.27044]]}},{"type":"Feature","properties":{"t":78,"n":10},"geometry":{"type":"LineString","coordinates":[[-71.30301,44.27044],[-71.30296,44.27051]]}},{"type":"Feature","properties":{"t":194,"n":0},"geometry":{"type":"LineString","coordinates":[[-71.28943,44.27873],[-71.28967,44.27759],[-71.29029,44.27696],[-71.29175,44.27604],[-71.29211,44.27488],[-71.29217,44.27256],[-71.29283,44.27095],[-71.29291,44.26934],[-71.29445,44.26705],[-71.29458,44.26561],[-71.29533,44.26534]]}},{"type":"Feature","properties":{"t":194,"n":1},"geometry":{"type":"LineString","coordinates":[[-71.29533,44.26534],[-71.29537,44.26531]]}},{"type":"Feature","properties":{"t":194,"n":2},"geometry":{"type":"LineString","coordinates":[[-71.29537,44.26531],[-71.29564,44.26505],[-71.29636,44.26487]]}},{"type":"Feature","properties":{"t":194,"n":1},"geometry":{"type":"LineString","coordinates":[[-71.29636,44.26487],[-71.29666,44.26479]]}},{"type":"Feature","properties":{"t":194,"n":0},"geometry":{"type":"LineString","coordinates":[[-71.29666,44.26479],[-71.29817,44.26401],[-71.29943,44.26373],[-71.30005,44.26323]]}},{"type":"Feature","properties":{"t":194,"n":1},"geometry":{"type":"LineString","coordinates":[[-71.30005,44.26323],[-71.30014,44.26293]]}},{"type":"Feature","properties":{"t":34,"n":2},"geometry":{"type":"LineString","coordinates":[[-71.29468,44.25327],[-71.2942,44.25308]]}},{"type":"Feature","properties":{"t":34,"n":1},"geometry":{"type":"LineString","coordinates":[[-71.2942,44.25308],[-71.2933,44.253],[-71.29264,44.25334],[-71.28915,44.25355],[-71.28604,44.25342],[-71.28397,44.25436]]}},{"type":"Feature","properties":{"t":34,"n":2},"geometry":{"type":"LineString","coordinates":[[-71.28397,44.25436],[-71.28361,44.25452]]}},{"type":"Feature","properties":{"t":70,"n":2},"geometry":{"type":"LineString","coordinates":[[-71.30189,44.25773],[-71.30297,44.26121],[-71.30288,44.26274],[-71.30254,44.26333]]}},{"type":"Feature","properties":{"t":70,"n":3},"geometry":{"type":"LineString","coordinates":[[-71.30254,44.26333],[-71.30239,44.26355]]}},{"type":"Feature","properties":{"t":212,"n":0},"geometry":{"type":"LineString","coordinates":[[-71.30417,44.25888],[-71.30647,44.25924],[-71.30868,44.25919],[-71.30906,44.25901],[-71.31172,44.25873],[-71.31383,44.25928],[-71.31419,44.25901],[-71.31478,44.25927],[-71.31561,44.259],[-71.31579,44.25912]]}},{"type":"Feature","properties":{"t":212,"n":2},"geometry":{"type":"LineString","coordinates":[[-71.31579,44.25912],[-71.31582,44.25914]]}},{"type":"Feature","properties":{"t":212,"n":6},"geometry":{"type":"LineString","coordinates":[[-71.31582,44.25914],[-71.31612,44.25929]]}},{"type":"Feature","properties":{"t":187,"n":7},"geometry":{"type":"LineString","coordinates":[[-71.29161,44.3206],[-71.29205,44.32066]]}},{"type":"Feature","properties":{"t":187,"n":6},"geometry":{"type":"LineString","coordinates":[[-71.29205,44.32066],[-71.29579,44.32129]]}},{"type":"Feature","properties":{"t":187,"n":4},"geometry":{"type":"LineString","coordinates":[[-71.29579,44.32129],[-71.29655,44.32188]]}},{"type":"Feature","properties":{"t":187,"n":1},"geometry":{"type":"LineString","coordinates":[[-71.29655,44.32188],[-71.29662,44.32198]]}},{"type":"Feature","properties":{"t":187,"n":0},"geometry":{"type":"LineString","coordinates":[[-71.29662,44.32198],[-71.2984,44.32365],[-71.29973,44.32453],[-71.30055,44.32481],[-71.30101,44.32586],[-71.30185,44.3264],[-71.30212,44.32689],[-71.30535,44.32875],[-71.30683,44.3294],[-71.30718,44.32992],[-71.3085,44.33041],[-71.30985,44.33185],[-71.31094,44.33243],[-71.31175,44.33462],[-71.31332,44.33605],[-71.3142,44.33717],[-71.31482,44.3386],[-71.31464,44.33894],[-71.3149,44.33911],[-71.3155,44.34139],[-71.31544,44.34221],[-71.31477,44.34267],[-71.31583,44.34264],[-71.31683,44.34353],[-71.31764,44.34526],[-71.31993,44.34773],[-71.32039,44.3479],[-71.3211,44.34762],[-71.32139,44.3477],[-71.32221,44.34829],[-71.32271,44.34903],[-71.32479,44.34965],[-71.32579,44.35051],[-71.32695,44.35088],[-71.32816,44.35185],[-71.32952,44.35401],[-71.33031,44.35465],[-71.33271,44.35595],[-71.33307,44.35667],[-71.33288,44.35738],[-71.33123,44.35932],[-71.33103,44.35981],[-71.33032,44.36045],[-71.32959,44.36196],[-71.3299,44.36301],[-71.33067,44.36388]]}},{"type":"Feature","properties":{"t":106,"n":5},"geometry":{"type":"LineString","coordinates":[[-71.30566,44.27087],[-71.30605,44.27078]]}},{"type":"Feature","properties":{"t":106,"n":4},"geometry":{"type":"LineString","coordinates":[[-71.30605,44.27078],[-71.30657,44.27061],[-71.30678,44.26995],[-71.30788,44.26918],[-71.30802,44.26869],[-71.30774,44.26823],[-71.30772,44.26751],[-71.30803,44.26743],[-71.308,44.26699],[-71.30829,44.26698],[-71.30833,44.26625]]}},{"type":"Feature","properties":{"t":106,"n":6},"geometry":{"type":"LineString","coordinates":[[-71.30833,44.26625],[-71.30864,44.26492],[-71.31078,44.2629],[-71.31134,44.26271],[-71.3124,44.26174],[-71.31305,44.26146],[-71.31468,44.26023],[-71.31537,44.26005],[-71.31632,44.25907],[-71.31706,44.25888],[-71.31779,44.25903],[-71.31812,44.25879],[-71.31858,44.25877]]}},{"type":"Feature","properties":{"t":106,"n":7},"geometry":{"type":"LineString","coordinates":[[-71.31858,44.25877],[-71.31875,44.25876]]}},{"type":"Feature","properties":{"t":106,"n":8},"geometry":{"type":"LineString","coordinates":[[-71.31875,44.25876],[-71.31911,44.25864]]}},{"type":"Feature","properties":{"t":56,"n":8},"geometry":{"type":"LineString","coordinates":[[-71.28334,44.32794],[-71.28346,44.32762]]}},{"type":"Feature","properties":{"t":56,"n":7},"geometry":{"type":"LineString","coordinates":[[-71.28346,44.32762],[-71.2835,44.32751]]}},{"type":"Feature","properties":{"t":56,"n":6},"geometry":{"type":"LineString","coordinates":[[-71.2835,44.32751],[-71.28354,44.32738]]}},{"type":"Feature","properties":{"t":56,"n":2},"geometry":{"type":"LineString","coordinates":[[-71.28354,44.32738],[-71.28346,44.32646],[-71.28374,44.32574],[-71.28428,44.32523]]}},{"type":"Feature","properties":{"t":56,"n":3},"geometry":{"type":"LineString","coordinates":[[-71.28428,44.32523],[-71.28544,44.32362],[-71.2869,44.323],[-71.28765,44.32246],[-71.28827,44.32139],[-71.28899,44.32091],[-71.28918,44.32046],[-71.28987,44.31986],[-71.29073,44.31994],[-71.29125,44.32032]]}},{"type":"Feature","properties":{"t":56,"n":7},"geometry":{"type":"LineString","coordinates":[[-71.29125,44.32032],[-71.29161,44.3206]]}},{"type":"Feature","properties":{"t":184,"n":2},"geometry":{"type":"LineString","coordinates":[[-71.2837,44.32582],[-71.28359,44.32538]]}},{"type":"Feature","properties":{"t":184,"n":0},"geometry":{"type":"LineString","coordinates":[[-71.28359,44.32538],[-71.28317,44.32504],[-71.28193,44.32572]]}},{"type":"Feature","properties":{"t":150,"n":6},"geometry":{"type":"LineString","coordinates":[[-71.29686,44.32074],[-71.29629,44.32078]]}},{"type":"Feature","properties":{"t":150,"n":2},"geometry":{"type":"LineString","coordinates":[[-71.29629,44.32078],[-71.29594,44.3209]]}},{"type":"Feature","properties":{"t":150,"n":6},"geometry":{"type":"LineString","coordinates":[[-71.29594,44.3209],[-71.29492,44.32106]]}},{"type":"Feature","properties":{"t":182,"n":3},"geometry":{"type":"LineString","coordinates":[[-71.30264,44.26358],[-71.30274,44.26362]]}},{"type":"Feature","properties":{"t":182,"n":1},"geometry":{"type":"LineString","coordinates":[[-71.30274,44.26362],[-71.30304,44.2638]]}},{"type":"Feature","properties":{"t":182,"n":0},"geometry":{"type":"LineString","coordinates":[[-71.30304,44.2638],[-71.3052,44.26463],[-71.30748,44.26493]]}},{"type":"Feature","properties":{"t":157,"n":4},"geometry":{"type":"LineString","coordinates":[[-71.30831,44.26641],[-71.30875,44.26681]]}},{"type":"Feature","properties":{"t":157,"n":0},"geometry":{"type":"LineString","coordinates":[[-71.30875,44.26681],[-71.31123,44.27064],[-71.31069,44.27198],[-71.31067,44.27264],[-71.31089,44.27321],[-71.31184,44.27424],[-71.31153,44.27555]]}},{"type":"Feature","properties":{"t":157,"n":1},"geometry":{"type":"LineString","coordinates":[[-71.31153,44.27555],[-71.31168,44.27614]]}},{"type":"Feature","properties":{"t":157,"n":3},"geometry":{"type":"LineString","coordinates":[[-71.31168,44.27614],[-71.31172,44.27631]]}},{"type":"Feature","properties":{"t":157,"n":4},"geometry":{"type":"LineString","coordinates":[[-71.31172,44.27631],[-71.31187,44.27698]]}},{"type":"Feature","properties":{"t":157,"n":5},"geometry":{"type":"LineString","coordinates":[[-71.31187,44.27698],[-71.31188,44.27703]]}},{"type":"Feature","properties":{"t":157,"n":9},"geometry":{"type":"LineString","coordinates":[[-71.31188,44.27703],[-71.31202,44.27732]]}},{"type":"Feature","properties":{"t":157,"n":8},"geometry":{"type":"LineString","coordinates":[[-71.31202,44.27732],[-71.31212,44.27752]]}},{"type":"Feature","properties":{"t":62,"n":8},"geometry":{"type":"LineString","coordinates":[[-71.31891,44.25757],[-71.31959,44.25679],[-71.32056,44.25651],[-71.32142,44.25494],[-71.32185,44.25494]]}},{"type":"Feature","properties":{"t":62,"n":7},"geometry":{"type":"LineString","coordinates":[[-71.32185,44.25494],[-71.32227,44.25488],[-71.32341,44.25425],[-71.3254,44.2548],[-71.32656,44.25459],[-71.32669,44.25366],[-71.32652,44.25323]]}},{"type":"Feature","properties":{"t":55,"n":2},"geometry":{"type":"LineString","coordinates":[[-71.28564,44.26451],[-71.28651,44.26428],[-71.28693,44.26435],[-71.28902,44.26374],[-71.29025,44.26408],[-71.29143,44.26398],[-71.29241,44.26465],[-71.29299,44.26477],[-71.29761,44.26525],[-71.29903,44.26508],[-71.2994,44.26537],[-71.30027,44.2654],[-71.30088,44.26577]]}},{"type":"Feature","properties":{"t":55,"n":1},"geometry":{"type":"LineString","coordinates":[[-71.30088,44.26577],[-71.30118,44.26589]]}},{"type":"Feature","properties":{"t":55,"n":2},"geometry":{"type":"LineString","coordinates":[[-71.30118,44.26589],[-71.30172,44.26606]]}},{"type":"Feature","properties":{"t":55,"n":4},"geometry":{"type":"LineString","coordinates":[[-71.30172,44.26606],[-71.30215,44.26605]]}},{"type":"Feature","properties":{"t":34,"n":2},"geometry":{"type":"LineString","coordinates":[[-71.28361,44.25452],[-71.28268,44.25456],[-71.28225,44.25438]]}},{"type":"Feature","properties":{"t":34,"n":1},"geometry":{"type":"LineString","coordinates":[[-71.28225,44.25438],[-71.28168,44.2544]]}},{"type":"Feature","properties":{"t":34,"n":2},"geometry":{"type":"LineString","coordinates":[[-71.28168,44.2544],[-71.28063,44.25453],[-71.28,44.25427],[-71.2799,44.25513],[-71.28065,44.25597],[-71.27935,44.2576],[-71.27692,44.25799],[-71.27604,44.2584],[-71.27572,44.25862],[-71.27541,44.2595],[-71.27443,44.25993],[-71.27369,44.25933],[-71.27125,44.25956],[-71.27036,44.2599],[-71.2698,44.25978],[-71.26884,44.25912],[-71.26818,44.25898],[-71.26624,44.2594],[-71.26572,44.25904],[-71.26465,44.25923],[-71.26419,44.25888],[-71.26335,44.2588],[-71.26302,44.25893],[-71.26326,44.25934],[-71.26229,44.25977],[-71.2616,44.25942],[-71.26126,44.25866],[-71.2591,44.25865],[-71.25816,44.25883]]}},{"type":"Feature","properties":{"t":34,"n":3},"geometry":{"type":"LineString","coordinates":[[-71.25816,44.25883],[-71.25801,44.25889]]}},{"type":"Feature","properties":{"t":34,"n":4},"geometry":{"type":"LineString","coordinates":[[-71.25801,44.25889],[-71.25781,44.25916]]}},{"type":"Feature","properties":{"t":34,"n":6},"geometry":{"type":"LineString","coordinates":[[-71.25781,44.25916],[-71.25781,44.25927]]}},{"type":"Feature","properties":{"t":34,"n":7},"geometry":{"type":"LineString","coordinates":[[-71.25781,44.25927],[-71.25776,44.25957]]}},{"type":"Feature","properties":{"t":110,"n":5},"geometry":{"type":"LineString","coordinates":[[-71.30566,44.27087],[-71.3056,44.2711]]}},{"type":"Feature","properties":{"t":110,"n":4},"geometry":{"type":"LineString","coordinates":[[-71.3056,44.2711],[-71.30554,44.27128]]}},{"type":"Feature","properties":{"t":110,"n":1},"geometry":{"type":"LineString","coordinates":[[-71.30554,44.27128],[-71.30552,44.27153]]}},{"type":"Feature","properties":{"t":110,"n":3},"geometry":{"type":"LineString","coordinates":[[-71.30552,44.27153],[-71.30557,44.2716]]}},{"type":"Feature","properties":{"t":110,"n":5},"geometry":{"type":"LineString","coordinates":[[-71.30557,44.2716],[-71.3054,44.27259],[-71.305,44.27297],[-71.3049,44.27345]]}},{"type":"Feature","properties":{"t":110,"n":6},"geometry":{"type":"LineString","coordinates":[[-71.3049,44.27345],[-71.30488,44.27351]]}},{"type":"Feature","properties":{"t":110,"n":7},"geometry":{"type":"LineString","coordinates":[[-71.30488,44.27351],[-71.30487,44.27361]]}},{"type":"Feature","properties":{"t":110,"n":8},"geometry":{"type":"LineString","coordinates":[[-71.30487,44.27361],[-71.30475,44.27412]]}},{"type":"Feature","properties":{"t":110,"n":6},"geometry":{"type":"LineString","coordinates":[[-71.30475,44.27412],[-71.30473,44.2742]]}},{"type":"Feature","properties":{"t":110,"n":5},"geometry":{"type":"LineString","coordinates":[[-71.30473,44.2742],[-71.30472,44.27426]]}},{"type":"Feature","properties":{"t":110,"n":4},"geometry":{"type":"LineString","coordinates":[[-71.30472,44.27426],[-71.30468,44.27464],[-71.30508,44.27478]]}},{"type":"Feature","properties":{"t":110,"n":3},"geometry":{"type":"LineString","coordinates":[[-71.30508,44.27478],[-71.30604,44.27482]]}},{"type":"Feature","properties":{"t":110,"n":4},"geometry":{"type":"LineString","coordinates":[[-71.30604,44.27482],[-71.3065,44.27492]]}},{"type":"Feature","properties":{"t":110,"n":5},"geometry":{"type":"LineString","coordinates":[[-71.3065,44.27492],[-71.30697,44.27495]]}},{"type":"Feature","properties":{"t":110,"n":6},"geometry":{"type":"LineString","coordinates":[[-71.30697,44.27495],[-71.30836,44.27534],[-71.30894,44.27572]]}},{"type":"Feature","properties":{"t":110,"n":5},"geometry":{"type":"LineString","coordinates":[[-71.30894,44.27572],[-71.30945,44.27595]]}},{"type":"Feature","properties":{"t":110,"n":6},"geometry":{"type":"LineString","coordinates":[[-71.30945,44.27595],[-71.30962,44.27598]]}},{"type":"Feature","properties":{"t":110,"n":7},"geometry":{"type":"LineString","coordinates":[[-71.30962,44.27598],[-71.3097,44.27603]]}},{"type":"Feature","properties":{"t":110,"n":6},"geometry":{"type":"LineString","coordinates":[[-71.3097,44.27603],[-71.30973,44.27608]]}},{"type":"Feature","properties":{"t":110,"n":5},"geometry":{"type":"LineString","coordinates":[[-71.30973,44.27608],[-71.30997,44.27622]]}},{"type":"Feature","properties":{"t":110,"n":4},"geometry":{"type":"LineString","coordinates":[[-71.30997,44.27622],[-71.31058,44.2767]]}},{"type":"Feature","properties":{"t":110,"n":5},"geometry":{"type":"LineString","coordinates":[[-71.31058,44.2767],[-71.31108,44.27699]]}},{"type":"Feature","properties":{"t":110,"n":6},"geometry":{"type":"LineString","coordinates":[[-71.31108,44.27699],[-71.31111,44.27702]]}},{"type":"Feature","properties":{"t":110,"n":5},"geometry":{"type":"LineString","coordinates":[[-71.31111,44.27702],[-71.31113,44.27703]]}},{"type":"Feature","properties":{"t":110,"n":6},"geometry":{"type":"LineString","coordinates":[[-71.31113,44.27703],[-71.31144,44.2772]]}},{"type":"Feature","properties":{"t":110,"n":7},"geometry":{"type":"LineString","coordinates":[[-71.31144,44.2772],[-71.31156,44.27725]]}},{"type":"Feature","properties":{"t":110,"n":8},"geometry":{"type":"LineString","coordinates":[[-71.31156,44.27725],[-71.31223,44.27758],[-71.31314,44.27858],[-71.31398,44.27909]]}},{"type":"Feature","properties":{"t":110,"n":4},"geometry":{"type":"LineString","coordinates":[[-71.31398,44.27909],[-71.31417,44.2792]]}},{"type":"Feature","properties":{"t":110,"n":2},"geometry":{"type":"LineString","coordinates":[[-71.31417,44.2792],[-71.31433,44.27936]]}},{"type":"Feature","properties":{"t":110,"n":4},"geometry":{"type":"LineString","coordinates":[[-71.31433,44.27936],[-71.31464,44.27977]]}},{"type":"Feature","properties":{"t":110,"n":8},"geometry":{"type":"LineString","coordinates":[[-71.31464,44.27977],[-71.31509,44.28021]]}},{"type":"Feature","properties":{"t":110,"n":7},"geometry":{"type":"LineString","coordinates":[[-71.31509,44.28021],[-71.31515,44.28031]]}},{"type":"Feature","properties":{"t":110,"n":6},"geometry":{"type":"LineString","coordinates":[[-71.31515,44.28031],[-71.31548,44.28073]]}},{"type":"Feature","properties":{"t":110,"n":5},"geometry":{"type":"LineString","coordinates":[[-71.31548,44.28073],[-71.31559,44.28082]]}},{"type":"Feature","properties":{"t":110,"n":2},"geometry":{"type":"LineString","coordinates":[[-71.31559,44.28082],[-71.31626,44.28149]]}},{"type":"Feature","properties":{"t":110,"n":1},"geometry":{"type":"LineString","coordinates":[[-71.31626,44.28149],[-71.31696,44.28327]]}},{"type":"Feature","properties":{"t":110,"n":0},"geometry":{"type":"LineString","coordinates":[[-71.31696,44.28327],[-71.31787,44.28611],[-71.31751,44.28923]]}},{"type":"Feature","properties":{"t":110,"n":1},"geometry":{"type":"LineString","coordinates":[[-71.31751,44.28923],[-71.31703,44.29113]]}},{"type":"Feature","properties":{"t":110,"n":7},"geometry":{"type":"LineString","coordinates":[[-71.31703,44.29113],[-71.31698,44.29144]]}},{"type":"Feature","properties":{"t":110,"n":6},"geometry":{"type":"LineString","coordinates":[[-71.31698,44.29144],[-71.3178,44.2931]]}},{"type":"Feature","properties":{"t":110,"n":7},"geometry":{"type":"LineString","coordinates":[[-71.3178,44.2931],[-71.31801,44.29354],[-71.31744,44.29436],[-71.31738,44.29518],[-71.31715,44.29537]]}},{"type":"Feature","properties":{"t":110,"n":6},"geometry":{"type":"LineString","coordinates":[[-71.31715,44.29537],[-71.31671,44.29722]]}},{"type":"Feature","properties":{"t":110,"n":7},"geometry":{"type":"LineString","coordinates":[[-71.31671,44.29722],[-71.31659,44.29821],[-71.31494,44.30055],[-71.3145,44.30086]]}},{"type":"Feature","properties":{"t":110,"n":2},"geometry":{"type":"LineString","coordinates":[[-71.3145,44.30086],[-71.31443,44.30096]]}},{"type":"Feature","properties":{"t":110,"n":1},"geometry":{"type":"LineString","coordinates":[[-71.31443,44.30096],[-71.31418,44.30137]]}},{"type":"Feature","properties":{"t":110,"n":0},"geometry":{"type":"LineString","coordinates":[[-71.31418,44.30137],[-71.31375,44.30187],[-71.31357,44.30267],[-71.3123,44.30386]]}},{"type":"Feature","properties":{"t":110,"n":1},"geometry":{"type":"LineString","coordinates":[[-71.3123,44.30386],[-71.3117,44.30467],[-71.3117,44.30512]]}},{"type":"Feature","properties":{"t":110,"n":0},"geometry":{"type":"LineString","coordinates":[[-71.3117,44.30512],[-71.31234,44.30658]]}},{"type":"Feature","properties":{"t":110,"n":1},"geometry":{"type":"LineString","coordinates":[[-71.31234,44.30658],[-71.3128,44.30738]]}},{"type":"Feature","properties":{"t":110,"n":0},"geometry":{"type":"LineString","coordinates":[[-71.3128,44.30738],[-71.31287,44.30765]]}},{"type":"Feature","properties":{"t":110,"n":4},"geometry":{"type":"LineString","coordinates":[[-71.31287,44.30765],[-71.31293,44.30774]]}},{"type":"Feature","properties":{"t":110,"n":6},"geometry":{"type":"LineString","coordinates":[[-71.31293,44.30774],[-71.31334,44.30886],[-71.31297,44.30929],[-71.3127,44.3103],[-71.31241,44.31041]]}},{"type":"Feature","properties":{"t":18,"n":2},"geometry":{"type":"LineString","coordinates":[[-71.26939,44.32781],[-71.26891,44.32806]]}},{"type":"Feature","properties":{"t":18,"n":1},"geometry":{"type":"LineString","coordinates":[[-71.26891,44.32806],[-71.26857,44.32816],[-71.26641,44.32729],[-71.26427,44.32706],[-71.26349,44.32666],[-71.26153,44.32723],[-71.25997,44.32714],[-71.25922,44.32741],[-71.25849,44.32715],[-71.25719,44.32706],[-71.25579,44.32619],[-71.25502,44.32546],[-71.25446,44.3253],[-71.25369,44.32475],[-71.25354,44.32433],[-71.2524,44.32393],[-71.25179,44.32396],[-71.25153,44.32365],[-71.25173,44.32215],[-71.25154,44.32203],[-71.25102,44.32212],[-71.25115,44.32176],[-71.25082,44.32131],[-71.25034,44.3214],[-71.24938,44.32209],[-71.24841,44.32235],[-71.24746,44.32508],[-71.24673,44.32569],[-71.24456,44.32662],[-71.24411,44.32701],[-71.243,44.32708],[-71.24169,44.32689],[-71.23993,44.32733],[-71.23761,44.32728],[-71.23547,44.32771],[-71.23324,44.32858],[-71.23106,44.33011],[-71.22991,44.33004],[-71.22941,44.32965],[-71.22945,44.32915],[-71.22846,44.32866],[-71.22837,44.32826],[-71.22794,44.32806],[-71.22773,44.32762],[-71.22691,44.32728],[-71.22305,44.32602],[-71.22,44.32596]]}},{"type":"Feature","properties":{"t":63,"n":7},"geometry":{"type":"LineString","coordinates":[[-71.31477,44.30069],[-71.315,44.30094]]}},{"type":"Feature","properties":{"t":63,"n":6},"geometry":{"type":"LineString","coordinates":[[-71.315,44.30094],[-71.3152,44.30167],[-71.31583,44.30248],[-71.31547,44.30284]]}},{"type":"Feature","properties":{"t":63,"n":7},"geometry":{"type":"LineString","coordinates":[[-71.31547,44.30284],[-71.31539,44.30314],[-71.31571,44.30343]]}},{"type":"Feature","properties":{"t":63,"n":6},"geometry":{"type":"LineString","coordinates":[[-71.31571,44.30343],[-71.31582,44.30353]]}},{"type":"Feature","properties":{"t":63,"n":7},"geometry":{"type":"LineString","coordinates":[[-71.31582,44.30353],[-71.31596,44.30365]]}},{"type":"Feature","properties":{"t":63,"n":6},"geometry":{"type":"LineString","coordinates":[[-71.31596,44.30365],[-71.31628,44.3038],[-71.31645,44.30424]]}},{"type":"Feature","properties":{"t":63,"n":7},"geometry":{"type":"LineString","coordinates":[[-71.31645,44.30424],[-71.31589,44.30473]]}},{"type":"Feature","properties":{"t":63,"n":6},"geometry":{"type":"LineString","coordinates":[[-71.31589,44.30473],[-71.31489,44.3056]]}},{"type":"Feature","properties":{"t":63,"n":4},"geometry":{"type":"LineString","coordinates":[[-71.31489,44.3056],[-71.31458,44.30589]]}},{"type":"Feature","properties":{"t":63,"n":6},"geometry":{"type":"LineString","coordinates":[[-71.31458,44.30589],[-71.3144,44.30621]]}},{"type":"Feature","properties":{"t":63,"n":7},"geometry":{"type":"LineString","coordinates":[[-71.3144,44.30621],[-71.31387,44.30728]]}},{"type":"Feature","properties":{"t":63,"n":6},"geometry":{"type":"LineString","coordinates":[[-71.31387,44.30728],[-71.31316,44.30802]]}},{"type":"Feature","properties":{"t":140,"n":2},"geometry":{"type":"LineString","coordinates":[[-71.28365,44.34151],[-71.28392,44.34105]]}},{"type":"Feature","properties":{"t":140,"n":0},"geometry":{"type":"LineString","coordinates":[[-71.28392,44.34105],[-71.28409,44.34047],[-71.28395,44.34016],[-71.28437,44.33982]]}},{"type":"Feature","properties":{"t":140,"n":1},"geometry":{"type":"LineString","coordinates":[[-71.28437,44.33982],[-71.28452,44.33978]]}},{"type":"Feature","properties":{"t":140,"n":3},"geometry":{"type":"LineString","coordinates":[[-71.28452,44.33978],[-71.28465,44.33971]]}},{"type":"Feature","properties":{"t":140,"n":5},"geometry":{"type":"LineString","coordinates":[[-71.28465,44.33971],[-71.28501,44.33957]]}},{"type":"Feature","properties":{"t":161,"n":7},"geometry":{"type":"LineString","coordinates":[[-71.28261,44.34795],[-71.28306,44.3474]]}},{"type":"Feature","properties":{"t":161,"n":6},"geometry":{"type":"LineString","coordinates":[[-71.28306,44.3474],[-71.28316,44.34727]]}},{"type":"Feature","properties":{"t":161,"n":3},"geometry":{"type":"LineString","coordinates":[[-71.28316,44.34727],[-71.28327,44.34716]]}},{"type":"Feature","properties":{"t":161,"n":0},"geometry":{"type":"LineString","coordinates":[[-71.28327,44.34716],[-71.28412,44.34695],[-71.28437,44.34616],[-71.28475,44.34585],[-71.28471,44.34614],[-71.28512,44.34644],[-71.28568,44.34656],[-71.2862,44.34644],[-71.28676,44.34669],[-71.28838,44.34612],[-71.28902,44.34606],[-71.28948,44.3455],[-71.28885,44.34452],[-71.28886,44.3442],[-71.28949,44.34333]]}},{"type":"Feature","properties":{"t":161,"n":1},"geometry":{"type":"LineString","coordinates":[[-71.28949,44.34333],[-71.28941,44.34282],[-71.28986,44.34211]]}},{"type":"Feature","properties":{"t":16,"n":7},"geometry":{"type":"LineString","coordinates":[[-71.28363,44.32807],[-71.28369,44.32813]]}},{"type":"Feature","properties":{"t":16,"n":6},"geometry":{"type":"LineString","coordinates":[[-71.28369,44.32813],[-71.28393,44.32834]]}},{"type":"Feature","properties":{"t":16,"n":5},"geometry":{"type":"LineString","coordinates":[[-71.28393,44.32834],[-71.28439,44.32863],[-71.28476,44.32972],[-71.28544,44.3303],[-71.28518,44.33077],[-71.28606,44.33171],[-71.28652,44.33372],[-71.28639,44.33505],[-71.28553,44.3383],[-71.28502,44.33934],[-71.28489,44.34149],[-71.28442,44.34282]]}},{"type":"Feature","properties":{"t":16,"n":6},"geometry":{"type":"LineString","coordinates":[[-71.28442,44.34282],[-71.28439,44.34293]]}},{"type":"Feature","properties":{"t":16,"n":5},"geometry":{"type":"LineString","coordinates":[[-71.28439,44.34293],[-71.28438,44.34314]]}},{"type":"Feature","properties":{"t":16,"n":7},"geometry":{"type":"LineString","coordinates":[[-71.28438,44.34314],[-71.28381,44.34405],[-71.28266,44.34742],[-71.28262,44.34845],[-71.28307,44.34958],[-71.28322,44.35137],[-71.28413,44.35227],[-71.28429,44.35296],[-71.28501,44.35384],[-71.2848,44.35455],[-71.28519,44.35489],[-71.28513,44.35524],[-71.28608,44.35531],[-71.28813,44.35502],[-71.28859,44.35564],[-71.28998,44.35639],[-71.29027,44.35682],[-71.29021,44.35726],[-71.29059,44.35773],[-71.28958,44.35958],[-71.28895,44.35975],[-71.28867,44.36036],[-71.28874,44.36391],[-71.28838,44.36524],[-71.28765,44.36658],[-71.28771,44.36761],[-71.28891,44.37047]]}},{"type":"Feature","properties":{"t":16,"n":8},"geometry":{"type":"LineString","coordinates":[[-71.28891,44.37047],[-71.28933,44.37152]]}},{"type":"Feature","properties":{"t":100,"n":7},"geometry":{"type":"LineString","coordinates":[[-71.28381,44.34405],[-71.28391,44.34327]]}},{"type":"Feature","properties":{"t":100,"n":6},"geometry":{"type":"LineString","coordinates":[[-71.28391,44.34327],[-71.28388,44.34312]]}},{"type":"Feature","properties":{"t":100,"n":2},"geometry":{"type":"LineString","coordinates":[[-71.28388,44.34312],[-71.28385,44.34284]]}},{"type":"Feature","properties":{"t":100,"n":3},"geometry":{"type":"LineString","coordinates":[[-71.28385,44.34284],[-71.2839,44.34261]]}},{"type":"Feature","properties":{"t":100,"n":2},"geometry":{"type":"LineString","coordinates":[[-71.2839,44.34261],[-71.2836,44.34121],[-71.28237,44.3394],[-71.28154,44.3389],[-71.27913,44.33796],[-71.27826,44.33675],[-71.27781,44.33651],[-71.27679,44.33529],[-71.27594,44.33223],[-71.27583,44.32966],[-71.27612,44.32937]]}},{"type":"Feature","properties":{"t":100,"n":3},"geometry":{"type":"LineString","coordinates":[[-71.27612,44.32937],[-71.27624,44.32927]]}},{"type":"Feature","properties":{"t":100,"n":5},"geometry":{"type":"LineString","coordinates":[[-71.27624,44.32927],[-71.2764,44.32916]]}},{"type":"Feature","properties":{"t":100,"n":7},"geometry":{"type":"LineString","coordinates":[[-71.2764,44.32916],[-71.27653,44.32905]]}},{"type":"Feature","properties":{"t":100,"n":9},"geometry":{"type":"LineString","coordinates":[[-71.27653,44.32905],[-71.27667,44.32881]]}},{"type":"Feature","properties":{"t":96,"n":8},"geometry":{"type":"LineString","coordinates":[[-71.28921,44.37093],[-71.28938,44.3705]]}},{"type":"Feature","properties":{"t":96,"n":7},"geometry":{"type":"LineString","coordinates":[[-71.28938,44.3705],[-71.28935,44.37033]]}},{"type":"Feature","properties":{"t":96,"n":3},"geometry":{"type":"LineString","coordinates":[[-71.28935,44.37033],[-71.28936,44.37017]]}},{"type":"Feature","properties":{"t":96,"n":2},"geometry":{"type":"LineString","coordinates":[[-71.28936,44.37017],[-71.29086,44.36518],[-71.29083,44.36455],[-71.29154,44.362],[-71.29147,44.36039]]}},{"type":"Feature","properties":{"t":96,"n":1},"geometry":{"type":"LineString","coordinates":[[-71.29147,44.36039],[-71.29215,44.35482],[-71.2917,44.35114],[-71.29225,44.34963],[-71.29216,44.34715],[-71.29182,44.34549],[-71.29147,44.34488],[-71.29106,44.34459],[-71.29089,44.34413],[-71.29002,44.34362],[-71.28978,44.34286],[-71.29,44.34235],[-71.28908,44.3405],[-71.28969,44.33829],[-71.28903,44.33576],[-71.28909,44.33367],[-71.28827,44.33161],[-71.28676,44.32945],[-71.28662,44.32903],[-71.28687,44.32864]]}},{"type":"Feature","properties":{"t":96,"n":0},"geometry":{"type":"LineString","coordinates":[[-71.28687,44.32864],[-71.28714,44.32832],[-71.28708,44.32779],[-71.28764,44.32704]]}},{"type":"Feature","properties":{"t":96,"n":1},"geometry":{"type":"LineString","coordinates":[[-71.28764,44.32704],[-71.28749,44.3267]]}},{"type":"Feature","properties":{"t":96,"n":5},"geometry":{"type":"LineString","coordinates":[[-71.28749,44.3267],[-71.28777,44.32624]]}},{"type":"Feature","properties":{"t":81,"n":1},"geometry":{"type":"LineString","coordinates":[[-71.28662,44.32903],[-71.28626,44.32864],[-71.28462,44.32833]]}},{"type":"Feature","properties":{"t":81,"n":3},"geometry":{"type":"LineString","coordinates":[[-71.28462,44.32833],[-71.28447,44.32832]]}},{"type":"Feature","properties":{"t":81,"n":5},"geometry":{"type":"LineString","coordinates":[[-71.28447,44.32832],[-71.28402,44.32824]]}},{"type":"Feature","properties":{"t":81,"n":6},"geometry":{"type":"LineString","coordinates":[[-71.28402,44.32824],[-71.28375,44.32819]]}},{"type":"Feature","properties":{"t":122,"n":2},"geometry":{"type":"LineString","coordinates":[[-71.22089,44.3125],[-71.22196,44.31171],[-71.22318,44.31162],[-71.22345,44.31146]]}},{"type":"Feature","properties":{"t":122,"n":1},"geometry":{"type":"LineString","coordinates":[[-71.22345,44.31146],[-71.22404,44.31125],[-71.22555,44.31012],[-71.22739,44.30725],[-71.23243,44.30574],[-71.23356,44.30577],[-71.23542,44.30542],[-71.23676,44.30542],[-71.23826,44.30481],[-71.2399,44.30303],[-71.24132,44.30211],[-71.24226,44.30202],[-71.24726,44.30243]]}},{"type":"Feature","properties":{"t":122,"n":0},"geometry":{"type":"LineString","coordinates":[[-71.24726,44.30243],[-71.25169,44.30297],[-71.25384,44.30296],[-71.2561,44.30335],[-71.25768,44.30369],[-71.25974,44.30458],[-71.26091,44.30463],[-71.26133,44.30511]]}},{"type":"Feature","properties":{"t":173,"n":7},"geometry":{"type":"LineString","coordinates":[[-71.28895,44.35975],[-71.28886,44.35948]]}},{"type":"Feature","properties":{"t":173,"n":5},"geometry":{"type":"LineString","coordinates":[[-71.28886,44.35948],[-71.28889,44.35939]]}},{"type":"Feature","properties":{"t":173,"n":1},"geometry":{"type":"LineString","coordinates":[[-71.28889,44.35939],[-71.2889,44.35932]]}},{"type":"Feature","properties":{"t":173,"n":0},"geometry":{"type":"LineString","coordinates":[[-71.2889,44.35932],[-71.28795,44.35733],[-71.28714,44.3571],[-71.28642,44.35653],[-71.28483,44.35652],[-71.28406,44.35614],[-71.28276,44.35585],[-71.2823,44.35546],[-71.28246,44.35414],[-71.28286,44.35383],[-71.28304,44.35312],[-71.28132,44.35043],[-71.2809,44.34859],[-71.2825,44.34507],[-71.28292,44.34477],[-71.28313,44.34418]]}},{"type":"Feature","properties":{"t":173,"n":1},"geometry":{"type":"LineString","coordinates":[[-71.28313,44.34418],[-71.2832,44.34391]]}},{"type":"Feature","properties":{"t":173,"n":2},"geometry":{"type":"LineString","coordinates":[[-71.2832,44.34391],[-71.28326,44.34377]]}},{"type":"Feature","properties":{"t":173,"n":1},"geometry":{"type":"LineString","coordinates":[[-71.28326,44.34377],[-71.28341,44.34309]]}},{"type":"Feature","properties":{"t":173,"n":2},"geometry":{"type":"LineString","coordinates":[[-71.28341,44.34309],[-71.28347,44.34244],[-71.28392,44.34211]]}},{"type":"Feature","properties":{"t":288,"n":0},"geometry":{"type":"LineString","coordinates":[[-71.45721,44.31304],[-71.45747,44.31302],[-71.45785,44.31347],[-71.45861,44.31387],[-71.46197,44.31506],[-71.46279,44.31508],[-71.46388,44.31474],[-71.46552,44.31485],[-71.4722,44.31472],[-71.47421,44.31409],[-71.47666,44.31271],[-71.47988,44.31313],[-71.48103,44.31307],[-71.48061,44.31218],[-71.47977,44.31124],[-71.47992,44.31108],[-71.48225,44.31086],[-71.48493,44.31095],[-71.48884,44.31054]]}},{"type":"Feature","properties":{"t":752,"n":0},"geometry":{"type":"LineString","coordinates":[[-71.4977,44.32879],[-71.49848,44.33015],[-71.49888,44.33036],[-71.49912,44.33084],[-71.49933,44.33068]]}},{"type":"Feature","properties":{"t":198,"n":0},"geometry":{"type":"LineString","coordinates":[[-71.25439,44.27897],[-71.25437,44.27927],[-71.25322,44.28064],[-71.25307,44.28131],[-71.25324,44.28151]]}},{"type":"Feature","properties":{"t":189,"n":0},"geometry":{"type":"LineString","coordinates":[[-71.26133,44.30511],[-71.26175,44.30581],[-71.26133,44.30611],[-71.26201,44.30664],[-71.26175,44.30698],[-71.26018,44.30706],[-71.25867,44.30736],[-71.25643,44.30811],[-71.25566,44.30855]]}},{"type":"Feature","properties":{"t":189,"n":1},"geometry":{"type":"LineString","coordinates":[[-71.25566,44.30855],[-71.25501,44.3087]]}},{"type":"Feature","properties":{"t":75,"n":4},"geometry":{"type":"LineString","coordinates":[[-71.34982,44.2699],[-71.34954,44.26985]]}},{"type":"Feature","properties":{"t":75,"n":2},"geometry":{"type":"LineString","coordinates":[[-71.34954,44.26985],[-71.34819,44.26989],[-71.34516,44.26927]]}},{"type":"Feature","properties":{"t":75,"n":3},"geometry":{"type":"LineString","coordinates":[[-71.34516,44.26927],[-71.34415,44.26911]]}},{"type":"Feature","properties":{"t":122,"n":0},"geometry":{"type":"LineString","coordinates":[[-71.26315,44.30458],[-71.2633,44.30511],[-71.26606,44.30571],[-71.26675,44.3055],[-71.26727,44.30507],[-71.26842,44.30478],[-71.27206,44.30487],[-71.27359,44.30464],[-71.27406,44.30442],[-71.276,44.30425],[-71.27746,44.30372],[-71.27969,44.30254],[-71.28014,44.30283],[-71.28068,44.30268],[-71.28237,44.30295],[-71.28261,44.30279],[-71.28492,44.3026],[-71.28709,44.30323],[-71.28832,44.30327],[-71.29002,44.30206]]}},{"type":"Feature","properties":{"t":122,"n":1},"geometry":{"type":"LineString","coordinates":[[-71.29002,44.30206],[-71.29251,44.30018],[-71.29329,44.29984],[-71.29429,44.29969],[-71.29728,44.29744],[-71.29832,44.29608],[-71.29824,44.29515],[-71.30063,44.29389],[-71.30115,44.29328],[-71.30244,44.29329],[-71.30258,44.29316],[-71.30239,44.29268],[-71.30294,44.29211],[-71.30316,44.29079],[-71.30399,44.28941],[-71.30562,44.28746],[-71.3056,44.28716],[-71.30614,44.28676],[-71.30685,44.28541],[-71.30818,44.28448],[-71.30832,44.284],[-71.30816,44.2836],[-71.30877,44.28153],[-71.30869,44.28114]]}},{"type":"Feature","properties":{"t":122,"n":2},"geometry":{"type":"LineString","coordinates":[[-71.30869,44.28114],[-71.30857,44.28033]]}},{"type":"Feature","properties":{"t":122,"n":1},"geometry":{"type":"LineString","coordinates":[[-71.30857,44.28033],[-71.30656,44.27661],[-71.30513,44.27539]]}},{"type":"Feature","properties":{"t":122,"n":0},"geometry":{"type":"LineString","coordinates":[[-71.30513,44.27539],[-71.30512,44.27529]]}},{"type":"Feature","properties":{"t":122,"n":1},"geometry":{"type":"LineString","coordinates":[[-71.30512,44.27529],[-71.30463,44.27498]]}},{"type":"Feature","properties":{"t":122,"n":4},"geometry":{"type":"LineString","coordinates":[[-71.30463,44.27498],[-71.30468,44.27464]]}},{"type":"Feature","properties":{"t":301,"n":0},"geometry":{"type":"LineString","coordinates":[[-71.26196,44.3047],[-71.2623,44.30478],[-71.2626,44.30455]]}},{"type":"Feature","properties":{"t":301,"n":0},"geometry":{"type":"LineString","coordinates":[[-71.28193,44.32572],[-71.28158,44.32548],[-71.28091,44.32292],[-71.28014,44.32151],[-71.27912,44.32162],[-71.27879,44.32133],[-71.27922,44.32036],[-71.27838,44.3202],[-71.27651,44.3193],[-71.27568,44.31921],[-71.27473,44.31873],[-71.27419,44.31821],[-71.2741,44.31772],[-71.27249,44.31737],[-71.27219,44.3171],[-71.27086,44.31672],[-71.27053,44.31634],[-71.26898,44.31556],[-71.26838,44.31506],[-71.26762,44.31365],[-71.26767,44.31338],[-71.26825,44.31362],[-71.26848,44.31328],[-71.2682,44.31268],[-71.26761,44.31219],[-71.26765,44.31082],[-71.26708,44.30959],[-71.26591,44.30831],[-71.26316,44.3062],[-71.26196,44.3047]]}},{"type":"Feature","properties":{"t":19,"n":2},"geometry":{"type":"LineString","coordinates":[[-71.26939,44.32781],[-71.26902,44.32758]]}},{"type":"Feature","properties":{"t":19,"n":1},"geometry":{"type":"LineString","coordinates":[[-71.26902,44.32758],[-71.26772,44.32662],[-71.26624,44.32588],[-71.26596,44.32537],[-71.26559,44.32536],[-71.26505,44.32499],[-71.26274,44.32245],[-71.26141,44.32161],[-71.26115,44.32117],[-71.26133,44.32088],[-71.2611,44.32022],[-71.26118,44.31954],[-71.26019,44.31782],[-71.25992,44.31648],[-71.25895,44.316],[-71.25827,44.315],[-71.2575,44.31453],[-71.25733,44.31393],[-71.25784,44.3126],[-71.25679,44.30982],[-71.25529,44.30926],[-71.25501,44.3087]]}},{"type":"Feature","properties":{"t":226,"n":0},"geometry":{"type":"LineString","coordinates":[[-71.35342,44.29653],[-71.35222,44.29625],[-71.34822,44.29674],[-71.34644,44.29676],[-71.3458,44.29697],[-71.34487,44.29773],[-71.34325,44.29808],[-71.3419,44.29895],[-71.34001,44.29896],[-71.33906,44.29873],[-71.3377,44.29911],[-71.33733,44.29899],[-71.33717,44.29933],[-71.33668,44.2996],[-71.33269,44.30097],[-71.33252,44.30084],[-71.33091,44.30131],[-71.33051,44.30119],[-71.32972,44.30146],[-71.32905,44.30128],[-71.32811,44.30146],[-71.32686,44.30111],[-71.32511,44.30145],[-71.32449,44.30145],[-71.32374,44.30117],[-71.32257,44.30129],[-71.32132,44.30182],[-71.32041,44.30305],[-71.31969,44.30359],[-71.31717,44.30402]]}},{"type":"Feature","properties":{"t":226,"n":5},"geometry":{"type":"LineString","coordinates":[[-71.31717,44.30402],[-71.31705,44.30407]]}},{"type":"Feature","properties":{"t":226,"n":6},"geometry":{"type":"LineString","coordinates":[[-71.31705,44.30407],[-71.31652,44.30425]]}},{"type":"Feature","properties":{"t":226,"n":7},"geometry":{"type":"LineString","coordinates":[[-71.31652,44.30425],[-71.31646,44.30427]]}},{"type":"Feature","properties":{"t":27,"n":4},"geometry":{"type":"LineString","coordinates":[[-71.36088,44.26697],[-71.36032,44.26718],[-71.35998,44.26711]]}},{"type":"Feature","properties":{"t":27,"n":3},"geometry":{"type":"LineString","coordinates":[[-71.35998,44.26711],[-71.35946,44.26689],[-71.35865,44.26685],[-71.35786,44.2665],[-71.35574,44.26648],[-71.35506,44.26662],[-71.3544,44.26708],[-71.35232,44.26707],[-71.35147,44.26749],[-71.34997,44.26762],[-71.34917,44.26823],[-71.34647,44.26877]]}},{"type":"Feature","properties":{"t":27,"n":2},"geometry":{"type":"LineString","coordinates":[[-71.34647,44.26877],[-71.34507,44.26894]]}},{"type":"Feature","properties":{"t":27,"n":3},"geometry":{"type":"LineString","coordinates":[[-71.34507,44.26894],[-71.34415,44.26911]]}},{"type":"Feature","properties":{"t":103,"n":7},"geometry":{"type":"LineString","coordinates":[[-71.31643,44.30429],[-71.31665,44.30461]]}},{"type":"Feature","properties":{"t":103,"n":2},"geometry":{"type":"LineString","coordinates":[[-71.31665,44.30461],[-71.31675,44.30473]]}},{"type":"Feature","properties":{"t":103,"n":1},"geometry":{"type":"LineString","coordinates":[[-71.31675,44.30473],[-71.31754,44.30601]]}},{"type":"Feature","properties":{"t":103,"n":0},"geometry":{"type":"LineString","coordinates":[[-71.31754,44.30601],[-71.31848,44.30795],[-71.32128,44.30987],[-71.32212,44.31078]]}},{"type":"Feature","properties":{"t":103,"n":1},"geometry":{"type":"LineString","coordinates":[[-71.32212,44.31078],[-71.32367,44.31282],[-71.32427,44.31329],[-71.32572,44.3142],[-71.32646,44.31442],[-71.32685,44.31481],[-71.32768,44.31515],[-71.32777,44.31537],[-71.32913,44.31595],[-71.33103,44.31736],[-71.33353,44.3196],[-71.33465,44.32013],[-71.33529,44.32085],[-71.33544,44.32158],[-71.33616,44.32251],[-71.33656,44.32521],[-71.33636,44.32576],[-71.33661,44.32679],[-71.3364,44.32793],[-71.33683,44.32998],[-71.33543,44.33272],[-71.33513,44.33434],[-71.33552,44.33639],[-71.33534,44.33717],[-71.33591,44.33893],[-71.3361,44.34046],[-71.33776,44.34176],[-71.33845,44.34265],[-71.33988,44.34386],[-71.34343,44.34616],[-71.34497,44.34824],[-71.34536,44.3495],[-71.34578,44.3499],[-71.34599,44.35051],[-71.34579,44.35116],[-71.34614,44.35201],[-71.34598,44.35286],[-71.34648,44.35346],[-71.34738,44.354],[-71.34773,44.35462],[-71.34683,44.35626],[-71.3462,44.35673],[-71.3459,44.35736]]}},{"type":"Feature","properties":{"t":247,"n":0},"geometry":{"type":"LineString","coordinates":[[-71.32146,44.31856],[-71.322,44.31828],[-71.32436,44.31771],[-71.33029,44.31734]]}},{"type":"Feature","properties":{"t":247,"n":1},"geometry":{"type":"LineString","coordinates":[[-71.33029,44.31734],[-71.33082,44.31725],[-71.33092,44.31685]]}},{"type":"Feature","properties":{"t":247,"n":0},"geometry":{"type":"LineString","coordinates":[[-71.33092,44.31685],[-71.32977,44.31416],[-71.32976,44.31326],[-71.33012,44.31054],[-71.3313,44.30997],[-71.33165,44.30959],[-71.33165,44.30876],[-71.33085,44.30707],[-71.33095,44.30668],[-71.3318,44.30604],[-71.33217,44.30499],[-71.33341,44.30324],[-71.33466,44.30232],[-71.33562,44.30093],[-71.33694,44.29998],[-71.33668,44.2996]]}},{"type":"Feature","properties":{"t":113,"n":1},"geometry":{"type":"LineString","coordinates":[[-71.31664,44.28243],[-71.31774,44.28363],[-71.31929,44.28459],[-71.31953,44.28428],[-71.31989,44.28424],[-71.31993,44.28396]]}},{"type":"Feature","properties":{"t":113,"n":0},"geometry":{"type":"LineString","coordinates":[[-71.31993,44.28396],[-71.32013,44.28377]]}},{"type":"Feature","properties":{"t":113,"n":1},"geometry":{"type":"LineString","coordinates":[[-71.32013,44.28377],[-71.32054,44.2838],[-71.32107,44.28356],[-71.32169,44.28408],[-71.32195,44.28396],[-71.32189,44.2835],[-71.3229,44.28354],[-71.32375,44.28397],[-71.32389,44.28362],[-71.32429,44.28357],[-71.32516,44.28367],[-71.32537,44.28393],[-71.326,44.284],[-71.32733,44.28455],[-71.33025,44.28461],[-71.33263,44.28429],[-71.33543,44.2834],[-71.33573,44.28369],[-71.33606,44.2837],[-71.33735,44.28271],[-71.33786,44.28196],[-71.33797,44.28137],[-71.33744,44.2809],[-71.33869,44.28063],[-71.34,44.28065],[-71.34072,44.28083],[-71.34171,44.28143],[-71.34279,44.27968],[-71.34285,44.27877],[-71.34388,44.2782],[-71.34495,44.27664],[-71.34568,44.27626],[-71.34571,44.27573],[-71.34666,44.27528],[-71.34673,44.27492]]}},{"type":"Feature","properties":{"t":125,"n":6},"geometry":{"type":"LineString","coordinates":[[-71.31561,44.305],[-71.31521,44.30487]]}},{"type":"Feature","properties":{"t":125,"n":2},"geometry":{"type":"LineString","coordinates":[[-71.31521,44.30487],[-71.31503,44.30483]]}},{"type":"Feature","properties":{"t":125,"n":0},"geometry":{"type":"LineString","coordinates":[[-71.31503,44.30483],[-71.31409,44.30476]]}},{"type":"Feature","properties":{"t":125,"n":1},"geometry":{"type":"LineString","coordinates":[[-71.31409,44.30476],[-71.3126,44.30478],[-71.31195,44.30499]]}},{"type":"Feature","properties":{"t":125,"n":0},"geometry":{"type":"LineString","coordinates":[[-71.31195,44.30499],[-71.31172,44.30505]]}},{"type":"Feature","properties":{"t":125,"n":1},"geometry":{"type":"LineString","coordinates":[[-71.31172,44.30505],[-71.31055,44.30519],[-71.30999,44.3055],[-71.30689,44.30533]]}},{"type":"Feature","properties":{"t":125,"n":0},"geometry":{"type":"LineString","coordinates":[[-71.30689,44.30533],[-71.30594,44.30525]]}},{"type":"Feature","properties":{"t":125,"n":1},"geometry":{"type":"LineString","coordinates":[[-71.30594,44.30525],[-71.30527,44.30496],[-71.305,44.30517],[-71.30255,44.30486]]}},{"type":"Feature","properties":{"t":125,"n":0},"geometry":{"type":"LineString","coordinates":[[-71.30255,44.30486],[-71.30132,44.30505],[-71.30044,44.30496],[-71.29967,44.30533],[-71.29772,44.3053],[-71.29794,44.3062],[-71.29775,44.30613],[-71.29731,44.30648],[-71.29669,44.30739],[-71.29599,44.30738],[-71.29538,44.30695],[-71.29455,44.30682],[-71.29418,44.30657],[-71.2938,44.30693],[-71.2928,44.30719]]}},{"type":"Feature","properties":{"t":125,"n":1},"geometry":{"type":"LineString","coordinates":[[-71.2928,44.30719],[-71.29227,44.30706],[-71.29201,44.30649],[-71.29029,44.30562],[-71.2898,44.30495],[-71.29052,44.30438],[-71.29096,44.30364],[-71.29069,44.30206],[-71.2903,44.3019]]}},{"type":"Feature","properties":{"t":184,"n":0},"geometry":{"type":"LineString","coordinates":[[-71.28193,44.32572],[-71.27952,44.32653],[-71.27602,44.3264],[-71.2751,44.32682],[-71.27354,44.32705],[-71.27254,44.32779],[-71.27018,44.32778]]}},{"type":"Feature","properties":{"t":184,"n":2},"geometry":{"type":"LineString","coordinates":[[-71.27018,44.32778],[-71.26939,44.32781]]}},{"type":"Feature","properties":{"t":587,"n":0},"geometry":{"type":"LineString","coordinates":[[-71.28022,44.29417],[-71.281,44.2943],[-71.28127,44.29461],[-71.2819,44.29468],[-71.28198,44.29503],[-71.28286,44.29567],[-71.28292,44.29657],[-71.28243,44.29851],[-71.28295,44.29952],[-71.28253,44.30083],[-71.28194,44.30167],[-71.28036,44.30274]]}},{"type":"Feature","properties":{"t":231,"n":1},"geometry":{"type":"LineString","coordinates":[[-71.2903,44.3019],[-71.28997,44.30165]]}},{"type":"Feature","properties":{"t":231,"n":0},"geometry":{"type":"LineString","coordinates":[[-71.28997,44.30165],[-71.28979,44.30109],[-71.2904,44.30001],[-71.28998,44.29911],[-71.2888,44.2983],[-71.28929,44.29759],[-71.289,44.29753],[-71.28862,44.29703],[-71.28819,44.29564],[-71.28878,44.29472],[-71.28847,44.29407],[-71.28859,44.29323],[-71.28817,44.29149],[-71.28851,44.28944],[-71.288,44.28789],[-71.28827,44.28693],[-71.28742,44.28589],[-71.28788,44.2854],[-71.28878,44.28288]]}},{"type":"Feature","properties":{"t":194,"n":0},"geometry":{"type":"LineString","coordinates":[[-71.2889,44.28281],[-71.28863,44.28215],[-71.28948,44.28154],[-71.28976,44.28084],[-71.28968,44.27989],[-71.28932,44.27914],[-71.28943,44.27873]]}},{"type":"Feature","properties":{"t":172,"n":1},"geometry":{"type":"LineString","coordinates":[[-71.30728,44.30535],[-71.30772,44.30555]]}},{"type":"Feature","properties":{"t":172,"n":0},"geometry":{"type":"LineString","coordinates":[[-71.30772,44.30555],[-71.30943,44.30661],[-71.31132,44.30823],[-71.31188,44.30886],[-71.3118,44.30928],[-71.31231,44.30997]]}},{"type":"Feature","properties":{"t":172,"n":2},"geometry":{"type":"LineString","coordinates":[[-71.31231,44.30997],[-71.31234,44.31]]}},{"type":"Feature","properties":{"t":172,"n":3},"geometry":{"type":"LineString","coordinates":[[-71.31234,44.31],[-71.31234,44.31004]]}},{"type":"Feature","properties":{"t":172,"n":4},"geometry":{"type":"LineString","coordinates":[[-71.31234,44.31004],[-71.31235,44.3101]]}},{"type":"Feature","properties":{"t":172,"n":5},"geometry":{"type":"LineString","coordinates":[[-71.31235,44.3101],[-71.31234,44.31019]]}},{"type":"Feature","properties":{"t":172,"n":6},"geometry":{"type":"LineString","coordinates":[[-71.31234,44.31019],[-71.31241,44.31041]]}},{"type":"Feature","properties":{"t":155,"n":6},"geometry":{"type":"LineString","coordinates":[[-71.31241,44.31041],[-71.31236,44.3108]]}},{"type":"Feature","properties":{"t":155,"n":5},"geometry":{"type":"LineString","coordinates":[[-71.31236,44.3108],[-71.31233,44.31094]]}},{"type":"Feature","properties":{"t":155,"n":3},"geometry":{"type":"LineString","coordinates":[[-71.31233,44.31094],[-71.31244,44.31176]]}},{"type":"Feature","properties":{"t":191,"n":7},"geometry":{"type":"LineString","coordinates":[[-71.31786,44.29314],[-71.31772,44.29324]]}},{"type":"Feature","properties":{"t":191,"n":6},"geometry":{"type":"LineString","coordinates":[[-71.31772,44.29324],[-71.31752,44.29335]]}},{"type":"Feature","properties":{"t":191,"n":1},"geometry":{"type":"LineString","coordinates":[[-71.31752,44.29335],[-71.3174,44.2934]]}},{"type":"Feature","properties":{"t":191,"n":0},"geometry":{"type":"LineString","coordinates":[[-71.3174,44.2934],[-71.31602,44.29322],[-71.3148,44.29378],[-71.3137,44.29375],[-71.31096,44.29473],[-71.30915,44.29394],[-71.30828,44.29392],[-71.30612,44.29338],[-71.3033,44.29388],[-71.30265,44.29362]]}},{"type":"Feature","properties":{"t":191,"n":1},"geometry":{"type":"LineString","coordinates":[[-71.30265,44.29362],[-71.30244,44.29329]]}},{"type":"Feature","properties":{"t":216,"n":3},"geometry":{"type":"LineString","coordinates":[[-71.31244,44.31176],[-71.31248,44.31177]]}},{"type":"Feature","properties":{"t":216,"n":1},"geometry":{"type":"LineString","coordinates":[[-71.31248,44.31177],[-71.31283,44.31173]]}},{"type":"Feature","properties":{"t":216,"n":0},"geometry":{"type":"LineString","coordinates":[[-71.31283,44.31173],[-71.31384,44.31161],[-71.31509,44.31177],[-71.31596,44.31123],[-71.3192,44.31071],[-71.32117,44.30981],[-71.32177,44.3091],[-71.32199,44.30748],[-71.32299,44.30613],[-71.32299,44.30524],[-71.32371,44.30414],[-71.32376,44.30366],[-71.32332,44.30283],[-71.32331,44.30227],[-71.3228,44.30144],[-71.32208,44.30123],[-71.32038,44.30142],[-71.31813,44.30068],[-71.31698,44.30023],[-71.31637,44.29924]]}},{"type":"Feature","properties":{"t":216,"n":6},"geometry":{"type":"LineString","coordinates":[[-71.31637,44.29924],[-71.3163,44.29916]]}},{"type":"Feature","properties":{"t":216,"n":7},"geometry":{"type":"LineString","coordinates":[[-71.3163,44.29916],[-71.31603,44.29895]]}},{"type":"Feature","properties":{"t":53,"n":8},"geometry":{"type":"LineString","coordinates":[[-71.3133,44.27871],[-71.31373,44.2794]]}},{"type":"Feature","properties":{"t":53,"n":7},"geometry":{"type":"LineString","coordinates":[[-71.31373,44.2794],[-71.31392,44.27997],[-71.31433,44.28003]]}},{"type":"Feature","properties":{"t":53,"n":8},"geometry":{"type":"LineString","coordinates":[[-71.31433,44.28003],[-71.31496,44.28054],[-71.31518,44.28102]]}},{"type":"Feature","properties":{"t":53,"n":7},"geometry":{"type":"LineString","coordinates":[[-71.31518,44.28102],[-71.31512,44.2813],[-71.3155,44.28165],[-71.31541,44.28292],[-71.31571,44.28424],[-71.31555,44.28439],[-71.31574,44.28449],[-71.31558,44.28534],[-71.31574,44.28592],[-71.31459,44.2879]]}},{"type":"Feature","properties":{"t":53,"n":5},"geometry":{"type":"LineString","coordinates":[[-71.31459,44.2879],[-71.31451,44.28807]]}},{"type":"Feature","properties":{"t":53,"n":7},"geometry":{"type":"LineString","coordinates":[[-71.31451,44.28807],[-71.31457,44.28842],[-71.3158,44.28978]]}},{"type":"Feature","properties":{"t":53,"n":6},"geometry":{"type":"LineString","coordinates":[[-71.3158,44.28978],[-71.31594,44.28993]]}},{"type":"Feature","properties":{"t":53,"n":7},"geometry":{"type":"LineString","coordinates":[[-71.31594,44.28993],[-71.31617,44.29007],[-71.3161,44.29043]]}},{"type":"Feature","properties":{"t":53,"n":6},"geometry":{"type":"LineString","coordinates":[[-71.3161,44.29043],[-71.31611,44.29102],[-71.31697,44.2915]]}},{"type":"Feature","properties":{"t":99,"n":3},"geometry":{"type":"LineString","coordinates":[[-71.28468,44.3246],[-71.28458,44.32423]]}},{"type":"Feature","properties":{"t":99,"n":2},"geometry":{"type":"LineString","coordinates":[[-71.28458,44.32423],[-71.28454,44.32412]]}},{"type":"Feature","properties":{"t":99,"n":1},"geometry":{"type":"LineString","coordinates":[[-71.28454,44.32412],[-71.2854,44.32291],[-71.28557,44.32208],[-71.28518,44.32151],[-71.28533,44.32051],[-71.28514,44.31971],[-71.28465,44.31896],[-71.28356,44.31807],[-71.28389,44.31738],[-71.28367,44.31729],[-71.28392,44.31699],[-71.28378,44.3157],[-71.28403,44.31301],[-71.28457,44.31235],[-71.28441,44.31145],[-71.28477,44.31049],[-71.28526,44.30995],[-71.28574,44.30879],[-71.28674,44.30864],[-71.28822,44.30874]]}},{"type":"Feature","properties":{"t":99,"n":0},"geometry":{"type":"LineString","coordinates":[[-71.28822,44.30874],[-71.28963,44.30853]]}},{"type":"Feature","properties":{"t":99,"n":1},"geometry":{"type":"LineString","coordinates":[[-71.28963,44.30853],[-71.29203,44.30821],[-71.29207,44.30725],[-71.29227,44.30706]]}},{"type":"Feature","properties":{"t":197,"n":4},"geometry":{"type":"LineString","coordinates":[[-71.30281,44.27084],[-71.3028,44.27085]]}},{"type":"Feature","properties":{"t":197,"n":3},"geometry":{"type":"LineString","coordinates":[[-71.3028,44.27085],[-71.30273,44.27099]]}},{"type":"Feature","properties":{"t":197,"n":1},"geometry":{"type":"LineString","coordinates":[[-71.30273,44.27099],[-71.30292,44.27116]]}},{"type":"Feature","properties":{"t":197,"n":2},"geometry":{"type":"LineString","coordinates":[[-71.30292,44.27116],[-71.3029,44.2713]]}},{"type":"Feature","properties":{"t":197,"n":1},"geometry":{"type":"LineString","coordinates":[[-71.3029,44.2713],[-71.30254,44.27204]]}},{"type":"Feature","properties":{"t":197,"n":2},"geometry":{"type":"LineString","coordinates":[[-71.30254,44.27204],[-71.30245,44.27217]]}},{"type":"Feature","properties":{"t":197,"n":4},"geometry":{"type":"LineString","coordinates":[[-71.30245,44.27217],[-71.30236,44.27226]]}},{"type":"Feature","properties":{"t":197,"n":3},"geometry":{"type":"LineString","coordinates":[[-71.30236,44.27226],[-71.30196,44.27269]]}},{"type":"Feature","properties":{"t":197,"n":2},"geometry":{"type":"LineString","coordinates":[[-71.30196,44.27269],[-71.30189,44.27275]]}},{"type":"Feature","properties":{"t":197,"n":0},"geometry":{"type":"LineString","coordinates":[[-71.30189,44.27275],[-71.30033,44.27383],[-71.29758,44.2753],[-71.29687,44.27598],[-71.29523,44.27642],[-71.29347,44.27726],[-71.29129,44.27877],[-71.29045,44.27862],[-71.28713,44.27914],[-71.28648,44.27936],[-71.28506,44.28053],[-71.28379,44.28057],[-71.28246,44.2814],[-71.28035,44.28182],[-71.27833,44.28193],[-71.27755,44.28178],[-71.27683,44.28106],[-71.27497,44.28047],[-71.27362,44.27939],[-71.27098,44.27895],[-71.26989,44.27834],[-71.26931,44.27821],[-71.26644,44.27819],[-71.2658,44.27801],[-71.26495,44.27833],[-71.26342,44.27848],[-71.2609,44.27823],[-71.26062,44.27807],[-71.25779,44.278],[-71.2564,44.27857],[-71.25556,44.2792],[-71.25537,44.27969],[-71.25477,44.27997],[-71.25412,44.27997],[-71.25386,44.27967]]}},{"type":"Feature","properties":{"t":19,"n":1},"geometry":{"type":"LineString","coordinates":[[-71.25501,44.3087],[-71.25633,44.30693],[-71.2563,44.30641],[-71.25552,44.30538],[-71.2526,44.30404],[-71.24995,44.30344],[-71.24879,44.30343],[-71.24659,44.30247]]}},{"type":"Feature","properties":{"t":275,"n":0},"geometry":{"type":"LineString","coordinates":[[-71.47058,44.36926],[-71.4653,44.36959],[-71.45973,44.37161],[-71.45838,44.3718],[-71.44215,44.37267],[-71.43581,44.37222],[-71.42764,44.37014],[-71.4237,44.36981],[-71.42171,44.36938],[-71.41586,44.36628],[-71.41139,44.36535],[-71.40729,44.36285],[-71.39405,44.35867]]}},{"type":"Feature","properties":{"t":201,"n":8},"geometry":{"type":"LineString","coordinates":[[-71.28937,44.3707],[-71.28948,44.3707]]}},{"type":"Feature","properties":{"t":201,"n":3},"geometry":{"type":"LineString","coordinates":[[-71.28948,44.3707],[-71.28971,44.37069]]}},{"type":"Feature","properties":{"t":201,"n":1},"geometry":{"type":"LineString","coordinates":[[-71.28971,44.37069],[-71.28994,44.37069]]}},{"type":"Feature","properties":{"t":201,"n":0},"geometry":{"type":"LineString","coordinates":[[-71.28994,44.37069],[-71.29165,44.37031],[-71.29253,44.37039],[-71.29579,44.36996],[-71.29792,44.36884],[-71.29857,44.36729]]}},{"type":"Feature","properties":{"t":155,"n":1},"geometry":{"type":"LineString","coordinates":[[-71.29719,44.34905],[-71.2975,44.34811]]}},{"type":"Feature","properties":{"t":155,"n":0},"geometry":{"type":"LineString","coordinates":[[-71.2975,44.34811],[-71.29822,44.34604],[-71.2984,44.34588],[-71.29892,44.34588],[-71.29908,44.34513],[-71.29952,44.34493],[-71.30088,44.3449],[-71.30325,44.34418],[-71.30531,44.3427],[-71.30877,44.34304],[-71.31151,44.34244],[-71.31234,44.34201],[-71.31338,44.34134],[-71.31458,44.3381]]}},{"type":"Feature","properties":{"t":150,"n":1},"geometry":{"type":"LineString","coordinates":[[-71.33908,44.34307],[-71.33788,44.34275]]}},{"type":"Feature","properties":{"t":150,"n":0},"geometry":{"type":"LineString","coordinates":[[-71.33788,44.34275],[-71.33749,44.34267],[-71.33672,44.3419],[-71.3342,44.33849],[-71.33376,44.33827],[-71.33118,44.33572],[-71.33071,44.33503],[-71.33004,44.33458],[-71.32704,44.33354],[-71.32399,44.332],[-71.32306,44.33184],[-71.32172,44.33125],[-71.32209,44.33113],[-71.32248,44.33042],[-71.32231,44.32897],[-71.32105,44.32789],[-71.3207,44.32687],[-71.31939,44.3248],[-71.31735,44.32378],[-71.31732,44.3234],[-71.31555,44.32358],[-71.31414,44.32347]]}},{"type":"Feature","properties":{"t":150,"n":1},"geometry":{"type":"LineString","coordinates":[[-71.31414,44.32347],[-71.31367,44.32341],[-71.31375,44.32275],[-71.31338,44.32176],[-71.31235,44.32004],[-71.31176,44.31945]]}},{"type":"Feature","properties":{"t":150,"n":2},"geometry":{"type":"LineString","coordinates":[[-71.31176,44.31945],[-71.31146,44.31923],[-71.31154,44.31845]]}},{"type":"Feature","properties":{"t":715,"n":0},"geometry":{"type":"LineString","coordinates":[[-71.27864,44.26986],[-71.27762,44.26963],[-71.27534,44.26842],[-71.27533,44.26827],[-71.27614,44.26794],[-71.27716,44.26789]]}},{"type":"Feature","properties":{"t":91,"n":6},"geometry":{"type":"LineString","coordinates":[[-71.2779,44.26381],[-71.27829,44.26401]]}},{"type":"Feature","properties":{"t":91,"n":3},"geometry":{"type":"LineString","coordinates":[[-71.27829,44.26401],[-71.279,44.26442]]}},{"type":"Feature","properties":{"t":568,"n":0},"geometry":{"type":"LineString","coordinates":[[-71.35684,44.27008],[-71.36007,44.28152]]}},{"type":"Feature","properties":{"t":177,"n":8},"geometry":{"type":"LineString","coordinates":[[-71.28314,44.328],[-71.28321,44.3282]]}},{"type":"Feature","properties":{"t":177,"n":6},"geometry":{"type":"LineString","coordinates":[[-71.28321,44.3282],[-71.28322,44.32833]]}},{"type":"Feature","properties":{"t":177,"n":1},"geometry":{"type":"LineString","coordinates":[[-71.28322,44.32833],[-71.28314,44.32844]]}},{"type":"Feature","properties":{"t":177,"n":0},"geometry":{"type":"LineString","coordinates":[[-71.28314,44.32844],[-71.28146,44.32965],[-71.27656,44.33162]]}},{"type":"Feature","properties":{"t":177,"n":1},"geometry":{"type":"LineString","coordinates":[[-71.27656,44.33162],[-71.27639,44.33171]]}},{"type":"Feature","properties":{"t":177,"n":2},"geometry":{"type":"LineString","coordinates":[[-71.27639,44.33171],[-71.27548,44.3322]]}},{"type":"Feature","properties":{"t":177,"n":0},"geometry":{"type":"LineString","coordinates":[[-71.27548,44.3322],[-71.27514,44.33244],[-71.27457,44.33244],[-71.27328,44.33297],[-71.27208,44.33316],[-71.27033,44.33377],[-71.26859,44.33508],[-71.26615,44.33601]]}},{"type":"Feature","properties":{"t":177,"n":1},"geometry":{"type":"LineString","coordinates":[[-71.26615,44.33601],[-71.26569,44.33619]]}},{"type":"Feature","properties":{"t":108,"n":2},"geometry":{"type":"LineString","coordinates":[[-71.27352,44.32953],[-71.27351,44.32958]]}},{"type":"Feature","properties":{"t":108,"n":3},"geometry":{"type":"LineString","coordinates":[[-71.27351,44.32958],[-71.27336,44.32989]]}},{"type":"Feature","properties":{"t":108,"n":1},"geometry":{"type":"LineString","coordinates":[[-71.27336,44.32989],[-71.27057,44.33247],[-71.26851,44.33326],[-71.26835,44.33383],[-71.26618,44.33536],[-71.26576,44.33578],[-71.26569,44.33619]]}},{"type":"Feature","properties":{"t":207,"n":0},"geometry":{"type":"LineString","coordinates":[[-71.28152,44.34709],[-71.28103,44.34714],[-71.28041,44.34814],[-71.27997,44.35076],[-71.27893,44.35123],[-71.27831,44.35181],[-71.27877,44.35242],[-71.27804,44.35339],[-71.27858,44.35373],[-71.27931,44.35547],[-71.27888,44.35541],[-71.27843,44.35615],[-71.27868,44.35633],[-71.27872,44.35676],[-71.27803,44.35737],[-71.27749,44.35731],[-71.27735,44.35855],[-71.27682,44.35891],[-71.2768,44.35914],[-71.27575,44.35969],[-71.27535,44.36014],[-71.27452,44.35962],[-71.27394,44.35988],[-71.27231,44.36155]]}},{"type":"Feature","properties":{"t":207,"n":1},"geometry":{"type":"LineString","coordinates":[[-71.27231,44.36155],[-71.27175,44.36216]]}},{"type":"Feature","properties":{"t":409,"n":0},"geometry":{"type":"LineString","coordinates":[[-71.2984,44.34588],[-71.29943,44.34738],[-71.29996,44.34756],[-71.30193,44.34794],[-71.30259,44.34792],[-71.30286,44.34767],[-71.30416,44.3473],[-71.3046,44.34755],[-71.30489,44.34894],[-71.3061,44.3496],[-71.3066,44.34959],[-71.30759,44.35051],[-71.30754,44.35166],[-71.3087,44.35093],[-71.30892,44.35117],[-71.31012,44.3516],[-71.30957,44.35208],[-71.31011,44.35262],[-71.31013,44.35338],[-71.30889,44.35381],[-71.30912,44.35422],[-71.30977,44.35388],[-71.31292,44.35435],[-71.31302,44.35459],[-71.31272,44.35513],[-71.31226,44.3553],[-71.31211,44.35597],[-71.31451,44.35582],[-71.31548,44.35587],[-71.31628,44.35616],[-71.31835,44.35613]]}},{"type":"Feature","properties":{"t":195,"n":1},"geometry":{"type":"LineString","coordinates":[[-71.29268,44.33116],[-71.29305,44.33114]]}},{"type":"Feature","properties":{"t":195,"n":0},"geometry":{"type":"LineString","coordinates":[[-71.29305,44.33114],[-71.29418,44.33025],[-71.29431,44.32938],[-71.29542,44.32748],[-71.29519,44.32614],[-71.29456,44.32505],[-71.29478,44.32403],[-71.29609,44.32277],[-71.29632,44.32202]]}},{"type":"Feature","properties":{"t":195,"n":2},"geometry":{"type":"LineString","coordinates":[[-71.29632,44.32202],[-71.29632,44.32185]]}},{"type":"Feature","properties":{"t":195,"n":4},"geometry":{"type":"LineString","coordinates":[[-71.29632,44.32185],[-71.29632,44.32167]]}},{"type":"Feature","properties":{"t":142,"n":5},"geometry":{"type":"LineString","coordinates":[[-71.28746,44.32662],[-71.28757,44.32665]]}},{"type":"Feature","properties":{"t":142,"n":1},"geometry":{"type":"LineString","coordinates":[[-71.28757,44.32665],[-71.28852,44.32692],[-71.2901,44.32902],[-71.29043,44.32902],[-71.29167,44.32967],[-71.29174,44.33058],[-71.29203,44.33046],[-71.29259,44.33091],[-71.29349,44.33233],[-71.29347,44.33268],[-71.29395,44.33334],[-71.29412,44.33443],[-71.29444,44.3348],[-71.29543,44.33517],[-71.29613,44.33566],[-71.29632,44.3364],[-71.29703,44.33754]]}},{"type":"Feature","properties":{"t":142,"n":0},"geometry":{"type":"LineString","coordinates":[[-71.29703,44.33754],[-71.29731,44.33782],[-71.29751,44.33939],[-71.2984,44.34007],[-71.30022,44.34135],[-71.30147,44.34178],[-71.30221,44.34264],[-71.30453,44.34323],[-71.30478,44.34512],[-71.30585,44.34478],[-71.30965,44.3452],[-71.31294,44.34584],[-71.31503,44.34568],[-71.31877,44.3466]]}},{"type":"Feature","properties":{"t":210,"n":0},"geometry":{"type":"LineString","coordinates":[[-71.30271,44.33472],[-71.30617,44.33315],[-71.30727,44.33288],[-71.31003,44.33261],[-71.31062,44.33221],[-71.31059,44.33067],[-71.3108,44.33031],[-71.30936,44.32707],[-71.30781,44.32558],[-71.30702,44.32437],[-71.30732,44.32302],[-71.30812,44.32163],[-71.31,44.32036],[-71.31063,44.31958]]}},{"type":"Feature","properties":{"t":210,"n":1},"geometry":{"type":"LineString","coordinates":[[-71.31063,44.31958],[-71.31108,44.3192]]}},{"type":"Feature","properties":{"t":210,"n":2},"geometry":{"type":"LineString","coordinates":[[-71.31108,44.3192],[-71.31129,44.31908]]}},{"type":"Feature","properties":{"t":155,"n":2},"geometry":{"type":"LineString","coordinates":[[-71.31154,44.31845],[-71.31123,44.3194]]}},{"type":"Feature","properties":{"t":155,"n":1},"geometry":{"type":"LineString","coordinates":[[-71.31123,44.3194],[-71.31103,44.32014],[-71.31093,44.3242],[-71.31114,44.32504]]}},{"type":"Feature","properties":{"t":155,"n":0},"geometry":{"type":"LineString","coordinates":[[-71.31114,44.32504],[-71.31138,44.32617],[-71.3125,44.32769],[-71.31402,44.33093],[-71.31565,44.33354],[-71.31582,44.33421],[-71.31457,44.33796]]}},{"type":"Feature","properties":{"t":549,"n":0},"geometry":{"type":"LineString","coordinates":[[-71.32361,44.33194],[-71.32419,44.33339],[-71.3252,44.33448],[-71.32508,44.33563],[-71.32459,44.33619],[-71.32352,44.33711],[-71.32046,44.33809],[-71.31903,44.33891],[-71.31796,44.33922],[-71.31748,44.33919],[-71.31518,44.34027]]}},{"type":"Feature","properties":{"t":661,"n":0},"geometry":{"type":"LineString","coordinates":[[-71.32304,44.31915],[-71.32063,44.31969],[-71.31954,44.32056],[-71.31955,44.32262],[-71.31857,44.32272],[-71.31732,44.3234]]}},{"type":"Feature","properties":{"t":222,"n":1},"geometry":{"type":"LineString","coordinates":[[-71.31252,44.31177],[-71.31294,44.31234]]}},{"type":"Feature","properties":{"t":222,"n":0},"geometry":{"type":"LineString","coordinates":[[-71.31294,44.31234],[-71.31384,44.31435],[-71.31544,44.31616],[-71.31543,44.31656],[-71.31569,44.31683],[-71.31652,44.31682],[-71.31905,44.31778],[-71.3196,44.31771],[-71.32146,44.31856]]}},{"type":"Feature","properties":{"t":607,"n":0},"geometry":{"type":"LineString","coordinates":[[-71.40892,44.25804],[-71.41036,44.25842],[-71.41248,44.26114],[-71.41435,44.2625],[-71.41586,44.26419]]}},{"type":"Feature","properties":{"t":653,"n":0},"geometry":{"type":"LineString","coordinates":[[-71.43186,44.25859],[-71.43053,44.25805],[-71.43022,44.25771],[-71.42988,44.25616],[-71.4304,44.25499],[-71.43077,44.25477]]}},{"type":"Feature","properties":{"t":471,"n":0},"geometry":{"type":"LineString","coordinates":[[-71.42833,44.25486],[-71.42434,44.25566],[-71.42211,44.25587],[-71.42104,44.25622],[-71.42096,44.25648],[-71.41984,44.25659],[-71.41844,44.25718],[-71.4171,44.2581],[-71.4166,44.2581],[-71.41603,44.25774],[-71.41449,44.25761],[-71.41395,44.25728],[-71.41139,44.25729],[-71.40892,44.25804],[-71.40792,44.25812],[-71.40776,44.25832],[-71.40473,44.25896],[-71.40437,44.25889]]}},{"type":"Feature","properties":{"t":73,"n":1},"geometry":{"type":"LineString","coordinates":[[-71.35042,44.27066],[-71.35096,44.27107],[-71.35079,44.27141],[-71.34997,44.27159],[-71.34774,44.27278],[-71.34723,44.27341],[-71.34779,44.2736]]}},{"type":"Feature","properties":{"t":71,"n":2},"geometry":{"type":"LineString","coordinates":[[-71.28564,44.26451],[-71.28458,44.26508],[-71.28396,44.26515],[-71.28297,44.26494]]}},{"type":"Feature","properties":{"t":71,"n":3},"geometry":{"type":"LineString","coordinates":[[-71.28297,44.26494],[-71.28258,44.26476],[-71.28187,44.26474],[-71.28116,44.26432],[-71.28029,44.26449],[-71.27976,44.26434],[-71.2791,44.26466]]}},{"type":"Feature","properties":{"t":150,"n":2},"geometry":{"type":"LineString","coordinates":[[-71.31064,44.31754],[-71.30982,44.31721]]}},{"type":"Feature","properties":{"t":150,"n":1},"geometry":{"type":"LineString","coordinates":[[-71.30982,44.31721],[-71.30815,44.3163],[-71.30726,44.31624],[-71.30582,44.31665]]}},{"type":"Feature","properties":{"t":150,"n":5},"geometry":{"type":"LineString","coordinates":[[-71.30582,44.31665],[-71.30568,44.3167]]}},{"type":"Feature","properties":{"t":150,"n":6},"geometry":{"type":"LineString","coordinates":[[-71.30568,44.3167],[-71.30482,44.3169]]}},{"type":"Feature","properties":{"t":162,"n":1},"geometry":{"type":"LineString","coordinates":[[-71.29349,44.33233],[-71.29293,44.33232]]}},{"type":"Feature","properties":{"t":162,"n":0},"geometry":{"type":"LineString","coordinates":[[-71.29293,44.33232],[-71.29239,44.33218],[-71.29119,44.33227],[-71.2902,44.33205],[-71.29,44.33222],[-71.28979,44.33203],[-71.28893,44.33225]]}},{"type":"Feature","properties":{"t":162,"n":1},"geometry":{"type":"LineString","coordinates":[[-71.28893,44.33225],[-71.28841,44.33214]]}},{"type":"Feature","properties":{"t":143,"n":1},"geometry":{"type":"LineString","coordinates":[[-71.28884,44.33326],[-71.28856,44.33358]]}},{"type":"Feature","properties":{"t":143,"n":0},"geometry":{"type":"LineString","coordinates":[[-71.28856,44.33358],[-71.28701,44.33319]]}},{"type":"Feature","properties":{"t":143,"n":2},"geometry":{"type":"LineString","coordinates":[[-71.28701,44.33319],[-71.28686,44.33315]]}},{"type":"Feature","properties":{"t":143,"n":4},"geometry":{"type":"LineString","coordinates":[[-71.28686,44.33315],[-71.28669,44.3331]]}},{"type":"Feature","properties":{"t":143,"n":5},"geometry":{"type":"LineString","coordinates":[[-71.28669,44.3331],[-71.28643,44.33299]]}},{"type":"Feature","properties":{"t":623,"n":0},"geometry":{"type":"LineString","coordinates":[[-71.28887,44.35921],[-71.28613,44.35766],[-71.28523,44.35748],[-71.28473,44.3576],[-71.2832,44.35722],[-71.28229,44.35723],[-71.28096,44.35679],[-71.2804,44.35638],[-71.27959,44.35663],[-71.27931,44.35547]]}},{"type":"Feature","properties":{"t":155,"n":0},"geometry":{"type":"LineString","coordinates":[[-71.28887,44.35921],[-71.28846,44.35973]]}},{"type":"Feature","properties":{"t":155,"n":4},"geometry":{"type":"LineString","coordinates":[[-71.28846,44.35973],[-71.28843,44.3599]]}},{"type":"Feature","properties":{"t":155,"n":5},"geometry":{"type":"LineString","coordinates":[[-71.28843,44.3599],[-71.28837,44.36005]]}},{"type":"Feature","properties":{"t":155,"n":4},"geometry":{"type":"LineString","coordinates":[[-71.28837,44.36005],[-71.28827,44.36019]]}},{"type":"Feature","properties":{"t":155,"n":2},"geometry":{"type":"LineString","coordinates":[[-71.28827,44.36019],[-71.28818,44.36032]]}},{"type":"Feature","properties":{"t":155,"n":0},"geometry":{"type":"LineString","coordinates":[[-71.28818,44.36032],[-71.28671,44.36241],[-71.28145,44.36628]]}},{"type":"Feature","properties":{"t":155,"n":1},"geometry":{"type":"LineString","coordinates":[[-71.28145,44.36628],[-71.28097,44.36679]]}},{"type":"Feature","properties":{"t":155,"n":0},"geometry":{"type":"LineString","coordinates":[[-71.28097,44.36679],[-71.27976,44.36821],[-71.27875,44.36862],[-71.27779,44.36935],[-71.27671,44.36956],[-71.27639,44.36992],[-71.27497,44.37036],[-71.27293,44.37036],[-71.27136,44.37077],[-71.27038,44.37084]]}},{"type":"Feature","properties":{"t":119,"n":0},"geometry":{"type":"LineString","coordinates":[[-71.29921,44.36697],[-71.2982,44.36674],[-71.29767,44.36733],[-71.29674,44.3679],[-71.29263,44.36827],[-71.29207,44.36868],[-71.28995,44.36899]]}},{"type":"Feature","properties":{"t":119,"n":2},"geometry":{"type":"LineString","coordinates":[[-71.28995,44.36899],[-71.28923,44.36902]]}},{"type":"Feature","properties":{"t":119,"n":1},"geometry":{"type":"LineString","coordinates":[[-71.28923,44.36902],[-71.28901,44.369]]}},{"type":"Feature","properties":{"t":119,"n":2},"geometry":{"type":"LineString","coordinates":[[-71.28901,44.369],[-71.28881,44.36895]]}},{"type":"Feature","properties":{"t":119,"n":7},"geometry":{"type":"LineString","coordinates":[[-71.28881,44.36895],[-71.28806,44.36885]]}},{"type":"Feature","properties":{"t":119,"n":6},"geometry":{"type":"LineString","coordinates":[[-71.28806,44.36885],[-71.28789,44.36886]]}},{"type":"Feature","properties":{"t":119,"n":1},"geometry":{"type":"LineString","coordinates":[[-71.28789,44.36886],[-71.28567,44.36852],[-71.28208,44.36672],[-71.27902,44.36575],[-71.27679,44.36525],[-71.27327,44.36348],[-71.27111,44.36317]]}},{"type":"Feature","properties":{"t":175,"n":7},"geometry":{"type":"LineString","coordinates":[[-71.28882,44.36007],[-71.28908,44.36045]]}},{"type":"Feature","properties":{"t":175,"n":1},"geometry":{"type":"LineString","coordinates":[[-71.28908,44.36045],[-71.28918,44.36061]]}},{"type":"Feature","properties":{"t":175,"n":0},"geometry":{"type":"LineString","coordinates":[[-71.28918,44.36061],[-71.28993,44.36203],[-71.29069,44.36259]]}},{"type":"Feature","properties":{"t":175,"n":1},"geometry":{"type":"LineString","coordinates":[[-71.29069,44.36259],[-71.29085,44.36268]]}},{"type":"Feature","properties":{"t":175,"n":2},"geometry":{"type":"LineString","coordinates":[[-71.29085,44.36268],[-71.29155,44.36305]]}},{"type":"Feature","properties":{"t":175,"n":0},"geometry":{"type":"LineString","coordinates":[[-71.29155,44.36305],[-71.2943,44.36411],[-71.29615,44.36586],[-71.29604,44.36669],[-71.2967,44.36699],[-71.29813,44.36812]]}},{"type":"Feature","properties":{"t":47,"n":2},"geometry":{"type":"LineString","coordinates":[[-71.2916,44.36123],[-71.29181,44.36087]]}},{"type":"Feature","properties":{"t":47,"n":1},"geometry":{"type":"LineString","coordinates":[[-71.29181,44.36087],[-71.29261,44.35948],[-71.29451,44.35707],[-71.29538,44.3551]]}},{"type":"Feature","properties":{"t":155,"n":1},"geometry":{"type":"LineString","coordinates":[[-71.29538,44.3551],[-71.29474,44.35569]]}},{"type":"Feature","properties":{"t":155,"n":0},"geometry":{"type":"LineString","coordinates":[[-71.29474,44.35569],[-71.29382,44.3569],[-71.29207,44.35854]]}},{"type":"Feature","properties":{"t":155,"n":1},"geometry":{"type":"LineString","coordinates":[[-71.29207,44.35854],[-71.291,44.35906]]}},{"type":"Feature","properties":{"t":155,"n":0},"geometry":{"type":"LineString","coordinates":[[-71.291,44.35906],[-71.29015,44.35931]]}},{"type":"Feature","properties":{"t":155,"n":6},"geometry":{"type":"LineString","coordinates":[[-71.29015,44.35931],[-71.28995,44.35938]]}},{"type":"Feature","properties":{"t":155,"n":7},"geometry":{"type":"LineString","coordinates":[[-71.28995,44.35938],[-71.28965,44.35947]]}},{"type":"Feature","properties":{"t":760,"n":0},"geometry":{"type":"LineString","coordinates":[[-71.30912,44.35422],[-71.30884,44.35423],[-71.3084,44.35367],[-71.30691,44.35312],[-71.3063,44.3526]]}},{"type":"Feature","properties":{"t":709,"n":0},"geometry":{"type":"LineString","coordinates":[[-71.39505,44.47734],[-71.39737,44.47743]]}},{"type":"Feature","properties":{"t":270,"n":0},"geometry":{"type":"LineString","coordinates":[[-71.43248,44.43448],[-71.43036,44.43496],[-71.42882,44.43459],[-71.42774,44.43474],[-71.42715,44.43426],[-71.42609,44.43394],[-71.42542,44.43409],[-71.42498,44.43389],[-71.42317,44.43377],[-71.42236,44.43399],[-71.42186,44.43351],[-71.42045,44.43351],[-71.41853,44.43266],[-71.41771,44.43248],[-71.41645,44.43268],[-71.4142,44.43356],[-71.4134,44.43369],[-71.41055,44.43316],[-71.40621,44.43188],[-71.40241,44.43153],[-71.40096,44.43173],[-71.3983,44.43171],[-71.39717,44.43197],[-71.39518,44.43276],[-71.39153,44.43197],[-71.39138,44.43213],[-71.39218,44.43394],[-71.39155,44.43459],[-71.39074,44.43465],[-71.39026,44.43554],[-71.38947,44.43614],[-71.38888,44.43622],[-71.38968,44.437],[-71.38884,44.43788],[-71.38868,44.4383],[-71.38891,44.43906],[-71.38815,44.44009],[-71.38797,44.44073],[-71.38826,44.44234],[-71.38706,44.4421],[-71.38609,44.44241],[-71.38577,44.44233],[-71.38499,44.44256],[-71.38464,44.44289],[-71.38401,44.44295],[-71.38425,44.444],[-71.38317,44.44396],[-71.38291,44.44469],[-71.38121,44.44611],[-71.38073,44.44686],[-71.37982,44.44725],[-71.3792,44.44777],[-71.37924,44.44844],[-71.37961,44.44907],[-71.37928,44.45015],[-71.37968,44.45104],[-71.37876,44.45163],[-71.37897,44.45193],[-71.37811,44.45233],[-71.37832,44.45293],[-71.37885,44.45314],[-71.3782,44.4536],[-71.37901,44.45416],[-71.38014,44.45432],[-71.37968,44.4554],[-71.37896,44.45598],[-71.37887,44.45687],[-71.37767,44.46034],[-71.37779,44.46057],[-71.37842,44.46069],[-71.37951,44.46028],[-71.38028,44.45976],[-71.38092,44.45977],[-71.3815,44.46033],[-71.38205,44.46281],[-71.38164,44.46563],[-71.38125,44.46605],[-71.38176,44.46643],[-71.38111,44.46709],[-71.38126,44.46724],[-71.3808,44.46757],[-71.37952,44.46796],[-71.38003,44.46836],[-71.37943,44.46872],[-71.37995,44.46923],[-71.37987,44.46979],[-71.38039,44.4702],[-71.38062,44.47092],[-71.37984,44.47169],[-71.3814,44.47206],[-71.38199,44.47247],[-71.38229,44.47304],[-71.38223,44.47383],[-71.38494,44.47395],[-71.38779,44.47518],[-71.38804,44.47593],[-71.38973,44.47583],[-71.38957,44.47665],[-71.39056,44.47737],[-71.39152,44.47874],[-71.39228,44.47913],[-71.39319,44.47916],[-71.39458,44.47857],[-71.39559,44.47841],[-71.39605,44.47796],[-71.39737,44.47743],[-71.39996,44.47783],[-71.40055,44.47839],[-71.40121,44.4784],[-71.40178,44.47874],[-71.40195,44.47936],[-71.4032,44.48003],[-71.4036,44.48072],[-71.40496,44.48084],[-71.40574,44.48114],[-71.40731,44.48223],[-71.40685,44.48291],[-71.40724,44.48346],[-71.40719,44.48433],[-71.40763,44.48507],[-71.40819,44.48534],[-71.40838,44.48631],[-71.40812,44.48665],[-71.40823,44.48716],[-71.40766,44.48761],[-71.40782,44.4883],[-71.4074,44.48909],[-71.40646,44.48997],[-71.40702,44.49106],[-71.40808,44.49188],[-71.40776,44.49326],[-71.40823,44.49377],[-71.40927,44.49419],[-71.40937,44.49448],[-71.41022,44.49499]]}},{"type":"Feature","properties":{"t":822,"n":0},"geometry":{"type":"LineString","coordinates":[[-71.30295,44.33202],[-71.30189,44.3322]]}},{"type":"Feature","properties":{"t":10,"n":6},"geometry":{"type":"LineString","coordinates":[[-71.27571,44.2634],[-71.27581,44.26353]]}},{"type":"Feature","properties":{"t":10,"n":7},"geometry":{"type":"LineString","coordinates":[[-71.25612,44.26085],[-71.2562,44.26073]]}},{"type":"Feature","properties":{"t":10,"n":7},"geometry":{"type":"LineString","coordinates":[[-71.2562,44.26073],[-71.25639,44.26048],[-71.25692,44.26054],[-71.25776,44.25957],[-71.25801,44.25992]]}},{"type":"Feature","properties":{"t":10,"n":6},"geometry":{"type":"LineString","coordinates":[[-71.25801,44.25992],[-71.25827,44.26057],[-71.25883,44.26085],[-71.25909,44.26076],[-71.25924,44.25997],[-71.25972,44.2599],[-71.2602,44.26101],[-71.26226,44.26163],[-71.26445,44.26138],[-71.2683,44.26158],[-71.27114,44.2621],[-71.27313,44.26262],[-71.27405,44.26304]]}},{"type":"Feature","properties":{"t":10,"n":6},"geometry":{"type":"LineString","coordinates":[[-71.27581,44.26353],[-71.27636,44.26385],[-71.27752,44.26404],[-71.27783,44.26392],[-71.2779,44.26349]]}},{"type":"Feature","properties":{"t":10,"n":3},"geometry":{"type":"LineString","coordinates":[[-71.2779,44.26349],[-71.27796,44.26312],[-71.2792,44.26255],[-71.27996,44.26153],[-71.28113,44.2613],[-71.28309,44.26238],[-71.28338,44.2617],[-71.28607,44.26009]]}},{"type":"Feature","properties":{"t":10,"n":4},"geometry":{"type":"LineString","coordinates":[[-71.28607,44.26009],[-71.28634,44.25989],[-71.28686,44.26]]}},{"type":"Feature","properties":{"t":10,"n":3},"geometry":{"type":"LineString","coordinates":[[-71.28686,44.26],[-71.28692,44.26015]]}},{"type":"Feature","properties":{"t":10,"n":2},"geometry":{"type":"LineString","coordinates":[[-71.28692,44.26015],[-71.28746,44.26041],[-71.28824,44.2604],[-71.28901,44.26074],[-71.29,44.26086],[-71.29101,44.26129],[-71.29292,44.26119],[-71.29441,44.26134],[-71.29512,44.26171],[-71.29624,44.26174],[-71.29737,44.2623],[-71.29748,44.26343]]}},{"type":"Feature","properties":{"t":10,"n":1},"geometry":{"type":"LineString","coordinates":[[-71.29748,44.26343],[-71.29917,44.2628],[-71.30059,44.26297],[-71.30199,44.2635]]}},{"type":"Feature","properties":{"t":10,"n":2},"geometry":{"type":"LineString","coordinates":[[-71.30199,44.2635],[-71.30212,44.2635]]}},{"type":"Feature","properties":{"t":10,"n":3},"geometry":{"type":"LineString","coordinates":[[-71.30212,44.2635],[-71.30239,44.26355],[-71.30214,44.26494]]}},{"type":"Feature","properties":{"t":10,"n":4},"geometry":{"type":"LineString","coordinates":[[-71.30214,44.26494],[-71.302,44.26562],[-71.30225,44.26614],[-71.30222,44.26747],[-71.30171,44.26841],[-71.30199,44.26887],[-71.30199,44.26961]]}},{"type":"Feature","properties":{"t":82,"n":10},"geometry":{"type":"LineString","coordinates":[[-71.30332,44.27048],[-71.30361,44.27058]]}},{"type":"Feature","properties":{"t":82,"n":9},"geometry":{"type":"LineString","coordinates":[[-71.30361,44.27058],[-71.30368,44.2706]]}},{"type":"Feature","properties":{"t":82,"n":8},"geometry":{"type":"LineString","coordinates":[[-71.30368,44.2706],[-71.3037,44.2706]]}},{"type":"Feature","properties":{"t":82,"n":7},"geometry":{"type":"LineString","coordinates":[[-71.3037,44.2706],[-71.30373,44.2706]]}},{"type":"Feature","properties":{"t":82,"n":6},"geometry":{"type":"LineString","coordinates":[[-71.30373,44.2706],[-71.30385,44.27067]]}},{"type":"Feature","properties":{"t":82,"n":5},"geometry":{"type":"LineString","coordinates":[[-71.30385,44.27067],[-71.30551,44.27193]]}},{"type":"Feature","properties":{"t":96,"n":7},"geometry":{"type":"LineString","coordinates":[[-71.29161,44.3206],[-71.29163,44.32091]]}},{"type":"Feature","properties":{"t":96,"n":5},"geometry":{"type":"LineString","coordinates":[[-71.29163,44.32091],[-71.29088,44.32218],[-71.28861,44.32505]]}},{"type":"Feature","properties":{"t":96,"n":4},"geometry":{"type":"LineString","coordinates":[[-71.28861,44.32505],[-71.28861,44.32541]]}},{"type":"Feature","properties":{"t":96,"n":5},"geometry":{"type":"LineString","coordinates":[[-71.28861,44.32541],[-71.28843,44.32594]]}},{"type":"Feature","properties":{"t":94,"n":5},"geometry":{"type":"LineString","coordinates":[[-71.28843,44.32594],[-71.28777,44.32624]]}},{"type":"Feature","properties":{"t":19,"n":8},"geometry":{"type":"LineString","coordinates":[[-71.28323,44.32798],[-71.28254,44.32825],[-71.2818,44.32791],[-71.28134,44.32804],[-71.27914,44.328],[-71.27716,44.32873]]}},{"type":"Feature","properties":{"t":19,"n":9},"geometry":{"type":"LineString","coordinates":[[-71.27716,44.32873],[-71.27629,44.32888]]}},{"type":"Feature","properties":{"t":19,"n":6},"geometry":{"type":"LineString","coordinates":[[-71.27629,44.32888],[-71.27616,44.32887]]}},{"type":"Feature","properties":{"t":19,"n":4},"geometry":{"type":"LineString","coordinates":[[-71.27616,44.32887],[-71.27609,44.32888]]}},{"type":"Feature","properties":{"t":19,"n":3},"geometry":{"type":"LineString","coordinates":[[-71.27609,44.32888],[-71.27457,44.32921],[-71.27425,44.32944]]}},{"type":"Feature","properties":{"t":19,"n":2},"geometry":{"type":"LineString","coordinates":[[-71.27425,44.32944],[-71.27393,44.32937],[-71.2733,44.32956],[-71.27206,44.32942],[-71.27151,44.32891],[-71.26939,44.32781]]}},{"type":"Feature","properties":{"t":414,"n":0},"geometry":{"type":"LineString","coordinates":[[-71.29921,44.36697],[-71.29979,44.36527],[-71.29933,44.36268],[-71.29975,44.36011],[-71.30008,44.35968],[-71.29971,44.35925],[-71.29936,44.35797],[-71.29921,44.35644],[-71.30046,44.35437],[-71.30186,44.35306],[-71.30213,44.35215],[-71.30288,44.35172],[-71.30256,44.35117],[-71.30262,44.35077],[-71.30213,44.35026],[-71.30245,44.34967],[-71.30204,44.34864],[-71.30174,44.34853],[-71.30174,44.34817],[-71.30212,44.34773],[-71.30212,44.34728],[-71.30261,44.34698],[-71.30295,44.34626],[-71.30296,44.34555],[-71.30345,44.34448],[-71.30453,44.34323]]}},{"type":"Feature","properties":{"t":69,"n":1},"geometry":{"type":"LineString","coordinates":[[-71.29538,44.3551],[-71.2972,44.35154],[-71.29719,44.34905]]}},{"type":"Feature","properties":{"t":47,"n":1},"geometry":{"type":"LineString","coordinates":[[-71.29719,44.34905],[-71.29703,44.34845],[-71.29765,44.34433],[-71.29738,44.34336],[-71.29688,44.34263],[-71.29732,44.34134],[-71.29634,44.33939],[-71.29652,44.3371],[-71.29632,44.3364]]}},{"type":"Feature","properties":{"t":705,"n":0},"geometry":{"type":"LineString","coordinates":[[-71.30754,44.35166],[-71.30731,44.3524],[-71.30683,44.35256],[-71.30595,44.3526],[-71.30503,44.35291],[-71.30346,44.35258],[-71.30186,44.35306]]}},{"type":"Feature","properties":{"t":726,"n":0},"geometry":{"type":"LineString","coordinates":[[-71.32146,44.31856],[-71.32304,44.31915],[-71.32403,44.32025],[-71.3255,44.32107]]}},{"type":"Feature","properties":{"t":222,"n":0},"geometry":{"type":"LineString","coordinates":[[-71.3255,44.32107],[-71.32949,44.32326],[-71.33162,44.32525],[-71.33186,44.32581],[-71.33115,44.32773],[-71.33142,44.32807],[-71.33154,44.3309],[-71.33197,44.33127],[-71.33244,44.33365],[-71.33239,44.33593],[-71.3342,44.33849]]}},{"type":"Feature","properties":{"t":247,"n":0},"geometry":{"type":"LineString","coordinates":[[-71.29921,44.36697],[-71.30032,44.36625],[-71.30119,44.36608],[-71.30228,44.36559],[-71.30402,44.36518],[-71.30478,44.36517],[-71.30593,44.36474],[-71.30685,44.36412],[-71.30936,44.36293],[-71.31263,44.36172],[-71.31351,44.36107],[-71.31578,44.35868],[-71.31637,44.35833],[-71.3201,44.35421],[-71.32026,44.35324],[-71.32001,44.35259],[-71.32033,44.35184],[-71.32038,44.34926],[-71.32011,44.34493],[-71.3211,44.34302],[-71.32696,44.33719],[-71.32768,44.33605],[-71.3275,44.33486],[-71.32526,44.33322],[-71.32399,44.332],[-71.32383,44.33145],[-71.3239,44.33106],[-71.3243,44.33082],[-71.32709,44.33062],[-71.32747,44.33028],[-71.32698,44.32792],[-71.32762,44.3261],[-71.32723,44.32502],[-71.32665,44.32423],[-71.32716,44.32314],[-71.32662,44.32195],[-71.32607,44.32173],[-71.3255,44.32107]]}},{"type":"Feature","properties":{"t":110,"n":6},"geometry":{"type":"LineString","coordinates":[[-71.29686,44.32074],[-71.29663,44.32103]]}},{"type":"Feature","properties":{"t":110,"n":4},"geometry":{"type":"LineString","coordinates":[[-71.29663,44.32103],[-71.29612,44.32189]]}},{"type":"Feature","properties":{"t":110,"n":0},"geometry":{"type":"LineString","coordinates":[[-71.29612,44.32189],[-71.29514,44.32288],[-71.29301,44.32375],[-71.2924,44.32419],[-71.29145,44.32426],[-71.28978,44.32506]]}},{"type":"Feature","properties":{"t":110,"n":1},"geometry":{"type":"LineString","coordinates":[[-71.28978,44.32506],[-71.28912,44.32547]]}},{"type":"Feature","properties":{"t":110,"n":4},"geometry":{"type":"LineString","coordinates":[[-71.28912,44.32547],[-71.28901,44.32556]]}},{"type":"Feature","properties":{"t":110,"n":5},"geometry":{"type":"LineString","coordinates":[[-71.28901,44.32556],[-71.28843,44.32594]]}},{"type":"Feature","properties":{"t":66,"n":6},"geometry":{"type":"LineString","coordinates":[[-71.30482,44.3169],[-71.3037,44.317],[-71.30163,44.31772],[-71.29957,44.31929],[-71.2984,44.31972],[-71.29686,44.32074]]}},{"type":"Feature","properties":{"t":88,"n":2},"geometry":{"type":"LineString","coordinates":[[-71.31154,44.31845],[-71.31064,44.31754]]}},{"type":"Feature","properties":{"t":155,"n":2},"geometry":{"type":"LineString","coordinates":[[-71.31064,44.31754],[-71.30998,44.31686]]}},{"type":"Feature","properties":{"t":155,"n":1},"geometry":{"type":"LineString","coordinates":[[-71.30998,44.31686],[-71.3098,44.31609],[-71.3117,44.31318],[-71.31239,44.31269],[-71.31236,44.31179]]}},{"type":"Feature","properties":{"t":155,"n":3},"geometry":{"type":"LineString","coordinates":[[-71.31236,44.31179],[-71.31236,44.31176]]}},{"type":"Feature","properties":{"t":65,"n":4},"geometry":{"type":"LineString","coordinates":[[-71.28608,44.25965],[-71.28607,44.25963]]}},{"type":"Feature","properties":{"t":65,"n":3},"geometry":{"type":"LineString","coordinates":[[-71.28607,44.25963],[-71.28558,44.25946],[-71.28573,44.25928]]}},{"type":"Feature","properties":{"t":65,"n":2},"geometry":{"type":"LineString","coordinates":[[-71.28573,44.25928],[-71.28578,44.25915]]}},{"type":"Feature","properties":{"t":65,"n":1},"geometry":{"type":"LineString","coordinates":[[-71.28578,44.25915],[-71.28573,44.25899],[-71.285,44.25882],[-71.28433,44.2589],[-71.28391,44.2586],[-71.28341,44.25723],[-71.28344,44.25666],[-71.28273,44.25604],[-71.28287,44.25535],[-71.28331,44.25483]]}},{"type":"Feature","properties":{"t":65,"n":2},"geometry":{"type":"LineString","coordinates":[[-71.28331,44.25483],[-71.28361,44.25452]]}},{"type":"Feature","properties":{"t":139,"n":0},"geometry":{"type":"LineString","coordinates":[[-71.30987,44.32837],[-71.31078,44.32497]]}},{"type":"Feature","properties":{"t":139,"n":1},"geometry":{"type":"LineString","coordinates":[[-71.31078,44.32497],[-71.31114,44.32455]]}},{"type":"Feature","properties":{"t":139,"n":2},"geometry":{"type":"LineString","coordinates":[[-71.31114,44.32455],[-71.31135,44.32427],[-71.31233,44.324]]}},{"type":"Feature","properties":{"t":139,"n":1},"geometry":{"type":"LineString","coordinates":[[-71.31233,44.324],[-71.313,44.32388],[-71.31367,44.32341]]}},{"type":"Feature","properties":{"t":761,"n":0},"geometry":{"type":"LineString","coordinates":[[-71.31518,44.34027],[-71.31427,44.34117],[-71.31348,44.34165],[-71.31234,44.34201]]}},{"type":"Feature","properties":{"t":644,"n":0},"geometry":{"type":"LineString","coordinates":[[-71.30545,44.33953],[-71.30595,44.33818],[-71.30662,44.33778],[-71.30696,44.33732],[-71.30773,44.33416],[-71.30969,44.33284],[-71.30969,44.33267]]}},{"type":"Feature","properties":{"t":430,"n":0},"geometry":{"type":"LineString","coordinates":[[-71.30531,44.3427],[-71.30559,44.34186],[-71.30638,44.34176],[-71.30632,44.34125],[-71.30545,44.33953],[-71.3031,44.3385],[-71.30272,44.33771],[-71.30295,44.33676],[-71.30247,44.33519],[-71.30218,44.335],[-71.30271,44.33472],[-71.30259,44.33367],[-71.30313,44.33157],[-71.30279,44.32912],[-71.3023,44.32834],[-71.30001,44.32677],[-71.29811,44.32486],[-71.29706,44.3234],[-71.297,44.32239]]}},{"type":"Feature","properties":{"t":391,"n":0},"geometry":{"type":"LineString","coordinates":[[-71.41668,44.26543],[-71.41583,44.2656],[-71.41375,44.26564],[-71.41094,44.26629],[-71.40988,44.26616],[-71.40915,44.26586],[-71.40842,44.26519],[-71.40764,44.2629],[-71.4054,44.26061],[-71.40442,44.25928]]}},{"type":"Feature","properties":{"t":539,"n":0},"geometry":{"type":"LineString","coordinates":[[-71.43186,44.25859],[-71.43112,44.25932],[-71.43075,44.2602],[-71.42978,44.26078],[-71.42913,44.26085],[-71.42805,44.26026],[-71.42711,44.26035],[-71.4261,44.26122],[-71.42551,44.26269],[-71.42463,44.26367],[-71.42234,44.26434],[-71.42053,44.26419],[-71.4198,44.26435],[-71.41941,44.26426],[-71.42008,44.26384],[-71.42004,44.26357]]}},{"type":"Feature","properties":{"t":684,"n":0},"geometry":{"type":"LineString","coordinates":[[-71.25164,44.25595],[-71.25079,44.25609],[-71.25012,44.25585],[-71.24927,44.25586],[-71.24728,44.25709],[-71.24589,44.25669],[-71.24527,44.25691],[-71.24569,44.25681]]}},{"type":"Feature","properties":{"t":213,"n":0},"geometry":{"type":"LineString","coordinates":[[-71.25359,44.2628],[-71.25194,44.26348],[-71.25178,44.26391],[-71.25051,44.26489],[-71.24915,44.26518],[-71.24822,44.26578],[-71.24636,44.2663],[-71.24559,44.26577],[-71.24572,44.26545],[-71.24549,44.26525],[-71.24454,44.26535],[-71.24391,44.26519],[-71.2432,44.26393],[-71.24234,44.26348]]}},{"type":"Feature","properties":{"t":213,"n":1},"geometry":{"type":"LineString","coordinates":[[-71.24234,44.26348],[-71.24195,44.26323]]}},{"type":"Feature","properties":{"t":657,"n":0},"geometry":{"type":"LineString","coordinates":[[-71.2465,44.26629],[-71.24648,44.26678],[-71.24582,44.26708],[-71.24522,44.26776],[-71.24525,44.2684],[-71.24593,44.2683],[-71.2467,44.26844],[-71.2486,44.26814],[-71.25006,44.26925],[-71.25049,44.26932]]}},{"type":"Feature","properties":{"t":141,"n":7},"geometry":{"type":"LineString","coordinates":[[-71.28886,44.3704],[-71.28844,44.37011]]}},{"type":"Feature","properties":{"t":141,"n":6},"geometry":{"type":"LineString","coordinates":[[-71.28844,44.37011],[-71.2882,44.36993]]}},{"type":"Feature","properties":{"t":141,"n":0},"geometry":{"type":"LineString","coordinates":[[-71.2882,44.36993],[-71.28705,44.36897]]}},{"type":"Feature","properties":{"t":141,"n":1},"geometry":{"type":"LineString","coordinates":[[-71.28705,44.36897],[-71.28679,44.36874]]}},{"type":"Feature","properties":{"t":152,"n":7},"geometry":{"type":"LineString","coordinates":[[-71.28852,44.3645],[-71.288,44.3649]]}},{"type":"Feature","properties":{"t":152,"n":3},"geometry":{"type":"LineString","coordinates":[[-71.288,44.3649],[-71.28795,44.36495]]}},{"type":"Feature","properties":{"t":152,"n":2},"geometry":{"type":"LineString","coordinates":[[-71.28795,44.36495],[-71.28795,44.365]]}},{"type":"Feature","properties":{"t":152,"n":5},"geometry":{"type":"LineString","coordinates":[[-71.28795,44.365],[-71.28789,44.36511]]}},{"type":"Feature","properties":{"t":152,"n":0},"geometry":{"type":"LineString","coordinates":[[-71.28789,44.36511],[-71.28681,44.36638],[-71.28711,44.36739],[-71.28665,44.36831]]}},{"type":"Feature","properties":{"t":152,"n":1},"geometry":{"type":"LineString","coordinates":[[-71.28665,44.36831],[-71.2867,44.36902]]}},{"type":"Feature","properties":{"t":152,"n":0},"geometry":{"type":"LineString","coordinates":[[-71.2867,44.36902],[-71.28691,44.36922],[-71.28692,44.36981],[-71.28746,44.37027],[-71.28739,44.37091]]}},{"type":"Feature","properties":{"t":240,"n":0},"geometry":{"type":"LineString","coordinates":[[-71.23151,44.3539],[-71.23173,44.35358],[-71.23104,44.35111],[-71.23175,44.35045],[-71.2319,44.34987],[-71.23466,44.34871],[-71.23646,44.34746],[-71.23714,44.34724],[-71.23759,44.34672],[-71.24006,44.34624],[-71.24117,44.34572],[-71.24168,44.34585],[-71.24321,44.34562],[-71.24465,44.34458],[-71.24572,44.34449],[-71.24641,44.34423],[-71.2487,44.34257],[-71.2523,44.34085],[-71.25315,44.34089],[-71.2541,44.34063],[-71.25523,44.34078],[-71.25743,44.34061],[-71.25898,44.34013],[-71.26012,44.33946],[-71.26104,44.33863],[-71.26165,44.33855]]}},{"type":"Feature","properties":{"t":240,"n":1},"geometry":{"type":"LineString","coordinates":[[-71.26165,44.33855],[-71.26212,44.33865]]}},{"type":"Feature","properties":{"t":108,"n":1},"geometry":{"type":"LineString","coordinates":[[-71.26212,44.33865],[-71.26179,44.33976],[-71.26123,44.34026],[-71.26142,44.34131],[-71.26104,44.34184],[-71.26103,44.34248],[-71.26012,44.34404],[-71.2605,44.34489],[-71.26013,44.34771],[-71.25884,44.34948],[-71.25854,44.35101],[-71.25904,44.35166],[-71.26068,44.35267],[-71.26267,44.35513],[-71.26874,44.35818],[-71.27001,44.35855],[-71.27006,44.3592],[-71.27059,44.35886],[-71.27099,44.35891],[-71.27184,44.35997],[-71.27196,44.36057],[-71.27175,44.36216],[-71.27104,44.36342]]}},{"type":"Feature","properties":{"t":108,"n":0},"geometry":{"type":"LineString","coordinates":[[-71.27104,44.36342],[-71.26881,44.36715],[-71.26952,44.36784],[-71.26984,44.36871],[-71.2697,44.36984],[-71.27041,44.37088],[-71.27008,44.37132]]}},{"type":"Feature","properties":{"t":108,"n":1},"geometry":{"type":"LineString","coordinates":[[-71.26569,44.33619],[-71.26448,44.33698],[-71.26375,44.33701],[-71.26329,44.3377],[-71.26212,44.33865]]}},{"type":"Feature","properties":{"t":200,"n":0},"geometry":{"type":"LineString","coordinates":[[-71.27589,44.26658],[-71.27536,44.26629],[-71.27188,44.26601],[-71.27039,44.26642],[-71.26941,44.26684],[-71.26791,44.26836],[-71.26487,44.26926],[-71.2629,44.27077],[-71.26146,44.2714],[-71.2594,44.27202],[-71.25705,44.27203],[-71.25676,44.2726],[-71.25734,44.27604],[-71.2559,44.27794],[-71.25439,44.27897]]}},{"type":"Feature","properties":{"t":602,"n":0},"geometry":{"type":"LineString","coordinates":[[-71.49245,44.33839],[-71.49265,44.33856],[-71.49283,44.33845],[-71.49336,44.3379],[-71.49353,44.33736],[-71.49529,44.33613],[-71.49565,44.33556],[-71.49685,44.33464],[-71.49705,44.33397],[-71.49782,44.33356],[-71.49886,44.33211],[-71.49933,44.33068]]}},{"type":"Feature","properties":{"t":381,"n":0},"geometry":{"type":"LineString","coordinates":[[-71.48804,44.3602],[-71.48449,44.35982],[-71.48363,44.3604],[-71.48325,44.36034],[-71.48297,44.36],[-71.48259,44.35812],[-71.48282,44.3578],[-71.48443,44.35774],[-71.4853,44.35744],[-71.48544,44.35645],[-71.4862,44.35563],[-71.48634,44.35515],[-71.48763,44.35419],[-71.4889,44.35228],[-71.48967,44.35201],[-71.48971,44.34748],[-71.48997,44.34644],[-71.49174,44.34368],[-71.49104,44.34198],[-71.49115,44.34184],[-71.49376,44.34178],[-71.49444,44.34154],[-71.49254,44.33967],[-71.49223,44.33884],[-71.49245,44.33839]]}},{"type":"Feature","properties":{"t":327,"n":0},"geometry":{"type":"LineString","coordinates":[[-71.31026,44.40684],[-71.30943,44.40699],[-71.30848,44.40761],[-71.30736,44.40934],[-71.30686,44.40955],[-71.30551,44.411],[-71.30338,44.41231],[-71.2995,44.41427],[-71.29756,44.41576],[-71.29607,44.4164],[-71.295,44.41661],[-71.29437,44.41653],[-71.29379,44.41602]]}},{"type":"Feature","properties":{"t":322,"n":0},"geometry":{"type":"LineString","coordinates":[[-71.33585,44.40704],[-71.33442,44.40629],[-71.33378,44.40529],[-71.33268,44.40453],[-71.33177,44.40344],[-71.33076,44.40281],[-71.32989,44.40195],[-71.32997,44.40015],[-71.32956,44.39959],[-71.32948,44.39791],[-71.32916,44.39692],[-71.32963,44.3953],[-71.32962,44.39435],[-71.32814,44.39145],[-71.32646,44.39025],[-71.32674,44.38794],[-71.32495,44.38688],[-71.32422,44.38591],[-71.32303,44.38549],[-71.3222,44.38446],[-71.3199,44.38403],[-71.31637,44.38286],[-71.31558,44.38279],[-71.31396,44.38311],[-71.31258,44.38415],[-71.31182,44.38411],[-71.31106,44.38511],[-71.31101,44.38558],[-71.31035,44.38618],[-71.30851,44.38736],[-71.30789,44.38765],[-71.30722,44.38771],[-71.30594,44.38779],[-71.30459,44.38743],[-71.30329,44.38731],[-71.30228,44.38655],[-71.30146,44.38633],[-71.30057,44.38636],[-71.29959,44.38604],[-71.2988,44.38626],[-71.2945,44.38641]]}},{"type":"Feature","properties":{"t":474,"n":0},"geometry":{"type":"LineString","coordinates":[[-71.3302,44.4026],[-71.32919,44.40176],[-71.32713,44.40155],[-71.32633,44.40125],[-71.32399,44.40145],[-71.32227,44.40123],[-71.32137,44.40075],[-71.32065,44.40088],[-71.31842,44.40081],[-71.31854,44.39975],[-71.31683,44.39998],[-71.31658,44.39883],[-71.31599,44.399],[-71.31433,44.39898],[-71.31348,44.39861],[-71.31312,44.39823],[-71.31257,44.39839],[-71.31046,44.39841],[-71.3098,44.39819],[-71.30974,44.39784]]}},{"type":"Feature","properties":{"t":27,"n":3},"geometry":{"type":"LineString","coordinates":[[-71.34415,44.26911],[-71.34383,44.26906]]}},{"type":"Feature","properties":{"t":27,"n":2},"geometry":{"type":"LineString","coordinates":[[-71.34383,44.26906],[-71.3419,44.26887],[-71.34007,44.26904],[-71.33821,44.26949],[-71.33689,44.26935],[-71.33535,44.26875],[-71.33381,44.26693],[-71.33334,44.26674]]}},{"type":"Feature","properties":{"t":613,"n":0},"geometry":{"type":"LineString","coordinates":[[-71.25126,44.2642],[-71.25106,44.26507],[-71.25143,44.26806],[-71.25127,44.2687],[-71.25047,44.26924],[-71.2506,44.26961],[-71.25041,44.27015],[-71.25229,44.27053],[-71.25246,44.27002],[-71.25314,44.26932]]}},{"type":"Feature","properties":{"t":301,"n":0},"geometry":{"type":"LineString","coordinates":[[-71.25324,44.28151],[-71.25317,44.28195],[-71.25256,44.28245],[-71.25213,44.28342],[-71.25364,44.28392],[-71.25425,44.28455],[-71.25465,44.28461],[-71.2554,44.28554],[-71.25541,44.28684],[-71.25595,44.28733],[-71.25578,44.2908],[-71.25614,44.29189],[-71.25583,44.29236],[-71.25617,44.29355],[-71.25572,44.29552],[-71.2576,44.29706],[-71.25921,44.29808],[-71.2605,44.29858],[-71.26077,44.30026],[-71.26159,44.30221],[-71.26315,44.30458]]}},{"type":"Feature","properties":{"t":337,"n":0},"geometry":{"type":"LineString","coordinates":[[-71.41022,44.49499],[-71.40969,44.49517],[-71.40703,44.49501],[-71.4048,44.49528],[-71.40305,44.49574],[-71.40059,44.49535],[-71.39728,44.49534],[-71.39683,44.49556],[-71.39544,44.49563],[-71.39499,44.49542],[-71.39081,44.49501],[-71.39013,44.49524],[-71.38808,44.49523],[-71.38607,44.49583],[-71.38514,44.49588],[-71.38412,44.49569],[-71.38117,44.49633],[-71.3805,44.4962],[-71.37943,44.49638],[-71.37862,44.49566],[-71.37707,44.49634],[-71.37621,44.49625],[-71.37456,44.49656],[-71.37311,44.49566],[-71.37004,44.49465],[-71.36897,44.49448],[-71.36798,44.49408],[-71.36618,44.4939],[-71.36496,44.49355],[-71.36404,44.49362],[-71.36238,44.49443],[-71.36087,44.49428]]}},{"type":"Feature","properties":{"t":277,"n":0},"geometry":{"type":"LineString","coordinates":[[-71.38332,44.47378],[-71.38357,44.4733],[-71.3859,44.47216],[-71.38761,44.47087],[-71.39,44.47006],[-71.39367,44.46841],[-71.39567,44.46801],[-71.39615,44.46757],[-71.39644,44.46648],[-71.39713,44.4656],[-71.39918,44.46507],[-71.39963,44.46474],[-71.40003,44.46383],[-71.40079,44.46311],[-71.40197,44.46289],[-71.40264,44.46257],[-71.40477,44.46073],[-71.40523,44.4607],[-71.40586,44.46095],[-71.40643,44.46087]]}},{"type":"Feature","properties":{"t":171,"n":3},"geometry":{"type":"LineString","coordinates":[[-71.27904,44.26452],[-71.27917,44.26493]]}},{"type":"Feature","properties":{"t":171,"n":1},"geometry":{"type":"LineString","coordinates":[[-71.27917,44.26493],[-71.27916,44.26507]]}},{"type":"Feature","properties":{"t":171,"n":0},"geometry":{"type":"LineString","coordinates":[[-71.27916,44.26507],[-71.27891,44.2663],[-71.27816,44.26712],[-71.2783,44.26759],[-71.27797,44.26784]]}},{"type":"Feature","properties":{"t":107,"n":3},"geometry":{"type":"LineString","coordinates":[[-71.32442,44.26675],[-71.32465,44.26645]]}},{"type":"Feature","properties":{"t":107,"n":1},"geometry":{"type":"LineString","coordinates":[[-71.32465,44.26645],[-71.32475,44.26634]]}},{"type":"Feature","properties":{"t":107,"n":0},"geometry":{"type":"LineString","coordinates":[[-71.32475,44.26634],[-71.3248,44.26626]]}},{"type":"Feature","properties":{"t":167,"n":1},"geometry":{"type":"LineString","coordinates":[[-71.25314,44.2555],[-71.25362,44.2559]]}},{"type":"Feature","properties":{"t":171,"n":0},"geometry":{"type":"LineString","coordinates":[[-71.27797,44.26784],[-71.27782,44.2679]]}},{"type":"Feature","properties":{"t":171,"n":0},"geometry":{"type":"LineString","coordinates":[[-71.27782,44.2679],[-71.27716,44.26789]]}},{"type":"Feature","properties":{"t":227,"n":0},"geometry":{"type":"LineString","coordinates":[[-71.28013,44.27044],[-71.28028,44.27043]]}},{"type":"Feature","properties":{"t":227,"n":0},"geometry":{"type":"LineString","coordinates":[[-71.28028,44.27043],[-71.28098,44.27077],[-71.28166,44.27182]]}},{"type":"Feature","properties":{"t":227,"n":0},"geometry":{"type":"LineString","coordinates":[[-71.28166,44.27182],[-71.28162,44.27191]]}},{"type":"Feature","properties":{"t":227,"n":0},"geometry":{"type":"LineString","coordinates":[[-71.28162,44.27191],[-71.28213,44.27238],[-71.28276,44.27245],[-71.28325,44.27273],[-71.28457,44.27426],[-71.28571,44.27391],[-71.28643,44.27404],[-71.28681,44.27501],[-71.28751,44.27514],[-71.28858,44.2749],[-71.28867,44.27471],[-71.28918,44.27476],[-71.28933,44.27509],[-71.28904,44.27544],[-71.28945,44.27607],[-71.28974,44.27603],[-71.28985,44.27623],[-71.29264,44.27644],[-71.29386,44.27711],[-71.29443,44.27767]]}},{"type":"Feature","properties":{"t":152,"n":7},"geometry":{"type":"LineString","coordinates":[[-71.28873,44.36304],[-71.28853,44.36359],[-71.28868,44.3641]]}},{"type":"Feature","properties":{"t":113,"n":1},"geometry":{"type":"LineString","coordinates":[[-71.31953,44.28428],[-71.31906,44.28431]]}},{"type":"Feature","properties":{"t":100,"n":7},"geometry":{"type":"LineString","coordinates":[[-71.28381,44.34405],[-71.28401,44.34429]]}},{"type":"Feature","properties":{"t":100,"n":5},"geometry":{"type":"LineString","coordinates":[[-71.28401,44.34429],[-71.28418,44.34442]]}},{"type":"Feature","properties":{"t":100,"n":1},"geometry":{"type":"LineString","coordinates":[[-71.28418,44.34442],[-71.2843,44.34454]]}},{"type":"Feature","properties":{"t":100,"n":0},"geometry":{"type":"LineString","coordinates":[[-71.2843,44.34454],[-71.28476,44.34541],[-71.28475,44.34585]]}},{"type":"Feature","properties":{"t":796,"n":0},"geometry":{"type":"LineString","coordinates":[[-71.28568,44.34656],[-71.28483,44.34721],[-71.2839,44.34709]]}},{"type":"Feature","properties":{"t":816,"n":0},"geometry":{"type":"LineString","coordinates":[[-71.41593,44.26602],[-71.41583,44.2656]]}},{"type":"Feature","properties":{"t":631,"n":0},"geometry":{"type":"LineString","coordinates":[[-71.43269,44.27017],[-71.43236,44.26926],[-71.43131,44.26836],[-71.42859,44.26777],[-71.42845,44.26702],[-71.42809,44.26673],[-71.42747,44.26678],[-71.42674,44.26587],[-71.42544,44.26551],[-71.42485,44.26513]]}},{"type":"Feature","properties":{"t":633,"n":0},"geometry":{"type":"LineString","coordinates":[[-71.47154,44.28006],[-71.47236,44.27944],[-71.47405,44.27875],[-71.47702,44.27699],[-71.47832,44.27709],[-71.48085,44.27656],[-71.48148,44.27674]]}},{"type":"Feature","properties":{"t":642,"n":0},"geometry":{"type":"LineString","coordinates":[[-71.47055,44.27957],[-71.47154,44.28006],[-71.47127,44.2807],[-71.47157,44.28266],[-71.46961,44.28468],[-71.4697,44.28514],[-71.47044,44.28569],[-71.47051,44.28626]]}},{"type":"Feature","properties":{"t":335,"n":0},"geometry":{"type":"LineString","coordinates":[[-71.49527,44.28867],[-71.49488,44.28923],[-71.49477,44.29131],[-71.49432,44.29201],[-71.49256,44.2933],[-71.49181,44.2936],[-71.49093,44.29439],[-71.49104,44.29469],[-71.49186,44.29518],[-71.49224,44.29611],[-71.4922,44.29728],[-71.49203,44.29754],[-71.49059,44.298],[-71.49038,44.29893],[-71.4896,44.29998],[-71.48879,44.30172],[-71.48943,44.30339],[-71.48915,44.3047],[-71.48937,44.30534],[-71.48913,44.30568],[-71.48917,44.30634],[-71.49007,44.30762],[-71.49022,44.30855],[-71.48909,44.30966],[-71.48884,44.31054]]}},{"type":"Feature","properties":{"t":166,"n":0},"geometry":{"type":"LineString","coordinates":[[-71.28501,44.37123],[-71.28569,44.37072],[-71.28638,44.36972],[-71.28655,44.3693],[-71.28632,44.36892]]}},{"type":"Feature","properties":{"t":166,"n":1},"geometry":{"type":"LineString","coordinates":[[-71.28632,44.36892],[-71.28627,44.36836]]}},{"type":"Feature","properties":{"t":166,"n":0},"geometry":{"type":"LineString","coordinates":[[-71.28627,44.36836],[-71.28667,44.36715],[-71.28643,44.36672],[-71.28673,44.36591],[-71.28656,44.3658],[-71.28719,44.36552],[-71.28717,44.36519],[-71.28806,44.36438]]}},{"type":"Feature","properties":{"t":166,"n":1},"geometry":{"type":"LineString","coordinates":[[-71.28806,44.36438],[-71.28808,44.36433]]}},{"type":"Feature","properties":{"t":166,"n":2},"geometry":{"type":"LineString","coordinates":[[-71.28808,44.36433],[-71.28812,44.36428]]}},{"type":"Feature","properties":{"t":166,"n":1},"geometry":{"type":"LineString","coordinates":[[-71.28812,44.36428],[-71.28816,44.36422]]}},{"type":"Feature","properties":{"t":166,"n":6},"geometry":{"type":"LineString","coordinates":[[-71.28816,44.36422],[-71.28817,44.36418]]}},{"type":"Feature","properties":{"t":166,"n":2},"geometry":{"type":"LineString","coordinates":[[-71.28817,44.36418],[-71.28813,44.36416]]}},{"type":"Feature","properties":{"t":166,"n":1},"geometry":{"type":"LineString","coordinates":[[-71.28813,44.36416],[-71.28818,44.36406]]}},{"type":"Feature","properties":{"t":166,"n":3},"geometry":{"type":"LineString","coordinates":[[-71.28818,44.36406],[-71.28824,44.36406]]}},{"type":"Feature","properties":{"t":166,"n":6},"geometry":{"type":"LineString","coordinates":[[-71.28824,44.36406],[-71.28828,44.36402]]}},{"type":"Feature","properties":{"t":166,"n":7},"geometry":{"type":"LineString","coordinates":[[-71.28828,44.36402],[-71.2883,44.36396]]}},{"type":"Feature","properties":{"t":166,"n":5},"geometry":{"type":"LineString","coordinates":[[-71.2883,44.36396],[-71.28829,44.36393]]}},{"type":"Feature","properties":{"t":166,"n":4},"geometry":{"type":"LineString","coordinates":[[-71.28829,44.36393],[-71.28826,44.3639]]}},{"type":"Feature","properties":{"t":166,"n":3},"geometry":{"type":"LineString","coordinates":[[-71.28826,44.3639],[-71.28829,44.36387]]}},{"type":"Feature","properties":{"t":166,"n":4},"geometry":{"type":"LineString","coordinates":[[-71.28829,44.36387],[-71.28831,44.36381]]}},{"type":"Feature","properties":{"t":166,"n":3},"geometry":{"type":"LineString","coordinates":[[-71.28831,44.36381],[-71.28828,44.36379]]}},{"type":"Feature","properties":{"t":166,"n":1},"geometry":{"type":"LineString","coordinates":[[-71.28828,44.36379],[-71.28823,44.36377]]}},{"type":"Feature","properties":{"t":166,"n":0},"geometry":{"type":"LineString","coordinates":[[-71.28823,44.36377],[-71.2883,44.36343]]}},{"type":"Feature","properties":{"t":166,"n":3},"geometry":{"type":"LineString","coordinates":[[-71.2883,44.36343],[-71.28839,44.36342]]}},{"type":"Feature","properties":{"t":166,"n":7},"geometry":{"type":"LineString","coordinates":[[-71.28839,44.36342],[-71.28854,44.36344]]}},{"type":"Feature","properties":{"t":168,"n":3},"geometry":{"type":"LineString","coordinates":[[-71.2845,44.26104],[-71.28484,44.26131]]}},{"type":"Feature","properties":{"t":168,"n":0},"geometry":{"type":"LineString","coordinates":[[-71.28484,44.26131],[-71.28513,44.26169],[-71.28491,44.26245],[-71.28503,44.26327],[-71.28554,44.26321],[-71.28556,44.26339],[-71.28607,44.26327],[-71.28563,44.26358],[-71.28525,44.26433]]}},{"type":"Feature","properties":{"t":168,"n":2},"geometry":{"type":"LineString","coordinates":[[-71.28525,44.26433],[-71.28528,44.26451],[-71.28564,44.26451]]}},{"type":"Feature","properties":{"t":816,"n":0},"geometry":{"type":"LineString","coordinates":[[-71.41648,44.26644],[-71.41587,44.26612]]}},{"type":"Feature","properties":{"t":816,"n":0},"geometry":{"type":"LineString","coordinates":[[-71.41587,44.26612],[-71.41593,44.26602]]}},{"type":"Feature","properties":{"t":65,"n":4},"geometry":{"type":"LineString","coordinates":[[-71.28621,44.25995],[-71.28612,44.2597]]}},{"type":"Feature","properties":{"t":65,"n":4},"geometry":{"type":"LineString","coordinates":[[-71.28612,44.2597],[-71.28608,44.25965]]}},{"type":"Feature","properties":{"t":106,"n":8},"geometry":{"type":"LineString","coordinates":[[-71.31891,44.25757],[-71.31873,44.25724]]}},{"type":"Feature","properties":{"t":106,"n":7},"geometry":{"type":"LineString","coordinates":[[-71.31873,44.25724],[-71.31878,44.25714]]}},{"type":"Feature","properties":{"t":106,"n":3},"geometry":{"type":"LineString","coordinates":[[-71.31878,44.25714],[-71.31882,44.25702]]}},{"type":"Feature","properties":{"t":106,"n":1},"geometry":{"type":"LineString","coordinates":[[-71.31882,44.25702],[-71.31867,44.25623]]}},{"type":"Feature","properties":{"t":106,"n":0},"geometry":{"type":"LineString","coordinates":[[-71.31867,44.25623],[-71.31853,44.25554],[-71.31897,44.25444],[-71.32017,44.25324],[-71.32186,44.25374],[-71.32289,44.25364],[-71.32393,44.25386],[-71.32608,44.25348]]}},{"type":"Feature","properties":{"t":106,"n":2},"geometry":{"type":"LineString","coordinates":[[-71.32608,44.25348],[-71.32617,44.25346]]}},{"type":"Feature","properties":{"t":106,"n":7},"geometry":{"type":"LineString","coordinates":[[-71.32617,44.25346],[-71.32652,44.25323]]}},{"type":"Feature","properties":{"t":27,"n":3},"geometry":{"type":"LineString","coordinates":[[-71.32687,44.26754],[-71.32657,44.26766],[-71.32572,44.26738],[-71.32502,44.2674],[-71.32314,44.26585],[-71.32324,44.26502],[-71.32207,44.26405],[-71.3215,44.26311],[-71.32093,44.26284],[-71.32045,44.26199],[-71.32044,44.26139],[-71.31986,44.26088],[-71.31973,44.25966],[-71.31927,44.25903]]}},{"type":"Feature","properties":{"t":27,"n":5},"geometry":{"type":"LineString","coordinates":[[-71.31927,44.25903],[-71.31924,44.25896]]}},{"type":"Feature","properties":{"t":27,"n":8},"geometry":{"type":"LineString","coordinates":[[-71.31924,44.25896],[-71.31911,44.25864]]}},{"type":"Feature","properties":{"t":27,"n":3},"geometry":{"type":"LineString","coordinates":[[-71.3269,44.26753],[-71.32687,44.26754]]}},{"type":"Feature","properties":{"t":27,"n":2},"geometry":{"type":"LineString","coordinates":[[-71.33327,44.26672],[-71.3328,44.26669],[-71.33197,44.26695],[-71.33143,44.26685],[-71.32952,44.26737],[-71.32816,44.2674]]}},{"type":"Feature","properties":{"t":27,"n":3},"geometry":{"type":"LineString","coordinates":[[-71.32816,44.2674],[-71.3269,44.26753]]}},{"type":"Feature","properties":{"t":27,"n":2},"geometry":{"type":"LineString","coordinates":[[-71.33334,44.26674],[-71.33327,44.26672]]}},{"type":"Feature","properties":{"t":113,"n":1},"geometry":{"type":"LineString","coordinates":[[-71.34667,44.27489],[-71.34779,44.2736],[-71.34823,44.27346]]}},{"type":"Feature","properties":{"t":113,"n":0},"geometry":{"type":"LineString","coordinates":[[-71.34823,44.27346],[-71.34946,44.2732],[-71.35045,44.27341],[-71.35254,44.27217],[-71.35404,44.27188],[-71.35498,44.27065],[-71.356,44.27053],[-71.35705,44.26998],[-71.35785,44.26996],[-71.35946,44.26923],[-71.36074,44.26921]]}},{"type":"Feature","properties":{"t":113,"n":1},"geometry":{"type":"LineString","coordinates":[[-71.34673,44.27492],[-71.34667,44.27489]]}},{"type":"Feature","properties":{"t":106,"n":8},"geometry":{"type":"LineString","coordinates":[[-71.31911,44.25864],[-71.31891,44.25757]]}},{"type":"Feature","properties":{"t":669,"n":0},"geometry":{"type":"LineString","coordinates":[[-71.31549,44.43257],[-71.31723,44.43252],[-71.31801,44.43229],[-71.31844,44.43192],[-71.31899,44.43088],[-71.31918,44.42978],[-71.31858,44.42908],[-71.31879,44.42857],[-71.31845,44.42798]]}},{"type":"Feature","properties":{"t":392,"n":0},"geometry":{"type":"LineString","coordinates":[[-71.4409,44.32091],[-71.44071,44.32097],[-71.43875,44.32567],[-71.43926,44.32687],[-71.44005,44.32782],[-71.44016,44.32886]]}},{"type":"Feature","properties":{"t":392,"n":0},"geometry":{"type":"LineString","coordinates":[[-71.44016,44.32886],[-71.4401,44.32897]]}},{"type":"Feature","properties":{"t":653,"n":0},"geometry":{"type":"LineString","coordinates":[[-71.43077,44.25477],[-71.42998,44.25453],[-71.42833,44.25486]]}},{"type":"Feature","properties":{"t":653,"n":0},"geometry":{"type":"LineString","coordinates":[[-71.42813,44.25408],[-71.42833,44.25486]]}},{"type":"Feature","properties":{"t":494,"n":0},"geometry":{"type":"LineString","coordinates":[[-71.40333,44.25738],[-71.40323,44.25769],[-71.40378,44.25842]]}},{"type":"Feature","properties":{"t":494,"n":0},"geometry":{"type":"LineString","coordinates":[[-71.40342,44.25734],[-71.40333,44.25738]]}},{"type":"Feature","properties":{"t":494,"n":0},"geometry":{"type":"LineString","coordinates":[[-71.4039,44.2585],[-71.40432,44.25881]]}},{"type":"Feature","properties":{"t":494,"n":0},"geometry":{"type":"LineString","coordinates":[[-71.40378,44.25842],[-71.4039,44.2585]]}},{"type":"Feature","properties":{"t":113,"n":0},"geometry":{"type":"LineString","coordinates":[[-71.36075,44.26908],[-71.3612,44.26851],[-71.36146,44.26756]]}},{"type":"Feature","properties":{"t":113,"n":2},"geometry":{"type":"LineString","coordinates":[[-71.36146,44.26756],[-71.36149,44.26728]]}},{"type":"Feature","properties":{"t":113,"n":0},"geometry":{"type":"LineString","coordinates":[[-71.36074,44.26921],[-71.36075,44.26908]]}},{"type":"Feature","properties":{"t":110,"n":5},"geometry":{"type":"LineString","coordinates":[[-71.28777,44.32624],[-71.28703,44.32656]]}},{"type":"Feature","properties":{"t":110,"n":4},"geometry":{"type":"LineString","coordinates":[[-71.28703,44.32656],[-71.28646,44.32681],[-71.28556,44.32683],[-71.28482,44.32707],[-71.28474,44.32739],[-71.28406,44.32779]]}},{"type":"Feature","properties":{"t":110,"n":5},"geometry":{"type":"LineString","coordinates":[[-71.28406,44.32779],[-71.28398,44.32784]]}},{"type":"Feature","properties":{"t":110,"n":6},"geometry":{"type":"LineString","coordinates":[[-71.28398,44.32784],[-71.28381,44.32792]]}},{"type":"Feature","properties":{"t":110,"n":7},"geometry":{"type":"LineString","coordinates":[[-71.28381,44.32792],[-71.28379,44.32796]]}},{"type":"Feature","properties":{"t":110,"n":6},"geometry":{"type":"LineString","coordinates":[[-71.28379,44.32796],[-71.28377,44.32802]]}},{"type":"Feature","properties":{"t":110,"n":7},"geometry":{"type":"LineString","coordinates":[[-71.28377,44.32802],[-71.28357,44.32805]]}},{"type":"Feature","properties":{"t":110,"n":8},"geometry":{"type":"LineString","coordinates":[[-71.28357,44.32805],[-71.28334,44.32794]]}},{"type":"Feature","properties":{"t":19,"n":8},"geometry":{"type":"LineString","coordinates":[[-71.28331,44.32796],[-71.28323,44.32798]]}},{"type":"Feature","properties":{"t":377,"n":0},"geometry":{"type":"LineString","coordinates":[[-71.44506,44.35443],[-71.44204,44.35577]]}},{"type":"Feature","properties":{"t":277,"n":0},"geometry":{"type":"LineString","coordinates":[[-71.42276,44.45996],[-71.42193,44.45946],[-71.42081,44.45915],[-71.41964,44.45892],[-71.41749,44.45881],[-71.41676,44.45898],[-71.4152,44.45978],[-71.41413,44.46005],[-71.40888,44.45996],[-71.4079,44.46018],[-71.40643,44.46087]]}},{"type":"Feature","properties":{"t":277,"n":0},"geometry":{"type":"LineString","coordinates":[[-71.44818,44.47931],[-71.44676,44.47825],[-71.44499,44.47763],[-71.44257,44.47623],[-71.44161,44.47602],[-71.44051,44.47533],[-71.43983,44.47397],[-71.43814,44.4725],[-71.4367,44.46981],[-71.43532,44.46861],[-71.43186,44.46649],[-71.43087,44.4654],[-71.43009,44.46482],[-71.42901,44.46443],[-71.42776,44.46324],[-71.42601,44.46212],[-71.4239,44.46153],[-71.42276,44.45996]]}},{"type":"Feature","properties":{"t":286,"n":0},"geometry":{"type":"LineString","coordinates":[[-71.36002,44.49804],[-71.35854,44.49811]]}},{"type":"Feature","properties":{"t":286,"n":0},"geometry":{"type":"LineString","coordinates":[[-71.36952,44.50645],[-71.36905,44.50198],[-71.36682,44.49953],[-71.36598,44.49796],[-71.36527,44.49754],[-71.36442,44.49749],[-71.36235,44.49783],[-71.36095,44.49773],[-71.36002,44.49804]]}},{"type":"Feature","properties":{"t":277,"n":0},"geometry":{"type":"LineString","coordinates":[[-71.37355,44.48446],[-71.37401,44.48356],[-71.37196,44.48116],[-71.37152,44.47988],[-71.37145,44.4789],[-71.37271,44.47713],[-71.37438,44.47648],[-71.37521,44.4758],[-71.37588,44.47561],[-71.37728,44.47585],[-71.37965,44.47506],[-71.38028,44.4745],[-71.38223,44.47383]]}},{"type":"Feature","properties":{"t":391,"n":0},"geometry":{"type":"LineString","coordinates":[[-71.40442,44.25928],[-71.40437,44.25889]]}},{"type":"Feature","properties":{"t":337,"n":0},"geometry":{"type":"LineString","coordinates":[[-71.41809,44.49622],[-71.41527,44.49515],[-71.41382,44.49496],[-71.41022,44.49499]]}},{"type":"Feature","properties":{"t":752,"n":0},"geometry":{"type":"LineString","coordinates":[[-71.49933,44.33068],[-71.49975,44.33036]]}},{"type":"Feature","properties":{"t":288,"n":0},"geometry":{"type":"LineString","coordinates":[[-71.48884,44.31054],[-71.49203,44.31108],[-71.49285,44.31102],[-71.49241,44.31291],[-71.49195,44.31349],[-71.4917,44.31459],[-71.49172,44.31551],[-71.49204,44.31613],[-71.49192,44.31688],[-71.49239,44.31832],[-71.49227,44.31917],[-71.49255,44.32026],[-71.49256,44.32164],[-71.49381,44.32325],[-71.49458,44.32384],[-71.49494,44.32484],[-71.49585,44.32558],[-71.49696,44.32701],[-71.49728,44.32837],[-71.4977,44.32879]]}},{"type":"Feature","properties":{"t":391,"n":0},"geometry":{"type":"LineString","coordinates":[[-71.43077,44.25477],[-71.4293,44.2553],[-71.42813,44.25602],[-71.42313,44.26223],[-71.42246,44.26265],[-71.42004,44.26357]]}},{"type":"Feature","properties":{"t":391,"n":0},"geometry":{"type":"LineString","coordinates":[[-71.42004,44.26357],[-71.41741,44.2652],[-71.41668,44.26543]]}},{"type":"Feature","properties":{"t":494,"n":0},"geometry":{"type":"LineString","coordinates":[[-71.40437,44.25889],[-71.40432,44.25881]]}},{"type":"Feature","properties":{"t":494,"n":0},"geometry":{"type":"LineString","coordinates":[[-71.40081,44.25376],[-71.4026,44.25467],[-71.40282,44.25598],[-71.40315,44.25674],[-71.40353,44.25697],[-71.40342,44.25734]]}},{"type":"Feature","properties":{"t":518,"n":0},"geometry":{"type":"LineString","coordinates":[[-71.39682,44.25169],[-71.39966,44.25315],[-71.40011,44.25357],[-71.40081,44.25376]]}},{"type":"Feature","properties":{"t":209,"n":0},"geometry":{"type":"LineString","coordinates":[[-71.25233,44.25635],[-71.25241,44.25663]]}},{"type":"Feature","properties":{"t":209,"n":0},"geometry":{"type":"LineString","coordinates":[[-71.25172,44.25616],[-71.25224,44.2562],[-71.25233,44.25635]]}},{"type":"Feature","properties":{"t":122,"n":0},"geometry":{"type":"LineString","coordinates":[[-71.26133,44.30511],[-71.26177,44.305],[-71.26196,44.3047]]}},{"type":"Feature","properties":{"t":301,"n":0},"geometry":{"type":"LineString","coordinates":[[-71.26282,44.30445],[-71.26315,44.30458]]}},{"type":"Feature","properties":{"t":301,"n":0},"geometry":{"type":"LineString","coordinates":[[-71.2626,44.30455],[-71.26282,44.30445]]}},{"type":"Feature","properties":{"t":19,"n":8},"geometry":{"type":"LineString","coordinates":[[-71.28334,44.32794],[-71.28331,44.32796]]}},{"type":"Feature","properties":{"t":10,"n":6},"geometry":{"type":"LineString","coordinates":[[-71.27408,44.26307],[-71.27461,44.26329],[-71.27571,44.2634]]}},{"type":"Feature","properties":{"t":10,"n":6},"geometry":{"type":"LineString","coordinates":[[-71.27405,44.26304],[-71.27408,44.26307]]}},{"type":"Feature","properties":{"t":198,"n":0},"geometry":{"type":"LineString","coordinates":[[-71.25358,44.26278],[-71.25358,44.26279]]}},{"type":"Feature","properties":{"t":198,"n":7},"geometry":{"type":"LineString","coordinates":[[-71.25331,44.25797],[-71.25306,44.25841]]}},{"type":"Feature","properties":{"t":198,"n":2},"geometry":{"type":"LineString","coordinates":[[-71.25306,44.25841],[-71.25299,44.25856]]}},{"type":"Feature","properties":{"t":198,"n":1},"geometry":{"type":"LineString","coordinates":[[-71.25299,44.25856],[-71.25274,44.25924]]}},{"type":"Feature","properties":{"t":198,"n":0},"geometry":{"type":"LineString","coordinates":[[-71.25274,44.25924],[-71.25247,44.26001],[-71.25256,44.2606],[-71.25358,44.26278]]}},{"type":"Feature","properties":{"t":123,"n":3},"geometry":{"type":"LineString","coordinates":[[-71.34901,44.27083],[-71.34906,44.27117]]}},{"type":"Feature","properties":{"t":123,"n":1},"geometry":{"type":"LineString","coordinates":[[-71.34906,44.27117],[-71.34909,44.27122]]}},{"type":"Feature","properties":{"t":123,"n":0},"geometry":{"type":"LineString","coordinates":[[-71.34909,44.27122],[-71.34911,44.27165]]}},{"type":"Feature","properties":{"t":123,"n":1},"geometry":{"type":"LineString","coordinates":[[-71.34911,44.27165],[-71.34932,44.2719]]}},{"type":"Feature","properties":{"t":110,"n":6},"geometry":{"type":"LineString","coordinates":[[-71.31241,44.31041],[-71.31206,44.31063]]}},{"type":"Feature","properties":{"t":110,"n":5},"geometry":{"type":"LineString","coordinates":[[-71.31206,44.31063],[-71.31186,44.31081]]}},{"type":"Feature","properties":{"t":110,"n":3},"geometry":{"type":"LineString","coordinates":[[-71.31186,44.31081],[-71.31124,44.31101],[-71.31088,44.31154]]}},{"type":"Feature","properties":{"t":110,"n":5},"geometry":{"type":"LineString","coordinates":[[-71.31088,44.31154],[-71.31065,44.31183]]}},{"type":"Feature","properties":{"t":110,"n":4},"geometry":{"type":"LineString","coordinates":[[-71.31065,44.31183],[-71.31054,44.31186]]}},{"type":"Feature","properties":{"t":110,"n":3},"geometry":{"type":"LineString","coordinates":[[-71.31054,44.31186],[-71.31041,44.31208]]}},{"type":"Feature","properties":{"t":110,"n":5},"geometry":{"type":"LineString","coordinates":[[-71.31041,44.31208],[-71.30979,44.31337],[-71.30697,44.31476],[-71.30634,44.31582],[-71.30542,44.31643]]}},{"type":"Feature","properties":{"t":110,"n":6},"geometry":{"type":"LineString","coordinates":[[-71.30542,44.31643],[-71.30482,44.3169]]}},{"type":"Feature","properties":{"t":607,"n":0},"geometry":{"type":"LineString","coordinates":[[-71.41586,44.26419],[-71.41601,44.26479],[-71.41668,44.26543]]}},{"type":"Feature","properties":{"t":152,"n":0},"geometry":{"type":"LineString","coordinates":[[-71.28739,44.37091],[-71.28744,44.37154]]}},{"type":"Feature","properties":{"t":46,"n":3},"geometry":{"type":"LineString","coordinates":[[-71.34674,44.26873],[-71.34676,44.26853]]}},{"type":"Feature","properties":{"t":46,"n":2},"geometry":{"type":"LineString","coordinates":[[-71.34676,44.26853],[-71.34674,44.26836]]}},{"type":"Feature","properties":{"t":46,"n":1},"geometry":{"type":"LineString","coordinates":[[-71.34674,44.26836],[-71.34608,44.26814],[-71.34592,44.2677],[-71.34473,44.26798],[-71.34386,44.26794],[-71.34393,44.26739],[-71.3433,44.26734],[-71.34353,44.26683],[-71.34328,44.26677],[-71.34329,44.26653],[-71.34218,44.26667],[-71.34209,44.26619],[-71.3416,44.26637],[-71.34019,44.26635],[-71.33941,44.26667],[-71.33675,44.26704],[-71.33595,44.26689],[-71.33442,44.26589],[-71.33443,44.26602],[-71.33305,44.26544],[-71.33304,44.26567],[-71.33239,44.26593],[-71.3325,44.26627],[-71.33231,44.26636],[-71.33152,44.2664],[-71.33135,44.26624],[-71.33036,44.26644],[-71.33012,44.26604],[-71.32951,44.26651],[-71.32775,44.26718]]}},{"type":"Feature","properties":{"t":46,"n":3},"geometry":{"type":"LineString","coordinates":[[-71.32775,44.26718],[-71.32701,44.26748]]}},{"type":"Feature","properties":{"t":670,"n":0},"geometry":{"type":"LineString","coordinates":[[-71.01117,44.26867],[-71.01014,44.26971],[-71.00932,44.27016],[-71.0085,44.27125],[-71.00816,44.27235],[-71.00944,44.27329],[-71.01051,44.27372]]}},{"type":"Feature","properties":{"t":627,"n":0},"geometry":{"type":"LineString","coordinates":[[-71.02053,44.26537],[-71.02168,44.2658],[-71.02207,44.26662],[-71.02311,44.26674],[-71.0235,44.26695],[-71.02438,44.26802],[-71.02609,44.2686],[-71.02688,44.26915],[-71.02807,44.27043],[-71.02833,44.27119]]}},{"type":"Feature","properties":{"t":115,"n":1},"geometry":{"type":"LineString","coordinates":[[-71.09425,44.27606],[-71.09444,44.27634]]}},{"type":"Feature","properties":{"t":115,"n":0},"geometry":{"type":"LineString","coordinates":[[-71.09444,44.27634],[-71.09499,44.27818],[-71.09546,44.27886],[-71.09532,44.28036],[-71.09316,44.28235],[-71.09198,44.28401],[-71.08946,44.28575],[-71.08741,44.29002],[-71.08456,44.29237],[-71.08316,44.29449],[-71.08233,44.29518],[-71.08083,44.29577],[-71.07953,44.29681],[-71.07834,44.297],[-71.07726,44.29753],[-71.07549,44.29938],[-71.0728,44.30018],[-71.07176,44.30075],[-71.06667,44.30429],[-71.06645,44.30524],[-71.0655,44.30628],[-71.06507,44.30641]]}},{"type":"Feature","properties":{"t":13,"n":4},"geometry":{"type":"LineString","coordinates":[[-71.22107,44.30229],[-71.22044,44.3017],[-71.22006,44.30097],[-71.21888,44.30015],[-71.21871,44.29921],[-71.2182,44.29893],[-71.21771,44.29811],[-71.21702,44.29746],[-71.21559,44.29663],[-71.2145,44.29405],[-71.2144,44.29311],[-71.21393,44.2929],[-71.2136,44.29308],[-71.21203,44.29251],[-71.21052,44.29148],[-71.21001,44.29099],[-71.21001,44.29071],[-71.20757,44.28852],[-71.20428,44.28501],[-71.20241,44.28369],[-71.2004,44.28121]]}},{"type":"Feature","properties":{"t":120,"n":5},"geometry":{"type":"LineString","coordinates":[[-71.17933,44.26743],[-71.17968,44.26717]]}},{"type":"Feature","properties":{"t":120,"n":4},"geometry":{"type":"LineString","coordinates":[[-71.17968,44.26717],[-71.17999,44.26674],[-71.18077,44.26634],[-71.18272,44.26634],[-71.18358,44.26618],[-71.18412,44.26519],[-71.18625,44.264],[-71.18791,44.26364],[-71.18858,44.26316],[-71.18916,44.26226],[-71.18988,44.26187],[-71.19135,44.26157],[-71.19178,44.26066],[-71.19413,44.26019]]}},{"type":"Feature","properties":{"t":120,"n":5},"geometry":{"type":"LineString","coordinates":[[-71.19413,44.26019],[-71.19474,44.26018]]}},{"type":"Feature","properties":{"t":109,"n":4},"geometry":{"type":"LineString","coordinates":[[-71.20043,44.28128],[-71.2001,44.2813]]}},{"type":"Feature","properties":{"t":109,"n":3},"geometry":{"type":"LineString","coordinates":[[-71.2001,44.2813],[-71.19986,44.2813]]}},{"type":"Feature","properties":{"t":109,"n":2},"geometry":{"type":"LineString","coordinates":[[-71.19986,44.2813],[-71.19697,44.28097],[-71.19538,44.28099],[-71.19311,44.28147],[-71.19085,44.28221],[-71.18785,44.28181],[-71.18723,44.28195],[-71.18653,44.28184],[-71.18626,44.28224],[-71.18612,44.28204],[-71.18557,44.28181],[-71.18537,44.28198],[-71.18488,44.28163],[-71.18495,44.28244],[-71.18375,44.28144],[-71.18076,44.28027],[-71.18121,44.28219],[-71.17896,44.28157],[-71.17688,44.28144],[-71.17553,44.28096],[-71.17422,44.28091]]}},{"type":"Feature","properties":{"t":109,"n":3},"geometry":{"type":"LineString","coordinates":[[-71.17422,44.28091],[-71.1741,44.28095]]}},{"type":"Feature","properties":{"t":109,"n":4},"geometry":{"type":"LineString","coordinates":[[-71.1741,44.28095],[-71.17355,44.28091]]}},{"type":"Feature","properties":{"t":120,"n":0},"geometry":{"type":"LineString","coordinates":[[-71.16807,44.37997],[-71.16815,44.37866],[-71.16736,44.37747],[-71.16738,44.37644],[-71.16645,44.37584],[-71.16611,44.37364],[-71.16573,44.37317],[-71.16447,44.37238],[-71.16371,44.37246],[-71.16275,44.37204],[-71.16166,44.3709],[-71.16116,44.37068],[-71.16139,44.37016],[-71.1606,44.36934],[-71.15932,44.36899],[-71.15717,44.36781],[-71.15522,44.36787],[-71.15485,44.36778],[-71.15461,44.36741],[-71.15365,44.36717],[-71.1533,44.36507],[-71.1534,44.36474],[-71.15393,44.3644],[-71.15343,44.36356],[-71.15345,44.36292],[-71.15184,44.36194],[-71.15114,44.35994],[-71.15066,44.35954],[-71.15015,44.35962],[-71.1497,44.3593],[-71.14924,44.35848],[-71.14876,44.35657],[-71.14878,44.35434],[-71.14789,44.35349],[-71.14779,44.35263],[-71.14804,44.35185],[-71.14708,44.35163],[-71.14636,44.35071],[-71.14737,44.3502],[-71.14766,44.34977],[-71.14692,44.34932],[-71.14629,44.34813],[-71.14422,44.34735],[-71.14396,44.34642],[-71.1426,44.34517],[-71.14126,44.34549],[-71.1407,44.34533],[-71.13908,44.34315],[-71.13748,44.34296],[-71.13693,44.34256],[-71.13648,44.34268],[-71.13505,44.34229],[-71.13463,44.34239],[-71.13426,44.34222],[-71.13398,44.34173],[-71.13325,44.3416],[-71.13211,44.34092]]}},{"type":"Feature","properties":{"t":120,"n":2},"geometry":{"type":"LineString","coordinates":[[-71.13211,44.34092],[-71.13152,44.34064]]}},{"type":"Feature","properties":{"t":122,"n":2},"geometry":{"type":"LineString","coordinates":[[-71.22089,44.3125],[-71.22029,44.31252]]}},{"type":"Feature","properties":{"t":122,"n":2},"geometry":{"type":"LineString","coordinates":[[-71.22033,44.31124],[-71.21985,44.31234],[-71.22029,44.31252]]}},{"type":"Feature","properties":{"t":120,"n":4},"geometry":{"type":"LineString","coordinates":[[-71.17355,44.28091],[-71.1737,44.2812]]}},{"type":"Feature","properties":{"t":120,"n":3},"geometry":{"type":"LineString","coordinates":[[-71.1737,44.2812],[-71.17358,44.28157],[-71.17379,44.28202],[-71.17341,44.28276],[-71.17385,44.28354],[-71.17376,44.28414],[-71.1747,44.28535],[-71.17466,44.28702],[-71.17544,44.28732],[-71.17596,44.28808],[-71.17621,44.2899],[-71.17587,44.29037],[-71.17593,44.29078],[-71.17495,44.29161],[-71.17505,44.29202],[-71.17477,44.29249],[-71.17523,44.29393],[-71.17457,44.29475],[-71.17449,44.29623],[-71.17402,44.29712],[-71.17409,44.29745],[-71.17303,44.29856],[-71.17299,44.29922],[-71.17163,44.30009],[-71.17042,44.30122],[-71.1696,44.30153],[-71.16931,44.30193],[-71.16869,44.30217],[-71.16778,44.30309],[-71.16854,44.30422],[-71.1685,44.30503],[-71.16877,44.30532],[-71.16837,44.30555],[-71.16802,44.3055],[-71.1677,44.30638],[-71.16702,44.30729],[-71.16718,44.30845],[-71.16785,44.30886],[-71.16779,44.31006]]}},{"type":"Feature","properties":{"t":767,"n":0},"geometry":{"type":"LineString","coordinates":[[-71.21416,44.30907],[-71.21499,44.30846],[-71.21566,44.30842],[-71.21619,44.30875],[-71.2171,44.30879]]}},{"type":"Feature","properties":{"t":221,"n":3},"geometry":{"type":"LineString","coordinates":[[-71.16779,44.31006],[-71.16827,44.31014]]}},{"type":"Feature","properties":{"t":221,"n":0},"geometry":{"type":"LineString","coordinates":[[-71.16827,44.31014],[-71.17006,44.31086],[-71.17154,44.3109],[-71.17278,44.31046],[-71.17304,44.31058],[-71.17372,44.31032],[-71.17548,44.31045],[-71.1801,44.30958],[-71.18095,44.31006],[-71.18233,44.31021],[-71.18312,44.31052],[-71.18425,44.31193],[-71.18563,44.3126],[-71.18597,44.31326]]}},{"type":"Feature","properties":{"t":280,"n":0},"geometry":{"type":"LineString","coordinates":[[-71.21669,44.32319],[-71.21638,44.32279],[-71.21246,44.32265],[-71.20916,44.32385],[-71.20829,44.32382],[-71.20754,44.32407],[-71.20527,44.32388],[-71.20463,44.32423],[-71.20464,44.32495],[-71.20355,44.32634],[-71.20372,44.32673],[-71.20306,44.32704],[-71.20224,44.32714],[-71.19928,44.32693],[-71.19639,44.32571],[-71.19354,44.3258],[-71.19223,44.32605],[-71.19177,44.32595],[-71.19029,44.32521],[-71.18933,44.32447],[-71.19014,44.32417],[-71.19136,44.32421],[-71.19178,44.32387],[-71.19123,44.32307],[-71.19051,44.32252],[-71.18956,44.32241],[-71.18944,44.32226],[-71.1898,44.32185],[-71.18988,44.32124],[-71.18944,44.32146],[-71.18831,44.3214],[-71.18811,44.32121],[-71.18749,44.32143],[-71.18686,44.32099],[-71.18609,44.32094],[-71.18457,44.31978],[-71.18384,44.31757],[-71.18415,44.31704],[-71.18403,44.31655],[-71.18378,44.31584],[-71.18326,44.3154],[-71.18351,44.31479],[-71.18425,44.31431],[-71.18517,44.31316],[-71.18597,44.31326],[-71.18638,44.31394],[-71.1869,44.31406],[-71.18904,44.31386],[-71.18976,44.31346],[-71.19072,44.31327],[-71.19103,44.31298],[-71.19127,44.31219],[-71.19275,44.31184],[-71.19374,44.31103],[-71.19471,44.31183],[-71.19552,44.31168],[-71.19631,44.31111],[-71.1969,44.31018],[-71.19844,44.30944],[-71.19946,44.30855],[-71.20156,44.30751],[-71.20393,44.30704],[-71.20468,44.30673],[-71.20556,44.30592],[-71.20628,44.30479],[-71.20725,44.3041],[-71.20843,44.30396],[-71.20894,44.30424],[-71.20941,44.30534],[-71.2103,44.30622],[-71.21087,44.3072],[-71.21172,44.30751],[-71.21296,44.30851],[-71.21391,44.30874],[-71.21414,44.30896],[-71.21409,44.30947],[-71.21334,44.31031],[-71.21329,44.31123],[-71.2127,44.3117],[-71.21266,44.31247],[-71.2121,44.31396],[-71.21215,44.31473],[-71.21264,44.31536],[-71.21327,44.31575],[-71.21325,44.31648],[-71.21443,44.31794],[-71.21458,44.31872],[-71.21543,44.31933],[-71.21576,44.32],[-71.21632,44.32004],[-71.21717,44.31959]]}},{"type":"Feature","properties":{"t":105,"n":2},"geometry":{"type":"LineString","coordinates":[[-71.22318,44.31162],[-71.22293,44.31194]]}},{"type":"Feature","properties":{"t":105,"n":1},"geometry":{"type":"LineString","coordinates":[[-71.22293,44.31194],[-71.22136,44.313],[-71.22089,44.31523],[-71.22022,44.31569],[-71.21964,44.3166],[-71.21966,44.31742],[-71.2189,44.31966],[-71.21908,44.32182]]}},{"type":"Feature","properties":{"t":105,"n":1},"geometry":{"type":"LineString","coordinates":[[-71.21908,44.32182],[-71.21887,44.32216]]}},{"type":"Feature","properties":{"t":105,"n":0},"geometry":{"type":"LineString","coordinates":[[-71.21887,44.32216],[-71.21844,44.32285],[-71.21848,44.32367]]}},{"type":"Feature","properties":{"t":64,"n":4},"geometry":{"type":"LineString","coordinates":[[-71.17355,44.28091],[-71.17298,44.28071],[-71.17364,44.28008],[-71.17369,44.27898]]}},{"type":"Feature","properties":{"t":109,"n":4},"geometry":{"type":"LineString","coordinates":[[-71.17369,44.27898],[-71.17395,44.27866]]}},{"type":"Feature","properties":{"t":109,"n":0},"geometry":{"type":"LineString","coordinates":[[-71.17395,44.27866],[-71.17679,44.27474],[-71.17666,44.27356],[-71.17601,44.27228]]}},{"type":"Feature","properties":{"t":109,"n":4},"geometry":{"type":"LineString","coordinates":[[-71.17601,44.27228],[-71.17569,44.27162]]}},{"type":"Feature","properties":{"t":13,"n":5},"geometry":{"type":"LineString","coordinates":[[-71.19561,44.26166],[-71.19545,44.26107],[-71.19449,44.26069],[-71.19474,44.26018]]}},{"type":"Feature","properties":{"t":534,"n":0},"geometry":{"type":"LineString","coordinates":[[-71.23127,44.26693],[-71.23126,44.26681],[-71.23184,44.26671],[-71.23346,44.26709],[-71.2339,44.26748],[-71.23578,44.26763],[-71.23632,44.2671],[-71.23635,44.26662],[-71.23689,44.26656],[-71.23714,44.26619],[-71.2374,44.26615],[-71.23742,44.26563],[-71.23782,44.26523],[-71.23807,44.26434],[-71.23869,44.26375]]}},{"type":"Feature","properties":{"t":266,"n":0},"geometry":{"type":"LineString","coordinates":[[-71.17514,44.3505],[-71.17393,44.34788],[-71.1719,44.34575],[-71.16963,44.34235],[-71.16883,44.34195],[-71.16706,44.34151],[-71.16079,44.34097],[-71.1587,44.34042],[-71.15757,44.34069],[-71.15652,44.34057],[-71.15561,44.34015],[-71.15147,44.33707],[-71.15086,44.33584],[-71.1499,44.33489],[-71.14885,44.33451],[-71.14775,44.33454],[-71.14686,44.33483],[-71.14598,44.33489],[-71.1447,44.33443],[-71.14363,44.33444],[-71.14368,44.333],[-71.14333,44.33203]]}},{"type":"Feature","properties":{"t":266,"n":2},"geometry":{"type":"LineString","coordinates":[[-71.14333,44.33203],[-71.14326,44.33175]]}},{"type":"Feature","properties":{"t":158,"n":0},"geometry":{"type":"LineString","coordinates":[[-71.00367,44.26723],[-71.00271,44.26689],[-71.00123,44.26681],[-70.99852,44.26721],[-70.99771,44.26687],[-70.99689,44.26682],[-70.99598,44.26726],[-70.99414,44.26862],[-70.99082,44.27005],[-70.99059,44.27081],[-70.98942,44.27214],[-70.988,44.2732],[-70.98709,44.27333],[-70.98584,44.27408],[-70.98357,44.27495],[-70.98327,44.27573],[-70.98197,44.27672],[-70.98161,44.27732],[-70.98169,44.27781],[-70.98215,44.27811],[-70.98317,44.2795],[-70.98307,44.28018],[-70.98262,44.28072],[-70.98293,44.28183],[-70.98406,44.28172],[-70.98406,44.28194],[-70.98282,44.28251],[-70.98246,44.28336],[-70.98182,44.28341],[-70.98253,44.28375],[-70.9834,44.28356],[-70.98343,44.28371],[-70.9829,44.28407],[-70.98102,44.28441],[-70.98054,44.28476],[-70.97992,44.28447],[-70.97668,44.28574],[-70.97584,44.28634],[-70.97609,44.28778],[-70.97668,44.28873],[-70.97667,44.28906],[-70.97698,44.28914],[-70.97726,44.28963],[-70.97687,44.28992]]}},{"type":"Feature","properties":{"t":158,"n":2},"geometry":{"type":"LineString","coordinates":[[-70.97687,44.28992],[-70.97641,44.29004],[-70.97411,44.28949],[-70.97332,44.28947],[-70.97065,44.29078],[-70.96932,44.29086],[-70.96547,44.29078],[-70.96381,44.29052],[-70.96285,44.28988]]}},{"type":"Feature","properties":{"t":144,"n":4},"geometry":{"type":"LineString","coordinates":[[-71.17555,44.27138],[-71.17526,44.27164]]}},{"type":"Feature","properties":{"t":144,"n":3},"geometry":{"type":"LineString","coordinates":[[-71.17526,44.27164],[-71.1752,44.27179]]}},{"type":"Feature","properties":{"t":144,"n":0},"geometry":{"type":"LineString","coordinates":[[-71.1752,44.27179],[-71.17512,44.27192]]}},{"type":"Feature","properties":{"t":144,"n":1},"geometry":{"type":"LineString","coordinates":[[-71.17512,44.27192],[-71.17482,44.27222]]}},{"type":"Feature","properties":{"t":144,"n":0},"geometry":{"type":"LineString","coordinates":[[-71.17482,44.27222],[-71.17293,44.27367],[-71.1706,44.27388],[-71.16954,44.27369],[-71.16734,44.27386],[-71.16509,44.27354],[-71.16385,44.27295],[-71.16232,44.27329],[-71.15897,44.27319],[-71.15678,44.27254],[-71.15503,44.27174],[-71.15463,44.27176],[-71.15331,44.27275],[-71.1518,44.27342],[-71.15134,44.27343],[-71.15022,44.27231],[-71.14951,44.27192],[-71.14905,44.27256],[-71.14764,44.27308],[-71.14339,44.27356],[-71.1424,44.27384],[-71.13604,44.27434],[-71.13526,44.27459],[-71.13322,44.2745],[-71.1315,44.27473],[-71.13019,44.27593],[-71.12948,44.27615],[-71.12925,44.27665],[-71.12443,44.27705],[-71.122,44.27677],[-71.1201,44.27574],[-71.1164,44.27592],[-71.11482,44.27616],[-71.11209,44.27568],[-71.10984,44.2759],[-71.10516,44.27714],[-71.10407,44.27719],[-71.10325,44.27704],[-71.10276,44.27666],[-71.1017,44.27638],[-71.099,44.27619],[-71.0958,44.27542]]}},{"type":"Feature","properties":{"t":144,"n":1},"geometry":{"type":"LineString","coordinates":[[-71.0958,44.27542],[-71.09549,44.27536]]}},{"type":"Feature","properties":{"t":89,"n":1},"geometry":{"type":"LineString","coordinates":[[-71.09549,44.27536],[-71.09467,44.27563]]}},{"type":"Feature","properties":{"t":755,"n":0},"geometry":{"type":"LineString","coordinates":[[-71.03827,44.2801],[-71.03881,44.27897],[-71.03869,44.27882],[-71.0367,44.27832]]}},{"type":"Feature","properties":{"t":252,"n":2},"geometry":{"type":"LineString","coordinates":[[-71.06134,44.31732],[-71.0609,44.31741]]}},{"type":"Feature","properties":{"t":252,"n":1},"geometry":{"type":"LineString","coordinates":[[-71.0609,44.31741],[-71.06076,44.31755]]}},{"type":"Feature","properties":{"t":252,"n":0},"geometry":{"type":"LineString","coordinates":[[-71.06076,44.31755],[-71.05938,44.31865],[-71.05726,44.31921],[-71.05702,44.31957],[-71.05663,44.31952],[-71.05616,44.31908],[-71.05565,44.3191],[-71.05491,44.31926],[-71.05385,44.3199],[-71.05365,44.32032],[-71.05293,44.32074],[-71.05196,44.32193],[-71.05091,44.32434],[-71.04971,44.32542],[-71.04669,44.32647],[-71.04605,44.32654],[-71.04389,44.32769],[-71.04319,44.32778],[-71.04106,44.32769],[-71.03755,44.32669],[-71.03597,44.32676],[-71.03537,44.32716],[-71.03485,44.3282],[-71.03328,44.32921],[-71.03211,44.32967],[-71.02993,44.33009],[-71.02935,44.33078],[-71.02899,44.33406],[-71.02859,44.33488],[-71.02745,44.33563],[-71.02355,44.33743],[-71.02284,44.33805],[-71.02214,44.33928],[-71.02169,44.33956],[-71.02093,44.3397],[-71.01983,44.34059],[-71.01955,44.34135],[-71.0183,44.34254],[-71.01594,44.34387],[-71.01368,44.34437],[-71.01345,44.34484],[-71.01283,44.34508],[-71.0119,44.34604],[-71.0116,44.34644],[-71.01171,44.34834],[-71.01127,44.34939],[-71.01153,44.34991],[-71.01129,44.35062],[-71.01068,44.35134],[-71.00761,44.35216],[-71.00659,44.35228],[-71.0052,44.35199],[-71.00285,44.35077],[-71.00175,44.35052],[-71.00011,44.35052],[-70.99924,44.35078],[-70.99806,44.35174],[-70.99661,44.35244],[-70.99605,44.35253],[-70.99458,44.35343],[-70.99328,44.35455],[-70.99228,44.35603]]}},{"type":"Feature","properties":{"t":385,"n":0},"geometry":{"type":"LineString","coordinates":[[-70.99238,44.35604],[-70.99457,44.35623],[-70.99555,44.35753],[-70.99721,44.3591],[-70.9992,44.36204],[-70.99923,44.36435],[-71.00018,44.36677],[-71.00155,44.36794],[-71.00322,44.37067],[-71.00488,44.37254],[-71.00604,44.37464],[-71.00711,44.37538],[-71.0094,44.37587],[-71.01091,44.37593],[-71.01239,44.37693],[-71.0137,44.37748],[-71.01601,44.37774],[-71.01754,44.37751]]}},{"type":"Feature","properties":{"t":267,"n":0},"geometry":{"type":"LineString","coordinates":[[-71.07565,44.30064],[-71.07646,44.30068],[-71.07757,44.30102],[-71.08315,44.30446],[-71.08618,44.30543],[-71.08709,44.30544],[-71.08914,44.30468],[-71.0902,44.30397],[-71.09091,44.30374],[-71.09274,44.30392],[-71.09443,44.30454],[-71.09591,44.30476],[-71.09801,44.30571],[-71.09898,44.30694],[-71.0999,44.30757],[-71.09998,44.30794],[-71.10127,44.30864],[-71.10391,44.30813],[-71.10485,44.30811],[-71.10981,44.30939],[-71.11165,44.31021],[-71.11346,44.31034],[-71.11552,44.31139],[-71.11648,44.31159],[-71.11833,44.31281],[-71.11957,44.31411],[-71.12129,44.31483],[-71.12231,44.31519],[-71.12277,44.31517],[-71.12509,44.31443],[-71.12643,44.31439],[-71.13134,44.31661],[-71.13306,44.31757]]}},{"type":"Feature","properties":{"t":120,"n":3},"geometry":{"type":"LineString","coordinates":[[-71.14902,44.32663],[-71.14979,44.32672],[-71.15047,44.32636],[-71.15067,44.32497],[-71.15213,44.32316],[-71.15282,44.32155],[-71.15469,44.32024],[-71.15545,44.32001],[-71.1561,44.31928],[-71.15631,44.31868],[-71.15696,44.31826],[-71.15814,44.31824],[-71.15857,44.31796],[-71.15936,44.31785],[-71.1615,44.31645],[-71.16236,44.31629],[-71.16301,44.31562],[-71.16428,44.31535],[-71.16456,44.31362],[-71.16701,44.31159],[-71.16768,44.31077],[-71.16779,44.31006]]}},{"type":"Feature","properties":{"t":14,"n":2},"geometry":{"type":"LineString","coordinates":[[-71.11605,44.34865],[-71.11717,44.34832],[-71.1178,44.34777],[-71.11871,44.34806],[-71.11981,44.34751],[-71.12063,44.34769],[-71.12311,44.34727],[-71.1235,44.34695],[-71.12343,44.34613],[-71.12463,44.34519],[-71.12583,44.34386],[-71.12674,44.34359],[-71.12851,44.34252],[-71.12953,44.3401],[-71.12987,44.34018],[-71.13018,44.33983],[-71.13073,44.33992],[-71.13088,44.3403],[-71.13134,44.34055]]}},{"type":"Feature","properties":{"t":264,"n":0},"geometry":{"type":"LineString","coordinates":[[-71.10935,44.40115],[-71.10935,44.40058],[-71.10982,44.39995],[-71.11033,44.39808],[-71.10893,44.39565],[-71.1079,44.39482],[-71.10508,44.39045],[-71.10525,44.38971],[-71.10491,44.38905],[-71.10506,44.38836],[-71.10412,44.38521],[-71.10443,44.38415],[-71.10432,44.38349],[-71.10488,44.38277],[-71.10654,44.38228],[-71.10764,44.37966],[-71.10769,44.37592],[-71.10862,44.37486],[-71.11004,44.37405],[-71.11047,44.3728],[-71.11208,44.3707],[-71.11207,44.36964],[-71.11243,44.36881],[-71.11295,44.36829],[-71.11254,44.36677],[-71.11284,44.36579],[-71.11272,44.36474],[-71.11323,44.36284],[-71.11359,44.36249],[-71.11382,44.36124],[-71.11407,44.36082],[-71.1146,44.36069],[-71.11472,44.35992],[-71.11364,44.35818],[-71.11358,44.35796],[-71.11391,44.35773],[-71.11357,44.35675],[-71.11279,44.3559],[-71.11302,44.35489],[-71.11288,44.35401],[-71.11326,44.35342],[-71.11405,44.3528],[-71.11418,44.35217],[-71.11473,44.35165],[-71.11508,44.35039],[-71.11585,44.34898]]}},{"type":"Feature","properties":{"t":264,"n":2},"geometry":{"type":"LineString","coordinates":[[-71.11585,44.34898],[-71.11605,44.34865]]}},{"type":"Feature","properties":{"t":14,"n":2},"geometry":{"type":"LineString","coordinates":[[-71.11605,44.34865],[-71.11477,44.34876],[-71.11394,44.34839],[-71.11311,44.34859],[-71.11291,44.34828],[-71.11214,44.34871],[-71.11029,44.34883],[-71.10999,44.3491],[-71.10817,44.3493],[-71.10654,44.35027],[-71.10559,44.35114],[-71.10473,44.3523],[-71.10473,44.35258],[-71.10388,44.35258],[-71.10178,44.35349],[-71.10052,44.35326],[-71.09996,44.35293],[-71.09721,44.35386],[-71.09598,44.35383],[-71.0956,44.35338],[-71.09459,44.35316],[-71.09425,44.35334],[-71.09361,44.35285],[-71.09214,44.35312],[-71.09118,44.3528],[-71.09044,44.35227],[-71.08914,44.35234],[-71.08816,44.35218],[-71.0871,44.35172],[-71.08677,44.35192],[-71.08608,44.35137],[-71.08482,44.35115],[-71.08449,44.34982],[-71.08404,44.34986],[-71.08323,44.34959],[-71.08169,44.34999],[-71.08073,44.34968],[-71.07966,44.3502],[-71.07903,44.34969]]}},{"type":"Feature","properties":{"t":202,"n":0},"geometry":{"type":"LineString","coordinates":[[-71.22092,44.28899],[-71.22034,44.28912],[-71.2195,44.28988],[-71.21912,44.28957],[-71.21861,44.28947],[-71.21722,44.28982],[-71.21635,44.28947],[-71.21572,44.28943]]}},{"type":"Feature","properties":{"t":149,"n":0},"geometry":{"type":"LineString","coordinates":[[-71.00443,44.26761],[-71.00547,44.26987],[-71.00645,44.27092],[-71.0065,44.27121],[-71.00406,44.27433],[-71.00383,44.27516],[-71.00333,44.27586],[-71.00311,44.27724],[-71.00342,44.27844],[-71.00298,44.27899],[-71.00288,44.2797],[-71.00316,44.28031],[-71.00315,44.28145],[-71.00408,44.28312],[-71.00475,44.28376],[-71.00464,44.28535],[-71.00516,44.28617],[-71.00452,44.28705],[-71.00538,44.28789],[-71.00528,44.28871],[-71.00609,44.2903],[-71.00625,44.29196],[-71.006,44.29269],[-71.00585,44.29504],[-71.00625,44.29598],[-71.0072,44.29715],[-71.00796,44.29892],[-71.00758,44.30039],[-71.00713,44.3011],[-71.00535,44.30266]]}},{"type":"Feature","properties":{"t":149,"n":1},"geometry":{"type":"LineString","coordinates":[[-71.00535,44.30266],[-71.00521,44.30298],[-71.00816,44.30352],[-71.00913,44.304],[-71.01218,44.30398],[-71.01247,44.30462],[-71.01205,44.3063],[-71.01225,44.30693],[-71.01296,44.30724],[-71.01407,44.30727],[-71.01478,44.30703],[-71.01378,44.30639],[-71.0139,44.30592],[-71.01596,44.30498],[-71.01712,44.3036],[-71.01733,44.30286],[-71.0182,44.30224]]}},{"type":"Feature","properties":{"t":41,"n":2},"geometry":{"type":"LineString","coordinates":[[-71.0505,44.26906],[-71.05097,44.26881],[-71.0517,44.26891],[-71.05283,44.26871],[-71.05435,44.26786],[-71.05448,44.26722],[-71.05562,44.26643],[-71.05655,44.26641],[-71.0573,44.26558],[-71.05824,44.26558],[-71.05934,44.26428],[-71.06278,44.26233],[-71.06283,44.26192],[-71.0643,44.26109],[-71.06498,44.26022],[-71.06606,44.2594],[-71.0663,44.25853],[-71.06757,44.25734],[-71.06732,44.25662],[-71.06811,44.25633],[-71.06839,44.25593],[-71.06895,44.25563],[-71.06901,44.25477],[-71.0696,44.25434],[-71.07003,44.25433],[-71.07095,44.25376],[-71.07411,44.25253]]}},{"type":"Feature","properties":{"t":144,"n":2},"geometry":{"type":"LineString","coordinates":[[-71.04911,44.28338],[-71.0496,44.28314]]}},{"type":"Feature","properties":{"t":144,"n":1},"geometry":{"type":"LineString","coordinates":[[-71.0496,44.28314],[-71.05138,44.2814],[-71.0535,44.28059],[-71.05473,44.28042],[-71.05624,44.28074],[-71.0574,44.28022],[-71.05868,44.27991],[-71.06059,44.27986],[-71.06119,44.27966],[-71.06173,44.27975],[-71.06252,44.27949],[-71.06326,44.27975],[-71.06525,44.27996],[-71.0671,44.27975],[-71.06929,44.27917],[-71.07015,44.27919],[-71.07161,44.27866],[-71.07231,44.2787],[-71.07342,44.27811],[-71.07393,44.2776],[-71.07484,44.27735],[-71.07547,44.27661],[-71.07588,44.27648],[-71.07643,44.27593],[-71.07692,44.27587],[-71.0776,44.27539],[-71.07882,44.27536],[-71.07953,44.27487],[-71.08213,44.27412],[-71.08361,44.27396],[-71.0869,44.27439],[-71.08898,44.27391],[-71.09055,44.2739],[-71.09164,44.27427],[-71.09224,44.27527],[-71.09425,44.27606]]}},{"type":"Feature","properties":{"t":234,"n":0},"geometry":{"type":"LineString","coordinates":[[-71.02776,44.33006],[-71.02729,44.32972],[-71.02714,44.3277],[-71.02636,44.3269],[-71.02558,44.32486],[-71.02455,44.32422],[-71.02112,44.32131],[-71.02048,44.31945],[-71.02033,44.31788],[-71.01927,44.31673],[-71.0186,44.31632],[-71.01807,44.31557],[-71.01756,44.31406],[-71.01623,44.31147],[-71.01542,44.31048],[-71.01452,44.3098],[-71.014,44.30903],[-71.01277,44.3083],[-71.01239,44.30742]]}},{"type":"Feature","properties":{"t":234,"n":1},"geometry":{"type":"LineString","coordinates":[[-71.01239,44.30742],[-71.01236,44.30705]]}},{"type":"Feature","properties":{"t":15,"n":1},"geometry":{"type":"LineString","coordinates":[[-71.0182,44.30224],[-71.01862,44.30179],[-71.01822,44.30116],[-71.01924,44.30029],[-71.02163,44.29996],[-71.02376,44.29854],[-71.02562,44.29667],[-71.02643,44.29529],[-71.02862,44.29409],[-71.02866,44.29353],[-71.02937,44.29249],[-71.02978,44.29236],[-71.03102,44.29257],[-71.03399,44.29249],[-71.03554,44.292],[-71.03628,44.29119],[-71.03785,44.29031],[-71.03829,44.28983],[-71.03931,44.28966],[-71.04016,44.28879],[-71.04266,44.28797],[-71.04487,44.28666],[-71.0459,44.28565],[-71.04871,44.28366]]}},{"type":"Feature","properties":{"t":15,"n":2},"geometry":{"type":"LineString","coordinates":[[-71.04871,44.28366],[-71.04921,44.28328],[-71.04925,44.2828],[-71.05006,44.28191],[-71.05009,44.28121],[-71.05097,44.28046],[-71.05072,44.27997],[-71.05083,44.27955],[-71.05218,44.27904],[-71.05368,44.27895],[-71.05329,44.27857],[-71.05349,44.27835],[-71.05237,44.27765],[-71.05218,44.27654],[-71.05318,44.27414],[-71.05267,44.27342],[-71.05139,44.27271],[-71.05089,44.27101],[-71.05044,44.27056],[-71.05042,44.27025],[-71.05086,44.26979],[-71.0505,44.26906]]}},{"type":"Feature","properties":{"t":79,"n":1},"geometry":{"type":"LineString","coordinates":[[-71.00521,44.30298],[-71.00272,44.30351],[-71.00271,44.3038],[-71.00229,44.30392]]}},{"type":"Feature","properties":{"t":146,"n":1},"geometry":{"type":"LineString","coordinates":[[-71.05624,44.28074],[-71.05514,44.28086]]}},{"type":"Feature","properties":{"t":146,"n":0},"geometry":{"type":"LineString","coordinates":[[-71.05514,44.28086],[-71.05444,44.28108],[-71.05381,44.28164],[-71.05322,44.28264]]}},{"type":"Feature","properties":{"t":146,"n":2},"geometry":{"type":"LineString","coordinates":[[-71.05322,44.28264],[-71.05304,44.2829]]}},{"type":"Feature","properties":{"t":52,"n":2},"geometry":{"type":"LineString","coordinates":[[-70.99002,44.3052],[-70.99006,44.30523]]}},{"type":"Feature","properties":{"t":52,"n":1},"geometry":{"type":"LineString","coordinates":[[-70.99006,44.30523],[-70.99017,44.30576],[-70.99092,44.306],[-70.99376,44.30566],[-70.99449,44.30642],[-70.99502,44.30647],[-70.99563,44.30632],[-70.99623,44.30576],[-70.9977,44.30545],[-70.99747,44.30475],[-70.99769,44.30448],[-70.99897,44.30474],[-70.99905,44.30388],[-70.99985,44.30411],[-71.00189,44.30374],[-71.00229,44.30392],[-71.00208,44.30443],[-71.00242,44.30502],[-71.00295,44.30508],[-71.00331,44.30488],[-71.00421,44.30508],[-71.00427,44.30563],[-71.00531,44.30592]]}},{"type":"Feature","properties":{"t":132,"n":2},"geometry":{"type":"LineString","coordinates":[[-71.06432,44.30619],[-71.06372,44.30595]]}},{"type":"Feature","properties":{"t":132,"n":1},"geometry":{"type":"LineString","coordinates":[[-71.06372,44.30595],[-71.06309,44.3055],[-71.0632,44.30475],[-71.06359,44.30425],[-71.06426,44.30402]]}},{"type":"Feature","properties":{"t":132,"n":2},"geometry":{"type":"LineString","coordinates":[[-71.06426,44.30402],[-71.06474,44.30385],[-71.06488,44.30296],[-71.06471,44.30265],[-71.0615,44.2997],[-71.06047,44.29964],[-71.05923,44.29875],[-71.05714,44.29584],[-71.05705,44.29368],[-71.05619,44.29152],[-71.05619,44.29006],[-71.0569,44.28944],[-71.05667,44.28846],[-71.05728,44.28643],[-71.05699,44.2848],[-71.05603,44.28464],[-71.0545,44.28385],[-71.05404,44.28314],[-71.05369,44.28299],[-71.05285,44.28286],[-71.05217,44.28293],[-71.05101,44.28337],[-71.04871,44.28346]]}},{"type":"Feature","properties":{"t":132,"n":1},"geometry":{"type":"LineString","coordinates":[[-71.04871,44.28346],[-71.04811,44.28368]]}},{"type":"Feature","properties":{"t":132,"n":0},"geometry":{"type":"LineString","coordinates":[[-71.04811,44.28368],[-71.04578,44.28433],[-71.04322,44.28441],[-71.04258,44.28423],[-71.04182,44.28337],[-71.04076,44.28305],[-71.04072,44.28232],[-71.03941,44.28159],[-71.0385,44.28026],[-71.03648,44.27934],[-71.03635,44.27881],[-71.03663,44.27817],[-71.03517,44.27755],[-71.03398,44.2773],[-71.0318,44.27629],[-71.03066,44.27609],[-71.02995,44.27443],[-71.03005,44.27355],[-71.02988,44.27323],[-71.0302,44.27304],[-71.02665,44.26956],[-71.02576,44.26917],[-71.02378,44.26893],[-71.02291,44.26908],[-71.02164,44.26883],[-71.02006,44.26887]]}},{"type":"Feature","properties":{"t":80,"n":3},"geometry":{"type":"LineString","coordinates":[[-71.14902,44.32663],[-71.14913,44.32698]]}},{"type":"Feature","properties":{"t":80,"n":1},"geometry":{"type":"LineString","coordinates":[[-71.14913,44.32698],[-71.14923,44.32821],[-71.1499,44.32847],[-71.15005,44.32886]]}},{"type":"Feature","properties":{"t":333,"n":0},"geometry":{"type":"LineString","coordinates":[[-71.18528,44.38866],[-71.1857,44.38795],[-71.18678,44.38743],[-71.18898,44.38849],[-71.19066,44.38676],[-71.19083,44.38613],[-71.18984,44.3845],[-71.1909,44.38391],[-71.19244,44.38338],[-71.19338,44.38195],[-71.19403,44.38164],[-71.19363,44.37971],[-71.1945,44.37832],[-71.19564,44.37796],[-71.19894,44.37773],[-71.20044,44.37746],[-71.20125,44.37753],[-71.20278,44.37686],[-71.20465,44.37637],[-71.20595,44.37566],[-71.20667,44.37484],[-71.2078,44.37421],[-71.20863,44.37321],[-71.20956,44.37249],[-71.20995,44.37186],[-71.21167,44.37121],[-71.21204,44.37086],[-71.21193,44.37009],[-71.2128,44.36937],[-71.21329,44.36944],[-71.21377,44.36855],[-71.21406,44.36717],[-71.21521,44.36637],[-71.21552,44.36552],[-71.21685,44.36518],[-71.2169,44.36484],[-71.21652,44.36465],[-71.21664,44.36444],[-71.21782,44.36399],[-71.21927,44.36459],[-71.21923,44.36336],[-71.22031,44.36233]]}},{"type":"Feature","properties":{"t":802,"n":0},"geometry":{"type":"LineString","coordinates":[[-71.21215,44.37072],[-71.2113,44.37047],[-71.211,44.37054],[-71.21108,44.37013]]}},{"type":"Feature","properties":{"t":450,"n":0},"geometry":{"type":"LineString","coordinates":[[-71.18425,44.36734],[-71.18552,44.36786],[-71.18581,44.36861],[-71.18553,44.3692],[-71.18576,44.36945],[-71.18857,44.37082],[-71.18667,44.37166],[-71.18579,44.37281],[-71.18391,44.37457],[-71.18616,44.3758],[-71.18701,44.37855],[-71.18806,44.37956],[-71.18845,44.38225],[-71.18909,44.38283],[-71.18934,44.38408],[-71.18984,44.3845]]}},{"type":"Feature","properties":{"t":115,"n":1},"geometry":{"type":"LineString","coordinates":[[-71.11452,44.25823],[-71.1113,44.26148],[-71.11036,44.26352],[-71.10924,44.26486],[-71.10831,44.2666],[-71.10679,44.26772],[-71.10623,44.26842],[-71.10625,44.26872],[-71.10581,44.26877],[-71.10494,44.26938],[-71.10287,44.27013],[-71.10179,44.27134],[-71.10063,44.27164],[-71.0971,44.27341],[-71.09549,44.27536]]}},{"type":"Feature","properties":{"t":179,"n":1},"geometry":{"type":"LineString","coordinates":[[-71.05626,44.2808],[-71.05678,44.28089]]}},{"type":"Feature","properties":{"t":179,"n":0},"geometry":{"type":"LineString","coordinates":[[-71.05678,44.28089],[-71.05649,44.28147]]}},{"type":"Feature","properties":{"t":709,"n":0},"geometry":{"type":"LineString","coordinates":[[-71.24582,44.26708],[-71.2453,44.26687],[-71.24587,44.26652]]}},{"type":"Feature","properties":{"t":138,"n":0},"geometry":{"type":"LineString","coordinates":[[-71.06099,44.37082],[-71.06536,44.36755],[-71.06832,44.36609],[-71.06863,44.36571],[-71.0698,44.36513],[-71.0707,44.36422],[-71.07302,44.36325],[-71.07386,44.36258],[-71.07511,44.36097],[-71.0756,44.36081],[-71.07567,44.3604],[-71.07638,44.35944],[-71.07594,44.35871],[-71.07664,44.35802],[-71.07696,44.35696],[-71.07682,44.35631],[-71.07722,44.35546],[-71.07704,44.35479],[-71.07731,44.35414],[-71.07689,44.3536],[-71.07724,44.35291],[-71.07847,44.3516],[-71.0789,44.35006]]}},{"type":"Feature","properties":{"t":138,"n":2},"geometry":{"type":"LineString","coordinates":[[-71.0789,44.35006],[-71.07969,44.34741],[-71.07953,44.34657],[-71.07988,44.34621],[-71.08053,44.34439],[-71.08124,44.3432],[-71.0794,44.34164],[-71.07947,44.34067],[-71.07914,44.34015],[-71.0782,44.34002],[-71.07696,44.33935],[-71.07596,44.3394],[-71.07481,44.33859],[-71.07475,44.33797],[-71.07427,44.33717],[-71.07427,44.33631],[-71.07386,44.33499],[-71.07341,44.33436],[-71.07246,44.33158],[-71.07133,44.32967],[-71.0707,44.32619],[-71.07076,44.32339],[-71.07025,44.32293]]}},{"type":"Feature","properties":{"t":275,"n":0},"geometry":{"type":"LineString","coordinates":[[-71.22362,44.38114],[-71.22324,44.38195],[-71.22401,44.38393],[-71.2239,44.38528],[-71.22137,44.38982],[-71.22119,44.39079],[-71.22181,44.39213],[-71.22378,44.39397],[-71.22401,44.39501],[-71.22366,44.39599],[-71.22278,44.39686],[-71.2187,44.39922],[-71.21698,44.39971],[-71.2134,44.40006]]}},{"type":"Feature","properties":{"t":202,"n":0},"geometry":{"type":"LineString","coordinates":[[-71.22193,44.2996],[-71.22231,44.29902],[-71.22305,44.29884],[-71.22341,44.29821],[-71.2235,44.29775],[-71.22316,44.29712],[-71.22343,44.2967],[-71.22273,44.29574],[-71.22305,44.29501],[-71.22277,44.29429],[-71.22297,44.29349],[-71.22238,44.29295],[-71.22316,44.29251],[-71.22378,44.29178]]}},{"type":"Feature","properties":{"t":202,"n":1},"geometry":{"type":"LineString","coordinates":[[-71.22378,44.29178],[-71.22387,44.29073]]}},{"type":"Feature","properties":{"t":202,"n":0},"geometry":{"type":"LineString","coordinates":[[-71.22387,44.29073],[-71.22381,44.29039]]}},{"type":"Feature","properties":{"t":156,"n":1},"geometry":{"type":"LineString","coordinates":[[-71.00523,44.3059],[-71.00498,44.3062]]}},{"type":"Feature","properties":{"t":156,"n":0},"geometry":{"type":"LineString","coordinates":[[-71.00498,44.3062],[-71.00495,44.30647],[-71.00542,44.30684],[-71.00564,44.30745]]}},{"type":"Feature","properties":{"t":202,"n":0},"geometry":{"type":"LineString","coordinates":[[-71.21658,44.29453],[-71.21663,44.29567],[-71.2176,44.29683],[-71.21818,44.29715],[-71.21887,44.29851],[-71.22193,44.2996]]}},{"type":"Feature","properties":{"t":120,"n":2},"geometry":{"type":"LineString","coordinates":[[-71.13152,44.34064],[-71.13134,44.34055]]}},{"type":"Feature","properties":{"t":550,"n":0},"geometry":{"type":"LineString","coordinates":[[-71.00721,44.3008],[-71.0067,44.30063],[-71.00586,44.29983],[-71.00572,44.29858],[-71.00473,44.29872],[-71.00376,44.29617],[-71.00193,44.29656],[-71.00052,44.29664],[-70.99895,44.29645],[-70.99883,44.29566],[-70.99952,44.29353],[-70.99926,44.29349]]}},{"type":"Feature","properties":{"t":501,"n":0},"geometry":{"type":"LineString","coordinates":[[-71.18148,44.38646],[-71.18185,44.3856],[-71.18179,44.38511],[-71.18127,44.38448],[-71.18227,44.38491],[-71.18338,44.38502],[-71.18416,44.38536],[-71.18448,44.38537],[-71.18471,44.38513],[-71.18531,44.38523],[-71.18638,44.38461],[-71.18681,44.38402],[-71.1876,44.38374],[-71.18741,44.38347],[-71.1888,44.38288],[-71.1871,44.3823],[-71.18706,44.38209],[-71.18742,44.38194],[-71.187,44.38169],[-71.18616,44.38194],[-71.18458,44.38201],[-71.18317,44.38119],[-71.18123,44.38119]]}},{"type":"Feature","properties":{"t":823,"n":0},"geometry":{"type":"LineString","coordinates":[[-71.23742,44.26563],[-71.23696,44.26595],[-71.23714,44.26619]]}},{"type":"Feature","properties":{"t":551,"n":0},"geometry":{"type":"LineString","coordinates":[[-71.23507,44.30034],[-71.23495,44.30145],[-71.2346,44.30157],[-71.23414,44.30134],[-71.23365,44.30167]]}},{"type":"Feature","properties":{"t":551,"n":0},"geometry":{"type":"LineString","coordinates":[[-71.23365,44.30167],[-71.23307,44.30169],[-71.23249,44.30209],[-71.23204,44.30207],[-71.23196,44.30184],[-71.23242,44.30144],[-71.23178,44.30071]]}},{"type":"Feature","properties":{"t":275,"n":0},"geometry":{"type":"LineString","coordinates":[[-71.2337,44.36917],[-71.23119,44.37349],[-71.22931,44.37467],[-71.22854,44.37545],[-71.22815,44.37636],[-71.22861,44.3786],[-71.22828,44.37939],[-71.22733,44.38007],[-71.22496,44.38045],[-71.22377,44.38098]]}},{"type":"Feature","properties":{"t":275,"n":0},"geometry":{"type":"LineString","coordinates":[[-71.22377,44.38098],[-71.22362,44.38114]]}},{"type":"Feature","properties":{"t":32,"n":1},"geometry":{"type":"LineString","coordinates":[[-71.11664,44.25219],[-71.11676,44.2522]]}},{"type":"Feature","properties":{"t":32,"n":1},"geometry":{"type":"LineString","coordinates":[[-71.11676,44.2522],[-71.11831,44.25225],[-71.11868,44.25251],[-71.11892,44.25321]]}},{"type":"Feature","properties":{"t":32,"n":2},"geometry":{"type":"LineString","coordinates":[[-71.11892,44.25321],[-71.11905,44.25377]]}},{"type":"Feature","properties":{"t":712,"n":0},"geometry":{"type":"LineString","coordinates":[[-71.17514,44.3505],[-71.17544,44.35089],[-71.17686,44.35147],[-71.17984,44.35336]]}},{"type":"Feature","properties":{"t":266,"n":0},"geometry":{"type":"LineString","coordinates":[[-71.17725,44.3627],[-71.17717,44.3624],[-71.17762,44.36192],[-71.17779,44.36131]]}},{"type":"Feature","properties":{"t":266,"n":0},"geometry":{"type":"LineString","coordinates":[[-71.17779,44.36131],[-71.17783,44.36127]]}},{"type":"Feature","properties":{"t":266,"n":0},"geometry":{"type":"LineString","coordinates":[[-71.1776,44.36287],[-71.17731,44.36273]]}},{"type":"Feature","properties":{"t":266,"n":0},"geometry":{"type":"LineString","coordinates":[[-71.17731,44.36273],[-71.17725,44.3627]]}},{"type":"Feature","properties":{"t":266,"n":0},"geometry":{"type":"LineString","coordinates":[[-71.17783,44.36127],[-71.1786,44.36003],[-71.17844,44.3592],[-71.17878,44.35874],[-71.1786,44.35754],[-71.17815,44.35662],[-71.17852,44.35583],[-71.1782,44.35466],[-71.17873,44.35416],[-71.17872,44.35385],[-71.17832,44.3529],[-71.17663,44.35256],[-71.17474,44.35158],[-71.17447,44.35093],[-71.17501,44.35085],[-71.17514,44.3505]]}},{"type":"Feature","properties":{"t":120,"n":2},"geometry":{"type":"LineString","coordinates":[[-71.13134,44.34055],[-71.1317,44.33996],[-71.13165,44.33906],[-71.13089,44.33863],[-71.1303,44.33786],[-71.12983,44.33779],[-71.12965,44.33733],[-71.13026,44.33671],[-71.13011,44.33599],[-71.13103,44.33489],[-71.13148,44.33468],[-71.13236,44.33479],[-71.13275,44.33426],[-71.13545,44.3333],[-71.1367,44.33339],[-71.138,44.33283],[-71.13943,44.33319],[-71.14002,44.33288],[-71.14137,44.33266],[-71.14204,44.33222],[-71.14259,44.33149],[-71.14308,44.33148],[-71.14326,44.33175],[-71.14406,44.33153],[-71.14448,44.33122],[-71.14566,44.33131],[-71.14773,44.33048],[-71.1487,44.32943],[-71.14797,44.32857],[-71.14762,44.32847],[-71.14745,44.32776],[-71.14819,44.32711],[-71.14822,44.32669],[-71.14857,44.32661]]}},{"type":"Feature","properties":{"t":120,"n":3},"geometry":{"type":"LineString","coordinates":[[-71.14857,44.32661],[-71.14902,44.32663]]}},{"type":"Feature","properties":{"t":13,"n":4},"geometry":{"type":"LineString","coordinates":[[-71.19817,44.27928],[-71.1996,44.27643],[-71.19984,44.27441],[-71.19917,44.2733],[-71.19836,44.27035],[-71.19711,44.26888],[-71.1969,44.26826],[-71.19641,44.26812],[-71.19596,44.26744],[-71.19557,44.26581],[-71.19577,44.26505],[-71.19559,44.26425],[-71.19587,44.26326],[-71.19636,44.26261],[-71.19584,44.26202]]}},{"type":"Feature","properties":{"t":13,"n":5},"geometry":{"type":"LineString","coordinates":[[-71.19584,44.26202],[-71.19561,44.26166]]}},{"type":"Feature","properties":{"t":13,"n":4},"geometry":{"type":"LineString","coordinates":[[-71.2004,44.28121],[-71.20041,44.28116]]}},{"type":"Feature","properties":{"t":13,"n":4},"geometry":{"type":"LineString","coordinates":[[-71.20041,44.28116],[-71.2004,44.28086],[-71.19841,44.2799],[-71.19814,44.27933]]}},{"type":"Feature","properties":{"t":13,"n":4},"geometry":{"type":"LineString","coordinates":[[-71.19814,44.27933],[-71.19817,44.27928]]}},{"type":"Feature","properties":{"t":120,"n":4},"geometry":{"type":"LineString","coordinates":[[-71.17369,44.27898],[-71.17206,44.279],[-71.17115,44.27658],[-71.17069,44.27602],[-71.17032,44.27593],[-71.1712,44.27525],[-71.17187,44.27516],[-71.17399,44.27418],[-71.17525,44.27284],[-71.17569,44.27162]]}},{"type":"Feature","properties":{"t":64,"n":4},"geometry":{"type":"LineString","coordinates":[[-71.17569,44.27162],[-71.17555,44.27093],[-71.17635,44.26929],[-71.17735,44.26845],[-71.17856,44.26783]]}},{"type":"Feature","properties":{"t":64,"n":5},"geometry":{"type":"LineString","coordinates":[[-71.17856,44.26783],[-71.17933,44.26743]]}},{"type":"Feature","properties":{"t":89,"n":1},"geometry":{"type":"LineString","coordinates":[[-71.09467,44.27563],[-71.09431,44.2759]]}},{"type":"Feature","properties":{"t":89,"n":1},"geometry":{"type":"LineString","coordinates":[[-71.09431,44.2759],[-71.09425,44.27606]]}},{"type":"Feature","properties":{"t":252,"n":1},"geometry":{"type":"LineString","coordinates":[[-71.09549,44.27536],[-71.09517,44.27567]]}},{"type":"Feature","properties":{"t":252,"n":0},"geometry":{"type":"LineString","coordinates":[[-71.09517,44.27567],[-71.09516,44.27648],[-71.09729,44.27786],[-71.09803,44.27951],[-71.09789,44.28043],[-71.09751,44.28093],[-71.09639,44.2812],[-71.09597,44.28147],[-71.09529,44.28238],[-71.09505,44.28311],[-71.0936,44.28448],[-71.09327,44.28614],[-71.09343,44.28649],[-71.09307,44.28654],[-71.0921,44.2878],[-71.0912,44.28806],[-71.0905,44.28907],[-71.09057,44.28966],[-71.09007,44.29072],[-71.08902,44.29139],[-71.08783,44.29164],[-71.08655,44.29235],[-71.08649,44.29292],[-71.08745,44.29387],[-71.08705,44.2944],[-71.08608,44.2942],[-71.08573,44.29428],[-71.08551,44.2962],[-71.08519,44.29673],[-71.08395,44.29751],[-71.08006,44.29799],[-71.07842,44.29855],[-71.0781,44.29891]]}},{"type":"Feature","properties":{"t":252,"n":0},"geometry":{"type":"LineString","coordinates":[[-71.0781,44.29891],[-71.0781,44.29898]]}},{"type":"Feature","properties":{"t":252,"n":0},"geometry":{"type":"LineString","coordinates":[[-71.0781,44.29898],[-71.07782,44.29951],[-71.07813,44.29981],[-71.07775,44.30002],[-71.07768,44.30036],[-71.07636,44.30033],[-71.07565,44.30064]]}},{"type":"Feature","properties":{"t":812,"n":0},"geometry":{"type":"LineString","coordinates":[[-71.07024,44.30251],[-71.07029,44.30221],[-71.06995,44.30196]]}},{"type":"Feature","properties":{"t":812,"n":0},"geometry":{"type":"LineString","coordinates":[[-71.07029,44.30297],[-71.07024,44.30251]]}},{"type":"Feature","properties":{"t":812,"n":0},"geometry":{"type":"LineString","coordinates":[[-71.07036,44.30314],[-71.07029,44.30297]]}},{"type":"Feature","properties":{"t":230,"n":0},"geometry":{"type":"LineString","coordinates":[[-71.07565,44.30064],[-71.07353,44.30059],[-71.07216,44.30152],[-71.07164,44.30228],[-71.07066,44.30299],[-71.06808,44.30416],[-71.06746,44.30491],[-71.06716,44.30569],[-71.06651,44.306],[-71.0665,44.30625],[-71.06493,44.30797],[-71.06473,44.3086],[-71.06424,44.30894],[-71.06402,44.3099],[-71.06339,44.3102],[-71.06312,44.31086],[-71.06293,44.31364],[-71.06231,44.31484],[-71.06202,44.31502],[-71.06186,44.31569],[-71.0623,44.31709],[-71.06184,44.31733]]}},{"type":"Feature","properties":{"t":230,"n":1},"geometry":{"type":"LineString","coordinates":[[-71.06184,44.31733],[-71.06167,44.31735]]}},{"type":"Feature","properties":{"t":230,"n":2},"geometry":{"type":"LineString","coordinates":[[-71.06167,44.31735],[-71.06134,44.31732]]}},{"type":"Feature","properties":{"t":115,"n":0},"geometry":{"type":"LineString","coordinates":[[-71.06489,44.30638],[-71.06469,44.30634]]}},{"type":"Feature","properties":{"t":115,"n":2},"geometry":{"type":"LineString","coordinates":[[-71.06469,44.30634],[-71.06432,44.30619]]}},{"type":"Feature","properties":{"t":115,"n":0},"geometry":{"type":"LineString","coordinates":[[-71.06507,44.30641],[-71.06489,44.30638]]}},{"type":"Feature","properties":{"t":138,"n":2},"geometry":{"type":"LineString","coordinates":[[-71.0677,44.32246],[-71.06521,44.32276],[-71.06438,44.32252],[-71.06338,44.32193],[-71.06098,44.31886],[-71.06089,44.31829],[-71.06134,44.31732],[-71.06121,44.31655],[-71.05942,44.3157],[-71.05819,44.31551]]}},{"type":"Feature","properties":{"t":138,"n":2},"geometry":{"type":"LineString","coordinates":[[-71.0678,44.32245],[-71.0677,44.32246]]}},{"type":"Feature","properties":{"t":138,"n":0},"geometry":{"type":"LineString","coordinates":[[-71.02504,44.37446],[-71.02665,44.37302],[-71.02799,44.37221],[-71.03015,44.37197],[-71.03098,44.37159],[-71.03258,44.37036],[-71.03437,44.36999],[-71.0385,44.37066],[-71.03953,44.37113],[-71.04051,44.37081],[-71.04458,44.3711],[-71.04618,44.37061],[-71.05027,44.37206],[-71.0517,44.37285],[-71.05243,44.37357],[-71.05352,44.37393],[-71.0555,44.37374],[-71.05653,44.37305],[-71.05744,44.37304],[-71.05819,44.3728],[-71.0596,44.37123],[-71.06099,44.37082]]}},{"type":"Feature","properties":{"t":280,"n":0},"geometry":{"type":"LineString","coordinates":[[-71.21669,44.32319],[-71.21702,44.32325]]}},{"type":"Feature","properties":{"t":254,"n":0},"geometry":{"type":"LineString","coordinates":[[-71.00995,44.25343],[-71.01056,44.25378],[-71.01055,44.25394],[-71.00985,44.25531],[-71.01018,44.25613],[-71.00971,44.25684],[-71.00959,44.25793],[-71.0108,44.25829],[-71.01195,44.25927],[-71.01226,44.26016],[-71.01275,44.2607],[-71.01245,44.26331]]}},{"type":"Feature","properties":{"t":115,"n":2},"geometry":{"type":"LineString","coordinates":[[-71.11905,44.25377],[-71.11868,44.25402]]}},{"type":"Feature","properties":{"t":115,"n":1},"geometry":{"type":"LineString","coordinates":[[-71.11868,44.25402],[-71.11806,44.25442],[-71.11674,44.25708],[-71.11537,44.25793],[-71.11452,44.25823]]}},{"type":"Feature","properties":{"t":267,"n":0},"geometry":{"type":"LineString","coordinates":[[-71.13306,44.31757],[-71.13355,44.31825],[-71.13446,44.31883],[-71.13475,44.31978],[-71.13529,44.32042],[-71.13543,44.32165],[-71.13598,44.32247],[-71.13747,44.32366],[-71.13875,44.32417],[-71.13948,44.32405],[-71.13999,44.32429],[-71.13876,44.32728],[-71.13886,44.3287],[-71.13829,44.3297],[-71.13828,44.33016],[-71.13939,44.33081],[-71.14066,44.3312],[-71.14205,44.33098],[-71.143,44.331],[-71.14316,44.33114]]}},{"type":"Feature","properties":{"t":267,"n":2},"geometry":{"type":"LineString","coordinates":[[-71.14316,44.33114],[-71.14308,44.33148]]}},{"type":"Feature","properties":{"t":138,"n":2},"geometry":{"type":"LineString","coordinates":[[-71.07025,44.32293],[-71.0678,44.32245]]}},{"type":"Feature","properties":{"t":778,"n":0},"geometry":{"type":"LineString","coordinates":[[-71.00583,44.26706],[-71.00632,44.2685],[-71.00614,44.26909]]}},{"type":"Feature","properties":{"t":254,"n":0},"geometry":{"type":"LineString","coordinates":[[-71.00726,44.25142],[-71.0082,44.25354]]}},{"type":"Feature","properties":{"t":254,"n":1},"geometry":{"type":"LineString","coordinates":[[-71.00669,44.25132],[-71.00711,44.2514]]}},{"type":"Feature","properties":{"t":254,"n":0},"geometry":{"type":"LineString","coordinates":[[-71.00711,44.2514],[-71.00726,44.25142]]}},{"type":"Feature","properties":{"t":50,"n":1},"geometry":{"type":"LineString","coordinates":[[-71.00669,44.25132],[-71.00683,44.25138]]}},{"type":"Feature","properties":{"t":83,"n":1},"geometry":{"type":"LineString","coordinates":[[-71.21908,44.32182],[-71.22021,44.32386]]}},{"type":"Feature","properties":{"t":86,"n":1},"geometry":{"type":"LineString","coordinates":[[-71.22021,44.32386],[-71.22009,44.32463],[-71.21974,44.32503]]}},{"type":"Feature","properties":{"t":551,"n":0},"geometry":{"type":"LineString","coordinates":[[-71.22756,44.29872],[-71.22706,44.29859],[-71.22671,44.29813]]}},{"type":"Feature","properties":{"t":833,"n":0},"geometry":{"type":"LineString","coordinates":[[-71.22709,44.29781],[-71.22689,44.29815],[-71.22671,44.29813]]}},{"type":"Feature","properties":{"t":834,"n":0},"geometry":{"type":"LineString","coordinates":[[-71.22855,44.29725],[-71.22826,44.2977]]}},{"type":"Feature","properties":{"t":551,"n":0},"geometry":{"type":"LineString","coordinates":[[-71.22834,44.2991],[-71.22756,44.29872]]}},{"type":"Feature","properties":{"t":551,"n":0},"geometry":{"type":"LineString","coordinates":[[-71.23178,44.30071],[-71.23171,44.29996],[-71.23138,44.29983],[-71.2307,44.30007],[-71.23046,44.30042]]}},{"type":"Feature","properties":{"t":551,"n":0},"geometry":{"type":"LineString","coordinates":[[-71.22967,44.29989],[-71.22949,44.29964],[-71.22881,44.29948],[-71.22834,44.2991]]}},{"type":"Feature","properties":{"t":551,"n":0},"geometry":{"type":"LineString","coordinates":[[-71.23046,44.30042],[-71.2298,44.30015],[-71.22967,44.29989]]}},{"type":"Feature","properties":{"t":551,"n":0},"geometry":{"type":"LineString","coordinates":[[-71.22671,44.29813],[-71.22656,44.29765],[-71.22697,44.29667]]}},{"type":"Feature","properties":{"t":202,"n":0},"geometry":{"type":"LineString","coordinates":[[-71.21572,44.28943],[-71.21332,44.28945],[-71.21129,44.29037]]}},{"type":"Feature","properties":{"t":202,"n":0},"geometry":{"type":"LineString","coordinates":[[-71.21651,44.29415],[-71.21658,44.29453]]}},{"type":"Feature","properties":{"t":202,"n":0},"geometry":{"type":"LineString","coordinates":[[-71.21129,44.29037],[-71.21206,44.29097],[-71.21421,44.29162],[-71.21651,44.29415]]}},{"type":"Feature","properties":{"t":202,"n":0},"geometry":{"type":"LineString","coordinates":[[-71.22193,44.2996],[-71.22252,44.29995]]}},{"type":"Feature","properties":{"t":202,"n":1},"geometry":{"type":"LineString","coordinates":[[-71.22252,44.29995],[-71.22303,44.30018]]}},{"type":"Feature","properties":{"t":639,"n":0},"geometry":{"type":"LineString","coordinates":[[-71.05049,44.32482],[-71.05244,44.32449],[-71.05312,44.32351],[-71.05334,44.32275],[-71.05637,44.32077],[-71.05706,44.31955]]}},{"type":"Feature","properties":{"t":237,"n":0},"geometry":{"type":"LineString","coordinates":[[-71.22121,44.25235],[-71.22067,44.25265],[-71.21974,44.25269],[-71.21893,44.25394],[-71.21846,44.25401],[-71.21884,44.25582],[-71.21874,44.25677],[-71.21929,44.25696]]}},{"type":"Feature","properties":{"t":237,"n":0},"geometry":{"type":"LineString","coordinates":[[-71.22324,44.25072],[-71.2225,44.25072]]}},{"type":"Feature","properties":{"t":237,"n":1},"geometry":{"type":"LineString","coordinates":[[-71.2225,44.25072],[-71.22213,44.25077]]}},{"type":"Feature","properties":{"t":237,"n":0},"geometry":{"type":"LineString","coordinates":[[-71.22213,44.25077],[-71.22209,44.25178],[-71.22121,44.25235],[-71.22082,44.25371],[-71.22019,44.2541],[-71.22019,44.25485],[-71.21952,44.25682],[-71.21929,44.25696],[-71.21951,44.25761],[-71.2194,44.25814],[-71.21982,44.25863],[-71.21949,44.25953],[-71.22034,44.26042],[-71.2201,44.26244],[-71.22136,44.26302]]}},{"type":"Feature","properties":{"t":727,"n":0},"geometry":{"type":"LineString","coordinates":[[-70.8205,44.32903],[-70.81965,44.32862],[-70.81934,44.32785],[-70.81982,44.3269],[-70.82111,44.32598]]}},{"type":"Feature","properties":{"t":505,"n":0},"geometry":{"type":"LineString","coordinates":[[-70.91379,44.35727],[-70.9135,44.35791],[-70.91192,44.35955],[-70.91192,44.36042],[-70.91158,44.36092],[-70.91162,44.36144],[-70.91213,44.36216],[-70.91233,44.36317],[-70.91219,44.36366],[-70.91293,44.36419],[-70.91284,44.36644],[-70.914,44.36676],[-70.91455,44.36905],[-70.91536,44.36972],[-70.91503,44.37111],[-70.91459,44.37161]]}},{"type":"Feature","properties":{"t":445,"n":0},"geometry":{"type":"LineString","coordinates":[[-70.98108,44.34896],[-70.97966,44.34939],[-70.97922,44.34976],[-70.97921,44.35074],[-70.97854,44.35238],[-70.97883,44.35363],[-70.97861,44.35445],[-70.97921,44.35552],[-70.97911,44.35713],[-70.97838,44.35793],[-70.97742,44.35827],[-70.97687,44.35827],[-70.97599,44.35775],[-70.97568,44.35774],[-70.97426,44.3586],[-70.97309,44.3588],[-70.97253,44.35867],[-70.96991,44.35924],[-70.96796,44.36077],[-70.96731,44.36381],[-70.96747,44.364]]}},{"type":"Feature","properties":{"t":95,"n":1},"geometry":{"type":"LineString","coordinates":[[-70.88043,44.32975],[-70.88144,44.33065],[-70.88148,44.33151],[-70.88191,44.33254],[-70.88098,44.33416],[-70.88033,44.33464]]}},{"type":"Feature","properties":{"t":95,"n":0},"geometry":{"type":"LineString","coordinates":[[-70.88033,44.33464],[-70.87867,44.3355],[-70.87731,44.33529]]}},{"type":"Feature","properties":{"t":124,"n":1},"geometry":{"type":"LineString","coordinates":[[-70.97524,44.3361],[-70.97528,44.3365],[-70.97453,44.33727],[-70.97467,44.33853],[-70.97534,44.33952],[-70.97616,44.33995],[-70.97668,44.34049],[-70.97566,44.34169],[-70.97252,44.34231],[-70.9705,44.3421],[-70.96974,44.34184],[-70.96869,44.34185],[-70.96628,44.34282],[-70.96527,44.34279],[-70.96311,44.34348],[-70.95699,44.3432]]}},{"type":"Feature","properties":{"t":124,"n":0},"geometry":{"type":"LineString","coordinates":[[-70.95699,44.3432],[-70.95678,44.34315]]}},{"type":"Feature","properties":{"t":124,"n":1},"geometry":{"type":"LineString","coordinates":[[-70.95678,44.34315],[-70.95564,44.34276],[-70.95246,44.34269],[-70.94958,44.34378],[-70.94829,44.34387],[-70.94682,44.34358],[-70.94476,44.34405],[-70.9436,44.34405],[-70.9408,44.345],[-70.93959,44.34512],[-70.93739,44.34575],[-70.93518,44.34578],[-70.93394,44.34555],[-70.9328,44.34573],[-70.93109,44.34569],[-70.9304,44.34551],[-70.92893,44.34557]]}},{"type":"Feature","properties":{"t":11,"n":1},"geometry":{"type":"LineString","coordinates":[[-70.92893,44.34557],[-70.92784,44.34479],[-70.9277,44.34448],[-70.92784,44.34324],[-70.92751,44.34218],[-70.92815,44.34178],[-70.92854,44.34187],[-70.92989,44.34066],[-70.93084,44.34031],[-70.93041,44.3403],[-70.93039,44.34015],[-70.93112,44.33973],[-70.93141,44.33923],[-70.93235,44.33898],[-70.9327,44.33857],[-70.93286,44.33794],[-70.93192,44.33785],[-70.93143,44.33759],[-70.93157,44.33657],[-70.93122,44.33653],[-70.93127,44.33632],[-70.93229,44.33578],[-70.93305,44.33589],[-70.93379,44.33561],[-70.93698,44.33534],[-70.93715,44.33513],[-70.93924,44.33435],[-70.94024,44.33335],[-70.94191,44.33233],[-70.94236,44.33167],[-70.94364,44.33071],[-70.94393,44.33031],[-70.94364,44.3301],[-70.9438,44.32962],[-70.94434,44.32933],[-70.94822,44.32895],[-70.94942,44.32865],[-70.95012,44.3288],[-70.952,44.32867],[-70.95415,44.32904],[-70.95815,44.32885],[-70.95902,44.32907],[-70.9601,44.32963],[-70.96208,44.3313],[-70.96343,44.33176],[-70.96574,44.33202],[-70.96756,44.33288],[-70.96854,44.33295],[-70.97051,44.33356],[-70.9721,44.33338],[-70.97251,44.33318],[-70.97305,44.33335],[-70.97489,44.33433],[-70.97525,44.33579]]}},{"type":"Feature","properties":{"t":97,"n":1},"geometry":{"type":"LineString","coordinates":[[-70.96914,44.31722],[-70.96802,44.31676],[-70.96566,44.3152],[-70.96338,44.31501],[-70.962,44.31429],[-70.96141,44.31428],[-70.95903,44.31481],[-70.95639,44.31599],[-70.95552,44.31589],[-70.95493,44.31628],[-70.95411,44.31641],[-70.95098,44.31756],[-70.95044,44.31802],[-70.95054,44.31863],[-70.94822,44.31961],[-70.94712,44.32046],[-70.94672,44.32046],[-70.94632,44.32005],[-70.94575,44.32018],[-70.9454,44.32033],[-70.9447,44.32126],[-70.94285,44.32241],[-70.94143,44.32268],[-70.93821,44.32431],[-70.93715,44.32428],[-70.9358,44.32474],[-70.92996,44.32736],[-70.92906,44.32805],[-70.9285,44.32806],[-70.92765,44.32856],[-70.92197,44.32955],[-70.91954,44.33019],[-70.91687,44.33009],[-70.91563,44.3304],[-70.91432,44.33104],[-70.91345,44.33101],[-70.91185,44.33144],[-70.91106,44.33111],[-70.90989,44.33153],[-70.90887,44.33162],[-70.90508,44.33084],[-70.90444,44.33087],[-70.90293,44.33143],[-70.90079,44.33191],[-70.8993,44.33311],[-70.8972,44.33415],[-70.89563,44.33406],[-70.89359,44.33429],[-70.89224,44.3333],[-70.89153,44.33322],[-70.8894,44.33375],[-70.8883,44.33378],[-70.88762,44.33415],[-70.88652,44.33437],[-70.88566,44.33484],[-70.88511,44.33476],[-70.88496,44.33446]]}},{"type":"Feature","properties":{"t":97,"n":0},"geometry":{"type":"LineString","coordinates":[[-70.88496,44.33446],[-70.88461,44.33414],[-70.88407,44.33404],[-70.88305,44.33417],[-70.88252,44.33392],[-70.88193,44.3332]]}},{"type":"Feature","properties":{"t":97,"n":1},"geometry":{"type":"LineString","coordinates":[[-70.88193,44.3332],[-70.88171,44.33306]]}},{"type":"Feature","properties":{"t":45,"n":2},"geometry":{"type":"LineString","coordinates":[[-70.9897,44.30497],[-70.98944,44.30468],[-70.9914,44.30245],[-70.99151,44.30133],[-70.99114,44.30053],[-70.99119,44.29999],[-70.99207,44.29941],[-70.99243,44.29887],[-70.99233,44.29835],[-70.99189,44.29807],[-70.9917,44.29747],[-70.99127,44.2971],[-70.99075,44.29712],[-70.99054,44.29668],[-70.98957,44.29645],[-70.98914,44.29588],[-70.98747,44.29537],[-70.98567,44.29529],[-70.98418,44.29544],[-70.9832,44.29531],[-70.98216,44.29394],[-70.98228,44.29327],[-70.98143,44.29256],[-70.97961,44.29185],[-70.97881,44.29187],[-70.97829,44.29112],[-70.97679,44.29045],[-70.97641,44.29004]]}},{"type":"Feature","properties":{"t":111,"n":0},"geometry":{"type":"LineString","coordinates":[[-70.99255,44.26929],[-70.99156,44.26852],[-70.9895,44.26814],[-70.98593,44.26682],[-70.98478,44.26662],[-70.98305,44.26696],[-70.98136,44.26633]]}},{"type":"Feature","properties":{"t":111,"n":1},"geometry":{"type":"LineString","coordinates":[[-70.98136,44.26633],[-70.97957,44.26629]]}},{"type":"Feature","properties":{"t":111,"n":0},"geometry":{"type":"LineString","coordinates":[[-70.97957,44.26629],[-70.97858,44.2666]]}},{"type":"Feature","properties":{"t":111,"n":1},"geometry":{"type":"LineString","coordinates":[[-70.97858,44.2666],[-70.9778,44.26664],[-70.97787,44.2673],[-70.9776,44.26793],[-70.97629,44.26928],[-70.97542,44.27066],[-70.9728,44.27285],[-70.97213,44.27377],[-70.96989,44.27478],[-70.96796,44.27642],[-70.96728,44.27792],[-70.96803,44.27911],[-70.96603,44.28078],[-70.9659,44.28212],[-70.96518,44.28368],[-70.96495,44.28725],[-70.96567,44.28825],[-70.96564,44.28873],[-70.96524,44.28948],[-70.96343,44.28981]]}},{"type":"Feature","properties":{"t":111,"n":2},"geometry":{"type":"LineString","coordinates":[[-70.96343,44.28981],[-70.96285,44.28988]]}},{"type":"Feature","properties":{"t":137,"n":2},"geometry":{"type":"LineString","coordinates":[[-70.96285,44.28988],[-70.9613,44.2898],[-70.95681,44.29046],[-70.95571,44.29027],[-70.95459,44.29127]]}},{"type":"Feature","properties":{"t":137,"n":1},"geometry":{"type":"LineString","coordinates":[[-70.95459,44.29127],[-70.95305,44.29277],[-70.95275,44.29333],[-70.9513,44.29372],[-70.94848,44.29486],[-70.94756,44.29473],[-70.94552,44.29521],[-70.94338,44.29673],[-70.94261,44.29708],[-70.93887,44.29805],[-70.93817,44.29848],[-70.93811,44.2989],[-70.93594,44.29967],[-70.93492,44.30032],[-70.93428,44.30112],[-70.93425,44.30161],[-70.93234,44.30361],[-70.9325,44.30415],[-70.93325,44.30501],[-70.93399,44.30737],[-70.93327,44.30877],[-70.93232,44.30966]]}},{"type":"Feature","properties":{"t":137,"n":0},"geometry":{"type":"LineString","coordinates":[[-70.93232,44.30966],[-70.93149,44.31005],[-70.93084,44.31013],[-70.92968,44.31003],[-70.92726,44.3094],[-70.92466,44.30977],[-70.92299,44.30966],[-70.91842,44.31004],[-70.91764,44.30986],[-70.91687,44.30942],[-70.91628,44.30957],[-70.91557,44.30941],[-70.91314,44.3098],[-70.91154,44.31104],[-70.90916,44.31218],[-70.90762,44.31238],[-70.90443,44.31217],[-70.90358,44.31159],[-70.90217,44.31156],[-70.90089,44.31094],[-70.9,44.31083],[-70.89848,44.30956],[-70.89611,44.30945],[-70.89405,44.30901],[-70.89238,44.3089],[-70.88936,44.30679],[-70.8886,44.30476],[-70.88514,44.30523],[-70.88259,44.30606],[-70.88143,44.30572]]}},{"type":"Feature","properties":{"t":137,"n":1},"geometry":{"type":"LineString","coordinates":[[-70.88143,44.30572],[-70.88097,44.30522]]}},{"type":"Feature","properties":{"t":242,"n":1},"geometry":{"type":"LineString","coordinates":[[-70.9778,44.26664],[-70.97756,44.26647]]}},{"type":"Feature","properties":{"t":242,"n":0},"geometry":{"type":"LineString","coordinates":[[-70.97756,44.26647],[-70.97483,44.26626],[-70.97364,44.26558],[-70.97335,44.26506],[-70.97287,44.26476],[-70.97281,44.2643],[-70.97377,44.262],[-70.97705,44.25624],[-70.97767,44.25551],[-70.97755,44.25452],[-70.97871,44.25298],[-70.97955,44.25255],[-70.97964,44.25193],[-70.98053,44.25161],[-70.98076,44.25045]]}},{"type":"Feature","properties":{"t":48,"n":1},"geometry":{"type":"LineString","coordinates":[[-70.98579,44.25098],[-70.98551,44.252],[-70.98428,44.25406],[-70.98399,44.25581],[-70.98447,44.25672],[-70.98404,44.2574],[-70.98431,44.25846],[-70.98348,44.25982],[-70.98298,44.26006],[-70.98325,44.26055],[-70.98241,44.26124],[-70.98202,44.26125],[-70.98179,44.26162],[-70.98218,44.26177],[-70.98219,44.26215],[-70.98412,44.2643],[-70.98366,44.2648],[-70.98131,44.26556],[-70.98096,44.26593],[-70.98098,44.2663]]}},{"type":"Feature","properties":{"t":28,"n":1},"geometry":{"type":"LineString","coordinates":[[-70.93275,44.30933],[-70.93125,44.30947],[-70.92979,44.30887],[-70.9285,44.3087],[-70.92798,44.30844],[-70.92703,44.30747],[-70.92581,44.30711],[-70.92503,44.30634],[-70.92418,44.30608],[-70.92287,44.30597],[-70.92079,44.30375],[-70.91939,44.303],[-70.91766,44.30153],[-70.91432,44.30029],[-70.91384,44.29985],[-70.91338,44.29915],[-70.91388,44.29689],[-70.91282,44.29541],[-70.91249,44.29417],[-70.91099,44.29208],[-70.91108,44.29173],[-70.91062,44.29036],[-70.91092,44.28929],[-70.91181,44.28851],[-70.91181,44.28764],[-70.91274,44.28568],[-70.91185,44.28465],[-70.90965,44.28319],[-70.90938,44.28191],[-70.90847,44.2809]]}},{"type":"Feature","properties":{"t":95,"n":1},"geometry":{"type":"LineString","coordinates":[[-70.90136,44.27068],[-70.89985,44.27141],[-70.89922,44.27402],[-70.8988,44.27449],[-70.89952,44.27492],[-70.90024,44.27598],[-70.89805,44.27705],[-70.89773,44.27745],[-70.89723,44.27748],[-70.89707,44.27794],[-70.89502,44.27873],[-70.89466,44.27933],[-70.89327,44.27949],[-70.89179,44.28017],[-70.89078,44.28102],[-70.88947,44.2815],[-70.88935,44.28277],[-70.88996,44.28388],[-70.88782,44.28901],[-70.8879,44.28984],[-70.88654,44.29072],[-70.88624,44.29142],[-70.88553,44.2921],[-70.88472,44.29371],[-70.88255,44.29621],[-70.88252,44.29794],[-70.88119,44.30062],[-70.88155,44.30099],[-70.88143,44.30278],[-70.88121,44.30313],[-70.88134,44.30381],[-70.88106,44.3044],[-70.88091,44.30611],[-70.88049,44.30707],[-70.88069,44.30931],[-70.88044,44.31206],[-70.88125,44.31335],[-70.88145,44.31438],[-70.8811,44.31521],[-70.88179,44.3188],[-70.88077,44.32055],[-70.8808,44.321],[-70.87991,44.3228],[-70.88002,44.32453]]}},{"type":"Feature","properties":{"t":72,"n":1},"geometry":{"type":"LineString","coordinates":[[-70.9799,44.2662],[-70.97976,44.26523],[-70.9803,44.26495],[-70.98041,44.26462],[-70.97983,44.26463],[-70.97845,44.26516],[-70.97854,44.26567],[-70.97796,44.26623],[-70.97807,44.26653]]}},{"type":"Feature","properties":{"t":486,"n":0},"geometry":{"type":"LineString","coordinates":[[-70.98229,44.35018],[-70.98192,44.35099],[-70.98141,44.35118],[-70.98057,44.35207],[-70.98065,44.35433],[-70.98093,44.35507],[-70.98125,44.35512],[-70.98153,44.35552],[-70.98193,44.35703],[-70.9829,44.35792],[-70.98432,44.35815],[-70.98482,44.35863],[-70.98455,44.35886],[-70.98465,44.3591],[-70.98511,44.35922],[-70.9869,44.35875],[-70.98822,44.35788],[-70.98979,44.35733],[-70.99068,44.35721],[-70.992,44.35755],[-70.99294,44.35756]]}},{"type":"Feature","properties":{"t":813,"n":0},"geometry":{"type":"LineString","coordinates":[[-70.98482,44.35863],[-70.98611,44.35778]]}},{"type":"Feature","properties":{"t":95,"n":1},"geometry":{"type":"LineString","coordinates":[[-70.88002,44.32453],[-70.88023,44.32627],[-70.88064,44.32711],[-70.88037,44.32829],[-70.88063,44.32918],[-70.88043,44.32975]]}},{"type":"Feature","properties":{"t":340,"n":0},"geometry":{"type":"LineString","coordinates":[[-70.93549,44.39793],[-70.93613,44.39687],[-70.93652,44.39349],[-70.93688,44.39266],[-70.9366,44.3922]]}},{"type":"Feature","properties":{"t":340,"n":0},"geometry":{"type":"LineString","coordinates":[[-70.9366,44.3922],[-70.9362,44.39165],[-70.93582,44.39031],[-70.93766,44.38786],[-70.93787,44.38664],[-70.9365,44.3851],[-70.93789,44.38396],[-70.93888,44.38246],[-70.94031,44.38154],[-70.94158,44.38133],[-70.94383,44.38031],[-70.94617,44.37911],[-70.94691,44.37839],[-70.94777,44.37797],[-70.94923,44.37767],[-70.94986,44.37689],[-70.95052,44.3766],[-70.95343,44.37606],[-70.95457,44.37561],[-70.95568,44.37468],[-70.95645,44.37433],[-70.95759,44.37286],[-70.96252,44.371],[-70.96328,44.37011],[-70.96464,44.36907],[-70.96625,44.36674]]}},{"type":"Feature","properties":{"t":718,"n":0},"geometry":{"type":"LineString","coordinates":[[-70.96549,44.36718],[-70.96625,44.36674],[-70.96833,44.36465],[-70.96908,44.36441],[-70.96885,44.36414]]}},{"type":"Feature","properties":{"t":246,"n":2},"geometry":{"type":"LineString","coordinates":[[-70.95466,44.29121],[-70.95458,44.29117]]}},{"type":"Feature","properties":{"t":246,"n":1},"geometry":{"type":"LineString","coordinates":[[-70.95458,44.29117],[-70.95428,44.29103]]}},{"type":"Feature","properties":{"t":246,"n":0},"geometry":{"type":"LineString","coordinates":[[-70.95428,44.29103],[-70.95387,44.29063],[-70.95375,44.29005],[-70.95194,44.28846],[-70.95141,44.28728],[-70.95072,44.28687],[-70.94953,44.28657],[-70.94871,44.28571],[-70.94889,44.28529],[-70.94987,44.28456],[-70.94996,44.28423],[-70.95011,44.28328],[-70.94986,44.28298],[-70.95008,44.2825],[-70.94951,44.28033],[-70.94959,44.27965],[-70.95031,44.27867],[-70.95007,44.27807],[-70.94949,44.2777],[-70.94911,44.27558],[-70.94795,44.27455],[-70.94786,44.27424],[-70.94684,44.27437],[-70.94615,44.27385],[-70.94542,44.27393],[-70.94513,44.27362],[-70.94533,44.27225],[-70.94574,44.27148],[-70.94589,44.26984],[-70.94544,44.26781],[-70.94491,44.26721],[-70.9433,44.26686],[-70.94258,44.26608]]}},{"type":"Feature","properties":{"t":535,"n":0},"geometry":{"type":"LineString","coordinates":[[-70.94491,44.26721],[-70.94482,44.266],[-70.94319,44.26352],[-70.94228,44.26149],[-70.94218,44.26079],[-70.94261,44.25943],[-70.94243,44.25904],[-70.94299,44.25766],[-70.94278,44.25705],[-70.94241,44.25659],[-70.94138,44.25626],[-70.93908,44.25605]]}},{"type":"Feature","properties":{"t":730,"n":0},"geometry":{"type":"LineString","coordinates":[[-70.92027,44.36944],[-70.91833,44.36941],[-70.91789,44.36951],[-70.91749,44.36986],[-70.91612,44.36956],[-70.91536,44.36972]]}},{"type":"Feature","properties":{"t":124,"n":0},"geometry":{"type":"LineString","coordinates":[[-70.914,44.36676],[-70.91389,44.36648],[-70.91439,44.36551],[-70.91436,44.36346],[-70.91352,44.36264],[-70.91301,44.36244],[-70.91251,44.36149],[-70.91244,44.36026],[-70.91304,44.35927],[-70.91433,44.35794],[-70.91641,44.35719],[-70.91802,44.35732],[-70.91856,44.35707],[-70.91953,44.35424],[-70.91957,44.35344],[-70.9209,44.35184],[-70.92252,44.35037],[-70.92421,44.34722],[-70.92681,44.34606],[-70.92858,44.34565]]}},{"type":"Feature","properties":{"t":124,"n":1},"geometry":{"type":"LineString","coordinates":[[-70.92858,44.34565],[-70.92893,44.34557]]}},{"type":"Feature","properties":{"t":557,"n":0},"geometry":{"type":"LineString","coordinates":[[-70.81884,44.30077],[-70.82016,44.30218],[-70.82299,44.30358],[-70.82444,44.30471],[-70.82472,44.30502],[-70.82469,44.30552],[-70.82506,44.30596],[-70.82568,44.30626],[-70.8253,44.30724],[-70.82529,44.31004],[-70.82432,44.31025],[-70.82403,44.31012]]}},{"type":"Feature","properties":{"t":452,"n":0},"geometry":{"type":"LineString","coordinates":[[-70.83785,44.29826],[-70.83759,44.29877],[-70.8379,44.30045],[-70.83758,44.30061],[-70.8368,44.30049],[-70.83645,44.30077],[-70.8369,44.30247],[-70.83786,44.30349],[-70.84222,44.30553],[-70.84305,44.30677],[-70.84294,44.30734],[-70.84345,44.30887],[-70.84323,44.30932],[-70.83977,44.31092],[-70.83865,44.31181],[-70.83686,44.31216],[-70.83592,44.31287],[-70.83531,44.31384]]}},{"type":"Feature","properties":{"t":349,"n":0},"geometry":{"type":"LineString","coordinates":[[-70.82609,44.31769],[-70.82841,44.31766],[-70.82932,44.31713],[-70.83062,44.31596],[-70.83141,44.31557],[-70.83225,44.3147],[-70.83314,44.31429],[-70.83531,44.31384],[-70.83967,44.31395],[-70.84132,44.31355],[-70.84341,44.31138],[-70.84467,44.30971],[-70.84566,44.30951],[-70.84659,44.30856],[-70.84748,44.30683],[-70.8473,44.30499],[-70.84684,44.30419],[-70.84671,44.30315],[-70.84689,44.30224],[-70.84748,44.30168],[-70.84736,44.30046],[-70.84804,44.29824],[-70.84744,44.29685],[-70.84753,44.29604],[-70.8481,44.29549],[-70.84771,44.29477],[-70.84744,44.29283],[-70.84653,44.29026],[-70.84613,44.28809],[-70.84549,44.28713]]}},{"type":"Feature","properties":{"t":252,"n":0},"geometry":{"type":"LineString","coordinates":[[-70.99159,44.35592],[-70.99135,44.35583],[-70.99128,44.35487]]}},{"type":"Feature","properties":{"t":252,"n":0},"geometry":{"type":"LineString","coordinates":[[-70.99228,44.35603],[-70.99159,44.35592]]}},{"type":"Feature","properties":{"t":324,"n":0},"geometry":{"type":"LineString","coordinates":[[-71.33416,44.50742],[-71.33433,44.50768],[-71.33396,44.50769],[-71.33388,44.50785],[-71.33554,44.50953],[-71.33739,44.51031],[-71.33899,44.51149],[-71.33981,44.5134],[-71.34148,44.51578],[-71.34085,44.51762],[-71.33997,44.51859],[-71.3394,44.5188],[-71.33932,44.519],[-71.33958,44.52019],[-71.3388,44.52191],[-71.33884,44.52306],[-71.34039,44.52446],[-71.34168,44.52532],[-71.34599,44.52719],[-71.34699,44.52795],[-71.3496,44.52934],[-71.35053,44.53019],[-71.35077,44.53061],[-71.35017,44.53153],[-71.35044,44.53323],[-71.35159,44.53511],[-71.35172,44.53584],[-71.35237,44.537],[-71.35428,44.53908],[-71.35527,44.54088],[-71.35705,44.54217],[-71.35847,44.54282],[-71.35989,44.54304],[-71.36064,44.54359],[-71.36298,44.54355],[-71.3648,44.54411]]}},{"type":"Feature","properties":{"t":286,"n":0},"geometry":{"type":"LineString","coordinates":[[-71.39117,44.52855],[-71.39052,44.52795],[-71.38919,44.5275],[-71.38768,44.5261],[-71.38654,44.52555],[-71.38519,44.52446],[-71.38372,44.52383],[-71.38343,44.52281],[-71.38191,44.52128],[-71.38126,44.52021],[-71.38128,44.51955],[-71.38076,44.51803],[-71.37957,44.51707],[-71.37944,44.51628],[-71.3781,44.51418],[-71.37555,44.51265],[-71.37092,44.50884],[-71.37058,44.50776],[-71.36967,44.50704],[-71.36952,44.50645]]}},{"type":"Feature","properties":{"t":270,"n":0},"geometry":{"type":"LineString","coordinates":[[-71.39117,44.52855],[-71.39069,44.52864],[-71.39029,44.52913],[-71.38941,44.52947],[-71.38812,44.52951],[-71.38675,44.52986],[-71.38518,44.52988],[-71.38376,44.53042],[-71.38114,44.53208],[-71.37944,44.53445],[-71.3775,44.53488],[-71.37687,44.53518],[-71.37607,44.53617],[-71.37573,44.53637],[-71.37494,44.53638],[-71.37224,44.53824],[-71.37005,44.53806],[-71.36961,44.53846],[-71.3683,44.53893],[-71.36746,44.5389],[-71.36578,44.53938],[-71.36451,44.53994],[-71.3637,44.54113],[-71.36432,44.54229],[-71.36433,44.543],[-71.3648,44.54402],[-71.36468,44.54447],[-71.36419,44.54529],[-71.36202,44.54751],[-71.36138,44.54845],[-71.36099,44.54842],[-71.36041,44.54937],[-71.36117,44.55062],[-71.36169,44.55052],[-71.36201,44.55007],[-71.3631,44.55035],[-71.36332,44.55064],[-71.36398,44.55069],[-71.36425,44.55125],[-71.36425,44.55207],[-71.36524,44.55415],[-71.36456,44.55566],[-71.36302,44.55572],[-71.36175,44.55638],[-71.36122,44.55831],[-71.3598,44.55954],[-71.36275,44.56166],[-71.36309,44.56271],[-71.36205,44.56595],[-71.36118,44.56619],[-71.36008,44.56686],[-71.36003,44.56742],[-71.35956,44.56804],[-71.35952,44.56913],[-71.36003,44.56955],[-71.36023,44.57094],[-71.35929,44.57232],[-71.3602,44.57385],[-71.36085,44.57606],[-71.36082,44.57754],[-71.35997,44.5795],[-71.3606,44.5809],[-71.35984,44.5835],[-71.36073,44.58626],[-71.36226,44.58687],[-71.36248,44.58723],[-71.3626,44.58767],[-71.36222,44.58917]]}},{"type":"Feature","properties":{"t":738,"n":0},"geometry":{"type":"LineString","coordinates":[[-71.40026,44.51794],[-71.40186,44.51724],[-71.40368,44.51702],[-71.40433,44.51651]]}},{"type":"Feature","properties":{"t":286,"n":0},"geometry":{"type":"LineString","coordinates":[[-71.39222,44.52887],[-71.3946,44.53065],[-71.3952,44.53147],[-71.39574,44.53321],[-71.39566,44.53484],[-71.39586,44.53526],[-71.39783,44.53681],[-71.39871,44.5378],[-71.40084,44.53907],[-71.4019,44.54037],[-71.403,44.54221],[-71.40267,44.54358],[-71.40336,44.54506],[-71.40418,44.54566],[-71.40527,44.54607],[-71.40707,44.54757],[-71.40969,44.54857],[-71.41043,44.54922],[-71.41043,44.5503],[-71.41,44.55189],[-71.41022,44.55308],[-71.4099,44.5536]]}},{"type":"Feature","properties":{"t":671,"n":0},"geometry":{"type":"LineString","coordinates":[[-71.37066,44.58696],[-71.36892,44.58692],[-71.36514,44.58766],[-71.36441,44.5879],[-71.36222,44.58917]]}},{"type":"Feature","properties":{"t":610,"n":0},"geometry":{"type":"LineString","coordinates":[[-71.36222,44.58917],[-71.36178,44.59029],[-71.36191,44.5911],[-71.36288,44.59232],[-71.36408,44.59306],[-71.36539,44.5942],[-71.36691,44.59688],[-71.36739,44.59728]]}},{"type":"Feature","properties":{"t":744,"n":0},"geometry":{"type":"LineString","coordinates":[[-71.30611,44.5075],[-71.30438,44.50843],[-71.30413,44.50885],[-71.30528,44.50982]]}},{"type":"Feature","properties":{"t":502,"n":0},"geometry":{"type":"LineString","coordinates":[[-71.36204,44.61239],[-71.36413,44.6134],[-71.36493,44.61354],[-71.36576,44.61411],[-71.36711,44.61582],[-71.36761,44.6176],[-71.3676,44.61916],[-71.36801,44.62012],[-71.36727,44.62036],[-71.36585,44.6201],[-71.36501,44.62015],[-71.36474,44.62044],[-71.36323,44.62066],[-71.36096,44.61995],[-71.36093,44.62018],[-71.36155,44.62042],[-71.36162,44.62076]]}},{"type":"Feature","properties":{"t":270,"n":0},"geometry":{"type":"LineString","coordinates":[[-71.39222,44.52887],[-71.39117,44.52855]]}}]}
