valid_utc,model_valid_utc,target_lead_h,split,is_undercast,year,month,hour_utc,lead_hrrr,meta_init_hrrr,lead_gfs,meta_init_gfs,lead_nam,meta_init_nam,lead_rap,meta_init_rap,lead_ecmwf,meta_init_ecmwf,lead_nbm,meta_init_nbm,cloud_top_hrrr,boundary_layer_cloud_layer_hrrr,low_cloud_layer_percent_hrrr,middle_cloud_layer_percent_hrrr,high_cloud_layer_percent_hrrr,cloud_ceiling_m_hrrr,cloud_base_m_hrrr,cloud_top_pres_hrrr,cloud_base_pres_hrrr,cloud_top_hgt_hrrr,wind_10m_day_max_hrrr,tmp_500mb_hrrr,tmp_700mb_hrrr,tmp_850mb_hrrr,tmp_925mb_hrrr,tmp_1000mb_hrrr,hgt_500mb_hrrr,hgt_700mb_hrrr,hgt_850mb_hrrr,hgt_1000mb_hrrr,tmp_2m_hrrr,rh_2m_hrrr,hpbl_surface_hrrr,hgt_0C_iso_hrrr,vis_surface_hrrr,prate_surface_hrrr,apcp_surface_hrrr,cloud_ceiling_gfs,low_cloud_layer_percent_gfs,middle_cloud_layer_percent_gfs,high_cloud_layer_percent_gfs,boundary_layer_cloud_layer_gfs,vis_surface_gfs,prate_surface_gfs,apcp_surface_gfs,tmp_500mb_gfs,tmp_700mb_gfs,tmp_850mb_gfs,tmp_925mb_gfs,tmp_1000mb_gfs,hgt_500mb_gfs,hgt_700mb_gfs,hgt_850mb_gfs,hgt_925mb_gfs,hgt_1000mb_gfs,tmp_2m_gfs,rh_2m_gfs,rh_925mb_gfs,hpbl_surface_gfs,hgt_0C_iso_gfs,cloud_ceiling_nam,low_cloud_layer_percent_nam,middle_cloud_layer_percent_nam,high_cloud_layer_percent_nam,vis_surface_nam,tmp_500mb_nam,tmp_700mb_nam,tmp_850mb_nam,tmp_925mb_nam,tmp_1000mb_nam,hgt_500mb_nam,hgt_700mb_nam,hgt_850mb_nam,hgt_925mb_nam,hgt_1000mb_nam,tmp_2m_nam,rh_2m_nam,rh_925mb_nam,hpbl_surface_nam,hgt_0C_iso_nam,prate_surface_nam,apcp_surface_nam,cloud_ceiling_m_rap,low_cloud_layer_percent_rap,middle_cloud_layer_percent_rap,high_cloud_layer_percent_rap,boundary_layer_cloud_layer_rap,vis_surface_rap,tmp_500mb_rap,tmp_700mb_rap,tmp_850mb_rap,tmp_925mb_rap,tmp_1000mb_rap,hgt_500mb_rap,hgt_700mb_rap,hgt_850mb_rap,hgt_925mb_rap,hgt_1000mb_rap,tmp_2m_rap,rh_2m_rap,rh_925mb_rap,hpbl_surface_rap,hgt_0C_iso_rap,prate_surface_rap,apcp_surface_rap,hgt_500mb_ecmwf,hgt_700mb_ecmwf,hgt_850mb_ecmwf,hgt_925mb_ecmwf,hgt_1000mb_ecmwf,tmp_500mb_ecmwf,tmp_700mb_ecmwf,tmp_850mb_ecmwf,tmp_925mb_ecmwf,tmp_1000mb_ecmwf,rh_700mb_ecmwf,rh_850mb_ecmwf,rh_925mb_ecmwf,rh_1000mb_ecmwf,vvel_700mb_ecmwf,vvel_850mb_ecmwf,vvel_925mb_ecmwf,tmp_2m_ecmwf,dpt_2m_ecmwf,mslp_ecmwf,sp_surface_ecmwf,cape_ecmwf,tcwv_ecmwf,tcdc_surface_nbm,tcdc_high_cloud_nbm,cdcb_high_cloud_nbm,cloud_ceiling_m_nbm,cloud_base_m_nbm,vis_surface_nbm,ceil_prob_below_152m_nbm,ceil_prob_below_305m_nbm,ceil_prob_below_610m_nbm,ceil_prob_below_914m_nbm,ceil_prob_below_2012m_nbm,vis_prob_below_1609m_nbm,vis_prob_below_3219m_nbm,vis_prob_below_4828m_nbm,vis_prob_below_8047m_nbm,cape_surface_nbm,mixing_height_nbm,tmp_2m_nbm,dpt_2m_nbm,rh_2m_nbm,apcp_surface_nbm,wind_10m_nbm,gust_surface_nbm
2014-09-03T11:49,2014-09-03T12:00,48,train,0,2014,9,11,15,2014-09-02T21:00,,,,,,,,,,,-999.0,23.125,23.125,0.0,22.5,1246.1163330078125,1228.3055419921875,84300.0,87000.0,1647.718994140625,14.260939598083496,264.38970947265625,280.77130126953125,285.9895935058594,289.6957092285156,294.08831787109375,5737.0166015625,3047.53271484375,1433.88330078125,43.46927261352539,286.41241455078125,,327.0625,,100.0,0.0,24.709999084472656,,,,,,,,,,,,,,,,,,,,,,,,,,,,,,,,,,,,,,,,,,,,,,,,,,,,,,,,,,,,,,,,,,,,,,,,,,,,,,,,,,,,,,,,,,,,,,,,,,,,,,,,,,,,,,,,,,
2014-09-03T11:49,2014-09-03T12:00,1,train,0,2014,9,11,1,2014-09-03T11:00,,,,,,,,,,,-999.0,27.875,27.875,0.0,0.0,1375.0421142578125,nan,nan,nan,nan,13.061718940734863,264.15850830078125,279.8406066894531,285.3544921875,288.12347412109375,292.476318359375,5743.2998046875,3062.240234375,1450.643310546875,66.56602478027344,284.970703125,,214.125,,9900.0,0.0,0.07000000029802322,,,,,,,,,,,,,,,,,,,,,,,,,,,,,,,,,,,,,,,,,,,,,,,,,,,,,,,,,,,,,,,,,,,,,,,,,,,,,,,,,,,,,,,,,,,,,,,,,,,,,,,,,,,,,,,,,,
2014-09-03T11:49,2014-09-03T12:00,24,train,0,2014,9,11,15,2014-09-02T21:00,,,,,,,,,,,-999.0,23.125,23.125,0.0,22.5,1246.1163330078125,1228.3055419921875,84300.0,87000.0,1647.718994140625,14.260939598083496,264.38970947265625,280.77130126953125,285.9895935058594,289.6957092285156,294.08831787109375,5737.0166015625,3047.53271484375,1433.88330078125,43.46927261352539,286.41241455078125,,327.0625,,100.0,0.0,24.709999084472656,,,,,,,,,,,,,,,,,,,,,,,,,,,,,,,,,,,,,,,,,,,,,,,,,,,,,,,,,,,,,,,,,,,,,,,,,,,,,,,,,,,,,,,,,,,,,,,,,,,,,,,,,,,,,,,,,,
2014-09-13T18:52,2014-09-13T19:00,24,train,1,2014,9,18,15,2014-09-13T04:00,,,,,,,,,,,-999.0,60.125,0.0,60.125,37.875,4462.3955078125,3963.42431640625,39800.0,62900.0,7927.87841796875,9.916391372680664,262.68035888671875,275.8651123046875,279.91387939453125,284.90496826171875,289.6838073730469,5758.77490234375,3105.5556640625,1521.454833984375,157.21633911132812,282.42108154296875,,473.125,,26400.0,0.0,0.0,,,,,,,,,,,,,,,,,,,,,,,,,,,,,,,,,,,,,,,,,,,,,,,,,,,,,,,,,,,,,,,,,,,,,,,,,,,,,,,,,,,,,,,,,,,,,,,,,,,,,,,,,,,,,,,,,,
2014-09-13T18:52,2014-09-13T19:00,48,train,1,2014,9,18,15,2014-09-13T04:00,,,,,,,,,,,-999.0,60.125,0.0,60.125,37.875,4462.3955078125,3963.42431640625,39800.0,62900.0,7927.87841796875,9.916391372680664,262.68035888671875,275.8651123046875,279.91387939453125,284.90496826171875,289.6838073730469,5758.77490234375,3105.5556640625,1521.454833984375,157.21633911132812,282.42108154296875,,473.125,,26400.0,0.0,0.0,,,,,,,,,,,,,,,,,,,,,,,,,,,,,,,,,,,,,,,,,,,,,,,,,,,,,,,,,,,,,,,,,,,,,,,,,,,,,,,,,,,,,,,,,,,,,,,,,,,,,,,,,,,,,,,,,,
2014-09-13T18:52,2014-09-13T19:00,1,train,1,2014,9,18,1,2014-09-13T18:00,,,,,,,,,,,-999.0,63.75,0.0,63.75,48.25,3977.99951171875,3147.607421875,31800.0,69800.0,11409.0205078125,9.99927806854248,262.72674560546875,275.6763610839844,279.65966796875,283.8675842285156,288.5868225097656,5776.23046875,3119.19482421875,1533.97998046875,173.0518341064453,280.81231689453125,,359.3125,,13500.0,0.0,0.0,,,,,,,,,,,,,,,,,,,,,,,,,,,,,,,,,,,,,,,,,,,,,,,,,,,,,,,,,,,,,,,,,,,,,,,,,,,,,,,,,,,,,,,,,,,,,,,,,,,,,,,,,,,,,,,,,,
2014-09-23T21:49,2014-09-23T22:00,48,train,0,2014,9,21,15,2014-09-23T07:00,,,,,,,,,,,-999.0,19.0,19.0,0.0,0.0,1637.960205078125,nan,nan,nan,nan,10.140308380126953,261.2445373535156,273.9024353027344,278.8885498046875,284.6269226074219,289.2164001464844,5771.9794921875,3123.544677734375,1554.6866455078125,193.34474182128906,282.0904541015625,,568.5625,,10500.0,0.0,0.009999999776482582,,,,,,,,,,,,,,,,,,,,,,,,,,,,,,,,,,,,,,,,,,,,,,,,,,,,,,,,,,,,,,,,,,,,,,,,,,,,,,,,,,,,,,,,,,,,,,,,,,,,,,,,,,,,,,,,,,
2014-09-23T21:49,2014-09-23T22:00,24,train,0,2014,9,21,15,2014-09-23T07:00,,,,,,,,,,,-999.0,19.0,19.0,0.0,0.0,1637.960205078125,nan,nan,nan,nan,10.140308380126953,261.2445373535156,273.9024353027344,278.8885498046875,284.6269226074219,289.2164001464844,5771.9794921875,3123.544677734375,1554.6866455078125,193.34474182128906,282.0904541015625,,568.5625,,10500.0,0.0,0.009999999776482582,,,,,,,,,,,,,,,,,,,,,,,,,,,,,,,,,,,,,,,,,,,,,,,,,,,,,,,,,,,,,,,,,,,,,,,,,,,,,,,,,,,,,,,,,,,,,,,,,,,,,,,,,,,,,,,,,,
2014-09-23T21:49,2014-09-23T22:00,1,train,0,2014,9,21,1,2014-09-23T21:00,,,,,,,,,,,-999.0,30.625,30.625,0.0,0.0,1634.9849853515625,nan,nan,nan,nan,10.311782836914062,259.8002624511719,274.54315185546875,277.57769775390625,282.8421325683594,287.34649658203125,5767.8369140625,3117.82958984375,1552.361083984375,195.85826110839844,280.1570129394531,,430.0,,10000.0,0.0,0.029999999329447746,,,,,,,,,,,,,,,,,,,,,,,,,,,,,,,,,,,,,,,,,,,,,,,,,,,,,,,,,,,,,,,,,,,,,,,,,,,,,,,,,,,,,,,,,,,,,,,,,,,,,,,,,,,,,,,,,,
2014-10-05T04:50,2014-10-05T05:00,24,train,0,2014,10,4,15,2014-10-04T14:00,,,,,,,,,,,-999.0,82.75,82.75,9.125,0.0,1245.4388427734375,1228.0390625,76100.0,86300.0,2533.275634765625,10.051860809326172,262.1496887207031,277.47393798828125,282.80926513671875,286.309326171875,290.5131530761719,5603.775390625,2943.9833984375,1342.7320556640625,-31.997406005859375,282.9594421386719,,0.0,,0.0,0.00019999999494757503,15.279999732971191,,,,,,,,,,,,,,,,,,,,,,,,,,,,,,,,,,,,,,,,,,,,,,,,,,,,,,,,,,,,,,,,,,,,,,,,,,,,,,,,,,,,,,,,,,,,,,,,,,,,,,,,,,,,,,,,,,
2014-10-05T04:50,2014-10-05T05:00,1,train,0,2014,10,4,1,2014-10-05T04:00,,,,,,,,,,,-999.0,81.0,81.0,70.5,0.0,1245.1602783203125,1227.8851318359375,65000.0,86400.0,3990.475830078125,7.324812889099121,261.5533142089844,276.5573425292969,281.0188293457031,284.51434326171875,288.73931884765625,5600.59912109375,2945.705810546875,1352.78759765625,-15.434921264648438,281.31494140625,,0.0,,100.0,9.999999747378752e-05,0.8169999718666077,,,,,,,,,,,,,,,,,,,,,,,,,,,,,,,,,,,,,,,,,,,,,,,,,,,,,,,,,,,,,,,,,,,,,,,,,,,,,,,,,,,,,,,,,,,,,,,,,,,,,,,,,,,,,,,,,,
2014-10-05T04:50,2014-10-05T05:00,48,train,0,2014,10,4,15,2014-10-04T14:00,,,,,,,,,,,-999.0,82.75,82.75,9.125,0.0,1245.4388427734375,1228.0390625,76100.0,86300.0,2533.275634765625,10.051860809326172,262.1496887207031,277.47393798828125,282.80926513671875,286.309326171875,290.5131530761719,5603.775390625,2943.9833984375,1342.7320556640625,-31.997406005859375,282.9594421386719,,0.0,,0.0,0.00019999999494757503,15.279999732971191,,,,,,,,,,,,,,,,,,,,,,,,,,,,,,,,,,,,,,,,,,,,,,,,,,,,,,,,,,,,,,,,,,,,,,,,,,,,,,,,,,,,,,,,,,,,,,,,,,,,,,,,,,,,,,,,,,
2014-10-22T04:49,2014-10-22T05:00,1,train,0,2014,10,4,1,2014-10-22T04:00,,,,,,,,,,,3562.199951171875,75.0,75.0,45.375,0.25,1244.1094970703125,1227.2889404296875,39700.0,88000.0,3906.0126953125,7.727388381958008,251.04542541503906,268.460205078125,274.395751953125,277.5054016113281,281.6921691894531,5601.5625,3038.537353515625,1489.05517578125,157.1930694580078,274.5549011230469,,219.1875,,100.0,0.0006000000284984708,2.1059999465942383,,,,,,,,,,,,,,,,,,,,,,,,,,,,,,,,,,,,,,,,,,,,,,,,,,,,,,,,,,,,,,,,,,,,,,,,,,,,,,,,,,,,,,,,,,,,,,,,,,,,,,,,,,,,,,,,,,
2014-10-22T04:49,2014-10-22T05:00,48,train,0,2014,10,4,15,2014-10-21T14:00,,,,,,,,,,,3901.0,59.375,59.375,25.875,0.0,1244.42041015625,1227.4842529296875,58900.0,87900.0,2492.280517578125,6.353830814361572,251.28750610351562,268.12744140625,276.0255432128906,279.61279296875,283.66668701171875,5593.77099609375,3033.25244140625,1482.67822265625,144.29653930664062,276.6319274902344,,0.0,,0.0,0.00039999998989515007,17.079999923706055,,,,,,,,,,,,,,,,,,,,,,,,,,,,,,,,,,,,,,,,,,,,,,,,,,,,,,,,,,,,,,,,,,,,,,,,,,,,,,,,,,,,,,,,,,,,,,,,,,,,,,,,,,,,,,,,,,
2014-10-22T04:49,2014-10-22T05:00,24,train,0,2014,10,4,15,2014-10-21T14:00,,,,,,,,,,,3901.0,59.375,59.375,25.875,0.0,1244.42041015625,1227.4842529296875,58900.0,87900.0,2492.280517578125,6.353830814361572,251.28750610351562,268.12744140625,276.0255432128906,279.61279296875,283.66668701171875,5593.77099609375,3033.25244140625,1482.67822265625,144.29653930664062,276.6319274902344,,0.0,,0.0,0.00039999998989515007,17.079999923706055,,,,,,,,,,,,,,,,,,,,,,,,,,,,,,,,,,,,,,,,,,,,,,,,,,,,,,,,,,,,,,,,,,,,,,,,,,,,,,,,,,,,,,,,,,,,,,,,,,,,,,,,,,,,,,,,,,
2014-11-07T16:53,2014-11-07T17:00,1,train,0,2014,11,16,1,2014-11-07T16:00,,,,,,,,,,,1698.5999755859375,43.5,32.375,43.5,1.375,2293.7158203125,1226.972900390625,57700.0,86100.0,4935.66845703125,9.172586441040039,245.97677612304688,261.67010498046875,269.51312255859375,273.6458740234375,277.8635559082031,5333.34814453125,2831.077880859375,1318.3798828125,12.519088745117188,270.7548828125,,307.5625,,1100.0,0.00039999998989515007,0.8799999952316284,,,,,,,,,,,,,,,,,,,,,,,,,,,,,,,,,,,,,,,,,,,,,,,,,,,,,,,,,,,,,,,,,,,,,,,,,,,,,,,,,,,,,,,,,,,,,,,,,,,,,,,,,,,,,,,,,,
2014-11-07T16:53,2014-11-07T17:00,48,train,0,2014,11,16,15,2014-11-07T02:00,,,,,,,,,,,1645.0,38.75,27.5,38.75,0.0,2686.552734375,1226.9478759765625,53600.0,85700.0,4911.5576171875,7.956085205078125,246.13645935058594,262.7126770019531,269.7741394042969,274.29498291015625,278.449951171875,5312.82861328125,2805.04248046875,1289.3433837890625,-19.10382080078125,271.6117248535156,,397.4375,,1600.0,0.0003000000142492354,9.1899995803833,,,,,,,,,,,,,,,,,,,,,,,,,,,,,,,,,,,,,,,,,,,,,,,,,,,,,,,,,,,,,,,,,,,,,,,,,,,,,,,,,,,,,,,,,,,,,,,,,,,,,,,,,,,,,,,,,,
2014-11-07T16:53,2014-11-07T17:00,24,train,0,2014,11,16,15,2014-11-07T02:00,,,,,,,,,,,1645.0,38.75,27.5,38.75,0.0,2686.552734375,1226.9478759765625,53600.0,85700.0,4911.5576171875,7.956085205078125,246.13645935058594,262.7126770019531,269.7741394042969,274.29498291015625,278.449951171875,5312.82861328125,2805.04248046875,1289.3433837890625,-19.10382080078125,271.6117248535156,,397.4375,,1600.0,0.0003000000142492354,9.1899995803833,,,,,,,,,,,,,,,,,,,,,,,,,,,,,,,,,,,,,,,,,,,,,,,,,,,,,,,,,,,,,,,,,,,,,,,,,,,,,,,,,,,,,,,,,,,,,,,,,,,,,,,,,,,,,,,,,,
2014-11-30T01:54,2014-11-30T02:00,1,train,0,2014,11,1,1,2014-11-30T01:00,,,,,,,,,,,-999.0,0.0,0.0,0.0,0.0,nan,nan,nan,nan,nan,7.960906505584717,250.52792358398438,266.4523010253906,267.9853515625,268.07342529296875,271.55548095703125,5541.2138671875,2988.02392578125,1463.685546875,168.7845458984375,265.8273010253906,,0.0,,16400.0,0.0,0.0,,,,,,,,,,,,,,,,,,,,,,,,,,,,,,,,,,,,,,,,,,,,,,,,,,,,,,,,,,,,,,,,,,,,,,,,,,,,,,,,,,,,,,,,,,,,,,,,,,,,,,,,,,,,,,,,,,
2014-11-30T01:54,2014-11-30T02:00,48,train,0,2014,11,1,15,2014-11-29T11:00,,,,,,,,,,,-999.0,92.5,0.0,0.0,92.5,9378.9931640625,nan,nan,nan,10701.568359375,8.27929401397705,250.9251708984375,265.9841613769531,267.92608642578125,268.8216247558594,272.25341796875,5538.3349609375,2981.779052734375,1461.693603515625,164.30624389648438,266.27081298828125,,0.0,,14100.0,0.0,0.0,,,,,,,,,,,,,,,,,,,,,,,,,,,,,,,,,,,,,,,,,,,,,,,,,,,,,,,,,,,,,,,,,,,,,,,,,,,,,,,,,,,,,,,,,,,,,,,,,,,,,,,,,,,,,,,,,,
2014-11-30T01:54,2014-11-30T02:00,24,train,0,2014,11,1,15,2014-11-29T11:00,,,,,,,,,,,-999.0,92.5,0.0,0.0,92.5,9378.9931640625,nan,nan,nan,10701.568359375,8.27929401397705,250.9251708984375,265.9841613769531,267.92608642578125,268.8216247558594,272.25341796875,5538.3349609375,2981.779052734375,1461.693603515625,164.30624389648438,266.27081298828125,,0.0,,14100.0,0.0,0.0,,,,,,,,,,,,,,,,,,,,,,,,,,,,,,,,,,,,,,,,,,,,,,,,,,,,,,,,,,,,,,,,,,,,,,,,,,,,,,,,,,,,,,,,,,,,,,,,,,,,,,,,,,,,,,,,,,
2014-12-08T14:57,2014-12-08T15:00,1,train,0,2014,12,14,1,2014-12-08T14:00,,,,,,,,,,,-999.0,32.375,0.0,31.125,32.375,7135.42626953125,nan,nan,nan,8185.85888671875,4.957244873046875,249.54049682617188,266.49761962890625,266.61248779296875,264.3064880371094,267.35699462890625,5641.4423828125,3096.996337890625,1570.875244140625,294.82025146484375,264.73095703125,,116.6875,,33800.0,0.0,0.0,,,,,,,,,,,,,,,,,,,,,,,,,,,,,,,,,,,,,,,,,,,,,,,,,,,,,,,,,,,,,,,,,,,,,,,,,,,,,,,,,,,,,,,,,,,,,,,,,,,,,,,,,,,,,,,,,,
2014-12-08T14:57,2014-12-08T15:00,24,train,0,2014,12,14,15,2014-12-08T00:00,,,,,,,,,,,-999.0,71.25,0.0,52.125,71.25,5761.23583984375,4857.35107421875,37200.0,55600.0,8973.943359375,4.803605556488037,249.6226806640625,266.14990234375,267.76617431640625,264.56982421875,267.7064514160156,5643.8203125,3102.45703125,1574.1617431640625,296.696044921875,264.92095947265625,,96.8125,,33400.0,0.0,0.0,,,,,,,,,,,,,,,,,,,,,,,,,,,,,,,,,,,,,,,,,,,,,,,,,,,,,,,,,,,,,,,,,,,,,,,,,,,,,,,,,,,,,,,,,,,,,,,,,,,,,,,,,,,,,,,,,,
2014-12-08T14:57,2014-12-08T15:00,48,train,0,2014,12,14,15,2014-12-08T00:00,,,,,,,,,,,-999.0,71.25,0.0,52.125,71.25,5761.23583984375,4857.35107421875,37200.0,55600.0,8973.943359375,4.803605556488037,249.6226806640625,266.14990234375,267.76617431640625,264.56982421875,267.7064514160156,5643.8203125,3102.45703125,1574.1617431640625,296.696044921875,264.92095947265625,,96.8125,,33400.0,0.0,0.0,,,,,,,,,,,,,,,,,,,,,,,,,,,,,,,,,,,,,,,,,,,,,,,,,,,,,,,,,,,,,,,,,,,,,,,,,,,,,,,,,,,,,,,,,,,,,,,,,,,,,,,,,,,,,,,,,,
2014-12-16T00:50,2014-12-16T01:00,1,train,1,2014,12,0,1,2014-12-16T00:00,,,,,,,,,,,-999.0,15.375,15.375,0.0,0.0,nan,nan,nan,nan,nan,4.95639705657959,256.961181640625,274.7239685058594,277.64166259765625,274.54376220703125,278.2434997558594,5658.66015625,3039.33251953125,1457.79150390625,126.32493591308594,272.1737060546875,,0.0,,20000.0,0.0,0.0,,,,,,,,,,,,,,,,,,,,,,,,,,,,,,,,,,,,,,,,,,,,,,,,,,,,,,,,,,,,,,,,,,,,,,,,,,,,,,,,,,,,,,,,,,,,,,,,,,,,,,,,,,,,,,,,,,
2014-12-16T00:50,2014-12-16T01:00,48,train,1,2014,12,0,15,2014-12-15T10:00,,,,,,,,,,,-999.0,0.25,0.25,0.0,0.0,nan,nan,nan,nan,nan,3.470630645751953,256.80029296875,273.9901123046875,276.2887268066406,275.25201416015625,279.0205993652344,5651.931640625,3036.443359375,1461.8369140625,129.9818115234375,272.5235900878906,,0.0,,20200.0,0.0,0.0,,,,,,,,,,,,,,,,,,,,,,,,,,,,,,,,,,,,,,,,,,,,,,,,,,,,,,,,,,,,,,,,,,,,,,,,,,,,,,,,,,,,,,,,,,,,,,,,,,,,,,,,,,,,,,,,,,
2014-12-16T00:50,2014-12-16T01:00,24,train,1,2014,12,0,15,2014-12-15T10:00,,,,,,,,,,,-999.0,0.25,0.25,0.0,0.0,nan,nan,nan,nan,nan,3.470630645751953,256.80029296875,273.9901123046875,276.2887268066406,275.25201416015625,279.0205993652344,5651.931640625,3036.443359375,1461.8369140625,129.9818115234375,272.5235900878906,,0.0,,20200.0,0.0,0.0,,,,,,,,,,,,,,,,,,,,,,,,,,,,,,,,,,,,,,,,,,,,,,,,,,,,,,,,,,,,,,,,,,,,,,,,,,,,,,,,,,,,,,,,,,,,,,,,,,,,,,,,,,,,,,,,,,
2014-12-24T02:51,2014-12-24T03:00,1,train,0,2014,12,2,1,2014-12-24T02:00,,,,,,,,,,,-999.0,84.75,47.625,59.125,84.75,1244.0284423828125,1282.629638671875,27600.0,87500.0,12579.009765625,5.5543012619018555,253.9280548095703,271.54632568359375,275.791259765625,275.7622375488281,279.2799377441406,5663.443359375,3066.8408203125,1505.3104248046875,174.2085723876953,273.75750732421875,,0.0,,600.0,0.0,0.0,,,,,,,,,,,,,,,,,,,,,,,,,,,,,,,,,,,,,,,,,,,,,,,,,,,,,,,,,,,,,,,,,,,,,,,,,,,,,,,,,,,,,,,,,,,,,,,,,,,,,,,,,,,,,,,,,,
2014-12-24T02:51,2014-12-24T03:00,24,train,0,2014,12,2,15,2014-12-23T12:00,,,,,,,,,,,-999.0,100.0,84.375,28.125,100.0,1244.0438232421875,1227.25146484375,17800.0,88200.0,13457.2001953125,5.295445919036865,254.4976348876953,270.1957702636719,275.3121337890625,275.9380187988281,279.44091796875,5658.56396484375,3067.646484375,1508.86181640625,179.25730895996094,273.71014404296875,,0.0,,100.0,0.0,6.449999809265137,,,,,,,,,,,,,,,,,,,,,,,,,,,,,,,,,,,,,,,,,,,,,,,,,,,,,,,,,,,,,,,,,,,,,,,,,,,,,,,,,,,,,,,,,,,,,,,,,,,,,,,,,,,,,,,,,,
2014-12-24T02:51,2014-12-24T03:00,48,train,0,2014,12,2,15,2014-12-23T12:00,,,,,,,,,,,-999.0,100.0,84.375,28.125,100.0,1244.0438232421875,1227.25146484375,17800.0,88200.0,13457.2001953125,5.295445919036865,254.4976348876953,270.1957702636719,275.3121337890625,275.9380187988281,279.44091796875,5658.56396484375,3067.646484375,1508.86181640625,179.25730895996094,273.71014404296875,,0.0,,100.0,0.0,6.449999809265137,,,,,,,,,,,,,,,,,,,,,,,,,,,,,,,,,,,,,,,,,,,,,,,,,,,,,,,,,,,,,,,,,,,,,,,,,,,,,,,,,,,,,,,,,,,,,,,,,,,,,,,,,,,,,,,,,,
2014-12-31T21:54,2014-12-31T22:00,1,train,0,2014,12,21,1,2014-12-31T21:00,,,,,,,,,,,-999.0,0.0,0.0,0.0,0.0,nan,nan,nan,nan,nan,13.080916404724121,240.35906982421875,249.87730407714844,255.44566345214844,259.2183837890625,262.9969482421875,5248.55126953125,2829.8603515625,1395.895751953125,155.80245971679688,255.4694061279297,,0.0,,19000.0,0.0,0.0,,,,,,,,,,,,,,,,,,,,,,,,,,,,,,,,,,,,,,,,,,,,,,,,,,,,,,,,,,,,,,,,,,,,,,,,,,,,,,,,,,,,,,,,,,,,,,,,,,,,,,,,,,,,,,,,,,
2014-12-31T21:54,2014-12-31T22:00,48,train,0,2014,12,21,15,2014-12-31T07:00,,,,,,,,,,,-999.0,0.625,0.625,0.0,0.0,nan,nan,nan,nan,nan,11.664997100830078,240.0399932861328,249.6371307373047,255.2494354248047,259.15771484375,262.9620056152344,5246.978515625,2829.876953125,1397.615234375,158.0828094482422,255.5333709716797,,0.0,,12200.0,0.0,0.03999999910593033,,,,,,,,,,,,,,,,,,,,,,,,,,,,,,,,,,,,,,,,,,,,,,,,,,,,,,,,,,,,,,,,,,,,,,,,,,,,,,,,,,,,,,,,,,,,,,,,,,,,,,,,,,,,,,,,,,
2014-12-31T21:54,2014-12-31T22:00,24,train,0,2014,12,21,15,2014-12-31T07:00,,,,,,,,,,,-999.0,0.625,0.625,0.0,0.0,nan,nan,nan,nan,nan,11.664997100830078,240.0399932861328,249.6371307373047,255.2494354248047,259.15771484375,262.9620056152344,5246.978515625,2829.876953125,1397.615234375,158.0828094482422,255.5333709716797,,0.0,,12200.0,0.0,0.03999999910593033,,,,,,,,,,,,,,,,,,,,,,,,,,,,,,,,,,,,,,,,,,,,,,,,,,,,,,,,,,,,,,,,,,,,,,,,,,,,,,,,,,,,,,,,,,,,,,,,,,,,,,,,,,,,,,,,,,
2015-01-28T18:53,2015-01-28T19:00,48,train,0,2015,1,18,15,2015-01-28T04:00,,,,,,,,,,,-999.0,4.75,2.0,0.875,4.75,nan,nan,nan,nan,nan,9.540641784667969,246.2100830078125,259.36090087890625,261.2873229980469,263.85784912109375,267.91943359375,5353.55517578125,2857.92236328125,1375.2943115234375,104.74652099609375,262.32257080078125,,181.125,,12100.0,0.0,1.5299999713897705,,,,,,,,,,,,,,,,,,,,,,,,,,,,,,,,,,,,,,,,,,,,,,,,,,,,,,,,,,,,,,,,,,,,,,,,,,,,,,,,,,,,,,,,,,,,,,,,,,,,,,,,,,,,,,,,,,
2015-01-28T18:53,2015-01-28T19:00,24,train,0,2015,1,18,15,2015-01-28T04:00,,,,,,,,,,,-999.0,4.75,2.0,0.875,4.75,nan,nan,nan,nan,nan,9.540641784667969,246.2100830078125,259.36090087890625,261.2873229980469,263.85784912109375,267.91943359375,5353.55517578125,2857.92236328125,1375.2943115234375,104.74652099609375,262.32257080078125,,181.125,,12100.0,0.0,1.5299999713897705,,,,,,,,,,,,,,,,,,,,,,,,,,,,,,,,,,,,,,,,,,,,,,,,,,,,,,,,,,,,,,,,,,,,,,,,,,,,,,,,,,,,,,,,,,,,,,,,,,,,,,,,,,,,,,,,,,
2015-01-28T18:53,2015-01-28T19:00,1,train,0,2015,1,18,2,2015-01-28T17:00,,,,,,,,,,,-999.0,1.625,0.5,1.625,0.0,nan,nan,nan,nan,nan,10.201844215393066,245.21775817871094,260.62060546875,262.01727294921875,263.143310546875,267.06219482421875,5360.6494140625,2867.87158203125,1376.240478515625,104.50269317626953,261.97821044921875,,133.75,,14400.0,0.0,0.0010000000474974513,,,,,,,,,,,,,,,,,,,,,,,,,,,,,,,,,,,,,,,,,,,,,,,,,,,,,,,,,,,,,,,,,,,,,,,,,,,,,,,,,,,,,,,,,,,,,,,,,,,,,,,,,,,,,,,,,,
2015-02-27T17:52,2015-02-27T18:00,1,train,0,2015,2,17,1,2015-02-27T17:00,,,,,,,,,,,-999.0,0.0,0.0,0.0,0.0,nan,nan,nan,nan,nan,10.01917552947998,239.30955505371094,249.4088592529297,255.40243530273438,259.5500793457031,263.76678466796875,5285.85205078125,2874.779541015625,1441.646240234375,202.18362426757812,258.8879089355469,,217.6875,,23500.0,0.0,0.0,,,,,,,,,,,,,,,,,,,,,,,,,,,,,,,,,,,,,,,,,,,,,,,,,,,,,,,,,,,,,,,,,,,,,,,,,,,,,,,,,,,,,,,,,,,,,,,,,,,,,,,,,,,,,,,,,,
2015-02-27T17:52,2015-02-27T18:00,24,train,0,2015,2,17,15,2015-02-27T03:00,,,,,,,,,,,-999.0,0.0,0.0,0.0,0.0,nan,nan,nan,nan,nan,7.931612014770508,238.76095581054688,249.62649536132812,255.54251098632812,259.6258850097656,263.81146240234375,5273.01611328125,2868.240234375,1432.638916015625,192.60537719726562,259.2149353027344,,255.875,,18700.0,0.0,0.009999999776482582,,,,,,,,,,,,,,,,,,,,,,,,,,,,,,,,,,,,,,,,,,,,,,,,,,,,,,,,,,,,,,,,,,,,,,,,,,,,,,,,,,,,,,,,,,,,,,,,,,,,,,,,,,,,,,,,,,
2015-02-27T17:52,2015-02-27T18:00,48,train,0,2015,2,17,15,2015-02-27T03:00,,,,,,,,,,,-999.0,0.0,0.0,0.0,0.0,nan,nan,nan,nan,nan,7.931612014770508,238.76095581054688,249.62649536132812,255.54251098632812,259.6258850097656,263.81146240234375,5273.01611328125,2868.240234375,1432.638916015625,192.60537719726562,259.2149353027344,,255.875,,18700.0,0.0,0.009999999776482582,,,,,,,,,,,,,,,,,,,,,,,,,,,,,,,,,,,,,,,,,,,,,,,,,,,,,,,,,,,,,,,,,,,,,,,,,,,,,,,,,,,,,,,,,,,,,,,,,,,,,,,,,,,,,,,,,,
2015-05-14T12:56,2015-05-14T13:00,24,train,0,2015,5,12,15,2015-05-13T22:00,,,,,,,,,,,-999.0,0.0,0.0,0.0,0.0,nan,nan,nan,nan,nan,8.268599510192871,252.269287109375,267.8004455566406,274.96160888671875,279.91192626953125,284.50994873046875,5657.60986328125,3086.27490234375,1544.69287109375,209.99258422851562,279.5587463378906,,391.375,,36600.0,0.0,0.0,,,,,,,,,,,,,,,,,,,,,,,,,,,,,,,,,,,,,,,,,,,,,,,,,,,,,,,,,,,,,,,,,,,,,,,,,,,,,,,,,,,,,,,,,,,,,,,,,,,,,,,,,,,,,,,,,,
2015-05-14T12:56,2015-05-14T13:00,1,train,0,2015,5,12,1,2015-05-14T12:00,,,,,,,,,,,-999.0,0.0,0.0,0.0,0.0,nan,nan,nan,nan,nan,6.5244059562683105,251.9042205810547,268.2724304199219,274.8143005371094,278.7204895019531,283.2476806640625,5654.9619140625,3087.636962890625,1543.8104248046875,211.8868408203125,278.8133239746094,,400.1875,,34600.0,0.0,0.0,,,,,,,,,,,,,,,,,,,,,,,,,,,,,,,,,,,,,,,,,,,,,,,,,,,,,,,,,,,,,,,,,,,,,,,,,,,,,,,,,,,,,,,,,,,,,,,,,,,,,,,,,,,,,,,,,,
2015-05-14T12:56,2015-05-14T13:00,48,train,0,2015,5,12,15,2015-05-13T22:00,,,,,,,,,,,-999.0,0.0,0.0,0.0,0.0,nan,nan,nan,nan,nan,8.268599510192871,252.269287109375,267.8004455566406,274.96160888671875,279.91192626953125,284.50994873046875,5657.60986328125,3086.27490234375,1544.69287109375,209.99258422851562,279.5587463378906,,391.375,,36600.0,0.0,0.0,,,,,,,,,,,,,,,,,,,,,,,,,,,,,,,,,,,,,,,,,,,,,,,,,,,,,,,,,,,,,,,,,,,,,,,,,,,,,,,,,,,,,,,,,,,,,,,,,,,,,,,,,,,,,,,,,,
2015-06-15T08:49,2015-06-15T09:00,48,train,0,2015,6,8,15,2015-06-14T18:00,,,,,,,,,,,-999.0,89.375,2.5,9.25,89.375,11140.546875,5665.28271484375,17800.0,50800.0,13377.7666015625,5.331532001495361,263.66424560546875,277.43572998046875,284.86553955078125,288.0419006347656,292.13421630859375,5784.94677734375,3116.0576171875,1515.258056640625,133.1866912841797,284.9223937988281,,0.0,,11500.0,0.0,0.0,,,,,,,,,,,,,,,,,,,,,,,,,,,,,,,,,,,,,,,,,,,,,,,,,,,,,,,,,,,,,,,,,,,,,,,,,,,,,,,,,,,,,,,,,,,,,,,,,,,,,,,,,,,,,,,,,,
2015-06-15T08:49,2015-06-15T09:00,24,train,0,2015,6,8,15,2015-06-14T18:00,,,,,,,,,,,-999.0,89.375,2.5,9.25,89.375,11140.546875,5665.28271484375,17800.0,50800.0,13377.7666015625,5.331532001495361,263.66424560546875,277.43572998046875,284.86553955078125,288.0419006347656,292.13421630859375,5784.94677734375,3116.0576171875,1515.258056640625,133.1866912841797,284.9223937988281,,0.0,,11500.0,0.0,0.0,,,,,,,,,,,,,,,,,,,,,,,,,,,,,,,,,,,,,,,,,,,,,,,,,,,,,,,,,,,,,,,,,,,,,,,,,,,,,,,,,,,,,,,,,,,,,,,,,,,,,,,,,,,,,,,,,,
2015-06-15T08:49,2015-06-15T09:00,1,train,0,2015,6,8,1,2015-06-15T08:00,,,,,,,,,,,-999.0,100.0,0.25,50.75,100.0,8640.85546875,3561.076416015625,17800.0,66300.0,13296.181640625,6.274069786071777,263.107666015625,278.23455810546875,284.8919677734375,287.85089111328125,291.8006286621094,5785.580078125,3118.88330078125,1515.732421875,135.0596923828125,284.5016174316406,,0.0,,19500.0,0.0,0.0,,,,,,,,,,,,,,,,,,,,,,,,,,,,,,,,,,,,,,,,,,,,,,,,,,,,,,,,,,,,,,,,,,,,,,,,,,,,,,,,,,,,,,,,,,,,,,,,,,,,,,,,,,,,,,,,,,
2015-08-05T10:54,2015-08-05T11:00,1,train,0,2015,8,10,1,2015-08-05T10:00,,,,,,,,,,,-999.0,2.5,2.5,0.875,0.0,nan,nan,nan,nan,nan,7.935611724853516,256.42919921875,273.94970703125,283.32354736328125,288.0212097167969,292.2380065917969,5664.2099609375,3047.9716796875,1459.845458984375,85.05543518066406,284.9452209472656,,0.0,,12900.0,0.0,0.0,,,,,,,,,,,,,,,,,,,,,,,,,,,,,,,,,,,,,,,,,,,,,,,,,,,,,,,,,,,,,,,,,,,,,,,,,,,,,,,,,,,,,,,,,,,,,,,,,,,,,,,,,,,,,,,,,,
2015-08-05T10:54,2015-08-05T11:00,24,train,0,2015,8,10,15,2015-08-04T20:00,,,,,,,,,,,-999.0,1.125,1.125,0.0,0.0,nan,nan,nan,nan,nan,8.658136367797852,256.9122619628906,275.03033447265625,283.0972595214844,288.13922119140625,292.4302673339844,5667.7744140625,3044.201416015625,1454.282958984375,77.39816284179688,284.8415832519531,,267.9375,,10500.0,0.0,0.20000000298023224,,,,,,,,,,,,,,,,,,,,,,,,,,,,,,,,,,,,,,,,,,,,,,,,,,,,,,,,,,,,,,,,,,,,,,,,,,,,,,,,,,,,,,,,,,,,,,,,,,,,,,,,,,,,,,,,,,
2015-08-05T10:54,2015-08-05T11:00,48,train,0,2015,8,10,15,2015-08-04T20:00,,,,,,,,,,,-999.0,1.125,1.125,0.0,0.0,nan,nan,nan,nan,nan,8.658136367797852,256.9122619628906,275.03033447265625,283.0972595214844,288.13922119140625,292.4302673339844,5667.7744140625,3044.201416015625,1454.282958984375,77.39816284179688,284.8415832519531,,267.9375,,10500.0,0.0,0.20000000298023224,,,,,,,,,,,,,,,,,,,,,,,,,,,,,,,,,,,,,,,,,,,,,,,,,,,,,,,,,,,,,,,,,,,,,,,,,,,,,,,,,,,,,,,,,,,,,,,,,,,,,,,,,,,,,,,,,,
2015-10-07T16:49,2015-10-07T17:00,1,train,0,2015,10,16,1,2015-10-07T16:00,,,,,,,,,,,-999.0,12.25,12.25,0.0,0.0,nan,nan,nan,nan,nan,12.287599563598633,260.353759765625,273.98004150390625,279.7580261230469,284.38592529296875,288.9317932128906,5671.078125,3032.97705078125,1457.6082763671875,96.67750549316406,282.55767822265625,,222.9375,,11700.0,0.0,0.0020000000949949026,,,,,,,,,,,,,,,,,,,,,,,,,,,,,,,,,,,,,,,,,,,,,,,,,,,,,,,,,,,,,,,,,,,,,,,,,,,,,,,,,,,,,,,,,,,,,,,,,,,,,,,,,,,,,,,,,,
2015-10-07T16:49,2015-10-07T17:00,48,train,0,2015,10,16,14,2015-10-07T03:00,,,,,,,,,,,-999.0,4.75,4.75,0.0,0.0,nan,nan,nan,nan,nan,10.729349136352539,260.2932434082031,273.21771240234375,279.6365966796875,284.7335205078125,289.2767028808594,5662.6611328125,3028.323486328125,1455.211669921875,94.945068359375,283.08453369140625,,357.0625,,12300.0,0.0,0.0,,,,,,,,,,,,,,,,,,,,,,,,,,,,,,,,,,,,,,,,,,,,,,,,,,,,,,,,,,,,,,,,,,,,,,,,,,,,,,,,,,,,,,,,,,,,,,,,,,,,,,,,,,,,,,,,,,
2015-10-07T16:49,2015-10-07T17:00,24,train,0,2015,10,16,14,2015-10-07T03:00,,,,,,,,,,,-999.0,4.75,4.75,0.0,0.0,nan,nan,nan,nan,nan,10.729349136352539,260.2932434082031,273.21771240234375,279.6365966796875,284.7335205078125,289.2767028808594,5662.6611328125,3028.323486328125,1455.211669921875,94.945068359375,283.08453369140625,,357.0625,,12300.0,0.0,0.0,,,,,,,,,,,,,,,,,,,,,,,,,,,,,,,,,,,,,,,,,,,,,,,,,,,,,,,,,,,,,,,,,,,,,,,,,,,,,,,,,,,,,,,,,,,,,,,,,,,,,,,,,,,,,,,,,,
2015-10-27T11:47,2015-10-27T12:00,1,train,0,2015,10,11,1,2015-10-27T11:00,,,,,,,,,,,-999.0,4.5,4.5,0.0,0.0,nan,nan,nan,nan,nan,5.307529926300049,254.4203643798828,262.6311950683594,271.2261962890625,273.7307434082031,277.1421203613281,5647.958984375,3105.1201171875,1586.899658203125,279.87969970703125,270.1457824707031,,0.0,,28200.0,0.0,0.0,,,,,,,,,,,,,,,,,,,,,,,,,,,,,,,,,,,,,,,,,,,,,,,,,,,,,,,,,,,,,,,,,,,,,,,,,,,,,,,,,,,,,,,,,,,,,,,,,,,,,,,,,,,,,,,,,,
2015-10-27T11:47,2015-10-27T12:00,24,train,0,2015,10,11,15,2015-10-26T21:00,,,,,,,,,,,-999.0,0.0,0.0,0.0,0.0,nan,nan,nan,nan,nan,4.898087024688721,253.73529052734375,262.7725830078125,270.88909912109375,274.355224609375,278.05352783203125,5634.45703125,3097.552734375,1580.68994140625,271.396240234375,271.79559326171875,,0.0,,35500.0,0.0,0.0,,,,,,,,,,,,,,,,,,,,,,,,,,,,,,,,,,,,,,,,,,,,,,,,,,,,,,,,,,,,,,,,,,,,,,,,,,,,,,,,,,,,,,,,,,,,,,,,,,,,,,,,,,,,,,,,,,
2015-10-27T11:47,2015-10-27T12:00,48,train,0,2015,10,11,15,2015-10-26T21:00,,,,,,,,,,,-999.0,0.0,0.0,0.0,0.0,nan,nan,nan,nan,nan,4.898087024688721,253.73529052734375,262.7725830078125,270.88909912109375,274.355224609375,278.05352783203125,5634.45703125,3097.552734375,1580.68994140625,271.396240234375,271.79559326171875,,0.0,,35500.0,0.0,0.0,,,,,,,,,,,,,,,,,,,,,,,,,,,,,,,,,,,,,,,,,,,,,,,,,,,,,,,,,,,,,,,,,,,,,,,,,,,,,,,,,,,,,,,,,,,,,,,,,,,,,,,,,,,,,,,,,,
2015-11-12T12:49,2015-11-12T13:00,1,train,0,2015,11,12,1,2015-11-12T12:00,,,,,,,,,,,-999.0,75.75,37.0,0.0,75.75,9123.9921875,9477.1259765625,21300.0,29300.0,12359.515625,6.110293865203857,259.24658203125,272.119384765625,277.72998046875,279.1483459472656,283.03558349609375,5623.28271484375,3002.02197265625,1434.382080078125,91.44132995605469,277.0880432128906,,0.0,,9400.0,0.0,0.0,,,,,,,,,,,,,,,,,,,,,,,,,,,,,,,,,,,,,,,,,,,,,,,,,,,,,,,,,,,,,,,,,,,,,,,,,,,,,,,,,,,,,,,,,,,,,,,,,,,,,,,,,,,,,,,,,,
2015-11-12T12:49,2015-11-12T13:00,48,train,0,2015,11,12,15,2015-11-11T22:00,,,,,,,,,,,-999.0,99.5,9.125,0.625,99.5,8477.115234375,7941.1826171875,24000.0,36400.0,11518.3828125,6.359344482421875,258.8100280761719,272.51873779296875,277.514404296875,279.2248840332031,283.048828125,5612.736328125,2991.583740234375,1423.0433349609375,79.679931640625,277.3423156738281,,0.0,,9400.0,0.0,0.05000000074505806,,,,,,,,,,,,,,,,,,,,,,,,,,,,,,,,,,,,,,,,,,,,,,,,,,,,,,,,,,,,,,,,,,,,,,,,,,,,,,,,,,,,,,,,,,,,,,,,,,,,,,,,,,,,,,,,,,
2015-11-12T12:49,2015-11-12T13:00,24,train,0,2015,11,12,15,2015-11-11T22:00,,,,,,,,,,,-999.0,99.5,9.125,0.625,99.5,8477.115234375,7941.1826171875,24000.0,36400.0,11518.3828125,6.359344482421875,258.8100280761719,272.51873779296875,277.514404296875,279.2248840332031,283.048828125,5612.736328125,2991.583740234375,1423.0433349609375,79.679931640625,277.3423156738281,,0.0,,9400.0,0.0,0.05000000074505806,,,,,,,,,,,,,,,,,,,,,,,,,,,,,,,,,,,,,,,,,,,,,,,,,,,,,,,,,,,,,,,,,,,,,,,,,,,,,,,,,,,,,,,,,,,,,,,,,,,,,,,,,,,,,,,,,,
2015-11-26T00:53,2015-11-26T01:00,24,train,0,2015,11,0,15,2015-11-25T10:00,,,,,,,,,,,-999.0,0.0,0.0,0.0,0.0,nan,nan,nan,nan,nan,6.383435249328613,252.34059143066406,267.5936279296875,271.28265380859375,272.18890380859375,275.49993896484375,5731.96484375,3166.311279296875,1629.757568359375,322.2139892578125,269.74383544921875,,0.0,,15800.0,0.0,0.0020000000949949026,,,,,,,,,,,,,,,,,,,,,,,,,,,,,,,,,,,,,,,,,,,,,,,,,,,,,,,,,,,,,,,,,,,,,,,,,,,,,,,,,,,,,,,,,,,,,,,,,,,,,,,,,,,,,,,,,,
2015-11-26T00:53,2015-11-26T01:00,1,train,0,2015,11,0,1,2015-11-26T00:00,,,,,,,,,,,-999.0,0.0,0.0,0.0,0.0,nan,nan,nan,nan,nan,6.979804515838623,252.2544708251953,267.6951904296875,270.8863830566406,271.71514892578125,275.05694580078125,5729.37939453125,3166.49462890625,1629.7265625,324.16717529296875,269.138427734375,,0.0,,13800.0,0.0,0.0,,,,,,,,,,,,,,,,,,,,,,,,,,,,,,,,,,,,,,,,,,,,,,,,,,,,,,,,,,,,,,,,,,,,,,,,,,,,,,,,,,,,,,,,,,,,,,,,,,,,,,,,,,,,,,,,,,
2015-11-26T00:53,2015-11-26T01:00,48,train,0,2015,11,0,15,2015-11-25T10:00,,,,,,,,,,,-999.0,0.0,0.0,0.0,0.0,nan,nan,nan,nan,nan,6.383435249328613,252.34059143066406,267.5936279296875,271.28265380859375,272.18890380859375,275.49993896484375,5731.96484375,3166.311279296875,1629.757568359375,322.2139892578125,269.74383544921875,,0.0,,15800.0,0.0,0.0020000000949949026,,,,,,,,,,,,,,,,,,,,,,,,,,,,,,,,,,,,,,,,,,,,,,,,,,,,,,,,,,,,,,,,,,,,,,,,,,,,,,,,,,,,,,,,,,,,,,,,,,,,,,,,,,,,,,,,,,
2015-12-06T12:56,2015-12-06T13:00,1,train,0,2015,12,12,1,2015-12-06T12:00,,,,,,,,,,,-999.0,14.75,14.75,0.0,0.0,nan,nan,nan,nan,nan,6.279531955718994,252.6304168701172,272.7779541015625,280.8050537109375,281.57244873046875,284.4835205078125,5733.64306640625,3145.33740234375,1569.2303466796875,221.9615936279297,278.26873779296875,,0.0,,37800.0,0.0,0.0,,,,,,,,,,,,,,,,,,,,,,,,,,,,,,,,,,,,,,,,,,,,,,,,,,,,,,,,,,,,,,,,,,,,,,,,,,,,,,,,,,,,,,,,,,,,,,,,,,,,,,,,,,,,,,,,,,
2015-12-06T12:56,2015-12-06T13:00,24,train,0,2015,12,12,15,2015-12-05T22:00,,,,,,,,,,,-999.0,0.0,0.0,0.0,0.0,nan,nan,nan,nan,nan,5.506810665130615,252.38316345214844,272.2747802734375,279.51153564453125,281.23577880859375,284.63653564453125,5735.3701171875,3149.390869140625,1578.029052734375,231.8502960205078,278.072998046875,,0.0,,37100.0,0.0,0.0,,,,,,,,,,,,,,,,,,,,,,,,,,,,,,,,,,,,,,,,,,,,,,,,,,,,,,,,,,,,,,,,,,,,,,,,,,,,,,,,,,,,,,,,,,,,,,,,,,,,,,,,,,,,,,,,,,
2015-12-06T12:56,2015-12-06T13:00,48,train,0,2015,12,12,15,2015-12-05T22:00,,,,,,,,,,,-999.0,0.0,0.0,0.0,0.0,nan,nan,nan,nan,nan,5.506810665130615,252.38316345214844,272.2747802734375,279.51153564453125,281.23577880859375,284.63653564453125,5735.3701171875,3149.390869140625,1578.029052734375,231.8502960205078,278.072998046875,,0.0,,37100.0,0.0,0.0,,,,,,,,,,,,,,,,,,,,,,,,,,,,,,,,,,,,,,,,,,,,,,,,,,,,,,,,,,,,,,,,,,,,,,,,,,,,,,,,,,,,,,,,,,,,,,,,,,,,,,,,,,,,,,,,,,
2015-12-13T23:52,2015-12-14T00:00,1,train,0,2015,12,23,1,2015-12-13T23:00,,,,,,,,,,,-999.0,2.0,2.0,0.0,0.0,nan,nan,nan,nan,nan,5.03764533996582,257.5337829589844,272.9708557128906,275.77008056640625,277.1944274902344,280.981201171875,5670.2900390625,3057.52587890625,1493.95947265625,158.119384765625,273.69964599609375,,0.0,,10800.0,0.0,0.0,,,,,,,,,,,,,,,,,,,,,,,,,,,,,,,,,,,,,,,,,,,,,,,,,,,,,,,,,,,,,,,,,,,,,,,,,,,,,,,,,,,,,,,,,,,,,,,,,,,,,,,,,,,,,,,,,,
2015-12-13T23:52,2015-12-14T00:00,24,train,0,2015,12,23,15,2015-12-13T09:00,,,,,,,,,,,-999.0,100.0,0.25,0.0,100.0,11219.8681640625,11577.5869140625,15400.0,21500.0,14620.2607421875,4.223862648010254,257.7574462890625,272.4169616699219,274.99432373046875,276.5693664550781,280.4561767578125,5677.06298828125,3065.361083984375,1504.051513671875,170.37564086914062,273.6330871582031,,0.0,,10400.0,0.0,0.0,,,,,,,,,,,,,,,,,,,,,,,,,,,,,,,,,,,,,,,,,,,,,,,,,,,,,,,,,,,,,,,,,,,,,,,,,,,,,,,,,,,,,,,,,,,,,,,,,,,,,,,,,,,,,,,,,,
2015-12-13T23:52,2015-12-14T00:00,48,train,0,2015,12,23,15,2015-12-13T09:00,,,,,,,,,,,-999.0,100.0,0.25,0.0,100.0,11219.8681640625,11577.5869140625,15400.0,21500.0,14620.2607421875,4.223862648010254,257.7574462890625,272.4169616699219,274.99432373046875,276.5693664550781,280.4561767578125,5677.06298828125,3065.361083984375,1504.051513671875,170.37564086914062,273.6330871582031,,0.0,,10400.0,0.0,0.0,,,,,,,,,,,,,,,,,,,,,,,,,,,,,,,,,,,,,,,,,,,,,,,,,,,,,,,,,,,,,,,,,,,,,,,,,,,,,,,,,,,,,,,,,,,,,,,,,,,,,,,,,,,,,,,,,,
2015-12-21T21:50,2015-12-21T22:00,1,train,0,2015,12,21,1,2015-12-21T21:00,,,,,,,,,,,-999.0,74.625,1.375,9.75,74.625,9479.6484375,3106.089111328125,22600.0,69100.0,11603.7509765625,13.119171142578125,255.761474609375,268.4932556152344,276.3238525390625,278.8885498046875,282.6724853515625,5588.36328125,3001.005859375,1449.104248046875,114.43940734863281,274.8329162597656,,0.0,,23700.0,0.0,0.0,,,,,,,,,,,,,,,,,,,,,,,,,,,,,,,,,,,,,,,,,,,,,,,,,,,,,,,,,,,,,,,,,,,,,,,,,,,,,,,,,,,,,,,,,,,,,,,,,,,,,,,,,,,,,,,,,,
2015-12-21T21:50,2015-12-21T22:00,24,train,0,2015,12,21,15,2015-12-21T07:00,,,,,,,,,,,-999.0,100.0,0.0,46.5,100.0,6618.044921875,3108.377197265625,22600.0,69000.0,11732.3037109375,11.570189476013184,256.20489501953125,269.2236328125,276.6962890625,280.0865478515625,283.9302978515625,5592.705078125,3004.25146484375,1451.064697265625,111.55793762207031,275.8846435546875,,0.0,,31400.0,0.0,0.0,,,,,,,,,,,,,,,,,,,,,,,,,,,,,,,,,,,,,,,,,,,,,,,,,,,,,,,,,,,,,,,,,,,,,,,,,,,,,,,,,,,,,,,,,,,,,,,,,,,,,,,,,,,,,,,,,,
2015-12-21T21:50,2015-12-21T22:00,48,train,0,2015,12,21,15,2015-12-21T07:00,,,,,,,,,,,-999.0,100.0,0.0,46.5,100.0,6618.044921875,3108.377197265625,22600.0,69000.0,11732.3037109375,11.570189476013184,256.20489501953125,269.2236328125,276.6962890625,280.0865478515625,283.9302978515625,5592.705078125,3004.25146484375,1451.064697265625,111.55793762207031,275.8846435546875,,0.0,,31400.0,0.0,0.0,,,,,,,,,,,,,,,,,,,,,,,,,,,,,,,,,,,,,,,,,,,,,,,,,,,,,,,,,,,,,,,,,,,,,,,,,,,,,,,,,,,,,,,,,,,,,,,,,,,,,,,,,,,,,,,,,,
2015-12-30T15:48,2015-12-30T16:00,1,train,0,2015,12,15,1,2015-12-30T15:00,,,,,,,,,,,-999.0,63.75,63.75,0.0,0.0,nan,nan,nan,nan,nan,7.573817729949951,257.31591796875,273.4757995605469,269.0458679199219,270.03204345703125,273.60400390625,5664.26708984375,3033.833984375,1490.641845703125,180.20849609375,270.1123352050781,,0.0,,9500.0,0.0,0.003000000026077032,,,,,,,,,,,,,,,,,,,,,,,,,,,,,,,,,,,,,,,,,,,,,,,,,,,,,,,,,,,,,,,,,,,,,,,,,,,,,,,,,,,,,,,,,,,,,,,,,,,,,,,,,,,,,,,,,,
2015-12-30T15:48,2015-12-30T16:00,24,train,0,2015,12,15,15,2015-12-30T01:00,,,,,,,,,,,-999.0,34.75,34.75,0.0,0.0,nan,nan,nan,nan,nan,7.310806751251221,257.5173645019531,273.5858154296875,269.131103515625,270.0887756347656,273.7487487792969,5663.92041015625,3032.791259765625,1489.08056640625,178.35195922851562,269.95263671875,,0.0,,9900.0,0.0,0.9900000095367432,,,,,,,,,,,,,,,,,,,,,,,,,,,,,,,,,,,,,,,,,,,,,,,,,,,,,,,,,,,,,,,,,,,,,,,,,,,,,,,,,,,,,,,,,,,,,,,,,,,,,,,,,,,,,,,,,,
2015-12-30T15:48,2015-12-30T16:00,48,train,0,2015,12,15,15,2015-12-30T01:00,,,,,,,,,,,-999.0,34.75,34.75,0.0,0.0,nan,nan,nan,nan,nan,7.310806751251221,257.5173645019531,273.5858154296875,269.131103515625,270.0887756347656,273.7487487792969,5663.92041015625,3032.791259765625,1489.08056640625,178.35195922851562,269.95263671875,,0.0,,9900.0,0.0,0.9900000095367432,,,,,,,,,,,,,,,,,,,,,,,,,,,,,,,,,,,,,,,,,,,,,,,,,,,,,,,,,,,,,,,,,,,,,,,,,,,,,,,,,,,,,,,,,,,,,,,,,,,,,,,,,,,,,,,,,,
2016-01-14T12:49,2016-01-14T13:00,1,train,0,2016,1,12,1,2016-01-14T12:00,,,,,,,,,,,-999.0,1.625,1.625,0.0,0.0,1241.3681640625,1225.838623046875,83300.0,86000.0,1509.6973876953125,11.947595596313477,238.749267578125,249.3983612060547,255.43612670898438,259.2470397949219,262.9682312011719,5161.1279296875,2755.4326171875,1321.91796875,83.28126525878906,255.3054656982422,,0.0,,10100.0,0.0,0.009999999776482582,,,,,,,,,,,,,,,,,,,,,,,,,,,,,,,,,,,,,,,,,,,,,,,,,,,,,,,,,,,,,,,,,,,,,,,,,,,,,,,,,,,,,,,,,,,,,,,,,,,,,,,,,,,,,,,,,,
2016-02-01T03:50,2016-02-01T04:00,24,train,0,2016,2,3,15,2016-01-31T13:00,,,,,,,,,,,-999.0,99.75,38.5,35.625,99.75,2503.35302734375,2012.40087890625,21100.0,78700.0,11831.8017578125,7.26997184753418,255.0082550048828,269.8594665527344,278.41302490234375,281.6370544433594,285.5174865722656,5531.6279296875,2942.28955078125,1380.634521484375,33.74131774902344,277.7109680175781,,0.0,,12900.0,0.0,0.5099999904632568,,,,,,,,,,,,,,,,,,,,,,,,,,,,,,,,,,,,,,,,,,,,,,,,,,,,,,,,,,,,,,,,,,,,,,,,,,,,,,,,,,,,,,,,,,,,,,,,,,,,,,,,,,,,,,,,,,
2016-02-01T03:50,2016-02-01T04:00,1,train,0,2016,2,3,1,2016-02-01T03:00,,,,,,,,,,,3240.0,52.125,43.25,41.5,52.125,2501.86328125,1808.3670654296875,23900.0,80600.0,11255.19921875,9.627192497253418,255.2244873046875,269.9554748535156,278.13616943359375,281.1778564453125,285.0667724609375,5531.693359375,2939.50634765625,1379.358154296875,35.31023025512695,277.40997314453125,,0.0,,14600.0,0.0,0.009999999776482582,,,,,,,,,,,,,,,,,,,,,,,,,,,,,,,,,,,,,,,,,,,,,,,,,,,,,,,,,,,,,,,,,,,,,,,,,,,,,,,,,,,,,,,,,,,,,,,,,,,,,,,,,,,,,,,,,,
2016-02-01T03:50,2016-02-01T04:00,48,train,0,2016,2,3,15,2016-01-31T13:00,,,,,,,,,,,-999.0,99.75,38.5,35.625,99.75,2503.35302734375,2012.40087890625,21100.0,78700.0,11831.8017578125,7.26997184753418,255.0082550048828,269.8594665527344,278.41302490234375,281.6370544433594,285.5174865722656,5531.6279296875,2942.28955078125,1380.634521484375,33.74131774902344,277.7109680175781,,0.0,,12900.0,0.0,0.5099999904632568,,,,,,,,,,,,,,,,,,,,,,,,,,,,,,,,,,,,,,,,,,,,,,,,,,,,,,,,,,,,,,,,,,,,,,,,,,,,,,,,,,,,,,,,,,,,,,,,,,,,,,,,,,,,,,,,,,
2016-01-14T12:49,2016-01-14T13:00,24,train,0,2016,1,12,14,2016-01-13T23:00,,,,,,,,,,,-999.0,71.625,24.25,71.625,0.0,nan,1225.875732421875,57700.0,86100.0,nan,9.043159484863281,237.6116943359375,249.22195434570312,256.19970703125,260.0729675292969,263.9290466308594,5145.9326171875,2751.51806640625,1315.453369140625,74.45005798339844,256.73858642578125,,0.0,,16000.0,0.0,0.03999999910593033,,,,,,,,,,,,,,,,,,,,,,,,,,,,,,,,,,,,,,,,,,,,,,,,,,,,,,,,,,,,,,,,,,,,,,,,,,,,,,,,,,,,,,,,,,,,,,,,,,,,,,,,,,,,,,,,,,
2016-01-14T12:49,2016-01-14T13:00,48,train,0,2016,1,12,14,2016-01-13T23:00,,,,,,,,,,,-999.0,71.625,24.25,71.625,0.0,nan,1225.875732421875,57700.0,86100.0,nan,9.043159484863281,237.6116943359375,249.22195434570312,256.19970703125,260.0729675292969,263.9290466308594,5145.9326171875,2751.51806640625,1315.453369140625,74.45005798339844,256.73858642578125,,0.0,,16000.0,0.0,0.03999999910593033,,,,,,,,,,,,,,,,,,,,,,,,,,,,,,,,,,,,,,,,,,,,,,,,,,,,,,,,,,,,,,,,,,,,,,,,,,,,,,,,,,,,,,,,,,,,,,,,,,,,,,,,,,,,,,,,,,
2016-02-17T15:55,2016-02-17T16:00,1,train,1,2016,2,15,1,2016-02-17T15:00,,,,,,,,,,,-999.0,17.5,14.25,17.5,3.375,nan,nan,nan,nan,nan,10.391286849975586,244.53402709960938,259.53863525390625,266.546142578125,269.572509765625,273.55279541015625,5345.7177734375,2868.119384765625,1368.9794921875,78.29638671875,267.97552490234375,,113.9375,,12600.0,0.0,0.0020000000949949026,,,,,,,,,,,,,,,,,,,,,,,,,,,,,,,,,,,,,,,,,,,,,,,,,,,,,,,,,,,,,,,,,,,,,,,,,,,,,,,,,,,,,,,,,,,,,,,,,,,,,,,,,,,,,,,,,,
2016-02-17T15:55,2016-02-17T16:00,48,train,1,2016,2,15,15,2016-02-17T01:00,,,,,,,,,,,-999.0,16.125,2.0,16.125,0.0,nan,3401.80517578125,54200.0,65300.0,nan,7.848793983459473,244.25491333007812,259.2131042480469,267.1097717285156,270.37744140625,274.3678894042969,5349.7109375,2872.99609375,1374.7774658203125,82.90672302246094,268.9478759765625,,137.9375,,15800.0,0.0,2.190000057220459,,,,,,,,,,,,,,,,,,,,,,,,,,,,,,,,,,,,,,,,,,,,,,,,,,,,,,,,,,,,,,,,,,,,,,,,,,,,,,,,,,,,,,,,,,,,,,,,,,,,,,,,,,,,,,,,,,
2016-02-17T15:55,2016-02-17T16:00,24,train,1,2016,2,15,15,2016-02-17T01:00,,,,,,,,,,,-999.0,16.125,2.0,16.125,0.0,nan,3401.80517578125,54200.0,65300.0,nan,7.848793983459473,244.25491333007812,259.2131042480469,267.1097717285156,270.37744140625,274.3678894042969,5349.7109375,2872.99609375,1374.7774658203125,82.90672302246094,268.9478759765625,,137.9375,,15800.0,0.0,2.190000057220459,,,,,,,,,,,,,,,,,,,,,,,,,,,,,,,,,,,,,,,,,,,,,,,,,,,,,,,,,,,,,,,,,,,,,,,,,,,,,,,,,,,,,,,,,,,,,,,,,,,,,,,,,,,,,,,,,,
2016-03-08T14:54,2016-03-08T15:00,1,train,1,2016,3,14,1,2016-03-08T14:00,,,,,,,,,,,-999.0,48.5,12.875,37.625,48.5,7093.46484375,6742.501953125,31600.0,42900.0,9301.9541015625,10.6485013961792,253.89083862304688,271.09808349609375,274.03314208984375,274.501708984375,278.3706359863281,5618.28076171875,3028.085693359375,1474.0513916015625,148.5201873779297,274.2484130859375,,0.0,,13500.0,0.0,0.0,,,,,,,,,,,,,,,,,,,,,,,,,,,,,,,,,,,,,,,,,,,,,,,,,,,,,,,,,,,,,,,,,,,,,,,,,,,,,,,,,,,,,,,,,,,,,,,,,,,,,,,,,,,,,,,,,,
2016-03-08T14:54,2016-03-08T15:00,24,train,1,2016,3,14,15,2016-03-08T00:00,,,,,,,,,,,-999.0,100.0,0.0,44.5,100.0,6161.40625,5524.55712890625,27500.0,50700.0,10455.9013671875,5.650798797607422,253.4464111328125,270.298828125,274.7042541503906,276.2978820800781,280.047607421875,5619.1171875,3033.55322265625,1481.23193359375,152.7559814453125,275.1209411621094,,0.0,,17400.0,0.0,0.0,,,,,,,,,,,,,,,,,,,,,,,,,,,,,,,,,,,,,,,,,,,,,,,,,,,,,,,,,,,,,,,,,,,,,,,,,,,,,,,,,,,,,,,,,,,,,,,,,,,,,,,,,,,,,,,,,,
2016-03-08T14:54,2016-03-08T15:00,48,train,1,2016,3,14,15,2016-03-08T00:00,,,,,,,,,,,-999.0,100.0,0.0,44.5,100.0,6161.40625,5524.55712890625,27500.0,50700.0,10455.9013671875,5.650798797607422,253.4464111328125,270.298828125,274.7042541503906,276.2978820800781,280.047607421875,5619.1171875,3033.55322265625,1481.23193359375,152.7559814453125,275.1209411621094,,0.0,,17400.0,0.0,0.0,,,,,,,,,,,,,,,,,,,,,,,,,,,,,,,,,,,,,,,,,,,,,,,,,,,,,,,,,,,,,,,,,,,,,,,,,,,,,,,,,,,,,,,,,,,,,,,,,,,,,,,,,,,,,,,,,,
2016-03-26T09:50,2016-03-26T10:00,1,train,1,2016,3,9,1,2016-03-26T09:00,,,,,,,,,,,-999.0,12.0,12.0,0.0,0.0,nan,nan,nan,nan,nan,4.7740678787231445,251.11282348632812,268.51513671875,272.56201171875,271.95269775390625,275.4448547363281,5582.1005859375,3020.931640625,1477.2431640625,162.56004333496094,268.4444580078125,,0.0,,11200.0,0.0,0.0,,,,,,,,,,,,,,,,,,,,,,,,,,,,,,,,,,,,,,,,,,,,,,,,,,,,,,,,,,,,,,,,,,,,,,,,,,,,,,,,,,,,,,,,,,,,,,,,,,,,,,,,,,,,,,,,,,
2016-03-26T09:50,2016-03-26T10:00,48,train,1,2016,3,9,15,2016-03-25T19:00,,,,,,,,,,,-999.0,0.0,0.0,0.0,0.0,nan,nan,nan,nan,nan,3.129225492477417,251.26083374023438,268.38983154296875,271.93292236328125,272.868896484375,276.5934753417969,5587.1416015625,3022.939453125,1483.2523193359375,167.56898498535156,269.0704040527344,,0.0,,23200.0,0.0,0.9300000071525574,,,,,,,,,,,,,,,,,,,,,,,,,,,,,,,,,,,,,,,,,,,,,,,,,,,,,,,,,,,,,,,,,,,,,,,,,,,,,,,,,,,,,,,,,,,,,,,,,,,,,,,,,,,,,,,,,,
2016-03-26T09:50,2016-03-26T10:00,24,train,1,2016,3,9,15,2016-03-25T19:00,,,,,,,,,,,-999.0,0.0,0.0,0.0,0.0,nan,nan,nan,nan,nan,3.129225492477417,251.26083374023438,268.38983154296875,271.93292236328125,272.868896484375,276.5934753417969,5587.1416015625,3022.939453125,1483.2523193359375,167.56898498535156,269.0704040527344,,0.0,,23200.0,0.0,0.9300000071525574,,,,,,,,,,,,,,,,,,,,,,,,,,,,,,,,,,,,,,,,,,,,,,,,,,,,,,,,,,,,,,,,,,,,,,,,,,,,,,,,,,,,,,,,,,,,,,,,,,,,,,,,,,,,,,,,,,
2016-05-11T13:54,2016-05-11T14:00,1,train,0,2016,5,13,1,2016-05-11T13:00,,,,,,,,,,,-999.0,0.0,0.0,0.0,0.0,nan,nan,nan,nan,nan,7.876125812530518,256.4646911621094,271.80535888671875,277.7803955078125,281.8685607910156,286.4355163574219,5684.51904296875,3077.40380859375,1513.2919921875,164.9076690673828,281.91424560546875,,454.125,,40900.0,0.0,0.0,,,,,,,,,,,,,,,,,,,,,,,,,,,,,,,,,,,,,,,,,,,,,,,,,,,,,,,,,,,,,,,,,,,,,,,,,,,,,,,,,,,,,,,,,,,,,,,,,,,,,,,,,,,,,,,,,,
2016-05-11T13:54,2016-05-11T14:00,24,train,0,2016,5,13,15,2016-05-10T23:00,,,,,,,,,,,-999.0,0.0,0.0,0.0,0.0,nan,nan,nan,nan,nan,8.536697387695312,256.4578857421875,271.86517333984375,278.00384521484375,282.6175537109375,287.19097900390625,5688.43896484375,3082.604248046875,1518.987060546875,169.05322265625,282.33636474609375,,449.125,,59400.0,0.0,0.0,,,,,,,,,,,,,,,,,,,,,,,,,,,,,,,,,,,,,,,,,,,,,,,,,,,,,,,,,,,,,,,,,,,,,,,,,,,,,,,,,,,,,,,,,,,,,,,,,,,,,,,,,,,,,,,,,,
2016-05-11T13:54,2016-05-11T14:00,48,train,0,2016,5,13,15,2016-05-10T23:00,,,,,,,,,,,-999.0,0.0,0.0,0.0,0.0,nan,nan,nan,nan,nan,8.536697387695312,256.4578857421875,271.86517333984375,278.00384521484375,282.6175537109375,287.19097900390625,5688.43896484375,3082.604248046875,1518.987060546875,169.05322265625,282.33636474609375,,449.125,,59400.0,0.0,0.0,,,,,,,,,,,,,,,,,,,,,,,,,,,,,,,,,,,,,,,,,,,,,,,,,,,,,,,,,,,,,,,,,,,,,,,,,,,,,,,,,,,,,,,,,,,,,,,,,,,,,,,,,,,,,,,,,,
2016-07-01T10:54,2016-07-01T11:00,1,train,0,2016,7,10,1,2016-07-01T10:00,,,,,,,,,,,-999.0,0.0,0.0,0.0,0.0,nan,nan,nan,nan,nan,6.155463695526123,259.13262939453125,275.67315673828125,285.71240234375,290.72283935546875,294.8311767578125,5763.150390625,3116.856689453125,1522.380126953125,137.5958251953125,288.14349365234375,,0.0,,26300.0,0.0,0.0,,,,,,,,,,,,,,,,,,,,,,,,,,,,,,,,,,,,,,,,,,,,,,,,,,,,,,,,,,,,,,,,,,,,,,,,,,,,,,,,,,,,,,,,,,,,,,,,,,,,,,,,,,,,,,,,,,
2016-07-01T10:54,2016-07-01T11:00,48,train,0,2016,7,10,15,2016-06-30T20:00,,,,,,,,,,,-999.0,1.375,0.0,0.0,1.375,nan,nan,nan,nan,nan,4.399892807006836,259.1202087402344,275.35498046875,286.2786865234375,291.97064208984375,296.30731201171875,5756.25634765625,3112.384765625,1516.379638671875,127.30738067626953,289.4696350097656,,738.1875,,22700.0,0.0,0.0,,,,,,,,,,,,,,,,,,,,,,,,,,,,,,,,,,,,,,,,,,,,,,,,,,,,,,,,,,,,,,,,,,,,,,,,,,,,,,,,,,,,,,,,,,,,,,,,,,,,,,,,,,,,,,,,,,
2016-07-01T10:54,2016-07-01T11:00,24,train,0,2016,7,10,15,2016-06-30T20:00,,,,,,,,,,,-999.0,1.375,0.0,0.0,1.375,nan,nan,nan,nan,nan,4.399892807006836,259.1202087402344,275.35498046875,286.2786865234375,291.97064208984375,296.30731201171875,5756.25634765625,3112.384765625,1516.379638671875,127.30738067626953,289.4696350097656,,738.1875,,22700.0,0.0,0.0,,,,,,,,,,,,,,,,,,,,,,,,,,,,,,,,,,,,,,,,,,,,,,,,,,,,,,,,,,,,,,,,,,,,,,,,,,,,,,,,,,,,,,,,,,,,,,,,,,,,,,,,,,,,,,,,,,
2016-09-04T05:54,2016-09-04T06:00,1,train,0,2016,9,5,1,2016-09-04T05:00,,,,,,,,,,,-999.0,4.125,4.125,0.0,0.0,nan,nan,nan,nan,nan,3.283517837524414,262.01678466796875,278.18365478515625,284.9474792480469,287.62353515625,291.611083984375,5846.3564453125,3182.1455078125,1574.3350830078125,193.87803649902344,283.0775451660156,75.30000305175781,152.64051818847656,4060.060791015625,12600.0,0.0,0.0,,,,,,,,,,,,,,,,,,,,,,,,,,,,,,,,,,,,,,,,,,,,,,,,,,,,,,,,,,,,,,,,,,,,,,,,,,,,,,,,,,,,,,,,,,,,,,,,,,,,,,,,,,,,,,,,,,
2016-09-04T05:54,2016-09-04T06:00,24,train,0,2016,9,5,17,2016-09-03T13:00,,,,,,,,,,,-999.0,0.0,0.0,0.0,0.0,nan,nan,nan,nan,nan,2.2707579135894775,262.28912353515625,278.2078552246094,285.07958984375,288.3390808105469,292.4735107421875,5854.22607421875,3189.09619140625,1580.724853515625,198.85546875,283.7224426269531,66.5,133.94497680664062,4083.1416015625,17000.0,0.0,0.0,,,,,,,,,,,,,,,,,,,,,,,,,,,,,,,,,,,,,,,,,,,,,,,,,,,,,,,,,,,,,,,,,,,,,,,,,,,,,,,,,,,,,,,,,,,,,,,,,,,,,,,,,,,,,,,,,,
2016-09-04T05:54,2016-09-04T06:00,48,train,0,2016,9,5,17,2016-09-03T13:00,,,,,,,,,,,-999.0,0.0,0.0,0.0,0.0,nan,nan,nan,nan,nan,2.2707579135894775,262.28912353515625,278.2078552246094,285.07958984375,288.3390808105469,292.4735107421875,5854.22607421875,3189.09619140625,1580.724853515625,198.85546875,283.7224426269531,66.5,133.94497680664062,4083.1416015625,17000.0,0.0,0.0,,,,,,,,,,,,,,,,,,,,,,,,,,,,,,,,,,,,,,,,,,,,,,,,,,,,,,,,,,,,,,,,,,,,,,,,,,,,,,,,,,,,,,,,,,,,,,,,,,,,,,,,,,,,,,,,,,
2016-09-23T08:48,2016-09-23T09:00,1,train,0,2016,9,8,1,2016-09-23T08:00,,,,,,,,,,,6495.0,61.625,42.875,61.625,19.75,2852.34619140625,3187.630615234375,36600.0,69300.0,4020.3603515625,7.644889831542969,261.77264404296875,276.9564208984375,285.815185546875,288.10272216796875,292.1005554199219,5772.38330078125,3111.17626953125,1502.884765625,118.24061584472656,285.0738830566406,88.69999694824219,213.90167236328125,3845.1201171875,2000.0,0.004900000058114529,1.406000018119812,,,,,,,,,,,,,,,,,,,,,,,,,,,,,,,,,,,,,,,,,,,,,,,,,,,,,,,,,,,,,,,,,,,,,,,,,,,,,,,,,,,,,,,,,,,,,,,,,,,,,,,,,,,,,,,,,,
2016-09-23T08:48,2016-09-23T09:00,24,train,0,2016,9,8,18,2016-09-22T15:00,,,,,,,,,,,-999.0,73.25,5.25,22.625,73.25,10196.7109375,3565.397705078125,62500.0,66000.0,12501.009765625,4.789061546325684,262.1495056152344,276.08935546875,285.888427734375,289.1643981933594,293.2799072265625,5759.46826171875,3106.045654296875,1501.146484375,116.90626525878906,285.6620178222656,92.69999694824219,315.3896789550781,3773.97021484375,10000.0,9.999999747378752e-05,5.25,,,,,,,,,,,,,,,,,,,,,,,,,,,,,,,,,,,,,,,,,,,,,,,,,,,,,,,,,,,,,,,,,,,,,,,,,,,,,,,,,,,,,,,,,,,,,,,,,,,,,,,,,,,,,,,,,,
2016-09-23T08:48,2016-09-23T09:00,48,train,0,2016,9,8,18,2016-09-22T15:00,,,,,,,,,,,-999.0,73.25,5.25,22.625,73.25,10196.7109375,3565.397705078125,62500.0,66000.0,12501.009765625,4.789061546325684,262.1495056152344,276.08935546875,285.888427734375,289.1643981933594,293.2799072265625,5759.46826171875,3106.045654296875,1501.146484375,116.90626525878906,285.6620178222656,92.69999694824219,315.3896789550781,3773.97021484375,10000.0,9.999999747378752e-05,5.25,,,,,,,,,,,,,,,,,,,,,,,,,,,,,,,,,,,,,,,,,,,,,,,,,,,,,,,,,,,,,,,,,,,,,,,,,,,,,,,,,,,,,,,,,,,,,,,,,,,,,,,,,,,,,,,,,,
2016-10-07T22:54,2016-10-07T23:00,1,train,0,2016,10,22,1,2016-10-07T22:00,,,,,,,,,,,-999.0,0.0,0.0,0.0,0.0,nan,nan,nan,nan,nan,3.328583002090454,264.3332214355469,279.9384460449219,287.7041931152344,290.12640380859375,294.3227844238281,5865.564453125,3180.8740234375,1567.185546875,175.27474975585938,286.2542724609375,62.599998474121094,137.3296661376953,4528.00830078125,18700.0,0.0,0.0,,,,,,,,,,,,,,,,,,,,,,,,,,,,,,,,,,,,,,,,,,,,,,,,,,,,,,,,,,,,,,,,,,,,,,,,,,,,,,,,,,,,,,,,,,,,,,,,,,,,,,,,,,,,,,,,,,
2016-10-07T22:54,2016-10-07T23:00,48,train,0,2016,10,22,17,2016-10-07T06:00,,,,,,,,,,,-999.0,0.0,0.0,0.0,0.0,nan,nan,nan,nan,nan,3.7647078037261963,263.68597412109375,279.30181884765625,286.55291748046875,289.26666259765625,293.5130615234375,5853.72998046875,3175.781494140625,1567.1759033203125,179.42495727539062,285.42498779296875,59.20000076293945,154.27291870117188,4381.08154296875,20500.0,0.0,0.0,,,,,,,,,,,,,,,,,,,,,,,,,,,,,,,,,,,,,,,,,,,,,,,,,,,,,,,,,,,,,,,,,,,,,,,,,,,,,,,,,,,,,,,,,,,,,,,,,,,,,,,,,,,,,,,,,,
2016-10-07T22:54,2016-10-07T23:00,24,train,0,2016,10,22,17,2016-10-07T06:00,,,,,,,,,,,-999.0,0.0,0.0,0.0,0.0,nan,nan,nan,nan,nan,3.7647078037261963,263.68597412109375,279.30181884765625,286.55291748046875,289.26666259765625,293.5130615234375,5853.72998046875,3175.781494140625,1567.1759033203125,179.42495727539062,285.42498779296875,59.20000076293945,154.27291870117188,4381.08154296875,20500.0,0.0,0.0,,,,,,,,,,,,,,,,,,,,,,,,,,,,,,,,,,,,,,,,,,,,,,,,,,,,,,,,,,,,,,,,,,,,,,,,,,,,,,,,,,,,,,,,,,,,,,,,,,,,,,,,,,,,,,,,,,
2016-10-25T19:50,2016-10-25T20:00,1,train,0,2016,10,19,1,2016-10-25T19:00,,,,,,,,,,,-999.0,28.125,28.125,2.5,2.5,1613.8544921875,1226.7606201171875,83100.0,87400.0,nan,8.867289543151855,245.9655303955078,259.7501525878906,265.9434814453125,270.86932373046875,275.1395568847656,5430.5869140625,2937.16259765625,1445.5958251953125,154.28390502929688,268.0151672363281,92.4000015258789,563.4874267578125,415.3599853515625,9500.0,0.0,0.164000004529953,,,,,,,,,,,,,,,,,,,,,,,,,,,,,,,,,,,,,,,,,,,,,,,,,,,,,,,,,,,,,,,,,,,,,,,,,,,,,,,,,,,,,,,,,,,,,,,,,,,,,,,,,,,,,,,,,,
2016-10-25T19:50,2016-10-25T20:00,48,train,0,2016,10,19,18,2016-10-25T02:00,,,,,,,,,,,-999.0,18.125,18.125,7.5,0.0,nan,1226.73486328125,83000.0,87300.0,nan,9.320384979248047,246.5188446044922,259.2522888183594,266.28399658203125,270.9855041503906,275.2127380371094,5417.7724609375,2924.683349609375,1431.35302734375,139.7070770263672,267.98101806640625,88.4000015258789,601.9541015625,410.4543151855469,3800.0,9.999999747378752e-05,0.6399999856948853,,,,,,,,,,,,,,,,,,,,,,,,,,,,,,,,,,,,,,,,,,,,,,,,,,,,,,,,,,,,,,,,,,,,,,,,,,,,,,,,,,,,,,,,,,,,,,,,,,,,,,,,,,,,,,,,,,
2016-10-25T19:50,2016-10-25T20:00,24,train,0,2016,10,19,18,2016-10-25T02:00,,,,,,,,,,,-999.0,18.125,18.125,7.5,0.0,nan,1226.73486328125,83000.0,87300.0,nan,9.320384979248047,246.5188446044922,259.2522888183594,266.28399658203125,270.9855041503906,275.2127380371094,5417.7724609375,2924.683349609375,1431.35302734375,139.7070770263672,267.98101806640625,88.4000015258789,601.9541015625,410.4543151855469,3800.0,9.999999747378752e-05,0.6399999856948853,,,,,,,,,,,,,,,,,,,,,,,,,,,,,,,,,,,,,,,,,,,,,,,,,,,,,,,,,,,,,,,,,,,,,,,,,,,,,,,,,,,,,,,,,,,,,,,,,,,,,,,,,,,,,,,,,,
2016-11-10T04:57,2016-11-10T05:00,1,train,1,2016,11,4,1,2016-11-10T04:00,,,,,,,,,,,-999.0,10.875,10.875,0.0,0.0,nan,nan,nan,nan,nan,5.5302734375,255.3651123046875,270.4055480957031,271.39898681640625,273.827392578125,277.71466064453125,5555.09765625,2955.040771484375,1414.1695556640625,91.67191314697266,271.1502685546875,73.30000305175781,406.7971496582031,897.1199951171875,14000.0,0.0,0.0,,,,,,,,,,,,,,,,,,,,,,,,,,,,,,,,,,,,,,,,,,,,,,,,,,,,,,,,,,,,,,,,,,,,,,,,,,,,,,,,,,,,,,,,,,,,,,,,,,,,,,,,,,,,,,,,,,
2016-11-10T04:57,2016-11-10T05:00,24,train,1,2016,11,4,18,2016-11-09T11:00,,,,,,,,,,,-999.0,1.875,0.25,0.5,1.875,nan,nan,nan,nan,nan,4.191196918487549,254.63665771484375,268.71136474609375,271.5654296875,274.0811767578125,277.93115234375,5528.39892578125,2942.9326171875,1406.3114013671875,85.56727600097656,271.1292724609375,50.400001525878906,310.87322998046875,894.9600219726562,25300.0,0.0,0.029999999329447746,,,,,,,,,,,,,,,,,,,,,,,,,,,,,,,,,,,,,,,,,,,,,,,,,,,,,,,,,,,,,,,,,,,,,,,,,,,,,,,,,,,,,,,,,,,,,,,,,,,,,,,,,,,,,,,,,,
2016-11-10T04:57,2016-11-10T05:00,48,train,1,2016,11,4,18,2016-11-09T11:00,,,,,,,,,,,-999.0,1.875,0.25,0.5,1.875,nan,nan,nan,nan,nan,4.191196918487549,254.63665771484375,268.71136474609375,271.5654296875,274.0811767578125,277.93115234375,5528.39892578125,2942.9326171875,1406.3114013671875,85.56727600097656,271.1292724609375,50.400001525878906,310.87322998046875,894.9600219726562,25300.0,0.0,0.029999999329447746,,,,,,,,,,,,,,,,,,,,,,,,,,,,,,,,,,,,,,,,,,,,,,,,,,,,,,,,,,,,,,,,,,,,,,,,,,,,,,,,,,,,,,,,,,,,,,,,,,,,,,,,,,,,,,,,,,
2016-11-23T19:49,2016-11-23T20:00,1,train,0,2016,11,19,1,2016-11-23T19:00,,,,,,,,,,,-999.0,11.125,11.125,0.0,0.0,nan,nan,nan,nan,nan,9.231657981872559,253.10601806640625,267.2435607910156,269.3113098144531,270.5089416503906,274.4404296875,5568.0234375,3001.4609375,1472.2662353515625,167.29434204101562,268.72509765625,80.0,236.3447265625,524.5599975585938,12000.0,0.0,0.003000000026077032,,,,,,,,,,,,,,,,,,,,,,,,,,,,,,,,,,,,,,,,,,,,,,,,,,,,,,,,,,,,,,,,,,,,,,,,,,,,,,,,,,,,,,,,,,,,,,,,,,,,,,,,,,,,,,,,,,
2016-11-23T19:49,2016-11-23T20:00,24,train,0,2016,11,19,18,2016-11-23T02:00,,,,,,,,,,,-999.0,2.5,2.5,0.0,0.0,nan,nan,nan,nan,nan,6.352540493011475,252.92022705078125,266.2880554199219,269.62847900390625,271.4343566894531,275.27239990234375,5562.5966796875,3001.029296875,1474.7750244140625,166.09713745117188,269.19403076171875,78.5999984741211,247.4031524658203,600.0,12400.0,0.0,0.09200000017881393,,,,,,,,,,,,,,,,,,,,,,,,,,,,,,,,,,,,,,,,,,,,,,,,,,,,,,,,,,,,,,,,,,,,,,,,,,,,,,,,,,,,,,,,,,,,,,,,,,,,,,,,,,,,,,,,,,
2016-11-23T19:49,2016-11-23T20:00,48,train,0,2016,11,19,18,2016-11-23T02:00,,,,,,,,,,,-999.0,2.5,2.5,0.0,0.0,nan,nan,nan,nan,nan,6.352540493011475,252.92022705078125,266.2880554199219,269.62847900390625,271.4343566894531,275.27239990234375,5562.5966796875,3001.029296875,1474.7750244140625,166.09713745117188,269.19403076171875,78.5999984741211,247.4031524658203,600.0,12400.0,0.0,0.09200000017881393,,,,,,,,,,,,,,,,,,,,,,,,,,,,,,,,,,,,,,,,,,,,,,,,,,,,,,,,,,,,,,,,,,,,,,,,,,,,,,,,,,,,,,,,,,,,,,,,,,,,,,,,,,,,,,,,,,
2016-12-16T20:51,2016-12-16T21:00,1,train,0,2016,12,20,1,2016-12-16T20:00,,,,,,,,,,,-999.0,0.0,0.0,0.0,0.0,nan,nan,nan,nan,nan,7.723019599914551,238.75338745117188,249.66110229492188,252.08245849609375,254.30706787109375,257.98004150390625,5254.8203125,2843.607177734375,1418.81201171875,195.75543212890625,251.18917846679688,55.70000076293945,274.7234802246094,0.0,21700.0,0.0,0.0,,,,,,,,,,,,,,,,,,,,,,,,,,,,,,,,,,,,,,,,,,,,,,,,,,,,,,,,,,,,,,,,,,,,,,,,,,,,,,,,,,,,,,,,,,,,,,,,,,,,,,,,,,,,,,,,,,
2016-12-16T20:51,2016-12-16T21:00,48,train,0,2016,12,20,18,2016-12-16T03:00,,,,,,,,,,,-999.0,0.25,0.25,0.0,0.0,nan,nan,nan,nan,nan,7.701902389526367,238.94586181640625,249.5500030517578,252.97698974609375,255.66403198242188,259.4288024902344,5255.1357421875,2843.23974609375,1415.90478515625,188.14222717285156,252.4013214111328,68.19999694824219,321.6158752441406,0.0,15600.0,0.0,0.03999999910593033,,,,,,,,,,,,,,,,,,,,,,,,,,,,,,,,,,,,,,,,,,,,,,,,,,,,,,,,,,,,,,,,,,,,,,,,,,,,,,,,,,,,,,,,,,,,,,,,,,,,,,,,,,,,,,,,,,
2016-12-16T20:51,2016-12-16T21:00,24,train,0,2016,12,20,18,2016-12-16T03:00,,,,,,,,,,,-999.0,0.25,0.25,0.0,0.0,nan,nan,nan,nan,nan,7.701902389526367,238.94586181640625,249.5500030517578,252.97698974609375,255.66403198242188,259.4288024902344,5255.1357421875,2843.23974609375,1415.90478515625,188.14222717285156,252.4013214111328,68.19999694824219,321.6158752441406,0.0,15600.0,0.0,0.03999999910593033,,,,,,,,,,,,,,,,,,,,,,,,,,,,,,,,,,,,,,,,,,,,,,,,,,,,,,,,,,,,,,,,,,,,,,,,,,,,,,,,,,,,,,,,,,,,,,,,,,,,,,,,,,,,,,,,,,
2017-01-05T06:53,2017-01-05T07:00,1,train,0,2017,1,6,1,2017-01-05T06:00,,,,,,,,,,,-999.0,10.875,10.875,0.0,0.0,nan,nan,nan,nan,nan,9.051669120788574,237.3494873046875,251.6300811767578,260.1699523925781,265.1891174316406,269.1309814453125,5119.83154296875,2713.565185546875,1261.896484375,2.5358123779296875,260.52386474609375,76.80000305175781,452.7922668457031,0.0,12700.0,0.0,0.0,,,,,,,,,,,,,,,,,,,,,,,,,,,,,,,,,,,,,,,,,,,,,,,,,,,,,,,,,,,,,,,,,,,,,,,,,,,,,,,,,,,,,,,,,,,,,,,,,,,,,,,,,,,,,,,,,,
2017-01-05T06:53,2017-01-05T07:00,24,train,0,2017,1,6,18,2017-01-04T13:00,,,,,,,,,,,-999.0,12.75,12.75,0.0,0.0,1465.0782470703125,nan,nan,nan,1822.226318359375,9.649828910827637,237.86277770996094,250.9127655029297,257.74835205078125,262.26202392578125,266.1964416503906,5086.349609375,2680.98193359375,1236.1759033203125,-13.598785400390625,257.6247253417969,84.30000305175781,477.8853759765625,0.0,10000.0,0.0,1.399999976158142,,,,,,,,,,,,,,,,,,,,,,,,,,,,,,,,,,,,,,,,,,,,,,,,,,,,,,,,,,,,,,,,,,,,,,,,,,,,,,,,,,,,,,,,,,,,,,,,,,,,,,,,,,,,,,,,,,
2017-01-05T06:53,2017-01-05T07:00,48,train,0,2017,1,6,18,2017-01-04T13:00,,,,,,,,,,,-999.0,12.75,12.75,0.0,0.0,1465.0782470703125,nan,nan,nan,1822.226318359375,9.649828910827637,237.86277770996094,250.9127655029297,257.74835205078125,262.26202392578125,266.1964416503906,5086.349609375,2680.98193359375,1236.1759033203125,-13.598785400390625,257.6247253417969,84.30000305175781,477.8853759765625,0.0,10000.0,0.0,1.399999976158142,,,,,,,,,,,,,,,,,,,,,,,,,,,,,,,,,,,,,,,,,,,,,,,,,,,,,,,,,,,,,,,,,,,,,,,,,,,,,,,,,,,,,,,,,,,,,,,,,,,,,,,,,,,,,,,,,,
2017-01-14T15:53,2017-01-14T16:00,1,train,0,2017,1,15,1,2017-01-14T15:00,,,,,,,,,,,-999.0,0.0,0.0,0.0,0.0,nan,nan,nan,nan,nan,1.49375581741333,246.29783630371094,257.7418518066406,260.42303466796875,261.5467224121094,265.0266418457031,5478.7060546875,2996.57373046875,1521.6513671875,265.20648193359375,262.6797180175781,30.600000381469727,237.7813262939453,0.0,45700.0,0.0,0.0,,,,,,,,,,,,,,,,,,,,,,,,,,,,,,,,,,,,,,,,,,,,,,,,,,,,,,,,,,,,,,,,,,,,,,,,,,,,,,,,,,,,,,,,,,,,,,,,,,,,,,,,,,,,,,,,,,
2017-01-14T15:53,2017-01-14T16:00,24,train,0,2017,1,15,18,2017-01-13T22:00,,,,,,,,,,,-999.0,0.0,0.0,0.0,0.0,nan,nan,nan,nan,nan,2.714315891265869,245.84600830078125,257.06011962890625,260.3759765625,262.6956787109375,266.12054443359375,5474.9462890625,2994.882568359375,1523.6927490234375,265.052001953125,262.51055908203125,29.299999237060547,309.8109130859375,0.0,46600.0,0.0,0.0,,,,,,,,,,,,,,,,,,,,,,,,,,,,,,,,,,,,,,,,,,,,,,,,,,,,,,,,,,,,,,,,,,,,,,,,,,,,,,,,,,,,,,,,,,,,,,,,,,,,,,,,,,,,,,,,,,
2017-01-14T15:53,2017-01-14T16:00,48,train,0,2017,1,15,18,2017-01-13T22:00,,,,,,,,,,,-999.0,0.0,0.0,0.0,0.0,nan,nan,nan,nan,nan,2.714315891265869,245.84600830078125,257.06011962890625,260.3759765625,262.6956787109375,266.12054443359375,5474.9462890625,2994.882568359375,1523.6927490234375,265.052001953125,262.51055908203125,29.299999237060547,309.8109130859375,0.0,46600.0,0.0,0.0,,,,,,,,,,,,,,,,,,,,,,,,,,,,,,,,,,,,,,,,,,,,,,,,,,,,,,,,,,,,,,,,,,,,,,,,,,,,,,,,,,,,,,,,,,,,,,,,,,,,,,,,,,,,,,,,,,
2017-01-22T10:51,2017-01-22T11:00,1,train,0,2017,1,10,1,2017-01-22T10:00,,,,,,,,,,,-999.0,43.75,43.75,24.75,15.0,nan,nan,nan,nan,nan,1.3058701753616333,252.61184692382812,269.71624755859375,273.14739990234375,275.5538635253906,279.543212890625,5506.08203125,2928.07421875,1381.291259765625,53.78266906738281,272.64422607421875,89.19999694824219,90.61175537109375,1135.9200439453125,10000.0,0.0,0.0020000000949949026,,,,,,,,,,,,,,,,,,,,,,,,,,,,,,,,,,,,,,,,,,,,,,,,,,,,,,,,,,,,,,,,,,,,,,,,,,,,,,,,,,,,,,,,,,,,,,,,,,,,,,,,,,,,,,,,,,
2017-01-30T02:55,2017-01-30T03:00,1,train,0,2017,1,2,1,2017-01-30T02:00,,,,,,,,,,,-999.0,13.125,13.125,0.0,0.0,nan,1226.3731689453125,85900.0,85900.0,nan,2.0585989952087402,240.33200073242188,252.35299682617188,261.6864013671875,266.68365478515625,270.57977294921875,5195.22607421875,2767.72705078125,1309.785400390625,42.91707229614258,262.1875915527344,88.4000015258789,349.53924560546875,0.0,9200.0,0.0,0.08299999684095383,,,,,,,,,,,,,,,,,,,,,,,,,,,,,,,,,,,,,,,,,,,,,,,,,,,,,,,,,,,,,,,,,,,,,,,,,,,,,,,,,,,,,,,,,,,,,,,,,,,,,,,,,,,,,,,,,,
2017-01-22T10:51,2017-01-22T11:00,48,train,0,2017,1,10,18,2017-01-21T17:00,,,,,,,,,,,-999.0,47.125,6.125,6.625,47.125,7667.9697265625,6121.40087890625,31300.0,46100.0,10598.3994140625,1.0612846612930298,253.1300048828125,269.4674072265625,273.46185302734375,275.9604797363281,279.84136962890625,5514.8876953125,2932.49560546875,1386.266845703125,58.340545654296875,273.1986083984375,82.69999694824219,113.30758666992188,1854.8800048828125,10800.0,0.0,0.0,,,,,,,,,,,,,,,,,,,,,,,,,,,,,,,,,,,,,,,,,,,,,,,,,,,,,,,,,,,,,,,,,,,,,,,,,,,,,,,,,,,,,,,,,,,,,,,,,,,,,,,,,,,,,,,,,,
2017-01-22T10:51,2017-01-22T11:00,24,train,0,2017,1,10,18,2017-01-21T17:00,,,,,,,,,,,-999.0,47.125,6.125,6.625,47.125,7667.9697265625,6121.40087890625,31300.0,46100.0,10598.3994140625,1.0612846612930298,253.1300048828125,269.4674072265625,273.46185302734375,275.9604797363281,279.84136962890625,5514.8876953125,2932.49560546875,1386.266845703125,58.340545654296875,273.1986083984375,82.69999694824219,113.30758666992188,1854.8800048828125,10800.0,0.0,0.0,,,,,,,,,,,,,,,,,,,,,,,,,,,,,,,,,,,,,,,,,,,,,,,,,,,,,,,,,,,,,,,,,,,,,,,,,,,,,,,,,,,,,,,,,,,,,,,,,,,,,,,,,,,,,,,,,,
2017-01-30T02:55,2017-01-30T03:00,48,train,0,2017,1,2,18,2017-01-29T09:00,,,,,,,,,,,-999.0,6.75,6.75,0.0,0.0,nan,1226.236572265625,83100.0,85800.0,nan,3.018394947052002,239.72998046875,252.90911865234375,260.5159912109375,264.70428466796875,268.6389465332031,5184.5478515625,2757.4794921875,1299.26953125,36.80421829223633,260.388671875,86.4000015258789,230.390625,0.0,9500.0,0.0,3.2019999027252197,,,,,,,,,,,,,,,,,,,,,,,,,,,,,,,,,,,,,,,,,,,,,,,,,,,,,,,,,,,,,,,,,,,,,,,,,,,,,,,,,,,,,,,,,,,,,,,,,,,,,,,,,,,,,,,,,,
2017-01-30T02:55,2017-01-30T03:00,24,train,0,2017,1,2,18,2017-01-29T09:00,,,,,,,,,,,-999.0,6.75,6.75,0.0,0.0,nan,1226.236572265625,83100.0,85800.0,nan,3.018394947052002,239.72998046875,252.90911865234375,260.5159912109375,264.70428466796875,268.6389465332031,5184.5478515625,2757.4794921875,1299.26953125,36.80421829223633,260.388671875,86.4000015258789,230.390625,0.0,9500.0,0.0,3.2019999027252197,,,,,,,,,,,,,,,,,,,,,,,,,,,,,,,,,,,,,,,,,,,,,,,,,,,,,,,,,,,,,,,,,,,,,,,,,,,,,,,,,,,,,,,,,,,,,,,,,,,,,,,,,,,,,,,,,,
2017-02-20T10:54,2017-02-20T11:00,1,train,0,2017,2,10,1,2017-02-20T10:00,,,,,,,,,,,-999.0,13.125,13.125,0.0,0.0,nan,nan,nan,nan,nan,8.023582458496094,246.1110382080078,261.08355712890625,265.5189208984375,268.1903991699219,272.1224670410156,5427.486328125,2929.7412109375,1430.3114013671875,143.3620147705078,265.55682373046875,89.30000305175781,230.62527465820312,39.91999816894531,10000.0,0.0,0.02199999988079071,,,,,,,,,,,,,,,,,,,,,,,,,,,,,,,,,,,,,,,,,,,,,,,,,,,,,,,,,,,,,,,,,,,,,,,,,,,,,,,,,,,,,,,,,,,,,,,,,,,,,,,,,,,,,,,,,,
2017-02-20T10:54,2017-02-20T11:00,24,train,0,2017,2,10,18,2017-02-19T17:00,,,,,,,,,,,-999.0,4.5,4.5,0.0,0.0,nan,nan,nan,nan,nan,8.643174171447754,245.93521118164062,260.99237060546875,264.6212158203125,266.260009765625,269.9459228515625,5409.94384765625,2911.393798828125,1415.555419921875,133.90841674804688,263.3985290527344,75.0999984741211,220.06060791015625,0.0,13500.0,0.0,0.7200000286102295,,,,,,,,,,,,,,,,,,,,,,,,,,,,,,,,,,,,,,,,,,,,,,,,,,,,,,,,,,,,,,,,,,,,,,,,,,,,,,,,,,,,,,,,,,,,,,,,,,,,,,,,,,,,,,,,,,
2017-02-20T10:54,2017-02-20T11:00,48,train,0,2017,2,10,18,2017-02-19T17:00,,,,,,,,,,,-999.0,4.5,4.5,0.0,0.0,nan,nan,nan,nan,nan,8.643174171447754,245.93521118164062,260.99237060546875,264.6212158203125,266.260009765625,269.9459228515625,5409.94384765625,2911.393798828125,1415.555419921875,133.90841674804688,263.3985290527344,75.0999984741211,220.06060791015625,0.0,13500.0,0.0,0.7200000286102295,,,,,,,,,,,,,,,,,,,,,,,,,,,,,,,,,,,,,,,,,,,,,,,,,,,,,,,,,,,,,,,,,,,,,,,,,,,,,,,,,,,,,,,,,,,,,,,,,,,,,,,,,,,,,,,,,,
2017-03-26T13:49,2017-03-26T14:00,1,train,0,2017,3,13,1,2017-03-26T13:00,,,,,,,,,,,-999.0,0.0,0.0,0.0,0.0,nan,nan,nan,nan,nan,2.187215566635132,255.12100219726562,268.2550964355469,268.2477722167969,267.8707275390625,271.67352294921875,5670.0029296875,3082.849609375,1554.6644287109375,261.5699768066406,268.28924560546875,47.79999923706055,232.85401916503906,463.5199890136719,30200.0,0.0,0.0,,,,,,,,,,,,,,,,,,,,,,,,,,,,,,,,,,,,,,,,,,,,,,,,,,,,,,,,,,,,,,,,,,,,,,,,,,,,,,,,,,,,,,,,,,,,,,,,,,,,,,,,,,,,,,,,,,
2017-03-26T13:49,2017-03-26T14:00,48,train,0,2017,3,13,18,2017-03-25T20:00,,,,,,,,,,,-999.0,0.0,0.0,0.0,0.0,nan,nan,nan,nan,nan,2.0163912773132324,255.13137817382812,267.94512939453125,269.578857421875,267.7840576171875,271.49749755859375,5675.01611328125,3092.920654296875,1561.4920654296875,268.0268859863281,268.55145263671875,42.29999923706055,222.46763610839844,501.5199890136719,34800.0,0.0,0.019999999552965164,,,,,,,,,,,,,,,,,,,,,,,,,,,,,,,,,,,,,,,,,,,,,,,,,,,,,,,,,,,,,,,,,,,,,,,,,,,,,,,,,,,,,,,,,,,,,,,,,,,,,,,,,,,,,,,,,,
2017-03-26T13:49,2017-03-26T14:00,24,train,0,2017,3,13,18,2017-03-25T20:00,,,,,,,,,,,-999.0,0.0,0.0,0.0,0.0,nan,nan,nan,nan,nan,2.0163912773132324,255.13137817382812,267.94512939453125,269.578857421875,267.7840576171875,271.49749755859375,5675.01611328125,3092.920654296875,1561.4920654296875,268.0268859863281,268.55145263671875,42.29999923706055,222.46763610839844,501.5199890136719,34800.0,0.0,0.019999999552965164,,,,,,,,,,,,,,,,,,,,,,,,,,,,,,,,,,,,,,,,,,,,,,,,,,,,,,,,,,,,,,,,,,,,,,,,,,,,,,,,,,,,,,,,,,,,,,,,,,,,,,,,,,,,,,,,,,
2017-04-27T12:53,2017-04-27T13:00,1,train,1,2017,4,12,1,2017-04-27T12:00,,,,,,,,,,,-999.0,49.375,49.375,0.0,0.0,1245.477783203125,1228.0404052734375,86900.0,87600.0,1373.8138427734375,2.6260063648223877,262.448486328125,277.5784912109375,283.10113525390625,285.53570556640625,289.63934326171875,5737.6337890625,3067.53271484375,1465.794677734375,92.68768310546875,281.9397277832031,93.69999694824219,93.60839080810547,4084.719970703125,100.0,0.0,0.0010000000474974513,,,,,,,,,,,,,,,,,,,,,,,,,,,,,,,,,,,,,,,,,,,,,,,,,,,,,,,,,,,,,,,,,,,,,,,,,,,,,,,,,,,,,,,,,,,,,,,,,,,,,,,,,,,,,,,,,,
2017-05-26T08:52,2017-05-26T09:00,1,train,0,2017,5,8,1,2017-05-26T08:00,,,,,,,,,,,5788.60009765625,80.25,31.75,25.0,80.25,1292.5499267578125,1284.4041748046875,27100.0,85800.0,1371.032470703125,3.8968944549560547,259.727294921875,274.6110534667969,281.1339111328125,282.9367370605469,287.07537841796875,5593.00390625,2954.17724609375,1364.386474609375,2.3833160400390625,279.5646057128906,96.19999694824219,322.594482421875,3298.719970703125,300.0,0.00139999995008111,4.326000213623047,,,,,,,,,,,,,,,,,,,,,,,,,,,,,,,,,,,,,,,,,,,,,,,,,,,,,,,,,,,,,,,,,,,,,,,,,,,,,,,,,,,,,,,,,,,,,,,,,,,,,,,,,,,,,,,,,,
2017-04-27T12:53,2017-04-27T13:00,48,train,1,2017,4,12,18,2017-04-26T19:00,,,,,,,,,,,-999.0,19.75,19.75,0.0,0.0,nan,nan,nan,nan,nan,2.792905569076538,262.31878662109375,276.29144287109375,284.44439697265625,286.94744873046875,291.17041015625,5728.041015625,3063.677978515625,1465.2745361328125,90.31956481933594,283.326171875,74.69999694824219,111.61146545410156,3933.760009765625,12400.0,0.0,1.6299999952316284,,,,,,,,,,,,,,,,,,,,,,,,,,,,,,,,,,,,,,,,,,,,,,,,,,,,,,,,,,,,,,,,,,,,,,,,,,,,,,,,,,,,,,,,,,,,,,,,,,,,,,,,,,,,,,,,,,
2017-04-27T12:53,2017-04-27T13:00,24,train,1,2017,4,12,18,2017-04-26T19:00,,,,,,,,,,,-999.0,19.75,19.75,0.0,0.0,nan,nan,nan,nan,nan,2.792905569076538,262.31878662109375,276.29144287109375,284.44439697265625,286.94744873046875,291.17041015625,5728.041015625,3063.677978515625,1465.2745361328125,90.31956481933594,283.326171875,74.69999694824219,111.61146545410156,3933.760009765625,12400.0,0.0,1.6299999952316284,,,,,,,,,,,,,,,,,,,,,,,,,,,,,,,,,,,,,,,,,,,,,,,,,,,,,,,,,,,,,,,,,,,,,,,,,,,,,,,,,,,,,,,,,,,,,,,,,,,,,,,,,,,,,,,,,,
2017-05-26T08:52,2017-05-26T09:00,48,train,0,2017,5,8,18,2017-05-25T15:00,,,,,,,,,,,7190.60009765625,90.25,42.875,41.0,90.25,1244.65478515625,1227.5501708984375,25300.0,86500.0,10764.1318359375,3.579899787902832,259.500244140625,274.4530029296875,280.7730712890625,282.05718994140625,286.2278747558594,5576.1005859375,2941.753173828125,1352.6328125,-5.1101226806640625,278.11138916015625,100.0,434.59814453125,3144.61376953125,100.0,0.0015999999595806003,12.770000457763672,,,,,,,,,,,,,,,,,,,,,,,,,,,,,,,,,,,,,,,,,,,,,,,,,,,,,,,,,,,,,,,,,,,,,,,,,,,,,,,,,,,,,,,,,,,,,,,,,,,,,,,,,,,,,,,,,,
2017-05-26T08:52,2017-05-26T09:00,24,train,0,2017,5,8,18,2017-05-25T15:00,,,,,,,,,,,7190.60009765625,90.25,42.875,41.0,90.25,1244.65478515625,1227.5501708984375,25300.0,86500.0,10764.1318359375,3.579899787902832,259.500244140625,274.4530029296875,280.7730712890625,282.05718994140625,286.2278747558594,5576.1005859375,2941.753173828125,1352.6328125,-5.1101226806640625,278.11138916015625,100.0,434.59814453125,3144.61376953125,100.0,0.0015999999595806003,12.770000457763672,,,,,,,,,,,,,,,,,,,,,,,,,,,,,,,,,,,,,,,,,,,,,,,,,,,,,,,,,,,,,,,,,,,,,,,,,,,,,,,,,,,,,,,,,,,,,,,,,,,,,,,,,,,,,,,,,,
2017-08-18T14:47,2017-08-18T15:00,1,train,0,2017,8,14,1,2017-08-18T14:00,,,,,,,,,,,4209.7998046875,73.5,73.5,53.75,0.0,1245.8775634765625,1240.5816650390625,36500.0,87400.0,2045.47119140625,8.376486778259277,266.7755126953125,281.3615417480469,286.9150695800781,288.12939453125,292.16290283203125,5813.8369140625,3105.163818359375,1476.8599853515625,86.53028106689453,285.747314453125,100.0,455.54034423828125,4676.7998046875,100.0,0.000699999975040555,3.690000057220459,,,,,,,,,,,,,,,,,,,,,,,,,,,,,,,,,,,,,,,,,,,,,,,,,,,,,,,,,,,,,,,,,,,,,,,,,,,,,,,,,,,,,,,,,,,,,,,,,,,,,,,,,,,,,,,,,,
2017-08-18T14:47,2017-08-18T15:00,48,train,0,2017,8,14,18,2017-08-17T21:00,,,,,,,,,,,4275.0,59.875,59.875,55.375,2.0,1245.55517578125,1240.3397216796875,46500.0,87600.0,5098.09326171875,6.416283130645752,266.4139709472656,280.5811767578125,284.8779602050781,286.69256591796875,290.85919189453125,5811.94921875,3109.88330078125,1490.105712890625,105.67677307128906,283.80487060546875,99.19999694824219,358.8025207519531,4475.18212890625,100.0,0.00019999999494757503,5.0,,,,,,,,,,,,,,,,,,,,,,,,,,,,,,,,,,,,,,,,,,,,,,,,,,,,,,,,,,,,,,,,,,,,,,,,,,,,,,,,,,,,,,,,,,,,,,,,,,,,,,,,,,,,,,,,,,
2017-08-18T14:47,2017-08-18T15:00,24,train,0,2017,8,14,18,2017-08-17T21:00,,,,,,,,,,,4275.0,59.875,59.875,55.375,2.0,1245.55517578125,1240.3397216796875,46500.0,87600.0,5098.09326171875,6.416283130645752,266.4139709472656,280.5811767578125,284.8779602050781,286.69256591796875,290.85919189453125,5811.94921875,3109.88330078125,1490.105712890625,105.67677307128906,283.80487060546875,99.19999694824219,358.8025207519531,4475.18212890625,100.0,0.00019999999494757503,5.0,,,,,,,,,,,,,,,,,,,,,,,,,,,,,,,,,,,,,,,,,,,,,,,,,,,,,,,,,,,,,,,,,,,,,,,,,,,,,,,,,,,,,,,,,,,,,,,,,,,,,,,,,,,,,,,,,,
2017-09-27T12:53,2017-09-27T13:00,1,train,0,2017,9,12,1,2017-09-27T12:00,,,,,,,,,,,-999.0,0.625,0.625,0.0,0.0,nan,nan,nan,nan,nan,4.195805549621582,265.87664794921875,279.7029724121094,291.27972412109375,295.27496337890625,299.37689208984375,5818.578125,3133.08984375,1506.359619140625,98.85299682617188,291.94354248046875,57.5,193.9453582763672,4186.240234375,21900.0,0.0,0.0,,,,,,,,,,,,,,,,,,,,,,,,,,,,,,,,,,,,,,,,,,,,,,,,,,,,,,,,,,,,,,,,,,,,,,,,,,,,,,,,,,,,,,,,,,,,,,,,,,,,,,,,,,,,,,,,,,
2017-09-27T12:53,2017-09-27T13:00,48,train,0,2017,9,12,18,2017-09-26T19:00,,,,,,,,,,,-999.0,0.0,0.0,0.0,0.0,nan,nan,nan,nan,nan,3.7623329162597656,265.635498046875,279.80718994140625,291.0322265625,295.4207458496094,299.7659606933594,5820.1689453125,3134.58544921875,1507.73828125,98.79360961914062,292.3487548828125,63.099998474121094,190.2674102783203,4254.5888671875,19000.0,0.0,0.0,,,,,,,,,,,,,,,,,,,,,,,,,,,,,,,,,,,,,,,,,,,,,,,,,,,,,,,,,,,,,,,,,,,,,,,,,,,,,,,,,,,,,,,,,,,,,,,,,,,,,,,,,,,,,,,,,,
2017-09-27T12:53,2017-09-27T13:00,24,train,0,2017,9,12,18,2017-09-26T19:00,,,,,,,,,,,-999.0,0.0,0.0,0.0,0.0,nan,nan,nan,nan,nan,3.7623329162597656,265.635498046875,279.80718994140625,291.0322265625,295.4207458496094,299.7659606933594,5820.1689453125,3134.58544921875,1507.73828125,98.79360961914062,292.3487548828125,63.099998474121094,190.2674102783203,4254.5888671875,19000.0,0.0,0.0,,,,,,,,,,,,,,,,,,,,,,,,,,,,,,,,,,,,,,,,,,,,,,,,,,,,,,,,,,,,,,,,,,,,,,,,,,,,,,,,,,,,,,,,,,,,,,,,,,,,,,,,,,,,,,,,,,
2017-11-04T15:54,2017-11-04T16:00,1,train,1,2017,11,15,1,2017-11-04T15:00,,,,,,,,,,,-999.0,20.625,6.125,0.625,20.625,nan,nan,nan,nan,nan,3.6770424842834473,254.93392944335938,267.20465087890625,272.2097473144531,274.4961853027344,278.8040466308594,5655.1787109375,3075.2119140625,1539.301513671875,221.8525848388672,274.96649169921875,66.0999984741211,303.5332946777344,1993.3599853515625,17900.0,0.0,0.0,,,,,,,,,,,,,,,,,,,,,,,,,,,,,,,,,,,,,,,,,,,,,,,,,,,,,,,,,,,,,,,,,,,,,,,,,,,,,,,,,,,,,,,,,,,,,,,,,,,,,,,,,,,,,,,,,,
2017-11-16T12:53,2017-11-16T13:00,1,train,0,2017,11,12,1,2017-11-16T12:00,,,,,,,,,,,3551.0,42.125,42.125,21.125,0.0,1365.81103515625,1227.00830078125,54400.0,87100.0,nan,6.786995887756348,250.66351318359375,265.18603515625,272.1160888671875,274.2244873046875,278.0775451660156,5479.6328125,2944.35498046875,1411.21533203125,95.46221923828125,271.32672119140625,95.69999694824219,237.62255859375,925.9199829101562,900.0,0.00039999998989515007,0.906000018119812,,,,,,,,,,,,,,,,,,,,,,,,,,,,,,,,,,,,,,,,,,,,,,,,,,,,,,,,,,,,,,,,,,,,,,,,,,,,,,,,,,,,,,,,,,,,,,,,,,,,,,,,,,,,,,,,,,
2017-11-04T15:54,2017-11-04T16:00,48,train,1,2017,11,15,18,2017-11-03T22:00,,,,,,,,,,,-999.0,0.5,0.0,0.0,0.5,nan,nan,nan,nan,nan,0.8280532956123352,256.13726806640625,266.9590148925781,272.18328857421875,275.51251220703125,279.8367919921875,5662.33203125,3075.648193359375,1543.1943359375,223.66668701171875,275.24896240234375,46.400001525878906,357.8290710449219,1408.8800048828125,28700.0,0.0,1.2000000476837158,,,,,,,,,,,,,,,,,,,,,,,,,,,,,,,,,,,,,,,,,,,,,,,,,,,,,,,,,,,,,,,,,,,,,,,,,,,,,,,,,,,,,,,,,,,,,,,,,,,,,,,,,,,,,,,,,,
2017-11-04T15:54,2017-11-04T16:00,24,train,1,2017,11,15,18,2017-11-03T22:00,,,,,,,,,,,-999.0,0.5,0.0,0.0,0.5,nan,nan,nan,nan,nan,0.8280532956123352,256.13726806640625,266.9590148925781,272.18328857421875,275.51251220703125,279.8367919921875,5662.33203125,3075.648193359375,1543.1943359375,223.66668701171875,275.24896240234375,46.400001525878906,357.8290710449219,1408.8800048828125,28700.0,0.0,1.2000000476837158,,,,,,,,,,,,,,,,,,,,,,,,,,,,,,,,,,,,,,,,,,,,,,,,,,,,,,,,,,,,,,,,,,,,,,,,,,,,,,,,,,,,,,,,,,,,,,,,,,,,,,,,,,,,,,,,,,
2017-11-16T12:53,2017-11-16T13:00,24,train,0,2017,11,12,18,2017-11-15T19:00,,,,,,,,,,,2918.0,67.75,47.375,24.25,67.75,1365.4549560546875,1226.927734375,31300.0,87000.0,9591.595703125,6.952940464019775,251.26229858398438,264.8033447265625,271.3058776855469,273.75433349609375,277.6724548339844,5474.580078125,2933.994140625,1404.55126953125,90.62438201904297,270.78350830078125,96.69999694824219,259.77935791015625,850.239990234375,1000.0,0.00039999998989515007,1.090000033378601,,,,,,,,,,,,,,,,,,,,,,,,,,,,,,,,,,,,,,,,,,,,,,,,,,,,,,,,,,,,,,,,,,,,,,,,,,,,,,,,,,,,,,,,,,,,,,,,,,,,,,,,,,,,,,,,,,
2017-11-16T12:53,2017-11-16T13:00,48,train,0,2017,11,12,18,2017-11-15T19:00,,,,,,,,,,,2918.0,67.75,47.375,24.25,67.75,1365.4549560546875,1226.927734375,31300.0,87000.0,9591.595703125,6.952940464019775,251.26229858398438,264.8033447265625,271.3058776855469,273.75433349609375,277.6724548339844,5474.580078125,2933.994140625,1404.55126953125,90.62438201904297,270.78350830078125,96.69999694824219,259.77935791015625,850.239990234375,1000.0,0.00039999998989515007,1.090000033378601,,,,,,,,,,,,,,,,,,,,,,,,,,,,,,,,,,,,,,,,,,,,,,,,,,,,,,,,,,,,,,,,,,,,,,,,,,,,,,,,,,,,,,,,,,,,,,,,,,,,,,,,,,,,,,,,,,
2017-11-28T02:53,2017-11-28T03:00,1,train,1,2017,11,2,1,2017-11-28T02:00,,,,,,,,,,,-999.0,3.125,3.125,0.0,0.0,nan,nan,nan,nan,nan,5.71377420425415,252.3526611328125,263.83453369140625,260.650146484375,261.93280029296875,265.7697448730469,5488.27978515625,2928.761962890625,1436.2049560546875,165.40463256835938,259.85040283203125,76.30000305175781,186.9016571044922,0.0,12900.0,0.0,0.003000000026077032,,,,,,,,,,,,,,,,,,,,,,,,,,,,,,,,,,,,,,,,,,,,,,,,,,,,,,,,,,,,,,,,,,,,,,,,,,,,,,,,,,,,,,,,,,,,,,,,,,,,,,,,,,,,,,,,,,
2017-11-28T02:53,2017-11-28T03:00,48,train,1,2017,11,2,18,2017-11-27T09:00,,,,,,,,,,,-999.0,1.125,1.125,0.0,0.0,nan,nan,nan,nan,nan,3.348693609237671,253.26254272460938,263.04083251953125,262.1656799316406,263.55523681640625,267.1492614746094,5497.01953125,2939.5078125,1446.5396728515625,171.2027587890625,260.89532470703125,67.30000305175781,202.86871337890625,0.0,16700.0,0.0,1.659999966621399,,,,,,,,,,,,,,,,,,,,,,,,,,,,,,,,,,,,,,,,,,,,,,,,,,,,,,,,,,,,,,,,,,,,,,,,,,,,,,,,,,,,,,,,,,,,,,,,,,,,,,,,,,,,,,,,,,
2017-11-28T02:53,2017-11-28T03:00,24,train,1,2017,11,2,18,2017-11-27T09:00,,,,,,,,,,,-999.0,1.125,1.125,0.0,0.0,nan,nan,nan,nan,nan,3.348693609237671,253.26254272460938,263.04083251953125,262.1656799316406,263.55523681640625,267.1492614746094,5497.01953125,2939.5078125,1446.5396728515625,171.2027587890625,260.89532470703125,67.30000305175781,202.86871337890625,0.0,16700.0,0.0,1.659999966621399,,,,,,,,,,,,,,,,,,,,,,,,,,,,,,,,,,,,,,,,,,,,,,,,,,,,,,,,,,,,,,,,,,,,,,,,,,,,,,,,,,,,,,,,,,,,,,,,,,,,,,,,,,,,,,,,,,
2017-12-18T02:56,2017-12-18T03:00,1,train,0,2017,12,2,1,2017-12-18T02:00,,,,,,,,,,,-999.0,0.0,0.0,0.0,0.0,nan,nan,nan,nan,nan,1.7203704118728638,249.43373107910156,262.80322265625,264.5820007324219,264.2611083984375,267.6043701171875,5470.7529296875,2949.208984375,1447.927978515625,171.21632385253906,261.91485595703125,30.200000762939453,84.02254486083984,0.0,42400.0,0.0,0.0,,,,,,,,,,,,,,,,,,,,,,,,,,,,,,,,,,,,,,,,,,,,,,,,,,,,,,,,,,,,,,,,,,,,,,,,,,,,,,,,,,,,,,,,,,,,,,,,,,,,,,,,,,,,,,,,,,
2017-12-18T02:56,2017-12-18T03:00,24,train,0,2017,12,2,18,2017-12-17T09:00,,,,,,,,,,,-999.0,0.625,0.0,0.0,0.625,nan,nan,nan,nan,nan,1.8389114141464233,250.04244995117188,262.2832946777344,263.68402099609375,264.2548828125,267.80889892578125,5470.0869140625,2945.07763671875,1448.80126953125,172.98338317871094,261.0128173828125,36.79999923706055,99.47689819335938,0.0,35500.0,0.0,0.0,,,,,,,,,,,,,,,,,,,,,,,,,,,,,,,,,,,,,,,,,,,,,,,,,,,,,,,,,,,,,,,,,,,,,,,,,,,,,,,,,,,,,,,,,,,,,,,,,,,,,,,,,,,,,,,,,,
2017-12-18T02:56,2017-12-18T03:00,48,train,0,2017,12,2,18,2017-12-17T09:00,,,,,,,,,,,-999.0,0.625,0.0,0.0,0.625,nan,nan,nan,nan,nan,1.8389114141464233,250.04244995117188,262.2832946777344,263.68402099609375,264.2548828125,267.80889892578125,5470.0869140625,2945.07763671875,1448.80126953125,172.98338317871094,261.0128173828125,36.79999923706055,99.47689819335938,0.0,35500.0,0.0,0.0,,,,,,,,,,,,,,,,,,,,,,,,,,,,,,,,,,,,,,,,,,,,,,,,,,,,,,,,,,,,,,,,,,,,,,,,,,,,,,,,,,,,,,,,,,,,,,,,,,,,,,,,,,,,,,,,,,
2018-01-03T02:54,2018-01-03T03:00,1,train,0,2018,1,2,2,2018-01-03T01:00,,,,,,,,,,,-999.0,18.875,18.875,0.0,0.0,1241.482666015625,1225.8450927734375,76700.0,87000.0,2275.769287109375,3.6901357173919678,245.82484436035156,249.10858154296875,255.79037475585938,259.397216796875,263.0618591308594,5278.3837890625,2827.325439453125,1397.588623046875,157.81369018554688,256.11016845703125,83.5,431.2576904296875,0.0,700.0,0.0,0.07999999821186066,,,,,,,,,,,,,,,,,,,,,,,,,,,,,,,,,,,,,,,,,,,,,,,,,,,,,,,,,,,,,,,,,,,,,,,,,,,,,,,,,,,,,,,,,,,,,,,,,,,,,,,,,,,,,,,,,,
2018-01-03T02:54,2018-01-03T03:00,48,train,0,2018,1,2,18,2018-01-02T09:00,,,,,,,,,,,-999.0,24.25,24.25,0.0,0.0,1241.5240478515625,1225.8385009765625,78800.0,86900.0,2309.321533203125,4.701479434967041,245.17877197265625,249.64999389648438,255.83518981933594,259.87786865234375,263.6226806640625,5267.6064453125,2823.004638671875,1390.028564453125,147.83132934570312,256.40545654296875,84.80000305175781,432.5541076660156,0.0,200.0,0.0,0.8799999952316284,,,,,,,,,,,,,,,,,,,,,,,,,,,,,,,,,,,,,,,,,,,,,,,,,,,,,,,,,,,,,,,,,,,,,,,,,,,,,,,,,,,,,,,,,,,,,,,,,,,,,,,,,,,,,,,,,,
2018-01-03T02:54,2018-01-03T03:00,24,train,0,2018,1,2,18,2018-01-02T09:00,,,,,,,,,,,-999.0,24.25,24.25,0.0,0.0,1241.5240478515625,1225.8385009765625,78800.0,86900.0,2309.321533203125,4.701479434967041,245.17877197265625,249.64999389648438,255.83518981933594,259.87786865234375,263.6226806640625,5267.6064453125,2823.004638671875,1390.028564453125,147.83132934570312,256.40545654296875,84.80000305175781,432.5541076660156,0.0,200.0,0.0,0.8799999952316284,,,,,,,,,,,,,,,,,,,,,,,,,,,,,,,,,,,,,,,,,,,,,,,,,,,,,,,,,,,,,,,,,,,,,,,,,,,,,,,,,,,,,,,,,,,,,,,,,,,,,,,,,,,,,,,,,,
2018-01-12T13:50,2018-01-12T14:00,1,train,0,2018,1,13,1,2018-01-12T13:00,,,,,,,,,,,-999.0,50.125,49.375,13.875,50.125,1245.048095703125,1227.8204345703125,31500.0,87700.0,10376.4462890625,10.547414779663086,259.42108154296875,275.8911437988281,281.858154296875,283.27496337890625,287.10302734375,5693.2509765625,3052.908935546875,1459.5791015625,95.1371078491211,279.6607971191406,96.0,393.2142639160156,3592.0,0.0,0.0,0.1720000058412552,,,,,,,,,,,,,,,,,,,,,,,,,,,,,,,,,,,,,,,,,,,,,,,,,,,,,,,,,,,,,,,,,,,,,,,,,,,,,,,,,,,,,,,,,,,,,,,,,,,,,,,,,,,,,,,,,,
2018-01-12T13:50,2018-01-12T14:00,24,train,0,2018,1,13,18,2018-01-11T20:00,,,,,,,,,,,-999.0,93.875,51.0,39.0,93.875,1245.0035400390625,1227.7144775390625,27400.0,87700.0,12934.4716796875,10.405595779418945,259.7694396972656,274.88189697265625,281.4553527832031,282.6189270019531,286.3182373046875,5686.7158203125,3047.343994140625,1456.828369140625,94.1626205444336,279.0697937011719,96.30000305175781,363.5730285644531,3309.360107421875,0.0,0.0,2.549999952316284,,,,,,,,,,,,,,,,,,,,,,,,,,,,,,,,,,,,,,,,,,,,,,,,,,,,,,,,,,,,,,,,,,,,,,,,,,,,,,,,,,,,,,,,,,,,,,,,,,,,,,,,,,,,,,,,,,
2018-01-12T13:50,2018-01-12T14:00,48,train,0,2018,1,13,18,2018-01-11T20:00,,,,,,,,,,,-999.0,93.875,51.0,39.0,93.875,1245.0035400390625,1227.7144775390625,27400.0,87700.0,12934.4716796875,10.405595779418945,259.7694396972656,274.88189697265625,281.4553527832031,282.6189270019531,286.3182373046875,5686.7158203125,3047.343994140625,1456.828369140625,94.1626205444336,279.0697937011719,96.30000305175781,363.5730285644531,3309.360107421875,0.0,0.0,2.549999952316284,,,,,,,,,,,,,,,,,,,,,,,,,,,,,,,,,,,,,,,,,,,,,,,,,,,,,,,,,,,,,,,,,,,,,,,,,,,,,,,,,,,,,,,,,,,,,,,,,,,,,,,,,,,,,,,,,,
2018-01-21T15:59,2018-01-21T16:00,1,train,0,2018,1,15,1,2018-01-21T15:00,,,,,,,,,,,-999.0,6.75,6.75,0.0,0.0,nan,nan,nan,nan,nan,7.747271537780762,252.17800903320312,265.6109313964844,267.7560119628906,270.97796630859375,275.17510986328125,5523.90234375,2960.82470703125,1443.55615234375,139.9591064453125,268.5395812988281,90.19999694824219,321.0471496582031,503.5199890136719,9400.0,0.0,0.02199999988079071,,,,,,,,,,,,,,,,,,,,,,,,,,,,,,,,,,,,,,,,,,,,,,,,,,,,,,,,,,,,,,,,,,,,,,,,,,,,,,,,,,,,,,,,,,,,,,,,,,,,,,,,,,,,,,,,,,
2018-01-21T15:59,2018-01-21T16:00,24,train,0,2018,1,15,18,2018-01-20T22:00,,,,,,,,,,,-999.0,4.25,0.875,4.25,0.0,nan,3426.533203125,46500.0,65900.0,nan,6.691190242767334,251.8916473388672,263.84295654296875,266.6199951171875,269.5377197265625,273.6531982421875,5505.42626953125,2954.783447265625,1445.5458984375,149.35986328125,267.1343994140625,85.9000015258789,343.415283203125,283.20001220703125,10200.0,0.0,0.3400000035762787,,,,,,,,,,,,,,,,,,,,,,,,,,,,,,,,,,,,,,,,,,,,,,,,,,,,,,,,,,,,,,,,,,,,,,,,,,,,,,,,,,,,,,,,,,,,,,,,,,,,,,,,,,,,,,,,,,
2018-01-21T15:59,2018-01-21T16:00,48,train,0,2018,1,15,18,2018-01-20T22:00,,,,,,,,,,,-999.0,4.25,0.875,4.25,0.0,nan,3426.533203125,46500.0,65900.0,nan,6.691190242767334,251.8916473388672,263.84295654296875,266.6199951171875,269.5377197265625,273.6531982421875,5505.42626953125,2954.783447265625,1445.5458984375,149.35986328125,267.1343994140625,85.9000015258789,343.415283203125,283.20001220703125,10200.0,0.0,0.3400000035762787,,,,,,,,,,,,,,,,,,,,,,,,,,,,,,,,,,,,,,,,,,,,,,,,,,,,,,,,,,,,,,,,,,,,,,,,,,,,,,,,,,,,,,,,,,,,,,,,,,,,,,,,,,,,,,,,,,
2018-01-30T12:52,2018-01-30T13:00,1,train,0,2018,1,12,1,2018-01-30T12:00,,,,,,,,,,,-999.0,7.5,0.0,7.5,0.5,nan,3366.3388671875,39300.0,65400.0,nan,3.4344465732574463,243.83889770507812,256.4418029785156,262.69842529296875,264.5052185058594,268.28265380859375,5334.30517578125,2863.33447265625,1385.9122314453125,117.88441467285156,261.6455993652344,47.20000076293945,190.6278533935547,0.0,28200.0,0.0,0.0,,,,,,,,,,,,,,,,,,,,,,,,,,,,,,,,,,,,,,,,,,,,,,,,,,,,,,,,,,,,,,,,,,,,,,,,,,,,,,,,,,,,,,,,,,,,,,,,,,,,,,,,,,,,,,,,,,
2018-01-30T12:52,2018-01-30T13:00,24,train,0,2018,1,12,18,2018-01-29T19:00,,,,,,,,,,,-999.0,32.375,0.0,32.375,0.0,nan,2417.197021484375,39200.0,74200.0,nan,2.4737372398376465,243.99795532226562,256.7925109863281,261.73211669921875,263.52685546875,267.24847412109375,5322.8583984375,2853.796875,1376.4647216796875,109.89936828613281,260.58001708984375,68.80000305175781,196.26065063476562,0.0,15900.0,0.0,0.019999999552965164,,,,,,,,,,,,,,,,,,,,,,,,,,,,,,,,,,,,,,,,,,,,,,,,,,,,,,,,,,,,,,,,,,,,,,,,,,,,,,,,,,,,,,,,,,,,,,,,,,,,,,,,,,,,,,,,,,
2018-01-30T12:52,2018-01-30T13:00,48,train,0,2018,1,12,18,2018-01-29T19:00,,,,,,,,,,,-999.0,32.375,0.0,32.375,0.0,nan,2417.197021484375,39200.0,74200.0,nan,2.4737372398376465,243.99795532226562,256.7925109863281,261.73211669921875,263.52685546875,267.24847412109375,5322.8583984375,2853.796875,1376.4647216796875,109.89936828613281,260.58001708984375,68.80000305175781,196.26065063476562,0.0,15900.0,0.0,0.019999999552965164,,,,,,,,,,,,,,,,,,,,,,,,,,,,,,,,,,,,,,,,,,,,,,,,,,,,,,,,,,,,,,,,,,,,,,,,,,,,,,,,,,,,,,,,,,,,,,,,,,,,,,,,,,,,,,,,,,
2018-03-09T12:56,2018-03-09T13:00,1,train,0,2018,3,12,1,2018-03-09T12:00,,,,,,,,,,,-999.0,20.125,20.125,0.0,0.0,1396.6488037109375,1600.199462890625,81600.0,81600.0,1774.6962890625,1.3886170387268066,241.88409423828125,255.69485473632812,262.0252380371094,266.50335693359375,270.4958801269531,5211.4365234375,2755.01171875,1284.24462890625,10.764310836791992,263.41021728515625,92.4000015258789,512.65576171875,0.0,8100.0,0.0,0.04100000113248825,,,,,,,,,,,,,,,,,,,,,,,,,,,,,,,,,,,,,,,,,,,,,,,,,,,,,,,,,,,,,,,,,,,,,,,,,,,,,,,,,,,,,,,,,,,,,,,,,,,,,,,,,,,,,,,,,,
2018-03-09T12:56,2018-03-09T13:00,24,train,0,2018,3,12,18,2018-03-08T19:00,,,,,,,,,,,-999.0,1.375,1.375,0.0,0.0,nan,nan,nan,nan,nan,1.108734369277954,241.82156372070312,255.2886505126953,263.14892578125,267.16357421875,271.0776672363281,5200.466796875,2747.8896484375,1275.50439453125,1.2318496704101562,264.15106201171875,83.9000015258789,276.0993347167969,0.0,11300.0,0.0,1.6299999952316284,,,,,,,,,,,,,,,,,,,,,,,,,,,,,,,,,,,,,,,,,,,,,,,,,,,,,,,,,,,,,,,,,,,,,,,,,,,,,,,,,,,,,,,,,,,,,,,,,,,,,,,,,,,,,,,,,,
2018-03-09T12:56,2018-03-09T13:00,48,train,0,2018,3,12,18,2018-03-08T19:00,,,,,,,,,,,-999.0,1.375,1.375,0.0,0.0,nan,nan,nan,nan,nan,1.108734369277954,241.82156372070312,255.2886505126953,263.14892578125,267.16357421875,271.0776672363281,5200.466796875,2747.8896484375,1275.50439453125,1.2318496704101562,264.15106201171875,83.9000015258789,276.0993347167969,0.0,11300.0,0.0,1.6299999952316284,,,,,,,,,,,,,,,,,,,,,,,,,,,,,,,,,,,,,,,,,,,,,,,,,,,,,,,,,,,,,,,,,,,,,,,,,,,,,,,,,,,,,,,,,,,,,,,,,,,,,,,,,,,,,,,,,,
2018-03-28T06:56,2018-03-28T07:00,1,train,0,2018,3,6,1,2018-03-28T06:00,,,,,,,,,,,4511.0,100.0,45.75,96.375,100.0,2922.65869140625,1227.07421875,24100.0,87700.0,12796.0693359375,5.78489351272583,257.146240234375,269.2996826171875,272.43328857421875,274.3152160644531,278.2083740234375,5614.4013671875,3013.2666015625,1468.489990234375,146.79750061035156,271.7397766113281,79.19999694824219,159.6295166015625,993.1199951171875,2300.0,0.00019999999494757503,0.671999990940094,,,,,,,,,,,,,,,,,,,,,,,,,,,,,,,,,,,,,,,,,,,,,,,,,,,,,,,,,,,,,,,,,,,,,,,,,,,,,,,,,,,,,,,,,,,,,,,,,,,,,,,,,,,,,,,,,,
2018-03-28T06:56,2018-03-28T07:00,24,train,0,2018,3,6,18,2018-03-27T13:00,,,,,,,,,,,-999.0,100.0,8.875,99.5,100.0,5615.861328125,1999.8057861328125,22600.0,79500.0,12369.953125,4.533536911010742,257.2056884765625,269.27984619140625,273.6812438964844,275.48828125,279.0968933105469,5609.5703125,3003.079345703125,1459.565673828125,136.62326049804688,272.9495544433594,27.5,142.02572631835938,1181.43994140625,47200.0,0.0,0.0,,,,,,,,,,,,,,,,,,,,,,,,,,,,,,,,,,,,,,,,,,,,,,,,,,,,,,,,,,,,,,,,,,,,,,,,,,,,,,,,,,,,,,,,,,,,,,,,,,,,,,,,,,,,,,,,,,
2018-03-28T06:56,2018-03-28T07:00,48,train,0,2018,3,6,18,2018-03-27T13:00,,,,,,,,,,,-999.0,100.0,8.875,99.5,100.0,5615.861328125,1999.8057861328125,22600.0,79500.0,12369.953125,4.533536911010742,257.2056884765625,269.27984619140625,273.6812438964844,275.48828125,279.0968933105469,5609.5703125,3003.079345703125,1459.565673828125,136.62326049804688,272.9495544433594,27.5,142.02572631835938,1181.43994140625,47200.0,0.0,0.0,,,,,,,,,,,,,,,,,,,,,,,,,,,,,,,,,,,,,,,,,,,,,,,,,,,,,,,,,,,,,,,,,,,,,,,,,,,,,,,,,,,,,,,,,,,,,,,,,,,,,,,,,,,,,,,,,,
2018-08-06T13:55,2018-08-06T14:00,1,train,0,2018,8,13,1,2018-08-06T13:00,,,,,,,,,,,-999.0,0.0,0.0,0.0,0.0,nan,nan,nan,nan,nan,6.748441696166992,265.03692626953125,280.75933837890625,292.33050537109375,296.050048828125,300.42169189453125,5873.57666015625,3193.9716796875,1559.9376220703125,146.81649780273438,293.9881591796875,49.900001525878906,178.8826141357422,4265.23876953125,41700.0,0.0,0.0,,,,,,,,,,,,,,,,,,,,,,,,,,,,,,,,,,,,,,,,,,,,,,,,,,,,,,,,,,,,,,,,,,,,,,,,,,,,,,,,,,,,,,,,,,,,,,,,,,,,,,,,,,,,,,,,,,
2018-09-02T10:50,2018-09-02T11:00,1,train,0,2018,9,10,1,2018-09-02T10:00,,,,,,,,,,,-999.0,18.875,18.875,0.0,0.0,1246.1824951171875,1228.3426513671875,88500.0,88800.0,1295.129638671875,8.323481559753418,265.2896728515625,280.41400146484375,286.9105224609375,290.05511474609375,293.830810546875,5890.8876953125,3202.799560546875,1586.0208740234375,193.00759887695312,287.1573181152344,99.5,410.1023254394531,4554.5810546875,500.0,0.0,0.0,,,,,,,,,,,,,,,,,,,,,,,,,,,,,,,,,,,,,,,,,,,,,,,,,,,,,,,,,,,,,,,,,,,,,,,,,,,,,,,,,,,,,,,,,,,,,,,,,,,,,,,,,,,,,,,,,,
2018-08-06T13:55,2018-08-06T14:00,48,train,0,2018,8,13,32,2018-08-05T06:00,,,,,,,,,,,-999.0,27.625,0.0,0.0,27.625,nan,nan,nan,nan,nan,7.099440097808838,263.50384521484375,280.0976257324219,290.8686218261719,295.92156982421875,300.6739807128906,5874.2939453125,3195.8876953125,1568.06494140625,155.3654022216797,292.8414306640625,75.5,280.961669921875,4553.5390625,21200.0,0.0,0.0,,,,,,,,,,,,,,,,,,,,,,,,,,,,,,,,,,,,,,,,,,,,,,,,,,,,,,,,,,,,,,,,,,,,,,,,,,,,,,,,,,,,,,,,,,,,,,,,,,,,,,,,,,,,,,,,,,
2018-08-06T13:55,2018-08-06T14:00,24,train,0,2018,8,13,26,2018-08-05T12:00,,,,,,,,,,,-999.0,0.0,0.0,0.0,0.0,nan,nan,nan,nan,nan,5.511551856994629,264.6905517578125,280.0184631347656,291.07623291015625,296.3082275390625,300.9819030761719,5875.3056640625,3196.5107421875,1567.1961669921875,153.65048217773438,293.4917297363281,72.30000305175781,331.7109375,4450.8466796875,23300.0,0.0,0.0,,,,,,,,,,,,,,,,,,,,,,,,,,,,,,,,,,,,,,,,,,,,,,,,,,,,,,,,,,,,,,,,,,,,,,,,,,,,,,,,,,,,,,,,,,,,,,,,,,,,,,,,,,,,,,,,,,
2018-09-02T10:50,2018-09-02T11:00,24,train,0,2018,9,10,23,2018-09-01T12:00,,,,,,,,,,,-999.0,61.625,0.625,0.0,61.625,12545.5224609375,nan,nan,nan,14307.4267578125,5.788172245025635,264.95916748046875,279.5128173828125,287.08843994140625,291.09490966796875,294.9493103027344,5889.99658203125,3204.8466796875,1591.160400390625,197.3050079345703,288.5962829589844,72.5999984741211,173.886474609375,4477.7490234375,21700.0,0.0,0.0,,,,,,,,,,,,,,,,,,,,,,,,,,,,,,,,,,,,,,,,,,,,,,,,,,,,,,,,,,,,,,,,,,,,,,,,,,,,,,,,,,,,,,,,,,,,,,,,,,,,,,,,,,,,,,,,,,
2018-09-02T10:50,2018-09-02T11:00,48,train,0,2018,9,10,35,2018-09-01T00:00,,,,,,,,,,,-999.0,98.625,2.0,0.0,98.625,11795.7001953125,nan,nan,nan,13731.947265625,7.175764083862305,264.79461669921875,279.607421875,286.8725280761719,290.6005859375,294.449462890625,5884.70849609375,3199.89697265625,1586.556396484375,194.38555908203125,288.1819152832031,69.5,158.6240997314453,4473.22509765625,23600.0,0.0,0.0,,,,,,,,,,,,,,,,,,,,,,,,,,,,,,,,,,,,,,,,,,,,,,,,,,,,,,,,,,,,,,,,,,,,,,,,,,,,,,,,,,,,,,,,,,,,,,,,,,,,,,,,,,,,,,,,,,
2018-09-21T01:53,2018-09-21T02:00,1,train,1,2018,9,1,1,2018-09-21T01:00,,,,,,,,,,,-999.0,22.25,22.25,2.0,0.0,nan,nan,nan,nan,nan,2.2472434043884277,261.12158203125,275.4667053222656,280.19830322265625,283.5753173828125,287.7242126464844,5790.33740234375,3143.2314453125,1557.973388671875,195.81809997558594,280.2586975097656,88.19999694824219,204.1304931640625,3634.79931640625,13200.0,0.0,0.0,,,,,,,,,,,,,,,,,,,,,,,,,,,,,,,,,,,,,,,,,,,,,,,,,,,,,,,,,,,,,,,,,,,,,,,,,,,,,,,,,,,,,,,,,,,,,,,,,,,,,,,,,,,,,,,,,,
2018-09-21T01:53,2018-09-21T02:00,24,train,1,2018,9,1,26,2018-09-20T00:00,,,,,,,,,,,-999.0,0.25,0.25,0.0,0.0,nan,nan,nan,nan,nan,2.725780487060547,261.22100830078125,275.5168151855469,281.2175598144531,284.6298828125,288.7955322265625,5800.3935546875,3155.33544921875,1569.0780029296875,202.59556579589844,281.8400573730469,75.5,101.16888427734375,3685.630126953125,20600.0,0.0,0.7599999904632568,,,,,,,,,,,,,,,,,,,,,,,,,,,,,,,,,,,,,,,,,,,,,,,,,,,,,,,,,,,,,,,,,,,,,,,,,,,,,,,,,,,,,,,,,,,,,,,,,,,,,,,,,,,,,,,,,,
2018-09-21T01:53,2018-09-21T02:00,48,train,1,2018,9,1,32,2018-09-19T18:00,,,,,,,,,,,-999.0,37.875,4.75,37.875,0.0,6205.880859375,5263.14892578125,40200.0,53600.0,7764.958984375,3.4896810054779053,261.3315734863281,275.7012023925781,281.4723205566406,284.66058349609375,288.6669006347656,5800.20556640625,3152.183349609375,1564.595703125,198.05628967285156,282.23248291015625,71.5999984741211,96.57926940917969,3700.2265625,22500.0,0.0,0.7599999904632568,,,,,,,,,,,,,,,,,,,,,,,,,,,,,,,,,,,,,,,,,,,,,,,,,,,,,,,,,,,,,,,,,,,,,,,,,,,,,,,,,,,,,,,,,,,,,,,,,,,,,,,,,,,,,,,,,,
2018-10-10T09:51,2018-10-10T10:00,1,train,0,2018,10,9,1,2018-10-10T09:00,,,,,,,,,,,-999.0,12.5,12.5,0.0,0.0,nan,nan,nan,nan,nan,9.974983215332031,263.7085876464844,279.61669921875,288.9242858886719,291.7882080078125,295.8235168457031,5831.61767578125,3155.46630859375,1532.65380859375,132.1378173828125,288.0320129394531,95.19999694824219,183.8112030029297,4476.47998046875,12200.0,0.0,0.019999999552965164,,,,,,,,,,,,,,,,,,,,,,,,,,,,,,,,,,,,,,,,,,,,,,,,,,,,,,,,,,,,,,,,,,,,,,,,,,,,,,,,,,,,,,,,,,,,,,,,,,,,,,,,,,,,,,,,,,
2018-10-10T09:51,2018-10-10T10:00,24,train,0,2018,10,9,22,2018-10-09T12:00,,,,,,,,,,,-999.0,28.375,12.25,0.0,28.375,1295.6759033203125,nan,nan,nan,1374.4571533203125,8.203370094299316,263.498046875,278.97686767578125,288.0528564453125,291.66009521484375,295.8323669433594,5830.0107421875,3157.23681640625,1539.63916015625,141.17686462402344,288.26031494140625,99.4000015258789,244.02577209472656,4422.72021484375,3800.0,0.0,0.46000000834465027,,,,,,,,,,,,,,,,,,,,,,,,,,,,,,,,,,,,,,,,,,,,,,,,,,,,,,,,,,,,,,,,,,,,,,,,,,,,,,,,,,,,,,,,,,,,,,,,,,,,,,,,,,,,,,,,,,
2018-10-10T09:51,2018-10-10T10:00,48,train,0,2018,10,9,34,2018-10-09T00:00,,,,,,,,,,,-999.0,11.125,4.125,0.25,11.125,1376.4476318359375,nan,nan,nan,nan,8.319443702697754,263.7733154296875,278.40167236328125,287.791748046875,291.3611755371094,295.4161376953125,5828.7412109375,3155.7744140625,1540.6578369140625,143.82525634765625,287.95806884765625,96.4000015258789,247.41163635253906,4462.240234375,12200.0,0.0,0.0,,,,,,,,,,,,,,,,,,,,,,,,,,,,,,,,,,,,,,,,,,,,,,,,,,,,,,,,,,,,,,,,,,,,,,,,,,,,,,,,,,,,,,,,,,,,,,,,,,,,,,,,,,,,,,,,,,
2018-11-10T15:51,2018-11-10T16:00,1,train,0,2018,11,15,1,2018-11-10T15:00,,,,,,,,,,,1626.199951171875,68.75,68.75,6.125,0.0,1243.481201171875,1226.91552734375,76600.0,86400.0,1702.7674560546875,7.859560966491699,253.02328491210938,261.79412841796875,269.97491455078125,274.3126220703125,278.4345703125,5416.8291015625,2861.494873046875,1352.20361328125,44.200653076171875,270.82666015625,99.0999984741211,444.7930908203125,850.4000244140625,100.0,0.0003000000142492354,0.7260000109672546,,,,,,,,,,,,,,,,,,,,,,,,,,,,,,,,,,,,,,,,,,,,,,,,,,,,,,,,,,,,,,,,,,,,,,,,,,,,,,,,,,,,,,,,,,,,,,,,,,,,,,,,,,,,,,,,,,
2018-12-04T13:49,2018-12-04T14:00,1,train,0,2018,12,13,1,2018-12-04T13:00,,,,,,,,,,,-999.0,18.375,18.375,0.0,0.0,1241.830322265625,1226.0966796875,84900.0,86400.0,1452.516845703125,15.459015846252441,242.39352416992188,257.053466796875,260.8182067871094,263.6301574707031,267.6636657714844,5288.296875,2828.199462890625,1352.4813232421875,84.26646423339844,259.0144958496094,87.30000305175781,171.49453735351562,0.0,3800.0,0.0,0.1120000034570694,,,,,,,,,,,,,,,,,,,,,,,,,,,,,,,,,,,,,,,,,,,,,,,,,,,,,,,,,,,,,,,,,,,,,,,,,,,,,,,,,,,,,,,,,,,,,,,,,,,,,,,,,,,,,,,,,,
2018-11-10T15:51,2018-11-10T16:00,24,train,0,2018,11,15,22,2018-11-09T18:00,,,,,,,,,,,1846.199951171875,87.125,87.125,3.875,0.0,1243.5609130859375,1227.0330810546875,76400.0,86200.0,2166.3583984375,5.5331711769104,252.93919372558594,261.77960205078125,269.8638916015625,274.4571533203125,278.5214538574219,5384.03125,2835.814453125,1325.709716796875,18.180130004882812,271.1902770996094,98.5999984741211,575.7528686523438,907.8400268554688,500.0,0.00039999998989515007,47.9900016784668,,,,,,,,,,,,,,,,,,,,,,,,,,,,,,,,,,,,,,,,,,,,,,,,,,,,,,,,,,,,,,,,,,,,,,,,,,,,,,,,,,,,,,,,,,,,,,,,,,,,,,,,,,,,,,,,,,
2018-11-10T15:51,2018-11-10T16:00,48,train,0,2018,11,15,34,2018-11-09T06:00,,,,,,,,,,,2471.800048828125,97.5,97.5,7.25,0.0,1440.1728515625,1227.10400390625,69100.0,86200.0,2949.25244140625,2.4573347568511963,254.07760620117188,262.1930847167969,270.6771240234375,274.2108154296875,278.1386413574219,5398.064453125,2844.08251953125,1325.757080078125,17.38654327392578,272.1172180175781,93.5,528.1986083984375,1055.3599853515625,2400.0,0.00019999999494757503,47.439998626708984,,,,,,,,,,,,,,,,,,,,,,,,,,,,,,,,,,,,,,,,,,,,,,,,,,,,,,,,,,,,,,,,,,,,,,,,,,,,,,,,,,,,,,,,,,,,,,,,,,,,,,,,,,,,,,,,,,
2018-12-04T13:49,2018-12-04T14:00,24,train,0,2018,12,13,26,2018-12-03T12:00,,,,,,,,,,,-999.0,4.25,4.25,0.0,0.0,nan,nan,nan,nan,nan,13.56610107421875,242.1808319091797,256.3938293457031,259.0072326660156,261.7090759277344,265.7315673828125,5268.71435546875,2812.642578125,1343.86376953125,82.6265869140625,257.8990478515625,86.69999694824219,244.0418243408203,0.0,14300.0,0.0,2.4100000858306885,,,,,,,,,,,,,,,,,,,,,,,,,,,,,,,,,,,,,,,,,,,,,,,,,,,,,,,,,,,,,,,,,,,,,,,,,,,,,,,,,,,,,,,,,,,,,,,,,,,,,,,,,,,,,,,,,,
2018-12-04T13:49,2018-12-04T14:00,48,train,0,2018,12,13,32,2018-12-03T06:00,,,,,,,,,,,-999.0,8.375,8.375,0.0,0.0,nan,nan,nan,nan,nan,15.019227027893066,241.7672119140625,256.5911560058594,259.8729248046875,262.36541748046875,266.3061828613281,5265.8291015625,2814.332763671875,1341.700439453125,77.89966583251953,258.2327880859375,86.69999694824219,225.78009033203125,0.0,12700.0,0.0,3.940000057220459,,,,,,,,,,,,,,,,,,,,,,,,,,,,,,,,,,,,,,,,,,,,,,,,,,,,,,,,,,,,,,,,,,,,,,,,,,,,,,,,,,,,,,,,,,,,,,,,,,,,,,,,,,,,,,,,,,
2018-12-16T01:56,2018-12-16T02:00,1,train,0,2018,12,1,1,2018-12-16T01:00,,,,,,,,,,,-999.0,39.875,6.75,25.125,39.875,nan,nan,nan,nan,nan,3.9243247509002686,256.564697265625,272.39019775390625,273.1285400390625,273.03961181640625,276.59234619140625,5673.2001953125,3057.293701171875,1504.3970947265625,182.0251922607422,266.8678283691406,52.5,41.129722595214844,243.9199981689453,25700.0,0.0,0.0,,,,,,,,,,,,,,,,,,,,,,,,,,,,,,,,,,,,,,,,,,,,,,,,,,,,,,,,,,,,,,,,,,,,,,,,,,,,,,,,,,,,,,,,,,,,,,,,,,,,,,,,,,,,,,,,,,
2018-12-16T01:56,2018-12-16T02:00,24,train,0,2018,12,1,26,2018-12-15T00:00,,,,,,,,,,,-999.0,29.25,1.375,0.0,29.25,nan,nan,nan,nan,nan,6.49261999130249,255.83001708984375,269.99169921875,273.8211364746094,273.9114990234375,277.20318603515625,5655.84326171875,3055.78173828125,1509.8023681640625,188.2370147705078,271.59381103515625,32.79999923706055,94.86536407470703,968.7999877929688,61800.0,0.0,0.03999999910593033,,,,,,,,,,,,,,,,,,,,,,,,,,,,,,,,,,,,,,,,,,,,,,,,,,,,,,,,,,,,,,,,,,,,,,,,,,,,,,,,,,,,,,,,,,,,,,,,,,,,,,,,,,,,,,,,,,
2018-12-16T01:56,2018-12-16T02:00,48,train,0,2018,12,1,32,2018-12-14T18:00,,,,,,,,,,,-999.0,1.125,0.625,0.0,1.125,nan,nan,nan,nan,nan,6.17717981338501,255.6564178466797,268.6018371582031,271.9955749511719,272.97418212890625,276.3695983886719,5648.771484375,3053.709228515625,1518.2904052734375,202.52297973632812,270.6698303222656,37.79999923706055,92.39788055419922,830.8800048828125,53500.0,0.0,0.6700000166893005,,,,,,,,,,,,,,,,,,,,,,,,,,,,,,,,,,,,,,,,,,,,,,,,,,,,,,,,,,,,,,,,,,,,,,,,,,,,,,,,,,,,,,,,,,,,,,,,,,,,,,,,,,,,,,,,,,
2018-12-28T09:53,2018-12-28T10:00,1,train,0,2018,12,9,1,2018-12-28T09:00,,,,,,,,,,,4524.2001953125,100.0,64.625,58.0,100.0,1910.578857421875,1226.5352783203125,27200.0,88200.0,11676.1689453125,11.645099639892578,257.25677490234375,268.4754638671875,268.0196838378906,267.1715087890625,270.66632080078125,5634.21826171875,3039.29931640625,1504.806396484375,209.51882934570312,264.7685241699219,87.5,317.1207275390625,0.0,700.0,0.0005000000237487257,1.7200000286102295,,,,,,,,,,,,,,,,,,,,,,,,,,,,,,,,,,,,,,,,,,,,,,,,,,,,,,,,,,,,,,,,,,,,,,,,,,,,,,,,,,,,,,,,,,,,,,,,,,,,,,,,,,,,,,,,,,
2018-12-28T09:53,2018-12-28T10:00,24,train,0,2018,12,9,22,2018-12-27T12:00,,,,,,,,,,,6053.7998046875,100.0,6.625,100.0,100.0,3391.79541015625,1226.4818115234375,27200.0,88400.0,12135.6787109375,9.947875022888184,256.5738525390625,266.4346008300781,266.8482971191406,267.22283935546875,270.8184814453125,5630.51123046875,3040.8623046875,1521.3896484375,228.95053100585938,264.37933349609375,86.4000015258789,215.2239532470703,0.0,2300.0,9.999999747378752e-05,0.44999998807907104,,,,,,,,,,,,,,,,,,,,,,,,,,,,,,,,,,,,,,,,,,,,,,,,,,,,,,,,,,,,,,,,,,,,,,,,,,,,,,,,,,,,,,,,,,,,,,,,,,,,,,,,,,,,,,,,,,
2019-01-19T16:54,2019-01-19T17:00,1,train,0,2019,1,16,1,2019-01-19T16:00,,,,,,,,,,,-999.0,100.0,8.125,100.0,85.75,3025.639404296875,1226.0836181640625,40100.0,87600.0,9038.0126953125,1.6786730289459229,248.7467498779297,259.1051025390625,259.3729248046875,259.88177490234375,263.66766357421875,5435.79296875,2923.715087890625,1447.5166015625,190.9467010498047,259.8406982421875,80.19999694824219,414.6096496582031,0.0,19200.0,0.0,0.004999999888241291,,,,,,,,,,,,,,,,,,,,,,,,,,,,,,,,,,,,,,,,,,,,,,,,,,,,,,,,,,,,,,,,,,,,,,,,,,,,,,,,,,,,,,,,,,,,,,,,,,,,,,,,,,,,,,,,,,
2018-12-28T09:53,2018-12-28T10:00,48,train,0,2018,12,9,34,2018-12-27T00:00,,,,,,,,,,,4931.39990234375,100.0,34.5,100.0,100.0,2100.718017578125,1226.572265625,25600.0,88300.0,12495.998046875,9.821151733398438,256.57080078125,266.3498840332031,267.81671142578125,267.93023681640625,271.56005859375,5630.521484375,3045.3076171875,1521.631591796875,227.10687255859375,265.414306640625,87.69999694824219,231.41696166992188,15.680000305175781,900.0,0.00039999998989515007,1.0,,,,,,,,,,,,,,,,,,,,,,,,,,,,,,,,,,,,,,,,,,,,,,,,,,,,,,,,,,,,,,,,,,,,,,,,,,,,,,,,,,,,,,,,,,,,,,,,,,,,,,,,,,,,,,,,,,
2019-01-19T16:54,2019-01-19T17:00,24,train,0,2019,1,16,23,2019-01-18T18:00,,,,,,,,,,,-999.0,100.0,0.0,100.0,100.0,7011.48193359375,2903.109130859375,53300.0,70200.0,10540.0205078125,4.018880367279053,248.15359497070312,257.866943359375,259.3961181640625,259.2052001953125,262.743408203125,5421.4404296875,2922.9248046875,1450.39501953125,198.04995727539062,260.5145263671875,38.5,351.3934020996094,0.0,56400.0,0.0,0.8999999761581421,,,,,,,,,,,,,,,,,,,,,,,,,,,,,,,,,,,,,,,,,,,,,,,,,,,,,,,,,,,,,,,,,,,,,,,,,,,,,,,,,,,,,,,,,,,,,,,,,,,,,,,,,,,,,,,,,,
2019-03-02T08:53,2019-03-02T09:00,1,train,0,2019,3,8,1,2019-03-02T08:00,,,,,,,,,,,-999.0,100.0,0.0,100.0,100.0,5074.73681640625,5578.9150390625,30700.0,49500.0,10031.9775390625,4.471593379974365,249.44691467285156,264.93994140625,265.6180725097656,267.97998046875,271.56829833984375,5507.21923828125,2967.513671875,1456.69384765625,165.19618225097656,262.9653625488281,46.0,67.66096496582031,0.0,41900.0,0.0,0.0,,,,,,,,,,,,,,,,,,,,,,,,,,,,,,,,,,,,,,,,,,,,,,,,,,,,,,,,,,,,,,,,,,,,,,,,,,,,,,,,,,,,,,,,,,,,,,,,,,,,,,,,,,,,,,,,,,
2019-01-19T16:54,2019-01-19T17:00,48,train,0,2019,1,16,35,2019-01-18T06:00,,,,,,,,,,,-999.0,73.875,0.25,6.75,73.875,8503.2646484375,2612.873046875,53300.0,72900.0,9467.5712890625,3.3405537605285645,248.0249481201172,257.47076416015625,258.5417175292969,258.5656433105469,262.0860290527344,5418.0517578125,2921.21728515625,1452.5113525390625,203.1748046875,259.71051025390625,43.79999923706055,413.8671569824219,0.0,50100.0,0.0,2.690000057220459,,,,,,,,,,,,,,,,,,,,,,,,,,,,,,,,,,,,,,,,,,,,,,,,,,,,,,,,,,,,,,,,,,,,,,,,,,,,,,,,,,,,,,,,,,,,,,,,,,,,,,,,,,,,,,,,,,
2019-04-17T18:54,2019-04-17T19:00,1,train,0,2019,4,18,1,2019-04-17T18:00,,,,,,,,,,,-999.0,0.0,0.0,0.0,0.0,nan,nan,nan,nan,nan,3.770394802093506,249.22412109375,261.91827392578125,271.6457214355469,277.2431640625,281.74664306640625,5519.1201171875,3008.92724609375,1493.6959228515625,175.41917419433594,275.0451354980469,63.099998474121094,680.413330078125,1335.1199951171875,31700.0,0.0,0.0,,,,,,,,,,,,,,,,,,,,,,,,,,,,,,,,,,,,,,,,,,,,,,,,,,,,,,,,,,,,,,,,,,,,,,,,,,,,,,,,,,,,,,,,,,,,,,,,,,,,,,,,,,,,,,,,,,
2019-03-02T08:53,2019-03-02T09:00,48,train,0,2019,3,8,33,2019-03-01T00:00,,,,,,,,,,,-999.0,100.0,0.0,99.5,100.0,6203.74560546875,6583.23876953125,30700.0,43000.0,10728.044921875,0.8639671206474304,249.1215362548828,262.5802001953125,266.29241943359375,268.119384765625,271.64630126953125,5488.8173828125,2959.7783203125,1455.0355224609375,166.07777404785156,260.55670166015625,40.900001525878906,96.15569305419922,0.0,38700.0,0.0,0.0,,,,,,,,,,,,,,,,,,,,,,,,,,,,,,,,,,,,,,,,,,,,,,,,,,,,,,,,,,,,,,,,,,,,,,,,,,,,,,,,,,,,,,,,,,,,,,,,,,,,,,,,,,,,,,,,,,
2019-03-02T08:53,2019-03-02T09:00,24,train,0,2019,3,8,21,2019-03-01T12:00,,,,,,,,,,,-999.0,100.0,0.0,100.0,100.0,6063.630859375,6097.14013671875,30700.0,46100.0,11115.521484375,3.642230987548828,249.58834838867188,264.040771484375,266.44427490234375,268.114990234375,271.6102294921875,5504.705078125,2967.76318359375,1457.4375,166.4839324951172,261.71380615234375,46.29999923706055,94.03137969970703,0.0,34600.0,0.0,0.0,,,,,,,,,,,,,,,,,,,,,,,,,,,,,,,,,,,,,,,,,,,,,,,,,,,,,,,,,,,,,,,,,,,,,,,,,,,,,,,,,,,,,,,,,,,,,,,,,,,,,,,,,,,,,,,,,,
2019-04-17T18:54,2019-04-17T19:00,24,train,0,2019,4,18,25,2019-04-16T18:00,,,,,,,,,,,-999.0,0.0,0.0,0.0,0.0,nan,nan,nan,nan,nan,5.295105934143066,247.66143798828125,262.0416564941406,270.7867736816406,275.2415771484375,279.68780517578125,5515.8427734375,3009.4501953125,1495.053466796875,182.29556274414062,273.68292236328125,58.29999923706055,424.37322998046875,1225.52001953125,35000.0,0.0,1.840000033378601,,,,,,,,,,,,,,,,,,,,,,,,,,,,,,,,,,,,,,,,,,,,,,,,,,,,,,,,,,,,,,,,,,,,,,,,,,,,,,,,,,,,,,,,,,,,,,,,,,,,,,,,,,,,,,,,,,
2019-05-15T21:48,2019-05-15T22:00,1,train,0,2019,5,21,1,2019-05-15T21:00,,,,,,,,,,,-999.0,10.0,5.625,10.0,0.0,nan,nan,nan,nan,nan,8.013294219970703,249.82162475585938,265.355712890625,273.4263610839844,279.2115478515625,283.6298828125,5475.0703125,2928.3046875,1399.8709716796875,70.91401672363281,274.86016845703125,82.80000305175781,582.8818969726562,1392.6400146484375,17300.0,0.0,0.0,,,,,,,,,,,,,,,,,,,,,,,,,,,,,,,,,,,,,,,,,,,,,,,,,,,,,,,,,,,,,,,,,,,,,,,,,,,,,,,,,,,,,,,,,,,,,,,,,,,,,,,,,,,,,,,,,,
2019-04-17T18:54,2019-04-17T19:00,48,train,0,2019,4,18,31,2019-04-16T12:00,,,,,,,,,,,-999.0,4.5,0.0,0.0,4.5,nan,nan,nan,nan,nan,4.526078701019287,248.01992797851562,261.87713623046875,270.44696044921875,275.16058349609375,279.5594482421875,5507.490234375,2997.4912109375,1484.4881591796875,172.6460723876953,273.5078125,63.900001525878906,424.2386169433594,1215.6800537109375,30500.0,0.0,2.1700000762939453,,,,,,,,,,,,,,,,,,,,,,,,,,,,,,,,,,,,,,,,,,,,,,,,,,,,,,,,,,,,,,,,,,,,,,,,,,,,,,,,,,,,,,,,,,,,,,,,,,,,,,,,,,,,,,,,,,
2019-07-18T13:52,2019-07-18T14:00,1,train,1,2019,7,13,1,2019-07-18T13:00,,,,,,,,,,,-999.0,0.5,0.5,0.0,0.0,nan,nan,nan,nan,nan,3.950446128845215,266.228271484375,280.5154724121094,285.8392639160156,288.8301086425781,293.438232421875,5835.61328125,3139.1875,1524.377685546875,135.56761169433594,286.9311218261719,85.69999694824219,339.6724853515625,4695.111328125,17300.0,0.0,0.0,,,,,,,,,,,,,,,,,,,,,,,,,,,,,,,,,,,,,,,,,,,,,,,,,,,,,,,,,,,,,,,,,,,,,,,,,,,,,,,,,,,,,,,,,,,,,,,,,,,,,,,,,,,,,,,,,,
2019-05-15T21:48,2019-05-15T22:00,48,train,0,2019,5,21,34,2019-05-14T12:00,,,,,,,,,,,-999.0,7.25,7.25,0.5,0.0,1367.1109619140625,1469.504150390625,77000.0,84200.0,2419.37353515625,6.150900840759277,250.7295684814453,265.4827880859375,274.2244567871094,280.11907958984375,284.521484375,5481.15966796875,2930.845703125,1399.3212890625,66.68051147460938,275.4837646484375,94.4000015258789,541.7845458984375,1527.199951171875,12200.0,0.0,4.679999828338623,,,,,,,,,,,,,,,,,,,,,,,,,,,,,,,,,,,,,,,,,,,,,,,,,,,,,,,,,,,,,,,,,,,,,,,,,,,,,,,,,,,,,,,,,,,,,,,,,,,,,,,,,,,,,,,,,,
2019-05-15T21:48,2019-05-15T22:00,24,train,0,2019,5,21,22,2019-05-15T00:00,,,,,,,,,,,-999.0,2.5,2.5,1.875,0.0,nan,nan,nan,nan,nan,6.164865493774414,249.41119384765625,264.1348876953125,274.263916015625,280.27850341796875,284.6526794433594,5466.14111328125,2926.2451171875,1398.79150390625,68.21504974365234,276.1937561035156,78.0999984741211,889.2537231445312,1509.1199951171875,19600.0,0.0,0.3199999928474426,,,,,,,,,,,,,,,,,,,,,,,,,,,,,,,,,,,,,,,,,,,,,,,,,,,,,,,,,,,,,,,,,,,,,,,,,,,,,,,,,,,,,,,,,,,,,,,,,,,,,,,,,,,,,,,,,,
2019-09-22T20:50,2019-09-22T21:00,1,train,0,2019,9,20,1,2019-09-22T20:00,,,,,,,,,,,-999.0,17.0,0.0,17.0,3.125,5344.3955078125,nan,nan,nan,6434.0283203125,8.351310729980469,264.9557800292969,281.0329895019531,289.6368408203125,294.1244201660156,298.7649230957031,5835.29150390625,3144.589599609375,1518.9573974609375,111.75342559814453,290.1826171875,71.0,243.25730895996094,4519.01611328125,22900.0,0.0,0.0,,,,,,,,,,,,,,,,,,,,,,,,,,,,,,,,,,,,,,,,,,,,,,,,,,,,,,,,,,,,,,,,,,,,,,,,,,,,,,,,,,,,,,,,,,,,,,,,,,,,,,,,,,,,,,,,,,
2019-07-18T13:52,2019-07-18T14:00,48,train,1,2019,7,13,32,2019-07-17T06:00,,,,,,,,,,,-999.0,100.0,3.125,0.0,100.0,12001.5068359375,nan,nan,nan,13956.205078125,4.154079914093018,265.431396484375,280.2716369628906,285.4233703613281,288.6939697265625,293.312255859375,5826.68359375,3135.99169921875,1521.976318359375,133.54934692382812,287.07281494140625,84.80000305175781,454.1827392578125,4492.587890625,17300.0,0.0,4.949999809265137,,,,,,,,,,,,,,,,,,,,,,,,,,,,,,,,,,,,,,,,,,,,,,,,,,,,,,,,,,,,,,,,,,,,,,,,,,,,,,,,,,,,,,,,,,,,,,,,,,,,,,,,,,,,,,,,,,
2019-07-18T13:52,2019-07-18T14:00,24,train,1,2019,7,13,26,2019-07-17T12:00,,,,,,,,,,,-999.0,85.0,1.375,0.0,85.0,10515.185546875,nan,nan,nan,11464.1826171875,4.1705780029296875,265.5664978027344,280.7661437988281,284.553466796875,288.36376953125,293.05828857421875,5828.91015625,3133.50634765625,1521.200439453125,133.30142211914062,286.248779296875,91.19999694824219,466.1474609375,4620.49462890625,15000.0,0.0,25.399999618530273,,,,,,,,,,,,,,,,,,,,,,,,,,,,,,,,,,,,,,,,,,,,,,,,,,,,,,,,,,,,,,,,,,,,,,,,,,,,,,,,,,,,,,,,,,,,,,,,,,,,,,,,,,,,,,,,,,
2019-09-22T20:50,2019-09-22T21:00,24,train,0,2019,9,20,21,2019-09-22T00:00,,,,,,,,,,,-999.0,100.0,0.0,8.875,100.0,9467.3056640625,9893.6923828125,25600.0,28900.0,13532.9873046875,7.324623107910156,264.6939392089844,279.9339599609375,289.7984619140625,295.0265197753906,299.6634521484375,5836.49072265625,3151.84716796875,1528.548828125,120.6035385131836,291.2790832519531,62.70000076293945,366.0230407714844,4467.62744140625,28600.0,0.0,0.0,,,,,,,,,,,,,,,,,,,,,,,,,,,,,,,,,,,,,,,,,,,,,,,,,,,,,,,,,,,,,,,,,,,,,,,,,,,,,,,,,,,,,,,,,,,,,,,,,,,,,,,,,,,,,,,,,,
2019-10-13T03:55,2019-10-13T04:00,1,train,1,2019,10,3,1,2019-10-13T03:00,,,,,,,,,,,-999.0,19.25,19.25,1.375,0.0,nan,nan,nan,nan,nan,4.408803462982178,261.12109375,276.7369384765625,281.0553894042969,283.5743408203125,287.47344970703125,5709.4443359375,3060.9384765625,1465.79736328125,100.65353393554688,281.8858642578125,83.19999694824219,102.61329650878906,3675.52001953125,16400.0,0.0,0.0,,,,,,,,,,,,,,,,,,,,,,,,,,,,,,,,,,,,,,,,,,,,,,,,,,,,,,,,,,,,,,,,,,,,,,,,,,,,,,,,,,,,,,,,,,,,,,,,,,,,,,,,,,,,,,,,,,
2019-09-22T20:50,2019-09-22T21:00,48,train,0,2019,9,20,33,2019-09-21T12:00,,,,,,,,,,,-999.0,100.0,0.0,0.0,100.0,11591.1796875,nan,nan,nan,13762.029296875,6.8097147941589355,264.81195068359375,279.9656982421875,289.6593017578125,295.1509094238281,299.8597106933594,5829.515625,3148.6142578125,1525.6219482421875,117.54838562011719,291.3294982910156,63.599998474121094,405.0404357910156,4468.5615234375,28000.0,0.0,0.0,,,,,,,,,,,,,,,,,,,,,,,,,,,,,,,,,,,,,,,,,,,,,,,,,,,,,,,,,,,,,,,,,,,,,,,,,,,,,,,,,,,,,,,,,,,,,,,,,,,,,,,,,,,,,,,,,,
2019-10-25T17:53,2019-10-25T18:00,1,train,0,2019,10,17,1,2019-10-25T17:00,,,,,,,,,,,-999.0,2.25,0.0,2.25,0.0,nan,2433.85595703125,53500.0,75900.0,nan,5.792685031890869,253.5985107421875,267.310302734375,275.13775634765625,279.76861572265625,284.22650146484375,5645.6279296875,3077.294677734375,1533.9271240234375,199.59945678710938,278.1862487792969,49.400001525878906,406.439208984375,2146.500244140625,41500.0,0.0,0.0,,,,,,,,,,,,,,,,,,,,,,,,,,,,,,,,,,,,,,,,,,,,,,,,,,,,,,,,,,,,,,,,,,,,,,,,,,,,,,,,,,,,,,,,,,,,,,,,,,,,,,,,,,,,,,,,,,
2019-10-13T03:55,2019-10-13T04:00,24,train,1,2019,10,3,22,2019-10-12T06:00,,,,,,,,,,,-999.0,5.5,5.5,0.0,0.0,nan,nan,nan,nan,nan,5.005155563354492,261.32025146484375,275.7272644042969,281.2918395996094,284.736572265625,288.72662353515625,5711.5537109375,3061.74609375,1474.322998046875,107.26703643798828,281.92633056640625,91.5,145.50088500976562,3580.800048828125,13100.0,0.0,3.0899999141693115,,,,,,,,,,,,,,,,,,,,,,,,,,,,,,,,,,,,,,,,,,,,,,,,,,,,,,,,,,,,,,,,,,,,,,,,,,,,,,,,,,,,,,,,,,,,,,,,,,,,,,,,,,,,,,,,,,
2019-10-13T03:55,2019-10-13T04:00,48,train,1,2019,10,3,34,2019-10-11T18:00,,,,,,,,,,,-999.0,0.5,0.5,0.0,0.0,nan,nan,nan,nan,nan,6.133181095123291,260.5553894042969,275.5482177734375,281.4974365234375,284.9033203125,288.83477783203125,5706.8095703125,3060.2255859375,1473.1875,106.02037048339844,281.81549072265625,76.4000015258789,142.85366821289062,3624.639892578125,19600.0,0.0,0.5799999833106995,,,,,,,,,,,,,,,,,,,,,,,,,,,,,,,,,,,,,,,,,,,,,,,,,,,,,,,,,,,,,,,,,,,,,,,,,,,,,,,,,,,,,,,,,,,,,,,,,,,,,,,,,,,,,,,,,,
2019-10-25T17:53,2019-10-25T18:00,24,train,0,2019,10,17,24,2019-10-24T18:00,,,,,,,,,,,-999.0,99.75,0.0,98.625,99.75,6875.40380859375,2698.26806640625,30800.0,73400.0,10209.44140625,3.8448662757873535,253.0953369140625,266.52618408203125,274.9769287109375,279.64849853515625,284.0582275390625,5638.57470703125,3073.01416015625,1533.388427734375,200.00035095214844,278.57720947265625,48.70000076293945,536.6084594726562,1981.792724609375,42700.0,0.0,0.25999999046325684,,,,,,,,,,,,,,,,,,,,,,,,,,,,,,,,,,,,,,,,,,,,,,,,,,,,,,,,,,,,,,,,,,,,,,,,,,,,,,,,,,,,,,,,,,,,,,,,,,,,,,,,,,,,,,,,,,
2019-10-25T17:53,2019-10-25T18:00,48,train,0,2019,10,17,36,2019-10-24T06:00,,,,,,,,,,,-999.0,100.0,0.0,99.375,100.0,6808.07763671875,2996.38525390625,30800.0,70600.0,11369.115234375,4.830820560455322,252.86924743652344,267.37640380859375,273.6134948730469,278.3035888671875,282.7811279296875,5628.84326171875,3063.28515625,1524.99609375,194.2186279296875,277.1861267089844,62.099998474121094,519.0238647460938,1872.6024169921875,29900.0,0.0,2.4000000953674316,,,,,,,,,,,,,,,,,,,,,,,,,,,,,,,,,,,,,,,,,,,,,,,,,,,,,,,,,,,,,,,,,,,,,,,,,,,,,,,,,,,,,,,,,,,,,,,,,,,,,,,,,,,,,,,,,,
2019-11-05T12:50,2019-11-05T13:00,1,train,0,2019,11,12,1,2019-11-05T12:00,,,,,,,,,,,-999.0,26.5,8.375,26.5,18.875,5551.36669921875,nan,nan,nan,7132.74560546875,7.582564830780029,250.63284301757812,265.3707580566406,274.24761962890625,277.7983093261719,281.8172912597656,5589.97265625,3045.719970703125,1509.858154296875,183.08645629882812,275.6985168457031,75.69999694824219,242.68209838867188,1851.199951171875,20200.0,0.0,0.019999999552965164,,,,,,,,,,,,,,,,,,,,,,,,,,,,,,,,,,,,,,,,,,,,,,,,,,,,,,,,,,,,,,,,,,,,,,,,,,,,,,,,,,,,,,,,,,,,,,,,,,,,,,,,,,,,,,,,,,
2019-11-05T12:50,2019-11-05T13:00,24,train,0,2019,11,12,25,2019-11-04T12:00,,,,,,,,,,,2284.60009765625,100.0,22.0,98.875,100.0,1243.96728515625,1227.167724609375,40100.0,88000.0,10804.6083984375,8.894103050231934,250.2888641357422,265.99267578125,272.9855041503906,276.8463134765625,280.88201904296875,5578.728515625,3031.2060546875,1497.222900390625,173.01644897460938,274.1314697265625,99.0,398.4200134277344,1379.9200439453125,500.0,0.0003000000142492354,0.75,,,,,,,,,,,,,,,,,,,,,,,,,,,,,,,,,,,,,,,,,,,,,,,,,,,,,,,,,,,,,,,,,,,,,,,,,,,,,,,,,,,,,,,,,,,,,,,,,,,,,,,,,,,,,,,,,,
2019-11-05T12:50,2019-11-05T13:00,48,train,0,2019,11,12,31,2019-11-04T06:00,,,,,,,,,,,-999.0,100.0,13.375,18.125,100.0,4583.453125,1468.7540283203125,46200.0,85300.0,10744.19140625,8.558268547058105,250.14492797851562,265.47808837890625,273.67779541015625,277.0030822753906,281.0237731933594,5577.4130859375,3035.173828125,1500.001708984375,175.35836791992188,274.3116760253906,90.5999984741211,312.57080078125,1437.6800537109375,13700.0,0.0,0.8799999952316284,,,,,,,,,,,,,,,,,,,,,,,,,,,,,,,,,,,,,,,,,,,,,,,,,,,,,,,,,,,,,,,,,,,,,,,,,,,,,,,,,,,,,,,,,,,,,,,,,,,,,,,,,,,,,,,,,,
2019-11-18T08:55,2019-11-18T09:00,1,train,1,2019,11,8,1,2019-11-18T08:00,,,,,,,,,,,-999.0,100.0,22.625,0.0,100.0,9521.283203125,nan,nan,nan,12250.2080078125,5.563526153564453,256.1512756347656,272.1646423339844,273.23834228515625,271.9761047363281,274.9967041015625,5623.3134765625,3012.49365234375,1455.5848388671875,138.2257537841797,269.0758056640625,70.0999984741211,84.37490844726562,587.0399780273438,22800.0,0.0,0.0,,,,,,,,,,,,,,,,,,,,,,,,,,,,,,,,,,,,,,,,,,,,,,,,,,,,,,,,,,,,,,,,,,,,,,,,,,,,,,,,,,,,,,,,,,,,,,,,,,,,,,,,,,,,,,,,,,
2019-12-05T11:55,2019-12-05T12:00,1,train,0,2019,12,11,1,2019-12-05T11:00,,,,,,,,,,,-999.0,39.625,39.625,0.0,0.0,nan,nan,nan,nan,nan,8.333465576171875,242.11788940429688,257.2666931152344,266.5733642578125,270.585693359375,274.5086669921875,5228.1162109375,2770.26513671875,1280.974853515625,-7.335819244384766,266.0836181640625,90.5,157.87905883789062,126.72000122070312,12800.0,0.0,0.0,,,,,,,,,,,,,,,,,,,,,,,,,,,,,,,,,,,,,,,,,,,,,,,,,,,,,,,,,,,,,,,,,,,,,,,,,,,,,,,,,,,,,,,,,,,,,,,,,,,,,,,,,,,,,,,,,,
2019-11-18T08:55,2019-11-18T09:00,48,train,1,2019,11,8,33,2019-11-17T00:00,,,,,,,,,,,-999.0,100.0,8.125,0.0,100.0,8231.361328125,8202.9794921875,25600.0,35000.0,12195.4599609375,4.8755693435668945,256.7590026855469,271.83563232421875,272.5434875488281,271.889892578125,275.20330810546875,5620.26171875,3006.978515625,1450.7847900390625,132.63485717773438,268.5498046875,65.0999984741211,148.71368408203125,500.32000732421875,26000.0,0.0,0.0,,,,,,,,,,,,,,,,,,,,,,,,,,,,,,,,,,,,,,,,,,,,,,,,,,,,,,,,,,,,,,,,,,,,,,,,,,,,,,,,,,,,,,,,,,,,,,,,,,,,,,,,,,,,,,,,,,
2019-11-18T08:55,2019-11-18T09:00,24,train,1,2019,11,8,21,2019-11-17T12:00,,,,,,,,,,,-999.0,100.0,14.5,0.0,100.0,9100.6123046875,9518.9453125,28900.0,28900.0,12229.0712890625,5.068210124969482,256.892578125,272.5552978515625,272.1167907714844,271.6571044921875,274.9250183105469,5625.35595703125,3009.544189453125,1455.291259765625,136.78778076171875,267.673095703125,81.9000015258789,147.10890197753906,370.7200012207031,15800.0,0.0,0.0,,,,,,,,,,,,,,,,,,,,,,,,,,,,,,,,,,,,,,,,,,,,,,,,,,,,,,,,,,,,,,,,,,,,,,,,,,,,,,,,,,,,,,,,,,,,,,,,,,,,,,,,,,,,,,,,,,
2020-01-05T16:49,2020-01-05T17:00,1,train,0,2020,1,16,1,2020-01-05T16:00,,,,,,,,,,,-999.0,30.375,30.375,0.875,0.0,1242.087890625,1226.2347412109375,83400.0,86000.0,1702.2620849609375,14.697586059570312,242.26806640625,257.1953125,261.8464050292969,265.6929931640625,269.79095458984375,5257.939453125,2795.67138671875,1317.7161865234375,43.65350341796875,261.32672119140625,90.30000305175781,290.7683410644531,0.0,1300.0,7.999999797903001e-05,0.24699999392032623,,,,,,,,,,,,,,,,,,,,,,,,,,,,,,,,,,,,,,,,,,,,,,,,,,,,,,,,,,,,,,,,,,,,,,,,,,,,,,,,,,,,,,,,,,,,,,,,,,,,,,,,,,,,,,,,,,
2019-12-05T11:55,2019-12-05T12:00,48,train,0,2019,12,11,36,2019-12-04T00:00,,,,,,,,,,,-999.0,42.0,19.25,42.0,0.0,nan,nan,nan,nan,nan,7.638718605041504,241.604736328125,257.9986572265625,266.1685791015625,270.0397033691406,274.02252197265625,5228.29296875,2767.25244140625,1276.4893798828125,-12.176383972167969,265.581787109375,89.30000305175781,159.37814331054688,48.560001373291016,13300.0,0.0,0.07999999821186066,,,,,,,,,,,,,,,,,,,,,,,,,,,,,,,,,,,,,,,,,,,,,,,,,,,,,,,,,,,,,,,,,,,,,,,,,,,,,,,,,,,,,,,,,,,,,,,,,,,,,,,,,,,,,,,,,,
2019-12-05T11:55,2019-12-05T12:00,24,train,0,2019,12,11,24,2019-12-04T12:00,,,,,,,,,,,-999.0,29.875,17.25,29.875,0.0,nan,nan,nan,nan,nan,6.093044281005859,242.61041259765625,257.45330810546875,266.16998291015625,270.0525207519531,274.0306396484375,5232.9072265625,2771.78955078125,1282.46240234375,-5.074634552001953,266.10455322265625,83.0,151.03363037109375,126.31999969482422,15900.0,0.0,0.23000000417232513,,,,,,,,,,,,,,,,,,,,,,,,,,,,,,,,,,,,,,,,,,,,,,,,,,,,,,,,,,,,,,,,,,,,,,,,,,,,,,,,,,,,,,,,,,,,,,,,,,,,,,,,,,,,,,,,,,
2020-01-05T16:49,2020-01-05T17:00,24,train,0,2020,1,16,23,2020-01-04T18:00,,,,,,,,,,,-999.0,31.5,31.5,17.25,0.0,1241.9857177734375,1226.2100830078125,83200.0,85800.0,1595.7313232421875,11.230297088623047,241.36392211914062,257.15399169921875,261.4703063964844,265.25823974609375,269.31842041015625,5231.0654296875,2770.803955078125,1294.879150390625,21.711105346679688,260.7447814941406,89.5,297.1542053222656,0.0,100.0,0.0,5.28000020980835,,,,,,,,,,,,,,,,,,,,,,,,,,,,,,,,,,,,,,,,,,,,,,,,,,,,,,,,,,,,,,,,,,,,,,,,,,,,,,,,,,,,,,,,,,,,,,,,,,,,,,,,,,,,,,,,,,
2020-01-14T01:56,2020-01-14T02:00,1,train,0,2020,1,1,1,2020-01-14T01:00,,,,,,,,,,,-999.0,40.125,40.125,0.0,1.875,1242.9908447265625,1226.6663818359375,85400.0,88100.0,1608.417236328125,11.521309852600098,253.41973876953125,266.82891845703125,266.6468505859375,270.0484619140625,273.76678466796875,5597.56787109375,3024.163330078125,1508.619384765625,209.80372619628906,267.2300109863281,94.5,251.50704956054688,294.9599914550781,100.0,0.0,0.18199999630451202,,,,,,,,,,,,,,,,,,,,,,,,,,,,,,,,,,,,,,,,,,,,,,,,,,,,,,,,,,,,,,,,,,,,,,,,,,,,,,,,,,,,,,,,,,,,,,,,,,,,,,,,,,,,,,,,,,
2020-01-05T16:49,2020-01-05T17:00,48,train,0,2020,1,16,35,2020-01-04T06:00,,,,,,,,,,,-999.0,23.375,23.375,3.625,0.0,1242.4398193359375,1226.358642578125,81800.0,85900.0,1598.6685791015625,7.149561405181885,241.71148681640625,257.6077880859375,263.1835021972656,267.4788513183594,271.5615234375,5239.91259765625,2777.35400390625,1296.2613525390625,16.894287109375,263.9083251953125,93.5999984741211,410.54486083984375,0.0,500.0,4.999999873689376e-05,14.149999618530273,,,,,,,,,,,,,,,,,,,,,,,,,,,,,,,,,,,,,,,,,,,,,,,,,,,,,,,,,,,,,,,,,,,,,,,,,,,,,,,,,,,,,,,,,,,,,,,,,,,,,,,,,,,,,,,,,,
2020-01-14T01:56,2020-01-14T02:00,24,train,0,2020,1,1,26,2020-01-13T00:00,,,,,,,,,,,-999.0,94.5,94.5,0.0,2.0,1243.41650390625,1226.8634033203125,83800.0,88100.0,1778.9608154296875,7.6231560707092285,253.322021484375,265.20721435546875,268.2900390625,272.1231994628906,275.8785400390625,5582.97705078125,3016.888671875,1504.1092529296875,199.71743774414062,269.98443603515625,96.80000305175781,417.9767150878906,720.6400146484375,0.0,9.999999747378752e-05,0.7200000286102295,,,,,,,,,,,,,,,,,,,,,,,,,,,,,,,,,,,,,,,,,,,,,,,,,,,,,,,,,,,,,,,,,,,,,,,,,,,,,,,,,,,,,,,,,,,,,,,,,,,,,,,,,,,,,,,,,,
2020-01-23T09:53,2020-01-23T10:00,1,train,0,2020,1,9,1,2020-01-23T09:00,,,,,,,,,,,-999.0,5.5,1.625,5.5,0.0,nan,nan,nan,nan,nan,12.785951614379883,251.0958251953125,268.87921142578125,274.54632568359375,275.0889892578125,278.06182861328125,5623.43017578125,3058.812255859375,1512.823486328125,192.63197326660156,272.10321044921875,23.899999618530273,136.96632385253906,1049.280029296875,76100.0,0.0,0.0,,,,,,,,,,,,,,,,,,,,,,,,,,,,,,,,,,,,,,,,,,,,,,,,,,,,,,,,,,,,,,,,,,,,,,,,,,,,,,,,,,,,,,,,,,,,,,,,,,,,,,,,,,,,,,,,,,
2020-01-14T01:56,2020-01-14T02:00,48,train,0,2020,1,1,32,2020-01-12T18:00,,,,,,,,,,,-999.0,93.875,93.875,0.0,0.0,1243.52685546875,1226.9378662109375,82000.0,88100.0,1967.5316162109375,6.359455585479736,253.52517700195312,265.82147216796875,268.7494812011719,272.0228271484375,275.606689453125,5586.60546875,3017.2607421875,1502.126220703125,196.77334594726562,270.3864440917969,97.0999984741211,436.9862976074219,784.0800170898438,200.0,0.00019999999494757503,2.25,,,,,,,,,,,,,,,,,,,,,,,,,,,,,,,,,,,,,,,,,,,,,,,,,,,,,,,,,,,,,,,,,,,,,,,,,,,,,,,,,,,,,,,,,,,,,,,,,,,,,,,,,,,,,,,,,,
2020-02-02T10:55,2020-02-02T11:00,1,train,1,2020,2,10,1,2020-02-02T10:00,,,,,,,,,,,-999.0,21.5,21.5,0.0,0.0,nan,nan,nan,nan,nan,3.68776273727417,239.54783630371094,258.40032958984375,264.9098815917969,268.4921875,272.46649169921875,5227.560546875,2776.891357421875,1286.016845703125,0.127288818359375,263.961669921875,70.0999984741211,113.19939422607422,0.0,20100.0,0.0,0.0,,,,,,,,,,,,,,,,,,,,,,,,,,,,,,,,,,,,,,,,,,,,,,,,,,,,,,,,,,,,,,,,,,,,,,,,,,,,,,,,,,,,,,,,,,,,,,,,,,,,,,,,,,,,,,,,,,
2020-01-23T09:53,2020-01-23T10:00,24,train,0,2020,1,9,22,2020-01-22T12:00,,,,,,,,,,,-999.0,76.875,0.0,0.0,76.875,9022.3828125,nan,nan,nan,11047.25390625,11.224210739135742,250.72967529296875,268.42010498046875,273.1639404296875,274.80743408203125,278.27154541015625,5617.044921875,3054.2548828125,1514.727294921875,196.57960510253906,271.53521728515625,22.899999618530273,142.66445922851562,963.1199951171875,78400.0,0.0,0.0,,,,,,,,,,,,,,,,,,,,,,,,,,,,,,,,,,,,,,,,,,,,,,,,,,,,,,,,,,,,,,,,,,,,,,,,,,,,,,,,,,,,,,,,,,,,,,,,,,,,,,,,,,,,,,,,,,
2020-01-23T09:53,2020-01-23T10:00,48,train,0,2020,1,9,34,2020-01-22T00:00,,,,,,,,,,,-999.0,100.0,0.0,1.125,100.0,9018.9296875,nan,nan,nan,11972.05078125,10.312457084655762,250.17672729492188,267.92669677734375,273.1921081542969,274.834716796875,278.3192138671875,5604.9130859375,3046.988525390625,1508.663818359375,190.4765625,271.2867431640625,23.600000381469727,139.4392852783203,925.4400024414062,77300.0,0.0,0.0,,,,,,,,,,,,,,,,,,,,,,,,,,,,,,,,,,,,,,,,,,,,,,,,,,,,,,,,,,,,,,,,,,,,,,,,,,,,,,,,,,,,,,,,,,,,,,,,,,,,,,,,,,,,,,,,,,
2020-02-02T10:55,2020-02-02T11:00,24,train,1,2020,2,10,23,2020-02-01T12:00,,,,,,,,,,,-999.0,15.875,15.875,0.0,0.0,nan,nan,nan,nan,nan,4.156593322753906,240.48593139648438,258.4280700683594,264.9937744140625,268.3092041015625,272.287353515625,5229.72216796875,2773.269775390625,1282.962646484375,-2.3598480224609375,264.4400634765625,71.69999694824219,65.14111328125,0.0,20700.0,0.0,0.8700000047683716,,,,,,,,,,,,,,,,,,,,,,,,,,,,,,,,,,,,,,,,,,,,,,,,,,,,,,,,,,,,,,,,,,,,,,,,,,,,,,,,,,,,,,,,,,,,,,,,,,,,,,,,,,,,,,,,,,
2020-02-02T10:55,2020-02-02T11:00,48,train,1,2020,2,10,35,2020-02-01T00:00,,,,,,,,,,,-999.0,17.625,17.625,0.0,0.0,nan,nan,nan,nan,nan,4.602015972137451,240.79559326171875,258.6056823730469,264.6437683105469,268.19366455078125,272.13763427734375,5238.72509765625,2781.218994140625,1292.1160888671875,7.227935791015625,263.2284851074219,67.69999694824219,78.69589233398438,0.0,20700.0,0.0,0.8299999833106995,,,,,,,,,,,,,,,,,,,,,,,,,,,,,,,,,,,,,,,,,,,,,,,,,,,,,,,,,,,,,,,,,,,,,,,,,,,,,,,,,,,,,,,,,,,,,,,,,,,,,,,,,,,,,,,,,,
2020-03-09T19:52,2020-03-09T20:00,1,train,0,2020,3,19,1,2020-03-09T19:00,,,,,,,,,,,-999.0,10.875,0.0,10.875,6.625,nan,nan,nan,nan,nan,10.561234474182129,252.19900512695312,270.909912109375,277.34039306640625,282.1657409667969,286.36859130859375,5651.7333984375,3075.11669921875,1514.13671875,166.2953338623047,278.5096435546875,45.900001525878906,298.7202453613281,2930.47998046875,45100.0,0.0,0.0,,,,,,,,,,,,,,,,,,,,,,,,,,,,,,,,,,,,,,,,,,,,,,,,,,,,,,,,,,,,,,,,,,,,,,,,,,,,,,,,,,,,,,,,,,,,,,,,,,,,,,,,,,,,,,,,,,
2020-03-09T19:52,2020-03-09T20:00,24,train,0,2020,3,19,26,2020-03-08T18:00,,,,,,,,,,,-999.0,68.75,0.0,8.875,68.75,9612.615234375,nan,nan,nan,10658.580078125,9.159332275390625,252.49417114257812,269.9136962890625,277.068359375,281.70660400390625,286.06494140625,5634.669921875,3062.953857421875,1504.479248046875,158.4075469970703,278.24853515625,71.9000015258789,426.77117919921875,2592.56005859375,22800.0,0.0,0.0,,,,,,,,,,,,,,,,,,,,,,,,,,,,,,,,,,,,,,,,,,,,,,,,,,,,,,,,,,,,,,,,,,,,,,,,,,,,,,,,,,,,,,,,,,,,,,,,,,,,,,,,,,,,,,,,,,
2020-04-10T12:51,2020-04-10T13:00,1,train,0,2020,4,12,1,2020-04-10T12:00,,,,,,,,,,,1978.9200439453125,80.0,54.375,80.0,0.0,1603.146484375,1226.56591796875,42400.0,84400.0,6705.00634765625,13.569395065307617,242.49505615234375,257.6455383300781,266.74005126953125,271.6552734375,275.7359313964844,5122.51953125,2657.10693359375,1167.97216796875,-117.70770263671875,266.4147644042969,93.5999984741211,503.54840087890625,174.8800048828125,800.0,0.0006500000017695129,0.8169999718666077,,,,,,,,,,,,,,,,,,,,,,,,,,,,,,,,,,,,,,,,,,,,,,,,,,,,,,,,,,,,,,,,,,,,,,,,,,,,,,,,,,,,,,,,,,,,,,,,,,,,,,,,,,,,,,,,,,
2020-03-09T19:52,2020-03-09T20:00,48,train,0,2020,3,19,32,2020-03-08T12:00,,,,,,,,,,,-999.0,77.75,0.25,43.75,77.75,8141.4072265625,nan,nan,nan,9396.595703125,10.456652641296387,252.3665771484375,270.54364013671875,276.9431457519531,281.2088928222656,285.56500244140625,5639.21044921875,3064.498046875,1503.083984375,157.4703826904297,277.6289978027344,83.0,297.6023254394531,2775.760009765625,17000.0,0.0,0.0,,,,,,,,,,,,,,,,,,,,,,,,,,,,,,,,,,,,,,,,,,,,,,,,,,,,,,,,,,,,,,,,,,,,,,,,,,,,,,,,,,,,,,,,,,,,,,,,,,,,,,,,,,,,,,,,,,
2020-04-10T12:51,2020-04-10T13:00,24,train,0,2020,4,12,25,2020-04-09T12:00,,,,,,,,,,,1852.5999755859375,98.125,22.625,98.125,0.0,2114.932861328125,1226.7559814453125,42300.0,84000.0,6743.21044921875,13.152520179748535,241.55361938476562,258.83782958984375,268.108642578125,272.826171875,276.8577575683594,5088.962890625,2623.818603515625,1125.7288818359375,-165.99327087402344,267.76446533203125,85.80000305175781,432.6333312988281,382.0,800.0,0.0005000000237487257,57.45000076293945,,,,,,,,,,,,,,,,,,,,,,,,,,,,,,,,,,,,,,,,,,,,,,,,,,,,,,,,,,,,,,,,,,,,,,,,,,,,,,,,,,,,,,,,,,,,,,,,,,,,,,,,,,,,,,,,,,
2020-04-10T12:51,2020-04-10T13:00,48,train,0,2020,4,12,31,2020-04-09T06:00,,,,,,,,,,,1713.800048828125,47.875,34.5,47.875,0.0,2139.965087890625,1226.756591796875,69900.0,83700.0,6707.20263671875,12.761937141418457,244.76025390625,258.8746337890625,268.3246154785156,273.09405517578125,277.21124267578125,5079.5576171875,2598.460693359375,1101.516845703125,-190.30831909179688,268.1910095214844,84.5999984741211,517.1178588867188,443.760009765625,900.0,0.0004900000058114529,68.81999969482422,,,,,,,,,,,,,,,,,,,,,,,,,,,,,,,,,,,,,,,,,,,,,,,,,,,,,,,,,,,,,,,,,,,,,,,,,,,,,,,,,,,,,,,,,,,,,,,,,,,,,,,,,,,,,,,,,,
2020-06-20T13:54,2020-06-20T14:00,1,train,0,2020,6,13,1,2020-06-20T13:00,,,,,,,,,,,-999.0,0.875,0.875,0.0,0.0,nan,nan,nan,nan,nan,2.602954864501953,262.11920166015625,278.9975891113281,289.0096740722656,294.65411376953125,299.3791809082031,5825.69921875,3161.115234375,1543.3740234375,136.6030731201172,292.4071350097656,89.19999694824219,753.9805297851562,4039.951904296875,14700.0,0.0,0.0,,,,,,,,,,,,,,,,,,,,,,,,,,,,,,,,,,,,,,,,,,,,,,,,,,,,,,,,,,,,,,,,,,,,,,,,,,,,,,,,,,,,,,,,,,,,,,,,,,,,,,,,,,,,,,,,,,
2020-08-01T11:57,2020-08-01T12:00,1,train,1,2020,8,11,1,2020-08-01T11:00,,,,,,,,,,,-999.0,1.375,1.375,0.0,0.0,nan,nan,nan,nan,nan,3.0223193168640137,262.4337158203125,277.04388427734375,286.4747619628906,289.9408264160156,294.07037353515625,5772.56396484375,3110.08544921875,1504.8699951171875,116.5927505493164,287.3582458496094,76.80000305175781,180.86325073242188,3850.212158203125,20600.0,0.0,0.0,,,,,,,,,,,,,,,,,,,,,,,,,,,,,,,,,,,,,,,,,,,,,,,,,,,,,,,,,,,,,,,,,,,,,,,,,,,,,,,,,,,,,,,,,,,,,,,,,,,,,,,,,,,,,,,,,,
2020-06-20T13:54,2020-06-20T14:00,48,train,0,2020,6,13,32,2020-06-19T06:00,,,,,,,,,,,-999.0,0.5,0.5,0.25,0.0,nan,nan,nan,nan,nan,2.2213099002838135,261.2820739746094,277.0548095703125,288.8868713378906,294.92266845703125,299.6584777832031,5820.96923828125,3163.25390625,1550.6083984375,146.59957885742188,292.8162841796875,82.30000305175781,1081.0804443359375,3914.751953125,18000.0,0.0,2.4000000953674316,,,,,,,,,,,,,,,,,,,,,,,,,,,,,,,,,,,,,,,,,,,,,,,,,,,,,,,,,,,,,,,,,,,,,,,,,,,,,,,,,,,,,,,,,,,,,,,,,,,,,,,,,,,,,,,,,,
2020-06-20T13:54,2020-06-20T14:00,24,train,0,2020,6,13,26,2020-06-19T12:00,,,,,,,,,,,-999.0,0.5,0.5,0.0,0.0,nan,nan,nan,nan,nan,2.042163610458374,261.92626953125,277.147216796875,288.9897766113281,295.11676025390625,299.908935546875,5821.5,3162.21630859375,1549.804931640625,145.06610107421875,293.1454772949219,77.80000305175781,1281.2584228515625,3955.242431640625,19200.0,0.0,0.0,,,,,,,,,,,,,,,,,,,,,,,,,,,,,,,,,,,,,,,,,,,,,,,,,,,,,,,,,,,,,,,,,,,,,,,,,,,,,,,,,,,,,,,,,,,,,,,,,,,,,,,,,,,,,,,,,,
2020-08-01T11:57,2020-08-01T12:00,24,train,1,2020,8,11,24,2020-07-31T12:00,,,,,,,,,,,-999.0,0.0,0.0,0.0,0.0,nan,nan,nan,nan,nan,3.271883010864258,262.8263244628906,277.24591064453125,286.3158264160156,290.83941650390625,295.2723388671875,5774.99658203125,3113.4609375,1507.791015625,117.040771484375,288.3061218261719,73.69999694824219,289.8497619628906,3873.05908203125,22500.0,0.0,0.05999999865889549,,,,,,,,,,,,,,,,,,,,,,,,,,,,,,,,,,,,,,,,,,,,,,,,,,,,,,,,,,,,,,,,,,,,,,,,,,,,,,,,,,,,,,,,,,,,,,,,,,,,,,,,,,,,,,,,,,
2020-08-01T11:57,2020-08-01T12:00,48,train,1,2020,8,11,36,2020-07-31T00:00,,,,,,,,,,,-999.0,0.0,0.0,0.0,0.0,nan,nan,nan,nan,nan,3.822239875793457,263.01861572265625,277.43341064453125,286.44940185546875,291.0190734863281,295.4026184082031,5776.54931640625,3110.621337890625,1504.6300048828125,113.21046447753906,288.4727478027344,72.4000015258789,282.47088623046875,3985.794921875,23200.0,0.0,0.23999999463558197,,,,,,,,,,,,,,,,,,,,,,,,,,,,,,,,,,,,,,,,,,,,,,,,,,,,,,,,,,,,,,,,,,,,,,,,,,,,,,,,,,,,,,,,,,,,,,,,,,,,,,,,,,,,,,,,,,
2020-09-16T12:49,2020-09-16T13:00,1,train,0,2020,9,12,1,2020-09-16T12:00,,,,,,,,,,,-999.0,10.375,0.0,0.0,10.375,nan,nan,nan,nan,nan,8.887513160705566,260.16180419921875,276.88568115234375,286.19952392578125,288.8201904296875,292.25506591796875,5787.10009765625,3142.25927734375,1537.1871337890625,158.91648864746094,286.5132751464844,36.0,199.66958618164062,3742.39990234375,57300.0,0.0,0.0,,,,,,,,,,,,,,,,,,,,,,,,,,,,,,,,,,,,,,,,,,,,,,,,,,,,,,,,,,,,,,,,,,,,,,,,,,,,,,,,,,,,,,,,,,,,,,,,,,,,,,,,,,,,,,,,,,
2020-09-16T12:49,2020-09-16T13:00,24,train,0,2020,9,12,25,2020-09-15T12:00,,,,,,,,,,,-999.0,0.625,0.0,0.625,0.25,nan,nan,nan,nan,nan,9.781037330627441,259.8224182128906,276.39276123046875,286.0960693359375,289.42205810546875,293.64324951171875,5781.4814453125,3143.59765625,1540.651611328125,158.02056884765625,286.1918640136719,38.599998474121094,195.51902770996094,3659.745361328125,53100.0,0.0,0.0,,,,,,,,,,,,,,,,,,,,,,,,,,,,,,,,,,,,,,,,,,,,,,,,,,,,,,,,,,,,,,,,,,,,,,,,,,,,,,,,,,,,,,,,,,,,,,,,,,,,,,,,,,,,,,,,,,
2020-09-16T12:49,2020-09-16T13:00,48,train,0,2020,9,12,31,2020-09-15T06:00,,,,,,,,,,,-999.0,15.375,0.0,0.0,15.375,nan,nan,nan,nan,nan,10.042848587036133,260.1780090332031,276.31927490234375,285.6132507324219,288.50274658203125,292.69354248046875,5779.3466796875,3140.046142578125,1538.6412353515625,159.40406799316406,285.9129333496094,35.599998474121094,171.6378631591797,3700.958251953125,57300.0,0.0,0.0,,,,,,,,,,,,,,,,,,,,,,,,,,,,,,,,,,,,,,,,,,,,,,,,,,,,,,,,,,,,,,,,,,,,,,,,,,,,,,,,,,,,,,,,,,,,,,,,,,,,,,,,,,,,,,,,,,
2020-10-10T10:51,2020-10-10T11:00,1,train,0,2020,10,10,1,2020-10-10T10:00,,,,,,,,,1,2020-10-10T10:00,-999.0,2.25,0.0,2.25,0.875,nan,nan,nan,nan,nan,12.42821216583252,258.1911315917969,277.3636474609375,285.8720703125,288.1937561035156,292.0050048828125,5693.40673828125,3050.8359375,1446.363525390625,66.65077209472656,284.3802490234375,60.5,252.12095642089844,3761.280029296875,29400.0,0.0,0.0,,,,,,,,,,,,,,,,,,,,,,,,,,,,,,,,,,,,,,,,,,,,,,,,,,,,,,,,,,,,,,,,,,,,,,,,,,,,,,,,,,,,,,,,,,,,56.0,,,88888.0,4048.0,16274.0,11.0,11.0,,22.0,,2.0,,2.0,2.0,1.0,307.0,278.1499938964844,272.47998046875,65.0,0.0,15.899999618530273,18.5
2020-10-10T10:51,2020-10-10T11:00,24,train,0,2020,10,10,23,2020-10-09T12:00,,,,,,,,,24,2020-10-09T11:00,-999.0,88.0,0.0,56.0,88.0,6110.65625,3775.485107421875,32800.0,64000.0,9467.58203125,12.091144561767578,258.2012939453125,276.5191650390625,285.72015380859375,288.2847900390625,292.26190185546875,5687.5986328125,3050.62060546875,1448.386474609375,68.40132141113281,284.4117431640625,54.0,300.4290771484375,3580.9599609375,35000.0,0.0,0.0,,,,,,,,,,,,,,,,,,,,,,,,,,,,,,,,,,,,,,,,,,,,,,,,,,,,,,,,,,,,,,,,,,,,,,,,,,,,,,,,,,,,,,,,,,,,58.0,,,30.0,28.0,256.0,38.0,40.0,,49.0,,50.0,,51.0,55.0,1.0,341.0,277.4700012207031,271.989990234375,67.0,2.0,16.299999237060547,19.799999237060547
2020-10-28T11:53,2020-10-28T12:00,1,train,0,2020,10,11,1,2020-10-28T11:00,,,,,,,,,1,2020-10-28T11:00,-999.0,39.5,39.5,0.0,0.0,nan,nan,nan,nan,nan,3.350856065750122,257.77825927734375,265.77197265625,270.02960205078125,273.25103759765625,277.0378112792969,5565.3447265625,2982.939208984375,1461.885009765625,150.74366760253906,270.95257568359375,90.5999984741211,251.81658935546875,869.1199951171875,13500.0,0.0,0.0,,,,,,,,,,,,,,,,,,,,,,,,,,,,,,,,,,,,,,,,,,,,,,,,,,,,,,,,,,,,,,,,,,,,,,,,,,,,,,,,,,,,,,,,,,,,89.0,,,0.0,0.0,209.0,69.0,79.0,,92.0,,79.0,,79.0,79.0,0.0,234.0,266.2799987792969,265.3800048828125,92.0,10.0,10.199999809265137,10.100000381469727
2020-10-10T10:51,2020-10-10T11:00,48,train,0,2020,10,10,35,2020-10-09T00:00,,,,,,,,,36,2020-10-08T23:00,-999.0,33.75,0.0,15.875,33.75,nan,6306.0322265625,46000.0,46000.0,nan,11.98275375366211,258.2969970703125,276.4241638183594,285.80218505859375,288.3560791015625,292.3138427734375,5682.5234375,3043.189208984375,1442.3603515625,62.96954345703125,284.555908203125,53.20000076293945,327.03448486328125,3616.9599609375,35400.0,0.0,0.0,,,,,,,,,,,,,,,,,,,,,,,,,,,,,,,,,,,,,,,,,,,,,,,,,,,,,,,,,,,,,,,,,,,,,,,,,,,,,,,,,,,,,,,,,,,,45.0,,,88886.0,4492.0,152.0,30.0,31.0,,42.0,,56.0,,57.0,61.0,0.0,332.0,276.80999755859375,270.79998779296875,65.0,2.0,15.5,19.299999237060547
2020-10-28T11:53,2020-10-28T12:00,24,train,0,2020,10,11,24,2020-10-27T12:00,,,,,,,,,24,2020-10-27T12:00,-999.0,16.75,16.75,15.625,0.0,5615.54931640625,5622.8369140625,46100.0,49500.0,6666.4013671875,3.068439245223999,255.7477569580078,264.31195068359375,270.2949523925781,273.7999267578125,277.51507568359375,5548.24072265625,2983.5361328125,1464.6455078125,154.35919189453125,271.18585205078125,86.4000015258789,148.87237548828125,910.239990234375,15100.0,0.0,1.059999942779541,,,,,,,,,,,,,,,,,,,,,,,,,,,,,,,,,,,,,,,,,,,,,,,,,,,,,,,,,,,,,,,,,,,,,,,,,,,,,,,,,,,,,,,,,,,,64.0,,,0.0,0.0,0.0,74.0,78.0,,80.0,,75.0,,76.0,80.0,0.0,166.0,265.6300048828125,264.489990234375,90.0,4.0,9.800000190734863,10.100000381469727
2020-10-28T11:53,2020-10-28T12:00,48,train,0,2020,10,11,36,2020-10-27T00:00,,,,,,,,,42,2020-10-26T18:00,-999.0,13.875,13.875,3.875,0.625,nan,6129.2763671875,46100.0,46100.0,nan,4.533990383148193,254.0555877685547,263.34576416015625,269.07659912109375,272.74951171875,276.57318115234375,5519.1181640625,2965.357421875,1454.429443359375,148.4652557373047,270.18768310546875,67.5999984741211,170.1311798095703,752.1599731445312,24800.0,0.0,6.340000152587891,,,,,,,,,,,,,,,,,,,,,,,,,,,,,,,,,,,,,,,,,,,,,,,,,,,,,,,,,,,,,,,,,,,,,,,,,,,,,,,,,,,,,,,,,,,,56.0,,,88888.0,1928.0,6656.0,39.0,39.0,,39.0,,39.0,,39.0,39.0,0.0,180.0,264.8399963378906,261.989990234375,80.0,2.0,10.100000381469727,10.399999618530273
2020-12-02T01:50,2020-12-02T02:00,1,train,0,2020,12,1,1,2020-12-02T01:00,,,,,,,,,1,2020-12-02T01:00,-999.0,12.0,4.5,0.0,12.0,nan,nan,nan,nan,nan,7.426727294921875,256.8421630859375,262.53143310546875,271.69866943359375,277.25433349609375,281.4664306640625,5412.69384765625,2845.849365234375,1331.2119140625,13.657783508300781,272.111572265625,88.0,637.7134399414062,1048.0,14300.0,0.0,0.0,,,,,,,,,,,,,,,,,,,,,,,,,,,,,,,,,,,,,,,,,,,,,,,,,,,,,,,,,,,,,,,,,,,,,,,,,,,,,,,,,,,,,,,,,,,,76.0,,,0.0,0.0,0.0,60.0,68.0,,69.0,,75.0,,75.0,75.0,32.0,668.0,268.8599853515625,268.3500061035156,96.0,12.0,15.199999809265137,16.899999618530273
2020-12-02T01:50,2020-12-02T02:00,24,train,0,2020,12,1,26,2020-12-01T00:00,,,,,,,,,24,2020-12-01T02:00,2280.60009765625,40.625,40.625,0.0,16.5,1243.635986328125,1226.9908447265625,74100.0,86100.0,2650.583984375,6.31198263168335,257.60394287109375,261.09527587890625,269.9798583984375,275.05450439453125,279.22454833984375,5381.3896484375,2825.53662109375,1319.072509765625,10.80145263671875,271.55615234375,98.9000015258789,592.4592895507812,959.5999755859375,100.0,0.0006000000284984708,101.79000091552734,,,,,,,,,,,,,,,,,,,,,,,,,,,,,,,,,,,,,,,,,,,,,,,,,,,,,,,,,,,,,,,,,,,,,,,,,,,,,,,,,,,,,,,,,,,,78.0,,,0.0,0.0,201.0,100.0,100.0,,100.0,,67.0,,68.0,73.0,27.0,625.0,268.44000244140625,267.8899841308594,96.0,15.0,14.800000190734863,16.899999618530273
2020-12-02T01:50,2020-12-02T02:00,48,train,0,2020,12,1,32,2020-11-30T18:00,,,,,,,,,36,2020-11-30T14:00,-999.0,39.625,39.625,0.0,0.0,1243.5638427734375,1227.00439453125,76400.0,86200.0,2394.546630859375,7.312146186828613,256.42529296875,260.9916076660156,269.98162841796875,274.850341796875,279.08349609375,5389.4775390625,2833.455078125,1327.190185546875,18.9107666015625,271.291015625,99.0,604.2438354492188,921.6799926757812,100.0,0.00039999998989515007,177.6999969482422,,,,,,,,,,,,,,,,,,,,,,,,,,,,,,,,,,,,,,,,,,,,,,,,,,,,,,,,,,,,,,,,,,,,,,,,,,,,,,,,,,,,,,,,,,,,78.0,,,0.0,0.0,182.0,83.0,84.0,,85.0,,58.0,,58.0,61.0,14.0,564.0,270.72998046875,269.1499938964844,88.0,8.0,14.399999618530273,17.200000762939453
2020-12-12T04:53,2020-12-12T05:00,1,train,0,2020,12,4,1,2020-12-12T04:00,,,,,,,,,1,2020-12-12T04:00,-999.0,0.0,0.0,73.0,0.0,nan,1342.7413330078125,nan,86400.0,nan,8.623421669006348,254.79507446289062,268.4896240234375,275.44769287109375,277.44873046875,280.9582214355469,5610.1494140625,3031.789306640625,1479.4111328125,149.31800842285156,273.48052978515625,67.30000305175781,151.91046142578125,2430.159912109375,24800.0,0.0,0.0,,,,,,,,,,,,,,,,,,,,,,,,,,,,,,,,,,,,,,,,,,,,,,,,,,,,,,,,,,,,,,,,,,,,,,,,,,,,,,,,,,,,,,,,,,,,66.0,,,0.0,0.0,209.0,83.0,83.0,,86.0,,72.0,,72.0,72.0,0.0,105.0,268.1099853515625,265.8899841308594,85.0,2.0,10.800000190734863,10.899999618530273
2020-12-12T04:53,2020-12-12T05:00,24,train,0,2020,12,4,23,2020-12-11T06:00,,,,,,,,,24,2020-12-11T05:00,-999.0,0.0,2.0,100.0,100.0,nan,1342.96337890625,49000.0,86300.0,nan,7.508829116821289,254.04635620117188,268.7137145996094,275.4061584472656,278.0267639160156,281.81390380859375,5601.3876953125,3022.95068359375,1471.0528564453125,138.66641235351562,273.9149169921875,86.0,167.58888244628906,2392.0,15000.0,0.0,0.009999999776482582,,,,,,,,,,,,,,,,,,,,,,,,,,,,,,,,,,,,,,,,,,,,,,,,,,,,,,,,,,,,,,,,,,,,,,,,,,,,,,,,,,,,,,,,,,,,59.0,,,0.0,0.0,256.0,70.0,70.0,,74.0,,60.0,,60.0,63.0,0.0,123.0,268.69000244140625,266.40997314453125,86.0,4.0,10.800000190734863,10.899999618530273
2020-12-12T04:53,2020-12-12T05:00,48,train,0,2020,12,4,47,2020-12-10T06:00,,,,,,,,,36,2020-12-10T17:00,-999.0,0.0,28.0,99.0,100.0,8018.1669921875,1342.8154296875,nan,86300.0,10788.6640625,8.466987609863281,255.5428924560547,268.8863525390625,275.18255615234375,278.1007080078125,281.912353515625,5603.93798828125,3019.5302734375,1467.6243896484375,134.28775024414062,272.78173828125,90.69999694824219,163.6185302734375,1250.239990234375,12200.0,0.0,0.28999999165534973,,,,,,,,,,,,,,,,,,,,,,,,,,,,,,,,,,,,,,,,,,,,,,,,,,,,,,,,,,,,,,,,,,,,,,,,,,,,,,,,,,,,,,,,,,,,39.0,,,88886.0,1656.0,256.0,63.0,63.0,,64.0,,67.0,,67.0,68.0,0.0,104.0,268.45001220703125,265.8399963378906,82.0,5.0,10.0,10.100000381469727
2020-12-23T14:59,2020-12-23T15:00,1,train,1,2020,12,14,1,2020-12-23T14:00,,,,,,,,,1,2020-12-23T14:00,-999.0,0.0,0.0,0.0,0.0,nan,1342.2763671875,nan,86000.0,nan,11.344918251037598,250.89056396484375,265.5250549316406,266.27337646484375,266.04052734375,269.93280029296875,5543.00830078125,2993.343017578125,1476.259033203125,188.66769409179688,265.879638671875,45.099998474121094,223.90394592285156,190.8000030517578,44800.0,0.0,0.0,,,,,,,,,,,,,,,,,,,,,,,,,,,,,,,,,,,,,,,,,,,,,,,,,,,,,,,,,,,,,,,,,,,,,,,,,,,,,,,,,,,,,,,,,,,,13.0,,,88888.0,2120.0,16209.0,4.0,4.0,,10.0,,18.0,,18.0,18.0,0.0,204.0,259.71002197265625,254.73001098632812,66.0,1.0,13.600000381469727,15.399999618530273
2020-12-23T14:59,2020-12-23T15:00,24,train,1,2020,12,14,21,2020-12-22T18:00,,,,,,,,,24,2020-12-22T15:00,-999.0,0.0,0.0,0.0,0.0,nan,nan,nan,nan,nan,14.3331298828125,250.8819580078125,265.72454833984375,266.90130615234375,266.2720642089844,270.0513000488281,5546.91943359375,3003.38037109375,1482.995849609375,195.22705078125,265.3895263671875,40.599998474121094,198.2623291015625,113.19999694824219,49800.0,0.0,2.5799999237060547,,,,,,,,,,,,,,,,,,,,,,,,,,,,,,,,,,,,,,,,,,,,,,,,,,,,,,,,,,,,,,,,,,,,,,,,,,,,,,,,,,,,,,,,,,,,15.0,,,88886.0,3299.0,nan,,,,,,,,,,0.0,213.0,259.52996826171875,254.260009765625,66.0,1.0,13.199999809265137,15.699999809265137
2020-12-23T14:59,2020-12-23T15:00,48,train,1,2020,12,14,45,2020-12-21T18:00,,,,,,,,,45,2020-12-21T18:00,-999.0,0.0,0.0,2.0,9.0,nan,nan,nan,nan,nan,7.483964920043945,250.46771240234375,265.0686340332031,266.441162109375,266.94879150390625,270.6744384765625,5550.25146484375,3004.5224609375,1490.439453125,201.55332946777344,266.16717529296875,43.099998474121094,214.3946990966797,236.72000122070312,46900.0,0.0,1.6399999856948853,,,,,,,,,,,,,,,,,,,,,,,,,,,,,,,,,,,,,,,,,,,,,,,,,,,,,,,,,,,,,,,,,,,,,,,,,,,,,,,,,,,,,,,,,,,,18.0,,,88888.0,2608.0,9856.0,14.0,14.0,,16.0,,43.0,,43.0,43.0,0.0,261.0,257.8500061035156,254.8300018310547,76.0,0.0,12.399999618530273,14.300000190734863
2021-01-02T21:51,2021-01-02T22:00,1,train,0,2021,1,21,1,2021-01-02T21:00,,,,,,,,,1,2021-01-02T21:00,-999.0,0.0,100.0,0.0,0.0,1341.9052734375,1341.686279296875,84800.0,85200.0,1565.8302001953125,13.70801067352295,254.0302734375,265.5240783691406,266.94085693359375,269.67535400390625,273.766845703125,5459.4775390625,2890.12109375,1372.0166015625,73.23915100097656,265.83380126953125,93.4000015258789,305.6968688964844,184.63999938964844,100.0,0.0,0.039000000804662704,,,,,,,,,,,,,,,,,,,,,,,,,,,,,,,,,,,,,,,,,,,,,,,,,,,,,,,,,,,,,,,,,,,,,,,,,,,,,,,,,,,,,,,,,,,,88.0,,,0.0,0.0,0.0,69.0,79.0,,86.0,,91.0,,93.0,93.0,1.0,300.0,263.2200012207031,263.1199951171875,100.0,10.0,18.0,20.5
2021-01-02T21:51,2021-01-02T22:00,24,train,0,2021,1,21,22,2021-01-02T00:00,,,,,,,,,24,2021-01-01T22:00,-999.0,100.0,100.0,0.0,0.0,1342.099609375,1341.9013671875,81400.0,85300.0,1872.166748046875,8.271484375,254.79757690429688,263.5882873535156,267.16778564453125,271.26007080078125,275.3727111816406,5437.3935546875,2882.361328125,1373.4744873046875,70.8524169921875,267.1654357910156,94.5,361.5108947753906,385.9200134277344,0.0,9.999999747378752e-05,25.950000762939453,,,,,,,,,,,,,,,,,,,,,,,,,,,,,,,,,,,,,,,,,,,,,,,,,,,,,,,,,,,,,,,,,,,,,,,,,,,,,,,,,,,,,,,,,,,,89.0,,,32.0,32.0,256.0,55.0,59.0,,59.0,,62.0,,64.0,67.0,4.0,474.0,263.489990234375,263.75,100.0,28.0,17.600000381469727,20.5
2021-01-02T21:51,2021-01-02T22:00,48,train,0,2021,1,21,46,2021-01-01T00:00,,,,,,,,,36,2021-01-01T10:00,-999.0,0.0,100.0,0.0,0.0,1387.6636962890625,1342.01123046875,nan,85400.0,1560.635009765625,6.437195301055908,251.91317749023438,265.5136413574219,268.21868896484375,271.5210876464844,275.54815673828125,5452.1025390625,2895.890625,1379.2017822265625,71.927490234375,267.24969482421875,88.19999694824219,252.3582305908203,404.239990234375,12200.0,0.0,21.610000610351562,,,,,,,,,,,,,,,,,,,,,,,,,,,,,,,,,,,,,,,,,,,,,,,,,,,,,,,,,,,,,,,,,,,,,,,,,,,,,,,,,,,,,,,,,,,,84.0,,,32.0,32.0,0.0,59.0,60.0,,61.0,,63.0,,63.0,63.0,1.0,321.0,264.29998779296875,264.3600158691406,100.0,18.0,14.0,16.100000381469727
2021-01-08T20:53,2021-01-08T21:00,1,train,0,2021,1,20,1,2021-01-08T20:00,,,,,,,,,1,2021-01-08T20:00,-999.0,0.0,0.0,0.0,0.0,nan,1194.377685546875,nan,nan,nan,10.669696807861328,249.4033660888672,265.6085205078125,267.5291748046875,267.66107177734375,271.62823486328125,5441.95849609375,2903.154541015625,1380.7056884765625,83.677490234375,265.5911865234375,47.29999923706055,241.41685485839844,145.27999877929688,42000.0,0.0,0.0,,,,,,,,,,,,,,,,,,,,,,,,,,,,,,,,,,,,,,,,,,,,,,,,,,,,,,,,,,,,,,,,,,,,,,,,,,,,,,,,,,,,,,,,,,,,19.0,,,88888.0,88888.0,16274.0,2.0,2.0,,5.0,,10.0,,10.0,14.0,0.0,192.0,260.3299865722656,257.2300109863281,76.0,1.0,15.600000381469727,17.700000762939453
2021-01-08T20:53,2021-01-08T21:00,24,train,0,2021,1,20,21,2021-01-08T00:00,,,,,,,,,24,2021-01-07T21:00,-999.0,0.0,0.0,0.0,0.0,nan,nan,nan,nan,nan,10.889021873474121,249.91482543945312,266.0310974121094,267.7998046875,268.7762756347656,272.73297119140625,5450.482421875,2906.059814453125,1383.54833984375,82.73334503173828,265.614990234375,53.5,228.10728454589844,146.39999389648438,35600.0,0.0,0.0,,,,,,,,,,,,,,,,,,,,,,,,,,,,,,,,,,,,,,,,,,,,,,,,,,,,,,,,,,,,,,,,,,,,,,,,,,,,,,,,,,,,,,,,,,,,20.0,,,88888.0,88888.0,201.0,6.0,6.0,,10.0,,49.0,,49.0,49.0,0.0,173.0,260.20001220703125,255.9099884033203,70.0,1.0,14.399999618530273,16.200000762939453
2021-01-08T20:53,2021-01-08T21:00,48,train,0,2021,1,20,45,2021-01-07T00:00,,,,,,,,,45,2021-01-07T00:00,-999.0,0.0,0.0,0.0,0.0,nan,nan,nan,nan,nan,9.15297794342041,250.43463134765625,267.46771240234375,270.358642578125,269.81341552734375,273.6939697265625,5497.1142578125,2944.624755859375,1409.2412109375,102.76568603515625,267.77691650390625,23.299999237060547,203.90847778320312,481.0400085449219,75100.0,0.0,0.0,,,,,,,,,,,,,,,,,,,,,,,,,,,,,,,,,,,,,,,,,,,,,,,,,,,,,,,,,,,,,,,,,,,,,,,,,,,,,,,,,,,,,,,,,,,,11.0,,,88888.0,1424.0,8960.0,6.0,6.0,,7.0,,49.0,,49.0,49.0,0.0,195.0,260.45001220703125,256.79998779296875,74.0,0.0,13.600000381469727,14.100000381469727
2021-01-14T16:59,2021-01-14T17:00,1,train,0,2021,1,16,1,2021-01-14T16:00,,,,,,,,,1,2021-01-14T16:00,-999.0,0.0,49.0,100.0,0.0,nan,1341.9437255859375,nan,85400.0,nan,2.0567262172698975,245.8817596435547,261.9165954589844,266.7118835449219,270.6322326660156,274.7330322265625,5383.2041015625,2879.15673828125,1374.5362548828125,77.52851104736328,268.580078125,95.9000015258789,361.6480712890625,607.0399780273438,13200.0,0.0,0.0,,,,,,,,,,,,,,,,,,,,,,,,,,,,,,,,,,,,,,,,,,,,,,,,,,,,,,,,,,,,,,,,,,,,,,,,,,,,,,,,,,,,,,,,,,,,95.0,,,0.0,0.0,256.0,79.0,84.0,,98.0,,71.0,,73.0,73.0,2.0,420.0,265.1099853515625,264.4700012207031,94.0,1.0,6.800000190734863,6.900000095367432
2021-01-14T16:59,2021-01-14T17:00,24,train,0,2021,1,16,23,2021-01-13T18:00,,,,,,,,,24,2021-01-13T17:00,-999.0,100.0,100.0,0.0,10.0,1387.7196044921875,1341.9488525390625,79700.0,85300.0,2056.49365234375,3.087240695953369,246.56326293945312,261.51129150390625,267.6307373046875,271.64312744140625,275.53375244140625,5369.541015625,2868.416015625,1366.9013671875,67.23908996582031,268.72161865234375,97.80000305175781,462.67523193359375,622.5599975585938,800.0,0.0,0.11999999731779099,,,,,,,,,,,,,,,,,,,,,,,,,,,,,,,,,,,,,,,,,,,,,,,,,,,,,,,,,,,,,,,,,,,,,,,,,,,,,,,,,,,,,,,,,,,,86.0,,,30.0,32.0,256.0,77.0,77.0,,77.0,,52.0,,52.0,52.0,2.0,382.0,265.3999938964844,264.83001708984375,94.0,3.0,7.599999904632568,7.699999809265137
2021-01-14T16:59,2021-01-14T17:00,48,train,0,2021,1,16,47,2021-01-12T18:00,,,,,,,,,36,2021-01-13T05:00,-999.0,0.0,20.0,0.0,0.0,nan,1341.786865234375,nan,85400.0,nan,4.688323020935059,244.05697631835938,261.2003173828125,266.4750671386719,271.52569580078125,275.57281494140625,5361.44140625,2870.809326171875,1373.198486328125,74.96810913085938,267.96160888671875,92.4000015258789,378.3297424316406,513.6799926757812,14100.0,0.0,0.07999999821186066,,,,,,,,,,,,,,,,,,,,,,,,,,,,,,,,,,,,,,,,,,,,,,,,,,,,,,,,,,,,,,,,,,,,,,,,,,,,,,,,,,,,,,,,,,,,71.0,,,30.0,32.0,256.0,65.0,65.0,,67.0,,51.0,,53.0,54.0,1.0,377.0,265.8699951171875,264.5099792480469,91.0,3.0,8.399999618530273,8.800000190734863
2021-01-20T05:53,2021-01-20T06:00,1,train,0,2021,1,5,1,2021-01-20T05:00,,,,,,,,,1,2021-01-20T05:00,-999.0,100.0,100.0,0.0,0.0,1341.3900146484375,1341.25,79700.0,85300.0,2039.2745361328125,5.385184288024902,239.11834716796875,251.31443786621094,262.67498779296875,267.4185791015625,271.35479736328125,5241.162109375,2828.5517578125,1369.345703125,101.32106018066406,262.2340393066406,85.69999694824219,883.8857421875,0.0,300.0,0.0,0.04600000008940697,,,,,,,,,,,,,,,,,,,,,,,,,,,,,,,,,,,,,,,,,,,,,,,,,,,,,,,,,,,,,,,,,,,,,,,,,,,,,,,,,,,,,,,,,,,,83.0,,,0.0,0.0,256.0,89.0,94.0,,94.0,,85.0,,90.0,95.0,18.0,538.0,260.55999755859375,258.94000244140625,90.0,13.0,11.199999809265137,12.0
2021-01-20T05:53,2021-01-20T06:00,24,train,0,2021,1,5,24,2021-01-19T06:00,,,,,,,,,24,2021-01-19T06:00,-999.0,100.0,100.0,34.0,0.0,1341.404541015625,1341.22705078125,59500.0,85300.0,1859.29736328125,5.403411865234375,236.7431640625,251.69786071777344,262.270751953125,266.94525146484375,270.9013671875,5229.19580078125,2826.1279296875,1364.9896240234375,97.969482421875,262.3690490722656,90.19999694824219,524.8040161132812,0.0,200.0,9.999999747378752e-05,1.059999942779541,,,,,,,,,,,,,,,,,,,,,,,,,,,,,,,,,,,,,,,,,,,,,,,,,,,,,,,,,,,,,,,,,,,,,,,,,,,,,,,,,,,,,,,,,,,,81.0,,,30.0,32.0,201.0,61.0,62.0,,70.0,,57.0,,57.0,57.0,6.0,437.0,260.41998291015625,258.8600158691406,88.0,18.0,11.199999809265137,12.199999809265137
2021-01-20T05:53,2021-01-20T06:00,48,train,0,2021,1,5,48,2021-01-18T06:00,,,,,,,,,48,2021-01-18T06:00,-999.0,100.0,100.0,62.0,0.0,1341.3228759765625,1341.29052734375,75800.0,85300.0,2235.79248046875,6.927868366241455,240.6832275390625,251.62208557128906,262.00103759765625,267.1195983886719,271.0848388671875,5254.177734375,2827.8115234375,1368.59130859375,101.8275146484375,262.42315673828125,90.0999984741211,699.1577758789062,0.0,100.0,0.0,5.989999771118164,,,,,,,,,,,,,,,,,,,,,,,,,,,,,,,,,,,,,,,,,,,,,,,,,,,,,,,,,,,,,,,,,,,,,,,,,,,,,,,,,,,,,,,,,,,,78.0,,,96.0,32.0,7680.0,94.0,94.0,,95.0,,73.0,,78.0,79.0,16.0,406.0,260.8899841308594,257.6000061035156,74.0,5.0,11.199999809265137,12.100000381469727
2021-01-25T15:52,2021-01-25T16:00,1,train,0,2021,1,15,1,2021-01-25T15:00,,,,,,,,,1,2021-01-25T15:00,-999.0,0.0,1.0,0.0,0.0,nan,1340.61376953125,nan,85500.0,nan,10.547430038452148,244.13807678222656,257.77099609375,261.76165771484375,262.82806396484375,266.8672180175781,5355.69287109375,2873.12109375,1393.4007568359375,126.5584716796875,260.6151428222656,72.5,310.0270080566406,0.0,23200.0,0.0,0.0,,,,,,,,,,,,,,,,,,,,,,,,,,,,,,,,,,,,,,,,,,,,,,,,,,,,,,,,,,,,,,,,,,,,,,,,,,,,,,,,,,,,,,,,,,,,31.0,,,88888.0,144.0,16209.0,11.0,12.0,,15.0,,17.0,,17.0,17.0,0.0,276.0,256.8800048828125,253.72000122070312,76.0,2.0,15.199999809265137,17.700000762939453
2021-01-25T15:52,2021-01-25T16:00,24,train,0,2021,1,15,22,2021-01-24T18:00,,,,,,,,,24,2021-01-24T16:00,-999.0,0.0,0.0,0.0,0.0,nan,1340.6534423828125,nan,85400.0,nan,13.641786575317383,244.093505859375,257.2377624511719,261.5313415527344,262.4987487792969,266.5611877441406,5337.85205078125,2863.394287109375,1385.0933837890625,122.18087768554688,260.2427673339844,65.19999694824219,300.7861633300781,0.0,27700.0,0.0,0.019999999552965164,,,,,,,,,,,,,,,,,,,,,,,,,,,,,,,,,,,,,,,,,,,,,,,,,,,,,,,,,,,,,,,,,,,,,,,,,,,,,,,,,,,,,,,,,,,,38.0,,,88886.0,336.0,256.0,8.0,8.0,,9.0,,46.0,,48.0,55.0,0.0,281.0,256.3899841308594,253.3699951171875,79.0,5.0,16.0,19.299999237060547
2021-01-25T15:52,2021-01-25T16:00,48,train,0,2021,1,15,46,2021-01-23T18:00,,,,,,,,,36,2021-01-24T04:00,-999.0,0.0,0.0,0.0,0.0,nan,1340.4190673828125,nan,85400.0,nan,14.760245323181152,244.0835418701172,258.69927978515625,260.7247619628906,261.9093017578125,265.94598388671875,5342.017578125,2859.642333984375,1379.687744140625,116.8068618774414,259.17041015625,68.5999984741211,296.5467224121094,0.0,25300.0,0.0,0.20000000298023224,,,,,,,,,,,,,,,,,,,,,,,,,,,,,,,,,,,,,,,,,,,,,,,,,,,,,,,,,,,,,,,,,,,,,,,,,,,,,,,,,,,,,,,,,,,,28.0,,,88886.0,104.0,201.0,12.0,12.0,,12.0,,41.0,,43.0,50.0,0.0,293.0,256.03997802734375,252.8599853515625,75.0,1.0,16.0,18.799999237060547
2021-01-31T21:56,2021-01-31T22:00,1,train,0,2021,1,21,1,2021-01-31T21:00,,,,,,,,,1,2021-01-31T21:00,-999.0,0.0,0.0,0.0,1.0,nan,1341.6904296875,nan,86300.0,nan,2.8150112628936768,243.61776733398438,259.21820068359375,266.4136962890625,265.5772399902344,269.296142578125,5423.14404296875,2952.828125,1455.7935791015625,177.47801208496094,262.612548828125,33.0,49.457733154296875,0.0,59700.0,0.0,0.0,,,,,,,,,,,,,,,,,,,,,,,,,,,,,,,,,,,,,,,,,,,,,,,,,,,,,,,,,,,,,,,,,,,,,,,,,,,,,,,,,,,,,,,,,,,,12.0,,,88886.0,2680.0,16209.0,0.0,0.0,,0.0,,7.0,,7.0,7.0,0.0,76.0,257.44000244140625,253.4300079345703,70.0,0.0,5.199999809265137,5.199999809265137
2021-01-31T21:56,2021-01-31T22:00,24,train,0,2021,1,21,22,2021-01-31T00:00,,,,,,,,,24,2021-01-30T22:00,-999.0,0.0,0.0,0.0,98.0,8765.6513671875,1386.2802734375,nan,86000.0,10304.5361328125,1.6295803785324097,245.32708740234375,258.7327880859375,263.97686767578125,264.085205078125,267.89569091796875,5421.6708984375,2948.481689453125,1457.837890625,186.16934204101562,261.47088623046875,48.79999923706055,87.22991943359375,0.0,41100.0,0.0,0.0,,,,,,,,,,,,,,,,,,,,,,,,,,,,,,,,,,,,,,,,,,,,,,,,,,,,,,,,,,,,,,,,,,,,,,,,,,,,,,,,,,,,,,,,,,,,31.0,,,88886.0,3288.0,457.0,0.0,0.0,,0.0,,38.0,,38.0,38.0,0.0,90.0,257.6300048828125,252.8300018310547,67.0,0.0,5.599999904632568,5.599999904632568
2021-01-31T21:56,2021-01-31T22:00,48,train,0,2021,1,21,46,2021-01-30T00:00,,,,,,,,,36,2021-01-30T10:00,-999.0,0.0,0.0,0.0,100.0,nan,1341.2802734375,nan,86300.0,nan,1.1337966918945312,245.10952758789062,259.1318664550781,263.4371643066406,262.5459899902344,266.4569091796875,5413.96630859375,2940.6318359375,1449.653564453125,181.1563720703125,260.5789794921875,50.0,64.11125946044922,0.0,39900.0,0.0,0.0,,,,,,,,,,,,,,,,,,,,,,,,,,,,,,,,,,,,,,,,,,,,,,,,,,,,,,,,,,,,,,,,,,,,,,,,,,,,,,,,,,,,,,,,,,,,15.0,,,88888.0,0.0,457.0,0.0,0.0,,0.0,,37.0,,37.0,37.0,0.0,80.0,257.2300109863281,252.1899871826172,65.0,0.0,5.599999904632568,5.699999809265137
2021-02-15T20:55,2021-02-15T21:00,1,train,0,2021,2,20,1,2021-02-15T20:00,,,,,,,,,1,2021-02-15T20:00,-999.0,62.0,63.0,1.0,0.0,nan,1341.9676513671875,78600.0,86000.0,nan,2.846100330352783,254.90142822265625,267.11688232421875,267.29144287109375,267.47186279296875,271.4956359863281,5554.142578125,2975.74462890625,1449.19384765625,153.65420532226562,267.67816162109375,95.80000305175781,319.02972412109375,471.3599853515625,9000.0,0.0,0.22300000488758087,,,,,,,,,,,,,,,,,,,,,,,,,,,,,,,,,,,,,,,,,,,,,,,,,,,,,,,,,,,,,,,,,,,,,,,,,,,,,,,,,,,,,,,,,,,,85.0,,,30.0,32.0,209.0,55.0,70.0,,95.0,,85.0,,95.0,95.0,0.0,311.0,262.28997802734375,261.44000244140625,95.0,25.0,8.800000190734863,9.100000381469727
2021-02-15T20:55,2021-02-15T21:00,24,train,0,2021,2,20,21,2021-02-15T00:00,,,,,,,,,24,2021-02-14T21:00,-999.0,0.0,91.0,100.0,31.0,1568.5457763671875,1341.8502197265625,59900.0,86000.0,10706.7216796875,2.220268964767456,254.15264892578125,265.9937744140625,265.80035400390625,266.96063232421875,271.0267028808594,5528.79638671875,2962.722412109375,1445.00439453125,152.85415649414062,266.7967834472656,95.5999984741211,332.01953125,331.9200134277344,8000.0,0.0,0.8799999952316284,,,,,,,,,,,,,,,,,,,,,,,,,,,,,,,,,,,,,,,,,,,,,,,,,,,,,,,,,,,,,,,,,,,,,,,,,,,,,,,,,,,,,,,,,,,,97.0,,,32.0,32.0,0.0,91.0,91.0,,91.0,,96.0,,100.0,100.0,0.0,263.0,261.19000244140625,260.989990234375,100.0,18.0,9.199999809265137,9.399999618530273
2021-02-15T20:55,2021-02-15T21:00,48,train,0,2021,2,20,45,2021-02-14T00:00,,,,,,,,,45,2021-02-14T00:00,-999.0,5.0,27.0,100.0,41.0,nan,1342.0283203125,39600.0,86100.0,nan,2.871371030807495,252.75808715820312,266.442138671875,267.5129089355469,267.8967590332031,271.8616027832031,5527.6015625,2961.292236328125,1436.834228515625,140.52369689941406,268.3669738769531,94.4000015258789,330.0374755859375,575.9199829101562,1300.0,0.00019999999494757503,2.2799999713897705,,,,,,,,,,,,,,,,,,,,,,,,,,,,,,,,,,,,,,,,,,,,,,,,,,,,,,,,,,,,,,,,,,,,,,,,,,,,,,,,,,,,,,,,,,,,95.0,,,56.0,24.0,1280.0,79.0,90.0,,94.0,,71.0,,89.0,90.0,0.0,479.0,261.42999267578125,261.03997802734375,95.0,0.0,9.199999809265137,9.0
2021-03-10T04:57,2021-03-10T05:00,1,train,1,2021,3,4,1,2021-03-10T04:00,,,,,,,,,1,2021-03-10T04:00,-999.0,0.0,3.0,0.0,0.0,nan,1630.5491943359375,nan,84100.0,nan,8.275022506713867,249.75865173339844,267.767578125,270.2804870605469,271.1575927734375,274.9161071777344,5629.1669921875,3074.54638671875,1543.4683837890625,234.82598876953125,267.48272705078125,80.0,229.54788208007812,438.32000732421875,14600.0,0.0,0.0,,,,,,,,,,,,,,,,,,,,,,,,,,,,,,,,,,,,,,,,,,,,,,,,,,,,,,,,,,,,,,,,,,,,,,,,,,,,,,,,,,,,,,,,,,,,36.0,,,88888.0,5768.0,16274.0,7.0,7.0,,10.0,,16.0,,16.0,16.0,0.0,135.0,263.5,261.41998291015625,87.0,0.0,12.800000190734863,13.800000190734863
2021-03-10T04:57,2021-03-10T05:00,24,train,1,2021,3,4,23,2021-03-09T06:00,,,,,,,,,24,2021-03-09T05:00,-999.0,0.0,0.0,0.0,0.0,nan,nan,nan,nan,nan,10.787989616394043,249.95835876464844,265.69287109375,270.1504211425781,271.41961669921875,275.1350402832031,5612.75,3062.654541015625,1540.517822265625,234.58853149414062,268.2030029296875,54.5,301.2181396484375,547.5999755859375,34400.0,0.0,0.10000000149011612,,,,,,,,,,,,,,,,,,,,,,,,,,,,,,,,,,,,,,,,,,,,,,,,,,,,,,,,,,,,,,,,,,,,,,,,,,,,,,,,,,,,,,,,,,,,28.0,,,88886.0,2672.0,201.0,19.0,19.0,,20.0,,68.0,,68.0,72.0,0.0,146.0,263.8699951171875,261.2699890136719,82.0,3.0,12.800000190734863,13.699999809265137
2021-03-10T04:57,2021-03-10T05:00,48,train,1,2021,3,4,47,2021-03-08T06:00,,,,,,,,,36,2021-03-08T17:00,-999.0,0.0,0.0,0.0,0.0,nan,nan,nan,nan,nan,10.972187995910645,249.9068603515625,266.0146484375,270.5640563964844,270.64813232421875,274.34271240234375,5610.6015625,3059.4130859375,1531.828369140625,227.69927978515625,267.743408203125,50.20000076293945,234.6745147705078,476.3999938964844,38600.0,0.0,1.1699999570846558,,,,,,,,,,,,,,,,,,,,,,,,,,,,,,,,,,,,,,,,,,,,,,,,,,,,,,,,,,,,,,,,,,,,,,,,,,,,,,,,,,,,,,,,,,,,24.0,,,88886.0,2816.0,201.0,17.0,17.0,,17.0,,61.0,,61.0,62.0,0.0,129.0,263.46002197265625,261.30999755859375,85.0,2.0,12.800000190734863,13.699999809265137
2021-04-22T10:54,2021-04-22T11:00,1,train,0,2021,4,10,1,2021-04-22T10:00,5,2021-04-22T06:00,,,,,,,1,2021-04-22T10:00,-999.0,100.0,100.0,100.0,0.0,1384.7711181640625,1340.7799072265625,nan,84100.0,1455.3623046875,14.293583869934082,242.22557067871094,257.0074462890625,261.2265319824219,265.21551513671875,269.2662353515625,5195.740234375,2737.58056640625,1264.322509765625,-6.039794921875,259.4017333984375,87.5,354.95697021484375,0.0,1500.0,0.0,0.012000000104308128,20000.140625,0.0,0.0,5.0,0.0,24135.08984375,0.0,0.0,252.43325805664062,268.1184387207031,278.6348571777344,282.3049011230469,289.864990234375,5605.4091796875,3042.331787109375,1484.69091796875,790.4168090820312,136.68833923339844,290.9190979003906,50.29999923706055,76.9000015258789,1232.506103515625,2318.8798828125,,,,,,,,,,,,,,,,,,,,,,,,,,,,,,,,,,,,,,,,,,,,,,,,,,,,,,,,,,,,,,,,,,,,,93.0,,,0.0,0.0,0.0,69.0,83.0,,87.0,,75.0,,75.0,75.0,2.0,533.0,258.8899841308594,258.19000244140625,94.0,21.0,18.0,21.299999237060547
2021-04-22T10:54,2021-04-22T11:00,24,train,0,2021,4,10,23,2021-04-21T12:00,23,2021-04-21T12:00,,,,,,,24,2021-04-21T11:00,-999.0,100.0,100.0,100.0,0.0,1341.25390625,1341.066650390625,72700.0,84200.0,1562.2242431640625,12.21517562866211,241.7767333984375,256.42041015625,262.8785705566406,267.0147399902344,271.0704040527344,5194.69482421875,2745.2060546875,1268.52587890625,-5.456451416015625,261.58538818359375,89.19999694824219,392.21942138671875,0.0,100.0,9.999999747378752e-05,30.84000015258789,20000.025390625,0.0,0.4000000059604645,13.5,0.0,24134.904296875,0.0,0.0,252.11000061035156,268.7637634277344,278.583740234375,282.3458251953125,289.73272705078125,5608.3232421875,3043.242919921875,1482.532958984375,788.4321899414062,134.5848388671875,291.0296630859375,48.900001525878906,74.80000305175781,1276.99462890625,2405.43994140625,,,,,,,,,,,,,,,,,,,,,,,,,,,,,,,,,,,,,,,,,,,,,,,,,,,,,,,,,,,,,,,,,,,,,88.0,,,0.0,0.0,256.0,73.0,77.0,,79.0,,63.0,,65.0,65.0,2.0,511.0,261.70001220703125,260.3399963378906,91.0,26.0,17.200000762939453,20.200000762939453
2021-04-22T10:54,2021-04-22T11:00,48,train,0,2021,4,10,47,2021-04-20T12:00,47,2021-04-20T12:00,,,,,,,36,2021-04-20T23:00,-999.0,100.0,100.0,0.0,0.0,1341.1671142578125,1341.0181884765625,78300.0,83800.0,1696.309326171875,14.870532035827637,242.67092895507812,257.14166259765625,262.4942626953125,266.67279052734375,270.72796630859375,5179.94921875,2718.17431640625,1240.64306640625,-33.54911804199219,261.05401611328125,88.9000015258789,368.2798767089844,0.0,100.0,0.0,43.54999923706055,2612.373046875,5.0,100.0,100.0,6.599999904632568,24134.919921875,0.0,0.0,251.79039001464844,269.1112060546875,279.1835021972656,281.922119140625,289.1000061035156,5606.13720703125,3035.8134765625,1473.053955078125,779.1998901367188,126.37687683105469,290.1622619628906,52.099998474121094,78.5,1200.6741943359375,2466.56005859375,,,,,,,,,,,,,,,,,,,,,,,,,,,,,,,,,,,,,,,,,,,,,,,,,,,,,,,,,,,,,,,,,,,,,86.0,,,0.0,0.0,256.0,100.0,100.0,,100.0,,52.0,,52.0,52.0,1.0,461.0,261.97998046875,260.91998291015625,93.0,41.0,17.600000381469727,20.5
2021-07-18T09:58,2021-07-18T10:00,1,train,0,2021,7,9,1,2021-07-18T09:00,4,2021-07-18T06:00,,,1,2021-07-18T09:00,,,1,2021-07-18T09:00,6562.60009765625,0.0,100.0,100.0,100.0,1344.9423828125,1344.890380859375,39700.0,87000.0,1741.6295166015625,2.02266001701355,265.10076904296875,278.6768798828125,286.6344299316406,288.8575744628906,292.9330749511719,5832.33251953125,3147.3173828125,1530.79736328125,142.55206298828125,285.7090148925781,97.69999694824219,116.71957397460938,4212.197265625,100.0,9.999999747378752e-05,2.3399999141693115,19999.892578125,0.0,0.0,0.0,0.0,24135.236328125,0.0,0.0,265.0298156738281,280.24554443359375,289.14117431640625,291.01239013671875,298.0053405761719,5861.46484375,3173.049072265625,1547.973388671875,826.5173950195312,151.21377563476562,299.2507629394531,53.70000076293945,77.4000015258789,957.183349609375,4495.68017578125,,,,,,,,,,,,,,,,,,,,,,,1276.6844482421875,100.0,100.0,100.0,36.0,5100.0,264.1810607910156,278.51318359375,285.3609924316406,287.3071594238281,291.1485595703125,5829.56689453125,3149.405029296875,1536.947021484375,823.9262084960938,154.95933532714844,287.364013671875,94.95037841796875,94.90005493164062,238.1339874267578,4160.0,0.0006600000197067857,2.9375,,,,,,,,,,,,,,,,,,,,,,,,100.0,,,0.0,0.0,209.0,100.0,100.0,,100.0,,74.0,,86.0,100.0,7.0,258.0,281.82000732421875,281.8699951171875,100.0,100.0,8.800000190734863,9.600000381469727
2021-07-18T09:58,2021-07-18T10:00,24,train,0,2021,7,9,22,2021-07-17T12:00,22,2021-07-17T12:00,,,25,2021-07-17T09:00,,,24,2021-07-17T10:00,5572.2001953125,0.0,100.0,100.0,100.0,1917.6707763671875,1942.3258056640625,26800.0,81100.0,12901.2744140625,2.2930357456207275,264.7120056152344,277.928466796875,285.20294189453125,288.9202880859375,293.18756103515625,5832.06396484375,3152.221923828125,1541.612060546875,154.8739013671875,284.68701171875,91.19999694824219,257.4454345703125,4113.95849609375,7400.0,0.0003000000142492354,3.690000057220459,19999.869140625,0.0,0.0,0.0,0.0,24135.009765625,0.0,0.0,265.0406188964844,280.1128845214844,288.983154296875,290.64117431640625,297.6031494140625,5860.71435546875,3169.893310546875,1545.7156982421875,824.8455200195312,150.20628356933594,298.9999694824219,56.400001525878906,81.9000015258789,955.5079956054688,4466.72021484375,,,,,,,,,,,,,,,,,,,,,,,6473.07861328125,64.0,86.0,100.0,0.0,16300.0,264.808349609375,276.7786865234375,284.82623291015625,289.3104248046875,293.4554748535156,5829.31591796875,3154.63525390625,1550.374267578125,836.227783203125,165.35166931152344,288.37847900390625,84.6966781616211,78.02588653564453,294.380126953125,3900.0,1.9999999494757503e-05,1.125,,,,,,,,,,,,,,,,,,,,,,,,100.0,,,0.0,0.0,256.0,100.0,100.0,,100.0,,55.0,,68.0,83.0,7.0,176.0,281.80999755859375,281.9599914550781,100.0,66.0,8.399999618530273,8.800000190734863
2021-07-18T09:58,2021-07-18T10:00,48,train,0,2021,7,9,46,2021-07-16T12:00,46,2021-07-16T12:00,,,49,2021-07-16T09:00,,,36,2021-07-16T22:00,7313.39990234375,100.0,100.0,100.0,100.0,1344.4901123046875,1344.357666015625,30400.0,87200.0,12252.52734375,3.9494543075561523,264.2557373046875,278.3512878417969,283.74224853515625,286.60882568359375,290.88690185546875,5836.08740234375,3155.62939453125,1547.076171875,167.8016815185547,283.0768737792969,100.0,383.3538513183594,4128.12646484375,100.0,0.0015999999595806003,30.06999969482422,20000.05078125,0.0,0.0,0.0,0.0,24134.857421875,0.0,0.0,266.1527099609375,280.452392578125,289.0314025878906,290.75518798828125,297.8710632324219,5860.60693359375,3166.94140625,1542.232421875,821.4129028320312,146.323974609375,299.0281066894531,57.400001525878906,83.0,990.3428344726562,4457.27978515625,,,,,,,,,,,,,,,,,,,,,,,10505.7041015625,6.0,100.0,100.0,0.0,19300.0,263.574462890625,278.80718994140625,285.22259521484375,289.02069091796875,292.3873596191406,5850.1650390625,3171.23193359375,1565.34375,850.7193603515625,180.6044158935547,287.6475524902344,79.19525146484375,75.43641662597656,238.32875061035156,4200.0,0.0,4.3125,,,,,,,,,,,,,,,,,,,,,,,,96.0,,,32.0,32.0,256.0,72.0,76.0,,79.0,,54.0,,71.0,95.0,10.0,178.0,281.469970703125,281.70001220703125,100.0,65.0,8.800000190734863,9.600000381469727
2021-08-20T01:50,2021-08-20T02:00,1,train,0,2021,8,1,1,2021-08-20T01:00,2,2021-08-20T00:00,,,1,2021-08-20T01:00,,,1,2021-08-20T01:00,-999.0,0.0,100.0,100.0,94.0,1345.275390625,1345.220947265625,52700.0,86600.0,5981.4775390625,3.709573984146118,267.4158935546875,281.1709899902344,288.3792724609375,291.17730712890625,295.47479248046875,5834.798828125,3121.72412109375,1493.240234375,92.28730773925781,287.58282470703125,99.4000015258789,244.2869110107422,4800.9111328125,0.0,0.0,0.0,20000.146484375,0.0,0.0,55.79999923706055,0.0,24134.7421875,0.0,0.0,262.6086730957031,279.2817077636719,285.3694763183594,287.8939514160156,287.2652282714844,5795.97265625,3125.167724609375,1510.6689453125,798.585205078125,136.33438110351562,286.760498046875,90.0999984741211,77.69999694824219,37.64984130859375,4128.9599609375,,,,,,,,,,,,,,,,,,,,,,,1686.40869140625,56.0,100.0,100.0,56.0,6300.0,266.86334228515625,282.1114196777344,288.8668212890625,290.73931884765625,294.7824401855469,5847.87744140625,3133.12548828125,1502.2818603515625,779.3023071289062,101.09288024902344,290.1484375,95.57785034179688,95.12187957763672,291.29278564453125,4791.2138671875,0.0,0.0,,,,,,,,,,,,,,,,,,,,,,,,94.0,,,0.0,0.0,209.0,99.0,100.0,,100.0,,100.0,,100.0,100.0,1.0,156.0,284.8799743652344,285.05999755859375,100.0,32.0,7.199999809265137,8.0
2021-08-20T01:50,2021-08-20T02:00,24,train,0,2021,8,1,26,2021-08-19T00:00,26,2021-08-19T00:00,,,23,2021-08-19T03:00,,,24,2021-08-19T02:00,-999.0,0.0,100.0,90.0,81.0,1345.2889404296875,1345.25927734375,85200.0,86400.0,1593.3380126953125,3.5022811889648438,267.6933898925781,281.9217529296875,289.31573486328125,291.86761474609375,296.09716796875,5832.14990234375,3115.251953125,1480.98486328125,76.34422302246094,287.87933349609375,99.0,246.2599639892578,4727.47705078125,100.0,9.999999747378752e-05,34.560001373291016,8597.1484375,0.0,1.399999976158142,100.0,0.0,24135.015625,0.0,0.0,262.2200012207031,279.2329406738281,286.70196533203125,290.57940673828125,288.302978515625,5795.67822265625,3126.6279296875,1511.5133056640625,793.811279296875,127.2120590209961,287.64312744140625,88.30000305175781,65.0,57.00648880004883,4148.7998046875,,,,,,,,,,,,,,,,,,,,,,,861.2726440429688,100.0,100.0,100.0,90.0,5900.0,267.52166748046875,281.1737365722656,289.0719909667969,290.8929443359375,294.85150146484375,5836.67431640625,3125.8935546875,1494.13623046875,770.18408203125,92.46554565429688,290.5657958984375,97.25460052490234,98.27033996582031,385.7911682128906,4660.9775390625,4.999999873689376e-05,7.9375,,,,,,,,,,,,,,,,,,,,,,,,97.0,,,32.0,32.0,201.0,81.0,84.0,,88.0,,63.0,,79.0,96.0,10.0,196.0,285.1399841308594,285.1600036621094,100.0,72.0,8.399999618530273,10.0
2021-08-20T01:50,2021-08-20T02:00,48,train,0,2021,8,1,44,2021-08-18T06:00,50,2021-08-18T00:00,,,47,2021-08-18T03:00,,,36,2021-08-18T14:00,-999.0,0.0,40.0,88.0,100.0,1394.4617919921875,1394.59619140625,63500.0,86300.0,13353.66796875,1.5133637189865112,266.60662841796875,280.442138671875,287.49700927734375,290.47113037109375,294.7164306640625,5842.56640625,3136.3662109375,1513.787353515625,117.41722106933594,287.2076416015625,98.0,165.66558837890625,4676.85546875,12200.0,0.0,7.480000019073486,19999.912109375,0.0,0.0,0.0,0.0,24134.80859375,0.0,0.0,262.6001892089844,279.23895263671875,287.0582275390625,290.5657958984375,287.968017578125,5800.76123046875,3131.660400390625,1514.38623046875,795.5548095703125,130.31643676757812,287.3423767089844,90.80000305175781,66.0,24.649612426757812,4065.760009765625,,,,,,,,,,,,,,,,,,,,,,,861.6098022460938,96.0,100.0,100.0,65.0,3400.0,266.665283203125,280.14141845703125,287.6513366699219,290.8059997558594,294.8905944824219,5851.14306640625,3146.281005859375,1522.629150390625,801.7357788085938,125.05389404296875,290.8946533203125,98.07772827148438,96.47530364990234,448.7279357910156,4632.54150390625,0.0008699999889358878,21.0625,,,,,,,,,,,,,,,,,,,,,,,,94.0,,,0.0,0.0,201.0,95.0,95.0,,95.0,,56.0,,66.0,84.0,13.0,170.0,284.28997802734375,284.6000061035156,100.0,33.0,8.0,9.600000381469727
2021-09-09T11:54,2021-09-09T12:00,1,train,0,2021,9,11,1,2021-09-09T11:00,6,2021-09-09T06:00,,,1,2021-09-09T11:00,,,1,2021-09-09T11:00,-999.0,0.0,61.0,100.0,100.0,1589.411376953125,1344.79296875,nan,86100.0,9223.7978515625,4.619417667388916,262.8291320800781,277.2501220703125,285.1695251464844,289.1495666503906,293.3421630859375,5719.0947265625,3056.81103515625,1449.9306640625,64.80216217041016,285.7158203125,95.4000015258789,283.5368957519531,3728.891357421875,12200.0,0.0,0.04699999839067459,20000.02734375,5.0,5.0,100.0,3.5999999046325684,24135.1484375,0.0,0.0,262.34063720703125,275.97332763671875,285.9796142578125,290.402587890625,297.3070373535156,5764.0888671875,3108.329345703125,1504.070068359375,787.9390869140625,113.51953125,299.6613464355469,51.900001525878906,79.5,1097.3980712890625,3628.0,,,,,,,,,,,,,,,,,,,,,,,3384.106689453125,29.0,100.0,87.0,28.0,12500.0,262.0307312011719,276.9931640625,285.6402282714844,288.32012939453125,292.4895935058594,5722.23486328125,3060.624755859375,1454.6751708984375,740.2393188476562,71.3651351928711,288.2591247558594,94.77291107177734,94.2239990234375,252.81072998046875,3716.052978515625,0.0,0.0,,,,,,,,,,,,,,,,,,,,,,,,94.0,,,0.0,0.0,465.0,41.0,41.0,,65.0,,42.0,,47.0,58.0,11.0,227.0,281.80999755859375,281.5099792480469,100.0,22.0,8.800000190734863,10.0
2021-09-09T11:54,2021-09-09T12:00,24,train,0,2021,9,11,24,2021-09-08T12:00,24,2021-09-08T12:00,,,21,2021-09-08T15:00,,,24,2021-09-08T12:00,-999.0,0.0,30.0,1.0,100.0,9483.5966796875,2669.365966796875,25200.0,73500.0,11380.3544921875,5.658966064453125,261.7183837890625,275.94195556640625,284.5828857421875,288.167236328125,292.3409423828125,5719.02734375,3062.679443359375,1461.5361328125,81.73237609863281,285.0668640136719,88.80000305175781,227.68408203125,3759.644287109375,14600.0,0.0,25.850000381469727,912.8417358398438,39.20000076293945,5.0,99.9000015258789,23.899999618530273,5464.3173828125,0.0004704000020865351,1.375,262.2792053222656,275.91064453125,285.2509765625,290.5839538574219,297.124267578125,5763.2080078125,3109.830078125,1505.7052001953125,789.3758544921875,114.22571563720703,297.7959899902344,67.5999984741211,83.5,997.5465087890625,3560.47998046875,,,,,,,,,,,,,,,,,,,,,,,3754.385498046875,88.0,100.0,100.0,31.0,13400.0,262.07647705078125,276.6973876953125,285.389892578125,288.786376953125,293.03271484375,5727.9697265625,3067.276611328125,1460.943603515625,746.528564453125,78.0600357055664,288.6925964355469,93.05281066894531,94.20709228515625,422.92578125,3735.231201171875,9.999999747378752e-06,6.1875,,,,,,,,,,,,,,,,,,,,,,,,91.0,,,0.0,0.0,256.0,84.0,87.0,,94.0,,68.0,,91.0,100.0,17.0,158.0,281.78997802734375,281.6499938964844,100.0,28.0,8.399999618530273,9.600000381469727
2021-09-09T11:54,2021-09-09T12:00,48,train,0,2021,9,11,48,2021-09-07T12:00,48,2021-09-07T12:00,,,45,2021-09-07T15:00,,,48,2021-09-07T12:00,-999.0,0.0,45.0,0.0,100.0,9447.7431640625,1344.571533203125,nan,86200.0,10516.8955078125,3.0784590244293213,262.47418212890625,275.8346862792969,283.81610107421875,287.851318359375,292.1171569824219,5704.416015625,3050.2392578125,1455.39453125,76.12223052978516,285.0824890136719,92.9000015258789,300.25665283203125,3735.53369140625,13300.0,0.0,40.08000183105469,20000.037109375,14.399999618530273,5.0,100.0,1.100000023841858,24135.0546875,1.2000000424450263e-06,0.125,262.32000732421875,275.8547058105469,286.14849853515625,290.2018127441406,297.11181640625,5762.806640625,3111.711181640625,1506.138671875,789.529541015625,115.38880920410156,299.5342712402344,55.099998474121094,85.4000015258789,1004.498779296875,3493.919921875,,,,,,,,,,,,,,,,,,,,,,,2808.46533203125,52.0,100.0,71.0,41.0,13400.0,261.2918701171875,275.8529052734375,284.4449157714844,288.40777587890625,292.694580078125,5715.57080078125,3065.193359375,1466.2078857421875,753.9520263671875,85.52307891845703,288.2615051269531,91.88172912597656,92.8466796875,358.2331237792969,3523.223876953125,0.0,16.375,,,,,,,,,,,,,,,,,,,,,,,,85.0,,,8.0,8.0,0.0,78.0,79.0,,82.0,,57.0,,65.0,71.0,112.0,179.0,282.0799865722656,282.02996826171875,100.0,80.0,9.199999809265137,10.800000190734863
2021-09-27T03:53,2021-09-27T04:00,1,train,0,2021,9,3,1,2021-09-27T03:00,4,2021-09-27T00:00,4,2021-09-27T00:00,1,2021-09-27T03:00,,,1,2021-09-27T03:00,-999.0,0.0,7.0,0.0,0.0,nan,1343.5035400390625,nan,85900.0,nan,10.286952018737793,255.72286987304688,271.560302734375,278.69940185546875,282.6799621582031,286.863525390625,5592.05078125,2995.53076171875,1429.5501708984375,77.56092071533203,277.2248229980469,83.4000015258789,236.4840850830078,2976.593017578125,16500.0,0.0,0.0,20000.142578125,0.0,16.0,90.80000305175781,0.0,24135.255859375,0.0,0.0,261.4200134277344,278.14666748046875,286.3666687011719,290.8766784667969,289.28668212890625,5790.12744140625,3130.906982421875,1526.5870361328125,809.0254516601562,141.14068603515625,288.93365478515625,75.69999694824219,52.5,176.21434020996094,3795.199951171875,19999.96875,15.0,0.0,0.0,100.0,257.0,273.29998779296875,277.0,281.8999938964844,286.1000061035156,5608.2705078125,3000.641845703125,1436.1495361328125,741.4822998046875,88.07897186279297,279.1800231933594,99.5999984741211,100.0,768.719970703125,3040.39111328125,0.0003000000142492354,1.875,nan,2.0,0.0,0.0,0.0,16400.0,256.7518005371094,270.6485900878906,277.45269775390625,283.18121337890625,287.3184509277344,5591.13330078125,2996.968017578125,1439.5220947265625,743.5557861328125,88.67514038085938,280.2444152832031,83.00582885742188,72.24065399169922,671.7711791992188,2374.37255859375,0.0,0.0,,,,,,,,,,,,,,,,,,,,,,,,35.0,,,88886.0,776.0,0.0,72.0,78.0,,78.0,,70.0,,70.0,70.0,11.0,378.0,275.67999267578125,273.92999267578125,89.0,3.0,14.0,16.799999237060547
2021-09-27T03:53,2021-09-27T04:00,24,train,0,2021,9,3,22,2021-09-26T06:00,22,2021-09-26T06:00,22,2021-09-26T06:00,25,2021-09-26T03:00,,,24,2021-09-26T04:00,-999.0,6.0,27.0,0.0,0.0,1725.0072021484375,1343.5072021484375,nan,85900.0,nan,8.351324081420898,256.2867431640625,271.25067138671875,277.22735595703125,282.30499267578125,286.5625305175781,5601.36328125,2995.189453125,1439.5157470703125,89.26187133789062,277.53759765625,94.5999984741211,533.9663696289062,1988.4254150390625,12200.0,0.0,0.019999999552965164,8589.6240234375,0.0,52.70000076293945,100.0,0.0,24134.912109375,0.0,0.0,261.64337158203125,277.12274169921875,286.9657897949219,291.57470703125,289.3677673339844,5783.75146484375,3128.988037109375,1524.41845703125,805.1756591796875,136.2967987060547,289.0167541503906,82.69999694824219,51.70000076293945,182.33908081054688,3718.39990234375,19999.912109375,27.0,0.0,0.0,0.0,256.79998779296875,273.3999938964844,276.20001220703125,281.0,285.20001220703125,5614.22412109375,2998.85791015625,1428.4412841796875,736.1282348632812,84.57218933105469,278.2699890136719,99.5999984741211,100.0,474.32000732421875,3037.3798828125,0.0013000000035390258,4.375,nan,50.0,0.0,0.0,3.0,14400.0,256.5999755859375,270.984375,276.9693908691406,281.681396484375,285.9159851074219,5596.978515625,2990.537109375,1436.74755859375,743.22314453125,89.56748962402344,280.51080322265625,88.73490142822266,84.06415557861328,496.8140563964844,1938.8203125,0.0,0.0,,,,,,,,,,,,,,,,,,,,,,,,40.0,,,88888.0,456.0,384.0,27.0,29.0,,32.0,,30.0,,30.0,30.0,9.0,428.0,275.02996826171875,273.6000061035156,88.0,4.0,13.600000381469727,16.399999618530273
2021-09-27T03:53,2021-09-27T04:00,48,train,0,2021,9,3,46,2021-09-25T06:00,46,2021-09-25T06:00,46,2021-09-25T06:00,49,2021-09-25T03:00,,,36,2021-09-25T16:00,-999.0,0.0,19.0,0.0,0.0,nan,1343.453857421875,nan,85900.0,nan,8.170625686645508,255.53213500976562,271.05230712890625,277.91973876953125,282.9814147949219,287.1775817871094,5594.0107421875,2995.34814453125,1433.9552001953125,81.96868896484375,277.4869689941406,92.80000305175781,296.4282531738281,2929.0185546875,12600.0,0.0,0.0,7230.00244140625,0.0,87.0999984741211,100.0,0.0,24134.826171875,0.0,0.0,260.8719482421875,276.3139953613281,286.15399169921875,291.2314758300781,289.9315185546875,5783.38623046875,3134.948974609375,1534.50439453125,816.2875366210938,147.44268798828125,289.3999938964844,77.0,53.70000076293945,115.96424865722656,3716.800048828125,19999.8203125,13.0,0.0,0.0,200.0,255.6999969482422,272.8999938964844,277.3999938964844,281.3999938964844,285.6000061035156,5583.1572265625,2985.675048828125,1417.1754150390625,723.6298217773438,69.96951293945312,278.47998046875,99.5999984741211,100.0,698.0,2939.275146484375,0.0006000000284984708,1.4375,nan,11.0,0.0,0.0,1.0,16400.0,255.71066284179688,270.4144287109375,277.82672119140625,283.6586608886719,287.63922119140625,5583.81640625,2992.6611328125,1434.0389404296875,736.6018676757812,81.99934387207031,281.2587890625,83.36965942382812,73.52535247802734,650.8108520507812,2356.38671875,0.0,11.375,,,,,,,,,,,,,,,,,,,,,,,,50.0,,,88888.0,336.0,384.0,20.0,20.0,,22.0,,35.0,,35.0,35.0,5.0,366.0,275.260009765625,273.6700134277344,87.0,5.0,12.399999618530273,15.199999809265137
2021-10-10T08:55,2021-10-10T09:00,1,train,1,2021,10,8,1,2021-10-10T08:00,3,2021-10-10T06:00,3,2021-10-10T06:00,1,2021-10-10T08:00,,,1,2021-10-10T08:00,-999.0,0.0,0.0,18.0,100.0,8185.30078125,7934.41455078125,nan,37400.0,9909.8212890625,5.41261100769043,259.47393798828125,277.0333251953125,282.2302551269531,282.1142578125,285.5904235839844,5804.443359375,3161.12109375,1564.3890380859375,204.139892578125,279.22998046875,71.0,84.71564483642578,3801.919921875,22700.0,0.0,0.0,19999.8046875,0.0,0.0,1.7000000476837158,0.0,24135.0625,0.0,0.0,259.2353210449219,276.1102294921875,281.6602478027344,283.0809631347656,286.5409851074219,5775.60791015625,3144.70947265625,1551.7447509765625,852.3580322265625,200.88934326171875,288.22418212890625,68.80000305175781,78.0999984741211,388.2566223144531,3573.1201171875,1231.9671630859375,53.0,9.0,79.0,4200.0,259.70001220703125,277.29998779296875,283.5,281.3999938964844,285.6000061035156,5804.56689453125,3158.760986328125,1560.894775390625,862.0982666015625,220.2840576171875,277.2300109863281,99.0,83.0,144.39999389648438,3808.800048828125,0.0,0.0,6799.42041015625,1.0,100.0,100.0,1.0,14500.0,258.00323486328125,276.99310302734375,282.48394775390625,280.7130126953125,283.4201965332031,5792.8896484375,3152.5224609375,1554.9765625,856.34619140625,201.96640014648438,278.62384033203125,87.64967346191406,83.23905944824219,47.81781768798828,3760.0,0.0,0.0,,,,,,,,,,,,,,,,,,,,,,,,94.0,,,0.0,0.0,16274.0,18.0,19.0,,19.0,,2.0,,2.0,2.0,0.0,110.0,276.2499694824219,273.1300048828125,81.0,2.0,8.0,8.600000381469727
2021-10-10T08:55,2021-10-10T09:00,24,train,1,2021,10,8,21,2021-10-09T12:00,21,2021-10-09T12:00,21,2021-10-09T12:00,24,2021-10-09T09:00,,,24,2021-10-09T09:00,-999.0,0.0,0.0,10.0,100.0,8008.68212890625,1470.72412109375,22300.0,86100.0,12459.28125,5.033722877502441,259.1126708984375,276.237060546875,281.5838623046875,280.35101318359375,284.13751220703125,5802.15234375,3163.237060546875,1570.9132080078125,216.45263671875,277.9985656738281,71.5,88.2453384399414,3711.671142578125,22600.0,0.0,0.0,20000.138671875,0.0,0.0,5.0,0.0,24135.22265625,0.0,0.0,259.5428161621094,276.1283874511719,282.3472900390625,283.4533386230469,286.1337585449219,5778.0498046875,3145.7939453125,1553.156982421875,852.0584716796875,201.14324951171875,287.87579345703125,62.900001525878906,64.19999694824219,368.3792724609375,3583.679931640625,6510.09814453125,46.0,89.0,56.0,24100.0,259.8999938964844,276.6000061035156,282.8999938964844,280.70001220703125,284.8999938964844,5805.326171875,3159.225341796875,1562.33056640625,865.546875,222.060302734375,278.0799865722656,83.9000015258789,81.0,144.24000549316406,3726.239990234375,0.0,0.0,5850.57958984375,28.0,84.0,100.0,28.0,11000.0,258.8360900878906,276.5639953613281,281.79425048828125,279.91534423828125,282.6191711425781,5801.71435546875,3163.388916015625,1569.1220703125,873.1741333007812,220.07855224609375,277.693603515625,88.32794189453125,81.60155487060547,84.65962982177734,3730.0,0.0,0.0,,,,,,,,,,,,,,,,,,,,,,,,94.0,,,32.0,32.0,256.0,30.0,31.0,,37.0,,45.0,,45.0,45.0,0.0,107.0,275.7400207519531,272.65997314453125,82.0,1.0,7.599999904632568,7.800000190734863
2021-10-10T08:55,2021-10-10T09:00,48,train,1,2021,10,8,45,2021-10-08T12:00,45,2021-10-08T12:00,45,2021-10-08T12:00,48,2021-10-08T09:00,,,45,2021-10-08T12:00,-999.0,0.0,0.0,0.0,100.0,8166.49365234375,1476.7750244140625,30400.0,86100.0,12573.2646484375,6.011963844299316,259.403564453125,276.17352294921875,280.7740173339844,279.67083740234375,283.5306396484375,5798.17578125,3159.91455078125,1570.23046875,218.58131408691406,276.3735656738281,68.0,118.40118408203125,3616.39013671875,24700.0,0.0,0.17000000178813934,19999.919921875,0.0,0.0,0.0,0.0,24135.197265625,0.0,0.0,259.2133483886719,276.00933837890625,282.7299499511719,283.5722961425781,286.318603515625,5778.81201171875,3143.086669921875,1548.7747802734375,847.1002807617188,196.1984100341797,287.9785461425781,59.900001525878906,62.400001525878906,394.69635009765625,3574.719970703125,6961.890625,10.0,57.0,69.0,24100.0,259.6000061035156,276.6000061035156,282.20001220703125,285.79998779296875,290.1000061035156,5798.65234375,3155.3134765625,1559.0537109375,854.7823486328125,221.33236694335938,282.15997314453125,49.79999923706055,66.0,72.23999786376953,3701.760009765625,0.0,0.0,6597.5712890625,29.0,36.0,100.0,29.0,10400.0,258.815673828125,276.30816650390625,280.050048828125,279.4866027832031,282.541015625,5801.27587890625,3163.3505859375,1573.97314453125,880.787109375,227.94532775878906,277.636474609375,88.7891845703125,89.55448150634766,117.33082580566406,3700.323974609375,0.0,0.125,,,,,,,,,,,,,,,,,,,,,,,,88.0,,,32.0,32.0,3584.0,50.0,51.0,,52.0,,55.0,,55.0,55.0,0.0,164.0,274.32000732421875,272.70001220703125,89.0,0.0,9.199999809265137,9.300000190734863
2021-10-23T03:54,2021-10-23T04:00,1,train,1,2021,10,3,1,2021-10-23T03:00,4,2021-10-23T00:00,4,2021-10-23T00:00,1,2021-10-23T03:00,,,1,2021-10-23T03:00,-999.0,0.0,0.0,0.0,0.0,nan,1342.9775390625,nan,86100.0,nan,4.880816459655762,254.8629150390625,272.02020263671875,275.32684326171875,277.3057861328125,281.3680114746094,5601.029296875,2998.962890625,1438.8623046875,98.9375228881836,273.6675109863281,82.9000015258789,94.40216064453125,2720.320068359375,17100.0,0.0,0.0,20000.0,0.0,0.0,0.0,0.0,24134.853515625,0.0,0.0,256.7512512207031,274.0653076171875,277.705322265625,280.3852844238281,281.1553039550781,5721.38671875,3110.6201171875,1535.29833984375,844.5286254882812,199.79568481445312,280.11212158203125,62.20000076293945,68.4000015258789,50.96963882446289,3264.639892578125,20000.03515625,35.0,0.0,0.0,0.0,254.39999389648438,272.0,278.3999938964844,275.79998779296875,279.8999938964844,5608.4453125,3005.668701171875,1440.0643310546875,757.271484375,119.64171600341797,273.2400207519531,99.30000305175781,100.0,524.9600219726562,1185.9200439453125,0.0,0.0625,760.39306640625,94.0,0.0,3.0,94.0,6200.0,254.64662170410156,272.7192687988281,275.5226135253906,276.12127685546875,280.1188049316406,5603.2705078125,3000.70166015625,1437.467529296875,753.0700073242188,103.38623046875,275.9537353515625,97.72281646728516,94.44307708740234,345.7572021484375,2940.0,0.0,0.0,,,,,,,,,,,,,,,,,,,,,,,,35.0,,,88888.0,3048.0,16274.0,15.0,15.0,,15.0,,16.0,,16.0,17.0,0.0,147.0,271.3600158691406,268.82000732421875,85.0,3.0,7.599999904632568,8.0
2021-10-23T03:54,2021-10-23T04:00,24,train,1,2021,10,3,22,2021-10-22T06:00,22,2021-10-22T06:00,22,2021-10-22T06:00,25,2021-10-22T03:00,,,24,2021-10-22T04:00,-999.0,0.0,0.0,0.0,1.0,nan,1343.35888671875,nan,86000.0,nan,3.716545343399048,255.54791259765625,272.0539855957031,275.93017578125,277.4202880859375,281.4602355957031,5600.689453125,2999.13134765625,1436.9820556640625,97.43260955810547,275.000244140625,73.80000305175781,96.54878234863281,2668.47998046875,21600.0,0.0,1.4600000381469727,19999.91796875,0.0,0.0,0.0,0.0,24134.91015625,0.0,0.0,256.9225769042969,273.8569030761719,279.02825927734375,280.7929382324219,280.4282531738281,5726.58935546875,3113.785888671875,1537.391357421875,844.6620483398438,200.6619415283203,279.1212463378906,59.20000076293945,39.099998474121094,49.31153106689453,3246.8798828125,20000.009765625,17.0,7.0,11.0,24100.0,255.1999969482422,272.70001220703125,278.6000061035156,282.8999938964844,287.1000061035156,5607.69482421875,3002.386474609375,1434.0364990234375,740.0702514648438,112.16471862792969,277.54998779296875,37.099998474121094,21.0,142.24000549316406,2817.1201171875,0.0,0.0,806.62158203125,79.0,0.0,100.0,79.0,3100.0,255.225830078125,272.213134765625,274.76312255859375,275.08074951171875,279.154541015625,5599.3955078125,2997.754638671875,1436.671630859375,755.4481811523438,107.2108154296875,274.70184326171875,98.5823974609375,94.22547912597656,327.771240234375,1920.0,0.0,1.5625,,,,,,,,,,,,,,,,,,,,,,,,63.0,,,0.0,0.0,201.0,71.0,71.0,,75.0,,62.0,,62.0,62.0,0.0,119.0,272.010009765625,269.1099853515625,80.0,0.0,6.800000190734863,7.199999809265137
2021-11-08T17:53,2021-11-08T18:00,1,train,1,2021,11,17,1,2021-11-08T17:00,6,2021-11-08T12:00,6,2021-11-08T12:00,1,2021-11-08T17:00,,,1,2021-11-08T17:00,-999.0,0.0,51.0,0.0,0.0,nan,1343.585693359375,nan,86700.0,nan,3.643672227859497,255.12860107421875,272.7160339355469,278.6960754394531,280.9160461425781,285.2821960449219,5675.36376953125,3072.74560546875,1499.720703125,149.94308471679688,279.9875793457031,82.5,299.28631591796875,3025.311279296875,17600.0,0.0,0.0,20000.146484375,0.0,8.399999618530273,4.5,0.0,24135.02734375,0.0,0.0,256.9700012207031,274.2078552246094,277.3593444824219,278.37933349609375,282.849365234375,5725.83984375,3102.229248046875,1528.585693359375,840.88427734375,197.20909118652344,281.7388610839844,78.4000015258789,84.9000015258789,159.5857391357422,3439.52001953125,19999.919921875,11.0,0.0,0.0,24100.0,255.6999969482422,273.0,277.5,282.1000061035156,286.29998779296875,5678.68359375,3071.55224609375,1503.4029541015625,809.2095336914062,164.10189819335938,280.489990234375,71.0999984741211,75.0,385.9200134277344,3040.159912109375,0.0,0.0,nan,69.0,0.0,0.0,69.0,16709.0703125,254.92391967773438,272.496337890625,277.4633483886719,279.1362609863281,283.49468994140625,5672.55615234375,3071.169677734375,1501.0933837890625,811.1777954101562,158.34988403320312,279.4766845703125,84.07164001464844,83.48954772949219,307.92431640625,2950.0,0.0,0.0,,,,,,,,,,,,,,,,,,,,,,,,10.0,,,88888.0,5600.0,16274.0,7.0,8.0,,8.0,,5.0,,5.0,5.0,0.0,374.0,273.8600158691406,271.5299987792969,83.0,0.0,6.400000095367432,6.900000095367432
2021-10-23T03:54,2021-10-23T04:00,48,train,1,2021,10,3,46,2021-10-21T06:00,46,2021-10-21T06:00,46,2021-10-21T06:00,49,2021-10-21T03:00,,,36,2021-10-21T16:00,-999.0,0.0,0.0,0.0,0.0,nan,nan,nan,nan,nan,2.6838414669036865,255.28759765625,270.8670654296875,275.1054382324219,276.2991027832031,280.27386474609375,5596.03955078125,2996.3564453125,1442.646240234375,108.62615966796875,273.77008056640625,79.30000305175781,89.97201538085938,2048.639892578125,19100.0,0.0,6.119999885559082,19999.91796875,0.0,0.0,0.0,0.0,24134.99609375,0.0,0.0,256.00567626953125,273.6904296875,279.45379638671875,281.4237976074219,279.9237976074219,5728.150390625,3114.61572265625,1538.05078125,843.9517211914062,200.01568603515625,278.5337829589844,65.30000305175781,25.600000381469727,58.441226959228516,3208.159912109375,20000.19140625,37.0,0.0,11.0,0.0,255.60000610351562,272.5,279.1000061035156,283.1000061035156,287.29998779296875,5605.87451171875,3000.244140625,1435.336181640625,740.3008422851562,109.31776428222656,275.489990234375,99.30000305175781,69.0,69.91999816894531,2577.43994140625,0.0,0.0,nan,56.0,0.0,83.0,56.0,10000.0,255.05975341796875,270.50396728515625,276.1852722167969,274.51800537109375,278.4263916015625,5600.3203125,3000.0537109375,1444.137939453125,761.29541015625,116.18678283691406,273.8522644042969,95.0,87.74165344238281,215.52587890625,1160.0,0.0,8.875,,,,,,,,,,,,,,,,,,,,,,,,64.0,,,0.0,0.0,256.0,75.0,75.0,,76.0,,55.0,,55.0,56.0,0.0,148.0,272.5799865722656,269.90997314453125,82.0,1.0,7.599999904632568,8.0
2021-11-08T17:53,2021-11-08T18:00,24,train,1,2021,11,17,24,2021-11-07T18:00,24,2021-11-07T18:00,24,2021-11-07T18:00,21,2021-11-07T21:00,,,24,2021-11-07T18:00,-999.0,0.0,1.0,0.0,0.0,nan,nan,nan,nan,nan,2.1420769691467285,254.86227416992188,272.6830749511719,279.64617919921875,281.66259765625,286.091064453125,5690.896484375,3088.55322265625,1513.395751953125,161.67124938964844,280.28057861328125,80.4000015258789,235.98577880859375,3019.61962890625,19300.0,0.0,0.0,20000.1171875,0.0,0.0,54.099998474121094,0.0,24134.978515625,0.0,0.0,257.3055419921875,274.4085693359375,277.9073486328125,278.65704345703125,283.0173645019531,5728.86572265625,3105.683837890625,1530.9324951171875,841.922607421875,197.75462341308594,281.8950500488281,77.5,81.80000305175781,109.97415161132812,3377.280029296875,19999.87109375,2.0,0.0,0.0,24100.0,255.8000030517578,272.5,278.5,282.8999938964844,287.20001220703125,5687.10986328125,3082.486083984375,1508.4608154296875,811.8030395507812,166.61471557617188,281.3399658203125,78.5,83.0,300.9599914550781,2992.47998046875,0.0,0.0,nan,2.0,10.0,0.0,2.0,21200.0,254.4539031982422,271.95587158203125,280.3201904296875,281.70416259765625,286.4551086425781,5686.58154296875,3088.4794921875,1513.55712890625,817.5125732421875,163.650146484375,283.2996520996094,76.16123962402344,74.40213775634766,389.3347473144531,2920.0,0.0,0.0,,,,,,,,,,,,,,,,,,,,,,,,17.0,,,88886.0,4864.0,201.0,12.0,12.0,,12.0,,37.0,,37.0,37.0,0.0,371.0,274.8799743652344,271.8399963378906,80.0,1.0,6.0,6.099999904632568
2021-11-08T17:53,2021-11-08T18:00,48,train,1,2021,11,17,48,2021-11-06T18:00,48,2021-11-06T18:00,48,2021-11-06T18:00,45,2021-11-06T21:00,,,48,2021-11-06T18:00,-999.0,0.0,0.0,0.0,0.0,nan,nan,nan,nan,nan,2.3069658279418945,255.60403442382812,271.57672119140625,281.2294921875,282.94183349609375,287.065673828125,5692.3359375,3093.11669921875,1516.8076171875,162.51841735839844,282.2939147949219,57.70000076293945,246.01043701171875,2912.51953125,33100.0,0.0,0.0,15758.8994140625,0.0,51.099998474121094,0.0,0.0,24135.025390625,0.0,0.0,257.2743835449219,274.6200866699219,277.9794616699219,278.2125244140625,282.41949462890625,5733.67236328125,3105.96240234375,1530.6131591796875,841.7164916992188,199.6484375,281.5540466308594,77.4000015258789,77.5,146.45057678222656,3422.719970703125,19999.958984375,22.0,0.0,0.0,24100.0,256.3999938964844,272.1000061035156,280.79998779296875,282.79998779296875,287.1000061035156,5691.71728515625,3082.017822265625,1507.538818359375,810.3515014648438,170.5251007080078,281.239990234375,75.80000305175781,80.0,220.9600067138672,2911.360107421875,0.0,0.0,nan,6.0,0.0,4.0,6.0,19459.978515625,255.2272186279297,271.9513854980469,279.7138671875,280.721435546875,285.3284606933594,5696.71337890625,3092.363037109375,1523.274169921875,828.5307006835938,175.3662872314453,282.08111572265625,80.2070541381836,76.69241333007812,412.5537414550781,2870.0,0.0,0.0,,,,,,,,,,,,,,,,,,,,,,,,21.0,,,88888.0,4872.0,9856.0,29.0,32.0,,34.0,,46.0,,46.0,46.0,0.0,614.0,273.70001220703125,271.2200012207031,82.0,0.0,7.199999809265137,7.199999809265137
2021-12-02T13:55,2021-12-02T14:00,1,train,0,2021,12,13,1,2021-12-02T13:00,2,2021-12-02T12:00,2,2021-12-02T12:00,1,2021-12-02T13:00,,,1,2021-12-02T13:00,-999.0,100.0,100.0,0.0,0.0,1342.326171875,1342.29931640625,81500.0,85400.0,1880.557861328125,11.993127822875977,250.58990478515625,267.1755065917969,270.85601806640625,272.47412109375,276.35919189453125,5472.4560546875,2918.1787109375,1383.748046875,70.98585510253906,269.312255859375,96.19999694824219,323.3138732910156,713.4400024414062,100.0,9.999999747378752e-05,0.44200000166893005,19999.76171875,5.0,0.0,0.0,52.400001525878906,24135.080078125,0.0,0.0,246.89041137695312,259.1473083496094,271.0884094238281,274.3618469238281,280.8895263671875,5425.42041015625,2930.94287109375,1424.0489501953125,749.2677612304688,114.47602844238281,280.94720458984375,65.0999984741211,80.0999984741211,1049.3116455078125,876.3200073242188,1333.4239501953125,77.0,17.0,3.0,1500.0,251.0,268.0,268.70001220703125,272.1000061035156,276.20001220703125,5469.39306640625,2908.288330078125,1375.4937744140625,705.9012451171875,84.10073852539062,269.7699890136719,92.19999694824219,98.0,827.280029296875,661.760009765625,0.0006000000284984708,1.9375,885.9971923828125,100.0,0.0,9.0,96.0,7000.0,250.2069854736328,266.93060302734375,271.98486328125,272.0674743652344,275.57147216796875,5471.57373046875,2913.9677734375,1379.4334716796875,705.0629272460938,67.92489624023438,271.85791015625,92.7407455444336,94.96739959716797,355.2498474121094,610.0,9.999999747378752e-06,0.125,,,,,,,,,,,,,,,,,,,,,,,,89.0,,,0.0,0.0,209.0,71.0,87.0,,100.0,,77.0,,91.0,94.0,0.0,282.0,265.3899841308594,265.5799865722656,100.0,42.0,16.399999618530273,18.5
2021-12-02T13:55,2021-12-02T14:00,24,train,0,2021,12,13,26,2021-12-01T12:00,26,2021-12-01T12:00,26,2021-12-01T12:00,23,2021-12-01T15:00,,,24,2021-12-01T14:00,-999.0,100.0,100.0,0.0,100.0,1342.4661865234375,1342.3001708984375,32300.0,85200.0,9208.849609375,11.443351745605469,250.1265869140625,265.77239990234375,271.0081787109375,273.342529296875,277.27667236328125,5442.63671875,2900.25927734375,1368.281982421875,54.69036102294922,269.9976806640625,96.19999694824219,330.7425231933594,825.760009765625,0.0,0.0,2.690000057220459,4849.10009765625,56.70000076293945,0.0,0.0,97.9000015258789,24134.90234375,8.000000093488779e-07,0.0625,246.73158264160156,260.0545654296875,271.2295227050781,273.96636962890625,280.1087646484375,5431.94921875,2934.529052734375,1424.095458984375,750.1334228515625,116.36849975585938,280.0448913574219,70.4000015258789,90.0999984741211,1045.7529296875,833.9199829101562,1195.796875,76.0,27.0,0.0,0.0,250.60000610351562,267.20001220703125,269.6000061035156,272.29998779296875,276.3999938964844,5458.11181640625,2908.859130859375,1375.4329833984375,704.9069213867188,81.160400390625,269.8399963378906,97.69999694824219,100.0,744.8800048828125,672.1599731445312,0.0006000000284984708,1.5,2246.0673828125,79.0,58.0,66.0,44.0,9300.0,249.8979034423828,265.3866271972656,271.7951354980469,272.7188415527344,276.51849365234375,5450.44482421875,2905.46533203125,1372.127197265625,697.704833984375,61.40327453613281,272.6611328125,90.52928161621094,93.33247375488281,372.9006042480469,720.0,3.9999998989515007e-05,1.75,,,,,,,,,,,,,,,,,,,,,,,,83.0,,,0.0,0.0,0.0,90.0,92.0,,94.0,,81.0,,87.0,93.0,0.0,287.0,265.29998779296875,265.0099792480469,97.0,38.0,15.199999809265137,17.700000762939453
2021-12-20T03:50,2021-12-20T04:00,1,train,1,2021,12,3,1,2021-12-20T03:00,4,2021-12-20T00:00,4,2021-12-20T00:00,1,2021-12-20T03:00,,,1,2021-12-20T03:00,-999.0,0.0,0.0,0.0,0.0,nan,1340.544921875,nan,86100.0,nan,7.582139015197754,245.15899658203125,260.453125,261.03338623046875,261.5742492675781,265.3297424316406,5415.98388671875,2923.74853515625,1437.66650390625,169.2580108642578,258.1461181640625,68.19999694824219,166.04339599609375,0.0,23300.0,0.0,0.007000000216066837,19999.99609375,0.0,0.0,5.0,0.0,24135.0625,0.0,0.0,252.81422424316406,271.8821716308594,279.78497314453125,281.95916748046875,278.35113525390625,5663.966796875,3078.849609375,1509.8441162109375,813.3401489257812,170.8826141357422,276.9640197753906,92.30000305175781,34.79999923706055,10.151374816894531,2844.47998046875,19999.908203125,34.0,0.0,0.0,24100.0,245.5,261.29998779296875,261.8999938964844,261.0,264.8999938964844,5423.7099609375,2924.818115234375,1437.7938232421875,794.0123901367188,191.0931854248047,258.2300109863281,83.9000015258789,81.0,278.55999755859375,0.0,0.0,0.0625,793.1898193359375,91.0,0.0,0.0,91.0,800.0,245.0892791748047,259.9636535644531,261.5635986328125,261.4071960449219,265.30523681640625,5418.95068359375,2926.58349609375,1443.610595703125,796.3262939453125,181.35113525390625,259.9410400390625,78.14445495605469,85.78545379638672,264.5662536621094,0.0,1.9999999494757503e-05,0.125,,,,,,,,,,,,,,,,,,,,,,,,35.0,,,88886.0,648.0,16209.0,11.0,11.0,,11.0,,11.0,,11.0,11.0,0.0,165.0,255.45999145507812,252.95999145507812,78.0,1.0,14.0,15.199999809265137
2021-12-02T13:55,2021-12-02T14:00,48,train,0,2021,12,13,44,2021-11-30T18:00,50,2021-11-30T12:00,50,2021-11-30T12:00,47,2021-11-30T15:00,,,36,2021-12-01T02:00,-999.0,100.0,100.0,34.0,16.0,1342.6328125,1342.5535888671875,34500.0,85200.0,8862.34375,12.685152053833008,250.17575073242188,265.2803955078125,272.62994384765625,274.7596435546875,278.8040771484375,5432.1591796875,2893.984130859375,1358.30615234375,40.51359558105469,270.80279541015625,97.5999984741211,319.0555725097656,943.5999755859375,100.0,0.0,2.880000114440918,19999.974609375,5.0,0.0,0.0,82.19999694824219,24135.3359375,7.60000011723605e-06,0.125,245.8472442626953,259.8316345214844,269.2139892578125,274.2900085449219,280.57257080078125,5412.41845703125,2922.663330078125,1416.6529541015625,743.6449584960938,109.10912322998047,280.53125,69.80000305175781,83.5,1222.5582275390625,860.7999877929688,19999.890625,25.0,47.0,0.0,0.0,250.6999969482422,265.29998779296875,270.70001220703125,274.20001220703125,278.29998779296875,5454.2216796875,2912.947265625,1379.5787353515625,704.5843505859375,84.01640319824219,271.3299865722656,99.0,100.0,414.3999938964844,900.9600219726562,0.0003000000142492354,0.25,2374.690673828125,39.0,100.0,98.0,31.0,9300.0,250.15179443359375,264.2621765136719,273.9892578125,274.5885009765625,278.39776611328125,5423.3740234375,2884.5859375,1351.248779296875,670.9781494140625,33.82923889160156,274.06146240234375,89.06905364990234,89.36405181884766,368.9419250488281,1250.0,0.00011999999696854502,1.125,,,,,,,,,,,,,,,,,,,,,,,,80.0,,,0.0,0.0,0.0,75.0,78.0,,81.0,,66.0,,66.0,70.0,0.0,252.0,265.54998779296875,265.1399841308594,97.0,23.0,15.199999809265137,17.700000762939453
2021-12-20T03:50,2021-12-20T04:00,24,train,1,2021,12,3,22,2021-12-19T06:00,22,2021-12-19T06:00,22,2021-12-19T06:00,25,2021-12-19T03:00,,,24,2021-12-19T04:00,-999.0,0.0,0.0,0.0,0.0,nan,1194.3665771484375,nan,nan,nan,7.965641975402832,245.7447509765625,259.7642822265625,260.83758544921875,261.49420166015625,265.30792236328125,5412.982421875,2924.365234375,1440.31494140625,173.94424438476562,257.7501220703125,58.70000076293945,168.50411987304688,0.0,30600.0,0.0,2.890000104904175,19999.96484375,0.0,0.0,0.0,0.0,24135.005859375,0.0,0.0,252.90097045898438,272.0254211425781,279.637451171875,281.84649658203125,278.39227294921875,5667.1337890625,3080.18408203125,1511.3067626953125,815.0835571289062,172.69483947753906,276.9254150390625,91.80000305175781,34.79999923706055,10.099677085876465,2870.8798828125,19999.8984375,33.0,0.0,0.0,0.0,245.39999389648438,262.0,262.20001220703125,260.0,263.8999938964844,5421.0966796875,2919.8076171875,1427.1748046875,785.9170532226562,179.42359924316406,257.989990234375,96.9000015258789,100.0,357.9200134277344,0.0,0.0,0.125,888.8185424804688,100.0,0.0,0.0,100.0,6900.0,246.63113403320312,260.2420349121094,261.4954833984375,260.85699462890625,264.83502197265625,5418.1513671875,2928.8974609375,1440.839111328125,795.55810546875,181.37728881835938,260.6109619140625,87.31143188476562,90.14656066894531,382.73846435546875,0.0,0.0,6.9375,,,,,,,,,,,,,,,,,,,,,,,,38.0,,,88886.0,368.0,201.0,39.0,40.0,,46.0,,53.0,,53.0,55.0,0.0,186.0,255.8099822998047,253.62997436523438,83.0,3.0,14.0,15.199999809265137
2021-12-20T03:50,2021-12-20T04:00,48,train,1,2021,12,3,46,2021-12-18T06:00,46,2021-12-18T06:00,46,2021-12-18T06:00,49,2021-12-18T03:00,,,36,2021-12-18T16:00,-999.0,0.0,0.0,0.0,0.0,nan,1194.3455810546875,nan,nan,nan,9.826924324035645,245.64279174804688,260.2128601074219,260.290771484375,260.35797119140625,264.00665283203125,5413.7607421875,2923.673828125,1438.5411376953125,174.78831481933594,257.23455810546875,55.79999923706055,171.07513427734375,0.0,33100.0,0.0,20.6200008392334,20000.197265625,0.0,0.0,0.0,0.0,24134.880859375,0.0,0.0,252.9829559326172,271.7993469238281,279.83642578125,281.8253479003906,278.59783935546875,5666.49365234375,3078.919677734375,1509.3740234375,812.772705078125,170.2538604736328,277.26446533203125,92.5999984741211,37.400001525878906,10.174308776855469,2841.60009765625,20000.16796875,49.0,0.0,0.0,0.0,246.39999389648438,262.70001220703125,260.29998779296875,261.20001220703125,265.1000061035156,5433.2666015625,2926.794189453125,1428.3623046875,786.38720703125,179.269287109375,259.0799865722656,97.4000015258789,100.0,276.0,0.0,0.0,0.0625,822.091796875,100.0,0.0,0.0,100.0,3300.0,244.85728454589844,260.0475158691406,260.5577697753906,258.29669189453125,261.97894287109375,5411.6259765625,2926.668701171875,1441.4930419921875,800.2117309570312,189.70838928222656,257.9832763671875,86.4952621459961,91.59569549560547,338.9814147949219,0.0,0.0,19.625,,,,,,,,,,,,,,,,,,,,,,,,59.0,,,30.0,32.0,209.0,32.0,34.0,,40.0,,60.0,,60.0,64.0,0.0,164.0,255.6899871826172,253.4199981689453,85.0,2.0,13.600000381469727,14.800000190734863
2022-01-03T19:57,2022-01-03T20:00,1,train,1,2022,1,19,1,2022-01-03T19:00,2,2022-01-03T18:00,2,2022-01-03T18:00,1,2022-01-03T19:00,,,1,2022-01-03T19:00,-999.0,0.0,0.0,100.0,96.0,7073.88232421875,7173.54541015625,34600.0,39000.0,9290.8427734375,3.5703673362731934,247.58609008789062,260.2188720703125,259.2473449707031,260.94195556640625,264.9720458984375,5405.75,2893.1748046875,1416.463623046875,151.57659912109375,259.2532958984375,61.79999923706055,221.52789306640625,0.0,30100.0,0.0,0.0,7530.84814453125,0.0,100.0,100.0,0.0,24135.28515625,0.0,0.0,257.2693176269531,273.3050842285156,282.6175537109375,287.26409912109375,285.1693420410156,5699.91748046875,3080.92138671875,1498.0985107421875,790.08447265625,130.89312744140625,284.696533203125,72.9000015258789,56.0,162.21580505371094,3115.0400390625,7005.119140625,3.0,98.0,100.0,24100.0,248.1999969482422,260.0,260.20001220703125,264.1000061035156,268.0,5399.83935546875,2886.111328125,1407.67529296875,758.9510498046875,160.0205841064453,262.0299987792969,64.9000015258789,66.0,240.0,0.0,0.0,0.0,5975.05859375,14.0,100.0,100.0,14.0,23800.0,247.24307250976562,260.26873779296875,259.97802734375,259.8669738769531,264.1543273925781,5402.921875,2889.61865234375,1414.1651611328125,771.6484375,157.89645385742188,260.4710693359375,71.47647094726562,64.3854751586914,308.4628601074219,0.0,0.0,0.0,,,,,,,,,,,,,,,,,,,,,,,,91.0,,,88886.0,5600.0,16274.0,0.0,0.0,,0.0,,7.0,,7.0,7.0,0.0,245.0,255.9399871826172,250.72000122070312,65.0,0.0,8.800000190734863,8.399999618530273
2022-01-03T19:57,2022-01-03T20:00,24,train,1,2022,1,19,26,2022-01-02T18:00,26,2022-01-02T18:00,26,2022-01-02T18:00,23,2022-01-02T21:00,,,24,2022-01-02T20:00,-999.0,0.0,0.0,100.0,100.0,6663.748046875,6684.45654296875,32400.0,41800.0,9674.2861328125,3.1963677406311035,246.5248260498047,260.3045654296875,259.1173095703125,261.5977478027344,265.69921875,5392.19287109375,2890.3564453125,1414.401611328125,147.86610412597656,259.9330139160156,56.29999923706055,230.0916290283203,0.0,34300.0,0.0,0.5400000214576721,20000.02734375,0.0,100.0,100.0,0.0,24134.71875,0.0,0.0,257.6362609863281,272.8374328613281,283.025146484375,286.85870361328125,284.2059326171875,5702.33642578125,3083.76708984375,1503.43603515625,795.8331298828125,138.42503356933594,283.97247314453125,75.4000015258789,52.70000076293945,163.16033935546875,3017.919921875,7003.494140625,1.0,91.0,95.0,24100.0,247.0,262.0,260.20001220703125,264.20001220703125,268.1000061035156,5408.27294921875,2897.179931640625,1411.9547119140625,763.1665649414062,163.1981658935547,262.1099853515625,48.400001525878906,45.0,277.760009765625,0.0,0.0,0.0,6243.65380859375,17.0,98.0,100.0,17.0,22803.537109375,246.8712615966797,260.4642333984375,258.6904296875,259.45135498046875,263.9154968261719,5402.1982421875,2901.8095703125,1424.6624755859375,784.9569091796875,170.86434936523438,260.3423767089844,73.23580169677734,68.30330657958984,344.6746520996094,0.0,0.0,0.25,,,,,,,,,,,,,,,,,,,,,,,,86.0,,,88888.0,5952.0,201.0,13.0,13.0,,14.0,,59.0,,59.0,59.0,0.0,263.0,256.0,250.3800048828125,63.0,0.0,10.0,9.899999618530273
2022-01-12T11:47,2022-01-12T12:00,1,train,0,2022,1,11,1,2022-01-12T11:00,6,2022-01-12T06:00,6,2022-01-12T06:00,1,2022-01-12T11:00,,,1,2022-01-12T11:00,-999.0,0.0,0.0,0.0,0.0,nan,nan,nan,nan,nan,13.618067741394043,247.60598754882812,261.23016357421875,262.06488037109375,261.3215637207031,264.4139404296875,5400.31884765625,2886.8203125,1395.61376953125,129.431640625,259.2702331542969,54.400001525878906,278.7981872558594,0.0,34700.0,0.0,0.0,20000.091796875,0.0,0.0,5.0,1.7000000476837158,24134.96484375,0.0,0.0,251.23626708984375,267.22857666015625,276.112060546875,278.392578125,277.7447814941406,5696.8037109375,3143.771728515625,1598.7078857421875,911.2706298828125,278.0173034667969,279.8756103515625,49.400001525878906,18.399999618530273,405.1374206542969,2142.56005859375,20000.1953125,55.0,99.0,0.0,24100.0,245.8000030517578,262.5,268.0,263.20001220703125,267.1000061035156,5404.138671875,2897.292724609375,1391.1959228515625,741.0046997070312,160.5402374267578,260.0799865722656,53.400001525878906,52.0,405.67999267578125,0.0,0.0,0.0,nan,14.0,0.0,0.0,1.0,34000.0,247.94879150390625,261.033935546875,264.6891174316406,259.04388427734375,261.3896484375,5406.3427734375,2893.926025390625,1397.883056640625,749.0069580078125,138.85398864746094,255.79495239257812,53.09333419799805,53.02301788330078,294.65325927734375,0.0,0.0,0.0,,,,,,,,,,,,,,,,,,,,,,,,38.0,,,88888.0,2584.0,16209.0,23.0,24.0,,62.0,,0.0,,0.0,0.0,0.0,201.0,254.7899932861328,249.739990234375,63.0,2.0,18.0,20.100000381469727
2022-01-03T19:57,2022-01-03T20:00,48,train,1,2022,1,19,44,2022-01-02T00:00,50,2022-01-01T18:00,50,2022-01-01T18:00,47,2022-01-01T21:00,,,36,2022-01-02T08:00,-999.0,0.0,0.0,100.0,100.0,7001.04150390625,6666.490234375,34600.0,41800.0,8305.5751953125,3.8254165649414062,244.83877563476562,259.36639404296875,258.9994812011719,261.25225830078125,265.39239501953125,5389.787109375,2899.82666015625,1425.7164306640625,163.04478454589844,259.8687438964844,40.400001525878906,199.26129150390625,0.0,50200.0,0.0,9.59000015258789,20000.056640625,0.0,5.0,98.0999984741211,0.0,24134.81640625,0.0,0.0,257.7110290527344,274.03094482421875,282.1166687011719,286.6128845214844,283.68768310546875,5717.40234375,3093.69580078125,1512.627685546875,806.5054931640625,150.2179718017578,283.17938232421875,82.5,41.900001525878906,155.33229064941406,3250.239990234375,19999.998046875,2.0,0.0,0.0,24100.0,242.39999389648438,259.79998779296875,262.1000061035156,259.6000061035156,263.3999938964844,5401.1455078125,2915.28759765625,1431.1375732421875,790.9691162109375,186.4756317138672,257.8399963378906,63.900001525878906,64.0,166.24000549316406,0.0,0.0,0.0,nan,12.0,100.0,97.0,12.0,23537.583984375,244.24459838867188,260.8001708984375,259.07080078125,259.054931640625,263.50531005859375,5404.89111328125,2914.23974609375,1435.990966796875,796.27490234375,184.13267517089844,259.8397216796875,71.28251647949219,66.86868286132812,316.7713928222656,0.0,0.0,9.5,,,,,,,,,,,,,,,,,,,,,,,,60.0,,,88886.0,5656.0,201.0,10.0,10.0,,15.0,,50.0,,50.0,50.0,0.0,187.0,255.11001586914062,250.2899932861328,65.0,0.0,10.399999618530273,10.300000190734863
2022-01-12T11:47,2022-01-12T12:00,24,train,0,2022,1,11,24,2022-01-11T12:00,24,2022-01-11T12:00,24,2022-01-11T12:00,21,2022-01-11T15:00,,,24,2022-01-11T12:00,-999.0,0.0,0.0,3.0,0.0,5131.21337890625,2990.247802734375,48800.0,69100.0,6355.431640625,13.359743118286133,245.1351318359375,259.6333923339844,261.1175842285156,260.94976806640625,264.3011474609375,5390.3251953125,2892.942138671875,1408.31201171875,146.01663208007812,257.91998291015625,56.099998474121094,255.67539978027344,0.0,33000.0,0.0,0.10000000149011612,20000.01953125,0.0,0.0,0.4000000059604645,0.0,24134.7578125,0.0,0.0,251.71875,267.08441162109375,275.96514892578125,278.2445373535156,277.5801086425781,5694.19287109375,3142.011474609375,1597.6099853515625,910.5037231445312,277.6380615234375,279.7842102050781,53.099998474121094,21.299999237060547,412.57525634765625,2117.1201171875,19999.80859375,13.0,28.0,0.0,24100.0,247.0,262.3999938964844,267.3999938964844,262.79998779296875,266.79998779296875,5401.36474609375,2891.6650390625,1389.057373046875,740.0044555664062,156.23191833496094,259.7699890136719,38.0,33.0,450.79998779296875,0.0,0.0,0.0,nan,55.0,57.0,0.0,4.0,25200.0,246.51727294921875,259.0160217285156,261.7813415527344,257.9661865234375,260.87744140625,5386.025390625,2889.667724609375,1406.218017578125,762.8711547851562,155.55027770996094,256.7900695800781,65.39956665039062,67.55081939697266,319.1961364746094,0.0,0.0,0.0625,,,,,,,,,,,,,,,,,,,,,,,,54.0,,,88888.0,752.0,256.0,21.0,24.0,,45.0,,43.0,,44.0,50.0,0.0,193.0,254.01998901367188,247.5500030517578,56.0,4.0,17.200000762939453,19.299999237060547
2022-01-12T11:47,2022-01-12T12:00,48,train,0,2022,1,11,48,2022-01-10T12:00,48,2022-01-10T12:00,48,2022-01-10T12:00,45,2022-01-10T15:00,,,48,2022-01-10T12:00,-999.0,0.0,0.0,1.0,16.0,nan,2406.0869140625,nan,75000.0,nan,10.894621849060059,247.91195678710938,260.414306640625,260.54730224609375,260.6497802734375,263.7708435058594,5424.078125,2911.817138671875,1428.251953125,166.8196258544922,257.35260009765625,55.79999923706055,237.83526611328125,0.0,33300.0,0.0,2.130000114440918,19999.90625,0.0,0.0,1.2000000476837158,0.8999999761581421,24135.056640625,0.0,0.0,251.42808532714844,267.1539306640625,276.2239990234375,277.54412841796875,277.2229309082031,5691.01416015625,3138.820068359375,1593.74365234375,906.9698486328125,275.49407958984375,279.40576171875,55.79999923706055,22.899999618530273,435.01611328125,2149.60009765625,20000.185546875,4.0,0.0,0.0,24100.0,250.8000030517578,264.0,264.29998779296875,262.1000061035156,266.0,5441.13037109375,2894.984130859375,1391.4898681640625,745.3258666992188,160.99684143066406,258.8599853515625,33.20000076293945,27.0,317.8399963378906,0.0,0.0,0.125,7172.42578125,99.0,100.0,100.0,0.0,37800.0,248.37403869628906,260.21282958984375,260.9579772949219,257.54425048828125,259.61590576171875,5429.2998046875,2912.2666015625,1428.8387451171875,786.6842651367188,181.37200927734375,255.36062622070312,51.68317413330078,45.684837341308594,299.3101501464844,0.0,0.0,0.5625,,,,,,,,,,,,,,,,,,,,,,,,51.0,,,88888.0,592.0,9728.0,16.0,16.0,,22.0,,42.0,,42.0,42.0,0.0,162.0,251.9399871826172,245.5699920654297,55.0,2.0,14.800000190734863,16.100000381469727
2022-01-21T06:59,2022-01-21T07:00,1,holdout_baserate,0,2022,1,6,1,2022-01-21T06:00,1,2022-01-21T06:00,1,2022-01-21T06:00,1,2022-01-21T06:00,,,1,2022-01-21T06:00,-999.0,0.0,0.0,0.0,0.0,nan,1383.24755859375,nan,86000.0,nan,9.197717666625977,243.5613250732422,252.61428833007812,255.98016357421875,255.40347290039062,258.71282958984375,5347.2978515625,2902.787109375,1453.7611083984375,219.65029907226562,253.30795288085938,46.099998474121094,128.180419921875,0.0,42400.0,0.0,0.0,20000.125,5.0,0.0,0.0,6.0,24134.87109375,0.0,0.0,254.03733825683594,265.7528381347656,268.6370544433594,270.96868896484375,272.84454345703125,5638.55712890625,3069.159912109375,1549.770751953125,881.4880981445312,259.2191162109375,272.9176025390625,93.4000015258789,64.69999694824219,345.32281494140625,97.5999984741211,20000.12109375,24.0,0.0,0.0,24100.0,243.1999969482422,253.39999389648438,257.3999938964844,255.89999389648438,259.70001220703125,5349.50439453125,2907.340087890625,1451.8563232421875,820.7621459960938,241.6315460205078,251.63999938964844,71.30000305175781,65.0,129.83999633789062,0.0,0.0,0.0,802.5552368164062,95.0,0.0,0.0,95.0,6300.0,243.1947021484375,252.44970703125,256.42791748046875,253.34974670410156,255.8997344970703,5353.337890625,2911.75537109375,1462.0284423828125,830.1089477539062,236.82797241210938,250.2377471923828,64.91288757324219,75.4667739868164,141.3160400390625,0.0,9.999999747378752e-06,0.0625,,,,,,,,,,,,,,,,,,,,,,,,26.0,,,88888.0,2792.0,16274.0,1.0,1.0,,3.0,,4.0,,4.0,4.0,0.0,100.0,248.51998901367188,244.2899932861328,67.0,0.0,12.0,12.100000381469727
2022-01-21T06:59,2022-01-21T07:00,24,holdout_baserate,0,2022,1,6,25,2022-01-20T06:00,25,2022-01-20T06:00,25,2022-01-20T06:00,22,2022-01-20T09:00,,,24,2022-01-20T07:00,-999.0,0.0,0.0,0.0,0.0,nan,1339.758056640625,nan,86000.0,nan,7.839548110961914,242.57693481445312,252.1915283203125,254.6448974609375,253.51426696777344,256.9208984375,5323.7021484375,2886.485107421875,1440.63232421875,213.2930908203125,252.20779418945312,39.099998474121094,116.95204162597656,0.0,51200.0,0.0,0.009999999776482582,20000.01953125,5.0,0.0,0.0,5.699999809265137,24135.037109375,0.0,0.0,252.8408966064453,266.53057861328125,269.0158996582031,271.1809997558594,273.19451904296875,5643.43115234375,3075.823974609375,1552.710205078125,883.6837158203125,260.8354797363281,273.0403747558594,93.4000015258789,62.400001525878906,305.2404479980469,116.63999938964844,19999.826171875,22.0,0.0,0.0,24100.0,244.5,253.0,258.0,258.70001220703125,262.5,5347.57470703125,2902.30859375,1445.4874267578125,809.1023559570312,234.39144897460938,253.9199981689453,49.70000076293945,37.0,130.9600067138672,0.0,0.0,0.0,nan,77.0,0.0,0.0,77.0,9700.0,242.3640594482422,252.6572723388672,256.863525390625,250.5602569580078,252.479248046875,5341.654296875,2902.1640625,1451.52685546875,821.6875610351562,232.71511840820312,247.61752319335938,71.85394287109375,76.45096588134766,137.61888122558594,0.0,0.0,0.0625,,,,,,,,,,,,,,,,,,,,,,,,25.0,,,88888.0,1424.0,201.0,26.0,26.0,,27.0,,59.0,,59.0,59.0,0.0,105.0,247.52999877929688,243.1699981689453,66.0,0.0,12.399999618530273,12.5
2022-01-30T15:52,2022-01-30T16:00,1,holdout_baserate,0,2022,1,15,1,2022-01-30T15:00,4,2022-01-30T12:00,4,2022-01-30T12:00,1,2022-01-30T15:00,,,1,2022-01-30T15:00,-999.0,0.0,0.0,0.0,0.0,nan,nan,nan,nan,nan,15.724475860595703,241.30825805664062,254.87167358398438,255.67864990234375,257.3750915527344,261.2815856933594,5180.7578125,2743.06787109375,1286.938232421875,40.822052001953125,253.3961181640625,47.900001525878906,289.1509094238281,0.0,41900.0,0.0,0.0,20000.1953125,11.0,4.599999904632568,0.0,23.100000381469727,24134.8125,0.0,0.0,255.13787841796875,272.2389221191406,279.6182861328125,277.4801940917969,283.3343200683594,5747.67626953125,3148.181396484375,1574.8533935546875,884.9814453125,243.29469299316406,284.1693115234375,70.80000305175781,94.9000015258789,442.23553466796875,3013.60009765625,19999.89453125,2.0,0.0,0.0,24100.0,241.0,258.0,249.10000610351562,253.10000610351562,256.8999938964844,5192.64208984375,2750.39453125,1278.9638671875,657.5753784179688,63.66939163208008,250.8300018310547,69.0,73.0,301.67999267578125,0.0,0.0,0.0,nan,17.0,0.0,0.0,17.0,27400.0,240.90367126464844,255.35829162597656,254.48162841796875,255.87306213378906,260.0777282714844,5186.7666015625,2749.211181640625,1293.1591796875,663.4502563476562,57.038665771484375,255.45933532714844,65.22415161132812,55.53778839111328,388.78094482421875,0.0,0.0,0.0,,,,,,,,,,,,,,,,,,,,,,,,9.0,,,88888.0,88888.0,16209.0,3.0,3.0,,4.0,,22.0,,22.0,22.0,0.0,301.0,249.88998413085938,244.6099853515625,60.0,0.0,18.799999237060547,21.200000762939453
2022-01-21T06:59,2022-01-21T07:00,48,holdout_baserate,0,2022,1,6,43,2022-01-19T12:00,49,2022-01-19T06:00,49,2022-01-19T06:00,46,2022-01-19T09:00,,,36,2022-01-19T19:00,-999.0,0.0,0.0,0.0,0.0,nan,1339.509033203125,nan,86000.0,nan,8.477838516235352,241.46603393554688,251.81298828125,254.27870178222656,252.32315063476562,255.7044677734375,5311.43359375,2879.71826171875,1435.578857421875,212.35035705566406,251.8142852783203,38.5,125.79212188720703,0.0,52000.0,0.0,1.940000057220459,19999.966796875,5.0,0.0,0.0,6.0,24135.0625,0.0,0.0,251.65859985351562,267.8961181640625,269.76947021484375,270.6084289550781,272.0155944824219,5643.904296875,3075.823486328125,1546.327392578125,877.0601806640625,257.0967102050781,272.4096984863281,89.69999694824219,55.20000076293945,420.7714538574219,22.559999465942383,20000.0859375,31.0,0.0,0.0,24100.0,241.3000030517578,252.1999969482422,257.79998779296875,255.6999969482422,259.5,5318.5673828125,2891.52490234375,1437.8599853515625,808.3297119140625,235.44583129882812,249.94000244140625,55.79999923706055,38.0,129.27999877929688,0.0,0.0,0.0,791.0955200195312,99.0,0.0,0.0,99.0,6000.0,241.06109619140625,251.51498413085938,255.65567016601562,247.6008758544922,250.00628662109375,5312.51904296875,2883.5263671875,1438.4833984375,814.86572265625,230.65264892578125,245.09120178222656,71.18692016601562,81.33061981201172,159.860107421875,0.0,0.0,0.6875,,,,,,,,,,,,,,,,,,,,,,,,24.0,,,88888.0,16.0,256.0,22.0,22.0,,23.0,,58.0,,58.0,58.0,0.0,93.0,247.75997924804688,243.1899871826172,66.0,0.0,13.600000381469727,13.300000190734863
2022-01-30T15:52,2022-01-30T16:00,24,holdout_baserate,0,2022,1,15,22,2022-01-29T18:00,22,2022-01-29T18:00,22,2022-01-29T18:00,25,2022-01-29T15:00,,,24,2022-01-29T16:00,-999.0,0.0,0.0,4.0,0.0,nan,7697.43408203125,nan,34500.0,nan,15.1423978805542,240.0085906982422,254.98907470703125,255.3808135986328,256.8880615234375,260.8283386230469,5192.7138671875,2756.375732421875,1299.9674072265625,54.97100830078125,253.06842041015625,55.20000076293945,293.21722412109375,0.0,35100.0,0.0,11.960000038146973,5350.17822265625,54.29999923706055,0.30000001192092896,0.0,33.20000076293945,24134.75390625,0.0,0.0,255.41983032226562,272.25665283203125,278.2545471191406,278.0467834472656,283.3606262207031,5745.2373046875,3141.611572265625,1569.087158203125,882.618896484375,240.5,284.27911376953125,70.30000305175781,87.5,434.2096862792969,2993.919921875,19999.919921875,2.0,1.0,1.0,24100.0,241.39999389648438,259.1000061035156,249.10000610351562,253.3000030517578,257.1000061035156,5195.9375,2749.3564453125,1271.6810302734375,649.8065185546875,54.9693603515625,251.02999877929688,74.30000305175781,81.0,264.1600036621094,0.0,0.0,0.0,nan,35.0,87.0,0.0,35.0,23500.0,239.36422729492188,255.29685974121094,254.60850524902344,255.1490020751953,259.2578430175781,5192.2236328125,2757.10400390625,1299.712646484375,670.7015380859375,65.89002990722656,254.56468200683594,71.57740020751953,62.16724395751953,383.88836669921875,0.0,0.0,13.25,,,,,,,,,,,,,,,,,,,,,,,,14.0,,,88888.0,3808.0,201.0,0.0,0.0,,0.0,,42.0,,43.0,44.0,0.0,321.0,250.47000122070312,245.4199981689453,64.0,0.0,17.600000381469727,20.0
2022-01-30T15:52,2022-01-30T16:00,48,holdout_baserate,0,2022,1,15,46,2022-01-28T18:00,46,2022-01-28T18:00,46,2022-01-28T18:00,49,2022-01-28T15:00,,,36,2022-01-29T04:00,-999.0,0.0,0.0,2.0,0.0,nan,1339.4962158203125,nan,84200.0,nan,17.340457916259766,239.812744140625,256.0066223144531,255.46896362304688,256.7760314941406,260.69622802734375,5177.4384765625,2736.105224609375,1275.8292236328125,29.696792602539062,252.71142578125,48.29999923706055,287.2344055175781,0.0,41400.0,0.0,21.719999313354492,15828.17578125,31.299999237060547,0.0,0.0,0.30000001192092896,24135.0546875,0.0,0.0,255.54054260253906,272.6086120605469,278.10614013671875,278.2753601074219,283.38494873046875,5743.65576171875,3138.39501953125,1567.197509765625,881.13720703125,238.70164489746094,284.211669921875,68.5,81.9000015258789,409.7686462402344,3042.56005859375,19999.943359375,4.0,0.0,0.0,20200.0,239.1999969482422,257.79998779296875,249.39999389648438,253.60000610351562,257.3999938964844,5197.39208984375,2758.990478515625,1285.301513671875,662.7369995117188,66.39929962158203,251.30999755859375,83.5,91.0,264.8800048828125,0.0,0.0,0.0,nan,36.0,31.0,0.0,36.0,26100.0,240.43008422851562,256.93011474609375,255.4188690185547,254.57374572753906,258.6828918457031,5180.2158203125,2733.98828125,1269.4267578125,640.6426391601562,33.2645263671875,253.58349609375,68.19503784179688,56.45982360839844,356.1887512207031,0.0,0.0,20.25,,,,,,,,,,,,,,,,,,,,,,,,8.0,,,88888.0,5560.0,201.0,9.0,9.0,,10.0,,41.0,,41.0,43.0,0.0,292.0,250.8000030517578,245.0800018310547,60.0,0.0,18.0,20.399999618530273
2022-02-08T09:58,2022-02-08T10:00,1,holdout_baserate,0,2022,2,9,1,2022-02-08T09:00,4,2022-02-08T06:00,4,2022-02-08T06:00,1,2022-02-08T09:00,,,1,2022-02-08T09:00,-999.0,0.0,100.0,100.0,0.0,1342.4111328125,1342.460205078125,63000.0,86000.0,4159.1953125,2.1934049129486084,249.58290100097656,265.04071044921875,271.0528869628906,272.9892883300781,276.89227294921875,5463.6279296875,2931.9228515625,1404.009521484375,92.27127838134766,269.50677490234375,95.5,79.92060089111328,750.7999877929688,100.0,9.999999747378752e-05,0.3009999990463257,20000.041015625,0.0,0.0,5.0,0.0,24135.0625,0.0,0.0,257.8999938964844,276.65008544921875,281.5333251953125,280.794677734375,280.0392761230469,5827.43505859375,3193.40771484375,1604.8399658203125,906.8637084960938,267.52960205078125,282.0396423339844,57.70000076293945,20.700000762939453,332.76220703125,3729.919921875,1829.8533935546875,98.0,90.0,0.0,7800.0,251.3000030517578,264.6000061035156,271.29998779296875,275.6000061035156,279.70001220703125,5475.57666015625,2935.34423828125,1408.0731201171875,729.959716796875,109.81452178955078,270.67999267578125,96.0999984741211,89.0,212.16000366210938,800.6400146484375,0.0,0.125,1368.6773681640625,99.0,17.0,0.0,31.0,9100.0,250.64772033691406,264.2695617675781,270.3321533203125,271.7055358886719,274.8101806640625,5467.42529296875,2933.045654296875,1412.796142578125,739.7301025390625,107.536865234375,270.5035400390625,91.43440246582031,93.56047058105469,91.94676971435547,350.0,2.9999999242136255e-05,0.1875,,,,,,,,,,,,,,,,,,,,,,,,95.0,,,0.0,0.0,209.0,100.0,100.0,,100.0,,90.0,,100.0,100.0,0.0,141.0,267.0199890136719,266.8899841308594,100.0,44.0,9.600000381469727,9.600000381469727
2022-02-08T09:58,2022-02-08T10:00,24,holdout_baserate,0,2022,2,9,22,2022-02-07T12:00,22,2022-02-07T12:00,22,2022-02-07T12:00,25,2022-02-07T09:00,,,24,2022-02-07T10:00,-999.0,100.0,100.0,0.0,0.0,1342.354736328125,1342.370361328125,78200.0,85800.0,2274.26806640625,2.096809148788452,248.50941467285156,263.75518798828125,270.4675598144531,272.7720031738281,276.68170166015625,5455.5205078125,2925.92041015625,1404.355224609375,95.17317199707031,269.1146240234375,95.69999694824219,321.8478088378906,683.760009765625,100.0,0.00019999999494757503,7.340000152587891,19999.9921875,0.0,0.0,5.0,0.0,24135.017578125,0.0,0.0,258.3748474121094,276.6670227050781,281.738525390625,280.412841796875,280.14556884765625,5827.357421875,3190.0498046875,1599.9951171875,902.7528686523438,263.4654235839844,282.1363525390625,59.29999923706055,25.899999618530273,327.9310302734375,3739.199951171875,1230.3521728515625,79.0,24.0,40.0,1600.0,250.60000610351562,264.70001220703125,270.29998779296875,274.5,278.6000061035156,5474.1982421875,2936.309326171875,1408.201171875,732.7019653320312,107.14192199707031,271.7699890136719,98.30000305175781,100.0,211.67999267578125,968.3200073242188,0.0003000000142492354,0.625,822.4393310546875,91.0,100.0,29.0,91.0,2800.0,250.15283203125,264.6857604980469,270.55584716796875,271.500244140625,274.9857482910156,5469.673828125,2931.78515625,1409.50439453125,736.6857299804688,103.85167694091797,270.65447998046875,94.65750122070312,98.68338775634766,239.04635620117188,370.0,9.999999747378752e-06,1.8125,,,,,,,,,,,,,,,,,,,,,,,,93.0,,,0.0,0.0,256.0,90.0,98.0,,100.0,,79.0,,99.0,100.0,1.0,212.0,266.8999938964844,266.8399963378906,100.0,45.0,11.199999809265137,10.899999618530273
2022-02-17T00:56,2022-02-17T01:00,1,holdout_baserate,0,2022,2,0,1,2022-02-17T00:00,1,2022-02-17T00:00,1,2022-02-17T00:00,1,2022-02-17T00:00,,,1,2022-02-17T00:00,-999.0,0.0,1.0,1.0,40.0,7252.41357421875,174.89788818359375,30400.0,34000.0,10490.3359375,15.46709156036377,250.94601440429688,267.4664001464844,272.4677734375,272.38525390625,276.22021484375,5595.3232421875,3038.6162109375,1496.86767578125,183.27149963378906,267.45098876953125,77.0999984741211,283.9397888183594,432.9599914550781,19100.0,0.0,0.0,496.5078430175781,100.0,0.0,5.0,58.20000076293945,24135.298828125,1.6000000186977559e-06,0.0,259.72491455078125,275.3633117675781,276.8941345214844,280.58172607421875,284.9350891113281,5754.62353515625,3115.53564453125,1539.6629638671875,847.5379638671875,199.90371704101562,285.047119140625,89.4000015258789,99.30000305175781,893.68701171875,3677.280029296875,6736.49462890625,14.0,82.0,83.0,24100.0,251.60000610351562,267.0,271.8999938964844,269.70001220703125,273.70001220703125,5598.96435546875,3038.489990234375,1494.3447265625,828.3388061523438,205.34548950195312,267.29998779296875,90.69999694824219,92.0,1188.800048828125,281.760009765625,0.0,0.0,6137.681640625,2.0,100.0,100.0,2.0,23100.0,250.78192138671875,267.4539794921875,273.98846435546875,271.2756042480469,275.13800048828125,5589.5224609375,3036.159912109375,1491.773681640625,817.736328125,184.63955688476562,269.7110290527344,70.0,69.71038818359375,353.5163879394531,230.0,0.0,0.0,,,,,,,,,,,,,,,,,,,,,,,,82.0,,,32.0,32.0,16274.0,19.0,21.0,,25.0,,6.0,,6.0,13.0,0.0,273.0,266.55999755859375,264.0899963378906,83.0,1.0,21.200000762939453,24.0
2022-02-08T09:58,2022-02-08T10:00,48,holdout_baserate,0,2022,2,9,46,2022-02-06T12:00,46,2022-02-06T12:00,46,2022-02-06T12:00,49,2022-02-06T09:00,,,36,2022-02-06T22:00,2847.39990234375,37.0,100.0,100.0,100.0,1387.4532470703125,1342.1776123046875,32400.0,85700.0,9649.7900390625,1.3816777467727661,248.5269317626953,264.1150207519531,269.16796875,271.964111328125,275.90386962890625,5442.34375,2915.7421875,1395.651611328125,89.5873031616211,267.3934326171875,93.0,352.6021423339844,421.2799987792969,200.0,0.0007999999797903001,17.299999237060547,19999.744140625,0.0,0.0,5.0,0.0,24134.84375,0.0,0.0,258.3961181640625,277.0550231933594,281.09246826171875,280.3807678222656,278.3173522949219,5825.580078125,3184.12158203125,1594.7518310546875,898.68310546875,261.6302185058594,280.3369140625,48.099998474121094,9.5,261.60430908203125,3846.080078125,1297.2764892578125,93.0,24.0,0.0,2100.0,245.60000610351562,264.0,266.70001220703125,269.70001220703125,273.70001220703125,5426.98583984375,2914.350830078125,1397.1251220703125,733.4326782226562,106.45076751708984,267.20001220703125,93.80000305175781,99.0,669.52001953125,265.2799987792969,0.00019999999494757503,1.625,1439.61083984375,100.0,100.0,0.0,52.0,2100.0,249.05490112304688,262.32586669921875,269.3260498046875,271.48138427734375,274.92926025390625,5439.52880859375,2922.841796875,1408.5184326171875,737.8592529296875,107.21267700195312,270.78570556640625,92.77432250976562,95.82815551757812,214.20408630371094,400.0,0.00016999999934341758,1.5625,,,,,,,,,,,,,,,,,,,,,,,,93.0,,,30.0,32.0,201.0,74.0,75.0,,83.0,,77.0,,79.0,79.0,0.0,183.0,265.5199890136719,265.5799865722656,99.0,36.0,11.199999809265137,11.199999809265137
2022-02-17T00:56,2022-02-17T01:00,24,holdout_baserate,0,2022,2,0,25,2022-02-16T00:00,25,2022-02-16T00:00,25,2022-02-16T00:00,22,2022-02-16T03:00,,,24,2022-02-16T01:00,-999.0,0.0,0.0,23.0,83.0,6592.83935546875,6850.36328125,30400.0,42000.0,11357.40234375,14.022720336914062,250.46963500976562,266.63629150390625,273.6133117675781,273.4080810546875,277.06658935546875,5596.3203125,3044.630859375,1504.1986083984375,188.63450622558594,268.92449951171875,69.19999694824219,300.54638671875,660.7999877929688,23500.0,0.0,0.0,464.1744689941406,100.0,0.0,4.699999809265137,78.30000305175781,24135.0703125,3.5999998999614036e-06,0.0,260.31982421875,274.64630126953125,277.25201416015625,280.4071350097656,284.5728454589844,5754.39306640625,3115.093017578125,1541.5780029296875,849.1769409179688,202.27691650390625,284.64898681640625,92.4000015258789,95.5,826.1367797851562,3645.760009765625,1196.141845703125,20.0,100.0,100.0,0.0,251.0,267.0,274.79998779296875,268.8999938964844,272.8999938964844,5596.30712890625,3038.8046875,1494.2359619140625,827.2708740234375,206.4303436279297,266.489990234375,98.9000015258789,100.0,1060.1600341796875,156.47999572753906,0.0,0.0625,6696.0712890625,2.0,100.0,100.0,2.0,22700.0,250.1861114501953,265.51007080078125,274.8216552734375,272.13616943359375,275.29046630859375,5589.32421875,3042.018798828125,1504.0155029296875,826.3899536132812,194.36607360839844,270.49285888671875,71.23046112060547,70.15215301513672,332.89910888671875,350.0,0.0,0.0,,,,,,,,,,,,,,,,,,,,,,,,85.0,,,32.0,32.0,201.0,30.0,30.0,,37.0,,61.0,,61.0,64.0,0.0,297.0,267.0099792480469,264.3399963378906,82.0,3.0,20.0,23.100000381469727
2022-02-17T00:56,2022-02-17T01:00,48,holdout_baserate,0,2022,2,0,43,2022-02-15T06:00,49,2022-02-15T00:00,49,2022-02-15T00:00,46,2022-02-15T03:00,,,36,2022-02-15T13:00,-999.0,0.0,5.0,5.0,100.0,5740.8291015625,1438.579833984375,26800.0,86000.0,12213.1220703125,14.263008117675781,250.50271606445312,266.5433349609375,272.389892578125,272.3231201171875,276.1336364746094,5594.447265625,3045.64453125,1505.8841552734375,194.2514190673828,267.7547607421875,84.4000015258789,305.24169921875,475.20001220703125,15500.0,0.0,0.6000000238418579,514.8912353515625,100.0,0.0,5.0,64.80000305175781,24134.97265625,0.0,0.0,260.1625671386719,274.8370361328125,276.6420593261719,280.4024353027344,284.4416198730469,5762.84375,3121.633544921875,1544.82666015625,853.1244506835938,206.42002868652344,284.5492248535156,90.9000015258789,95.80000305175781,758.3433837890625,3623.52001953125,1195.75390625,37.0,86.0,82.0,0.0,250.5,266.70001220703125,274.0,268.0,272.0,5586.53857421875,3030.509521484375,1485.9593505859375,822.9729614257812,202.44146728515625,265.9200134277344,98.30000305175781,100.0,1189.43994140625,68.63999938964844,0.00019999999494757503,0.4375,7439.150390625,9.0,100.0,100.0,9.0,17900.0,250.1866912841797,266.2370910644531,273.8780822753906,271.3717956542969,274.9408874511719,5590.91796875,3046.368408203125,1505.165771484375,830.72607421875,199.60166931152344,270.18353271484375,79.04658508300781,82.1302261352539,352.9722900390625,310.0,0.0,0.6875,,,,,,,,,,,,,,,,,,,,,,,,75.0,,,30.0,32.0,201.0,57.0,57.0,,57.0,,54.0,,54.0,55.0,0.0,249.0,265.6399841308594,264.0899963378906,87.0,4.0,18.100000381469727,21.799999237060547
2022-02-25T10:56,2022-02-25T11:00,1,train,0,2022,2,10,1,2022-02-25T10:00,5,2022-02-25T06:00,5,2022-02-25T06:00,1,2022-02-25T10:00,,,1,2022-02-25T10:00,-999.0,0.0,100.0,100.0,100.0,1340.714599609375,1340.6463623046875,30400.0,86000.0,11796.001953125,4.950474262237549,253.05987548828125,263.86395263671875,259.9223327636719,260.11138916015625,263.8069152832031,5517.9521484375,2952.43603515625,1456.33154296875,191.02096557617188,257.6642761230469,85.19999694824219,171.3267059326172,0.0,500.0,0.00041000000783242285,1.1749999523162842,19999.984375,0.0,0.0,0.0,0.0,24134.853515625,0.0,0.0,252.63206481933594,267.8519287109375,269.2791442871094,274.23529052734375,280.423583984375,5655.07763671875,3092.685302734375,1563.1524658203125,890.5996704101562,256.9971618652344,282.9496765136719,40.70000076293945,58.79999923706055,1273.04248046875,1009.1199951171875,1363.3465576171875,100.0,100.0,100.0,600.0,253.89999389648438,265.1000061035156,256.70001220703125,259.8999938964844,263.79998779296875,5526.8173828125,2956.537353515625,1468.6566162109375,829.9175415039062,231.26065063476562,258.1199951171875,84.5999984741211,87.0,166.63999938964844,0.0,0.0005000000237487257,0.8125,1089.568603515625,36.0,100.0,100.0,17.0,500.0,252.71588134765625,264.88238525390625,260.43817138671875,259.4321594238281,262.5595397949219,5518.94921875,2954.31298828125,1457.80419921875,813.7919921875,200.42018127441406,259.467041015625,83.8736572265625,85.3392333984375,155.10125732421875,0.0,0.00046999999904073775,1.1875,,,,,,,,,,,,,,,,,,,,,,,,98.0,,,32.0,32.0,9553.0,30.0,41.0,,69.0,,11.0,,21.0,30.0,0.0,216.0,255.6699981689453,253.35000610351562,82.0,66.0,11.199999809265137,11.199999809265137
2022-02-25T10:56,2022-02-25T11:00,24,train,0,2022,2,10,23,2022-02-24T12:00,23,2022-02-24T12:00,23,2022-02-24T12:00,26,2022-02-24T09:00,,,24,2022-02-24T11:00,-999.0,0.0,55.0,100.0,100.0,2231.629638671875,1340.712890625,23700.0,86000.0,11791.08984375,5.372316837310791,253.88381958007812,262.3442077636719,259.8238525390625,260.36468505859375,263.9495849609375,5507.5126953125,2950.208740234375,1465.292236328125,201.92196655273438,258.726806640625,84.0999984741211,172.52162170410156,0.0,700.0,0.00031999999191612005,1.2350000143051147,19999.962890625,9.100000381469727,0.0,0.0,0.0,24135.115234375,0.0,0.0,252.80665588378906,268.8109130859375,267.74871826171875,273.9530334472656,280.2189636230469,5665.13818359375,3094.9560546875,1566.4547119140625,895.2022705078125,262.0487060546875,282.870849609375,42.0,64.0,1549.75439453125,980.3200073242188,1473.4527587890625,100.0,100.0,100.0,1000.0,253.1999969482422,264.1000061035156,256.20001220703125,259.5,263.29998779296875,5518.2890625,2953.607666015625,1468.749267578125,831.518798828125,232.5985870361328,258.1199951171875,80.69999694824219,85.0,275.0400085449219,0.0,0.0003000000142492354,0.5,1974.8497314453125,62.0,100.0,100.0,12.0,900.0,252.82693481445312,262.5845031738281,260.01605224609375,258.89691162109375,261.07659912109375,5506.80859375,2959.35986328125,1473.2529296875,829.6434936523438,220.83364868164062,258.0711669921875,81.10552978515625,83.83007049560547,130.43524169921875,0.0,0.00022000000171829015,0.8125,,,,,,,,,,,,,,,,,,,,,,,,98.0,,,30.0,32.0,256.0,61.0,66.0,,79.0,,61.0,,74.0,75.0,0.0,196.0,256.33001708984375,252.23001098632812,70.0,42.0,10.399999618530273,10.5
2022-02-25T10:56,2022-02-25T11:00,48,train,0,2022,2,10,47,2022-02-23T12:00,47,2022-02-23T12:00,47,2022-02-23T12:00,50,2022-02-23T09:00,,,36,2022-02-23T23:00,5302.759765625,0.0,79.0,100.0,100.0,2012.438232421875,1340.74072265625,25200.0,87000.0,11744.6787109375,5.967268943786621,254.113525390625,263.64886474609375,260.507080078125,260.35040283203125,263.96038818359375,5528.68359375,2958.3759765625,1467.436767578125,201.37754821777344,258.37982177734375,83.4000015258789,238.1314697265625,0.0,600.0,0.00039999998989515007,5.489999771118164,20000.01953125,0.0,0.0,3.700000047683716,0.0,24135.005859375,0.0,0.0,252.0206298828125,267.18499755859375,268.5914001464844,273.3238525390625,279.4585266113281,5653.140625,3091.421630859375,1565.055419921875,894.3504028320312,262.92462158203125,282.0489501953125,41.400001525878906,62.099998474121094,1187.1898193359375,913.4400024414062,1397.6778564453125,100.0,100.0,100.0,1200.0,253.89999389648438,265.20001220703125,256.70001220703125,258.20001220703125,262.0,5523.392578125,2949.78662109375,1448.640869140625,813.7056884765625,215.9794464111328,256.70001220703125,82.9000015258789,87.0,200.47999572753906,0.0,0.00019999999494757503,1.8125,1941.351318359375,82.0,100.0,100.0,22.0,900.0,253.86770629882812,264.091064453125,260.8447265625,257.913818359375,260.4554748535156,5524.2822265625,2956.82958984375,1462.3648681640625,819.12255859375,210.76119995117188,257.7591247558594,82.22648620605469,83.91370391845703,208.77957153320312,0.0,0.0002300000051036477,4.75,,,,,,,,,,,,,,,,,,,,,,,,96.0,,,30.0,32.0,256.0,69.0,71.0,,80.0,,65.0,,73.0,73.0,0.0,137.0,256.1000061035156,252.45999145507812,73.0,46.0,11.199999809265137,10.899999618530273
2022-03-08T15:55,2022-03-08T16:00,1,holdout_baserate,0,2022,3,15,1,2022-03-08T15:00,4,2022-03-08T12:00,4,2022-03-08T12:00,1,2022-03-08T15:00,3,2022-03-08T12:00,1,2022-03-08T15:00,-999.0,100.0,100.0,0.0,0.0,1341.0633544921875,1340.86572265625,79400.0,85000.0,2124.9248046875,14.57995891571045,248.02890014648438,256.227783203125,259.39837646484375,264.96527099609375,269.14013671875,5298.4912109375,2815.01171875,1354.4161376953125,90.39678955078125,260.144287109375,90.19999694824219,565.3858642578125,0.0,200.0,0.0,0.12999999523162842,1046.6220703125,100.0,99.69999694824219,0.0,52.099998474121094,24135.083984375,2.719999974942766e-05,2.1875,246.62034606933594,264.2313537597656,273.0513610839844,277.7713623046875,282.0013427734375,5515.724609375,2999.26806640625,1468.5435791015625,785.1363525390625,143.83090209960938,282.0,91.4000015258789,91.5999984741211,41.24704360961914,1452.9599609375,19999.931640625,23.0,0.0,0.0,0.0,249.1999969482422,257.1000061035156,258.29998779296875,262.8999938964844,266.79998779296875,5310.3349609375,2809.011474609375,1350.042236328125,704.3473510742188,89.0396728515625,260.54998779296875,97.5,100.0,877.1199951171875,0.0,0.00039999998989515007,1.5,851.0069580078125,100.0,0.0,0.0,100.0,9800.0,247.06021118164062,254.68919372558594,259.36077880859375,265.25054931640625,269.698974609375,5297.3134765625,2825.197998046875,1370.275146484375,720.8560791015625,106.51383972167969,265.6628723144531,85.0,78.29180908203125,904.1973876953125,0.0,1.9999999494757503e-05,0.125,5258.19921875,2805.803955078125,1355.1650390625,707.0966796875,97.455078125,246.07627868652344,252.87664794921875,258.7068786621094,264.7542724609375,268.96612548828125,44.9468994140625,96.55162048339844,71.1431884765625,63.648502349853516,,,,266.0748596191406,,101230.5625,93408.796875,,2.7851884365081787,79.0,,,0.0,0.0,209.0,73.0,94.0,,100.0,,69.0,,71.0,71.0,11.0,793.0,256.77996826171875,256.41998291015625,98.0,10.0,21.600000381469727,25.200000762939453
2022-03-08T15:55,2022-03-08T16:00,24,holdout_baserate,0,2022,3,15,22,2022-03-07T18:00,22,2022-03-07T18:00,22,2022-03-07T18:00,25,2022-03-07T15:00,21,2022-03-07T18:00,24,2022-03-07T16:00,-999.0,100.0,100.0,0.0,0.0,1340.8533935546875,1340.7166748046875,82600.0,85000.0,1692.0399169921875,13.62480354309082,246.62652587890625,256.7739562988281,258.5439453125,263.8682861328125,268.052734375,5293.541015625,2812.161376953125,1348.947998046875,85.81883239746094,259.0485534667969,89.5999984741211,479.43914794921875,0.0,700.0,0.0,17.190000534057617,637.7383422851562,100.0,87.4000015258789,0.0,54.400001525878906,24135.037109375,3.04000004689442e-05,1.75,246.8743133544922,263.6754150390625,272.9053955078125,277.08868408203125,282.1754150390625,5511.71923828125,2995.739990234375,1467.848876953125,785.818115234375,145.495849609375,282.1000061035156,86.5,93.5,474.42816162109375,1414.4000244140625,19999.8828125,34.0,0.0,0.0,0.0,246.5,260.70001220703125,257.0,261.6000061035156,265.5,5314.5234375,2800.65673828125,1332.8702392578125,690.4146118164062,78.01496887207031,259.239990234375,97.5999984741211,100.0,705.2000122070312,0.0,0.0005000000237487257,1.375,909.9639282226562,100.0,0.0,0.0,100.0,10700.0,246.12432861328125,255.93759155273438,257.96728515625,263.0483093261719,267.47723388671875,5294.26806640625,2816.160888671875,1355.80712890625,711.14501953125,97.549072265625,262.8627624511719,89.0,88.36847686767578,614.3922729492188,0.0,0.0,9.3125,5254.984375,2801.498046875,1348.1806640625,699.686767578125,89.9443359375,246.6910400390625,253.1215362548828,258.82757568359375,264.9238586425781,269.08251953125,49.434940338134766,96.22151184082031,69.74185180664062,63.015350341796875,,,,266.0045166015625,,101136.0,93313.046875,,2.844862937927246,83.0,,,30.0,31.0,201.0,73.0,73.0,,73.0,,56.0,,60.0,70.0,9.0,758.0,257.5899963378906,256.91998291015625,94.0,8.0,21.200000762939453,25.0
2022-03-08T15:55,2022-03-08T16:00,48,holdout_baserate,0,2022,3,15,46,2022-03-06T18:00,46,2022-03-06T18:00,46,2022-03-06T18:00,49,2022-03-06T15:00,45,2022-03-06T18:00,36,2022-03-07T04:00,-999.0,100.0,100.0,0.0,0.0,1340.859619140625,1340.741455078125,81000.0,85000.0,1852.09716796875,13.31136417388916,244.8725128173828,255.52622985839844,259.41558837890625,263.9267578125,268.10546875,5269.89453125,2802.476318359375,1338.1298828125,75.50807189941406,259.3981018066406,89.0,414.72412109375,0.0,0.0,0.0,15.979999542236328,826.1488647460938,100.0,100.0,0.0,56.79999923706055,21918.919921875,0.00011239999730605632,1.5,246.70867919921875,264.24609375,272.9483947753906,277.09844970703125,281.1856384277344,5524.005859375,3005.817138671875,1475.9124755859375,793.5982666015625,154.33367919921875,281.25830078125,93.0999984741211,92.0999984741211,219.9991455078125,1445.1199951171875,19999.84375,27.0,0.0,0.0,0.0,246.6999969482422,256.3999938964844,258.29998779296875,262.8999938964844,266.8999938964844,5271.86572265625,2794.44140625,1329.1185302734375,683.283447265625,67.97395324707031,260.6600036621094,97.5,100.0,533.1199951171875,0.0,0.0005000000237487257,1.9375,877.2241821289062,100.0,0.0,0.0,100.0,6900.0,246.5010528564453,255.98838806152344,258.63995361328125,263.56304931640625,267.9736328125,5281.013671875,2803.65380859375,1340.7451171875,694.4815673828125,79.82940673828125,263.1048583984375,89.98876190185547,90.90838623046875,593.969970703125,0.0,1.9999999494757503e-05,28.3125,5274.0859375,2806.10205078125,1345.184814453125,695.89404296875,84.97607421875,246.2054443359375,254.6199951171875,259.2833557128906,265.3538818359375,269.5250244140625,27.542850494384766,92.20323181152344,68.89453125,61.44938278198242,,,,266.50384521484375,,101078.4375,93270.296875,,2.6586966514587402,81.0,,,30.0,32.0,201.0,71.0,72.0,,76.0,,42.0,,43.0,48.0,7.0,713.0,257.3999938964844,257.33001708984375,96.0,5.0,20.399999618530273,23.700000762939453
2022-03-23T00:57,2022-03-23T01:00,1,holdout_baserate,0,2022,3,0,1,2022-03-23T00:00,1,2022-03-23T00:00,1,2022-03-23T00:00,1,2022-03-23T00:00,0,2022-03-23T00:00,1,2022-03-23T00:00,-999.0,0.0,8.0,0.0,0.0,nan,1341.222412109375,nan,86000.0,nan,15.274258613586426,251.09054565429688,264.8761901855469,263.1308288574219,267.1851806640625,271.38580322265625,5473.23681640625,2938.09814453125,1435.6605224609375,148.34506225585938,262.2745361328125,82.4000015258789,298.9619140625,0.0,16600.0,0.0,0.0,19999.91015625,5.0,5.0,0.0,0.0,24135.05859375,0.0,0.0,249.16258239746094,267.36407470703125,277.5722961425781,280.8349914550781,281.034912109375,5638.9580078125,3089.81982421875,1538.8243408203125,844.604248046875,203.79867553710938,280.97430419921875,64.30000305175781,56.599998474121094,447.7860107421875,2199.840087890625,19999.841796875,1.0,0.0,0.0,24100.0,251.60000610351562,266.0,260.0,264.6000061035156,268.6000061035156,5478.21240234375,2933.4736328125,1432.7962646484375,782.6718139648438,162.9490509033203,262.2400207519531,91.0999984741211,94.0,544.0,0.0,0.0,0.0,nan,0.0,0.0,0.0,0.0,26100.0,252.0145263671875,263.6213684082031,262.6878967285156,267.8700256347656,272.2354431152344,5475.990234375,2941.2978515625,1447.399169921875,790.7030639648438,163.4620361328125,266.83123779296875,67.0,57.220035552978516,641.2056884765625,0.0,0.0,0.0,5468.71484375,2936.04052734375,1440.343017578125,785.0245361328125,169.859619140625,248.84329223632812,265.7042236328125,261.662353515625,267.306884765625,271.6090087890625,23.428813934326172,85.73979187011719,62.19346618652344,59.1844596862793,,,,268.12457275390625,,102157.875,94351.046875,,4.003665924072266,38.0,,,88888.0,224.0,209.0,52.0,68.0,,71.0,,71.0,,71.0,74.0,1.0,382.0,259.8500061035156,258.489990234375,88.0,1.0,20.0,22.299999237060547
2022-03-23T00:57,2022-03-23T01:00,24,holdout_baserate,0,2022,3,0,25,2022-03-22T00:00,25,2022-03-22T00:00,25,2022-03-22T00:00,22,2022-03-22T03:00,24,2022-03-22T00:00,24,2022-03-22T01:00,-999.0,0.0,25.0,0.0,5.0,nan,1341.084228515625,nan,86100.0,nan,14.02466106414795,254.31631469726562,264.61566162109375,262.06390380859375,265.8101806640625,270.0081481933594,5497.7265625,2955.218994140625,1454.2459716796875,172.40675354003906,261.8891296386719,87.5,257.03985595703125,0.0,14200.0,0.0,0.18000000715255737,19999.828125,0.0,5.0,0.0,0.0,24135.388671875,0.0,0.0,249.88401794433594,267.595458984375,277.2906188964844,280.44415283203125,280.9794006347656,5640.990234375,3089.017333984375,1538.9591064453125,845.52099609375,205.12344360351562,280.9461364746094,64.80000305175781,60.900001525878906,453.38140869140625,2148.47998046875,19999.91796875,15.0,0.0,1.0,200.0,252.5,265.8999938964844,260.20001220703125,264.79998779296875,268.79998779296875,5481.8359375,2935.166748046875,1434.552734375,783.8800048828125,165.71237182617188,262.54998779296875,98.4000015258789,100.0,401.9200134277344,0.0,0.0,0.125,1074.2696533203125,100.0,0.0,0.0,100.0,15000.0,251.8004150390625,264.142333984375,260.3224182128906,265.26055908203125,269.705322265625,5481.08154296875,2942.65771484375,1451.56982421875,801.1075439453125,177.25718688964844,265.4228210449219,87.03645324707031,86.86498260498047,689.8358764648438,0.0,9.999999747378752e-06,0.25,5465.8671875,2929.512939453125,1438.950927734375,782.9288940429688,166.77197265625,248.47781372070312,264.6418762207031,261.73175048828125,267.7309265136719,272.02069091796875,28.31494903564453,77.92921447753906,53.87184524536133,52.64045333862305,,,,267.94354248046875,,102113.9375,94317.90625,,3.831439256668091,63.0,,,32.0,32.0,256.0,44.0,44.0,,50.0,,55.0,,55.0,57.0,1.0,354.0,260.739990234375,258.55999755859375,84.0,2.0,18.799999237060547,20.799999237060547
2022-03-23T00:57,2022-03-23T01:00,48,holdout_baserate,0,2022,3,0,43,2022-03-21T06:00,49,2022-03-21T00:00,49,2022-03-21T00:00,46,2022-03-21T03:00,48,2022-03-21T00:00,36,2022-03-21T13:00,-999.0,0.0,100.0,0.0,0.0,nan,1341.081787109375,nan,86000.0,nan,14.314791679382324,252.3501434326172,263.625732421875,262.0195617675781,265.61090087890625,269.73309326171875,5477.833984375,2940.60302734375,1444.1636962890625,164.3082275390625,261.5375061035156,89.30000305175781,277.94781494140625,0.0,12200.0,0.0,0.5600000023841858,19999.970703125,0.5,4.800000190734863,0.0,0.0,24134.974609375,0.0,0.0,249.83523559570312,268.28009033203125,278.2763977050781,279.99993896484375,281.071533203125,5643.34326171875,3086.8134765625,1531.9083251953125,837.494873046875,197.490234375,281.040283203125,66.5,66.0999984741211,480.63995361328125,2298.719970703125,1195.4638671875,59.0,0.0,5.0,0.0,248.1999969482422,267.79998779296875,260.5,265.29998779296875,269.20001220703125,5473.7587890625,2929.60400390625,1413.6151123046875,761.8317260742188,143.75091552734375,263.0199890136719,98.30000305175781,100.0,358.8800048828125,0.0,0.00019999999494757503,0.5625,911.187255859375,100.0,0.0,0.0,100.0,9600.0,251.96070861816406,262.9490966796875,260.2160949707031,264.2904968261719,268.88604736328125,5476.6015625,2946.097900390625,1454.2064208984375,805.1314086914062,184.00331115722656,264.61773681640625,90.0,94.4105453491211,574.294189453125,0.0,9.999999747378752e-06,2.8125,5476.37890625,2936.321533203125,1438.10205078125,781.8301391601562,165.623779296875,248.59271240234375,265.77752685546875,261.851318359375,267.7616271972656,272.0207214355469,16.3326416015625,79.6429443359375,56.15318298339844,56.342071533203125,,,,267.97418212890625,,102106.0625,94305.53125,,3.7979776859283447,70.0,,,32.0,32.0,384.0,43.0,44.0,,49.0,,46.0,,46.0,46.0,1.0,367.0,260.90997314453125,258.5199890136719,82.0,4.0,18.399999618530273,21.0
2022-04-06T06:54,2022-04-06T07:00,1,holdout_baserate,0,2022,4,6,1,2022-04-06T06:00,1,2022-04-06T06:00,1,2022-04-06T06:00,1,2022-04-06T06:00,0,2022-04-06T06:00,1,2022-04-06T06:00,-999.0,0.0,0.0,0.0,29.0,nan,2049.784912109375,nan,79000.0,nan,4.31675386428833,253.2027130126953,264.0399475097656,273.1642150878906,276.7806396484375,280.53436279296875,5529.7607421875,2975.845458984375,1449.54150390625,129.32957458496094,271.3399963378906,60.099998474121094,144.21224975585938,1028.4000244140625,30700.0,0.0,0.0,1629.5631103515625,100.0,0.0,5.0,10.899999618530273,24135.033203125,6.4000000747910235e-06,0.0,250.5464630126953,267.18194580078125,275.4776611328125,279.18017578125,280.70733642578125,5541.10107421875,2984.387939453125,1441.098876953125,751.991455078125,111.34515380859375,280.5934753417969,81.80000305175781,93.9000015258789,197.48171997070312,1762.719970703125,20000.072265625,0.0,0.0,0.0,24100.0,253.6999969482422,263.29998779296875,272.20001220703125,277.0,281.1000061035156,5531.78466796875,2980.1455078125,1456.5225830078125,775.7642211914062,142.74769592285156,273.1300048828125,63.5,58.0,104.16000366210938,1178.239990234375,0.0,0.0,7677.2294921875,0.0,22.0,100.0,0.0,36600.0,253.4534149169922,264.0435791015625,273.15283203125,277.2096862792969,280.0534973144531,5530.1630859375,2971.933349609375,1447.4876708984375,765.4960327148438,126.6304931640625,273.2159729003906,54.01563262939453,42.61526107788086,85.0517578125,1100.0,0.0,0.0,5532.5390625,2980.72509765625,1459.126953125,778.7820434570312,143.9130859375,253.57359313964844,263.06085205078125,272.24102783203125,276.4998779296875,280.7090759277344,56.28110885620117,61.23255920410156,43.658973693847656,58.1099853515625,,,,271.52783203125,,101774.5,94232.953125,,7.223829746246338,28.0,,,88888.0,2216.0,16209.0,0.0,0.0,,4.0,,5.0,,5.0,5.0,0.0,111.0,267.5,263.69000244140625,75.0,0.0,8.399999618530273,8.100000381469727
2022-04-06T06:54,2022-04-06T07:00,24,holdout_baserate,0,2022,4,6,25,2022-04-05T06:00,25,2022-04-05T06:00,25,2022-04-05T06:00,22,2022-04-05T09:00,24,2022-04-05T06:00,24,2022-04-05T07:00,-999.0,0.0,64.0,0.0,55.0,9502.3251953125,2383.9287109375,nan,76000.0,10866.544921875,2.8269131183624268,252.43600463867188,263.23455810546875,273.2943115234375,277.710205078125,281.65472412109375,5533.15185546875,2984.23876953125,1460.41455078125,138.48593139648438,271.40087890625,58.599998474121094,124.41588592529297,1042.9599609375,32400.0,0.0,0.0,1809.0887451171875,100.0,0.0,0.0,8.800000190734863,24135.1640625,8.400000297115184e-06,0.0,250.40281677246094,267.430419921875,274.6217041015625,278.45294189453125,280.6777038574219,5541.32666015625,2981.34033203125,1440.3076171875,753.0233154296875,113.53306579589844,280.592529296875,84.9000015258789,91.5,239.22560119628906,1648.3199462890625,8766.0556640625,0.0,0.0,64.0,24100.0,253.89999389648438,266.20001220703125,271.70001220703125,274.1000061035156,278.20001220703125,5541.38427734375,2979.33447265625,1449.76513671875,775.0720825195312,138.21726989746094,269.2900085449219,90.9000015258789,78.0,33.91999816894531,587.2000122070312,0.0,0.0,7760.9326171875,2.0,0.0,99.0,0.0,27700.0,252.70742797851562,264.1095886230469,272.78271484375,277.8016357421875,280.82244873046875,5541.47314453125,2985.93017578125,1462.940673828125,780.381591796875,140.49960327148438,274.08038330078125,64.34996032714844,54.48168182373047,273.27734375,1320.0,0.0,0.0,5527.40625,2980.230224609375,1458.828369140625,778.6351928710938,143.474365234375,253.2626190185547,262.5876159667969,271.9783935546875,276.6836242675781,280.7497863769531,91.6238021850586,64.54488372802734,46.59223175048828,60.593963623046875,,,,273.7623596191406,,101738.9375,94208.09375,,7.964557647705078,43.0,,,88886.0,3184.0,256.0,33.0,33.0,,36.0,,48.0,,50.0,50.0,0.0,121.0,267.6499938964844,265.1499938964844,83.0,0.0,9.199999809265137,8.899999618530273
2022-04-21T09:51,2022-04-21T10:00,1,holdout_baserate,0,2022,4,9,1,2022-04-21T09:00,4,2022-04-21T06:00,4,2022-04-21T06:00,1,2022-04-21T09:00,3,2022-04-21T06:00,1,2022-04-21T09:00,-999.0,0.0,0.0,0.0,0.0,nan,nan,nan,nan,nan,7.765449047088623,256.7139892578125,270.3041687011719,273.34210205078125,272.490966796875,275.79876708984375,5710.54150390625,3114.12255859375,1565.4755859375,250.25148010253906,268.21661376953125,45.0,142.95773315429688,553.8400268554688,44500.0,0.0,0.0,298.2279968261719,97.5,12.399999618530273,10.199999809265137,12.300000190734863,22578.14453125,3.199999991920777e-05,0.0625,251.3800048828125,267.6734313964844,276.7144775390625,280.2444763183594,285.2244873046875,5521.3369140625,2954.377685546875,1405.471923828125,713.537353515625,66.30599975585938,285.3213806152344,86.9000015258789,98.69999694824219,511.754638671875,1903.8399658203125,20000.154296875,15.0,0.0,0.0,0.0,257.1000061035156,270.20001220703125,272.20001220703125,269.79998779296875,273.8999938964844,5712.67041015625,3112.552001953125,1563.598388671875,895.6893310546875,269.75091552734375,268.3599853515625,98.80000305175781,100.0,175.27999877929688,444.79998779296875,0.0,0.0,nan,0.0,0.0,0.0,0.0,33000.0,256.49383544921875,270.05316162109375,272.7113342285156,273.7241516113281,275.82452392578125,5712.6259765625,3115.75927734375,1570.65771484375,894.3942260742188,258.8676452636719,269.75,57.05756759643555,39.40248107910156,92.92694091796875,240.0,0.0,0.0,5709.36328125,3110.189208984375,1567.915771484375,895.0904541015625,270.867431640625,257.1612548828125,269.80523681640625,271.4917297363281,272.03326416015625,275.46185302734375,19.053634643554688,24.134658813476562,56.24730682373047,75.74275970458984,,,,268.006591796875,,103382.0625,95614.6640625,,4.979514122009277,20.0,,,88888.0,6488.0,16209.0,0.0,0.0,,0.0,,5.0,,5.0,5.0,0.0,143.0,265.69000244140625,261.4800109863281,73.0,1.0,11.199999809265137,11.399999618530273
2022-04-06T06:54,2022-04-06T07:00,48,holdout_baserate,0,2022,4,6,43,2022-04-04T12:00,49,2022-04-04T06:00,49,2022-04-04T06:00,46,2022-04-04T09:00,48,2022-04-04T06:00,36,2022-04-04T19:00,-999.0,0.0,4.0,0.0,99.0,nan,7776.8037109375,nan,36400.0,nan,4.448803424835205,251.9972686767578,263.97833251953125,273.03399658203125,276.11859130859375,280.0328369140625,5523.392578125,2980.406494140625,1453.513427734375,133.71890258789062,271.7640686035156,89.5,172.82781982421875,1094.47998046875,13600.0,0.0,1.940000057220459,1834.8421630859375,100.0,0.0,0.0,11.100000381469727,24135.1484375,0.0,0.0,251.0,266.9814453125,275.3275146484375,277.8275146484375,280.60992431640625,5547.78271484375,2985.774658203125,1446.656494140625,760.3515625,121.51065826416016,280.5046081542969,77.4000015258789,97.69999694824219,256.1785583496094,1727.0400390625,1450.65576171875,5.0,42.0,65.0,24100.0,254.10000610351562,266.29998779296875,271.20001220703125,275.70001220703125,279.79998779296875,5542.43310546875,2978.68896484375,1452.761474609375,774.7439575195312,137.9597930908203,272.92999267578125,79.5999984741211,78.0,332.32000732421875,1146.719970703125,0.0,0.0,nan,0.0,2.0,44.0,0.0,16300.0,251.3177490234375,263.8008728027344,272.0010681152344,275.8494567871094,279.3031311035156,5524.4072265625,2986.29541015625,1463.133056640625,783.8804931640625,147.01388549804688,273.1943359375,79.95687103271484,77.9365005493164,94.38356018066406,1030.0,0.0,0.0,5521.59375,2982.857421875,1459.715087890625,779.366943359375,144.77490234375,252.28179931640625,263.43408203125,272.2762145996094,276.5384216308594,280.5041198730469,74.73004913330078,61.00746536254883,44.630088806152344,58.01776123046875,,,,273.9659118652344,,101756.1875,94228.25,,7.767706871032715,63.0,,,30.0,32.0,256.0,22.0,22.0,,32.0,,54.0,,59.0,59.0,0.0,132.0,268.69000244140625,267.3599853515625,89.0,1.0,9.600000381469727,9.699999809265137
2022-04-21T09:51,2022-04-21T10:00,24,holdout_baserate,0,2022,4,9,22,2022-04-20T12:00,22,2022-04-20T12:00,22,2022-04-20T12:00,25,2022-04-20T09:00,21,2022-04-20T12:00,24,2022-04-20T10:00,-999.0,0.0,0.0,0.0,0.0,nan,nan,nan,nan,nan,7.14511251449585,256.6616516113281,269.98309326171875,271.13726806640625,271.99871826171875,275.8083190917969,5709.4384765625,3111.1337890625,1569.7086181640625,256.7678527832031,266.8446044921875,64.5999984741211,147.8397979736328,334.4800109863281,26500.0,0.0,0.07000000029802322,1394.6279296875,100.0,15.5,98.80000305175781,3.200000047683716,24134.9765625,2.320000021427404e-05,0.0,251.88833618164062,267.8105773925781,276.5677795410156,280.4913330078125,284.58172607421875,5517.3583984375,2952.787109375,1402.054443359375,709.9813842773438,63.8953742980957,284.302734375,79.30000305175781,81.30000305175781,300.5470886230469,1949.1199951171875,19999.99609375,2.0,0.0,19.0,24100.0,257.6000061035156,270.5,271.79998779296875,269.79998779296875,273.8999938964844,5712.45556640625,3107.700927734375,1559.0118408203125,891.454345703125,265.0609436035156,267.0799865722656,91.69999694824219,85.0,138.63999938964844,247.67999267578125,0.0,0.0,10828.8603515625,1.0,35.0,82.0,1.0,18500.0,256.0094299316406,269.43328857421875,270.8131103515625,270.8432312011719,274.0205078125,5705.06640625,3110.9169921875,1571.248291015625,901.0435791015625,269.33331298828125,269.4954833984375,80.1625747680664,66.8375473022461,142.60574340820312,200.0,0.0,0.5625,5709.16015625,3108.3876953125,1566.73193359375,895.4639892578125,269.667236328125,257.30523681640625,269.95855712890625,270.8219909667969,272.30096435546875,276.234130859375,13.454178810119629,22.04446792602539,51.017677307128906,68.54032897949219,,,,267.4482421875,,103360.3125,95617.859375,,4.286716461181641,41.0,,,88886.0,4016.0,201.0,7.0,7.0,,9.0,,60.0,,60.0,60.0,0.0,117.0,265.28997802734375,261.52996826171875,73.0,0.0,10.800000190734863,11.399999618530273
2022-04-21T09:51,2022-04-21T10:00,48,holdout_baserate,0,2022,4,9,46,2022-04-19T12:00,46,2022-04-19T12:00,46,2022-04-19T12:00,49,2022-04-19T09:00,45,2022-04-19T12:00,36,2022-04-19T22:00,-999.0,0.0,0.0,0.0,2.0,nan,nan,nan,nan,nan,7.452940940856934,256.7147216796875,270.859130859375,273.1040954589844,273.232666015625,276.6473388671875,5707.0888671875,3105.00537109375,1555.639404296875,237.24868774414062,268.77386474609375,41.599998474121094,143.79949951171875,630.4000244140625,48500.0,0.0,22.280000686645508,215.05909729003906,100.0,86.9000015258789,100.0,23.0,24134.669921875,0.0,0.1875,251.59234619140625,268.3946228027344,276.131591796875,279.4915771484375,283.6694641113281,5505.12548828125,2937.43359375,1385.6788330078125,695.1731567382812,51.1241569519043,283.42767333984375,87.4000015258789,92.30000305175781,300.969482421875,1959.8399658203125,20000.0390625,5.0,5.0,32.0,24100.0,255.89999389648438,271.1000061035156,272.0,270.6000061035156,274.6000061035156,5705.99267578125,3102.57373046875,1552.7528076171875,883.7296142578125,257.8664245605469,267.82000732421875,79.19999694824219,68.0,138.8000030517578,361.44000244140625,0.0,0.0,nan,0.0,0.0,0.0,0.0,24300.0,257.056396484375,270.0498046875,272.5992431640625,271.5781555175781,273.92333984375,5704.845703125,3100.002685546875,1553.142333984375,879.4234619140625,246.3496551513672,268.0299072265625,68.8028335571289,53.796348571777344,83.0728988647461,0.0,0.0,27.3125,5710.17578125,3106.868896484375,1557.343017578125,882.005126953125,255.319091796875,256.705810546875,270.7917785644531,273.19244384765625,273.157470703125,276.5302734375,16.73349380493164,11.395087242126465,45.98078536987305,71.302734375,,,,267.18157958984375,,103161.5625,95440.0625,,5.223484039306641,26.0,,,88888.0,5296.0,256.0,20.0,24.0,,24.0,,60.0,,66.0,67.0,0.0,119.0,265.6300048828125,261.08001708984375,70.0,1.0,11.199999809265137,11.300000190734863
2022-05-05T06:57,2022-05-05T07:00,1,holdout_baserate,0,2022,5,6,1,2022-05-05T06:00,1,2022-05-05T06:00,1,2022-05-05T06:00,1,2022-05-05T06:00,0,2022-05-05T06:00,1,2022-05-05T06:00,-999.0,0.0,0.0,0.0,7.0,nan,nan,nan,nan,nan,9.05966854095459,255.44102478027344,272.074462890625,276.979736328125,280.0618896484375,284.1612854003906,5628.23486328125,3030.4365234375,1466.22314453125,121.83840942382812,275.6278381347656,76.4000015258789,234.9860382080078,3033.840087890625,20000.0,0.0,0.0,20000.1171875,5.0,0.0,0.0,0.0,24134.96484375,0.0,0.0,252.5641632080078,269.02490234375,276.62493896484375,281.50506591796875,284.6825866699219,5659.7412109375,3085.2783203125,1536.44873046875,843.8419799804688,195.80165100097656,285.86468505859375,71.69999694824219,72.5999984741211,312.9619445800781,2045.280029296875,19999.91796875,38.0,0.0,0.0,24100.0,256.29998779296875,271.8999938964844,274.8999938964844,279.5,283.6000061035156,5636.85986328125,3030.75830078125,1466.35498046875,778.3489379882812,133.8052978515625,276.5899963378906,91.69999694824219,91.0,337.5199890136719,2847.199951171875,0.0,0.5,nan,60.0,14.0,4.0,43.0,16000.0,255.92124938964844,271.0863037109375,275.7087707519531,278.4590759277344,282.8701477050781,5629.1357421875,3031.083251953125,1469.660888671875,783.0511474609375,133.631103515625,277.9364929199219,85.64608764648438,76.67420959472656,387.97198486328125,2740.0,0.0,0.0,5632.49609375,3031.908447265625,1467.264892578125,777.9010009765625,135.257080078125,256.4532470703125,270.6038818359375,277.2423095703125,278.92462158203125,283.34375,16.931671142578125,57.551307678222656,89.60501861572266,96.29078674316406,,,,280.23052978515625,,101668.1875,94206.890625,,9.760215759277344,52.0,,,88888.0,4408.0,256.0,77.0,87.0,,90.0,,78.0,,78.0,78.0,0.0,194.0,272.0,271.6000061035156,99.0,2.0,14.0,15.199999809265137
2022-05-05T06:57,2022-05-05T07:00,24,holdout_baserate,0,2022,5,6,25,2022-05-04T06:00,25,2022-05-04T06:00,25,2022-05-04T06:00,22,2022-05-04T09:00,24,2022-05-04T06:00,24,2022-05-04T07:00,-999.0,0.0,0.0,0.0,0.0,nan,nan,nan,nan,nan,9.188873291015625,255.43179321289062,271.92034912109375,276.30352783203125,279.0691833496094,283.1873474121094,5622.29931640625,3023.495849609375,1461.9617919921875,120.54447937011719,274.70465087890625,75.5999984741211,230.73895263671875,2991.1201171875,20400.0,0.0,11.59000015258789,20000.138671875,5.0,0.0,0.0,16.799999237060547,24134.875,0.0,0.0,253.02049255371094,268.9549865722656,277.1711120605469,281.881103515625,284.7991943359375,5665.775390625,3094.40478515625,1540.4549560546875,846.2615356445312,197.81443786621094,286.14202880859375,78.5,79.5,328.4430847167969,2245.280029296875,20000.001953125,45.0,14.0,0.0,0.0,256.20001220703125,272.8999938964844,277.5,278.3999938964844,282.6000061035156,5630.14453125,3022.7392578125,1451.9654541015625,765.1563720703125,121.76104736328125,275.75,99.4000015258789,100.0,474.7200012207031,2978.080078125,0.0,0.0,nan,45.0,0.0,1.0,45.0,13000.0,256.43560791015625,271.50726318359375,276.38824462890625,277.71630859375,281.8814697265625,5625.365234375,3023.26708984375,1461.264404296875,773.8989868164062,124.31039428710938,277.5664367675781,93.23660278320312,86.58467102050781,334.7188720703125,2760.0,0.0,13.625,5635.25,3031.06298828125,1465.535400390625,774.6451416015625,131.220703125,256.4009094238281,271.0733642578125,276.81146240234375,279.80816650390625,283.74810791015625,13.226181983947754,78.6420669555664,94.39030456542969,98.6694564819336,,,,279.37371826171875,,101608.8125,94169.0,,10.446715354919434,76.0,,,0.0,0.0,256.0,67.0,70.0,,70.0,,65.0,,66.0,66.0,1.0,222.0,272.4700012207031,272.4800109863281,100.0,8.0,14.399999618530273,15.600000381469727
2022-05-16T13:54,2022-05-16T14:00,1,train,0,2022,5,13,1,2022-05-16T13:00,2,2022-05-16T12:00,2,2022-05-16T12:00,1,2022-05-16T13:00,3,2022-05-16T12:00,1,2022-05-16T13:00,-999.0,0.0,4.0,0.0,0.0,nan,1394.9168701171875,nan,85500.0,nan,1.323455572128296,260.19635009765625,276.2354736328125,285.31207275390625,288.904541015625,293.2061767578125,5679.06396484375,3034.367431640625,1432.52099609375,51.2156982421875,287.56768798828125,91.0999984741211,500.75897216796875,3588.8798828125,14800.0,0.0,0.0,6979.34716796875,0.0,100.0,100.0,0.0,24135.142578125,0.0,0.0,259.3773193359375,275.5034484863281,286.4574279785156,293.34112548828125,300.3634033203125,5789.85546875,3147.947021484375,1552.097900390625,831.7858276367188,151.97325134277344,301.36572265625,31.5,42.29999923706055,2389.373779296875,3635.360107421875,1233.6978759765625,56.0,0.0,1.0,10600.0,260.29998779296875,276.6000061035156,286.0,290.70001220703125,295.1000061035156,5682.076171875,3034.756591796875,1432.9849853515625,714.0533447265625,50.21353530883789,288.3799743652344,98.0999984741211,100.0,185.9199981689453,3587.679931640625,0.00019999999494757503,0.0625,1302.485595703125,52.0,0.0,61.0,52.0,15400.0,260.14752197265625,276.2716369628906,285.4088134765625,288.60223388671875,293.017333984375,5679.3662109375,3035.88330078125,1434.5728759765625,720.6417236328125,53.15118408203125,290.4832458496094,88.0,91.71707153320312,555.7094116210938,3560.0,0.0,0.0,5677.9140625,3031.056640625,1429.202880859375,713.0593872070312,48.14306640625,259.83660888671875,275.90826416015625,285.6745910644531,290.1734619140625,294.9113464355469,63.655792236328125,80.0229721069336,78.93144226074219,70.30274200439453,,,,293.9521484375,,100537.5,93385.8359375,,22.31355094909668,51.0,,,88886.0,1496.0,16209.0,39.0,39.0,,40.0,,19.0,,19.0,19.0,295.0,635.0,283.7300109863281,282.739990234375,93.0,0.0,6.0,7.0
2022-05-05T06:57,2022-05-05T07:00,48,holdout_baserate,0,2022,5,6,43,2022-05-03T12:00,49,2022-05-03T06:00,49,2022-05-03T06:00,46,2022-05-03T09:00,48,2022-05-03T06:00,36,2022-05-03T19:00,-999.0,93.0,93.0,0.0,0.0,nan,1343.35009765625,nan,86200.0,nan,8.59912395477295,255.8549346923828,271.637939453125,276.4690246582031,279.38201904296875,283.44775390625,5620.8359375,3020.759765625,1459.616455078125,117.37773895263672,276.1810607910156,98.69999694824219,341.094970703125,2847.919921875,12200.0,0.0,17.040000915527344,20000.087890625,5.0,0.0,66.19999694824219,0.0,24135.322265625,0.0,0.0,253.5399932861328,270.6173095703125,277.3891296386719,282.3008117675781,285.2705383300781,5686.80859375,3099.52099609375,1543.951171875,849.0972900390625,199.5262451171875,286.6612548828125,77.5999984741211,73.19999694824219,302.6029968261719,2244.639892578125,20000.08203125,49.0,0.0,0.0,24100.0,256.1000061035156,272.6000061035156,276.1000061035156,277.3999938964844,281.6000061035156,5614.9609375,3010.647705078125,1441.5697021484375,757.653564453125,116.70077514648438,274.3999938964844,91.69999694824219,91.0,336.1600036621094,2933.60009765625,0.0,0.0625,795.4131469726562,100.0,0.0,0.0,100.0,100.0,255.971923828125,272.4420166015625,275.57586669921875,277.3289794921875,281.52423095703125,5614.33740234375,3012.039794921875,1446.7894287109375,760.7490234375,110.56281280517578,277.267822265625,100.32029724121094,98.35105895996094,422.4389343261719,2610.0,0.0,8.9375,5628.96875,3021.4111328125,1457.254638671875,766.85986328125,123.604248046875,256.3740234375,271.21185302734375,276.15716552734375,279.87554931640625,283.6834411621094,12.937557220458984,78.99031066894531,95.8978271484375,98.17786407470703,,,,278.84979248046875,,101528.25,94078.046875,,9.822941780090332,57.0,,,32.0,32.0,0.0,67.0,67.0,,68.0,,56.0,,56.0,56.0,0.0,179.0,272.97998046875,273.04998779296875,100.0,7.0,13.600000381469727,14.800000190734863
2022-05-16T13:54,2022-05-16T14:00,24,train,0,2022,5,13,26,2022-05-15T12:00,26,2022-05-15T12:00,26,2022-05-15T12:00,23,2022-05-15T15:00,21,2022-05-15T18:00,24,2022-05-15T14:00,-999.0,18.0,18.0,0.0,80.0,nan,2019.223876953125,nan,26400.0,nan,2.758415937423706,259.9703369140625,274.9378662109375,285.5052795410156,290.7649841308594,295.2540283203125,5683.1396484375,3042.233642578125,1445.5841064453125,61.139625549316406,288.0552062988281,84.0999984741211,813.0892944335938,3336.20654296875,17600.0,0.0,19.06999969482422,16164.6630859375,6.099999904632568,79.19999694824219,100.0,0.0,24135.048828125,0.0,0.0,259.734130859375,274.4226379394531,286.35504150390625,293.25506591796875,300.1262512207031,5786.46728515625,3144.841064453125,1552.172607421875,832.1085815429688,152.6322479248047,300.71142578125,32.20000076293945,41.70000076293945,2493.7041015625,3455.0400390625,20000.0078125,46.0,0.0,5.0,0.0,260.3999938964844,276.70001220703125,285.6000061035156,288.29998779296875,292.6000061035156,5688.31884765625,3037.56005859375,1433.7921142578125,721.224609375,53.7447509765625,286.07000732421875,98.69999694824219,100.0,264.0,3680.9599609375,0.0,0.25,1034.98486328125,97.0,0.0,1.0,97.0,14600.0,259.51031494140625,276.06549072265625,284.06298828125,289.1482238769531,293.7425842285156,5674.6044921875,3032.9560546875,1433.9810791015625,720.9296875,52.5340576171875,289.67474365234375,89.72154998779297,90.40530395507812,735.47509765625,3530.0,0.0,9.8125,5678.44921875,3033.426513671875,1430.989013671875,715.2847900390625,50.149169921875,259.75152587890625,276.1632995605469,285.2405090332031,290.358642578125,295.0304260253906,48.188663482666016,81.90547180175781,76.8955078125,68.52471160888672,,,,293.484130859375,,100566.375,93408.75,,20.408491134643555,52.0,,,88888.0,1896.0,256.0,35.0,35.0,,38.0,,45.0,,52.0,54.0,305.0,840.0,284.89996337890625,282.0099792480469,83.0,1.0,6.400000095367432,7.0
2022-05-16T13:54,2022-05-16T14:00,48,train,0,2022,5,13,44,2022-05-14T18:00,50,2022-05-14T12:00,50,2022-05-14T12:00,47,2022-05-14T15:00,45,2022-05-14T18:00,36,2022-05-15T02:00,-999.0,0.0,3.0,0.0,100.0,nan,1553.04638671875,nan,28300.0,nan,3.687391996383667,259.4299011230469,275.0653076171875,285.1156005859375,289.895263671875,294.3315734863281,5679.70068359375,3040.447509765625,1443.3028564453125,61.582515716552734,287.78155517578125,83.69999694824219,631.5277099609375,3403.840087890625,17800.0,0.0,19.760000228881836,19999.921875,4.900000095367432,0.0,59.79999923706055,0.0,24134.78515625,0.0,0.0,260.0299987792969,272.99493408203125,287.8885192871094,294.9570617675781,302.1680908203125,5792.57080078125,3153.367431640625,1555.745849609375,832.1712646484375,148.94894409179688,303.67449951171875,22.899999618530273,32.099998474121094,3113.070556640625,3133.43994140625,1196.9854736328125,54.0,0.0,2.0,0.0,259.8999938964844,276.20001220703125,284.20001220703125,287.8999938964844,292.20001220703125,5677.25341796875,3032.073486328125,1431.885009765625,720.3535766601562,55.34809112548828,285.80999755859375,98.5,100.0,223.36000061035156,3544.159912109375,0.0,0.75,1443.827880859375,89.0,100.0,100.0,89.0,17300.0,259.8429260253906,276.1980895996094,283.7340087890625,289.1397399902344,293.775146484375,5674.01953125,3028.788330078125,1429.235107421875,716.9056396484375,48.64452362060547,290.18572998046875,83.83851623535156,86.45967102050781,841.86669921875,3610.0,0.0,8.1875,5676.8359375,3032.867431640625,1429.73681640625,713.2939453125,47.88525390625,259.493896484375,276.10980224609375,285.1380615234375,290.83306884765625,295.38934326171875,50.497745513916016,82.37432861328125,72.37044525146484,65.76302337646484,,,,294.1863708496094,,100535.4375,93383.96875,,19.50771141052246,52.0,,,88888.0,104.0,256.0,39.0,43.0,,48.0,,41.0,,46.0,49.0,382.0,711.0,283.5099792480469,282.15997314453125,93.0,7.0,7.599999904632568,8.5
2022-05-28T06:55,2022-05-28T07:00,1,holdout_baserate,0,2022,5,6,1,2022-05-28T06:00,1,2022-05-28T06:00,1,2022-05-28T06:00,1,2022-05-28T06:00,0,2022-05-28T06:00,1,2022-05-28T06:00,-999.0,30.0,30.0,0.0,0.0,1589.8519287109375,1344.816650390625,nan,85600.0,nan,10.948148727416992,261.8023681640625,277.73162841796875,285.38592529296875,289.9063720703125,294.3006896972656,5682.87646484375,3020.205810546875,1412.3819580078125,25.88701820373535,285.2398376464844,94.80000305175781,354.82952880859375,4078.9599609375,12200.0,0.0,0.0,17579.080078125,0.0,40.900001525878906,100.0,0.0,24134.857421875,0.0,0.0,260.0047912597656,277.1368103027344,285.48797607421875,286.26806640625,288.330322265625,5781.3359375,3135.87158203125,1530.3837890625,819.87939453125,163.1582489013672,289.3365783691406,71.4000015258789,68.69999694824219,376.3124694824219,3701.1201171875,19999.95703125,24.0,4.0,1.0,100.0,262.70001220703125,278.29998779296875,284.6000061035156,289.1000061035156,293.3999938964844,5689.89990234375,3017.74267578125,1411.927978515625,697.67138671875,29.08579444885254,285.8999938964844,99.9000015258789,100.0,976.719970703125,3973.760009765625,0.0013000000035390258,1.625,nan,81.0,46.0,2.0,77.0,15100.0,261.7678527832031,277.60833740234375,284.6071472167969,289.57745361328125,294.0584716796875,5689.1650390625,3026.828369140625,1420.526611328125,706.1299438476562,35.389747619628906,288.6635437011719,87.23601531982422,87.56181335449219,548.680419921875,3920.0,0.0,0.0,5690.60546875,3021.9765625,1413.25048828125,697.4832153320312,34.166015625,262.59674072265625,278.118896484375,285.3409423828125,289.50390625,293.66485595703125,45.879913330078125,97.62384796142578,94.8659896850586,95.91120910644531,,,,289.23944091796875,,100378.125,93217.3359375,,24.82833480834961,79.0,,,0.0,0.0,256.0,100.0,100.0,,100.0,,78.0,,78.0,78.0,84.0,362.0,283.3399963378906,283.16998291015625,100.0,17.0,16.399999618530273,18.899999618530273
2022-05-28T06:55,2022-05-28T07:00,24,holdout_baserate,0,2022,5,6,25,2022-05-27T06:00,25,2022-05-27T06:00,25,2022-05-27T06:00,22,2022-05-27T09:00,24,2022-05-27T06:00,24,2022-05-27T07:00,-999.0,100.0,100.0,50.0,72.0,1345.027099609375,1344.885009765625,32400.0,85800.0,10998.6708984375,10.064542770385742,261.57562255859375,277.24615478515625,285.92742919921875,289.9774169921875,294.30145263671875,5689.873046875,3030.934814453125,1423.15283203125,35.243778228759766,286.0533142089844,99.5,369.0127868652344,3883.199951171875,100.0,0.0,9.020000457763672,8761.404296875,0.0,5.5,100.0,0.0,24134.912109375,0.0,0.0,259.29827880859375,277.118408203125,284.55670166015625,286.21893310546875,288.868408203125,5779.42822265625,3131.566162109375,1529.173828125,819.72802734375,162.0542755126953,289.75848388671875,73.69999694824219,72.80000305175781,386.69964599609375,3771.0400390625,3851.042236328125,37.0,100.0,100.0,24100.0,262.6000061035156,276.79998779296875,284.29998779296875,289.29998779296875,293.6000061035156,5689.501953125,3024.5712890625,1418.6348876953125,704.1373291015625,37.62195587158203,286.19000244140625,96.19999694824219,98.0,347.8399963378906,3694.239990234375,9.999999747378752e-05,3.0,985.8213500976562,100.0,44.0,100.0,100.0,13000.0,261.06536865234375,277.357666015625,285.1304626464844,289.2267150878906,293.5708923339844,5684.203125,3029.37158203125,1421.847900390625,706.81640625,36.491355895996094,288.67413330078125,92.91031646728516,94.56855773925781,490.91082763671875,3710.0,9.999999747378752e-06,10.25,5694.43359375,3033.0185546875,1422.236572265625,704.89404296875,41.42529296875,261.72479248046875,277.5515441894531,286.334228515625,289.5667724609375,293.74603271484375,73.49266815185547,94.31866455078125,95.73558807373047,95.4367904663086,,,,289.8958435058594,,100451.75,93285.4453125,,31.92867660522461,86.0,,,0.0,0.0,256.0,87.0,87.0,,88.0,,54.0,,57.0,62.0,100.0,380.0,283.29998779296875,283.2599792480469,100.0,25.0,15.600000381469727,18.0
2022-06-09T21:49,2022-06-09T22:00,1,holdout_baserate,0,2022,6,21,1,2022-06-09T21:00,4,2022-06-09T18:00,4,2022-06-09T18:00,1,2022-06-09T21:00,3,2022-06-09T18:00,1,2022-06-09T21:00,-999.0,100.0,100.0,0.0,0.0,1344.1715087890625,1344.002197265625,82800.0,85200.0,1730.52001953125,8.425158500671387,258.0361633300781,275.28204345703125,281.0693664550781,284.993408203125,289.3392028808594,5589.23974609375,2957.212890625,1370.7606201171875,3.999521255493164,281.1719665527344,100.0,374.47491455078125,3523.768798828125,0.0,0.0,0.10999999940395355,19999.97265625,0.0,0.0,0.0,0.0,24134.96875,0.0,0.0,265.1440124511719,278.7182922363281,285.2070617675781,286.69598388671875,288.877685546875,5866.10400390625,3178.994384765625,1572.000244140625,862.4536743164062,201.30686950683594,287.55755615234375,81.30000305175781,70.69999694824219,113.34625244140625,4528.31982421875,19999.880859375,48.0,0.0,0.0,8900.0,258.79998779296875,277.20001220703125,280.5,285.20001220703125,289.3999938964844,5592.41357421875,2945.922607421875,1359.05126953125,655.6817626953125,-4.942953109741211,281.9700012207031,96.0999984741211,97.0,298.239990234375,3744.47998046875,0.0,3.5,808.94580078125,100.0,0.0,0.0,100.0,200.0,258.0870361328125,275.8171691894531,280.90972900390625,284.897705078125,289.413818359375,5589.54931640625,2955.3916015625,1368.9405517578125,665.6892700195312,3.2899551391601562,284.1253356933594,100.0,97.3076171875,596.8668212890625,3490.0,3.9999998989515007e-05,0.25,5584.3359375,2946.3466796875,1361.5849609375,656.861572265625,-1.1982421875,258.64013671875,274.36724853515625,281.2451171875,285.928955078125,290.27020263671875,86.07369995117188,101.52156829833984,91.87157440185547,90.81068420410156,,,,286.3710021972656,,99988.8125,92786.0,,22.430492401123047,89.0,,,0.0,0.0,209.0,72.0,87.0,,91.0,,84.0,,92.0,94.0,10.0,343.0,277.4700012207031,277.4900207519531,100.0,18.0,12.800000190734863,15.0
2022-05-28T06:55,2022-05-28T07:00,48,holdout_baserate,0,2022,5,6,43,2022-05-26T12:00,49,2022-05-26T06:00,49,2022-05-26T06:00,46,2022-05-26T09:00,48,2022-05-26T06:00,36,2022-05-26T19:00,-999.0,0.0,5.0,100.0,100.0,nan,1344.716552734375,39600.0,85800.0,nan,10.538312911987305,262.45953369140625,277.515869140625,285.5660400390625,289.9822692871094,294.33599853515625,5694.54052734375,3031.78955078125,1423.41650390625,36.22698211669922,285.22320556640625,91.19999694824219,290.4060974121094,3896.47998046875,13300.0,0.0,1.3799999952316284,19999.865234375,0.0,5.0,53.79999923706055,0.0,24134.884765625,0.0,0.0,259.835205078125,276.8330993652344,284.5545349121094,286.7544860839844,289.09454345703125,5789.015625,3137.088134765625,1535.364990234375,825.7619018554688,167.88528442382812,290.2243957519531,66.9000015258789,55.29999923706055,412.96466064453125,3825.280029296875,1197.3677978515625,24.0,59.0,2.0,0.0,261.3999938964844,277.79998779296875,286.1000061035156,290.5,294.8999938964844,5715.140625,3052.92578125,1440.280029296875,721.9300537109375,52.71639633178711,287.4700012207031,99.9000015258789,100.0,544.1599731445312,3859.360107421875,0.0,0.4375,2083.729248046875,56.0,100.0,100.0,56.0,13100.0,261.83056640625,276.583251953125,284.88543701171875,288.9076843261719,293.2200012207031,5691.27001953125,3034.80712890625,1430.3192138671875,716.2722778320312,46.94172668457031,288.0934143066406,92.71418762207031,93.60540771484375,423.59698486328125,3670.0,0.0,9.0,5691.34375,3029.72314453125,1419.464599609375,699.8731079101562,35.43212890625,262.77447509765625,276.001708984375,287.53271484375,290.29315185546875,294.444580078125,92.6075439453125,83.67549133300781,95.74227905273438,97.7388687133789,,,,289.95745849609375,,100393.75,93236.140625,,33.15547561645508,85.0,,,0.0,0.0,256.0,100.0,100.0,,100.0,,59.0,,63.0,66.0,66.0,295.0,283.1999816894531,282.989990234375,99.0,37.0,14.0,17.299999237060547
2022-06-09T21:49,2022-06-09T22:00,24,holdout_baserate,0,2022,6,21,22,2022-06-09T00:00,22,2022-06-09T00:00,22,2022-06-09T00:00,25,2022-06-08T21:00,21,2022-06-09T00:00,24,2022-06-08T22:00,2789.39990234375,100.0,100.0,100.0,0.0,1344.3358154296875,1344.2684326171875,62700.0,85400.0,4266.83740234375,4.500838279724121,258.1029052734375,274.4980773925781,281.78338623046875,285.7494812011719,290.0157165527344,5592.36474609375,2961.02783203125,1373.691650390625,3.304457664489746,282.0902404785156,99.9000015258789,440.7784118652344,3248.7451171875,100.0,0.0008999999845400453,18.049999237060547,19999.974609375,0.0,0.0,0.0,0.0,24135.142578125,0.0,0.0,265.19647216796875,278.70147705078125,285.0947265625,287.3863525390625,288.6845397949219,5865.98046875,3177.185302734375,1570.76513671875,859.6961059570312,198.48097229003906,287.43182373046875,81.5,66.9000015258789,130.1103057861328,4501.919921875,1629.4139404296875,62.0,0.0,0.0,17100.0,259.3999938964844,274.5,278.79998779296875,283.3999938964844,287.6000061035156,5577.58935546875,2935.555419921875,1354.8355712890625,656.3787231445312,4.491398334503174,280.1300048828125,92.69999694824219,93.0,577.5999755859375,3537.919921875,0.0,1.4375,998.560791015625,99.0,7.0,0.0,90.0,9900.0,259.1079406738281,275.42205810546875,280.4032897949219,284.5038757324219,288.9461975097656,5613.7333984375,2973.59033203125,1384.3740234375,682.8502807617188,21.01769256591797,284.24554443359375,94.04336547851562,94.5856704711914,504.7660827636719,3420.0,1.9999999494757503e-05,14.5,5591.953125,2947.225341796875,1353.705810546875,645.1824951171875,-14.377197265625,259.20404052734375,275.5284423828125,282.84930419921875,286.81280517578125,291.1446228027344,79.02792358398438,97.44711303710938,95.90055847167969,94.18772888183594,,,,287.4991455078125,,99829.0,92672.3046875,,23.312326431274414,84.0,,,30.0,32.0,256.0,71.0,80.0,,80.0,,58.0,,75.0,90.0,38.0,388.0,278.7400207519531,278.8899841308594,100.0,39.0,12.399999618530273,15.300000190734863
2022-06-09T21:49,2022-06-09T22:00,48,holdout_baserate,0,2022,6,21,46,2022-06-08T00:00,46,2022-06-08T00:00,46,2022-06-08T00:00,49,2022-06-07T21:00,45,2022-06-08T00:00,36,2022-06-08T10:00,-999.0,100.0,100.0,0.0,0.0,1344.132080078125,1344.0579833984375,76100.0,85700.0,2556.052001953125,2.3021767139434814,259.12188720703125,273.0928955078125,280.32958984375,284.6833190917969,288.9833068847656,5620.4970703125,2986.171630859375,1409.295166015625,46.5677490234375,281.0218200683594,100.0,401.89361572265625,2984.225830078125,0.0,0.0,41.7599983215332,20000.037109375,0.0,0.0,0.0,0.0,24135.21484375,0.0,0.0,265.5406799316406,278.7994079589844,284.848876953125,286.6331787109375,288.97650146484375,5862.935546875,3179.21826171875,1573.0218505859375,863.5811157226562,202.5673065185547,287.6646728515625,83.5999984741211,71.5999984741211,109.7410659790039,4278.080078125,19999.90234375,46.0,0.0,0.0,0.0,261.20001220703125,277.6000061035156,284.79998779296875,287.1000061035156,291.3999938964844,5615.056640625,2946.770263671875,1336.558837890625,626.7659912109375,-30.636695861816406,283.2200012207031,99.69999694824219,100.0,1087.52001953125,4047.52001953125,0.0,0.5625,1504.679931640625,87.0,76.0,43.0,48.0,11800.0,260.1123046875,272.65234375,280.6514892578125,285.31591796875,289.8818664550781,5644.9013671875,3012.3115234375,1435.903076171875,732.7388916015625,72.03858184814453,285.9106140136719,90.0,93.04097747802734,614.9520263671875,2860.0,9.999999747378752e-06,19.3125,5617.21875,2968.687255859375,1364.44091796875,656.1954345703125,-1.91064453125,259.1210021972656,276.6958923339844,284.06219482421875,286.01312255859375,290.2936096191406,61.743560791015625,97.07232666015625,97.75040435791016,95.7570571899414,,,,286.8538818359375,,99987.4375,92800.8515625,,22.0335636138916,86.0,,,32.0,32.0,384.0,77.0,81.0,,83.0,,46.0,,55.0,60.0,10.0,367.0,278.40997314453125,278.5199890136719,100.0,41.0,10.399999618530273,12.199999809265137
2022-06-23T09:57,2022-06-23T10:00,1,holdout_baserate,0,2022,6,9,1,2022-06-23T09:00,4,2022-06-23T06:00,4,2022-06-23T06:00,1,2022-06-23T09:00,3,2022-06-23T06:00,1,2022-06-23T09:00,-999.0,0.0,12.0,0.0,0.0,nan,1344.2589111328125,nan,86600.0,nan,9.549418449401855,264.889892578125,278.88238525390625,282.17083740234375,284.5206298828125,288.5838928222656,5771.0732421875,3089.263671875,1493.8153076171875,121.12246704101562,280.8948059082031,92.5999984741211,263.6214294433594,4285.349609375,12900.0,0.0,0.0,4136.80224609375,2.200000047683716,99.4000015258789,0.0,3.299999952316284,24134.984375,0.0,0.9375,256.63555908203125,274.11328125,286.6781921386719,289.02239990234375,295.9404296875,5689.27490234375,3076.64306640625,1478.495361328125,763.5283813476562,92.5570297241211,298.7096862792969,54.5,85.9000015258789,982.5361938476562,3204.0,1197.05078125,59.0,0.0,23.0,0.0,265.3999938964844,280.20001220703125,279.79998779296875,283.5,287.70001220703125,5783.70947265625,3098.080322265625,1496.7999267578125,797.5964965820312,144.9205780029297,281.0199890136719,99.69999694824219,100.0,388.7200012207031,4402.240234375,0.00019999999494757503,0.375,896.558349609375,56.0,0.0,12.0,56.0,6800.0,264.8365783691406,279.7833557128906,280.4792175292969,283.31622314453125,287.06304931640625,5779.12744140625,3092.980712890625,1493.9312744140625,793.924072265625,128.6192626953125,282.59869384765625,94.21624755859375,95.26707458496094,417.0187072753906,4420.0,0.0,0.0,5783.07421875,3093.305908203125,1494.174560546875,793.464111328125,143.14111328125,265.1439208984375,280.0517883300781,281.3487548828125,282.53729248046875,286.65576171875,2.3759593963623047,74.45307159423828,100.01426696777344,98.94468688964844,,,,283.19140625,,101695.4375,94310.5,,11.081464767456055,69.0,,,0.0,0.0,209.0,48.0,52.0,,57.0,,74.0,,74.0,74.0,1.0,237.0,277.78997802734375,277.54998779296875,100.0,6.0,14.0,15.600000381469727
2022-06-23T09:57,2022-06-23T10:00,24,holdout_baserate,0,2022,6,9,22,2022-06-22T12:00,22,2022-06-22T12:00,22,2022-06-22T12:00,25,2022-06-22T09:00,21,2022-06-22T12:00,24,2022-06-22T10:00,-999.0,0.0,100.0,0.0,95.0,1344.0810546875,1343.922119140625,85300.0,86600.0,1583.5296630859375,9.767823219299316,265.3870544433594,278.85272216796875,280.9102783203125,283.4835205078125,287.503173828125,5778.9072265625,3093.103515625,1497.666748046875,129.232177734375,280.19183349609375,99.0999984741211,303.74957275390625,4321.9111328125,200.0,0.0,0.0,2831.5693359375,90.30000305175781,85.30000305175781,0.0,0.0,24135.0078125,0.0,0.75,256.4681396484375,272.9496765136719,286.74725341796875,289.0401306152344,295.97955322265625,5694.77734375,3082.1328125,1486.5013427734375,770.2159423828125,99.19425201416016,298.3023376464844,55.900001525878906,85.69999694824219,874.5867919921875,3038.239990234375,19999.8046875,47.0,0.0,0.0,0.0,263.70001220703125,280.70001220703125,281.0,283.1000061035156,287.3999938964844,5773.107421875,3091.91943359375,1488.7366943359375,789.9423828125,142.16934204101562,280.5500183105469,99.69999694824219,100.0,344.239990234375,4330.56005859375,9.999999747378752e-05,0.1875,5890.796875,56.0,0.0,1.0,56.0,7200.0,264.87896728515625,280.21331787109375,281.8994445800781,282.67071533203125,286.4090270996094,5778.8427734375,3091.949462890625,1492.97119140625,792.4189453125,127.7785415649414,281.8485107421875,92.7916259765625,93.80210876464844,303.9302673339844,4360.0,0.0,0.0,5786.3046875,3093.6513671875,1494.86865234375,792.78271484375,143.6689453125,265.42047119140625,279.99493408203125,281.38165283203125,282.54791259765625,286.09552001953125,7.799412727355957,75.0071029663086,90.90568542480469,97.62621307373047,,,,281.82879638671875,,101697.625,94305.4375,,9.854390144348145,65.0,,,0.0,0.0,256.0,75.0,75.0,,75.0,,52.0,,52.0,52.0,2.0,262.0,277.41998291015625,277.239990234375,100.0,3.0,13.600000381469727,15.699999809265137
2022-07-07T18:54,2022-07-07T19:00,1,holdout_baserate,0,2022,7,18,1,2022-07-07T18:00,1,2022-07-07T18:00,1,2022-07-07T18:00,1,2022-07-07T18:00,0,2022-07-07T18:00,1,2022-07-07T18:00,-999.0,0.0,0.0,0.0,0.0,nan,2111.503173828125,nan,79100.0,nan,4.018092155456543,262.9864196777344,275.60430908203125,283.92913818359375,290.57733154296875,295.2643127441406,5757.951171875,3098.32275390625,1513.040283203125,128.77752685546875,287.1537170410156,62.79999923706055,776.8367919921875,3916.0,29300.0,0.0,0.0,20000.142578125,0.0,0.0,0.0,0.0,24134.771484375,0.0,0.0,265.0317077636719,279.5708312988281,285.2734069824219,292.02874755859375,297.870361328125,5908.32470703125,3222.49755859375,1613.9613037109375,896.5613403320312,220.07186889648438,296.9610900878906,46.5,47.900001525878906,265.3374328613281,4442.72021484375,20000.046875,29.0,0.0,0.0,24100.0,263.0,274.3999938964844,285.8999938964844,291.5,295.8999938964844,5765.67333984375,3104.564697265625,1517.5462646484375,799.9190063476562,126.20198822021484,289.8399963378906,47.900001525878906,47.0,1771.6800537109375,3943.52001953125,0.0,0.0,nan,14.0,0.0,0.0,14.0,41300.0,263.1138000488281,275.7450866699219,283.6597900390625,290.6286315917969,295.726806640625,5761.58203125,3102.589599609375,1519.3671875,806.452392578125,135.32168579101562,291.7574157714844,48.0,44.44890594482422,1478.7879638671875,3840.0,0.0,0.0,5760.84375,3097.965576171875,1516.480224609375,801.7337036132812,134.191650390625,263.09307861328125,275.83563232421875,284.39898681640625,291.41357421875,296.2176513671875,15.247000694274902,51.3980712890625,36.95651626586914,33.8033561706543,,,,293.72247314453125,,101590.3125,94360.5234375,,13.110103607177734,18.0,,,88886.0,1696.0,16274.0,0.0,13.0,,65.0,,2.0,,2.0,2.0,14.0,1437.0,283.2099914550781,277.2900085449219,67.0,1.0,6.5,8.0
2022-06-23T09:57,2022-06-23T10:00,48,holdout_baserate,0,2022,6,9,46,2022-06-21T12:00,46,2022-06-21T12:00,46,2022-06-21T12:00,49,2022-06-21T09:00,45,2022-06-21T12:00,36,2022-06-21T22:00,-999.0,100.0,100.0,0.0,0.0,1344.1370849609375,1344.0035400390625,82600.0,86600.0,1904.715576171875,9.10476016998291,262.2701416015625,277.2937927246094,279.9678955078125,283.58905029296875,287.66009521484375,5738.8232421875,3075.87646484375,1490.3031005859375,124.7311019897461,280.46490478515625,100.0,397.4373779296875,3977.106689453125,0.0,0.0,0.009999999776482582,3772.76171875,24.799999237060547,81.0,0.0,3.9000000953674316,24135.216796875,0.0,0.1875,257.0055847167969,274.302490234375,288.1679992675781,290.27252197265625,296.9404602050781,5700.86474609375,3087.9140625,1485.92236328125,766.2694702148438,92.4938735961914,298.25018310546875,56.5,80.5,844.408447265625,3233.919921875,1196.935302734375,61.0,0.0,0.0,100.0,261.79998779296875,278.29998779296875,280.6000061035156,284.29998779296875,288.6000061035156,5732.81494140625,3065.349609375,1474.472900390625,772.726806640625,118.14478302001953,281.6300048828125,99.80000305175781,100.0,435.0400085449219,4212.16015625,0.0,1.4375,896.7943725585938,54.0,0.0,0.0,54.0,7300.0,263.04522705078125,278.44232177734375,280.3897399902344,283.8259582519531,287.62530517578125,5750.39208984375,3079.76953125,1492.165771484375,791.1449584960938,127.24002075195312,283.148193359375,92.13047790527344,94.43809509277344,413.2889709472656,4190.0,0.0,1.0,5764.71875,3082.526123046875,1488.999755859375,785.9287109375,136.486083984375,263.92266845703125,278.6612243652344,282.17236328125,282.59649658203125,286.31951904296875,7.698094367980957,71.8313217163086,98.21707153320312,99.01403045654297,,,,282.721923828125,,101611.5,94229.953125,,12.284334182739258,54.0,,,88888.0,176.0,256.0,70.0,73.0,,73.0,,49.0,,49.0,49.0,3.0,322.0,277.0299987792969,277.1399841308594,100.0,4.0,13.600000381469727,15.699999809265137
2022-07-07T18:54,2022-07-07T19:00,24,holdout_baserate,0,2022,7,18,25,2022-07-06T18:00,25,2022-07-06T18:00,25,2022-07-06T18:00,22,2022-07-06T21:00,24,2022-07-06T18:00,24,2022-07-06T19:00,-999.0,0.0,2.0,0.0,3.0,nan,nan,nan,nan,nan,3.016202926635742,262.93701171875,273.4066162109375,283.579833984375,290.2790222167969,294.939697265625,5760.232421875,3102.132080078125,1523.75537109375,144.119140625,287.0369873046875,62.70000076293945,1093.8211669921875,3905.653076171875,29400.0,0.0,0.0,20000.015625,0.0,0.0,0.0,0.0,24134.765625,0.0,0.0,265.4526672363281,279.8770751953125,286.5472106933594,293.41717529296875,299.1494445800781,5916.87646484375,3226.70166015625,1615.7325439453125,894.89501953125,215.28936767578125,297.8999938964844,44.400001525878906,44.900001525878906,265.79998779296875,4529.43994140625,20000.0625,19.0,0.0,0.0,24100.0,262.29998779296875,276.70001220703125,284.5,290.29998779296875,294.6000061035156,5761.73388671875,3099.185546875,1513.9542236328125,799.8194580078125,130.76007080078125,289.7799987792969,43.400001525878906,44.0,1386.8800048828125,4040.9599609375,0.0,0.0,nan,17.0,0.0,0.0,14.0,27700.0,261.619873046875,272.359375,283.3320617675781,289.8898620605469,294.88446044921875,5756.818359375,3104.996826171875,1523.884521484375,811.7066040039062,144.9840850830078,291.1930236816406,65.61970520019531,62.38475799560547,1179.08837890625,2900.0,0.0,0.0,5760.453125,3099.0361328125,1516.895263671875,802.6177368164062,135.399658203125,262.464599609375,275.3499755859375,284.22174072265625,291.2027587890625,295.9676513671875,25.191944122314453,56.00346374511719,40.02272415161133,36.9836311340332,,,,294.9349365234375,,101559.875,94342.8125,,14.131897926330566,42.0,,,88888.0,1384.0,457.0,38.0,48.0,,74.0,,49.0,,53.0,53.0,38.0,1408.0,282.90997314453125,278.260009765625,74.0,4.0,6.900000095367432,7.699999809265137
2022-07-07T18:54,2022-07-07T19:00,48,holdout_baserate,0,2022,7,18,43,2022-07-06T00:00,49,2022-07-05T18:00,49,2022-07-05T18:00,46,2022-07-05T21:00,48,2022-07-05T18:00,36,2022-07-06T07:00,-999.0,2.0,12.0,0.0,0.0,nan,2280.15869140625,nan,77500.0,nan,3.6675329208374023,262.31439208984375,271.9403076171875,283.729248046875,290.2474060058594,294.8909912109375,5748.900390625,3099.36376953125,1519.18896484375,142.16925048828125,287.1822204589844,73.80000305175781,1126.2998046875,2975.580078125,22500.0,0.0,38.86000061035156,20000.078125,0.0,0.0,0.0,0.0,24134.984375,0.0,0.0,264.98114013671875,279.84332275390625,286.3851318359375,293.11865234375,298.90252685546875,5907.4013671875,3222.51025390625,1612.589599609375,891.8637084960938,212.7470245361328,298.56854248046875,45.29999923706055,52.0,468.3856201171875,4404.31982421875,20000.09765625,30.0,0.0,0.0,24100.0,263.0,277.79998779296875,283.3999938964844,289.0,293.29998779296875,5756.14013671875,3093.42724609375,1505.373046875,792.8045654296875,120.1360092163086,287.7900085449219,74.30000305175781,79.0,792.7999877929688,3929.280029296875,0.0,0.0,nan,25.0,0.0,81.0,22.0,34505.7890625,261.630615234375,271.9668273925781,282.8219909667969,289.676513671875,294.6875,5748.287109375,3099.43212890625,1524.698486328125,813.8308715820312,148.24827575683594,290.9005126953125,55.82307052612305,52.87482452392578,1603.805908203125,2740.0,0.0,14.375,5764.6953125,3097.77978515625,1515.70458984375,802.676513671875,136.049072265625,263.13232421875,276.56854248046875,283.6499938964844,290.617919921875,295.32281494140625,9.099900245666504,63.03702926635742,44.150203704833984,41.09756851196289,,,,293.56494140625,,101585.0625,94359.2734375,,15.933025360107422,28.0,,,88886.0,1264.0,384.0,26.0,38.0,,68.0,,39.0,,41.0,42.0,45.0,1457.0,283.02001953125,278.1000061035156,71.0,1.0,6.800000190734863,7.5
2022-07-22T21:54,2022-07-22T22:00,1,holdout_baserate,0,2022,7,21,1,2022-07-22T21:00,4,2022-07-22T18:00,4,2022-07-22T18:00,1,2022-07-22T21:00,3,2022-07-22T18:00,1,2022-07-22T21:00,-999.0,0.0,0.0,0.0,0.0,nan,nan,nan,nan,nan,5.092180252075195,262.426025390625,278.9970703125,290.2637939453125,296.7735900878906,301.3782653808594,5780.32421875,3108.85791015625,1491.4278564453125,81.92159271240234,291.5840759277344,60.5,1012.421142578125,4301.01708984375,31100.0,0.0,0.0,885.6254272460938,100.0,4.699999809265137,4.900000095367432,5.900000095367432,24134.84765625,0.0,0.0,263.650146484375,281.37152099609375,288.4215087890625,285.7115173339844,291.3887023925781,5873.9013671875,3190.41259765625,1562.1209716796875,849.0484008789062,186.60540771484375,291.30792236328125,75.0,97.4000015258789,469.39605712890625,4356.0,20000.029296875,2.0,3.0,0.0,24100.0,263.0,279.20001220703125,289.0,293.29998779296875,297.70001220703125,5788.732421875,3111.253662109375,1492.495361328125,767.95166015625,84.99297332763672,291.6099853515625,72.80000305175781,75.0,269.9200134277344,4351.0634765625,0.0,0.0625,nan,18.0,0.0,0.0,18.0,35600.0,262.69927978515625,277.07073974609375,291.2964782714844,298.10498046875,302.8286437988281,5785.18359375,3115.85595703125,1497.360107421875,764.2216796875,83.8036117553711,296.9263916015625,55.055908203125,44.82676315307617,2174.572021484375,4280.0,0.0,0.0,5787.83984375,3110.318603515625,1492.50048828125,761.4066162109375,84.9404296875,263.17498779296875,279.3415832519531,290.503173828125,297.644775390625,302.3122253417969,28.44180679321289,53.33308029174805,38.48490524291992,36.793460845947266,,,,299.02398681640625,,100998.625,93888.84375,,18.864465713500977,24.0,,,88886.0,856.0,402.0,10.0,16.0,,39.0,,24.0,,24.0,24.0,428.0,801.0,286.9599914550781,283.1099853515625,79.0,3.0,10.600000381469727,11.699999809265137
2022-07-22T21:54,2022-07-22T22:00,24,holdout_baserate,0,2022,7,21,22,2022-07-22T00:00,22,2022-07-22T00:00,22,2022-07-22T00:00,25,2022-07-21T21:00,21,2022-07-22T00:00,24,2022-07-21T22:00,-999.0,0.0,0.0,0.0,0.0,nan,nan,nan,nan,nan,4.408458709716797,262.55908203125,277.93597412109375,290.47076416015625,296.8571472167969,301.5158386230469,5785.54541015625,3118.208984375,1502.7822265625,94.81470489501953,291.471923828125,54.20000076293945,1210.5643310546875,4279.15283203125,36000.0,0.0,0.0,20000.0,0.0,64.0999984741211,99.5999984741211,10.100000381469727,24134.822265625,0.0,0.0,263.7251281738281,281.637451171875,289.152587890625,287.033447265625,291.7643127441406,5879.24951171875,3192.5615234375,1561.02490234375,845.4927978515625,181.49081420898438,291.93572998046875,79.80000305175781,89.5,530.5665893554688,4410.8798828125,20000.03515625,31.0,27.0,0.0,24100.0,263.20001220703125,278.8999938964844,288.8999938964844,291.8999938964844,296.20001220703125,5789.9775390625,3110.727783203125,1489.7855224609375,767.4151000976562,86.65436553955078,289.3900146484375,93.19999694824219,93.0,228.16000366210938,4431.52001953125,0.0,0.9375,nan,23.0,0.0,0.0,23.0,36500.0,262.2174377441406,276.6475830078125,290.19439697265625,296.9878845214844,301.8336486816406,5778.46826171875,3117.98388671875,1503.866455078125,773.5831909179688,94.14586639404297,296.0562744140625,54.0,46.380332946777344,2037.0819091796875,4020.0,0.0,1.8125,5788.015625,3111.732666015625,1493.52685546875,761.7327880859375,85.0068359375,263.40545654296875,279.11944580078125,290.72686767578125,297.8255615234375,302.4583740234375,27.450820922851562,52.307037353515625,37.76771926879883,37.510643005371094,,,,299.0015563964844,,101006.0625,93902.109375,,18.742948532104492,11.0,,,88888.0,2032.0,256.0,41.0,53.0,,63.0,,51.0,,51.0,51.0,117.0,1173.0,287.6600036621094,282.17999267578125,71.0,0.0,10.5,11.5
2022-08-05T09:51,2022-08-05T10:00,1,holdout_baserate,0,2022,8,9,1,2022-08-05T09:00,4,2022-08-05T06:00,4,2022-08-05T06:00,1,2022-08-05T09:00,3,2022-08-05T06:00,1,2022-08-05T09:00,-999.0,0.0,0.0,26.0,61.0,nan,1345.451416015625,nan,87000.0,nan,6.680716514587402,264.7449951171875,280.3455810546875,290.21282958984375,293.5201721191406,297.70697021484375,5864.4375,3177.43017578125,1547.522705078125,140.66273498535156,289.2544250488281,83.0999984741211,149.87814331054688,4297.44580078125,16600.0,0.0,0.0,20000.0078125,0.0,5.0,51.29999923706055,6.300000190734863,24135.302734375,0.0,0.0,260.5355224609375,281.9110107421875,289.0328369140625,291.9228210449219,299.1628112792969,5851.98486328125,3184.87255859375,1550.97314453125,830.4651489257812,152.45431518554688,300.81829833984375,47.400001525878906,73.0999984741211,1199.972412109375,4172.0,20000.197265625,36.0,9.0,5.0,0.0,265.3999938964844,281.1000061035156,289.8999938964844,292.0,296.29998779296875,5870.4404296875,3178.1083984375,1547.533447265625,824.0571899414062,148.906005859375,289.70001220703125,100.0,100.0,271.3599853515625,4441.27978515625,9.999999747378752e-05,0.9375,780.8543701171875,71.0,52.0,100.0,71.0,9400.0,265.12152099609375,280.54351806640625,289.0462951660156,292.49560546875,295.9853515625,5870.7021484375,3181.10107421875,1554.1767578125,828.8795776367188,149.3516387939453,290.53594970703125,92.59986877441406,90.95795440673828,98.34246063232422,4410.0,0.0,0.0,5870.55078125,3181.817626953125,1550.93310546875,822.774658203125,150.67041015625,264.026123046875,280.393798828125,290.27020263671875,293.830322265625,298.1065368652344,86.47689819335938,69.95928192138672,82.1021957397461,90.11576080322266,,,,291.48046875,,101786.9375,94584.390625,,38.1932373046875,92.0,,,32.0,32.0,465.0,20.0,27.0,,52.0,,30.0,,30.0,30.0,367.0,123.0,286.03997802734375,286.0099792480469,100.0,6.0,8.399999618530273,8.399999618530273
2022-07-22T21:54,2022-07-22T22:00,48,holdout_baserate,0,2022,7,21,46,2022-07-21T00:00,46,2022-07-21T00:00,46,2022-07-21T00:00,49,2022-07-20T21:00,45,2022-07-21T00:00,36,2022-07-21T10:00,-999.0,0.0,0.0,0.0,0.0,nan,nan,nan,nan,nan,5.121574878692627,262.47662353515625,277.2178955078125,289.9456481933594,296.3628845214844,301.01593017578125,5777.8525390625,3116.14794921875,1502.229248046875,96.37374114990234,291.1032409667969,58.400001525878906,1165.7630615234375,4106.615234375,32600.0,0.0,13.619999885559082,20000.083984375,0.0,0.0,17.5,1.399999976158142,24135.365234375,0.0,0.0,263.9237976074219,282.07135009765625,289.2016906738281,286.79486083984375,290.9203796386719,5879.2841796875,3192.91748046875,1560.262451171875,843.8760986328125,180.07640075683594,290.57318115234375,81.5999984741211,89.4000015258789,321.9902648925781,4426.72021484375,19999.98828125,3.0,0.0,0.0,24100.0,263.3999938964844,280.1000061035156,288.3999938964844,293.29998779296875,297.70001220703125,5789.02685546875,3107.7392578125,1489.4810791015625,764.4782104492188,79.12799072265625,291.5899963378906,81.0,85.0,448.79998779296875,4409.919921875,0.0,0.0625,nan,0.0,0.0,0.0,0.0,39300.0,262.43109130859375,277.64263916015625,288.1424560546875,294.96728515625,299.7809143066406,5775.53466796875,3106.873046875,1501.0474853515625,776.542724609375,98.55458068847656,294.13677978515625,50.23795700073242,42.13593292236328,1488.231689453125,4230.0,0.0,10.8125,5784.74609375,3109.08544921875,1489.580322265625,756.9071655273438,79.744140625,263.09942626953125,279.4364013671875,291.1153564453125,298.19696044921875,302.81353759765625,17.000940322875977,50.554527282714844,37.39970016479492,37.27464294433594,,,,299.54864501953125,,100931.125,93834.859375,,18.14405059814453,7.0,,,88886.0,904.0,384.0,33.0,45.0,,63.0,,41.0,,41.0,41.0,106.0,1118.0,287.1300048828125,282.1100158691406,71.0,0.0,10.5,12.100000381469727
2022-08-05T09:51,2022-08-05T10:00,24,holdout_baserate,0,2022,8,9,22,2022-08-04T12:00,22,2022-08-04T12:00,22,2022-08-04T12:00,25,2022-08-04T09:00,21,2022-08-04T12:00,24,2022-08-04T10:00,-999.0,0.0,3.0,0.0,100.0,11103.720703125,1345.413330078125,nan,87100.0,12354.8203125,6.696016311645508,264.6590576171875,280.3981018066406,289.26531982421875,292.7318420410156,297.02569580078125,5873.02392578125,3186.2734375,1557.982177734375,153.24169921875,288.77545166015625,89.5999984741211,186.8418731689453,4417.3720703125,13800.0,0.0,3.940000057220459,20000.046875,0.0,3.299999952316284,5.0,2.700000047683716,24135.279296875,0.0,0.0,260.4590148925781,282.2236022949219,289.1867980957031,290.6844787597656,297.777587890625,5856.84521484375,3186.687744140625,1552.08056640625,832.2333984375,157.36578369140625,299.82000732421875,49.599998474121094,77.0,1035.3179931640625,4207.2001953125,1197.6904296875,22.0,62.0,91.0,0.0,265.3999938964844,281.6000061035156,291.79998779296875,295.1000061035156,299.5,5874.49853515625,3183.430908203125,1549.00634765625,817.572265625,141.88970947265625,290.1600036621094,100.0,80.0,74.4000015258789,4392.16015625,0.0,0.125,797.9179077148438,100.0,17.0,87.0,100.0,100.0,265.2552490234375,280.2506408691406,288.7063903808594,291.9216003417969,296.099853515625,5877.896484375,3185.8056640625,1559.67138671875,835.9304809570312,157.31375122070312,291.83612060546875,99.21517944335938,96.74618530273438,484.3914489746094,4520.0,9.999999747378752e-06,4.0,5875.63671875,3186.950439453125,1554.1279296875,825.13330078125,153.024658203125,263.642578125,280.9171142578125,290.8099365234375,294.11419677734375,298.306640625,73.19408416748047,66.42671966552734,81.06431579589844,92.84172058105469,,,,292.46490478515625,,101816.8125,94612.84375,,38.12824249267578,93.0,,,32.0,32.0,256.0,44.0,45.0,,55.0,,68.0,,74.0,76.0,418.0,143.0,286.47998046875,286.5099792480469,100.0,6.0,10.0,10.399999618530273
2022-08-05T09:51,2022-08-05T10:00,48,holdout_baserate,0,2022,8,9,46,2022-08-03T12:00,46,2022-08-03T12:00,46,2022-08-03T12:00,49,2022-08-03T09:00,45,2022-08-03T12:00,36,2022-08-03T22:00,-999.0,0.0,0.0,100.0,28.0,4417.23388671875,4599.6708984375,nan,59000.0,5984.88525390625,7.569216728210449,262.8662414550781,280.5135192871094,291.4067687988281,294.9456481933594,299.214111328125,5873.009765625,3196.4931640625,1562.8743896484375,150.5938262939453,289.8597106933594,78.80000305175781,188.01443481445312,4277.88330078125,18500.0,0.0,1.7400000095367432,20000.083984375,0.0,1.2999999523162842,5.0,1.600000023841858,24134.736328125,0.0,0.0,260.8974609375,282.5489196777344,289.7389221191406,291.31207275390625,298.5220947265625,5859.10107421875,3186.0986328125,1549.388916015625,828.2407836914062,151.99293518066406,300.32513427734375,46.900001525878906,72.4000015258789,1056.7440185546875,4260.9599609375,20000.158203125,40.0,7.0,15.0,24100.0,265.20001220703125,280.8999938964844,290.1000061035156,294.3999938964844,298.79998779296875,5881.556640625,3189.219482421875,1556.958740234375,828.8328857421875,153.81895446777344,290.8299865722656,92.5,80.0,74.55999755859375,4432.31982421875,0.0,0.0625,3803.770751953125,6.0,100.0,100.0,6.0,13000.0,263.6427917480469,280.3363342285156,290.90081787109375,293.37054443359375,297.11767578125,5882.5078125,3199.005615234375,1568.09033203125,839.9366455078125,159.85289001464844,291.9689025878906,91.54708862304688,81.71055603027344,109.24958038330078,4310.0,0.0,2.375,5880.6015625,3192.85302734375,1554.67041015625,821.8484497070312,147.861328125,264.42108154296875,281.425048828125,292.08551025390625,295.2579345703125,299.53143310546875,66.75167846679688,69.24337005615234,80.25355529785156,87.11888122558594,,,,293.70361328125,,101759.3125,94566.71875,,39.34564208984375,84.0,,,30.0,32.0,256.0,48.0,50.0,,56.0,,71.0,,76.0,77.0,379.0,113.0,286.15997314453125,286.1000061035156,100.0,6.0,9.600000381469727,10.399999618530273
2022-08-16T10:56,2022-08-16T11:00,1,train,0,2022,8,10,1,2022-08-16T10:00,5,2022-08-16T06:00,5,2022-08-16T06:00,1,2022-08-16T10:00,0,2022-08-16T12:00,1,2022-08-16T10:00,-999.0,0.0,0.0,0.0,0.0,nan,nan,nan,nan,nan,3.4698519706726074,258.24493408203125,273.68084716796875,284.8785705566406,289.54815673828125,293.5172119140625,5751.5517578125,3123.8671875,1534.90087890625,155.400634765625,283.3106384277344,68.0,302.8788757324219,3251.169921875,24700.0,0.0,0.0,3314.194580078125,16.899999618530273,100.0,100.0,0.0,24134.79296875,0.0,0.1875,259.2903747558594,276.1551513671875,288.66326904296875,292.8829040527344,299.6568908691406,5710.1708984375,3071.0009765625,1459.8984375,737.80224609375,59.01487350463867,300.44378662109375,42.79999923706055,60.20000076293945,1061.5460205078125,3485.1201171875,19999.8828125,7.0,1.0,0.0,24100.0,258.1000061035156,272.3999938964844,284.79998779296875,289.1000061035156,293.5,5763.5859375,3133.2021484375,1546.5010986328125,832.6696166992188,166.84176635742188,286.4800109863281,88.19999694824219,83.0,110.23999786376953,3004.031982421875,0.0,0.0,nan,1.0,0.0,0.0,0.0,34800.0,258.0562744140625,273.52215576171875,285.1427001953125,290.1748962402344,292.8901062011719,5761.6640625,3132.3134765625,1543.6795654296875,828.5784301757812,162.51177978515625,285.889892578125,55.0577392578125,51.25359344482422,177.89749145507812,3236.984619140625,0.0,0.0,5762.609375,3134.431640625,1546.794189453125,831.962158203125,167.423583984375,258.1971130371094,272.4927673339844,284.748046875,290.16339111328125,293.80853271484375,83.53971862792969,70.51144409179688,60.10776901245117,73.71572875976562,,,,289.3814697265625,,102006.3125,94736.5859375,,21.251588821411133,10.0,,,88888.0,880.0,16209.0,0.0,0.0,,5.0,,9.0,,9.0,9.0,35.0,181.0,280.2699890136719,278.8500061035156,91.0,0.0,6.400000095367432,6.400000095367432
2022-08-16T10:56,2022-08-16T11:00,24,train,0,2022,8,10,23,2022-08-15T12:00,23,2022-08-15T12:00,23,2022-08-15T12:00,26,2022-08-15T09:00,24,2022-08-15T12:00,24,2022-08-15T11:00,-999.0,0.0,3.0,1.0,0.0,nan,nan,nan,nan,nan,1.8356621265411377,257.791015625,272.0855407714844,284.49542236328125,289.8377685546875,294.0476989746094,5750.82861328125,3132.2412109375,1546.5908203125,169.2375946044922,284.2358703613281,60.0,456.53948974609375,3002.076171875,27000.0,0.0,0.28999999165534973,20000.025390625,5.0,65.5,100.0,0.0,24134.89453125,0.0,0.5,259.1903991699219,276.9195556640625,289.3995361328125,291.4080505371094,294.8980407714844,5713.494140625,3074.499267578125,1459.3480224609375,735.9026489257812,65.68587493896484,295.1980285644531,66.0999984741211,59.20000076293945,428.9249572753906,3535.360107421875,20000.19921875,5.0,1.0,0.0,24100.0,257.6000061035156,275.1000061035156,282.20001220703125,287.20001220703125,291.5,5761.78369140625,3128.14892578125,1540.488525390625,831.8226928710938,167.5245361328125,285.0799865722656,95.5999984741211,96.0,265.8399963378906,3638.220703125,0.0,0.0,nan,14.0,12.0,2.0,0.0,33600.0,257.66741943359375,271.3943176269531,284.2508850097656,290.0502624511719,293.5326232910156,5751.20947265625,3132.788818359375,1551.2216796875,837.28564453125,172.79847717285156,287.1932373046875,56.40940475463867,53.4411506652832,239.63363647460938,2871.8466796875,0.0,0.8125,5762.60546875,3132.28369140625,1544.823486328125,830.3025512695312,165.845703125,258.13604736328125,272.8179016113281,284.528564453125,290.10626220703125,293.8011474609375,85.733642578125,71.67887878417969,59.667633056640625,73.04753875732422,,,,289.75555419921875,,101980.5625,94713.390625,,21.531137466430664,28.0,,,88888.0,1880.0,256.0,18.0,19.0,,27.0,,51.0,,51.0,51.0,11.0,193.0,279.6700134277344,278.489990234375,93.0,2.0,7.199999809265137,7.300000190734863
2022-08-16T10:56,2022-08-16T11:00,48,train,0,2022,8,10,47,2022-08-14T12:00,47,2022-08-14T12:00,47,2022-08-14T12:00,50,2022-08-14T09:00,48,2022-08-14T12:00,36,2022-08-14T23:00,-999.0,0.0,7.0,0.0,0.0,nan,nan,nan,nan,nan,1.3489291667938232,257.55694580078125,272.2308349609375,284.4649353027344,289.53814697265625,293.64697265625,5748.466796875,3130.537353515625,1544.758056640625,168.25062561035156,283.8438415527344,63.70000076293945,488.84222412109375,3001.25341796875,26000.0,0.0,0.0,4018.497802734375,8.399999618530273,98.69999694824219,100.0,2.5,24134.810546875,0.0,0.25,258.88079833984375,276.4902648925781,287.0531005859375,289.3130798339844,295.9458923339844,5706.1875,3072.16748046875,1460.0198974609375,743.3836059570312,71.95421600341797,296.7219543457031,60.400001525878906,86.4000015258789,855.8247680664062,3443.52001953125,19999.8359375,18.0,49.0,0.0,100.0,259.5,276.3999938964844,281.79998779296875,286.6000061035156,290.8999938964844,5761.02783203125,3122.4609375,1535.154541015625,827.7755126953125,164.44419860839844,284.4800109863281,99.9000015258789,100.0,224.8800048828125,3757.482177734375,0.0,0.8125,nan,3.0,75.0,11.0,0.0,34100.0,257.62286376953125,272.54205322265625,284.40740966796875,289.8191223144531,293.4642028808594,5757.6337890625,3135.926513671875,1552.769287109375,839.182861328125,173.66555786132812,287.0091552734375,57.0,52.4093017578125,352.8251037597656,2981.51416015625,0.0,1.1875,5754.20703125,3125.381591796875,1538.976806640625,824.9676513671875,161.0205078125,258.33441162109375,272.10107421875,284.4671630859375,289.69781494140625,293.6585388183594,90.32518768310547,70.75955963134766,60.76570129394531,71.85963439941406,,,,289.7623596191406,,101925.9375,94655.515625,,20.90540313720703,11.0,,,88888.0,1544.0,256.0,20.0,21.0,,30.0,,62.0,,62.0,62.0,21.0,246.0,279.80999755859375,278.7799987792969,95.0,2.0,8.0,8.100000381469727
2022-08-27T21:55,2022-08-27T22:00,1,holdout_baserate,0,2022,8,21,1,2022-08-27T21:00,4,2022-08-27T18:00,4,2022-08-27T18:00,1,2022-08-27T21:00,3,2022-08-27T18:00,1,2022-08-27T21:00,-999.0,83.0,100.0,0.0,0.0,1739.49072265625,1661.4456787109375,79300.0,83800.0,2333.3740234375,1.6843675374984741,263.20654296875,278.68707275390625,283.56158447265625,289.63531494140625,294.1899719238281,5809.2529296875,3128.263671875,1535.595458984375,147.92857360839844,285.6026306152344,84.4000015258789,803.6604614257812,4423.62109375,16400.0,0.0,0.09000000357627869,19999.98828125,0.0,0.0,0.0,0.0,24135.125,0.0,0.0,260.3500061035156,279.6655578613281,288.2270202636719,294.6270446777344,295.98291015625,5785.72509765625,3123.506103515625,1509.582275390625,784.8845825195312,104.33197021484375,294.05743408203125,52.79999923706055,43.900001525878906,10.750432968139648,4124.31982421875,19999.814453125,25.0,0.0,0.0,24100.0,263.1000061035156,280.29998779296875,282.29998779296875,287.79998779296875,292.1000061035156,5815.458984375,3132.32470703125,1534.027099609375,824.1383666992188,156.07333374023438,285.8100280761719,92.9000015258789,94.0,491.5199890136719,4319.634765625,0.0,0.0,nan,8.0,0.0,0.0,8.0,24900.0,263.2709045410156,279.61688232421875,283.22149658203125,289.88323974609375,294.8414611816406,5812.205078125,3130.84619140625,1538.025634765625,825.7196655273438,150.93161010742188,290.1852111816406,70.10430908203125,62.89368438720703,1202.587646484375,4390.06201171875,0.0,0.0,5807.18359375,3125.138427734375,1532.368408203125,819.7742309570312,153.698486328125,263.0921325683594,278.86669921875,283.28387451171875,290.082763671875,294.82080078125,17.420011520385742,81.0243148803711,59.23638916015625,55.954078674316406,,,,292.28082275390625,,101822.625,94565.1171875,,16.488832473754883,38.0,,,88886.0,584.0,209.0,16.0,28.0,,51.0,,69.0,,69.0,69.0,16.0,550.0,281.0699768066406,280.33001708984375,96.0,1.0,5.599999904632568,6.199999809265137
2022-08-27T21:55,2022-08-27T22:00,24,holdout_baserate,0,2022,8,21,22,2022-08-27T00:00,22,2022-08-27T00:00,22,2022-08-27T00:00,25,2022-08-26T21:00,21,2022-08-27T00:00,24,2022-08-26T22:00,-999.0,0.0,0.0,0.0,0.0,nan,nan,nan,nan,nan,4.2166852951049805,262.6788024902344,278.8534240722656,282.92242431640625,288.5412292480469,293.08233642578125,5802.19140625,3130.025390625,1532.600341796875,148.5677490234375,284.7483825683594,77.69999694824219,359.5492248535156,4253.32275390625,20000.0,0.0,0.03999999910593033,19999.947265625,0.0,5.0,0.0,0.0,24134.861328125,0.0,0.0,260.4600830078125,278.79241943359375,289.2724304199219,295.9850158691406,295.4985656738281,5787.05078125,3129.420166015625,1510.691650390625,783.1686401367188,101.9219970703125,294.24700927734375,46.79999923706055,35.0,32.2971305847168,3947.679931640625,19999.806640625,15.0,0.0,0.0,24100.0,263.3999938964844,279.6000061035156,282.5,287.70001220703125,292.0,5810.93505859375,3129.24267578125,1530.98388671875,821.7041625976562,152.7559356689453,286.1199951171875,81.0,84.0,395.0400085449219,4392.91748046875,0.0,0.0,nan,12.0,0.0,0.0,12.0,23000.0,262.965087890625,279.5865783691406,282.1619567871094,288.689697265625,293.5852355957031,5805.83837890625,3130.853759765625,1536.3209228515625,827.0596923828125,154.00344848632812,289.10400390625,73.09234619140625,67.3655776977539,995.9921264648438,4225.3076171875,0.0,3.125,5801.81640625,3120.90283203125,1527.556640625,814.5340576171875,148.052978515625,263.33709716796875,278.6181640625,283.2965087890625,290.4095764160156,295.18780517578125,14.607792854309082,79.52706146240234,54.189823150634766,51.004547119140625,,,,292.35650634765625,,101760.0625,94513.671875,,15.143828392028809,22.0,,,88888.0,696.0,256.0,61.0,66.0,,81.0,,43.0,,46.0,49.0,4.0,440.0,280.55999755859375,279.2599792480469,92.0,0.0,6.400000095367432,6.900000095367432
2022-08-27T21:55,2022-08-27T22:00,48,holdout_baserate,0,2022,8,21,46,2022-08-26T00:00,46,2022-08-26T00:00,46,2022-08-26T00:00,49,2022-08-25T21:00,45,2022-08-26T00:00,36,2022-08-26T10:00,-999.0,0.0,4.0,0.0,0.0,nan,1344.40185546875,nan,86900.0,nan,4.361937999725342,262.9859924316406,280.03741455078125,282.1803894042969,287.48968505859375,292.0006103515625,5807.4091796875,3125.63671875,1526.35546875,143.24386596679688,284.20556640625,87.9000015258789,384.0712890625,4412.314453125,15100.0,0.0,18.389999389648438,20000.013671875,0.0,1.5,0.0,0.0,24134.6640625,0.0,0.0,261.0223388671875,277.9007568359375,290.30499267578125,296.7850036621094,295.4250183105469,5786.3876953125,3130.78857421875,1509.95703125,780.4812622070312,97.7359390258789,293.9659423828125,50.0,33.900001525878906,17.424856185913086,3852.0,19999.8046875,20.0,0.0,0.0,24100.0,264.0,280.1000061035156,283.6000061035156,289.0,293.29998779296875,5811.2861328125,3125.824951171875,1521.27685546875,808.36865234375,141.4916229248047,287.1400146484375,85.5999984741211,87.0,722.5599975585938,4364.25,0.0,0.0,1273.1474609375,68.0,0.0,0.0,68.0,18200.0,263.32305908203125,280.02374267578125,279.602783203125,284.640869140625,289.5693359375,5804.08837890625,3119.798583984375,1518.8255615234375,819.065185546875,150.8499755859375,285.41473388671875,81.09234619140625,79.45970153808594,660.0895385742188,4487.310546875,0.0,18.6875,5810.10546875,3122.893310546875,1525.745361328125,811.779296875,144.730712890625,263.6434326171875,279.844482421875,283.85406494140625,290.5814514160156,295.37158203125,5.806804656982422,78.72461700439453,59.018775939941406,54.7638053894043,,,,292.623046875,,101725.25,94478.7578125,,15.42078971862793,19.0,,,88888.0,656.0,384.0,63.0,75.0,,83.0,,42.0,,42.0,42.0,5.0,395.0,280.8600158691406,280.1199951171875,95.0,3.0,6.800000190734863,7.699999809265137
2022-09-07T11:55,2022-09-07T12:00,1,train,1,2022,9,11,1,2022-09-07T11:00,6,2022-09-07T06:00,6,2022-09-07T06:00,1,2022-09-07T11:00,0,2022-09-07T12:00,1,2022-09-07T11:00,-999.0,0.0,40.0,0.0,0.0,nan,1520.850341796875,nan,85100.0,nan,1.5546813011169434,262.58148193359375,278.14703369140625,282.8374328613281,286.0540466308594,290.3361511230469,5782.9609375,3121.557373046875,1520.0362548828125,144.15737915039062,283.2911376953125,99.0999984741211,175.3280792236328,3930.037109375,12200.0,0.0,0.0,6187.580078125,0.0,96.9000015258789,0.0,0.0,24134.9375,0.0,0.0,258.3699951171875,275.10992431640625,285.3638000488281,292.2257080078125,299.27764892578125,5740.232421875,3100.02783203125,1502.12890625,784.3843994140625,107.0453109741211,300.3159484863281,33.70000076293945,48.900001525878906,1893.0103759765625,3463.199951171875,20000.12109375,40.0,0.0,0.0,24100.0,263.79998779296875,277.1000061035156,283.29998779296875,286.70001220703125,291.0,5789.833984375,3128.263427734375,1529.56689453125,821.8926391601562,164.73684692382812,284.79998779296875,95.5999984741211,88.0,146.72000122070312,3811.145263671875,0.0,0.0625,1076.0419921875,68.0,0.0,0.0,68.0,12900.0,262.50408935546875,277.8495178222656,283.1330871582031,285.9210205078125,290.09832763671875,5786.2900390625,3125.15771484375,1521.5118408203125,815.8763427734375,149.54937744140625,286.6640930175781,93.9830551147461,93.75396728515625,484.3843994140625,3914.5791015625,0.0,0.0,5788.1875,3127.983154296875,1525.31787109375,820.0435791015625,165.392822265625,262.9326477050781,278.0567321777344,281.9473876953125,285.2471923828125,288.44903564453125,28.123689651489258,87.45635223388672,90.16883087158203,96.05790710449219,,,,285.05792236328125,,101976.875,94634.984375,,15.984173774719238,36.0,,,88888.0,352.0,16209.0,9.0,9.0,,15.0,,9.0,,9.0,9.0,1.0,177.0,279.14996337890625,279.42999267578125,100.0,0.0,5.199999809265137,5.199999809265137
2022-09-07T11:55,2022-09-07T12:00,24,train,1,2022,9,11,24,2022-09-06T12:00,24,2022-09-06T12:00,24,2022-09-06T12:00,21,2022-09-06T15:00,24,2022-09-06T12:00,24,2022-09-06T12:00,-999.0,0.0,1.0,0.0,100.0,9606.22265625,1226.72265625,nan,30400.0,10371.5087890625,1.3148523569107056,262.81927490234375,276.932373046875,282.4937744140625,285.25445556640625,289.36920166015625,5785.30126953125,3126.931884765625,1531.209716796875,159.19883728027344,282.4565734863281,92.80000305175781,73.6630859375,3849.375732421875,13300.0,0.0,3.509999990463257,9067.1630859375,0.0,73.0,0.0,0.0,24135.0859375,0.0,0.0,258.2900085449219,275.1246643066406,285.91046142578125,292.0423889160156,299.0862731933594,5739.0283203125,3101.987548828125,1498.4346923828125,780.6846313476562,103.64897155761719,301.2159423828125,35.0,52.400001525878906,1396.1907958984375,3379.679931640625,19999.86328125,17.0,8.0,38.0,24100.0,263.5,277.8999938964844,283.0,285.20001220703125,289.3999938964844,5793.40234375,3125.86962890625,1525.4893798828125,821.5623779296875,168.38543701171875,282.3600158691406,89.4000015258789,76.0,71.83999633789062,4053.726806640625,0.0,0.0,nan,0.0,0.0,97.0,0.0,16000.0,262.64849853515625,277.04449462890625,283.8157653808594,285.4105529785156,288.6524963378906,5788.45654296875,3132.286376953125,1533.03173828125,826.1052856445312,162.41928100585938,285.31561279296875,86.3847885131836,77.66634368896484,112.24134826660156,3828.2822265625,0.0,1.0625,5788.15625,3127.3720703125,1525.106689453125,818.19873046875,162.54248046875,262.87432861328125,277.62890625,283.33734130859375,285.645751953125,288.8580627441406,28.38238525390625,67.40106201171875,82.27708435058594,94.15699768066406,,,,285.53900146484375,,101937.6875,94601.5390625,,14.572338104248047,40.0,,,88888.0,648.0,256.0,59.0,69.0,,71.0,,66.0,,74.0,82.0,0.0,167.0,278.6000061035156,276.94000244140625,90.0,0.0,6.400000095367432,6.400000095367432
2022-09-07T11:55,2022-09-07T12:00,48,train,1,2022,9,11,48,2022-09-05T12:00,48,2022-09-05T12:00,48,2022-09-05T12:00,45,2022-09-05T15:00,48,2022-09-05T12:00,48,2022-09-05T12:00,-999.0,0.0,0.0,0.0,100.0,nan,1303.8724365234375,nan,30100.0,nan,2.1669583320617676,262.85919189453125,276.71820068359375,283.95068359375,285.75323486328125,289.63201904296875,5797.80859375,3138.354736328125,1540.4588623046875,167.7454833984375,282.6702880859375,65.4000015258789,125.42054748535156,3833.4169921875,27600.0,0.0,42.119998931884766,6135.94775390625,5.0,100.0,100.0,0.0,24135.146484375,0.0,0.0,259.3534240722656,275.18695068359375,287.53887939453125,290.8988952636719,297.6927795410156,5746.91455078125,3107.10888671875,1501.5662841796875,783.5324096679688,109.38275146484375,298.977294921875,38.0,54.599998474121094,958.8870239257812,3418.080078125,19999.88671875,38.0,0.0,32.0,24100.0,263.29998779296875,278.20001220703125,283.6000061035156,286.70001220703125,291.0,5804.6357421875,3138.950927734375,1538.045166015625,830.5476684570312,179.75396728515625,285.0599670410156,85.5,86.0,224.8800048828125,3986.19482421875,0.0,0.0,nan,0.0,0.0,0.0,0.0,16300.0,263.08868408203125,276.7973327636719,283.69927978515625,285.1536865234375,288.3351135253906,5790.4580078125,3133.1259765625,1534.4583740234375,828.2861938476562,165.4593505859375,284.81494140625,85.35836791992188,76.02445983886719,104.9473876953125,3794.788330078125,0.0,6.1875,5786.09375,3120.600341796875,1519.088623046875,810.8082275390625,155.26806640625,263.3468017578125,277.429931640625,284.056640625,285.90655517578125,288.902099609375,30.908828735351562,64.79017639160156,71.00433349609375,88.30840301513672,,,,284.98297119140625,,101841.1875,94523.953125,,13.450551986694336,48.0,,,88888.0,32.0,0.0,36.0,37.0,,37.0,,63.0,,68.0,71.0,1.0,256.0,278.59002685546875,277.1199951171875,90.0,7.0,8.0,8.0
2022-09-17T18:56,2022-09-17T19:00,1,holdout_baserate,0,2022,9,18,1,2022-09-17T18:00,1,2022-09-17T18:00,1,2022-09-17T18:00,1,2022-09-17T18:00,0,2022-09-17T18:00,1,2022-09-17T18:00,-999.0,0.0,0.0,0.0,0.0,nan,nan,nan,nan,nan,2.3580875396728516,259.7018737792969,276.6936950683594,280.3885498046875,285.6502990722656,290.3241271972656,5770.90576171875,3131.1669921875,1544.306396484375,176.91619873046875,283.9485168457031,42.099998474121094,449.0585021972656,3765.8115234375,48100.0,0.0,0.0,20000.095703125,0.0,0.0,90.69999694824219,0.0,24134.779296875,0.0,0.0,260.100341796875,276.45562744140625,279.94561767578125,285.5874938964844,288.2556457519531,5762.046875,3107.967529296875,1517.8720703125,817.4037475585938,158.14825439453125,286.856201171875,37.099998474121094,34.0,139.72933959960938,3952.639892578125,20000.193359375,6.0,0.0,0.0,24100.0,260.1000061035156,276.8999938964844,281.5,287.20001220703125,291.5,5767.76806640625,3128.17236328125,1540.5228271484375,833.7822875976562,173.03611755371094,286.4800109863281,59.099998474121094,62.0,878.0800170898438,3679.826171875,0.0,0.0,8741.0322265625,1.0,0.0,100.0,1.0,36500.0,259.9117431640625,276.57916259765625,280.3709411621094,285.1671142578125,290.21954345703125,5771.26513671875,3131.19287109375,1543.6038818359375,843.6591186523438,179.9541778564453,286.9782409667969,54.108367919921875,52.183963775634766,672.009033203125,3690.626708984375,0.0,0.0,5773.73828125,3133.856689453125,1549.51708984375,850.382080078125,192.73046875,259.07421875,276.37994384765625,279.279296875,285.2300109863281,290.0766296386719,16.198278427124023,47.77169418334961,46.60456085205078,41.00960159301758,,,,288.7523193359375,,102280.75,94948.2734375,,9.71099853515625,39.0,,,88886.0,7392.0,16274.0,0.0,1.0,,4.0,,3.0,,3.0,3.0,0.0,633.0,278.97003173828125,272.2099914550781,62.0,0.0,4.800000190734863,5.599999904632568
2022-09-17T18:56,2022-09-17T19:00,24,holdout_baserate,0,2022,9,18,25,2022-09-16T18:00,25,2022-09-16T18:00,25,2022-09-16T18:00,22,2022-09-16T21:00,24,2022-09-16T18:00,24,2022-09-16T19:00,-999.0,0.0,0.0,4.0,1.0,nan,nan,nan,nan,nan,3.6543309688568115,259.0289306640625,275.12603759765625,279.75091552734375,285.17156982421875,289.741943359375,5754.20458984375,3126.214111328125,1546.1578369140625,182.43222045898438,283.1673278808594,49.20000076293945,395.0252685546875,3453.5693359375,40600.0,0.0,0.0,19999.822265625,0.0,0.0,100.0,0.0,24134.966796875,0.0,0.0,260.15234375,276.39422607421875,280.36688232421875,286.6669006347656,289.07550048828125,5762.67919921875,3108.2666015625,1519.351318359375,816.41943359375,154.74746704101562,287.7294006347656,36.900001525878906,32.599998474121094,144.542724609375,3927.52001953125,20000.072265625,2.0,33.0,0.0,24100.0,259.8999938964844,277.6000061035156,281.5,287.20001220703125,291.5,5777.94287109375,3132.013427734375,1541.696044921875,835.9064331054688,176.5447235107422,286.44000244140625,39.20000076293945,39.0,789.760009765625,3780.4208984375,0.0,0.0,nan,1.0,6.0,42.0,1.0,33804.62109375,260.52923583984375,275.94085693359375,279.512939453125,285.028076171875,290.1747131347656,5764.60986328125,3133.225341796875,1549.2421875,849.8570556640625,186.9924774169922,287.0188293457031,56.208709716796875,55.84283447265625,767.9158325195312,3560.14208984375,0.0,0.0,5777.03515625,3134.56640625,1546.87060546875,846.1489868164062,187.739501953125,260.06707763671875,276.4871520996094,279.79608154296875,285.7681579589844,290.610595703125,12.32883071899414,47.25392532348633,48.98451232910156,42.651275634765625,,,,289.2081298828125,,102237.5625,94901.7265625,,8.239852905273438,47.0,,,88886.0,2560.0,457.0,7.0,12.0,,16.0,,49.0,,50.0,50.0,0.0,681.0,279.45001220703125,270.92999267578125,55.0,1.0,5.300000190734863,6.300000190734863
2022-09-17T18:56,2022-09-17T19:00,48,holdout_baserate,0,2022,9,18,43,2022-09-16T00:00,49,2022-09-15T18:00,49,2022-09-15T18:00,46,2022-09-15T21:00,48,2022-09-15T18:00,36,2022-09-16T07:00,-999.0,0.0,0.0,2.0,0.0,nan,nan,nan,nan,nan,5.206615447998047,261.1551513671875,274.4737243652344,281.2532958984375,285.92626953125,290.4970703125,5764.703125,3126.635498046875,1541.255615234375,175.396484375,283.9676208496094,50.70000076293945,349.0335998535156,3370.10791015625,39100.0,0.0,0.0,19999.9140625,0.0,0.0,100.0,0.0,24134.814453125,0.0,0.0,260.8471984863281,276.35089111328125,280.1104736328125,286.7230529785156,289.2466125488281,5762.13134765625,3106.3525390625,1520.934326171875,818.1096801757812,156.21273803710938,287.8490905761719,33.900001525878906,31.299999237060547,108.51145935058594,3928.47998046875,20000.05078125,24.0,46.0,26.0,24100.0,260.6000061035156,276.29998779296875,280.20001220703125,285.0,289.29998779296875,5759.14697265625,3124.239990234375,1531.2884521484375,829.2268676757812,168.76734924316406,282.95001220703125,76.0999984741211,77.0,145.75999450683594,3615.670654296875,0.0,0.0625,1404.969482421875,89.0,7.0,0.0,52.0,20600.0,260.0301818847656,275.5163879394531,280.12841796875,284.36590576171875,289.3606262207031,5767.8701171875,3130.922607421875,1541.444580078125,841.4891967773438,180.32308959960938,286.2868957519531,76.40615844726562,74.8382797241211,604.5501098632812,3521.62890625,0.0,0.0,5779.90234375,3132.59033203125,1542.1728515625,840.7754516601562,181.843505859375,259.98345947265625,276.9557189941406,280.06512451171875,286.07177734375,290.90191650390625,12.275426864624023,45.88908767700195,46.35224914550781,40.737403869628906,,,,289.5189208984375,,102161.8125,94841.875,,7.929902076721191,32.0,,,88886.0,4632.0,457.0,16.0,18.0,,23.0,,40.0,,41.0,42.0,0.0,585.0,279.0099792480469,271.469970703125,59.0,1.0,6.0,8.0
2022-09-28T15:49,2022-09-28T16:00,1,holdout_baserate,0,2022,9,15,1,2022-09-28T15:00,4,2022-09-28T12:00,4,2022-09-28T12:00,1,2022-09-28T15:00,3,2022-09-28T12:00,1,2022-09-28T15:00,-999.0,0.0,2.0,0.0,0.0,nan,1343.62109375,nan,86500.0,nan,6.880507946014404,251.5260009765625,269.309326171875,277.8978576660156,283.03533935546875,287.4910583496094,5605.62109375,3037.63525390625,1480.264892578125,130.3078155517578,280.1136779785156,87.9000015258789,391.67218017578125,2507.333740234375,15600.0,0.0,0.0,880.10107421875,15.0,5.0,100.0,0.0,24134.814453125,1.8000000636675395e-05,0.25,255.28704833984375,270.7578430175781,279.8621826171875,284.934326171875,291.68359375,5592.69873046875,2989.63818359375,1418.99853515625,717.905517578125,57.0438117980957,291.4914245605469,63.400001525878906,83.4000015258789,1462.22900390625,2635.360107421875,20000.09375,42.0,25.0,0.0,0.0,251.89999389648438,268.8999938964844,278.3999938964844,281.20001220703125,285.3999938964844,5607.17578125,3040.550537109375,1482.2996826171875,789.166748046875,131.57177734375,279.20001220703125,99.0,100.0,258.3999938964844,2308.521484375,0.0,0.6875,960.5429077148438,100.0,0.0,0.0,100.0,10000.0,251.697021484375,268.85931396484375,277.3101501464844,282.2607421875,287.08203125,5609.53125,3043.6923828125,1486.647705078125,791.9969482421875,138.51747131347656,282.60858154296875,94.91276550292969,91.94478607177734,562.0497436523438,2378.642333984375,0.0,0.0,5604.04296875,3035.176513671875,1477.880859375,782.3342895507812,130.38232421875,251.62330627441406,268.939697265625,277.77838134765625,282.8182678222656,287.4286193847656,70.89493560791016,85.55340576171875,78.9195556640625,71.75150299072266,,,,285.2840576171875,,101569.0,94216.03125,,15.458669662475586,71.0,,,0.0,0.0,209.0,76.0,78.0,,84.0,,66.0,,66.0,66.0,25.0,436.0,275.83001708984375,276.07000732421875,100.0,6.0,8.399999618530273,9.5
2022-09-28T15:49,2022-09-28T16:00,24,holdout_baserate,0,2022,9,15,22,2022-09-27T18:00,22,2022-09-27T18:00,22,2022-09-27T18:00,25,2022-09-27T15:00,21,2022-09-27T18:00,24,2022-09-27T16:00,-999.0,0.0,61.0,8.0,0.0,nan,1343.693603515625,nan,86500.0,nan,5.691492557525635,251.70106506347656,268.41473388671875,277.8751220703125,282.64862060546875,287.083251953125,5605.47265625,3037.3505859375,1482.885986328125,135.11083984375,280.1739196777344,92.4000015258789,358.57000732421875,2337.79248046875,13700.0,0.0,0.11999999731779099,956.9024658203125,43.0,8.5,98.0,9.699999809265137,23642.0546875,3.04000004689442e-05,0.5,254.9514617919922,271.320556640625,280.4349060058594,284.8970031738281,291.5291748046875,5588.6650390625,2989.09912109375,1416.8856201171875,714.6785888671875,53.91731262207031,291.3224182128906,66.5999984741211,88.5999984741211,1396.3653564453125,2674.080078125,20000.109375,44.0,1.0,0.0,0.0,252.0,269.0,277.20001220703125,281.3999938964844,285.6000061035156,5598.8310546875,3029.245361328125,1473.693115234375,780.3306274414062,122.66168975830078,279.5699768066406,99.0,100.0,258.0799865722656,2275.05419921875,0.00019999999494757503,0.9375,796.005126953125,100.0,0.0,0.0,100.0,200.0,251.49632263183594,268.8743896484375,276.9327392578125,281.43060302734375,286.12908935546875,5598.85107421875,3032.72119140625,1479.1015625,785.7562255859375,133.4705352783203,281.0824279785156,99.43921661376953,95.86886596679688,623.6361083984375,2098.642333984375,3.9999998989515007e-05,3.0,5603.43359375,3037.412353515625,1481.757568359375,786.7716674804688,135.673828125,251.5535888671875,268.4127197265625,277.6145935058594,282.40576171875,286.9894104003906,85.35523223876953,90.35150146484375,85.20490264892578,76.89412689208984,,,,284.74688720703125,,101631.875,94259.71875,,16.710277557373047,67.0,,,30.0,32.0,384.0,73.0,74.0,,79.0,,37.0,,37.0,38.0,33.0,535.0,276.0099792480469,276.0199890136719,100.0,8.0,8.0,9.199999809265137
2022-10-08T06:55,2022-10-08T07:00,1,holdout_baserate,0,2022,10,6,1,2022-10-08T06:00,1,2022-10-08T06:00,1,2022-10-08T06:00,1,2022-10-08T06:00,0,2022-10-08T06:00,1,2022-10-08T06:00,-999.0,0.0,1.0,100.0,0.0,nan,1342.539306640625,nan,86000.0,nan,11.27448844909668,253.56466674804688,269.3814392089844,274.14422607421875,276.2648620605469,280.349853515625,5570.2607421875,2990.925048828125,1442.1142578125,113.0210952758789,273.0277404785156,74.0999984741211,206.7085418701172,1293.1199951171875,21200.0,0.0,0.0,151.8619384765625,86.80000305175781,57.0,97.9000015258789,91.69999694824219,6010.4912109375,0.0,0.125,256.5910949707031,273.30517578125,283.4151611328125,286.08563232421875,287.29644775390625,5745.45556640625,3131.74755859375,1545.2308349609375,836.072021484375,178.39163208007812,287.8077087402344,97.30000305175781,92.5,260.49993896484375,3156.159912109375,19999.859375,38.0,7.0,0.0,24100.0,254.10000610351562,269.5,273.1000061035156,274.70001220703125,278.79998779296875,5578.6552734375,2996.947998046875,1436.20361328125,759.7433471679688,123.97407531738281,272.1400146484375,91.9000015258789,93.0,251.1999969482422,1025.280029296875,0.0,0.375,850.1627807617188,100.0,95.0,0.0,100.0,6900.0,253.40811157226562,269.0979919433594,271.9109191894531,274.7145690917969,279.2781677246094,5568.7412109375,2991.659912109375,1445.7056884765625,769.204345703125,126.62945556640625,274.86968994140625,95.60655975341797,94.2882308959961,451.44903564453125,960.0,0.0,0.0,5580.50390625,2992.583251953125,1446.051025390625,769.66943359375,136.188720703125,254.7086639404297,269.1233215332031,271.69757080078125,275.01873779296875,279.40179443359375,11.691022872924805,81.20153045654297,93.13157653808594,89.25801086425781,,,,276.3397521972656,,101687.75,94109.28125,,9.029959678649902,87.0,,,0.0,0.0,209.0,73.0,84.0,,86.0,,70.0,,70.0,70.0,1.0,313.0,270.5,268.0699768066406,84.0,4.0,14.0,15.600000381469727
2022-09-28T15:49,2022-09-28T16:00,48,holdout_baserate,0,2022,9,15,46,2022-09-26T18:00,46,2022-09-26T18:00,46,2022-09-26T18:00,49,2022-09-26T15:00,45,2022-09-26T18:00,36,2022-09-27T04:00,-999.0,15.0,53.0,16.0,0.0,nan,1343.6278076171875,nan,86500.0,nan,5.652863502502441,251.40151977539062,267.61785888671875,277.92535400390625,283.01263427734375,287.4718017578125,5601.3974609375,3039.262939453125,1486.297119140625,139.43896484375,280.2602233886719,88.30000305175781,385.00238037109375,2329.048583984375,15300.0,0.0,4.429999828338623,15733.3056640625,5.0,18.200000762939453,11.0,0.0,24134.796875,2.6399999114801176e-05,0.375,254.88418579101562,271.2830810546875,279.9689636230469,285.0111389160156,291.591552734375,5590.18701171875,2991.94775390625,1421.00537109375,719.3970947265625,58.42150115966797,291.3078308105469,65.0,83.69999694824219,1409.7178955078125,2684.159912109375,20000.02734375,43.0,0.0,0.0,0.0,252.0,269.5,277.0,282.0,286.20001220703125,5603.9345703125,3032.426513671875,1475.90869140625,781.1795043945312,123.46343994140625,280.0299987792969,99.30000305175781,100.0,299.0400085449219,2330.025146484375,0.0,1.125,828.32421875,100.0,0.0,0.0,100.0,3400.0,251.6081085205078,268.41461181640625,276.8468322753906,281.25811767578125,286.002685546875,5608.154296875,3043.73486328125,1488.82275390625,796.000244140625,144.16160583496094,281.4755859375,97.46669006347656,95.47967529296875,572.2322387695312,2336.84375,0.0,4.625,5598.19140625,3033.818115234375,1478.785888671875,784.2329711914062,133.159423828125,251.4202423095703,268.134033203125,277.413330078125,282.49127197265625,287.0772705078125,79.80046844482422,92.01607513427734,82.26119995117188,74.27606964111328,,,,284.6256103515625,,101606.8125,94227.1640625,,15.747883796691895,85.0,,,30.0,32.0,384.0,60.0,67.0,,77.0,,39.0,,40.0,43.0,29.0,454.0,276.05999755859375,276.1099853515625,100.0,12.0,8.800000190734863,10.5
2022-10-08T06:55,2022-10-08T07:00,24,holdout_baserate,0,2022,10,6,25,2022-10-07T06:00,25,2022-10-07T06:00,25,2022-10-07T06:00,22,2022-10-07T09:00,24,2022-10-07T06:00,24,2022-10-07T07:00,-999.0,0.0,4.0,10.0,100.0,nan,1342.1834716796875,nan,86100.0,nan,12.936568260192871,253.5789031982422,269.87738037109375,272.58050537109375,273.70458984375,277.8331298828125,5579.6201171875,2994.689453125,1446.1378173828125,124.02168273925781,271.6593933105469,74.5999984741211,289.5825500488281,1080.1600341796875,21300.0,0.0,4.489999771118164,19999.919921875,31.700000762939453,43.20000076293945,34.29999923706055,0.0,24134.9296875,0.0,0.0,256.41546630859375,273.0805358886719,281.840576171875,286.4310302734375,285.1582336425781,5751.201171875,3136.055419921875,1551.5511474609375,844.9736328125,187.82418823242188,285.2208251953125,86.30000305175781,74.69999694824219,140.28431701660156,3123.360107421875,19999.806640625,45.0,32.0,43.0,0.0,255.39999389648438,270.8999938964844,276.1000061035156,272.79998779296875,276.8999938964844,5586.4130859375,2995.029052734375,1432.0626220703125,758.2047729492188,126.5844955444336,270.30999755859375,99.0999984741211,100.0,291.44000244140625,743.52001953125,0.0006000000284984708,1.375,825.8492431640625,100.0,63.0,100.0,100.0,3400.0,253.7030029296875,269.3876647949219,271.67529296875,272.4725646972656,277.0038757324219,5569.4013671875,2987.797119140625,1439.2626953125,766.6295776367188,126.26802825927734,272.2938537597656,97.36485290527344,93.64572143554688,404.7610168457031,620.0,0.0,2.25,5587.15625,2996.5244140625,1446.458984375,769.5805053710938,136.106201171875,254.5462646484375,269.91796875,271.9039001464844,275.07427978515625,279.3560791015625,8.069424629211426,75.99880981445312,90.12566375732422,88.62239074707031,,,,275.946044921875,,101695.375,94112.234375,,8.228652954101562,87.0,,,0.0,0.0,256.0,83.0,88.0,,88.0,,49.0,,51.0,52.0,1.0,310.0,269.3699951171875,267.54998779296875,89.0,4.0,13.199999809265137,14.800000190734863
2022-10-08T06:55,2022-10-08T07:00,48,holdout_baserate,0,2022,10,6,43,2022-10-06T12:00,49,2022-10-06T06:00,49,2022-10-06T06:00,46,2022-10-06T09:00,48,2022-10-06T06:00,36,2022-10-06T19:00,-999.0,0.0,3.0,0.0,0.0,nan,1342.0867919921875,nan,86100.0,nan,13.83385944366455,253.97315979003906,268.74444580078125,271.9527587890625,272.90765380859375,277.080810546875,5564.9267578125,2986.0625,1442.348388671875,124.75204467773438,270.8261413574219,77.5999984741211,286.2313537597656,946.6400146484375,19800.0,0.0,14.890000343322754,19999.947265625,1.5,83.4000015258789,83.0999984741211,0.0,24134.8984375,0.0,0.0,256.9083557128906,272.7044982910156,282.30975341796875,286.6625061035156,285.0614013671875,5756.18115234375,3141.017822265625,1555.9437255859375,848.8098754882812,191.75027465820312,284.8497314453125,82.19999694824219,60.29999923706055,135.1593780517578,3072.159912109375,20000.1171875,49.0,0.0,0.0,0.0,255.5,270.29998779296875,273.8999938964844,270.8999938964844,274.8999938964844,5569.6083984375,2981.534423828125,1423.460693359375,754.7518310546875,127.22197723388672,268.79998779296875,98.30000305175781,100.0,288.9599914550781,512.47998046875,0.0010000000474974513,1.25,876.8922119140625,100.0,0.0,0.0,100.0,7300.0,254.34100341796875,268.4895324707031,270.2946472167969,271.44915771484375,275.9881286621094,5566.23486328125,2983.3955078125,1442.4669189453125,772.9656982421875,135.29713439941406,271.5899353027344,94.30764770507812,91.56348419189453,423.5538024902344,520.0,0.0,6.6875,5587.3671875,2996.703125,1446.596923828125,770.4205932617188,137.740234375,254.7364501953125,269.32086181640625,272.46868896484375,274.6610107421875,279.05181884765625,10.028434753417969,67.96865844726562,90.88123321533203,86.66244506835938,,,,275.88592529296875,,101714.0,94139.21875,,7.491725444793701,74.0,,,30.0,32.0,256.0,63.0,63.0,,63.0,,57.0,,57.0,57.0,1.0,257.0,269.27001953125,266.8699645996094,84.0,4.0,13.600000381469727,16.799999237060547
2022-10-17T03:53,2022-10-17T04:00,1,holdout_baserate,0,2022,10,3,1,2022-10-17T03:00,4,2022-10-17T00:00,4,2022-10-17T00:00,1,2022-10-17T03:00,3,2022-10-17T00:00,1,2022-10-17T03:00,-999.0,0.0,0.0,0.0,0.0,nan,nan,nan,nan,nan,2.9281692504882812,252.52915954589844,268.6230773925781,277.5321960449219,280.3134765625,284.3330078125,5556.18701171875,2982.729736328125,1428.650146484375,87.76657104492188,275.3834533691406,44.599998474121094,108.10092163085938,2271.360107421875,45300.0,0.0,0.0,3316.496826171875,70.4000015258789,96.30000305175781,36.099998474121094,0.0,24134.6328125,0.0,0.0,260.06365966796875,275.2957763671875,287.9657287597656,291.2338562011719,291.78564453125,5789.583984375,3149.902099609375,1539.86572265625,819.04296875,150.72390747070312,291.6709289550781,90.9000015258789,63.099998474121094,104.27357482910156,3437.760009765625,20000.123046875,0.0,5.0,0.0,24100.0,253.0,268.3999938964844,277.6000061035156,282.70001220703125,286.8999938964844,5563.2294921875,2985.977294921875,1433.069091796875,737.8311157226562,90.8258285522461,278.5600280761719,63.900001525878906,57.0,257.44000244140625,2193.1201171875,0.0,0.0,nan,0.0,100.0,0.0,0.0,31200.0,252.70790100097656,267.9948425292969,277.45037841796875,281.9054870605469,285.0927429199219,5558.6904296875,2985.189453125,1435.056640625,740.8764038085938,91.84829711914062,278.23907470703125,60.3648567199707,55.93278503417969,228.27821350097656,2060.0,0.0,0.0,5567.9765625,2989.21630859375,1434.771728515625,740.5769653320312,92.9443359375,253.01707458496094,268.5837707519531,277.84722900390625,282.04669189453125,285.9263916015625,50.43170166015625,52.235267639160156,53.11247634887695,74.58051300048828,,,,278.08697509765625,,101127.9375,93762.296875,,10.714225769042969,36.0,,,88888.0,3952.0,16274.0,21.0,24.0,,39.0,,10.0,,10.0,10.0,0.0,112.0,273.32000732421875,268.82000732421875,70.0,0.0,6.0,6.0
2022-10-17T03:53,2022-10-17T04:00,24,holdout_baserate,0,2022,10,3,22,2022-10-16T06:00,22,2022-10-16T06:00,22,2022-10-16T06:00,25,2022-10-16T03:00,21,2022-10-16T06:00,24,2022-10-16T04:00,-999.0,0.0,0.0,66.0,0.0,nan,5595.7587890625,nan,49700.0,nan,2.3451900482177734,252.0847930908203,269.28790283203125,277.419677734375,281.7445068359375,285.90576171875,5557.2548828125,2984.26708984375,1430.28271484375,84.56011962890625,275.4996337890625,68.9000015258789,137.97193908691406,2223.199951171875,23900.0,0.0,0.0,7483.93408203125,11.300000190734863,35.599998474121094,100.0,0.30000001192092896,24135.1328125,0.0,0.0,259.397216796875,275.2396240234375,289.8448181152344,295.1496276855469,292.22314453125,5791.091796875,3152.01611328125,1539.3553466796875,812.0852661132812,140.0996856689453,291.95849609375,84.4000015258789,34.599998474121094,413.09161376953125,3476.0,4394.1845703125,14.0,81.0,2.0,24100.0,252.39999389648438,269.0,276.8999938964844,281.29998779296875,285.5,5555.14697265625,2980.50146484375,1427.345947265625,734.7537231445312,86.00167846679688,277.4599914550781,93.5,91.0,34.79999923706055,2163.679931640625,0.0,0.0,nan,0.0,46.0,64.0,0.0,22300.0,252.682373046875,268.6163330078125,276.6278991699219,281.1004638671875,284.82891845703125,5553.54638671875,2979.60302734375,1430.181396484375,738.1581420898438,88.30430603027344,278.070556640625,72.30046081542969,69.15821838378906,188.28929138183594,2040.0,0.0,0.0,5567.44140625,2989.15087890625,1436.323486328125,742.6519775390625,95.10107421875,252.98170471191406,268.7130126953125,277.31451416015625,282.0096435546875,285.60772705078125,54.587581634521484,59.99671936035156,52.41954040527344,74.77738952636719,,,,279.9523620605469,,101173.625,93785.6328125,,11.518515586853027,33.0,,,88886.0,2552.0,384.0,4.0,8.0,,17.0,,41.0,,41.0,42.0,0.0,117.0,273.5799865722656,269.8799743652344,76.0,2.0,6.800000190734863,6.900000095367432
2022-10-17T03:53,2022-10-17T04:00,48,holdout_baserate,0,2022,10,3,46,2022-10-15T06:00,46,2022-10-15T06:00,46,2022-10-15T06:00,49,2022-10-15T03:00,45,2022-10-15T06:00,36,2022-10-15T16:00,-999.0,0.0,9.0,100.0,0.0,nan,1543.6427001953125,nan,83900.0,nan,3.2006335258483887,251.86239624023438,269.3812561035156,277.536376953125,281.9209899902344,286.03778076171875,5562.3837890625,2989.767578125,1433.4036865234375,86.51045227050781,276.3460998535156,88.9000015258789,190.634521484375,2351.360107421875,12800.0,0.0,0.0,19999.962890625,8.600000381469727,5.900000095367432,91.69999694824219,0.0,24135.0546875,0.0,0.0,260.1617431640625,275.34368896484375,289.5256652832031,295.50994873046875,291.75152587890625,5796.61572265625,3156.471923828125,1546.67626953125,819.6560668945312,146.79164123535156,291.46588134765625,86.4000015258789,31.899999618530273,340.4263916015625,3470.39990234375,20000.185546875,0.0,0.0,0.0,24100.0,254.0,270.1000061035156,278.3999938964844,282.5,286.70001220703125,5574.7216796875,2992.622314453125,1433.327392578125,739.1591796875,95.1229248046875,278.5400085449219,40.900001525878906,37.0,70.23999786376953,2377.280029296875,0.0,0.0,896.1716918945312,53.0,66.0,60.0,53.0,7900.0,252.3936309814453,268.9163818359375,276.557861328125,281.0422668457031,284.8077087402344,5560.162109375,2988.4052734375,1437.830810546875,746.03173828125,95.94831848144531,278.73748779296875,88.51262664794922,84.12999725341797,338.85540771484375,2110.0,0.0,0.0,5576.19140625,2994.136962890625,1436.259765625,744.683837890625,99.55859375,254.1475067138672,269.1198425292969,276.71856689453125,280.9300842285156,284.7310791015625,76.10330963134766,56.08225631713867,54.992584228515625,72.46479034423828,,,,277.07073974609375,,101232.25,93821.453125,,10.958531379699707,18.0,,,88886.0,2456.0,256.0,14.0,14.0,,16.0,,51.0,,51.0,52.0,0.0,88.0,273.1199951171875,267.760009765625,67.0,1.0,6.0,6.0
2022-10-26T06:53,2022-10-26T07:00,1,holdout_baserate,0,2022,10,6,1,2022-10-26T06:00,1,2022-10-26T06:00,1,2022-10-26T06:00,1,2022-10-26T06:00,0,2022-10-26T06:00,1,2022-10-26T06:00,-999.0,100.0,100.0,0.0,0.0,1344.7247314453125,1344.6484375,84300.0,86800.0,1901.4859619140625,5.911202907562256,261.79425048828125,279.32373046875,284.7732238769531,287.64544677734375,291.776611328125,5786.62890625,3120.08740234375,1510.459716796875,125.83193969726562,284.4354248046875,99.80000305175781,377.7897644042969,4123.60009765625,0.0,0.0,0.004999999888241291,20000.048828125,0.0,0.0,100.0,0.0,24135.19921875,0.0,0.0,257.818359375,275.5860290527344,286.3999938964844,290.0289611816406,288.6688537597656,5754.2626953125,3123.70166015625,1525.2047119140625,808.0980834960938,142.22303771972656,288.2886657714844,64.4000015258789,48.79999923706055,192.21173095703125,3522.719970703125,1197.0797119140625,59.0,13.0,0.0,0.0,262.0,281.0,284.70001220703125,287.79998779296875,292.1000061035156,5788.900390625,3120.741943359375,1508.015625,796.21435546875,133.04759216308594,285.0899963378906,99.9000015258789,100.0,307.67999267578125,4127.35986328125,0.0008999999845400453,2.0625,860.3907470703125,62.0,15.0,4.0,62.0,6100.0,262.48773193359375,279.54266357421875,285.0880432128906,288.1872253417969,291.78314208984375,5785.6611328125,3116.30615234375,1510.531982421875,796.7192993164062,125.4061279296875,287.1983337402344,95.12109375,96.58480072021484,347.1536865234375,4150.0,2.9999999242136255e-05,0.0625,5796.21484375,3126.37841796875,1516.845458984375,803.430419921875,142.5361328125,261.7893981933594,280.37286376953125,285.26123046875,288.13787841796875,291.67041015625,12.764439582824707,83.1240463256836,98.7779541015625,99.0915298461914,,,,287.6123962402344,,101679.875,94399.0625,,21.92348289489746,91.0,,,0.0,0.0,256.0,100.0,100.0,,100.0,,95.0,,100.0,100.0,4.0,240.0,282.19000244140625,281.8999938964844,96.0,20.0,12.399999618530273,13.699999809265137
2022-10-26T06:53,2022-10-26T07:00,24,holdout_baserate,0,2022,10,6,25,2022-10-25T06:00,25,2022-10-25T06:00,25,2022-10-25T06:00,22,2022-10-25T09:00,24,2022-10-25T06:00,24,2022-10-25T07:00,-999.0,100.0,100.0,0.0,0.0,1344.8404541015625,1344.772705078125,81000.0,86800.0,2118.165771484375,5.712787628173828,261.8271179199219,278.2643737792969,284.6976318359375,287.3360595703125,291.2933349609375,5783.74072265625,3119.464111328125,1513.9461669921875,132.0590362548828,284.3836364746094,98.9000015258789,335.7099609375,4154.39990234375,0.0,0.0,0.8999999761581421,20000.025390625,0.0,13.600000381469727,70.19999694824219,0.0,24134.994140625,0.0,0.0,258.4723205566406,275.28826904296875,287.2382507324219,290.2701110839844,288.8685607910156,5750.88134765625,3123.013916015625,1523.307373046875,804.399169921875,137.69778442382812,288.53399658203125,67.30000305175781,53.599998474121094,172.65248107910156,3424.47998046875,1197.1669921875,61.0,12.0,23.0,100.0,262.6000061035156,279.79998779296875,283.1000061035156,286.6000061035156,290.8999938964844,5795.48388671875,3121.452880859375,1510.156005859375,801.6475219726562,141.9394073486328,283.7200012207031,99.80000305175781,100.0,394.32000732421875,4178.240234375,0.0006000000284984708,0.9375,968.4398803710938,82.0,65.0,1.0,47.0,9800.0,262.1436767578125,277.7427978515625,285.6602783203125,287.8059387207031,291.129150390625,5788.265625,3123.212158203125,1515.06787109375,800.7047119140625,132.14073181152344,286.83514404296875,93.6224365234375,95.9989013671875,227.71682739257812,4050.0,0.00014000000373926014,1.375,5799.140625,3129.90380859375,1517.607421875,805.015380859375,145.722900390625,262.0281982421875,280.5634460449219,284.8534240722656,287.2955322265625,290.789794921875,5.078113555908203,86.45459747314453,98.89800262451172,99.29638671875,,,,286.461181640625,,101726.875,94436.8125,,17.764020919799805,93.0,,,0.0,0.0,0.0,100.0,100.0,,100.0,,94.0,,98.0,100.0,2.0,188.0,282.1199951171875,281.6000061035156,95.0,15.0,11.199999809265137,12.100000381469727
2022-11-06T06:52,2022-11-06T07:00,1,holdout_baserate,0,2022,11,6,1,2022-11-06T06:00,1,2022-11-06T06:00,1,2022-11-06T06:00,1,2022-11-06T06:00,0,2022-11-06T06:00,1,2022-11-06T06:00,-999.0,0.0,29.0,0.0,3.0,nan,1344.5946044921875,nan,87000.0,nan,13.284828186035156,263.638916015625,279.46673583984375,284.9051818847656,287.7056884765625,291.9499206542969,5822.42431640625,3151.1416015625,1539.97509765625,155.36651611328125,283.52374267578125,95.0,341.1826171875,4175.83984375,12200.0,0.0,0.0,19999.80859375,0.0,5.0,5.0,0.0,24134.98828125,0.0,0.0,258.3133850097656,275.63671875,284.4039001464844,287.66448974609375,281.35528564453125,5706.6298828125,3072.871337890625,1480.4327392578125,770.8419189453125,117.67437744140625,280.82037353515625,69.5999984741211,20.299999237060547,125.09490966796875,3540.800048828125,8018.81103515625,20.0,29.0,89.0,24100.0,264.5,279.5,283.70001220703125,286.20001220703125,290.5,5822.60400390625,3145.225830078125,1533.2435302734375,826.2240600585938,164.98204040527344,283.6700134277344,96.9000015258789,98.0,544.0,4125.759765625,0.0,0.3125,7112.6640625,30.0,0.0,100.0,30.0,14900.0,263.8715515136719,279.2300109863281,285.1778564453125,287.2115173339844,291.38836669921875,5818.68896484375,3149.119384765625,1537.162841796875,826.5216674804688,156.49269104003906,286.50506591796875,86.84613037109375,88.6718521118164,417.0137023925781,4110.0,0.0,0.0,5828.55078125,3150.41650390625,1534.911376953125,823.724609375,163.251220703125,264.2750244140625,279.677001953125,286.4914245605469,287.2485046386719,291.33795166015625,18.092174530029297,39.777976989746094,84.19791412353516,86.31492614746094,,,,287.2852783203125,,101875.4375,94579.015625,,12.764949798583984,71.0,,,0.0,0.0,16274.0,22.0,23.0,,35.0,,21.0,,21.0,23.0,2.0,393.0,281.65997314453125,279.7699890136719,86.0,4.0,18.799999237060547,21.0
2022-10-26T06:53,2022-10-26T07:00,48,holdout_baserate,0,2022,10,6,43,2022-10-24T12:00,49,2022-10-24T06:00,49,2022-10-24T06:00,46,2022-10-24T09:00,48,2022-10-24T06:00,36,2022-10-24T19:00,-999.0,100.0,100.0,100.0,100.0,1344.6650390625,1344.67626953125,37000.0,86800.0,8463.9677734375,5.750417709350586,261.6663818359375,277.6880187988281,284.6740417480469,286.92388916015625,290.9326477050781,5783.478515625,3119.45849609375,1512.5001220703125,132.15255737304688,283.91265869140625,99.0999984741211,388.2384338378906,4200.72021484375,0.0,0.0,11.880000114440918,3505.617431640625,55.400001525878906,91.0999984741211,5.0,0.0,24135.060546875,0.0,0.0,258.0333251953125,274.2413330078125,286.6308288574219,290.7648620605469,290.691650390625,5742.24267578125,3119.049072265625,1522.6304931640625,804.1909790039062,135.35281372070312,290.4645690917969,60.70000076293945,51.79999923706055,224.61326599121094,3256.0,1197.1483154296875,63.0,10.0,2.0,0.0,262.29998779296875,279.79998779296875,283.29998779296875,285.70001220703125,289.8999938964844,5798.12744140625,3127.554931640625,1516.5360107421875,810.795166015625,153.21023559570312,283.17999267578125,99.80000305175781,100.0,305.3599853515625,4064.9599609375,9.999999747378752e-05,0.8125,916.585693359375,78.0,100.0,100.0,78.0,5900.0,261.47802734375,276.74542236328125,284.9320983886719,286.7641296386719,290.27886962890625,5786.4287109375,3126.40283203125,1523.6513671875,811.5120239257812,145.4140625,286.2201232910156,95.42119598388672,98.6514892578125,313.0186462402344,4010.0,9.000000136438757e-05,9.5625,5800.546875,3124.427978515625,1519.016357421875,807.1453857421875,149.21533203125,262.58099365234375,280.54248046875,284.34423828125,286.4238586425781,290.0384826660156,4.264568328857422,98.05179595947266,96.12825012207031,99.74077606201172,,,,286.14495849609375,,101767.6875,94465.7890625,,18.892045974731445,94.0,,,0.0,0.0,256.0,100.0,100.0,,100.0,,87.0,,91.0,95.0,6.0,233.0,281.90997314453125,281.1199951171875,95.0,20.0,10.800000190734863,12.100000381469727
2022-11-06T06:52,2022-11-06T07:00,24,holdout_baserate,0,2022,11,6,25,2022-11-05T06:00,25,2022-11-05T06:00,25,2022-11-05T06:00,22,2022-11-05T09:00,24,2022-11-05T06:00,24,2022-11-05T07:00,-999.0,0.0,20.0,0.0,1.0,8994.8642578125,1344.3404541015625,28500.0,86900.0,10695.25390625,12.36319637298584,262.4751892089844,278.74798583984375,284.32763671875,286.7063293457031,290.8629150390625,5803.3642578125,3140.28515625,1533.03125,153.34075927734375,282.2042236328125,93.80000305175781,329.0751953125,4075.679931640625,12200.0,0.0,0.0,19999.857421875,0.0,0.0,63.599998474121094,0.0,24135.0234375,0.0,0.0,258.8722229003906,274.7346496582031,283.42047119140625,286.1845703125,281.1670837402344,5703.60400390625,3070.069580078125,1484.3248291015625,778.0543212890625,127.58637237548828,280.67218017578125,75.30000305175781,18.799999237060547,113.74745178222656,3412.320068359375,19999.873046875,31.0,3.0,32.0,24100.0,264.3999938964844,279.6000061035156,286.20001220703125,286.29998779296875,290.6000061035156,5819.9521484375,3149.314208984375,1535.383056640625,827.7468872070312,168.73562622070312,283.69000244140625,94.0,94.0,443.0400085449219,4065.60009765625,0.0,0.4375,nan,3.0,0.0,100.0,3.0,17000.0,262.4342956542969,278.9456787109375,285.07135009765625,286.51202392578125,290.2138977050781,5806.01025390625,3145.87353515625,1536.27392578125,827.3394775390625,159.62022399902344,285.0108947753906,82.41748046875,80.99695587158203,398.0396423339844,3990.0,0.0,0.5,5825.97265625,3153.572998046875,1541.9775390625,831.4732055664062,172.89013671875,264.08587646484375,278.8145751953125,286.331787109375,286.49847412109375,290.4673156738281,10.491853713989258,37.24931335449219,84.42625427246094,89.6552963256836,,,,285.7041015625,,102001.875,94696.578125,,12.543947219848633,66.0,,,0.0,0.0,201.0,81.0,83.0,,87.0,,55.0,,55.0,57.0,5.0,397.0,281.739990234375,279.3999938964844,86.0,4.0,17.600000381469727,20.5
2022-11-16T03:47,2022-11-16T04:00,1,holdout_baserate,0,2022,11,3,1,2022-11-16T03:00,4,2022-11-16T00:00,4,2022-11-16T00:00,1,2022-11-16T03:00,3,2022-11-16T00:00,1,2022-11-16T03:00,-999.0,0.0,79.0,100.0,100.0,5247.28369140625,1386.6993408203125,30400.0,86000.0,10242.9716796875,5.973004341125488,253.68829345703125,266.72589111328125,266.04595947265625,268.674072265625,272.7668762207031,5595.3818359375,3025.82080078125,1508.031982421875,211.1180419921875,265.4776611328125,89.0,172.91798400878906,129.1999969482422,3300.0,9.999999747378752e-05,0.0560000017285347,2005.153076171875,99.0,86.5999984741211,0.0,1.7999999523162842,24135.025390625,8.000000093488779e-07,0.0,254.40097045898438,268.2109680175781,278.7085876464844,283.1899719238281,286.2138366699219,5550.73828125,2966.69189453125,1410.5181884765625,713.0457763671875,59.89550018310547,285.50567626953125,87.9000015258789,75.80000305175781,373.9875793457031,2152.800048828125,1195.7689208984375,100.0,100.0,100.0,0.0,253.89999389648438,268.6000061035156,264.20001220703125,267.3999938964844,271.3999938964844,5608.16552734375,3032.3076171875,1518.3682861328125,861.0081176757812,238.065673828125,265.8599853515625,97.80000305175781,100.0,246.72000122070312,59.68000030517578,9.999999747378752e-05,0.375,2142.503173828125,43.0,97.0,100.0,4.0,1000.0,254.8773193359375,266.3514709472656,265.7576599121094,268.4151611328125,272.3885498046875,5598.7724609375,3025.14013671875,1511.984619140625,849.8706665039062,221.4143524169922,268.18194580078125,84.0859603881836,84.957275390625,214.34915161132812,20.0,0.00026000000070780516,0.375,5605.1796875,3029.858154296875,1517.462646484375,856.4486694335938,238.451171875,253.98667907714844,265.87939453125,265.5357666015625,268.582275390625,272.73126220703125,86.25736999511719,67.2720718383789,76.65361785888672,69.61703491210938,,,,270.4357604980469,,103004.25,95188.5390625,,10.584359169006348,97.0,,,32.0,32.0,11154.0,36.0,37.0,,64.0,,13.0,,23.0,27.0,0.0,233.0,263.69000244140625,261.1000061035156,80.0,13.0,11.199999809265137,11.199999809265137
2022-11-06T06:52,2022-11-06T07:00,48,holdout_baserate,0,2022,11,6,43,2022-11-04T12:00,49,2022-11-04T06:00,49,2022-11-04T06:00,46,2022-11-04T09:00,48,2022-11-04T06:00,36,2022-11-04T19:00,-999.0,0.0,70.0,0.0,6.0,1344.5345458984375,1344.3868408203125,nan,86900.0,1471.5689697265625,13.922286987304688,262.0107116699219,277.5341491699219,283.39276123046875,286.91619873046875,291.178466796875,5790.58056640625,3129.741455078125,1527.851806640625,150.3727569580078,282.69927978515625,96.30000305175781,373.0040588378906,4076.47998046875,1200.0,0.0,0.33000001311302185,938.678955078125,0.0,100.0,100.0,0.0,24135.28515625,0.0,0.0,258.891845703125,274.024169921875,282.4586181640625,286.333251953125,281.6324768066406,5709.85400390625,3080.431640625,1501.3031005859375,795.5396728515625,143.72390747070312,281.31121826171875,73.5999984741211,16.600000381469727,89.792236328125,3287.0400390625,20000.1015625,38.0,0.0,1.0,24100.0,263.29998779296875,280.20001220703125,285.5,285.6000061035156,289.79998779296875,5822.59423828125,3153.42578125,1538.27294921875,832.3214111328125,173.4602508544922,282.989990234375,93.19999694824219,93.0,442.1600036621094,4141.43994140625,0.0,0.4375,9019.9345703125,21.0,0.0,88.0,21.0,15100.0,261.40435791015625,277.8218994140625,283.473388671875,286.4251403808594,290.44915771484375,5791.92041015625,3134.805908203125,1533.7813720703125,826.0828857421875,160.0297393798828,285.41259765625,86.68701171875,88.69940185546875,461.7086181640625,4040.0,0.0,0.0,5824.51953125,3150.91357421875,1540.650634765625,832.3643798828125,173.67431640625,264.52777099609375,278.55523681640625,285.4687805175781,286.07257080078125,290.302001953125,14.931068420410156,48.086883544921875,93.10850524902344,92.89669036865234,,,,286.49859619140625,,102020.375,94698.359375,,13.576436042785645,64.0,,,0.0,0.0,201.0,95.0,95.0,,96.0,,62.0,,62.0,62.0,6.0,401.0,281.92999267578125,279.20001220703125,84.0,6.0,16.799999237060547,21.100000381469727
2022-11-16T03:47,2022-11-16T04:00,24,holdout_baserate,0,2022,11,3,22,2022-11-15T06:00,22,2022-11-15T06:00,22,2022-11-15T06:00,25,2022-11-15T03:00,21,2022-11-15T06:00,24,2022-11-15T04:00,-999.0,0.0,70.0,100.0,100.0,6664.2041015625,1341.6893310546875,30400.0,87000.0,9900.30859375,4.398739337921143,253.664794921875,264.4851379394531,266.50958251953125,268.82891845703125,272.97454833984375,5597.0166015625,3027.33447265625,1517.370361328125,222.217041015625,265.3267822265625,88.5,149.8396453857422,102.55999755859375,14400.0,0.0,0.0,19999.95703125,5.0,88.5999984741211,0.0,3.5999999046325684,24135.0546875,0.0,0.0625,254.34251403808594,269.2745056152344,277.59625244140625,282.061279296875,285.3817138671875,5545.51708984375,2966.535400390625,1414.1517333984375,719.338134765625,69.16719055175781,284.7457580566406,86.69999694824219,76.30000305175781,586.7596435546875,2027.0400390625,1195.7882080078125,100.0,100.0,100.0,0.0,255.10000610351562,266.20001220703125,265.29998779296875,267.1000061035156,271.1000061035156,5605.1044921875,3023.484130859375,1509.439208984375,851.76123046875,229.24366760253906,265.6000061035156,97.0999984741211,100.0,208.9600067138672,19.200000762939453,0.0,0.0625,5759.54296875,50.0,100.0,100.0,50.0,15000.0,254.0518341064453,264.52685546875,266.69354248046875,268.24371337890625,272.81573486328125,5599.203125,3029.038818359375,1512.6298828125,851.45703125,223.5155487060547,268.9134216308594,88.2926025390625,89.30024719238281,292.7567443847656,110.0,0.0,0.0,5603.30078125,3033.8486328125,1519.048828125,856.8245239257812,236.930419921875,254.29039001464844,264.6836242675781,265.75604248046875,269.3634338378906,273.50372314453125,49.15443420410156,64.05014038085938,75.53118133544922,68.73596954345703,,,,270.9305725097656,,102985.875,95188.609375,,9.24370288848877,95.0,,,30.0,32.0,457.0,39.0,50.0,,68.0,,42.0,,42.0,43.0,0.0,204.0,264.28997802734375,260.239990234375,72.0,1.0,10.399999618530273,10.399999618530273
2022-11-26T10:52,2022-11-26T11:00,1,train,0,2022,11,10,1,2022-11-26T10:00,5,2022-11-26T06:00,5,2022-11-26T06:00,1,2022-11-26T10:00,0,2022-11-26T12:00,1,2022-11-26T10:00,-999.0,0.0,42.0,0.0,0.0,nan,1341.6402587890625,nan,85100.0,nan,16.66705894470215,251.4171600341797,268.5109558105469,268.8807067871094,270.60760498046875,274.7325744628906,5457.34326171875,2891.41015625,1358.123046875,45.75255584716797,265.28997802734375,87.9000015258789,292.49102783203125,98.31999969482422,13000.0,0.0,0.004000000189989805,19999.955078125,0.0,36.5,61.79999923706055,0.0,24135.169921875,0.0,0.0,256.9139709472656,271.74932861328125,280.4566345214844,281.2919616699219,282.5459899902344,5751.720703125,3159.60498046875,1585.267822265625,889.4866333007812,245.36868286132812,283.9439697265625,76.0999984741211,38.900001525878906,356.4393310546875,2921.280029296875,19999.8046875,52.0,0.0,0.0,11600.0,251.8000030517578,269.20001220703125,265.0,267.20001220703125,271.20001220703125,5460.966796875,2888.139892578125,1355.884765625,698.2279052734375,75.75760650634766,264.22003173828125,92.80000305175781,94.0,319.9200134277344,0.0,0.0,2.5,834.8590087890625,93.0,0.0,0.0,93.0,6900.0,249.9349822998047,267.4984130859375,268.2096252441406,269.41961669921875,273.6544494628906,5457.880859375,2900.78173828125,1369.9515380859375,705.4525756835938,69.38941955566406,268.4683837890625,92.76425170898438,89.3150405883789,445.2147216796875,40.0,0.0,0.0,5482.7734375,2909.46923828125,1366.927734375,707.887939453125,91.5400390625,251.55990600585938,270.2510986328125,267.0102844238281,267.7913818359375,271.98675537109375,17.498462677001953,59.565521240234375,86.88143157958984,81.75083923339844,,,,268.624755859375,,101217.6875,93482.734375,,4.9859938621521,69.0,,,0.0,0.0,209.0,45.0,55.0,,64.0,,62.0,,62.0,62.0,1.0,359.0,262.7499694824219,260.94000244140625,87.0,4.0,20.399999618530273,22.399999618530273
2022-11-16T03:47,2022-11-16T04:00,48,holdout_baserate,0,2022,11,3,46,2022-11-14T06:00,46,2022-11-14T06:00,46,2022-11-14T06:00,49,2022-11-14T03:00,45,2022-11-14T06:00,36,2022-11-14T16:00,-999.0,0.0,100.0,100.0,100.0,1341.7938232421875,1341.7086181640625,30400.0,87000.0,10213.40234375,3.493762731552124,252.7291259765625,264.55450439453125,265.7461242675781,268.507080078125,272.76409912109375,5588.13916015625,3030.3095703125,1517.064208984375,223.8887176513672,265.0916748046875,92.4000015258789,211.02020263671875,68.63999938964844,200.0,0.0,0.2800000011920929,869.8467407226562,100.0,95.9000015258789,0.0,3.9000000953674316,24134.927734375,0.0,0.0625,255.97349548339844,267.94000244140625,277.7644958496094,282.0204162597656,285.7017517089844,5554.75927734375,2975.380859375,1421.51953125,726.7034301757812,75.75946807861328,285.1675720214844,88.5999984741211,79.19999694824219,360.10272216796875,2143.840087890625,3201.566650390625,99.0,100.0,98.0,24100.0,254.39999389648438,265.0,266.5,267.1000061035156,271.1000061035156,5602.01318359375,3025.87939453125,1510.555419921875,852.191162109375,230.8447265625,265.45001220703125,69.30000305175781,70.0,172.32000732421875,0.0,0.0,0.0,940.6689453125,100.0,100.0,100.0,100.0,6600.6044921875,253.367431640625,265.14678955078125,265.29913330078125,267.3997497558594,272.0321044921875,5588.8818359375,3032.701416015625,1518.7210693359375,860.469482421875,234.38540649414062,268.0850830078125,92.30340576171875,97.1295394897461,376.4527587890625,20.0,0.0,0.25,5597.9140625,3033.8115234375,1516.65380859375,855.541015625,235.599365234375,254.8292694091797,265.849853515625,265.21466064453125,269.31622314453125,273.5373229980469,41.25983810424805,71.77718353271484,67.38603210449219,67.02777099609375,,,,270.4442138671875,,102970.1875,95162.890625,,8.494216918945312,78.0,,,30.0,32.0,201.0,22.0,25.0,,44.0,,52.0,,52.0,53.0,0.0,161.0,264.27996826171875,260.08001708984375,71.0,2.0,10.0,10.0
2022-11-26T10:52,2022-11-26T11:00,24,train,0,2022,11,10,23,2022-11-25T12:00,23,2022-11-25T12:00,23,2022-11-25T12:00,26,2022-11-25T09:00,24,2022-11-25T12:00,24,2022-11-25T11:00,-999.0,0.0,5.0,0.0,0.0,nan,1341.336669921875,nan,85100.0,nan,17.137264251708984,252.16195678710938,269.22821044921875,267.5923156738281,268.5696105957031,272.6083984375,5462.25,2890.533203125,1355.767822265625,49.097145080566406,263.6407165527344,83.0999984741211,272.242431640625,0.0,15800.0,0.0,14.170000076293945,10357.2255859375,0.0,5.0,100.0,0.0,24134.98828125,0.0,0.0,257.27264404296875,271.5806579589844,279.7457580566406,280.9317321777344,282.56890869140625,5751.6904296875,3158.203369140625,1585.76416015625,891.1920166015625,247.39309692382812,284.05401611328125,77.9000015258789,39.099998474121094,337.97393798828125,2911.0400390625,1195.5155029296875,50.0,0.0,0.0,0.0,252.8000030517578,268.5,266.6000061035156,266.0,269.8999938964844,5456.69384765625,2886.021728515625,1352.7900390625,697.1207275390625,76.69973754882812,263.1199951171875,98.4000015258789,100.0,320.4800109863281,0.0,0.00019999999494757503,1.125,824.5421752929688,100.0,0.0,0.0,100.0,3300.0,251.8478240966797,268.6808776855469,266.58367919921875,267.6821594238281,271.9724426269531,5459.50341796875,2890.94677734375,1358.5789794921875,698.3095703125,62.85823059082031,266.845703125,92.82524108886719,92.92537689208984,454.23175048828125,0.0,0.0,6.0625,5481.89453125,2904.661376953125,1362.85205078125,703.6080322265625,87.018798828125,251.36444091796875,270.666015625,266.433349609375,267.877197265625,272.1017761230469,11.85546875,63.530738830566406,92.49026489257812,85.03018188476562,,,,268.59051513671875,,101171.75,93447.0546875,,4.315956115722656,68.0,,,32.0,32.0,256.0,63.0,66.0,,66.0,,61.0,,69.0,73.0,0.0,330.0,262.17999267578125,260.69000244140625,89.0,5.0,20.799999237060547,22.899999618530273
2022-11-26T10:52,2022-11-26T11:00,48,train,0,2022,11,10,47,2022-11-24T12:00,47,2022-11-24T12:00,47,2022-11-24T12:00,50,2022-11-24T09:00,48,2022-11-24T12:00,36,2022-11-24T23:00,-999.0,0.0,9.0,0.0,0.0,nan,1341.463623046875,nan,85100.0,nan,17.716638565063477,254.3199462890625,269.2859191894531,266.9688415527344,268.78515625,272.82666015625,5482.3701171875,2897.63037109375,1364.180908203125,60.54106903076172,263.9586181640625,85.69999694824219,275.344970703125,0.0,14300.0,0.0,8.710000038146973,1031.1697998046875,0.0,64.69999694824219,100.0,0.0,24134.994140625,0.0,0.0,258.35546875,272.61932373046875,279.4020690917969,280.929443359375,282.4512634277344,5754.08740234375,3151.6513671875,1577.509033203125,883.3502807617188,239.59384155273438,283.7594299316406,77.69999694824219,38.900001525878906,320.4991760253906,3060.320068359375,1195.549560546875,51.0,0.0,0.0,0.0,250.39999389648438,263.70001220703125,262.6000061035156,265.70001220703125,269.70001220703125,5386.357421875,2859.62255859375,1347.623779296875,694.1598510742188,75.40480041503906,263.17999267578125,98.19999694824219,100.0,359.0400085449219,0.0,0.00039999998989515007,4.0625,824.5403442382812,100.0,0.0,0.0,100.0,3500.0,254.129638671875,269.39532470703125,266.6334228515625,267.9123840332031,272.246826171875,5487.69091796875,2905.162353515625,1367.7911376953125,707.9727783203125,73.56770324707031,267.24774169921875,93.28413391113281,93.51527404785156,412.364013671875,0.0,0.0,5.9375,5467.796875,2894.56982421875,1360.2705078125,701.2666625976562,85.449462890625,251.92999267578125,269.12249755859375,265.9825134277344,267.5362243652344,271.7470703125,7.787466049194336,65.63864135742188,81.98053741455078,76.7808837890625,,,,268.2189025878906,,101160.875,93418.765625,,4.0171613693237305,77.0,,,32.0,32.0,201.0,42.0,44.0,,46.0,,62.0,,62.0,62.0,0.0,309.0,262.260009765625,260.6099853515625,87.0,6.0,19.600000381469727,21.600000381469727
2022-12-05T09:51,2022-12-05T10:00,1,holdout_baserate,0,2022,12,9,1,2022-12-05T09:00,4,2022-12-05T06:00,4,2022-12-05T06:00,1,2022-12-05T09:00,3,2022-12-05T06:00,1,2022-12-05T09:00,-999.0,0.0,0.0,0.0,4.0,nan,nan,nan,nan,nan,8.410244941711426,246.54916381835938,260.8669738769531,266.0894470214844,269.13873291015625,272.65643310546875,5457.9306640625,2953.56640625,1457.55517578125,167.83351135253906,263.6208190917969,59.79999923706055,252.29327392578125,0.0,30000.0,0.0,0.0,20000.140625,0.0,0.0,0.0,0.0,24134.701171875,0.0,0.0,252.0556640625,268.0792236328125,275.3818664550781,279.3050842285156,279.5589904785156,5585.9921875,3021.4677734375,1475.5240478515625,787.4747924804688,149.19496154785156,279.947509765625,67.0999984741211,52.79999923706055,284.50982666015625,1982.239990234375,20000.16015625,6.0,1.0,1.0,24100.0,246.89999389648438,260.70001220703125,265.70001220703125,268.5,272.5,5446.724609375,2943.63427734375,1447.6522216796875,787.5714721679688,168.7782440185547,265.7099914550781,94.5,97.0,409.1199951171875,36.0,0.0,0.0,nan,0.0,8.0,78.0,0.0,26800.0,246.25247192382812,260.13214111328125,267.26116943359375,270.16796875,273.1269226074219,5450.18115234375,2951.37548828125,1454.1357421875,788.4598999023438,164.04269409179688,266.753173828125,63.123985290527344,56.913841247558594,198.6363983154297,0.0,0.0,0.0,5441.66015625,2943.3330078125,1450.653564453125,786.2763671875,167.64404296875,246.14376831054688,260.28533935546875,266.1640930175781,269.6576232910156,273.2674560546875,56.2536735534668,57.625572204589844,58.2879524230957,64.77605438232422,,,,267.5116271972656,,102073.1875,94339.1875,,5.7649383544921875,45.0,,,88888.0,1152.0,16274.0,6.0,6.0,,29.0,,5.0,,5.0,5.0,0.0,180.0,262.46002197265625,258.3899841308594,70.0,0.0,14.0,14.800000190734863
2022-12-05T09:51,2022-12-05T10:00,24,holdout_baserate,0,2022,12,9,22,2022-12-04T12:00,22,2022-12-04T12:00,22,2022-12-04T12:00,25,2022-12-04T09:00,21,2022-12-04T12:00,24,2022-12-04T10:00,-999.0,0.0,1.0,9.0,3.0,nan,1386.7421875,nan,85800.0,nan,8.612174987792969,245.86239624023438,260.4259033203125,265.934326171875,269.34130859375,273.3016357421875,5452.056640625,2954.134765625,1458.8232421875,168.18309020996094,264.3631591796875,75.5999984741211,268.360107421875,0.0,19300.0,0.0,0.009999999776482582,19999.888671875,4.599999904632568,0.0,0.0,0.0,24134.708984375,0.0,0.0,252.30828857421875,267.5538330078125,275.1602783203125,279.728759765625,279.3459777832031,5585.17138671875,3022.814453125,1477.588623046875,789.7990112304688,151.49472045898438,279.7681884765625,62.400001525878906,40.599998474121094,286.4278259277344,1930.4000244140625,20000.005859375,5.0,10.0,7.0,24100.0,246.6999969482422,261.1000061035156,266.70001220703125,268.3999938964844,272.3999938964844,5449.25634765625,2942.39892578125,1443.3251953125,782.8804931640625,164.2958526611328,265.0799865722656,76.5,69.0,366.6400146484375,0.0,0.0,0.0,nan,5.0,45.0,16.0,5.0,16400.0,245.92755126953125,260.250244140625,266.03936767578125,268.5146179199219,271.88446044921875,5451.4970703125,2952.71923828125,1458.4127197265625,796.4067993164062,172.54930114746094,265.91021728515625,78.42823791503906,79.98832702636719,293.41497802734375,0.0,0.0,0.0,5444.01953125,2947.70654296875,1454.14794921875,790.465576171875,171.773681640625,245.43040466308594,260.5928039550781,265.82745361328125,269.59222412109375,273.2220458984375,60.14380645751953,63.19590377807617,61.046756744384766,66.84054565429688,,,,267.9067077636719,,102132.125,94396.40625,,5.788069248199463,26.0,,,88886.0,3640.0,256.0,8.0,9.0,,20.0,,62.0,,66.0,69.0,0.0,176.0,262.75,258.2200012207031,70.0,1.0,14.0,14.800000190734863
2022-12-05T09:51,2022-12-05T10:00,48,holdout_baserate,0,2022,12,9,46,2022-12-03T12:00,46,2022-12-03T12:00,46,2022-12-03T12:00,49,2022-12-03T09:00,45,2022-12-03T12:00,36,2022-12-03T22:00,-999.0,0.0,5.0,0.0,8.0,nan,1341.6669921875,nan,86500.0,nan,7.1447954177856445,246.50161743164062,260.7068786621094,265.07257080078125,268.31622314453125,272.2243347167969,5477.443359375,2970.928955078125,1478.1021728515625,190.29335021972656,263.1015319824219,78.80000305175781,275.5650329589844,0.0,15500.0,0.0,22.040000915527344,20000.166015625,0.0,5.0,0.0,0.0,24135.255859375,0.0,0.0,251.99224853515625,268.5888366699219,275.9293212890625,279.2185974121094,279.0224914550781,5596.142578125,3025.265380859375,1475.903076171875,787.5452880859375,150.61175537109375,279.4327087402344,63.79999923706055,41.599998474121094,312.1123962402344,2059.52001953125,20000.103515625,3.0,0.0,0.0,24100.0,247.39999389648438,264.5,267.0,267.6000061035156,271.6000061035156,5475.32568359375,2955.776611328125,1443.6605224609375,784.5393676757812,166.38917541503906,264.4200134277344,77.4000015258789,73.0,366.55999755859375,0.0,0.0,0.0,nan,4.0,16.0,86.0,0.0,16400.0,246.33543395996094,261.2427978515625,264.1365966796875,268.3959655761719,271.84771728515625,5473.58203125,2967.70166015625,1474.4735107421875,814.88525390625,190.5740966796875,266.082763671875,79.07609558105469,79.61241149902344,292.67742919921875,0.0,0.0,9.8125,5418.859375,2927.736328125,1438.834228515625,777.42578125,159.81591796875,244.7480926513672,259.89678955078125,264.6755676269531,268.9344177246094,272.6962890625,60.864959716796875,70.39014434814453,67.21089172363281,68.60932922363281,,,,268.2119445800781,,101989.9375,94240.453125,,5.5481343269348145,21.0,,,88886.0,2952.0,256.0,21.0,22.0,,31.0,,57.0,,57.0,57.0,0.0,187.0,262.41998291015625,258.82000732421875,74.0,1.0,13.600000381469727,14.399999618530273
2022-12-15T09:59,2022-12-15T10:00,1,holdout_baserate,0,2022,12,9,1,2022-12-15T09:00,4,2022-12-15T06:00,4,2022-12-15T06:00,1,2022-12-15T09:00,3,2022-12-15T06:00,1,2022-12-15T09:00,-999.0,100.0,100.0,0.0,0.0,1342.0572509765625,1342.0384521484375,82900.0,87000.0,1873.5859375,4.326258659362793,248.91213989257812,264.4986572265625,267.243408203125,270.7716064453125,274.9053649902344,5551.853515625,3012.921142578125,1500.7332763671875,198.9671630859375,266.9314880371094,94.0,373.53143310546875,355.2799987792969,0.0,0.0,0.003000000026077032,2282.81787109375,85.30000305175781,81.0,100.0,56.900001525878906,24134.896484375,0.0,0.25,251.00701904296875,268.7364501953125,279.2420654296875,281.68048095703125,284.2476806640625,5448.48583984375,2881.100341796875,1324.55908203125,626.8120727539062,-20.818593978881836,283.3167419433594,91.4000015258789,98.0,179.98731994628906,2062.719970703125,1196.152099609375,53.0,0.0,0.0,100.0,249.10000610351562,264.8999938964844,265.8999938964844,268.6000061035156,272.6000061035156,5558.88720703125,3017.42724609375,1502.3031005859375,841.4751586914062,219.12991333007812,266.760009765625,98.0,100.0,368.6400146484375,198.24000549316406,0.00019999999494757503,0.375,951.670166015625,100.0,0.0,0.0,100.0,13100.0,250.0602569580078,263.7939147949219,267.65142822265625,270.0555114746094,274.31109619140625,5556.93994140625,3020.817138671875,1505.86962890625,841.4812622070312,211.73924255371094,270.221435546875,92.5379867553711,94.20731353759766,461.289306640625,300.0,0.0,0.0,5552.51953125,3018.461181640625,1503.387939453125,837.5440063476562,215.409423828125,249.55441284179688,263.7058410644531,267.1502685546875,270.3575744628906,274.5686340332031,42.63433837890625,97.2103042602539,92.94627380371094,88.22216796875,,,,270.90643310546875,,102737.9375,94966.421875,,7.163695812225342,73.0,,,0.0,0.0,256.0,41.0,44.0,,44.0,,87.0,,91.0,95.0,0.0,231.0,264.3500061035156,263.02996826171875,90.0,3.0,12.800000190734863,13.0
2022-12-15T09:59,2022-12-15T10:00,24,holdout_baserate,0,2022,12,9,22,2022-12-14T12:00,22,2022-12-14T12:00,22,2022-12-14T12:00,25,2022-12-14T09:00,21,2022-12-14T12:00,24,2022-12-14T10:00,-999.0,100.0,100.0,0.0,0.0,1341.970458984375,1341.89453125,82900.0,87000.0,1872.43408203125,4.881808757781982,248.94705200195312,264.06561279296875,267.2786865234375,270.0572204589844,274.0771789550781,5549.18505859375,3017.2880859375,1505.0731201171875,206.7490692138672,265.95843505859375,93.0999984741211,347.39508056640625,198.39999389648438,0.0,0.0,0.09000000357627869,1507.93603515625,100.0,100.0,100.0,64.19999694824219,22428.603515625,7.119999645510688e-05,3.5625,252.55906677246094,268.2497863769531,276.7991943359375,281.7164306640625,283.354248046875,5446.07080078125,2874.630615234375,1321.103515625,627.2676391601562,-19.62196922302246,282.3120422363281,98.0,88.0,68.14533233642578,2033.43994140625,20000.005859375,31.0,0.0,0.0,0.0,248.6999969482422,264.79998779296875,266.8999938964844,267.5,271.5,5559.4013671875,3020.832275390625,1503.3323974609375,843.89599609375,221.8331298828125,265.5400085449219,97.5999984741211,100.0,247.0399932861328,10.239999771118164,0.0,0.4375,987.5104370117188,89.0,0.0,0.0,89.0,13200.0,249.09710693359375,263.10308837890625,266.7474365234375,269.8045654296875,273.54620361328125,5547.478515625,3020.203369140625,1511.0789794921875,847.1000366210938,218.00677490234375,268.86737060546875,85.80520629882812,93.30714416503906,419.7348327636719,140.0,0.0,0.25,5546.73046875,3015.237548828125,1499.2529296875,831.9971923828125,209.46630859375,249.18479919433594,263.71636962890625,268.76531982421875,270.584716796875,274.7803649902344,36.46132278442383,79.28949737548828,93.65286254882812,89.99456787109375,,,,270.26116943359375,,102673.5625,94900.21875,,7.102452278137207,69.0,,,30.0,32.0,201.0,58.0,66.0,,72.0,,67.0,,72.0,73.0,0.0,226.0,264.1299743652344,262.3800048828125,87.0,0.0,12.800000190734863,13.300000190734863
2022-12-24T08:52,2022-12-24T09:00,1,train,0,2022,12,8,1,2022-12-24T08:00,3,2022-12-24T06:00,3,2022-12-24T06:00,1,2022-12-24T08:00,3,2022-12-24T06:00,1,2022-12-24T08:00,-999.0,0.0,100.0,0.0,0.0,nan,1339.8494873046875,nan,83000.0,nan,13.08558177947998,240.58094787597656,253.40045166015625,255.2645721435547,258.5107727050781,262.3561096191406,5078.57421875,2634.9365234375,1186.5537109375,-60.477783203125,252.5312042236328,75.0999984741211,234.6878662109375,0.0,14700.0,0.0,0.07900000363588333,9047.0380859375,0.0,0.0,100.0,5.800000190734863,24135.291015625,0.0,0.0,256.753173828125,274.2989501953125,280.8760681152344,283.76055908203125,284.3583679199219,5702.7783203125,3085.9443359375,1502.6629638671875,800.8399047851562,149.2727813720703,284.4468078613281,88.5,68.80000305175781,169.87863159179688,3268.639892578125,19999.93359375,33.0,13.0,0.0,0.0,239.39999389648438,256.0,249.89999389648438,253.89999389648438,257.70001220703125,5059.75146484375,2616.2607421875,1163.6131591796875,540.0353393554688,-56.45537567138672,250.36000061035156,97.0,100.0,259.3599853515625,0.0,9.999999747378752e-05,0.5,835.1461791992188,89.0,2.0,0.0,82.0,5700.0,241.04493713378906,253.50628662109375,253.7266387939453,257.10870361328125,260.988525390625,5071.109375,2625.251953125,1179.6204833984375,548.6571044921875,-59.55267333984375,254.9821319580078,76.39175415039062,75.34415435791016,329.4275817871094,0.0,1.9999999494757503e-05,0.0625,5080.5,2626.479248046875,1177.238525390625,545.328125,-46.48046875,241.1128692626953,252.78280639648438,254.04669189453125,257.45343017578125,261.24554443359375,96.02142333984375,87.32069396972656,76.81178283691406,79.57572937011719,,,,257.10321044921875,,99341.5625,91435.28125,,3.4166293144226074,74.0,,,0.0,0.0,256.0,93.0,93.0,,93.0,,74.0,,76.0,81.0,0.0,310.0,250.9499969482422,247.58999633789062,76.0,2.0,18.799999237060547,20.600000381469727
2022-12-15T09:59,2022-12-15T10:00,48,holdout_baserate,0,2022,12,9,46,2022-12-13T12:00,46,2022-12-13T12:00,46,2022-12-13T12:00,49,2022-12-13T09:00,45,2022-12-13T12:00,36,2022-12-13T22:00,-999.0,100.0,100.0,0.0,0.0,1341.794677734375,1341.77001953125,81000.0,86700.0,11774.4306640625,4.437036991119385,248.91354370117188,263.4537353515625,264.81781005859375,268.95697021484375,273.01129150390625,5520.8037109375,2990.74169921875,1491.218017578125,197.84884643554688,265.126220703125,92.5,375.9231872558594,77.5199966430664,0.0,0.0,0.8999999761581421,290.7286071777344,100.0,86.80000305175781,100.0,43.29999923706055,24134.962890625,1.2800000149582047e-05,0.75,252.02806091308594,268.06500244140625,277.1360168457031,280.8026428222656,284.57769775390625,5465.51025390625,2897.798828125,1346.7867431640625,653.7423706054688,6.371500015258789,283.874755859375,94.0999984741211,100.0,194.16885375976562,1924.0,20000.189453125,45.0,0.0,0.0,0.0,248.1999969482422,264.79998779296875,265.3999938964844,267.3999938964844,271.3999938964844,5538.279296875,3004.1171875,1489.5147705078125,831.8462524414062,212.47093200683594,265.9200134277344,97.4000015258789,100.0,366.55999755859375,68.31999969482422,0.0003000000142492354,0.5,962.2675170898438,100.0,0.0,0.0,100.0,9700.0,248.7564239501953,261.7295837402344,264.6282958984375,268.733642578125,272.425537109375,5517.701171875,2994.349609375,1497.3331298828125,836.7232666015625,209.75437927246094,268.21002197265625,89.62442779541016,94.49333190917969,353.1458740234375,30.0,0.0,0.9375,5550.17578125,3013.862548828125,1504.612548828125,838.1807861328125,215.639892578125,249.1125946044922,263.7356872558594,266.9278564453125,270.5451965332031,274.81402587890625,28.429336547851562,98.77554321289062,92.16136169433594,89.35169219970703,,,,270.529052734375,,102736.8125,94963.6953125,,6.386446952819824,54.0,,,88886.0,176.0,201.0,60.0,63.0,,69.0,,60.0,,60.0,60.0,0.0,180.0,263.7599792480469,261.95001220703125,88.0,1.0,11.600000381469727,11.699999809265137
2022-12-24T08:52,2022-12-24T09:00,24,train,0,2022,12,8,21,2022-12-23T12:00,21,2022-12-23T12:00,21,2022-12-23T12:00,24,2022-12-23T09:00,21,2022-12-23T12:00,24,2022-12-23T09:00,-999.0,0.0,100.0,0.0,0.0,nan,1339.670654296875,75900.0,83100.0,nan,11.663752555847168,239.93008422851562,254.16664123535156,253.42037963867188,256.38128662109375,260.175048828125,5076.1875,2631.55712890625,1185.231201171875,-57.93389892578125,250.90924072265625,74.5999984741211,222.23081970214844,0.0,11400.0,0.0,87.44999694824219,9054.57421875,0.0,0.0,100.0,0.0,24135.125,0.0,0.0,256.9971923828125,274.2802429199219,281.1619567871094,284.9234924316406,284.7757568359375,5708.8740234375,3089.5400390625,1504.1522216796875,800.9902954101562,146.7723388671875,284.69854736328125,85.5,54.20000076293945,125.29536437988281,3259.840087890625,19999.865234375,37.0,5.0,0.0,5000.0,242.3000030517578,256.79998779296875,251.5,255.60000610351562,259.3999938964844,5089.06689453125,2628.734130859375,1166.804443359375,539.1986083984375,-58.644561767578125,251.77000427246094,88.19999694824219,93.0,225.75999450683594,0.0,0.0,0.1875,nan,96.0,89.0,0.0,96.0,19800.0,239.1865234375,254.60618591308594,251.94471740722656,254.60577392578125,258.4569396972656,5081.673828125,2639.36572265625,1189.15234375,564.0505981445312,-43.7305908203125,252.8797149658203,74.6292495727539,74.93968963623047,381.7452087402344,0.0,0.0,106.9375,5082.0078125,2632.83837890625,1176.022216796875,544.7235107421875,-47.015380859375,240.20069885253906,254.74916076660156,253.0220489501953,257.42767333984375,261.22705078125,86.23766326904297,93.86500549316406,79.21630096435547,80.5456314086914,,,,256.9667663574219,,99337.1875,91435.7734375,,3.3528852462768555,59.0,,,0.0,0.0,256.0,90.0,95.0,,96.0,,68.0,,74.0,78.0,0.0,296.0,252.1300048828125,248.9300079345703,76.0,2.0,18.399999618530273,20.100000381469727
2022-12-24T08:52,2022-12-24T09:00,48,train,0,2022,12,8,45,2022-12-22T12:00,45,2022-12-22T12:00,45,2022-12-22T12:00,48,2022-12-22T09:00,45,2022-12-22T12:00,45,2022-12-22T12:00,-999.0,0.0,100.0,12.0,0.0,nan,1339.6888427734375,nan,83200.0,nan,14.547013282775879,241.9820556640625,256.8647766113281,254.46524047851562,256.9318542480469,260.6964416503906,5120.65625,2650.166015625,1194.080078125,-55.75244140625,252.40438842773438,76.80000305175781,222.92283630371094,0.0,16700.0,0.0,109.58999633789062,9690.9599609375,0.0,22.799999237060547,100.0,0.0,24135.26171875,0.0,0.0,256.62176513671875,273.6162109375,280.6479797363281,284.4428405761719,284.8535461425781,5702.95947265625,3084.801025390625,1503.102783203125,801.2699584960938,147.62521362304688,284.8071594238281,84.80000305175781,59.70000076293945,142.49404907226562,3188.159912109375,19999.82421875,16.0,3.0,0.0,0.0,239.5,255.0,252.3000030517578,256.1000061035156,259.8999938964844,5083.73583984375,2638.74072265625,1189.1776123046875,560.1285400390625,-37.6384391784668,252.5500030517578,97.0,100.0,299.3599853515625,0.0,0.0,0.5625,nan,53.0,0.0,0.0,53.0,20700.0,241.05918884277344,254.87083435058594,252.3669891357422,253.76768493652344,257.54534912109375,5107.6533203125,2650.303466796875,1203.178955078125,578.8671875,-29.011932373046875,250.91207885742188,67.23501586914062,73.15979766845703,320.0090637207031,0.0,0.0,111.125,5093.87890625,2624.116455078125,1165.068603515625,532.9249267578125,-59.699462890625,242.7622528076172,256.53387451171875,252.82237243652344,257.7592468261719,261.5263671875,86.09333038330078,96.52375793457031,78.17721557617188,79.40581512451172,,,,257.10858154296875,,99182.875,91291.953125,,3.916036367416382,59.0,,,192.0,24.0,9984.0,57.0,58.0,,59.0,,51.0,,51.0,51.0,0.0,481.0,253.25,249.4600067138672,72.0,0.2540000081062317,16.399999618530273,16.899999618530273
2023-01-02T13:53,2023-01-02T14:00,1,train,0,2023,1,13,1,2023-01-02T13:00,2,2023-01-02T12:00,2,2023-01-02T12:00,1,2023-01-02T13:00,3,2023-01-02T12:00,1,2023-01-02T13:00,-999.0,0.0,7.0,0.0,0.0,nan,1342.01708984375,nan,86000.0,nan,9.503867149353027,249.205810546875,263.035888671875,269.0742492675781,272.158935546875,276.1825256347656,5463.13916015625,2948.859619140625,1434.8302001953125,130.73204040527344,268.71368408203125,90.0999984741211,227.68807983398438,627.280029296875,13700.0,0.0,0.0,913.0108642578125,100.0,5.0,41.79999923706055,0.0,24134.755859375,4.800000169780105e-06,0.0,251.3153076171875,266.1556701660156,274.92706298828125,278.48748779296875,283.8048095703125,5647.84326171875,3088.712646484375,1548.1392822265625,861.2296142578125,217.80821228027344,284.731689453125,78.4000015258789,93.80000305175781,538.9318237304688,1743.8399658203125,20000.076171875,42.0,0.0,0.0,0.0,248.8000030517578,263.1000061035156,268.8999938964844,270.79998779296875,274.8999938964844,5459.84912109375,2951.032958984375,1436.1474609375,769.50537109375,143.01556396484375,269.1000061035156,97.0,100.0,209.75999450683594,557.280029296875,0.0003000000142492354,1.3125,794.5822143554688,100.0,0.0,0.0,100.0,500.0,248.27047729492188,262.41845703125,268.75799560546875,271.2401123046875,275.27581787109375,5462.78564453125,2954.95849609375,1442.4368896484375,773.8826904296875,142.93695068359375,271.15869140625,97.99283599853516,95.35664367675781,354.2135009765625,460.0,0.0,0.0,5454.3203125,2948.077880859375,1438.1513671875,769.07666015625,144.58447265625,248.59713745117188,263.04388427734375,268.72601318359375,271.28533935546875,275.54608154296875,37.134002685546875,98.1856689453125,93.65016174316406,85.32488250732422,,,,272.34906005859375,,101816.625,94126.265625,,7.353175640106201,72.0,,,1768.0,224.0,16209.0,26.0,27.0,,38.0,,21.0,,21.0,21.0,0.0,279.0,265.5299987792969,265.2599792480469,100.0,2.0,13.199999809265137,14.0
2023-01-02T13:53,2023-01-02T14:00,24,train,0,2023,1,13,26,2023-01-01T12:00,26,2023-01-01T12:00,26,2023-01-01T12:00,23,2023-01-01T15:00,21,2023-01-01T18:00,24,2023-01-01T14:00,-999.0,100.0,100.0,0.0,0.0,1342.1370849609375,1342.03466796875,83400.0,85900.0,1708.885009765625,7.46403169631958,245.83738708496094,261.2506408691406,267.74920654296875,271.76214599609375,275.86273193359375,5427.0439453125,2932.3876953125,1428.154052734375,129.01600646972656,267.94134521484375,95.4000015258789,385.2109375,502.79998779296875,100.0,0.0,0.6100000143051147,1325.846923828125,100.0,0.0,24.5,7.800000190734863,24135.12109375,3.2000000373955118e-06,0.0,252.12571716308594,265.87890625,273.5523681640625,278.6230773925781,283.6966552734375,5649.81884765625,3085.834228515625,1546.774658203125,861.54248046875,218.04652404785156,284.4893493652344,73.0,81.0999984741211,345.6767272949219,1646.56005859375,19999.962890625,43.0,1.0,0.0,0.0,247.0,263.29998779296875,268.70001220703125,268.8999938964844,272.8999938964844,5447.10498046875,2942.414306640625,1423.2091064453125,760.4938354492188,135.96578979492188,267.04998779296875,97.5999984741211,100.0,285.44000244140625,243.0399932861328,0.0003000000142492354,0.8125,816.6216430664062,100.0,0.0,8.0,100.0,6000.0,248.06968688964844,261.90533447265625,268.5912170410156,270.3841552734375,274.5318908691406,5447.373046875,2941.0087890625,1434.3065185546875,766.7761840820312,138.28289794921875,270.369140625,96.04287719726562,96.6682357788086,372.9948425292969,340.0,0.0,0.1875,5451.20703125,2947.55224609375,1437.495361328125,768.594970703125,143.76953125,248.330322265625,262.74871826171875,268.25634765625,271.3653564453125,275.6614990234375,29.399913787841797,97.72949981689453,93.97245788574219,85.05904388427734,,,,272.9567565917969,,101793.0625,94119.84375,,6.86677885055542,76.0,,,30.0,32.0,0.0,43.0,44.0,,46.0,,59.0,,60.0,63.0,0.0,267.0,265.82000732421875,265.2799987792969,97.0,5.0,13.199999809265137,14.100000381469727
2023-01-12T07:50,2023-01-12T08:00,1,train,0,2023,1,7,1,2023-01-12T07:00,2,2023-01-12T06:00,2,2023-01-12T06:00,1,2023-01-12T07:00,3,2023-01-12T06:00,1,2023-01-12T07:00,-999.0,0.0,72.0,95.0,0.0,nan,1341.295654296875,nan,86500.0,nan,7.729760646820068,247.44125366210938,260.9647521972656,264.7335205078125,265.85675048828125,269.46612548828125,5472.08837890625,2973.188232421875,1472.8271484375,192.846435546875,262.44012451171875,85.5999984741211,151.37562561035156,0.0,13600.0,0.0,0.004000000189989805,19999.984375,6.199999809265137,5.0,89.19999694824219,0.5,24135.02734375,0.0,0.0,253.03244018554688,270.10675048828125,278.18084716796875,278.50762939453125,280.6109313964844,5704.95458984375,3124.906982421875,1560.886474609375,872.3031616210938,229.9851531982422,279.83355712890625,96.9000015258789,89.30000305175781,195.60165405273438,2714.39990234375,20000.046875,46.0,20.0,0.0,24100.0,247.6999969482422,261.1000061035156,264.5,263.79998779296875,267.79998779296875,5478.06689453125,2975.163330078125,1469.387451171875,819.259765625,212.70089721679688,261.7900085449219,84.80000305175781,88.0,205.60000610351562,0.0,0.0,0.0,nan,88.0,11.0,0.0,30.0,12900.0,248.00865173339844,261.0089416503906,264.4075927734375,265.2803955078125,268.522705078125,5472.80859375,2969.28515625,1468.25,812.6729125976562,193.90554809570312,263.8128662109375,80.77134704589844,89.18437194824219,146.43212890625,0.0,0.0,0.0,5478.8359375,2973.671875,1472.21875,817.4091186523438,211.4375,248.3968048095703,260.96563720703125,264.1973571777344,264.1204833984375,267.33843994140625,98.87110137939453,82.93830871582031,95.3249740600586,80.80827331542969,,,,263.9273681640625,,102702.5625,94753.4375,,7.708808898925781,91.0,,,0.0,0.0,16209.0,39.0,39.0,,63.0,,8.0,,8.0,8.0,0.0,161.0,260.1199951171875,257.78997802734375,83.0,1.0,12.0,12.100000381469727
2023-01-02T13:53,2023-01-02T14:00,48,train,0,2023,1,13,44,2022-12-31T18:00,50,2022-12-31T12:00,50,2022-12-31T12:00,47,2022-12-31T15:00,45,2022-12-31T18:00,36,2023-01-01T02:00,-999.0,47.0,54.0,5.0,0.0,nan,1342.0782470703125,nan,86000.0,nan,7.4563212394714355,248.64794921875,262.7254638671875,268.3882751464844,271.92138671875,275.90869140625,5453.1162109375,2942.9150390625,1433.9666748046875,131.3638916015625,268.7777099609375,95.0,328.0123596191406,634.239990234375,12200.0,0.0,15.260000228881836,3447.7626953125,90.5,100.0,100.0,3.5999999046325684,24134.98828125,1.6000000186977559e-06,0.0,251.20166015625,265.9919128417969,274.5366516113281,278.6785888671875,284.8954162597656,5638.74169921875,3083.697509765625,1546.7288818359375,860.4179077148438,215.30752563476562,285.92486572265625,64.80000305175781,90.0,923.8200073242188,1770.56005859375,20000.01171875,32.0,0.0,0.0,24100.0,248.39999389648438,264.0,268.5,270.5,274.5,5471.7705078125,2953.626220703125,1434.2744140625,768.45849609375,146.24700927734375,268.42999267578125,91.5999984741211,96.0,247.52000427246094,454.55999755859375,0.0,0.4375,898.3735961914062,100.0,0.0,0.0,100.0,10300.0,246.79714965820312,261.6001892089844,268.679931640625,270.1851806640625,274.0676574707031,5443.99462890625,2942.43505859375,1434.4407958984375,766.6309204101562,138.7971954345703,270.2373352050781,93.98876190185547,94.87066650390625,360.4192199707031,310.0,0.0,6.0625,5436.875,2943.816650390625,1436.496337890625,767.6943359375,143.37255859375,245.7978515625,261.9258117675781,268.4820556640625,271.2018737792969,275.4992980957031,37.82294464111328,99.69264221191406,94.76323699951172,84.1493148803711,,,,272.7248229980469,,101790.25,94113.0859375,,7.1632466316223145,59.0,,,30.0,32.0,256.0,54.0,58.0,,65.0,,62.0,,64.0,69.0,0.0,269.0,265.8899841308594,265.3999938964844,96.0,5.0,12.399999618530273,12.800000190734863
2023-01-12T07:50,2023-01-12T08:00,24,train,0,2023,1,7,26,2023-01-11T06:00,26,2023-01-11T06:00,26,2023-01-11T06:00,23,2023-01-11T09:00,21,2023-01-11T12:00,24,2023-01-11T08:00,-999.0,0.0,100.0,100.0,57.0,3369.72119140625,1515.993896484375,60100.0,84700.0,4132.22412109375,7.216386318206787,246.776123046875,260.55072021484375,264.62451171875,264.69024658203125,268.2117614746094,5475.7138671875,2977.135009765625,1479.0255126953125,203.4333038330078,262.2301940917969,69.69999694824219,137.4444122314453,0.0,23300.0,0.0,0.0,20000.15234375,32.20000076293945,5.300000190734863,87.30000305175781,17.899999618530273,24135.01953125,0.0,0.0,253.1699676513672,270.2393798828125,277.35174560546875,278.1966552734375,280.53924560546875,5703.72265625,3124.787353515625,1562.962646484375,875.669189453125,233.80743408203125,279.62506103515625,97.30000305175781,96.4000015258789,203.7709197998047,2692.159912109375,19999.921875,48.0,31.0,0.0,24100.0,248.1999969482422,261.6000061035156,264.3999938964844,265.20001220703125,269.1000061035156,5478.0166015625,2970.12939453125,1465.949462890625,813.2275390625,207.52748107910156,263.0799865722656,69.9000015258789,72.0,170.0800018310547,0.0,0.0,0.0,nan,100.0,100.0,100.0,35.0,12500.0,247.55718994140625,260.2188415527344,264.246826171875,264.5038757324219,267.29083251953125,5474.95654296875,2978.32275390625,1483.13525390625,828.568603515625,212.0489044189453,263.89117431640625,84.44851684570312,88.18450927734375,207.4710693359375,0.0,0.0,0.0,5479.3515625,2975.3369140625,1475.520263671875,820.8735961914062,213.129150390625,248.151123046875,261.0819091796875,263.810302734375,264.53436279296875,268.200927734375,97.85065460205078,79.69230651855469,96.6283187866211,82.90291595458984,,,,265.35980224609375,,102725.3125,94792.7734375,,7.543451309204102,95.0,,,0.0,0.0,201.0,86.0,88.0,,91.0,,48.0,,48.0,48.0,0.0,155.0,260.4700012207031,257.5299987792969,80.0,7.0,11.600000381469727,11.600000381469727
2023-01-12T07:50,2023-01-12T08:00,48,train,0,2023,1,7,44,2023-01-10T12:00,50,2023-01-10T06:00,50,2023-01-10T06:00,47,2023-01-10T09:00,45,2023-01-10T12:00,36,2023-01-10T20:00,-999.0,0.0,100.0,100.0,0.0,1341.32470703125,1341.2298583984375,52800.0,86700.0,4540.4736328125,7.163018703460693,246.65090942382812,260.8281555175781,263.7297668457031,264.782958984375,268.3755187988281,5480.056640625,2986.278564453125,1488.773193359375,212.5049285888672,261.88568115234375,89.5999984741211,177.63636779785156,0.0,200.0,0.0,0.05000000074505806,19999.984375,23.100000381469727,7.5,100.0,3.5999999046325684,24135.1328125,0.0,0.0,252.7506866455078,270.31036376953125,277.1441650390625,278.0205383300781,280.6313781738281,5711.75146484375,3131.3486328125,1570.6370849609375,883.1398315429688,241.70484924316406,279.1416931152344,97.30000305175781,96.30000305175781,149.32440185546875,2627.679931640625,2049.887451171875,68.0,68.0,0.0,14900.0,247.8000030517578,261.6000061035156,265.79998779296875,266.3999938964844,270.3999938964844,5487.11572265625,2979.272216796875,1473.349365234375,817.5971069335938,209.6666259765625,264.1099853515625,55.900001525878906,49.0,170.9600067138672,0.0,0.0,0.0,1879.9937744140625,64.0,100.0,100.0,57.0,11000.0,246.01014709472656,261.10711669921875,264.4083251953125,264.7983093261719,267.57098388671875,5482.53857421875,2987.6259765625,1487.5712890625,832.3549194335938,215.44459533691406,263.83270263671875,84.0,92.57819366455078,218.2562255859375,0.0,0.0,0.0625,5482.44140625,2977.258544921875,1477.02490234375,822.619140625,215.068115234375,248.22698974609375,261.3104248046875,263.64300537109375,264.5256042480469,268.03106689453125,98.91200256347656,83.09852600097656,92.47689056396484,79.83534240722656,,,,264.79498291015625,,102746.3125,94807.640625,,8.121509552001953,90.0,,,30.0,32.0,201.0,75.0,76.0,,77.0,,54.0,,54.0,54.0,0.0,158.0,260.57000732421875,257.95001220703125,81.0,7.0,12.399999618530273,12.399999618530273
2023-01-21T20:49,2023-01-21T21:00,1,train,1,2023,1,20,1,2023-01-21T20:00,3,2023-01-21T18:00,3,2023-01-21T18:00,1,2023-01-21T20:00,3,2023-01-21T18:00,1,2023-01-21T20:00,-999.0,0.0,36.0,0.0,0.0,nan,1341.8785400390625,nan,86000.0,nan,5.702306747436523,242.4808807373047,260.046630859375,265.592041015625,266.475830078125,270.5484619140625,5404.19287109375,2933.0615234375,1432.217041015625,150.04815673828125,265.1958312988281,55.599998474121094,127.71358489990234,81.04000091552734,34600.0,0.0,0.0,20000.05859375,5.0,0.0,0.0,6.599999904632568,24135.26171875,0.0,0.0,240.54603576660156,257.1745300292969,267.5321960449219,270.57110595703125,271.6800231933594,5451.19580078125,3003.4306640625,1513.34619140625,845.5716552734375,226.09274291992188,272.0223693847656,85.4000015258789,59.29999923706055,431.5137939453125,0.0,19999.966796875,18.0,2.0,0.0,24100.0,242.8000030517578,260.1000061035156,266.8999938964844,267.0,271.0,5407.5498046875,2936.603759765625,1431.833251953125,774.4942626953125,161.3013153076172,263.8999938964844,74.80000305175781,64.0,134.8800048828125,0.0,0.0,0.0,793.7451171875,100.0,0.0,0.0,100.0,8601.4326171875,242.7113494873047,259.8504333496094,265.72222900390625,265.66253662109375,270.0799560546875,5406.45068359375,2936.462890625,1435.6519775390625,779.61376953125,158.61849975585938,265.8158874511719,92.03685760498047,92.10688781738281,321.5506896972656,0.0,0.0,0.0,5405.64453125,2934.286376953125,1430.844482421875,776.070556640625,166.873046875,242.3119659423828,259.67767333984375,267.56109619140625,264.4413757324219,268.8411865234375,14.978460311889648,15.390528678894043,88.46515655517578,78.03005981445312,,,,265.3489990234375,,102165.875,94274.984375,,2.4581522941589355,35.0,0.0,7620.0,88888.0,1480.0,16274.0,0.0,0.0,0.0,0.0,0.0,8.0,8.0,8.0,10.0,0.0,259.0,262.4100036621094,256.3299865722656,61.0,1.0,13.600000381469727,14.800000190734863
2023-01-21T20:49,2023-01-21T21:00,24,train,1,2023,1,20,21,2023-01-21T00:00,21,2023-01-21T00:00,21,2023-01-21T00:00,24,2023-01-20T21:00,21,2023-01-21T00:00,24,2023-01-20T21:00,-999.0,0.0,0.0,0.0,0.0,nan,1194.4017333984375,nan,nan,nan,4.9738030433654785,242.24009704589844,259.82550048828125,265.5699768066406,266.3487243652344,270.3800048828125,5397.81494140625,2929.980712890625,1429.72802734375,148.31430053710938,264.697021484375,42.20000076293945,119.65513610839844,11.4399995803833,48000.0,0.0,0.14000000059604645,20000.044921875,5.0,0.0,0.0,6.800000190734863,24134.83984375,0.0,0.0,241.09478759765625,257.466552734375,267.66619873046875,270.1686096191406,272.2872009277344,5451.3896484375,3001.984619140625,1510.5367431640625,843.2285766601562,223.82562255859375,272.4578857421875,84.0999984741211,69.19999694824219,421.2608947753906,30.559999465942383,19999.865234375,24.0,0.0,0.0,24100.0,243.39999389648438,260.3999938964844,266.70001220703125,267.29998779296875,271.29998779296875,5401.017578125,2927.944091796875,1420.58740234375,763.2049560546875,149.31068420410156,263.7300109863281,60.400001525878906,43.0,66.31999969482422,0.0,0.0,0.0,827.0107421875,100.0,0.0,0.0,100.0,10146.7763671875,242.03109741210938,260.00640869140625,265.7338562011719,264.44671630859375,268.77142333984375,5397.9248046875,2930.98876953125,1429.5419921875,775.4486694335938,155.3059539794922,264.5047912597656,91.32085418701172,89.736083984375,315.73028564453125,0.0,0.0,0.3125,5401.60546875,2931.099853515625,1428.735107421875,773.287353515625,164.803466796875,242.2603302001953,259.6923828125,267.2060852050781,264.23846435546875,268.5666809082031,13.162293434143066,12.945927619934082,77.33147430419922,73.96582794189453,,,,264.38848876953125,,102136.0,94230.796875,,2.141875982284546,18.0,0.0,7620.0,88888.0,2608.0,201.0,12.0,12.0,12.0,12.0,13.0,56.0,56.0,56.0,56.0,0.0,121.0,262.19000244140625,254.47000122070312,53.0,0.0,11.199999809265137,12.0
2023-01-21T20:49,2023-01-21T21:00,48,train,1,2023,1,20,45,2023-01-20T00:00,45,2023-01-20T00:00,45,2023-01-20T00:00,48,2023-01-19T21:00,45,2023-01-20T00:00,45,2023-01-20T00:00,-999.0,0.0,0.0,0.0,0.0,nan,nan,nan,nan,nan,3.075019598007202,242.8013916015625,259.1624450683594,265.6057434082031,266.5224609375,270.5680236816406,5380.0947265625,2912.898193359375,1416.267822265625,135.4140625,265.1194152832031,42.0,89.12741088867188,76.55999755859375,48200.0,0.0,18.190000534057617,20000.13671875,5.0,0.0,0.0,11.0,24134.935546875,0.0,0.0,240.80499267578125,257.0682678222656,267.0746765136719,270.6138916015625,272.0881652832031,5444.8251953125,2996.4990234375,1506.8551025390625,840.2156982421875,219.6148681640625,272.3982849121094,89.30000305175781,61.5,432.4862976074219,14.399999618530273,19999.97265625,3.0,0.0,0.0,24100.0,242.39999389648438,260.5,265.3999938964844,268.5,272.5,5391.24609375,2922.610595703125,1417.9312744140625,758.0032348632812,143.9453887939453,265.3800048828125,76.5,74.0,33.279998779296875,0.0,0.0,0.0,nan,75.0,0.0,0.0,75.0,10934.314453125,242.98919677734375,259.19000244140625,265.321533203125,263.929931640625,268.3014831542969,5381.01171875,2912.62109375,1414.8509521484375,761.4434204101562,142.52920532226562,263.8662109375,89.0,87.47299194335938,235.49929809570312,0.0,0.0,11.75,5397.59375,2931.28759765625,,,165.5703125,,259.5998840332031,267.49859619140625,264.03717041015625,268.34613037109375,16.13947296142578,9.413736343383789,73.34282684326172,71.94381713867188,,,,264.05645751953125,,102154.9375,94246.234375,,2.070521354675293,29.0,,,88885.0,1709.0,8982.0,10.0,10.0,,12.0,,47.0,,47.0,47.0,0.0,165.0,262.16998291015625,256.9700012207031,65.0,0.0,11.600000381469727,12.399999618530273
2023-01-29T22:50,2023-01-29T23:00,1,train,0,2023,1,22,1,2023-01-29T22:00,5,2023-01-29T18:00,5,2023-01-29T18:00,1,2023-01-29T22:00,0,2023-01-30T00:00,1,2023-01-29T22:00,-999.0,0.0,100.0,3.0,0.0,2067.773681640625,1741.57568359375,71800.0,81900.0,3057.956298828125,10.990715980529785,249.0439910888672,263.1939697265625,270.6142578125,274.85009765625,278.7756652832031,5487.1533203125,2959.38427734375,1441.0625,128.51193237304688,270.0364990234375,83.5,407.8780212402344,827.280029296875,5400.0,0.0,0.0560000017285347,5389.57861328125,74.9000015258789,5.0,0.0,11.5,24135.150390625,0.0,0.0,252.42666625976562,267.49835205078125,272.5437927246094,270.91888427734375,276.1430969238281,5645.220703125,3082.478515625,1541.509765625,873.364501953125,247.52040100097656,276.1322021484375,70.4000015258789,84.80000305175781,37.08515548706055,637.9199829101562,1716.042236328125,77.0,4.0,0.0,7200.0,250.3000030517578,263.8999938964844,269.79998779296875,274.0,278.1000061035156,5481.29638671875,2945.782958984375,1425.17236328125,751.1766967773438,123.2788314819336,271.29998779296875,92.0999984741211,93.0,1038.4000244140625,896.3200073242188,0.0,0.75,nan,44.0,1.0,0.0,0.0,17700.0,248.76995849609375,263.9096374511719,270.5528259277344,273.728515625,277.2825012207031,5485.5322265625,2959.001953125,1439.5830078125,764.919677734375,130.89895629882812,271.98468017578125,79.64434814453125,79.26292419433594,357.9717712402344,660.0,9.999999747378752e-06,0.0625,,2953.42919921875,1433.288330078125,758.0464477539062,127.032470703125,248.4828643798828,263.93841552734375,270.1822509765625,,278.6009521484375,80.36626434326172,,,79.75851440429688,,,,273.71142578125,,101534.8125,93961.25,,9.631524085998535,95.0,0.0,7620.0,0.0,0.0,209.0,56.0,73.0,83.0,89.0,100.0,82.0,82.0,82.0,82.0,0.0,254.0,267.30999755859375,266.57000732421875,92.0,23.0,41.20000076293945,44.400001525878906
2023-01-29T22:50,2023-01-29T23:00,48,train,0,2023,1,22,47,2023-01-28T00:00,47,2023-01-28T00:00,47,2023-01-28T00:00,50,2023-01-27T21:00,48,2023-01-28T00:00,36,2023-01-28T11:00,-999.0,100.0,100.0,100.0,100.0,1342.557373046875,1342.3961181640625,66200.0,86000.0,3750.43408203125,8.358762741088867,248.49423217773438,264.60577392578125,270.708984375,274.84490966796875,278.81683349609375,5484.65234375,2954.1552734375,1429.697509765625,113.6480941772461,270.31292724609375,96.5999984741211,408.979248046875,873.1199951171875,100.0,0.0,7.340000152587891,19999.970703125,0.0,0.30000001192092896,0.4000000059604645,0.0,24134.966796875,0.0,0.0,252.59750366210938,267.8453369140625,271.4818115234375,271.7423095703125,274.4971923828125,5648.6767578125,3083.100830078125,1545.4393310546875,873.822509765625,248.46922302246094,272.8190612792969,82.0,62.79999923706055,21.118738174438477,83.19999694824219,1196.1568603515625,77.0,24.0,1.0,0.0,249.39999389648438,264.29998779296875,268.79998779296875,272.3999938964844,276.5,5479.77099609375,2947.548095703125,1429.3062744140625,759.078369140625,134.86314392089844,269.7900085449219,98.5,100.0,1309.9200439453125,663.6799926757812,0.0008999999845400453,5.3125,1084.130859375,89.0,41.0,61.0,70.0,11400.0,248.7767333984375,264.2702331542969,271.138671875,274.82464599609375,278.76104736328125,5485.20849609375,2955.609130859375,1430.2535400390625,753.8798217773438,117.04243469238281,274.08892822265625,89.27381896972656,92.03529357910156,464.4754333496094,1010.0,9.999999747378752e-06,4.25,5476.55078125,2953.473388671875,1436.47265625,762.67822265625,134.573486328125,247.4884490966797,263.5673522949219,269.77117919921875,273.54486083984375,277.3192138671875,85.83859252929688,96.36312103271484,87.6048812866211,89.93135070800781,,,,272.88470458984375,,101634.5625,94023.875,,9.812360763549805,87.0,0.0,7620.0,0.0,0.0,0.0,91.0,94.0,95.0,95.0,98.0,75.0,86.0,93.0,93.0,0.0,378.0,267.1000061035156,266.1300048828125,95.0,34.0,26.799999237060547,32.400001525878906
2023-01-29T22:50,2023-01-29T23:00,24,train,0,2023,1,22,23,2023-01-29T00:00,23,2023-01-29T00:00,23,2023-01-29T00:00,26,2023-01-28T21:00,24,2023-01-29T00:00,24,2023-01-28T23:00,-999.0,100.0,100.0,95.0,4.0,1342.577880859375,1342.4052734375,69200.0,86200.0,3382.529296875,8.513657569885254,248.32025146484375,263.275390625,270.5076904296875,274.506591796875,278.34716796875,5482.90234375,2960.39306640625,1442.49169921875,130.44627380371094,270.41802978515625,96.69999694824219,395.95294189453125,887.8400268554688,100.0,0.0,7.300000190734863,19999.98828125,4.599999904632568,1.600000023841858,38.5,5.800000190734863,24135.279296875,0.0,0.0,252.91746520996094,267.4764404296875,271.1543273925781,271.30181884765625,274.1971740722656,5647.541015625,3081.748779296875,1543.83349609375,873.4031982421875,248.72018432617188,272.6469421386719,85.69999694824219,78.0999984741211,19.383455276489258,56.79999923706055,1487.8350830078125,54.0,18.0,0.0,10800.0,249.3000030517578,263.3999938964844,269.5,273.79998779296875,277.8999938964844,5486.78857421875,2948.710205078125,1431.2017822265625,757.705810546875,129.84632873535156,270.989990234375,93.69999694824219,95.0,678.719970703125,849.280029296875,0.0,0.5,nan,76.0,45.0,5.0,25.0,15000.0,247.77345275878906,263.90521240234375,270.41363525390625,274.7869567871094,278.53497314453125,5483.25439453125,2961.20166015625,1440.6983642578125,764.8502807617188,129.20266723632812,273.21844482421875,85.13654327392578,86.95977783203125,421.0903625488281,880.0,1.9999999494757503e-05,2.3125,,,1431.653564453125,756.9501953125,126.274658203125,248.82701110839844,,269.953125,274.2546691894531,278.3714904785156,89.39202880859375,95.99079895019531,80.93347930908203,82.40096282958984,,,,273.5455017089844,,101531.6875,93961.390625,,,94.0,0.0,7620.0,0.0,0.0,0.0,88.0,89.0,90.0,90.0,92.0,79.0,87.0,93.0,100.0,1.0,288.0,267.3999938964844,266.5899963378906,95.0,24.0,26.799999237060547,34.400001525878906
2023-02-24T14:51,2023-02-24T15:00,1,train,0,2023,2,14,1,2023-02-24T14:00,3,2023-02-24T12:00,3,2023-02-24T12:00,1,2023-02-24T14:00,3,2023-02-24T12:00,1,2023-02-24T14:00,-999.0,0.0,100.0,0.0,0.0,1340.0191650390625,1339.6737060546875,84600.0,85000.0,1549.8533935546875,19.349863052368164,247.21298217773438,257.8614807128906,255.06063842773438,256.9825134277344,261.07952880859375,5317.8232421875,2831.570556640625,1369.7786865234375,126.80751037597656,252.8076171875,84.0999984741211,302.5970153808594,0.0,2200.0,0.0,0.10700000077486038,5404.7998046875,54.70000076293945,0.0,0.0,2.0999999046325684,24135.021484375,8.000000093488779e-07,0.0625,249.21519470214844,262.7579040527344,271.4132385253906,277.83251953125,283.93902587890625,5414.93212890625,2904.60546875,1387.4786376953125,706.3598022460938,63.80632781982422,283.7022399902344,54.099998474121094,66.0999984741211,1615.68701171875,1201.280029296875,20000.0859375,15.0,0.0,0.0,0.0,247.10000610351562,259.20001220703125,251.1999969482422,255.60000610351562,259.3999938964844,5322.71044921875,2829.96875,1365.43994140625,738.0045166015625,137.04071044921875,253.49000549316406,96.69999694824219,100.0,267.20001220703125,0.0,0.0,0.25,792.4437255859375,100.0,0.0,0.0,100.0,600.0,246.7668914794922,255.7175750732422,253.88589477539062,257.1037902832031,261.5501403808594,5309.3134765625,2831.693359375,1381.8021240234375,750.530029296875,145.81057739257812,257.7232666015625,85.93809509277344,81.37998962402344,514.726318359375,0.0,4.999999873689376e-05,0.1875,5296.546875,2826.1552734375,1378.7900390625,748.699462890625,157.35205078125,245.56153869628906,253.94223022460938,254.0683135986328,256.67877197265625,260.8700866699219,75.5379409790039,88.02200317382812,82.49650573730469,69.06434631347656,,,,258.55267333984375,,102106.4375,93995.046875,,2.9620072841644287,82.0,0.0,7620.0,0.0,0.0,256.0,74.0,83.0,87.0,87.0,87.0,62.0,62.0,62.0,62.0,2.0,554.0,251.6799774169922,249.8100128173828,85.0,1.0,41.20000076293945,47.20000076293945
2023-02-24T14:51,2023-02-24T15:00,24,train,0,2023,2,14,21,2023-02-23T18:00,21,2023-02-23T18:00,21,2023-02-23T18:00,24,2023-02-23T15:00,21,2023-02-23T18:00,24,2023-02-23T15:00,-999.0,0.0,100.0,0.0,0.0,1339.9500732421875,1339.745361328125,84900.0,85000.0,1421.7645263671875,17.85089111328125,246.66195678710938,256.87615966796875,255.0333251953125,257.11724853515625,261.2000732421875,5294.42333984375,2813.2509765625,1355.4361572265625,112.47859954833984,252.8986358642578,83.80000305175781,297.9352722167969,0.0,700.0,0.0,8.130000114440918,16067.2060546875,19.5,0.0,0.0,35.29999923706055,24134.998046875,8.000000093488779e-07,0.125,249.63824462890625,263.2684326171875,271.7924499511719,276.42620849609375,281.6356506347656,5445.3896484375,2917.2314453125,1398.387451171875,718.4112548828125,80.2645034790039,281.6259460449219,72.0999984741211,82.19999694824219,401.0759582519531,1199.6800537109375,20000.150390625,30.0,0.0,0.0,0.0,245.8000030517578,261.0,251.6999969482422,254.8000030517578,258.6000061035156,5311.10791015625,2807.211669921875,1338.311767578125,712.1613159179688,111.84745025634766,252.47000122070312,97.0999984741211,100.0,385.20001220703125,0.0,9.999999747378752e-05,1.0625,833.7883911132812,94.0,0.0,0.0,94.0,7700.0,246.49221801757812,255.62991333007812,255.36068725585938,257.00152587890625,261.3232727050781,5282.53857421875,2806.872314453125,1350.8475341796875,718.2225952148438,113.03733825683594,257.03143310546875,87.07343292236328,91.8450927734375,442.5977783203125,0.0,9.999999747378752e-06,3.25,5297.81640625,2820.678466796875,1366.066162109375,733.4959716796875,139.72802734375,245.93212890625,255.65435791015625,254.82830810546875,257.77862548828125,262.0506591796875,75.61486053466797,89.60834503173828,83.26600646972656,69.93759155273438,,,,259.62591552734375,,101861.0625,93785.15625,,3.3016610145568848,72.0,0.0,7620.0,0.0,0.0,256.0,69.0,74.0,74.0,74.0,74.0,51.0,51.0,53.0,58.0,1.0,466.0,253.73001098632812,251.64999389648438,85.0,4.0,42.79999923706055,47.599998474121094
2023-02-24T14:51,2023-02-24T15:00,48,train,0,2023,2,14,45,2023-02-22T18:00,45,2023-02-22T18:00,45,2023-02-22T18:00,48,2023-02-22T15:00,45,2023-02-22T18:00,45,2023-02-22T18:00,-999.0,0.0,100.0,0.0,0.0,1339.96240234375,1339.6785888671875,nan,85000.0,1405.78955078125,17.889022827148438,245.9908447265625,256.89532470703125,254.62535095214844,256.3436584472656,260.38189697265625,5306.47265625,2827.990966796875,1369.44140625,130.36769104003906,252.4199981689453,83.4000015258789,295.81939697265625,0.0,12200.0,0.0,24.010000228881836,1148.680419921875,100.0,0.0,0.0,83.30000305175781,24135.056640625,0.0,0.0625,249.90707397460938,263.46771240234375,271.49871826171875,276.995361328125,282.8725891113281,5453.6552734375,2917.810302734375,1393.592529296875,713.8334350585938,73.17778015136719,282.4208068847656,66.30000305175781,79.0,397.5909729003906,1121.280029296875,20000.025390625,26.0,0.0,0.0,0.0,248.89999389648438,261.3999938964844,252.0,256.29998779296875,260.20001220703125,5305.27294921875,2792.69921875,1322.41162109375,693.0517578125,89.16661071777344,253.8300018310547,97.4000015258789,100.0,304.9599914550781,0.0,9.999999747378752e-05,3.375,792.2662353515625,100.0,0.0,0.0,100.0,10400.0,245.7520751953125,255.66604614257812,252.764404296875,254.71286010742188,259.0982666015625,5298.3212890625,2824.236083984375,1371.7923583984375,745.585205078125,144.53494262695312,254.97933959960938,84.74919128417969,91.29603576660156,470.4281005859375,0.0,0.0,24.5,5290.875,2810.375,1350.135009765625,709.6153564453125,108.53564453125,245.7129364013672,255.92108154296875,257.41107177734375,261.116455078125,265.187255859375,79.4253921508789,91.54241943359375,83.4655532836914,73.37736511230469,,,,262.58489990234375,,101434.8125,93483.7578125,,3.552764415740967,76.0,,,376.0,24.0,8960.0,51.0,51.0,,52.0,,42.0,,42.0,42.0,5.0,651.0,254.1199951171875,252.07998657226562,85.0,0.2540000081062317,44.79999923706055,54.0
2023-03-16T11:49,2023-03-16T12:00,1,train,0,2023,3,11,1,2023-03-16T11:00,6,2023-03-16T06:00,6,2023-03-16T06:00,1,2023-03-16T11:00,0,2023-03-16T12:00,1,2023-03-16T11:00,-999.0,0.0,0.0,0.0,0.0,nan,nan,nan,nan,nan,12.84858512878418,247.74142456054688,264.712646484375,267.82440185546875,270.48748779296875,274.4345397949219,5421.8271484375,2892.656494140625,1377.1444091796875,75.25346374511719,266.10894775390625,69.5,266.3548889160156,224.55999755859375,23600.0,0.0,0.0,20000.13671875,0.0,0.0,11.899999618530273,0.0,24135.025390625,0.0,0.0,256.3319091796875,274.9776306152344,287.201171875,288.7311706542969,291.8907775878906,5680.40673828125,3060.79296875,1460.3153076171875,743.8104248046875,83.0223159790039,292.2891845703125,46.29999923706055,29.0,553.7906494140625,3320.0,20000.1328125,31.0,1.0,0.0,24100.0,248.10000610351562,264.79998779296875,265.20001220703125,267.70001220703125,271.70001220703125,5424.236328125,2890.434814453125,1374.8057861328125,716.2442626953125,97.17597198486328,264.9200134277344,84.0,83.0,321.1199951171875,0.0,0.0,0.5625,nan,9.0,0.0,3.0,9.0,16300.0,247.85745239257812,264.52203369140625,267.71533203125,269.887451171875,273.839111328125,5424.8671875,2895.121337890625,1380.034912109375,714.9163818359375,82.86398315429688,267.91357421875,80.43711853027344,79.58665466308594,347.3697204589844,30.0,0.0,0.0,5424.6171875,2893.1650390625,1381.5537109375,718.0422973632812,101.45751953125,248.0105743408203,264.2562255859375,266.9164123535156,268.14117431640625,272.3115539550781,52.85326385498047,38.34700012207031,80.72245025634766,83.5811538696289,,,,268.2833251953125,,101283.1875,93549.2265625,,6.7287139892578125,57.0,0.0,7620.0,0.0,0.0,0.0,59.0,59.0,61.0,64.0,65.0,62.0,62.0,62.0,62.0,0.0,209.0,262.92999267578125,259.3899841308594,75.0,2.0,32.400001525878906,37.599998474121094
2023-03-16T11:49,2023-03-16T12:00,48,train,0,2023,3,11,48,2023-03-14T12:00,48,2023-03-14T12:00,48,2023-03-14T12:00,45,2023-03-14T15:00,48,2023-03-14T12:00,48,2023-03-14T12:00,-999.0,0.0,2.0,4.0,10.0,8753.9033203125,1341.2982177734375,nan,85400.0,9559.7783203125,12.510929107666016,248.39453125,264.16998291015625,265.6990051269531,267.78125,271.75518798828125,5428.65966796875,2898.32470703125,1387.82958984375,96.09578704833984,264.24786376953125,77.5999984741211,244.0726776123047,0.0,19100.0,0.0,41.04999923706055,20000.1328125,0.0,1.7000000476837158,95.30000305175781,0.0,24134.984375,0.0,0.0,256.7752990722656,275.0786437988281,286.4005126953125,286.6986999511719,291.52313232421875,5680.86669921875,3059.7939453125,1460.1600341796875,745.8388061523438,86.16862487792969,291.99920654296875,47.900001525878906,44.70000076293945,597.1802368164062,3342.8798828125,20000.177734375,43.0,2.0,0.0,24100.0,249.10000610351562,265.3999938964844,265.1000061035156,266.8999938964844,270.8999938964844,5424.1591796875,2885.592041015625,1372.497314453125,715.5685424804688,97.25653076171875,264.17999267578125,90.19999694824219,92.0,320.1600036621094,0.0,0.0,0.6875,824.2418212890625,100.0,31.0,1.0,100.0,3200.0,247.9114227294922,263.62249755859375,266.07574462890625,266.5671081542969,270.69866943359375,5429.806640625,2900.776123046875,1390.2784423828125,731.9894409179688,104.78915405273438,266.18365478515625,94.03152465820312,96.11241149902344,428.8238525390625,0.0,0.0,23.25,,2904.193603515625,1390.3955078125,727.8036499023438,114.399169921875,247.8419647216797,264.42425537109375,266.9927673339844,266.96771240234375,270.80078125,75.57125854492188,53.808311462402344,92.96481323242188,91.8821792602539,,,,266.57391357421875,,101464.625,93681.609375,,7.032771110534668,60.0,,,88888.0,32.0,6400.0,19.0,19.0,,22.0,,41.0,,41.0,41.0,0.0,259.0,263.30999755859375,260.83001708984375,82.0,0.0,31.200000762939453,36.0
2023-03-16T11:49,2023-03-16T12:00,24,train,0,2023,3,11,24,2023-03-15T12:00,24,2023-03-15T12:00,24,2023-03-15T12:00,21,2023-03-15T15:00,24,2023-03-15T12:00,24,2023-03-15T12:00,-999.0,0.0,4.0,0.0,0.0,nan,1341.5032958984375,nan,85400.0,nan,12.182506561279297,247.50889587402344,263.918701171875,266.1739501953125,268.965087890625,272.9653015136719,5415.609375,2892.2099609375,1382.0548095703125,87.13631439208984,264.94793701171875,82.0,265.9435119628906,49.279998779296875,17000.0,0.0,2.119999885559082,20000.12890625,0.0,0.0,5.0,0.0,24135.216796875,0.0,0.0,256.5811462402344,274.7437438964844,286.73443603515625,287.45440673828125,291.2261047363281,5682.73583984375,3060.582763671875,1460.9451904296875,745.6743774414062,86.43693542480469,291.71502685546875,48.900001525878906,39.099998474121094,579.8657836914062,3307.0400390625,20000.09375,45.0,1.0,0.0,24100.0,248.5,264.3999938964844,265.5,267.20001220703125,271.20001220703125,5420.34912109375,2886.543701171875,1372.2603759765625,714.6629028320312,95.78646850585938,264.3900146484375,86.30000305175781,87.0,242.8000030517578,0.0,0.0,0.75,3569.85400390625,100.0,7.0,15.0,100.0,9500.0,247.66299438476562,263.4518737792969,266.6956787109375,267.9811096191406,271.92987060546875,5420.40380859375,2894.29736328125,1385.1751708984375,723.9231567382812,95.87471008300781,267.5972900390625,94.6297607421875,94.3917007446289,417.7211608886719,0.0,0.0,1.4375,5426.58203125,2893.900634765625,1380.18359375,,105.6845703125,247.9978790283203,263.9313049316406,267.18377685546875,266.42767333984375,,54.12296676635742,36.86233139038086,94.62425231933594,91.38539123535156,,,,266.9307861328125,,101350.0,93569.40625,,6.532221794128418,45.0,0.0,7620.0,88888.0,1544.0,256.0,1.0,6.0,14.0,19.0,21.0,64.0,64.0,65.0,70.0,0.0,201.0,262.9700012207031,260.69000244140625,84.0,4.0,32.0,36.400001525878906
2023-04-10T13:47,2023-04-10T14:00,1,train,0,2023,4,13,1,2023-04-10T13:00,2,2023-04-10T12:00,2,2023-04-10T12:00,1,2023-04-10T13:00,3,2023-04-10T12:00,1,2023-04-10T13:00,-999.0,0.0,0.0,0.0,0.0,nan,nan,nan,nan,nan,5.420372009277344,250.39096069335938,266.67449951171875,274.82965087890625,276.706787109375,280.38946533203125,5638.8720703125,3093.036376953125,1552.5380859375,228.0179901123047,276.1826171875,33.900001525878906,299.5113830566406,2020.239990234375,58500.0,0.0,0.0,19999.919921875,0.0,5.0,100.0,0.0,24134.9609375,0.0,0.0,257.5966491699219,271.6149597167969,278.8830261230469,285.3380126953125,292.0483703613281,5734.64453125,3116.250244140625,1547.1700439453125,846.9049682617188,186.4993438720703,293.85101318359375,37.0,54.099998474121094,1620.2078857421875,2802.080078125,19999.951171875,0.0,0.0,0.0,24100.0,250.89999389648438,267.6000061035156,275.20001220703125,274.79998779296875,278.8999938964844,5646.7060546875,3094.711669921875,1550.2900390625,872.2950439453125,230.3740692138672,274.2900085449219,64.5,66.0,215.83999633789062,1204.1600341796875,0.0,0.0,nan,0.0,0.0,0.0,0.0,37500.0,250.6250457763672,266.9931335449219,275.11474609375,275.86785888671875,279.173583984375,5648.326171875,3098.27197265625,1557.84912109375,874.83984375,235.86549377441406,276.4010314941406,53.051815032958984,34.93888854980469,326.23919677734375,2000.0,0.0,0.0,5651.67578125,,1553.076171875,871.241943359375,230.6416015625,251.08189392089844,267.447509765625,274.6519775390625,277.5979919433594,282.78204345703125,20.902210235595703,11.437220573425293,32.522003173828125,25.76298713684082,,,,279.9831237792969,,102823.8125,95267.78125,,3.8279712200164795,5.0,0.0,7620.0,88888.0,3952.0,16209.0,0.0,0.0,0.0,0.0,0.0,9.0,9.0,9.0,9.0,0.0,447.0,271.8299865722656,260.8999938964844,42.0,0.0,15.199999809265137,16.399999618530273
2023-04-10T13:47,2023-04-10T14:00,24,train,0,2023,4,13,26,2023-04-09T12:00,26,2023-04-09T12:00,26,2023-04-09T12:00,23,2023-04-09T15:00,21,2023-04-09T18:00,24,2023-04-09T14:00,-999.0,0.0,0.0,0.0,0.0,nan,nan,nan,nan,nan,7.00234842300415,249.95474243164062,266.45367431640625,273.7076110839844,276.4810791015625,280.5732421875,5636.8125,3093.52001953125,1556.724853515625,233.96014404296875,274.9201354980469,38.099998474121094,299.1455078125,1969.5999755859375,52900.0,0.0,0.0,19999.888671875,0.0,7.300000190734863,100.0,0.0,24135.138671875,0.0,0.0,258.0433349609375,271.945068359375,279.2042236328125,285.7743835449219,292.4227600097656,5738.6279296875,3121.000244140625,1551.74853515625,850.7088012695312,189.47036743164062,294.08209228515625,33.79999923706055,48.400001525878906,1681.26025390625,2846.39990234375,19999.966796875,2.0,0.0,0.0,24100.0,250.6999969482422,267.8999938964844,274.70001220703125,274.20001220703125,278.29998779296875,5646.01806640625,3092.346923828125,1546.502685546875,869.4202270507812,227.47592163085938,273.77001953125,73.0,76.0,215.60000610351562,1190.56005859375,0.0,0.0,nan,0.0,0.0,0.0,0.0,29800.0,250.0120391845703,266.51324462890625,274.1116027832031,274.9298400878906,279.08599853515625,5637.66455078125,3094.2509765625,1555.658935546875,875.7805786132812,237.5199432373047,275.7527160644531,62.40380859375,47.76358413696289,351.1611022949219,1700.0,0.0,0.0,5649.09765625,3099.86279296875,1550.21240234375,867.597412109375,226.7373046875,250.59619140625,267.60028076171875,275.5367431640625,277.74957275390625,282.9140319824219,21.774648666381836,10.175470352172852,35.730281829833984,27.878040313720703,,,,279.87530517578125,,102782.625,95224.15625,,4.293705463409424,12.0,0.0,7620.0,88888.0,6784.0,256.0,0.0,0.0,0.0,1.0,3.0,28.0,28.0,28.0,28.0,0.0,446.0,271.92999267578125,260.33001708984375,42.0,0.0,16.799999237060547,18.0
2023-06-19T06:52,2023-06-19T07:00,1,train,1,2023,6,6,1,2023-06-19T06:00,1,2023-06-19T06:00,1,2023-06-19T06:00,1,2023-06-19T06:00,0,2023-06-19T06:00,1,2023-06-19T06:00,-999.0,0.0,84.0,0.0,0.0,nan,1343.9951171875,nan,86600.0,nan,3.427658796310425,258.3353271484375,273.1959228515625,280.44586181640625,283.45184326171875,287.68121337890625,5689.0654296875,3067.748046875,1488.53857421875,128.30816650390625,279.3540344238281,91.0999984741211,53.78389358520508,3063.010498046875,12300.0,0.0,0.0,3454.2626953125,80.80000305175781,100.0,100.0,3.700000047683716,24134.970703125,0.0,0.3125,260.153564453125,276.5790100097656,288.8496398925781,290.36248779296875,293.00567626953125,5752.71728515625,3105.133544921875,1491.7725830078125,770.3648071289062,101.09459686279297,292.9725646972656,91.69999694824219,82.0,391.8085021972656,3607.679931640625,19999.91015625,43.0,8.0,2.0,600.0,258.6000061035156,273.6000061035156,278.79998779296875,282.70001220703125,286.8999938964844,5687.3837890625,3060.752685546875,1484.1395263671875,786.809326171875,135.25259399414062,280.1099853515625,99.69999694824219,100.0,181.67999267578125,3183.840087890625,0.0,0.0,851.035888671875,76.0,44.0,91.0,73.0,12300.0,258.3070373535156,273.2781982421875,280.20751953125,282.83416748046875,286.8123779296875,5690.16650390625,3068.83154296875,1489.7764892578125,790.2750244140625,132.62501525878906,282.3674621582031,95.54924011230469,94.9083480834961,210.33526611328125,3080.0,0.0,0.0,5687.171875,3061.695068359375,1482.99658203125,783.906494140625,134.833984375,258.0758056640625,273.5534362792969,280.5234069824219,282.16131591796875,286.118408203125,77.01284790039062,83.25678253173828,92.16851043701172,94.57954406738281,,,,281.4841613769531,,101644.6875,94256.171875,,20.19357681274414,71.0,0.0,7620.0,0.0,0.0,4049.0,58.0,63.0,69.0,76.0,80.0,16.0,20.0,23.0,29.0,0.0,133.0,276.78997802734375,276.17999267578125,97.0,0.0,7.599999904632568,8.0
2023-04-10T13:47,2023-04-10T14:00,48,train,0,2023,4,13,44,2023-04-08T18:00,50,2023-04-08T12:00,50,2023-04-08T12:00,47,2023-04-08T15:00,45,2023-04-08T18:00,36,2023-04-09T02:00,-999.0,0.0,0.0,0.0,0.0,nan,nan,nan,nan,nan,6.038978099822998,249.660400390625,266.2841796875,273.8297119140625,276.51495361328125,280.5865783691406,5634.58447265625,3094.34423828125,1558.097412109375,235.4193572998047,274.9643859863281,34.79999923706055,298.2505187988281,1880.4000244140625,57100.0,0.0,0.0,9021.1083984375,0.0,1.2999999523162842,100.0,0.0,24134.875,0.0,0.0,258.3580627441406,271.9970397949219,279.1991882324219,285.79412841796875,292.5050964355469,5738.65625,3118.70166015625,1551.3182373046875,850.4437255859375,189.26181030273438,294.23175048828125,30.5,43.900001525878906,1757.966796875,2815.840087890625,20000.134765625,0.0,0.0,0.0,24100.0,251.0,268.1000061035156,273.8999938964844,275.5,279.6000061035156,5655.3173828125,3102.852783203125,1557.73876953125,879.9517822265625,238.9921417236328,274.9800109863281,51.29999923706055,49.0,255.1999969482422,1246.8800048828125,0.0,0.0,nan,1.0,0.0,0.0,1.0,28400.0,249.9738311767578,266.45599365234375,274.3875732421875,274.5534973144531,278.4226379394531,5637.1943359375,3097.255615234375,1559.377197265625,879.2655029296875,242.20132446289062,274.93890380859375,64.84835052490234,44.603797912597656,330.6208190917969,1640.0,0.0,0.0,5642.7734375,3091.8916015625,1545.20703125,864.86474609375,225.029296875,250.65057373046875,267.46807861328125,274.1474609375,277.308837890625,282.44134521484375,18.05443572998047,9.100067138671875,34.653594970703125,27.43323516845703,,,,279.41986083984375,,102770.125,95199.3671875,,3.9209470748901367,12.0,0.0,7620.0,88888.0,3232.0,256.0,0.0,0.0,0.0,0.0,2.0,37.0,38.0,38.0,38.0,0.0,614.0,271.7799987792969,260.7300109863281,43.0,0.0,15.600000381469727,16.799999237060547
2023-06-19T06:52,2023-06-19T07:00,24,train,1,2023,6,6,25,2023-06-18T06:00,25,2023-06-18T06:00,25,2023-06-18T06:00,22,2023-06-18T09:00,24,2023-06-18T06:00,24,2023-06-18T07:00,-999.0,0.0,0.0,71.0,0.0,nan,7004.396484375,nan,41800.0,nan,3.4930455684661865,257.875732421875,273.56805419921875,280.84344482421875,283.65753173828125,287.8345947265625,5690.47802734375,3068.625,1488.5302734375,127.12057495117188,279.66107177734375,86.5,111.2739028930664,3134.513427734375,14900.0,0.0,4.78000020980835,3137.615966796875,96.0,100.0,100.0,23.0,24135.15234375,2.4000000848900527e-06,0.6875,261.1986999511719,277.1224670410156,287.1965026855469,290.2068176269531,291.6322326660156,5756.5166015625,3102.863037109375,1488.5164794921875,769.9325561523438,102.39556121826172,291.51568603515625,93.19999694824219,71.19999694824219,227.00599670410156,3633.1201171875,19999.94140625,37.0,0.0,1.0,0.0,258.8999938964844,274.5,279.29998779296875,282.20001220703125,286.3999938964844,5692.30517578125,3061.564697265625,1480.0709228515625,783.388916015625,131.81967163085938,279.7099914550781,99.5999984741211,100.0,300.7200012207031,3308.159912109375,9.999999747378752e-05,0.125,864.94287109375,64.0,32.0,0.0,64.0,12200.0,257.9952392578125,272.7070007324219,280.0548400878906,281.871337890625,286.11669921875,5682.07421875,3062.52490234375,1487.9808349609375,789.8193359375,133.88763427734375,281.63739013671875,95.73381805419922,94.41303253173828,107.49900817871094,2970.0,0.0,4.3125,5689.7578125,3066.35205078125,1491.03564453125,790.901611328125,139.64111328125,258.299072265625,272.81732177734375,280.49505615234375,283.15789794921875,287.29339599609375,79.67312622070312,78.63128662109375,87.84194946289062,95.27149963378906,,,,281.40093994140625,,101678.25,94303.296875,,19.700958251953125,66.0,0.0,7620.0,0.0,0.0,256.0,81.0,87.0,88.0,95.0,100.0,68.0,72.0,74.0,75.0,0.0,142.0,276.46002197265625,276.03997802734375,96.0,3.0,11.199999809265137,12.399999618530273
2023-07-30T04:53,2023-07-30T05:00,1,train,1,2023,7,4,1,2023-07-30T04:00,5,2023-07-30T00:00,5,2023-07-30T00:00,1,2023-07-30T04:00,0,2023-07-30T06:00,1,2023-07-30T04:00,-999.0,0.0,0.0,0.0,0.0,nan,nan,nan,nan,nan,6.919212818145752,261.9707946777344,277.1837158203125,281.99981689453125,284.3515319824219,288.53790283203125,5698.6123046875,3037.126708984375,1440.58154296875,70.14774322509766,281.2818298339844,82.69999694824219,159.27069091796875,3779.87255859375,16800.0,0.0,0.0,898.7515869140625,83.19999694824219,0.0,96.0999984741211,75.0999984741211,24135.1328125,0.0,0.0,264.8965759277344,277.66485595703125,285.1399841308594,285.6998291015625,290.3072509765625,5828.75,3146.411376953125,1541.266357421875,832.05322265625,170.56399536132812,290.6078186035156,79.5999984741211,95.9000015258789,224.3697052001953,4364.0,20000.037109375,37.0,0.0,0.0,24100.0,261.8999938964844,277.6000061035156,281.29998779296875,283.6000061035156,287.79998779296875,5694.68115234375,3031.099609375,1430.633544921875,731.3084716796875,75.62771606445312,280.4700012207031,93.19999694824219,93.0,259.20001220703125,4023.52001953125,0.0,0.3125,842.1708374023438,100.0,0.0,0.0,100.0,4500.0,261.91229248046875,276.6442565917969,281.25238037109375,282.6496887207031,287.013671875,5691.400390625,3027.29833984375,1435.244140625,735.6870727539062,71.54447174072266,282.2702331542969,97.11203002929688,94.47511291503906,389.366455078125,4012.64404296875,0.0,0.0,5683.5625,3028.1025390625,1438.49267578125,738.1672973632812,85.907470703125,260.69537353515625,275.99920654296875,280.9457702636719,283.3172302246094,287.6270751953125,33.955142974853516,71.73916625976562,93.41285705566406,96.1440658569336,,,,283.802490234375,,101057.1875,93943.109375,,14.99342155456543,57.0,0.0,7620.0,32.0,32.0,402.0,47.0,53.0,55.0,59.0,63.0,28.0,28.0,29.0,31.0,1.0,372.0,278.2400207519531,277.79998779296875,97.0,1.0,20.399999618530273,22.0
2023-06-19T06:52,2023-06-19T07:00,48,train,1,2023,6,6,43,2023-06-17T12:00,49,2023-06-17T06:00,49,2023-06-17T06:00,46,2023-06-17T09:00,48,2023-06-17T06:00,36,2023-06-17T19:00,-999.0,0.0,100.0,0.0,0.0,1343.923828125,1343.9202880859375,74600.0,86600.0,2829.25390625,2.398646354675293,257.14410400390625,272.89422607421875,279.2899169921875,282.5998840332031,286.82440185546875,5683.0029296875,3065.7490234375,1493.35986328125,136.6221160888672,279.4146423339844,95.9000015258789,84.6198501586914,2937.20703125,12200.0,0.0,72.6500015258789,3317.611572265625,40.79999923706055,97.5,96.0999984741211,7.5,24134.986328125,0.0,0.0,260.72796630859375,277.0658874511719,288.269287109375,291.68621826171875,292.2769470214844,5754.046875,3103.525146484375,1487.166748046875,764.094482421875,95.98124694824219,292.1161193847656,91.5,72.69999694824219,422.64703369140625,3652.47998046875,19999.8203125,37.0,2.0,2.0,0.0,258.5,273.8999938964844,280.0,280.0,284.20001220703125,5679.8505859375,3054.137451171875,1477.0709228515625,784.8489379882812,136.80873107910156,277.5099792480469,100.0,100.0,180.24000549316406,3213.119873046875,0.0,0.125,839.3555297851562,100.0,2.0,0.0,100.0,3600.0,257.5359802246094,273.0482482910156,279.6585693359375,281.50872802734375,285.65814208984375,5687.53125,3067.189208984375,1493.06396484375,796.0066528320312,139.72189331054688,281.4700012207031,97.18392944335938,95.39283752441406,354.5592041015625,3020.0,0.0,38.0,5683.23828125,3060.577392578125,1483.962646484375,784.01171875,132.233642578125,258.379150390625,272.6407470703125,280.73822021484375,283.1446533203125,287.430419921875,83.37400817871094,79.39579772949219,89.44230651855469,95.37239837646484,,,,281.044677734375,,101595.9375,94230.875,,19.315885543823242,60.0,0.0,7620.0,0.0,0.0,256.0,100.0,100.0,100.0,100.0,100.0,62.0,66.0,67.0,68.0,0.0,141.0,276.25,275.9800109863281,97.0,3.0,12.800000190734863,13.600000381469727
2023-07-30T04:53,2023-07-30T05:00,24,train,1,2023,7,4,23,2023-07-29T06:00,23,2023-07-29T06:00,23,2023-07-29T06:00,26,2023-07-29T03:00,24,2023-07-29T06:00,24,2023-07-29T05:00,-999.0,100.0,100.0,2.0,0.0,1344.3389892578125,1344.210693359375,82000.0,85900.0,1908.2294921875,5.964986801147461,263.91033935546875,276.8813781738281,281.8237609863281,285.78057861328125,290.1597595214844,5692.4990234375,3026.89453125,1431.8765869140625,58.28306198120117,282.08087158203125,100.0,370.251708984375,3708.974365234375,100.0,0.0,63.40999984741211,774.0394897460938,99.0999984741211,13.0,69.4000015258789,61.0,24134.904296875,3.999999989900971e-06,0.0625,264.87554931640625,277.9051513671875,284.8085632324219,286.0575866699219,290.6666564941406,5830.70166015625,3146.751708984375,1541.1422119140625,831.4530639648438,169.4201202392578,290.8090515136719,90.19999694824219,97.5,367.68060302734375,4458.72021484375,1196.7626953125,84.0,23.0,0.0,100.0,265.29998779296875,277.70001220703125,281.79998779296875,286.20001220703125,290.5,5695.33642578125,3020.39453125,1411.3602294921875,704.9639892578125,46.35658645629883,283.1499938964844,99.69999694824219,100.0,344.1600036621094,3909.60009765625,9.999999747378752e-05,2.0,962.2955322265625,100.0,100.0,0.0,96.0,7800.0,263.8321533203125,276.9012756347656,281.8927001953125,284.8240966796875,289.4367980957031,5705.5771484375,3043.3759765625,1444.54541015625,740.9385375976562,74.57926177978516,284.7793884277344,96.22975158691406,94.31686401367188,507.3438415527344,3760.0,0.0001500000071246177,8.875,5695.28515625,3031.8798828125,1436.914794921875,732.553955078125,78.164306640625,262.4613342285156,276.7574157714844,282.91851806640625,284.2836608886719,288.4974060058594,39.70335388183594,56.84998321533203,87.84906005859375,95.93743896484375,,,,284.54632568359375,,100960.125,93877.5,,14.717805862426758,57.0,0.0,7620.0,32.0,32.0,256.0,51.0,52.0,52.0,56.0,62.0,66.0,71.0,74.0,82.0,1.0,307.0,279.5099792480469,278.1700134277344,91.0,2.0,15.600000381469727,16.799999237060547
2023-09-28T11:49,2023-09-28T12:00,1,train,0,2023,9,11,1,2023-09-28T11:00,6,2023-09-28T06:00,6,2023-09-28T06:00,1,2023-09-28T11:00,0,2023-09-28T12:00,1,2023-09-28T11:00,-999.0,0.0,0.0,0.0,0.0,nan,nan,nan,nan,nan,1.6972594261169434,258.843505859375,276.1646728515625,282.48822021484375,285.1804504394531,288.65313720703125,5814.845703125,3175.62158203125,1586.2869873046875,220.56602478027344,279.8213195800781,36.79999923706055,142.0332794189453,3773.033935546875,51500.0,0.0,0.0,20000.08203125,0.0,0.0,56.70000076293945,0.0,24135.17578125,0.0,0.0,266.2494201660156,279.87103271484375,290.0160217285156,293.36102294921875,300.31500244140625,5866.26953125,3173.3193359375,1552.853271484375,826.9164428710938,146.92393493652344,301.5964050292969,37.400001525878906,53.20000076293945,867.504638671875,4422.240234375,20000.015625,2.0,0.0,0.0,24100.0,258.79998779296875,276.70001220703125,282.20001220703125,285.20001220703125,289.3999938964844,5824.32666015625,3182.174072265625,1591.052001953125,887.5552978515625,236.2437744140625,283.3499755859375,70.5999984741211,73.0,109.19999694824219,3858.719970703125,0.0,0.0,nan,62.0,0.0,0.0,62.0,22200.0,258.8849792480469,276.15081787109375,282.4682312011719,285.3318786621094,286.6773681640625,5815.9716796875,3176.106201171875,1587.2020263671875,882.948486328125,224.0860137939453,280.2648620605469,70.95441436767578,50.65898895263672,102.29459381103516,3770.0,0.0,0.0,5824.3515625,3183.66943359375,1590.50146484375,887.45703125,234.724853515625,258.99945068359375,276.25262451171875,282.233642578125,284.7154541015625,287.484130859375,13.648482322692871,44.59929656982422,62.13936996459961,83.95240020751953,,,,282.4796142578125,,102806.75,95619.234375,,10.332365989685059,5.0,0.0,7620.0,88888.0,5432.0,16256.0,0.0,0.0,0.0,0.0,4.0,0.0,0.0,0.0,0.0,0.0,127.0,278.17999267578125,269.7699890136719,54.0,0.0,4.400000095367432,4.400000095367432
2023-07-30T04:53,2023-07-30T05:00,48,train,1,2023,7,4,47,2023-07-28T06:00,47,2023-07-28T06:00,47,2023-07-28T06:00,50,2023-07-28T03:00,48,2023-07-28T06:00,36,2023-07-28T17:00,-999.0,0.0,2.0,0.0,0.0,nan,1343.980224609375,nan,86300.0,nan,8.20151424407959,259.9991455078125,275.42919921875,281.7168273925781,285.3480529785156,289.62738037109375,5693.6494140625,3053.78173828125,1467.3052978515625,97.9393081665039,280.98651123046875,88.0999984741211,230.61880493164062,3571.561767578125,14600.0,0.0,10.90999984741211,19999.896484375,24.700000762939453,0.0,82.9000015258789,28.100000381469727,24135.31640625,0.0,0.0,264.43084716796875,278.1455078125,284.9559326171875,287.2174987792969,288.77349853515625,5831.14013671875,3147.8017578125,1541.4935302734375,829.9122924804688,167.8457794189453,288.4396667480469,98.80000305175781,82.5,114.17567443847656,4457.60009765625,20000.091796875,48.0,13.0,0.0,0.0,264.1000061035156,277.5,282.1000061035156,285.5,289.79998779296875,5702.11181640625,3038.2978515625,1432.603271484375,727.8609619140625,69.45722961425781,282.6299743652344,99.80000305175781,100.0,261.1199951171875,3803.360107421875,0.00019999999494757503,0.75,nan,34.0,0.0,45.0,34.0,14500.0,260.60540771484375,277.6535339355469,281.03802490234375,284.108642578125,288.728271484375,5711.2119140625,3065.015380859375,1467.76611328125,766.9739990234375,101.43853759765625,284.13336181640625,88.20792388916016,85.25267028808594,473.1732482910156,3750.0,0.0,7.4375,5709.6796875,3063.998291015625,1463.03271484375,754.50244140625,94.20849609375,260.3114013671875,276.3797912597656,282.60516357421875,287.50567626953125,291.67864990234375,65.18498992919922,80.59517669677734,73.10372161865234,92.2285385131836,,,,286.0063781738281,,101121.6875,94089.984375,,18.87063980102539,57.0,0.0,7620.0,0.0,0.0,256.0,75.0,76.0,76.0,77.0,93.0,65.0,70.0,73.0,81.0,1.0,139.0,279.8299865722656,278.6600036621094,93.0,1.0,15.199999809265137,16.399999618530273
2023-09-28T11:49,2023-09-28T12:00,24,train,0,2023,9,11,24,2023-09-27T12:00,24,2023-09-27T12:00,24,2023-09-27T12:00,21,2023-09-27T15:00,24,2023-09-27T12:00,24,2023-09-27T12:00,-999.0,0.0,0.0,0.0,0.0,nan,nan,nan,nan,nan,0.6872127652168274,258.57574462890625,275.450927734375,281.6636962890625,284.30059814453125,288.142333984375,5821.3154296875,3184.55126953125,1598.59375,235.6065216064453,278.95135498046875,50.70000076293945,119.95660400390625,3666.2998046875,37800.0,0.0,0.0,20000.087890625,0.0,0.0,5.0,0.0,24134.94140625,0.0,0.0,266.3599853515625,279.1817321777344,289.8822937011719,292.44293212890625,299.3837585449219,5865.34423828125,3172.917724609375,1552.1280517578125,827.6726684570312,149.88125610351562,300.8999938964844,37.29999923706055,54.29999923706055,888.6183471679688,4467.68017578125,19999.830078125,0.0,4.0,0.0,24100.0,259.20001220703125,275.6000061035156,281.6000061035156,284.6000061035156,288.79998779296875,5817.79931640625,3175.966064453125,1590.3607177734375,889.2316284179688,235.0881805419922,282.7300109863281,46.5,45.0,146.32000732421875,3717.1201171875,0.0,0.0,nan,0.0,0.0,0.0,0.0,29900.0,258.71795654296875,275.4897766113281,281.7644348144531,284.48797607421875,287.5942687988281,5820.16796875,3183.831787109375,1597.5506591796875,895.3408203125,236.32351684570312,281.33856201171875,61.80550765991211,55.81602478027344,89.46917724609375,3647.301025390625,0.0,0.0,5824.765625,3184.435302734375,1594.200927734375,891.05126953125,236.8876953125,258.80511474609375,275.7250671386719,281.9755554199219,285.14617919921875,288.095703125,13.94322395324707,43.386634826660156,61.2413330078125,80.94139862060547,,,,283.31805419921875,,102829.625,95646.3125,,10.110340118408203,4.0,0.0,7620.0,88888.0,5768.0,201.0,0.0,0.0,0.0,0.0,0.0,53.0,55.0,57.0,58.0,0.0,109.0,277.3599853515625,269.69000244140625,58.0,0.0,4.0,4.400000095367432
2023-09-28T11:49,2023-09-28T12:00,48,train,0,2023,9,11,48,2023-09-26T12:00,48,2023-09-26T12:00,48,2023-09-26T12:00,45,2023-09-26T15:00,48,2023-09-26T12:00,48,2023-09-26T12:00,-999.0,0.0,0.0,12.0,54.0,nan,1291.710205078125,nan,29900.0,nan,0.999467670917511,258.10205078125,273.78485107421875,281.5289306640625,284.22821044921875,288.0677185058594,5812.5576171875,3183.833984375,1604.5748291015625,243.6822509765625,279.4957580566406,53.20000076293945,131.30459594726562,3340.3115234375,36000.0,0.0,0.0,20000.056640625,0.0,0.0,90.0999984741211,0.0,24135.076171875,0.0,0.0,265.7533874511719,280.27166748046875,290.65411376953125,292.45166015625,299.3348693847656,5873.3388671875,3177.43798828125,1553.080322265625,827.5113525390625,149.65663146972656,300.96112060546875,38.29999923706055,55.400001525878906,868.6082153320312,4564.47998046875,19999.8046875,0.0,27.0,0.0,24100.0,258.6000061035156,275.5,281.6000061035156,285.1000061035156,289.29998779296875,5817.216796875,3180.570556640625,1594.90478515625,893.0179443359375,239.4584503173828,283.45001220703125,39.5,44.0,146.72000122070312,3652.0,0.0,0.0,7785.5302734375,0.0,100.0,100.0,0.0,30100.0,258.4783630371094,273.93951416015625,281.9898681640625,284.59149169921875,287.6426696777344,5815.92626953125,3184.658447265625,1604.40625,901.5482177734375,243.5821990966797,281.55731201171875,61.847938537597656,55.684513092041016,78.4322738647461,3382.6630859375,0.0,0.0,5818.47265625,3179.3310546875,1591.403564453125,888.213134765625,233.259033203125,258.43072509765625,275.79547119140625,281.519775390625,285.55389404296875,288.71942138671875,12.423766136169434,45.14427185058594,62.09921646118164,78.6313247680664,,,,283.3611145019531,,102785.5625,95621.53125,,10.199176788330078,23.0,,,88888.0,5760.0,0.0,13.0,13.0,,13.0,,56.0,,56.0,56.0,0.0,207.0,277.28997802734375,270.8699951171875,64.0,0.0,3.5999999046325684,4.0
2023-10-23T00:57,2023-10-23T01:00,1,train,0,2023,10,0,1,2023-10-23T00:00,1,2023-10-23T00:00,1,2023-10-23T00:00,1,2023-10-23T00:00,0,2023-10-23T00:00,1,2023-10-23T00:00,2019.0,0.0,100.0,100.0,74.0,1465.760009765625,1342.7562255859375,52300.0,85300.0,3768.026123046875,5.499446868896484,253.06008911132812,267.9251708984375,273.9626159667969,276.3603210449219,280.40380859375,5478.7451171875,2908.99267578125,1363.270751953125,33.83623504638672,273.4498596191406,95.0,249.18515014648438,1499.199951171875,5600.0,9.999999747378752e-05,0.37599998712539673,2895.541015625,100.0,100.0,100.0,0.0,24134.90625,1.6000000186977559e-06,0.0,258.8953857421875,271.52081298828125,282.4624328613281,284.7940368652344,287.1830139160156,5593.60888671875,2965.32373046875,1395.280029296875,689.6469116210938,34.269657135009766,286.3335876464844,80.80000305175781,78.80000305175781,513.7352905273438,2469.760009765625,2585.95166015625,63.0,11.0,9.0,21500.0,253.60000610351562,267.6000061035156,273.8999938964844,275.8999938964844,280.1000061035156,5484.125,2910.2744140625,1366.6495361328125,686.7164916992188,51.91621780395508,270.8900146484375,93.30000305175781,88.0,174.72000122070312,833.1199951171875,0.0,0.1875,901.0584716796875,89.0,91.0,86.0,75.0,800.0,253.87123107910156,267.6104736328125,273.4119873046875,274.1653747558594,278.04290771484375,5481.556640625,2909.801513671875,1366.200439453125,687.14453125,43.52233123779297,273.0443115234375,98.4217529296875,95.80368041992188,332.8427429199219,750.0,0.0005300000193528831,1.875,5474.63671875,2901.557861328125,1357.124755859375,677.361328125,46.57470703125,253.86083984375,267.4645080566406,273.49017333984375,274.52532958984375,278.2791748046875,99.42931365966797,98.34698486328125,94.69804382324219,98.93517303466797,,,,274.30401611328125,,100614.75,93295.359375,,16.227436065673828,97.0,0.0,7620.0,0.0,0.0,209.0,50.0,70.0,96.0,100.0,100.0,83.0,83.0,85.0,88.0,0.0,287.0,269.6099853515625,268.6299743652344,91.0,78.0,16.0,17.600000381469727
2023-10-23T00:57,2023-10-23T01:00,24,train,0,2023,10,0,25,2023-10-22T00:00,25,2023-10-22T00:00,25,2023-10-22T00:00,22,2023-10-22T03:00,24,2023-10-22T00:00,24,2023-10-22T01:00,3087.800048828125,0.0,100.0,100.0,100.0,1502.699462890625,1342.8394775390625,42300.0,85200.0,9697.5966796875,5.361171722412109,253.33041381835938,268.2025146484375,274.60760498046875,277.47552490234375,281.545654296875,5472.822265625,2900.04443359375,1351.7056884765625,17.97003936767578,274.2842712402344,91.5999984741211,323.87957763671875,1683.45361328125,6200.0,9.999999747378752e-05,34.16999816894531,2748.033935546875,100.0,100.0,100.0,0.0,24135.294921875,0.0,0.0,259.9489440917969,272.0701599121094,283.5906677246094,284.52069091796875,288.44091796875,5603.29052734375,2971.101806640625,1393.0008544921875,686.5003662109375,30.00550079345703,287.5999755859375,74.5999984741211,79.0999984741211,638.7427978515625,2561.43994140625,1196.21875,69.0,32.0,7.0,100.0,254.10000610351562,268.6000061035156,273.20001220703125,277.0,281.1000061035156,5477.41796875,2900.244140625,1354.8824462890625,672.7540283203125,41.98251724243164,273.6200256347656,99.80000305175781,100.0,372.8800048828125,1356.0,0.0010000000474974513,1.375,795.1004028320312,100.0,79.0,67.0,100.0,300.0,253.50831604003906,267.946044921875,274.33709716796875,276.0841979980469,280.1349792480469,5468.337890625,2895.594970703125,1349.54345703125,666.3259887695312,19.96038055419922,274.56024169921875,99.37908172607422,95.28673553466797,341.6188049316406,1640.0,0.0002300000051036477,24.0,5469.19921875,2892.31787109375,1347.943359375,666.436279296875,33.85302734375,253.8533477783203,267.77313232421875,273.9070129394531,275.16229248046875,279.0723571777344,99.8398208618164,98.67890930175781,94.57733154296875,98.13688659667969,,,,275.19610595703125,,100460.4375,93174.546875,,16.51262664794922,98.0,0.0,7620.0,0.0,0.0,0.0,90.0,90.0,90.0,92.0,100.0,81.0,94.0,100.0,100.0,0.0,195.0,270.719970703125,269.32000732421875,90.0,75.0,20.399999618530273,22.0
2023-10-23T00:57,2023-10-23T01:00,48,train,0,2023,10,0,43,2023-10-21T06:00,49,2023-10-21T00:00,49,2023-10-21T00:00,46,2023-10-21T03:00,48,2023-10-21T00:00,36,2023-10-21T13:00,-999.0,0.0,85.0,100.0,100.0,1577.2127685546875,1342.959716796875,42300.0,85400.0,9749.75,5.608973503112793,252.5996856689453,267.7720642089844,275.26416015625,278.3603515625,282.45379638671875,5492.5244140625,2924.6962890625,1376.502197265625,41.978675842285156,274.34686279296875,94.30000305175781,314.2041015625,1776.8135986328125,12200.0,9.999999747378752e-05,92.69000244140625,3157.2734375,41.20000076293945,36.099998474121094,100.0,0.0,24135.111328125,0.0,0.0,259.6846008300781,273.1210632324219,283.9935302734375,286.136474609375,286.7459716796875,5612.63720703125,2984.19384765625,1396.6177978515625,687.3601684570312,32.635780334472656,285.81182861328125,79.0,55.20000076293945,523.455810546875,2980.800048828125,1264.966552734375,100.0,100.0,100.0,5400.0,254.10000610351562,269.6000061035156,274.3999938964844,277.79998779296875,281.8999938964844,5497.666015625,2911.357177734375,1360.0189208984375,675.655517578125,35.983524322509766,274.3999938964844,98.0,100.0,374.7200012207031,1899.3599853515625,0.0010000000474974513,2.5625,795.7420654296875,100.0,100.0,85.0,100.0,200.0,252.95748901367188,267.97125244140625,275.8759765625,279.41595458984375,283.4302062988281,5495.0419921875,2924.2919921875,1374.589111328125,685.4815063476562,37.49822998046875,278.43841552734375,99.0933837890625,96.1262435913086,490.3174133300781,1920.0,7.999999797903001e-05,74.375,5478.94140625,2900.9375,1351.349365234375,666.6268310546875,30.799072265625,253.72723388671875,268.452880859375,275.2837219238281,276.64141845703125,280.4826354980469,100.70990753173828,96.52288818359375,92.94013977050781,97.64253234863281,,,,276.21826171875,,100420.6875,93173.4375,,17.301467895507812,100.0,0.0,7620.0,0.0,0.0,0.0,98.0,100.0,100.0,100.0,100.0,78.0,92.0,100.0,100.0,0.0,149.0,271.16998291015625,269.65997314453125,89.0,66.0,20.0,21.600000381469727
2023-11-09T14:51,2023-11-09T15:00,1,train,0,2023,11,14,1,2023-11-09T14:00,3,2023-11-09T12:00,3,2023-11-09T12:00,1,2023-11-09T14:00,3,2023-11-09T12:00,1,2023-11-09T14:00,-999.0,100.0,100.0,100.0,0.0,1342.14794921875,1342.0478515625,73900.0,85700.0,1570.5347900390625,9.114184379577637,256.7723083496094,270.0948486328125,270.17919921875,271.3076171875,275.18377685546875,5541.52099609375,2938.65234375,1400.445556640625,86.2694320678711,268.3165283203125,95.5999984741211,316.4203186035156,566.5599975585938,100.0,0.0,0.1679999977350235,20000.107421875,5.0,11.100000381469727,0.0,1.600000023841858,24134.85546875,7.199999799922807e-06,0.375,251.09796142578125,268.9297180175781,276.7935485839844,281.03216552734375,287.0937194824219,5575.517578125,3011.767578125,1462.59716796875,770.4244384765625,119.45887756347656,286.9740295410156,74.5999984741211,89.0999984741211,1372.3028564453125,2047.199951171875,1195.6536865234375,70.0,11.0,0.0,100.0,257.79998779296875,272.8999938964844,266.79998779296875,270.20001220703125,274.20001220703125,5556.208984375,2945.10009765625,1397.087158203125,732.3983154296875,108.0225830078125,268.25,96.30000305175781,100.0,365.9200134277344,427.67999267578125,0.00039999998989515007,3.5,2340.558349609375,93.0,100.0,0.0,34.0,10600.0,257.2325439453125,270.7687072753906,270.330322265625,271.22259521484375,275.0265808105469,5553.22021484375,2945.623291015625,1407.879150390625,737.1845092773438,98.00804138183594,271.8985290527344,90.60417175292969,92.47100830078125,364.964599609375,570.0,0.0,0.0625,5548.51953125,2941.58251953125,1400.4912109375,733.1392211914062,112.9140625,257.51690673828125,271.1505432128906,270.07977294921875,269.46258544921875,273.63812255859375,99.66001892089844,82.69432830810547,90.41474151611328,80.93338775634766,,,,271.81805419921875,,101357.125,93892.109375,,13.077507019042969,97.0,0.0,7620.0,0.0,0.0,209.0,87.0,97.0,100.0,100.0,100.0,58.0,60.0,62.0,65.0,2.0,233.0,265.5299987792969,263.2200012207031,84.0,44.0,24.0,26.0
2023-11-09T14:51,2023-11-09T15:00,24,train,0,2023,11,14,21,2023-11-08T18:00,21,2023-11-08T18:00,21,2023-11-08T18:00,24,2023-11-08T15:00,21,2023-11-08T18:00,24,2023-11-08T15:00,1951.5999755859375,0.0,100.0,43.0,65.0,1342.0316162109375,1341.9718017578125,59600.0,85600.0,3429.5830078125,9.835948944091797,256.37579345703125,273.1661376953125,269.95159912109375,271.14508056640625,275.1045227050781,5555.435546875,2940.102294921875,1388.002685546875,68.64697265625,267.1842041015625,94.4000015258789,305.579345703125,388.1600036621094,200.0,0.00039999998989515007,7.703000068664551,15704.66796875,5.0,77.0,0.0,3.700000047683716,24134.8515625,0.0,0.375,251.77865600585938,268.9996032714844,276.8323059082031,281.10406494140625,287.20220947265625,5581.765625,3013.171142578125,1463.8389892578125,771.90478515625,120.76740264892578,287.0781555175781,73.30000305175781,87.30000305175781,1334.5615234375,2050.719970703125,1262.7899169921875,99.0,97.0,0.0,600.0,256.1000061035156,273.1000061035156,265.5,269.1000061035156,273.1000061035156,5557.3828125,2940.414794921875,1384.2869873046875,722.404296875,99.52432250976562,268.2300109863281,91.0999984741211,99.0,282.6400146484375,423.67999267578125,0.0017999999690800905,7.375,1324.9989013671875,100.0,100.0,36.0,57.0,2518.33984375,256.37548828125,273.96636962890625,269.06036376953125,269.3946838378906,273.53143310546875,5559.8916015625,2938.619873046875,1383.1761474609375,717.7114868164062,75.13643646240234,269.36688232421875,92.03386688232422,93.73011779785156,377.8294677734375,180.0,0.0006699999794363976,4.25,5554.37890625,2944.16796875,1399.4228515625,731.2964477539062,111.591552734375,257.37841796875,271.2569580078125,270.94952392578125,269.112060546875,273.39642333984375,99.90780639648438,78.0505142211914,93.59098815917969,83.48832702636719,,,,271.6059265136719,,101336.875,93867.984375,,14.385037422180176,98.0,25.0,7906.0,928.0,480.0,nan,,,,,,,,,,3.0,274.0,264.05999755859375,261.57000732421875,82.0,82.0,24.0,25.600000381469727
2023-11-09T14:51,2023-11-09T15:00,48,train,0,2023,11,14,45,2023-11-07T18:00,45,2023-11-07T18:00,45,2023-11-07T18:00,48,2023-11-07T15:00,45,2023-11-07T18:00,45,2023-11-07T18:00,-999.0,0.0,100.0,100.0,100.0,1461.5440673828125,1341.8570556640625,48800.0,85600.0,9144.2412109375,7.1351094245910645,256.69561767578125,270.59136962890625,269.6433410644531,270.9341735839844,274.9389953613281,5537.060546875,2928.44677734375,1387.756103515625,71.0551528930664,267.4674987792969,95.5,312.0897216796875,433.2799987792969,1300.0,0.00019999999494757503,3.4630000591278076,645.1084594726562,9.800000190734863,100.0,100.0,0.5,22872.80078125,5.8400000852998346e-05,0.5625,251.65728759765625,267.4599914550781,276.8741455078125,280.7931213378906,286.69708251953125,5575.6201171875,3011.092529296875,1460.7723388671875,768.3895874023438,118.21721649169922,286.6075439453125,79.4000015258789,95.4000015258789,1210.6929931640625,2081.43994140625,1195.6497802734375,87.0,60.0,36.0,100.0,256.79998779296875,272.70001220703125,265.1000061035156,268.1000061035156,272.1000061035156,5538.1806640625,2922.431884765625,1379.2496337890625,719.7625122070312,99.82979583740234,266.030029296875,97.4000015258789,100.0,243.27999877929688,86.23999786376953,0.00019999999494757503,3.875,1645.623779296875,100.0,100.0,100.0,31.0,6551.01904296875,256.05377197265625,269.7525939941406,269.4599609375,269.1080322265625,273.3232727050781,5536.17431640625,2931.869140625,1396.9608154296875,730.718994140625,92.8115234375,269.45989990234375,88.74108123779297,91.26111602783203,304.345458984375,190.0,5.999999848427251e-05,4.4375,5541.8359375,2935.24072265625,1391.21630859375,723.6748657226562,104.547607421875,255.60787963867188,271.5469970703125,270.42681884765625,268.9223937988281,273.22650146484375,100.40715026855469,81.21688079833984,90.53903198242188,81.63750457763672,,,,271.2981872558594,,101265.0625,93806.625,,14.261835098266602,96.0,,,264.0,24.0,8320.0,64.0,70.0,,83.0,,67.0,,75.0,75.0,2.0,283.0,265.16998291015625,259.3800048828125,64.0,0.2540000081062317,14.0,15.199999809265137
2023-11-19T16:49,2023-11-19T17:00,1,train,0,2023,11,16,1,2023-11-19T16:00,5,2023-11-19T12:00,5,2023-11-19T12:00,1,2023-11-19T16:00,0,2023-11-19T18:00,1,2023-11-19T16:00,-999.0,54.0,100.0,0.0,0.0,1705.4476318359375,1341.80712890625,nan,85100.0,nan,9.859625816345215,243.2027130126953,258.2325744628906,266.5920104980469,272.28729248046875,276.498779296875,5311.31103515625,2845.9130859375,1357.0421142578125,63.8200569152832,267.42535400390625,93.0999984741211,558.2899169921875,430.3999938964844,12600.0,0.0,0.03500000014901161,19999.958984375,27.200000762939453,0.0,5.0,0.30000001192092896,24135.296875,0.0,0.0,259.33892822265625,275.39971923828125,280.97296142578125,284.5164489746094,289.0866394042969,5777.7529296875,3138.371337890625,1551.028564453125,848.631103515625,189.77818298339844,287.79901123046875,83.80000305175781,89.80000305175781,14.318470001220703,3570.56005859375,1195.8759765625,64.0,0.0,0.0,100.0,242.89999389648438,258.20001220703125,266.8999938964844,271.6000061035156,275.70001220703125,5306.4228515625,2843.226806640625,1353.953857421875,686.1766357421875,53.5405387878418,268.989990234375,97.19999694824219,100.0,811.3599853515625,540.9600219726562,0.001500000013038516,3.8125,1587.098388671875,100.0,0.0,0.0,100.0,19400.0,242.95591735839844,257.0846252441406,266.6108703613281,272.9353942871094,277.3394470214844,5302.34130859375,2844.26904296875,1360.202880859375,691.59423828125,66.19187927246094,272.45135498046875,79.02967834472656,72.57453918457031,1198.135986328125,660.0,0.0,0.0,5292.8203125,2839.806396484375,1354.0341796875,685.50439453125,56.92919921875,242.3482208251953,256.31280517578125,266.51055908203125,273.0640869140625,277.3262939453125,57.46147155761719,81.90389251708984,55.12594223022461,49.697147369384766,,,,274.61114501953125,,100700.1875,93362.15625,,4.591675281524658,85.0,0.0,7620.0,0.0,0.0,256.0,73.0,81.0,87.0,89.0,91.0,73.0,73.0,78.0,80.0,31.0,996.0,264.29998779296875,262.57000732421875,88.0,11.0,29.600000381469727,32.0
2023-11-19T16:49,2023-11-19T17:00,24,train,0,2023,11,16,23,2023-11-18T18:00,23,2023-11-18T18:00,23,2023-11-18T18:00,26,2023-11-18T15:00,24,2023-11-18T18:00,24,2023-11-18T17:00,-999.0,100.0,100.0,0.0,0.0,1387.3099365234375,1342.012939453125,75600.0,85100.0,2478.34912109375,8.039925575256348,244.68978881835938,257.949951171875,267.2682189941406,273.06134033203125,277.22625732421875,5310.8388671875,2839.7890625,1350.5948486328125,55.087913513183594,267.66168212890625,95.4000015258789,822.3600463867188,468.6400146484375,12200.0,0.0,1.409999966621399,19999.91796875,2.5,0.0,3.5999999046325684,0.20000000298023224,24135.09765625,0.0,0.0,259.3649597167969,274.9525146484375,281.2728271484375,284.2431335449219,288.4583435058594,5775.705078125,3137.135498046875,1551.876708984375,849.316162109375,191.99168395996094,287.3587646484375,85.4000015258789,89.0999984741211,24.22526741027832,3493.919921875,19999.84765625,39.0,0.0,0.0,0.0,243.10000610351562,259.5,267.29998779296875,272.0,276.1000061035156,5310.04931640625,2840.157958984375,1345.3067626953125,676.4378051757812,42.92594528198242,269.3999938964844,97.9000015258789,100.0,664.0800170898438,604.7999877929688,0.0013000000035390258,4.6875,1278.3841552734375,100.0,0.0,0.0,100.0,9800.0,245.59072875976562,256.80072021484375,266.11041259765625,272.04437255859375,276.4588623046875,5311.861328125,2840.330322265625,1357.939697265625,691.0821533203125,66.35523986816406,271.44671630859375,89.04352569580078,83.42379760742188,1044.687255859375,500.0,3.9999998989515007e-05,1.25,5302.56640625,2844.897705078125,1353.1650390625,682.7200927734375,52.990234375,242.24212646484375,258.4375,267.118408203125,273.7281188964844,277.92236328125,18.78317642211914,86.99542999267578,57.83538055419922,53.3614501953125,,,,275.130615234375,,100650.4375,93317.1171875,,4.358384609222412,83.0,0.0,7620.0,32.0,32.0,209.0,81.0,81.0,81.0,81.0,86.0,50.0,50.0,50.0,50.0,27.0,948.0,264.3799743652344,262.8699951171875,89.0,26.0,25.600000381469727,27.600000381469727
2023-12-01T11:49,2023-12-01T12:00,1,train,0,2023,12,11,1,2023-12-01T11:00,6,2023-12-01T06:00,6,2023-12-01T06:00,1,2023-12-01T11:00,0,2023-12-01T12:00,1,2023-12-01T11:00,-999.0,0.0,2.0,0.0,0.0,nan,1342.617919921875,nan,86200.0,nan,12.525435447692871,251.11862182617188,267.5648498535156,274.0295715332031,277.1154479980469,280.9281921386719,5557.2861328125,2994.7607421875,1454.902099609375,127.559326171875,271.822509765625,81.9000015258789,278.9401550292969,1104.6400146484375,16300.0,0.0,0.0,795.754638671875,100.0,100.0,100.0,98.0999984741211,7801.77978515625,0.00046239999937824905,5.5,250.83514404296875,265.7171936035156,273.2918395996094,277.6795654296875,281.28009033203125,5409.033203125,2859.75341796875,1323.0465087890625,640.055908203125,0.4545937478542328,280.4718322753906,95.4000015258789,93.0999984741211,260.9300231933594,1383.199951171875,19999.91015625,8.0,0.0,0.0,1100.0,251.10000610351562,268.1000061035156,272.5,275.79998779296875,279.8999938964844,5554.7568359375,2989.097412109375,1448.2725830078125,769.0664672851562,134.55084228515625,273.1600036621094,99.0,100.0,688.5599975585938,1183.199951171875,0.0010000000474974513,3.6875,nan,40.0,4.0,0.0,26.0,18300.0,250.96046447753906,266.8928527832031,273.93499755859375,276.8993225097656,279.8236083984375,5549.0703125,2990.672607421875,1452.928955078125,769.3772583007812,128.5166778564453,273.6708984375,76.97842407226562,72.58177947998047,294.8434143066406,1330.0,0.0,0.0,5552.57421875,2991.560302734375,1453.234375,769.7794799804688,135.536376953125,250.67672729492188,266.99591064453125,274.69476318359375,276.38580322265625,280.01019287109375,27.59250259399414,70.92290496826172,66.8653335571289,78.38838195800781,,,,271.13214111328125,,101629.0625,94316.0390625,,8.129617691040039,57.0,0.0,7620.0,0.0,0.0,0.0,53.0,62.0,62.0,63.0,66.0,63.0,63.0,63.0,63.0,0.0,161.0,268.82000732421875,265.75,81.0,2.0,26.0,32.0
2023-11-19T16:49,2023-11-19T17:00,48,train,0,2023,11,16,47,2023-11-17T18:00,47,2023-11-17T18:00,47,2023-11-17T18:00,50,2023-11-17T15:00,48,2023-11-17T18:00,36,2023-11-18T05:00,-999.0,96.0,98.0,0.0,0.0,nan,1342.061767578125,73400.0,85100.0,nan,7.7802042961120605,242.24957275390625,257.1427917480469,268.00823974609375,273.0233154296875,277.21685791015625,5296.74462890625,2843.6015625,1349.92724609375,55.77604675292969,269.24713134765625,98.19999694824219,653.0836181640625,709.1199951171875,2100.0,9.999999747378752e-05,21.06999969482422,19999.93359375,5.699999809265137,0.0,0.0,0.0,24134.75390625,0.0,0.0,259.1739501953125,275.37127685546875,281.322509765625,284.1788330078125,289.1612854003906,5781.396484375,3143.5458984375,1558.23193359375,855.8472900390625,197.5686492919922,287.8095703125,79.30000305175781,88.30000305175781,10.777934074401855,3556.0,19999.8984375,44.0,0.0,0.0,100.0,244.3000030517578,259.79998779296875,266.70001220703125,271.5,275.5,5321.51708984375,2842.930419921875,1349.8084716796875,682.381103515625,51.95423889160156,269.5899963378906,97.9000015258789,100.0,662.7999877929688,633.5999755859375,0.0012000000569969416,4.4375,1137.140380859375,100.0,0.0,0.0,100.0,14100.0,241.8392333984375,256.6714172363281,266.8935241699219,272.45013427734375,276.8723449707031,5290.6796875,2838.328125,1350.387939453125,682.1688232421875,58.46734619140625,272.1307373046875,88.94470977783203,84.88304901123047,929.0457153320312,600.0,9.999999747378752e-06,11.625,5295.5859375,2845.200439453125,1351.271728515625,679.0286865234375,47.99462890625,241.2303924560547,257.0941162109375,267.9205627441406,274.23736572265625,278.51678466796875,80.90845489501953,85.60441589355469,59.84626007080078,54.287208557128906,,,,275.6464538574219,,100593.625,93280.515625,,5.631766319274902,85.0,0.0,7620.0,32.0,32.0,201.0,96.0,96.0,96.0,96.0,98.0,53.0,53.0,55.0,56.0,30.0,926.0,264.52996826171875,263.04998779296875,89.0,12.0,23.200000762939453,25.200000762939453
2023-12-01T11:49,2023-12-01T12:00,48,train,0,2023,12,11,48,2023-11-29T12:00,48,2023-11-29T12:00,48,2023-11-29T12:00,45,2023-11-29T15:00,48,2023-11-29T12:00,48,2023-11-29T12:00,-999.0,100.0,100.0,0.0,0.0,1342.6561279296875,1342.5081787109375,84900.0,86200.0,1573.7122802734375,12.339987754821777,251.24557495117188,267.7783508300781,272.1885986328125,275.76104736328125,279.7080993652344,5554.447265625,2991.31201171875,1455.495849609375,133.08641052246094,271.0020446777344,95.0,326.62261962890625,973.280029296875,200.0,0.0,0.30000001192092896,605.937255859375,100.0,100.0,100.0,45.0,24135.287109375,1.359999987471383e-05,2.5625,251.69515991210938,264.5572204589844,272.8968505859375,276.991455078125,282.56719970703125,5416.17236328125,2879.825439453125,1350.74072265625,668.187255859375,27.5856876373291,282.0864562988281,83.80000305175781,98.5,568.0904541015625,1312.9599609375,20000.03515625,13.0,0.0,0.0,0.0,251.8000030517578,269.20001220703125,271.29998779296875,275.0,279.1000061035156,5551.61962890625,2977.60302734375,1435.4425048828125,758.5203857421875,129.23851013183594,272.3900146484375,99.4000015258789,100.0,684.9600219726562,1064.800048828125,0.0019000000320374966,9.8125,nan,43.0,0.0,0.0,31.0,15900.0,250.99356079101562,267.9958801269531,272.3030700683594,275.93072509765625,279.0919494628906,5551.62060546875,2987.467529296875,1453.066162109375,772.6637573242188,132.50050354003906,273.9044189453125,83.10194396972656,80.96026611328125,364.0409240722656,1170.0,0.0,0.125,5545.140625,2981.045166015625,1443.899658203125,764.3889770507812,133.169921875,251.1746063232422,268.20269775390625,272.8170166015625,274.9390869140625,278.59246826171875,20.01747703552246,89.15643310546875,72.47612762451172,81.04954528808594,,,,273.4224853515625,,101612.1875,94266.71875,,8.559845924377441,57.0,,,144.0,32.0,9856.0,77.0,78.0,,79.0,,42.0,,42.0,42.0,1.0,188.0,267.7200012207031,264.8500061035156,79.0,3.0,22.399999618530273,27.600000381469727
2023-12-01T11:49,2023-12-01T12:00,24,train,0,2023,12,11,24,2023-11-30T12:00,24,2023-11-30T12:00,24,2023-11-30T12:00,21,2023-11-30T15:00,24,2023-11-30T12:00,24,2023-11-30T12:00,-999.0,0.0,26.0,0.0,0.0,1575.3768310546875,1342.621337890625,nan,86200.0,nan,11.126968383789062,250.92971801757812,267.0244140625,273.5574035644531,276.73028564453125,280.55914306640625,5552.5869140625,2994.860595703125,1457.8792724609375,132.19424438476562,271.6689453125,89.5999984741211,307.2944641113281,1084.239990234375,12200.0,0.0,0.0,260.3949279785156,100.0,100.0,100.0,100.0,15608.255859375,0.00013600000238511711,6.1875,252.34637451171875,264.63360595703125,272.5317687988281,276.4644775390625,281.13214111328125,5422.10205078125,2866.050537109375,1335.9501953125,655.3460693359375,17.168750762939453,280.4873352050781,93.0,98.19999694824219,223.16018676757812,1186.719970703125,19999.974609375,10.0,3.0,0.0,0.0,251.6999969482422,269.0,274.29998779296875,275.29998779296875,279.3999938964844,5555.35302734375,2981.279541015625,1437.630615234375,759.5862426757812,128.3489532470703,272.7099914550781,99.30000305175781,100.0,517.4400024414062,1112.800048828125,0.0012000000569969416,4.8125,nan,3.0,28.0,0.0,0.0,17700.0,250.54046630859375,266.9939270019531,274.07757568359375,276.29730224609375,279.22308349609375,5548.1943359375,2991.512451171875,1454.1368408203125,770.9996337890625,131.01644897460938,273.0408020019531,79.53121948242188,73.74876403808594,272.54412841796875,1150.0,0.0,0.0,5546.70703125,2985.730712890625,1448.331787109375,766.892333984375,134.52880859375,250.6087188720703,267.21533203125,273.79449462890625,275.5411376953125,279.14892578125,31.435894012451172,83.54792022705078,70.89006042480469,83.70193481445312,,,,271.7994079589844,,101621.8125,94292.53125,,8.672743797302246,57.0,0.0,7620.0,0.0,0.0,0.0,63.0,67.0,67.0,67.0,67.0,68.0,68.0,68.0,73.0,0.0,197.0,268.33001708984375,265.8999938964844,83.0,2.0,23.200000762939453,27.200000762939453
2023-12-07T22:56,2023-12-07T23:00,1,train,0,2023,12,22,1,2023-12-07T22:00,5,2023-12-07T18:00,5,2023-12-07T18:00,1,2023-12-07T22:00,0,2023-12-08T00:00,1,2023-12-07T22:00,-999.0,0.0,0.0,2.0,0.0,nan,nan,nan,nan,nan,10.252501487731934,243.8792724609375,256.85076904296875,264.19757080078125,266.291015625,269.97021484375,5327.23583984375,2857.309814453125,1375.293212890625,100.24481201171875,261.96795654296875,64.30000305175781,216.345458984375,0.0,26500.0,0.0,0.0,215.0841522216797,100.0,100.0,100.0,100.0,20831.701171875,0.00021600000036414713,17.25,255.00064086914062,270.5762939453125,278.58349609375,281.98150634765625,283.36016845703125,5587.169921875,3000.750732421875,1437.07861328125,740.5447998046875,93.01628112792969,282.9764099121094,97.30000305175781,98.5999984741211,576.5438232421875,2473.60009765625,19999.9921875,13.0,39.0,0.0,24100.0,244.1999969482422,257.5,263.20001220703125,264.8999938964844,268.79998779296875,5339.2919921875,2865.0927734375,1379.8763427734375,728.1016845703125,116.09741973876953,261.5199890136719,85.0,83.0,241.1199951171875,0.0,0.0,0.0,nan,10.0,29.0,0.0,2.0,18600.0,244.0201416015625,256.0810852050781,264.20794677734375,264.72998046875,268.14385986328125,5332.947265625,2864.71337890625,1385.11376953125,729.746337890625,114.15135955810547,260.750244140625,66.85527038574219,74.31122589111328,149.67440795898438,0.0,0.0,0.0,5340.37890625,2865.869384765625,1384.102783203125,729.5963745117188,122.2412109375,244.5684356689453,256.84759521484375,263.9102783203125,264.4012756347656,268.1605529785156,83.24175262451172,76.07533264160156,61.82908630371094,79.98387145996094,,,,261.17877197265625,,101579.0,93950.9765625,,5.263043403625488,31.0,0.0,7620.0,88888.0,1488.0,16209.0,0.0,0.0,1.0,7.0,18.0,8.0,8.0,8.0,9.0,0.0,137.0,257.7599792480469,251.25997924804688,57.0,0.0,21.200000762939453,22.799999237060547
2023-12-07T22:56,2023-12-07T23:00,24,train,0,2023,12,22,23,2023-12-07T00:00,23,2023-12-07T00:00,23,2023-12-07T00:00,26,2023-12-06T21:00,24,2023-12-07T00:00,24,2023-12-06T23:00,-999.0,0.0,0.0,32.0,0.0,nan,4711.94384765625,nan,54600.0,nan,8.307357788085938,243.23153686523438,257.3493957519531,263.7226257324219,265.20513916015625,268.8835754394531,5334.1982421875,2866.392578125,1383.5361328125,111.08812713623047,261.00909423828125,28.200000762939453,191.30007934570312,0.0,66900.0,0.0,0.0,141.4733123779297,100.0,100.0,100.0,100.0,919.8069458007812,8.959999831859022e-05,7.9375,255.8275604248047,270.2278137207031,277.9067687988281,282.0948181152344,283.0959777832031,5595.74072265625,3004.384521484375,1441.779296875,746.0113525390625,98.57228088378906,282.7334899902344,98.4000015258789,99.0999984741211,456.2671813964844,2420.800048828125,19999.98046875,4.0,0.0,0.0,24100.0,244.5,258.0,263.3999938964844,265.70001220703125,269.70001220703125,5335.63427734375,2862.94189453125,1378.092529296875,724.9030151367188,116.69688415527344,260.7699890136719,55.099998474121094,34.0,168.16000366210938,0.0,0.0,0.0,nan,12.0,82.0,0.0,12.0,21202.298828125,243.46334838867188,256.99212646484375,263.7525939941406,263.3304443359375,266.5526123046875,5335.603515625,2869.96484375,1388.109130859375,734.8743896484375,120.29798126220703,258.75762939453125,63.0,61.54132843017578,147.08981323242188,0.0,0.0,0.125,5341.4140625,2866.058349609375,1384.266845703125,729.697509765625,121.282958984375,244.7227020263672,256.93634033203125,263.951171875,264.73443603515625,268.6993103027344,78.40605163574219,76.28972625732422,59.75941848754883,79.42422485351562,,,,261.090576171875,,101551.875,93942.5,,5.070487022399902,30.0,0.0,7620.0,88886.0,3272.0,465.0,11.0,11.0,12.0,17.0,23.0,47.0,47.0,47.0,48.0,0.0,117.0,257.0199890136719,250.38998413085938,56.0,0.0,16.399999618530273,18.0
2023-12-07T22:56,2023-12-07T23:00,48,train,0,2023,12,22,47,2023-12-06T00:00,47,2023-12-06T00:00,47,2023-12-06T00:00,50,2023-12-05T21:00,48,2023-12-06T00:00,36,2023-12-06T11:00,-999.0,0.0,0.0,100.0,0.0,nan,6125.90576171875,nan,44700.0,nan,8.075828552246094,243.5242919921875,256.73095703125,263.2293701171875,264.58673095703125,268.25439453125,5343.41259765625,2879.25830078125,1399.1412353515625,128.7134552001953,260.52069091796875,30.200000762939453,159.39169311523438,0.0,63800.0,0.0,0.0,214.82557678222656,100.0,100.0,100.0,100.0,6366.92236328125,0.000667200016323477,14.75,255.0337677001953,269.9522399902344,277.2292785644531,281.5577392578125,282.75604248046875,5590.4384765625,2998.035888671875,1441.2130126953125,747.0296020507812,100.25787353515625,282.43145751953125,98.19999694824219,90.69999694824219,353.14556884765625,2070.39990234375,20000.1953125,2.0,0.0,0.0,24100.0,245.39999389648438,257.3999938964844,263.3999938964844,265.3999938964844,269.3999938964844,5338.337890625,2862.65087890625,1379.7210693359375,727.0797729492188,115.64867401123047,260.6099853515625,64.80000305175781,44.0,132.9600067138672,0.0,0.0,0.0,nan,52.0,1.0,0.0,52.0,8900.4521484375,243.77651977539062,256.8169250488281,263.11163330078125,261.5274658203125,264.7677001953125,5343.29931640625,2876.396728515625,1396.520751953125,746.0445556640625,133.1118621826172,258.2608947753906,76.62008666992188,74.90359497070312,102.49909973144531,0.0,0.0,0.125,5343.01171875,2867.065185546875,1384.348388671875,731.032470703125,123.062744140625,245.10546875,257.02740478515625,263.6581115722656,264.3992919921875,268.5074462890625,73.4807357788086,40.31251907348633,57.26144027709961,78.99019622802734,,,,260.9321594238281,,101574.9375,93950.0078125,,3.9700846672058105,17.0,0.0,7620.0,88888.0,3904.0,201.0,9.0,9.0,9.0,9.0,17.0,49.0,49.0,49.0,50.0,0.0,108.0,257.22998046875,251.4299774169922,61.0,0.0,16.0,17.200000762939453
2023-12-15T20:47,2023-12-15T21:00,1,train,0,2023,12,20,1,2023-12-15T20:00,3,2023-12-15T18:00,3,2023-12-15T18:00,1,2023-12-15T20:00,3,2023-12-15T18:00,1,2023-12-15T20:00,-999.0,0.0,100.0,0.0,4.0,1343.114990234375,1342.8741455078125,85200.0,86500.0,1577.7718505859375,17.55304718017578,255.63314819335938,273.4730224609375,277.1609802246094,277.3409423828125,281.3582763671875,5669.970703125,3060.36962890625,1488.2928466796875,147.06939697265625,273.6824951171875,97.0999984741211,298.2987976074219,3404.47998046875,0.0,0.0,0.0020000000949949026,20000.0546875,0.20000000298023224,0.0,0.4000000059604645,0.0,24135.298828125,0.0,0.0,256.2485656738281,272.4955139160156,275.2800598144531,275.8114013671875,281.57928466796875,5827.52294921875,3220.189208984375,1651.7777099609375,971.8305053710938,334.1190490722656,280.5212097167969,73.5,83.19999694824219,10.24934196472168,1352.800048828125,19999.82421875,33.0,0.0,0.0,17400.0,256.79998779296875,274.79998779296875,275.29998779296875,273.8999938964844,278.0,5666.9287109375,3045.472900390625,1470.6671142578125,794.4868774414062,159.3719482421875,271.2699890136719,96.5999984741211,99.0,334.32000732421875,892.47998046875,0.0,1.625,761.70703125,82.0,0.0,8.0,82.0,6700.0,255.4959716796875,272.7504577636719,277.7813415527344,275.3426208496094,279.159423828125,5667.03271484375,3063.0234375,1489.39013671875,804.342041015625,157.55348205566406,273.9219055175781,95.0,93.677490234375,339.69866943359375,3000.0,0.0,0.0,5663.19140625,3050.0830078125,1478.63623046875,796.7276611328125,162.0439453125,255.98268127441406,273.495849609375,276.398681640625,275.7738037109375,280.12957763671875,29.157943725585938,76.47655487060547,86.35160827636719,81.87000274658203,,,,276.2703857421875,,101996.375,94646.03125,,10.677387237548828,55.0,0.0,7620.0,88888.0,224.0,209.0,13.0,15.0,16.0,17.0,18.0,63.0,64.0,65.0,68.0,0.0,224.0,269.19000244140625,266.1199951171875,81.0,3.0,52.400001525878906,56.400001525878906
2023-12-15T20:47,2023-12-15T21:00,48,train,0,2023,12,20,45,2023-12-14T00:00,45,2023-12-14T00:00,45,2023-12-14T00:00,48,2023-12-13T21:00,45,2023-12-14T00:00,45,2023-12-14T00:00,-999.0,0.0,6.0,0.0,100.0,11931.3720703125,1342.370361328125,nan,86300.0,12753.0390625,12.52039623260498,255.63357543945312,271.13299560546875,273.68389892578125,274.6372985839844,278.6709289550781,5635.10546875,3036.87646484375,1480.322265625,151.90744018554688,269.9591979980469,89.19999694824219,242.9286651611328,816.1599731445312,13200.0,0.0,0.019999999552965164,19999.869140625,0.0,0.0,0.0,0.0,24135.291015625,0.0,0.0,256.1919250488281,272.5589904785156,274.0549011230469,277.6595764160156,281.04815673828125,5823.19873046875,3210.47705078125,1652.361572265625,968.6221313476562,329.2216796875,279.6793212890625,92.80000305175781,65.5999984741211,30.772512435913086,3070.080078125,20000.0625,34.0,0.0,1.0,16200.0,257.70001220703125,275.0,274.70001220703125,273.5,277.6000061035156,5644.33154296875,3018.1376953125,1443.43896484375,768.8232421875,135.6560516357422,270.7900085449219,95.69999694824219,98.0,332.7200012207031,818.8800048828125,0.0,0.9375,825.1924438476562,89.0,0.0,0.0,89.0,3113.630126953125,255.21173095703125,270.8800354003906,276.0315856933594,272.935302734375,276.794677734375,5631.99169921875,3040.9384765625,1480.240966796875,800.6203002929688,158.46041870117188,272.1037902832031,98.0,93.33988952636719,370.38128662109375,600.0,0.0,0.125,5657.1171875,3044.59765625,1469.6279296875,788.8483276367188,155.153564453125,256.17657470703125,273.89202880859375,276.8031005859375,275.40020751953125,279.691162109375,25.574142456054688,45.638587951660156,81.69757843017578,80.39993286132812,,,,275.5445861816406,,101907.625,94543.4140625,,8.660316467285156,59.0,,,312.0,24.0,9856.0,47.0,48.0,,50.0,,46.0,,46.0,46.0,1.0,299.0,268.54998779296875,264.70001220703125,74.0,0.0,39.20000076293945,46.79999923706055
2023-12-15T20:47,2023-12-15T21:00,24,train,0,2023,12,20,21,2023-12-15T00:00,21,2023-12-15T00:00,21,2023-12-15T00:00,24,2023-12-14T21:00,21,2023-12-15T00:00,24,2023-12-14T21:00,-999.0,0.0,17.0,0.0,100.0,nan,1342.72216796875,nan,86300.0,nan,16.697040557861328,255.64132690429688,273.64080810546875,276.50146484375,276.76239013671875,280.83551025390625,5656.29296875,3045.1650390625,1474.346435546875,135.31463623046875,272.12451171875,93.5,286.04150390625,1151.9200439453125,12200.0,0.0,0.0,1218.680908203125,99.4000015258789,0.0,0.0,5.800000190734863,24135.07421875,0.0,0.0,255.7749481201172,272.6565856933594,276.4076232910156,276.00921630859375,282.04248046875,5827.83740234375,3219.21484375,1650.3787841796875,969.3104858398438,330.82342529296875,282.8016357421875,68.5,89.5,20.65716552734375,1356.3199462890625,20000.1953125,33.0,0.0,3.0,24100.0,257.29998779296875,275.79998779296875,275.8999938964844,274.1000061035156,278.20001220703125,5663.5673828125,3036.581787109375,1458.106689453125,781.4147338867188,149.22618103027344,271.07000732421875,90.5999984741211,89.0,378.1600036621094,861.5999755859375,0.0,0.5625,nan,64.0,0.0,0.0,64.0,7451.705078125,255.4517822265625,272.8719787597656,277.63275146484375,275.2894287109375,279.0957336425781,5652.1796875,3045.12060546875,1473.753173828125,788.8045654296875,142.362548828125,273.90899658203125,95.0,91.35957336425781,349.2775573730469,2130.0,0.0,0.0,5663.15234375,3049.92138671875,1476.619873046875,793.8494262695312,159.15380859375,256.0199279785156,273.5198669433594,277.5034484863281,275.722412109375,280.095947265625,29.348779678344727,59.37769317626953,80.45259857177734,79.72601318359375,,,,275.89984130859375,,101960.0,94613.890625,,9.784390449523926,61.0,0.0,7620.0,32.0,32.0,201.0,46.0,47.0,47.0,47.0,47.0,48.0,48.0,48.0,48.0,0.0,248.0,269.8299865722656,266.4800109863281,78.0,3.0,38.79999923706055,47.599998474121094
2023-12-22T19:54,2023-12-22T20:00,24,train,0,2023,12,19,26,2023-12-21T18:00,26,2023-12-21T18:00,26,2023-12-21T18:00,23,2023-12-21T21:00,21,2023-12-22T00:00,24,2023-12-21T20:00,-999.0,0.0,0.0,0.0,0.0,nan,nan,nan,nan,nan,0.8741169571876526,247.3203887939453,263.6219787597656,266.3709716796875,267.160400390625,271.0058288574219,5557.9580078125,3036.17529296875,1527.1688232421875,240.2863006591797,266.4573974609375,30.5,117.17582702636719,283.2799987792969,63400.0,0.0,0.0,928.9961547851562,100.0,0.0,0.0,2.9000000953674316,24134.72265625,6.4000000747910235e-06,0.125,259.8666687011719,271.84246826171875,274.4571838378906,278.4481506347656,283.1615295410156,5752.0732421875,3127.29052734375,1565.8004150390625,880.6140747070312,237.38148498535156,283.34442138671875,85.69999694824219,89.0999984741211,556.6052856445312,2859.199951171875,20000.197265625,0.0,0.0,0.0,24100.0,248.8000030517578,265.20001220703125,268.0,269.70001220703125,273.79998779296875,5570.154296875,3035.175048828125,1514.4903564453125,851.4402465820312,238.41592407226562,267.92999267578125,34.400001525878906,30.0,173.60000610351562,377.6000061035156,0.0,0.0,nan,0.0,0.0,0.0,0.0,43016.60546875,247.48191833496094,263.93389892578125,266.857177734375,266.5258483886719,270.65606689453125,5560.814453125,3036.6533203125,1523.109130859375,863.7799682617188,242.1273193359375,267.65350341796875,46.56871032714844,32.96196365356445,263.8096008300781,0.0,0.0,0.0,5572.78125,3037.455810546875,1518.359375,857.4414672851562,241.0751953125,249.20260620117188,264.74737548828125,267.41009521484375,267.6209716796875,272.23681640625,66.50712585449219,6.019741058349609,25.13274574279785,20.810075759887695,,,,268.60076904296875,,103071.75,95449.65625,,4.603237628936768,9.0,0.0,7620.0,88888.0,1808.0,201.0,0.0,0.0,0.0,0.0,3.0,45.0,45.0,45.0,45.0,0.0,260.0,262.8299865722656,246.6300048828125,25.0,0.0,10.399999618530273,11.199999809265137
2023-12-22T19:54,2023-12-22T20:00,1,train,0,2023,12,19,1,2023-12-22T19:00,2,2023-12-22T18:00,2,2023-12-22T18:00,1,2023-12-22T19:00,3,2023-12-22T18:00,1,2023-12-22T19:00,-999.0,0.0,0.0,0.0,0.0,nan,nan,nan,nan,nan,1.7893797159194946,248.42111206054688,264.572998046875,268.1031494140625,268.27447509765625,272.0992431640625,5559.0947265625,3028.940673828125,1511.1649169921875,217.9690704345703,267.99267578125,27.100000381469727,149.76780700683594,513.3599853515625,68700.0,0.0,0.0,865.1343383789062,100.0,0.0,0.0,8.0,24135.294921875,5.599999894911889e-06,0.0,257.9251403808594,273.4473571777344,273.64471435546875,277.93426513671875,283.34454345703125,5761.94384765625,3132.14013671875,1566.3294677734375,882.7225952148438,239.75440979003906,283.5452880859375,81.5999984741211,88.0999984741211,675.02392578125,3286.080078125,20000.09765625,0.0,0.0,0.0,24100.0,248.6999969482422,265.1000061035156,266.79998779296875,269.5,273.5,5568.5927734375,3029.74462890625,1512.7110595703125,850.5671997070312,236.25672912597656,267.7300109863281,43.599998474121094,41.0,173.44000244140625,347.3599853515625,0.0,0.0,nan,0.0,0.0,0.0,0.0,45400.0,248.6193389892578,264.68603515625,267.1008605957031,267.7273254394531,271.8482666015625,5564.70068359375,3029.6201171875,1514.9261474609375,853.7781372070312,229.3411407470703,268.764404296875,45.36933898925781,33.05828857421875,252.83338928222656,90.0,0.0,0.0,5572.9765625,3034.93798828125,1517.912109375,858.807861328125,243.6240234375,249.20188903808594,264.58074951171875,266.4073791503906,267.07611083984375,271.7144470214844,73.05233764648438,14.860304832458496,35.72991180419922,29.228551864624023,,,,268.17962646484375,,103112.75,95460.234375,,5.320300579071045,6.0,0.0,7620.0,88888.0,3304.0,16274.0,0.0,0.0,0.0,0.0,0.0,6.0,6.0,6.0,6.0,0.0,261.0,263.3399963378906,247.23001098632812,25.0,0.0,8.800000190734863,9.600000381469727
2023-12-22T19:54,2023-12-22T20:00,48,train,0,2023,12,19,44,2023-12-21T00:00,50,2023-12-20T18:00,50,2023-12-20T18:00,47,2023-12-20T21:00,45,2023-12-21T00:00,36,2023-12-21T08:00,-999.0,0.0,0.0,0.0,85.0,nan,831.0858154296875,nan,30200.0,nan,1.7473502159118652,247.8985137939453,263.2185363769531,266.5284729003906,266.5489501953125,270.3875732421875,5565.0166015625,3042.81201171875,1533.036376953125,248.57476806640625,266.411865234375,30.700000762939453,150.2414093017578,270.8800048828125,63100.0,0.0,0.0,15744.2431640625,44.099998474121094,0.0,0.0,0.0,24135.30859375,5.599999894911889e-06,0.0625,259.4469299316406,272.1382751464844,275.9281005859375,278.45733642578125,282.28204345703125,5764.126953125,3132.837158203125,1569.91357421875,884.6199340820312,241.3036346435547,281.96380615234375,92.0,89.80000305175781,327.57635498046875,2854.719970703125,20000.056640625,1.0,0.0,0.0,24100.0,248.39999389648438,264.6000061035156,267.8999938964844,269.5,273.5,5571.3994140625,3038.164794921875,1519.269287109375,856.5435791015625,244.1583251953125,267.739990234375,33.400001525878906,29.0,173.60000610351562,348.79998779296875,0.0,0.0,nan,0.0,4.0,4.0,0.0,43301.390625,247.71783447265625,263.1096496582031,266.314453125,265.7844543457031,269.9158935546875,5566.2412109375,3043.779296875,1534.0831298828125,876.7098999023438,257.8203430175781,267.3372802734375,46.34661865234375,33.82958221435547,363.49859619140625,0.0,0.0,0.0,5575.87109375,3038.408447265625,1517.682373046875,857.0177612304688,241.56005859375,248.70713806152344,265.3700866699219,267.907470703125,267.22149658203125,271.98614501953125,50.116458892822266,3.7642765045166016,21.34347915649414,16.33818244934082,,,,268.0262451171875,,103091.75,95446.453125,,4.068756103515625,26.0,40.0,8206.0,88888.0,744.0,201.0,0.0,0.0,0.0,0.0,0.0,38.0,38.0,38.0,38.0,0.0,242.0,262.82000732421875,246.58999633789062,25.0,0.0,9.600000381469727,10.399999618530273
2023-12-29T19:54,2023-12-29T20:00,48,train,0,2023,12,19,44,2023-12-28T00:00,50,2023-12-27T18:00,50,2023-12-27T18:00,47,2023-12-27T21:00,45,2023-12-28T00:00,36,2023-12-28T08:00,1972.5999755859375,0.0,84.0,100.0,100.0,1575.784912109375,1342.8121337890625,59400.0,85100.0,4616.3671875,3.89509916305542,250.99984741210938,266.4981994628906,273.32635498046875,276.12799072265625,280.25299072265625,5438.060546875,2890.29150390625,1351.507568359375,27.92144012451172,273.85345458984375,95.9000015258789,303.9877014160156,1444.0799560546875,6400.0,9.999999747378752e-05,10.270000457763672,5956.236328125,57.20000076293945,1.7000000476837158,79.19999694824219,8.5,24134.984375,8.000000093488779e-07,0.25,253.1800537109375,267.36798095703125,277.5927429199219,281.4658508300781,284.1372375488281,5647.724609375,3076.589599609375,1529.24169921875,835.0071411132812,186.3641815185547,284.09478759765625,86.9000015258789,77.0,17.132001876831055,2082.719970703125,1196.32763671875,76.0,32.0,35.0,100.0,250.6999969482422,268.1000061035156,276.1000061035156,280.0,284.20001220703125,5447.95703125,2887.260986328125,1334.176025390625,644.339111328125,18.679414749145508,275.4800109863281,100.0,96.0,34.2400016784668,2086.8798828125,0.0,0.0625,855.0938720703125,100.0,100.0,100.0,100.0,6200.0,251.1654510498047,267.14837646484375,272.7547302246094,275.86712646484375,280.0796813964844,5443.58251953125,2885.979736328125,1346.600830078125,666.6744384765625,24.441879272460938,276.0871276855469,97.46897888183594,97.79583740234375,417.8460693359375,1190.0,0.00011000000085914508,12.0625,5421.37890625,2868.829833984375,1324.234130859375,645.77099609375,16.49560546875,250.818359375,267.51422119140625,273.2495422363281,273.7103271484375,277.746337890625,85.54329681396484,99.18164825439453,98.59803771972656,99.79801940917969,,,,273.7020263671875,,100183.125,92906.5234375,,13.622207641601562,95.0,0.0,7620.0,0.0,0.0,0.0,100.0,100.0,100.0,100.0,100.0,100.0,100.0,100.0,100.0,0.0,163.0,271.1099853515625,269.79998779296875,91.0,31.0,8.399999618530273,9.199999809265137
2023-12-29T19:54,2023-12-29T20:00,24,train,0,2023,12,19,26,2023-12-28T18:00,26,2023-12-28T18:00,26,2023-12-28T18:00,23,2023-12-28T21:00,21,2023-12-29T00:00,24,2023-12-28T20:00,-999.0,100.0,100.0,87.0,100.0,1343.2335205078125,1343.06201171875,81000.0,84900.0,1889.0291748046875,4.525751113891602,251.38331604003906,266.24285888671875,274.6834716796875,277.9169921875,281.9425354003906,5421.7255859375,2872.583251953125,1331.7100830078125,3.67095947265625,274.8584899902344,100.0,352.417724609375,1662.9599609375,0.0,0.0,6.619999885559082,1913.165283203125,98.5999984741211,50.70000076293945,100.0,9.0,24134.958984375,0.0,0.0625,253.9804229736328,266.0746765136719,276.27362060546875,281.06439208984375,283.90606689453125,5643.470703125,3072.175537109375,1525.3770751953125,833.1661987304688,185.38555908203125,283.79071044921875,83.19999694824219,82.0,33.33207702636719,2012.3199462890625,2761.90478515625,56.0,35.0,14.0,12900.0,250.89999389648438,266.5,274.79998779296875,278.3999938964844,282.6000061035156,5431.1640625,2872.31787109375,1328.6390380859375,642.7843017578125,20.120359420776367,274.5,97.0,95.0,68.4000015258789,1736.3199462890625,0.0003000000142492354,1.625,860.545166015625,100.0,94.0,97.0,97.0,5100.0,251.38455200195312,266.11871337890625,273.39886474609375,275.09283447265625,279.2022399902344,5422.1396484375,2872.5869140625,1333.0418701171875,653.10107421875,13.403717041015625,275.16058349609375,98.35014343261719,98.62602233886719,326.7688903808594,1260.0,3.9999998989515007e-05,8.125,5421.609375,2870.837646484375,1327.65576171875,648.222900390625,18.442138671875,250.96755981445312,266.84979248046875,273.8353271484375,273.88372802734375,277.98516845703125,92.95328521728516,99.2818832397461,99.2093734741211,99.22858428955078,,,,274.2469177246094,,100201.6875,92923.5859375,,13.543676376342773,95.0,0.0,7620.0,0.0,0.0,256.0,99.0,100.0,100.0,100.0,100.0,100.0,100.0,100.0,100.0,0.0,155.0,270.97998046875,270.0199890136719,91.0,7.0,8.399999618530273,9.199999809265137
2023-12-29T19:54,2023-12-29T20:00,1,train,0,2023,12,19,1,2023-12-29T19:00,2,2023-12-29T18:00,2,2023-12-29T18:00,1,2023-12-29T19:00,3,2023-12-29T18:00,1,2023-12-29T19:00,-999.0,0.0,100.0,100.0,97.0,3079.365478515625,1342.885009765625,nan,84900.0,4123.19482421875,5.035121440887451,250.86123657226562,266.57183837890625,273.74700927734375,276.437744140625,280.5299377441406,5417.90966796875,2870.3798828125,1329.20654296875,4.816596984863281,274.3457946777344,98.4000015258789,258.40185546875,1850.47998046875,12200.0,0.0,0.0,1574.3931884765625,100.0,98.80000305175781,96.69999694824219,7.400000095367432,24134.865234375,9.60000033956021e-06,0.25,253.71160888671875,266.8897705078125,276.1998596191406,281.182373046875,284.18829345703125,5645.1279296875,3073.178466796875,1523.783203125,831.7388916015625,183.567626953125,284.07647705078125,94.69999694824219,80.0,17.317373275756836,2128.0,19999.873046875,99.0,75.0,7.0,24100.0,251.1999969482422,267.70001220703125,273.5,277.79998779296875,282.0,5427.2412109375,2871.95458984375,1326.625732421875,642.626708984375,13.527984619140625,274.29998779296875,97.0999984741211,96.0,34.0,1381.1199951171875,0.0,0.1875,823.8364868164062,100.0,0.0,8.0,100.0,2800.0,250.98141479492188,266.621337890625,274.0945739746094,276.11187744140625,280.10601806640625,5422.3310546875,2875.047119140625,1333.863525390625,651.6192626953125,10.454200744628906,276.0556945800781,99.0128173828125,99.27567291259766,336.8761901855469,1640.0,0.0,0.0,5421.23828125,2870.51904296875,1326.9931640625,645.996337890625,14.174560546875,250.9790496826172,267.0889587402344,274.1243896484375,274.6953125,278.85650634765625,84.86395263671875,99.49797821044922,98.95259094238281,99.68498229980469,,,,274.53802490234375,,100144.75,92898.46875,,13.274503707885742,94.0,0.0,7620.0,0.0,0.0,209.0,91.0,100.0,100.0,100.0,100.0,83.0,85.0,88.0,91.0,0.0,171.0,271.2699890136719,269.8500061035156,90.0,14.0,9.199999809265137,10.0
2024-01-04T18:53,2024-01-04T19:00,1,train,0,2024,1,18,1,2024-01-04T18:00,1,2024-01-04T18:00,1,2024-01-04T18:00,1,2024-01-04T18:00,0,2024-01-04T18:00,1,2024-01-04T18:00,-999.0,10.0,21.0,0.0,0.0,1341.0888671875,1340.890380859375,84000.0,85200.0,1558.064453125,11.186363220214844,240.72555541992188,257.0738830566406,261.6500549316406,265.12005615234375,269.25640869140625,5294.3935546875,2845.236328125,1368.1697998046875,97.5597152709961,261.16424560546875,87.4000015258789,328.3407897949219,0.0,3100.0,0.0,0.10700000077486038,7380.41845703125,27.5,100.0,100.0,0.0,24134.8671875,0.0,0.0,250.32777404785156,267.0670166015625,276.48870849609375,281.8808898925781,283.75982666015625,5510.947265625,2963.341796875,1415.785400390625,723.0932006835938,74.35859680175781,282.9455871582031,78.80000305175781,66.5999984741211,89.87691497802734,1932.6400146484375,20000.119140625,40.0,0.0,0.0,0.0,240.8000030517578,257.0,259.29998779296875,263.79998779296875,267.79998779296875,5294.12939453125,2843.099365234375,1366.76611328125,718.6345825195312,101.08333587646484,261.8599853515625,95.69999694824219,100.0,276.1600036621094,0.0,0.00019999999494757503,0.375,793.664306640625,100.0,0.0,0.0,100.0,701.1998291015625,241.1016082763672,255.4996337890625,260.9820556640625,264.9889221191406,269.475341796875,5289.8037109375,2848.00048828125,1376.276123046875,725.734130859375,109.64424133300781,265.3468322753906,90.0,86.97071075439453,547.7169799804688,0.0,4.999999873689376e-05,0.1875,5291.203125,2842.7744140625,1370.992919921875,714.53466796875,98.122802734375,240.60829162597656,255.61837768554688,263.06854248046875,267.74102783203125,272.0133972167969,28.56871795654297,92.10528564453125,81.32372283935547,71.22952270507812,,,,269.4352111816406,,101246.4375,93733.625,,4.039233684539795,83.0,0.0,7620.0,0.0,0.0,256.0,80.0,84.0,84.0,84.0,87.0,75.0,75.0,76.0,76.0,5.0,663.0,259.260009765625,256.78997802734375,83.0,9.0,32.79999923706055,35.599998474121094
2024-01-04T18:53,2024-01-04T19:00,24,train,0,2024,1,18,25,2024-01-03T18:00,25,2024-01-03T18:00,25,2024-01-03T18:00,22,2024-01-03T21:00,24,2024-01-03T18:00,24,2024-01-03T19:00,-999.0,100.0,100.0,0.0,0.0,1341.0986328125,1340.9039306640625,82800.0,85300.0,1696.652587890625,10.1813383102417,240.85804748535156,256.2318420410156,261.2024841308594,264.964111328125,269.15399169921875,5290.33154296875,2840.91357421875,1368.74365234375,99.75778198242188,260.7273864746094,89.0999984741211,368.3619079589844,0.0,100.0,0.0,3.1600000858306885,19999.96875,5.0,22.600000381469727,100.0,0.0,24135.087890625,0.0,0.0,250.30999755859375,266.2167663574219,276.6477966308594,280.9216003417969,283.2673645019531,5510.8818359375,2961.27392578125,1416.8599853515625,724.6348266601562,77.5224380493164,282.40313720703125,83.9000015258789,66.69999694824219,241.52198791503906,1897.760009765625,20000.19140625,50.0,11.0,0.0,0.0,240.5,258.3999938964844,259.0,263.6000061035156,267.6000061035156,5300.716796875,2838.510986328125,1362.377197265625,714.8019409179688,99.60752868652344,261.41998291015625,96.69999694824219,100.0,354.239990234375,0.0,9.999999747378752e-05,0.4375,872.7493896484375,100.0,0.0,0.0,100.0,7200.0,241.14881896972656,256.67755126953125,259.91693115234375,262.3828125,266.8604431152344,5296.24609375,2846.3203125,1374.15234375,728.8812866210938,114.2967758178711,262.4549865722656,90.18804931640625,92.35836029052734,477.2319030761719,0.0,0.0,1.125,5287.80078125,2831.478515625,1360.891357421875,707.989990234375,94.78857421875,241.09527587890625,255.85516357421875,261.38446044921875,266.3673400878906,270.605224609375,38.83519744873047,95.94759368896484,78.95506286621094,69.48468780517578,,,,267.9804382324219,,101225.25,93669.7109375,,3.756680965423584,86.0,0.0,7620.0,32.0,32.0,0.0,58.0,58.0,59.0,66.0,71.0,68.0,68.0,69.0,70.0,11.0,666.0,260.08001708984375,258.08001708984375,86.0,15.0,28.399999618530273,30.799999237060547
2024-01-04T18:53,2024-01-04T19:00,48,train,0,2024,1,18,43,2024-01-03T00:00,49,2024-01-02T18:00,49,2024-01-02T18:00,46,2024-01-02T21:00,48,2024-01-02T18:00,36,2024-01-03T07:00,-999.0,100.0,100.0,0.0,0.0,1340.9107666015625,1340.7510986328125,83900.0,85100.0,1560.641845703125,12.520171165466309,241.43072509765625,256.909912109375,260.3797912597656,263.7680358886719,267.87835693359375,5282.3642578125,2832.64208984375,1359.3980712890625,93.37910461425781,259.488525390625,88.0,329.6755065917969,0.0,100.0,0.0,2.880000114440918,7674.541015625,0.0,99.19999694824219,100.0,0.0,24134.818359375,0.0,0.0,250.68560791015625,267.3199462890625,276.9736022949219,282.4011535644531,283.0924377441406,5512.42041015625,2954.7568359375,1409.7659912109375,715.7578735351562,66.56659698486328,282.2588195800781,83.69999694824219,64.0999984741211,113.74962615966797,1879.6800537109375,1195.7767333984375,72.0,0.0,0.0,100.0,241.3000030517578,256.6000061035156,264.0,268.70001220703125,272.70001220703125,5289.1171875,2833.407470703125,1361.906982421875,701.59375,77.57373809814453,266.44000244140625,95.80000305175781,100.0,723.2000122070312,149.1199951171875,0.00039999998989515007,0.8125,833.5458984375,100.0,0.0,0.0,100.0,3600.891357421875,241.6056671142578,255.91709899902344,259.8564758300781,263.0656433105469,267.47308349609375,5280.45458984375,2834.08203125,1366.35107421875,719.7117919921875,105.08322143554688,262.96905517578125,91.0,93.79226684570312,503.4487609863281,0.0,0.0,2.625,5289.49609375,2841.08642578125,1362.55517578125,697.816162109375,73.3759765625,241.1894073486328,254.38645935058594,265.3672790527344,271.2918701171875,275.5350036621094,101.6290283203125,91.40474700927734,68.7872085571289,61.90525436401367,,,,273.1417236328125,,100918.8125,93508.15625,,5.318264007568359,90.0,0.0,7620.0,32.0,32.0,256.0,66.0,66.0,66.0,66.0,70.0,60.0,60.0,60.0,60.0,12.0,754.0,261.20001220703125,258.58001708984375,82.0,20.0,23.200000762939453,24.799999237060547
2024-01-10T07:57,2024-01-10T08:00,24,train,0,2024,1,7,26,2024-01-09T06:00,26,2024-01-09T06:00,26,2024-01-09T06:00,23,2024-01-09T09:00,21,2024-01-09T12:00,24,2024-01-09T08:00,4297.39990234375,100.0,100.0,0.0,100.0,1342.2242431640625,1342.259033203125,22300.0,84800.0,14311.2734375,12.18864631652832,258.849365234375,271.34442138671875,270.4833679199219,272.9147033691406,276.96728515625,5470.84228515625,2846.94287109375,1301.6737060546875,-24.530380249023438,268.0575866699219,94.5999984741211,379.99432373046875,529.4400024414062,100.0,0.003000000026077032,53.43000030517578,1024.85400390625,100.0,99.69999694824219,0.0,0.0,9206.5615234375,1.359999987471383e-05,0.0625,245.8458251953125,264.0479431152344,270.70050048828125,273.568359375,274.9772644042969,5500.80322265625,2983.138916015625,1462.1650390625,788.8191528320312,159.61734008789062,274.9400634765625,56.099998474121094,65.19999694824219,185.90200805664062,826.4000244140625,1229.11572265625,100.0,100.0,100.0,300.0,259.3999938964844,270.3999938964844,267.8999938964844,272.29998779296875,276.3999938964844,5473.1630859375,2843.39501953125,1313.439453125,643.7340087890625,16.289188385009766,268.8599853515625,100.0,100.0,1295.4000244140625,520.7999877929688,0.00419999985024333,23.125,1910.232666015625,33.0,63.0,100.0,32.0,300.0,258.7677917480469,271.5506591796875,271.9950256347656,273.08526611328125,277.01690673828125,5474.38818359375,2854.85986328125,1301.2176513671875,626.25830078125,-22.355239868164062,271.5854187011719,90.36921691894531,93.53207397460938,369.7613525390625,520.0,0.003100000089034438,40.8125,5448.00390625,2816.24951171875,1267.53759765625,597.3896484375,-28.478515625,260.5977783203125,272.82940673828125,269.92681884765625,272.17138671875,276.26922607421875,88.70818328857422,97.86427307128906,95.45885467529297,94.7316665649414,,,,271.97247314453125,,99633.1875,92336.4375,,18.237571716308594,98.0,0.0,7620.0,28.0,32.0,256.0,55.0,55.0,56.0,56.0,56.0,86.0,92.0,94.0,98.0,1.0,304.0,267.489990234375,266.5,92.0,90.0,53.20000076293945,63.20000076293945
2024-01-10T07:57,2024-01-10T08:00,48,train,0,2024,1,7,44,2024-01-08T12:00,50,2024-01-08T06:00,50,2024-01-08T06:00,47,2024-01-08T09:00,45,2024-01-08T12:00,36,2024-01-08T20:00,4853.7998046875,100.0,100.0,34.0,100.0,1342.23388671875,1342.33740234375,21000.0,84800.0,14217.85546875,9.039214134216309,258.5421142578125,271.7839050292969,272.0655517578125,273.6861572265625,277.7364501953125,5475.11572265625,2854.3798828125,1300.939453125,-29.661163330078125,268.7077941894531,94.9000015258789,346.975830078125,623.2000122070312,100.0,0.002300000051036477,45.25,378.9322814941406,100.0,100.0,99.5999984741211,68.0999984741211,2446.491455078125,4.9199999921256676e-05,0.25,246.8282470703125,262.02978515625,269.7007141113281,272.2704772949219,274.2008056640625,5498.669921875,2981.4892578125,1467.1806640625,794.4995727539062,171.68006896972656,274.4670715332031,62.79999923706055,99.19999694824219,46.23202133178711,253.60000610351562,1195.7554931640625,100.0,100.0,100.0,100.0,259.79998779296875,271.29998779296875,268.3999938964844,272.79998779296875,276.8999938964844,5476.955078125,2848.210693359375,1307.0501708984375,635.966064453125,6.546390533447266,269.489990234375,100.0,100.0,1157.9200439453125,618.8800048828125,0.00419999985024333,20.1875,2082.58251953125,33.0,84.0,100.0,33.0,800.0,258.74383544921875,271.4209289550781,274.2732238769531,274.43719482421875,278.2586669921875,5496.2021484375,2874.33154296875,1315.9527587890625,636.287109375,-12.479782104492188,272.8055725097656,92.075927734375,93.53816223144531,350.6732177734375,1750.0,0.0020699999295175076,31.1875,5448.87890625,2810.53076171875,1268.25146484375,599.55419921875,-25.21630859375,259.4867248535156,272.570068359375,268.9451904296875,271.74395751953125,275.8187255859375,87.92591857910156,98.58417510986328,95.61526489257812,94.15025329589844,,,,271.4643859863281,,99621.375,92315.484375,,17.451536178588867,97.0,0.0,7620.0,32.0,32.0,0.0,52.0,53.0,53.0,53.0,54.0,91.0,100.0,100.0,100.0,0.0,390.0,267.5199890136719,266.2300109863281,90.0,91.0,53.599998474121094,60.79999923706055
2024-01-10T07:57,2024-01-10T08:00,1,train,0,2024,1,7,1,2024-01-10T07:00,2,2024-01-10T06:00,2,2024-01-10T06:00,1,2024-01-10T07:00,3,2024-01-10T06:00,1,2024-01-10T07:00,4296.60009765625,100.0,100.0,86.0,90.0,1342.29296875,1342.27734375,30300.0,84600.0,12399.7998046875,12.046798706054688,259.56207275390625,271.73834228515625,271.896240234375,273.839599609375,277.87652587890625,5452.9375,2837.24755859375,1282.6341552734375,-50.4412841796875,268.86358642578125,94.4000015258789,373.91680908203125,648.6400146484375,100.0,0.002899999963119626,9.555999755859375,1192.708251953125,100.0,100.0,0.30000001192092896,0.0,12129.431640625,0.00021600000036414713,0.625,245.48886108398438,263.16241455078125,270.47802734375,273.1759338378906,273.73492431640625,5497.1201171875,2982.449951171875,1461.34716796875,789.6080322265625,163.38131713867188,273.8885803222656,69.30000305175781,71.4000015258789,131.81240844726562,789.1199951171875,1195.9119873046875,98.0,92.0,100.0,200.0,261.0,269.3999938964844,268.5,272.8999938964844,277.0,5457.22265625,2827.627685546875,1295.3128662109375,624.0293579101562,-3.720750093460083,269.55999755859375,99.9000015258789,100.0,667.8400268554688,628.1599731445312,0.003700000001117587,24.9375,2245.561279296875,54.0,96.0,100.0,54.0,700.0,256.89471435546875,272.8351745605469,271.91259765625,273.3943176269531,277.4757080078125,5449.58642578125,2831.46923828125,1275.488525390625,600.2334594726562,-49.53350830078125,271.9489440917969,90.81417846679688,92.33194732666016,381.1180419921875,620.0,0.0034000000450760126,13.0625,5425.62890625,2813.17041015625,1263.787841796875,591.336669921875,-36.093994140625,257.277099609375,271.8468017578125,271.2901306152344,272.82391357421875,276.90985107421875,92.09606170654297,97.51824188232422,96.18556213378906,95.94613647460938,,,,272.5743713378906,,99533.375,92247.21875,,17.687606811523438,96.0,0.0,7620.0,0.0,0.0,209.0,100.0,100.0,100.0,100.0,100.0,98.0,100.0,100.0,100.0,1.0,167.0,267.19000244140625,266.2099914550781,93.0,99.0,53.599998474121094,67.5999984741211
2024-01-15T11:57,2024-01-15T12:00,1,train,0,2024,1,11,1,2024-01-15T11:00,6,2024-01-15T06:00,6,2024-01-15T06:00,1,2024-01-15T11:00,0,2024-01-15T12:00,1,2024-01-15T11:00,-999.0,0.0,100.0,0.0,0.0,nan,1340.617431640625,nan,86000.0,nan,9.137680053710938,244.54525756835938,253.05630493164062,258.7098388671875,262.8381652832031,266.7101135253906,5303.017578125,2854.05712890625,1400.307861328125,143.23291015625,257.0213623046875,78.19999694824219,214.45555114746094,0.0,13100.0,0.0,0.017999999225139618,308.8523254394531,100.0,100.0,11.600000381469727,48.70000076293945,13643.8291015625,0.00012799999967683107,0.3125,253.78591918945312,269.4590148925781,278.88250732421875,282.5122985839844,285.2413330078125,5565.6708984375,2983.59228515625,1421.144287109375,723.18896484375,72.69331359863281,284.87017822265625,95.0,100.0,381.0281982421875,2344.159912109375,20000.109375,20.0,0.0,0.0,0.0,244.89999389648438,254.39999389648438,255.6999969482422,260.20001220703125,264.1000061035156,5300.14404296875,2845.39306640625,1389.0517578125,750.0078735351562,146.48468017578125,258.1000061035156,97.5,100.0,532.9600219726562,0.0,0.0003000000142492354,1.125,nan,60.0,1.0,3.0,11.0,16800.0,244.70046997070312,252.789306640625,258.32098388671875,262.159423828125,266.21514892578125,5299.54248046875,2851.36767578125,1401.221923828125,756.6981811523438,147.71286010742188,259.7052001953125,73.23255157470703,80.829833984375,257.3695068359375,0.0,0.0,0.0,5304.0625,2849.256103515625,1398.72607421875,756.21435546875,155.6162109375,245.05142211914062,253.8980712890625,257.4271240234375,261.27581787109375,265.15655517578125,42.96266174316406,83.96440887451172,87.99894714355469,92.814697265625,,,,260.87713623046875,,102023.4375,94277.203125,,2.8104138374328613,67.0,0.0,7620.0,0.0,0.0,209.0,62.0,71.0,71.0,73.0,73.0,63.0,63.0,63.0,63.0,0.0,151.0,254.35000610351562,251.9099884033203,82.0,1.0,27.600000381469727,30.799999237060547
2024-01-15T11:57,2024-01-15T12:00,24,train,0,2024,1,11,24,2024-01-14T12:00,24,2024-01-14T12:00,24,2024-01-14T12:00,21,2024-01-14T15:00,24,2024-01-14T12:00,24,2024-01-14T12:00,-999.0,0.0,100.0,0.0,0.0,nan,1340.3345947265625,nan,85500.0,nan,9.886140823364258,244.41162109375,252.8778076171875,257.56353759765625,261.18951416015625,265.04486083984375,5288.5908203125,2844.871826171875,1394.0484619140625,142.39950561523438,256.2463684082031,82.30000305175781,210.408447265625,0.0,12200.0,0.0,5.849999904632568,141.77357482910156,100.0,100.0,76.80000305175781,78.0999984741211,135.41883850097656,1.680000059423037e-05,1.6875,253.28858947753906,268.862548828125,278.5859680175781,282.0888366699219,285.21905517578125,5567.2041015625,2986.505859375,1429.589599609375,733.443603515625,83.04219055175781,284.890869140625,97.5999984741211,98.5999984741211,345.80462646484375,2207.679931640625,19999.953125,30.0,0.0,0.0,0.0,245.0,255.8000030517578,256.0,260.3999938964844,264.20001220703125,5293.5703125,2842.29345703125,1385.488525390625,746.039306640625,142.07630920410156,258.1099853515625,97.5,100.0,583.6799926757812,0.0,0.00019999999494757503,1.125,nan,100.0,0.0,0.0,100.0,15600.0,244.31813049316406,252.50486755371094,257.45880126953125,260.8310546875,264.31640625,5289.7119140625,2848.12890625,1399.6181640625,757.894775390625,152.335205078125,260.39105224609375,83.01312255859375,84.92041015625,425.6495666503906,0.0,0.0,2.6875,5291.875,2841.271484375,1389.629150390625,748.010986328125,147.78662109375,244.43997192382812,253.6945037841797,257.2493896484375,261.009765625,264.9922790527344,40.71039581298828,87.26463317871094,93.57511138916016,91.66862487792969,,,,261.761474609375,,101910.0625,94161.21875,,2.7237815856933594,62.0,0.0,7620.0,0.0,0.0,201.0,71.0,78.0,87.0,87.0,87.0,60.0,61.0,61.0,65.0,0.0,213.0,254.2899932861328,252.38998413085938,83.0,1.0,30.0,32.400001525878906
2024-01-15T11:57,2024-01-15T12:00,48,train,0,2024,1,11,48,2024-01-13T12:00,48,2024-01-13T12:00,48,2024-01-13T12:00,45,2024-01-13T15:00,48,2024-01-13T12:00,48,2024-01-13T12:00,-999.0,0.0,100.0,5.0,0.0,nan,1340.3388671875,nan,85600.0,nan,10.314035415649414,244.09934997558594,254.26673889160156,257.73626708984375,261.08837890625,264.9590148925781,5313.119140625,2860.50341796875,1403.7227783203125,150.58128356933594,256.5445861816406,83.5,221.31121826171875,0.0,12500.0,0.0,66.58000183105469,754.2156982421875,99.30000305175781,100.0,100.0,46.5,24135.134765625,0.0,0.9375,252.5753936767578,268.65850830078125,277.3197021484375,280.4329528808594,282.94793701171875,5563.04296875,2981.39404296875,1426.05615234375,732.8409423828125,88.65584564208984,282.7606506347656,92.5999984741211,95.0999984741211,192.36846923828125,2194.239990234375,20000.0390625,32.0,1.0,0.0,100.0,244.8000030517578,257.4697570800781,256.79998779296875,261.3999938964844,265.3999938964844,5301.0029296875,2838.419921875,1379.501708984375,737.4398803710938,130.89443969726562,259.3599853515625,97.69999694824219,100.0,706.5599975585938,0.0,0.00039999998989515007,1.9375,1154.331298828125,100.0,9.0,49.0,100.0,15900.0,244.31214904785156,254.3010711669922,256.49359130859375,260.7691955566406,264.5301513671875,5307.2138671875,2848.52001953125,1398.561279296875,758.2945556640625,151.29930114746094,260.4940185546875,83.99950408935547,84.3644027709961,535.4674682617188,0.0,0.0,20.4375,5262.2734375,2828.596923828125,1379.287109375,739.024169921875,139.488525390625,240.59152221679688,253.61488342285156,256.32415771484375,260.7049255371094,264.6327819824219,51.48259735107422,90.7423095703125,94.30723571777344,91.16874694824219,,,,261.2784423828125,,101802.5625,94052.5,,2.66461181640625,57.0,,,136.0,32.0,8960.0,79.0,79.0,,79.0,,42.0,,42.0,42.0,3.0,293.0,255.1099853515625,252.1099853515625,77.0,1.0,33.20000076293945,38.79999923706055
2024-01-20T17:48,2024-01-20T18:00,1,train,0,2024,1,17,1,2024-01-20T17:00,6,2024-01-20T12:00,6,2024-01-20T12:00,1,2024-01-20T17:00,0,2024-01-20T18:00,1,2024-01-20T17:00,-999.0,0.0,15.0,0.0,0.0,nan,1340.190185546875,nan,84900.0,nan,6.544163703918457,240.63583374023438,254.32870483398438,257.8682556152344,258.96539306640625,262.9245910644531,5221.39404296875,2785.181640625,1323.3270263671875,72.61793518066406,258.9412841796875,80.0,312.9505615234375,0.0,19500.0,0.0,0.0010000000474974513,20000.115234375,0.0,0.0,0.30000001192092896,0.0,24134.794921875,0.0,0.0,254.13247680664062,270.422119140625,278.759765625,279.36260986328125,275.7558898925781,5692.775390625,3098.431884765625,1538.6292724609375,846.670654296875,213.5500946044922,273.73162841796875,62.29999923706055,4.099999904632568,82.22022247314453,2532.47998046875,20000.087890625,48.0,6.0,0.0,24100.0,240.89999389648438,255.6999969482422,258.6000061035156,260.0,263.8999938964844,5221.66259765625,2778.54296875,1309.3248291015625,669.5704956054688,72.19811248779297,258.0400085449219,83.69999694824219,86.0,163.83999633789062,0.0,0.0,0.0625,792.3587036132812,100.0,47.0,0.0,94.0,3600.0,240.97555541992188,254.12530517578125,258.65057373046875,257.660888671875,261.7348327636719,5218.31103515625,2783.193359375,1318.2880859375,681.1200561523438,73.28643035888672,257.20159912109375,86.12614440917969,81.96902465820312,346.71380615234375,0.0,0.0,0.125,5220.26953125,2779.709228515625,1310.031005859375,674.28759765625,83.092041015625,240.35678100585938,255.5367431640625,259.353759765625,256.87286376953125,260.88323974609375,87.85446166992188,99.51741790771484,80.3209457397461,71.29886627197266,,,,257.648681640625,,101151.9375,93317.4140625,,4.328060150146484,84.0,0.0,7620.0,64.0,56.0,209.0,57.0,58.0,67.0,67.0,71.0,70.0,74.0,81.0,81.0,0.0,348.0,255.52999877929688,250.8000030517578,66.0,1.0,19.200000762939453,20.799999237060547
2024-01-20T17:48,2024-01-20T18:00,48,train,0,2024,1,17,48,2024-01-18T18:00,48,2024-01-18T18:00,48,2024-01-18T18:00,45,2024-01-18T21:00,42,2024-01-19T00:00,48,2024-01-18T18:00,-999.0,0.0,100.0,100.0,0.0,5929.453125,1339.9337158203125,nan,84600.0,8424.4765625,6.944981575012207,241.90487670898438,255.20169067382812,255.56787109375,258.30023193359375,262.22467041015625,5209.78466796875,2757.50439453125,1302.13037109375,51.644775390625,256.44097900390625,88.0,313.42108154296875,0.0,15400.0,0.0,0.8799999952316284,20000.173828125,0.0,0.0,5.0,0.0,24135.216796875,0.0,0.0,254.88560485839844,270.09222412109375,278.74029541015625,279.1148376464844,276.47052001953125,5694.48828125,3100.870361328125,1540.7269287109375,848.9912719726562,215.34271240234375,274.1054992675781,63.400001525878906,6.800000190734863,18.38883399963379,2556.0,1861.5263671875,76.0,74.0,0.0,18500.0,240.89999389648438,255.6999969482422,260.0,264.3999938964844,268.29998779296875,5228.04296875,2786.76123046875,1312.1080322265625,662.6708374023438,71.48102569580078,262.2900085449219,87.19999694824219,90.0,237.67999267578125,0.0,0.0,0.0625,nan,100.0,100.0,0.0,100.0,6200.0,240.27084350585938,252.9044189453125,258.02691650390625,257.6997375488281,261.80108642578125,5191.30029296875,2767.5283203125,1307.194580078125,670.5020751953125,63.9620361328125,257.035888671875,87.0,84.84881591796875,352.3455810546875,0.0,2.9999999242136255e-05,0.8125,5221.40234375,2771.40380859375,1302.808349609375,667.7724609375,76.453857421875,241.82847595214844,255.57835388183594,258.69903564453125,256.93994140625,261.021240234375,89.59015655517578,95.73515319824219,75.14570617675781,65.94332885742188,,,,257.8083801269531,,101062.4375,93233.6875,,4.01945161819458,74.0,,,112.0,32.0,9472.0,78.0,81.0,,90.0,,61.0,,61.0,61.0,0.0,444.0,253.63998413085938,249.6699981689453,70.0,1.0,22.0,24.0
2024-01-20T17:48,2024-01-20T18:00,24,train,0,2024,1,17,24,2024-01-19T18:00,24,2024-01-19T18:00,24,2024-01-19T18:00,21,2024-01-19T21:00,24,2024-01-19T18:00,24,2024-01-19T18:00,-999.0,0.0,100.0,100.0,0.0,nan,1340.0950927734375,nan,84700.0,nan,6.257478713989258,240.53504943847656,254.85662841796875,256.6242980957031,258.7720031738281,262.7107849121094,5206.7734375,2766.62744140625,1306.8316650390625,55.86802291870117,257.5885009765625,85.5,313.1343994140625,0.0,16800.0,0.0,0.10999999940395355,20000.166015625,0.0,0.0,0.4000000059604645,0.0,24135.060546875,0.0,0.0,254.52450561523438,270.25384521484375,278.64459228515625,278.93804931640625,276.1542663574219,5691.4287109375,3096.560302734375,1537.5819091796875,846.2763061523438,213.19862365722656,274.0319519042969,63.5,6.0,60.45875549316406,2499.0400390625,19999.91015625,47.0,11.0,0.0,24100.0,240.3000030517578,255.1999969482422,257.0,260.29998779296875,264.20001220703125,5218.6474609375,2779.43701171875,1307.2125244140625,667.5772094726562,73.17745208740234,258.32000732421875,85.0,88.0,198.8000030517578,0.0,0.0,0.0,927.7012329101562,100.0,5.0,0.0,100.0,10500.0,240.67372131347656,254.53958129882812,257.8917541503906,257.5006408691406,261.6282043457031,5207.62890625,2770.886962890625,1311.626220703125,675.2068481445312,66.97911834716797,256.820068359375,87.58445739746094,87.778076171875,352.04998779296875,0.0,9.999999747378752e-06,0.1875,5214.3125,2772.929931640625,1304.877197265625,669.147216796875,76.39599609375,241.04647827148438,255.2181396484375,258.70257568359375,257.5523986816406,261.6441650390625,88.45841979980469,97.17001342773438,74.56614685058594,65.83555603027344,,,,258.337646484375,,101056.4375,93249.4375,,4.14401912689209,84.0,0.0,7620.0,32.0,32.0,201.0,70.0,70.0,71.0,75.0,75.0,59.0,59.0,59.0,59.0,0.0,298.0,253.75,250.0500030517578,71.0,2.0,16.0,17.600000381469727
2024-01-25T20:54,2024-01-25T21:00,24,train,1,2024,1,20,21,2024-01-25T00:00,21,2024-01-25T00:00,21,2024-01-25T00:00,24,2024-01-24T21:00,21,2024-01-25T00:00,24,2024-01-24T21:00,-999.0,0.0,0.0,0.0,100.0,9204.3125,1343.06494140625,nan,86600.0,12373.7646484375,3.7117691040039062,256.69964599609375,269.5068359375,275.2539367675781,275.36431884765625,279.3130187988281,5634.19580078125,3039.267822265625,1485.769287109375,158.14456176757812,274.1934509277344,74.5,85.40203094482422,2291.0400390625,21300.0,0.0,17.6200008392334,19999.943359375,0.0,0.0,61.70000076293945,0.0,24134.732421875,0.0,0.0,256.4996643066406,276.0285339355469,282.9543762207031,284.31829833984375,284.59844970703125,5843.56640625,3223.80078125,1630.1014404296875,925.5154418945312,273.1493225097656,283.12469482421875,94.69999694824219,66.4000015258789,79.22459411621094,3608.159912109375,10171.75390625,31.0,31.0,52.0,24100.0,258.29998779296875,270.29998779296875,275.70001220703125,277.70001220703125,281.8999938964844,5638.537109375,3040.0849609375,1481.6580810546875,796.9135131835938,168.34857177734375,273.239990234375,99.0,90.0,34.47999954223633,2484.9599609375,0.0,0.0,4974.07275390625,56.0,100.0,100.0,56.0,9800.0,256.45654296875,269.4637451171875,276.0426025390625,272.59130859375,276.6585388183594,5637.24365234375,3043.96337890625,1488.1966552734375,808.4248046875,169.34249877929688,272.6375732421875,95.11712646484375,91.50847625732422,208.42449951171875,680.0,0.0,7.75,5638.453125,3044.38720703125,1490.414794921875,812.9666748046875,179.812744140625,256.1554870605469,269.3334655761719,272.83056640625,274.61004638671875,279.3776550292969,53.71076583862305,72.6843490600586,85.18621826171875,78.37079620361328,,,,273.841064453125,,102246.4375,94845.875,,10.346917152404785,73.0,0.0,7620.0,32.0,32.0,0.0,77.0,83.0,88.0,88.0,89.0,73.0,74.0,75.0,79.0,0.0,134.0,270.8600158691406,268.55999755859375,83.0,1.0,11.600000381469727,12.399999618530273
2024-01-25T20:54,2024-01-25T21:00,48,train,1,2024,1,20,45,2024-01-24T00:00,45,2024-01-24T00:00,45,2024-01-24T00:00,48,2024-01-23T21:00,45,2024-01-24T00:00,45,2024-01-24T00:00,-999.0,0.0,2.0,100.0,100.0,7033.7314453125,1343.1063232421875,nan,86500.0,12467.3427734375,5.460837364196777,256.8467712402344,269.2669677734375,274.880615234375,276.77606201171875,280.62628173828125,5628.6513671875,3032.1103515625,1480.184326171875,149.7107696533203,275.20086669921875,88.5999984741211,160.03236389160156,2320.800048828125,14400.0,0.0,26.450000762939453,19999.90234375,4.300000190734863,5.0,28.299999237060547,0.0,24135.033203125,0.0,0.0,256.55267333984375,276.0447692871094,283.1969909667969,283.4663391113281,284.35223388671875,5837.18115234375,3216.890380859375,1624.1220703125,920.110107421875,268.67156982421875,283.23126220703125,96.9000015258789,78.69999694824219,84.16106414794922,3595.679931640625,6808.78662109375,25.0,100.0,98.0,24100.0,256.29998779296875,270.29998779296875,277.3999938964844,279.8999938964844,284.1000061035156,5650.42041015625,3054.157470703125,1493.833740234375,804.2778930664062,179.38211059570312,275.6300048828125,82.19999694824219,61.0,34.79999923706055,2528.0,0.0,0.0,794.9935913085938,100.0,85.0,100.0,100.0,200.0,256.1523742675781,269.99609375,274.779052734375,273.648193359375,277.80108642578125,5631.7255859375,3037.66162109375,1482.2547607421875,803.0850219726562,161.14779663085938,273.6978759765625,100.06089782714844,97.01571655273438,282.30059814453125,850.0,0.0,9.3125,5645.81640625,3048.730224609375,1494.9580078125,818.1442260742188,185.496826171875,256.29449462890625,270.0569152832031,272.63897705078125,274.322265625,279.15826416015625,45.37953186035156,84.55967712402344,88.96477508544922,78.81543731689453,,,,275.1580810546875,,102309.5625,94910.515625,,9.6878080368042,89.0,,,40.0,40.0,6912.0,71.0,72.0,,74.0,,62.0,,64.0,64.0,0.0,161.0,270.22998046875,268.53997802734375,87.0,0.0,13.199999809265137,14.399999618530273
2024-01-25T20:54,2024-01-25T21:00,1,train,1,2024,1,20,1,2024-01-25T20:00,3,2024-01-25T18:00,3,2024-01-25T18:00,1,2024-01-25T20:00,3,2024-01-25T18:00,1,2024-01-25T20:00,-999.0,0.0,50.0,0.0,4.0,nan,1343.203125,nan,86700.0,nan,4.410884857177734,256.56463623046875,269.55950927734375,275.6804504394531,275.548828125,279.36163330078125,5640.34912109375,3047.9306640625,1492.6820068359375,164.66162109375,274.2152404785156,70.30000305175781,83.79021453857422,2410.639892578125,23900.0,0.0,0.0,19999.90234375,0.0,0.0,67.9000015258789,0.0,24135.150390625,0.0,0.0,256.5909423828125,275.9536437988281,283.3110046386719,285.16424560546875,284.952880859375,5845.68505859375,3224.272705078125,1629.3612060546875,923.46923828125,269.89044189453125,283.13531494140625,90.4000015258789,59.70000076293945,53.902462005615234,3583.52001953125,8914.1591796875,47.0,0.0,65.0,24100.0,256.5,269.8999938964844,275.70001220703125,277.5,281.6000061035156,5638.107421875,3043.974853515625,1486.5523681640625,802.572509765625,176.22145080566406,273.7699890136719,93.30000305175781,82.0,69.44000244140625,2475.360107421875,0.0,0.0,867.0236206054688,96.0,0.0,100.0,96.0,6500.0,256.51348876953125,269.7457275390625,275.281005859375,273.2550964355469,277.5103454589844,5640.14453125,3045.193115234375,1489.24462890625,810.451416015625,169.826171875,273.61553955078125,97.02180480957031,96.72908782958984,214.3470458984375,820.0,0.0,0.0,5637.14453125,3043.95361328125,1491.092529296875,813.521240234375,182.720703125,256.4019470214844,269.0022277832031,272.86932373046875,273.7992248535156,278.37188720703125,55.386444091796875,76.18624877929688,89.6567611694336,80.530517578125,,,,274.8630065917969,,102288.4375,94858.2421875,,10.785147666931152,64.0,0.0,7620.0,1608.0,1608.0,16209.0,15.0,16.0,16.0,16.0,21.0,16.0,17.0,17.0,18.0,0.0,126.0,270.44000244140625,266.70001220703125,75.0,0.0,11.600000381469727,12.399999618530273
2024-01-31T05:51,2024-01-31T06:00,1,train,1,2024,1,5,1,2024-01-31T05:00,6,2024-01-31T00:00,6,2024-01-31T00:00,1,2024-01-31T05:00,6,2024-01-31T00:00,1,2024-01-31T05:00,-999.0,0.0,0.0,57.0,3.0,nan,1341.4459228515625,nan,86100.0,nan,5.470335006713867,247.96533203125,262.3687438964844,264.701904296875,265.6045227050781,269.2684631347656,5456.50634765625,2939.724365234375,1435.7716064453125,153.9290313720703,262.658935546875,69.5999984741211,115.79816436767578,0.0,21300.0,0.0,0.0,17148.857421875,0.0,100.0,5.0,0.0,24135.310546875,0.0,0.0,253.35943603515625,269.9744873046875,280.9615478515625,283.9368896484375,282.64910888671875,5782.556640625,3195.1123046875,1627.2137451171875,926.3307495117188,276.18768310546875,280.4259948730469,94.69999694824219,49.0,96.16656494140625,2712.0,20000.046875,17.0,18.0,0.0,24100.0,248.60000610351562,262.20001220703125,265.8999938964844,268.29998779296875,272.29998779296875,5467.4443359375,2944.58544921875,1435.6234130859375,776.2440185546875,176.06849670410156,263.0,58.599998474121094,48.0,66.63999938964844,0.0,0.0,0.0,912.4878540039062,92.0,100.0,92.0,92.0,13600.0,248.33045959472656,262.3548278808594,264.89825439453125,264.41595458984375,268.0525817871094,5461.30126953125,2940.49365234375,1435.4962158203125,781.6522216796875,161.61679077148438,264.65606689453125,87.15850067138672,94.81632995605469,255.31256103515625,0.0,0.0,0.0,5468.21875,2945.738037109375,1439.13720703125,785.8391723632812,182.049560546875,248.2326202392578,261.7191467285156,265.08660888671875,263.75872802734375,266.5321350097656,34.141845703125,66.45832824707031,86.93209838867188,91.02368927001953,,,,259.6033935546875,,102317.0625,94617.375,,5.623498916625977,63.0,0.0,7620.0,32.0,32.0,16274.0,19.0,19.0,22.0,24.0,27.0,1.0,1.0,1.0,1.0,0.0,118.0,261.75,253.8800048828125,52.0,0.0,10.0,10.800000190734863
2024-01-31T05:51,2024-01-31T06:00,48,train,1,2024,1,5,48,2024-01-29T06:00,48,2024-01-29T06:00,48,2024-01-29T06:00,45,2024-01-29T09:00,42,2024-01-29T12:00,48,2024-01-29T06:00,-999.0,0.0,0.0,92.0,1.0,nan,5741.01953125,nan,48100.0,nan,5.374608039855957,246.82443237304688,261.35125732421875,264.758056640625,264.5145568847656,267.662109375,5464.34521484375,2959.738037109375,1458.4383544921875,182.61199951171875,262.2896423339844,49.29999923706055,130.94998168945312,0.0,39200.0,0.0,0.8700000047683716,19999.892578125,0.0,55.099998474121094,100.0,0.0,24134.759765625,0.0,0.0,253.96923828125,269.8056945800781,280.859130859375,284.2283020019531,282.6201477050781,5777.25146484375,3189.702392578125,1622.49853515625,921.2386474609375,270.93603515625,280.55841064453125,95.30000305175781,48.400001525878906,77.7459487915039,2706.719970703125,3707.81689453125,10.0,74.0,9.0,24100.0,248.1999969482422,261.8999938964844,268.5,270.8999938964844,275.0,5470.23388671875,2955.8037109375,1443.622314453125,777.8197631835938,176.44134521484375,266.92999267578125,16.700000762939453,11.0,33.52000045776367,223.83999633789062,0.0,0.0,831.719970703125,100.0,60.0,0.0,100.0,5600.0,245.47695922851562,259.9805908203125,263.5045471191406,263.6337890625,266.0075378417969,5444.34912109375,2949.15625,1454.4871826171875,802.1607666015625,188.15155029296875,261.4676208496094,78.470703125,97.34950256347656,181.4727325439453,0.0,0.0,0.9375,5466.53515625,2947.121337890625,1438.74365234375,783.0299072265625,178.99072265625,248.19932556152344,261.97979736328125,266.2948303222656,263.9751281738281,266.7242431640625,26.162195205688477,19.834379196166992,63.64439392089844,78.31787872314453,,,,258.81915283203125,,102280.625,94595.578125,,4.175980091094971,85.0,,,168.0,168.0,8960.0,54.0,54.0,,57.0,,60.0,,60.0,60.0,0.0,110.0,260.16998291015625,251.91000366210938,50.0,0.0,9.600000381469727,10.399999618530273
2024-01-31T05:51,2024-01-31T06:00,24,train,1,2024,1,5,24,2024-01-30T06:00,24,2024-01-30T06:00,24,2024-01-30T06:00,21,2024-01-30T09:00,24,2024-01-30T06:00,24,2024-01-30T06:00,-999.0,0.0,5.0,100.0,100.0,3859.329833984375,1341.3074951171875,39600.0,86200.0,8920.6953125,5.696079730987549,247.33258056640625,261.1207275390625,263.5428466796875,265.0243225097656,268.4629821777344,5448.552734375,2940.263671875,1443.8514404296875,166.798583984375,263.1146240234375,82.4000015258789,132.4290771484375,0.0,14600.0,0.0,0.009999999776482582,19999.876953125,0.0,99.9000015258789,5.0,0.0,24135.068359375,0.0,0.0,253.4855499267578,269.77606201171875,281.0046691894531,283.97528076171875,282.68505859375,5779.1826171875,3193.066162109375,1624.8780517578125,923.6820068359375,273.5543518066406,280.4435119628906,95.0,48.70000076293945,80.4892349243164,2727.360107421875,3998.106201171875,23.0,100.0,10.0,24100.0,248.0,262.3999938964844,266.8999938964844,268.1000061035156,272.1000061035156,5465.0107421875,2946.408447265625,1437.1541748046875,777.7765502929688,173.24684143066406,264.3900146484375,76.4000015258789,53.0,66.63999938964844,0.0,0.0,0.0,1575.69580078125,100.0,100.0,99.0,85.0,11200.0,247.5923614501953,260.89373779296875,263.3482971191406,264.5155029296875,267.668212890625,5458.951171875,2948.2646484375,1451.0150146484375,797.609130859375,179.64144897460938,263.6749267578125,84.09148406982422,94.92208099365234,229.40072631835938,0.0,0.0,0.25,5468.98046875,2947.53466796875,1438.800048828125,783.8214111328125,179.768310546875,248.2444305419922,261.9044494628906,265.74371337890625,264.0976257324219,266.8183288574219,23.120738983154297,52.09796905517578,79.23838806152344,88.88044738769531,,,,257.39813232421875,,102282.9375,94595.34375,,4.8465118408203125,93.0,0.0,7620.0,32.0,32.0,201.0,26.0,26.0,32.0,45.0,59.0,49.0,49.0,49.0,49.0,0.0,120.0,261.46002197265625,255.5699920654297,61.0,2.0,10.0,10.800000190734863
2024-02-12T08:51,2024-02-12T09:00,24,train,1,2024,2,8,21,2024-02-11T12:00,21,2024-02-11T12:00,21,2024-02-11T12:00,24,2024-02-11T09:00,21,2024-02-11T12:00,24,2024-02-11T09:00,-999.0,0.0,0.0,100.0,0.0,nan,4550.97265625,nan,56200.0,nan,7.142547607421875,244.0805206298828,263.11859130859375,266.7965087890625,269.64892578125,273.62030029296875,5381.27294921875,2883.9990234375,1371.6168212890625,73.26993560791016,266.01641845703125,70.80000305175781,133.43370056152344,213.0399932861328,22700.0,0.0,0.009999999776482582,1770.8709716796875,100.0,0.5,0.0,5.800000190734863,24134.849609375,8.000000093488779e-07,0.0625,249.40213012695312,267.14532470703125,276.9434509277344,282.408935546875,282.1759033203125,5477.50048828125,2925.3798828125,1376.21142578125,681.5301513671875,36.66328048706055,281.5732727050781,75.0999984741211,69.80000305175781,258.7979431152344,1952.0,20000.08984375,38.0,24.0,0.0,24100.0,245.10000610351562,263.6000061035156,269.8999938964844,269.79998779296875,273.8999938964844,5391.1484375,2894.30322265625,1370.8428955078125,705.889892578125,86.57695770263672,265.2099914550781,81.69999694824219,71.0,284.9599914550781,0.0,0.0,0.4375,824.5646362304688,100.0,100.0,0.0,100.0,3200.0,244.0360565185547,262.77496337890625,265.00726318359375,267.7604675292969,271.9940185546875,5377.46337890625,2885.5146484375,1375.4210205078125,716.66748046875,88.4456787109375,267.347412109375,94.40325164794922,96.18815612792969,408.6867370605469,0.0,0.0,0.125,5403.72265625,2899.26904296875,1377.845703125,714.93017578125,96.9453125,245.461669921875,263.7086181640625,267.9273681640625,268.7393493652344,272.869384765625,34.269073486328125,58.870155334472656,91.28900909423828,94.79141235351562,,,,265.6874084472656,,101245.9375,91054.3984375,,4.084541320800781,57.0,0.0,7620.0,32.0,32.0,256.0,50.0,51.0,51.0,51.0,51.0,70.0,70.0,70.0,71.0,0.0,144.0,263.8999938964844,261.489990234375,82.0,2.0,22.399999618530273,24.399999618530273
2024-02-12T08:51,2024-02-12T09:00,48,train,1,2024,2,8,45,2024-02-10T12:00,45,2024-02-10T12:00,45,2024-02-10T12:00,48,2024-02-10T09:00,45,2024-02-10T12:00,45,2024-02-10T12:00,-999.0,0.0,10.0,3.0,0.0,nan,1341.469970703125,nan,85200.0,nan,8.527186393737793,245.18206787109375,261.0023498535156,265.1131286621094,268.92291259765625,272.93609619140625,5345.0498046875,2863.39794921875,1363.66796875,73.29695892333984,263.96441650390625,82.19999694824219,225.47628784179688,0.0,14300.0,0.0,10.199999809265137,634.0386962890625,100.0,100.0,0.0,100.0,6143.033203125,0.0006608000257983804,4.8125,250.41421508789062,266.48736572265625,272.28033447265625,276.1064758300781,280.0865173339844,5489.23193359375,2935.82177734375,1400.5565185546875,720.8760375976562,83.70956420898438,279.7972412109375,96.80000305175781,97.5999984741211,144.27772521972656,1156.9599609375,20000.009765625,49.0,1.0,0.0,0.0,245.10000610351562,262.8999938964844,267.8999938964844,266.5,270.5,5366.67822265625,2867.26171875,1352.1407470703125,694.7930297851562,73.2239761352539,263.7699890136719,98.30000305175781,100.0,243.52000427246094,0.0,9.999999747378752e-05,1.0,793.6048583984375,100.0,47.0,0.0,100.0,100.0,244.33447265625,260.157470703125,264.5950927734375,265.99462890625,270.1845703125,5347.361328125,2869.183837890625,1369.68115234375,713.97802734375,91.60240936279297,265.4429016113281,92.4566879272461,97.39740753173828,332.6548156738281,0.0,0.0,7.5,5397.76171875,2895.749267578125,1374.68701171875,711.5721435546875,94.32275390625,245.54135131835938,263.54290771484375,268.359130859375,268.450439453125,272.61688232421875,24.87286376953125,51.204994201660156,92.5123062133789,95.51945495605469,,,,266.06060791015625,,101211.5625,91007.4453125,,3.967435598373413,70.0,,,88.0,88.0,6528.0,87.0,87.0,,88.0,,62.0,,62.0,62.0,2.0,162.0,264.08001708984375,261.7699890136719,85.0,0.0,19.200000762939453,20.799999237060547
2024-02-12T08:51,2024-02-12T09:00,1,train,1,2024,2,8,1,2024-02-12T08:00,3,2024-02-12T06:00,3,2024-02-12T06:00,1,2024-02-12T08:00,3,2024-02-12T06:00,1,2024-02-12T08:00,-999.0,0.0,0.0,0.0,0.0,nan,1832.958984375,nan,80300.0,nan,8.919751167297363,244.34744262695312,263.4832763671875,268.9788513183594,271.69793701171875,275.639404296875,5402.587890625,2903.491943359375,1383.7099609375,78.21444702148438,267.0876159667969,68.5999984741211,142.3031005859375,373.8399963378906,23700.0,0.0,0.0,1436.127685546875,100.0,100.0,54.900001525878906,26.299999237060547,9011.9453125,0.000307999987853691,0.9375,249.53189086914062,268.8399658203125,277.1936950683594,281.5657958984375,281.3856201171875,5479.388671875,2919.678466796875,1365.216796875,670.4080810546875,27.627656936645508,280.8149108886719,90.5999984741211,88.19999694824219,254.48760986328125,2050.719970703125,19999.966796875,38.0,2.0,0.0,24100.0,244.60000610351562,264.20001220703125,270.1000061035156,269.6000061035156,273.6000061035156,5405.818359375,2904.35888671875,1377.927001953125,713.3318481445312,89.09373474121094,266.29998779296875,88.69999694824219,89.0,171.60000610351562,127.5199966430664,0.0,0.875,848.0288696289062,100.0,1.0,0.0,100.0,6900.0,244.17552185058594,263.12713623046875,267.7091064453125,269.4323425292969,273.63922119140625,5396.376953125,2899.28857421875,1381.691650390625,718.1317138671875,87.48086547851562,268.901611328125,93.74310302734375,92.51727294921875,343.51885986328125,110.0,0.0,0.0,5403.8984375,2902.107421875,1378.90771484375,713.2233276367188,94.812255859375,245.37374877929688,263.6568908691406,269.42333984375,269.021484375,273.0642395019531,46.057491302490234,48.286346435546875,90.37667846679688,95.9066162109375,,,,266.9732666015625,,101219.25,91025.546875,,4.427387714385986,58.0,0.0,7620.0,1232.0,1232.0,16274.0,4.0,4.0,4.0,4.0,5.0,4.0,4.0,4.0,4.0,0.0,139.0,264.3399963378906,261.739990234375,82.0,3.0,20.799999237060547,22.399999618530273
2024-02-24T16:55,2024-02-24T17:00,1,train,0,2024,2,16,1,2024-02-24T16:00,5,2024-02-24T12:00,5,2024-02-24T12:00,1,2024-02-24T16:00,0,2024-02-24T18:00,1,2024-02-24T16:00,-999.0,0.0,0.0,33.0,0.0,nan,4497.3857421875,nan,55600.0,nan,10.759175300598145,244.80279541015625,259.546142578125,260.6507568359375,262.22003173828125,266.2032775878906,5257.8916015625,2772.97705078125,1288.7303466796875,19.58349609375,260.68829345703125,51.099998474121094,301.8803405761719,0.0,38800.0,0.0,0.0,710.8468017578125,0.0,100.0,3.5,0.0,24134.908203125,6.120000034570694e-05,1.8125,241.76742553710938,261.4237060546875,271.80389404296875,276.3670959472656,281.6048583984375,5400.28369140625,2918.0244140625,1402.033935546875,722.0807495117188,83.127685546875,281.0849304199219,80.69999694824219,90.4000015258789,862.8059692382812,1199.0400390625,20000.033203125,12.0,20.0,0.0,24100.0,244.60000610351562,259.8999938964844,255.60000610351562,259.6000061035156,263.3999938964844,5261.0732421875,2774.725341796875,1279.0899658203125,641.7275390625,33.72911071777344,256.760009765625,58.400001525878906,54.0,198.0800018310547,0.0,0.0,0.0,nan,78.0,82.0,0.0,78.0,15800.0,244.78396606445312,258.7664489746094,259.79400634765625,260.3097839355469,264.5648498535156,5258.75390625,2772.455322265625,1292.3631591796875,651.0460205078125,33.764129638671875,260.3727111816406,88.14248657226562,78.23683166503906,388.9901123046875,0.0,0.0,0.0,5251.82421875,2775.063232421875,1293.927490234375,649.1283569335938,46.17041015625,243.72508239746094,258.03167724609375,260.512451171875,262.1304931640625,266.0729064941406,18.08763885498047,38.06050109863281,47.91754150390625,45.82709884643555,,,,261.9529724121094,,100589.8125,90199.90625,,2.4725124835968018,50.0,0.0,7620.0,88888.0,2224.0,16209.0,0.0,0.0,0.0,0.0,2.0,17.0,17.0,18.0,18.0,1.0,359.0,256.510009765625,248.72000122070312,50.0,0.0,27.600000381469727,30.0
2024-02-24T16:55,2024-02-24T17:00,24,train,0,2024,2,16,23,2024-02-23T18:00,23,2024-02-23T18:00,23,2024-02-23T18:00,26,2024-02-23T15:00,24,2024-02-23T18:00,24,2024-02-23T17:00,-999.0,0.0,0.0,6.0,0.0,nan,nan,nan,nan,nan,9.762788772583008,244.31224060058594,259.06109619140625,259.11553955078125,260.9464111328125,264.9234619140625,5253.04931640625,2769.48681640625,1291.2926025390625,26.942710876464844,259.52239990234375,47.400001525878906,307.2561950683594,0.0,42300.0,0.0,0.13899999856948853,739.673095703125,26.200000762939453,100.0,5.0,0.0,21704.544921875,6.920000305399299e-05,2.0625,241.9072723388672,261.3633728027344,271.3485412597656,276.21417236328125,281.4697570800781,5402.73193359375,2920.198486328125,1404.220947265625,725.1766967773438,86.4671859741211,280.9612731933594,81.5,92.5,1005.7645263671875,1130.719970703125,20000.140625,6.0,4.0,0.0,24100.0,244.60000610351562,259.6000061035156,253.8000030517578,257.8999938964844,261.70001220703125,5254.41748046875,2769.114501953125,1279.0716552734375,645.88916015625,38.67496871948242,255.38999938964844,62.5,60.0,196.8800048828125,0.0,0.0,0.0,nan,79.0,24.0,0.0,79.0,11300.0,243.90359497070312,258.36810302734375,258.3153076171875,257.2398986816406,261.4794921875,5250.19189453125,2769.220947265625,1292.989501953125,657.678466796875,43.94920349121094,256.96478271484375,88.0,83.8570327758789,362.29730224609375,0.0,0.0,0.25,5262.4140625,2782.7734375,1297.212158203125,653.476806640625,51.3544921875,243.62185668945312,258.9350891113281,260.0588684082031,261.85894775390625,265.7781677246094,15.457918167114258,32.710540771484375,43.42341613769531,42.08576583862305,,,,261.60675048828125,,100652.4375,90254.6640625,,2.4645168781280518,57.0,0.0,7620.0,32.0,32.0,201.0,17.0,17.0,17.0,19.0,26.0,44.0,44.0,44.0,44.0,0.0,395.0,255.75,248.72000122070312,53.0,0.0,30.399999618530273,32.79999923706055
2024-03-07T15:55,2024-03-07T16:00,1,train,0,2024,3,15,1,2024-03-07T15:00,4,2024-03-07T12:00,4,2024-03-07T12:00,1,2024-03-07T15:00,3,2024-03-07T12:00,1,2024-03-07T15:00,-999.0,100.0,100.0,100.0,100.0,1342.7197265625,1342.7247314453125,39600.0,86100.0,8040.255859375,7.547285556793213,256.025634765625,268.19146728515625,272.94805908203125,275.19244384765625,279.4247131347656,5570.294921875,2987.228759765625,1441.3734130859375,117.97811889648438,271.9918212890625,99.4000015258789,346.45263671875,1127.6800537109375,0.0,0.0,0.15399999916553497,19999.755859375,0.0,100.0,100.0,0.0,24134.88671875,0.0,0.0,251.38201904296875,267.8228454589844,280.2899475097656,281.8785705566406,287.22412109375,5520.1572265625,2962.9833984375,1403.2059326171875,704.1624755859375,53.72200012207031,286.9257507324219,61.5,63.20000076293945,636.8868408203125,2343.360107421875,1196.140380859375,100.0,100.0,76.0,0.0,257.20001220703125,268.70001220703125,270.1000061035156,272.79998779296875,276.79998779296875,5570.25537109375,2982.552001953125,1442.1878662109375,770.6454467773438,138.14328002929688,270.55999755859375,98.30000305175781,100.0,211.52000427246094,783.0399780273438,0.0003000000142492354,0.75,835.1941528320312,100.0,81.0,80.0,100.0,6000.0,256.87237548828125,267.46075439453125,273.8199768066406,274.8203430175781,279.32061767578125,5570.98046875,2988.3955078125,1444.489990234375,764.918701171875,124.36405944824219,275.3876037597656,98.18982696533203,97.80513000488281,407.43499755859375,1270.0,1.9999999494757503e-05,0.125,5577.73046875,2984.465087890625,1434.93701171875,755.9894409179688,125.26904296875,257.1269226074219,268.8179931640625,274.80755615234375,274.20111083984375,278.37139892578125,77.17820739746094,83.6661376953125,93.34618377685547,92.3604965209961,0.22056865692138672,-0.0851278305053711,-0.13509082794189453,273.9188537597656,273.10791015625,101541.375,91514.6015625,0.5,14.865023612976074,96.0,0.0,7620.0,0.0,0.0,256.0,95.0,100.0,100.0,100.0,100.0,84.0,96.0,100.0,100.0,1.0,380.0,270.52996826171875,268.9700012207031,90.0,17.0,32.400001525878906,35.20000076293945
2024-02-24T16:55,2024-02-24T17:00,48,train,0,2024,2,16,47,2024-02-22T18:00,47,2024-02-22T18:00,47,2024-02-22T18:00,50,2024-02-22T15:00,48,2024-02-22T18:00,36,2024-02-23T05:00,-999.0,0.0,0.0,0.0,0.0,nan,1194.34521484375,nan,nan,nan,11.32726001739502,244.11038208007812,259.14007568359375,257.380859375,258.9620056152344,262.97344970703125,5249.90283203125,2772.167236328125,1295.85693359375,38.21165466308594,257.69500732421875,49.599998474121094,306.9991149902344,0.0,40200.0,0.0,5.579999923706055,646.7479858398438,97.9000015258789,100.0,100.0,4.599999904632568,15946.3837890625,0.00010479999764356762,2.125,242.01654052734375,261.25390625,271.2236022949219,276.1414794921875,281.3768310546875,5398.96240234375,2916.9501953125,1401.2257080078125,722.2609252929688,83.79009246826172,280.8566589355469,83.69999694824219,95.80000305175781,1214.639892578125,1124.0,19999.99609375,9.0,8.0,0.0,24100.0,246.0,259.6000061035156,253.10000610351562,256.5,260.29998779296875,5242.25830078125,2756.052978515625,1263.28662109375,633.2157592773438,24.757827758789062,254.11000061035156,82.0999984741211,87.0,161.1999969482422,0.0,0.0,0.0,nan,100.0,0.0,0.0,100.0,10510.552734375,244.60646057128906,259.4085388183594,256.6746826171875,256.27447509765625,260.560302734375,5258.3359375,2781.20361328125,1300.033203125,668.3004150390625,54.940399169921875,256.16070556640625,88.54954528808594,86.05599975585938,383.56689453125,0.0,0.0,2.375,5272.32421875,2792.001953125,1302.773193359375,662.61181640625,63.0732421875,243.41629028320312,259.85784912109375,258.37786865234375,260.78167724609375,264.70263671875,13.064789772033691,37.41263198852539,45.04942321777344,43.3443489074707,,,,260.5250244140625,,100805.625,90350.921875,,1.7116940021514893,57.0,0.0,7620.0,32.0,32.0,201.0,35.0,35.0,35.0,35.0,37.0,44.0,44.0,45.0,46.0,0.0,426.0,255.60000610351562,248.2799835205078,54.0,0.0,32.79999923706055,35.599998474121094
2024-03-07T15:55,2024-03-07T16:00,24,train,0,2024,3,15,22,2024-03-06T18:00,22,2024-03-06T18:00,22,2024-03-06T18:00,25,2024-03-06T15:00,21,2024-03-06T18:00,24,2024-03-06T16:00,6758.0,100.0,100.0,100.0,100.0,1342.7698974609375,1342.7509765625,28500.0,86100.0,10270.9228515625,6.040477752685547,256.712890625,266.8546447753906,272.7424621582031,275.07061767578125,279.32666015625,5562.2900390625,2979.919921875,1436.3643798828125,114.85696411132812,271.9703369140625,99.80000305175781,324.1883239746094,1127.6800537109375,100.0,0.0,45.349998474121094,19999.80078125,0.0,1.5,54.400001525878906,0.0,24135.107421875,0.0,0.0,250.93748474121094,267.2449645996094,280.61590576171875,281.8289489746094,287.02838134765625,5518.06640625,2964.804931640625,1405.879150390625,707.0352783203125,57.15693664550781,286.75787353515625,62.0,63.70000076293945,624.0803833007812,2312.159912109375,1196.015869140625,51.0,98.0,33.0,0.0,256.3999938964844,268.8999938964844,269.20001220703125,272.29998779296875,276.3999938964844,5562.4375,2975.4658203125,1433.6619873046875,763.5757446289062,135.0781707763672,270.4599914550781,99.5,100.0,370.7200012207031,766.8800048828125,0.0007999999797903001,1.625,854.6546020507812,100.0,100.0,100.0,100.0,6000.0,256.3096618652344,268.6221923828125,273.57281494140625,274.9291076660156,279.51776123046875,5564.33056640625,2989.399658203125,1442.4893798828125,763.4700927734375,120.85060119628906,275.19964599609375,98.0,96.50367736816406,431.28778076171875,1020.0,0.0,25.6875,5577.80859375,2983.139404296875,1432.87158203125,754.2086791992188,123.333251953125,256.1348876953125,268.3544006347656,275.00982666015625,274.2530517578125,278.41802978515625,83.16146850585938,83.7697525024414,94.08272552490234,92.52764129638672,0.3294668197631836,0.44518375396728516,-0.031006813049316406,274.306640625,273.40313720703125,101512.6875,91499.484375,0.375,14.265761375427246,97.0,0.0,7620.0,32.0,32.0,256.0,63.0,71.0,73.0,73.0,73.0,64.0,65.0,69.0,76.0,1.0,356.0,270.1399841308594,268.42999267578125,89.0,12.0,32.79999923706055,35.599998474121094
2024-03-07T15:55,2024-03-07T16:00,48,train,0,2024,3,15,46,2024-03-05T18:00,46,2024-03-05T18:00,46,2024-03-05T18:00,49,2024-03-05T15:00,45,2024-03-05T18:00,36,2024-03-06T04:00,5956.60009765625,100.0,100.0,100.0,99.0,1342.5081787109375,1342.4281005859375,37000.0,86300.0,11856.63671875,6.002834796905518,256.49017333984375,267.39984130859375,273.03594970703125,274.4980163574219,278.7359619140625,5582.9833984375,2998.448974609375,1455.205810546875,136.04086303710938,270.5268859863281,99.0,321.9217834472656,904.0,0.0,0.0,48.650001525878906,19999.896484375,0.0,5.0,5.0,0.0,24134.9921875,0.0,0.0,251.2408447265625,268.3097839355469,280.0577392578125,281.3277587890625,286.87762451171875,5511.044921875,2957.2275390625,1396.3922119140625,698.0587158203125,48.56056213378906,286.5543212890625,63.0,66.69999694824219,656.3460693359375,2364.800048828125,1196.0899658203125,100.0,100.0,100.0,700.0,255.8000030517578,268.5,269.20001220703125,269.0,273.1000061035156,5603.6748046875,3006.313232421875,1464.6708984375,801.5009155273438,170.31918334960938,266.9200134277344,98.30000305175781,100.0,461.5199890136719,223.36000061035156,0.00019999999494757503,2.0,853.7005615234375,100.0,100.0,100.0,100.0,6200.0,255.4726104736328,268.757568359375,271.76837158203125,271.8808288574219,276.45465087890625,5586.74462890625,3008.2802734375,1461.460693359375,788.8088989257812,150.14308166503906,272.4203186035156,97.33379364013672,97.4844970703125,409.6369323730469,640.0,0.0,68.375,5596.52734375,2994.935302734375,1443.0693359375,764.032470703125,132.7568359375,256.67138671875,268.9849853515625,274.6725769042969,274.4326171875,278.62579345703125,89.77326965332031,89.52488708496094,94.7321548461914,92.73088836669922,0.37195396423339844,0.3391380310058594,-0.0029687881469726562,274.43402099609375,273.6216125488281,101624.0,91611.734375,17.125,15.813932418823242,98.0,96.0,7886.0,32.0,32.0,256.0,68.0,68.0,72.0,72.0,72.0,60.0,60.0,62.0,64.0,1.0,371.0,269.1000061035156,267.94000244140625,90.0,19.0,32.400001525878906,35.20000076293945
2024-03-21T12:49,2024-03-21T13:00,1,train,0,2024,3,12,1,2024-03-21T12:00,1,2024-03-21T12:00,1,2024-03-21T12:00,1,2024-03-21T12:00,0,2024-03-21T12:00,1,2024-03-21T12:00,-999.0,100.0,100.0,0.0,0.0,1340.37841796875,1340.16357421875,80900.0,84700.0,1851.202392578125,17.97477149963379,237.4827423095703,252.16549682617188,256.6630859375,260.5500183105469,264.5943908691406,5171.53271484375,2762.544921875,1315.473388671875,66.11306762695312,255.27308654785156,84.69999694824219,358.149658203125,0.0,1400.0,9.999999747378752e-05,0.12300000339746475,19999.896484375,0.0,0.0,1.2999999523162842,0.0,24135.212890625,0.0,0.0,254.70237731933594,273.6042175292969,284.34423828125,286.5015869140625,292.8659973144531,5777.23876953125,3175.03759765625,1585.8094482421875,875.3889770507812,211.58709716796875,295.29998779296875,52.70000076293945,78.5,885.0826416015625,3235.0400390625,19999.970703125,46.0,0.0,0.0,0.0,237.3000030517578,253.6999969482422,255.39999389648438,260.0,263.8999938964844,5165.79296875,2750.43408203125,1302.929443359375,664.5317993164062,58.855228424072266,257.94000244140625,97.5,100.0,524.0800170898438,0.0,0.0012000000569969416,1.375,792.9024047851562,100.0,1.0,0.0,100.0,1400.0,237.39329528808594,252.38229370117188,256.0703125,261.18475341796875,265.43426513671875,5177.56396484375,2768.10986328125,1320.1593017578125,680.229248046875,72.92155456542969,260.7430114746094,83.40605163574219,79.21332550048828,628.486572265625,0.0,4.999999873689376e-05,0.125,5160.82421875,2754.58203125,1298.052978515625,657.3233642578125,56.656982421875,236.84242248535156,252.7501983642578,256.9478759765625,261.13458251953125,265.048583984375,50.81782531738281,82.75218200683594,79.51607513427734,76.64201354980469,2.1527252197265625,3.8632707595825195,1.0381803512573242,259.83392333984375,256.9555969238281,100756.0,90295.359375,1.375,2.2164831161499023,86.0,0.0,7620.0,0.0,0.0,209.0,63.0,74.0,81.0,84.0,84.0,64.0,65.0,68.0,70.0,3.0,586.0,253.14999389648438,252.10000610351562,90.0,10.0,47.20000076293945,51.20000076293945
2024-03-21T12:49,2024-03-21T13:00,24,train,0,2024,3,12,25,2024-03-20T12:00,25,2024-03-20T12:00,25,2024-03-20T12:00,22,2024-03-20T15:00,24,2024-03-20T12:00,24,2024-03-20T13:00,-999.0,100.0,100.0,0.0,0.0,1340.22021484375,1340.091796875,82000.0,84400.0,1630.04638671875,16.58935546875,238.99769592285156,251.60714721679688,256.2269287109375,259.8037109375,263.77783203125,5150.2900390625,2736.73046875,1292.03515625,47.51695251464844,254.50811767578125,83.4000015258789,339.7660217285156,0.0,100.0,0.0,21.329999923706055,19999.845703125,0.0,0.0,19.399999618530273,0.0,24134.890625,0.0,0.0,255.77182006835938,273.9608459472656,284.20794677734375,286.8008728027344,293.1779479980469,5779.43359375,3170.382568359375,1581.6141357421875,871.3749389648438,207.08468627929688,295.3999938964844,49.900001525878906,72.5999984741211,890.5234375,3275.679931640625,4150.75341796875,68.0,21.0,0.0,3400.0,236.6999969482422,256.0,255.6999969482422,260.1000061035156,264.0,5164.55078125,2739.824462890625,1276.149169921875,637.3026733398438,29.19284439086914,257.4599914550781,92.69999694824219,97.0,476.0799865722656,0.0,9.999999747378752e-05,1.625,898.6001586914062,100.0,18.0,0.0,100.0,8200.0,237.91709899902344,252.5718231201172,256.40057373046875,260.14837646484375,264.29791259765625,5154.712890625,2741.055908203125,1292.0096435546875,653.3596801757812,46.25920104980469,259.2889404296875,86.74980926513672,86.55853271484375,489.8270263671875,0.0,1.9999999494757503e-05,11.3125,5159.81640625,2744.552734375,1283.93798828125,639.416015625,35.478515625,236.9181671142578,253.7745819091797,258.12164306640625,262.7113037109375,266.5755615234375,68.37344360351562,79.7735366821289,77.5926284790039,75.86888122558594,2.322296142578125,4.764029502868652,1.4687995910644531,261.27911376953125,258.1806335449219,100490.1875,90126.828125,1.875,2.677138566970825,77.0,0.0,7620.0,0.0,0.0,201.0,86.0,91.0,96.0,96.0,96.0,52.0,55.0,57.0,66.0,4.0,620.0,255.0,253.1199951171875,85.0,15.0,46.0,50.0
2024-03-21T12:49,2024-03-21T13:00,48,train,0,2024,3,12,43,2024-03-19T18:00,49,2024-03-19T12:00,49,2024-03-19T12:00,46,2024-03-19T15:00,48,2024-03-19T12:00,36,2024-03-20T01:00,-999.0,100.0,100.0,0.0,0.0,1340.42724609375,1340.2935791015625,78700.0,84300.0,1878.237060546875,16.853195190429688,238.95040893554688,252.2379150390625,256.40771484375,260.9437561035156,264.9543762207031,5154.0361328125,2733.53662109375,1286.9521484375,41.571739196777344,255.5301055908203,84.30000305175781,391.2209777832031,0.0,100.0,9.999999747378752e-05,12.699999809265137,19999.76171875,0.0,0.0,5.800000190734863,0.0,24135.15625,0.0,0.0,255.8094940185547,273.175537109375,285.0455322265625,287.38555908203125,293.004150390625,5769.38525390625,3159.9873046875,1569.305419921875,856.5111083984375,192.5601806640625,295.0085144042969,49.400001525878906,63.099998474121094,740.7181396484375,3163.199951171875,1195.2001953125,59.0,0.0,0.0,0.0,237.10000610351562,252.6999969482422,256.29998779296875,260.8999938964844,264.79998779296875,5161.365234375,2753.280029296875,1299.853759765625,659.171630859375,51.2277717590332,258.8299865722656,97.80000305175781,100.0,388.7200012207031,0.0,0.0010000000474974513,2.0625,1175.508544921875,100.0,27.0,0.0,100.0,1800.0,238.81158447265625,252.02224731445312,256.29119873046875,261.000732421875,265.252197265625,5152.1943359375,2743.942138671875,1293.8271484375,653.9036865234375,46.12372970581055,260.47784423828125,85.05876922607422,81.82388305664062,584.3186645507812,0.0,0.00011999999696854502,7.9375,5145.08203125,2742.560791015625,1280.16552734375,634.6439208984375,31.14501953125,235.3323211669922,253.16110229492188,259.5246276855469,262.4643859863281,266.35430908203125,70.13371276855469,78.461669921875,85.1847152709961,83.18000793457031,2.4313201904296875,4.838606834411621,1.3610858917236328,261.06195068359375,258.7654724121094,100440.625,90073.3359375,0.625,2.952936887741089,63.0,0.0,7620.0,0.0,0.0,201.0,85.0,86.0,86.0,86.0,87.0,48.0,49.0,49.0,57.0,6.0,711.0,256.28997802734375,253.4600067138672,80.0,9.0,50.79999923706055,54.79999923706055
2024-04-08T10:52,2024-04-08T11:00,1,train,0,2024,4,10,1,2024-04-08T10:00,5,2024-04-08T06:00,5,2024-04-08T06:00,1,2024-04-08T10:00,0,2024-04-08T12:00,1,2024-04-08T10:00,-999.0,0.0,0.0,0.0,0.0,nan,nan,nan,nan,nan,8.597874641418457,252.51898193359375,269.74432373046875,276.6500244140625,277.3825988769531,280.9635925292969,5608.3935546875,3032.62109375,1477.067626953125,143.2037353515625,272.6626281738281,27.700000762939453,213.76007080078125,1230.4000244140625,67700.0,0.0,0.0,20000.10546875,0.699999988079071,5.0,5.0,0.10000000149011612,24134.73828125,0.0,0.0,254.56251525878906,271.5079345703125,283.1820983886719,289.4962158203125,296.3662414550781,5615.23046875,3023.26904296875,1440.9964599609375,729.6868286132812,59.262718200683594,296.8245849609375,43.20000076293945,56.20000076293945,1424.873046875,2812.639892578125,19999.865234375,5.0,0.0,0.0,24100.0,252.6999969482422,270.0,276.5,276.1000061035156,280.20001220703125,5612.29736328125,3035.573974609375,1476.7330322265625,795.2686157226562,161.00025939941406,273.2900085449219,88.4000015258789,85.0,254.72000122070312,2512.9599609375,0.0,0.0625,nan,0.0,0.0,0.0,0.0,20700.0,252.99624633789062,269.755859375,276.7906799316406,276.9716491699219,279.00775146484375,5612.83251953125,3035.199462890625,1479.4814453125,792.6953125,148.42572021484375,271.3017578125,61.99298095703125,59.877506256103516,209.06362915039062,880.0,0.0,0.0,5616.03515625,3035.859375,1481.895263671875,796.0404663085938,157.769287109375,252.4337158203125,269.486083984375,276.2547912597656,277.6395568847656,281.8334655761719,30.932647705078125,17.214384078979492,49.44573211669922,56.68349075317383,-0.07486248016357422,0.8874683380126953,0.58782958984375,277.0191345214844,269.6128845214844,101903.1875,91997.1875,0.0,4.765383243560791,6.0,0.0,7620.0,88888.0,6432.0,16274.0,0.0,0.0,0.0,0.0,0.0,0.0,0.0,0.0,0.0,0.0,129.0,269.04998779296875,261.41998291015625,54.0,0.0,19.600000381469727,21.200000762939453
2024-04-08T10:52,2024-04-08T11:00,24,train,0,2024,4,10,23,2024-04-07T12:00,23,2024-04-07T12:00,23,2024-04-07T12:00,26,2024-04-07T09:00,24,2024-04-07T12:00,24,2024-04-07T11:00,-999.0,0.0,0.0,0.0,0.0,nan,nan,nan,nan,nan,6.769012451171875,251.2980499267578,269.06304931640625,274.86480712890625,275.4601135253906,279.1582336425781,5597.17041015625,3032.0048828125,1481.49609375,153.50448608398438,271.631103515625,55.5,201.60426330566406,1076.800048828125,33800.0,0.0,0.0,20000.13671875,5.0,5.400000095367432,84.5,7.400000095367432,24135.046875,2.2399999579647556e-05,0.0625,255.3348388671875,270.9036865234375,282.17791748046875,288.69793701171875,295.65716552734375,5615.2626953125,3020.434814453125,1444.4307861328125,735.1708984375,66.21178436279297,296.1075439453125,46.400001525878906,61.5,1812.2099609375,2732.0,19999.88671875,33.0,0.0,0.0,24100.0,252.6999969482422,269.79998779296875,277.0,277.0,281.1000061035156,5615.82421875,3036.496337890625,1479.9786376953125,796.757080078125,164.8995819091797,272.6000061035156,75.5,48.0,140.63999938964844,1096.9599609375,0.0,0.0,744.0252685546875,78.0,0.0,0.0,78.0,3200.0,251.4218292236328,269.3204345703125,275.07952880859375,273.3960876464844,276.3418273925781,5598.2861328125,3032.050537109375,1481.7034912109375,801.8553466796875,161.11392211914062,271.5644836425781,94.10748291015625,88.63255310058594,324.5628967285156,520.0,0.0,0.0,5612.84765625,3034.01806640625,1478.9736328125,792.96240234375,154.738525390625,252.54071044921875,269.72381591796875,276.5528259277344,277.6805419921875,281.78692626953125,33.149959564208984,10.684370994567871,49.83437728881836,58.91253662109375,0.047821044921875,0.6789283752441406,0.4111042022705078,275.14642333984375,268.52142333984375,101856.875,91966.984375,0.0,4.606540203094482,20.0,0.0,7620.0,88888.0,32.0,256.0,0.0,0.0,0.0,0.0,0.0,35.0,35.0,35.0,35.0,0.0,128.0,269.04998779296875,261.95001220703125,58.0,2.0,19.600000381469727,20.799999237060547
2024-04-08T10:52,2024-04-08T11:00,48,train,0,2024,4,10,47,2024-04-06T12:00,47,2024-04-06T12:00,47,2024-04-06T12:00,50,2024-04-06T09:00,48,2024-04-06T12:00,36,2024-04-06T23:00,-999.0,0.0,0.0,0.0,0.0,nan,nan,nan,nan,nan,7.019246578216553,251.96505737304688,268.2439880371094,273.1163024902344,272.81353759765625,276.41729736328125,5584.3271484375,3017.22119140625,1474.064453125,156.1310577392578,269.9918212890625,53.70000076293945,175.23831176757812,827.2000122070312,35300.0,0.0,3.319999933242798,20000.138671875,0.10000000149011612,5.0,48.5,4.900000095367432,24134.806640625,0.0,0.0,255.7977752685547,271.2334899902344,282.6122741699219,289.1834716796875,295.956787109375,5618.95703125,3026.08544921875,1449.2821044921875,739.2444458007812,69.60774993896484,296.70001220703125,40.29999923706055,52.20000076293945,1877.0086669921875,2767.679931640625,19999.8359375,17.0,0.0,0.0,24100.0,252.60000610351562,268.8999938964844,276.70001220703125,277.6000061035156,281.70001220703125,5616.0791015625,3037.02294921875,1483.6361083984375,799.8280029296875,171.76002502441406,273.1199951171875,39.599998474121094,22.0,140.8000030517578,1177.280029296875,0.0,0.0,743.7328491210938,77.0,0.0,0.0,77.0,3600.0,251.95999145507812,267.72613525390625,273.68035888671875,271.13201904296875,274.2369689941406,5584.62841796875,3019.513427734375,1477.55224609375,802.3931274414062,166.6481475830078,269.54168701171875,91.48261260986328,87.58905792236328,232.94476318359375,200.0,0.0,2.75,5612.125,3029.847900390625,1475.849609375,791.294921875,154.779541015625,253.13768005371094,269.4093017578125,276.2178955078125,276.9624328613281,280.90374755859375,31.601245880126953,8.670931816101074,49.621456146240234,58.43873596191406,0.07512283325195312,0.8890972137451172,0.5321884155273438,274.5867919921875,267.8367919921875,101871.125,91942.28125,0.0,4.203242301940918,16.0,0.0,7620.0,88888.0,88888.0,256.0,8.0,8.0,8.0,8.0,8.0,41.0,41.0,41.0,41.0,0.0,112.0,268.69000244140625,261.27996826171875,57.0,1.0,18.799999237060547,20.399999618530273
2024-05-11T12:50,2024-05-11T13:00,1,train,0,2024,5,12,1,2024-05-11T12:00,1,2024-05-11T12:00,1,2024-05-11T12:00,1,2024-05-11T12:00,0,2024-05-11T12:00,1,2024-05-11T12:00,-999.0,0.0,5.0,0.0,0.0,nan,nan,nan,nan,nan,2.413182258605957,251.77932739257812,264.07562255859375,273.0367431640625,278.133544921875,282.46331787109375,5487.474609375,2941.55126953125,1417.4996337890625,94.14307403564453,274.9078674316406,89.0,538.7695922851562,1398.239990234375,15600.0,0.0,0.0,20000.056640625,0.0,0.0,0.4000000059604645,0.0,24134.90234375,0.0,0.0,257.8702392578125,276.5260009765625,286.4458923339844,292.6593017578125,299.88250732421875,5755.9453125,3122.92138671875,1517.4296875,798.096923828125,119.7943115234375,300.82843017578125,35.599998474121094,47.900001525878906,1522.7333984375,3624.320068359375,20000.185546875,22.0,0.0,0.0,24100.0,251.89999389648438,264.3999938964844,274.20001220703125,279.3999938964844,283.6000061035156,5492.6484375,2944.930908203125,1422.346923828125,734.7619018554688,92.93952178955078,278.1300048828125,67.4000015258789,75.0,1488.9599609375,1526.8800048828125,0.0,0.0,nan,26.0,0.0,0.0,15.0,20600.0,252.03826904296875,264.2934265136719,273.1168212890625,278.34417724609375,282.8973388671875,5491.4296875,2946.623779296875,1422.20654296875,738.623046875,97.42950439453125,279.6213073730469,77.91152954101562,77.92747497558594,648.5692749023438,1420.0,0.0,0.0,5495.29296875,2946.42529296875,1423.74609375,741.9536743164062,104.22900390625,252.5204315185547,263.91943359375,272.45257568359375,277.16436767578125,281.39788818359375,52.023712158203125,80.20789337158203,85.69844818115234,80.12234497070312,0.0108184814453125,0.20306396484375,-0.035613059997558594,277.51104736328125,274.79229736328125,101277.1875,91397.890625,2.75,7.871092319488525,26.0,0.0,7620.0,88888.0,848.0,16256.0,26.0,26.0,26.0,26.0,35.0,16.0,16.0,16.0,16.0,35.0,901.0,272.05999755859375,269.8999938964844,85.0,1.0,6.400000095367432,6.800000190734863
2024-05-11T12:50,2024-05-11T13:00,24,train,0,2024,5,12,25,2024-05-10T12:00,25,2024-05-10T12:00,25,2024-05-10T12:00,22,2024-05-10T15:00,24,2024-05-10T12:00,24,2024-05-10T13:00,-999.0,100.0,100.0,0.0,0.0,1575.5531005859375,1465.1781005859375,80300.0,84700.0,2069.7958984375,2.3767173290252686,250.94174194335938,263.9483337402344,271.72161865234375,277.2823486328125,281.6086120605469,5489.78271484375,2947.962158203125,1429.6337890625,109.0000228881836,273.8106384277344,97.19999694824219,733.7628173828125,1324.719970703125,12700.0,0.0,3.7899999618530273,20000.056640625,0.0,0.0,18.799999237060547,0.0,24135.1171875,0.0,0.0,258.320556640625,276.48956298828125,286.4481201171875,292.3686828613281,299.60955810546875,5758.1669921875,3123.490966796875,1515.9058837890625,796.9050903320312,119.12171936035156,300.70001220703125,37.599998474121094,51.5,1380.9442138671875,3617.280029296875,19999.955078125,38.0,0.0,0.0,100.0,251.39999389648438,265.6000061035156,272.5,277.0,281.1000061035156,5493.0634765625,2948.220458984375,1421.8148193359375,739.9287109375,102.14996337890625,275.1499938964844,97.4000015258789,100.0,515.6799926757812,1307.3599853515625,0.0,0.0625,nan,72.0,0.0,0.0,44.0,18100.0,251.06161499023438,263.5916748046875,271.8137512207031,277.3094177246094,281.9537658691406,5489.4453125,2949.474365234375,1427.349609375,746.8017578125,106.1192398071289,278.1579895019531,82.31385040283203,81.50605010986328,781.9520263671875,1250.0,0.0,0.5625,5497.92578125,2947.919189453125,1423.82080078125,740.9866943359375,101.5859375,252.13230895996094,265.4577941894531,272.46185302734375,277.8438720703125,282.0986328125,33.767051696777344,88.01134490966797,81.38875579833984,76.21646118164062,0.08197879791259766,-0.07066726684570312,-0.11433601379394531,278.7830505371094,274.4393005371094,101233.75,91381.546875,1.75,7.753717422485352,57.0,0.0,7620.0,0.0,0.0,256.0,72.0,78.0,81.0,82.0,85.0,35.0,38.0,39.0,44.0,21.0,914.0,271.78997802734375,269.5099792480469,87.0,0.0,8.399999618530273,9.199999809265137
2024-05-11T12:50,2024-05-11T13:00,48,train,0,2024,5,12,43,2024-05-09T18:00,49,2024-05-09T12:00,49,2024-05-09T12:00,46,2024-05-09T15:00,48,2024-05-09T12:00,36,2024-05-10T01:00,-999.0,100.0,100.0,0.0,0.0,1342.7701416015625,1342.7606201171875,76400.0,86000.0,2506.046630859375,2.257488250732422,251.66139221191406,264.01837158203125,270.86151123046875,276.0824890136719,280.3941345214844,5487.65673828125,2942.9443359375,1429.1273193359375,111.76759338378906,272.4754638671875,100.0,683.2578125,1200.3199462890625,100.0,0.0,5.570000171661377,20000.107421875,0.0,0.0,40.099998474121094,0.0,24135.00390625,0.0,0.0,258.3668518066406,276.37127685546875,286.3868103027344,291.8097229003906,299.07281494140625,5758.32373046875,3124.250244140625,1517.2283935546875,799.4696655273438,122.92102813720703,300.2041931152344,39.20000076293945,54.0,1316.7454833984375,3587.0400390625,19999.861328125,30.0,9.0,0.0,200.0,252.39999389648438,265.79998779296875,270.6000061035156,275.5,279.6000061035156,5481.0224609375,2931.412353515625,1408.424560546875,730.6907958984375,89.73538208007812,273.8900146484375,94.5,100.0,289.3599853515625,1191.8399658203125,0.0,0.0,1206.5377197265625,90.0,0.0,0.0,86.0,16200.0,251.80075073242188,264.6760559082031,270.5755615234375,276.2135314941406,280.8567199707031,5487.34228515625,2940.98583984375,1425.4251708984375,747.506103515625,107.75277709960938,277.10003662109375,84.7588119506836,83.91323852539062,820.35009765625,1120.0,9.999999747378752e-06,1.6875,5493.7890625,2947.134765625,1422.837890625,739.009765625,98.56201171875,251.03274536132812,264.7140197753906,273.22259521484375,278.2765197753906,282.61419677734375,37.63981246948242,74.3716049194336,72.85612487792969,69.47474670410156,0.04908561706542969,-0.014479637145996094,-0.11622428894042969,279.1290283203125,274.1602783203125,101194.3125,91362.953125,2.5,7.743070602416992,57.0,0.0,7620.0,0.0,0.0,256.0,93.0,93.0,93.0,93.0,97.0,38.0,41.0,41.0,44.0,30.0,910.0,271.92999267578125,269.45001220703125,84.0,0.0,10.0,10.800000190734863
2024-06-08T11:48,2024-06-08T12:00,1,train,0,2024,6,11,1,2024-06-08T11:00,6,2024-06-08T06:00,6,2024-06-08T06:00,1,2024-06-08T11:00,0,2024-06-08T12:00,1,2024-06-08T11:00,-999.0,0.0,37.0,68.0,0.0,nan,1343.8729248046875,nan,85300.0,nan,5.552321910858154,253.82801818847656,270.6843566894531,280.14599609375,284.82843017578125,289.21728515625,5531.6083984375,2944.10107421875,1373.75390625,15.838556289672852,281.2197570800781,92.9000015258789,354.82232666015625,2665.579833984375,13500.0,0.0,0.0,20000.02734375,9.899999618530273,0.0,0.0,1.5,24135.0078125,0.0,0.0,260.6000061035156,278.5522766113281,287.492431640625,294.02508544921875,301.0877380371094,5766.22802734375,3108.764404296875,1491.7740478515625,767.61181640625,84.63752746582031,302.8193359375,47.5,69.5,1600.2265625,3896.320068359375,20000.140625,43.0,3.0,0.0,0.0,253.5,271.3999938964844,280.0,283.8999938964844,288.1000061035156,5538.6630859375,2951.258544921875,1377.760498046875,677.4327392578125,17.990007400512695,280.9100036621094,99.5999984741211,100.0,637.4400024414062,2678.719970703125,0.000699999975040555,5.875,808.51806640625,100.0,4.0,0.0,100.0,3200.0,253.8247528076172,270.5459899902344,280.0155334472656,283.9220886230469,288.32568359375,5532.9931640625,2946.43310546875,1375.78955078125,675.2138671875,18.947471618652344,283.4305725097656,99.56024932861328,95.84185791015625,439.626220703125,2580.0,0.0,0.0,5532.59765625,2946.220458984375,1375.27197265625,674.8197631835938,20.8427734375,253.49085998535156,270.7284851074219,279.9717712402344,284.2004089355469,288.49383544921875,81.78311157226562,84.25162506103516,89.75321960449219,89.24591064453125,-0.27683067321777344,0.8393011093139648,0.3275470733642578,283.5400390625,282.1650390625,100260.875,90679.0234375,4.25,17.295974731445312,79.0,0.0,7620.0,0.0,0.0,209.0,69.0,81.0,92.0,93.0,100.0,68.0,70.0,71.0,74.0,73.0,0.0,277.69000244140625,277.25,98.0,11.0,15.600000381469727,16.0
2024-06-08T11:48,2024-06-08T12:00,24,train,0,2024,6,11,24,2024-06-07T12:00,24,2024-06-07T12:00,24,2024-06-07T12:00,21,2024-06-07T15:00,24,2024-06-07T12:00,24,2024-06-07T12:00,3561.800048828125,81.0,81.0,100.0,0.0,3574.44384765625,1343.81884765625,52300.0,85200.0,4683.24951171875,9.832902908325195,253.4912109375,270.6572265625,279.8432922363281,284.63226318359375,289.0159912109375,5521.115234375,2936.994873046875,1367.8958740234375,10.913482666015625,280.5380554199219,91.80000305175781,371.83270263671875,2715.071533203125,3400.0,0.00139999995008111,18.190000534057617,1378.4061279296875,30.200000762939453,3.700000047683716,99.5,1.2000000476837158,24134.958984375,1.9999999949504854e-06,0.0,261.55596923828125,279.02716064453125,286.886962890625,292.28485107421875,299.4480285644531,5771.0126953125,3111.28955078125,1490.734130859375,769.8451538085938,90.72969055175781,300.5448913574219,56.20000076293945,80.9000015258789,1311.439453125,3906.239990234375,19999.9765625,44.0,5.0,0.0,0.0,253.5,271.29998779296875,280.0,284.29998779296875,288.5,5519.1533203125,2932.61083984375,1358.9599609375,657.7724609375,-0.5600234270095825,280.92999267578125,99.69999694824219,100.0,526.7999877929688,2636.639892578125,0.0010000000474974513,5.9375,865.2651977539062,100.0,100.0,0.0,100.0,11700.0,253.4886474609375,271.198974609375,279.64794921875,284.06182861328125,288.5944519042969,5523.6748046875,2934.93115234375,1363.413330078125,663.374267578125,6.360973358154297,283.4171447753906,97.1206283569336,93.54537200927734,504.9759216308594,2640.0,5.999999848427251e-05,10.75,5534.38671875,2945.62109375,1373.531982421875,671.5,16.769775390625,253.67184448242188,271.16790771484375,280.3204650878906,284.674072265625,288.9815673828125,73.60704040527344,84.85108947753906,87.500732421875,87.50418853759766,-0.07509803771972656,0.6622390747070312,0.32423877716064453,284.70001220703125,282.41876220703125,100202.75,90654.625,0.25,16.722652435302734,66.0,0.0,7620.0,0.0,0.0,209.0,78.0,82.0,84.0,86.0,86.0,61.0,65.0,68.0,74.0,85.0,0.0,277.9599914550781,277.4700012207031,97.0,20.0,14.399999618530273,14.899999618530273
2024-06-08T11:48,2024-06-08T12:00,48,train,0,2024,6,11,48,2024-06-06T12:00,48,2024-06-06T12:00,48,2024-06-06T12:00,45,2024-06-06T15:00,48,2024-06-06T12:00,48,2024-06-06T12:00,-999.0,56.0,56.0,100.0,0.0,nan,1343.7645263671875,nan,85200.0,nan,6.888484954833984,252.6046600341797,270.2330322265625,279.7125244140625,284.8399658203125,289.1905517578125,5505.06298828125,2927.118896484375,1360.2364501953125,4.465450286865234,280.5252685546875,95.19999694824219,362.35107421875,2652.77294921875,12400.0,0.0,22.829999923706055,19999.9765625,32.0,0.0,0.30000001192092896,9.300000190734863,24134.833984375,4.800000169780105e-06,0.0625,260.8797607421875,278.8041687011719,286.7723693847656,292.09686279296875,299.2691345214844,5768.173828125,3108.051513671875,1488.854736328125,768.34716796875,89.67240905761719,300.2925109863281,57.599998474121094,82.4000015258789,1368.052734375,3872.47998046875,19999.84765625,35.0,4.0,0.0,0.0,254.3000030517578,270.6000061035156,279.6000061035156,283.0,287.20001220703125,5521.7431640625,2933.14111328125,1363.5628662109375,665.5302124023438,5.535632610321045,280.16998291015625,99.5,100.0,296.6400146484375,2534.39990234375,0.0,1.3125,882.6514892578125,99.0,11.0,0.0,99.0,12400.0,252.38462829589844,270.7364196777344,279.2552795410156,283.7318420410156,288.3231201171875,5510.779296875,2930.987060546875,1361.1529541015625,662.2838745117188,5.7587432861328125,283.2254638671875,94.74567413330078,90.93208312988281,477.4173583984375,2620.0,0.0,9.9375,5536.4375,2947.842041015625,1373.02294921875,671.369873046875,16.32470703125,253.86239624023438,271.3481750488281,280.4858703613281,284.70050048828125,289.022705078125,76.09947967529297,87.6361312866211,90.73920440673828,90.59050750732422,-0.24025917053222656,0.892974853515625,0.4085969924926758,284.11175537109375,282.83050537109375,100214.5625,90654.4375,9.5,17.443622589111328,57.0,,,64.0,32.0,9856.0,85.0,89.0,,93.0,,48.0,,51.0,53.0,119.0,0.0,278.32000732421875,277.2900085449219,93.0,32.0,14.0,14.399999618530273
2024-08-02T14:51,2024-08-02T15:00,1,train,0,2024,8,14,1,2024-08-02T14:00,3,2024-08-02T12:00,3,2024-08-02T12:00,1,2024-08-02T14:00,3,2024-08-02T12:00,1,2024-08-02T14:00,-999.0,0.0,10.0,0.0,0.0,nan,nan,nan,nan,nan,2.66595458984375,265.51220703125,280.9130859375,289.71881103515625,295.1710510253906,299.84124755859375,5833.02099609375,3140.5361328125,1514.394287109375,104.20942687988281,292.237060546875,84.4000015258789,588.3794555664062,4505.986328125,17400.0,0.0,0.0,6112.53173828125,79.80000305175781,0.0,0.0,0.0,24134.994140625,0.0,0.0,261.99267578125,281.01959228515625,287.9344787597656,294.78363037109375,301.83404541015625,5818.97607421875,3144.37548828125,1524.4361572265625,799.2366943359375,115.18429565429688,302.50494384765625,39.29999923706055,54.400001525878906,2108.39453125,4175.52001953125,19999.896484375,21.0,7.0,0.0,24100.0,265.70001220703125,281.0,289.8999938964844,295.20001220703125,299.6000061035156,5837.7646484375,3144.161865234375,1518.7987060546875,787.6724853515625,102.32734680175781,292.8399963378906,97.19999694824219,98.0,151.27999877929688,4493.03515625,0.0,2.1875,nan,12.0,0.0,21.0,12.0,22100.0,265.468505859375,280.334716796875,289.7110595703125,295.25189208984375,300.1742248535156,5837.8974609375,3146.86767578125,1523.357177734375,795.0383911132812,112.7113037109375,296.8187255859375,74.62994384765625,74.72211456298828,1157.84521484375,4480.0,0.0,0.0,5839.1328125,3145.30419921875,1521.397216796875,792.533203125,119.711669921875,265.5329284667969,280.00909423828125,289.49420166015625,296.0023193359375,300.60565185546875,51.89140701293945,72.4691162109375,62.415069580078125,57.922645568847656,0.20055580139160156,-0.06476306915283203,-0.08048820495605469,297.15008544921875,288.9991149902344,101452.9375,91988.3203125,0.0,26.24064826965332,44.0,79.0,9236.0,88888.0,1184.0,16274.0,8.0,14.0,17.0,22.0,22.0,15.0,15.0,15.0,15.0,650.0,0.0,288.52996826171875,286.30999755859375,86.0,5.0,3.200000047683716,3.799999952316284
2024-09-01T11:47,2024-09-01T12:00,1,train,0,2024,9,11,1,2024-09-01T11:00,6,2024-09-01T06:00,6,2024-09-01T06:00,1,2024-09-01T11:00,0,2024-09-01T12:00,1,2024-09-01T11:00,-999.0,0.0,39.0,0.0,0.0,nan,1345.0797119140625,nan,86300.0,nan,6.604825496673584,265.27996826171875,280.369384765625,286.8079833984375,289.9580078125,294.2052001953125,5775.779296875,3088.04541015625,1469.982666015625,75.62033081054688,287.2430419921875,81.5,188.119140625,4353.5576171875,17800.0,0.0,0.0,623.2944946289062,7.0,88.0,90.0,39.70000076293945,19341.658203125,0.0005255999858491123,6.125,259.1803894042969,276.1005859375,285.9148864746094,289.5649108886719,295.3716125488281,5765.8779296875,3123.222900390625,1518.587646484375,801.858642578125,130.21115112304688,295.748779296875,81.9000015258789,92.0999984741211,547.0062255859375,3598.719970703125,19999.984375,48.0,0.0,0.0,100.0,264.8999938964844,281.5,284.70001220703125,289.6000061035156,293.8999938964844,5781.0087890625,3089.8486328125,1469.1007080078125,753.5349731445312,84.01614379882812,287.030029296875,99.9000015258789,100.0,395.760009765625,4474.125,0.0010000000474974513,6.625,959.4155883789062,72.0,0.0,0.0,68.0,12100.0,265.4806213378906,280.4849853515625,286.0810241699219,289.2401428222656,293.41326904296875,5773.412109375,3084.891845703125,1469.598876953125,753.8546142578125,79.19625091552734,289.3667297363281,94.8700180053711,94.69322967529297,335.0188293457031,4383.392578125,0.0,0.0,5776.734375,3089.98486328125,1473.701416015625,759.322021484375,96.9150390625,265.14312744140625,280.88983154296875,285.3858642578125,288.9845886230469,293.40216064453125,19.801937103271484,73.8749771118164,95.84315490722656,94.51900482177734,-0.24085617065429688,0.4286966323852539,0.15002155303955078,288.9656982421875,288.1844482421875,101173.625,91625.40625,15.75,16.149198532104492,50.0,0.0,7620.0,0.0,0.0,209.0,66.0,78.0,80.0,80.0,80.0,71.0,71.0,71.0,71.0,11.0,0.0,283.47998046875,282.1499938964844,92.0,4.0,11.199999809265137,11.600000381469727
2024-08-02T14:51,2024-08-02T15:00,24,train,0,2024,8,14,21,2024-08-01T18:00,21,2024-08-01T18:00,21,2024-08-01T18:00,24,2024-08-01T15:00,21,2024-08-01T18:00,24,2024-08-01T15:00,-999.0,16.0,16.0,0.0,100.0,nan,2677.404296875,nan,25000.0,nan,1.2256308794021606,264.50714111328125,279.96002197265625,289.663818359375,295.53564453125,300.23455810546875,5833.1416015625,3147.9599609375,1525.7891845703125,116.01567077636719,292.689697265625,76.30000305175781,935.7015991210938,4411.451171875,21200.0,0.0,0.14000000059604645,6113.3623046875,81.0,0.0,0.0,0.0,24134.875,0.0,0.0,261.9360046386719,280.8675537109375,288.0975646972656,294.94757080078125,302.1272277832031,5819.68310546875,3144.6650390625,1524.917236328125,799.3875732421875,114.79534912109375,302.8800354003906,37.900001525878906,53.70000076293945,2127.261474609375,4205.759765625,1955.095703125,15.0,0.0,89.0,24100.0,265.20001220703125,281.5,290.29998779296875,296.0,300.3999938964844,5833.0673828125,3137.38037109375,1511.531494140625,779.9415893554688,97.78803253173828,294.4599914550781,72.0,75.0,903.9199829101562,4561.6572265625,0.0,0.0,nan,9.0,0.0,64.0,9.0,23100.0,263.9990234375,279.59259033203125,289.2573547363281,294.95916748046875,299.99017333984375,5831.51123046875,3149.62353515625,1526.5811767578125,799.5438232421875,117.78290557861328,296.3565979003906,72.98532104492188,72.15409088134766,981.0518798828125,4330.0,0.0,2.375,5837.9296875,3145.1201171875,1519.176513671875,789.618408203125,116.5595703125,265.1718444824219,279.86224365234375,289.71197509765625,296.3658447265625,300.89453125,57.37410354614258,73.50386810302734,60.0701904296875,56.554725646972656,0.19553565979003906,-0.22100543975830078,-0.1546783447265625,297.6915283203125,288.7078857421875,101409.375,91951.7421875,0.0,26.426204681396484,33.0,58.0,9212.0,32.0,32.0,209.0,34.0,36.0,36.0,37.0,40.0,49.0,49.0,49.0,49.0,262.0,136.0,288.6299743652344,285.29998779296875,81.0,1.0,5.199999809265137,6.099999904632568
2024-08-02T14:51,2024-08-02T15:00,48,train,0,2024,8,14,45,2024-07-31T18:00,45,2024-07-31T18:00,45,2024-07-31T18:00,48,2024-07-31T15:00,45,2024-07-31T18:00,45,2024-07-31T18:00,-999.0,16.0,19.0,0.0,100.0,nan,951.777099609375,nan,32000.0,nan,1.077689528465271,265.40960693359375,279.3109130859375,288.89727783203125,294.76092529296875,299.42474365234375,5825.08203125,3139.759765625,1522.796142578125,116.50161743164062,291.7852478027344,80.0999984741211,994.3168334960938,4362.57080078125,19300.0,0.0,36.29999923706055,7349.3359375,10.5,3.4000000953674316,62.900001525878906,0.0,24135.248046875,0.0,1.4375,261.8552551269531,281.1920471191406,287.2420654296875,291.8320617675781,298.7406921386719,5819.94677734375,3145.0546875,1517.29541015625,796.6275634765625,118.91519165039062,299.2895812988281,58.5,80.19999694824219,965.3490600585938,4176.47998046875,19999.98046875,4.0,0.0,0.0,24100.0,265.5,279.6000061035156,290.5,296.29998779296875,300.70001220703125,5833.39208984375,3136.39990234375,1512.99365234375,781.2742309570312,97.91816711425781,295.3100280761719,64.4000015258789,67.0,1125.3599853515625,4686.99267578125,0.0,0.0,nan,3.0,0.0,0.0,3.0,19100.0,261.7850646972656,278.7593994140625,289.38226318359375,294.6416015625,299.6798095703125,5818.9931640625,3150.051513671875,1529.5123291015625,801.9189453125,121.23489379882812,295.84735107421875,80.20514678955078,77.28820037841797,694.8134765625,4113.9853515625,0.0,22.75,5827.47265625,3148.777587890625,1522.365966796875,793.148681640625,120.162841796875,264.78131103515625,279.53948974609375,289.3345947265625,296.1279602050781,300.6866455078125,60.85994338989258,79.6550521850586,63.90837097167969,59.746368408203125,-0.2606658935546875,-0.0786895751953125,-0.004687309265136719,297.4477233886719,289.87738037109375,101456.3125,91992.3125,226.25,25.76583480834961,18.0,,,88887.0,81.0,9770.0,22.0,25.0,,27.0,,42.0,,42.0,42.0,578.0,320.0,288.3500061035156,285.75,85.0,0.0,5.199999809265137,6.5
2024-09-01T11:47,2024-09-01T12:00,24,train,0,2024,9,11,24,2024-08-31T12:00,24,2024-08-31T12:00,24,2024-08-31T12:00,21,2024-08-31T15:00,24,2024-08-31T12:00,24,2024-08-31T12:00,-999.0,0.0,7.0,0.0,0.0,nan,1344.9422607421875,nan,86400.0,nan,6.396688938140869,264.26953125,280.3887939453125,286.4178466796875,290.5168762207031,294.83935546875,5778.7841796875,3096.946044921875,1482.23388671875,87.22000122070312,286.87054443359375,88.4000015258789,307.45550537109375,4348.92724609375,14800.0,0.0,3.299999952316284,20000.1328125,43.900001525878906,1.2999999523162842,0.0,33.599998474121094,24134.994140625,0.0,1.1875,259.5370178222656,276.8132019042969,285.6730041503906,292.25225830078125,299.49432373046875,5773.412109375,3122.787109375,1518.075927734375,798.6727905273438,119.92859649658203,300.4704284667969,48.29999923706055,69.30000305175781,1848.4735107421875,3704.320068359375,19999.990234375,41.0,0.0,0.0,100.0,265.1000061035156,281.70001220703125,284.5,289.70001220703125,294.0,5784.232421875,3086.954833984375,1461.5943603515625,745.9143676757812,76.00785064697266,287.1199951171875,99.9000015258789,100.0,1406.800048828125,4614.630859375,9.999999747378752e-05,6.0625,797.6265869140625,100.0,0.0,1.0,100.0,100.0,264.6622619628906,280.1641845703125,286.1901550292969,289.9079284667969,293.92193603515625,5780.306640625,3093.319091796875,1478.765625,760.7875366210938,86.14130401611328,289.6433410644531,99.5291976928711,98.42977905273438,479.99163818359375,4450.8037109375,1.9999999494757503e-05,3.4375,5781.9609375,3095.25927734375,1474.4228515625,758.0247192382812,94.7236328125,265.07757568359375,281.1268005371094,286.8344421386719,289.658203125,294.01226806640625,20.231950759887695,67.0426254272461,95.02578735351562,93.46337890625,-0.350738525390625,0.49028968811035156,0.21760940551757812,289.888916015625,288.763916015625,101149.875,91607.171875,11.5,17.177425384521484,66.0,0.0,7620.0,0.0,0.0,209.0,86.0,88.0,90.0,92.0,92.0,66.0,75.0,83.0,100.0,36.0,0.0,283.72998046875,283.1300048828125,96.0,7.0,12.399999618530273,12.800000190734863
2024-09-01T11:47,2024-09-01T12:00,48,train,0,2024,9,11,48,2024-08-30T12:00,48,2024-08-30T12:00,48,2024-08-30T12:00,45,2024-08-30T15:00,48,2024-08-30T12:00,48,2024-08-30T12:00,-999.0,0.0,14.0,0.0,0.0,nan,1345.0726318359375,nan,86400.0,nan,6.371088981628418,264.07672119140625,279.21466064453125,286.7783203125,290.7658386230469,294.9715881347656,5773.9013671875,3095.643798828125,1480.044921875,85.6824722290039,287.61456298828125,94.5999984741211,333.9367370605469,4317.236328125,12400.0,0.0,4.090000152587891,1053.36767578125,61.900001525878906,94.69999694824219,100.0,9.600000381469727,24135.0703125,1.4799999917158857e-05,0.1875,262.48724365234375,276.91632080078125,284.8258056640625,291.2553405761719,298.2997741699219,5785.20751953125,3121.714111328125,1517.3416748046875,800.2137451171875,123.7573471069336,299.2182922363281,54.0,76.5,1642.4130859375,3947.199951171875,1270.791015625,46.0,56.0,18.0,4900.0,264.3999938964844,278.60406494140625,287.6000061035156,290.8999938964844,295.20001220703125,5773.0390625,3086.0673828125,1465.507568359375,745.5527954101562,77.03099060058594,288.0,99.30000305175781,100.0,603.0399780273438,4263.8701171875,0.0012000000569969416,7.6875,822.927978515625,100.0,0.0,0.0,100.0,4000.0,264.15704345703125,279.3947448730469,286.784912109375,290.04791259765625,294.2112731933594,5770.00244140625,3088.7421875,1471.739990234375,753.2339477539062,78.70037078857422,290.0837097167969,97.96287536621094,98.86711883544922,474.8000793457031,4281.2509765625,0.0,6.625,5783.15625,3094.937744140625,1473.205078125,753.9578857421875,89.7646484375,264.51593017578125,281.2093505859375,286.73779296875,290.4944152832031,294.7268371582031,15.599523544311523,98.26612091064453,96.82731628417969,97.39306640625,-0.1552581787109375,0.3360605239868164,0.07192325592041016,290.265869140625,289.703369140625,101086.375,91574.40625,15.0,22.22215461730957,70.0,,,8.0,8.0,512.0,80.0,81.0,,81.0,,57.0,,68.0,75.0,42.0,0.0,283.70001220703125,283.77001953125,99.0,55.0,9.600000381469727,9.600000381469727
2024-09-10T01:48,2024-09-10T02:00,1,train,0,2024,9,1,1,2024-09-10T01:00,2,2024-09-10T00:00,2,2024-09-10T00:00,1,2024-09-10T01:00,3,2024-09-10T00:00,1,2024-09-10T01:00,-999.0,0.0,75.0,1.0,0.0,nan,1344.0279541015625,nan,86500.0,nan,7.702693462371826,254.69528198242188,271.8821716308594,280.422607421875,285.3819580078125,289.6795654296875,5654.2578125,3058.84326171875,1486.0240478515625,124.19156646728516,280.5069885253906,95.4000015258789,315.0893249511719,3096.05859375,12200.0,0.0,0.004000000189989805,929.6972045898438,100.0,0.0,0.20000000298023224,2.0,24135.3515625,3.999999989900971e-06,0.125,261.78192138671875,278.34393310546875,279.4809265136719,283.831298828125,287.6976623535156,5795.7080078125,3131.91748046875,1531.4029541015625,832.114501953125,175.16880798339844,286.86126708984375,92.5999984741211,88.0999984741211,149.40504455566406,4090.239990234375,19999.955078125,20.0,0.0,0.0,24100.0,255.10000610351562,272.70001220703125,279.8999938964844,284.20001220703125,288.5,5660.46240234375,3057.804931640625,1481.8697509765625,780.8120727539062,122.5760498046875,281.3599853515625,97.69999694824219,99.0,344.3999938964844,2971.51171875,0.0,0.75,1328.4954833984375,91.0,0.0,7.0,50.0,14700.0,255.06277465820312,271.3360290527344,280.0672302246094,285.330078125,289.59283447265625,5655.5732421875,3058.6015625,1488.1673583984375,785.4418334960938,126.15135192871094,284.42291259765625,88.0,82.38684844970703,638.6914672851562,2771.234130859375,0.0,0.0,5657.6953125,3055.947998046875,1481.68115234375,779.4224853515625,125.185302734375,255.061279296875,271.9819641113281,280.5513916015625,284.3397216796875,288.6331787109375,80.42063903808594,83.52964782714844,89.11628723144531,92.18839263916016,0.7839193344116211,1.4104137420654297,0.7045011520385742,282.80072021484375,282.11322021484375,101507.25,91825.359375,0.0,19.241741180419922,60.0,0.0,7620.0,0.0,0.0,0.0,79.0,89.0,90.0,90.0,90.0,79.0,79.0,79.0,79.0,9.0,0.0,277.4900207519531,275.1499938964844,85.0,5.0,12.0,12.399999618530273
2024-09-19T01:58,2024-09-19T02:00,1,train,0,2024,9,1,1,2024-09-19T01:00,2,2024-09-19T00:00,2,2024-09-19T00:00,1,2024-09-19T01:00,3,2024-09-19T00:00,1,2024-09-19T01:00,-999.0,0.0,0.0,0.0,100.0,nan,436.8687744140625,nan,34300.0,nan,2.489166498184204,263.7458190917969,279.4683837890625,287.67291259765625,292.1959228515625,296.48675537109375,5819.828125,3143.5673828125,1528.865966796875,131.25230407714844,286.3371887207031,55.900001525878906,382.80841064453125,4286.5927734375,34400.0,0.0,0.0,2206.515869140625,70.0,0.0,0.0,0.0,24135.1328125,0.0,0.0,257.69610595703125,274.440185546875,283.4351806640625,288.36163330078125,289.76019287109375,5703.60546875,3081.50830078125,1499.1376953125,788.0314331054688,123.84193420410156,289.20001220703125,64.0999984741211,59.20000076293945,108.02434539794922,3313.60009765625,7511.72998046875,1.0,83.0,87.0,24100.0,263.3999938964844,280.1000061035156,287.6000061035156,293.1000061035156,297.5,5832.18310546875,3156.84912109375,1540.781005859375,818.07861328125,144.84271240234375,289.2900085449219,63.900001525878906,59.0,74.0,4275.49169921875,0.0,0.0,6960.39697265625,0.0,82.0,100.0,0.0,26400.0,263.32489013671875,279.3423767089844,288.43182373046875,293.05657958984375,296.7286376953125,5826.6572265625,3153.504638671875,1537.8248291015625,815.5841674804688,138.77447509765625,289.46142578125,65.0,56.083351135253906,328.3215026855469,4201.9306640625,0.0,0.0,5825.14453125,3153.30078125,1538.715576171875,817.1583251953125,149.34375,262.4747009277344,279.1553955078125,287.807373046875,292.6488037109375,297.16571044921875,18.710613250732422,57.80876922607422,58.83427810668945,70.7320785522461,0.033049583435058594,0.1804361343383789,0.04662799835205078,289.4714050292969,285.0026550292969,101798.0625,92244.84375,0.0,15.833488464355469,82.0,91.0,7734.0,2224.0,2224.0,16209.0,5.0,5.0,12.0,13.0,31.0,7.0,7.0,7.0,7.0,29.0,0.0,284.07000732421875,277.8600158691406,65.0,0.0,4.400000095367432,4.400000095367432
2024-09-10T01:48,2024-09-10T02:00,24,train,0,2024,9,1,26,2024-09-09T00:00,26,2024-09-09T00:00,26,2024-09-09T00:00,23,2024-09-09T03:00,21,2024-09-09T06:00,24,2024-09-09T02:00,2894.60009765625,0.0,100.0,94.0,39.0,1344.2186279296875,1344.11279296875,60100.0,86500.0,1584.4483642578125,7.374502658843994,254.75030517578125,271.2229309082031,280.66827392578125,284.9608154296875,289.2922668457031,5648.8935546875,3056.2470703125,1484.12255859375,123.25080108642578,280.5650329589844,97.0999984741211,256.09454345703125,2925.378173828125,200.0,0.0003000000142492354,1.0499999523162842,5097.70166015625,50.20000076293945,0.0,0.0,78.19999694824219,24135.109375,3.999999989900971e-06,0.0,261.9302673339844,278.6910095214844,283.081787109375,283.4543762207031,287.6351623535156,5803.7705078125,3136.376708984375,1534.339111328125,833.1578979492188,176.60263061523438,287.22869873046875,94.0,94.69999694824219,152.0100860595703,4157.759765625,19999.958984375,25.0,15.0,0.0,100.0,256.0,271.6000061035156,279.8999938964844,284.20001220703125,288.5,5652.82421875,3052.293212890625,1476.9578857421875,776.11474609375,117.7989273071289,281.6300048828125,99.69999694824219,100.0,781.1199951171875,2853.16845703125,0.0010999999940395355,5.5625,845.4672241210938,100.0,62.0,88.0,100.0,11700.0,255.34674072265625,271.1257629394531,279.8062744140625,284.2059020996094,288.57781982421875,5643.75830078125,3050.25048828125,1479.472412109375,778.7211303710938,121.036865234375,284.1884460449219,97.0,95.62959289550781,594.7607421875,2718.4345703125,9.000000136438757e-05,4.5,5661.3828125,3059.37451171875,1483.775634765625,781.7657470703125,126.855712890625,255.6079864501953,271.78936767578125,280.611572265625,284.5328369140625,288.9869079589844,85.54790496826172,79.99370574951172,87.5434799194336,94.60614776611328,0.6925086975097656,1.533747673034668,0.6536664962768555,282.0923767089844,281.7173767089844,101522.875,91851.9375,0.0,18.748294830322266,67.0,0.0,7620.0,32.0,32.0,209.0,80.0,80.0,80.0,80.0,84.0,51.0,51.0,51.0,51.0,30.0,0.0,277.20001220703125,274.510009765625,83.0,9.0,12.399999618530273,12.5
2024-09-10T01:48,2024-09-10T02:00,48,train,0,2024,9,1,44,2024-09-08T06:00,50,2024-09-08T00:00,50,2024-09-08T00:00,47,2024-09-08T03:00,45,2024-09-08T06:00,36,2024-09-08T14:00,-999.0,0.0,39.0,97.0,47.0,1470.357421875,1343.926025390625,nan,86600.0,nan,6.987549304962158,254.5804901123047,270.969482421875,280.1220397949219,284.40130615234375,288.6112365722656,5653.43896484375,3061.4365234375,1491.849365234375,133.34939575195312,279.6076965332031,95.9000015258789,256.5704345703125,2861.0986328125,12200.0,0.0,0.5400000214576721,20000.080078125,11.199999809265137,0.0,0.0,0.0,24135.01171875,0.0,0.0,262.6733703613281,279.1552734375,283.032958984375,283.6529541015625,286.212646484375,5796.8984375,3126.332763671875,1525.06396484375,823.671630859375,168.00453186035156,285.37188720703125,97.0,94.30000305175781,58.76875686645508,4160.9599609375,1196.8558349609375,25.0,23.0,51.0,0.0,255.10000610351562,273.1000061035156,280.79998779296875,284.79998779296875,289.1000061035156,5651.49365234375,3047.253173828125,1470.074462890625,767.4495239257812,108.27462005615234,282.1000061035156,100.0,100.0,709.6799926757812,3036.6611328125,0.0010000000474974513,4.0,1285.2503662109375,90.0,0.0,100.0,90.0,13900.0,254.32040405273438,270.37518310546875,278.946044921875,284.32611083984375,288.6092834472656,5645.80517578125,3059.8095703125,1494.50537109375,794.69287109375,137.70169067382812,283.700927734375,90.09591674804688,86.418212890625,638.93603515625,2613.598876953125,0.0,1.4375,5660.28515625,3061.249755859375,1490.953857421875,789.4601440429688,134.535400390625,255.03579711914062,271.50677490234375,279.8870849609375,284.6072082519531,289.09173583984375,62.417869567871094,88.12698364257812,81.67645263671875,92.94561004638672,0.3868122100830078,0.9141178131103516,0.6151809692382812,281.26593017578125,280.51593017578125,101619.3125,91944.28125,0.0,15.559294700622559,61.0,0.0,7620.0,32.0,32.0,256.0,42.0,43.0,44.0,51.0,61.0,50.0,50.0,50.0,50.0,46.0,0.0,276.75,273.0299987792969,76.0,7.0,13.199999809265137,12.899999618530273
2024-09-19T01:58,2024-09-19T02:00,24,train,0,2024,9,1,26,2024-09-18T00:00,26,2024-09-18T00:00,26,2024-09-18T00:00,23,2024-09-18T03:00,21,2024-09-18T06:00,24,2024-09-18T02:00,-999.0,0.0,0.0,19.0,100.0,8165.76611328125,7903.75341796875,25200.0,37900.0,11936.5537109375,1.9158484935760498,262.8571472167969,278.38409423828125,287.62017822265625,293.023193359375,297.2718811035156,5828.3798828125,3156.36572265625,1545.9608154296875,147.37338256835938,286.6004943847656,60.20000076293945,512.7216796875,4288.24560546875,30500.0,0.0,0.0,20000.00390625,0.0,0.0,0.0,0.0,24134.96484375,0.0,0.0,257.9286193847656,274.1910400390625,283.7010803222656,289.1410827636719,288.6611022949219,5708.80078125,3082.545166015625,1497.4530029296875,785.3577270507812,120.522216796875,287.63812255859375,71.0,56.099998474121094,17.93490219116211,3304.639892578125,1197.4681396484375,3.0,89.0,100.0,100.0,263.70001220703125,280.20001220703125,286.8999938964844,292.29998779296875,296.70001220703125,5830.52783203125,3151.929931640625,1537.3758544921875,815.9215087890625,142.93441772460938,286.1700134277344,99.9000015258789,80.0,188.47999572753906,4306.7412109375,0.0,0.0,7549.33935546875,0.0,54.0,100.0,0.0,33700.0,262.96417236328125,278.7831115722656,287.7576904296875,293.00732421875,297.0155029296875,5824.19140625,3154.80029296875,1542.72119140625,821.2250366210938,144.6231689453125,289.3809814453125,56.0,51.33626937866211,480.5850830078125,4185.50390625,0.0,0.0,5827.47265625,3156.345703125,1542.613037109375,821.2415771484375,153.57421875,262.6453857421875,279.0205078125,287.3695068359375,292.7015380859375,297.1322326660156,19.459789276123047,58.08940887451172,58.304412841796875,69.80006408691406,-0.05992412567138672,0.2185382843017578,0.1465778350830078,290.0624084472656,285.6561584472656,101848.8125,92303.8359375,0.0,15.545415878295898,81.0,0.0,7620.0,8752.0,6880.0,402.0,10.0,12.0,14.0,14.0,17.0,36.0,36.0,36.0,36.0,0.0,0.0,283.77001953125,278.15997314453125,68.0,0.0,4.400000095367432,4.5
2024-09-19T01:58,2024-09-19T02:00,48,train,0,2024,9,1,44,2024-09-17T06:00,50,2024-09-17T00:00,50,2024-09-17T00:00,47,2024-09-17T03:00,45,2024-09-17T06:00,36,2024-09-17T14:00,-999.0,0.0,0.0,100.0,100.0,8923.4912109375,7624.6162109375,30400.0,39300.0,12778.49609375,1.5088897943496704,262.52166748046875,278.12542724609375,287.5513916015625,292.83685302734375,297.046142578125,5818.7080078125,3156.677001953125,1545.884765625,148.42039489746094,286.2926940917969,61.29999923706055,426.37615966796875,4042.88818359375,29300.0,0.0,0.0,20000.146484375,0.0,0.0,0.0,0.0,24135.173828125,0.0,0.0,257.705322265625,274.89276123046875,284.2808837890625,288.5708923339844,286.0209045410156,5713.103515625,3086.436767578125,1497.4969482421875,785.7811279296875,125.48949432373047,285.5121154785156,88.0999984741211,53.599998474121094,153.72738647460938,3413.280029296875,20000.1640625,8.0,0.0,37.0,24100.0,263.5,279.3999938964844,287.70001220703125,292.29998779296875,296.70001220703125,5830.31689453125,3155.052734375,1539.118896484375,818.3150024414062,145.9691162109375,287.1400146484375,87.5,58.0,111.12000274658203,4288.04443359375,0.0,0.0,nan,0.0,99.0,100.0,0.0,26500.0,262.9346618652344,278.4446105957031,286.97747802734375,292.6341247558594,296.7801208496094,5823.1611328125,3155.486328125,1546.5467529296875,825.872314453125,149.70457458496094,289.5120544433594,65.0,60.509246826171875,574.822998046875,4136.2412109375,0.0,0.0,5826.7578125,3150.566162109375,1536.195556640625,814.2252807617188,146.588623046875,263.52099609375,279.34613037109375,287.47991943359375,292.7294006347656,297.1845703125,13.736557960510254,68.04647064208984,59.57565689086914,74.4620132446289,-0.005450248718261719,0.23672008514404297,0.1609640121459961,289.09393310546875,284.71893310546875,101757.125,92215.640625,0.0,15.671238899230957,84.0,0.0,7620.0,32.0,32.0,384.0,24.0,24.0,24.0,24.0,26.0,39.0,39.0,39.0,39.0,1.0,0.0,283.77001953125,278.1200256347656,68.0,0.0,4.800000190734863,4.5
2024-09-27T04:58,2024-09-27T05:00,1,train,0,2024,9,4,1,2024-09-27T04:00,5,2024-09-27T00:00,5,2024-09-27T00:00,1,2024-09-27T04:00,0,2024-09-27T06:00,1,2024-09-27T04:00,-999.0,0.0,3.0,0.0,0.0,nan,1344.272705078125,nan,86600.0,nan,8.342601776123047,260.87542724609375,274.64483642578125,282.0284118652344,285.7928466796875,289.9541931152344,5721.1904296875,3081.94384765625,1497.1380615234375,127.86073303222656,281.501220703125,86.5999984741211,249.9053192138672,3555.91650390625,15100.0,0.0,0.0,2335.3115234375,100.0,3.700000047683716,0.0,0.30000001192092896,24135.345703125,0.0,0.0625,256.5863952636719,269.56317138671875,279.1361999511719,283.6314697265625,288.6214904785156,5588.7587890625,2999.64208984375,1435.3218994140625,736.4161987304688,79.99400329589844,287.94512939453125,75.4000015258789,85.4000015258789,1242.262939453125,2493.919921875,20000.08203125,49.0,0.0,0.0,0.0,263.0,275.5,279.79998779296875,284.79998779296875,289.0,5715.05078125,3075.9521484375,1490.181884765625,787.9607543945312,131.6829376220703,282.2200012207031,99.80000305175781,100.0,645.9199829101562,3427.22900390625,0.00039999998989515007,3.4375,762.560302734375,90.0,0.0,0.0,90.0,3400.0,261.4423828125,274.643310546875,280.80865478515625,284.8409729003906,288.5549011230469,5719.109375,3072.396240234375,1490.1220703125,786.765869140625,124.94444274902344,284.3509521484375,96.6182861328125,95.25950622558594,349.6310729980469,3370.0,0.0,0.0,5727.4609375,3074.16943359375,1494.46142578125,792.2064208984375,138.41552734375,262.226318359375,274.01318359375,280.73095703125,284.2215576171875,288.417724609375,31.030956268310547,74.55781555175781,93.22273254394531,98.5931167602539,-0.14844703674316406,1.225534439086914,0.4500436782836914,282.58636474609375,282.59326171875,101660.0625,91965.390625,0.75,12.958586692810059,62.0,0.0,7620.0,0.0,0.0,0.0,77.0,81.0,81.0,83.0,84.0,86.0,86.0,86.0,86.0,7.0,0.0,278.54998779296875,275.53997802734375,82.0,4.0,11.199999809265137,11.199999809265137
2024-09-27T04:58,2024-09-27T05:00,24,train,0,2024,9,4,23,2024-09-26T06:00,23,2024-09-26T06:00,23,2024-09-26T06:00,26,2024-09-26T03:00,24,2024-09-26T06:00,24,2024-09-26T05:00,-999.0,0.0,2.0,0.0,0.0,nan,1344.1805419921875,nan,86700.0,nan,5.91667366027832,261.4281005859375,273.717041015625,281.2476806640625,285.6156005859375,289.58447265625,5720.28076171875,3083.59423828125,1503.8104248046875,136.62527465820312,281.26922607421875,87.69999694824219,252.59120178222656,3341.869140625,14300.0,0.0,44.70000076293945,2241.7080078125,100.0,0.0,0.0,6.900000095367432,24134.849609375,1.6000000186977559e-06,0.0,255.9199981689453,268.1357116699219,278.42169189453125,282.5552062988281,287.77874755859375,5582.7119140625,2995.144287109375,1436.2506103515625,739.170166015625,85.34881591796875,287.3352966308594,76.30000305175781,91.0,1117.5032958984375,2240.47998046875,19999.912109375,47.0,0.0,0.0,0.0,260.79998779296875,274.5,282.29998779296875,284.0,288.20001220703125,5717.51513671875,3067.494384765625,1481.1976318359375,780.515380859375,124.31318664550781,281.3799743652344,99.69999694824219,100.0,535.6799926757812,3335.939697265625,0.00019999999494757503,3.4375,810.3291625976562,100.0,0.0,0.0,100.0,3900.0,260.4187927246094,272.78607177734375,281.1571350097656,284.7003173828125,288.6156005859375,5710.9716796875,3076.2646484375,1498.2132568359375,795.1375732421875,135.2234344482422,284.5500793457031,98.04013061523438,96.38607025146484,417.6754455566406,2975.41552734375,0.0,34.375,5725.109375,3074.642822265625,1492.932861328125,788.8688354492188,132.876708984375,262.4334411621094,273.6219177246094,281.49383544921875,285.0783386230469,289.44482421875,33.9874153137207,62.843231201171875,90.17932891845703,98.98008728027344,0.037078857421875,0.849212646484375,0.3183155059814453,281.35662841796875,281.34368896484375,101576.0,91931.8125,0.0,12.427590370178223,58.0,0.0,7620.0,0.0,0.0,209.0,78.0,79.0,79.0,81.0,87.0,71.0,76.0,79.0,92.0,14.0,0.0,278.8700256347656,276.2099914550781,83.0,3.0,10.399999618530273,10.5
2024-09-27T04:58,2024-09-27T05:00,48,train,0,2024,9,4,47,2024-09-25T06:00,47,2024-09-25T06:00,47,2024-09-25T06:00,50,2024-09-25T03:00,48,2024-09-25T06:00,36,2024-09-25T17:00,-999.0,0.0,82.0,0.0,0.0,nan,1344.2593994140625,nan,86700.0,nan,3.218371629714966,260.82708740234375,274.8914794921875,281.2325134277344,285.015380859375,289.0433654785156,5731.18505859375,3088.3798828125,1505.18408203125,137.69406127929688,281.969482421875,92.9000015258789,243.03952026367188,3523.0576171875,12600.0,0.0,58.97999954223633,6048.623046875,79.5999984741211,0.0,0.0,6.5,24135.232421875,1.920000067912042e-05,0.125,256.3861389160156,268.296630859375,277.8252868652344,282.52203369140625,287.34503173828125,5590.6630859375,3000.810546875,1442.4224853515625,746.22216796875,92.75262451171875,286.8386535644531,82.9000015258789,89.69999694824219,1142.347412109375,2316.0,5556.13232421875,55.0,29.0,0.0,24100.0,257.1000061035156,273.8999938964844,280.3999938964844,284.8999938964844,289.20001220703125,5660.3916015625,3047.154541015625,1463.817626953125,761.4772338867188,107.07371520996094,282.1000061035156,92.4000015258789,91.0,344.0,3169.0458984375,0.0,1.3125,796.831298828125,100.0,0.0,0.0,100.0,0.0,259.9222106933594,273.73870849609375,281.1546630859375,284.8731689453125,288.49896240234375,5709.08349609375,3078.844970703125,1497.5391845703125,793.6011352539062,133.616943359375,284.29205322265625,97.16648864746094,98.33177947998047,423.62152099609375,3222.3466796875,0.0,34.9375,5706.46484375,3070.40625,1485.0654296875,782.2175903320312,126.60595703125,260.7613830566406,273.7187805175781,281.4400939941406,284.73187255859375,289.26507568359375,44.375640869140625,65.40142822265625,92.17851257324219,97.91110229492188,0.15173721313476562,0.7892236709594727,0.2977638244628906,282.3709716796875,282.37322998046875,101523.0,91868.953125,0.0,12.770024299621582,77.0,0.0,7620.0,0.0,0.0,256.0,95.0,97.0,97.0,97.0,100.0,79.0,81.0,83.0,89.0,20.0,0.0,278.71002197265625,276.45001220703125,83.0,6.0,11.199999809265137,11.600000381469727
2024-11-11T00:58,2024-11-11T01:00,1,train,0,2024,11,0,1,2024-11-11T00:00,1,2024-11-11T00:00,1,2024-11-11T00:00,1,2024-11-11T00:00,0,2024-11-11T00:00,1,2024-11-11T00:00,-999.0,0.0,67.0,100.0,100.0,7924.9345703125,3008.17724609375,32400.0,70200.0,9651.8779296875,8.435124397277832,260.0378723144531,272.5660095214844,280.8634033203125,282.33612060546875,286.150146484375,5650.5048828125,3022.28955078125,1443.18017578125,90.62110900878906,278.0716247558594,50.29999923706055,133.75840759277344,2980.639892578125,39300.0,0.0,0.007000000216066837,1794.043212890625,100.0,0.0,5.0,0.0,24134.8515625,0.0,0.0,254.8779296875,271.62188720703125,277.4073486328125,283.2982482910156,285.6685485839844,5741.0390625,3143.0693359375,1579.78759765625,882.8209228515625,230.50238037109375,285.8390197753906,92.19999694824219,71.5,207.3359375,2870.8798828125,3268.189697265625,87.0,100.0,100.0,24100.0,261.3999938964844,272.1000061035156,281.0,282.29998779296875,286.5,5652.6142578125,3020.641845703125,1439.381103515625,744.950927734375,106.57220458984375,278.0,34.70000076293945,33.0,105.76000213623047,2882.080078125,0.0,0.0,3405.906982421875,0.0,100.0,100.0,0.0,51300.0,261.1839294433594,270.6084899902344,281.2877502441406,280.538330078125,283.85516357421875,5642.5771484375,3018.7607421875,1444.770263671875,749.661376953125,99.33926391601562,277.2178955078125,39.85206985473633,30.462909698486328,106.976318359375,2670.0,0.0,0.0,5658.03125,3035.51806640625,1455.088134765625,762.746337890625,119.11669921875,260.11474609375,272.35498046875,280.464111328125,279.9918212890625,284.21978759765625,53.18936538696289,21.392436981201172,26.093015670776367,37.65867233276367,0.2740821838378906,0.5364093780517578,0.3008890151977539,276.6108093261719,265.9619140625,101428.3125,91626.953125,0.0,12.181436538696289,87.0,0.0,7620.0,1768.0,1632.0,16274.0,5.0,6.0,10.0,25.0,52.0,5.0,5.0,5.0,7.0,0.0,0.0,274.0899963378906,262.239990234375,41.0,6.0,10.800000190734863,10.800000190734863
2024-10-15T18:49,2024-10-15T19:00,1,train,0,2024,10,18,1,2024-10-15T18:00,1,2024-10-15T18:00,1,2024-10-15T18:00,1,2024-10-15T18:00,0,2024-10-15T18:00,1,2024-10-15T18:00,-999.0,100.0,100.0,0.0,0.0,1342.552734375,1342.4072265625,84000.0,85200.0,1572.2664794921875,11.510204315185547,245.56295776367188,262.35906982421875,270.9693298339844,275.6776123046875,279.9403991699219,5385.6533203125,2875.990234375,1360.77587890625,47.78478240966797,270.9805603027344,99.0999984741211,354.87982177734375,973.0479125976562,100.0,0.0,0.004000000189989805,4160.00830078125,5.0,98.4000015258789,7.599999904632568,0.0,24134.9765625,0.0,0.0,260.88873291015625,277.03173828125,288.3890380859375,290.6490173339844,292.54901123046875,5703.447265625,3050.004150390625,1436.606201171875,716.1826782226562,48.3692512512207,291.85443115234375,82.69999694824219,78.5,407.2091064453125,3675.0400390625,20000.021484375,46.0,0.0,0.0,100.0,245.60000610351562,263.70001220703125,270.3999938964844,275.20001220703125,279.29998779296875,5389.21923828125,2876.218505859375,1358.4610595703125,681.5187377929688,41.18360137939453,272.3699951171875,98.80000305175781,100.0,823.2000122070312,1060.6339111328125,0.0010000000474974513,2.4375,1132.149169921875,100.0,0.0,0.0,100.0,16100.0,245.54641723632812,262.3943786621094,269.9455261230469,275.89410400390625,280.36553955078125,5385.1865234375,2875.138671875,1364.9888916015625,688.38330078125,52.246891021728516,275.4299011230469,86.02253723144531,80.8162612915039,858.1031494140625,980.0840454101562,0.0,0.0625,5391.96484375,2876.817138671875,1359.57861328125,679.8348388671875,42.27880859375,245.3246612548828,262.3352966308594,270.9945983886719,277.2132568359375,281.3531799316406,44.741851806640625,87.8082504272461,64.65359497070312,62.932411193847656,0.07934188842773438,0.8963794708251953,0.7070856094360352,276.90789794921875,271.3997497558594,100514.8125,90678.15625,0.125,5.728832721710205,81.0,0.0,7620.0,32.0,32.0,209.0,70.0,71.0,78.0,78.0,81.0,75.0,75.0,75.0,75.0,11.0,0.0,267.41998291015625,267.69000244140625,100.0,9.0,20.399999618530273,24.899999618530273
2024-10-15T18:49,2024-10-15T19:00,24,train,0,2024,10,18,25,2024-10-14T18:00,25,2024-10-14T18:00,25,2024-10-14T18:00,22,2024-10-14T21:00,24,2024-10-14T18:00,24,2024-10-14T19:00,-999.0,44.0,44.0,0.0,0.0,nan,1342.16650390625,nan,85200.0,nan,10.447031021118164,245.22364807128906,263.44842529296875,269.37255859375,274.3097839355469,278.5394287109375,5390.8564453125,2876.9765625,1365.7281494140625,54.900291442871094,269.3984375,96.5999984741211,330.4770202636719,733.5986328125,12200.0,0.0,5.0,3302.405029296875,99.5999984741211,95.30000305175781,5.0,0.0,24134.986328125,0.0,0.0,262.7406921386719,276.7928466796875,288.13433837890625,288.7655334472656,292.9755554199219,5715.26611328125,3053.478515625,1440.0380859375,720.675537109375,53.594966888427734,292.3027648925781,81.9000015258789,92.4000015258789,626.8903198242188,3584.9599609375,19999.955078125,40.0,0.0,0.0,0.0,245.5,263.3999938964844,269.79998779296875,274.6000061035156,278.70001220703125,5401.41796875,2884.322509765625,1364.833251953125,689.2711791992188,50.411537170410156,272.6400146484375,99.9000015258789,100.0,558.0800170898438,1102.0799560546875,0.00139999995008111,2.8125,929.528564453125,100.0,0.0,0.0,100.0,12100.0,245.21142578125,261.72601318359375,269.66265869140625,275.08685302734375,279.5476989746094,5384.44091796875,2875.6015625,1369.5592041015625,694.435546875,59.52960205078125,274.65118408203125,91.0,88.16372680664062,866.0160522460938,920.0633544921875,9.999999747378752e-06,0.4375,5396.07421875,2879.20703125,1363.75390625,685.4931640625,49.385986328125,245.4329071044922,263.36322021484375,270.4530944824219,276.5774230957031,280.65948486328125,22.603219985961914,89.51887512207031,67.39242553710938,65.17919921875,0.22832298278808594,1.1700782775878906,0.8581066131591797,276.26776123046875,271.2043151855469,100613.875,90730.3125,2.125,5.73009729385376,82.0,0.0,7620.0,0.0,0.0,256.0,96.0,96.0,100.0,100.0,100.0,69.0,69.0,70.0,72.0,12.0,0.0,267.239990234375,267.1299743652344,100.0,16.0,20.399999618530273,24.399999618530273
2024-10-15T18:49,2024-10-15T19:00,48,train,0,2024,10,18,43,2024-10-14T00:00,49,2024-10-13T18:00,49,2024-10-13T18:00,46,2024-10-13T21:00,48,2024-10-13T18:00,36,2024-10-14T07:00,-999.0,100.0,100.0,0.0,0.0,1342.3094482421875,1342.1844482421875,81100.0,84900.0,1874.453125,11.5827054977417,244.35928344726562,261.77093505859375,268.9683837890625,274.1318054199219,278.38519287109375,5348.8974609375,2847.29931640625,1342.474853515625,36.927696228027344,269.1758117675781,96.9000015258789,463.86126708984375,694.0653076171875,0.0,9.999999747378752e-05,13.989999771118164,4315.1259765625,5.0,58.400001525878906,96.5999984741211,0.0,24135.05078125,0.0,0.0,260.45001220703125,277.5555725097656,287.69317626953125,290.0550537109375,292.365966796875,5692.380859375,3038.9814453125,1429.23876953125,710.504638671875,43.431373596191406,291.58978271484375,85.5999984741211,82.5,446.2628479003906,3699.360107421875,19999.896484375,38.0,13.0,0.0,0.0,244.1999969482422,263.1000061035156,268.1000061035156,272.8999938964844,277.0,5361.921875,2860.70068359375,1347.353271484375,676.2757568359375,39.5755615234375,270.239990234375,98.30000305175781,100.0,454.55999755859375,733.9199829101562,0.0010999999940395355,1.875,931.8751220703125,100.0,0.0,0.0,100.0,13239.474609375,245.40975952148438,260.1627502441406,268.79669189453125,274.12786865234375,278.56024169921875,5343.38916015625,2842.73291015625,1341.71630859375,668.8567504882812,37.02197265625,273.33868408203125,92.25940704345703,88.06414794921875,810.9752197265625,766.4451904296875,0.0,27.25,5385.59765625,2871.622802734375,1356.0576171875,679.0155029296875,44.044677734375,245.45339965820312,262.73223876953125,269.95025634765625,276.0653991699219,280.1977233886719,30.55780792236328,95.45709228515625,70.0168685913086,67.86314392089844,0.3868255615234375,1.290863037109375,0.8207006454467773,275.8084716796875,271.3606872558594,100557.875,90665.3671875,2.375,5.846505641937256,87.0,0.0,7620.0,0.0,0.0,201.0,82.0,83.0,85.0,85.0,89.0,56.0,56.0,56.0,56.0,15.0,0.0,267.03997802734375,266.8999938964844,100.0,14.0,20.399999618530273,24.399999618530273
2024-11-11T00:58,2024-11-11T01:00,24,train,0,2024,11,0,25,2024-11-10T00:00,25,2024-11-10T00:00,25,2024-11-10T00:00,22,2024-11-10T03:00,24,2024-11-10T00:00,24,2024-11-10T01:00,-999.0,0.0,0.0,100.0,100.0,5310.5244140625,4167.978515625,28500.0,60700.0,11446.751953125,8.043285369873047,259.64752197265625,271.85137939453125,279.6614074707031,281.9793395996094,285.8612976074219,5646.32763671875,3035.10595703125,1461.5587158203125,111.68059539794922,277.0644836425781,28.0,143.65455627441406,2953.60009765625,67200.0,0.0,0.0,1325.245849609375,100.0,0.0,5.0,0.0,24134.82421875,3.2000000373955118e-06,0.0,255.14132690429688,271.2008056640625,277.2313537597656,283.39666748046875,286.4765930175781,5739.99169921875,3142.501220703125,1579.3797607421875,883.4902954101562,229.18544006347656,286.26531982421875,89.80000305175781,71.9000015258789,129.3257598876953,2812.0,3811.630126953125,53.0,100.0,100.0,24100.0,261.5,272.6000061035156,281.0,282.1000061035156,286.3999938964844,5643.3115234375,3024.16357421875,1444.3939208984375,750.6017456054688,114.0517349243164,276.3299865722656,46.099998474121094,29.0,258.3999938964844,2963.360107421875,0.0,0.0,4175.80859375,0.0,100.0,100.0,0.0,47500.0,259.4862365722656,272.414306640625,279.8683166503906,280.4823303222656,283.8538513183594,5653.99951171875,3037.109619140625,1459.855224609375,766.4166259765625,114.75642395019531,277.45703125,42.49153137207031,31.27421760559082,207.75430297851562,2950.0,0.0,0.0,5663.9765625,3040.906982421875,1456.2265625,761.512451171875,116.42431640625,260.2392578125,273.016845703125,281.2904052734375,280.6612548828125,284.8678894042969,44.385135650634766,11.96367359161377,30.293140411376953,47.036556243896484,0.5064544677734375,0.06622314453125,0.1710376739501953,277.1861572265625,266.2282409667969,101381.75,91615.921875,0.0,11.574287414550781,89.0,0.0,7620.0,32.0,32.0,402.0,18.0,20.0,23.0,33.0,48.0,44.0,44.0,44.0,44.0,0.0,0.0,273.80999755859375,261.6199951171875,40.0,2.0,10.800000190734863,10.300000190734863
2024-11-11T00:58,2024-11-11T01:00,48,train,0,2024,11,0,43,2024-11-09T06:00,49,2024-11-09T00:00,49,2024-11-09T00:00,46,2024-11-09T03:00,48,2024-11-09T00:00,36,2024-11-09T13:00,-999.0,0.0,0.0,100.0,100.0,4756.2529296875,4893.75341796875,26800.0,55400.0,11320.5712890625,9.688258171081543,259.1435241699219,274.00665283203125,280.5279846191406,282.6380615234375,286.467529296875,5665.5244140625,3042.0830078125,1462.215576171875,107.092041015625,277.1256408691406,31.600000381469727,147.31243896484375,3222.8798828125,61600.0,0.0,0.019999999552965164,15895.5830078125,29.899999618530273,5.0,5.0,0.0,24135.115234375,0.0,0.0,254.92388916015625,271.16876220703125,277.9569091796875,283.5469055175781,286.52557373046875,5732.67724609375,3138.791015625,1574.7076416015625,877.8240966796875,223.74391174316406,286.2467346191406,93.0999984741211,73.30000305175781,115.58440399169922,2792.320068359375,3532.1611328125,15.0,100.0,100.0,24100.0,258.6000061035156,272.29998779296875,283.79998779296875,286.3999938964844,290.70001220703125,5653.15185546875,3022.3564453125,1440.644287109375,736.9799194335938,103.59757995605469,281.8299865722656,9.800000190734863,4.0,71.12000274658203,2902.239990234375,0.0,0.0,4344.15771484375,29.0,100.0,100.0,0.0,51700.0,260.2738037109375,271.3814697265625,281.37548828125,281.253173828125,284.3339538574219,5663.13525390625,3040.404296875,1464.4608154296875,767.7789306640625,116.66288757324219,278.10498046875,39.0,29.042377471923828,146.4539337158203,2780.0,0.0,0.0,5665.59375,3041.309326171875,1456.526611328125,763.02001953125,118.693115234375,260.0115661621094,273.8729248046875,280.73870849609375,280.3541259765625,284.52593994140625,36.80508041381836,10.389801025390625,31.214811325073242,46.82197952270508,-0.05012989044189453,0.3768596649169922,0.2258014678955078,276.31597900390625,265.61151123046875,101407.625,91644.3125,0.0,10.103676795959473,82.0,0.0,7620.0,1064.0,1064.0,201.0,5.0,8.0,12.0,26.0,47.0,52.0,52.0,52.0,53.0,0.0,0.0,273.7599792480469,260.54998779296875,36.0,3.0,10.0,9.899999618530273
2024-11-24T22:52,2024-11-24T23:00,1,train,0,2024,11,22,1,2024-11-24T22:00,5,2024-11-24T18:00,5,2024-11-24T18:00,1,2024-11-24T22:00,0,2024-11-25T00:00,1,2024-11-24T22:00,-999.0,100.0,100.0,0.0,0.0,1341.7314453125,1341.6502685546875,82300.0,84700.0,1702.64990234375,17.022872924804688,246.010498046875,261.67681884765625,265.3030090332031,270.3996887207031,274.51190185546875,5328.98876953125,2823.182373046875,1327.2208251953125,36.5008544921875,264.76397705078125,92.0999984741211,392.356201171875,22.719999313354492,100.0,0.0,0.07999999821186066,3473.584228515625,100.0,100.0,100.0,0.0,24135.08984375,0.0,0.0,257.6400146484375,274.0705261230469,288.0284118652344,292.90655517578125,287.9739990234375,5698.3623046875,3087.23193359375,1484.4049072265625,762.3970947265625,99.49406433105469,287.5224914550781,69.80000305175781,27.100000381469727,383.8186950683594,3173.280029296875,1195.5826416015625,74.0,20.0,0.0,100.0,246.0,262.3999938964844,265.1000061035156,269.6000061035156,273.70001220703125,5338.068359375,2817.237060546875,1322.59326171875,659.8048095703125,35.2641716003418,267.69000244140625,98.0999984741211,100.0,804.0800170898438,340.9599914550781,0.0027000000700354576,11.0625,1037.0731201171875,100.0,4.0,0.0,100.0,15400.0,245.80552673339844,259.35455322265625,264.9589538574219,270.6598815917969,274.947509765625,5327.923828125,2833.3525390625,1343.7989501953125,680.2017822265625,53.69548034667969,269.80084228515625,86.0,81.95258331298828,766.1160888671875,240.0,0.0,0.0625,5358.6015625,2831.80517578125,1332.078125,668.4795532226562,46.663818359375,247.63893127441406,262.47052001953125,265.3065185546875,270.41571044921875,274.492431640625,69.90316009521484,94.68202209472656,81.36357879638672,79.47034454345703,2.942983627319336,2.1102094650268555,0.9272480010986328,268.98284912109375,267.08624267578125,100554.1875,90469.6875,,7.015730381011963,92.0,0.0,7620.0,0.0,0.0,256.0,57.0,82.0,100.0,100.0,100.0,72.0,72.0,73.0,73.0,7.0,0.0,262.28997802734375,261.05999755859375,93.0,13.0,42.79999923706055,48.900001525878906
2024-11-24T22:52,2024-11-24T23:00,24,train,0,2024,11,22,23,2024-11-24T00:00,23,2024-11-24T00:00,23,2024-11-24T00:00,26,2024-11-23T21:00,24,2024-11-24T00:00,24,2024-11-23T23:00,-999.0,100.0,100.0,0.0,0.0,1341.575927734375,1341.4736328125,80800.0,84600.0,1863.751953125,17.57210350036621,247.73114013671875,263.6424560546875,264.9120178222656,268.93878173828125,273.0551452636719,5343.5029296875,2818.74169921875,1315.243896484375,22.677658081054688,263.8089904785156,90.5,390.4442138671875,0.0,0.0,9.999999747378752e-05,5.909999847412109,4910.27099609375,69.0,100.0,100.0,0.0,24135.1875,0.0,0.0,258.6126708984375,272.4891357421875,286.9786376953125,292.3686218261719,287.5574035644531,5690.22119140625,3074.319580078125,1480.145751953125,759.72607421875,97.34148406982422,287.0607604980469,64.9000015258789,29.600000381469727,343.75726318359375,3008.639892578125,1195.615478515625,69.0,14.0,0.0,0.0,248.1999969482422,265.79998779296875,264.1000061035156,268.70001220703125,272.70001220703125,5352.169921875,2813.67236328125,1305.4183349609375,644.9931640625,22.817203521728516,266.3399963378906,100.0,100.0,542.3200073242188,133.60000610351562,0.002300000051036477,10.25,892.1564331054688,100.0,37.0,2.0,100.0,5002.95703125,247.60113525390625,263.1654357910156,264.0946044921875,268.83856201171875,273.1339111328125,5344.78857421875,2822.1669921875,1321.5506591796875,661.5833129882812,32.280120849609375,267.7752685546875,93.0,90.58773040771484,574.7630615234375,0.0,1.9999999494757503e-05,3.5625,5360.0390625,2832.684326171875,1329.45751953125,666.9588623046875,46.516357421875,246.72694396972656,263.55975341796875,265.02655029296875,269.795654296875,273.87139892578125,63.97679901123047,95.60900115966797,85.3926010131836,82.80876922607422,3.162144660949707,2.0607175827026367,0.6312026977539062,268.3846435546875,266.95147705078125,100554.1875,90437.0859375,,6.903188228607178,90.0,0.0,7620.0,0.0,0.0,0.0,92.0,95.0,95.0,95.0,96.0,73.0,74.0,75.0,81.0,4.0,0.0,262.53997802734375,261.0899963378906,89.0,21.0,42.0,48.20000076293945
2024-11-24T22:52,2024-11-24T23:00,48,train,0,2024,11,22,47,2024-11-23T00:00,47,2024-11-23T00:00,47,2024-11-23T00:00,50,2024-11-22T21:00,48,2024-11-23T00:00,36,2024-11-23T11:00,-999.0,100.0,100.0,52.0,0.0,1341.6510009765625,1341.4271240234375,82700.0,85100.0,1699.62841796875,15.136399269104004,246.53506469726562,263.2906188964844,265.9989929199219,268.7490539550781,272.8619079589844,5370.1435546875,2857.55908203125,1349.086181640625,54.137908935546875,263.9647521972656,91.5,333.6246337890625,0.0,0.0,0.0,26.709999084472656,2941.886962890625,100.0,100.0,100.0,0.0,24135.3046875,8.000000093488779e-07,0.0,257.204833984375,272.1206359863281,285.1187744140625,290.9836730957031,287.4970703125,5692.51318359375,3079.9091796875,1490.8154296875,774.1863403320312,112.162109375,287.1761474609375,79.19999694824219,35.20000076293945,289.7886962890625,2894.719970703125,1195.5416259765625,68.0,0.0,0.0,0.0,249.3000030517578,267.29998779296875,263.20001220703125,267.8999938964844,271.8999938964844,5395.3935546875,2845.766357421875,1324.2952880859375,666.00341796875,44.132408142089844,265.1000061035156,97.9000015258789,100.0,317.8399963378906,0.0,0.0015999999595806003,6.75,824.6477661132812,100.0,0.0,0.0,100.0,3288.674072265625,246.9752960205078,263.591552734375,264.98126220703125,268.4564514160156,272.83489990234375,5379.91015625,2863.24560546875,1356.3072509765625,696.2357788085938,67.3135986328125,267.64093017578125,93.0,94.92797088623047,478.8763427734375,10.0,9.999999747378752e-06,13.3125,5371.72265625,2844.090087890625,1338.489990234375,675.05029296875,53.654541015625,246.9148712158203,264.55633544921875,265.3396911621094,270.18182373046875,274.24700927734375,53.76482391357422,94.7628402709961,84.2333984375,82.01972198486328,3.2309036254882812,1.900986671447754,0.6578187942504883,268.83685302734375,267.20916748046875,100646.125,90539.484375,,6.5697150230407715,88.0,0.0,7620.0,32.0,32.0,256.0,76.0,78.0,82.0,82.0,83.0,64.0,64.0,64.0,66.0,2.0,0.0,262.95001220703125,261.58001708984375,89.0,24.0,41.599998474121094,47.29999923706055
2024-12-12T08:53,2024-12-12T09:00,24,train,0,2024,12,8,21,2024-12-11T12:00,21,2024-12-11T12:00,21,2024-12-11T12:00,24,2024-12-11T09:00,21,2024-12-11T12:00,24,2024-12-11T09:00,-999.0,100.0,100.0,0.0,0.0,1341.9263916015625,1341.8935546875,81900.0,84300.0,1705.694580078125,13.122389793395996,257.060791015625,263.4731140136719,267.7547607421875,272.0970153808594,276.1660461425781,5372.31640625,2797.5146484375,1288.70166015625,-14.66015625,266.7528076171875,94.30000305175781,379.153076171875,320.1600036621094,0.0,0.0,95.31999969482422,1383.5833740234375,100.0,0.0,14.300000190734863,0.0,24135.107421875,0.0,0.0,246.33853149414062,265.5917053222656,272.36541748046875,278.0123291015625,278.7914123535156,5575.58642578125,3055.162109375,1519.2662353515625,836.9503784179688,199.21502685546875,279.3548583984375,74.5,74.0999984741211,167.90855407714844,1373.9200439453125,20000.0234375,33.0,0.0,0.0,0.0,257.79998779296875,265.29998779296875,265.20001220703125,269.79998779296875,273.79998779296875,5391.35107421875,2805.62255859375,1294.300048828125,631.1743774414062,3.9710781574249268,266.94000244140625,98.0999984741211,100.0,657.52001953125,226.39999389648438,0.0006000000284984708,8.625,852.9278564453125,100.0,0.0,0.0,100.0,6400.0,257.1427917480469,262.6509704589844,266.206298828125,271.15484619140625,275.3961181640625,5386.0302734375,2807.978515625,1306.82666015625,641.0592651367188,9.534378051757812,269.98284912109375,94.55307006835938,90.3544692993164,669.6931762695312,270.0,9.999999747378752e-06,68.8125,5383.26171875,2804.614990234375,1293.50634765625,624.201171875,-2.740234375,256.84051513671875,263.61431884765625,267.4266357421875,272.6235656738281,276.6766662597656,45.04621124267578,88.0050277709961,83.64464569091797,82.70439910888672,0.6447296142578125,3.2743148803710938,1.2514533996582031,271.2439270019531,269.21722412109375,99962.9375,90009.671875,,4.751669883728027,78.0,0.0,7620.0,32.0,32.0,256.0,58.0,61.0,64.0,64.0,64.0,75.0,81.0,82.0,86.0,7.0,0.0,266.0199890136719,265.1100158691406,94.0,22.0,36.400001525878906,39.900001525878906
2024-12-12T08:53,2024-12-12T09:00,1,train,0,2024,12,8,1,2024-12-12T08:00,3,2024-12-12T06:00,3,2024-12-12T06:00,1,2024-12-12T08:00,3,2024-12-12T06:00,1,2024-12-12T08:00,-999.0,100.0,100.0,0.0,0.0,1342.103271484375,1341.9837646484375,83200.0,84500.0,1568.4722900390625,15.732014656066895,256.68682861328125,264.7158203125,268.73748779296875,272.1499328613281,276.210693359375,5385.7314453125,2816.2578125,1299.38916015625,-8.5625,267.2226867675781,94.19999694824219,360.5606689453125,396.0799865722656,100.0,0.0003000000142492354,0.27000001072883606,20000.00390625,5.0,0.0,0.30000001192092896,0.0,24135.025390625,0.0,0.0,246.24618530273438,265.4982604980469,273.7597351074219,278.0671081542969,278.1103820800781,5578.54638671875,3058.793212890625,1521.3319091796875,836.3943481445312,198.65968322753906,278.5710754394531,82.5,78.19999694824219,182.0645751953125,1666.719970703125,1195.5408935546875,70.0,0.0,0.0,0.0,257.70001220703125,265.8999938964844,266.79998779296875,271.3999938964844,275.5,5386.7744140625,2814.698974609375,1296.808349609375,629.4500732421875,1.1333280801773071,268.8500061035156,98.69999694824219,100.0,600.9600219726562,519.3599853515625,0.0015999999595806003,10.25,833.7545776367188,100.0,0.0,0.0,100.0,3200.0,257.4322814941406,263.50274658203125,267.8502197265625,272.166748046875,276.3900451660156,5388.1494140625,2818.7958984375,1307.351318359375,637.9882202148438,2.5364227294921875,270.95574951171875,97.09070587158203,93.09329986572266,563.2659912109375,420.0,1.9999999494757503e-05,0.125,5385.78515625,2810.83642578125,1296.04296875,626.7119140625,0.171875,256.38916015625,264.3331298828125,267.54669189453125,272.55914306640625,276.58209228515625,83.56434631347656,83.1202621459961,84.66490173339844,84.32563781738281,0.5390872955322266,3.990306854248047,1.4465656280517578,271.0672607421875,269.52276611328125,100011.875,90043.71875,,5.877723693847656,81.0,0.0,7620.0,0.0,0.0,0.0,72.0,95.0,98.0,98.0,98.0,78.0,79.0,82.0,90.0,6.0,0.0,265.92999267578125,265.08001708984375,96.0,33.0,37.599998474121094,41.0
2024-12-12T08:53,2024-12-12T09:00,48,train,0,2024,12,8,45,2024-12-10T12:00,45,2024-12-10T12:00,45,2024-12-10T12:00,48,2024-12-10T09:00,45,2024-12-10T12:00,45,2024-12-10T12:00,-999.0,100.0,100.0,0.0,0.0,1342.1173095703125,1341.94580078125,82100.0,84500.0,1707.3629150390625,11.730103492736816,256.0697021484375,262.8455810546875,268.3005065917969,272.6575622558594,276.75457763671875,5379.42822265625,2809.5458984375,1300.242919921875,-4.3702239990234375,267.57818603515625,95.0,371.1073303222656,449.44000244140625,0.0,0.0,103.8499984741211,1325.974609375,77.30000305175781,14.600000381469727,4.0,15.699999809265137,24134.80859375,0.0,0.0,246.0959014892578,265.0741882324219,273.24530029296875,276.5926818847656,278.85809326171875,5560.30126953125,3042.328857421875,1506.94189453125,825.9503173828125,190.87025451660156,279.2935791015625,89.5,88.19999694824219,339.42999267578125,1563.0400390625,1195.8724365234375,53.0,0.0,0.0,0.0,256.79998779296875,264.20001220703125,266.6000061035156,271.20001220703125,275.20001220703125,5382.62646484375,2801.154052734375,1287.2049560546875,620.4630737304688,-7.306624889373779,268.80999755859375,98.4000015258789,100.0,496.1600036621094,513.5999755859375,0.0017000000225380063,9.625,nan,90.0,0.0,0.0,84.0,15000.0,255.61000061035156,261.60430908203125,266.88665771484375,271.87890625,276.047607421875,5388.51123046875,2821.416748046875,1320.8548583984375,653.2655029296875,21.822921752929688,270.456298828125,87.53901672363281,83.22199249267578,540.4810791015625,350.0,0.0,42.6875,5378.64453125,2802.269287109375,1294.64208984375,623.854736328125,-4.404541015625,257.6290588378906,262.14935302734375,267.996826171875,273.2108154296875,277.24554443359375,79.8735122680664,89.2416000366211,83.808349609375,82.76732635498047,0.33278369903564453,3.2144012451171875,1.2623624801635742,271.81842041015625,269.9362487792969,99946.4375,90016.390625,,5.469528675079346,75.0,,,104.0,24.0,9856.0,91.0,91.0,,92.0,,52.0,,52.0,52.0,5.0,0.0,266.8800048828125,265.79998779296875,93.0,3.0480000972747803,32.400001525878906,35.599998474121094
2024-12-30T16:53,2024-12-30T17:00,1,holdout_webcam,0,2024,12,16,1,2024-12-30T16:00,5,2024-12-30T12:00,5,2024-12-30T12:00,1,2024-12-30T16:00,0,2024-12-30T18:00,1,2024-12-30T16:00,2423.0,100.0,100.0,100.0,100.0,1343.5087890625,1343.423095703125,25200.0,85100.0,11015.6142578125,8.238370895385742,254.0644073486328,270.13983154296875,278.282470703125,281.23358154296875,285.38214111328125,5487.71533203125,2904.2978515625,1341.0965576171875,-5.95684814453125,276.56512451171875,96.5,403.81103515625,2278.320068359375,100.0,0.0010999999940395355,0.7990000247955322,19999.896484375,0.0,0.0,0.0,0.0,24134.896484375,0.0,0.0,251.94000244140625,269.29827880859375,278.7879943847656,280.3985290527344,279.4543151855469,5698.2421875,3135.243408203125,1575.3836669921875,881.8400268554688,242.51380920410156,278.0430908203125,77.5,32.70000076293945,10.15847396850586,2550.56005859375,1196.3980712890625,80.0,59.0,99.0,100.0,253.39999389648438,271.1000061035156,275.29998779296875,279.1000061035156,283.29998779296875,5486.6767578125,2898.5830078125,1332.43994140625,644.7689208984375,4.173327922821045,275.3800048828125,100.0,100.0,468.4800109863281,2437.760009765625,0.0017999999690800905,14.25,925.5979614257812,88.0,100.0,100.0,85.0,5500.0,253.93218994140625,270.3719177246094,278.8299865722656,281.04302978515625,284.84393310546875,5476.5751953125,2895.821044921875,1332.2476806640625,636.3453369140625,-15.305908203125,279.4486389160156,95.09358215332031,97.00922393798828,274.39056396484375,2350.0,9.999999747378752e-05,0.25,5452.4921875,2881.07666015625,1319.931396484375,625.35205078125,-19.802490234375,252.24884033203125,269.18389892578125,278.67608642578125,280.70562744140625,284.81903076171875,89.72638702392578,96.48802185058594,96.08966064453125,94.48056030273438,-0.7332849502563477,-0.0624542236328125,-0.06848621368408203,277.73394775390625,277.676025390625,99786.3125,90126.84375,,15.13465690612793,94.0,0.0,7620.0,0.0,0.0,256.0,100.0,100.0,100.0,100.0,100.0,97.0,98.0,100.0,100.0,15.0,0.0,274.1399841308594,272.739990234375,91.0,77.0,12.399999618530273,14.100000381469727
2024-12-30T16:53,2024-12-30T17:00,24,holdout_webcam,0,2024,12,16,23,2024-12-29T18:00,23,2024-12-29T18:00,23,2024-12-29T18:00,26,2024-12-29T15:00,24,2024-12-29T18:00,24,2024-12-29T17:00,1996.199951171875,100.0,100.0,100.0,100.0,1343.5723876953125,1343.550048828125,32300.0,85100.0,9264.2802734375,7.0592265129089355,255.40304565429688,269.5380554199219,278.02862548828125,281.43603515625,285.5269775390625,5483.98876953125,2906.993896484375,1345.55859375,-1.64056396484375,276.6239013671875,96.30000305175781,465.6131286621094,2222.0,0.0,0.0006000000284984708,45.66999816894531,19999.865234375,0.0,0.0,0.0,0.0,24134.966796875,0.0,0.0,251.9853973388672,269.19219970703125,278.7103271484375,280.346435546875,280.19561767578125,5695.77734375,3133.355712890625,1573.7882080078125,880.5429077148438,240.45631408691406,278.474365234375,71.19999694824219,30.200000762939453,10.14484691619873,2554.239990234375,1196.3251953125,57.0,87.0,67.0,0.0,255.3000030517578,271.5,275.79998779296875,279.8999938964844,284.1000061035156,5492.44287109375,2897.329833984375,1327.934326171875,638.2357788085938,-3.7758984565734863,276.1400146484375,100.0,100.0,942.4000244140625,2728.0,0.0010999999940395355,20.1875,3907.001220703125,70.0,83.0,100.0,55.0,3100.0,254.60153198242188,270.62286376953125,278.4476318359375,281.3851013183594,285.1023864746094,5484.8330078125,2894.269775390625,1331.910888671875,635.81787109375,-18.229080200195312,279.98590087890625,92.43353271484375,94.45381164550781,317.6742248535156,2280.0,0.0006900000153109431,24.1875,5454.68359375,2891.36962890625,1331.442138671875,638.9635009765625,-5.3857421875,250.86669921875,269.359375,277.6063537597656,280.3041687011719,284.33685302734375,67.00470733642578,95.27225494384766,96.32157897949219,94.29621124267578,1.226175308227539,1.1389198303222656,0.06613445281982422,277.56134033203125,277.35345458984375,99946.5625,90271.234375,,14.06417465209961,96.0,0.0,7620.0,28.0,32.0,209.0,93.0,97.0,97.0,97.0,97.0,98.0,100.0,100.0,100.0,3.0,0.0,273.9700012207031,272.9700012207031,94.0,91.0,16.399999618530273,19.0
2024-12-30T16:53,2024-12-30T17:00,48,holdout_webcam,0,2024,12,16,47,2024-12-28T18:00,47,2024-12-28T18:00,47,2024-12-28T18:00,50,2024-12-28T15:00,48,2024-12-28T18:00,36,2024-12-29T05:00,2698.199951171875,100.0,100.0,100.0,100.0,1343.5244140625,1343.5440673828125,25200.0,85000.0,10997.890625,9.04574203491211,255.66946411132812,270.972412109375,278.58612060546875,281.8702392578125,286.0076904296875,5501.8720703125,2900.96728515625,1335.9288330078125,-14.92242431640625,276.86761474609375,96.69999694824219,381.7366027832031,2311.360107421875,0.0,0.0007999999797903001,49.97999954223633,19999.83984375,0.0,0.0,0.0,0.0,24134.98828125,0.0,0.0,251.56378173828125,269.4482116699219,278.8206787109375,280.7346496582031,280.5714416503906,5695.24951171875,3133.50341796875,1573.55419921875,879.7394409179688,238.54225158691406,278.9234619140625,76.0999984741211,30.700000762939453,10.249765396118164,2573.760009765625,1196.1182861328125,77.0,97.0,97.0,500.0,255.8000030517578,272.1000061035156,276.70001220703125,280.0,284.20001220703125,5512.78466796875,2910.858154296875,1340.5855712890625,650.389404296875,7.337304592132568,276.1300048828125,100.0,100.0,762.47998046875,2806.719970703125,0.0024999999441206455,21.8125,2807.357421875,77.0,91.0,100.0,77.0,6600.0,255.6561279296875,271.1325988769531,279.6048889160156,281.89215087890625,285.7211608886719,5497.833984375,2901.4541015625,1332.0772705078125,634.2199096679688,-17.938919067382812,279.98236083984375,91.84584045410156,95.46450805664062,280.6861572265625,2540.0,0.00013000000035390258,18.875,5516.8984375,2910.497802734375,1339.49267578125,646.6407470703125,2.87158203125,256.0372314453125,271.6204833984375,278.5571594238281,280.09454345703125,284.2080383300781,96.4891128540039,97.00689697265625,97.4306869506836,96.65133666992188,-0.5575628280639648,-0.19936656951904297,-0.4608774185180664,277.6380615234375,277.39239501953125,100057.5,90375.59375,,20.525177001953125,97.0,0.0,7620.0,33.0,32.0,256.0,100.0,100.0,100.0,100.0,100.0,93.0,93.0,93.0,93.0,4.0,0.0,274.0199890136719,273.0099792480469,94.0,81.0,16.799999237060547,18.700000762939453
2025-01-16T21:53,2025-01-16T22:00,24,train,0,2025,1,21,22,2025-01-16T00:00,22,2025-01-16T00:00,22,2025-01-16T00:00,25,2025-01-15T21:00,21,2025-01-16T00:00,24,2025-01-15T22:00,-999.0,0.0,49.0,100.0,98.0,5005.578125,1340.728515625,nan,85000.0,7604.599609375,2.8198256492614746,241.28680419921875,253.05038452148438,259.2568359375,264.3365173339844,268.33416748046875,5230.06640625,2788.676025390625,1335.542236328125,73.782958984375,258.27569580078125,76.9000015258789,210.05125427246094,0.0,15600.0,0.0,0.1899999976158142,20000.25390625,0.0,0.0,0.0,0.0,24135.326171875,0.0,0.0,250.4584197998047,264.432861328125,274.2445983886719,276.2749938964844,276.9159851074219,5641.4794921875,3102.874755859375,1570.714599609375,887.3101196289062,253.51820373535156,274.4429931640625,91.30000305175781,66.30000305175781,73.69198608398438,1745.43994140625,4175.3076171875,8.0,65.0,0.0,24100.0,241.39999389648438,254.3000030517578,259.29998779296875,263.29998779296875,267.20001220703125,5235.4091796875,2790.532470703125,1329.6514892578125,682.7477416992188,75.70820617675781,259.7699890136719,90.30000305175781,88.0,64.72000122070312,0.0,0.0,0.0,1822.0025634765625,100.0,100.0,19.0,97.0,18000.0,241.70242309570312,253.27914428710938,258.5773620605469,264.1091003417969,268.2691650390625,5230.63916015625,2789.494140625,1334.408447265625,687.4500732421875,75.7900619506836,263.5379638671875,80.0,80.41098022460938,747.3543090820312,0.0,0.0,0.125,5237.6875,2789.339599609375,1333.77978515625,684.220947265625,74.781005859375,241.49497985839844,253.70755004882812,259.1019287109375,265.08544921875,269.0602722167969,53.92655944824219,90.74983215332031,61.624576568603516,62.487457275390625,0.1817798614501953,-0.4210243225097656,-0.37311649322509766,263.864501953125,258.0657043457031,100968.0,90655.59375,,3.1484365463256836,90.0,0.0,7620.0,32.0,32.0,209.0,61.0,61.0,61.0,62.0,69.0,53.0,53.0,53.0,53.0,0.0,0.0,256.95001220703125,254.75,84.0,1.0,4.800000190734863,4.599999904632568
2025-01-16T21:53,2025-01-16T22:00,48,train,0,2025,1,21,46,2025-01-15T00:00,46,2025-01-15T00:00,46,2025-01-15T00:00,49,2025-01-14T21:00,45,2025-01-15T00:00,36,2025-01-15T10:00,-999.0,0.0,3.0,0.0,0.0,nan,1340.537841796875,nan,85100.0,nan,3.876262903213501,243.78814697265625,254.70718383789062,257.4901123046875,262.1533203125,266.0623474121094,5252.10302734375,2791.57177734375,1341.71826171875,82.66142272949219,256.1870422363281,72.5999984741211,135.82643127441406,0.0,17500.0,0.0,1.7000000476837158,19999.935546875,0.0,0.0,0.0,0.0,24135.150390625,0.0,0.0,249.0727996826172,263.7559509277344,274.4312744140625,276.80419921875,276.8322448730469,5627.71923828125,3101.96240234375,1572.819580078125,888.4889526367188,255.60797119140625,275.183349609375,93.80000305175781,64.30000305175781,183.3968963623047,1738.4000244140625,19999.84375,12.0,47.0,23.0,24100.0,241.5,254.6999969482422,259.3999938964844,263.3999938964844,267.3999938964844,5235.82861328125,2789.073486328125,1328.2174072265625,680.98486328125,75.42373657226562,259.1099853515625,95.0999984741211,89.0,32.15999984741211,0.0,0.0,0.0,nan,100.0,0.0,11.0,100.0,17800.0,244.2872314453125,254.81349182128906,257.073974609375,262.2745361328125,266.4016418457031,5249.09765625,2787.748779296875,1339.7615966796875,696.7978515625,84.26663970947266,261.264892578125,80.23907470703125,78.7289047241211,552.836669921875,0.0,0.0,1.375,5244.48046875,2789.955810546875,1334.79345703125,687.798828125,81.515869140625,242.19773864746094,254.1715087890625,258.45794677734375,263.7201843261719,267.5899353027344,47.187347412109375,87.24504089355469,65.57816314697266,67.75904083251953,0.18516063690185547,-0.26981067657470703,-0.32660961151123047,261.93548583984375,257.52264404296875,101059.8125,90691.625,,3.0555286407470703,86.0,0.0,7620.0,32.0,32.0,201.0,56.0,56.0,56.0,56.0,60.0,45.0,45.0,45.0,45.0,0.0,0.0,256.6000061035156,254.47000122070312,82.0,1.0,4.0,4.199999809265137
2025-01-16T21:53,2025-01-16T22:00,1,train,0,2025,1,21,1,2025-01-16T21:00,4,2025-01-16T18:00,4,2025-01-16T18:00,1,2025-01-16T21:00,3,2025-01-16T18:00,1,2025-01-16T21:00,-999.0,0.0,59.0,100.0,0.0,nan,1340.7203369140625,nan,84900.0,nan,3.173570156097412,241.37551879882812,253.220703125,259.1525573730469,263.90185546875,267.89788818359375,5229.1826171875,2784.984375,1329.77880859375,69.21271514892578,258.2254638671875,79.19999694824219,188.47354125976562,0.0,15800.0,0.0,0.0,19999.673828125,0.0,0.0,0.0,0.0,24135.123046875,0.0,0.0,250.9242706298828,263.8217468261719,273.9984130859375,276.8390197753906,276.6489562988281,5643.70947265625,3103.27001953125,1573.3941650390625,889.5535888671875,255.37039184570312,274.2203369140625,92.5999984741211,62.0,46.23887634277344,1692.0,20000.099609375,43.0,38.0,1.0,19400.0,241.5,253.6999969482422,259.20001220703125,263.6000061035156,267.5,5232.48193359375,2783.695556640625,1329.4395751953125,681.9172973632812,74.31367492675781,260.3900146484375,94.80000305175781,97.0,64.80000305175781,0.0,0.0,0.0,nan,63.0,100.0,0.0,63.0,23200.0,241.02439880371094,253.5572509765625,258.4700927734375,263.91119384765625,268.1697998046875,5237.2099609375,2793.85400390625,1339.194091796875,692.7964477539062,80.41149139404297,262.0948791503906,70.09259033203125,69.1294937133789,761.03466796875,0.0,0.0,0.0,5238.00390625,2788.93994140625,1333.1640625,685.2484130859375,76.929931640625,241.3389434814453,253.9415740966797,258.5831298828125,264.4642333984375,268.4808349609375,55.06946563720703,97.242919921875,66.59158325195312,65.74424743652344,0.15258502960205078,-0.2523460388183594,-0.25541210174560547,263.416015625,258.2829284667969,101006.0,90669.8125,,3.266514301300049,78.0,0.0,7620.0,0.0,0.0,16274.0,41.0,46.0,49.0,49.0,58.0,14.0,14.0,14.0,14.0,0.0,0.0,256.17999267578125,254.37997436523438,86.0,0.0,5.599999904632568,5.400000095367432
2025-01-31T14:53,2025-01-31T15:00,1,train,0,2025,1,14,1,2025-01-31T14:00,3,2025-01-31T12:00,3,2025-01-31T12:00,1,2025-01-31T14:00,3,2025-01-31T12:00,1,2025-01-31T14:00,-999.0,0.0,3.0,100.0,11.0,nan,1341.728759765625,nan,85500.0,nan,10.938179016113281,251.46014404296875,264.5440979003906,269.5092468261719,272.1535949707031,275.99029541015625,5443.63134765625,2909.75830078125,1386.7685546875,82.66800689697266,268.05340576171875,82.9000015258789,313.7944030761719,524.0,17200.0,0.0,0.0,20000.181640625,5.0,0.0,0.0,4.800000190734863,24134.82421875,0.0,0.0,250.3559112548828,265.62353515625,271.137451171875,274.9447937011719,281.1047058105469,5624.24951171875,3076.96484375,1550.080078125,875.1361694335938,239.56661987304688,282.58660888671875,48.70000076293945,67.19999694824219,1163.22119140625,1062.4000244140625,20000.021484375,2.0,37.0,6.0,24100.0,252.8000030517578,264.70001220703125,266.29998779296875,270.1000061035156,274.20001220703125,5444.6455078125,2903.75634765625,1380.03466796875,715.7463989257812,93.23503112792969,268.05999755859375,83.4000015258789,90.0,365.44000244140625,397.760009765625,0.0,0.0625,9433.0361328125,18.0,9.0,46.0,2.0,23100.0,251.3914031982422,264.4888610839844,268.1448059082031,270.56097412109375,273.7419738769531,5444.39697265625,2912.508056640625,1392.7225341796875,725.72412109375,95.85723876953125,271.0433349609375,72.27133178710938,67.32740020751953,425.3172607421875,430.0,0.0,0.0,5450.046875,2914.756591796875,1389.635986328125,720.5496826171875,97.51025390625,252.42901611328125,264.14044189453125,269.46868896484375,271.1236572265625,275.0216064453125,36.14965057373047,72.28970336914062,54.282493591308594,51.001258850097656,1.417877197265625,1.6725215911865234,0.2759847640991211,272.07952880859375,263.63604736328125,101176.0,91117.8671875,,6.965410232543945,79.0,0.0,7620.0,0.0,0.0,256.0,73.0,83.0,83.0,84.0,88.0,60.0,60.0,60.0,60.0,0.0,0.0,264.28997802734375,262.4100036621094,87.0,2.0,14.800000190734863,15.5
2025-01-31T14:53,2025-01-31T15:00,24,train,0,2025,1,14,21,2025-01-30T18:00,21,2025-01-30T18:00,21,2025-01-30T18:00,24,2025-01-30T15:00,27,2025-01-30T12:00,24,2025-01-30T15:00,-999.0,0.0,7.0,0.0,0.0,nan,1341.819580078125,nan,85600.0,nan,9.218945503234863,250.83009338378906,265.10791015625,269.5381774902344,272.3740234375,276.37823486328125,5442.265625,2909.1103515625,1383.4453125,75.57823181152344,267.60711669921875,91.4000015258789,333.76971435546875,454.32000732421875,13700.0,0.0,1.1699999570846558,20000.103515625,5.0,0.0,0.0,0.800000011920929,24135.16796875,0.0,0.0,250.54483032226562,265.5361022949219,271.4810791015625,275.3363342285156,281.5101623535156,5622.0634765625,3075.681640625,1549.976318359375,873.81591796875,237.3104705810547,282.8862609863281,48.0,65.0999984741211,1127.5526123046875,1105.5999755859375,20000.091796875,19.0,4.0,48.0,0.0,252.39999389648438,265.29998779296875,268.6000061035156,270.0,274.1000061035156,5440.41943359375,2900.7685546875,1376.44873046875,711.3278198242188,86.83606719970703,267.94000244140625,96.69999694824219,100.0,324.6400146484375,379.3599853515625,0.0006000000284984708,1.3125,5418.28173828125,52.0,67.0,66.0,52.0,16100.0,251.24949645996094,265.02239990234375,268.4228515625,270.87274169921875,274.89752197265625,5439.83544921875,2908.44482421875,1385.2327880859375,717.7340087890625,84.917724609375,270.8663635253906,85.19001007080078,80.82315063476562,386.4427185058594,410.0,0.0,0.75,5446.16015625,2910.817138671875,1384.871826171875,714.5673828125,89.098876953125,252.71084594726562,264.69818115234375,269.290283203125,272.0726318359375,276.1754150390625,18.798002243041992,81.57676696777344,62.32974624633789,57.129661560058594,1.868474006652832,1.8508291244506836,0.3448524475097656,272.7181091308594,266.139892578125,101079.5625,91052.71875,,6.170153617858887,66.0,0.0,7620.0,32.0,32.0,256.0,28.0,28.0,32.0,33.0,35.0,54.0,54.0,56.0,61.0,0.0,0.0,264.5899963378906,262.82000732421875,87.0,4.0,15.199999809265137,16.299999237060547
2025-01-31T14:53,2025-01-31T15:00,48,train,0,2025,1,14,45,2025-01-29T18:00,45,2025-01-29T18:00,45,2025-01-29T18:00,48,2025-01-29T15:00,51,2025-01-29T12:00,45,2025-01-29T18:00,-999.0,100.0,100.0,0.0,0.0,1342.1422119140625,1342.04150390625,82800.0,85000.0,1709.2559814453125,9.486164093017578,251.95758056640625,266.93341064453125,269.63836669921875,273.4884033203125,277.5154724121094,5433.494140625,2874.5263671875,1348.2830810546875,35.43556213378906,268.18780517578125,95.4000015258789,341.2554626464844,543.9199829101562,200.0,0.0,3.390000104904175,20000.13671875,0.0,0.0,0.0,1.899999976158142,24135.0234375,0.0,0.0,250.40797424316406,267.3999328613281,270.9791564941406,274.676025390625,280.8299560546875,5630.84521484375,3078.543701171875,1549.814208984375,875.2000122070312,240.38624572753906,282.299072265625,44.599998474121094,60.70000076293945,1100.3074951171875,1036.1600341796875,8101.05712890625,12.0,26.0,100.0,24100.0,252.0,266.29998779296875,271.79998779296875,273.3999938964844,277.5,5464.10595703125,2913.806884765625,1383.777587890625,710.6282348632812,100.82746124267578,270.9700012207031,69.4000015258789,68.0,287.67999267578125,845.280029296875,0.0,0.0,nan,43.0,30.0,95.0,39.0,17700.0,252.5087127685547,266.66546630859375,270.057861328125,272.53485107421875,276.4072265625,5438.00732421875,2877.49609375,1347.8388671875,676.1155395507812,39.841224670410156,272.77081298828125,82.57035827636719,77.46273040771484,407.94268798828125,710.0,0.0,4.5625,5439.1796875,2892.131591796875,1379.324951171875,715.8261108398438,95.0751953125,251.24722290039062,265.3612060546875,266.1546936035156,269.8379211425781,274.00970458984375,15.4066162109375,98.34305572509766,72.66381072998047,66.779541015625,1.4034881591796875,0.8919038772583008,0.2015848159790039,270.26776123046875,265.98382568359375,101177.875,91042.21875,,6.030782699584961,89.0,,,328.0,328.0,9088.0,56.0,60.0,,70.0,,60.0,,60.0,60.0,0.0,0.0,264.1000061035156,261.53997802734375,83.0,0.0,12.800000190734863,13.399999618530273
2025-02-19T14:58,2025-02-19T15:00,1,train,0,2025,2,14,1,2025-02-19T14:00,3,2025-02-19T12:00,3,2025-02-19T12:00,1,2025-02-19T14:00,3,2025-02-19T12:00,1,2025-02-19T14:00,-999.0,0.0,0.0,0.0,0.0,nan,1194.42578125,nan,nan,nan,10.877985954284668,242.78634643554688,256.4308776855469,261.8944091796875,260.44476318359375,264.2623291015625,5332.1025390625,2874.8642578125,1394.182373046875,135.8470458984375,262.0148010253906,66.30000305175781,303.8291320800781,0.0,27000.0,0.0,0.0,20000.322265625,4.5,5.0,88.4000015258789,0.0,24134.884765625,0.0,0.0,253.18211364746094,269.3812255859375,279.8812255859375,284.52337646484375,291.0005798339844,5665.55078125,3084.291015625,1522.5509033203125,823.015625,164.1337432861328,291.79364013671875,46.900001525878906,64.4000015258789,1095.169189453125,2420.800048828125,19999.943359375,12.0,0.0,0.0,24100.0,243.3000030517578,258.3999938964844,263.79998779296875,261.79998779296875,265.79998779296875,5342.91796875,2880.80126953125,1387.0933837890625,741.3837280273438,153.78128051757812,256.510009765625,84.19999694824219,77.0,202.63999938964844,0.0,0.0,0.125,nan,79.0,0.0,0.0,79.0,16100.0,242.5810546875,256.3118896484375,263.39642333984375,256.5099792480469,260.29150390625,5337.8076171875,2879.11181640625,1397.483154296875,753.4190673828125,146.7803955078125,255.89273071289062,86.44866943359375,80.9610595703125,318.8675842285156,0.0,0.0,0.0,5352.87109375,2892.67724609375,1403.793701171875,756.8726806640625,166.16748046875,241.58518981933594,256.46075439453125,265.76837158203125,257.2578125,260.70501708984375,78.59222412109375,55.86545944213867,74.45723724365234,65.11219787597656,0.17315196990966797,1.1383819580078125,0.729344367980957,258.2530517578125,252.20001220703125,102172.875,91476.34375,,3.815089702606201,32.0,0.0,7620.0,88888.0,1536.0,209.0,13.0,14.0,18.0,28.0,32.0,54.0,54.0,54.0,54.0,0.0,0.0,257.33001708984375,251.83999633789062,62.0,0.0,23.600000381469727,24.200000762939453
2025-02-19T14:58,2025-02-19T15:00,24,train,0,2025,2,14,21,2025-02-18T18:00,21,2025-02-18T18:00,21,2025-02-18T18:00,24,2025-02-18T15:00,21,2025-02-18T18:00,24,2025-02-18T15:00,-999.0,0.0,5.0,1.0,0.0,nan,1340.3548583984375,nan,85700.0,nan,9.293705940246582,241.8267822265625,256.5760192871094,260.02001953125,259.437744140625,263.2471618652344,5331.59521484375,2876.44677734375,1399.5738525390625,143.5418701171875,260.42236328125,82.19999694824219,299.15008544921875,0.0,18300.0,0.0,0.25,19999.880859375,0.0,93.69999694824219,78.30000305175781,0.0,24134.89453125,0.0,0.0,253.44052124023438,268.9278259277344,279.9043884277344,283.86785888671875,290.3050231933594,5662.9951171875,3083.40673828125,1520.7205810546875,821.8357543945312,164.14370727539062,290.89306640625,56.29999923706055,78.0,1013.084228515625,2460.639892578125,19999.802734375,24.0,0.0,0.0,24100.0,242.39999389648438,256.3999938964844,265.29998779296875,262.8999938964844,266.8999938964844,5339.3232421875,2879.583984375,1391.1107177734375,742.4761962890625,154.12118530273438,258.8599853515625,79.69999694824219,73.0,132.32000732421875,0.0,0.0,0.125,929.8407592773438,100.0,0.0,0.0,100.0,14007.7998046875,241.6932830810547,255.968505859375,262.98297119140625,256.8898010253906,260.5154724121094,5332.36767578125,2878.28564453125,1397.1031494140625,752.5460205078125,145.23944091796875,255.75521850585938,86.74539947509766,88.42058563232422,316.1888122558594,0.0,0.0,1.25,5344.36328125,2878.78759765625,1394.369873046875,750.442626953125,159.970703125,242.6691436767578,256.5993957519531,264.00555419921875,256.8724365234375,260.55902099609375,69.96028900146484,72.3303451538086,74.29280853271484,64.45024871826172,0.18001365661621094,1.0587348937988281,0.6641092300415039,258.2223815917969,252.0602569580078,102083.8125,91382.421875,,3.8111608028411865,41.0,0.0,7620.0,32.0,32.0,209.0,15.0,15.0,15.0,15.0,15.0,48.0,48.0,50.0,57.0,0.0,0.0,256.44000244140625,252.1300048828125,68.0,1.0,25.600000381469727,26.200000762939453
2025-03-18T03:51,2025-03-18T04:00,1,train,1,2025,3,3,1,2025-03-18T03:00,4,2025-03-18T00:00,4,2025-03-18T00:00,1,2025-03-18T03:00,3,2025-03-18T00:00,1,2025-03-18T03:00,-999.0,0.0,1.0,3.0,100.0,7569.4921875,1342.1170654296875,34600.0,85900.0,9017.1015625,6.025457859039307,255.65338134765625,266.5650329589844,271.4073486328125,271.84844970703125,275.668212890625,5520.3505859375,2955.064208984375,1417.59326171875,102.73029327392578,268.940185546875,83.5999984741211,142.70143127441406,663.0399780273438,15300.0,0.0,0.0,19999.80078125,0.0,0.0,0.0,0.0,24135.1640625,0.0,0.0,250.0526885986328,268.42059326171875,277.672119140625,280.023193359375,278.8862609863281,5561.47119140625,3001.373779296875,1449.5418701171875,757.4358520507812,118.36709594726562,278.41412353515625,70.4000015258789,55.099998474121094,391.438232421875,2138.080078125,1195.9986572265625,40.0,100.0,100.0,0.0,255.60000610351562,267.5,275.3999938964844,269.0,273.1000061035156,5530.17822265625,2967.3212890625,1423.386962890625,757.3306274414062,133.64517211914062,266.55999755859375,98.0999984741211,100.0,466.3999938964844,168.0,9.999999747378752e-05,0.1875,836.4262084960938,100.0,89.0,86.0,100.0,5100.0,255.39488220214844,266.3273010253906,272.61962890625,270.03594970703125,273.9128112792969,5524.9892578125,2967.25244140625,1428.401611328125,756.5426635742188,120.54434967041016,269.0980224609375,95.0,91.93640899658203,337.689697265625,140.0,0.0,0.0,5530.4765625,2960.8046875,1417.544921875,744.5050048828125,121.62255859375,256.8961486816406,266.8594970703125,273.0621337890625,271.2327575683594,274.6654052734375,68.50122833251953,80.80560302734375,93.55957794189453,94.63165283203125,0.17113590240478516,0.6307516098022461,0.8328094482421875,270.1728515625,269.89251708984375,101541.0,91389.609375,,11.250517845153809,85.0,0.0,7620.0,0.0,0.0,402.0,35.0,35.0,38.0,58.0,74.0,19.0,19.0,19.0,19.0,0.0,0.0,267.9100036621094,265.3599853515625,83.0,0.0,23.600000381469727,24.100000381469727
2025-02-19T14:58,2025-02-19T15:00,48,train,0,2025,2,14,45,2025-02-17T18:00,45,2025-02-17T18:00,45,2025-02-17T18:00,48,2025-02-17T15:00,45,2025-02-17T18:00,45,2025-02-17T18:00,-999.0,0.0,12.0,91.0,0.0,nan,1340.4239501953125,nan,85600.0,nan,10.331144332885742,242.05694580078125,255.81039428710938,260.921875,260.0725402832031,263.91943359375,5325.80615234375,2871.835693359375,1394.3126220703125,138.82470703125,261.0598449707031,82.69999694824219,301.92059326171875,0.0,17800.0,0.0,2.3299999237060547,17332.474609375,0.0,100.0,100.0,0.0,24134.8671875,0.0,0.0,253.2021484375,270.5499267578125,280.7430114746094,283.655029296875,290.0102233886719,5666.43603515625,3082.2724609375,1515.0775146484375,814.088623046875,157.08226013183594,290.5751037597656,58.099998474121094,79.69999694824219,808.294921875,2558.39990234375,20000.10546875,18.0,0.0,0.0,24100.0,243.0,257.3999938964844,266.0,264.3999938964844,268.29998779296875,5359.5224609375,2890.687255859375,1401.323486328125,749.5213623046875,163.46575927734375,262.29998779296875,77.30000305175781,63.0,133.52000427246094,0.0,0.0,0.0,821.9931030273438,100.0,0.0,0.0,100.0,10200.7861328125,243.00547790527344,255.56927490234375,264.0159912109375,256.5223388671875,260.09906005859375,5331.373046875,2878.12060546875,1396.26611328125,750.7789306640625,144.6418914794922,255.18692016601562,85.7706527709961,91.12095642089844,302.2298889160156,0.0,0.0,2.0,5336.4765625,2873.59912109375,1386.1982421875,742.7672119140625,151.516357421875,242.88449096679688,256.801513671875,263.7632751464844,257.2275085449219,260.98388671875,78.22146606445312,74.37755584716797,78.3681411743164,68.9825210571289,-0.3572711944580078,1.833327293395996,0.6769485473632812,258.19329833984375,253.0200653076172,101985.125,91296.828125,,4.10491418838501,47.0,,,88888.0,1704.0,8960.0,19.0,20.0,,24.0,,40.0,,40.0,40.0,0.0,0.0,256.32000732421875,251.33999633789062,66.0,0.0,25.200000762939453,25.899999618530273
2025-03-18T03:51,2025-03-18T04:00,24,train,1,2025,3,3,22,2025-03-17T06:00,22,2025-03-17T06:00,22,2025-03-17T06:00,25,2025-03-17T03:00,21,2025-03-17T06:00,24,2025-03-17T04:00,-999.0,0.0,0.0,100.0,100.0,7054.017578125,1341.9456787109375,34600.0,85800.0,9626.6923828125,7.203464984893799,255.486083984375,267.4234313964844,270.136962890625,271.2679748535156,275.2394714355469,5515.8974609375,2950.16748046875,1413.592529296875,100.99958801269531,268.51776123046875,80.80000305175781,138.87753295898438,591.760009765625,17600.0,0.0,8.34000015258789,20000.134765625,0.0,4.800000190734863,0.0,0.0,24134.966796875,0.0,0.0,249.8198699951172,267.8370666503906,277.24725341796875,279.8590393066406,278.60662841796875,5557.42236328125,3000.5439453125,1450.3509521484375,759.1618041992188,119.66009521484375,278.14276123046875,70.0,50.29999923706055,372.5181884765625,2123.0400390625,7167.6689453125,23.0,98.0,99.0,24100.0,254.60000610351562,267.70001220703125,276.8999938964844,273.6000061035156,277.6000061035156,5523.302734375,2957.683837890625,1409.6732177734375,733.7276611328125,118.94938659667969,268.67999267578125,83.80000305175781,78.0,138.0800018310547,493.1199951171875,0.0,0.0,4218.0087890625,82.0,100.0,100.0,82.0,10100.0,254.37261962890625,267.39111328125,273.09588623046875,269.1722412109375,272.9707336425781,5531.6669921875,2964.9033203125,1420.77099609375,749.2520751953125,112.29271697998047,267.8530578613281,93.0,89.51714324951172,220.80184936523438,10.0,0.0,30.875,5526.703125,2958.443359375,1417.455078125,744.2984619140625,122.50927734375,255.09829711914062,266.3742370605469,273.04052734375,270.8837890625,274.305419921875,81.84302520751953,76.22660827636719,93.27967834472656,95.64315032958984,0.09707832336425781,0.6805477142333984,0.7896633148193359,269.8383483886719,269.5139465332031,101554.4375,91394.859375,,10.217168807983398,86.0,0.0,7620.0,0.0,0.0,209.0,91.0,95.0,100.0,100.0,100.0,67.0,67.0,67.0,69.0,0.0,0.0,269.3399963378906,266.2799987792969,79.0,4.0,22.0,22.299999237060547
2025-05-08T09:55,2025-05-08T10:00,1,train,0,2025,5,9,1,2025-05-08T09:00,4,2025-05-08T06:00,4,2025-05-08T06:00,1,2025-05-08T09:00,3,2025-05-08T06:00,1,2025-05-08T09:00,-999.0,0.0,4.0,0.0,26.0,nan,1343.6739501953125,nan,86400.0,nan,7.953236103057861,256.0264892578125,271.5101318359375,279.90997314453125,282.5148010253906,286.6131591796875,5645.34375,3047.79833984375,1474.35009765625,120.83448028564453,278.8211975097656,87.30000305175781,151.581787109375,2931.360107421875,14900.0,0.0,0.0,19999.828125,11.5,5.0,5.0,0.0,24134.96875,0.0,0.0,251.1996612548828,265.9910888671875,276.70562744140625,283.2510681152344,290.0810852050781,5551.67919921875,2993.84033203125,1453.9417724609375,759.2223510742188,103.4453125,292.0999755859375,40.79999923706055,59.5,1963.712158203125,1842.56005859375,19999.865234375,41.0,0.0,1.0,0.0,256.6000061035156,272.1000061035156,281.20001220703125,281.0,285.20001220703125,5647.64404296875,3049.60205078125,1470.606201171875,775.6322631835938,128.06997680664062,278.2900085449219,99.5999984741211,100.0,259.8399963378906,2903.199951171875,0.00019999999494757503,0.625,795.9968872070312,100.0,0.0,48.0,100.0,100.0,256.3793640136719,271.3610534667969,280.2308349609375,280.574951171875,284.8846435546875,5648.78076171875,3053.193359375,1479.2491455078125,784.091064453125,131.379638671875,280.6634521484375,99.5712890625,97.26002502441406,352.03125,2850.0,0.0,0.0,5644.72265625,3045.486572265625,1467.1875,770.8034057617188,121.67919921875,255.95013427734375,272.11798095703125,279.594482421875,282.03582763671875,286.284912109375,58.031375885009766,84.09774780273438,97.91109466552734,97.98223114013672,0.10466575622558594,0.9946174621582031,0.15430927276611328,281.28192138671875,281.18817138671875,101454.5,91713.375,,16.113712310791016,74.0,0.0,7620.0,0.0,0.0,209.0,98.0,100.0,100.0,100.0,100.0,80.0,80.0,80.0,80.0,1.0,0.0,276.30999755859375,275.77996826171875,94.0,4.0,15.199999809265137,14.800000190734863
2025-03-18T03:51,2025-03-18T04:00,48,train,1,2025,3,3,46,2025-03-16T06:00,46,2025-03-16T06:00,46,2025-03-16T06:00,49,2025-03-16T03:00,45,2025-03-16T06:00,36,2025-03-16T16:00,-999.0,0.0,58.0,100.0,100.0,6611.279296875,1342.2457275390625,34600.0,86000.0,10716.3134765625,5.396655082702637,256.7701416015625,268.3965148925781,271.7594909667969,272.7435302734375,276.74053955078125,5551.0791015625,2976.265869140625,1430.45703125,111.17301940917969,270.81390380859375,93.9000015258789,183.46646118164062,948.719970703125,12200.0,0.0,61.540000915527344,20000.1640625,0.0,54.400001525878906,0.0,0.0,24134.98046875,0.0,0.0,249.83721923828125,268.6412048339844,277.1782531738281,279.9423828125,279.5025634765625,5565.55517578125,3002.439453125,1451.657470703125,760.1026611328125,120.7625961303711,279.05267333984375,62.79999923706055,56.099998474121094,408.4013366699219,2165.760009765625,3474.864013671875,100.0,100.0,70.0,24100.0,253.89999389648438,267.6000061035156,275.79998779296875,274.6000061035156,278.70001220703125,5537.03759765625,2967.984619140625,1423.8062744140625,746.3257446289062,128.07247924804688,271.1300048828125,88.69999694824219,88.0,519.0399780273438,870.4000244140625,0.0,0.125,794.2567749023438,100.0,100.0,100.0,100.0,0.0,255.51087951660156,268.0013122558594,272.77618408203125,269.8306884765625,273.4097595214844,5550.275390625,2978.6435546875,1435.104736328125,763.7468872070312,127.43570709228516,268.68865966796875,95.0,94.7553482055664,235.56771850585938,70.0,0.0,43.5625,5515.4375,2950.469482421875,1403.46923828125,727.710693359375,102.3046875,253.88272094726562,267.7894287109375,273.9018249511719,272.12982177734375,275.973388671875,80.1097412109375,80.20370483398438,92.01913452148438,91.42503356933594,0.21151447296142578,0.6095371246337891,0.6851329803466797,271.2724304199219,270.5029296875,101286.9375,91208.796875,,12.555517196655273,95.0,0.0,7620.0,0.0,0.0,201.0,97.0,97.0,97.0,97.0,99.0,75.0,76.0,76.0,79.0,0.0,0.0,268.94000244140625,266.2200012207031,80.0,6.0,21.600000381469727,21.600000381469727
2025-05-08T09:55,2025-05-08T10:00,24,train,0,2025,5,9,22,2025-05-07T12:00,22,2025-05-07T12:00,22,2025-05-07T12:00,25,2025-05-07T09:00,21,2025-05-07T12:00,24,2025-05-07T10:00,-999.0,0.0,9.0,0.0,98.0,9389.0830078125,1343.566650390625,nan,86400.0,10760.2783203125,8.989167213439941,255.56805419921875,270.87200927734375,279.32757568359375,281.88006591796875,285.994873046875,5637.27001953125,3041.565673828125,1472.6173095703125,122.12393188476562,278.3854675292969,92.9000015258789,200.00198364257812,2835.1201171875,12900.0,0.0,7.21999979019165,16108.5283203125,24.5,0.0,0.4000000059604645,0.0,24134.9375,0.0,0.0,251.33619689941406,265.9259338378906,276.1683654785156,282.2693786621094,288.8200988769531,5552.13037109375,2993.554443359375,1454.3216552734375,761.2129516601562,108.32240295410156,290.03448486328125,48.70000076293945,65.9000015258789,1256.505859375,1842.719970703125,20000.12890625,40.0,0.0,38.0,24100.0,256.70001220703125,270.6000061035156,282.6000061035156,282.3999938964844,286.6000061035156,5643.04296875,3042.193359375,1465.573486328125,768.481689453125,133.61117553710938,277.33001708984375,91.19999694824219,77.0,143.27999877929688,2728.0,0.0,0.0,795.8102416992188,100.0,0.0,100.0,100.0,0.0,256.2523193359375,270.00445556640625,279.17828369140625,279.7959289550781,283.9852294921875,5641.69921875,3046.817626953125,1478.26953125,785.0419311523438,135.03762817382812,279.7574768066406,99.88587188720703,97.20247650146484,348.4696350097656,2660.0,0.0,3.5625,5645.55078125,3040.705810546875,1461.34130859375,765.1476440429688,116.070068359375,256.54852294921875,272.237548828125,278.9918212890625,281.98907470703125,286.1488037109375,56.274200439453125,89.87760162353516,97.89603424072266,98.16067504882812,0.12984371185302734,0.8444671630859375,0.18633747100830078,281.31561279296875,281.12811279296875,101392.25,91662.328125,,15.200536727905273,77.0,17.0,9272.0,0.0,0.0,209.0,94.0,95.0,95.0,95.0,99.0,63.0,67.0,67.0,67.0,0.0,0.0,275.75,274.6100158691406,92.0,7.0,17.600000381469727,17.600000381469727
2025-06-13T15:51,2025-06-13T16:00,1,holdout_webcam,0,2025,6,15,1,2025-06-13T15:00,4,2025-06-13T12:00,4,2025-06-13T12:00,1,2025-06-13T15:00,3,2025-06-13T12:00,1,2025-06-13T15:00,-999.0,0.0,2.0,20.0,35.0,nan,7525.49169921875,nan,39200.0,nan,6.466906547546387,259.14935302734375,273.79473876953125,277.5826721191406,282.3533020019531,286.91290283203125,5721.021484375,3090.003662109375,1521.5010986328125,167.22610473632812,280.681884765625,78.0,383.24090576171875,3539.679931640625,20400.0,0.0,0.0,20000.197265625,20.899999618530273,7.900000095367432,1.5,0.0,24135.328125,0.0,0.0,260.7797546386719,280.3755798339844,294.4700012207031,297.8199768066406,304.31707763671875,5850.0361328125,3185.871826171875,1544.7540283203125,808.9315185546875,116.97684478759766,304.34307861328125,44.900001525878906,56.5,872.325439453125,3994.719970703125,19999.931640625,12.0,0.0,0.0,24100.0,258.79998779296875,273.3999938964844,276.6000061035156,282.1000061035156,286.29998779296875,5722.08740234375,3092.7421875,1521.978515625,827.9859008789062,170.15956115722656,282.6000061035156,77.9000015258789,91.0,432.1600036621094,3156.320068359375,0.0,0.125,nan,68.0,100.0,95.0,68.0,18000.0,259.245849609375,273.4600524902344,276.6128845214844,281.4566345214844,286.4761047363281,5722.37158203125,3090.35595703125,1523.552001953125,832.0025634765625,175.56654357910156,283.0602111816406,82.78971862792969,79.56045532226562,610.4390258789062,3250.0,0.0,0.0,5723.75,3089.91259765625,1517.063720703125,825.02880859375,175.05078125,259.24609375,274.3665771484375,275.8547668457031,282.2894287109375,286.7336120605469,8.499913215637207,82.75660705566406,62.71720504760742,57.106727600097656,-0.107879638671875,0.44573211669921875,0.06475830078125,284.166259765625,276.54541015625,102104.5625,92319.390625,,9.479844093322754,53.0,0.0,7620.0,88886.0,3736.0,16274.0,20.0,21.0,24.0,29.0,31.0,18.0,18.0,18.0,18.0,3.0,0.0,276.25,272.80999755859375,78.0,2.0,14.0,15.199999809265137
2025-05-08T09:55,2025-05-08T10:00,48,train,0,2025,5,9,46,2025-05-06T12:00,46,2025-05-06T12:00,46,2025-05-06T12:00,49,2025-05-06T09:00,45,2025-05-06T12:00,36,2025-05-06T22:00,-999.0,0.0,100.0,15.0,0.0,1343.891845703125,1343.81884765625,86200.0,86200.0,1468.9349365234375,7.267848491668701,254.53408813476562,272.2652893066406,279.37188720703125,282.697021484375,286.8560791015625,5624.51904296875,3029.81005859375,1457.9337158203125,102.70252227783203,279.0561828613281,97.5,230.7205810546875,2935.280029296875,100.0,0.0,15.979999542236328,1562.2265625,27.600000381469727,33.20000076293945,61.20000076293945,0.0,14916.890625,4.239999907440506e-05,0.0625,251.6238250732422,266.9366149902344,276.2811584472656,282.23114013671875,288.307373046875,5557.27783203125,2994.047607421875,1452.5146484375,759.3119506835938,106.89852905273438,289.5242614746094,52.5,67.30000305175781,1158.4300537109375,1861.280029296875,19999.880859375,44.0,6.0,0.0,0.0,255.6999969482422,272.6000061035156,280.0,281.3999938964844,285.6000061035156,5650.77392578125,3046.8349609375,1473.068359375,778.188720703125,129.56838989257812,278.8800048828125,99.5,100.0,432.3999938964844,2939.0400390625,0.0003000000142492354,0.75,795.8795776367188,100.0,0.0,0.0,100.0,100.0,255.0029296875,270.90130615234375,278.208740234375,279.6933288574219,283.89605712890625,5618.837890625,3025.59814453125,1457.1851806640625,765.2363891601562,113.75126647949219,279.5615539550781,100.21904754638672,97.14574432373047,387.261962890625,2720.0,0.0,13.8125,5630.78125,3031.567138671875,1455.62451171875,760.0250244140625,111.82958984375,256.1738586425781,271.69586181640625,279.22369384765625,281.655029296875,285.84527587890625,56.529293060302734,90.4052963256836,96.52188873291016,97.5831069946289,0.2631549835205078,1.115311622619629,0.3949575424194336,280.53436279296875,280.50311279296875,101362.25,91606.4921875,,15.020312309265137,62.0,0.0,7620.0,0.0,0.0,256.0,85.0,89.0,89.0,89.0,92.0,47.0,47.0,47.0,47.0,0.0,0.0,275.8999938964844,274.90997314453125,92.0,4.0,18.799999237060547,18.899999618530273
2025-07-06T08:50,2025-07-06T09:00,24,train,0,2025,7,8,21,2025-07-05T12:00,21,2025-07-05T12:00,21,2025-07-05T12:00,24,2025-07-05T09:00,21,2025-07-05T12:00,24,2025-07-05T09:00,-999.0,0.0,0.0,100.0,100.0,8137.70361328125,7703.5205078125,32400.0,39100.0,9367.0927734375,9.402627944946289,264.23077392578125,280.81756591796875,290.755615234375,294.350830078125,298.40838623046875,5845.3076171875,3163.511962890625,1532.400390625,124.61515808105469,287.7829284667969,65.0999984741211,214.42308044433594,4431.8837890625,26300.0,0.0,0.0,3668.425048828125,97.5999984741211,100.0,35.5,0.0,24135.013671875,0.0,0.0,262.6268310546875,277.5853271484375,284.9559631347656,288.15594482421875,294.9559631347656,5792.3173828125,3125.32568359375,1521.93505859375,811.4343872070312,143.4976806640625,295.71136474609375,47.400001525878906,67.0,1093.8856201171875,3902.8798828125,20000.185546875,1.0,4.0,42.0,24100.0,265.70001220703125,282.70001220703125,290.3999938964844,291.8999938964844,296.20001220703125,5847.50732421875,3151.4052734375,1511.20263671875,788.3062744140625,112.8787612915039,288.92999267578125,86.5999984741211,87.0,312.6400146484375,4575.68017578125,0.0,0.0,8205.357421875,0.0,37.0,97.0,0.0,26900.0,265.0084228515625,280.10211181640625,290.5812072753906,294.4503479003906,297.0925598144531,5845.62890625,3162.623291015625,1533.2430419921875,803.912353515625,125.66534423828125,290.11346435546875,64.48698425292969,55.66485595703125,248.01953125,4300.0,0.0,0.0,5857.26953125,3164.729736328125,1526.7265625,798.6336669921875,129.455810546875,265.48651123046875,282.0143127441406,290.3881530761719,293.99639892578125,298.4468994140625,56.45505142211914,73.34504699707031,64.30513000488281,77.45240783691406,0.6123752593994141,1.1200590133666992,0.4536876678466797,289.48529052734375,285.95404052734375,101547.3125,92046.875,,30.080780029296875,58.0,0.0,7620.0,30.0,32.0,465.0,56.0,56.0,56.0,58.0,60.0,24.0,24.0,24.0,25.0,12.0,0.0,285.58001708984375,280.78997802734375,73.0,2.0,13.199999809265137,14.0
2025-07-06T08:50,2025-07-06T09:00,48,train,0,2025,7,8,45,2025-07-04T12:00,45,2025-07-04T12:00,45,2025-07-04T12:00,48,2025-07-04T09:00,45,2025-07-04T12:00,45,2025-07-04T12:00,-999.0,0.0,0.0,34.0,100.0,11006.8251953125,7704.5703125,nan,39100.0,12778.5654296875,10.794694900512695,264.0355224609375,281.9622802734375,290.60247802734375,294.3291931152344,298.4079284667969,5843.8232421875,3158.11962890625,1524.51904296875,115.1434326171875,288.4104309082031,73.69999694824219,256.65789794921875,4458.5576171875,20900.0,0.0,0.0,16540.537109375,0.0,73.4000015258789,0.0,0.0,24135.296875,0.0,0.0,262.9833984375,277.4287109375,283.79998779296875,288.64404296875,295.79998779296875,5793.498046875,3130.099609375,1526.5958251953125,816.9801635742188,147.9853057861328,297.0559387207031,41.599998474121094,61.400001525878906,1334.3544921875,3952.320068359375,1197.3055419921875,17.0,38.0,75.0,0.0,265.29998779296875,284.1000061035156,289.79998779296875,292.1000061035156,296.3999938964844,5847.583984375,3150.998291015625,1507.568359375,783.3900756835938,110.3726806640625,289.4100036621094,100.0,100.0,357.3599853515625,4545.60009765625,0.000699999975040555,7.25,11488.09765625,0.0,29.0,73.0,0.0,18500.0,264.75506591796875,281.8121032714844,290.5626220703125,294.05511474609375,296.8219909667969,5848.61767578125,3162.1494140625,1529.6624755859375,800.6470947265625,120.594482421875,290.1441345214844,77.31700897216797,72.58802795410156,290.8365478515625,4350.0,0.0,0.0,5855.640625,3162.483642578125,1523.82373046875,795.9727783203125,127.1025390625,265.6878662109375,282.15997314453125,290.6121826171875,293.87774658203125,298.3245849609375,55.6075553894043,70.55636596679688,64.5536880493164,80.44915008544922,0.35257816314697266,1.0149974822998047,0.4445323944091797,288.6317138671875,285.5379638671875,101524.4375,92033.421875,,27.79824447631836,51.0,,,88888.0,440.0,9856.0,19.0,20.0,,23.0,,44.0,,44.0,44.0,47.0,0.0,285.92999267578125,280.8699951171875,72.0,0.0,13.600000381469727,15.0
2025-07-26T00:51,2025-07-26T01:00,1,train,0,2025,7,0,1,2025-07-26T00:00,1,2025-07-26T00:00,1,2025-07-26T00:00,1,2025-07-26T00:00,0,2025-07-26T00:00,1,2025-07-26T00:00,-999.0,0.0,0.0,0.0,0.0,nan,nan,nan,nan,nan,8.7818021774292,265.3287353515625,280.2080993652344,286.7431640625,291.2522888183594,295.6923522949219,5822.5517578125,3132.00537109375,1516.56298828125,120.11961364746094,285.66656494140625,74.19999694824219,295.7353210449219,4693.2392578125,21100.0,0.0,0.0,20000.236328125,46.5,0.0,0.0,0.0,24135.00390625,0.0,0.0,262.9676208496094,274.6639709472656,283.58099365234375,288.70098876953125,288.81646728515625,5794.2900390625,3135.106201171875,1545.607421875,833.9779052734375,168.49496459960938,288.35491943359375,94.0999984741211,78.0999984741211,128.2672882080078,3480.9599609375,20000.125,5.0,0.0,0.0,24100.0,266.1000061035156,279.8999938964844,286.29998779296875,289.6000061035156,294.0,5820.09326171875,3128.962890625,1515.08984375,799.0496215820312,124.61407470703125,286.8999938964844,94.19999694824219,95.0,353.1199951171875,4545.43994140625,0.0,0.0,nan,0.0,0.0,0.0,0.0,20400.0,265.4455871582031,279.30438232421875,286.5533752441406,291.94720458984375,296.49560546875,5817.64208984375,3131.550048828125,1518.95263671875,800.2426147460938,123.86529541015625,290.39495849609375,76.0,64.53465270996094,738.779541015625,4510.0,0.0,0.0,5825.609375,3127.81787109375,1511.910888671875,792.8151245117188,126.43603515625,266.023681640625,280.39569091796875,286.2016296386719,291.62933349609375,296.02325439453125,25.498435974121094,76.99644470214844,78.3128662109375,80.20116424560547,0.6266021728515625,1.0768661499023438,0.5750131607055664,290.6178894042969,288.2116394042969,101521.5625,91984.859375,,17.723907470703125,13.0,0.0,7620.0,30.0,32.0,256.0,44.0,55.0,56.0,57.0,59.0,73.0,73.0,73.0,73.0,3.0,0.0,282.92999267578125,281.1199951171875,89.0,0.0,18.0,19.399999618530273
2025-06-13T15:51,2025-06-13T16:00,24,holdout_webcam,0,2025,6,15,22,2025-06-12T18:00,22,2025-06-12T18:00,22,2025-06-12T18:00,25,2025-06-12T15:00,21,2025-06-12T18:00,24,2025-06-12T16:00,-999.0,0.0,1.0,0.0,0.0,nan,nan,nan,nan,nan,6.158850193023682,259.2239990234375,273.27020263671875,276.5927734375,281.550537109375,286.14422607421875,5715.45947265625,3089.04345703125,1522.814453125,172.77737426757812,280.1302185058594,73.9000015258789,400.72344970703125,3361.60009765625,22500.0,0.0,0.0,3566.7587890625,91.80000305175781,100.0,5.0,0.0,24134.623046875,0.0,0.0,261.269775390625,280.349365234375,292.0859069824219,298.9265441894531,305.82720947265625,5850.54541015625,3184.962646484375,1545.6884765625,809.7172241210938,115.5986557006836,306.23089599609375,35.70000076293945,47.70000076293945,1509.7200927734375,4024.0,20000.015625,3.0,5.0,0.0,24100.0,260.1000061035156,273.6000061035156,276.29998779296875,281.79998779296875,286.0,5717.35400390625,3084.592529296875,1513.6492919921875,820.6581420898438,166.200927734375,282.30999755859375,63.79999923706055,74.0,431.1199951171875,3176.639892578125,0.0,0.0,1196.795654296875,57.0,0.0,0.0,57.0,17700.0,259.24530029296875,273.1824035644531,274.9872131347656,279.52655029296875,284.51239013671875,5709.8974609375,3084.341796875,1519.2716064453125,832.5950317382812,179.13262939453125,281.57110595703125,82.80615997314453,81.460205078125,597.3197631835938,3120.0,0.0,0.5,5716.99609375,3083.681640625,1516.197998046875,821.6996459960938,169.754150390625,259.5362548828125,273.53656005859375,276.31915283203125,283.14111328125,287.59234619140625,10.189798355102539,89.40592956542969,63.09623718261719,57.92621612548828,0.048534393310546875,0.36103248596191406,0.2808341979980469,284.9543762207031,277.3918762207031,102042.25,92280.875,,8.6154146194458,44.0,24.0,8992.0,30.0,32.0,209.0,36.0,43.0,47.0,52.0,54.0,50.0,50.0,50.0,50.0,1.0,0.0,276.47998046875,272.3799743652344,73.0,0.0,14.0,15.300000190734863
2025-07-06T08:50,2025-07-06T09:00,1,train,0,2025,7,8,1,2025-07-06T08:00,3,2025-07-06T06:00,3,2025-07-06T06:00,1,2025-07-06T08:00,3,2025-07-06T06:00,1,2025-07-06T08:00,-999.0,0.0,1.0,0.0,0.0,nan,nan,nan,nan,nan,10.122991561889648,265.2734375,282.0285339355469,290.961669921875,293.9243469238281,297.8872375488281,5851.58349609375,3157.8623046875,1521.96240234375,113.39825439453125,287.68304443359375,80.0,205.46066284179688,4591.0654296875,17800.0,0.0,0.0,3859.3583984375,4.400000095367432,99.80000305175781,0.0,0.0,24134.75390625,0.0,0.0,262.0570983886719,276.4404296875,284.70001220703125,288.08013916015625,294.29998779296875,5782.12744140625,3119.822998046875,1519.0068359375,808.5274047851562,141.4145965576172,294.568115234375,51.400001525878906,64.30000305175781,900.2977905273438,3783.679931640625,1347.3565673828125,11.0,31.0,62.0,8900.0,265.0,282.79998779296875,289.8999938964844,290.79998779296875,295.1000061035156,5852.7451171875,3157.322998046875,1518.781494140625,797.9686279296875,122.888916015625,288.20001220703125,90.4000015258789,91.0,501.0400085449219,4441.599609375,0.0003000000142492354,0.75,nan,0.0,0.0,21.0,0.0,21500.0,265.0709228515625,281.02203369140625,290.65899658203125,293.9833984375,296.50433349609375,5840.228515625,3155.904052734375,1523.8082275390625,795.0623168945312,116.08547973632812,289.0456237792969,73.0,62.52518081665039,210.4658203125,4280.0,0.0,0.0,5850.3671875,3158.743408203125,1521.973388671875,794.0806274414062,125.0498046875,265.59625244140625,281.980224609375,290.12445068359375,293.8961486816406,298.4478759765625,49.653480529785156,73.63436889648438,65.2863540649414,79.3990249633789,0.5844202041625977,1.2896757125854492,0.5211887359619141,289.4110107421875,286.16241455078125,101499.75,92004.75,,28.4596004486084,56.0,0.0,7620.0,0.0,0.0,209.0,65.0,76.0,79.0,80.0,83.0,61.0,61.0,61.0,61.0,55.0,0.0,285.53997802734375,282.3399963378906,81.0,0.0,14.399999618530273,15.300000190734863
2025-06-13T15:51,2025-06-13T16:00,48,holdout_webcam,0,2025,6,15,46,2025-06-11T18:00,46,2025-06-11T18:00,46,2025-06-11T18:00,49,2025-06-11T15:00,45,2025-06-11T18:00,36,2025-06-12T04:00,-999.0,0.0,0.0,0.0,100.0,10124.1337890625,1306.1029052734375,nan,29500.0,10154.7998046875,3.889876127243042,259.0476379394531,272.64630126953125,277.3250427246094,282.370849609375,286.9828186035156,5715.02783203125,3093.658447265625,1528.00537109375,176.54063415527344,281.46539306640625,67.80000305175781,457.0616760253906,3182.239990234375,26000.0,0.0,0.7099999785423279,19999.84375,11.399999618530273,0.0,5.0,0.0,24135.13671875,0.0,0.0,260.8769836425781,280.5946960449219,292.37249755859375,299.3802795410156,306.41900634765625,5857.25927734375,3189.549560546875,1553.2979736328125,816.5177612304688,121.3245620727539,307.1533508300781,32.70000076293945,44.900001525878906,1988.7847900390625,4113.43994140625,20000.015625,6.0,0.0,2.0,24100.0,260.79998779296875,272.79998779296875,275.29998779296875,280.79998779296875,285.0,5707.69873046875,3077.781494140625,1510.6502685546875,820.0569458007812,164.7712860107422,281.3000183105469,73.19999694824219,85.0,429.6000061035156,2992.320068359375,0.0,0.0,nan,53.0,33.0,28.0,53.0,18000.0,258.4066162109375,273.2222595214844,275.510009765625,280.3868408203125,285.4149169921875,5710.8330078125,3089.013916015625,1521.637939453125,833.1033325195312,178.77536010742188,282.4335632324219,83.01554870605469,80.42037200927734,626.3949584960938,3130.0,0.0,4.1875,5717.28515625,3085.052734375,1517.47412109375,823.119140625,170.902587890625,260.0379333496094,273.5719909667969,276.2495422363281,283.1546630859375,287.5728759765625,12.72708797454834,89.15293884277344,62.105960845947266,57.4715690612793,0.16271400451660156,0.3892402648925781,0.34968090057373047,284.8591003417969,277.3662109375,102060.125,92296.875,,8.456575393676758,47.0,0.0,7620.0,30.0,32.0,384.0,18.0,23.0,24.0,26.0,30.0,38.0,38.0,38.0,41.0,2.0,40.0,276.7400207519531,272.239990234375,71.0,0.0,13.600000381469727,14.699999809265137
2025-07-26T00:51,2025-07-26T01:00,24,train,0,2025,7,0,25,2025-07-25T00:00,25,2025-07-25T00:00,25,2025-07-25T00:00,22,2025-07-25T03:00,24,2025-07-25T00:00,24,2025-07-25T01:00,-999.0,0.0,0.0,0.0,5.0,nan,nan,nan,nan,nan,7.987227916717529,264.04888916015625,281.1426696777344,285.68170166015625,290.4629211425781,294.927734375,5816.998046875,3129.90087890625,1515.150634765625,121.78666687011719,284.90869140625,72.80000305175781,282.4741516113281,4599.47119140625,21600.0,0.0,1.4500000476837158,2214.484619140625,100.0,0.0,0.0,0.0,24135.287109375,1.6000000186977559e-06,0.0,262.3641662597656,275.1148681640625,284.1268005371094,288.39678955078125,290.5487060546875,5792.40283203125,3134.3544921875,1544.6925048828125,832.4188232421875,168.0614776611328,290.751953125,81.0999984741211,80.5,290.862548828125,3790.39990234375,20000.064453125,3.0,0.0,1.0,24100.0,265.5,282.3999938964844,285.70001220703125,288.3999938964844,292.70001220703125,5819.2265625,3117.247314453125,1498.428466796875,785.9057006835938,112.05831146240234,285.5299987792969,90.19999694824219,90.0,307.5199890136719,4666.7197265625,0.0,0.0,nan,0.0,0.0,0.0,0.0,19400.0,264.84613037109375,279.8570861816406,286.0931396484375,291.095947265625,295.74908447265625,5815.23095703125,3127.137451171875,1514.879638671875,797.9752197265625,121.37847137451172,289.8105163574219,77.0,69.3613052368164,721.3472900390625,4590.0,0.0,8.0,5827.421875,3125.885498046875,1506.560791015625,785.9226684570312,118.565185546875,266.3522644042969,280.2463684082031,287.04559326171875,292.0938415527344,296.6171569824219,34.37158203125,77.3951416015625,82.02130126953125,81.93656921386719,0.9121780395507812,0.5981035232543945,0.3145456314086914,291.07373046875,289.07373046875,101433.8125,91912.609375,,18.921546936035156,40.0,0.0,7620.0,30.0,32.0,402.0,42.0,45.0,48.0,48.0,48.0,37.0,37.0,37.0,37.0,12.0,0.0,283.17999267578125,282.0,91.0,3.0,18.0,19.100000381469727
2025-07-26T00:51,2025-07-26T01:00,48,train,0,2025,7,0,43,2025-07-24T06:00,49,2025-07-24T00:00,49,2025-07-24T00:00,46,2025-07-24T03:00,48,2025-07-24T00:00,36,2025-07-24T13:00,-999.0,46.0,96.0,0.0,0.0,1500.8468017578125,1475.2615966796875,nan,85400.0,1712.34814453125,5.178786754608154,264.8842468261719,280.00274658203125,287.1439208984375,292.0125427246094,296.5768737792969,5816.142578125,3121.88232421875,1505.138671875,105.2625732421875,288.0379333496094,96.80000305175781,492.98077392578125,4739.7060546875,12200.0,0.0,7.889999866485596,2382.490234375,99.5999984741211,0.0,0.0,0.0,24134.97265625,0.0,0.0,262.0069274902344,275.7025146484375,284.61444091796875,288.9024963378906,290.3744201660156,5792.4345703125,3138.26220703125,1547.88720703125,834.521484375,169.3897705078125,290.5386962890625,82.0999984741211,76.9000015258789,256.75445556640625,3646.239990234375,19999.99609375,35.0,0.0,0.0,24100.0,265.20001220703125,280.3999938964844,286.70001220703125,289.3999938964844,293.79998779296875,5801.8740234375,3106.16015625,1489.0797119140625,773.384521484375,103.19903564453125,286.5400085449219,95.0,96.0,397.2799987792969,4766.56005859375,0.0,0.3125,889.3499755859375,100.0,0.0,56.0,100.0,6100.0,265.09832763671875,280.05816650390625,287.6481628417969,291.3612365722656,296.0306396484375,5813.88818359375,3125.043212890625,1501.9820556640625,780.9619140625,103.0010757446289,291.43695068359375,96.0,95.51683807373047,611.139892578125,4520.0,0.0,22.9375,5827.57421875,3130.70703125,1501.21630859375,776.8220825195312,109.007080078125,265.3861389160156,281.0849304199219,288.6870422363281,292.570068359375,296.92938232421875,73.22285461425781,92.36612701416016,94.10359954833984,96.0518569946289,-0.2022113800048828,0.48054027557373047,0.2460479736328125,291.9200744628906,291.5763244628906,101325.3125,91811.53125,,30.229223251342773,60.0,92.0,9192.0,30.0,32.0,256.0,43.0,48.0,50.0,50.0,53.0,48.0,48.0,48.0,48.0,77.0,0.0,284.27996826171875,284.1100158691406,99.0,8.0,15.600000381469727,16.700000762939453
2025-08-28T15:54,2025-08-28T16:00,1,holdout_webcam,0,2025,8,15,1,2025-08-28T15:00,4,2025-08-28T12:00,4,2025-08-28T12:00,1,2025-08-28T15:00,3,2025-08-28T12:00,1,2025-08-28T15:00,-999.0,0.0,1.0,0.0,0.0,nan,nan,nan,nan,nan,2.9262940883636475,257.8267822265625,273.21539306640625,281.2210693359375,287.82452392578125,292.4786682128906,5715.71337890625,3095.785888671875,1522.2647705078125,152.64620971679688,285.40936279296875,60.599998474121094,817.323486328125,3102.978271484375,30200.0,0.0,0.0,20000.130859375,12.600000381469727,0.0,0.0,0.0,24135.21875,0.0,0.25,257.78717041015625,272.64678955078125,282.0897521972656,288.470947265625,295.48614501953125,5667.705078125,3056.6201171875,1479.2978515625,770.237060546875,101.47872161865234,295.73876953125,46.29999923706055,62.79999923706055,1739.516357421875,2964.800048828125,20000.025390625,20.0,0.0,0.0,14500.0,257.6000061035156,274.6000061035156,279.79998779296875,285.20001220703125,289.5,5715.2412109375,3093.09423828125,1521.0086669921875,818.3142700195312,150.49684143066406,283.5199890136719,84.0,87.0,437.20001220703125,3352.145751953125,9.999999747378752e-05,0.0625,nan,4.0,0.0,0.0,4.0,35700.0,257.7573547363281,273.396728515625,280.66265869140625,287.30413818359375,292.35577392578125,5709.20654296875,3089.129638671875,1517.05078125,812.614501953125,149.12307739257812,289.20587158203125,54.525489807128906,53.44127655029297,1320.4229736328125,3160.0,0.0,0.0,5713.859375,3095.337646484375,1523.46044921875,818.7454833984375,158.287841796875,257.8341064453125,273.4686584472656,280.327880859375,287.3875427246094,291.9959716796875,33.59139633178711,70.94969177246094,49.98892593383789,45.06584548950195,-0.0847177505493164,-0.0006971359252929688,-0.08160877227783203,289.1136169433594,277.9573669433594,101892.375,92248.671875,,12.868548393249512,25.0,0.0,7620.0,88888.0,2640.0,16209.0,0.0,4.0,11.0,13.0,18.0,14.0,14.0,14.0,14.0,13.0,440.0,280.15997314453125,274.6299743652344,68.0,0.0,10.0,12.100000381469727
2025-08-28T15:54,2025-08-28T16:00,24,holdout_webcam,0,2025,8,15,22,2025-08-27T18:00,22,2025-08-27T18:00,22,2025-08-27T18:00,25,2025-08-27T15:00,21,2025-08-27T18:00,24,2025-08-27T16:00,-999.0,0.0,3.0,61.0,23.0,nan,7289.63134765625,nan,40300.0,nan,2.7902417182922363,257.3380126953125,272.2869873046875,280.94598388671875,287.6272277832031,292.32440185546875,5708.1552734375,3093.2607421875,1523.8214111328125,155.70458984375,285.1165771484375,61.70000076293945,849.1976318359375,2919.872802734375,29500.0,0.0,0.6299999952316284,6178.55615234375,47.599998474121094,0.0,0.0,0.0,24134.92578125,0.0,0.0,257.98272705078125,272.90643310546875,282.7608947753906,289.4320983886719,296.2508544921875,5671.26904296875,3055.00830078125,1477.4031982421875,766.4862670898438,95.94511413574219,296.53631591796875,40.29999923706055,55.0,2258.874267578125,3010.719970703125,19999.916015625,27.0,0.0,0.0,24100.0,258.0,274.6000061035156,279.5,285.20001220703125,289.3999938964844,5718.1826171875,3093.03662109375,1518.53271484375,816.1837158203125,149.20053100585938,283.3299865722656,84.0999984741211,83.0,711.6799926757812,3347.6240234375,0.0,0.125,nan,0.0,0.0,36.0,0.0,36600.0,257.13922119140625,272.53570556640625,280.47052001953125,286.9874267578125,292.1036682128906,5709.306640625,3096.399169921875,1525.458984375,821.614501953125,158.77316284179688,288.8186950683594,54.02450942993164,51.62441635131836,1067.48828125,2992.502197265625,0.0,2.5625,5709.73828125,3091.001708984375,1520.042724609375,814.2317504882812,153.1484375,257.93682861328125,272.8627624511719,280.7305603027344,287.884033203125,292.47674560546875,34.1080436706543,68.03748321533203,46.653350830078125,41.929290771484375,-0.056255340576171875,0.10558414459228516,0.037886619567871094,289.44476318359375,277.75677490234375,101835.0,92213.578125,,12.166498184204102,22.0,89.0,8012.0,88886.0,3032.0,209.0,7.0,9.0,17.0,18.0,19.0,49.0,49.0,49.0,49.0,12.0,408.0,280.3699951171875,274.5299987792969,66.0,1.0,7.599999904632568,9.300000190734863
2025-10-02T21:53,2025-10-02T22:00,1,train,0,2025,10,21,1,2025-10-02T21:00,4,2025-10-02T18:00,4,2025-10-02T18:00,1,2025-10-02T21:00,3,2025-10-02T18:00,1,2025-10-02T21:00,-999.0,0.0,0.0,0.0,1.0,nan,nan,nan,nan,nan,1.5353295803070068,260.57696533203125,276.962158203125,278.7357482910156,283.39837646484375,287.92108154296875,5831.3623046875,3178.998046875,1592.3466796875,232.0079345703125,280.0760803222656,55.400001525878906,229.42584228515625,3857.600341796875,34200.0,0.0,0.0,9508.6904296875,0.0,79.5999984741211,100.0,0.0,24135.15625,0.0,0.0,260.8656005859375,276.57843017578125,287.2730407714844,290.17303466796875,290.6407775878906,5820.044921875,3167.46044921875,1560.6832275390625,844.0326538085938,177.6101531982422,288.29998779296875,39.5,29.799999237060547,10.515095710754395,3728.320068359375,20000.09765625,2.0,0.0,3.0,24100.0,261.0,276.8999938964844,277.8999938964844,282.8999938964844,287.1000061035156,5830.9287109375,3176.863037109375,1591.4945068359375,895.2105102539062,241.6674041748047,280.34002685546875,75.9000015258789,73.0,35.84000015258789,3846.672119140625,0.0,0.0,nan,0.0,0.0,100.0,0.0,37000.0,260.7219543457031,276.8785705566406,278.86065673828125,283.4564208984375,288.3612365722656,5832.798828125,3179.50341796875,1593.628662109375,897.756103515625,237.49269104003906,283.648193359375,53.18804931640625,47.42884063720703,651.517333984375,3839.47314453125,0.0,0.0,5836.3359375,3177.96484375,1593.432861328125,897.1749267578125,243.501220703125,260.991943359375,276.6390380859375,277.9071044921875,283.81683349609375,288.3818359375,47.15392303466797,51.76461410522461,40.79246520996094,40.178592681884766,0.24791717529296875,-0.2362527847290039,-0.5070915222167969,284.80718994140625,273.21343994140625,102927.9375,93128.78125,,12.222373008728027,37.0,0.0,7620.0,88886.0,7128.0,16274.0,0.0,0.0,0.0,0.0,0.0,5.0,5.0,5.0,5.0,0.0,0.0,275.7599792480469,268.64996337890625,58.0,0.0,3.200000047683716,3.3999998569488525
2025-08-28T15:54,2025-08-28T16:00,48,holdout_webcam,0,2025,8,15,46,2025-08-26T18:00,46,2025-08-26T18:00,46,2025-08-26T18:00,49,2025-08-26T15:00,45,2025-08-26T18:00,36,2025-08-27T04:00,-999.0,0.0,0.0,0.0,71.0,nan,1669.343505859375,nan,27700.0,nan,3.714154005050659,256.66363525390625,271.2901611328125,281.01495361328125,287.72711181640625,292.4130554199219,5713.5419921875,3105.5634765625,1538.643310546875,171.61541748046875,285.1093444824219,55.099998474121094,804.6239624023438,2653.71435546875,34500.0,0.0,1.9299999475479126,20000.140625,34.29999923706055,1.7000000476837158,0.0,0.0,24135.025390625,0.0,0.0,258.4958801269531,272.8087158203125,282.69451904296875,289.3745422363281,296.1361389160156,5679.43359375,3057.367431640625,1480.644775390625,769.8729248046875,99.47601318359375,296.3327331542969,40.5,54.599998474121094,2289.016845703125,2984.800048828125,19999.947265625,8.0,40.0,36.0,24100.0,258.20001220703125,274.1000061035156,280.6000061035156,286.29998779296875,290.5,5715.86767578125,3090.89990234375,1518.39599609375,814.0228271484375,152.98558044433594,285.8299865722656,58.099998474121094,62.0,1086.47998046875,3310.196533203125,0.0,0.0,9842.236328125,4.0,1.0,100.0,4.0,32600.0,256.6183166503906,271.8011779785156,279.8302307128906,286.3649597167969,291.4847412109375,5711.27880859375,3101.40966796875,1535.7308349609375,833.3296508789062,172.0234375,288.4365539550781,58.126380920410156,57.1068115234375,1220.534423828125,2733.350341796875,0.0,1.125,5711.8359375,3094.064453125,1523.04150390625,817.9458618164062,157.489501953125,257.91534423828125,273.25885009765625,280.44183349609375,287.54095458984375,292.0902404785156,33.591957092285156,70.45047760009766,48.60231018066406,44.342430114746094,-0.07079029083251953,0.08120059967041016,0.027724266052246094,289.226806640625,277.758056640625,101885.5,92253.046875,,14.856145858764648,23.0,53.0,8492.0,822.0,824.0,384.0,14.0,21.0,27.0,32.0,35.0,40.0,41.0,41.0,43.0,8.0,600.0,280.5199890136719,274.5299987792969,65.0,0.0,7.199999809265137,8.800000190734863
2025-10-02T21:53,2025-10-02T22:00,24,train,0,2025,10,21,22,2025-10-02T00:00,22,2025-10-02T00:00,22,2025-10-02T00:00,25,2025-10-01T21:00,21,2025-10-02T00:00,24,2025-10-01T22:00,-999.0,0.0,0.0,0.0,83.0,nan,8128.79443359375,nan,36500.0,nan,2.387047052383423,259.42559814453125,276.136962890625,277.3970642089844,282.42041015625,286.96783447265625,5825.1865234375,3182.8173828125,1601.24462890625,246.06878662109375,279.103759765625,58.79999923706055,320.9806823730469,3730.5517578125,30700.0,0.0,0.0,9592.66015625,0.0,11.399999618530273,100.0,0.0,24134.7265625,0.0,0.0,262.8638000488281,276.71392822265625,287.25390625,290.1039123535156,291.03631591796875,5821.6455078125,3166.30419921875,1558.71337890625,842.5025634765625,175.18446350097656,288.4513244628906,42.79999923706055,29.899999618530273,10.512957572937012,3748.800048828125,20000.10546875,1.0,3.0,4.0,24100.0,260.0,277.1000061035156,277.6000061035156,282.29998779296875,286.5,5830.64599609375,3179.9521484375,1591.7515869140625,897.1257934570312,246.4228515625,279.8800048828125,72.69999694824219,68.0,35.68000030517578,3898.59326171875,0.0,0.0,8035.50146484375,0.0,0.0,100.0,0.0,34700.0,259.2530822753906,276.2259521484375,278.0689392089844,281.971435546875,286.86077880859375,5826.85546875,3184.65380859375,1600.802734375,908.3311767578125,251.5684814453125,282.6706848144531,55.42567443847656,49.9460334777832,640.6893920898438,3718.1240234375,0.0,0.0,5831.6015625,3175.13330078125,1589.193603515625,892.9649658203125,239.7841796875,260.71905517578125,276.6157531738281,277.87744140625,283.60943603515625,288.17822265625,51.67678451538086,51.451133728027344,44.11155700683594,40.73459243774414,0.2427997589111328,-0.3252830505371094,-0.5152702331542969,284.758544921875,273.539794921875,102879.375,93081.875,,12.500142097473145,24.0,59.0,8156.0,88891.0,3232.0,402.0,4.0,4.0,4.0,4.0,7.0,34.0,34.0,34.0,34.0,0.0,0.0,275.75,267.92999267578125,56.0,0.0,2.799999952316284,3.200000047683716
2025-10-02T21:53,2025-10-02T22:00,48,train,0,2025,10,21,46,2025-10-01T00:00,46,2025-10-01T00:00,46,2025-10-01T00:00,49,2025-09-30T21:00,45,2025-10-01T00:00,36,2025-10-01T10:00,-999.0,0.0,0.0,0.0,100.0,nan,1249.070556640625,nan,30200.0,nan,2.8064420223236084,259.29779052734375,276.1187744140625,277.875,282.2510986328125,286.7908935546875,5821.498046875,3181.54443359375,1598.663818359375,244.1992645263672,279.2689514160156,40.79999923706055,218.9803924560547,3716.541015625,48800.0,0.0,0.0,6230.58544921875,0.0,80.19999694824219,100.0,0.0,24134.9453125,0.0,0.0,261.59783935546875,276.8642883300781,286.96405029296875,290.18426513671875,290.9437255859375,5814.63427734375,3159.39501953125,1553.1529541015625,837.0335693359375,170.01242065429688,288.9000244140625,48.900001525878906,30.700000762939453,10.520357131958008,3876.159912109375,20000.1015625,0.0,0.0,34.0,24100.0,260.0,276.5,277.29998779296875,282.0,286.20001220703125,5827.26171875,3178.008056640625,1593.1346435546875,899.3594970703125,250.42152404785156,279.55999755859375,69.5,66.0,35.68000030517578,3935.221435546875,0.0,0.0,nan,0.0,0.0,100.0,0.0,39200.0,258.99688720703125,275.753173828125,278.2225341796875,281.7746887207031,286.65252685546875,5820.6552734375,3180.94775390625,1597.39697265625,905.3763427734375,249.36962890625,282.3772277832031,50.0,44.17652893066406,556.8762817382812,3682.70361328125,0.0,0.0,5834.16015625,3174.216552734375,1591.11669921875,896.3785400390625,244.0078125,261.25164794921875,276.7084045410156,277.2097473144531,283.10626220703125,287.707275390625,50.9927864074707,61.61884689331055,45.833740234375,41.784523010253906,0.1669626235961914,-0.3657875061035156,-0.4267282485961914,284.3810729980469,274.1449279785156,102930.5,93120.5546875,,12.488018989562988,32.0,56.0,7664.0,88886.0,4440.0,457.0,3.0,4.0,4.0,4.0,4.0,31.0,31.0,31.0,31.0,0.0,0.0,275.66998291015625,268.0899963378906,58.0,0.0,2.799999952316284,3.299999952316284
2025-10-26T18:53,2025-10-26T19:00,1,train,0,2025,10,18,1,2025-10-26T18:00,1,2025-10-26T18:00,1,2025-10-26T18:00,1,2025-10-26T18:00,0,2025-10-26T18:00,1,2025-10-26T18:00,-999.0,100.0,100.0,0.0,0.0,1463.5421142578125,1342.4080810546875,83100.0,87100.0,1879.0218505859375,5.9236040115356445,243.8983154296875,260.34844970703125,268.547607421875,273.91241455078125,278.35528564453125,5517.2587890625,3035.2587890625,1532.5484619140625,227.28192138671875,270.9645690917969,96.80000305175781,513.5399780273438,973.2218627929688,12200.0,0.0,0.11900000274181366,5295.2626953125,68.0,0.0,0.0,7.400000095367432,24134.765625,5.599999894911889e-06,0.0625,256.0630798339844,271.6534423828125,274.7495422363281,280.1795654296875,284.2217102050781,5678.17822265625,3072.5244140625,1518.5831298828125,829.6571655273438,182.86068725585938,284.0663757324219,78.80000305175781,79.19999694824219,376.4860534667969,1721.280029296875,1301.4139404296875,59.0,3.0,0.0,3200.0,244.0,260.5,269.20001220703125,273.8999938964844,277.8999938964844,5523.50048828125,3042.921142578125,1537.485107421875,863.9892578125,224.0295867919922,272.22998046875,94.30000305175781,99.0,624.9600219726562,1038.849609375,0.00019999999494757503,0.875,1043.125732421875,100.0,2.0,0.0,100.0,15300.673828125,244.29904174804688,260.15814208984375,268.1885070800781,273.62261962890625,278.5508728027344,5521.00732421875,3043.1376953125,1540.2591552734375,868.8731079101562,236.17945861816406,274.8360290527344,87.7139892578125,88.4414291381836,959.6045532226562,933.1281127929688,0.0,0.0625,5521.42578125,3041.81103515625,1535.92333984375,861.9482421875,228.9150390625,244.68540954589844,259.49700927734375,269.3916931152344,274.84405517578125,279.16900634765625,87.59710693359375,85.78302764892578,74.76771545410156,67.06151580810547,0.5538101196289062,0.9013910293579102,0.5688467025756836,275.919189453125,271.1494445800781,102848.375,92746.3984375,,7.213860034942627,82.0,0.0,7620.0,30.0,32.0,209.0,65.0,69.0,94.0,94.0,94.0,70.0,70.0,70.0,70.0,14.0,0.0,267.2799987792969,267.510009765625,100.0,8.0,9.699999809265137,11.600000381469727
2025-10-26T18:53,2025-10-26T19:00,24,train,0,2025,10,18,25,2025-10-25T18:00,25,2025-10-25T18:00,25,2025-10-25T18:00,22,2025-10-25T21:00,24,2025-10-25T18:00,24,2025-10-25T19:00,-999.0,79.0,79.0,0.0,0.0,nan,1342.26904296875,nan,87100.0,nan,3.8968329429626465,246.6447296142578,260.14654541015625,268.17425537109375,273.6436462402344,278.0909423828125,5531.1572265625,3031.0478515625,1533.94140625,229.60055541992188,270.949951171875,85.80000305175781,784.5665893554688,969.8342895507812,16600.0,0.0,0.8500000238418579,19999.96484375,12.100000381469727,0.0,0.0,9.800000190734863,24135.091796875,1.5999999959603883e-05,0.0625,256.2201843261719,271.91973876953125,275.2758483886719,279.9689025878906,284.7409973144531,5679.35205078125,3069.658935546875,1517.476318359375,828.6024780273438,181.3299102783203,284.5995788574219,77.19999694824219,90.5999984741211,393.5923156738281,1862.56005859375,19999.8046875,45.0,0.0,0.0,0.0,246.60000610351562,261.3999938964844,268.20001220703125,273.5,277.6000061035156,5534.97509765625,3037.048828125,1533.64404296875,861.4573364257812,224.3782196044922,272.02001953125,98.5,100.0,753.1199951171875,1007.7698364257812,9.999999747378752e-05,0.5,836.960693359375,100.0,0.0,0.0,100.0,3801.00732421875,245.01023864746094,259.369873046875,268.2217712402344,272.9397277832031,277.660888671875,5517.29443359375,3030.5595703125,1534.768310546875,863.765625,232.6547393798828,273.7105712890625,97.72335815429688,97.04869842529297,604.094970703125,823.9009399414062,7.000000186963007e-05,1.25,5523.54296875,3032.70703125,1532.468994140625,860.210205078125,228.156494140625,245.61985778808594,258.3589172363281,268.5717468261719,274.40716552734375,278.7205505371094,78.7020492553711,87.47443389892578,74.58325958251953,67.03035736083984,0.109039306640625,0.7483196258544922,0.4288177490234375,275.6246337890625,270.91265869140625,102847.1875,92730.609375,,6.14892053604126,78.0,0.0,7620.0,0.0,0.0,209.0,86.0,86.0,86.0,86.0,92.0,56.0,56.0,56.0,56.0,17.0,0.0,266.6499938964844,266.6300048828125,100.0,21.0,8.0,9.699999809265137
2025-10-26T18:53,2025-10-26T19:00,48,train,0,2025,10,18,43,2025-10-25T00:00,49,2025-10-24T18:00,49,2025-10-24T18:00,46,2025-10-24T21:00,48,2025-10-24T18:00,36,2025-10-25T07:00,2139.0,15.0,100.0,0.0,0.0,1878.816650390625,1342.365478515625,69800.0,87100.0,nan,3.714298963546753,244.7510223388672,257.95263671875,267.9542541503906,273.0536193847656,277.398193359375,5506.109375,3023.527587890625,1529.631591796875,230.79962158203125,270.8634338378906,91.30000305175781,704.0454711914062,955.9456176757812,1100.0,0.0003000000142492354,1.0,5239.40087890625,48.29999923706055,0.0,0.0,1.899999976158142,24134.896484375,1.2000000424450263e-05,0.0625,256.7331848144531,270.9291076660156,274.9142150878906,279.9095764160156,283.2545166015625,5676.7578125,3064.446533203125,1515.4705810546875,826.9297485351562,180.22296142578125,282.573486328125,92.4000015258789,89.80000305175781,154.98057556152344,1821.5999755859375,20000.1875,45.0,1.0,0.0,0.0,245.8000030517578,262.20001220703125,267.8999938964844,273.0,277.0,5540.4189453125,3042.86767578125,1532.6151123046875,861.7504272460938,224.90574645996094,271.4900207519531,97.69999694824219,100.0,374.7200012207031,924.9600219726562,9.999999747378752e-05,0.1875,1116.7589111328125,100.0,0.0,0.0,100.0,16301.419921875,244.49009704589844,257.0123291015625,267.6474304199219,273.0784606933594,277.9920959472656,5503.8798828125,3025.576171875,1534.4229736328125,864.5819091796875,235.57168579101562,274.5018615722656,85.36737060546875,87.00054931640625,961.6137084960938,880.08544921875,0.0,1.6875,5520.46875,3032.281005859375,1532.17626953125,858.759765625,226.345947265625,245.39932250976562,258.3922119140625,269.00750732421875,274.68353271484375,279.0010681152344,74.12178039550781,78.65420532226562,68.98849487304688,61.66420364379883,0.1716928482055664,0.4383735656738281,0.36885738372802734,276.00189208984375,270.0462951660156,102824.125,92712.7734375,,5.99675178527832,82.0,0.0,7620.0,0.0,0.0,201.0,85.0,85.0,85.0,85.0,91.0,47.0,47.0,47.0,47.0,26.0,0.0,266.6000061035156,266.6000061035156,98.0,14.0,7.599999904632568,8.899999618530273
2025-11-14T16:53,2025-11-14T17:00,1,holdout_webcam,0,2025,11,16,1,2025-11-14T16:00,5,2025-11-14T12:00,5,2025-11-14T12:00,1,2025-11-14T16:00,0,2025-11-14T18:00,1,2025-11-14T16:00,-999.0,25.0,100.0,0.0,0.0,nan,1341.701904296875,nan,85600.0,nan,8.924452781677246,243.76422119140625,257.2594299316406,265.52276611328125,270.67022705078125,274.9457702636719,5349.7626953125,2881.7705078125,1397.094482421875,109.986572265625,266.390380859375,95.4000015258789,457.2963562011719,270.8800048828125,12200.0,0.0,0.013000000268220901,2066.594482421875,0.0,99.69999694824219,0.0,0.0,24135.173828125,0.0,0.0625,253.85755920410156,271.3159484863281,282.1690673828125,287.8662109375,289.1954345703125,5571.47412109375,2981.693115234375,1405.5081787109375,697.4093017578125,34.61559295654297,288.2460021972656,83.80000305175781,62.29999923706055,136.48495483398438,2671.0400390625,20000.150390625,41.0,4.0,0.0,0.0,244.3000030517578,257.8999938964844,264.29998779296875,269.20001220703125,273.20001220703125,5349.955078125,2882.97802734375,1394.675537109375,733.0865478515625,104.01300048828125,267.1900329589844,98.0999984741211,100.0,499.20001220703125,264.6400146484375,0.00019999999494757503,1.4375,975.3245849609375,100.0,2.0,0.0,100.0,15900.0,244.16061401367188,257.0423889160156,264.51708984375,270.1778869628906,274.7146911621094,5345.1611328125,2878.611328125,1395.6904296875,733.52294921875,109.6280288696289,270.28729248046875,86.01578521728516,82.969970703125,801.0946655273438,320.0,9.999999747378752e-06,0.0,5347.83984375,2876.006103515625,1395.25634765625,730.7429809570312,106.87158203125,244.24269104003906,256.40814208984375,265.04119873046875,271.1669921875,275.2635498046875,85.40663146972656,96.28053283691406,68.24681091308594,64.44595336914062,0.7106971740722656,0.5931224822998047,0.49963951110839844,270.7487487792969,266.8108825683594,101352.6875,91233.484375,,5.264450550079346,83.0,0.0,7620.0,0.0,0.0,209.0,78.0,83.0,89.0,91.0,92.0,72.0,72.0,73.0,73.0,12.0,0.0,262.92999267578125,262.8999938964844,99.0,8.0,15.199999809265137,17.200000762939453
2025-11-14T16:53,2025-11-14T17:00,24,holdout_webcam,0,2025,11,16,23,2025-11-13T18:00,23,2025-11-13T18:00,23,2025-11-13T18:00,26,2025-11-13T15:00,24,2025-11-13T18:00,24,2025-11-13T17:00,-999.0,2.0,56.0,40.0,0.0,nan,1341.5302734375,nan,85500.0,nan,7.913843631744385,243.36328125,256.27911376953125,264.4866943359375,269.3727111816406,273.5821228027344,5328.689453125,2864.0771484375,1384.4061279296875,102.58700561523438,265.19012451171875,94.69999694824219,412.24957275390625,82.95999908447266,12900.0,0.0,9.220000267028809,19999.919921875,0.0,0.0,0.0,0.0,24135.197265625,0.0,0.0,253.81675720214844,271.1426696777344,282.4024658203125,287.9051818847656,289.6435852050781,5573.9404296875,2987.813720703125,1411.947265625,703.62353515625,40.69981384277344,288.1748962402344,74.80000305175781,55.20000076293945,21.742572784423828,2701.919921875,1195.8865966796875,54.0,4.0,0.0,0.0,244.0,257.0,264.5,269.29998779296875,273.29998779296875,5343.76318359375,2869.932861328125,1387.6771240234375,725.8355712890625,98.61434173583984,267.4599914550781,98.19999694824219,100.0,548.47998046875,305.2799987792969,0.0005000000237487257,2.4375,893.1741943359375,100.0,0.0,0.0,100.0,10000.0,243.09576416015625,255.4260711669922,264.1556396484375,269.4839172363281,273.908203125,5329.68359375,2866.154296875,1390.115478515625,729.1581420898438,108.60935974121094,269.1850891113281,93.0,90.75263214111328,801.5055541992188,160.0,9.999999747378752e-06,4.75,5348.25390625,2871.194580078125,1387.803955078125,726.0654296875,105.156982421875,244.04832458496094,257.85992431640625,264.38873291015625,269.9123840332031,274.0350341796875,64.31724548339844,93.2656021118164,76.93550872802734,72.24740600585938,0.4680032730102539,1.110264778137207,0.5589752197265625,269.70916748046875,266.52166748046875,101329.5625,91164.1953125,,4.9151129722595215,77.0,0.0,7620.0,30.0,31.0,209.0,90.0,92.0,97.0,100.0,100.0,57.0,58.0,58.0,59.0,10.0,0.0,262.80999755859375,262.7200012207031,99.0,8.0,15.199999809265137,17.0
2025-11-14T16:53,2025-11-14T17:00,48,holdout_webcam,0,2025,11,16,47,2025-11-12T18:00,47,2025-11-12T18:00,47,2025-11-12T18:00,50,2025-11-12T15:00,48,2025-11-12T18:00,36,2025-11-13T05:00,-999.0,100.0,100.0,100.0,1.0,1341.7391357421875,1341.6129150390625,77900.0,85400.0,2247.248291015625,4.968448162078857,244.94723510742188,254.61233520507812,264.59869384765625,269.853515625,274.0721740722656,5313.7109375,2852.17724609375,1377.16015625,96.32621765136719,265.6557922363281,94.0999984741211,738.5020141601562,151.83999633789062,300.0,0.0,15.930000305175781,4444.705078125,0.0,94.0,92.9000015258789,0.0,24135.158203125,0.0,0.0625,254.1242218017578,271.34503173828125,282.79132080078125,286.9651794433594,290.40130615234375,5571.33154296875,2984.50341796875,1408.25537109375,699.8319091796875,37.22203063964844,289.3968811035156,71.0999984741211,68.19999694824219,119.6371078491211,2740.0,19999.853515625,38.0,0.0,0.0,0.0,245.60000610351562,258.5,263.29998779296875,267.79998779296875,271.79998779296875,5337.4697265625,2856.16748046875,1371.7412109375,713.5404663085938,85.58373260498047,265.6500244140625,98.19999694824219,100.0,403.5199890136719,27.520000457763672,0.00019999999494757503,0.875,825.0986328125,100.0,32.0,11.0,100.0,3300.0,245.21055603027344,254.40005493164062,264.8852233886719,269.86395263671875,274.2877197265625,5316.0810546875,2855.594970703125,1377.8109130859375,715.5449829101562,96.13617706298828,269.46148681640625,96.0,94.85009002685547,651.9589233398438,190.0,9.999999747378752e-06,11.125,5341.83984375,2860.839599609375,1380.081298828125,718.02490234375,97.38037109375,244.9027862548828,257.90673828125,264.4565124511719,269.8160400390625,273.9015197753906,74.12031555175781,99.83744049072266,84.02759552001953,80.21284484863281,-0.005225181579589844,0.5439128875732422,0.538665771484375,269.54815673828125,267.5579833984375,101227.4375,91069.5625,,5.578385353088379,81.0,0.0,7620.0,32.0,32.0,201.0,98.0,98.0,98.0,98.0,98.0,53.0,53.0,55.0,55.0,9.0,0.0,262.6000061035156,262.6000061035156,100.0,12.0,14.800000190734863,17.100000381469727
2025-12-02T16:55,2025-12-02T17:00,1,holdout_webcam,0,2025,12,16,1,2025-12-02T16:00,5,2025-12-02T12:00,5,2025-12-02T12:00,1,2025-12-02T16:00,0,2025-12-02T18:00,1,2025-12-02T16:00,-999.0,8.0,20.0,100.0,100.0,2660.637451171875,1341.73583984375,32400.0,85900.0,10128.1396484375,7.367837429046631,252.66517639160156,260.0603332519531,265.4591064453125,268.6865234375,272.36273193359375,5455.35986328125,2914.28271484375,1423.37109375,136.67266845703125,266.49420166015625,89.0999984741211,384.6614685058594,284.1600036621094,1100.0,0.0003000000142492354,0.9520000219345093,1061.1627197265625,94.4000015258789,97.80000305175781,0.0,52.400001525878906,19426.953125,6.359999679261819e-05,3.5,247.9232940673828,264.1372985839844,273.3656921386719,278.5959167480469,280.8674621582031,5476.150390625,2955.95068359375,1425.268798828125,740.10888671875,99.50575256347656,280.53533935546875,92.4000015258789,90.30000305175781,298.64849853515625,1459.6800537109375,1704.001708984375,100.0,100.0,100.0,700.0,253.6999969482422,260.0,264.6000061035156,268.6000061035156,272.6000061035156,5446.5009765625,2899.667724609375,1413.6217041015625,753.2445678710938,140.19398498535156,266.2300109863281,89.0999984741211,92.0,500.0799865722656,116.63999938964844,0.00039999998989515007,2.75,1284.9447021484375,60.0,100.0,100.0,57.0,600.0,254.0878448486328,258.73443603515625,266.16314697265625,268.3368835449219,271.5294494628906,5445.6259765625,2903.153564453125,1415.53076171875,753.0034790039062,131.70486450195312,269.4512939453125,93.0,93.443115234375,397.76385498046875,180.0,0.0005099999834783375,1.75,5440.1953125,2898.748291015625,1408.3974609375,746.985107421875,132.5859375,252.5691375732422,259.69439697265625,266.1834411621094,267.36968994140625,271.1268005371094,100.24883270263672,96.32831573486328,90.74850463867188,86.37127685546875,-0.503270149230957,0.45440673828125,0.0555267333984375,267.5740966796875,265.6619873046875,101658.375,91417.234375,,9.377593040466309,96.0,0.0,7620.0,0.0,0.0,209.0,76.0,85.0,96.0,100.0,100.0,100.0,100.0,100.0,100.0,0.0,0.0,262.17999267578125,262.2599792480469,100.0,74.0,4.400000095367432,5.400000095367432
2025-12-22T13:56,2025-12-22T14:00,1,train,0,2025,12,13,1,2025-12-22T13:00,2,2025-12-22T12:00,2,2025-12-22T12:00,1,2025-12-22T13:00,3,2025-12-22T12:00,1,2025-12-22T13:00,-999.0,0.0,100.0,0.0,0.0,1340.1689453125,1339.94677734375,nan,86000.0,1515.427978515625,13.86619758605957,236.16404724121094,253.24156188964844,255.67172241210938,257.971435546875,261.93377685546875,5305.44482421875,2898.02978515625,1447.453369140625,206.5655975341797,253.9764404296875,83.0999984741211,308.0291442871094,0.0,5700.0,0.0,0.0949999988079071,792.2860107421875,38.29999923706055,100.0,100.0,50.5,24135.216796875,0.0,0.0,248.55880737304688,262.9607238769531,270.3648681640625,274.9139404296875,280.847900390625,5409.49365234375,2892.654296875,1373.45703125,696.6976928710938,60.79484558105469,280.59442138671875,75.5,97.69999694824219,686.4374389648438,1022.239990234375,20000.0625,29.0,0.0,0.0,0.0,235.89999389648438,253.6999969482422,254.6999969482422,255.89999389648438,259.70001220703125,5305.22998046875,2894.87109375,1441.554931640625,812.2296752929688,214.0970458984375,254.39999389648438,96.19999694824219,100.0,309.8399963378906,0.0,0.0003000000142492354,1.125,792.653564453125,100.0,0.0,0.0,100.0,500.0,235.63352966308594,252.22756958007812,255.51065063476562,257.4486083984375,261.6648254394531,5299.18017578125,2898.344970703125,1452.8583984375,817.9773559570312,217.49070739746094,257.8656921386719,84.44416046142578,83.84876251220703,413.1219482421875,0.0,0.0,0.1875,5327.94140625,2910.823974609375,1455.075439453125,821.02783203125,228.77978515625,236.5672607421875,254.24099731445312,256.20257568359375,257.31005859375,261.3782958984375,23.210084915161133,73.49185180664062,94.71574401855469,83.2732925415039,1.9977760314941406,1.3412084579467773,0.38365745544433594,257.9052429199219,255.1654510498047,103033.25,92257.7421875,,1.6316440105438232,60.0,0.0,7620.0,88.0,64.0,0.0,43.0,43.0,45.0,56.0,62.0,59.0,59.0,59.0,59.0,0.0,0.0,251.0399932861328,250.0599822998047,90.0,2.0,28.399999618530273,30.5
2025-12-02T16:55,2025-12-02T17:00,24,holdout_webcam,0,2025,12,16,23,2025-12-01T18:00,23,2025-12-01T18:00,23,2025-12-01T18:00,26,2025-12-01T15:00,24,2025-12-01T18:00,24,2025-12-01T17:00,-999.0,0.0,62.0,100.0,100.0,2626.61083984375,1341.7440185546875,28500.0,85800.0,10843.8798828125,6.838059425354004,251.78610229492188,260.43646240234375,265.3797912597656,268.93743896484375,272.9977722167969,5444.0966796875,2910.30419921875,1417.838134765625,129.55909729003906,265.97442626953125,94.0,375.1955261230469,209.1199951171875,1000.0,0.0003000000142492354,4.110000133514404,288.7216796875,100.0,100.0,0.0,95.5999984741211,9904.328125,0.0003288000007160008,5.4375,247.40887451171875,264.4161071777344,273.4028625488281,277.6843566894531,280.5408020019531,5472.91357421875,2953.24853515625,1422.116943359375,737.554443359375,99.1482162475586,280.3060302734375,96.69999694824219,99.69999694824219,416.8673095703125,1456.6400146484375,1609.0906982421875,100.0,100.0,92.0,600.0,252.60000610351562,259.5,265.3999938964844,269.1000061035156,273.20001220703125,5439.94384765625,2892.7412109375,1404.638671875,742.8148803710938,128.23463439941406,266.6700134277344,90.9000015258789,93.0,407.5199890136719,184.0,0.0005000000237487257,2.5625,1815.455078125,91.0,100.0,100.0,23.0,900.0,252.34503173828125,259.6128845214844,266.081787109375,268.27850341796875,272.3326110839844,5443.61328125,2910.5625,1418.383544921875,756.6683349609375,134.20755004882812,269.2702331542969,89.20791625976562,91.49386596679688,388.0538635253906,160.0,0.00033000000985339284,4.625,5441.69140625,2901.822998046875,1412.105712890625,748.5811767578125,131.572998046875,252.47389221191406,259.1704406738281,266.6710205078125,268.49908447265625,272.2417297363281,100.33373260498047,93.3699951171875,91.93608093261719,87.93524932861328,-0.5588226318359375,0.6267919540405273,0.00168609619140625,268.67169189453125,266.93817138671875,101644.4375,91442.046875,,9.400028228759766,95.0,0.0,7620.0,30.0,32.0,209.0,84.0,84.0,84.0,89.0,92.0,89.0,89.0,89.0,89.0,0.0,0.0,261.95001220703125,261.83001708984375,100.0,76.0,4.800000190734863,6.199999809265137
2025-12-02T16:55,2025-12-02T17:00,48,holdout_webcam,0,2025,12,16,47,2025-11-30T18:00,47,2025-11-30T18:00,47,2025-11-30T18:00,50,2025-11-30T15:00,48,2025-11-30T18:00,36,2025-12-01T05:00,4719.7998046875,0.0,40.0,100.0,100.0,2113.640625,1341.4866943359375,26800.0,85900.0,11256.6943359375,7.807408332824707,252.33477783203125,260.86474609375,263.51434326171875,266.46240234375,270.4351501464844,5454.1845703125,2914.154052734375,1425.3154296875,144.19631958007812,263.7064208984375,90.69999694824219,354.8905029296875,0.0,600.0,0.00039999998989515007,10.800000190734863,311.9987487792969,100.0,100.0,0.0,95.9000015258789,24120.84765625,7.03999976394698e-05,3.5,247.66969299316406,264.4458312988281,273.25128173828125,277.7107238769531,280.82354736328125,5483.7451171875,2960.963134765625,1427.984375,744.5733032226562,105.54437255859375,280.6236877441406,94.69999694824219,93.9000015258789,389.24981689453125,1454.56005859375,1563.050048828125,100.0,100.0,69.0,600.0,253.60000610351562,260.79998779296875,264.3999938964844,267.8999938964844,271.8999938964844,5435.3818359375,2885.449951171875,1398.1309814453125,739.3670043945312,128.60035705566406,265.3999938964844,90.4000015258789,92.0,362.6400146484375,0.0,0.0006000000284984708,3.6875,2068.124267578125,100.0,100.0,100.0,26.0,1000.0,252.69992065429688,260.1545715332031,264.0448303222656,266.06610107421875,270.03594970703125,5441.52978515625,2899.792236328125,1411.830810546875,755.7872924804688,135.2872314453125,266.97198486328125,87.69066619873047,89.94528198242188,392.4913330078125,0.0,0.0002699999895412475,7.5,5427.2734375,2893.0068359375,1407.4345703125,749.2236938476562,135.9091796875,251.2412109375,260.11614990234375,264.6811828613281,266.75677490234375,270.7059326171875,99.77759552001953,99.43428039550781,88.58585357666016,82.69981384277344,-0.16655731201171875,-0.057999610900878906,-0.0265655517578125,266.93353271484375,264.65313720703125,101727.3125,91436.15625,,8.697686195373535,96.0,0.0,7620.0,32.0,32.0,201.0,95.0,95.0,95.0,95.0,95.0,91.0,91.0,91.0,91.0,0.0,0.0,261.1300048828125,260.739990234375,96.0,69.0,4.800000190734863,5.900000095367432
2025-12-22T13:56,2025-12-22T14:00,24,train,0,2025,12,13,26,2025-12-21T12:00,26,2025-12-21T12:00,26,2025-12-21T12:00,23,2025-12-21T15:00,21,2025-12-21T18:00,24,2025-12-21T14:00,-999.0,0.0,100.0,0.0,0.0,nan,1339.7996826171875,nan,86000.0,nan,15.640713691711426,236.19482421875,253.45205688476562,255.76922607421875,256.98785400390625,260.90423583984375,5300.08349609375,2887.13671875,1434.9998779296875,197.4785919189453,253.47665405273438,82.80000305175781,294.82696533203125,0.0,16300.0,0.0,0.6100000143051147,852.6741943359375,88.69999694824219,100.0,95.19999694824219,0.0,24134.896484375,0.0,0.0,248.4231414794922,263.23077392578125,271.7789611816406,275.2308349609375,281.0802917480469,5428.3828125,2906.08837890625,1382.4649658203125,704.286865234375,67.9608154296875,280.8867492675781,70.30000305175781,87.0,617.7500610351562,1047.52001953125,19999.921875,37.0,0.0,0.0,0.0,236.8000030517578,254.60000610351562,254.3000030517578,255.6999969482422,259.5,5303.30517578125,2892.672119140625,1436.5760498046875,808.1129150390625,210.58831787109375,253.86000061035156,97.0999984741211,100.0,349.20001220703125,0.0,9.999999747378752e-05,1.0,741.38330078125,100.0,0.0,0.0,100.0,3800.0,236.1024169921875,254.0035400390625,256.7420349121094,255.15956115722656,259.36175537109375,5311.93310546875,2898.416259765625,1442.834716796875,810.2445068359375,211.63418579101562,255.158447265625,83.83343505859375,92.6021499633789,366.1438903808594,0.0,0.0,0.625,5328.99609375,2910.56103515625,1448.684326171875,815.603271484375,225.568603515625,236.7604522705078,254.7822723388672,256.4073181152344,256.4205322265625,260.4276123046875,14.891514778137207,67.73160552978516,94.92427825927734,83.67113494873047,2.162881851196289,1.616109848022461,0.4182777404785156,256.91888427734375,254.1578826904297,103005.875,92188.34375,,1.4575011730194092,53.0,0.0,7620.0,32.0,32.0,209.0,66.0,68.0,72.0,72.0,72.0,48.0,48.0,49.0,59.0,0.0,0.0,251.12997436523438,249.85000610351562,89.0,2.0,28.399999618530273,30.600000381469727
2025-12-22T13:56,2025-12-22T14:00,48,train,0,2025,12,13,44,2025-12-20T18:00,50,2025-12-20T12:00,50,2025-12-20T12:00,47,2025-12-20T15:00,45,2025-12-20T18:00,36,2025-12-21T02:00,-999.0,100.0,100.0,0.0,0.0,1340.1468505859375,1339.9354248046875,nan,86100.0,1548.9979248046875,13.306498527526855,237.94927978515625,254.01998901367188,255.9456787109375,257.5744934082031,261.4940185546875,5317.5849609375,2893.89892578125,1441.849853515625,197.68240356445312,253.33689880371094,82.19999694824219,331.971435546875,0.0,12200.0,0.0,2.2100000381469727,19999.912109375,5.0,32.20000076293945,97.80000305175781,0.0,24134.923828125,0.0,0.0,248.1021728515625,262.8436584472656,271.32965087890625,275.50640869140625,281.48272705078125,5392.29052734375,2884.887939453125,1363.7210693359375,686.3510131835938,49.08784484863281,281.1766662597656,65.0999984741211,83.4000015258789,794.0642700195312,990.8800048828125,19999.814453125,35.0,0.0,0.0,0.0,239.10000610351562,253.60000610351562,254.1999969482422,255.39999389648438,259.20001220703125,5313.7626953125,2888.353759765625,1440.6348876953125,812.4961547851562,214.34703063964844,253.4600067138672,97.30000305175781,100.0,435.3599853515625,0.0,0.0,0.0625,908.4827270507812,100.0,0.0,0.0,100.0,13200.0,237.7529296875,254.40548706054688,256.23687744140625,256.0464172363281,259.9649658203125,5322.3330078125,2898.406982421875,1445.16455078125,810.4771118164062,208.2332763671875,255.75425720214844,84.96892547607422,88.40670013427734,383.0052490234375,0.0,0.0,2.0625,5317.65234375,2896.416748046875,1437.772216796875,805.9638671875,216.073486328125,237.26458740234375,255.29379272460938,255.10801696777344,256.3326416015625,260.32427978515625,21.423023223876953,73.32530975341797,94.26322174072266,83.37264251708984,2.715325355529785,2.2011184692382812,0.6858720779418945,256.7069396972656,253.90638732910156,102876.1875,92063.703125,,1.8308086395263672,41.0,0.0,7620.0,32.0,32.0,256.0,56.0,56.0,56.0,56.0,58.0,44.0,44.0,45.0,53.0,1.0,0.0,252.1699981689453,250.6599884033203,88.0,2.0,27.200000762939453,29.399999618530273
2026-01-08T19:55,2026-01-08T20:00,24,train,1,2026,1,19,26,2026-01-07T18:00,26,2026-01-07T18:00,26,2026-01-07T18:00,23,2026-01-07T21:00,21,2026-01-08T00:00,24,2026-01-07T20:00,-999.0,0.0,0.0,100.0,100.0,nan,7314.80859375,nan,39000.0,nan,9.330365180969238,250.0077667236328,266.702392578125,270.0626525878906,271.520751953125,275.62823486328125,5543.4365234375,2994.80322265625,1463.6683349609375,155.29354858398438,269.5286865234375,66.5999984741211,182.0419464111328,753.280029296875,25900.0,0.0,0.07400000095367432,1883.546875,100.0,100.0,93.5999984741211,0.0,24135.109375,5.0400001782691106e-05,0.0,253.05421447753906,268.4761047363281,276.8675842285156,279.7513732910156,283.94622802734375,5571.63916015625,2998.310791015625,1448.9373779296875,757.5935668945312,111.70710754394531,283.4036865234375,74.30000305175781,79.19999694824219,1024.49658203125,1800.3199462890625,20000.09375,37.0,0.0,1.0,1900.0,249.5,268.20001220703125,272.20001220703125,270.6000061035156,274.70001220703125,5555.06884765625,3005.39990234375,1461.5103759765625,793.2236328125,165.1136932373047,268.45001220703125,98.5999984741211,100.0,330.4800109863281,458.55999755859375,0.0,0.125,794.4909057617188,100.0,0.0,100.0,100.0,300.0,250.10780334472656,266.71221923828125,270.7193603515625,270.9022216796875,275.3484191894531,5548.68017578125,3005.7666015625,1471.4163818359375,802.4046630859375,168.18272399902344,270.9002990722656,97.84214782714844,94.85586547851562,381.86126708984375,410.0,0.0,0.125,5564.44921875,3012.866455078125,1471.677490234375,803.890869140625,180.8154296875,251.01307678222656,269.08013916015625,270.2560119628906,270.78131103515625,275.11932373046875,7.405917644500732,57.74601364135742,92.11537170410156,86.5025634765625,0.3756237030029297,0.9001483917236328,0.4223318099975586,270.4869079589844,269.5751037597656,102285.75,92083.703125,,4.774609088897705,60.0,0.0,7620.0,30.0,32.0,209.0,40.0,44.0,45.0,45.0,45.0,61.0,61.0,61.0,61.0,0.0,0.0,266.67999267578125,263.7200012207031,79.0,2.0,14.0,15.199999809265137
2026-01-08T19:55,2026-01-08T20:00,1,train,1,2026,1,19,1,2026-01-08T19:00,2,2026-01-08T18:00,2,2026-01-08T18:00,1,2026-01-08T19:00,3,2026-01-08T18:00,1,2026-01-08T19:00,-999.0,0.0,0.0,0.0,3.0,nan,1194.4205322265625,nan,nan,nan,10.023238182067871,250.25543212890625,267.0230712890625,271.0916442871094,272.4906005859375,276.5237731933594,5545.341796875,2999.333984375,1465.4617919921875,153.00140380859375,270.5601806640625,69.5999984741211,189.19212341308594,910.9600219726562,23900.0,0.0,0.0,2895.5634765625,100.0,100.0,100.0,0.0,24134.7734375,0.0,0.0,252.49253845214844,267.17254638671875,278.8622741699219,280.6436462402344,284.5624694824219,5572.841796875,3001.6328125,1449.9337158203125,756.2836303710938,108.82132720947266,283.9254150390625,72.4000015258789,73.80000305175781,1045.99609375,2098.239990234375,20000.0546875,47.0,0.0,0.0,0.0,249.89999389648438,267.1000061035156,271.5,270.8999938964844,274.8999938964844,5556.06201171875,3007.727783203125,1472.3052978515625,804.2890014648438,175.1654815673828,268.989990234375,98.0,100.0,464.6400146484375,541.280029296875,0.0003000000142492354,0.8125,806.1993408203125,100.0,1.0,96.0,100.0,3000.0,250.315673828125,266.8697814941406,270.6402893066406,270.65325927734375,275.0904541015625,5547.4453125,3001.379150390625,1468.762939453125,800.279541015625,165.475341796875,270.7320251464844,97.4502944946289,95.72681427001953,346.13726806640625,380.0,0.0,0.0,5567.52734375,3015.791259765625,1475.87646484375,807.175537109375,183.96728515625,250.67063903808594,269.2283935546875,270.85382080078125,270.83123779296875,275.0985107421875,4.914358139038086,48.305641174316406,89.25192260742188,85.07142639160156,0.2968130111694336,1.0228033065795898,0.4936246871948242,270.62384033203125,269.37396240234375,102325.8125,92111.21875,,4.795300006866455,61.0,0.0,7620.0,3960.0,2728.0,16274.0,21.0,22.0,25.0,25.0,30.0,13.0,13.0,13.0,13.0,0.0,0.0,266.30999755859375,263.46002197265625,78.0,2.0,15.600000381469727,16.799999237060547
2026-01-08T19:55,2026-01-08T20:00,48,train,1,2026,1,19,44,2026-01-07T00:00,50,2026-01-06T18:00,50,2026-01-06T18:00,47,2026-01-06T21:00,45,2026-01-07T00:00,36,2026-01-07T08:00,-999.0,0.0,0.0,0.0,100.0,nan,7790.8837890625,nan,36500.0,nan,5.494690418243408,250.81219482421875,265.67376708984375,270.6337890625,271.65118408203125,275.7208251953125,5543.3740234375,2994.44384765625,1466.3314208984375,158.70774841308594,270.81365966796875,63.0,202.15472412109375,945.760009765625,29000.0,0.0,6.550000190734863,2861.479248046875,77.0,100.0,100.0,0.0,24135.3359375,0.0,0.0,253.35992431640625,268.2221374511719,277.379638671875,280.0616760253906,284.10052490234375,5567.7685546875,2994.0380859375,1442.0206298828125,749.4284057617188,103.30738067626953,283.5087585449219,73.5999984741211,76.5999984741211,1006.2360229492188,2069.760009765625,20000.052734375,21.0,1.0,0.0,24100.0,250.89999389648438,268.1000061035156,271.79998779296875,273.5,277.6000061035156,5554.21826171875,2999.55908203125,1465.5653076171875,791.8046875,167.33213806152344,270.8900146484375,72.19999694824219,69.0,332.0,833.5999755859375,0.0,0.0,794.4401245117188,100.0,1.0,81.0,100.0,100.0,250.3223419189453,266.37518310546875,270.5728759765625,269.78485107421875,274.25762939453125,5547.8173828125,3001.6171875,1469.72119140625,802.9107666015625,169.84812927246094,269.96148681640625,97.05106353759766,96.94700622558594,391.23638916015625,270.0,0.0,8.25,5560.92578125,3007.59130859375,1468.1416015625,797.512939453125,175.291259765625,251.5863494873047,268.2044677734375,272.5788269042969,270.40826416015625,274.6424255371094,7.632415771484375,39.07726287841797,89.98983001708984,86.34892272949219,0.24114513397216797,1.3775177001953125,0.3804445266723633,269.892822265625,268.98236083984375,102227.0,92002.890625,,4.496013641357422,37.0,0.0,7620.0,32.0,32.0,256.0,28.0,28.0,28.0,29.0,30.0,47.0,47.0,47.0,47.0,0.0,0.0,266.489990234375,262.90997314453125,77.0,0.0,13.199999809265137,14.5
2026-01-23T08:59,2026-01-23T09:00,24,train,0,2026,1,8,21,2026-01-22T12:00,21,2026-01-22T12:00,21,2026-01-22T12:00,24,2026-01-22T09:00,21,2026-01-22T12:00,24,2026-01-22T09:00,-999.0,0.0,30.0,0.0,0.0,nan,1340.086181640625,nan,85200.0,nan,10.595362663269043,241.68197631835938,251.90524291992188,255.3061981201172,259.89154052734375,263.9187316894531,5235.0888671875,2790.80029296875,1355.7135009765625,111.36039733886719,253.53575134277344,72.0,374.245849609375,0.0,18500.0,0.0,2.799999952316284,20000.03515625,1.7000000476837158,5.800000190734863,0.0,38.5,24134.9765625,2.4000000848900527e-06,0.6875,243.85816955566406,261.873291015625,272.6870422363281,277.04681396484375,280.0525207519531,5290.94921875,2808.919921875,1287.8978271484375,605.5989379882812,-31.23915672302246,279.10321044921875,89.9000015258789,87.9000015258789,186.0478057861328,1224.3199462890625,19999.939453125,25.0,0.0,0.0,8700.0,242.39999389648438,253.5,254.3000030517578,258.70001220703125,262.6000061035156,5242.39599609375,2788.389404296875,1350.9669189453125,715.726806640625,110.59545135498047,255.69000244140625,84.5,87.0,524.4000244140625,0.0,0.0,0.875,nan,30.0,0.0,0.0,2.0,22400.0,240.69607543945312,251.00233459472656,254.9716796875,259.64990234375,263.62384033203125,5221.09326171875,2791.115234375,1359.5726318359375,722.7164916992188,119.46011352539062,257.41790771484375,69.00578308105469,67.28670501708984,502.81317138671875,0.0,0.0,1.875,5239.28515625,2795.153564453125,1360.42822265625,720.7138671875,120.864013671875,241.09169006347656,252.28067016601562,255.61965942382812,260.8662414550781,264.80902099609375,22.519954681396484,69.7034683227539,70.35192108154297,68.34518432617188,2.036663055419922,1.7190704345703125,1.020655632019043,259.7835388183594,255.46913146972656,101568.4375,91047.7578125,,2.007445812225342,82.0,0.0,7620.0,0.0,0.0,209.0,78.0,84.0,87.0,87.0,87.0,70.0,74.0,75.0,84.0,1.0,0.0,252.0599822998047,251.8199920654297,98.0,4.0,25.600000381469727,28.899999618530273
2026-01-23T08:59,2026-01-23T09:00,1,train,0,2026,1,8,1,2026-01-23T08:00,3,2026-01-23T06:00,3,2026-01-23T06:00,1,2026-01-23T08:00,3,2026-01-23T06:00,1,2026-01-23T08:00,-999.0,0.0,0.0,0.0,0.0,nan,1340.5264892578125,nan,85400.0,nan,7.28818941116333,241.5711212158203,251.02822875976562,257.72113037109375,262.99053955078125,266.9808349609375,5249.1474609375,2813.5205078125,1373.852783203125,120.88121032714844,256.224853515625,69.0999984741211,472.0198974609375,0.0,23300.0,0.0,0.0,15824.8623046875,29.0,17.399999618530273,0.0,93.9000015258789,10521.3134765625,0.00017759999900590628,4.625,244.39878845214844,262.3252868652344,273.175048828125,278.72564697265625,280.5549621582031,5290.92919921875,2796.077880859375,1274.14892578125,589.0000610351562,-50.45399856567383,279.46014404296875,90.80000305175781,77.19999694824219,108.1337890625,1277.760009765625,20000.048828125,34.0,0.0,0.0,4200.0,242.8000030517578,253.39999389648438,255.60000610351562,260.20001220703125,264.1000061035156,5249.76904296875,2796.549072265625,1357.387939453125,718.3646850585938,111.97577667236328,257.70001220703125,91.19999694824219,97.0,700.3200073242188,0.0,0.0,2.1875,nan,80.0,0.0,0.0,78.0,25400.0,242.2740478515625,249.56478881835938,255.98397827148438,261.79925537109375,266.05426025390625,5227.51025390625,2796.675537109375,1365.424072265625,724.5211791992188,119.9918212890625,259.85833740234375,66.50700378417969,59.327476501464844,884.2841186523438,0.0,0.0,0.0,5248.17578125,2805.37060546875,1368.453369140625,726.8758544921875,125.06591796875,241.4106903076172,251.5626220703125,256.5043029785156,261.6806640625,265.62847900390625,26.042949676513672,80.87146759033203,68.84996032714844,69.50691223144531,1.2956972122192383,1.0339860916137695,0.8149890899658203,260.02081298828125,255.529296875,101641.1875,91129.3359375,,2.2035043239593506,74.0,0.0,7620.0,0.0,0.0,256.0,69.0,83.0,87.0,87.0,87.0,65.0,65.0,65.0,65.0,0.0,0.0,253.0299835205078,252.39999389648438,95.0,2.0,22.399999618530273,24.399999618530273
2026-01-23T08:59,2026-01-23T09:00,48,train,0,2026,1,8,45,2026-01-21T12:00,45,2026-01-21T12:00,45,2026-01-21T12:00,48,2026-01-21T09:00,45,2026-01-21T12:00,45,2026-01-21T12:00,-999.0,100.0,100.0,0.0,0.0,1340.2196044921875,1339.9586181640625,81300.0,85200.0,1969.5052490234375,9.136371612548828,241.30618286132812,249.64227294921875,254.6240234375,258.68011474609375,262.54180908203125,5214.83544921875,2782.38818359375,1354.418212890625,116.34355163574219,252.85739135742188,75.80000305175781,395.533447265625,0.0,100.0,0.0,12.630000114440918,2992.421630859375,98.9000015258789,100.0,0.0,94.80000305175781,24134.958984375,4.0000000467443897e-07,2.8125,246.28720092773438,261.682373046875,272.8019714355469,276.062744140625,279.6770935058594,5327.93017578125,2832.70263671875,1310.593505859375,630.4052124023438,-4.777968883514404,278.8045654296875,87.9000015258789,79.69999694824219,355.2780456542969,1239.199951171875,20000.1953125,27.0,0.0,1.0,0.0,242.1999969482422,251.10000610351562,254.1999969482422,258.8999938964844,262.70001220703125,5226.00048828125,2794.272216796875,1365.4530029296875,729.8265991210938,126.87762451171875,256.57000732421875,97.4000015258789,100.0,863.8400268554688,0.0,0.00019999999494757503,4.625,nan,94.0,17.0,0.0,0.0,25700.0,241.1462860107422,248.02972412109375,255.37034606933594,258.8406066894531,262.3930969238281,5203.9912109375,2783.581787109375,1358.4891357421875,721.6866455078125,123.01699829101562,255.53704833984375,63.344879150390625,61.652923583984375,349.1115417480469,0.0,0.0,5.25,5216.1953125,2777.03271484375,1347.752197265625,711.24072265625,114.659912109375,241.24769592285156,251.3522491455078,254.6715850830078,259.47430419921875,263.4128723144531,24.315258026123047,60.66004943847656,64.72943878173828,64.95807647705078,2.6734533309936523,2.1491804122924805,1.0624046325683594,257.8763427734375,252.2515869140625,101483.9375,90917.75,,1.5377191305160522,60.0,,,152.0,24.0,9856.0,50.0,51.0,,53.0,,37.0,,37.0,37.0,15.0,0.0,252.9099884033203,252.3800048828125,94.0,0.0,25.600000381469727,28.100000381469727
2026-02-07T13:52,2026-02-07T14:00,1,train,0,2026,2,13,1,2026-02-07T13:00,2,2026-02-07T12:00,2,2026-02-07T12:00,1,2026-02-07T13:00,3,2026-02-07T12:00,1,2026-02-07T13:00,-999.0,1.0,100.0,100.0,0.0,1809.7691650390625,1340.8143310546875,nan,84200.0,2860.673828125,2.5896408557891846,239.15625,249.5038299560547,260.01226806640625,263.5955810546875,267.499755859375,5125.9345703125,2714.426513671875,1266.951171875,15.226699829101562,260.2462158203125,83.5,551.3369750976562,0.0,16700.0,0.0,0.00800000037997961,20000.1015625,5.0,5.0,11.100000381469727,0.0,24134.71875,0.0,0.0,246.55697631835938,264.4477844238281,273.52886962890625,280.01324462890625,286.2343444824219,5423.505859375,2903.25341796875,1370.010498046875,683.3536987304688,35.449031829833984,285.971923828125,51.29999923706055,65.30000305175781,1390.09765625,1417.1199951171875,1683.4027099609375,100.0,100.0,0.0,3600.0,239.8000030517578,250.10000610351562,259.79998779296875,264.1000061035156,268.1000061035156,5126.3876953125,2711.97998046875,1265.6129150390625,616.7620849609375,15.635375022888184,261.30999755859375,78.9000015258789,83.0,480.32000732421875,0.0,0.0,0.1875,793.37060546875,100.0,100.0,0.0,69.0,600.0,239.86631774902344,249.6191864013672,259.6502685546875,263.47332763671875,267.154296875,5137.8076171875,2725.801513671875,1277.65234375,629.5879516601562,25.925491333007812,263.29638671875,90.30670928955078,89.4360122680664,130.8563690185547,0.0,9.999999747378752e-05,0.3125,5129.85546875,2715.0361328125,1268.449951171875,620.3348388671875,15.6748046875,239.70651245117188,249.29139709472656,259.8211669921875,263.1056213378906,266.9244689941406,99.73619079589844,100.9130859375,86.95578002929688,82.5133285522461,-0.5074558258056641,-0.9275121688842773,0.01940155029296875,263.5082702636719,260.46734619140625,100162.8125,89897.890625,,3.606126070022583,83.0,0.0,7620.0,0.0,0.0,402.0,34.0,39.0,49.0,67.0,88.0,40.0,57.0,72.0,97.0,1.0,0.0,256.69000244140625,255.97000122070312,94.0,24.0,11.199999809265137,12.100000381469727
2026-02-07T13:52,2026-02-07T14:00,24,train,0,2026,2,13,26,2026-02-06T12:00,26,2026-02-06T12:00,26,2026-02-06T12:00,23,2026-02-06T15:00,21,2026-02-06T18:00,24,2026-02-06T14:00,-999.0,0.0,100.0,100.0,0.0,4430.4033203125,1340.9105224609375,45100.0,84200.0,6742.14404296875,2.3999433517456055,239.90170288085938,250.3170623779297,259.6452331542969,262.432373046875,266.35400390625,5136.3720703125,2717.9052734375,1267.495849609375,16.238082885742188,259.47857666015625,89.0999984741211,228.9454345703125,0.0,3100.0,9.999999747378752e-05,1.309999942779541,20000.0703125,5.0,0.4000000059604645,60.70000076293945,0.0,24135.0078125,0.0,0.0,246.15313720703125,262.9428405761719,272.8939514160156,279.3516845703125,285.57708740234375,5416.6796875,2902.29833984375,1375.0316162109375,690.0477294921875,43.71571731567383,285.3150329589844,53.0,66.69999694824219,1338.4005126953125,1344.47998046875,1433.8172607421875,100.0,100.0,0.0,4200.0,239.39999389648438,252.1999969482422,261.29998779296875,265.6000061035156,269.6000061035156,5145.22412109375,2714.74658203125,1260.29541015625,607.6611938476562,6.870687484741211,262.739990234375,83.4000015258789,89.0,236.55999755859375,0.0,0.0,0.3125,1277.647216796875,100.0,100.0,0.0,51.0,2000.0,239.46463012695312,251.05458068847656,259.0872497558594,262.0024108886719,265.795654296875,5135.0654296875,2709.828857421875,1261.3858642578125,616.1849365234375,11.543403625488281,261.99285888671875,88.68070983886719,89.1368179321289,153.1104278564453,0.0,0.00014000000373926014,1.5625,5131.47265625,2712.22314453125,1261.60888671875,614.5362548828125,10.740478515625,239.51248168945312,250.39524841308594,260.2056884765625,262.57855224609375,266.5211181640625,100.18807220458984,100.62472534179688,83.26216888427734,79.85401153564453,-0.18987751007080078,-0.07482242584228516,0.050395965576171875,263.1492919921875,259.6769714355469,100097.3125,89813.8515625,,3.719223976135254,84.0,0.0,7620.0,0.0,0.0,209.0,79.0,81.0,83.0,83.0,83.0,84.0,97.0,97.0,97.0,1.0,0.0,257.2300109863281,256.5799865722656,93.0,23.0,11.199999809265137,12.100000381469727
2026-02-07T13:52,2026-02-07T14:00,48,train,0,2026,2,13,44,2026-02-05T18:00,50,2026-02-05T12:00,50,2026-02-05T12:00,47,2026-02-05T15:00,45,2026-02-05T18:00,36,2026-02-06T02:00,-999.0,0.0,100.0,100.0,0.0,1765.3504638671875,1507.844482421875,62200.0,82500.0,8018.52392578125,2.34338641166687,239.72259521484375,252.52328491210938,259.45855712890625,262.08575439453125,265.92864990234375,5155.474609375,2723.5341796875,1270.862548828125,16.19823455810547,258.909912109375,88.4000015258789,184.38296508789062,0.0,8400.0,0.0,1.100000023841858,20000.15234375,0.30000001192092896,0.0,0.0,0.0,24134.6953125,0.0,0.0,245.4225616455078,264.248779296875,274.4072570800781,279.1865234375,285.408935546875,5422.0029296875,2903.133544921875,1373.6309814453125,688.3847045898438,42.305782318115234,285.2623291015625,56.5,72.0,1102.8043212890625,1574.719970703125,1551.689453125,100.0,100.0,0.0,4400.0,240.39999389648438,253.8000030517578,261.20001220703125,265.5,269.5,5164.9404296875,2727.382568359375,1267.87939453125,615.5186767578125,14.846210479736328,262.70001220703125,81.69999694824219,87.0,351.760009765625,0.0,0.0,0.3125,1228.3231201171875,100.0,100.0,0.0,19.0,7100.0,240.07708740234375,252.56971740722656,259.1243896484375,261.16766357421875,264.591552734375,5156.634765625,2726.31640625,1274.157958984375,629.2031860351562,22.23761749267578,260.9318542480469,84.73543548583984,82.17994689941406,67.56011962890625,0.0,2.9999999242136255e-05,1.625,5134.85546875,2708.621337890625,1257.948486328125,611.5274658203125,8.4599609375,239.76608276367188,251.3062744140625,259.843505859375,262.3116455078125,266.2135314941406,99.8118896484375,101.3109130859375,80.02540588378906,77.29222869873047,-0.27778053283691406,-0.21195030212402344,-0.001171112060546875,262.87506103515625,258.9593505859375,100068.25,89779.21875,,3.76595401763916,86.0,0.0,7620.0,32.0,32.0,201.0,84.0,84.0,84.0,84.0,84.0,88.0,97.0,97.0,97.0,1.0,0.0,257.29998779296875,256.2200012207031,93.0,15.0,10.800000190734863,11.300000190734863
2026-02-28T04:56,2026-02-28T05:00,1,train,0,2026,2,4,1,2026-02-28T04:00,5,2026-02-28T00:00,5,2026-02-28T00:00,1,2026-02-28T04:00,0,2026-02-28T06:00,1,2026-02-28T04:00,-999.0,0.0,0.0,0.0,0.0,nan,1342.00390625,nan,86100.0,nan,9.237289428710938,245.33815002441406,261.4811706542969,268.8238525390625,272.4786071777344,276.20843505859375,5434.9091796875,2950.666015625,1443.064453125,140.4632568359375,267.78753662109375,77.9000015258789,249.59991455078125,482.0,17400.0,0.0,0.0,591.08251953125,89.0999984741211,100.0,87.69999694824219,8.100000381469727,24134.837890625,2.4000000848900527e-06,1.1875,249.27383422851562,266.0063171386719,273.3407897949219,277.52813720703125,282.3999938964844,5609.8720703125,3070.05078125,1536.18701171875,852.982177734375,212.18084716796875,282.65887451171875,88.30000305175781,83.5,395.5296630859375,1565.43994140625,20000.083984375,4.0,0.0,0.0,24100.0,245.60000610351562,261.79998779296875,268.3999938964844,270.79998779296875,274.79998779296875,5441.24072265625,2950.583740234375,1439.6435546875,772.87353515625,149.84805297851562,267.44000244140625,81.0,81.0,459.5199890136719,302.79998779296875,0.0,0.0,1152.783447265625,87.0,0.0,0.0,87.0,18100.0,244.93441772460938,261.6006774902344,268.32916259765625,272.54443359375,275.567626953125,5437.2900390625,2953.290771484375,1444.03662109375,774.3201904296875,144.19125366210938,267.8690490722656,64.20024108886719,80.23944854736328,476.988525390625,0.0,0.0,0.0,5457.6484375,2961.113525390625,1444.505615234375,771.5514526367188,144.916259765625,248.19845581054688,262.1197509765625,269.9060974121094,272.89984130859375,276.7462158203125,39.6147346496582,70.31261444091797,48.460201263427734,62.192176818847656,0.32129573822021484,0.0033922195434570312,0.12250614166259766,266.3265686035156,259.94927978515625,101780.6875,91715.21875,,5.025407791137695,33.0,0.0,7620.0,0.0,0.0,209.0,61.0,70.0,74.0,76.0,76.0,68.0,68.0,68.0,68.0,0.0,0.0,263.57000732421875,260.8800048828125,82.0,0.0,13.600000381469727,14.5
2026-02-28T04:56,2026-02-28T05:00,24,train,0,2026,2,4,23,2026-02-27T06:00,23,2026-02-27T06:00,23,2026-02-27T06:00,26,2026-02-27T03:00,24,2026-02-27T06:00,24,2026-02-27T05:00,-999.0,0.0,0.0,0.0,0.0,nan,nan,nan,nan,nan,9.964441299438477,246.1484375,260.6743469238281,269.7721252441406,272.4178161621094,276.01605224609375,5440.03125,2947.696533203125,1439.06591796875,136.9737548828125,267.92822265625,69.0999984741211,303.7271728515625,507.760009765625,23500.0,0.0,0.14000000059604645,788.89892578125,100.0,99.4000015258789,76.5,6.099999904632568,19805.23046875,0.00011680000170599669,1.375,247.9818878173828,266.4293212890625,272.4541931152344,277.69610595703125,282.4653625488281,5609.859375,3068.915283203125,1533.2503662109375,851.0801391601562,209.81471252441406,282.7043762207031,87.19999694824219,86.4000015258789,400.3075256347656,1411.199951171875,20000.041015625,3.0,0.0,0.0,24100.0,243.39999389648438,262.1000061035156,268.6000061035156,271.1000061035156,275.20001220703125,5435.4375,2951.318359375,1439.372314453125,772.2073974609375,152.8935089111328,267.67999267578125,88.30000305175781,87.0,248.16000366210938,339.5199890136719,0.0,0.0,nan,0.0,0.0,1.0,0.0,18700.0,245.27468872070312,260.8614807128906,269.8309326171875,272.268798828125,274.7420654296875,5438.59228515625,2948.271728515625,1439.2891845703125,766.7384643554688,138.4923553466797,267.8673400878906,66.08184814453125,73.89216613769531,291.43499755859375,70.0,0.0,0.25,5459.60546875,2955.536865234375,1439.287353515625,765.876708984375,139.208740234375,247.2764892578125,262.4320068359375,270.189453125,272.82672119140625,276.7467041015625,44.820125579833984,69.69690704345703,62.97181701660156,74.49949645996094,0.31378841400146484,0.20988941192626953,0.30696773529052734,266.661865234375,262.6341552734375,101713.0,91647.203125,,5.622933387756348,18.0,0.0,7620.0,30.0,32.0,209.0,56.0,56.0,56.0,56.0,56.0,66.0,70.0,71.0,77.0,0.0,0.0,264.25,261.6099853515625,79.0,2.0,14.399999618530273,15.399999618530273
2026-02-28T04:56,2026-02-28T05:00,48,train,0,2026,2,4,47,2026-02-26T06:00,47,2026-02-26T06:00,47,2026-02-26T06:00,50,2026-02-26T03:00,48,2026-02-26T06:00,36,2026-02-26T17:00,-999.0,0.0,0.0,100.0,94.0,4224.87890625,3864.614990234375,56300.0,62100.0,10881.4306640625,11.971267700195312,248.84251403808594,263.7286376953125,272.8865966796875,274.7510986328125,278.4267272949219,5468.71875,2943.9189453125,1416.7845458984375,102.14595031738281,269.29583740234375,64.5,314.3197021484375,720.0,26600.0,0.0,0.11999999731779099,1010.6251220703125,99.80000305175781,100.0,86.80000305175781,10.800000190734863,24134.787109375,1.720000000204891e-05,0.9375,248.49359130859375,267.13397216796875,273.5118408203125,278.41912841796875,282.3764343261719,5616.42529296875,3074.97314453125,1533.513427734375,848.7489013671875,206.4998779296875,282.8638916015625,92.0999984741211,84.9000015258789,438.0726623535156,1608.9599609375,3715.997314453125,42.0,80.0,0.0,24100.0,249.6999969482422,262.70001220703125,271.8999938964844,271.79998779296875,275.8999938964844,5471.7822265625,2949.95947265625,1424.879638671875,755.153076171875,132.5303497314453,268.5,90.0999984741211,89.0,288.4800109863281,466.55999755859375,0.0,0.0625,8834.275390625,5.0,100.0,79.0,5.0,18900.0,248.84059143066406,263.4593200683594,273.7254638671875,273.4651184082031,276.6213073730469,5466.91455078125,2944.0302734375,1416.7777099609375,737.9912719726562,106.45748901367188,271.90606689453125,76.10877990722656,80.06130981445312,335.6879577636719,570.0,0.0,0.1875,5466.80078125,2953.341064453125,1434.170166015625,759.0527954101562,132.883544921875,249.41036987304688,262.22412109375,271.6321716308594,272.62677001953125,276.60302734375,48.88918685913086,50.90053939819336,57.40326690673828,69.87860107421875,0.037235260009765625,0.47901058197021484,0.3902263641357422,266.4735412597656,261.30584716796875,101645.25,91585.140625,,5.824217319488525,20.0,0.0,7620.0,32.0,32.0,256.0,61.0,61.0,62.0,63.0,66.0,59.0,59.0,59.0,60.0,0.0,0.0,264.69000244140625,261.6000061035156,77.0,1.0,15.600000381469727,17.0
2026-03-28T19:54,2026-03-28T20:00,1,train,0,2026,3,19,1,2026-03-28T19:00,2,2026-03-28T18:00,2,2026-03-28T18:00,1,2026-03-28T19:00,3,2026-03-28T18:00,1,2026-03-28T19:00,-999.0,100.0,100.0,3.0,0.0,2462.06640625,1940.268310546875,nan,79900.0,3181.6416015625,5.107630252838135,234.13856506347656,245.95489501953125,258.6768798828125,264.82098388671875,269.1293029785156,5273.74609375,2907.1728515625,1475.5638427734375,224.291748046875,261.4892272949219,59.599998474121094,1421.2232666015625,0.0,31600.0,0.0,0.0,1473.86767578125,92.0,0.0,0.0,0.0,24134.90234375,2.479999966453761e-05,0.0625,242.71009826660156,260.5444030761719,270.3223876953125,276.22283935546875,281.222412109375,5536.646484375,3055.051513671875,1549.30078125,871.7421875,233.78125,281.22216796875,65.80000305175781,68.9000015258789,825.846435546875,1222.4000244140625,20000.171875,35.0,1.0,0.0,3700.0,233.60000610351562,246.1999969482422,259.0,264.29998779296875,268.20001220703125,5273.048828125,2906.185302734375,1471.3603515625,822.7529296875,204.57809448242188,263.57000732421875,71.0,73.0,655.0399780273438,0.0,9.999999747378752e-05,0.25,2182.218994140625,100.0,15.0,0.0,100.0,39600.0,234.32598876953125,245.99618530273438,259.0433654785156,265.43902587890625,270.18621826171875,5276.5439453125,2910.470703125,1476.7864990234375,827.634033203125,220.84927368164062,266.733154296875,50.47035598754883,43.772613525390625,1995.32763671875,0.0,0.0,0.0,5283.7421875,2916.183349609375,1476.3701171875,825.1109619140625,212.235595703125,234.93617248535156,247.4683837890625,259.82342529296875,266.2110900878906,270.4273681640625,97.868408203125,57.649505615234375,36.77808380126953,34.75970458984375,0.279388427734375,0.3425865173339844,0.7461843490600586,266.736328125,254.8656005859375,102733.0625,92324.515625,,2.290879726409912,60.0,0.0,7620.0,669.0,440.0,16274.0,22.0,26.0,37.0,62.0,86.0,12.0,12.0,12.0,12.0,35.0,928.0,256.29998779296875,253.1799774169922,76.0,2.0,18.100000381469727,19.700000762939453
2026-03-28T19:54,2026-03-28T20:00,24,train,0,2026,3,19,26,2026-03-27T18:00,26,2026-03-27T18:00,26,2026-03-27T18:00,23,2026-03-27T21:00,21,2026-03-28T00:00,24,2026-03-27T20:00,-999.0,100.0,100.0,1.0,0.0,1832.333740234375,1753.465087890625,69400.0,81900.0,3172.0126953125,4.5091986656188965,233.65847778320312,246.30323791503906,258.2416076660156,264.3328857421875,268.66571044921875,5265.787109375,2899.8125,1468.52978515625,218.24415588378906,261.1324462890625,69.0999984741211,1145.3074951171875,0.0,25300.0,0.0,0.0,15865.73828125,48.29999923706055,0.0,0.0,0.0,24134.931640625,2.4000000848900527e-06,0.0625,246.60140991210938,263.006103515625,269.9471435546875,275.9471130371094,281.1988525390625,5569.16259765625,3065.368408203125,1556.919189453125,880.3681640625,243.1346435546875,281.63067626953125,57.599998474121094,66.0,1045.4078369140625,1178.4000244140625,1804.0413818359375,63.0,16.0,0.0,1600.0,234.0,246.5,259.20001220703125,264.29998779296875,268.29998779296875,5264.7412109375,2895.885986328125,1459.8697509765625,810.95556640625,192.75279235839844,263.2799987792969,76.4000015258789,79.0,595.52001953125,0.0,9.999999747378752e-05,0.0625,1000.8457641601562,100.0,60.0,0.0,100.0,2420.124755859375,234.1466827392578,245.70944213867188,258.0431823730469,264.0054626464844,268.6409912109375,5259.8916015625,2894.428955078125,1462.6654052734375,816.5260009765625,211.80264282226562,265.35394287109375,80.16802215576172,74.36219787597656,1206.5604248046875,0.0,7.999999797903001e-05,0.125,5276.94921875,2910.12890625,1469.667236328125,817.9844970703125,204.988525390625,234.35711669921875,247.75372314453125,259.9559020996094,266.3870849609375,270.54266357421875,96.11116027832031,57.091854095458984,36.16096496582031,34.3990364074707,0.321746826171875,0.5573701858520508,0.8237724304199219,266.82427978515625,254.8172149658203,102637.625,92228.984375,,2.2552402019500732,65.0,0.0,7620.0,30.0,31.0,209.0,24.0,28.0,37.0,57.0,81.0,41.0,41.0,41.0,41.0,20.0,968.0,256.4800109863281,252.87997436523438,73.0,2.0,18.899999618530273,20.600000381469727
2026-03-28T19:54,2026-03-28T20:00,48,train,0,2026,3,19,44,2026-03-27T00:00,50,2026-03-26T18:00,50,2026-03-26T18:00,47,2026-03-26T21:00,45,2026-03-27T00:00,36,2026-03-27T08:00,-999.0,100.0,100.0,0.0,0.0,1760.714111328125,1496.896484375,74400.0,84600.0,2752.762451171875,4.861621379852295,235.1443328857422,246.7438201904297,257.6430358886719,263.7362060546875,267.99761962890625,5263.3388671875,2888.308349609375,1458.4383544921875,209.63050842285156,260.4249267578125,78.30000305175781,947.6263427734375,0.0,9000.0,0.0,27.239999771118164,1209.605712890625,85.0,0.0,0.0,0.0,24134.91796875,2.479999966453761e-05,0.125,242.88978576660156,262.9010925292969,269.650146484375,275.45013427734375,279.4892883300781,5546.970703125,3057.280517578125,1548.86279296875,873.2045288085938,237.36155700683594,278.918212890625,86.19999694824219,75.5999984741211,370.18505859375,1125.9200439453125,20000.07421875,32.0,0.0,0.0,9700.0,234.0,248.1999969482422,256.70001220703125,261.8999938964844,265.79998779296875,5265.5908203125,2890.158447265625,1461.1944580078125,818.4454345703125,205.5391082763672,260.4800109863281,72.30000305175781,74.0,987.2000122070312,0.0,0.0,0.1875,1007.762939453125,100.0,3.0,0.0,100.0,2914.6484375,235.33938598632812,244.62881469726562,256.82244873046875,262.63909912109375,267.2667236328125,5253.208984375,2882.290771484375,1458.155517578125,815.2991333007812,213.76065063476562,264.0226745605469,79.09234619140625,76.42286682128906,1608.3994140625,0.0,7.000000186963007e-05,20.375,5278.046875,2903.3232421875,1465.420654296875,814.9287719726562,203.1728515625,236.41259765625,247.4387969970703,259.4078063964844,265.8127136230469,269.9691162109375,80.67716979980469,60.04584884643555,38.36192321777344,35.72833251953125,0.42535400390625,0.45734405517578125,0.7620086669921875,266.2668762207031,254.59902954101562,102619.0625,92199.125,,2.1375162601470947,67.0,0.0,7620.0,824.0,304.0,201.0,7.0,13.0,20.0,37.0,64.0,38.0,38.0,38.0,38.0,16.0,960.0,256.6099853515625,252.6199951171875,71.0,2.0,20.5,22.200000762939453
2026-04-12T15:59,2026-04-12T16:00,1,train,0,2026,4,15,1,2026-04-12T15:00,4,2026-04-12T12:00,4,2026-04-12T12:00,1,2026-04-12T15:00,3,2026-04-12T12:00,1,2026-04-12T15:00,-999.0,0.0,5.0,0.0,0.0,nan,nan,nan,nan,nan,1.570668339729309,253.31478881835938,266.2008361816406,271.0225524902344,275.44683837890625,280.080322265625,5658.93115234375,3098.77001953125,1569.205322265625,251.90841674804688,274.29302978515625,76.5,430.7885437011719,1333.43994140625,21200.0,0.0,0.0,768.3092651367188,99.69999694824219,100.0,100.0,66.9000015258789,21351.74609375,5.6000000768108293e-05,0.5,250.61831665039062,267.2679138183594,271.6492919921875,276.92254638671875,282.90301513671875,5540.47705078125,2976.22119140625,1449.3790283203125,769.0846557617188,128.49774169921875,283.03533935546875,74.69999694824219,90.69999694824219,811.6516723632812,1226.239990234375,19999.884765625,1.0,7.0,13.0,24100.0,253.5,267.1000061035156,271.20001220703125,277.0,281.1000061035156,5649.8525390625,3090.209716796875,1558.1756591796875,878.2548828125,242.12600708007812,277.28997802734375,44.099998474121094,50.0,1058.6400146484375,1372.3199462890625,0.0,0.0,6684.95751953125,1.0,77.0,88.0,1.0,37000.0,252.48187255859375,266.00146484375,270.8893127441406,275.03509521484375,280.2497253417969,5643.6943359375,3088.352783203125,1558.450439453125,883.962890625,245.8474884033203,278.0836181640625,52.85302734375,50.240230560302734,635.0441284179688,1120.0,0.0,0.0,5652.9296875,3095.5888671875,1563.0341796875,889.7852783203125,256.62158203125,253.25343322753906,266.10260009765625,270.9132995605469,274.8754577636719,279.4306640625,18.59307861328125,23.847497940063477,38.35866165161133,32.46763610839844,0.4761810302734375,-0.32479286193847656,-0.3248453140258789,277.7838439941406,262.3955078125,103161.0,93053.421875,,4.55388069152832,33.0,0.0,7620.0,88886.0,5536.0,16274.0,0.0,0.0,1.0,1.0,7.0,11.0,11.0,11.0,11.0,0.0,0.0,270.510009765625,261.40997314453125,50.0,0.0,8.0,8.5
2026-04-25T22:57,2026-04-25T23:00,1,train,0,2026,4,22,1,2026-04-25T22:00,5,2026-04-25T18:00,5,2026-04-25T18:00,1,2026-04-25T22:00,0,2026-04-26T00:00,1,2026-04-25T22:00,-999.0,0.0,0.0,0.0,1.0,nan,nan,nan,nan,nan,2.1396589279174805,253.87225341796875,267.5752868652344,274.799560546875,280.833984375,285.2134094238281,5570.3583984375,3000.61572265625,1467.1849365234375,128.70204162597656,275.4132385253906,56.400001525878906,791.0838623046875,1659.3599853515625,34000.0,0.0,0.0,20000.126953125,12.399999618530273,0.0,5.0,42.70000076293945,24134.9375,0.0,0.0,256.6914978027344,272.7718811035156,283.4122009277344,284.165283203125,287.4098815917969,5733.1201171875,3119.315673828125,1534.4241943359375,829.6995849609375,173.6426544189453,286.79718017578125,89.5999984741211,90.5,67.00060272216797,3057.280029296875,19999.955078125,13.0,30.0,23.0,24100.0,252.89999389648438,268.6000061035156,274.1000061035156,279.0,283.20001220703125,5571.681640625,2998.815185546875,1466.213134765625,779.9824829101562,132.42323303222656,276.2300109863281,71.5999984741211,70.0,34.720001220703125,1561.1199951171875,0.0,0.0,nan,0.0,0.0,97.0,0.0,38500.0,253.55990600585938,267.5313415527344,275.1372985839844,281.6456298828125,286.3294372558594,5572.1064453125,3001.300048828125,1467.64404296875,777.7163696289062,128.87686157226562,281.1609802246094,52.0,42.58586502075195,1445.0677490234375,1690.0,0.0,0.0,5576.40234375,3003.70556640625,1468.649169921875,780.549560546875,136.1201171875,253.45230102539062,268.09320068359375,274.8841247558594,280.116455078125,284.521728515625,10.490594863891602,48.071292877197266,44.24673080444336,51.807708740234375,0.13380146026611328,0.1615133285522461,0.32828330993652344,275.0428771972656,269.6366271972656,101689.1875,91837.078125,,5.669034004211426,51.0,0.0,7620.0,88886.0,3960.0,16274.0,0.0,1.0,4.0,6.0,11.0,3.0,3.0,3.0,3.0,2.0,0.0,271.67999267578125,266.45001220703125,68.0,0.0,6.400000095367432,7.0
2026-04-25T22:57,2026-04-25T23:00,24,train,0,2026,4,22,23,2026-04-25T00:00,23,2026-04-25T00:00,23,2026-04-25T00:00,26,2026-04-24T21:00,24,2026-04-25T00:00,24,2026-04-24T23:00,-999.0,0.0,0.0,100.0,95.0,nan,7348.77294921875,nan,39100.0,nan,2.318274736404419,252.5193634033203,266.3839111328125,274.1470642089844,280.2635498046875,284.6365966796875,5562.9404296875,3000.00537109375,1471.688720703125,136.23426818847656,275.1695556640625,60.400001525878906,830.9099731445312,1576.3199462890625,30400.0,0.0,0.0,19999.9609375,0.0,0.0,5.0,0.0,24135.279296875,0.0,0.0,256.415283203125,273.78216552734375,282.2629089355469,286.1729431152344,286.45672607421875,5733.25146484375,3116.863525390625,1530.5413818359375,824.1669921875,166.43887329101562,286.0172119140625,86.19999694824219,78.0999984741211,111.44400024414062,3220.0,19999.888671875,7.0,34.0,18.0,24100.0,253.60000610351562,268.0,274.5,279.6000061035156,283.79998779296875,5568.9814453125,3000.346435546875,1464.0712890625,776.65673828125,130.6596221923828,277.29998779296875,57.900001525878906,59.0,216.8000030517578,1610.56005859375,0.0,0.0,nan,21.0,0.0,0.0,21.0,27700.0,252.54981994628906,267.1488037109375,272.55010986328125,279.0978698730469,283.8216247558594,5564.4443359375,3000.107666015625,1472.2833251953125,788.3635864257812,141.73831176757812,278.9043884277344,65.0,57.69782257080078,1149.5347900390625,1410.0,0.0,0.0,5575.015625,3002.57275390625,1471.781494140625,785.482666015625,142.865234375,253.47430419921875,267.874755859375,273.96630859375,279.4347839355469,283.6352844238281,15.704195976257324,54.41317367553711,47.17866897583008,52.59609603881836,0.03363037109375,-0.03231525421142578,0.3633766174316406,275.19097900390625,270.00347900390625,101772.375,91890.921875,,6.4826507568359375,56.0,0.0,7620.0,88886.0,6250.0,402.0,12.0,13.0,23.0,25.0,26.0,20.0,20.0,20.0,20.0,0.0,0.0,271.90997314453125,266.6000061035156,67.0,0.0,7.599999904632568,8.100000381469727
2026-04-12T15:59,2026-04-12T16:00,24,train,0,2026,4,15,22,2026-04-11T18:00,22,2026-04-11T18:00,22,2026-04-11T18:00,25,2026-04-11T15:00,21,2026-04-11T18:00,24,2026-04-11T16:00,-999.0,0.0,0.0,0.0,0.0,nan,nan,nan,nan,nan,4.853663444519043,251.80838012695312,265.58428955078125,270.9788818359375,274.4936218261719,279.1349182128906,5641.68603515625,3093.73876953125,1564.93212890625,250.91751098632812,274.4958190917969,59.0,421.09075927734375,1348.0799560546875,32100.0,0.0,0.009999999776482582,318.6983947753906,99.5,100.0,100.0,100.0,24134.705078125,2.6399999114801176e-05,1.9375,251.84959411621094,266.8146667480469,271.8757629394531,275.8160705566406,280.3959045410156,5539.0048828125,2973.9580078125,1446.27294921875,766.5301513671875,130.64422607421875,280.3206787109375,92.80000305175781,98.80000305175781,446.26513671875,1241.760009765625,19999.958984375,0.0,8.0,3.0,24100.0,253.10000610351562,266.6000061035156,271.8999938964844,277.70001220703125,281.79998779296875,5652.8154296875,3094.32421875,1562.3546142578125,880.9286499023438,245.1522979736328,277.8599853515625,36.0,37.0,948.0,1443.52001953125,0.0,0.0,nan,13.0,100.0,8.0,13.0,22400.0,252.22531127929688,265.83404541015625,269.783203125,272.9121398925781,278.112548828125,5641.71142578125,3093.08154296875,1564.2215576171875,894.06298828125,258.9874267578125,275.72552490234375,74.20165252685547,71.69113159179688,576.50048828125,890.0,0.0,0.125,5649.1953125,3098.238525390625,1566.280029296875,892.5744018554688,259.858642578125,252.63551330566406,265.8182678222656,271.56549072265625,274.72235107421875,279.25201416015625,18.256528854370117,12.791179656982422,36.28224563598633,31.124515533447266,0.2899770736694336,0.015489578247070312,-0.2033557891845703,277.6050109863281,261.6551513671875,103198.8125,93086.2265625,,3.6858596801757812,46.0,79.0,8336.0,88886.0,5880.0,465.0,0.0,0.0,2.0,2.0,5.0,44.0,44.0,44.0,44.0,1.0,0.0,269.94000244140625,261.29998779296875,51.0,0.0,9.199999809265137,9.800000190734863
2026-04-12T15:59,2026-04-12T16:00,48,train,0,2026,4,15,46,2026-04-10T18:00,46,2026-04-10T18:00,46,2026-04-10T18:00,49,2026-04-10T15:00,45,2026-04-10T18:00,36,2026-04-11T04:00,-999.0,0.0,12.0,0.0,0.0,nan,nan,nan,nan,nan,1.9859105348587036,252.02008056640625,266.3082275390625,269.87408447265625,274.06396484375,278.60992431640625,5636.1826171875,3084.2021484375,1556.640380859375,243.740478515625,273.2146301269531,86.0999984741211,500.57318115234375,1309.1199951171875,16900.0,0.0,8.850000381469727,2279.456298828125,100.0,100.0,100.0,28.5,24135.10546875,1.160000010713702e-05,0.1875,251.78750610351562,266.1030578613281,270.8041687011719,276.8863830566406,283.0766906738281,5541.4794921875,2978.224365234375,1454.998779296875,775.8609619140625,135.56117248535156,283.26055908203125,57.400001525878906,73.5,997.6930541992188,1174.56005859375,19999.94140625,0.0,10.0,10.0,24100.0,252.0,265.70001220703125,269.70001220703125,275.20001220703125,279.29998779296875,5632.8310546875,3082.5205078125,1552.1011962890625,876.660888671875,237.78118896484375,275.0799865722656,53.5,52.0,469.9200134277344,1224.6400146484375,0.0,0.0,nan,11.0,1.0,0.0,11.0,23800.0,252.24639892578125,266.06597900390625,269.98876953125,272.52081298828125,277.7017822265625,5636.9375,3086.70947265625,1556.552490234375,886.897705078125,252.91900634765625,275.5349426269531,71.78536987304688,72.6745376586914,564.55224609375,880.0,0.0,6.3125,5642.3984375,3089.40673828125,1559.38671875,886.0267944335938,253.02734375,253.1197052001953,265.25286865234375,270.80035400390625,274.7867736816406,279.2845764160156,19.73648452758789,19.41320037841797,37.1563606262207,31.772396087646484,0.19921588897705078,-0.384063720703125,-0.32207679748535156,277.27203369140625,263.8246154785156,103107.125,93017.328125,,4.1777215003967285,37.0,0.0,7620.0,88886.0,6712.0,457.0,0.0,0.0,1.0,4.0,6.0,35.0,36.0,36.0,39.0,1.0,0.0,269.79998779296875,262.28997802734375,56.0,0.0,10.399999618530273,11.0
2026-04-25T22:57,2026-04-25T23:00,48,train,0,2026,4,22,47,2026-04-24T00:00,47,2026-04-24T00:00,47,2026-04-24T00:00,50,2026-04-23T21:00,48,2026-04-24T00:00,36,2026-04-24T11:00,-999.0,15.0,100.0,0.0,100.0,2073.98583984375,1909.9168701171875,nan,80500.0,nan,1.3817741870880127,250.98033142089844,266.004150390625,272.622802734375,278.7685852050781,283.121337890625,5547.77294921875,2992.4169921875,1470.6593017578125,140.95492553710938,274.22003173828125,75.5999984741211,929.068359375,1427.3599853515625,21300.0,0.0,0.05999999865889549,1980.0262451171875,92.5999984741211,0.0,5.0,2.0999999046325684,24134.91015625,0.0,0.0,256.85284423828125,273.84820556640625,282.2745361328125,286.67498779296875,288.8736267089844,5739.99755859375,3116.144775390625,1534.2410888671875,826.4151000976562,166.18006896972656,289.0992431640625,77.0999984741211,84.30000305175781,236.60633850097656,3267.679931640625,19999.849609375,4.0,10.0,24.0,24100.0,252.0,268.79998779296875,273.6000061035156,278.29998779296875,282.5,5573.005859375,3008.166748046875,1470.263427734375,785.9263916015625,139.888916015625,275.6199951171875,68.5,61.0,34.720001220703125,1527.3599853515625,0.0,0.0,9007.3623046875,64.0,0.0,31.0,64.0,26300.0,251.3450927734375,266.782470703125,271.7298889160156,278.2213439941406,282.9154357910156,5549.9248046875,2992.835205078125,1470.0908203125,788.402587890625,143.8697967529297,278.31805419921875,67.0,61.51667404174805,1229.8658447265625,1330.0,0.0,0.1875,5569.19921875,2999.9150390625,1470.820068359375,784.4100952148438,141.750244140625,253.2266845703125,268.087646484375,273.95672607421875,279.572998046875,283.6849365234375,30.93609046936035,47.62459182739258,44.50571823120117,52.135921478271484,0.2045745849609375,0.30701541900634766,0.4243917465209961,275.4285888671875,269.3035888671875,101745.0,91878.703125,,6.638846397399902,43.0,0.0,7620.0,88886.0,2896.0,457.0,0.0,0.0,14.0,24.0,28.0,32.0,32.0,32.0,32.0,1.0,0.0,271.2599792480469,266.6199951171875,70.0,0.0,8.399999618530273,9.0
2026-08-26T06:54,2026-08-26T07:00,1,train,0,2026,8,6,1,2026-08-26T06:00,1,2026-08-26T06:00,1,2026-08-26T06:00,1,2026-08-26T06:00,0,2026-08-26T06:00,1,2026-08-26T06:00,-999.0,0.0,0.0,0.0,0.0,nan,2073.70751953125,nan,79300.0,nan,5.981420993804932,260.6282958984375,274.96881103515625,283.3414001464844,287.0438232421875,291.1404113769531,5733.9814453125,3089.62353515625,1499.125,123.29403686523438,282.5121154785156,86.0999984741211,172.82186889648438,3397.43212890625,15200.0,0.0,0.0,6869.9658203125,0.0,99.9000015258789,100.0,0.0,24135.140625,0.0,0.0,262.3479309082031,278.9647216796875,289.9429626464844,293.9713134765625,294.8674011230469,5795.24560546875,3120.542724609375,1497.3720703125,770.5810546875,94.65818786621094,294.7546691894531,71.69999694824219,61.0,284.7093200683594,4302.72021484375,20000.173828125,23.0,0.0,0.0,24100.0,260.0,275.0,284.1000061035156,286.79998779296875,291.1000061035156,5741.3759765625,3097.621826171875,1505.423583984375,797.3886108398438,137.2635498046875,283.989990234375,93.80000305175781,95.0,264.3999938964844,3548.788818359375,0.0,0.1875,nan,9.0,0.0,0.0,9.0,13300.0,260.6411437988281,274.2090759277344,283.3707580566406,287.3743896484375,290.829345703125,5739.751953125,3095.916748046875,1508.625244140625,798.8038330078125,133.7723846435547,284.34149169921875,84.4376220703125,87.62906646728516,212.78704833984375,3326.6875,0.0,0.0,5740.73046875,3096.39501953125,1504.79443359375,795.6856079101562,137.316162109375,260.19915771484375,274.46905517578125,283.734619140625,286.5927429199219,290.7409973144531,68.74662780761719,66.33919525146484,85.9600601196289,96.29576873779297,0.07663536071777344,0.8287172317504883,0.5997610092163086,283.01678466796875,282.7845458984375,101648.5,92019.28125,,17.36274528503418,44.0,0.0,7620.0,0.0,0.0,209.0,77.0,86.0,89.0,89.0,89.0,83.0,83.0,83.0,83.0,3.0,141.0,280.0,280.0,100.0,2.0,13.0,14.100000381469727
2026-08-26T06:54,2026-08-26T07:00,24,train,0,2026,8,6,25,2026-08-25T06:00,25,2026-08-25T06:00,25,2026-08-25T06:00,22,2026-08-25T09:00,24,2026-08-25T06:00,24,2026-08-25T07:00,-999.0,0.0,19.0,0.0,0.0,1392.627197265625,1344.26416015625,nan,86700.0,nan,5.85530948638916,260.6029357910156,274.1809997558594,282.1566162109375,285.90740966796875,290.1354064941406,5728.787109375,3088.21337890625,1504.0462646484375,133.32278442382812,281.75799560546875,93.30000305175781,164.93838500976562,3230.143798828125,12200.0,0.0,0.029999999329447746,8521.1689453125,0.0,7.900000095367432,100.0,0.0,24135.064453125,0.0,0.0,261.59051513671875,278.33966064453125,291.600341796875,294.70458984375,294.79974365234375,5789.5830078125,3125.195068359375,1499.0423583984375,769.9217529296875,93.70919036865234,294.52227783203125,69.30000305175781,54.20000076293945,284.7673034667969,4004.9599609375,20000.18359375,43.0,0.0,0.0,0.0,260.79998779296875,275.0,284.1000061035156,285.6000061035156,289.79998779296875,5739.8486328125,3094.614501953125,1500.1466064453125,794.4633178710938,134.235595703125,283.20001220703125,99.80000305175781,100.0,263.6000061035156,3482.648681640625,0.00019999999494757503,0.5,780.7783203125,79.0,0.0,0.0,79.0,9500.0,260.2940673828125,275.02313232421875,282.71026611328125,285.8431396484375,289.79437255859375,5743.3583984375,3096.362060546875,1506.382080078125,799.5619506835938,135.42050170898438,285.4356689453125,96.06661987304688,94.10377502441406,441.6121520996094,3558.320556640625,0.0,4.4375,5743.12109375,3098.837890625,1503.4580078125,792.9671020507812,133.460205078125,260.09674072265625,274.74298095703125,284.298095703125,287.1126708984375,291.35223388671875,72.1715316772461,74.18147277832031,90.68404388427734,96.766357421875,-0.0840444564819336,0.6504392623901367,0.5005245208740234,283.75390625,283.6597900390625,101606.5625,91984.1328125,,19.20061683654785,63.0,0.0,7620.0,0.0,0.0,209.0,60.0,60.0,60.0,60.0,63.0,67.0,69.0,69.0,69.0,3.0,138.0,280.0,280.0,100.0,5.0,14.699999809265137,15.800000190734863
2026-08-26T06:54,2026-08-26T07:00,48,train,0,2026,8,6,43,2026-08-24T12:00,49,2026-08-24T06:00,49,2026-08-24T06:00,46,2026-08-24T09:00,48,2026-08-24T06:00,43,2026-08-24T12:00,-999.0,0.0,97.0,0.0,0.0,1472.029296875,1344.3514404296875,nan,86700.0,nan,7.4373555183410645,259.90826416015625,274.2243957519531,282.4127197265625,286.24920654296875,290.444580078125,5726.8310546875,3094.010009765625,1507.299560546875,136.11766052246094,282.6804504394531,97.9000015258789,277.09686279296875,3284.833740234375,12200.0,0.0,3.2899999618530273,8588.7314453125,0.0,0.0,100.0,0.0,24134.798828125,0.0,0.0,261.4569396972656,279.3934631347656,291.87066650390625,294.107666015625,294.05029296875,5787.52294921875,3122.333984375,1492.9512939453125,764.162353515625,89.48218536376953,293.75054931640625,71.0999984741211,55.79999923706055,285.2447814941406,4038.56005859375,20000.099609375,46.0,0.0,0.0,0.0,259.3999938964844,275.1000061035156,283.1000061035156,286.0,290.29998779296875,5723.29638671875,3087.285400390625,1494.8251953125,788.5960693359375,127.70623779296875,283.5199890136719,99.80000305175781,100.0,347.8399963378906,3457.80419921875,9.999999747378752e-05,1.0625,809.2908935546875,100.0,0.0,0.0,100.0,3200.0,259.08978271484375,274.8056945800781,281.69915771484375,285.21038818359375,289.30078125,5727.9072265625,3097.295166015625,1510.318359375,805.7642822265625,142.56927490234375,285.0621032714844,98.48504638671875,96.02638244628906,495.5853576660156,3453.33740234375,0.0,5.75,5724.9921875,3090.44580078125,1497.139404296875,787.002197265625,128.07275390625,259.71343994140625,274.46875,284.20562744140625,286.89056396484375,291.22515869140625,75.39017486572266,64.95887756347656,89.91520690917969,97.7039794921875,-0.10530471801757812,1.0396671295166016,0.6021480560302734,284.03826904296875,284.00421142578125,101539.875,91928.203125,,19.50767707824707,72.0,,,,,,,,,,,,,,,2.0,140.0,280.29998779296875,280.29998779296875,100.0,3.0,15.100000381469727,16.299999237060547
