valid_utc,model_valid_utc,target_lead_h,split,is_undercast,year,month,hour_utc,lead_hrrr,meta_init_hrrr,lead_gfs,meta_init_gfs,lead_nam,meta_init_nam,lead_rap,meta_init_rap,lead_ecmwf,meta_init_ecmwf,lead_nbm,meta_init_nbm,cloud_top_hrrr,boundary_layer_cloud_layer_hrrr,low_cloud_layer_percent_hrrr,middle_cloud_layer_percent_hrrr,high_cloud_layer_percent_hrrr,cloud_ceiling_m_hrrr,cloud_base_m_hrrr,cloud_top_pres_hrrr,cloud_base_pres_hrrr,cloud_top_hgt_hrrr,wind_10m_day_max_hrrr,tmp_500mb_hrrr,tmp_700mb_hrrr,tmp_850mb_hrrr,tmp_925mb_hrrr,tmp_1000mb_hrrr,hgt_500mb_hrrr,hgt_700mb_hrrr,hgt_850mb_hrrr,hgt_1000mb_hrrr,tmp_2m_hrrr,rh_2m_hrrr,hpbl_surface_hrrr,hgt_0C_iso_hrrr,vis_surface_hrrr,prate_surface_hrrr,apcp_surface_hrrr,cloud_ceiling_gfs,low_cloud_layer_percent_gfs,middle_cloud_layer_percent_gfs,high_cloud_layer_percent_gfs,boundary_layer_cloud_layer_gfs,vis_surface_gfs,prate_surface_gfs,apcp_surface_gfs,tmp_500mb_gfs,tmp_700mb_gfs,tmp_850mb_gfs,tmp_925mb_gfs,tmp_1000mb_gfs,hgt_500mb_gfs,hgt_700mb_gfs,hgt_850mb_gfs,hgt_925mb_gfs,hgt_1000mb_gfs,tmp_2m_gfs,rh_2m_gfs,rh_925mb_gfs,hpbl_surface_gfs,hgt_0C_iso_gfs,cloud_ceiling_nam,low_cloud_layer_percent_nam,middle_cloud_layer_percent_nam,high_cloud_layer_percent_nam,vis_surface_nam,tmp_500mb_nam,tmp_700mb_nam,tmp_850mb_nam,tmp_925mb_nam,tmp_1000mb_nam,hgt_500mb_nam,hgt_700mb_nam,hgt_850mb_nam,hgt_925mb_nam,hgt_1000mb_nam,tmp_2m_nam,rh_2m_nam,rh_925mb_nam,hpbl_surface_nam,hgt_0C_iso_nam,prate_surface_nam,apcp_surface_nam,cloud_ceiling_m_rap,low_cloud_layer_percent_rap,middle_cloud_layer_percent_rap,high_cloud_layer_percent_rap,boundary_layer_cloud_layer_rap,vis_surface_rap,tmp_500mb_rap,tmp_700mb_rap,tmp_850mb_rap,tmp_925mb_rap,tmp_1000mb_rap,hgt_500mb_rap,hgt_700mb_rap,hgt_850mb_rap,hgt_925mb_rap,hgt_1000mb_rap,tmp_2m_rap,rh_2m_rap,rh_925mb_rap,hpbl_surface_rap,hgt_0C_iso_rap,prate_surface_rap,apcp_surface_rap,hgt_500mb_ecmwf,hgt_700mb_ecmwf,hgt_850mb_ecmwf,hgt_925mb_ecmwf,hgt_1000mb_ecmwf,tmp_500mb_ecmwf,tmp_700mb_ecmwf,tmp_850mb_ecmwf,tmp_925mb_ecmwf,tmp_1000mb_ecmwf,rh_700mb_ecmwf,rh_850mb_ecmwf,rh_925mb_ecmwf,rh_1000mb_ecmwf,vvel_700mb_ecmwf,vvel_850mb_ecmwf,vvel_925mb_ecmwf,tmp_2m_ecmwf,dpt_2m_ecmwf,mslp_ecmwf,sp_surface_ecmwf,cape_ecmwf,tcwv_ecmwf,tcdc_surface_nbm,tcdc_high_cloud_nbm,cdcb_high_cloud_nbm,cloud_ceiling_m_nbm,cloud_base_m_nbm,vis_surface_nbm,ceil_prob_below_152m_nbm,ceil_prob_below_305m_nbm,ceil_prob_below_610m_nbm,ceil_prob_below_914m_nbm,ceil_prob_below_2012m_nbm,vis_prob_below_1609m_nbm,vis_prob_below_3219m_nbm,vis_prob_below_4828m_nbm,vis_prob_below_8047m_nbm,cape_surface_nbm,mixing_height_nbm,tmp_2m_nbm,dpt_2m_nbm,rh_2m_nbm,apcp_surface_nbm,wind_10m_nbm,gust_surface_nbm
2014-09-14T21:52,2014-09-14T22:00,24,train,1,2014,9,21,,,,,,,,,,,,,,,,,,,,,,,,,,,,,,,,,,,,,,,,,,,,,,,,,,,,,,,,,,,,,,,,,,,,,,,,,,,,,,,,,,,,,,,,,,,,,,,,,,,,,,,,,,,,,,,,,,,,,,,,,,,,,,,,,,,,,,,,,,,,,,,,,,,,,,,,,
2014-09-04T17:56,2014-09-04T18:00,48,train,0,2014,9,17,,,,,,,,,,,,,,,,,,,,,,,,,,,,,,,,,,,,,,,,,,,,,,,,,,,,,,,,,,,,,,,,,,,,,,,,,,,,,,,,,,,,,,,,,,,,,,,,,,,,,,,,,,,,,,,,,,,,,,,,,,,,,,,,,,,,,,,,,,,,,,,,,,,,,,,,,
2014-09-04T17:56,2014-09-04T18:00,24,train,0,2014,9,17,,,,,,,,,,,,,,,,,,,,,,,,,,,,,,,,,,,,,,,,,,,,,,,,,,,,,,,,,,,,,,,,,,,,,,,,,,,,,,,,,,,,,,,,,,,,,,,,,,,,,,,,,,,,,,,,,,,,,,,,,,,,,,,,,,,,,,,,,,,,,,,,,,,,,,,,,
2014-09-14T21:52,2014-09-14T22:00,48,train,1,2014,9,21,,,,,,,,,,,,,,,,,,,,,,,,,,,,,,,,,,,,,,,,,,,,,,,,,,,,,,,,,,,,,,,,,,,,,,,,,,,,,,,,,,,,,,,,,,,,,,,,,,,,,,,,,,,,,,,,,,,,,,,,,,,,,,,,,,,,,,,,,,,,,,,,,,,,,,,,,
2014-09-04T17:56,2014-09-04T18:00,1,train,0,2014,9,17,1,2014-09-04T17:00,,,,,,,,,,,-999.0,8.125,8.125,0.0,0.0,nan,nan,nan,nan,nan,6.753567218780518,264.1098327636719,277.38128662109375,286.7490234375,293.3824157714844,298.19775390625,5830.15869140625,3156.447265625,1554.99755859375,158.23043823242188,292.9295349121094,,1512.1875,,26600.0,0.0,0.0,,,,,,,,,,,,,,,,,,,,,,,,,,,,,,,,,,,,,,,,,,,,,,,,,,,,,,,,,,,,,,,,,,,,,,,,,,,,,,,,,,,,,,,,,,,,,,,,,,,,,,,,,,,,,,,,,,
2014-09-14T21:52,2014-09-14T22:00,1,train,1,2014,9,21,1,2014-09-14T21:00,,,,,,,,,,,-999.0,6.75,6.75,0.0,0.0,nan,nan,nan,nan,nan,6.952641487121582,261.0035400390625,277.0777587890625,277.5906982421875,280.98370361328125,285.4700927734375,5757.66650390625,3104.7998046875,1522.42333984375,167.0546417236328,280.09796142578125,,160.375,,14200.0,0.0,0.0,,,,,,,,,,,,,,,,,,,,,,,,,,,,,,,,,,,,,,,,,,,,,,,,,,,,,,,,,,,,,,,,,,,,,,,,,,,,,,,,,,,,,,,,,,,,,,,,,,,,,,,,,,,,,,,,,,
2014-10-07T10:47,2014-10-07T11:00,1,train,0,2014,10,10,1,2014-10-07T10:00,,,,,,,,,,,-999.0,100.0,64.375,17.875,100.0,1245.0303955078125,1227.7242431640625,25700.0,87800.0,10915.5390625,8.583383560180664,256.0637512207031,272.284423828125,279.4522399902344,282.19561767578125,286.12091064453125,5673.2041015625,3066.734619140625,1493.90576171875,140.60043334960938,279.7739562988281,,0.0,,0.0,0.0,0.05999999865889549,,,,,,,,,,,,,,,,,,,,,,,,,,,,,,,,,,,,,,,,,,,,,,,,,,,,,,,,,,,,,,,,,,,,,,,,,,,,,,,,,,,,,,,,,,,,,,,,,,,,,,,,,,,,,,,,,,
2014-09-25T13:54,2014-09-25T14:00,48,train,0,2014,9,13,,,,,,,,,,,,,,,,,,,,,,,,,,,,,,,,,,,,,,,,,,,,,,,,,,,,,,,,,,,,,,,,,,,,,,,,,,,,,,,,,,,,,,,,,,,,,,,,,,,,,,,,,,,,,,,,,,,,,,,,,,,,,,,,,,,,,,,,,,,,,,,,,,,,,,,,,
2014-09-25T13:54,2014-09-25T14:00,24,train,0,2014,9,13,,,,,,,,,,,,,,,,,,,,,,,,,,,,,,,,,,,,,,,,,,,,,,,,,,,,,,,,,,,,,,,,,,,,,,,,,,,,,,,,,,,,,,,,,,,,,,,,,,,,,,,,,,,,,,,,,,,,,,,,,,,,,,,,,,,,,,,,,,,,,,,,,,,,,,,,,
2014-09-25T13:54,2014-09-25T14:00,1,train,0,2014,9,13,1,2014-09-25T13:00,,,,,,,,,,,-999.0,13.625,1.875,0.0,13.625,nan,nan,nan,nan,nan,3.260331869125366,262.0470275878906,278.89324951171875,282.1165466308594,284.8982849121094,288.97369384765625,5867.50390625,3206.029296875,1607.41943359375,239.90347290039062,284.35760498046875,,214.5,,23600.0,0.0,0.0,,,,,,,,,,,,,,,,,,,,,,,,,,,,,,,,,,,,,,,,,,,,,,,,,,,,,,,,,,,,,,,,,,,,,,,,,,,,,,,,,,,,,,,,,,,,,,,,,,,,,,,,,,,,,,,,,,
2014-10-07T10:47,2014-10-07T11:00,24,train,0,2014,10,10,,,,,,,,,,,,,,,,,,,,,,,,,,,,,,,,,,,,,,,,,,,,,,,,,,,,,,,,,,,,,,,,,,,,,,,,,,,,,,,,,,,,,,,,,,,,,,,,,,,,,,,,,,,,,,,,,,,,,,,,,,,,,,,,,,,,,,,,,,,,,,,,,,,,,,,,,
2014-10-07T10:47,2014-10-07T11:00,48,train,0,2014,10,10,,,,,,,,,,,,,,,,,,,,,,,,,,,,,,,,,,,,,,,,,,,,,,,,,,,,,,,,,,,,,,,,,,,,,,,,,,,,,,,,,,,,,,,,,,,,,,,,,,,,,,,,,,,,,,,,,,,,,,,,,,,,,,,,,,,,,,,,,,,,,,,,,,,,,,,,,
2014-10-23T11:56,2014-10-23T12:00,1,train,0,2014,10,11,1,2014-10-23T11:00,,,,,,,,,,,6255.7998046875,92.5,64.625,72.375,92.5,1244.34130859375,1227.38134765625,27400.0,87600.0,10306.068359375,9.684883117675781,258.352294921875,273.34100341796875,277.46771240234375,279.5090026855469,283.61370849609375,5647.7685546875,3021.123291015625,1446.8358154296875,97.89281463623047,276.14385986328125,,240.1875,,100.0,0.003100000089034438,6.656000137329102,,,,,,,,,,,,,,,,,,,,,,,,,,,,,,,,,,,,,,,,,,,,,,,,,,,,,,,,,,,,,,,,,,,,,,,,,,,,,,,,,,,,,,,,,,,,,,,,,,,,,,,,,,,,,,,,,,
2014-11-12T05:50,2014-11-12T06:00,48,train,1,2014,11,5,,,,,,,,,,,,,,,,,,,,,,,,,,,,,,,,,,,,,,,,,,,,,,,,,,,,,,,,,,,,,,,,,,,,,,,,,,,,,,,,,,,,,,,,,,,,,,,,,,,,,,,,,,,,,,,,,,,,,,,,,,,,,,,,,,,,,,,,,,,,,,,,,,,,,,,,,
2014-11-12T05:50,2014-11-12T06:00,24,train,1,2014,11,5,,,,,,,,,,,,,,,,,,,,,,,,,,,,,,,,,,,,,,,,,,,,,,,,,,,,,,,,,,,,,,,,,,,,,,,,,,,,,,,,,,,,,,,,,,,,,,,,,,,,,,,,,,,,,,,,,,,,,,,,,,,,,,,,,,,,,,,,,,,,,,,,,,,,,,,,,
2014-10-23T11:56,2014-10-23T12:00,48,train,0,2014,10,11,,,,,,,,,,,,,,,,,,,,,,,,,,,,,,,,,,,,,,,,,,,,,,,,,,,,,,,,,,,,,,,,,,,,,,,,,,,,,,,,,,,,,,,,,,,,,,,,,,,,,,,,,,,,,,,,,,,,,,,,,,,,,,,,,,,,,,,,,,,,,,,,,,,,,,,,,
2014-10-23T11:56,2014-10-23T12:00,24,train,0,2014,10,11,,,,,,,,,,,,,,,,,,,,,,,,,,,,,,,,,,,,,,,,,,,,,,,,,,,,,,,,,,,,,,,,,,,,,,,,,,,,,,,,,,,,,,,,,,,,,,,,,,,,,,,,,,,,,,,,,,,,,,,,,,,,,,,,,,,,,,,,,,,,,,,,,,,,,,,,,
2014-11-12T05:50,2014-11-12T06:00,1,train,1,2014,11,5,1,2014-11-12T05:00,,,,,,,,,,,-999.0,6.75,6.75,0.0,0.0,nan,nan,nan,nan,nan,6.724783420562744,258.3796081542969,275.26177978515625,281.10882568359375,282.60833740234375,286.2376708984375,5682.5673828125,3054.9716796875,1469.42919921875,110.76264190673828,278.7349853515625,,0.0,,12300.0,0.0,0.0,,,,,,,,,,,,,,,,,,,,,,,,,,,,,,,,,,,,,,,,,,,,,,,,,,,,,,,,,,,,,,,,,,,,,,,,,,,,,,,,,,,,,,,,,,,,,,,,,,,,,,,,,,,,,,,,,,
2014-12-01T17:50,2014-12-01T18:00,48,train,0,2014,12,17,,,,,,,,,,,,,,,,,,,,,,,,,,,,,,,,,,,,,,,,,,,,,,,,,,,,,,,,,,,,,,,,,,,,,,,,,,,,,,,,,,,,,,,,,,,,,,,,,,,,,,,,,,,,,,,,,,,,,,,,,,,,,,,,,,,,,,,,,,,,,,,,,,,,,,,,,
2014-12-01T17:50,2014-12-01T18:00,24,train,0,2014,12,17,,,,,,,,,,,,,,,,,,,,,,,,,,,,,,,,,,,,,,,,,,,,,,,,,,,,,,,,,,,,,,,,,,,,,,,,,,,,,,,,,,,,,,,,,,,,,,,,,,,,,,,,,,,,,,,,,,,,,,,,,,,,,,,,,,,,,,,,,,,,,,,,,,,,,,,,,
2014-12-01T17:50,2014-12-01T18:00,1,train,0,2014,12,17,1,2014-12-01T17:00,,,,,,,,,,,-999.0,37.875,37.875,1.375,0.25,1243.8485107421875,1227.1031494140625,86900.0,87700.0,1366.5992431640625,11.961215019226074,252.9395751953125,271.1497802734375,273.0002746582031,275.244873046875,279.20751953125,5603.1025390625,3023.4951171875,1468.781005859375,140.1689453125,272.6925354003906,,136.75,,100.0,0.0,0.017999999225139618,,,,,,,,,,,,,,,,,,,,,,,,,,,,,,,,,,,,,,,,,,,,,,,,,,,,,,,,,,,,,,,,,,,,,,,,,,,,,,,,,,,,,,,,,,,,,,,,,,,,,,,,,,,,,,,,,,
2014-12-09T16:51,2014-12-09T17:00,24,train,0,2014,12,16,,,,,,,,,,,,,,,,,,,,,,,,,,,,,,,,,,,,,,,,,,,,,,,,,,,,,,,,,,,,,,,,,,,,,,,,,,,,,,,,,,,,,,,,,,,,,,,,,,,,,,,,,,,,,,,,,,,,,,,,,,,,,,,,,,,,,,,,,,,,,,,,,,,,,,,,,
2014-12-09T16:51,2014-12-09T17:00,1,train,0,2014,12,16,1,2014-12-09T16:00,,,,,,,,,,,-999.0,100.0,40.625,40.625,100.0,1243.4537353515625,1226.970947265625,22800.0,88200.0,11255.6484375,7.534075736999512,252.6535186767578,264.366455078125,270.61248779296875,273.0655517578125,276.791259765625,5584.63818359375,3028.652587890625,1507.525146484375,198.38478088378906,270.3489685058594,,166.5,,100.0,9.999999747378752e-05,0.9419999718666077,,,,,,,,,,,,,,,,,,,,,,,,,,,,,,,,,,,,,,,,,,,,,,,,,,,,,,,,,,,,,,,,,,,,,,,,,,,,,,,,,,,,,,,,,,,,,,,,,,,,,,,,,,,,,,,,,,
2014-12-09T16:51,2014-12-09T17:00,48,train,0,2014,12,16,,,,,,,,,,,,,,,,,,,,,,,,,,,,,,,,,,,,,,,,,,,,,,,,,,,,,,,,,,,,,,,,,,,,,,,,,,,,,,,,,,,,,,,,,,,,,,,,,,,,,,,,,,,,,,,,,,,,,,,,,,,,,,,,,,,,,,,,,,,,,,,,,,,,,,,,,
2014-12-16T22:53,2014-12-16T23:00,48,train,1,2014,12,22,,,,,,,,,,,,,,,,,,,,,,,,,,,,,,,,,,,,,,,,,,,,,,,,,,,,,,,,,,,,,,,,,,,,,,,,,,,,,,,,,,,,,,,,,,,,,,,,,,,,,,,,,,,,,,,,,,,,,,,,,,,,,,,,,,,,,,,,,,,,,,,,,,,,,,,,,
2014-12-16T22:53,2014-12-16T23:00,24,train,1,2014,12,22,,,,,,,,,,,,,,,,,,,,,,,,,,,,,,,,,,,,,,,,,,,,,,,,,,,,,,,,,,,,,,,,,,,,,,,,,,,,,,,,,,,,,,,,,,,,,,,,,,,,,,,,,,,,,,,,,,,,,,,,,,,,,,,,,,,,,,,,,,,,,,,,,,,,,,,,,
2014-12-16T22:53,2014-12-16T23:00,1,train,1,2014,12,22,1,2014-12-16T22:00,,,,,,,,,,,-999.0,64.125,12.0,0.0,64.125,8795.748046875,9374.2958984375,25600.0,29300.0,10942.4921875,9.057402610778809,254.9970703125,273.51727294921875,275.20538330078125,274.9390563964844,278.62274169921875,5605.146484375,2997.712158203125,1430.5687255859375,100.88211059570312,273.14971923828125,,0.0,,16700.0,0.0,0.0,,,,,,,,,,,,,,,,,,,,,,,,,,,,,,,,,,,,,,,,,,,,,,,,,,,,,,,,,,,,,,,,,,,,,,,,,,,,,,,,,,,,,,,,,,,,,,,,,,,,,,,,,,,,,,,,,,
2014-12-25T09:50,2014-12-25T10:00,48,train,0,2014,12,9,,,,,,,,,,,,,,,,,,,,,,,,,,,,,,,,,,,,,,,,,,,,,,,,,,,,,,,,,,,,,,,,,,,,,,,,,,,,,,,,,,,,,,,,,,,,,,,,,,,,,,,,,,,,,,,,,,,,,,,,,,,,,,,,,,,,,,,,,,,,,,,,,,,,,,,,,
2014-12-25T09:50,2014-12-25T10:00,24,train,0,2014,12,9,,,,,,,,,,,,,,,,,,,,,,,,,,,,,,,,,,,,,,,,,,,,,,,,,,,,,,,,,,,,,,,,,,,,,,,,,,,,,,,,,,,,,,,,,,,,,,,,,,,,,,,,,,,,,,,,,,,,,,,,,,,,,,,,,,,,,,,,,,,,,,,,,,,,,,,,,
2014-12-25T09:50,2014-12-25T10:00,1,train,0,2014,12,9,1,2014-12-25T09:00,,,,,,,,,,,-999.0,67.625,40.625,9.25,67.625,1245.0780029296875,1227.704345703125,15100.0,86100.0,14182.12890625,9.12453842163086,259.9278259277344,276.1336975097656,282.1771545410156,284.14129638671875,288.2414245605469,5549.3447265625,2912.50927734375,1317.4853515625,-50.64002990722656,279.3641357421875,,0.0,,100.0,0.0,0.03799999877810478,,,,,,,,,,,,,,,,,,,,,,,,,,,,,,,,,,,,,,,,,,,,,,,,,,,,,,,,,,,,,,,,,,,,,,,,,,,,,,,,,,,,,,,,,,,,,,,,,,,,,,,,,,,,,,,,,,
2015-01-03T19:58,2015-01-03T20:00,24,train,0,2015,1,19,,,,,,,,,,,,,,,,,,,,,,,,,,,,,,,,,,,,,,,,,,,,,,,,,,,,,,,,,,,,,,,,,,,,,,,,,,,,,,,,,,,,,,,,,,,,,,,,,,,,,,,,,,,,,,,,,,,,,,,,,,,,,,,,,,,,,,,,,,,,,,,,,,,,,,,,,
2015-01-03T19:58,2015-01-03T20:00,48,train,0,2015,1,19,,,,,,,,,,,,,,,,,,,,,,,,,,,,,,,,,,,,,,,,,,,,,,,,,,,,,,,,,,,,,,,,,,,,,,,,,,,,,,,,,,,,,,,,,,,,,,,,,,,,,,,,,,,,,,,,,,,,,,,,,,,,,,,,,,,,,,,,,,,,,,,,,,,,,,,,,
2015-01-03T19:58,2015-01-03T20:00,1,train,0,2015,1,19,1,2015-01-03T19:00,,,,,,,,,,,-999.0,93.875,0.0,93.875,84.125,4541.33203125,1226.3905029296875,27700.0,88700.0,10085.6953125,6.383636951446533,254.89324951171875,261.97686767578125,263.24853515625,264.270263671875,267.78851318359375,5583.41943359375,3031.185546875,1535.21337890625,262.8821716308594,263.693359375,,0.0,,8000.0,0.0,0.07999999821186066,,,,,,,,,,,,,,,,,,,,,,,,,,,,,,,,,,,,,,,,,,,,,,,,,,,,,,,,,,,,,,,,,,,,,,,,,,,,,,,,,,,,,,,,,,,,,,,,,,,,,,,,,,,,,,,,,,
2015-01-31T15:53,2015-01-31T16:00,1,train,0,2015,1,15,1,2015-01-31T15:00,,,,,,,,,,,-999.0,0.0,0.0,0.0,0.0,nan,nan,nan,nan,nan,13.401949882507324,241.82891845703125,255.7333984375,257.23236083984375,257.46600341796875,261.2373352050781,5249.6923828125,2796.30810546875,1331.98388671875,82.24092864990234,256.22412109375,,159.625,,21800.0,0.0,0.0,,,,,,,,,,,,,,,,,,,,,,,,,,,,,,,,,,,,,,,,,,,,,,,,,,,,,,,,,,,,,,,,,,,,,,,,,,,,,,,,,,,,,,,,,,,,,,,,,,,,,,,,,,,,,,,,,,
2015-01-31T15:53,2015-01-31T16:00,24,train,0,2015,1,15,,,,,,,,,,,,,,,,,,,,,,,,,,,,,,,,,,,,,,,,,,,,,,,,,,,,,,,,,,,,,,,,,,,,,,,,,,,,,,,,,,,,,,,,,,,,,,,,,,,,,,,,,,,,,,,,,,,,,,,,,,,,,,,,,,,,,,,,,,,,,,,,,,,,,,,,,
2015-01-31T15:53,2015-01-31T16:00,48,train,0,2015,1,15,,,,,,,,,,,,,,,,,,,,,,,,,,,,,,,,,,,,,,,,,,,,,,,,,,,,,,,,,,,,,,,,,,,,,,,,,,,,,,,,,,,,,,,,,,,,,,,,,,,,,,,,,,,,,,,,,,,,,,,,,,,,,,,,,,,,,,,,,,,,,,,,,,,,,,,,,
2015-03-21T00:49,2015-03-21T01:00,48,train,0,2015,3,0,,,,,,,,,,,,,,,,,,,,,,,,,,,,,,,,,,,,,,,,,,,,,,,,,,,,,,,,,,,,,,,,,,,,,,,,,,,,,,,,,,,,,,,,,,,,,,,,,,,,,,,,,,,,,,,,,,,,,,,,,,,,,,,,,,,,,,,,,,,,,,,,,,,,,,,,,
2015-03-21T00:49,2015-03-21T01:00,24,train,0,2015,3,0,,,,,,,,,,,,,,,,,,,,,,,,,,,,,,,,,,,,,,,,,,,,,,,,,,,,,,,,,,,,,,,,,,,,,,,,,,,,,,,,,,,,,,,,,,,,,,,,,,,,,,,,,,,,,,,,,,,,,,,,,,,,,,,,,,,,,,,,,,,,,,,,,,,,,,,,,
2015-03-21T00:49,2015-03-21T01:00,1,train,0,2015,3,0,1,2015-03-21T00:00,,,,,,,,,,,-999.0,0.0,0.0,0.0,0.0,nan,nan,nan,nan,nan,6.9547319412231445,247.43377685546875,260.26202392578125,267.1317138671875,269.945556640625,273.637451171875,5453.44921875,2948.2724609375,1449.0545654296875,157.6485595703125,266.8522644042969,,0.0,,19100.0,0.0,0.0,,,,,,,,,,,,,,,,,,,,,,,,,,,,,,,,,,,,,,,,,,,,,,,,,,,,,,,,,,,,,,,,,,,,,,,,,,,,,,,,,,,,,,,,,,,,,,,,,,,,,,,,,,,,,,,,,,
2015-05-20T12:56,2015-05-20T13:00,1,train,0,2015,5,12,1,2015-05-20T12:00,,,,,,,,,,,-999.0,37.0,37.0,0.0,0.0,nan,nan,nan,nan,nan,13.940545082092285,258.8406982421875,275.8106689453125,276.144775390625,280.5767517089844,284.9999694824219,5591.9150390625,2952.64697265625,1384.120361328125,30.44818878173828,277.98876953125,,284.4375,,9200.0,0.0,0.029999999329447746,,,,,,,,,,,,,,,,,,,,,,,,,,,,,,,,,,,,,,,,,,,,,,,,,,,,,,,,,,,,,,,,,,,,,,,,,,,,,,,,,,,,,,,,,,,,,,,,,,,,,,,,,,,,,,,,,,
2015-05-20T12:56,2015-05-20T13:00,24,train,0,2015,5,12,,,,,,,,,,,,,,,,,,,,,,,,,,,,,,,,,,,,,,,,,,,,,,,,,,,,,,,,,,,,,,,,,,,,,,,,,,,,,,,,,,,,,,,,,,,,,,,,,,,,,,,,,,,,,,,,,,,,,,,,,,,,,,,,,,,,,,,,,,,,,,,,,,,,,,,,,
2015-05-20T12:56,2015-05-20T13:00,48,train,0,2015,5,12,,,,,,,,,,,,,,,,,,,,,,,,,,,,,,,,,,,,,,,,,,,,,,,,,,,,,,,,,,,,,,,,,,,,,,,,,,,,,,,,,,,,,,,,,,,,,,,,,,,,,,,,,,,,,,,,,,,,,,,,,,,,,,,,,,,,,,,,,,,,,,,,,,,,,,,,,
2015-06-19T13:54,2015-06-19T14:00,24,train,0,2015,6,13,,,,,,,,,,,,,,,,,,,,,,,,,,,,,,,,,,,,,,,,,,,,,,,,,,,,,,,,,,,,,,,,,,,,,,,,,,,,,,,,,,,,,,,,,,,,,,,,,,,,,,,,,,,,,,,,,,,,,,,,,,,,,,,,,,,,,,,,,,,,,,,,,,,,,,,,,
2015-06-19T13:54,2015-06-19T14:00,48,train,0,2015,6,13,,,,,,,,,,,,,,,,,,,,,,,,,,,,,,,,,,,,,,,,,,,,,,,,,,,,,,,,,,,,,,,,,,,,,,,,,,,,,,,,,,,,,,,,,,,,,,,,,,,,,,,,,,,,,,,,,,,,,,,,,,,,,,,,,,,,,,,,,,,,,,,,,,,,,,,,,
2015-08-17T15:51,2015-08-17T16:00,1,train,0,2015,8,15,1,2015-08-17T15:00,,,,,,,,,,,-999.0,17.0,7.0,0.0,17.0,nan,nan,nan,nan,nan,5.941665172576904,266.985107421875,281.84442138671875,289.49835205078125,295.9508056640625,300.7611999511719,5876.7763671875,3164.40283203125,1541.0408935546875,127.76679229736328,295.41778564453125,,1375.9375,,21200.0,0.0,0.0,,,,,,,,,,,,,,,,,,,,,,,,,,,,,,,,,,,,,,,,,,,,,,,,,,,,,,,,,,,,,,,,,,,,,,,,,,,,,,,,,,,,,,,,,,,,,,,,,,,,,,,,,,,,,,,,,,
2015-06-19T13:54,2015-06-19T14:00,1,train,0,2015,6,13,,,,,,,,,,,,,,,,,,,,,,,,,,,,,,,,,,,,,,,,,,,,,,,,,,,,,,,,,,,,,,,,,,,,,,,,,,,,,,,,,,,,,,,,,,,,,,,,,,,,,,,,,,,,,,,,,,,,,,,,,,,,,,,,,,,,,,,,,,,,,,,,,,,,,,,,,
2015-08-17T15:51,2015-08-17T16:00,48,train,0,2015,8,15,,,,,,,,,,,,,,,,,,,,,,,,,,,,,,,,,,,,,,,,,,,,,,,,,,,,,,,,,,,,,,,,,,,,,,,,,,,,,,,,,,,,,,,,,,,,,,,,,,,,,,,,,,,,,,,,,,,,,,,,,,,,,,,,,,,,,,,,,,,,,,,,,,,,,,,,,
2015-08-17T15:51,2015-08-17T16:00,24,train,0,2015,8,15,,,,,,,,,,,,,,,,,,,,,,,,,,,,,,,,,,,,,,,,,,,,,,,,,,,,,,,,,,,,,,,,,,,,,,,,,,,,,,,,,,,,,,,,,,,,,,,,,,,,,,,,,,,,,,,,,,,,,,,,,,,,,,,,,,,,,,,,,,,,,,,,,,,,,,,,,
2015-10-09T22:52,2015-10-09T23:00,24,train,0,2015,10,22,,,,,,,,,,,,,,,,,,,,,,,,,,,,,,,,,,,,,,,,,,,,,,,,,,,,,,,,,,,,,,,,,,,,,,,,,,,,,,,,,,,,,,,,,,,,,,,,,,,,,,,,,,,,,,,,,,,,,,,,,,,,,,,,,,,,,,,,,,,,,,,,,,,,,,,,,
2015-10-09T22:52,2015-10-09T23:00,1,train,0,2015,10,22,1,2015-10-09T22:00,,,,,,,,,,,-999.0,88.625,58.25,67.75,88.625,1245.1077880859375,1227.750244140625,29100.0,86800.0,11617.3447265625,11.797355651855469,257.8406982421875,272.71380615234375,280.1181945800781,283.82769775390625,288.02325439453125,5591.57421875,2973.95361328125,1397.1083984375,38.968528747558594,280.45989990234375,,0.0,,100.0,0.0003000000142492354,0.628000020980835,,,,,,,,,,,,,,,,,,,,,,,,,,,,,,,,,,,,,,,,,,,,,,,,,,,,,,,,,,,,,,,,,,,,,,,,,,,,,,,,,,,,,,,,,,,,,,,,,,,,,,,,,,,,,,,,,,
2015-10-09T22:52,2015-10-09T23:00,48,train,0,2015,10,22,,,,,,,,,,,,,,,,,,,,,,,,,,,,,,,,,,,,,,,,,,,,,,,,,,,,,,,,,,,,,,,,,,,,,,,,,,,,,,,,,,,,,,,,,,,,,,,,,,,,,,,,,,,,,,,,,,,,,,,,,,,,,,,,,,,,,,,,,,,,,,,,,,,,,,,,,
2015-10-31T16:53,2015-10-31T17:00,1,train,0,2015,10,16,1,2015-10-31T16:00,,,,,,,,,,,-999.0,32.0,0.0,11.75,32.0,nan,nan,nan,nan,nan,3.2372779846191406,259.0694885253906,272.0621337890625,275.88824462890625,279.1422424316406,283.55010986328125,5667.2255859375,3049.7958984375,1489.476318359375,150.17616271972656,278.26123046875,,362.5,,24800.0,0.0,0.0,,,,,,,,,,,,,,,,,,,,,,,,,,,,,,,,,,,,,,,,,,,,,,,,,,,,,,,,,,,,,,,,,,,,,,,,,,,,,,,,,,,,,,,,,,,,,,,,,,,,,,,,,,,,,,,,,,
2015-10-31T16:53,2015-10-31T17:00,24,train,0,2015,10,16,,,,,,,,,,,,,,,,,,,,,,,,,,,,,,,,,,,,,,,,,,,,,,,,,,,,,,,,,,,,,,,,,,,,,,,,,,,,,,,,,,,,,,,,,,,,,,,,,,,,,,,,,,,,,,,,,,,,,,,,,,,,,,,,,,,,,,,,,,,,,,,,,,,,,,,,,
2015-10-31T16:53,2015-10-31T17:00,48,train,0,2015,10,16,,,,,,,,,,,,,,,,,,,,,,,,,,,,,,,,,,,,,,,,,,,,,,,,,,,,,,,,,,,,,,,,,,,,,,,,,,,,,,,,,,,,,,,,,,,,,,,,,,,,,,,,,,,,,,,,,,,,,,,,,,,,,,,,,,,,,,,,,,,,,,,,,,,,,,,,,
2015-11-14T12:53,2015-11-14T13:00,24,train,0,2015,11,12,,,,,,,,,,,,,,,,,,,,,,,,,,,,,,,,,,,,,,,,,,,,,,,,,,,,,,,,,,,,,,,,,,,,,,,,,,,,,,,,,,,,,,,,,,,,,,,,,,,,,,,,,,,,,,,,,,,,,,,,,,,,,,,,,,,,,,,,,,,,,,,,,,,,,,,,,
2015-11-14T12:53,2015-11-14T13:00,1,train,0,2015,11,12,1,2015-11-14T12:00,,,,,,,,,,,-999.0,27.875,27.875,0.0,0.0,1287.487548828125,1226.5556640625,82000.0,86300.0,nan,16.98633575439453,251.75732421875,264.03863525390625,265.49310302734375,268.4593505859375,272.5323486328125,5390.00927734375,2848.4912109375,1343.568359375,51.79789733886719,264.67010498046875,,150.9375,,9400.0,0.0,0.11999999731779099,,,,,,,,,,,,,,,,,,,,,,,,,,,,,,,,,,,,,,,,,,,,,,,,,,,,,,,,,,,,,,,,,,,,,,,,,,,,,,,,,,,,,,,,,,,,,,,,,,,,,,,,,,,,,,,,,,
2015-11-14T12:53,2015-11-14T13:00,48,train,0,2015,11,12,,,,,,,,,,,,,,,,,,,,,,,,,,,,,,,,,,,,,,,,,,,,,,,,,,,,,,,,,,,,,,,,,,,,,,,,,,,,,,,,,,,,,,,,,,,,,,,,,,,,,,,,,,,,,,,,,,,,,,,,,,,,,,,,,,,,,,,,,,,,,,,,,,,,,,,,,
2015-11-27T08:53,2015-11-27T09:00,1,train,0,2015,11,8,1,2015-11-27T08:00,,,,,,,,,,,-999.0,0.0,0.0,0.0,0.0,nan,nan,nan,nan,nan,12.214300155639648,258.9493103027344,273.6522216796875,279.64312744140625,281.1800842285156,284.5266418457031,5791.06884765625,3164.28759765625,1589.0062255859375,238.9566650390625,277.8619689941406,,0.0,,14300.0,0.0,0.0,,,,,,,,,,,,,,,,,,,,,,,,,,,,,,,,,,,,,,,,,,,,,,,,,,,,,,,,,,,,,,,,,,,,,,,,,,,,,,,,,,,,,,,,,,,,,,,,,,,,,,,,,,,,,,,,,,
2015-11-27T08:53,2015-11-27T09:00,24,train,0,2015,11,8,,,,,,,,,,,,,,,,,,,,,,,,,,,,,,,,,,,,,,,,,,,,,,,,,,,,,,,,,,,,,,,,,,,,,,,,,,,,,,,,,,,,,,,,,,,,,,,,,,,,,,,,,,,,,,,,,,,,,,,,,,,,,,,,,,,,,,,,,,,,,,,,,,,,,,,,,
2015-11-27T08:53,2015-11-27T09:00,48,train,0,2015,11,8,,,,,,,,,,,,,,,,,,,,,,,,,,,,,,,,,,,,,,,,,,,,,,,,,,,,,,,,,,,,,,,,,,,,,,,,,,,,,,,,,,,,,,,,,,,,,,,,,,,,,,,,,,,,,,,,,,,,,,,,,,,,,,,,,,,,,,,,,,,,,,,,,,,,,,,,,
2015-12-07T14:54,2015-12-07T15:00,48,train,0,2015,12,14,,,,,,,,,,,,,,,,,,,,,,,,,,,,,,,,,,,,,,,,,,,,,,,,,,,,,,,,,,,,,,,,,,,,,,,,,,,,,,,,,,,,,,,,,,,,,,,,,,,,,,,,,,,,,,,,,,,,,,,,,,,,,,,,,,,,,,,,,,,,,,,,,,,,,,,,,
2015-12-07T14:54,2015-12-07T15:00,24,train,0,2015,12,14,,,,,,,,,,,,,,,,,,,,,,,,,,,,,,,,,,,,,,,,,,,,,,,,,,,,,,,,,,,,,,,,,,,,,,,,,,,,,,,,,,,,,,,,,,,,,,,,,,,,,,,,,,,,,,,,,,,,,,,,,,,,,,,,,,,,,,,,,,,,,,,,,,,,,,,,,
2015-12-07T14:54,2015-12-07T15:00,1,train,0,2015,12,14,1,2015-12-07T14:00,,,,,,,,,,,-999.0,5.5,5.5,0.0,0.0,nan,nan,nan,nan,nan,13.704059600830078,253.4205322265625,271.01922607421875,276.8673400878906,278.05615234375,281.76177978515625,5611.33740234375,3027.78759765625,1466.7130126953125,131.22732543945312,275.7268371582031,,0.0,,27400.0,0.0,0.0,,,,,,,,,,,,,,,,,,,,,,,,,,,,,,,,,,,,,,,,,,,,,,,,,,,,,,,,,,,,,,,,,,,,,,,,,,,,,,,,,,,,,,,,,,,,,,,,,,,,,,,,,,,,,,,,,,
2015-12-15T07:52,2015-12-15T08:00,1,train,0,2015,12,7,1,2015-12-15T07:00,,,,,,,,,,,-999.0,89.375,89.375,56.75,0.0,1244.8267822265625,1227.63427734375,81700.0,85900.0,1818.8397216796875,6.9980573654174805,259.8118896484375,275.167236328125,280.7645568847656,282.00152587890625,286.03192138671875,5527.12060546875,2888.739013671875,1297.3504638671875,-62.09855651855469,278.88751220703125,,0.0,,100.0,0.0,0.13500000536441803,,,,,,,,,,,,,,,,,,,,,,,,,,,,,,,,,,,,,,,,,,,,,,,,,,,,,,,,,,,,,,,,,,,,,,,,,,,,,,,,,,,,,,,,,,,,,,,,,,,,,,,,,,,,,,,,,,
2015-12-15T07:52,2015-12-15T08:00,48,train,0,2015,12,7,,,,,,,,,,,,,,,,,,,,,,,,,,,,,,,,,,,,,,,,,,,,,,,,,,,,,,,,,,,,,,,,,,,,,,,,,,,,,,,,,,,,,,,,,,,,,,,,,,,,,,,,,,,,,,,,,,,,,,,,,,,,,,,,,,,,,,,,,,,,,,,,,,,,,,,,,
2015-12-15T07:52,2015-12-15T08:00,24,train,0,2015,12,7,,,,,,,,,,,,,,,,,,,,,,,,,,,,,,,,,,,,,,,,,,,,,,,,,,,,,,,,,,,,,,,,,,,,,,,,,,,,,,,,,,,,,,,,,,,,,,,,,,,,,,,,,,,,,,,,,,,,,,,,,,,,,,,,,,,,,,,,,,,,,,,,,,,,,,,,,
2015-12-22T23:50,2015-12-23T00:00,24,train,0,2015,12,23,,,,,,,,,,,,,,,,,,,,,,,,,,,,,,,,,,,,,,,,,,,,,,,,,,,,,,,,,,,,,,,,,,,,,,,,,,,,,,,,,,,,,,,,,,,,,,,,,,,,,,,,,,,,,,,,,,,,,,,,,,,,,,,,,,,,,,,,,,,,,,,,,,,,,,,,,
2015-12-22T23:50,2015-12-23T00:00,48,train,0,2015,12,23,,,,,,,,,,,,,,,,,,,,,,,,,,,,,,,,,,,,,,,,,,,,,,,,,,,,,,,,,,,,,,,,,,,,,,,,,,,,,,,,,,,,,,,,,,,,,,,,,,,,,,,,,,,,,,,,,,,,,,,,,,,,,,,,,,,,,,,,,,,,,,,,,,,,,,,,,
2015-12-22T23:50,2015-12-23T00:00,1,train,0,2015,12,23,1,2015-12-22T23:00,,,,,,,,,,,-999.0,42.375,42.375,7.5,0.0,1244.60595703125,1227.56884765625,71900.0,87400.0,1633.2957763671875,12.665485382080078,254.44815063476562,268.75,277.3416748046875,280.48431396484375,284.39349365234375,5576.6298828125,2996.34716796875,1441.11474609375,100.52801513671875,277.3808288574219,,0.0,,400.0,9.999999747378752e-05,0.2619999945163727,,,,,,,,,,,,,,,,,,,,,,,,,,,,,,,,,,,,,,,,,,,,,,,,,,,,,,,,,,,,,,,,,,,,,,,,,,,,,,,,,,,,,,,,,,,,,,,,,,,,,,,,,,,,,,,,,,
2015-12-31T16:52,2015-12-31T17:00,1,train,0,2015,12,16,1,2015-12-31T16:00,,,,,,,,,,,-999.0,26.5,26.5,0.0,0.0,1364.1845703125,1226.90234375,84300.0,87000.0,nan,13.329392433166504,252.5194549560547,266.53070068359375,269.1685791015625,272.2974853515625,276.3470458984375,5502.0537109375,2937.24951171875,1412.215087890625,102.01232147216797,269.27362060546875,,178.375,,9100.0,0.0,0.027000000700354576,,,,,,,,,,,,,,,,,,,,,,,,,,,,,,,,,,,,,,,,,,,,,,,,,,,,,,,,,,,,,,,,,,,,,,,,,,,,,,,,,,,,,,,,,,,,,,,,,,,,,,,,,,,,,,,,,,
2015-12-31T16:52,2015-12-31T17:00,24,train,0,2015,12,16,,,,,,,,,,,,,,,,,,,,,,,,,,,,,,,,,,,,,,,,,,,,,,,,,,,,,,,,,,,,,,,,,,,,,,,,,,,,,,,,,,,,,,,,,,,,,,,,,,,,,,,,,,,,,,,,,,,,,,,,,,,,,,,,,,,,,,,,,,,,,,,,,,,,,,,,,
2015-12-31T16:52,2015-12-31T17:00,48,train,0,2015,12,16,,,,,,,,,,,,,,,,,,,,,,,,,,,,,,,,,,,,,,,,,,,,,,,,,,,,,,,,,,,,,,,,,,,,,,,,,,,,,,,,,,,,,,,,,,,,,,,,,,,,,,,,,,,,,,,,,,,,,,,,,,,,,,,,,,,,,,,,,,,,,,,,,,,,,,,,,
2016-01-17T10:49,2016-01-17T11:00,1,train,0,2016,1,10,1,2016-01-17T10:00,,,,,,,,,,,-999.0,12.25,12.25,0.0,0.0,nan,nan,nan,nan,nan,12.802416801452637,242.97360229492188,260.20782470703125,265.7356872558594,267.592041015625,271.368408203125,5319.77880859375,2842.196533203125,1343.2681884765625,56.683837890625,264.3221740722656,,0.0,,12500.0,0.0,0.004999999888241291,,,,,,,,,,,,,,,,,,,,,,,,,,,,,,,,,,,,,,,,,,,,,,,,,,,,,,,,,,,,,,,,,,,,,,,,,,,,,,,,,,,,,,,,,,,,,,,,,,,,,,,,,,,,,,,,,,
2016-01-17T10:49,2016-01-17T11:00,24,train,0,2016,1,10,,,,,,,,,,,,,,,,,,,,,,,,,,,,,,,,,,,,,,,,,,,,,,,,,,,,,,,,,,,,,,,,,,,,,,,,,,,,,,,,,,,,,,,,,,,,,,,,,,,,,,,,,,,,,,,,,,,,,,,,,,,,,,,,,,,,,,,,,,,,,,,,,,,,,,,,,
2016-01-17T10:49,2016-01-17T11:00,48,train,0,2016,1,10,,,,,,,,,,,,,,,,,,,,,,,,,,,,,,,,,,,,,,,,,,,,,,,,,,,,,,,,,,,,,,,,,,,,,,,,,,,,,,,,,,,,,,,,,,,,,,,,,,,,,,,,,,,,,,,,,,,,,,,,,,,,,,,,,,,,,,,,,,,,,,,,,,,,,,,,,
2016-02-03T14:56,2016-02-03T15:00,1,train,0,2016,2,14,1,2016-02-03T14:00,,,,,,,,,,,6213.0,98.625,50.75,90.875,98.625,1363.93359375,1226.7772216796875,25700.0,87900.0,11298.19921875,11.050668716430664,258.0316162109375,271.2509765625,271.2922058105469,271.14312744140625,274.908203125,5645.140625,3028.94384765625,1477.2467041015625,162.90975952148438,268.5487976074219,,157.0,,600.0,0.000699999975040555,1.6549999713897705,,,,,,,,,,,,,,,,,,,,,,,,,,,,,,,,,,,,,,,,,,,,,,,,,,,,,,,,,,,,,,,,,,,,,,,,,,,,,,,,,,,,,,,,,,,,,,,,,,,,,,,,,,,,,,,,,,
2016-02-03T14:56,2016-02-03T15:00,24,train,0,2016,2,14,,,,,,,,,,,,,,,,,,,,,,,,,,,,,,,,,,,,,,,,,,,,,,,,,,,,,,,,,,,,,,,,,,,,,,,,,,,,,,,,,,,,,,,,,,,,,,,,,,,,,,,,,,,,,,,,,,,,,,,,,,,,,,,,,,,,,,,,,,,,,,,,,,,,,,,,,
2016-02-03T14:56,2016-02-03T15:00,48,train,0,2016,2,14,,,,,,,,,,,,,,,,,,,,,,,,,,,,,,,,,,,,,,,,,,,,,,,,,,,,,,,,,,,,,,,,,,,,,,,,,,,,,,,,,,,,,,,,,,,,,,,,,,,,,,,,,,,,,,,,,,,,,,,,,,,,,,,,,,,,,,,,,,,,,,,,,,,,,,,,,
2016-02-19T14:52,2016-02-19T15:00,1,train,0,2016,2,14,1,2016-02-19T14:00,,,,,,,,,,,-999.0,0.0,0.0,0.0,0.0,nan,nan,nan,nan,nan,4.897883415222168,247.7370147705078,261.17523193359375,266.47369384765625,268.5997009277344,272.09820556640625,5543.849609375,3030.463623046875,1530.6356201171875,244.903564453125,268.6824951171875,,199.5,,32000.0,0.0,0.0,,,,,,,,,,,,,,,,,,,,,,,,,,,,,,,,,,,,,,,,,,,,,,,,,,,,,,,,,,,,,,,,,,,,,,,,,,,,,,,,,,,,,,,,,,,,,,,,,,,,,,,,,,,,,,,,,,
2016-02-19T14:52,2016-02-19T15:00,24,train,0,2016,2,14,,,,,,,,,,,,,,,,,,,,,,,,,,,,,,,,,,,,,,,,,,,,,,,,,,,,,,,,,,,,,,,,,,,,,,,,,,,,,,,,,,,,,,,,,,,,,,,,,,,,,,,,,,,,,,,,,,,,,,,,,,,,,,,,,,,,,,,,,,,,,,,,,,,,,,,,,
2016-02-19T14:52,2016-02-19T15:00,48,train,0,2016,2,14,,,,,,,,,,,,,,,,,,,,,,,,,,,,,,,,,,,,,,,,,,,,,,,,,,,,,,,,,,,,,,,,,,,,,,,,,,,,,,,,,,,,,,,,,,,,,,,,,,,,,,,,,,,,,,,,,,,,,,,,,,,,,,,,,,,,,,,,,,,,,,,,,,,,,,,,,
2016-03-11T05:50,2016-03-11T06:00,1,train,0,2016,3,5,1,2016-03-11T05:00,,,,,,,,,,,4987.7998046875,100.0,41.75,99.125,100.0,1244.36669921875,1227.4383544921875,17600.0,87200.0,13561.244140625,9.858776092529297,256.78057861328125,268.3190612792969,276.2401123046875,279.195068359375,283.0832214355469,5568.2333984375,2980.83642578125,1429.3355712890625,93.41661071777344,275.63128662109375,,0.0,,200.0,0.0005000000237487257,2.4820001125335693,,,,,,,,,,,,,,,,,,,,,,,,,,,,,,,,,,,,,,,,,,,,,,,,,,,,,,,,,,,,,,,,,,,,,,,,,,,,,,,,,,,,,,,,,,,,,,,,,,,,,,,,,,,,,,,,,,
2016-03-11T05:50,2016-03-11T06:00,48,train,0,2016,3,5,,,,,,,,,,,,,,,,,,,,,,,,,,,,,,,,,,,,,,,,,,,,,,,,,,,,,,,,,,,,,,,,,,,,,,,,,,,,,,,,,,,,,,,,,,,,,,,,,,,,,,,,,,,,,,,,,,,,,,,,,,,,,,,,,,,,,,,,,,,,,,,,,,,,,,,,,
2016-03-11T05:50,2016-03-11T06:00,24,train,0,2016,3,5,,,,,,,,,,,,,,,,,,,,,,,,,,,,,,,,,,,,,,,,,,,,,,,,,,,,,,,,,,,,,,,,,,,,,,,,,,,,,,,,,,,,,,,,,,,,,,,,,,,,,,,,,,,,,,,,,,,,,,,,,,,,,,,,,,,,,,,,,,,,,,,,,,,,,,,,,
2016-03-29T00:53,2016-03-29T01:00,1,train,0,2016,3,0,1,2016-03-29T00:00,,,,,,,,,,,1857.800048828125,56.25,44.625,56.25,0.0,2787.56591796875,1227.2694091796875,61000.0,85600.0,4379.9345703125,10.869749069213867,252.4567108154297,268.7943420410156,275.09783935546875,277.76629638671875,281.89141845703125,5396.3203125,2827.39013671875,1276.376220703125,-55.51984405517578,274.8826904296875,,0.0,,9700.0,0.0003000000142492354,0.7480000257492065,,,,,,,,,,,,,,,,,,,,,,,,,,,,,,,,,,,,,,,,,,,,,,,,,,,,,,,,,,,,,,,,,,,,,,,,,,,,,,,,,,,,,,,,,,,,,,,,,,,,,,,,,,,,,,,,,,
2016-03-29T00:53,2016-03-29T01:00,48,train,0,2016,3,0,,,,,,,,,,,,,,,,,,,,,,,,,,,,,,,,,,,,,,,,,,,,,,,,,,,,,,,,,,,,,,,,,,,,,,,,,,,,,,,,,,,,,,,,,,,,,,,,,,,,,,,,,,,,,,,,,,,,,,,,,,,,,,,,,,,,,,,,,,,,,,,,,,,,,,,,,
2016-03-29T00:53,2016-03-29T01:00,24,train,0,2016,3,0,,,,,,,,,,,,,,,,,,,,,,,,,,,,,,,,,,,,,,,,,,,,,,,,,,,,,,,,,,,,,,,,,,,,,,,,,,,,,,,,,,,,,,,,,,,,,,,,,,,,,,,,,,,,,,,,,,,,,,,,,,,,,,,,,,,,,,,,,,,,,,,,,,,,,,,,,
2016-05-14T16:53,2016-05-14T17:00,1,train,0,2016,5,16,1,2016-05-14T16:00,,,,,,,,,,,-999.0,18.875,0.0,0.0,18.875,nan,nan,nan,nan,nan,6.973902225494385,255.92466735839844,273.88848876953125,282.19940185546875,288.3349609375,292.90447998046875,5584.03564453125,2971.589599609375,1391.9954833984375,20.86360740661621,287.32305908203125,,819.9375,,31400.0,0.0,0.0,,,,,,,,,,,,,,,,,,,,,,,,,,,,,,,,,,,,,,,,,,,,,,,,,,,,,,,,,,,,,,,,,,,,,,,,,,,,,,,,,,,,,,,,,,,,,,,,,,,,,,,,,,,,,,,,,,
2016-05-14T16:53,2016-05-14T17:00,48,train,0,2016,5,16,,,,,,,,,,,,,,,,,,,,,,,,,,,,,,,,,,,,,,,,,,,,,,,,,,,,,,,,,,,,,,,,,,,,,,,,,,,,,,,,,,,,,,,,,,,,,,,,,,,,,,,,,,,,,,,,,,,,,,,,,,,,,,,,,,,,,,,,,,,,,,,,,,,,,,,,,
2016-05-14T16:53,2016-05-14T17:00,24,train,0,2016,5,16,,,,,,,,,,,,,,,,,,,,,,,,,,,,,,,,,,,,,,,,,,,,,,,,,,,,,,,,,,,,,,,,,,,,,,,,,,,,,,,,,,,,,,,,,,,,,,,,,,,,,,,,,,,,,,,,,,,,,,,,,,,,,,,,,,,,,,,,,,,,,,,,,,,,,,,,,
2016-07-06T10:49,2016-07-06T11:00,1,train,0,2016,7,10,1,2016-07-06T10:00,,,,,,,,,,,-999.0,0.0,0.0,0.0,0.0,nan,nan,nan,nan,nan,10.028182983398438,264.82110595703125,279.97515869140625,289.09796142578125,292.73785400390625,296.913818359375,5763.1689453125,3076.931884765625,1455.5472412109375,56.39548873901367,289.6474914550781,,0.0,,23600.0,0.0,0.0,,,,,,,,,,,,,,,,,,,,,,,,,,,,,,,,,,,,,,,,,,,,,,,,,,,,,,,,,,,,,,,,,,,,,,,,,,,,,,,,,,,,,,,,,,,,,,,,,,,,,,,,,,,,,,,,,,
2016-07-06T10:49,2016-07-06T11:00,24,train,0,2016,7,10,,,,,,,,,,,,,,,,,,,,,,,,,,,,,,,,,,,,,,,,,,,,,,,,,,,,,,,,,,,,,,,,,,,,,,,,,,,,,,,,,,,,,,,,,,,,,,,,,,,,,,,,,,,,,,,,,,,,,,,,,,,,,,,,,,,,,,,,,,,,,,,,,,,,,,,,,
2016-07-06T10:49,2016-07-06T11:00,48,train,0,2016,7,10,,,,,,,,,,,,,,,,,,,,,,,,,,,,,,,,,,,,,,,,,,,,,,,,,,,,,,,,,,,,,,,,,,,,,,,,,,,,,,,,,,,,,,,,,,,,,,,,,,,,,,,,,,,,,,,,,,,,,,,,,,,,,,,,,,,,,,,,,,,,,,,,,,,,,,,,,
2016-09-06T00:54,2016-09-06T01:00,1,train,0,2016,9,0,1,2016-09-06T00:00,,,,,,,,,,,-999.0,0.0,0.0,0.0,0.0,nan,nan,nan,nan,nan,0.7585165500640869,265.35498046875,282.2711181640625,288.58734130859375,290.6700744628906,294.88226318359375,5893.564453125,3194.02490234375,1568.7823486328125,171.38055419921875,284.8932800292969,61.79999923706055,215.20309448242188,4697.7978515625,20000.0,0.0,0.0,,,,,,,,,,,,,,,,,,,,,,,,,,,,,,,,,,,,,,,,,,,,,,,,,,,,,,,,,,,,,,,,,,,,,,,,,,,,,,,,,,,,,,,,,,,,,,,,,,,,,,,,,,,,,,,,,,
2016-09-06T00:54,2016-09-06T01:00,24,train,0,2016,9,0,,,,,,,,,,,,,,,,,,,,,,,,,,,,,,,,,,,,,,,,,,,,,,,,,,,,,,,,,,,,,,,,,,,,,,,,,,,,,,,,,,,,,,,,,,,,,,,,,,,,,,,,,,,,,,,,,,,,,,,,,,,,,,,,,,,,,,,,,,,,,,,,,,,,,,,,,
2016-09-06T00:54,2016-09-06T01:00,48,train,0,2016,9,0,,,,,,,,,,,,,,,,,,,,,,,,,,,,,,,,,,,,,,,,,,,,,,,,,,,,,,,,,,,,,,,,,,,,,,,,,,,,,,,,,,,,,,,,,,,,,,,,,,,,,,,,,,,,,,,,,,,,,,,,,,,,,,,,,,,,,,,,,,,,,,,,,,,,,,,,,
2016-09-25T13:56,2016-09-25T14:00,1,train,0,2016,9,13,1,2016-09-25T13:00,,,,,,,,,,,-999.0,2.0,2.0,0.0,0.0,nan,nan,nan,nan,nan,10.165299415588379,251.98565673828125,267.32012939453125,273.07061767578125,276.84197998046875,281.2279052734375,5570.5576171875,3011.32861328125,1473.5037841796875,150.1326446533203,274.8079833984375,80.4000015258789,453.20037841796875,1307.7061767578125,11400.0,0.0,0.0,,,,,,,,,,,,,,,,,,,,,,,,,,,,,,,,,,,,,,,,,,,,,,,,,,,,,,,,,,,,,,,,,,,,,,,,,,,,,,,,,,,,,,,,,,,,,,,,,,,,,,,,,,,,,,,,,,
2016-09-25T13:56,2016-09-25T14:00,48,train,0,2016,9,13,,,,,,,,,,,,,,,,,,,,,,,,,,,,,,,,,,,,,,,,,,,,,,,,,,,,,,,,,,,,,,,,,,,,,,,,,,,,,,,,,,,,,,,,,,,,,,,,,,,,,,,,,,,,,,,,,,,,,,,,,,,,,,,,,,,,,,,,,,,,,,,,,,,,,,,,,
2016-09-25T13:56,2016-09-25T14:00,24,train,0,2016,9,13,,,,,,,,,,,,,,,,,,,,,,,,,,,,,,,,,,,,,,,,,,,,,,,,,,,,,,,,,,,,,,,,,,,,,,,,,,,,,,,,,,,,,,,,,,,,,,,,,,,,,,,,,,,,,,,,,,,,,,,,,,,,,,,,,,,,,,,,,,,,,,,,,,,,,,,,,
2016-10-10T19:51,2016-10-10T20:00,1,train,0,2016,10,19,1,2016-10-10T19:00,,,,,,,,,,,-999.0,3.875,3.875,0.0,0.0,nan,nan,nan,nan,nan,7.237692356109619,258.647216796875,275.2413024902344,276.1148681640625,277.86907958984375,281.9829406738281,5724.9892578125,3087.775390625,1516.0177001953125,172.9894561767578,276.04766845703125,76.0999984741211,472.27978515625,3558.75244140625,12700.0,0.0,0.0020000000949949026,,,,,,,,,,,,,,,,,,,,,,,,,,,,,,,,,,,,,,,,,,,,,,,,,,,,,,,,,,,,,,,,,,,,,,,,,,,,,,,,,,,,,,,,,,,,,,,,,,,,,,,,,,,,,,,,,,
2016-10-10T19:51,2016-10-10T20:00,48,train,0,2016,10,19,,,,,,,,,,,,,,,,,,,,,,,,,,,,,,,,,,,,,,,,,,,,,,,,,,,,,,,,,,,,,,,,,,,,,,,,,,,,,,,,,,,,,,,,,,,,,,,,,,,,,,,,,,,,,,,,,,,,,,,,,,,,,,,,,,,,,,,,,,,,,,,,,,,,,,,,,
2016-10-10T19:51,2016-10-10T20:00,24,train,0,2016,10,19,,,,,,,,,,,,,,,,,,,,,,,,,,,,,,,,,,,,,,,,,,,,,,,,,,,,,,,,,,,,,,,,,,,,,,,,,,,,,,,,,,,,,,,,,,,,,,,,,,,,,,,,,,,,,,,,,,,,,,,,,,,,,,,,,,,,,,,,,,,,,,,,,,,,,,,,,
2016-10-28T01:55,2016-10-28T02:00,1,train,0,2016,10,1,1,2016-10-28T01:00,,,,,,,,,,,4879.7998046875,100.0,45.125,100.0,100.0,1289.3892822265625,1226.898193359375,31800.0,88300.0,10541.3759765625,5.231997489929199,253.52113342285156,266.1126708984375,270.6998291015625,273.40753173828125,277.1806945800781,5609.5771484375,3043.91455078125,1515.32763671875,201.68719482421875,270.47845458984375,97.30000305175781,384.3719482421875,800.3200073242188,200.0,0.0006000000284984708,2.2939999103546143,,,,,,,,,,,,,,,,,,,,,,,,,,,,,,,,,,,,,,,,,,,,,,,,,,,,,,,,,,,,,,,,,,,,,,,,,,,,,,,,,,,,,,,,,,,,,,,,,,,,,,,,,,,,,,,,,,
2016-10-28T01:55,2016-10-28T02:00,24,train,0,2016,10,1,,,,,,,,,,,,,,,,,,,,,,,,,,,,,,,,,,,,,,,,,,,,,,,,,,,,,,,,,,,,,,,,,,,,,,,,,,,,,,,,,,,,,,,,,,,,,,,,,,,,,,,,,,,,,,,,,,,,,,,,,,,,,,,,,,,,,,,,,,,,,,,,,,,,,,,,,
2016-10-28T01:55,2016-10-28T02:00,48,train,0,2016,10,1,,,,,,,,,,,,,,,,,,,,,,,,,,,,,,,,,,,,,,,,,,,,,,,,,,,,,,,,,,,,,,,,,,,,,,,,,,,,,,,,,,,,,,,,,,,,,,,,,,,,,,,,,,,,,,,,,,,,,,,,,,,,,,,,,,,,,,,,,,,,,,,,,,,,,,,,,
2016-11-12T03:59,2016-11-12T04:00,1,train,0,2016,11,3,1,2016-11-12T03:00,,,,,,,,,,,-999.0,8.375,8.375,0.0,0.0,nan,nan,nan,nan,nan,12.883672714233398,244.14678955078125,260.5971374511719,263.2233581542969,268.086181640625,272.30926513671875,5392.3173828125,2900.436767578125,1412.8131103515625,129.21566772460938,264.5622253417969,80.0999984741211,363.7999267578125,0.0,11400.0,0.0,0.006000000052154064,,,,,,,,,,,,,,,,,,,,,,,,,,,,,,,,,,,,,,,,,,,,,,,,,,,,,,,,,,,,,,,,,,,,,,,,,,,,,,,,,,,,,,,,,,,,,,,,,,,,,,,,,,,,,,,,,,
2016-11-12T03:59,2016-11-12T04:00,48,train,0,2016,11,3,,,,,,,,,,,,,,,,,,,,,,,,,,,,,,,,,,,,,,,,,,,,,,,,,,,,,,,,,,,,,,,,,,,,,,,,,,,,,,,,,,,,,,,,,,,,,,,,,,,,,,,,,,,,,,,,,,,,,,,,,,,,,,,,,,,,,,,,,,,,,,,,,,,,,,,,,
2016-11-12T03:59,2016-11-12T04:00,24,train,0,2016,11,3,,,,,,,,,,,,,,,,,,,,,,,,,,,,,,,,,,,,,,,,,,,,,,,,,,,,,,,,,,,,,,,,,,,,,,,,,,,,,,,,,,,,,,,,,,,,,,,,,,,,,,,,,,,,,,,,,,,,,,,,,,,,,,,,,,,,,,,,,,,,,,,,,,,,,,,,,
2016-12-21T14:50,2016-12-21T15:00,1,train,0,2016,12,14,1,2016-12-21T14:00,,,,,,,,,,,-999.0,0.875,0.875,0.0,0.0,nan,nan,nan,nan,nan,8.263599395751953,243.56256103515625,257.12548828125,265.1815185546875,268.4949951171875,272.51031494140625,5352.2099609375,2896.3916015625,1409.272216796875,126.20500946044922,265.4306640625,79.30000305175781,326.0586853027344,17.200000762939453,12000.0,0.0,0.008999999612569809,,,,,,,,,,,,,,,,,,,,,,,,,,,,,,,,,,,,,,,,,,,,,,,,,,,,,,,,,,,,,,,,,,,,,,,,,,,,,,,,,,,,,,,,,,,,,,,,,,,,,,,,,,,,,,,,,,
2016-11-25T13:50,2016-11-25T14:00,24,train,0,2016,11,13,,,,,,,,,,,,,,,,,,,,,,,,,,,,,,,,,,,,,,,,,,,,,,,,,,,,,,,,,,,,,,,,,,,,,,,,,,,,,,,,,,,,,,,,,,,,,,,,,,,,,,,,,,,,,,,,,,,,,,,,,,,,,,,,,,,,,,,,,,,,,,,,,,,,,,,,,
2016-11-25T13:50,2016-11-25T14:00,1,train,0,2016,11,13,,,,,,,,,,,,,,,,,,,,,,,,,,,,,,,,,,,,,,,,,,,,,,,,,,,,,,,,,,,,,,,,,,,,,,,,,,,,,,,,,,,,,,,,,,,,,,,,,,,,,,,,,,,,,,,,,,,,,,,,,,,,,,,,,,,,,,,,,,,,,,,,,,,,,,,,,
2016-11-25T13:50,2016-11-25T14:00,48,train,0,2016,11,13,,,,,,,,,,,,,,,,,,,,,,,,,,,,,,,,,,,,,,,,,,,,,,,,,,,,,,,,,,,,,,,,,,,,,,,,,,,,,,,,,,,,,,,,,,,,,,,,,,,,,,,,,,,,,,,,,,,,,,,,,,,,,,,,,,,,,,,,,,,,,,,,,,,,,,,,,
2016-12-21T14:50,2016-12-21T15:00,48,train,0,2016,12,14,,,,,,,,,,,,,,,,,,,,,,,,,,,,,,,,,,,,,,,,,,,,,,,,,,,,,,,,,,,,,,,,,,,,,,,,,,,,,,,,,,,,,,,,,,,,,,,,,,,,,,,,,,,,,,,,,,,,,,,,,,,,,,,,,,,,,,,,,,,,,,,,,,,,,,,,,
2016-12-21T14:50,2016-12-21T15:00,24,train,0,2016,12,14,,,,,,,,,,,,,,,,,,,,,,,,,,,,,,,,,,,,,,,,,,,,,,,,,,,,,,,,,,,,,,,,,,,,,,,,,,,,,,,,,,,,,,,,,,,,,,,,,,,,,,,,,,,,,,,,,,,,,,,,,,,,,,,,,,,,,,,,,,,,,,,,,,,,,,,,,
2017-01-06T12:49,2017-01-06T13:00,1,train,0,2017,1,12,1,2017-01-06T12:00,,,,,,,,,,,-999.0,5.25,4.125,5.25,4.75,nan,nan,nan,nan,nan,3.0099997520446777,242.64511108398438,251.53274536132812,258.22747802734375,262.20477294921875,265.9776611328125,5254.8154296875,2819.0322265625,1372.9368896484375,120.30413818359375,258.6133728027344,82.5999984741211,198.32044982910156,0.0,10300.0,0.0,0.003000000026077032,,,,,,,,,,,,,,,,,,,,,,,,,,,,,,,,,,,,,,,,,,,,,,,,,,,,,,,,,,,,,,,,,,,,,,,,,,,,,,,,,,,,,,,,,,,,,,,,,,,,,,,,,,,,,,,,,,
2017-01-06T12:49,2017-01-06T13:00,24,train,0,2017,1,12,,,,,,,,,,,,,,,,,,,,,,,,,,,,,,,,,,,,,,,,,,,,,,,,,,,,,,,,,,,,,,,,,,,,,,,,,,,,,,,,,,,,,,,,,,,,,,,,,,,,,,,,,,,,,,,,,,,,,,,,,,,,,,,,,,,,,,,,,,,,,,,,,,,,,,,,,
2017-01-06T12:49,2017-01-06T13:00,48,train,0,2017,1,12,,,,,,,,,,,,,,,,,,,,,,,,,,,,,,,,,,,,,,,,,,,,,,,,,,,,,,,,,,,,,,,,,,,,,,,,,,,,,,,,,,,,,,,,,,,,,,,,,,,,,,,,,,,,,,,,,,,,,,,,,,,,,,,,,,,,,,,,,,,,,,,,,,,,,,,,,
2017-01-16T03:55,2017-01-16T04:00,1,train,0,2017,1,3,1,2017-01-16T03:00,,,,,,,,,,,-999.0,0.25,0.0,0.25,0.0,nan,nan,nan,nan,nan,4.958167552947998,245.1778564453125,258.123046875,262.918212890625,264.6051025390625,268.1142272949219,5451.154296875,2967.464111328125,1485.2850341796875,215.54287719726562,262.6625671386719,41.79999923706055,156.47271728515625,0.0,31700.0,0.0,0.0,,,,,,,,,,,,,,,,,,,,,,,,,,,,,,,,,,,,,,,,,,,,,,,,,,,,,,,,,,,,,,,,,,,,,,,,,,,,,,,,,,,,,,,,,,,,,,,,,,,,,,,,,,,,,,,,,,
2017-01-16T03:55,2017-01-16T04:00,48,train,0,2017,1,3,,,,,,,,,,,,,,,,,,,,,,,,,,,,,,,,,,,,,,,,,,,,,,,,,,,,,,,,,,,,,,,,,,,,,,,,,,,,,,,,,,,,,,,,,,,,,,,,,,,,,,,,,,,,,,,,,,,,,,,,,,,,,,,,,,,,,,,,,,,,,,,,,,,,,,,,,
2017-01-16T03:55,2017-01-16T04:00,24,train,0,2017,1,3,,,,,,,,,,,,,,,,,,,,,,,,,,,,,,,,,,,,,,,,,,,,,,,,,,,,,,,,,,,,,,,,,,,,,,,,,,,,,,,,,,,,,,,,,,,,,,,,,,,,,,,,,,,,,,,,,,,,,,,,,,,,,,,,,,,,,,,,,,,,,,,,,,,,,,,,,
2017-01-23T10:53,2017-01-23T11:00,1,train,1,2017,1,10,1,2017-01-23T10:00,,,,,,,,,,,-999.0,12.25,12.25,0.0,0.0,nan,nan,nan,nan,nan,2.594813346862793,253.00152587890625,268.763671875,268.13702392578125,268.8094482421875,272.44671630859375,5539.474609375,2962.2490234375,1430.5380859375,127.78347778320312,266.110595703125,78.0999984741211,149.28028869628906,122.31999969482422,11700.0,0.0,0.004999999888241291,,,,,,,,,,,,,,,,,,,,,,,,,,,,,,,,,,,,,,,,,,,,,,,,,,,,,,,,,,,,,,,,,,,,,,,,,,,,,,,,,,,,,,,,,,,,,,,,,,,,,,,,,,,,,,,,,,
2017-01-31T10:58,2017-01-31T11:00,1,train,0,2017,1,10,1,2017-01-31T10:00,,,,,,,,,,,-999.0,0.5,0.5,0.0,0.0,nan,nan,nan,nan,nan,3.793705940246582,237.98605346679688,252.96783447265625,258.483642578125,260.6208190917969,264.2777099609375,5213.17578125,2793.5263671875,1337.87255859375,87.321533203125,257.95953369140625,60.099998474121094,173.7523956298828,0.0,19400.0,0.0,9.999999747378752e-05,,,,,,,,,,,,,,,,,,,,,,,,,,,,,,,,,,,,,,,,,,,,,,,,,,,,,,,,,,,,,,,,,,,,,,,,,,,,,,,,,,,,,,,,,,,,,,,,,,,,,,,,,,,,,,,,,,
2017-01-23T10:53,2017-01-23T11:00,48,train,1,2017,1,10,,,,,,,,,,,,,,,,,,,,,,,,,,,,,,,,,,,,,,,,,,,,,,,,,,,,,,,,,,,,,,,,,,,,,,,,,,,,,,,,,,,,,,,,,,,,,,,,,,,,,,,,,,,,,,,,,,,,,,,,,,,,,,,,,,,,,,,,,,,,,,,,,,,,,,,,,
2017-01-23T10:53,2017-01-23T11:00,24,train,1,2017,1,10,,,,,,,,,,,,,,,,,,,,,,,,,,,,,,,,,,,,,,,,,,,,,,,,,,,,,,,,,,,,,,,,,,,,,,,,,,,,,,,,,,,,,,,,,,,,,,,,,,,,,,,,,,,,,,,,,,,,,,,,,,,,,,,,,,,,,,,,,,,,,,,,,,,,,,,,,
2017-01-31T10:58,2017-01-31T11:00,24,train,0,2017,1,10,,,,,,,,,,,,,,,,,,,,,,,,,,,,,,,,,,,,,,,,,,,,,,,,,,,,,,,,,,,,,,,,,,,,,,,,,,,,,,,,,,,,,,,,,,,,,,,,,,,,,,,,,,,,,,,,,,,,,,,,,,,,,,,,,,,,,,,,,,,,,,,,,,,,,,,,,
2017-01-31T10:58,2017-01-31T11:00,48,train,0,2017,1,10,,,,,,,,,,,,,,,,,,,,,,,,,,,,,,,,,,,,,,,,,,,,,,,,,,,,,,,,,,,,,,,,,,,,,,,,,,,,,,,,,,,,,,,,,,,,,,,,,,,,,,,,,,,,,,,,,,,,,,,,,,,,,,,,,,,,,,,,,,,,,,,,,,,,,,,,,
2017-02-22T15:51,2017-02-22T16:00,1,train,1,2017,2,15,1,2017-02-22T15:00,,,,,,,,,,,-999.0,7.25,6.75,7.25,0.0,nan,nan,nan,nan,nan,2.9891583919525146,252.58457946777344,269.7597351074219,276.3107604980469,278.265380859375,282.1759033203125,5578.7490234375,3002.8037109375,1446.693603515625,111.58892059326172,276.65008544921875,66.0,146.5611114501953,2312.800048828125,17200.0,0.0,0.0010000000474974513,,,,,,,,,,,,,,,,,,,,,,,,,,,,,,,,,,,,,,,,,,,,,,,,,,,,,,,,,,,,,,,,,,,,,,,,,,,,,,,,,,,,,,,,,,,,,,,,,,,,,,,,,,,,,,,,,,
2017-04-03T04:53,2017-04-03T05:00,1,train,0,2017,4,4,1,2017-04-03T04:00,,,,,,,,,,,-999.0,0.0,0.0,0.0,0.0,nan,nan,nan,nan,nan,3.5783932209014893,251.7729034423828,262.88861083984375,268.6067199707031,272.6068420410156,276.4649658203125,5497.2392578125,2952.43212890625,1444.103759765625,139.6296844482422,268.8459167480469,69.9000015258789,230.615478515625,551.1199951171875,15200.0,0.0,0.0,,,,,,,,,,,,,,,,,,,,,,,,,,,,,,,,,,,,,,,,,,,,,,,,,,,,,,,,,,,,,,,,,,,,,,,,,,,,,,,,,,,,,,,,,,,,,,,,,,,,,,,,,,,,,,,,,,
2017-02-22T15:51,2017-02-22T16:00,48,train,1,2017,2,15,,,,,,,,,,,,,,,,,,,,,,,,,,,,,,,,,,,,,,,,,,,,,,,,,,,,,,,,,,,,,,,,,,,,,,,,,,,,,,,,,,,,,,,,,,,,,,,,,,,,,,,,,,,,,,,,,,,,,,,,,,,,,,,,,,,,,,,,,,,,,,,,,,,,,,,,,
2017-02-22T15:51,2017-02-22T16:00,24,train,1,2017,2,15,,,,,,,,,,,,,,,,,,,,,,,,,,,,,,,,,,,,,,,,,,,,,,,,,,,,,,,,,,,,,,,,,,,,,,,,,,,,,,,,,,,,,,,,,,,,,,,,,,,,,,,,,,,,,,,,,,,,,,,,,,,,,,,,,,,,,,,,,,,,,,,,,,,,,,,,,
2017-04-03T04:53,2017-04-03T05:00,48,train,0,2017,4,4,,,,,,,,,,,,,,,,,,,,,,,,,,,,,,,,,,,,,,,,,,,,,,,,,,,,,,,,,,,,,,,,,,,,,,,,,,,,,,,,,,,,,,,,,,,,,,,,,,,,,,,,,,,,,,,,,,,,,,,,,,,,,,,,,,,,,,,,,,,,,,,,,,,,,,,,,
2017-04-03T04:53,2017-04-03T05:00,24,train,0,2017,4,4,,,,,,,,,,,,,,,,,,,,,,,,,,,,,,,,,,,,,,,,,,,,,,,,,,,,,,,,,,,,,,,,,,,,,,,,,,,,,,,,,,,,,,,,,,,,,,,,,,,,,,,,,,,,,,,,,,,,,,,,,,,,,,,,,,,,,,,,,,,,,,,,,,,,,,,,,
2017-05-02T09:47,2017-05-02T10:00,1,train,0,2017,5,9,1,2017-05-02T09:00,,,,,,,,,,,-999.0,42.875,21.75,2.5,42.875,nan,nan,nan,nan,nan,6.366923809051514,259.81475830078125,276.59228515625,284.33258056640625,286.2939147949219,290.13983154296875,5628.25390625,2982.034912109375,1380.09912109375,7.408416748046875,282.4947814941406,82.19999694824219,154.02027893066406,3664.320068359375,10300.0,0.0,0.0,,,,,,,,,,,,,,,,,,,,,,,,,,,,,,,,,,,,,,,,,,,,,,,,,,,,,,,,,,,,,,,,,,,,,,,,,,,,,,,,,,,,,,,,,,,,,,,,,,,,,,,,,,,,,,,,,,
2017-05-02T09:47,2017-05-02T10:00,24,train,0,2017,5,9,,,,,,,,,,,,,,,,,,,,,,,,,,,,,,,,,,,,,,,,,,,,,,,,,,,,,,,,,,,,,,,,,,,,,,,,,,,,,,,,,,,,,,,,,,,,,,,,,,,,,,,,,,,,,,,,,,,,,,,,,,,,,,,,,,,,,,,,,,,,,,,,,,,,,,,,,
2017-05-02T09:47,2017-05-02T10:00,48,train,0,2017,5,9,,,,,,,,,,,,,,,,,,,,,,,,,,,,,,,,,,,,,,,,,,,,,,,,,,,,,,,,,,,,,,,,,,,,,,,,,,,,,,,,,,,,,,,,,,,,,,,,,,,,,,,,,,,,,,,,,,,,,,,,,,,,,,,,,,,,,,,,,,,,,,,,,,,,,,,,,
2017-05-30T07:54,2017-05-30T08:00,1,train,1,2017,5,7,1,2017-05-30T07:00,,,,,,,,,,,-999.0,32.875,32.875,0.0,0.0,nan,nan,nan,nan,nan,2.5714163780212402,256.99822998046875,273.503662109375,280.1858825683594,281.18212890625,284.9588623046875,5698.6611328125,3082.483154296875,1502.124755859375,150.27755737304688,279.1050720214844,91.19999694824219,146.73593139648438,3246.320068359375,9100.0,0.0,0.0020000000949949026,,,,,,,,,,,,,,,,,,,,,,,,,,,,,,,,,,,,,,,,,,,,,,,,,,,,,,,,,,,,,,,,,,,,,,,,,,,,,,,,,,,,,,,,,,,,,,,,,,,,,,,,,,,,,,,,,,
2017-05-30T07:54,2017-05-30T08:00,48,train,1,2017,5,7,,,,,,,,,,,,,,,,,,,,,,,,,,,,,,,,,,,,,,,,,,,,,,,,,,,,,,,,,,,,,,,,,,,,,,,,,,,,,,,,,,,,,,,,,,,,,,,,,,,,,,,,,,,,,,,,,,,,,,,,,,,,,,,,,,,,,,,,,,,,,,,,,,,,,,,,,
2017-05-30T07:54,2017-05-30T08:00,24,train,1,2017,5,7,,,,,,,,,,,,,,,,,,,,,,,,,,,,,,,,,,,,,,,,,,,,,,,,,,,,,,,,,,,,,,,,,,,,,,,,,,,,,,,,,,,,,,,,,,,,,,,,,,,,,,,,,,,,,,,,,,,,,,,,,,,,,,,,,,,,,,,,,,,,,,,,,,,,,,,,,
2017-09-02T13:52,2017-09-02T14:00,1,train,0,2017,9,13,1,2017-09-02T13:00,,,,,,,,,,,-999.0,0.0,0.0,0.0,0.0,nan,nan,nan,nan,nan,4.7933878898620605,258.6304626464844,274.7740478515625,280.3009033203125,283.0403747558594,287.4714660644531,5745.58984375,3111.670166015625,1533.0052490234375,174.87860107421875,282.47772216796875,52.0,431.685546875,3494.52490234375,26000.0,0.0,0.0,,,,,,,,,,,,,,,,,,,,,,,,,,,,,,,,,,,,,,,,,,,,,,,,,,,,,,,,,,,,,,,,,,,,,,,,,,,,,,,,,,,,,,,,,,,,,,,,,,,,,,,,,,,,,,,,,,
2017-09-02T13:52,2017-09-02T14:00,24,train,0,2017,9,13,,,,,,,,,,,,,,,,,,,,,,,,,,,,,,,,,,,,,,,,,,,,,,,,,,,,,,,,,,,,,,,,,,,,,,,,,,,,,,,,,,,,,,,,,,,,,,,,,,,,,,,,,,,,,,,,,,,,,,,,,,,,,,,,,,,,,,,,,,,,,,,,,,,,,,,,,
2017-09-02T13:52,2017-09-02T14:00,48,train,0,2017,9,13,,,,,,,,,,,,,,,,,,,,,,,,,,,,,,,,,,,,,,,,,,,,,,,,,,,,,,,,,,,,,,,,,,,,,,,,,,,,,,,,,,,,,,,,,,,,,,,,,,,,,,,,,,,,,,,,,,,,,,,,,,,,,,,,,,,,,,,,,,,,,,,,,,,,,,,,,
2017-10-03T20:54,2017-10-03T21:00,1,train,0,2017,10,20,1,2017-10-03T20:00,,,,,,,,,,,-999.0,0.0,0.0,0.0,0.0,nan,nan,nan,nan,nan,1.311322808265686,262.2352294921875,279.5404357910156,283.91259765625,287.05682373046875,291.66448974609375,5909.66943359375,3240.27783203125,1632.981689453125,254.4392547607422,285.9585876464844,74.4000015258789,320.9551086425781,4253.68212890625,14700.0,0.0,0.0,,,,,,,,,,,,,,,,,,,,,,,,,,,,,,,,,,,,,,,,,,,,,,,,,,,,,,,,,,,,,,,,,,,,,,,,,,,,,,,,,,,,,,,,,,,,,,,,,,,,,,,,,,,,,,,,,,
2017-10-03T20:54,2017-10-03T21:00,48,train,0,2017,10,20,,,,,,,,,,,,,,,,,,,,,,,,,,,,,,,,,,,,,,,,,,,,,,,,,,,,,,,,,,,,,,,,,,,,,,,,,,,,,,,,,,,,,,,,,,,,,,,,,,,,,,,,,,,,,,,,,,,,,,,,,,,,,,,,,,,,,,,,,,,,,,,,,,,,,,,,,
2017-10-03T20:54,2017-10-03T21:00,24,train,0,2017,10,20,,,,,,,,,,,,,,,,,,,,,,,,,,,,,,,,,,,,,,,,,,,,,,,,,,,,,,,,,,,,,,,,,,,,,,,,,,,,,,,,,,,,,,,,,,,,,,,,,,,,,,,,,,,,,,,,,,,,,,,,,,,,,,,,,,,,,,,,,,,,,,,,,,,,,,,,,
2017-11-06T11:49,2017-11-06T12:00,48,train,0,2017,11,11,,,,,,,,,,,,,,,,,,,,,,,,,,,,,,,,,,,,,,,,,,,,,,,,,,,,,,,,,,,,,,,,,,,,,,,,,,,,,,,,,,,,,,,,,,,,,,,,,,,,,,,,,,,,,,,,,,,,,,,,,,,,,,,,,,,,,,,,,,,,,,,,,,,,,,,,,
2017-11-06T11:49,2017-11-06T12:00,1,train,0,2017,11,11,1,2017-11-06T11:00,,,,,,,,,,,-999.0,41.0,34.5,31.125,41.0,10348.5732421875,nan,nan,nan,10864.591796875,5.642962455749512,259.4440002441406,274.49420166015625,282.5103759765625,285.56365966796875,289.68231201171875,5661.0751953125,3026.732421875,1435.46533203125,67.75540161132812,282.87109375,94.4000015258789,248.26242065429688,3246.719970703125,10000.0,0.0,0.0560000017285347,,,,,,,,,,,,,,,,,,,,,,,,,,,,,,,,,,,,,,,,,,,,,,,,,,,,,,,,,,,,,,,,,,,,,,,,,,,,,,,,,,,,,,,,,,,,,,,,,,,,,,,,,,,,,,,,,,
2017-11-17T23:53,2017-11-18T00:00,1,train,1,2017,11,23,1,2017-11-17T23:00,,,,,,,,,,,-999.0,0.25,0.25,0.0,0.0,nan,nan,nan,nan,nan,12.353658676147461,252.376953125,266.96453857421875,268.6396484375,268.30499267578125,271.97882080078125,5481.7392578125,2921.98291015625,1391.51318359375,92.3713150024414,265.9576416015625,50.70000076293945,221.7269744873047,103.04000091552734,25200.0,0.0,0.0,,,,,,,,,,,,,,,,,,,,,,,,,,,,,,,,,,,,,,,,,,,,,,,,,,,,,,,,,,,,,,,,,,,,,,,,,,,,,,,,,,,,,,,,,,,,,,,,,,,,,,,,,,,,,,,,,,
2017-11-06T11:49,2017-11-06T12:00,24,train,0,2017,11,11,,,,,,,,,,,,,,,,,,,,,,,,,,,,,,,,,,,,,,,,,,,,,,,,,,,,,,,,,,,,,,,,,,,,,,,,,,,,,,,,,,,,,,,,,,,,,,,,,,,,,,,,,,,,,,,,,,,,,,,,,,,,,,,,,,,,,,,,,,,,,,,,,,,,,,,,,
2017-11-17T23:53,2017-11-18T00:00,24,train,1,2017,11,23,,,,,,,,,,,,,,,,,,,,,,,,,,,,,,,,,,,,,,,,,,,,,,,,,,,,,,,,,,,,,,,,,,,,,,,,,,,,,,,,,,,,,,,,,,,,,,,,,,,,,,,,,,,,,,,,,,,,,,,,,,,,,,,,,,,,,,,,,,,,,,,,,,,,,,,,,
2017-11-17T23:53,2017-11-18T00:00,48,train,1,2017,11,23,,,,,,,,,,,,,,,,,,,,,,,,,,,,,,,,,,,,,,,,,,,,,,,,,,,,,,,,,,,,,,,,,,,,,,,,,,,,,,,,,,,,,,,,,,,,,,,,,,,,,,,,,,,,,,,,,,,,,,,,,,,,,,,,,,,,,,,,,,,,,,,,,,,,,,,,,
2017-11-29T18:56,2017-11-29T19:00,24,train,0,2017,11,18,,,,,,,,,,,,,,,,,,,,,,,,,,,,,,,,,,,,,,,,,,,,,,,,,,,,,,,,,,,,,,,,,,,,,,,,,,,,,,,,,,,,,,,,,,,,,,,,,,,,,,,,,,,,,,,,,,,,,,,,,,,,,,,,,,,,,,,,,,,,,,,,,,,,,,,,,
2017-11-29T18:56,2017-11-29T19:00,1,train,0,2017,11,18,1,2017-11-29T18:00,,,,,,,,,,,-999.0,25.875,25.875,15.0,0.0,1243.5618896484375,1226.983154296875,69100.0,87500.0,2204.765625,7.096198558807373,249.0888671875,259.0287780761719,268.6707763671875,273.1804504394531,277.3121337890625,5446.58837890625,2948.85693359375,1447.98095703125,146.0937957763672,270.3955383300781,97.19999694824219,640.5518188476562,785.6799926757812,100.0,9.999999747378752e-05,2.640000104904175,,,,,,,,,,,,,,,,,,,,,,,,,,,,,,,,,,,,,,,,,,,,,,,,,,,,,,,,,,,,,,,,,,,,,,,,,,,,,,,,,,,,,,,,,,,,,,,,,,,,,,,,,,,,,,,,,,
2017-11-29T18:56,2017-11-29T19:00,48,train,0,2017,11,18,,,,,,,,,,,,,,,,,,,,,,,,,,,,,,,,,,,,,,,,,,,,,,,,,,,,,,,,,,,,,,,,,,,,,,,,,,,,,,,,,,,,,,,,,,,,,,,,,,,,,,,,,,,,,,,,,,,,,,,,,,,,,,,,,,,,,,,,,,,,,,,,,,,,,,,,,
2017-12-21T02:58,2017-12-21T03:00,1,train,0,2017,12,2,1,2017-12-21T02:00,,,,,,,,,,,-999.0,7.75,7.75,0.0,0.0,nan,nan,nan,nan,nan,13.830856323242188,248.61134338378906,258.75384521484375,259.720458984375,262.2287902832031,266.157470703125,5343.5732421875,2836.89453125,1361.4759521484375,97.61933898925781,258.7197570800781,86.0999984741211,211.8879852294922,0.0,10000.0,0.0,0.039000000804662704,,,,,,,,,,,,,,,,,,,,,,,,,,,,,,,,,,,,,,,,,,,,,,,,,,,,,,,,,,,,,,,,,,,,,,,,,,,,,,,,,,,,,,,,,,,,,,,,,,,,,,,,,,,,,,,,,,
2017-12-21T02:58,2017-12-21T03:00,48,train,0,2017,12,2,,,,,,,,,,,,,,,,,,,,,,,,,,,,,,,,,,,,,,,,,,,,,,,,,,,,,,,,,,,,,,,,,,,,,,,,,,,,,,,,,,,,,,,,,,,,,,,,,,,,,,,,,,,,,,,,,,,,,,,,,,,,,,,,,,,,,,,,,,,,,,,,,,,,,,,,,
2017-12-21T02:58,2017-12-21T03:00,24,train,0,2017,12,2,,,,,,,,,,,,,,,,,,,,,,,,,,,,,,,,,,,,,,,,,,,,,,,,,,,,,,,,,,,,,,,,,,,,,,,,,,,,,,,,,,,,,,,,,,,,,,,,,,,,,,,,,,,,,,,,,,,,,,,,,,,,,,,,,,,,,,,,,,,,,,,,,,,,,,,,,
2018-01-04T05:55,2018-01-04T06:00,24,train,0,2018,1,5,,,,,,,,,,,,,,,,,,,,,,,,,,,,,,,,,,,,,,,,,,,,,,,,,,,,,,,,,,,,,,,,,,,,,,,,,,,,,,,,,,,,,,,,,,,,,,,,,,,,,,,,,,,,,,,,,,,,,,,,,,,,,,,,,,,,,,,,,,,,,,,,,,,,,,,,,
2018-01-04T05:55,2018-01-04T06:00,48,train,0,2018,1,5,,,,,,,,,,,,,,,,,,,,,,,,,,,,,,,,,,,,,,,,,,,,,,,,,,,,,,,,,,,,,,,,,,,,,,,,,,,,,,,,,,,,,,,,,,,,,,,,,,,,,,,,,,,,,,,,,,,,,,,,,,,,,,,,,,,,,,,,,,,,,,,,,,,,,,,,,
2018-01-04T05:55,2018-01-04T06:00,1,train,0,2018,1,5,1,2018-01-04T05:00,,,,,,,,,,,-999.0,19.5,1.125,19.5,0.0,5078.923828125,nan,nan,nan,5423.27294921875,4.282421588897705,246.04510498046875,257.2640686035156,263.2222900390625,265.831787109375,269.35693359375,5369.32421875,2892.25634765625,1412.3931884765625,140.08103942871094,262.3480224609375,35.20000076293945,143.50054931640625,0.0,37200.0,0.0,0.0,,,,,,,,,,,,,,,,,,,,,,,,,,,,,,,,,,,,,,,,,,,,,,,,,,,,,,,,,,,,,,,,,,,,,,,,,,,,,,,,,,,,,,,,,,,,,,,,,,,,,,,,,,,,,,,,,,
2018-01-13T22:56,2018-01-13T23:00,1,train,1,2018,1,22,1,2018-01-13T22:00,,,,,,,,,,,-999.0,2.25,2.25,0.0,0.0,nan,nan,nan,nan,nan,9.042036056518555,253.28964233398438,264.0355529785156,261.4172668457031,261.4895324707031,264.8934326171875,5462.5478515625,2901.967041015625,1405.029296875,130.96939086914062,259.54656982421875,69.80000305175781,373.0444030761719,0.0,15400.0,0.0,0.003000000026077032,,,,,,,,,,,,,,,,,,,,,,,,,,,,,,,,,,,,,,,,,,,,,,,,,,,,,,,,,,,,,,,,,,,,,,,,,,,,,,,,,,,,,,,,,,,,,,,,,,,,,,,,,,,,,,,,,,
2018-01-13T22:56,2018-01-13T23:00,48,train,1,2018,1,22,,,,,,,,,,,,,,,,,,,,,,,,,,,,,,,,,,,,,,,,,,,,,,,,,,,,,,,,,,,,,,,,,,,,,,,,,,,,,,,,,,,,,,,,,,,,,,,,,,,,,,,,,,,,,,,,,,,,,,,,,,,,,,,,,,,,,,,,,,,,,,,,,,,,,,,,,
2018-01-13T22:56,2018-01-13T23:00,24,train,1,2018,1,22,,,,,,,,,,,,,,,,,,,,,,,,,,,,,,,,,,,,,,,,,,,,,,,,,,,,,,,,,,,,,,,,,,,,,,,,,,,,,,,,,,,,,,,,,,,,,,,,,,,,,,,,,,,,,,,,,,,,,,,,,,,,,,,,,,,,,,,,,,,,,,,,,,,,,,,,,
2018-01-22T21:53,2018-01-22T22:00,48,train,0,2018,1,21,,,,,,,,,,,,,,,,,,,,,,,,,,,,,,,,,,,,,,,,,,,,,,,,,,,,,,,,,,,,,,,,,,,,,,,,,,,,,,,,,,,,,,,,,,,,,,,,,,,,,,,,,,,,,,,,,,,,,,,,,,,,,,,,,,,,,,,,,,,,,,,,,,,,,,,,,
2018-01-22T21:53,2018-01-22T22:00,24,train,0,2018,1,21,,,,,,,,,,,,,,,,,,,,,,,,,,,,,,,,,,,,,,,,,,,,,,,,,,,,,,,,,,,,,,,,,,,,,,,,,,,,,,,,,,,,,,,,,,,,,,,,,,,,,,,,,,,,,,,,,,,,,,,,,,,,,,,,,,,,,,,,,,,,,,,,,,,,,,,,,
2018-01-22T21:53,2018-01-22T22:00,1,train,0,2018,1,21,1,2018-01-22T21:00,,,,,,,,,,,-999.0,51.75,51.75,0.25,0.0,1288.136962890625,nan,nan,nan,nan,4.818049430847168,254.0030517578125,267.26348876953125,268.54022216796875,267.9591064453125,271.5662841796875,5585.69775390625,3013.6220703125,1482.20458984375,185.02157592773438,266.32696533203125,92.5,150.31948852539062,163.83999633789062,8100.0,0.0,0.019999999552965164,,,,,,,,,,,,,,,,,,,,,,,,,,,,,,,,,,,,,,,,,,,,,,,,,,,,,,,,,,,,,,,,,,,,,,,,,,,,,,,,,,,,,,,,,,,,,,,,,,,,,,,,,,,,,,,,,,
2018-01-31T14:50,2018-01-31T15:00,1,train,1,2018,1,14,1,2018-01-31T14:00,,,,,,,,,,,-999.0,0.625,0.625,0.0,0.0,nan,nan,nan,nan,nan,9.719823837280273,246.84490966796875,258.83648681640625,259.2078857421875,260.4076232910156,264.0965881347656,5373.2001953125,2870.30859375,1397.3553466796875,136.85443115234375,258.396484375,58.5,343.7273254394531,0.0,21400.0,0.0,0.0010000000474974513,,,,,,,,,,,,,,,,,,,,,,,,,,,,,,,,,,,,,,,,,,,,,,,,,,,,,,,,,,,,,,,,,,,,,,,,,,,,,,,,,,,,,,,,,,,,,,,,,,,,,,,,,,,,,,,,,,
2018-01-31T14:50,2018-01-31T15:00,24,train,1,2018,1,14,,,,,,,,,,,,,,,,,,,,,,,,,,,,,,,,,,,,,,,,,,,,,,,,,,,,,,,,,,,,,,,,,,,,,,,,,,,,,,,,,,,,,,,,,,,,,,,,,,,,,,,,,,,,,,,,,,,,,,,,,,,,,,,,,,,,,,,,,,,,,,,,,,,,,,,,,
2018-01-31T14:50,2018-01-31T15:00,48,train,1,2018,1,14,,,,,,,,,,,,,,,,,,,,,,,,,,,,,,,,,,,,,,,,,,,,,,,,,,,,,,,,,,,,,,,,,,,,,,,,,,,,,,,,,,,,,,,,,,,,,,,,,,,,,,,,,,,,,,,,,,,,,,,,,,,,,,,,,,,,,,,,,,,,,,,,,,,,,,,,,
2018-03-11T11:50,2018-03-11T12:00,24,train,0,2018,3,11,,,,,,,,,,,,,,,,,,,,,,,,,,,,,,,,,,,,,,,,,,,,,,,,,,,,,,,,,,,,,,,,,,,,,,,,,,,,,,,,,,,,,,,,,,,,,,,,,,,,,,,,,,,,,,,,,,,,,,,,,,,,,,,,,,,,,,,,,,,,,,,,,,,,,,,,,
2018-03-11T11:50,2018-03-11T12:00,1,train,0,2018,3,11,1,2018-03-11T11:00,,,,,,,,,,,-999.0,30.375,30.375,13.875,0.0,nan,nan,nan,nan,nan,6.331530570983887,243.28533935546875,255.71063232421875,263.858642578125,267.7464599609375,271.66876220703125,5315.0703125,2858.626953125,1381.20458984375,103.7037124633789,264.370361328125,91.19999694824219,299.4264221191406,0.0,9300.0,0.0,0.03999999910593033,,,,,,,,,,,,,,,,,,,,,,,,,,,,,,,,,,,,,,,,,,,,,,,,,,,,,,,,,,,,,,,,,,,,,,,,,,,,,,,,,,,,,,,,,,,,,,,,,,,,,,,,,,,,,,,,,,
2018-03-31T02:53,2018-03-31T03:00,1,train,0,2018,3,2,1,2018-03-31T02:00,,,,,,,,,,,-999.0,24.5,24.5,14.0,0.0,1243.249755859375,1226.814453125,86300.0,87000.0,1364.145751953125,9.813565254211426,250.42507934570312,263.0943603515625,269.4151306152344,272.2786865234375,276.14337158203125,5445.1708984375,2917.24658203125,1400.9622802734375,93.77840423583984,268.6271057128906,94.4000015258789,248.119384765625,515.0399780273438,200.0,0.0,0.10000000149011612,,,,,,,,,,,,,,,,,,,,,,,,,,,,,,,,,,,,,,,,,,,,,,,,,,,,,,,,,,,,,,,,,,,,,,,,,,,,,,,,,,,,,,,,,,,,,,,,,,,,,,,,,,,,,,,,,,
2018-03-11T11:50,2018-03-11T12:00,48,train,0,2018,3,11,,,,,,,,,,,,,,,,,,,,,,,,,,,,,,,,,,,,,,,,,,,,,,,,,,,,,,,,,,,,,,,,,,,,,,,,,,,,,,,,,,,,,,,,,,,,,,,,,,,,,,,,,,,,,,,,,,,,,,,,,,,,,,,,,,,,,,,,,,,,,,,,,,,,,,,,,
2018-03-31T02:53,2018-03-31T03:00,48,train,0,2018,3,2,,,,,,,,,,,,,,,,,,,,,,,,,,,,,,,,,,,,,,,,,,,,,,,,,,,,,,,,,,,,,,,,,,,,,,,,,,,,,,,,,,,,,,,,,,,,,,,,,,,,,,,,,,,,,,,,,,,,,,,,,,,,,,,,,,,,,,,,,,,,,,,,,,,,,,,,,
2018-03-31T02:53,2018-03-31T03:00,24,train,0,2018,3,2,,,,,,,,,,,,,,,,,,,,,,,,,,,,,,,,,,,,,,,,,,,,,,,,,,,,,,,,,,,,,,,,,,,,,,,,,,,,,,,,,,,,,,,,,,,,,,,,,,,,,,,,,,,,,,,,,,,,,,,,,,,,,,,,,,,,,,,,,,,,,,,,,,,,,,,,,
2018-08-09T10:49,2018-08-09T11:00,1,train,0,2018,8,10,1,2018-08-09T10:00,,,,,,,,,,,-999.0,97.25,21.75,0.25,97.25,1246.4271240234375,1228.52734375,24100.0,87300.0,11729.451171875,7.742353916168213,263.4248962402344,280.34283447265625,288.71417236328125,292.5594787597656,296.8976135253906,5762.59228515625,3080.143310546875,1453.96826171875,51.62603759765625,289.2002868652344,100.0,207.16477966308594,4297.31201171875,0.0,0.0,0.0,,,,,,,,,,,,,,,,,,,,,,,,,,,,,,,,,,,,,,,,,,,,,,,,,,,,,,,,,,,,,,,,,,,,,,,,,,,,,,,,,,,,,,,,,,,,,,,,,,,,,,,,,,,,,,,,,,
2018-09-04T16:49,2018-09-04T17:00,1,train,0,2018,9,16,1,2018-09-04T16:00,,,,,,,,,,,-999.0,1.375,1.375,0.0,0.0,nan,nan,nan,nan,nan,3.247321844100952,266.4809265136719,280.91943359375,286.514404296875,292.28985595703125,297.1761474609375,5911.9873046875,3214.934814453125,1598.0167236328125,197.13446044921875,290.41302490234375,94.0,687.3955688476562,4700.89404296875,13300.0,0.0,0.0,,,,,,,,,,,,,,,,,,,,,,,,,,,,,,,,,,,,,,,,,,,,,,,,,,,,,,,,,,,,,,,,,,,,,,,,,,,,,,,,,,,,,,,,,,,,,,,,,,,,,,,,,,,,,,,,,,
2018-08-09T10:49,2018-08-09T11:00,48,train,0,2018,8,10,,,,,,,,,,,,,,,,,,,,,,,,,,,,,,,,,,,,,,,,,,,,,,,,,,,,,,,,,,,,,,,,,,,,,,,,,,,,,,,,,,,,,,,,,,,,,,,,,,,,,,,,,,,,,,,,,,,,,,,,,,,,,,,,,,,,,,,,,,,,,,,,,,,,,,,,,
2018-08-09T10:49,2018-08-09T11:00,24,train,0,2018,8,10,29,2018-08-08T06:00,,,,,,,,,,,-999.0,23.75,23.75,0.0,0.0,1246.38818359375,1228.5101318359375,86700.0,87400.0,1376.4228515625,9.900506019592285,263.601806640625,280.2052307128906,288.51885986328125,291.813232421875,296.16986083984375,5765.89453125,3086.95654296875,1462.4520263671875,62.56134033203125,288.3552551269531,100.0,264.2629699707031,4299.50048828125,100.0,0.0,7.309999942779541,,,,,,,,,,,,,,,,,,,,,,,,,,,,,,,,,,,,,,,,,,,,,,,,,,,,,,,,,,,,,,,,,,,,,,,,,,,,,,,,,,,,,,,,,,,,,,,,,,,,,,,,,,,,,,,,,,
2018-09-04T16:49,2018-09-04T17:00,48,train,0,2018,9,16,,,,,,,,,,,,,,,,,,,,,,,,,,,,,,,,,,,,,,,,,,,,,,,,,,,,,,,,,,,,,,,,,,,,,,,,,,,,,,,,,,,,,,,,,,,,,,,,,,,,,,,,,,,,,,,,,,,,,,,,,,,,,,,,,,,,,,,,,,,,,,,,,,,,,,,,,
2018-09-04T16:49,2018-09-04T17:00,24,train,0,2018,9,16,23,2018-09-03T18:00,,,,,,,,,,,-999.0,80.0,0.0,0.0,80.0,13330.0166015625,nan,nan,nan,13429.8466796875,2.026111602783203,265.4783935546875,280.421875,286.7378234863281,292.3326416015625,297.2668151855469,5910.77197265625,3222.16015625,1606.463623046875,206.90396118164062,291.7365417480469,65.30000305175781,761.3623046875,4541.24853515625,28500.0,0.0,0.8500000238418579,,,,,,,,,,,,,,,,,,,,,,,,,,,,,,,,,,,,,,,,,,,,,,,,,,,,,,,,,,,,,,,,,,,,,,,,,,,,,,,,,,,,,,,,,,,,,,,,,,,,,,,,,,,,,,,,,,
2018-09-22T13:52,2018-09-22T14:00,1,train,0,2018,9,13,1,2018-09-22T13:00,,,,,,,,,,,-999.0,7.875,7.875,0.0,6.125,nan,nan,nan,nan,nan,15.114924430847168,263.2347412109375,276.842041015625,277.09832763671875,280.0682373046875,284.5212097167969,5730.3173828125,3059.035888671875,1479.508544921875,128.19346618652344,276.618408203125,96.30000305175781,180.20367431640625,4558.2587890625,12200.0,0.0,0.12999999523162842,,,,,,,,,,,,,,,,,,,,,,,,,,,,,,,,,,,,,,,,,,,,,,,,,,,,,,,,,,,,,,,,,,,,,,,,,,,,,,,,,,,,,,,,,,,,,,,,,,,,,,,,,,,,,,,,,,
2018-09-22T13:52,2018-09-22T14:00,24,train,0,2018,9,13,26,2018-09-21T12:00,,,,,,,,,,,-999.0,3.125,2.5,0.0,3.125,nan,nan,nan,nan,nan,18.307876586914062,262.3355407714844,278.2381591796875,276.59759521484375,279.1234130859375,283.4815979003906,5735.837890625,3063.102294921875,1480.7861328125,130.59996032714844,275.66436767578125,83.0,241.87567138671875,4534.76416015625,17200.0,0.0,13.199999809265137,,,,,,,,,,,,,,,,,,,,,,,,,,,,,,,,,,,,,,,,,,,,,,,,,,,,,,,,,,,,,,,,,,,,,,,,,,,,,,,,,,,,,,,,,,,,,,,,,,,,,,,,,,,,,,,,,,
2018-09-22T13:52,2018-09-22T14:00,48,train,0,2018,9,13,,,,,,,,,,,,,,,,,,,,,,,,,,,,,,,,,,,,,,,,,,,,,,,,,,,,,,,,,,,,,,,,,,,,,,,,,,,,,,,,,,,,,,,,,,,,,,,,,,,,,,,,,,,,,,,,,,,,,,,,,,,,,,,,,,,,,,,,,,,,,,,,,,,,,,,,,
2018-10-14T00:52,2018-10-14T01:00,1,train,0,2018,10,0,1,2018-10-14T00:00,,,,,,,,,,,-999.0,0.875,0.875,0.0,0.0,nan,nan,nan,nan,nan,10.027987480163574,252.45770263671875,264.0860595703125,269.6274719238281,274.77313232421875,278.94586181640625,5480.69140625,2931.947265625,1417.82666015625,105.18147277832031,271.2354736328125,83.0999984741211,446.1233825683594,911.0399780273438,16300.0,0.0,0.0,,,,,,,,,,,,,,,,,,,,,,,,,,,,,,,,,,,,,,,,,,,,,,,,,,,,,,,,,,,,,,,,,,,,,,,,,,,,,,,,,,,,,,,,,,,,,,,,,,,,,,,,,,,,,,,,,,
2018-10-14T00:52,2018-10-14T01:00,24,train,0,2018,10,0,25,2018-10-13T00:00,,,,,,,,,,,-999.0,2.5,2.5,0.0,0.0,nan,nan,nan,nan,nan,10.59980297088623,251.2155303955078,264.4403076171875,268.4692077636719,273.8677062988281,278.071533203125,5477.3017578125,2929.80322265625,1419.04736328125,109.44670104980469,270.24591064453125,91.9000015258789,516.3994750976562,762.239990234375,12900.0,0.0,1.7300000190734863,,,,,,,,,,,,,,,,,,,,,,,,,,,,,,,,,,,,,,,,,,,,,,,,,,,,,,,,,,,,,,,,,,,,,,,,,,,,,,,,,,,,,,,,,,,,,,,,,,,,,,,,,,,,,,,,,,
2018-10-14T00:52,2018-10-14T01:00,48,train,0,2018,10,0,,,,,,,,,,,,,,,,,,,,,,,,,,,,,,,,,,,,,,,,,,,,,,,,,,,,,,,,,,,,,,,,,,,,,,,,,,,,,,,,,,,,,,,,,,,,,,,,,,,,,,,,,,,,,,,,,,,,,,,,,,,,,,,,,,,,,,,,,,,,,,,,,,,,,,,,,
2018-11-14T17:49,2018-11-14T18:00,1,train,0,2018,11,17,1,2018-11-14T17:00,,,,,,,,,,,-999.0,31.5,31.5,0.0,0.0,1241.2322998046875,1225.764404296875,83400.0,87600.0,1837.022216796875,11.299229621887207,252.62603759765625,248.1849365234375,253.12864685058594,258.4548034667969,262.7291259765625,5329.0400390625,2867.094482421875,1445.24853515625,212.4817352294922,255.46023559570312,85.0999984741211,575.4778442382812,0.0,9500.0,0.0,0.1599999964237213,,,,,,,,,,,,,,,,,,,,,,,,,,,,,,,,,,,,,,,,,,,,,,,,,,,,,,,,,,,,,,,,,,,,,,,,,,,,,,,,,,,,,,,,,,,,,,,,,,,,,,,,,,,,,,,,,,
2018-11-14T17:49,2018-11-14T18:00,24,train,0,2018,11,17,24,2018-11-13T18:00,,,,,,,,,,,-999.0,71.0,71.0,0.0,0.0,1241.17333984375,1225.684326171875,79500.0,87400.0,2267.44091796875,11.011202812194824,249.25125122070312,247.63575744628906,252.56576538085938,257.8203430175781,262.08905029296875,5277.865234375,2840.548828125,1423.132080078125,194.11099243164062,254.4886932373047,83.4000015258789,687.6091918945312,0.0,200.0,0.0,5.960000038146973,,,,,,,,,,,,,,,,,,,,,,,,,,,,,,,,,,,,,,,,,,,,,,,,,,,,,,,,,,,,,,,,,,,,,,,,,,,,,,,,,,,,,,,,,,,,,,,,,,,,,,,,,,,,,,,,,,
2018-11-14T17:49,2018-11-14T18:00,48,train,0,2018,11,17,,,,,,,,,,,,,,,,,,,,,,,,,,,,,,,,,,,,,,,,,,,,,,,,,,,,,,,,,,,,,,,,,,,,,,,,,,,,,,,,,,,,,,,,,,,,,,,,,,,,,,,,,,,,,,,,,,,,,,,,,,,,,,,,,,,,,,,,,,,,,,,,,,,,,,,,,
2018-12-06T09:50,2018-12-06T10:00,1,train,0,2018,12,9,1,2018-12-06T09:00,,,,,,,,,,,-999.0,39.5,39.5,0.0,0.0,1242.37109375,nan,nan,nan,1350.125,7.553814888000488,242.64840698242188,254.998779296875,262.6537780761719,266.70867919921875,270.6148681640625,5339.970703125,2880.09326171875,1409.4180908203125,136.82635498046875,263.070068359375,86.0,215.31527709960938,0.0,14700.0,0.0,0.0560000017285347,,,,,,,,,,,,,,,,,,,,,,,,,,,,,,,,,,,,,,,,,,,,,,,,,,,,,,,,,,,,,,,,,,,,,,,,,,,,,,,,,,,,,,,,,,,,,,,,,,,,,,,,,,,,,,,,,,
2018-12-06T09:50,2018-12-06T10:00,24,train,0,2018,12,9,22,2018-12-05T12:00,,,,,,,,,,,-999.0,96.125,8.625,5.25,96.125,7799.91650390625,nan,nan,nan,8863.6845703125,7.2787346839904785,242.077392578125,254.41807556152344,261.6424865722656,265.3397216796875,269.1773986816406,5316.7685546875,2866.824951171875,1400.1300048828125,132.34780883789062,261.8466796875,84.9000015258789,173.75228881835938,0.0,15000.0,0.0,0.05000000074505806,,,,,,,,,,,,,,,,,,,,,,,,,,,,,,,,,,,,,,,,,,,,,,,,,,,,,,,,,,,,,,,,,,,,,,,,,,,,,,,,,,,,,,,,,,,,,,,,,,,,,,,,,,,,,,,,,,
2018-12-06T09:50,2018-12-06T10:00,48,train,0,2018,12,9,,,,,,,,,,,,,,,,,,,,,,,,,,,,,,,,,,,,,,,,,,,,,,,,,,,,,,,,,,,,,,,,,,,,,,,,,,,,,,,,,,,,,,,,,,,,,,,,,,,,,,,,,,,,,,,,,,,,,,,,,,,,,,,,,,,,,,,,,,,,,,,,,,,,,,,,,
2018-12-17T20:53,2018-12-17T21:00,1,train,0,2018,12,20,1,2018-12-17T20:00,,,,,,,,,,,-999.0,43.125,43.125,0.0,0.0,1242.80322265625,1226.55517578125,84200.0,85700.0,1466.9368896484375,13.26404094696045,248.69741821289062,259.8076171875,266.16064453125,270.5615539550781,274.6418151855469,5288.67431640625,2780.973388671875,1289.051513671875,-4.0558929443359375,265.7962951660156,92.30000305175781,185.1019287109375,77.12000274658203,0.0,0.0,0.12399999797344208,,,,,,,,,,,,,,,,,,,,,,,,,,,,,,,,,,,,,,,,,,,,,,,,,,,,,,,,,,,,,,,,,,,,,,,,,,,,,,,,,,,,,,,,,,,,,,,,,,,,,,,,,,,,,,,,,,
2018-12-17T20:53,2018-12-17T21:00,24,train,0,2018,12,20,21,2018-12-17T00:00,,,,,,,,,,,1710.199951171875,48.5,48.5,0.0,0.0,nan,1226.6229248046875,75900.0,85600.0,nan,12.285728454589844,248.45001220703125,259.06439208984375,266.6439208984375,270.8454895019531,274.9591064453125,5274.1298828125,2767.165771484375,1274.196533203125,-19.002151489257812,266.3453063964844,87.5999984741211,315.80682373046875,163.1199951171875,900.0,0.0005000000237487257,1.4600000381469727,,,,,,,,,,,,,,,,,,,,,,,,,,,,,,,,,,,,,,,,,,,,,,,,,,,,,,,,,,,,,,,,,,,,,,,,,,,,,,,,,,,,,,,,,,,,,,,,,,,,,,,,,,,,,,,,,,
2018-12-17T20:53,2018-12-17T21:00,48,train,0,2018,12,20,,,,,,,,,,,,,,,,,,,,,,,,,,,,,,,,,,,,,,,,,,,,,,,,,,,,,,,,,,,,,,,,,,,,,,,,,,,,,,,,,,,,,,,,,,,,,,,,,,,,,,,,,,,,,,,,,,,,,,,,,,,,,,,,,,,,,,,,,,,,,,,,,,,,,,,,,
2018-12-30T00:51,2018-12-30T01:00,1,train,0,2018,12,0,1,2018-12-30T00:00,,,,,,,,,,,-999.0,43.75,22.5,43.75,6.375,5106.11328125,6025.5498046875,40000.0,46000.0,7890.357421875,17.624055862426758,246.22479248046875,262.37371826171875,263.5589294433594,264.2738037109375,267.9630126953125,5419.4482421875,2912.945556640625,1412.898193359375,134.86788940429688,260.4822082519531,70.0,142.83114624023438,0.0,23000.0,0.0,0.03200000151991844,,,,,,,,,,,,,,,,,,,,,,,,,,,,,,,,,,,,,,,,,,,,,,,,,,,,,,,,,,,,,,,,,,,,,,,,,,,,,,,,,,,,,,,,,,,,,,,,,,,,,,,,,,,,,,,,,,
2018-12-30T00:51,2018-12-30T01:00,24,train,0,2018,12,0,25,2018-12-29T00:00,,,,,,,,,,,-999.0,61.5,0.875,61.5,0.0,4595.7734375,5497.89794921875,42900.0,49400.0,7417.90380859375,15.49028205871582,246.193603515625,261.1625061035156,263.13153076171875,263.1091003417969,266.64776611328125,5403.5263671875,2900.972900390625,1406.60986328125,132.847900390625,260.7462158203125,40.5,139.9013214111328,0.0,49900.0,0.0,4.710000038146973,,,,,,,,,,,,,,,,,,,,,,,,,,,,,,,,,,,,,,,,,,,,,,,,,,,,,,,,,,,,,,,,,,,,,,,,,,,,,,,,,,,,,,,,,,,,,,,,,,,,,,,,,,,,,,,,,,
2018-12-30T00:51,2018-12-30T01:00,48,train,0,2018,12,0,,,,,,,,,,,,,,,,,,,,,,,,,,,,,,,,,,,,,,,,,,,,,,,,,,,,,,,,,,,,,,,,,,,,,,,,,,,,,,,,,,,,,,,,,,,,,,,,,,,,,,,,,,,,,,,,,,,,,,,,,,,,,,,,,,,,,,,,,,,,,,,,,,,,,,,,,
2019-01-23T14:53,2019-01-23T15:00,1,train,0,2019,1,14,1,2019-01-23T14:00,,,,,,,,,,,-999.0,83.5,0.0,46.25,83.5,7446.61962890625,nan,nan,nan,10037.9306640625,10.55456256866455,253.58009338378906,266.7243957519531,269.9535217285156,270.9059753417969,273.90130615234375,5561.1357421875,2988.78466796875,1459.6865234375,158.0696563720703,271.0775146484375,55.599998474121094,245.13375854492188,891.9199829101562,34400.0,0.0,0.0,,,,,,,,,,,,,,,,,,,,,,,,,,,,,,,,,,,,,,,,,,,,,,,,,,,,,,,,,,,,,,,,,,,,,,,,,,,,,,,,,,,,,,,,,,,,,,,,,,,,,,,,,,,,,,,,,,
2019-01-23T14:53,2019-01-23T15:00,24,train,0,2019,1,14,21,2019-01-22T18:00,,,,,,,,,,,-999.0,100.0,17.0,36.75,100.0,7637.2216796875,1226.8406982421875,25600.0,87600.0,11680.5498046875,13.14789867401123,252.69851684570312,265.6482238769531,268.9183654785156,270.96160888671875,274.64312744140625,5557.09326171875,2999.9814453125,1476.7939453125,173.99942016601562,269.33642578125,75.0,243.33383178710938,624.0,7900.0,0.0,0.7099999785423279,,,,,,,,,,,,,,,,,,,,,,,,,,,,,,,,,,,,,,,,,,,,,,,,,,,,,,,,,,,,,,,,,,,,,,,,,,,,,,,,,,,,,,,,,,,,,,,,,,,,,,,,,,,,,,,,,,
2019-01-23T14:53,2019-01-23T15:00,48,train,0,2019,1,14,,,,,,,,,,,,,,,,,,,,,,,,,,,,,,,,,,,,,,,,,,,,,,,,,,,,,,,,,,,,,,,,,,,,,,,,,,,,,,,,,,,,,,,,,,,,,,,,,,,,,,,,,,,,,,,,,,,,,,,,,,,,,,,,,,,,,,,,,,,,,,,,,,,,,,,,,
2019-03-11T10:50,2019-03-11T11:00,1,train,0,2019,3,10,1,2019-03-11T10:00,,,,,,,,,,,-999.0,59.0,59.0,0.0,0.0,1243.0479736328125,1226.7176513671875,82400.0,86600.0,1769.888427734375,13.193379402160645,254.55776977539062,266.1002197265625,266.41607666015625,271.0877685546875,275.2572326660156,5455.08984375,2876.6748046875,1369.7987060546875,65.5624008178711,267.2674255371094,94.30000305175781,432.6382141113281,300.0799865722656,100.0,0.0,0.1340000033378601,,,,,,,,,,,,,,,,,,,,,,,,,,,,,,,,,,,,,,,,,,,,,,,,,,,,,,,,,,,,,,,,,,,,,,,,,,,,,,,,,,,,,,,,,,,,,,,,,,,,,,,,,,,,,,,,,,
2019-03-11T10:50,2019-03-11T11:00,24,train,0,2019,3,10,23,2019-03-10T12:00,,,,,,,,,,,-999.0,60.75,50.375,0.0,60.75,1242.893310546875,1226.6978759765625,80400.0,86300.0,9827.0341796875,13.502079010009766,253.23049926757812,264.33843994140625,266.48529052734375,270.785400390625,274.9052429199219,5410.6279296875,2850.39892578125,1344.619384765625,43.020320892333984,266.90924072265625,93.5999984741211,381.6059265136719,248.39999389648438,100.0,0.0,18.290000915527344,,,,,,,,,,,,,,,,,,,,,,,,,,,,,,,,,,,,,,,,,,,,,,,,,,,,,,,,,,,,,,,,,,,,,,,,,,,,,,,,,,,,,,,,,,,,,,,,,,,,,,,,,,,,,,,,,,
2019-03-11T10:50,2019-03-11T11:00,48,train,0,2019,3,10,,,,,,,,,,,,,,,,,,,,,,,,,,,,,,,,,,,,,,,,,,,,,,,,,,,,,,,,,,,,,,,,,,,,,,,,,,,,,,,,,,,,,,,,,,,,,,,,,,,,,,,,,,,,,,,,,,,,,,,,,,,,,,,,,,,,,,,,,,,,,,,,,,,,,,,,,
2019-04-22T14:49,2019-04-22T15:00,1,train,0,2019,4,14,1,2019-04-22T14:00,,,,,,,,,,,-999.0,6.125,6.125,0.0,0.0,1370.108154296875,nan,nan,nan,nan,3.3552591800689697,257.6284484863281,272.4716491699219,278.71820068359375,282.8803405761719,287.3316345214844,5717.58203125,3098.899658203125,1532.7322998046875,176.48277282714844,280.2769470214844,100.0,273.948486328125,2636.159912109375,12200.0,0.0,0.009999999776482582,,,,,,,,,,,,,,,,,,,,,,,,,,,,,,,,,,,,,,,,,,,,,,,,,,,,,,,,,,,,,,,,,,,,,,,,,,,,,,,,,,,,,,,,,,,,,,,,,,,,,,,,,,,,,,,,,,
2019-04-22T14:49,2019-04-22T15:00,24,train,0,2019,4,14,21,2019-04-21T18:00,,,,,,,,,,,-999.0,32.0,27.875,0.0,32.0,1244.82568359375,1239.9044189453125,85400.0,87900.0,1628.104736328125,3.5178675651550293,256.9644470214844,272.2671203613281,278.61517333984375,282.92083740234375,287.3555908203125,5697.669921875,3085.723388671875,1517.26953125,162.21478271484375,280.1396789550781,100.0,408.3634338378906,2931.199951171875,400.0,0.0,0.019999999552965164,,,,,,,,,,,,,,,,,,,,,,,,,,,,,,,,,,,,,,,,,,,,,,,,,,,,,,,,,,,,,,,,,,,,,,,,,,,,,,,,,,,,,,,,,,,,,,,,,,,,,,,,,,,,,,,,,,
2019-05-21T10:59,2019-05-21T11:00,1,train,0,2019,5,10,1,2019-05-21T10:00,,,,,,,,,,,-999.0,46.0,46.0,0.0,0.0,1243.9527587890625,1227.179931640625,83800.0,86500.0,1616.946044921875,13.873493194580078,258.1168212890625,271.81689453125,273.1046142578125,277.531494140625,281.8560791015625,5546.9375,2930.683349609375,1383.549560546875,49.87901306152344,273.68609619140625,100.0,376.2440185546875,1288.800048828125,0.0,0.00019999999494757503,1.031999945640564,,,,,,,,,,,,,,,,,,,,,,,,,,,,,,,,,,,,,,,,,,,,,,,,,,,,,,,,,,,,,,,,,,,,,,,,,,,,,,,,,,,,,,,,,,,,,,,,,,,,,,,,,,,,,,,,,,
2019-04-22T14:49,2019-04-22T15:00,48,train,0,2019,4,14,,,,,,,,,,,,,,,,,,,,,,,,,,,,,,,,,,,,,,,,,,,,,,,,,,,,,,,,,,,,,,,,,,,,,,,,,,,,,,,,,,,,,,,,,,,,,,,,,,,,,,,,,,,,,,,,,,,,,,,,,,,,,,,,,,,,,,,,,,,,,,,,,,,,,,,,,
2019-05-21T10:59,2019-05-21T11:00,24,train,0,2019,5,10,23,2019-05-20T12:00,,,,,,,,,,,-999.0,29.75,29.75,0.0,0.0,1243.869140625,1227.1029052734375,84700.0,86200.0,1474.72216796875,19.170337677001953,258.08465576171875,273.6434326171875,273.25054931640625,277.38385009765625,281.7178039550781,5541.3408203125,2919.00634765625,1365.53662109375,30.107967376708984,273.03790283203125,100.0,326.7374572753906,1189.280029296875,0.0,0.0,6.150000095367432,,,,,,,,,,,,,,,,,,,,,,,,,,,,,,,,,,,,,,,,,,,,,,,,,,,,,,,,,,,,,,,,,,,,,,,,,,,,,,,,,,,,,,,,,,,,,,,,,,,,,,,,,,,,,,,,,,
2019-05-21T10:59,2019-05-21T11:00,48,train,0,2019,5,10,,,,,,,,,,,,,,,,,,,,,,,,,,,,,,,,,,,,,,,,,,,,,,,,,,,,,,,,,,,,,,,,,,,,,,,,,,,,,,,,,,,,,,,,,,,,,,,,,,,,,,,,,,,,,,,,,,,,,,,,,,,,,,,,,,,,,,,,,,,,,,,,,,,,,,,,,
2019-08-04T11:48,2019-08-04T12:00,1,train,0,2019,8,11,1,2019-08-04T11:00,,,,,,,,,,,-999.0,8.625,8.625,0.0,0.0,nan,nan,nan,nan,nan,2.6725730895996094,261.4974060058594,276.41888427734375,283.74786376953125,288.1458740234375,292.4678955078125,5729.822265625,3080.45947265625,1486.328125,105.88652038574219,285.57708740234375,95.80000305175781,440.5448303222656,3755.86669921875,12200.0,0.0,0.0,,,,,,,,,,,,,,,,,,,,,,,,,,,,,,,,,,,,,,,,,,,,,,,,,,,,,,,,,,,,,,,,,,,,,,,,,,,,,,,,,,,,,,,,,,,,,,,,,,,,,,,,,,,,,,,,,,
2019-08-04T11:48,2019-08-04T12:00,24,train,0,2019,8,11,24,2019-08-03T12:00,,,,,,,,,,,-999.0,66.625,0.625,0.0,66.625,9259.6064453125,nan,nan,nan,10399.8779296875,9.007984161376953,261.27886962890625,277.1664123535156,283.326171875,286.5950622558594,291.0160827636719,5733.1904296875,3078.4951171875,1483.6083984375,107.98524475097656,283.77581787109375,70.5999984741211,190.4739990234375,3920.200439453125,23500.0,0.0,0.03999999910593033,,,,,,,,,,,,,,,,,,,,,,,,,,,,,,,,,,,,,,,,,,,,,,,,,,,,,,,,,,,,,,,,,,,,,,,,,,,,,,,,,,,,,,,,,,,,,,,,,,,,,,,,,,,,,,,,,,
2019-08-04T11:48,2019-08-04T12:00,48,train,0,2019,8,11,,,,,,,,,,,,,,,,,,,,,,,,,,,,,,,,,,,,,,,,,,,,,,,,,,,,,,,,,,,,,,,,,,,,,,,,,,,,,,,,,,,,,,,,,,,,,,,,,,,,,,,,,,,,,,,,,,,,,,,,,,,,,,,,,,,,,,,,,,,,,,,,,,,,,,,,,
2019-10-01T21:49,2019-10-01T22:00,1,train,0,2019,10,21,1,2019-10-01T21:00,,,,,,,,,,,8984.599609375,83.0,16.125,29.75,83.0,7061.17138671875,4273.1064453125,18600.0,60600.0,12697.552734375,9.573319435119629,263.0531005859375,281.27044677734375,288.37158203125,290.7227783203125,294.458984375,5787.396484375,3101.594970703125,1470.823486328125,74.04795837402344,288.5970764160156,91.0,214.97361755371094,4451.32421875,13300.0,9.999999747378752e-05,0.029999999329447746,,,,,,,,,,,,,,,,,,,,,,,,,,,,,,,,,,,,,,,,,,,,,,,,,,,,,,,,,,,,,,,,,,,,,,,,,,,,,,,,,,,,,,,,,,,,,,,,,,,,,,,,,,,,,,,,,,
2019-10-01T21:49,2019-10-01T22:00,24,train,0,2019,10,21,22,2019-10-01T00:00,,,,,,,,,,,-999.0,52.875,4.25,0.0,52.875,1495.2156982421875,6440.298828125,22700.0,46000.0,11781.033203125,8.423844337463379,264.7748107910156,281.16168212890625,289.482177734375,293.08148193359375,297.40679931640625,5802.15087890625,3109.2900390625,1477.010498046875,71.428955078125,289.82513427734375,92.19999694824219,432.8690490722656,4699.9921875,12900.0,0.0,10.90999984741211,,,,,,,,,,,,,,,,,,,,,,,,,,,,,,,,,,,,,,,,,,,,,,,,,,,,,,,,,,,,,,,,,,,,,,,,,,,,,,,,,,,,,,,,,,,,,,,,,,,,,,,,,,,,,,,,,,
2019-10-14T15:47,2019-10-14T16:00,1,train,0,2019,10,15,1,2019-10-14T15:00,,,,,,,,,,,-999.0,6.625,6.625,0.0,0.0,nan,nan,nan,nan,nan,7.554699420928955,254.9508819580078,271.704345703125,280.849365234375,283.7767028808594,288.0992736816406,5628.4765625,3044.330078125,1469.053466796875,114.49286651611328,281.8959045410156,60.099998474121094,281.16619873046875,2958.39990234375,31500.0,0.0,0.0,,,,,,,,,,,,,,,,,,,,,,,,,,,,,,,,,,,,,,,,,,,,,,,,,,,,,,,,,,,,,,,,,,,,,,,,,,,,,,,,,,,,,,,,,,,,,,,,,,,,,,,,,,,,,,,,,,
2019-10-01T21:49,2019-10-01T22:00,48,train,0,2019,10,21,,,,,,,,,,,,,,,,,,,,,,,,,,,,,,,,,,,,,,,,,,,,,,,,,,,,,,,,,,,,,,,,,,,,,,,,,,,,,,,,,,,,,,,,,,,,,,,,,,,,,,,,,,,,,,,,,,,,,,,,,,,,,,,,,,,,,,,,,,,,,,,,,,,,,,,,,
2019-10-14T15:47,2019-10-14T16:00,24,train,0,2019,10,15,22,2019-10-13T18:00,,,,,,,,,,,-999.0,0.0,0.0,0.0,0.0,nan,nan,nan,nan,nan,5.696216583251953,253.26475524902344,271.1108703613281,279.5133056640625,283.55230712890625,288.049560546875,5608.46435546875,3031.543212890625,1462.658935546875,108.99549865722656,281.2510681152344,76.69999694824219,423.2242736816406,2896.159912109375,20300.0,0.0,0.0,,,,,,,,,,,,,,,,,,,,,,,,,,,,,,,,,,,,,,,,,,,,,,,,,,,,,,,,,,,,,,,,,,,,,,,,,,,,,,,,,,,,,,,,,,,,,,,,,,,,,,,,,,,,,,,,,,
2019-10-14T15:47,2019-10-14T16:00,48,train,0,2019,10,15,,,,,,,,,,,,,,,,,,,,,,,,,,,,,,,,,,,,,,,,,,,,,,,,,,,,,,,,,,,,,,,,,,,,,,,,,,,,,,,,,,,,,,,,,,,,,,,,,,,,,,,,,,,,,,,,,,,,,,,,,,,,,,,,,,,,,,,,,,,,,,,,,,,,,,,,,
2019-10-27T12:51,2019-10-27T13:00,1,train,0,2019,10,12,1,2019-10-27T12:00,,,,,,,,,,,4804.2001953125,85.5,61.25,85.5,74.125,1365.37548828125,1227.0968017578125,22700.0,88300.0,11705.8369140625,5.832723617553711,262.1009216308594,271.094482421875,273.33099365234375,275.2334289550781,279.11590576171875,5711.94091796875,3069.4150390625,1517.5213623046875,190.05349731445312,272.824951171875,94.30000305175781,261.42645263671875,1160.9599609375,1700.0,0.00039999998989515007,1.0779999494552612,,,,,,,,,,,,,,,,,,,,,,,,,,,,,,,,,,,,,,,,,,,,,,,,,,,,,,,,,,,,,,,,,,,,,,,,,,,,,,,,,,,,,,,,,,,,,,,,,,,,,,,,,,,,,,,,,,
2019-10-27T12:51,2019-10-27T13:00,24,train,0,2019,10,12,25,2019-10-26T12:00,,,,,,,,,,,3011.39990234375,96.375,37.25,63.5,96.375,1243.777587890625,1227.0579833984375,49700.0,88400.0,11500.6435546875,5.9443464279174805,260.66644287109375,272.4404296875,273.7763977050781,275.52581787109375,279.4807434082031,5722.35546875,3085.9921875,1527.4617919921875,196.4872283935547,272.79052734375,99.80000305175781,296.87689208984375,1151.8399658203125,100.0,0.0,0.009999999776482582,,,,,,,,,,,,,,,,,,,,,,,,,,,,,,,,,,,,,,,,,,,,,,,,,,,,,,,,,,,,,,,,,,,,,,,,,,,,,,,,,,,,,,,,,,,,,,,,,,,,,,,,,,,,,,,,,,
2019-11-07T03:55,2019-11-07T04:00,1,train,0,2019,11,3,1,2019-11-07T03:00,,,,,,,,,,,-999.0,0.0,0.0,0.0,0.0,nan,nan,nan,nan,nan,9.853425979614258,250.80960083007812,263.32293701171875,269.1694641113281,272.636474609375,276.49822998046875,5548.76904296875,3013.42041015625,1499.641845703125,194.58033752441406,268.80865478515625,46.79999923706055,177.564697265625,544.5599975585938,41900.0,0.0,0.0,,,,,,,,,,,,,,,,,,,,,,,,,,,,,,,,,,,,,,,,,,,,,,,,,,,,,,,,,,,,,,,,,,,,,,,,,,,,,,,,,,,,,,,,,,,,,,,,,,,,,,,,,,,,,,,,,,
2019-10-27T12:51,2019-10-27T13:00,48,train,0,2019,10,12,,,,,,,,,,,,,,,,,,,,,,,,,,,,,,,,,,,,,,,,,,,,,,,,,,,,,,,,,,,,,,,,,,,,,,,,,,,,,,,,,,,,,,,,,,,,,,,,,,,,,,,,,,,,,,,,,,,,,,,,,,,,,,,,,,,,,,,,,,,,,,,,,,,,,,,,,
2019-11-07T03:55,2019-11-07T04:00,24,train,0,2019,11,3,22,2019-11-06T06:00,,,,,,,,,,,-999.0,0.625,0.625,0.0,0.0,nan,nan,nan,nan,nan,7.901961803436279,250.24832153320312,262.66339111328125,267.4942626953125,271.2608642578125,275.2380676269531,5542.26953125,3011.918701171875,1504.81005859375,205.5634307861328,267.7106628417969,68.80000305175781,237.4068603515625,371.1199951171875,24000.0,0.0,0.23000000417232513,,,,,,,,,,,,,,,,,,,,,,,,,,,,,,,,,,,,,,,,,,,,,,,,,,,,,,,,,,,,,,,,,,,,,,,,,,,,,,,,,,,,,,,,,,,,,,,,,,,,,,,,,,,,,,,,,,
2019-11-07T03:55,2019-11-07T04:00,48,train,0,2019,11,3,,,,,,,,,,,,,,,,,,,,,,,,,,,,,,,,,,,,,,,,,,,,,,,,,,,,,,,,,,,,,,,,,,,,,,,,,,,,,,,,,,,,,,,,,,,,,,,,,,,,,,,,,,,,,,,,,,,,,,,,,,,,,,,,,,,,,,,,,,,,,,,,,,,,,,,,,
2019-11-19T14:51,2019-11-19T15:00,1,train,0,2019,11,14,1,2019-11-19T14:00,,,,,,,,,,,-999.0,48.5,48.5,27.0,0.0,1243.6119384765625,1226.988525390625,60200.0,86600.0,1969.8714599609375,2.2379775047302246,252.1256103515625,267.83392333984375,271.5838623046875,274.1939392089844,278.2120361328125,5472.65478515625,2902.7392578125,1364.10595703125,44.575340270996094,271.77947998046875,99.9000015258789,321.472900390625,997.280029296875,300.0,0.0,0.7300000190734863,,,,,,,,,,,,,,,,,,,,,,,,,,,,,,,,,,,,,,,,,,,,,,,,,,,,,,,,,,,,,,,,,,,,,,,,,,,,,,,,,,,,,,,,,,,,,,,,,,,,,,,,,,,,,,,,,,
2019-11-19T14:51,2019-11-19T15:00,24,train,0,2019,11,14,21,2019-11-18T18:00,,,,,,,,,,,5482.2001953125,44.0,44.0,6.625,0.0,1243.7177734375,1227.0880126953125,37300.0,86600.0,1364.7646484375,0.8898189663887024,251.65924072265625,266.21783447265625,271.95880126953125,275.15625,279.24749755859375,5453.4140625,2896.86572265625,1363.6556396484375,43.32572937011719,272.7947082519531,100.0,146.29232788085938,1152.56005859375,300.0,0.00039999998989515007,13.979999542236328,,,,,,,,,,,,,,,,,,,,,,,,,,,,,,,,,,,,,,,,,,,,,,,,,,,,,,,,,,,,,,,,,,,,,,,,,,,,,,,,,,,,,,,,,,,,,,,,,,,,,,,,,,,,,,,,,,
2019-12-11T12:55,2019-12-11T13:00,1,train,0,2019,12,12,1,2019-12-11T12:00,,,,,,,,,,,-999.0,39.0,0.5,13.375,39.0,nan,4439.62890625,37400.0,57100.0,nan,8.204671859741211,255.25204467773438,257.8824768066406,260.53485107421875,262.9518737792969,266.817138671875,5432.37109375,2907.212646484375,1433.9083251953125,167.51266479492188,261.24853515625,47.900001525878906,167.0788116455078,0.0,45000.0,0.0,0.0,,,,,,,,,,,,,,,,,,,,,,,,,,,,,,,,,,,,,,,,,,,,,,,,,,,,,,,,,,,,,,,,,,,,,,,,,,,,,,,,,,,,,,,,,,,,,,,,,,,,,,,,,,,,,,,,,,
2019-11-19T14:51,2019-11-19T15:00,48,train,0,2019,11,14,,,,,,,,,,,,,,,,,,,,,,,,,,,,,,,,,,,,,,,,,,,,,,,,,,,,,,,,,,,,,,,,,,,,,,,,,,,,,,,,,,,,,,,,,,,,,,,,,,,,,,,,,,,,,,,,,,,,,,,,,,,,,,,,,,,,,,,,,,,,,,,,,,,,,,,,,
2019-12-11T12:55,2019-12-11T13:00,24,train,0,2019,12,12,25,2019-12-10T12:00,,,,,,,,,,,-999.0,100.0,7.25,86.625,100.0,6775.33349609375,4943.6357421875,35000.0,53200.0,8783.2626953125,3.6425282955169678,252.7015380859375,257.008056640625,260.3236389160156,263.12445068359375,267.10357666015625,5408.11474609375,2900.88330078125,1430.7044677734375,165.27236938476562,261.0354309082031,51.5,162.27288818359375,0.0,41300.0,0.0,10.279999732971191,,,,,,,,,,,,,,,,,,,,,,,,,,,,,,,,,,,,,,,,,,,,,,,,,,,,,,,,,,,,,,,,,,,,,,,,,,,,,,,,,,,,,,,,,,,,,,,,,,,,,,,,,,,,,,,,,,
2020-01-06T20:49,2020-01-06T21:00,1,train,0,2020,1,20,1,2020-01-06T20:00,,,,,,,,,,,-999.0,42.875,42.875,0.0,0.0,1359.99755859375,1458.078125,80600.0,83800.0,2143.040771484375,6.08814001083374,242.10983276367188,254.7008056640625,263.60015869140625,267.15521240234375,270.977783203125,5276.07177734375,2828.23779296875,1354.350341796875,81.59062194824219,264.25897216796875,91.5999984741211,434.0221252441406,0.0,12300.0,0.0,0.4690000116825104,,,,,,,,,,,,,,,,,,,,,,,,,,,,,,,,,,,,,,,,,,,,,,,,,,,,,,,,,,,,,,,,,,,,,,,,,,,,,,,,,,,,,,,,,,,,,,,,,,,,,,,,,,,,,,,,,,
2019-12-11T12:55,2019-12-11T13:00,48,train,0,2019,12,12,,,,,,,,,,,,,,,,,,,,,,,,,,,,,,,,,,,,,,,,,,,,,,,,,,,,,,,,,,,,,,,,,,,,,,,,,,,,,,,,,,,,,,,,,,,,,,,,,,,,,,,,,,,,,,,,,,,,,,,,,,,,,,,,,,,,,,,,,,,,,,,,,,,,,,,,,
2020-01-06T20:49,2020-01-06T21:00,24,train,0,2020,1,20,21,2020-01-06T00:00,,,,,,,,,,,-999.0,16.125,16.125,13.375,0.0,nan,1226.4827880859375,66500.0,86500.0,nan,5.930368423461914,241.73866271972656,255.39288330078125,264.15850830078125,267.41766357421875,271.37017822265625,5280.27099609375,2833.232421875,1354.651123046875,78.88900756835938,264.10260009765625,87.80000305175781,457.1202087402344,0.0,4300.0,7.000000186963007e-05,1.5299999713897705,,,,,,,,,,,,,,,,,,,,,,,,,,,,,,,,,,,,,,,,,,,,,,,,,,,,,,,,,,,,,,,,,,,,,,,,,,,,,,,,,,,,,,,,,,,,,,,,,,,,,,,,,,,,,,,,,,
2020-01-06T20:49,2020-01-06T21:00,48,train,0,2020,1,20,,,,,,,,,,,,,,,,,,,,,,,,,,,,,,,,,,,,,,,,,,,,,,,,,,,,,,,,,,,,,,,,,,,,,,,,,,,,,,,,,,,,,,,,,,,,,,,,,,,,,,,,,,,,,,,,,,,,,,,,,,,,,,,,,,,,,,,,,,,,,,,,,,,,,,,,,
2020-01-15T05:52,2020-01-15T06:00,1,train,0,2020,1,5,1,2020-01-15T05:00,,,,,,,,,,,-999.0,92.75,92.75,0.0,0.0,1441.01513671875,1605.9046630859375,75200.0,83200.0,2670.98388671875,7.006240367889404,248.95323181152344,262.6252746582031,269.472900390625,271.5965576171875,275.2069396972656,5485.01171875,2953.105224609375,1437.057861328125,135.43771362304688,269.65087890625,93.0,428.7903137207031,675.5999755859375,6600.0,0.00019999999494757503,0.7080000042915344,,,,,,,,,,,,,,,,,,,,,,,,,,,,,,,,,,,,,,,,,,,,,,,,,,,,,,,,,,,,,,,,,,,,,,,,,,,,,,,,,,,,,,,,,,,,,,,,,,,,,,,,,,,,,,,,,,
2020-01-15T05:52,2020-01-15T06:00,24,train,0,2020,1,5,24,2020-01-14T06:00,,,,,,,,,,,-999.0,93.625,93.625,7.5,0.0,1243.2369384765625,1280.9696044921875,72500.0,86500.0,2962.987548828125,9.025199890136719,248.32656860351562,262.9964904785156,270.19195556640625,272.25262451171875,276.07586669921875,5462.84375,2937.33203125,1417.7833251953125,111.66295623779297,269.13690185546875,95.30000305175781,418.25958251953125,588.1599731445312,800.0,0.0,1.659999966621399,,,,,,,,,,,,,,,,,,,,,,,,,,,,,,,,,,,,,,,,,,,,,,,,,,,,,,,,,,,,,,,,,,,,,,,,,,,,,,,,,,,,,,,,,,,,,,,,,,,,,,,,,,,,,,,,,,
2020-01-24T12:54,2020-01-24T13:00,1,train,0,2020,1,12,1,2020-01-24T12:00,,,,,,,,,,,-999.0,0.0,0.0,0.0,0.0,nan,nan,nan,nan,nan,4.649758815765381,248.97293090820312,266.5489501953125,273.1539306640625,274.85174560546875,277.969482421875,5620.78515625,3085.3623046875,1548.4783935546875,233.33583068847656,268.583740234375,27.700000762939453,79.13655090332031,503.6000061035156,67500.0,0.0,0.0,,,,,,,,,,,,,,,,,,,,,,,,,,,,,,,,,,,,,,,,,,,,,,,,,,,,,,,,,,,,,,,,,,,,,,,,,,,,,,,,,,,,,,,,,,,,,,,,,,,,,,,,,,,,,,,,,,
2020-01-15T05:52,2020-01-15T06:00,48,train,0,2020,1,5,,,,,,,,,,,,,,,,,,,,,,,,,,,,,,,,,,,,,,,,,,,,,,,,,,,,,,,,,,,,,,,,,,,,,,,,,,,,,,,,,,,,,,,,,,,,,,,,,,,,,,,,,,,,,,,,,,,,,,,,,,,,,,,,,,,,,,,,,,,,,,,,,,,,,,,,,
2020-01-24T12:54,2020-01-24T13:00,24,train,0,2020,1,12,25,2020-01-23T12:00,,,,,,,,,,,-999.0,31.5,0.0,10.875,31.5,8093.57177734375,nan,nan,nan,8142.85693359375,4.547274112701416,248.93182373046875,265.293701171875,271.6738586425781,273.1053466796875,276.557861328125,5608.4091796875,3078.41650390625,1548.5283203125,239.6329345703125,268.7348327636719,37.0,62.90245819091797,534.239990234375,52300.0,0.0,0.0,,,,,,,,,,,,,,,,,,,,,,,,,,,,,,,,,,,,,,,,,,,,,,,,,,,,,,,,,,,,,,,,,,,,,,,,,,,,,,,,,,,,,,,,,,,,,,,,,,,,,,,,,,,,,,,,,,
2020-01-24T12:54,2020-01-24T13:00,48,train,0,2020,1,12,,,,,,,,,,,,,,,,,,,,,,,,,,,,,,,,,,,,,,,,,,,,,,,,,,,,,,,,,,,,,,,,,,,,,,,,,,,,,,,,,,,,,,,,,,,,,,,,,,,,,,,,,,,,,,,,,,,,,,,,,,,,,,,,,,,,,,,,,,,,,,,,,,,,,,,,,
2020-02-06T04:55,2020-02-06T05:00,1,train,0,2020,2,4,1,2020-02-06T04:00,,,,,,,,,,,-999.0,100.0,0.0,100.0,22.5,4565.376953125,5025.970703125,42900.0,53100.0,7522.7861328125,5.174736022949219,252.39865112304688,263.75604248046875,264.8486022949219,266.48004150390625,269.94915771484375,5474.16796875,2916.728515625,1414.68310546875,128.83041381835938,263.5579833984375,42.099998474121094,68.97187805175781,0.0,45900.0,0.0,0.0,,,,,,,,,,,,,,,,,,,,,,,,,,,,,,,,,,,,,,,,,,,,,,,,,,,,,,,,,,,,,,,,,,,,,,,,,,,,,,,,,,,,,,,,,,,,,,,,,,,,,,,,,,,,,,,,,,
2020-02-06T04:55,2020-02-06T05:00,24,train,0,2020,2,4,23,2020-02-05T06:00,,,,,,,,,,,-999.0,100.0,1.875,23.75,100.0,7900.61572265625,4038.928466796875,22700.0,60500.0,11999.802734375,5.226100921630859,252.21484375,263.4803161621094,264.8626403808594,266.36090087890625,269.8938903808594,5472.3759765625,2920.4326171875,1420.00390625,134.54727172851562,264.4382019042969,37.5,92.73489379882812,0.0,54800.0,0.0,0.10000000149011612,,,,,,,,,,,,,,,,,,,,,,,,,,,,,,,,,,,,,,,,,,,,,,,,,,,,,,,,,,,,,,,,,,,,,,,,,,,,,,,,,,,,,,,,,,,,,,,,,,,,,,,,,,,,,,,,,,
2020-02-06T04:55,2020-02-06T05:00,48,train,0,2020,2,4,,,,,,,,,,,,,,,,,,,,,,,,,,,,,,,,,,,,,,,,,,,,,,,,,,,,,,,,,,,,,,,,,,,,,,,,,,,,,,,,,,,,,,,,,,,,,,,,,,,,,,,,,,,,,,,,,,,,,,,,,,,,,,,,,,,,,,,,,,,,,,,,,,,,,,,,,
2020-03-12T19:49,2020-03-12T20:00,1,train,0,2020,3,19,1,2020-03-12T19:00,,,,,,,,,,,-999.0,1.875,1.875,0.0,0.0,nan,nan,nan,nan,nan,4.5722222328186035,250.90484619140625,262.6363830566406,268.463623046875,272.2840881347656,276.44091796875,5524.2626953125,2988.26318359375,1479.20703125,176.8833465576172,270.60504150390625,86.80000305175781,444.3291931152344,818.239990234375,16500.0,0.0,0.0,,,,,,,,,,,,,,,,,,,,,,,,,,,,,,,,,,,,,,,,,,,,,,,,,,,,,,,,,,,,,,,,,,,,,,,,,,,,,,,,,,,,,,,,,,,,,,,,,,,,,,,,,,,,,,,,,,
2020-03-12T19:49,2020-03-12T20:00,24,train,0,2020,3,19,26,2020-03-11T18:00,,,,,,,,,,,-999.0,65.5,65.5,0.0,0.0,1243.194091796875,1226.82080078125,83600.0,87800.0,1775.7542724609375,4.704428672790527,249.49842834472656,261.9059753417969,268.31427001953125,272.248779296875,276.4947814941406,5513.76220703125,2983.069091796875,1477.6256103515625,174.4546661376953,269.3565979003906,98.30000305175781,505.5291442871094,622.1599731445312,100.0,0.0,0.15000000596046448,,,,,,,,,,,,,,,,,,,,,,,,,,,,,,,,,,,,,,,,,,,,,,,,,,,,,,,,,,,,,,,,,,,,,,,,,,,,,,,,,,,,,,,,,,,,,,,,,,,,,,,,,,,,,,,,,,
2020-03-12T19:49,2020-03-12T20:00,48,train,0,2020,3,19,,,,,,,,,,,,,,,,,,,,,,,,,,,,,,,,,,,,,,,,,,,,,,,,,,,,,,,,,,,,,,,,,,,,,,,,,,,,,,,,,,,,,,,,,,,,,,,,,,,,,,,,,,,,,,,,,,,,,,,,,,,,,,,,,,,,,,,,,,,,,,,,,,,,,,,,,
2020-05-01T13:50,2020-05-01T14:00,1,train,0,2020,5,13,1,2020-05-01T13:00,,,,,,,,,,,-999.0,100.0,48.5,99.125,100.0,1244.653564453125,1227.6578369140625,25600.0,87100.0,11112.037109375,6.334897994995117,258.572998046875,272.516357421875,279.76458740234375,281.9725646972656,286.0576477050781,5615.025390625,2993.389892578125,1418.3328857421875,65.4145278930664,279.09381103515625,100.0,252.24282836914062,2960.47998046875,100.0,9.999999747378752e-05,1.4079999923706055,,,,,,,,,,,,,,,,,,,,,,,,,,,,,,,,,,,,,,,,,,,,,,,,,,,,,,,,,,,,,,,,,,,,,,,,,,,,,,,,,,,,,,,,,,,,,,,,,,,,,,,,,,,,,,,,,,
2020-05-01T13:50,2020-05-01T14:00,24,train,0,2020,5,13,26,2020-04-30T12:00,,,,,,,,,,,7057.0,100.0,62.375,100.0,100.0,1291.5330810546875,1359.7491455078125,25600.0,85600.0,12339.548828125,7.571775913238525,259.760986328125,272.37542724609375,278.22540283203125,281.06787109375,285.222900390625,5611.37939453125,2987.9453125,1417.9896240234375,67.75080108642578,278.0903015136719,97.0999984741211,475.2178649902344,2675.280029296875,2300.0,0.0017999999690800905,47.31999969482422,,,,,,,,,,,,,,,,,,,,,,,,,,,,,,,,,,,,,,,,,,,,,,,,,,,,,,,,,,,,,,,,,,,,,,,,,,,,,,,,,,,,,,,,,,,,,,,,,,,,,,,,,,,,,,,,,,
2020-05-01T13:50,2020-05-01T14:00,48,train,0,2020,5,13,,,,,,,,,,,,,,,,,,,,,,,,,,,,,,,,,,,,,,,,,,,,,,,,,,,,,,,,,,,,,,,,,,,,,,,,,,,,,,,,,,,,,,,,,,,,,,,,,,,,,,,,,,,,,,,,,,,,,,,,,,,,,,,,,,,,,,,,,,,,,,,,,,,,,,,,,
2020-07-01T11:49,2020-07-01T12:00,1,train,0,2020,7,11,1,2020-07-01T11:00,,,,,,,,,,,-999.0,41.0,41.0,13.875,7.25,1245.8983154296875,1228.2635498046875,37400.0,87800.0,1817.4239501953125,4.280030727386475,259.41351318359375,276.02117919921875,284.9232482910156,289.1155700683594,293.4409484863281,5730.0849609375,3090.916015625,1489.6541748046875,105.87313079833984,286.2951965332031,100.0,428.93890380859375,3543.7158203125,100.0,9.999999747378752e-05,0.5299999713897705,,,,,,,,,,,,,,,,,,,,,,,,,,,,,,,,,,,,,,,,,,,,,,,,,,,,,,,,,,,,,,,,,,,,,,,,,,,,,,,,,,,,,,,,,,,,,,,,,,,,,,,,,,,,,,,,,,
2020-07-01T11:49,2020-07-01T12:00,24,train,0,2020,7,11,24,2020-06-30T12:00,,,,,,,,,,,4265.0,35.125,35.125,9.25,0.0,1245.9798583984375,1228.2340087890625,75400.0,87700.0,2760.74951171875,2.672732353210449,259.867919921875,276.1422424316406,284.611572265625,288.6857604980469,293.03753662109375,5726.35693359375,3081.68798828125,1481.46826171875,99.0257568359375,286.22821044921875,100.0,295.2841491699219,3619.626220703125,100.0,0.00139999995008111,28.219999313354492,,,,,,,,,,,,,,,,,,,,,,,,,,,,,,,,,,,,,,,,,,,,,,,,,,,,,,,,,,,,,,,,,,,,,,,,,,,,,,,,,,,,,,,,,,,,,,,,,,,,,,,,,,,,,,,,,,
2020-07-01T11:49,2020-07-01T12:00,48,train,0,2020,7,11,,,,,,,,,,,,,,,,,,,,,,,,,,,,,,,,,,,,,,,,,,,,,,,,,,,,,,,,,,,,,,,,,,,,,,,,,,,,,,,,,,,,,,,,,,,,,,,,,,,,,,,,,,,,,,,,,,,,,,,,,,,,,,,,,,,,,,,,,,,,,,,,,,,,,,,,,
2020-08-08T03:54,2020-08-08T04:00,1,train,0,2020,8,3,1,2020-08-08T03:00,,,,,,,,,,,-999.0,32.25,0.0,0.0,32.25,nan,nan,nan,nan,nan,2.6707334518432617,260.8408203125,276.944091796875,285.999755859375,290.8798828125,294.8985595703125,5825.84619140625,3172.33203125,1569.002685546875,180.11553955078125,284.4674072265625,54.20000076293945,518.7171630859375,3805.834716796875,35300.0,0.0,0.0,,,,,,,,,,,,,,,,,,,,,,,,,,,,,,,,,,,,,,,,,,,,,,,,,,,,,,,,,,,,,,,,,,,,,,,,,,,,,,,,,,,,,,,,,,,,,,,,,,,,,,,,,,,,,,,,,,
2020-08-08T03:54,2020-08-08T04:00,24,train,0,2020,8,3,22,2020-08-07T06:00,,,,,,,,,,,-999.0,48.75,13.375,9.25,48.75,10522.3935546875,nan,nan,nan,10618.2060546875,3.662184238433838,260.2987060546875,275.83465576171875,285.99481201171875,290.67108154296875,294.8022155761719,5828.1181640625,3181.5166015625,1579.749755859375,192.29437255859375,287.4442138671875,64.69999694824219,237.08433532714844,3693.453125,27100.0,0.0,0.0,,,,,,,,,,,,,,,,,,,,,,,,,,,,,,,,,,,,,,,,,,,,,,,,,,,,,,,,,,,,,,,,,,,,,,,,,,,,,,,,,,,,,,,,,,,,,,,,,,,,,,,,,,,,,,,,,,
2020-09-21T11:52,2020-09-21T12:00,1,train,0,2020,9,11,1,2020-09-21T11:00,,,,,,,,,,,-999.0,0.25,0.25,0.0,0.0,nan,nan,nan,nan,nan,3.9631152153015137,256.9282531738281,270.30853271484375,274.753662109375,278.1883850097656,281.66851806640625,5778.29296875,3171.77587890625,1623.4796142578125,292.63970947265625,273.94122314453125,39.20000076293945,190.22471618652344,2083.0400390625,54800.0,0.0,0.0,,,,,,,,,,,,,,,,,,,,,,,,,,,,,,,,,,,,,,,,,,,,,,,,,,,,,,,,,,,,,,,,,,,,,,,,,,,,,,,,,,,,,,,,,,,,,,,,,,,,,,,,,,,,,,,,,,
2020-08-08T03:54,2020-08-08T04:00,48,train,0,2020,8,3,,,,,,,,,,,,,,,,,,,,,,,,,,,,,,,,,,,,,,,,,,,,,,,,,,,,,,,,,,,,,,,,,,,,,,,,,,,,,,,,,,,,,,,,,,,,,,,,,,,,,,,,,,,,,,,,,,,,,,,,,,,,,,,,,,,,,,,,,,,,,,,,,,,,,,,,,
2020-09-21T11:52,2020-09-21T12:00,24,train,0,2020,9,11,24,2020-09-20T12:00,,,,,,,,,,,-999.0,0.0,0.0,0.0,0.0,nan,nan,nan,nan,nan,2.522702693939209,256.2805480957031,270.1044921875,275.267822265625,278.5213623046875,282.3747253417969,5780.14892578125,3180.177978515625,1631.07666015625,298.2778015136719,276.3257141113281,42.70000076293945,240.47482299804688,2226.2587890625,55800.0,0.0,0.0,,,,,,,,,,,,,,,,,,,,,,,,,,,,,,,,,,,,,,,,,,,,,,,,,,,,,,,,,,,,,,,,,,,,,,,,,,,,,,,,,,,,,,,,,,,,,,,,,,,,,,,,,,,,,,,,,,
2020-09-21T11:52,2020-09-21T12:00,48,train,0,2020,9,11,,,,,,,,,,,,,,,,,,,,,,,,,,,,,,,,,,,,,,,,,,,,,,,,,,,,,,,,,,,,,,,,,,,,,,,,,,,,,,,,,,,,,,,,,,,,,,,,,,,,,,,,,,,,,,,,,,,,,,,,,,,,,,,,,,,,,,,,,,,,,,,,,,,,,,,,,
2020-10-14T09:52,2020-10-14T10:00,1,train,0,2020,10,9,1,2020-10-14T09:00,,,,,,,,,1,2020-10-14T09:00,-999.0,29.25,29.25,0.0,0.0,nan,nan,nan,nan,nan,11.045392036437988,255.41122436523438,274.72052001953125,278.3420715332031,281.0010986328125,284.959228515625,5600.2021484375,2992.05712890625,1415.48974609375,60.639747619628906,277.216064453125,87.4000015258789,151.99755859375,3209.919921875,14800.0,0.0,0.0,,,,,,,,,,,,,,,,,,,,,,,,,,,,,,,,,,,,,,,,,,,,,,,,,,,,,,,,,,,,,,,,,,,,,,,,,,,,,,,,,,,,,,,,,,,,75.0,,,0.0,0.0,256.0,71.0,77.0,,80.0,,72.0,,72.0,72.0,1.0,235.0,273.4599914550781,273.5,100.0,22.0,14.199999809265137,16.100000381469727
2020-10-31T07:59,2020-10-31T08:00,1,train,0,2020,10,7,1,2020-10-31T07:00,,,,,,,,,1,2020-10-31T07:00,-999.0,0.0,0.0,0.0,0.0,nan,nan,nan,nan,nan,5.249239921569824,245.35110473632812,259.40057373046875,265.4407958984375,268.10784912109375,271.8272705078125,5470.9873046875,2986.410400390625,1494.7490234375,210.2982940673828,265.4606628417969,38.0,114.58392333984375,22.239999771118164,54600.0,0.0,0.0,,,,,,,,,,,,,,,,,,,,,,,,,,,,,,,,,,,,,,,,,,,,,,,,,,,,,,,,,,,,,,,,,,,,,,,,,,,,,,,,,,,,,,,,,,,,14.0,,,88888.0,88888.0,16209.0,0.0,0.0,,0.0,,0.0,,0.0,1.0,0.0,102.0,260.6100158691406,256.08001708984375,70.0,0.0,9.100000381469727,9.600000381469727
2020-10-14T09:52,2020-10-14T10:00,24,train,0,2020,10,9,22,2020-10-13T12:00,,,,,,,,,24,2020-10-13T10:00,-999.0,4.25,4.25,0.0,0.0,nan,nan,nan,nan,nan,13.723974227905273,253.30987548828125,272.7326354980469,278.7095947265625,280.3189392089844,284.2621154785156,5573.03125,2984.36962890625,1412.199462890625,61.803279876708984,275.78326416015625,74.0999984741211,152.3558807373047,3018.56005859375,21000.0,0.0,23.290000915527344,,,,,,,,,,,,,,,,,,,,,,,,,,,,,,,,,,,,,,,,,,,,,,,,,,,,,,,,,,,,,,,,,,,,,,,,,,,,,,,,,,,,,,,,,,,,71.0,,,30.0,27.0,201.0,71.0,73.0,,73.0,,69.0,,77.0,77.0,1.0,231.0,273.1299743652344,272.69000244140625,98.0,12.0,14.899999618530273,16.899999618530273
2020-10-14T09:52,2020-10-14T10:00,48,train,0,2020,10,9,,,,,,,,,,,36,2020-10-12T22:00,,,,,,,,,,,,,,,,,,,,,,,,,,,,,,,,,,,,,,,,,,,,,,,,,,,,,,,,,,,,,,,,,,,,,,,,,,,,,,,,,,,,,,,,,,,,,,,,,,,,,,,,,,,,,,,,,,,,,,,63.0,,,30.0,28.0,171.0,33.0,35.0,,41.0,,69.0,,70.0,71.0,0.0,205.0,272.8399963378906,272.27996826171875,96.0,14.0,13.600000381469727,15.600000381469727
2020-10-31T07:59,2020-10-31T08:00,24,train,0,2020,10,7,26,2020-10-30T06:00,,,,,,,,,24,2020-10-30T08:00,-999.0,1.375,1.375,0.0,0.0,nan,nan,nan,nan,nan,6.444613456726074,244.97564697265625,259.4365539550781,265.2867431640625,268.36688232421875,272.41424560546875,5469.572265625,2986.20068359375,1494.72900390625,208.54185485839844,265.683837890625,47.79999923706055,130.94708251953125,58.720001220703125,41900.0,0.0,1.4700000286102295,,,,,,,,,,,,,,,,,,,,,,,,,,,,,,,,,,,,,,,,,,,,,,,,,,,,,,,,,,,,,,,,,,,,,,,,,,,,,,,,,,,,,,,,,,,,9.0,,,88886.0,88891.0,201.0,0.0,0.0,,2.0,,48.0,,48.0,48.0,0.0,106.0,260.54998779296875,256.04998779296875,68.0,0.0,9.100000381469727,10.0
2020-10-31T07:59,2020-10-31T08:00,48,train,0,2020,10,7,,,,,,,,,,,36,2020-10-29T20:00,,,,,,,,,,,,,,,,,,,,,,,,,,,,,,,,,,,,,,,,,,,,,,,,,,,,,,,,,,,,,,,,,,,,,,,,,,,,,,,,,,,,,,,,,,,,,,,,,,,,,,,,,,,,,,,,,,,,,,,13.0,,,88886.0,88892.0,243.0,12.0,12.0,,12.0,,54.0,,54.0,54.0,0.0,99.0,260.53997802734375,255.61001586914062,66.0,0.0,8.699999809265137,9.199999809265137
2020-12-03T01:55,2020-12-03T02:00,1,train,0,2020,12,1,1,2020-12-03T01:00,,,,,,,,,1,2020-12-03T01:00,-999.0,0.0,13.0,0.0,0.0,1341.6328125,1341.454345703125,83000.0,85400.0,1438.382568359375,9.598775863647461,249.57061767578125,260.11334228515625,264.662353515625,269.6370849609375,273.81402587890625,5391.080078125,2862.57177734375,1377.865478515625,87.43505096435547,264.1134033203125,88.19999694824219,321.80999755859375,0.0,3700.0,9.999999747378752e-05,0.4399999976158142,,,,,,,,,,,,,,,,,,,,,,,,,,,,,,,,,,,,,,,,,,,,,,,,,,,,,,,,,,,,,,,,,,,,,,,,,,,,,,,,,,,,,,,,,,,,85.0,,,0.0,0.0,0.0,68.0,68.0,,78.0,,79.0,,79.0,83.0,13.0,617.0,262.1499938964844,261.7099914550781,97.0,19.0,14.0,15.600000381469727
2020-12-03T01:55,2020-12-03T02:00,24,train,0,2020,12,1,26,2020-12-02T00:00,,,,,,,,,24,2020-12-02T02:00,-999.0,42.0,42.0,1.625,0.0,1242.5064697265625,1226.4002685546875,80500.0,86400.0,1762.83203125,16.123262405395508,250.38198852539062,264.41424560546875,263.85479736328125,268.24468994140625,272.49285888671875,5408.498046875,2863.359375,1364.55517578125,71.95500183105469,263.8144836425781,92.0999984741211,342.18402099609375,0.0,200.0,9.999999747378752e-05,2.509999990463257,,,,,,,,,,,,,,,,,,,,,,,,,,,,,,,,,,,,,,,,,,,,,,,,,,,,,,,,,,,,,,,,,,,,,,,,,,,,,,,,,,,,,,,,,,,,79.0,,,0.0,0.0,256.0,83.0,83.0,,88.0,,63.0,,63.0,63.0,8.0,517.0,261.94000244140625,261.2699890136719,93.0,15.0,14.800000190734863,16.100000381469727
2020-12-03T01:55,2020-12-03T02:00,48,train,0,2020,12,1,,,,,,,,,,,36,2020-12-01T14:00,,,,,,,,,,,,,,,,,,,,,,,,,,,,,,,,,,,,,,,,,,,,,,,,,,,,,,,,,,,,,,,,,,,,,,,,,,,,,,,,,,,,,,,,,,,,,,,,,,,,,,,,,,,,,,,,,,,,,,,74.0,,,0.0,0.0,256.0,93.0,93.0,,93.0,,66.0,,67.0,70.0,23.0,759.0,264.41998291015625,262.75,88.0,12.0,13.199999809265137,14.800000190734863
2020-12-13T15:49,2020-12-13T16:00,1,train,0,2020,12,15,1,2020-12-13T15:00,,,,,,,,,1,2020-12-13T15:00,-999.0,100.0,100.0,0.0,0.0,1343.3135986328125,1343.1851806640625,81800.0,85700.0,1891.140869140625,9.527640342712402,252.85801696777344,268.33221435546875,275.353515625,279.3291931152344,283.08441162109375,5530.42919921875,2951.38134765625,1405.57373046875,71.01106262207031,275.68194580078125,100.0,448.5184326171875,1708.6400146484375,200.0,0.0,0.0,,,,,,,,,,,,,,,,,,,,,,,,,,,,,,,,,,,,,,,,,,,,,,,,,,,,,,,,,,,,,,,,,,,,,,,,,,,,,,,,,,,,,,,,,,,,71.0,,,0.0,0.0,256.0,78.0,91.0,,98.0,,70.0,,73.0,74.0,2.0,403.0,271.78997802734375,271.80999755859375,100.0,5.0,13.600000381469727,15.899999618530273
2020-12-13T15:49,2020-12-13T16:00,24,train,0,2020,12,15,22,2020-12-12T18:00,,,,,,,,,24,2020-12-12T16:00,-999.0,0.0,9.0,0.0,26.0,nan,1343.029052734375,nan,85700.0,nan,11.243581771850586,252.51150512695312,268.96148681640625,275.01361083984375,279.2532043457031,283.15478515625,5535.8671875,2958.75830078125,1412.20751953125,76.3778305053711,275.56329345703125,90.4000015258789,403.2247314453125,1830.719970703125,13700.0,0.0,2.690000057220459,,,,,,,,,,,,,,,,,,,,,,,,,,,,,,,,,,,,,,,,,,,,,,,,,,,,,,,,,,,,,,,,,,,,,,,,,,,,,,,,,,,,,,,,,,,,67.0,,,30.0,32.0,256.0,85.0,85.0,,87.0,,64.0,,67.0,74.0,3.0,311.0,271.27996826171875,271.2200012207031,100.0,5.0,13.199999809265137,15.699999809265137
2020-12-13T15:49,2020-12-13T16:00,48,train,0,2020,12,15,46,2020-12-11T18:00,,,,,,,,,36,2020-12-12T04:00,-999.0,100.0,100.0,0.0,0.0,1343.0948486328125,1343.0242919921875,81600.0,85500.0,1888.865966796875,5.949914455413818,250.50051879882812,267.6697998046875,274.3282165527344,277.4421691894531,281.31005859375,5487.0048828125,2926.77734375,1386.23828125,56.45106506347656,274.3168029785156,99.9000015258789,397.41412353515625,1580.0,0.0,0.0,5.690000057220459,,,,,,,,,,,,,,,,,,,,,,,,,,,,,,,,,,,,,,,,,,,,,,,,,,,,,,,,,,,,,,,,,,,,,,,,,,,,,,,,,,,,,,,,,,,,76.0,,,30.0,32.0,256.0,93.0,93.0,,94.0,,66.0,,68.0,73.0,3.0,290.0,270.4100036621094,270.57000732421875,100.0,6.0,12.0,14.399999618530273
2020-12-24T22:54,2020-12-24T23:00,1,train,0,2020,12,22,1,2020-12-24T22:00,,,,,,,,,1,2020-12-24T22:00,2003.0,100.0,100.0,2.0,100.0,1343.338623046875,1343.258056640625,49000.0,86600.0,11555.35546875,10.78648853302002,256.0899658203125,271.42022705078125,276.5997314453125,278.7767028808594,282.69622802734375,5645.89404296875,3042.72705078125,1484.839599609375,143.93984985351562,275.07427978515625,97.30000305175781,339.4690856933594,2079.1201171875,0.0,0.0005000000237487257,0.1420000046491623,,,,,,,,,,,,,,,,,,,,,,,,,,,,,,,,,,,,,,,,,,,,,,,,,,,,,,,,,,,,,,,,,,,,,,,,,,,,,,,,,,,,,,,,,,,,95.0,,,0.0,0.0,0.0,84.0,100.0,,100.0,,100.0,,100.0,100.0,0.0,363.0,272.28997802734375,272.1399841308594,100.0,43.0,17.600000381469727,19.600000381469727
2020-12-24T22:54,2020-12-24T23:00,24,train,0,2020,12,22,23,2020-12-24T00:00,,,,,,,,,24,2020-12-23T23:00,1725.800048828125,100.0,100.0,73.0,100.0,1343.23779296875,1343.2694091796875,25200.0,86500.0,12399.880859375,8.979676246643066,256.9713134765625,270.3415832519531,276.31744384765625,278.7848205566406,282.625244140625,5633.14453125,3038.01904296875,1481.64990234375,141.13613891601562,274.87103271484375,97.5999984741211,378.4159851074219,2016.800048828125,0.0,0.0005000000237487257,1.5399999618530273,,,,,,,,,,,,,,,,,,,,,,,,,,,,,,,,,,,,,,,,,,,,,,,,,,,,,,,,,,,,,,,,,,,,,,,,,,,,,,,,,,,,,,,,,,,,93.0,,,0.0,0.0,0.0,89.0,92.0,,97.0,,78.0,,81.0,86.0,0.0,381.0,272.010009765625,272.0299987792969,100.0,63.0,17.200000762939453,19.799999237060547
2021-01-03T17:49,2021-01-03T18:00,1,train,1,2021,1,17,1,2021-01-03T17:00,,,,,,,,,1,2021-01-03T17:00,-999.0,0.0,0.0,64.0,100.0,7433.47900390625,1342.09033203125,32400.0,86100.0,9416.4326171875,4.2983222007751465,253.78408813476562,268.4076843261719,270.24859619140625,268.8546447753906,272.88446044921875,5551.337890625,2973.59423828125,1439.061767578125,134.5650634765625,269.1340026855469,56.5,187.71023559570312,687.3599853515625,34200.0,0.0,0.0,,,,,,,,,,,,,,,,,,,,,,,,,,,,,,,,,,,,,,,,,,,,,,,,,,,,,,,,,,,,,,,,,,,,,,,,,,,,,,,,,,,,,,,,,,,,87.0,,,2224.0,2224.0,16209.0,8.0,12.0,,17.0,,7.0,,7.0,8.0,0.0,208.0,264.45001220703125,260.66998291015625,75.0,0.0,8.800000190734863,8.800000190734863
2020-12-24T22:54,2020-12-24T23:00,48,train,0,2020,12,22,47,2020-12-23T00:00,,,,,,,,,36,2020-12-23T11:00,2849.0,100.0,100.0,100.0,100.0,1343.2735595703125,1343.233154296875,39700.0,86500.0,12881.4609375,11.220826148986816,256.5432434082031,270.620361328125,277.167724609375,278.86627197265625,282.70135498046875,5635.384765625,3029.230224609375,1471.123046875,131.19656372070312,274.8188171386719,97.5999984741211,350.2458190917969,2152.080078125,0.0,0.00139999995008111,13.109999656677246,,,,,,,,,,,,,,,,,,,,,,,,,,,,,,,,,,,,,,,,,,,,,,,,,,,,,,,,,,,,,,,,,,,,,,,,,,,,,,,,,,,,,,,,,,,,95.0,,,30.0,32.0,0.0,85.0,86.0,,87.0,,77.0,,80.0,80.0,0.0,385.0,272.3899841308594,272.3299865722656,100.0,58.0,17.200000762939453,21.100000381469727
2021-01-03T17:49,2021-01-03T18:00,24,train,1,2021,1,17,24,2021-01-02T18:00,,,,,,,,,24,2021-01-02T18:00,-999.0,0.0,0.0,100.0,69.0,6784.5205078125,1387.586669921875,30300.0,85600.0,10024.857421875,5.406938552856445,252.46182250976562,268.55523681640625,269.9190368652344,268.9578857421875,272.9710388183594,5541.1376953125,2968.1591796875,1433.75830078125,129.11962890625,268.63671875,59.29999923706055,218.8309326171875,615.3599853515625,31900.0,0.0,0.1899999976158142,,,,,,,,,,,,,,,,,,,,,,,,,,,,,,,,,,,,,,,,,,,,,,,,,,,,,,,,,,,,,,,,,,,,,,,,,,,,,,,,,,,,,,,,,,,,55.0,,,88888.0,5616.0,256.0,11.0,11.0,,12.0,,48.0,,48.0,48.0,0.0,270.0,264.8699951171875,261.8800048828125,77.0,0.0,8.800000190734863,8.899999618530273
2021-01-03T17:49,2021-01-03T18:00,48,train,1,2021,1,17,48,2021-01-01T18:00,,,,,,,,,48,2021-01-01T18:00,-999.0,0.0,2.0,0.0,100.0,nan,7794.6767578125,nan,36500.0,nan,0.8627690076828003,253.1016845703125,269.3704528808594,269.8606872558594,269.6917724609375,273.696044921875,5557.1337890625,2981.69091796875,1441.765869140625,134.17813110351562,269.31231689453125,83.5,134.5410919189453,719.760009765625,17900.0,0.0,29.940000534057617,,,,,,,,,,,,,,,,,,,,,,,,,,,,,,,,,,,,,,,,,,,,,,,,,,,,,,,,,,,,,,,,,,,,,,,,,,,,,,,,,,,,,,,,,,,,73.0,,,88888.0,5912.0,8960.0,14.0,14.0,,16.0,,45.0,,45.0,45.0,0.0,397.0,263.65997314453125,261.95001220703125,86.0,1.0,9.600000381469727,9.899999618530273
2021-01-09T15:59,2021-01-09T16:00,1,train,0,2021,1,15,1,2021-01-09T15:00,,,,,,,,,1,2021-01-09T15:00,-999.0,0.0,100.0,0.0,0.0,nan,1341.9697265625,nan,85400.0,nan,7.4831109046936035,249.98941040039062,266.04010009765625,268.25323486328125,267.9632568359375,271.8829650878906,5440.0458984375,2897.93798828125,1369.13916015625,70.20930480957031,267.15228271484375,95.9000015258789,294.8343200683594,386.55999755859375,12200.0,0.0,0.0,,,,,,,,,,,,,,,,,,,,,,,,,,,,,,,,,,,,,,,,,,,,,,,,,,,,,,,,,,,,,,,,,,,,,,,,,,,,,,,,,,,,,,,,,,,,59.0,,,0.0,0.0,209.0,83.0,91.0,,100.0,,57.0,,61.0,66.0,0.0,241.0,262.5899963378906,260.1199951171875,82.0,1.0,11.600000381469727,13.699999809265137
2021-01-09T15:59,2021-01-09T16:00,24,train,0,2021,1,15,22,2021-01-08T18:00,,,,,,,,,24,2021-01-08T16:00,-999.0,0.0,72.0,0.0,10.0,1568.3555908203125,1387.1435546875,nan,84900.0,nan,6.400218963623047,250.35171508789062,266.2313537597656,267.4991455078125,268.27362060546875,272.2779235839844,5443.4111328125,2895.945068359375,1371.785888671875,71.77948760986328,267.03521728515625,95.5999984741211,296.7987976074219,366.4800109863281,12400.0,0.0,0.0,,,,,,,,,,,,,,,,,,,,,,,,,,,,,,,,,,,,,,,,,,,,,,,,,,,,,,,,,,,,,,,,,,,,,,,,,,,,,,,,,,,,,,,,,,,,59.0,,,30.0,32.0,201.0,50.0,51.0,,56.0,,46.0,,47.0,48.0,0.0,253.0,262.739990234375,260.0,80.0,4.0,11.199999809265137,13.199999809265137
2021-01-15T10:54,2021-01-15T11:00,1,train,1,2021,1,10,1,2021-01-15T10:00,,,,,,,,,1,2021-01-15T10:00,-999.0,0.0,100.0,0.0,0.0,1461.500244140625,1342.0574951171875,nan,85800.0,nan,1.4505009651184082,248.70272827148438,264.7235107421875,266.6553955078125,271.1014099121094,275.11444091796875,5455.53662109375,2923.261474609375,1408.640380859375,104.79466247558594,265.716796875,85.19999694824219,180.1379852294922,164.8000030517578,12200.0,0.0,0.0,,,,,,,,,,,,,,,,,,,,,,,,,,,,,,,,,,,,,,,,,,,,,,,,,,,,,,,,,,,,,,,,,,,,,,,,,,,,,,,,,,,,,,,,,,,,42.0,,,88888.0,176.0,209.0,51.0,63.0,,65.0,,77.0,,77.0,77.0,1.0,92.0,263.260009765625,261.8299865722656,90.0,0.0,6.0,5.599999904632568
2021-01-09T15:59,2021-01-09T16:00,48,train,0,2021,1,15,46,2021-01-07T18:00,,,,,,,,,36,2021-01-08T04:00,-999.0,0.0,7.0,100.0,100.0,nan,6258.2314453125,nan,44600.0,nan,6.015750885009766,249.5736541748047,266.59765625,267.9483642578125,267.73193359375,271.75946044921875,5439.87841796875,2893.88330078125,1366.5255126953125,67.0257568359375,267.7774658203125,86.19999694824219,291.2738342285156,484.6400146484375,15700.0,0.0,0.0,,,,,,,,,,,,,,,,,,,,,,,,,,,,,,,,,,,,,,,,,,,,,,,,,,,,,,,,,,,,,,,,,,,,,,,,,,,,,,,,,,,,,,,,,,,,60.0,,,30.0,32.0,201.0,50.0,50.0,,57.0,,47.0,,48.0,50.0,0.0,255.0,263.239990234375,259.95001220703125,76.0,3.0,10.800000190734863,12.0
2021-01-15T10:54,2021-01-15T11:00,24,train,1,2021,1,10,23,2021-01-14T12:00,,,,,,,,,24,2021-01-14T11:00,-999.0,0.0,9.0,0.0,0.0,nan,1521.409912109375,nan,84000.0,nan,1.462950587272644,248.29171752929688,265.2356872558594,266.6177673339844,270.038330078125,274.0746154785156,5471.12109375,2942.38525390625,1422.80029296875,121.98551940917969,262.53936767578125,62.20000076293945,118.0113525390625,0.0,12200.0,0.0,0.20999999344348907,,,,,,,,,,,,,,,,,,,,,,,,,,,,,,,,,,,,,,,,,,,,,,,,,,,,,,,,,,,,,,,,,,,,,,,,,,,,,,,,,,,,,,,,,,,,28.0,,,88888.0,24.0,0.0,48.0,53.0,,53.0,,76.0,,76.0,77.0,0.0,79.0,263.04998779296875,260.3699951171875,82.0,0.0,6.800000190734863,6.5
2021-01-15T10:54,2021-01-15T11:00,48,train,1,2021,1,10,47,2021-01-13T12:00,,,,,,,,,36,2021-01-13T23:00,-999.0,0.0,33.0,100.0,99.0,1387.6207275390625,1342.1181640625,nan,85800.0,nan,3.8663947582244873,249.65139770507812,265.76025390625,267.67864990234375,271.53009033203125,275.434814453125,5466.91064453125,2926.46728515625,1408.285400390625,101.00247955322266,265.8016662597656,81.0999984741211,116.10173797607422,182.63999938964844,12200.0,0.0,0.05999999865889549,,,,,,,,,,,,,,,,,,,,,,,,,,,,,,,,,,,,,,,,,,,,,,,,,,,,,,,,,,,,,,,,,,,,,,,,,,,,,,,,,,,,,,,,,,,,38.0,,,88888.0,2568.0,201.0,44.0,45.0,,47.0,,54.0,,54.0,54.0,0.0,76.0,263.7099914550781,260.1299743652344,77.0,0.0,7.199999809265137,7.300000190734863
2021-01-20T22:59,2021-01-20T23:00,1,train,0,2021,1,22,1,2021-01-20T22:00,,,,,,,,,1,2021-01-20T22:00,-999.0,0.0,100.0,0.0,0.0,nan,1340.4498291015625,nan,85000.0,nan,11.189525604248047,237.44619750976562,250.0587615966797,257.42547607421875,262.066650390625,266.099609375,5179.60205078125,2788.059326171875,1345.97998046875,98.02049255371094,256.412841796875,80.9000015258789,242.37518310546875,0.0,13300.0,0.0,0.04899999871850014,,,,,,,,,,,,,,,,,,,,,,,,,,,,,,,,,,,,,,,,,,,,,,,,,,,,,,,,,,,,,,,,,,,,,,,,,,,,,,,,,,,,,,,,,,,,80.0,,,0.0,0.0,0.0,48.0,56.0,,72.0,,72.0,,72.0,72.0,2.0,497.0,256.5199890136719,255.0500030517578,90.0,3.0,14.399999618530273,16.5
2021-01-20T22:59,2021-01-20T23:00,24,train,0,2021,1,22,23,2021-01-20T00:00,,,,,,,,,24,2021-01-19T23:00,-999.0,0.0,100.0,0.0,0.0,1340.50537109375,1340.462158203125,83800.0,85000.0,1557.501708984375,10.508790969848633,238.347412109375,250.52908325195312,256.8941650390625,261.60101318359375,265.66937255859375,5187.56982421875,2789.34765625,1346.424560546875,99.28536987304688,256.4681396484375,85.0,261.6109924316406,0.0,100.0,0.0,2.819999933242798,,,,,,,,,,,,,,,,,,,,,,,,,,,,,,,,,,,,,,,,,,,,,,,,,,,,,,,,,,,,,,,,,,,,,,,,,,,,,,,,,,,,,,,,,,,,74.0,,,30.0,31.0,201.0,69.0,70.0,,76.0,,60.0,,60.0,63.0,2.0,431.0,255.989990234375,254.47000122070312,88.0,8.0,13.199999809265137,15.699999809265137
2021-01-26T18:52,2021-01-26T19:00,1,train,0,2021,1,18,1,2021-01-26T18:00,,,,,,,,,1,2021-01-26T18:00,-999.0,0.0,0.0,4.0,0.0,nan,7700.5673828125,nan,36300.0,nan,3.3192098140716553,249.87496948242188,262.83758544921875,265.5077209472656,268.42803955078125,272.52044677734375,5440.5703125,2909.41796875,1401.5289306640625,111.51604461669922,265.6543273925781,71.4000015258789,292.4045715332031,158.47999572753906,23900.0,0.0,0.0,,,,,,,,,,,,,,,,,,,,,,,,,,,,,,,,,,,,,,,,,,,,,,,,,,,,,,,,,,,,,,,,,,,,,,,,,,,,,,,,,,,,,,,,,,,,58.0,,,88888.0,1856.0,16209.0,0.0,0.0,,2.0,,6.0,,6.0,6.0,0.0,427.0,262.54998779296875,259.41998291015625,78.0,0.0,6.400000095367432,6.400000095367432
2021-01-20T22:59,2021-01-20T23:00,48,train,0,2021,1,22,47,2021-01-19T00:00,,,,,,,,,36,2021-01-19T11:00,-999.0,100.0,100.0,0.0,0.0,1340.4599609375,1340.2105712890625,82600.0,84900.0,1687.990234375,10.64258861541748,234.5491485595703,248.2603759765625,255.84564208984375,260.5697937011719,264.5775451660156,5138.5146484375,2767.82080078125,1334.977783203125,94.47648620605469,255.48851013183594,84.0999984741211,397.8606262207031,0.0,100.0,0.0,6.489999771118164,,,,,,,,,,,,,,,,,,,,,,,,,,,,,,,,,,,,,,,,,,,,,,,,,,,,,,,,,,,,,,,,,,,,,,,,,,,,,,,,,,,,,,,,,,,,86.0,,,30.0,32.0,201.0,53.0,55.0,,66.0,,53.0,,53.0,54.0,3.0,428.0,255.0,253.8100128173828,90.0,5.0,14.0,16.5
2021-01-26T18:52,2021-01-26T19:00,24,train,0,2021,1,18,25,2021-01-25T18:00,,,,,,,,,24,2021-01-25T19:00,-999.0,0.0,1.0,100.0,0.0,nan,1417.2337646484375,nan,84900.0,nan,2.54953670501709,249.94387817382812,261.568115234375,263.7099609375,267.6070556640625,271.77325439453125,5427.1767578125,2899.6552734375,1402.8936767578125,117.79875183105469,264.5890808105469,78.5,351.7407531738281,0.0,20200.0,0.0,0.0,,,,,,,,,,,,,,,,,,,,,,,,,,,,,,,,,,,,,,,,,,,,,,,,,,,,,,,,,,,,,,,,,,,,,,,,,,,,,,,,,,,,,,,,,,,,57.0,,,88886.0,2800.0,201.0,0.0,0.0,,6.0,,53.0,,53.0,53.0,0.0,382.0,262.47998046875,259.1000061035156,75.0,1.0,6.0,6.300000190734863
2021-01-26T18:52,2021-01-26T19:00,48,train,0,2021,1,18,43,2021-01-25T00:00,,,,,,,,,36,2021-01-25T07:00,-999.0,0.0,3.0,4.0,0.0,nan,1445.0740966796875,nan,84500.0,nan,2.4637563228607178,249.384765625,261.0666198730469,263.60260009765625,267.50286865234375,271.6483154296875,5406.3125,2885.428955078125,1392.9564208984375,108.47311401367188,265.0233154296875,75.0,386.0106506347656,57.91999816894531,22000.0,0.0,0.009999999776482582,,,,,,,,,,,,,,,,,,,,,,,,,,,,,,,,,,,,,,,,,,,,,,,,,,,,,,,,,,,,,,,,,,,,,,,,,,,,,,,,,,,,,,,,,,,,46.0,,,88886.0,968.0,201.0,8.0,18.0,,23.0,,47.0,,47.0,47.0,0.0,338.0,262.69000244140625,259.02996826171875,74.0,1.0,6.400000095367432,6.199999809265137
2021-02-02T05:59,2021-02-02T06:00,1,train,0,2021,2,5,1,2021-02-02T05:00,,,,,,,,,1,2021-02-02T05:00,5066.2001953125,100.0,100.0,100.0,100.0,1385.9813232421875,1341.315185546875,32400.0,85700.0,9192.951171875,4.790194988250732,249.67864990234375,264.59356689453125,266.5249328613281,267.77886962890625,271.7598571777344,5439.33984375,2901.763916015625,1386.7470703125,90.67765808105469,263.15069580078125,90.5,352.509033203125,0.0,200.0,0.0007999999797903001,2.2690000534057617,,,,,,,,,,,,,,,,,,,,,,,,,,,,,,,,,,,,,,,,,,,,,,,,,,,,,,,,,,,,,,,,,,,,,,,,,,,,,,,,,,,,,,,,,,,,95.0,,,0.0,0.0,256.0,95.0,100.0,,100.0,,93.0,,100.0,100.0,0.0,304.0,261.5099792480469,260.7699890136719,92.0,74.0,16.399999618530273,19.700000762939453
2021-02-02T05:59,2021-02-02T06:00,24,train,0,2021,2,5,24,2021-02-01T06:00,,,,,,,,,24,2021-02-01T06:00,4431.0,100.0,100.0,100.0,0.0,1341.337890625,1341.3736572265625,52300.0,85300.0,4572.53759765625,8.096858978271484,250.39794921875,264.0631103515625,267.0072021484375,267.7480773925781,271.74652099609375,5406.5849609375,2856.33056640625,1340.7252197265625,44.57957458496094,262.24627685546875,89.4000015258789,333.8952941894531,0.0,100.0,0.0010999999940395355,20.559999465942383,,,,,,,,,,,,,,,,,,,,,,,,,,,,,,,,,,,,,,,,,,,,,,,,,,,,,,,,,,,,,,,,,,,,,,,,,,,,,,,,,,,,,,,,,,,,95.0,,,32.0,32.0,256.0,65.0,73.0,,75.0,,78.0,,83.0,84.0,0.0,322.0,261.4599914550781,260.07000732421875,91.0,65.0,17.200000762939453,21.0
2021-02-18T02:50,2021-02-18T03:00,1,train,0,2021,2,2,1,2021-02-18T02:00,,,,,,,,,1,2021-02-18T02:00,-999.0,0.0,0.0,9.0,94.0,nan,345.4903564453125,nan,32000.0,nan,10.951716423034668,249.18222045898438,261.0549621582031,261.22503662109375,261.4290771484375,264.935791015625,5493.6884765625,2973.1455078125,1487.914306640625,221.15586853027344,257.71014404296875,46.400001525878906,144.606689453125,0.0,42500.0,0.0,0.0,,,,,,,,,,,,,,,,,,,,,,,,,,,,,,,,,,,,,,,,,,,,,,,,,,,,,,,,,,,,,,,,,,,,,,,,,,,,,,,,,,,,,,,,,,,,65.0,,,88888.0,4072.0,16274.0,0.0,0.0,,2.0,,7.0,,7.0,8.0,0.0,137.0,254.1699981689453,249.6300048828125,66.0,1.0,13.199999809265137,14.600000381469727
2021-02-02T05:59,2021-02-02T06:00,48,train,0,2021,2,5,48,2021-01-31T06:00,,,,,,,,,48,2021-01-31T06:00,4239.0,100.0,100.0,100.0,100.0,1341.342529296875,1341.3641357421875,36900.0,85400.0,10892.3173828125,7.101881980895996,253.3555145263672,265.616943359375,266.9542236328125,267.4708251953125,271.45391845703125,5445.5068359375,2877.804443359375,1353.5439453125,55.423927307128906,261.84881591796875,89.0999984741211,319.76177978515625,0.0,100.0,0.00139999995008111,14.569999694824219,,,,,,,,,,,,,,,,,,,,,,,,,,,,,,,,,,,,,,,,,,,,,,,,,,,,,,,,,,,,,,,,,,,,,,,,,,,,,,,,,,,,,,,,,,,,92.0,,,56.0,32.0,5504.0,72.0,74.0,,78.0,,77.0,,91.0,95.0,0.0,291.0,261.239990234375,259.55999755859375,87.0,44.0,16.399999618530273,19.799999237060547
2021-02-18T02:50,2021-02-18T03:00,24,train,0,2021,2,2,21,2021-02-17T06:00,,,,,,,,,24,2021-02-17T03:00,-999.0,0.0,0.0,100.0,100.0,5775.36962890625,1340.2647705078125,nan,86500.0,10081.4287109375,11.76640510559082,247.89695739746094,259.97491455078125,260.75286865234375,260.30450439453125,263.81707763671875,5471.16796875,2959.27880859375,1477.21435546875,215.88095092773438,257.38262939453125,52.400001525878906,182.81072998046875,0.0,36600.0,0.0,0.07000000029802322,,,,,,,,,,,,,,,,,,,,,,,,,,,,,,,,,,,,,,,,,,,,,,,,,,,,,,,,,,,,,,,,,,,,,,,,,,,,,,,,,,,,,,,,,,,,52.0,,,88886.0,3808.0,201.0,14.0,15.0,,18.0,,55.0,,55.0,55.0,0.0,140.0,253.6599884033203,248.989990234375,66.0,0.0,14.0,15.699999809265137
2021-02-18T02:50,2021-02-18T03:00,48,train,0,2021,2,2,45,2021-02-16T06:00,,,,,,,,,45,2021-02-16T06:00,-999.0,0.0,0.0,100.0,100.0,7109.45703125,4731.02734375,34600.0,55500.0,9717.1494140625,8.278727531433105,248.2947998046875,260.47039794921875,261.27056884765625,261.13568115234375,264.5437316894531,5481.3994140625,2967.5166015625,1484.0546875,220.74525451660156,259.49395751953125,28.899999618530273,132.38133239746094,0.0,65700.0,0.0,25.030000686645508,,,,,,,,,,,,,,,,,,,,,,,,,,,,,,,,,,,,,,,,,,,,,,,,,,,,,,,,,,,,,,,,,,,,,,,,,,,,,,,,,,,,,,,,,,,,55.0,,,88888.0,2144.0,8998.0,7.0,7.0,,15.0,,56.0,,56.0,56.0,0.0,126.0,252.97000122070312,249.14999389648438,72.0,0.0,13.199999809265137,14.399999618530273
2021-03-15T11:49,2021-03-15T12:00,1,train,0,2021,3,11,1,2021-03-15T11:00,,,,,,,,,1,2021-03-15T11:00,-999.0,0.0,100.0,0.0,0.0,1339.2210693359375,1339.0283203125,84900.0,85000.0,1652.2750244140625,15.728240013122559,238.20094299316406,247.54373168945312,247.91635131835938,251.7954559326172,255.78805541992188,5189.09375,2792.24365234375,1383.85498046875,173.03428649902344,247.21376037597656,77.9000015258789,290.7485656738281,0.0,2600.0,0.0,0.035999998450279236,,,,,,,,,,,,,,,,,,,,,,,,,,,,,,,,,,,,,,,,,,,,,,,,,,,,,,,,,,,,,,,,,,,,,,,,,,,,,,,,,,,,,,,,,,,,80.0,,,0.0,0.0,0.0,55.0,62.0,,64.0,,61.0,,61.0,61.0,0.0,467.0,245.1899871826172,243.2899932861328,84.0,3.0,20.0,22.700000762939453
2021-03-15T11:49,2021-03-15T12:00,24,train,0,2021,3,11,24,2021-03-14T12:00,,,,,,,,,24,2021-03-14T12:00,-999.0,0.0,100.0,0.0,0.0,1339.182373046875,1339.0623779296875,nan,85000.0,1633.65087890625,15.723093032836914,237.51666259765625,248.22616577148438,247.6622314453125,251.3968505859375,255.31112670898438,5173.8251953125,2777.5029296875,1367.5220947265625,157.13160705566406,246.69049072265625,77.30000305175781,286.3767395019531,0.0,4100.0,0.0,6.296000003814697,,,,,,,,,,,,,,,,,,,,,,,,,,,,,,,,,,,,,,,,,,,,,,,,,,,,,,,,,,,,,,,,,,,,,,,,,,,,,,,,,,,,,,,,,,,,79.0,,,0.0,0.0,256.0,93.0,94.0,,94.0,,54.0,,61.0,72.0,0.0,482.0,245.72000122070312,243.3300018310547,78.0,3.0,20.0,22.5
2021-03-15T11:49,2021-03-15T12:00,48,train,0,2021,3,11,48,2021-03-13T12:00,,,,,,,,,48,2021-03-13T12:00,-999.0,0.0,100.0,0.0,0.0,1339.0360107421875,1338.8035888671875,84100.0,85000.0,1824.00244140625,14.107213973999023,239.8042449951172,249.02847290039062,247.1288299560547,250.02145385742188,253.87742614746094,5204.66943359375,2793.09423828125,1381.831298828125,171.5738525390625,245.6112823486328,76.5,300.132080078125,0.0,700.0,0.0,11.880000114440918,,,,,,,,,,,,,,,,,,,,,,,,,,,,,,,,,,,,,,,,,,,,,,,,,,,,,,,,,,,,,,,,,,,,,,,,,,,,,,,,,,,,,,,,,,,,63.0,,,88888.0,32.0,8960.0,20.0,20.0,,21.0,,37.0,,37.0,37.0,1.0,674.0,248.10000610351562,243.8100128173828,69.0,0.0,18.0,20.200000762939453
2021-06-02T07:53,2021-06-02T08:00,1,train,0,2021,6,7,1,2021-06-02T07:00,2,2021-06-02T06:00,,,1,2021-06-02T07:00,,,1,2021-06-02T07:00,-999.0,0.0,0.0,0.0,0.0,nan,nan,nan,nan,nan,9.96896743774414,255.0277557373047,270.8709716796875,281.9164123535156,285.58758544921875,289.44244384765625,5706.48095703125,3117.314208984375,1544.6121826171875,182.5856170654297,280.3276672363281,66.5,240.01873779296875,2935.679931640625,25400.0,0.0,0.0,20000.103515625,2.9000000953674316,0.0,0.0,0.0,24134.78515625,0.0,0.0,254.84194946289062,271.5542297363281,282.2285461425781,284.5756530761719,286.53851318359375,5712.78271484375,3114.6123046875,1544.29052734375,838.3260498046875,186.9187469482422,281.5999755859375,72.30000305175781,58.29999923706055,28.555465698242188,2601.760009765625,,,,,,,,,,,,,,,,,,,,,,,nan,0.0,0.0,0.0,0.0,23600.0,255.1517333984375,269.5927734375,282.3187255859375,287.38616943359375,289.8512268066406,5708.85205078125,3123.048828125,1554.0322265625,846.6669921875,188.1010284423828,281.8995056152344,68.18980407714844,48.32222366333008,260.03094482421875,2640.0,0.0,0.0,,,,,,,,,,,,,,,,,,,,,,,,4.0,,,88888.0,88888.0,16274.0,5.0,5.0,,8.0,,7.0,,7.0,9.0,0.0,162.0,276.6399841308594,273.6099853515625,80.0,0.0,10.800000190734863,12.0
2021-06-02T07:53,2021-06-02T08:00,24,train,0,2021,6,7,26,2021-06-01T06:00,26,2021-06-01T06:00,,,23,2021-06-01T09:00,,,24,2021-06-01T08:00,-999.0,0.0,0.0,0.0,0.0,nan,nan,nan,nan,nan,6.497652530670166,254.94366455078125,269.7490234375,281.34698486328125,286.186279296875,290.2169189453125,5708.07177734375,3118.5712890625,1552.39111328125,190.187744140625,280.43170166015625,67.30000305175781,351.4391174316406,2745.1201171875,25100.0,0.0,0.8600000143051147,20000.068359375,0.0,0.0,0.0,0.0,24134.84375,0.0,0.0,255.29441833496094,271.1151428222656,280.854736328125,284.3192443847656,286.22332763671875,5711.705078125,3113.29541015625,1546.1654052734375,842.1812133789062,191.261962890625,281.16339111328125,81.30000305175781,64.30000305175781,20.52021026611328,2592.9599609375,,,,,,,,,,,,,,,,,,,,,,,nan,0.0,0.0,0.0,0.0,26000.0,255.2966766357422,269.6209716796875,281.56195068359375,287.075927734375,289.9873962402344,5714.5380859375,3123.9794921875,1557.6953125,851.4261474609375,192.93247985839844,282.56817626953125,66.14547729492188,49.944236755371094,294.4603271484375,2590.0,0.0,0.125,,,,,,,,,,,,,,,,,,,,,,,,7.0,,,88886.0,3536.0,256.0,32.0,32.0,,37.0,,42.0,,42.0,42.0,0.0,174.0,276.489990234375,273.84002685546875,83.0,1.0,10.399999618530273,11.600000381469727
2021-06-02T07:53,2021-06-02T08:00,48,train,0,2021,6,7,44,2021-05-31T12:00,50,2021-05-31T06:00,,,47,2021-05-31T09:00,,,36,2021-05-31T20:00,-999.0,0.0,0.0,0.0,0.0,nan,nan,nan,nan,nan,7.580296039581299,253.76248168945312,269.93157958984375,281.214599609375,286.04888916015625,289.931396484375,5702.654296875,3122.00537109375,1555.0306396484375,193.90597534179688,279.7678527832031,66.0999984741211,244.56106567382812,2885.760009765625,25900.0,0.0,2.140000104904175,20000.1015625,0.0,0.0,0.0,0.0,24135.060546875,0.0,0.0,255.70140075683594,272.23797607421875,280.2520751953125,283.8548278808594,285.98895263671875,5717.3466796875,3114.943359375,1541.822509765625,838.9381713867188,188.48696899414062,280.84149169921875,86.0,69.5,17.797365188598633,2958.56005859375,,,,,,,,,,,,,,,,,,,,,,,nan,0.0,0.0,0.0,0.0,21100.0,254.59791564941406,268.4904479980469,281.5921325683594,286.63653564453125,289.6634521484375,5708.814453125,3120.94189453125,1556.59619140625,850.5611572265625,192.9303741455078,282.69140625,72.07266998291016,59.153167724609375,263.1548156738281,2510.0,0.0,6.8125,,,,,,,,,,,,,,,,,,,,,,,,14.0,,,88886.0,760.0,256.0,28.0,28.0,,29.0,,45.0,,45.0,45.0,0.0,168.0,276.44000244140625,274.0199890136719,84.0,1.0,10.399999618530273,12.0
2021-07-24T08:59,2021-07-24T09:00,1,train,0,2021,7,8,1,2021-07-24T08:00,3,2021-07-24T06:00,,,1,2021-07-24T08:00,,,1,2021-07-24T08:00,-999.0,0.0,0.0,0.0,0.0,nan,nan,nan,nan,nan,3.8735365867614746,256.9990234375,273.0360107421875,282.57379150390625,286.2041015625,290.0537109375,5733.00048828125,3118.718017578125,1537.232421875,169.7526397705078,280.4732360839844,62.599998474121094,133.8925018310547,3094.78125,29000.0,0.0,0.0,19999.84765625,3.799999952316284,0.0,2.9000000953674316,0.0,24134.9140625,0.0,0.0,257.7420959472656,271.8076477050781,283.8773193359375,286.55462646484375,289.1580810546875,5721.98291015625,3113.949462890625,1534.5135498046875,822.7188720703125,165.7012939453125,283.8546142578125,67.69999694824219,54.20000076293945,15.407172203063965,2836.639892578125,,,,,,,,,,,,,,,,,,,,,,,nan,65.0,0.0,0.0,65.0,16100.0,256.4959716796875,272.34344482421875,283.2376708984375,287.5402526855469,289.8698425292969,5725.724609375,3118.46923828125,1538.92041015625,829.8247680664062,168.07357788085938,282.48126220703125,75.87560272216797,63.16880416870117,111.98530578613281,2983.607666015625,0.0,0.0,,,,,,,,,,,,,,,,,,,,,,,,19.0,,,88888.0,4624.0,16209.0,10.0,10.0,,16.0,,10.0,,10.0,10.0,3.0,111.0,277.94000244140625,276.19000244140625,90.0,0.0,6.0,6.0
2021-07-24T08:59,2021-07-24T09:00,24,train,0,2021,7,8,21,2021-07-23T12:00,21,2021-07-23T12:00,,,24,2021-07-23T09:00,,,24,2021-07-23T09:00,-999.0,0.0,0.0,0.0,0.0,nan,nan,nan,nan,nan,1.980765700340271,257.2391357421875,271.3863830566406,282.7825927734375,288.2243957519531,292.40185546875,5721.9365234375,3118.137451171875,1542.647705078125,171.96157836914062,281.64105224609375,61.70000076293945,783.7537231445312,2837.4326171875,28700.0,0.0,0.0,19999.845703125,0.0,1.0,4.300000190734863,0.0,24135.068359375,0.0,0.0,256.80194091796875,271.8540954589844,282.7694396972656,285.3777160644531,287.933349609375,5724.564453125,3116.318359375,1539.294677734375,830.822998046875,175.8504638671875,282.8242492675781,80.0999984741211,65.9000015258789,17.62010383605957,2875.360107421875,,,,,,,,,,,,,,,,,,,,,,,nan,0.0,0.0,0.0,0.0,26700.0,257.5220947265625,271.4562072753906,282.2729797363281,288.03021240234375,291.69970703125,5723.29345703125,3118.684814453125,1544.1007080078125,835.6604614257812,173.27828979492188,284.5226745605469,63.89109802246094,59.23710632324219,549.0840454101562,2836.95556640625,0.0,2.875,,,,,,,,,,,,,,,,,,,,,,,,13.0,,,88888.0,5512.0,256.0,26.0,26.0,,29.0,,72.0,,78.0,78.0,5.0,211.0,278.41998291015625,277.3299865722656,94.0,1.0,6.800000190734863,6.800000190734863
2021-07-24T08:59,2021-07-24T09:00,48,train,0,2021,7,8,45,2021-07-22T12:00,45,2021-07-22T12:00,,,48,2021-07-22T09:00,,,45,2021-07-22T12:00,-999.0,0.0,0.0,0.0,0.0,nan,nan,nan,nan,nan,3.3194682598114014,257.5120544433594,270.1551513671875,282.0902099609375,287.5394592285156,291.723388671875,5721.294921875,3118.43359375,1547.68310546875,180.7883758544922,281.40997314453125,74.30000305175781,970.26416015625,2668.71240234375,20600.0,0.0,0.0,19999.822265625,0.0,0.0,0.0,0.0,24135.0078125,0.0,0.0,258.5555725097656,272.63775634765625,281.8794250488281,284.88909912109375,287.2042541503906,5735.24609375,3116.876220703125,1540.008544921875,833.04052734375,179.55015563964844,282.032470703125,90.80000305175781,71.80000305175781,14.730345726013184,3006.56005859375,,,,,,,,,,,,,,,,,,,,,,,nan,0.0,0.0,0.0,0.0,24300.0,257.5174255371094,270.352783203125,281.4938049316406,287.0831298828125,290.8065185546875,5716.67041015625,3117.537109375,1547.6231689453125,841.3424072265625,181.38067626953125,283.6886901855469,66.89109802246094,62.943756103515625,520.7246704101562,2685.992431640625,0.0,9.375,,,,,,,,,,,,,,,,,,,,,,,,24.0,,,88888.0,2128.0,3072.0,18.0,18.0,,18.0,,50.0,,50.0,50.0,13.0,123.0,277.989990234375,277.41998291015625,96.0,0.0,7.599999904632568,7.599999904632568
2021-08-22T09:49,2021-08-22T10:00,1,train,1,2021,8,9,1,2021-08-22T09:00,4,2021-08-22T06:00,,,1,2021-08-22T09:00,,,1,2021-08-22T09:00,-999.0,0.0,100.0,0.0,17.0,1345.2855224609375,1345.32373046875,84400.0,86900.0,1745.1446533203125,2.2077462673187256,267.9624938964844,282.204833984375,287.9612121582031,291.18658447265625,295.2957763671875,5866.771484375,3155.515625,1524.804931640625,122.84855651855469,287.95330810546875,99.19999694824219,188.51611328125,4819.53759765625,0.0,0.0,0.0,795.9119262695312,97.69999694824219,0.0,72.5999984741211,100.0,972.0242309570312,1.4399999599845614e-05,0.0,267.6748962402344,282.56610107421875,286.996826171875,289.5377502441406,293.79998779296875,5866.50634765625,3150.9521484375,1521.087890625,802.2869262695312,137.451904296875,289.60260009765625,98.5,98.0999984741211,186.52459716796875,4830.240234375,,,,,,,,,,,,,,,,,,,,,,,897.8072509765625,56.0,0.0,94.0,56.0,6400.0,267.8094177246094,282.5514221191406,287.646728515625,290.2851867675781,294.38232421875,5865.91455078125,3152.91845703125,1522.141357421875,802.574951171875,124.83651733398438,289.7962341308594,96.0,95.87738037109375,343.8070373535156,4840.02685546875,0.0,0.0,,,,,,,,,,,,,,,,,,,,,,,,92.0,,,0.0,0.0,849.0,63.0,69.0,,75.0,,24.0,,30.0,34.0,3.0,169.0,285.1199951171875,285.02996826171875,100.0,8.0,6.800000190734863,7.199999809265137
2021-08-22T09:49,2021-08-22T10:00,24,train,1,2021,8,9,22,2021-08-21T12:00,22,2021-08-21T12:00,,,25,2021-08-21T09:00,,,24,2021-08-21T10:00,-999.0,100.0,100.0,0.0,100.0,1345.307861328125,1345.147216796875,82900.0,86900.0,13048.486328125,2.533384084701538,267.6404724121094,282.18560791015625,287.365966796875,290.42657470703125,294.609130859375,5862.83935546875,3153.336669921875,1522.6236572265625,122.94873046875,287.47406005859375,100.0,321.53271484375,4779.8330078125,0.0,0.00019999999494757503,6.639999866485596,785.5382080078125,100.0,0.0,8.5,94.30000305175781,62.555999755859375,0.0,0.0,267.79827880859375,282.49188232421875,287.9819641113281,289.3977966308594,293.61212158203125,5872.73681640625,3157.32177734375,1525.849609375,806.0723266601562,141.40774536132812,289.50250244140625,99.5,99.5,206.64169311523438,4834.080078125,,,,,,,,,,,,,,,,,,,,,,,863.2594604492188,65.0,0.0,100.0,65.0,6000.0,266.77081298828125,281.78802490234375,288.45574951171875,289.97943115234375,293.7671813964844,5868.94091796875,3160.93310546875,1529.2919921875,808.8953857421875,132.81121826171875,289.72833251953125,97.0,96.24040985107422,344.27154541015625,4760.25,0.0,0.125,,,,,,,,,,,,,,,,,,,,,,,,90.0,,,0.0,0.0,256.0,77.0,77.0,,78.0,,75.0,,88.0,97.0,0.0,142.0,284.52001953125,284.2699890136719,98.0,11.0,6.800000190734863,7.199999809265137
2021-09-12T07:51,2021-09-12T08:00,1,train,0,2021,9,7,1,2021-09-12T07:00,2,2021-09-12T06:00,,,1,2021-09-12T07:00,,,1,2021-09-12T07:00,-999.0,0.0,0.0,0.0,3.0,nan,nan,nan,nan,nan,9.384994506835938,262.4863586425781,276.455078125,285.3050537109375,288.42578125,292.3216552734375,5760.3291015625,3109.72216796875,1510.6068115234375,128.8903045654297,283.1276550292969,67.9000015258789,307.7948913574219,3823.863037109375,24400.0,0.0,0.0,20000.0703125,0.0,5.0,44.5,0.0,24135.171875,0.0,0.0,263.19708251953125,277.758056640625,284.4096374511719,285.4539794921875,289.2110290527344,5757.494140625,3103.611328125,1500.000244140625,788.6544799804688,131.1867218017578,284.3580627441406,84.4000015258789,78.5999984741211,141.7708282470703,3682.39990234375,,,,,,,,,,,,,,,,,,,,,,,nan,0.0,0.0,4.0,0.0,21200.0,262.1371765136719,277.0430908203125,284.429931640625,288.159423828125,291.0689697265625,5756.400390625,3106.782470703125,1508.9052734375,797.3848266601562,129.92196655273438,284.01104736328125,71.90231323242188,62.97251510620117,304.37640380859375,3695.1376953125,0.0,0.0,,,,,,,,,,,,,,,,,,,,,,,,46.0,,,88886.0,3080.0,16274.0,5.0,5.0,,13.0,,10.0,,10.0,10.0,0.0,274.0,279.90997314453125,277.52996826171875,87.0,0.0,14.0,16.5
2021-08-22T09:49,2021-08-22T10:00,48,train,1,2021,8,9,46,2021-08-20T12:00,46,2021-08-20T12:00,,,49,2021-08-20T09:00,,,36,2021-08-20T22:00,-999.0,0.0,100.0,0.0,100.0,1345.4892578125,1345.4189453125,83000.0,87000.0,12808.06640625,2.877513885498047,266.5823974609375,281.3323669433594,288.7054443359375,291.3977355957031,295.4910583496094,5870.22314453125,3163.693603515625,1533.9443359375,131.37234497070312,288.6733703613281,99.19999694824219,295.62872314453125,4742.4072265625,0.0,0.0,0.49000000953674316,785.742431640625,98.5999984741211,0.0,5.300000190734863,98.69999694824219,388.57196044921875,0.0,0.0,266.6004943847656,282.1545104980469,289.70654296875,289.216552734375,293.5342712402344,5867.40576171875,3160.542236328125,1523.39013671875,801.4130859375,137.05319213867188,289.3090515136719,99.0999984741211,98.80000305175781,140.07009887695312,4695.2001953125,,,,,,,,,,,,,,,,,,,,,,,863.6619262695312,87.0,0.0,100.0,59.0,6200.0,266.1719055175781,281.35662841796875,288.78662109375,290.92401123046875,294.7942810058594,5863.96142578125,3159.4775390625,1531.7073974609375,808.9261474609375,131.69265747070312,290.7154541015625,96.0,96.82880401611328,331.88616943359375,4652.107421875,7.999999797903001e-05,1.625,,,,,,,,,,,,,,,,,,,,,,,,94.0,,,0.0,0.0,256.0,81.0,84.0,,85.0,,80.0,,93.0,98.0,2.0,176.0,284.6399841308594,284.44000244140625,98.0,10.0,7.199999809265137,7.599999904632568
2021-09-12T07:51,2021-09-12T08:00,24,train,0,2021,9,7,26,2021-09-11T06:00,26,2021-09-11T06:00,,,23,2021-09-11T09:00,,,24,2021-09-11T08:00,-999.0,0.0,0.0,0.0,100.0,9397.8056640625,1248.430419921875,nan,30100.0,11645.2880859375,9.447084426879883,262.76287841796875,275.7806701660156,284.6475830078125,287.5924377441406,291.6700439453125,5758.28564453125,3110.9482421875,1514.35791015625,136.05938720703125,282.73956298828125,73.9000015258789,263.3672790527344,3739.560302734375,20900.0,0.0,0.0,20000.041015625,0.10000000149011612,15.800000190734863,100.0,0.0,24135.02734375,0.0,0.0,263.3528137207031,277.9317321777344,284.7781982421875,285.7603759765625,289.7268371582031,5765.89794921875,3109.2099609375,1505.1595458984375,793.0604248046875,134.9449005126953,284.89410400390625,80.0999984741211,75.80000305175781,168.466064453125,3699.199951171875,,,,,,,,,,,,,,,,,,,,,,,10004.6220703125,0.0,0.0,100.0,0.0,17900.0,262.2396240234375,276.3568420410156,284.34490966796875,287.86724853515625,291.2065124511719,5756.00439453125,3112.275390625,1516.630126953125,805.0995483398438,137.87261962890625,285.41754150390625,80.52061462402344,73.47850799560547,331.8245849609375,3633.434814453125,0.0,0.0,,,,,,,,,,,,,,,,,,,,,,,,44.0,,,88886.0,1320.0,256.0,45.0,47.0,,48.0,,36.0,,36.0,36.0,0.0,252.0,280.1200256347656,277.7300109863281,85.0,2.0,14.399999618530273,17.299999237060547
2021-09-12T07:51,2021-09-12T08:00,48,train,0,2021,9,7,44,2021-09-10T12:00,50,2021-09-10T06:00,,,47,2021-09-10T09:00,,,36,2021-09-10T20:00,-999.0,0.0,0.0,0.0,0.0,nan,nan,nan,nan,nan,9.482640266418457,261.5186767578125,275.98944091796875,285.2099304199219,288.0728759765625,292.1761474609375,5759.525390625,3118.181640625,1519.40966796875,139.08773803710938,283.1789245605469,70.30000305175781,270.53265380859375,3686.105224609375,23000.0,0.0,1.7400000095367432,20000.04296875,0.0,4.099999904632568,5.0,0.0,24135.009765625,0.0,0.0,263.1291809082031,277.94189453125,284.9791259765625,285.0533752441406,288.951171875,5773.79833984375,3113.296142578125,1506.3897705078125,793.8521118164062,136.7273406982422,284.11712646484375,86.0999984741211,81.0999984741211,63.81270217895508,3752.639892578125,,,,,,,,,,,,,,,,,,,,,,,nan,0.0,0.0,0.0,0.0,18900.0,261.3248291015625,275.7308654785156,284.832275390625,287.80419921875,291.0881652832031,5757.765625,3120.34375,1524.5233154296875,812.1927490234375,146.25137329101562,285.1217041015625,77.67333984375,71.52202606201172,332.1189270019531,3547.93505859375,0.0,6.1875,,,,,,,,,,,,,,,,,,,,,,,,39.0,,,88886.0,2664.0,256.0,13.0,13.0,,23.0,,40.0,,40.0,40.0,0.0,264.0,280.2300109863281,277.95001220703125,84.0,1.0,13.199999809265137,15.699999809265137
2021-09-29T12:59,2021-09-29T13:00,1,train,0,2021,9,12,1,2021-09-29T12:00,1,2021-09-29T12:00,1,2021-09-29T12:00,1,2021-09-29T12:00,,,1,2021-09-29T12:00,-999.0,0.0,0.0,0.0,0.0,nan,nan,nan,nan,nan,5.479434967041016,253.81402587890625,268.7033386230469,274.77911376953125,278.45428466796875,282.58001708984375,5568.126953125,2990.342529296875,1447.913330078125,113.1377182006836,275.8742370605469,73.19999694824219,362.7030029296875,1709.61474609375,22500.0,0.0,0.0,20000.087890625,4.099999904632568,5.0,1.2999999523162842,5.699999809265137,24134.896484375,0.0,0.0,253.13011169433594,268.88348388671875,273.9934997558594,280.585693359375,284.853759765625,5570.609375,2991.4970703125,1453.5242919921875,765.9690551757812,119.13993835449219,281.0323486328125,59.29999923706055,58.5,754.83349609375,1549.43994140625,19999.818359375,40.0,0.0,1.0,24100.0,253.3000030517578,269.29998779296875,273.20001220703125,277.8999938964844,282.0,5569.31005859375,2993.28955078125,1452.8143310546875,768.8182373046875,124.23067474365234,275.6800231933594,96.30000305175781,100.0,377.9200134277344,1459.52001953125,0.0,0.0625,nan,62.0,0.0,0.0,62.0,16400.0,253.02020263671875,268.6705627441406,274.55853271484375,278.405029296875,281.68096923828125,5568.0283203125,2992.69482421875,1453.6773681640625,766.84521484375,119.75856018066406,278.2793884277344,84.96749114990234,76.89686584472656,246.36798095703125,1641.580322265625,0.0,0.0,,,,,,,,,,,,,,,,,,,,,,,,13.0,,,88888.0,5336.0,209.0,64.0,72.0,,79.0,,53.0,,53.0,53.0,2.0,503.0,271.66998291015625,269.8600158691406,87.0,0.0,8.0,9.600000381469727
2021-09-29T12:59,2021-09-29T13:00,24,train,0,2021,9,12,25,2021-09-28T12:00,25,2021-09-28T12:00,25,2021-09-28T12:00,22,2021-09-28T15:00,,,24,2021-09-28T13:00,-999.0,0.0,11.0,3.0,0.0,nan,1389.4285888671875,nan,85700.0,nan,5.228903770446777,253.98419189453125,267.43536376953125,274.171142578125,279.3123474121094,283.67010498046875,5556.1767578125,2988.843994140625,1449.0364990234375,114.86675262451172,275.8628234863281,86.9000015258789,433.6417541503906,1572.2640380859375,15200.0,0.0,0.07999999821186066,19992.875,4.0,36.70000076293945,0.0,5.5,24135.146484375,0.0,0.0,254.19268798828125,269.4289245605469,273.62890625,280.2491455078125,284.5050048828125,5573.0078125,2989.878662109375,1450.6151123046875,764.1475830078125,118.24681091308594,280.7437744140625,55.599998474121094,55.099998474121094,794.2069091796875,1506.239990234375,20000.19921875,24.0,6.0,0.0,24100.0,254.60000610351562,268.70001220703125,272.6000061035156,277.70001220703125,281.8999938964844,5561.828125,2984.837890625,1442.024658203125,758.6099853515625,116.10406494140625,276.19000244140625,85.0999984741211,91.0,468.239990234375,1375.0400390625,0.0,0.25,1424.6129150390625,100.0,0.0,0.0,70.0,16800.0,254.0928497314453,267.7147521972656,272.5472106933594,278.2846984863281,282.584716796875,5562.0224609375,2992.004638671875,1454.22412109375,770.879638671875,124.54302978515625,278.5013732910156,82.7516098022461,79.64175415039062,793.9032592773438,1379.261474609375,0.0,0.0,,,,,,,,,,,,,,,,,,,,,,,,19.0,,,88888.0,760.0,201.0,19.0,19.0,,28.0,,54.0,,58.0,61.0,3.0,547.0,271.33001708984375,270.260009765625,91.0,4.0,8.0,9.600000381469727
2021-10-12T04:56,2021-10-12T05:00,1,train,0,2021,10,4,1,2021-10-12T04:00,5,2021-10-12T00:00,5,2021-10-12T00:00,1,2021-10-12T04:00,,,1,2021-10-12T04:00,-999.0,0.0,0.0,0.0,0.0,nan,nan,nan,nan,nan,2.59360671043396,262.19921875,278.5068359375,284.2380065917969,287.7981872558594,291.6619873046875,5815.2763671875,3143.808349609375,1540.37841796875,159.20355224609375,281.9869384765625,58.20000076293945,112.27505493164062,4239.68017578125,29000.0,0.0,0.0,19999.931640625,0.0,0.0,100.0,0.0,24135.2421875,0.0,0.0,261.3299865722656,277.90582275390625,285.5058288574219,286.2689514160156,289.475830078125,5815.556640625,3145.196044921875,1536.1265869140625,823.8878173828125,165.88427734375,284.2680358886719,93.80000305175781,83.0999984741211,10.738038063049316,4195.35986328125,19999.978515625,1.0,4.0,0.0,24100.0,262.20001220703125,278.79998779296875,285.29998779296875,288.6000061035156,292.8999938964844,5816.30810546875,3145.576904296875,1533.9324951171875,821.3189086914062,162.6299591064453,284.2900085449219,83.5999984741211,79.0,36.15999984741211,4157.27978515625,0.0,0.0,nan,0.0,0.0,49.0,0.0,20000.0,261.647216796875,278.2460632324219,284.92340087890625,288.1219787597656,291.1929016113281,5809.802734375,3139.49658203125,1534.3408203125,821.9478759765625,153.5369873046875,283.80499267578125,69.2192153930664,73.6496810913086,118.15863037109375,4210.0,0.0,0.0,,,,,,,,,,,,,,,,,,,,,,,,37.0,,,88888.0,1568.0,16274.0,1.0,2.0,,2.0,,13.0,,13.0,14.0,0.0,95.0,279.2699890136719,276.90997314453125,85.0,1.0,4.0,4.400000095367432
2021-09-29T12:59,2021-09-29T13:00,48,train,0,2021,9,12,43,2021-09-27T18:00,49,2021-09-27T12:00,49,2021-09-27T12:00,46,2021-09-27T15:00,,,36,2021-09-28T01:00,-999.0,0.0,6.0,0.0,0.0,nan,1342.9576416015625,nan,86200.0,nan,7.048027992248535,254.6634521484375,267.7654113769531,274.073486328125,279.01275634765625,283.3224792480469,5571.97216796875,2991.0361328125,1452.2857666015625,118.02986145019531,275.3575744628906,90.9000015258789,361.9938049316406,1984.9027099609375,13800.0,0.0,2.7200000286102295,20000.048828125,5.0,4.199999809265137,0.0,0.0,24134.953125,0.0,0.0,254.19808959960938,269.3013000488281,273.96160888671875,280.5675048828125,284.8575134277344,5577.74072265625,2993.681884765625,1452.1617431640625,764.8347778320312,118.17054748535156,281.1252136230469,54.099998474121094,53.5,787.773681640625,1550.0799560546875,19999.904296875,42.0,1.0,0.0,0.0,254.8000030517578,269.29998779296875,273.8999938964844,275.1000061035156,279.20001220703125,5569.27197265625,2979.51953125,1434.862548828125,756.747802734375,115.98810577392578,273.04998779296875,98.9000015258789,100.0,213.52000427246094,1165.5999755859375,9.999999747378752e-05,0.0625,1314.2298583984375,83.0,0.0,0.0,83.0,16900.0,254.31478881835938,268.9566955566406,272.1724548339844,278.0699768066406,282.7152099609375,5574.3115234375,2991.586181640625,1452.91845703125,770.5701293945312,123.09858703613281,278.6416320800781,82.52142333984375,81.33514404296875,813.3042602539062,1295.908203125,0.0,2.1875,,,,,,,,,,,,,,,,,,,,,,,,26.0,,,88888.0,104.0,201.0,35.0,35.0,,38.0,,56.0,,60.0,62.0,5.0,498.0,271.92999267578125,269.97998046875,87.0,2.0,8.399999618530273,10.0
2021-10-12T04:56,2021-10-12T05:00,24,train,0,2021,10,4,23,2021-10-11T06:00,23,2021-10-11T06:00,23,2021-10-11T06:00,26,2021-10-11T03:00,,,24,2021-10-11T05:00,-999.0,0.0,0.0,0.0,100.0,11121.337890625,2753.26123046875,nan,24300.0,12776.623046875,3.537635564804077,262.0964660644531,277.9305725097656,283.8290710449219,287.7019958496094,291.661865234375,5806.53955078125,3139.5048828125,1537.2928466796875,157.35302734375,282.40789794921875,70.5999984741211,209.3925323486328,4070.719970703125,22500.0,0.0,0.009999999776482582,19999.953125,0.0,0.0,25.299999237060547,0.0,24135.025390625,0.0,0.0,262.17999267578125,277.9061279296875,285.1461181640625,285.86614990234375,289.0556640625,5814.69384765625,3144.304443359375,1535.67138671875,824.3159790039062,167.0228729248047,283.7695617675781,93.0999984741211,81.69999694824219,10.748383522033691,4121.919921875,20000.1015625,3.0,1.0,8.0,24100.0,262.1000061035156,278.29998779296875,285.5,288.6000061035156,293.0,5814.6904296875,3139.559326171875,1533.2603759765625,820.8663330078125,161.8859100341797,284.8599853515625,74.0,71.0,72.80000305175781,4214.080078125,0.0,0.0,10221.4619140625,0.0,0.0,100.0,0.0,17500.0,261.48040771484375,277.6770324707031,285.1341247558594,287.0096130371094,290.0869445800781,5810.8779296875,3145.175537109375,1540.7889404296875,829.718017578125,163.63223266601562,283.3778381347656,76.5107650756836,73.06585693359375,40.81287384033203,4060.0,0.0,0.0,,,,,,,,,,,,,,,,,,,,,,,,41.0,,,88888.0,3776.0,256.0,28.0,29.0,,40.0,,60.0,,60.0,63.0,0.0,85.0,279.1299743652344,276.8899841308594,87.0,3.0,4.400000095367432,4.900000095367432
2021-10-12T04:56,2021-10-12T05:00,48,train,0,2021,10,4,47,2021-10-10T06:00,47,2021-10-10T06:00,47,2021-10-10T06:00,50,2021-10-10T03:00,,,36,2021-10-10T17:00,-999.0,0.0,0.0,0.0,65.0,nan,3048.347412109375,nan,23200.0,nan,1.0025252103805542,261.94073486328125,278.01202392578125,283.7537536621094,286.97357177734375,290.8544921875,5805.2763671875,3137.92919921875,1535.3809814453125,157.82943725585938,281.1812744140625,66.69999694824219,171.11083984375,4044.639892578125,21200.0,0.0,0.0,20000.181640625,0.0,0.0,1.100000023841858,0.0,24134.724609375,0.0,0.0,262.7947692871094,277.041259765625,284.1912841796875,285.837158203125,289.0071716308594,5808.3623046875,3137.013916015625,1534.439453125,824.4205322265625,167.21412658691406,283.6200866699219,92.19999694824219,79.9000015258789,10.424522399902344,4076.159912109375,20000.009765625,18.0,0.0,10.0,24100.0,263.5,277.8999938964844,286.6000061035156,291.29998779296875,295.70001220703125,5813.31787109375,3142.506103515625,1532.6600341796875,815.1981811523438,160.2484130859375,287.2099914550781,47.599998474121094,46.0,36.47999954223633,4110.240234375,0.0,0.0,nan,0.0,0.0,0.0,0.0,18800.0,262.1324462890625,277.9365539550781,284.66351318359375,287.2371826171875,290.72705078125,5808.3603515625,3142.9326171875,1541.7138671875,831.2147216796875,164.28240966796875,283.54803466796875,71.38211059570312,73.24126434326172,74.9143295288086,4080.0,0.0,0.0,,,,,,,,,,,,,,,,,,,,,,,,21.0,,,88886.0,2240.0,256.0,25.0,25.0,,25.0,,61.0,,61.0,62.0,0.0,97.0,278.75,276.739990234375,88.0,2.0,4.800000190734863,4.900000095367432
2021-10-24T05:53,2021-10-24T06:00,1,train,0,2021,10,5,1,2021-10-24T05:00,6,2021-10-24T00:00,6,2021-10-24T00:00,1,2021-10-24T05:00,,,1,2021-10-24T05:00,-999.0,0.0,1.0,42.0,0.0,nan,1342.2335205078125,nan,85800.0,nan,10.947141647338867,248.18650817871094,264.09356689453125,270.729248046875,273.99053955078125,278.0235290527344,5463.419921875,2938.400390625,1414.8516845703125,103.254150390625,270.642578125,82.0999984741211,302.48919677734375,920.1599731445312,17500.0,0.0,0.0,4984.74365234375,12.699999809265137,100.0,0.0,9.199999809265137,24133.296875,8.000000093488779e-07,0.0,247.80477905273438,264.205322265625,268.3739929199219,272.47418212890625,276.46527099609375,5471.37353515625,2945.784912109375,1427.060546875,755.9185180664062,128.4244384765625,272.05029296875,88.4000015258789,86.5,184.71392822265625,608.47998046875,19999.80859375,25.0,8.0,0.0,0.0,248.39999389648438,265.1000061035156,269.3999938964844,272.5,276.6000061035156,5486.2021484375,2955.7666015625,1425.123291015625,754.7203979492188,124.08590698242188,270.2699890136719,98.5999984741211,100.0,370.239990234375,737.760009765625,0.0012000000569969416,3.125,1025.44580078125,85.0,8.0,0.0,85.0,15200.0,248.2326202392578,263.3316955566406,269.262939453125,273.125,277.0834045410156,5464.68798828125,2940.087890625,1422.443115234375,750.5947265625,116.22445678710938,272.8072814941406,87.5486831665039,82.87667083740234,444.46380615234375,720.0,0.0,0.0,,,,,,,,,,,,,,,,,,,,,,,,66.0,,,0.0,0.0,256.0,73.0,82.0,,85.0,,71.0,,71.0,71.0,1.0,323.0,267.72998046875,265.44000244140625,85.0,4.0,13.199999809265137,15.199999809265137
2021-10-24T05:53,2021-10-24T06:00,24,train,0,2021,10,5,24,2021-10-23T06:00,24,2021-10-23T06:00,24,2021-10-23T06:00,21,2021-10-23T09:00,,,24,2021-10-23T06:00,-999.0,0.0,0.0,100.0,0.0,nan,3898.314208984375,nan,62000.0,nan,7.755295753479004,247.68190002441406,264.227294921875,270.56634521484375,273.45819091796875,277.54296875,5477.70458984375,2950.33251953125,1428.1402587890625,117.06163024902344,270.9213562011719,67.0,307.3534240722656,966.9600219726562,26300.0,0.0,0.0,15719.9296875,6.800000190734863,86.4000015258789,0.0,6.300000190734863,24135.220703125,0.0,0.0,248.55999755859375,264.4916687011719,269.5516662597656,272.4916687011719,276.4369812011719,5480.3427734375,2950.7421875,1430.2203369140625,756.8683471679688,129.43093872070312,272.0126037597656,88.80000305175781,86.19999694824219,93.16180419921875,596.9600219726562,19999.80078125,38.0,33.0,0.0,24100.0,248.39999389648438,263.70001220703125,271.5,272.1000061035156,276.20001220703125,5479.63720703125,2948.6171875,1418.700927734375,748.5067749023438,117.95756530761719,269.7200012207031,90.30000305175781,92.0,210.55999755859375,653.280029296875,0.0,0.625,927.18115234375,100.0,55.0,0.0,100.0,12500.0,247.4505615234375,263.7215881347656,268.194091796875,272.2294616699219,276.5290222167969,5464.552734375,2941.500732421875,1426.491455078125,757.2279663085938,123.6756591796875,272.1835021972656,95.15779113769531,91.66841125488281,548.5431518554688,620.0,0.0,0.0,,,,,,,,,,,,,,,,,,,,,,,,68.0,,,30.0,32.0,201.0,15.0,15.0,,22.0,,47.0,,47.0,47.0,0.0,255.0,267.46002197265625,264.8500061035156,83.0,4.0,11.600000381469727,13.199999809265137
2021-10-24T05:53,2021-10-24T06:00,48,train,0,2021,10,5,48,2021-10-22T06:00,48,2021-10-22T06:00,48,2021-10-22T06:00,45,2021-10-22T09:00,,,48,2021-10-22T06:00,-999.0,0.0,6.0,10.0,0.0,nan,1342.0594482421875,nan,85900.0,nan,11.849225044250488,246.2178497314453,263.0224304199219,268.92474365234375,272.7857360839844,276.87982177734375,5457.716796875,2947.23388671875,1433.226806640625,128.30801391601562,268.6762390136719,88.69999694824219,322.1182556152344,615.3599853515625,14100.0,0.0,1.4700000286102295,19992.70703125,8.699999809265137,0.0,0.0,5.0,24135.017578125,0.0,0.0,247.72061157226562,263.99298095703125,269.90740966796875,272.77191162109375,276.6673889160156,5481.42578125,2957.568359375,1438.60009765625,763.5558471679688,135.60719299316406,272.139404296875,87.0999984741211,83.0,58.02896499633789,613.1199951171875,20000.0859375,38.0,2.0,0.0,0.0,247.60000610351562,265.29998779296875,270.29998779296875,270.1000061035156,274.1000061035156,5461.52197265625,2932.581298828125,1402.356689453125,736.4169921875,105.91631317138672,268.280029296875,96.5,100.0,208.63999938964844,431.8399963378906,0.0005000000237487257,1.375,nan,42.0,12.0,0.0,42.0,14900.0,246.4146728515625,262.01470947265625,269.401123046875,270.6387023925781,274.98553466796875,5457.29345703125,2950.032470703125,1436.250244140625,768.0274658203125,138.52249145507812,270.8531188964844,87.92665100097656,84.0948715209961,402.6183166503906,410.0,0.0,5.0625,,,,,,,,,,,,,,,,,,,,,,,,44.0,,,88888.0,32.0,9751.0,50.0,50.0,,52.0,,43.0,,43.0,43.0,2.0,291.0,268.3599853515625,265.94000244140625,84.0,2.0,10.800000190734863,12.399999618530273
2021-11-12T11:59,2021-11-12T12:00,1,train,0,2021,11,11,1,2021-11-12T11:00,6,2021-11-12T06:00,6,2021-11-12T06:00,1,2021-11-12T11:00,,,1,2021-11-12T11:00,-999.0,100.0,100.0,100.0,25.0,1342.8011474609375,1342.76025390625,81100.0,86800.0,8102.8271484375,10.30349063873291,256.2493896484375,273.09527587890625,275.53125,276.03387451171875,280.18157958984375,5680.83837890625,3075.527099609375,1506.29296875,172.99879455566406,272.1187744140625,99.19999694824219,336.74627685546875,1147.760009765625,0.0,9.999999747378752e-05,0.02800000086426735,784.9450073242188,100.0,100.0,100.0,81.30000305175781,179.26364135742188,2.4000000848900527e-05,0.0625,257.30548095703125,271.74786376953125,271.7193908691406,273.9994201660156,278.1398010253906,5684.9794921875,3072.498046875,1515.1072998046875,837.4690551757812,205.7872772216797,274.4327087402344,97.9000015258789,99.5,325.0523986816406,1192.800048828125,1196.38525390625,53.0,100.0,95.0,0.0,255.8000030517578,274.0,271.29998779296875,275.5,279.6000061035156,5695.54541015625,3086.2939453125,1516.1485595703125,838.3626098632812,201.57518005371094,273.3599853515625,99.69999694824219,100.0,694.4000244140625,1208.1600341796875,0.00039999998989515007,1.75,920.3082885742188,57.0,87.0,55.0,57.0,10000.0,256.32122802734375,272.3589172363281,277.8221740722656,276.253173828125,280.3062744140625,5678.84619140625,3077.14794921875,1507.884765625,821.71630859375,175.98379516601562,275.8714904785156,92.71138000488281,94.36168670654297,350.5503234863281,3080.0,0.0,0.0,,,,,,,,,,,,,,,,,,,,,,,,89.0,,,0.0,0.0,209.0,88.0,99.0,,99.0,,88.0,,98.0,100.0,0.0,281.0,270.6300048828125,269.96002197265625,95.0,8.0,16.799999237060547,19.700000762939453
2021-11-12T11:59,2021-11-12T12:00,24,train,0,2021,11,11,24,2021-11-11T12:00,24,2021-11-11T12:00,24,2021-11-11T12:00,21,2021-11-11T15:00,,,24,2021-11-11T12:00,-999.0,100.0,100.0,94.0,100.0,1342.7535400390625,1342.83935546875,25200.0,87000.0,12039.5751953125,8.639365196228027,254.5535125732422,272.7922058105469,274.3744812011719,275.77203369140625,279.6691589355469,5680.8583984375,3083.47998046875,1519.0848388671875,187.10206604003906,271.9062805175781,97.9000015258789,319.9813537597656,1117.9200439453125,0.0,9.999999747378752e-05,0.30000001192092896,785.2872314453125,100.0,95.5999984741211,100.0,93.5999984741211,171.38656616210938,6.679999933112413e-05,0.25,257.0747375488281,272.1568298339844,271.6206970214844,273.824951171875,277.9749755859375,5680.1904296875,3069.6435546875,1513.2452392578125,836.1138305664062,204.80503845214844,274.25592041015625,98.19999694824219,99.5,372.1236877441406,1151.199951171875,1196.2760009765625,52.0,20.0,68.0,300.0,256.29998779296875,273.1000061035156,271.70001220703125,273.5,277.6000061035156,5690.251953125,3085.603759765625,1515.5068359375,842.0277099609375,207.57196044921875,271.6700134277344,99.0999984741211,100.0,519.52001953125,952.7999877929688,0.0006000000284984708,5.9375,3708.697998046875,55.0,100.0,100.0,55.0,7100.0,254.63072204589844,271.89068603515625,276.7636413574219,275.7271728515625,279.2857666015625,5678.39501953125,3085.98876953125,1518.639892578125,834.5761108398438,189.6194305419922,275.0914001464844,92.77875518798828,95.20043182373047,394.1167907714844,2990.0,1.9999999494757503e-05,0.125,,,,,,,,,,,,,,,,,,,,,,,,89.0,,,0.0,0.0,256.0,79.0,85.0,,88.0,,62.0,,63.0,67.0,0.0,278.0,269.9599914550781,269.4800109863281,95.0,9.0,16.0,19.299999237060547
2021-11-12T11:59,2021-11-12T12:00,48,train,0,2021,11,11,48,2021-11-10T12:00,48,2021-11-10T12:00,48,2021-11-10T12:00,45,2021-11-10T15:00,,,48,2021-11-10T12:00,-999.0,100.0,100.0,100.0,100.0,1342.5247802734375,1342.5782470703125,23700.0,86900.0,12418.7626953125,9.146583557128906,255.1484375,272.43939208984375,273.591796875,274.52691650390625,278.4737548828125,5674.1845703125,3074.607421875,1510.8040771484375,183.96786499023438,270.306640625,97.0,348.6006774902344,873.52001953125,0.0,9.999999747378752e-05,5.880000114440918,785.2689208984375,100.0,48.0,100.0,85.69999694824219,261.1818542480469,0.0001463999942643568,0.125,257.2158508300781,271.03485107421875,272.07879638671875,273.8587951660156,278.04302978515625,5668.326171875,3059.62890625,1501.2008056640625,823.90478515625,192.4864959716797,274.2602233886719,97.5999984741211,99.19999694824219,280.4140319824219,1120.6400146484375,20000.18359375,47.0,18.0,1.0,0.0,254.0,272.29998779296875,270.8999938964844,272.0,276.0,5672.8056640625,3082.425048828125,1510.181396484375,840.8029174804688,208.25100708007812,270.2200012207031,98.9000015258789,100.0,517.1199951171875,729.760009765625,0.0,0.875,6609.40966796875,30.0,79.0,77.0,29.0,11500.0,255.0608673095703,271.739501953125,277.0336608886719,274.9674987792969,278.22723388671875,5678.50341796875,3086.202880859375,1519.76513671875,836.017333984375,193.33938598632812,273.91143798828125,89.48027801513672,89.92505645751953,306.419189453125,1880.0,9.999999747378752e-06,0.0625,,,,,,,,,,,,,,,,,,,,,,,,88.0,,,56.0,32.0,6272.0,85.0,88.0,,93.0,,55.0,,55.0,55.0,1.0,240.0,268.94000244140625,267.70001220703125,91.0,32.0,14.0,16.899999618530273
2021-12-05T03:50,2021-12-05T04:00,1,train,0,2021,12,3,1,2021-12-05T03:00,4,2021-12-05T00:00,4,2021-12-05T00:00,1,2021-12-05T03:00,,,1,2021-12-05T03:00,-999.0,100.0,100.0,0.0,0.0,1341.7618408203125,1341.5457763671875,71700.0,86000.0,3000.0302734375,4.802195072174072,246.59022521972656,253.1201934814453,263.9270324707031,269.0276794433594,273.0880126953125,5343.4423828125,2892.244140625,1423.94580078125,147.41958618164062,264.63067626953125,91.4000015258789,815.1126708984375,0.4000000059604645,100.0,0.0,0.032999999821186066,784.8500366210938,81.80000305175781,0.5,0.0,92.5,465.357666015625,3.199999991920777e-05,0.375,248.29493713378906,252.51171875,263.3419494628906,267.6793212890625,271.63751220703125,5342.93359375,2891.3330078125,1422.98095703125,763.9031982421875,147.6484375,267.3735656738281,95.0999984741211,93.5999984741211,195.58377075195312,3.359999895095825,1195.5361328125,64.0,10.0,0.0,200.0,247.0,253.3000030517578,262.70001220703125,267.5,271.3999938964844,5339.82958984375,2887.342529296875,1418.7567138671875,761.4010009765625,141.24285888671875,265.6400146484375,96.69999694824219,100.0,660.47998046875,25.600000381469727,0.0005000000237487257,1.1875,nan,100.0,8.0,0.0,100.0,13400.0,245.79092407226562,252.43817138671875,263.7788391113281,268.8995056152344,273.0147705078125,5337.046875,2894.14892578125,1426.7623291015625,766.957763671875,150.34628295898438,268.65167236328125,90.66546630859375,89.51142883300781,917.4688720703125,70.0,0.0,0.0,,,,,,,,,,,,,,,,,,,,,,,,87.0,,,0.0,0.0,256.0,84.0,96.0,,100.0,,90.0,,100.0,100.0,13.0,513.0,261.79998779296875,261.15997314453125,97.0,20.0,13.600000381469727,15.300000190734863
2021-12-05T03:50,2021-12-05T04:00,24,train,0,2021,12,3,22,2021-12-04T06:00,22,2021-12-04T06:00,22,2021-12-04T06:00,25,2021-12-04T03:00,,,24,2021-12-04T04:00,-999.0,100.0,100.0,31.0,0.0,1341.6436767578125,1341.5927734375,71600.0,85800.0,2470.50439453125,6.351043224334717,242.11094665527344,253.3132781982422,264.2205810546875,268.72833251953125,272.7359619140625,5303.17578125,2880.08251953125,1407.9228515625,131.7503662109375,264.53302001953125,91.5,590.6728515625,0.0,100.0,0.00019999999494757503,1.2400000095367432,785.080078125,97.69999694824219,8.5,0.0,97.5999984741211,166.72735595703125,0.0002640000020619482,1.8125,247.6526336669922,253.72320556640625,264.7524108886719,269.2168884277344,273.2512512207031,5341.51611328125,2886.1298828125,1410.9495849609375,748.8552856445312,128.85472106933594,269.0049133300781,94.5999984741211,93.9000015258789,831.9902954101562,137.9199981689453,1195.7047119140625,56.0,0.0,0.0,0.0,243.3000030517578,253.60000610351562,262.1000061035156,267.1000061035156,271.0,5312.345703125,2870.025634765625,1404.8511962890625,748.4160766601562,129.31298828125,265.260009765625,96.9000015258789,100.0,657.52001953125,0.0,0.0005000000237487257,2.25,1526.986572265625,100.0,7.0,0.0,100.0,14100.0,244.16444396972656,252.95086669921875,263.36669921875,268.7787170410156,272.6017150878906,5318.10986328125,2883.28271484375,1415.0838623046875,755.5697021484375,139.05874633789062,268.028564453125,89.0775146484375,87.62944030761719,883.4779052734375,0.0,0.0,2.4375,,,,,,,,,,,,,,,,,,,,,,,,87.0,,,32.0,32.0,256.0,62.0,62.0,,67.0,,53.0,,53.0,54.0,23.0,687.0,261.6099853515625,260.8599853515625,95.0,27.0,14.800000190734863,16.5
2021-12-23T17:58,2021-12-23T18:00,1,train,0,2021,12,17,1,2021-12-23T17:00,6,2021-12-23T12:00,6,2021-12-23T12:00,1,2021-12-23T17:00,,,1,2021-12-23T17:00,-999.0,0.0,2.0,0.0,0.0,nan,nan,nan,nan,nan,9.614768028259277,248.50433349609375,258.17108154296875,256.0830993652344,260.34161376953125,264.46875,5354.49755859375,2841.0546875,1382.040283203125,125.31692504882812,256.6639709472656,58.5,380.4013977050781,0.0,32600.0,0.0,0.0,6419.33251953125,69.5,100.0,100.0,40.20000076293945,24135.021484375,0.0,0.0,248.41455078125,259.0980529785156,254.66171264648438,260.91876220703125,264.86114501953125,5361.22607421875,2834.161865234375,1380.27783203125,742.3897094726562,142.09912109375,261.261962890625,65.80000305175781,61.599998474121094,1040.24658203125,0.0,19999.861328125,0.0,0.0,0.0,24100.0,249.60000610351562,260.8999938964844,254.10000610351562,258.8999938964844,262.79998779296875,5368.56591796875,2832.653564453125,1369.24853515625,733.7137451171875,129.53826904296875,257.1700134277344,74.4000015258789,80.0,478.239990234375,0.0,0.0,0.0,nan,76.0,1.0,0.0,76.0,22800.0,248.02679443359375,257.8691101074219,255.45216369628906,260.1994323730469,264.7467956542969,5350.498046875,2843.412841796875,1383.73828125,746.249267578125,134.08853149414062,261.00054931640625,73.0,68.22136688232422,595.85546875,0.0,0.0,0.0,,,,,,,,,,,,,,,,,,,,,,,,56.0,,,88886.0,2384.0,256.0,0.0,0.0,,1.0,,66.0,,67.0,67.0,0.0,537.0,251.8699951171875,249.760009765625,84.0,0.0,17.600000381469727,19.799999237060547
2021-12-05T03:50,2021-12-05T04:00,48,train,0,2021,12,3,46,2021-12-03T06:00,46,2021-12-03T06:00,46,2021-12-03T06:00,49,2021-12-03T03:00,,,36,2021-12-03T16:00,-999.0,100.0,100.0,0.0,0.0,1340.959228515625,1384.9583740234375,76200.0,85300.0,2447.27880859375,10.013812065124512,242.410400390625,251.85671997070312,259.0105285644531,264.094970703125,268.18505859375,5289.19287109375,2856.8955078125,1408.37353515625,150.5726776123047,259.36920166015625,86.9000015258789,660.599365234375,0.0,100.0,0.0,8.420000076293945,785.043701171875,99.0999984741211,0.0,0.0,100.0,164.8767547607422,0.0003887999919243157,1.4375,249.13201904296875,252.33425903320312,263.2572326660156,268.2248229980469,272.22802734375,5352.40283203125,2876.90771484375,1410.337890625,751.6034545898438,134.0397186279297,267.989501953125,91.5,89.9000015258789,1028.226806640625,0.0,20000.056640625,71.0,1.0,0.0,1000.0,243.60000610351562,252.5,261.1000061035156,265.79998779296875,269.70001220703125,5305.10107421875,2866.422607421875,1407.454345703125,754.4371948242188,137.46649169921875,263.239990234375,89.5,91.0,654.5599975585938,0.0,0.0003000000142492354,0.5625,889.1845092773438,83.0,0.0,0.0,83.0,8900.0,242.51446533203125,251.3475341796875,257.7281188964844,261.6780090332031,266.0853576660156,5289.3115234375,2858.302734375,1409.6214599609375,767.2658081054688,159.93203735351562,261.6439208984375,87.26373291015625,90.38521575927734,581.5515747070312,0.0,0.0,3.125,,,,,,,,,,,,,,,,,,,,,,,,90.0,,,30.0,32.0,256.0,65.0,65.0,,65.0,,73.0,,73.0,75.0,20.0,625.0,261.4599914550781,260.3399963378906,92.0,40.0,14.399999618530273,16.799999237060547
2021-12-23T17:58,2021-12-23T18:00,24,train,0,2021,12,17,24,2021-12-22T18:00,24,2021-12-22T18:00,24,2021-12-22T18:00,21,2021-12-22T21:00,,,24,2021-12-22T18:00,-999.0,0.0,51.0,0.0,0.0,nan,1340.024169921875,nan,85200.0,nan,12.279617309570312,249.0597686767578,256.94183349609375,254.68829345703125,258.744873046875,262.8865051269531,5336.63037109375,2830.70263671875,1377.2283935546875,127.64041137695312,254.4871826171875,83.19999694824219,354.1817321777344,0.0,17000.0,0.0,1.2100000381469727,15746.59765625,4.699999809265137,39.5,100.0,57.900001525878906,24134.767578125,0.0,0.0625,248.20053100585938,260.60394287109375,255.08473205566406,261.3431396484375,265.28741455078125,5364.30224609375,2838.02783203125,1377.3818359375,738.4598388671875,137.2012176513672,261.6362609863281,64.5,60.0,912.0908813476562,0.0,19999.810546875,2.0,0.0,0.0,24100.0,248.60000610351562,259.5,254.10000610351562,258.8999938964844,262.79998779296875,5356.92626953125,2835.30859375,1374.0885009765625,738.5617065429688,133.87136840820312,257.07000732421875,76.0,79.0,479.2799987792969,0.0,0.0,0.125,7470.9296875,57.0,1.0,85.0,57.0,22300.0,247.20486450195312,257.5137634277344,254.50250244140625,257.81854248046875,262.22637939453125,5343.384765625,2838.79052734375,1382.95458984375,750.0927734375,141.9639434814453,258.5362243652344,74.057373046875,68.58918762207031,504.4609375,0.0,0.0,0.5625,,,,,,,,,,,,,,,,,,,,,,,,29.0,,,88886.0,1608.0,256.0,26.0,32.0,,32.0,,57.0,,57.0,59.0,0.0,554.0,252.0699920654297,249.4399871826172,79.0,0.0,18.0,20.799999237060547
2021-12-23T17:58,2021-12-23T18:00,48,train,0,2021,12,17,48,2021-12-21T18:00,48,2021-12-21T18:00,48,2021-12-21T18:00,45,2021-12-21T21:00,,,48,2021-12-21T18:00,-999.0,0.0,6.0,0.0,0.0,nan,1340.3704833984375,nan,85300.0,nan,9.812200546264648,248.44326782226562,258.4559631347656,257.64190673828125,261.18597412109375,265.2550048828125,5369.740234375,2847.202392578125,1383.9793701171875,123.94998168945312,257.7227783203125,75.80000305175781,372.62939453125,0.0,21200.0,0.0,24.170000076293945,19992.96875,61.20000076293945,0.0,0.8999999761581421,95.0,24134.98828125,0.0,0.0625,249.6807861328125,258.8399963378906,255.29180908203125,261.5191345214844,265.4345397949219,5345.07373046875,2823.361083984375,1366.9139404296875,727.6206665039062,125.99159240722656,261.6616516113281,69.5,66.19999694824219,1111.4344482421875,0.0,19999.927734375,0.0,0.0,0.0,24100.0,250.60000610351562,260.79998779296875,255.0,259.70001220703125,263.5,5359.51318359375,2817.23974609375,1354.744873046875,717.3015747070312,111.45242309570312,257.5199890136719,72.69999694824219,74.0,580.0,0.0,0.0,0.0,7465.97705078125,3.0,58.0,97.0,3.0,27500.0,247.93138122558594,257.81988525390625,257.17498779296875,259.99090576171875,264.40863037109375,5359.755859375,2842.9423828125,1382.540283203125,743.648681640625,132.27313232421875,260.5725402832031,64.81715393066406,58.75147247314453,458.6614990234375,0.0,0.0,6.625,,,,,,,,,,,,,,,,,,,,,,,,22.0,,,88888.0,2840.0,9856.0,24.0,24.0,,27.0,,43.0,,43.0,43.0,0.0,707.0,253.89999389648438,250.5,74.0,0.0,17.200000762939453,18.799999237060547
2022-01-04T22:59,2022-01-04T23:00,1,train,1,2022,1,22,1,2022-01-04T22:00,5,2022-01-04T18:00,5,2022-01-04T18:00,1,2022-01-04T22:00,,,1,2022-01-04T22:00,-999.0,0.0,0.0,0.0,0.0,nan,nan,nan,nan,nan,8.550413131713867,247.36373901367188,262.30047607421875,265.68609619140625,267.00677490234375,270.61138916015625,5474.7529296875,2967.24267578125,1458.7021484375,173.0701141357422,264.3304443359375,58.5,184.1798095703125,0.0,31000.0,0.0,0.0,20000.060546875,5.0,55.0,72.5,5.900000095367432,24134.830078125,0.0,0.0,247.6152801513672,262.2807312011719,265.3419494628906,263.7708740234375,267.11199951171875,5481.6259765625,2970.378173828125,1461.5284423828125,804.8876953125,199.17575073242188,263.0628967285156,91.9000015258789,84.80000305175781,21.484346389770508,0.0,20000.10546875,5.0,0.0,0.0,24100.0,248.10000610351562,261.79998779296875,266.1000061035156,266.0,270.0,5482.66064453125,2972.99560546875,1462.2432861328125,806.661865234375,197.5064239501953,262.82000732421875,85.0999984741211,82.0,134.9600067138672,0.0,0.0,0.0,nan,8.0,0.0,2.0,0.0,20100.0,247.23345947265625,262.24853515625,266.05364990234375,265.52398681640625,268.7869567871094,5483.78271484375,2977.916748046875,1466.8470458984375,809.6415405273438,189.1800537109375,262.73272705078125,68.0,77.11140441894531,174.22769165039062,0.0,0.0,0.0,,,,,,,,,,,,,,,,,,,,,,,,15.0,,,88886.0,2384.0,16209.0,10.0,13.0,,16.0,,7.0,,7.0,9.0,0.0,146.0,258.58001708984375,255.6999969482422,79.0,0.0,13.199999809265137,13.699999809265137
2022-01-04T22:59,2022-01-04T23:00,24,train,1,2022,1,22,23,2022-01-04T00:00,23,2022-01-04T00:00,23,2022-01-04T00:00,26,2022-01-03T21:00,,,24,2022-01-03T23:00,-999.0,0.0,0.0,34.0,37.0,7510.60009765625,7302.5126953125,nan,38600.0,7762.52197265625,9.794279098510742,246.95692443847656,262.1170654296875,266.2163391113281,267.35791015625,270.90447998046875,5471.4736328125,2966.068359375,1456.5552978515625,170.33596801757812,263.77459716796875,57.099998474121094,173.49838256835938,0.0,32200.0,0.0,0.0,20000.134765625,5.0,5.0,5.0,6.300000190734863,24135.08203125,0.0,0.0,247.93832397460938,262.4486083984375,265.19403076171875,264.15264892578125,267.5082702636719,5482.22412109375,2967.062744140625,1458.9764404296875,801.3529663085938,194.6688690185547,263.3978576660156,91.5999984741211,84.5,16.441938400268555,0.0,19999.927734375,12.0,1.0,1.0,24100.0,248.6999969482422,262.1000061035156,267.1000061035156,265.20001220703125,269.20001220703125,5483.7685546875,2967.55859375,1452.99951171875,798.640625,188.9601287841797,262.4800109863281,89.0999984741211,90.0,170.16000366210938,0.0,0.0,0.0625,nan,8.0,4.0,29.0,8.0,16300.0,246.70553588867188,262.1077575683594,265.48260498046875,264.6025695800781,268.0768127441406,5476.03173828125,2966.294921875,1457.4251708984375,802.4896240234375,183.0060272216797,261.9626159667969,74.0,83.0298080444336,192.87005615234375,0.0,0.0,0.0,,,,,,,,,,,,,,,,,,,,,,,,25.0,,,88886.0,2528.0,384.0,11.0,11.0,,17.0,,48.0,,48.0,49.0,0.0,161.0,259.17999267578125,256.17999267578125,79.0,3.0,13.600000381469727,14.699999809265137
2022-01-13T13:58,2022-01-13T14:00,1,train,0,2022,1,13,1,2022-01-13T13:00,2,2022-01-13T12:00,2,2022-01-13T12:00,1,2022-01-13T13:00,,,1,2022-01-13T13:00,-999.0,0.0,16.0,6.0,0.0,nan,1341.7908935546875,nan,85900.0,nan,5.29848575592041,244.40426635742188,260.0639953613281,266.3808898925781,270.05352783203125,273.9339904785156,5401.37548828125,2919.995361328125,1421.5411376953125,129.88607788085938,267.27227783203125,89.30000305175781,324.0006408691406,401.20001220703125,14100.0,0.0,0.0,822.4290161132812,93.5999984741211,21.399999618530273,4.400000095367432,66.30000305175781,611.9662475585938,2.879999919969123e-05,0.0625,244.46258544921875,260.46759033203125,266.00927734375,268.2161865234375,272.275390625,5404.53466796875,2918.05029296875,1418.6461181640625,756.8026123046875,139.11244201660156,268.2667236328125,91.80000305175781,92.0999984741211,140.9762725830078,25.1200008392334,19999.998046875,46.0,24.0,0.0,0.0,245.0,260.0,265.1000061035156,269.20001220703125,273.20001220703125,5408.724609375,2920.961669921875,1422.449462890625,760.57763671875,146.1009979248047,266.95001220703125,97.69999694824219,100.0,283.6000061035156,227.67999267578125,9.999999747378752e-05,0.125,946.3016357421875,100.0,10.0,0.0,98.0,11200.0,244.6983642578125,260.89801025390625,265.1136474609375,268.74102783203125,272.29248046875,5402.76220703125,2918.531982421875,1418.9813232421875,757.4305419921875,132.9404754638672,268.9266357421875,90.69867706298828,92.77104187011719,394.8589172363281,110.0,0.0,0.0,,,,,,,,,,,,,,,,,,,,,,,,81.0,,,0.0,0.0,209.0,72.0,85.0,,93.0,,70.0,,70.0,70.0,0.0,256.0,263.03997802734375,262.69000244140625,98.0,2.0,10.800000190734863,11.199999809265137
2022-01-04T22:59,2022-01-04T23:00,48,train,1,2022,1,22,47,2022-01-03T00:00,47,2022-01-03T00:00,47,2022-01-03T00:00,50,2022-01-02T21:00,,,36,2022-01-03T11:00,-999.0,0.0,5.0,0.0,8.0,nan,1341.2349853515625,nan,86100.0,nan,9.823773384094238,247.8833465576172,262.41058349609375,266.1585998535156,267.84466552734375,271.5459899902344,5467.9697265625,2955.396484375,1446.0546875,156.85922241210938,263.2869873046875,82.19999694824219,218.89234924316406,0.0,15300.0,0.0,0.12999999523162842,9910.1416015625,5.0,66.19999694824219,60.900001525878906,6.099999904632568,24134.9765625,0.0,0.0,247.6623992919922,262.6756286621094,265.5290832519531,264.1463317871094,267.4844970703125,5483.34130859375,2967.246826171875,1458.291748046875,799.5835571289062,192.96437072753906,263.3354797363281,92.19999694824219,86.19999694824219,18.289106369018555,0.0,19999.859375,9.0,3.0,1.0,24100.0,249.0,262.79998779296875,268.79998779296875,267.70001220703125,271.70001220703125,5493.564453125,2972.54345703125,1453.898681640625,792.9878540039062,181.7307586669922,264.42999267578125,83.0,77.0,369.3599853515625,0.0,0.0,0.0625,nan,41.0,3.0,21.0,40.0,14800.9033203125,247.806884765625,262.65740966796875,265.6659851074219,265.3532409667969,269.0032043457031,5470.423828125,2955.248046875,1446.6854248046875,790.0167846679688,168.4416961669922,263.7801208496094,81.0,88.80683135986328,269.9833984375,0.0,0.0,0.3125,,,,,,,,,,,,,,,,,,,,,,,,53.0,,,88888.0,344.0,201.0,16.0,17.0,,19.0,,48.0,,48.0,48.0,0.0,167.0,259.05999755859375,256.6600036621094,84.0,3.0,13.600000381469727,15.0
2022-01-13T13:58,2022-01-13T14:00,24,train,0,2022,1,13,26,2022-01-12T12:00,26,2022-01-12T12:00,26,2022-01-12T12:00,23,2022-01-12T15:00,,,24,2022-01-12T14:00,-999.0,0.0,29.0,84.0,0.0,nan,1341.67431640625,nan,85700.0,nan,6.394587993621826,243.83639526367188,260.57049560546875,266.26190185546875,269.97216796875,273.64312744140625,5392.4677734375,2910.87646484375,1411.13037109375,119.08695983886719,266.6378479003906,92.69999694824219,298.6105041503906,306.9599914550781,12800.0,0.0,0.11999999731779099,20000.10546875,31.5,80.5,0.0,7.300000190734863,24135.189453125,0.0,0.0,243.8949737548828,260.78448486328125,266.2806396484375,269.20098876953125,273.2402038574219,5405.64453125,2917.111572265625,1413.451416015625,749.9757690429688,130.11566162109375,269.0859680175781,82.80000305175781,81.69999694824219,66.52799224853516,151.67999267578125,20000.15234375,12.0,4.0,0.0,100.0,245.0,260.5,266.0,269.0,273.0,5401.96923828125,2911.173583984375,1407.9888916015625,746.3984985351562,133.11822509765625,266.5899963378906,98.0,100.0,207.52000427246094,171.67999267578125,0.0,0.0,nan,66.0,100.0,3.0,0.0,20200.0,244.03756713867188,260.9766845703125,264.0398864746094,267.56732177734375,270.96746826171875,5390.345703125,2908.449951171875,1411.8045654296875,753.566162109375,130.19137573242188,266.82745361328125,76.90192413330078,73.4422607421875,191.11936950683594,0.0,0.0,0.0625,,,,,,,,,,,,,,,,,,,,,,,,44.0,,,88888.0,384.0,201.0,70.0,72.0,,93.0,,54.0,,55.0,59.0,0.0,214.0,263.25,262.42999267578125,92.0,8.0,10.0,10.399999618530273
2022-01-13T13:58,2022-01-13T14:00,48,train,0,2022,1,13,44,2022-01-11T18:00,50,2022-01-11T12:00,50,2022-01-11T12:00,47,2022-01-11T15:00,,,36,2022-01-12T02:00,-999.0,0.0,18.0,11.0,5.0,nan,1440.184814453125,76100.0,84600.0,nan,4.939400672912598,244.00872802734375,260.85369873046875,266.89959716796875,269.51165771484375,273.17059326171875,5391.4990234375,2901.424560546875,1398.44091796875,106.98121643066406,267.4288330078125,88.0999984741211,301.5769348144531,426.6400146484375,14600.0,0.0,1.5499999523162842,1444.878662109375,74.30000305175781,31.5,0.0,10.300000190734863,24134.74609375,4.0000000467443897e-07,0.0,245.048828125,261.0667724609375,267.9712829589844,270.0318908691406,274.08673095703125,5420.6279296875,2924.785888671875,1416.5736083984375,750.2314453125,128.4505615234375,269.9101867675781,81.0999984741211,79.19999694824219,65.00167846679688,279.0400085449219,20000.13671875,49.0,7.0,0.0,24100.0,245.39999389648438,260.8999938964844,265.29998779296875,269.0,273.0,5405.01611328125,2903.46435546875,1403.3221435546875,742.0092163085938,134.54141235351562,266.69000244140625,78.5,80.0,207.36000061035156,186.63999938964844,0.0,0.0,6124.0400390625,96.0,54.0,100.0,26.0,15300.0,244.42947387695312,260.7727355957031,266.44097900390625,268.1278991699219,271.5414733886719,5391.8603515625,2899.421630859375,1395.9600830078125,734.1851196289062,109.43470764160156,267.3398132324219,84.98904418945312,87.64983367919922,157.7537841796875,10.0,0.0,0.4375,,,,,,,,,,,,,,,,,,,,,,,,61.0,,,0.0,0.0,201.0,86.0,86.0,,86.0,,52.0,,53.0,55.0,0.0,267.0,263.08001708984375,261.8899841308594,92.0,5.0,9.600000381469727,9.600000381469727
2022-01-22T13:57,2022-01-22T14:00,1,train,0,2022,1,13,1,2022-01-22T13:00,2,2022-01-22T12:00,2,2022-01-22T12:00,1,2022-01-22T13:00,,,1,2022-01-22T13:00,-999.0,0.0,0.0,0.0,0.0,nan,nan,nan,nan,nan,3.71740984916687,242.58030700683594,256.1619873046875,257.59881591796875,257.3006591796875,259.9725341796875,5393.49462890625,2932.727783203125,1470.5242919921875,229.03530883789062,251.91139221191406,19.600000381469727,33.64484786987305,0.0,73100.0,0.0,0.0,20000.15625,0.0,0.0,0.0,0.0,24135.158203125,0.0,0.0,242.01759338378906,256.1324462890625,257.6112976074219,257.9092712402344,262.096923828125,5392.76806640625,2932.2236328125,1471.58056640625,833.767333984375,239.90264892578125,258.8526306152344,53.20000076293945,48.900001525878906,161.2865753173828,0.0,19999.91796875,0.0,0.0,0.0,24100.0,241.89999389648438,256.1000061035156,258.20001220703125,261.3999938964844,265.29998779296875,5392.1904296875,2929.780029296875,1465.69775390625,823.5709838867188,241.67901611328125,259.5199890136719,41.29999923706055,27.0,132.63999938964844,0.0,0.0,0.0,nan,0.0,0.0,0.0,0.0,42200.0,243.06080627441406,256.5539245605469,257.44842529296875,257.51751708984375,258.67120361328125,5399.71630859375,2933.808349609375,1472.8359375,835.3361206054688,235.87905883789062,252.38072204589844,33.862300872802734,42.64668273925781,52.676841735839844,0.0,0.0,0.0,,,,,,,,,,,,,,,,,,,,,,,,2.0,,,88888.0,88888.0,16209.0,0.0,0.0,,0.0,,5.0,,6.0,6.0,0.0,102.0,252.1800079345703,242.4300079345703,41.0,0.0,6.400000095367432,6.400000095367432
2022-01-22T13:57,2022-01-22T14:00,24,train,0,2022,1,13,26,2022-01-21T12:00,26,2022-01-21T12:00,26,2022-01-21T12:00,23,2022-01-21T15:00,,,24,2022-01-21T14:00,-999.0,0.0,0.0,0.0,0.0,nan,nan,nan,nan,nan,1.9606202840805054,242.78897094726562,255.29376220703125,258.061767578125,258.155029296875,261.08453369140625,5386.5048828125,2935.15478515625,1473.96484375,230.45565795898438,253.334228515625,19.100000381469727,32.2191162109375,0.0,71100.0,0.0,0.0,19999.98828125,0.0,0.0,0.0,0.0,24134.970703125,0.0,0.0,242.1151885986328,255.30796813964844,258.0552062988281,257.6952819824219,261.8362731933594,5390.7626953125,2934.993408203125,1473.82861328125,835.5721435546875,242.30209350585938,258.6761474609375,59.599998474121094,56.599998474121094,160.65660095214844,0.0,20000.015625,0.0,0.0,0.0,24100.0,242.0,255.89999389648438,259.3999938964844,262.1000061035156,266.0,5396.5791015625,2938.69189453125,1472.2952880859375,828.1985473632812,240.02767944335938,260.20001220703125,26.0,20.0,133.1199951171875,0.0,0.0,0.0,nan,0.0,0.0,0.0,0.0,45100.0,241.77565002441406,255.3542938232422,258.08819580078125,258.13916015625,259.84222412109375,5380.1337890625,2930.459228515625,1470.8897705078125,832.033447265625,232.24952697753906,254.4673614501953,33.97808074951172,42.337711334228516,55.156951904296875,0.0,0.0,0.0,,,,,,,,,,,,,,,,,,,,,,,,3.0,,,88886.0,88888.0,201.0,0.0,0.0,,0.0,,41.0,,42.0,44.0,0.0,112.0,253.3099822998047,242.5699920654297,37.0,0.0,6.400000095367432,6.400000095367432
2022-01-31T14:56,2022-01-31T15:00,1,train,0,2022,1,14,1,2022-01-31T14:00,3,2022-01-31T12:00,3,2022-01-31T12:00,1,2022-01-31T14:00,,,1,2022-01-31T14:00,-999.0,0.0,0.0,0.0,0.0,nan,nan,nan,nan,nan,6.618418216705322,241.9747772216797,252.6632080078125,257.04742431640625,259.88372802734375,263.39813232421875,5328.0498046875,2883.6796875,1434.064697265625,188.54823303222656,258.4121398925781,65.4000015258789,299.01275634765625,0.0,27600.0,0.0,0.0,20000.2734375,63.29999923706055,27.600000381469727,2.4000000953674316,11.5,24134.931640625,0.0,0.0,241.41830444335938,253.29884338378906,255.0945281982422,261.2500305175781,265.2878723144531,5331.830078125,2885.923095703125,1439.5538330078125,800.8307495117188,199.57476806640625,262.24896240234375,65.5999984741211,65.5,720.9895629882812,0.0,19999.9140625,9.0,8.0,0.0,0.0,242.10000610351562,253.60000610351562,254.6999969482422,258.0,261.79998779296875,5325.70654296875,2884.6318359375,1429.2659912109375,795.7291870117188,195.60154724121094,256.2099914550781,96.5,100.0,272.0799865722656,0.0,0.0,0.0625,nan,61.0,0.0,0.0,61.0,16800.0,242.04348754882812,252.84658813476562,256.40570068359375,259.0235595703125,262.25567626953125,5331.76806640625,2887.116943359375,1438.36962890625,800.5487060546875,197.93072509765625,259.83721923828125,85.04548645019531,82.15555572509766,385.8766784667969,0.0,0.0,0.0,,,,,,,,,,,,,,,,,,,,,,,,21.0,,,88888.0,2544.0,16209.0,12.0,12.0,,12.0,,15.0,,15.0,15.0,0.0,354.0,254.26998901367188,251.35000610351562,78.0,0.0,11.199999809265137,11.300000190734863
2022-01-22T13:57,2022-01-22T14:00,48,train,0,2022,1,13,44,2022-01-20T18:00,50,2022-01-20T12:00,50,2022-01-20T12:00,47,2022-01-20T15:00,,,36,2022-01-21T02:00,-999.0,0.0,0.0,0.0,0.0,nan,nan,nan,nan,nan,2.001128673553467,245.86373901367188,254.093017578125,257.6794128417969,257.9788513183594,260.8682861328125,5380.41015625,2925.82421875,1469.8671875,228.51480102539062,252.65663146972656,18.5,38.7094841003418,0.0,78700.0,0.0,0.0,20000.09375,0.0,0.0,0.0,0.0,24135.05078125,0.0,0.0,244.8800048828125,255.0899200439453,259.0523681640625,258.8593444824219,262.9677429199219,5395.95703125,2936.912353515625,1473.5933837890625,832.4830322265625,236.6374969482422,259.70916748046875,51.099998474121094,41.599998474121094,113.32874298095703,0.0,20000.10546875,0.0,0.0,0.0,24100.0,246.1999969482422,256.1000061035156,260.5,263.3999938964844,267.3999938964844,5417.75390625,2946.623046875,1477.1259765625,829.8541259765625,241.8810577392578,260.80999755859375,31.0,14.0,65.91999816894531,0.0,0.0,0.0,nan,0.0,0.0,0.0,0.0,54500.0,245.32876586914062,254.1766815185547,257.593994140625,257.1895751953125,258.56317138671875,5376.52734375,2923.85986328125,1468.043701171875,830.6969604492188,233.90402221679688,252.5425262451172,29.17349624633789,31.943531036376953,41.63761901855469,0.0,0.0,0.0625,,,,,,,,,,,,,,,,,,,,,,,,7.0,,,88886.0,88888.0,201.0,0.0,0.0,,0.0,,36.0,,36.0,38.0,0.0,131.0,251.72000122070312,242.5399932861328,43.0,0.0,8.399999618530273,8.399999618530273
2022-01-31T14:56,2022-01-31T15:00,24,train,0,2022,1,14,21,2022-01-30T18:00,21,2022-01-30T18:00,21,2022-01-30T18:00,24,2022-01-30T15:00,,,24,2022-01-30T15:00,-999.0,0.0,2.0,5.0,0.0,nan,1383.2117919921875,nan,85700.0,nan,6.878041744232178,241.26919555664062,251.30661010742188,255.82534790039062,259.361328125,263.2589111328125,5307.01904296875,2878.1943359375,1436.1728515625,193.93434143066406,257.26983642578125,71.4000015258789,301.7461242675781,0.0,23900.0,0.0,0.0,20000.26171875,72.4000015258789,15.600000381469727,0.0,14.600000381469727,24135.037109375,0.0,0.0,241.34132385253906,253.23353576660156,255.5116424560547,261.5989990234375,265.654052734375,5334.92333984375,2890.86865234375,1444.1939697265625,804.5224609375,202.37290954589844,262.64300537109375,72.19999694824219,68.9000015258789,712.4735717773438,0.0,20000.03515625,13.0,12.0,0.0,0.0,241.8000030517578,253.6999969482422,256.3999938964844,257.1000061035156,261.0,5324.47509765625,2886.563720703125,1430.2374267578125,797.9506225585938,195.94290161132812,255.6300048828125,96.0,100.0,199.0399932861328,0.0,9.999999747378752e-05,0.25,nan,17.0,15.0,0.0,17.0,20800.0,241.7220458984375,251.80621337890625,256.3058166503906,259.9580078125,263.2632141113281,5310.67724609375,2879.72802734375,1436.213623046875,797.36669921875,195.12713623046875,261.2267761230469,77.20394897460938,74.92085266113281,514.741943359375,0.0,0.0,0.0,,,,,,,,,,,,,,,,,,,,,,,,54.0,,,88888.0,1592.0,201.0,32.0,32.0,,34.0,,39.0,,39.0,39.0,1.0,462.0,254.76998901367188,252.64999389648438,84.0,1.0,12.800000190734863,13.300000190734863
2022-01-31T14:56,2022-01-31T15:00,48,train,0,2022,1,14,45,2022-01-29T18:00,45,2022-01-29T18:00,45,2022-01-29T18:00,48,2022-01-29T15:00,,,45,2022-01-29T18:00,-999.0,0.0,10.0,2.0,0.0,nan,1340.384765625,nan,86300.0,nan,6.701330661773682,242.70787048339844,252.67990112304688,256.18853759765625,260.2576599121094,263.99615478515625,5350.5869140625,2900.9580078125,1455.61279296875,209.58474731445312,257.9780578613281,83.19999694824219,321.1661376953125,0.0,17600.0,0.0,11.960000038146973,20000.1328125,84.80000305175781,0.0,0.0,36.599998474121094,24135.115234375,0.0,0.0,241.7441864013672,252.57371520996094,257.8270568847656,263.040771484375,267.0223083496094,5325.2314453125,2882.6513671875,1437.960205078125,793.9700927734375,188.65753173828125,263.8829345703125,73.80000305175781,70.5999984741211,451.44390869140625,0.0,19999.95703125,26.0,7.0,0.0,0.0,240.60000610351562,253.0,253.60000610351562,258.5,262.29998779296875,5305.39794921875,2872.440185546875,1428.0047607421875,793.3584594726562,190.3830108642578,256.8699951171875,96.30000305175781,100.0,350.4800109863281,0.0,0.00019999999494757503,1.625,nan,13.0,64.0,0.0,0.0,27900.0,242.7548828125,252.87884521484375,258.66094970703125,262.59722900390625,266.1799621582031,5355.8759765625,2904.481201171875,1456.455810546875,810.7011108398438,204.24752807617188,264.0145568847656,64.9743423461914,60.39755630493164,542.0081176757812,0.0,0.0,13.25,,,,,,,,,,,,,,,,,,,,,,,,36.0,,,88888.0,24.0,8960.0,59.0,61.0,,67.0,,47.0,,47.0,47.0,2.0,628.0,256.8899841308594,253.6099853515625,75.0,0.0,12.0,12.0
2022-02-09T17:53,2022-02-09T18:00,1,train,0,2022,2,17,1,2022-02-09T17:00,6,2022-02-09T12:00,6,2022-02-09T12:00,1,2022-02-09T17:00,,,1,2022-02-09T17:00,-999.0,0.0,0.0,0.0,96.0,nan,8138.01513671875,nan,34000.0,nan,6.886078357696533,249.83995056152344,265.6247253417969,271.5482177734375,273.54327392578125,277.58209228515625,5478.5732421875,2931.88232421875,1402.523681640625,90.70484924316406,272.2188720703125,52.20000076293945,344.27862548828125,1169.9200439453125,37800.0,0.0,0.0,20000.01953125,0.6000000238418579,4.099999904632568,100.0,30.600000381469727,24134.740234375,0.0,0.0,249.79490661621094,265.3094177246094,271.589599609375,272.9252624511719,277.02667236328125,5486.4296875,2939.95556640625,1409.95947265625,738.8982543945312,110.49343872070312,273.2813415527344,66.0,59.0,361.0362854003906,771.2000122070312,19999.90625,1.0,0.0,1.0,24100.0,250.39999389648438,264.70001220703125,271.20001220703125,276.27374267578125,280.3999938964844,5485.125,2937.493896484375,1409.66650390625,731.3021240234375,112.08436584472656,274.3599853515625,36.20000076293945,33.0,512.9600219726562,1225.5999755859375,0.0,0.0,nan,1.0,0.0,100.0,1.0,32700.0,250.0320587158203,265.0650329589844,271.2261962890625,271.35430908203125,275.73309326171875,5478.91796875,2932.3564453125,1404.46630859375,734.069580078125,100.87496185302734,272.7099609375,58.230369567871094,56.482948303222656,409.7936706542969,690.0,0.0,0.0,,,,,,,,,,,,,,,,,,,,,,,,64.0,,,88885.0,6264.0,16274.0,0.0,0.0,,0.0,,6.0,,7.0,8.0,0.0,348.0,266.9599914550781,259.75,57.0,0.0,11.199999809265137,12.199999809265137
2022-02-09T17:53,2022-02-09T18:00,24,train,0,2022,2,17,24,2022-02-08T18:00,24,2022-02-08T18:00,24,2022-02-08T18:00,21,2022-02-08T21:00,,,24,2022-02-08T18:00,-999.0,0.0,0.0,100.0,100.0,7714.0810546875,7202.9375,nan,39200.0,9516.8359375,8.424477577209473,249.53944396972656,265.2497253417969,271.3594970703125,273.0470275878906,277.0525207519531,5465.3857421875,2927.23388671875,1396.2330322265625,86.7198486328125,271.5432434082031,44.900001525878906,323.432861328125,1062.800048828125,44900.0,0.0,2.7699999809265137,20000.34765625,0.6000000238418579,5.0,81.80000305175781,22.600000381469727,24135.080078125,0.0,0.0,249.76718139648438,265.6728820800781,270.7984619140625,272.70074462890625,276.7949523925781,5487.75146484375,2938.828369140625,1410.4505615234375,740.3131713867188,112.49589538574219,272.97833251953125,65.5999984741211,56.0,364.69207763671875,750.719970703125,19999.896484375,0.0,0.0,0.0,24100.0,250.3000030517578,265.6000061035156,270.29998779296875,275.20001220703125,279.29998779296875,5484.80859375,2933.6533203125,1403.52294921875,727.7225341796875,110.9478759765625,273.1099853515625,40.20000076293945,33.0,415.20001220703125,1175.199951171875,0.0,0.0,nan,0.0,1.0,72.0,0.0,31100.0,250.0369415283203,265.35723876953125,271.4642028808594,270.61932373046875,274.87310791015625,5474.5537109375,2932.662109375,1401.121826171875,730.9954833984375,98.88016510009766,271.9317626953125,61.22674560546875,57.606414794921875,374.87567138671875,570.0,0.0,2.9375,,,,,,,,,,,,,,,,,,,,,,,,62.0,,,88888.0,5600.0,256.0,0.0,0.0,,0.0,,46.0,,46.0,47.0,0.0,289.0,266.7300109863281,260.0099792480469,58.0,0.0,11.199999809265137,11.899999618530273
2022-02-09T17:53,2022-02-09T18:00,48,train,0,2022,2,17,48,2022-02-07T18:00,48,2022-02-07T18:00,48,2022-02-07T18:00,45,2022-02-07T21:00,,,48,2022-02-07T18:00,-999.0,0.0,1.0,0.0,0.0,nan,nan,nan,nan,nan,6.52994966506958,249.32281494140625,266.1806335449219,270.76446533203125,272.952392578125,276.9539794921875,5437.8037109375,2898.81298828125,1366.3172607421875,55.605804443359375,272.517333984375,72.80000305175781,379.96075439453125,1209.9200439453125,23100.0,0.0,12.399999618530273,19992.828125,2.0,2.299999952316284,55.20000076293945,11.399999618530273,24135.318359375,0.0,0.0,250.1316375732422,265.8765563964844,272.6654052734375,273.8761291503906,277.96124267578125,5470.70947265625,2931.179931640625,1397.2799072265625,723.4658203125,92.73800659179688,273.83953857421875,72.80000305175781,67.30000305175781,348.46868896484375,808.1599731445312,19999.857421875,4.0,0.0,4.0,24100.0,249.8000030517578,266.29998779296875,269.1000061035156,274.0,278.1000061035156,5467.57421875,2921.411865234375,1386.785400390625,713.3603515625,94.85176849365234,271.9200134277344,68.5,71.0,459.760009765625,991.3599853515625,0.0,0.0,nan,0.0,0.0,5.0,0.0,25900.0,247.3419952392578,264.513671875,273.5669250488281,273.7707214355469,278.0372619628906,5434.2060546875,2914.6044921875,1379.885986328125,703.2891845703125,69.1698226928711,275.6460266113281,68.15789031982422,69.5112533569336,457.71697998046875,1170.0,0.0,8.375,,,,,,,,,,,,,,,,,,,,,,,,38.0,,,88888.0,1384.0,8960.0,17.0,17.0,,18.0,,45.0,,45.0,45.0,0.0,502.0,265.1499938964844,261.8800048828125,78.0,0.0,12.0,12.5
2022-02-18T03:57,2022-02-18T04:00,1,holdout_baserate,0,2022,2,3,1,2022-02-18T03:00,4,2022-02-18T00:00,4,2022-02-18T00:00,1,2022-02-18T03:00,,,1,2022-02-18T03:00,3876.39990234375,100.0,100.0,100.0,100.0,1343.469970703125,1343.4384765625,22300.0,85000.0,12822.4384765625,10.140239715576172,256.8894958496094,271.095458984375,278.241943359375,281.1310119628906,285.1934814453125,5528.02001953125,2921.22216796875,1355.315185546875,5.127403259277344,276.4659423828125,95.5,364.8443908691406,2310.719970703125,0.0,0.000699999975040555,2.0820000171661377,785.336669921875,100.0,100.0,100.0,100.0,167.37657165527344,0.0007031999994069338,3.9375,257.1707458496094,270.73065185546875,277.6053466796875,277.4560546875,281.6097717285156,5512.44873046875,2904.383544921875,1341.926025390625,651.447998046875,11.498624801635742,276.2469177246094,99.0,99.0,114.55379486083984,2235.679931640625,1230.8385009765625,100.0,100.0,100.0,3200.0,257.29998779296875,271.8999938964844,276.70001220703125,280.70001220703125,284.8999938964844,5516.8388671875,2907.14013671875,1343.364990234375,651.5501098632812,7.402851581573486,277.0799865722656,99.5999984741211,100.0,1185.760009765625,2297.280029296875,0.002300000051036477,4.3125,2602.54541015625,56.0,99.0,100.0,27.0,4400.0,257.4647216796875,271.0478515625,279.12200927734375,281.2404479980469,285.0194396972656,5525.50244140625,2921.5185546875,1355.2452392578125,659.518310546875,7.011444091796875,279.09173583984375,85.35556030273438,91.68655395507812,361.5535583496094,2510.0,0.0006500000017695129,1.5,,,,,,,,,,,,,,,,,,,,,,,,96.0,,,0.0,0.0,256.0,90.0,100.0,,100.0,,92.0,,100.0,100.0,0.0,534.0,273.8699951171875,273.9599914550781,100.0,100.0,19.600000381469727,22.100000381469727
2022-02-18T03:57,2022-02-18T04:00,24,holdout_baserate,0,2022,2,3,22,2022-02-17T06:00,22,2022-02-17T06:00,22,2022-02-17T06:00,25,2022-02-17T03:00,,,24,2022-02-17T04:00,5726.7998046875,100.0,100.0,100.0,100.0,1343.636962890625,1343.499267578125,22300.0,85000.0,12902.662109375,9.143908500671387,256.75787353515625,270.3015441894531,278.5001220703125,282.1534729003906,286.19110107421875,5503.23876953125,2902.960693359375,1340.3818359375,-8.865974426269531,277.18011474609375,95.0,399.1962890625,2260.9599609375,100.0,0.00139999995008111,18.520000457763672,785.3016357421875,100.0,100.0,100.0,100.0,178.09364318847656,0.0008432000176981091,5.875,257.04681396484375,270.6432800292969,277.34356689453125,277.32098388671875,281.4836120605469,5506.87548828125,2900.72216796875,1339.5577392578125,649.4765014648438,9.857062339782715,276.1275634765625,99.0999984741211,99.0999984741211,75.32069396972656,2258.56005859375,1230.9615478515625,100.0,100.0,100.0,3200.0,257.6000061035156,271.1000061035156,276.3999938964844,280.29998779296875,284.5,5521.3603515625,2913.94580078125,1349.190673828125,658.4773559570312,16.041242599487305,276.6300048828125,100.0,100.0,1187.52001953125,2550.080078125,0.002300000051036477,3.5,2038.0213623046875,87.0,100.0,100.0,37.0,3700.0,256.02459716796875,270.412109375,278.9828186035156,281.7314147949219,285.5433654785156,5511.7685546875,2915.21533203125,1350.6859130859375,654.1034545898438,2.5562591552734375,279.59033203125,86.22810363769531,93.51280212402344,384.7034606933594,2370.0,0.0008999999845400453,16.5,,,,,,,,,,,,,,,,,,,,,,,,97.0,,,0.0,0.0,256.0,90.0,91.0,,99.0,,82.0,,88.0,88.0,0.0,480.0,274.1299743652344,274.0199890136719,100.0,94.0,19.600000381469727,22.899999618530273
2022-02-18T03:57,2022-02-18T04:00,48,holdout_baserate,0,2022,2,3,46,2022-02-16T06:00,46,2022-02-16T06:00,46,2022-02-16T06:00,49,2022-02-16T03:00,,,36,2022-02-16T16:00,5592.7998046875,100.0,100.0,100.0,100.0,1343.323486328125,1343.30029296875,23700.0,85000.0,11841.390625,9.325058937072754,257.7764892578125,270.23681640625,277.55181884765625,280.474853515625,284.5580139160156,5525.7998046875,2919.86279296875,1356.366455078125,10.949207305908203,275.66448974609375,95.9000015258789,378.3809814453125,2299.919921875,0.0,0.0005000000237487257,11.8100004196167,790.1256103515625,100.0,100.0,100.0,94.9000015258789,384.51763916015625,0.0005255999858491123,3.125,257.7010192871094,268.6754150390625,275.5700378417969,277.04864501953125,281.2040100097656,5504.72802734375,2899.022705078125,1345.332763671875,658.6689453125,19.74440574645996,275.93133544921875,97.69999694824219,97.0999984741211,666.00634765625,2014.0799560546875,2984.41943359375,95.0,94.0,99.0,24100.0,257.5,269.79998779296875,275.8999938964844,279.70001220703125,283.8999938964844,5513.38232421875,2905.373291015625,1347.1641845703125,658.1212158203125,21.26514434814453,275.9700012207031,94.30000305175781,94.0,469.1199951171875,2273.1201171875,0.0,1.25,2567.9912109375,70.0,99.0,100.0,46.0,5600.0,257.2601013183594,270.487060546875,278.0235595703125,280.5718994140625,284.5070495605469,5529.93359375,2919.609130859375,1357.435546875,663.8361206054688,12.504974365234375,278.6731262207031,86.62347412109375,93.06339263916016,390.783203125,2360.0,0.00039000000106170774,9.8125,,,,,,,,,,,,,,,,,,,,,,,,96.0,,,32.0,32.0,0.0,95.0,95.0,,95.0,,87.0,,97.0,100.0,0.0,474.0,273.5,273.6499938964844,100.0,85.0,19.600000381469727,22.899999618530273
2022-02-26T13:56,2022-02-26T14:00,1,train,1,2022,2,13,1,2022-02-26T13:00,2,2022-02-26T12:00,2,2022-02-26T12:00,1,2022-02-26T13:00,,,1,2022-02-26T13:00,-999.0,0.0,0.0,0.0,0.0,nan,1834.255126953125,nan,80900.0,nan,7.971995830535889,243.01263427734375,254.54550170898438,258.005126953125,259.06182861328125,262.74041748046875,5370.0166015625,2909.302490234375,1451.718017578125,204.73333740234375,258.81878662109375,48.400001525878906,274.5087585449219,0.0,41400.0,0.0,0.0,20000.078125,1.0,0.0,0.0,15.899999618530273,24134.94921875,0.0,0.0,242.83070373535156,254.7897491455078,257.84112548828125,259.6534423828125,263.90606689453125,5369.5185546875,2911.907470703125,1455.945556640625,817.1758422851562,219.0859375,260.8979187011719,74.19999694824219,71.19999694824219,340.9632873535156,0.0,19999.818359375,13.0,0.0,0.0,24100.0,243.10000610351562,254.8000030517578,258.5,257.8999938964844,261.79998779296875,5374.21142578125,2915.327880859375,1454.8734130859375,819.791748046875,221.54905700683594,257.0799865722656,82.4000015258789,92.0,200.63999938964844,0.0,0.0,0.0,741.9151611328125,82.0,0.0,0.0,82.0,5308.7080078125,243.43194580078125,254.10394287109375,258.1344909667969,257.5640869140625,261.2071533203125,5370.259765625,2911.84521484375,1456.290283203125,817.75341796875,215.98321533203125,258.3541259765625,85.4911880493164,83.02498626708984,261.3883972167969,0.0,9.999999747378752e-06,0.0625,,,,,,,,,,,,,,,,,,,,,,,,15.0,,,88885.0,1752.0,16183.0,0.0,0.0,,0.0,,4.0,,4.0,4.0,0.0,266.0,254.85000610351562,249.4399871826172,60.0,1.0,10.800000190734863,10.899999618530273
2022-02-26T13:56,2022-02-26T14:00,24,train,1,2022,2,13,26,2022-02-25T12:00,26,2022-02-25T12:00,26,2022-02-25T12:00,23,2022-02-25T15:00,,,24,2022-02-25T14:00,-999.0,0.0,0.0,0.0,0.0,nan,nan,nan,nan,nan,8.075868606567383,242.49066162109375,254.65716552734375,258.2802734375,258.9280090332031,262.74786376953125,5358.845703125,2902.10302734375,1443.0374755859375,195.22325134277344,258.65899658203125,36.599998474121094,299.2320861816406,0.0,54700.0,0.0,13.892000198364258,20000.107421875,3.0,4.5,0.0,46.0,24134.7890625,0.0,0.0,242.7620849609375,255.0696258544922,258.1126403808594,259.679443359375,263.852783203125,5369.33056640625,2906.76123046875,1449.6131591796875,810.5819702148438,212.5876922607422,260.743408203125,76.5999984741211,74.30000305175781,329.924072265625,0.0,20000.08984375,28.0,14.0,0.0,24100.0,242.89999389648438,255.8000030517578,259.70001220703125,255.39999389648438,259.20001220703125,5370.2587890625,2908.57666015625,1441.4990234375,810.3876342773438,211.2629852294922,254.4499969482422,82.4000015258789,89.0,164.24000549316406,0.0,0.0,0.125,741.6773681640625,100.0,47.0,0.0,100.0,3800.0,242.72886657714844,255.59866333007812,257.9393310546875,256.6120910644531,260.73541259765625,5359.0029296875,2897.72412109375,1437.2181396484375,801.8400268554688,198.61709594726562,256.9364013671875,86.9537582397461,91.7567138671875,297.9692077636719,0.0,0.0,9.4375,,,,,,,,,,,,,,,,,,,,,,,,26.0,,,88886.0,4496.0,201.0,9.0,9.0,,13.0,,51.0,,52.0,55.0,0.0,246.0,254.33999633789062,249.5800018310547,64.0,0.0,12.0,12.100000381469727
2022-02-26T13:56,2022-02-26T14:00,48,train,1,2022,2,13,44,2022-02-24T18:00,50,2022-02-24T12:00,50,2022-02-24T12:00,47,2022-02-24T15:00,,,36,2022-02-25T02:00,-999.0,0.0,0.0,100.0,0.0,nan,5616.9873046875,nan,48000.0,nan,8.392271995544434,242.11892700195312,253.8167266845703,257.5273742675781,258.2126159667969,262.080078125,5338.67919921875,2886.517578125,1430.87353515625,187.07679748535156,257.64141845703125,40.29999923706055,271.6346130371094,0.0,50200.0,0.0,15.821999549865723,20000.15234375,4.099999904632568,5.0,0.0,54.5,24135.029296875,0.0,0.0,242.54017639160156,255.0771484375,258.0158996582031,259.57586669921875,263.7749328613281,5367.6865234375,2909.6484375,1450.969970703125,812.3746948242188,214.55856323242188,260.68658447265625,77.0999984741211,75.19999694824219,344.52734375,0.0,19999.837890625,13.0,30.0,0.0,24100.0,242.10000610351562,256.1000061035156,259.20001220703125,257.20001220703125,261.0,5371.283203125,2910.45654296875,1442.7591552734375,808.3560180664062,210.42823791503906,254.63999938964844,64.30000305175781,40.0,165.27999877929688,0.0,0.0,0.0,nan,100.0,44.0,0.0,100.0,7202.078125,242.85704040527344,253.91445922851562,256.5996398925781,255.4969482421875,259.6741638183594,5330.41015625,2878.751953125,1425.677734375,793.7774047851562,193.47744750976562,256.030517578125,85.67102813720703,89.52384948730469,302.882080078125,0.0,0.0,16.8125,,,,,,,,,,,,,,,,,,,,,,,,44.0,,,88886.0,4136.0,201.0,22.0,24.0,,28.0,,51.0,,53.0,56.0,0.0,308.0,254.5399932861328,250.0600128173828,67.0,0.0,12.800000190734863,13.199999809265137
2022-03-10T15:56,2022-03-10T16:00,1,holdout_baserate,0,2022,3,15,1,2022-03-10T15:00,4,2022-03-10T12:00,4,2022-03-10T12:00,1,2022-03-10T15:00,3,2022-03-10T12:00,1,2022-03-10T15:00,-999.0,0.0,0.0,0.0,30.0,nan,nan,nan,nan,nan,7.574478626251221,247.30450439453125,262.3764343261719,266.73486328125,271.35797119140625,275.63909912109375,5452.2578125,2945.05810546875,1439.65966796875,141.15570068359375,268.43768310546875,69.0999984741211,352.5062561035156,579.6799926757812,25300.0,0.0,0.0,19999.943359375,3.0,77.9000015258789,29.899999618530273,10.699999809265137,24134.966796875,0.0,0.0,247.03631591796875,262.302978515625,266.4403991699219,273.160400390625,277.3603820800781,5460.06298828125,2952.1748046875,1450.8331298828125,782.9462890625,153.86843872070312,274.23638916015625,53.79999923706055,50.79999923706055,1041.423583984375,792.0,20000.052734375,16.0,0.0,0.0,0.0,247.6999969482422,263.1000061035156,263.79998779296875,268.6000061035156,272.6000061035156,5465.8359375,2954.5859375,1447.709228515625,787.8072509765625,157.97705078125,266.92999267578125,96.80000305175781,100.0,454.8800048828125,224.8000030517578,9.999999747378752e-05,0.25,6514.5986328125,8.0,100.0,78.0,8.0,23300.0,247.35350036621094,262.0936279296875,266.345703125,271.0260009765625,275.6747131347656,5455.48486328125,2946.92919921875,1442.5179443359375,778.0570068359375,148.78564453125,272.175537109375,73.0,69.55964660644531,574.9995727539062,610.0,0.0,0.0,5456.73828125,2948.159912109375,1446.5078125,783.4557495117188,159.980224609375,247.0410614013672,262.38275146484375,264.6707763671875,270.72979736328125,275.15093994140625,36.34368133544922,94.23956298828125,67.4391098022461,58.31037139892578,,,,272.60400390625,,102000.6875,94291.8203125,,5.455687046051025,47.0,,,88888.0,3656.0,209.0,12.0,13.0,,13.0,,63.0,,63.0,63.0,1.0,524.0,264.7799987792969,262.1099853515625,81.0,3.0,14.0,15.399999618530273
2022-03-10T15:56,2022-03-10T16:00,24,holdout_baserate,0,2022,3,15,22,2022-03-09T18:00,22,2022-03-09T18:00,22,2022-03-09T18:00,25,2022-03-09T15:00,21,2022-03-09T18:00,24,2022-03-09T16:00,-999.0,0.0,0.0,96.0,0.0,6828.3544921875,1341.595703125,nan,86100.0,8404.515625,10.408392906188965,246.00225830078125,262.22174072265625,266.24468994140625,270.7339172363281,274.9488220214844,5453.1396484375,2952.322265625,1448.10498046875,151.52182006835938,266.92724609375,74.5999984741211,309.8163757324219,347.0400085449219,22100.0,0.0,0.4300000071525574,20000.1796875,4.099999904632568,100.0,97.4000015258789,15.800000190734863,24134.962890625,0.0,0.0,246.75550842285156,262.8349304199219,265.24542236328125,271.9755859375,276.1556091308594,5458.75244140625,2949.431884765625,1447.35595703125,782.4452514648438,156.10809326171875,273.0035400390625,57.900001525878906,55.900001525878906,977.7158813476562,754.8800048828125,1195.866455078125,19.0,67.0,26.0,0.0,247.5,264.1000061035156,262.3999938964844,267.70001220703125,271.6000061035156,5456.142578125,2944.21240234375,1432.7803955078125,775.1385498046875,147.2760772705078,265.82000732421875,97.5,100.0,554.4000244140625,52.79999923706055,0.0,0.25,1045.5751953125,88.0,26.0,15.0,88.0,16451.056640625,246.7318572998047,262.69525146484375,264.49066162109375,269.6103515625,274.33465576171875,5449.4697265625,2941.201904296875,1438.958251953125,778.0999145507812,149.0521240234375,270.5556335449219,87.30619812011719,81.66586303710938,577.2486572265625,360.0,0.0,0.9375,5461.265625,2951.6796875,1445.49365234375,782.034423828125,158.333251953125,246.8794708251953,262.75494384765625,265.420654296875,270.82080078125,275.2212219238281,32.206321716308594,56.61213684082031,63.77164077758789,54.307716369628906,,,,272.991943359375,,101971.6875,94273.421875,,4.728964805603027,59.0,,,30.0,32.0,201.0,50.0,51.0,,54.0,,45.0,,47.0,53.0,1.0,529.0,264.97998046875,262.82000732421875,85.0,3.0,14.399999618530273,15.800000190734863
2022-03-10T15:56,2022-03-10T16:00,48,holdout_baserate,0,2022,3,15,46,2022-03-08T18:00,46,2022-03-08T18:00,46,2022-03-08T18:00,49,2022-03-08T15:00,45,2022-03-08T18:00,36,2022-03-09T04:00,-999.0,0.0,1.0,100.0,97.0,7175.17333984375,1341.810546875,nan,86100.0,7858.65869140625,10.969003677368164,244.8754119873047,262.255859375,266.59625244140625,271.1642150878906,275.45428466796875,5456.87109375,2957.381591796875,1452.2470703125,154.05723571777344,267.36383056640625,83.19999694824219,313.2471008300781,419.20001220703125,18000.0,0.0,1.440000057220459,20000.021484375,5.599999904632568,91.0999984741211,92.9000015258789,20.200000762939453,24134.94921875,0.0,0.0,246.1327362060547,262.2549133300781,265.44439697265625,272.0221862792969,276.20440673828125,5450.25048828125,2941.9716796875,1444.83984375,779.51611328125,153.05101013183594,272.856201171875,61.0,58.20000076293945,982.564453125,729.4400024414062,20000.1796875,25.0,12.0,7.0,24100.0,246.0,263.8999938964844,267.0,268.20001220703125,272.20001220703125,5456.21484375,2943.821533203125,1430.6888427734375,770.8964233398438,143.5823211669922,267.2200012207031,87.5,96.0,365.6000061035156,268.1600036621094,0.0,0.125,2077.1337890625,90.0,100.0,100.0,90.0,14500.0,245.22813415527344,262.5962219238281,265.5023498535156,270.189697265625,274.8499755859375,5454.8828125,2953.62841796875,1447.011962890625,784.3208618164062,154.79513549804688,270.90985107421875,91.08645629882812,86.3241958618164,542.5133056640625,420.0,0.0,2.125,5456.91796875,2951.237548828125,1444.533447265625,780.3421020507812,155.91845703125,246.7322998046875,262.3551025390625,266.0464782714844,271.06756591796875,275.5018310546875,20.79107666015625,59.36632537841797,67.71668243408203,57.76515197753906,,,,273.3750305175781,,101931.8125,94259.5546875,,4.6185102462768555,56.0,,,88886.0,1016.0,201.0,43.0,43.0,,46.0,,42.0,,43.0,45.0,2.0,524.0,265.45001220703125,262.69000244140625,81.0,2.0,14.800000190734863,16.600000381469727
2022-03-25T00:50,2022-03-25T01:00,1,holdout_baserate,0,2022,3,0,1,2022-03-25T00:00,1,2022-03-25T00:00,1,2022-03-25T00:00,1,2022-03-25T00:00,0,2022-03-25T00:00,1,2022-03-25T00:00,-999.0,0.0,100.0,0.0,100.0,1342.469482421875,1342.2728271484375,83500.0,85900.0,10332.7626953125,6.420119285583496,254.81182861328125,271.9718017578125,273.94091796875,273.3457336425781,277.2237548828125,5576.5126953125,2983.2548828125,1416.353271484375,89.26515197753906,269.9169006347656,96.80000305175781,212.07749938964844,815.2000122070312,0.0,0.0,0.01600000075995922,784.9525146484375,100.0,82.30000305175781,100.0,100.0,81.68373107910156,1.5999999959603883e-05,0.0625,255.87460327148438,272.22308349609375,272.176025390625,271.527099609375,275.60113525390625,5588.00830078125,2993.42236328125,1427.140380859375,755.4509887695312,129.82015991210938,271.4229431152344,98.9000015258789,99.19999694824219,228.7113800048828,511.67999267578125,1195.7076416015625,58.0,1.0,100.0,0.0,255.5,273.0,270.6000061035156,269.20001220703125,273.29998779296875,5586.0849609375,2990.435546875,1418.8492431640625,755.177734375,125.89646911621094,266.8499755859375,98.5,100.0,327.2799987792969,211.67999267578125,0.0,0.375,2467.20556640625,85.0,54.0,100.0,80.0,6000.0,254.8287811279297,271.9842529296875,275.8712463378906,272.1734313964844,275.9999084472656,5585.189453125,2992.077392578125,1422.168212890625,744.2453002929688,101.76647186279297,271.8328857421875,96.0108413696289,97.07742309570312,329.46551513671875,560.0,9.999999747378752e-06,0.0,5583.83203125,2993.153564453125,1426.838134765625,752.669677734375,129.25146484375,255.28787231445312,271.23828125,275.34320068359375,270.9686584472656,275.09027099609375,5.57772159576416,98.20585632324219,99.53094482421875,97.44325256347656,,,,272.0599365234375,,101574.8125,93900.5546875,,12.25898265838623,96.0,,,0.0,0.0,209.0,100.0,100.0,,100.0,,100.0,,100.0,100.0,0.0,190.0,268.55999755859375,268.16998291015625,97.0,13.0,15.199999809265137,16.0
2022-03-25T00:50,2022-03-25T01:00,24,holdout_baserate,0,2022,3,0,25,2022-03-24T00:00,25,2022-03-24T00:00,25,2022-03-24T00:00,22,2022-03-24T03:00,24,2022-03-24T00:00,24,2022-03-24T01:00,-999.0,0.0,100.0,10.0,100.0,1342.6214599609375,1342.4925537109375,30300.0,85900.0,11155.4599609375,4.840012073516846,255.90847778320312,271.5819091796875,273.8268127441406,273.4820556640625,277.25189208984375,5571.62744140625,2978.914306640625,1416.254638671875,90.0171890258789,270.4487609863281,96.69999694824219,131.65512084960938,891.280029296875,0.0,0.0,14.680000305175781,785.0608520507812,100.0,2.799999952316284,100.0,100.0,110.6816177368164,2.5600000299164094e-05,0.125,255.9499969482422,272.58514404296875,271.1021728515625,271.5921936035156,275.6703186035156,5588.65576171875,2992.90283203125,1429.7484130859375,758.2952270507812,132.52493286132812,271.4740295410156,99.0999984741211,99.19999694824219,207.90379333496094,519.52001953125,1195.94677734375,53.0,33.0,72.0,0.0,256.5,272.79998779296875,272.70001220703125,269.1000061035156,273.1000061035156,5585.17236328125,2986.84814453125,1410.803955078125,746.7753295898438,118.64698791503906,266.6099853515625,98.4000015258789,100.0,171.9199981689453,175.52000427246094,0.0,0.25,832.3853759765625,84.0,0.0,82.0,84.0,5100.0,256.49078369140625,271.9994812011719,276.40625,273.1678161621094,276.7862548828125,5582.6787109375,2984.451416015625,1413.630859375,732.9400024414062,87.34223175048828,272.5418701171875,96.0,96.8136215209961,244.156005859375,1160.0,9.999999747378752e-06,10.1875,5586.71484375,2992.64990234375,1419.828369140625,743.9222412109375,119.159423828125,255.00685119628906,272.3566589355469,275.8672180175781,271.65631103515625,275.7305908203125,7.038154602050781,94.34349822998047,98.65775299072266,97.2912368774414,,,,272.56256103515625,,101448.1875,93805.1875,,10.246068954467773,93.0,,,0.0,0.0,256.0,100.0,100.0,,100.0,,78.0,,88.0,96.0,3.0,218.0,267.3999938964844,267.33001708984375,97.0,24.0,15.600000381469727,16.600000381469727
2022-03-25T00:50,2022-03-25T01:00,48,holdout_baserate,0,2022,3,0,43,2022-03-23T06:00,49,2022-03-23T00:00,49,2022-03-23T00:00,46,2022-03-23T03:00,48,2022-03-23T00:00,36,2022-03-23T13:00,-999.0,0.0,100.0,100.0,100.0,1342.2391357421875,1342.19091796875,23700.0,86000.0,11537.26171875,6.403108596801758,256.0437316894531,271.94293212890625,271.9958801269531,272.3435363769531,276.286376953125,5588.8837890625,2982.458984375,1422.416259765625,98.20915985107422,267.9876403808594,94.80000305175781,208.14019775390625,512.239990234375,0.0,9.999999747378752e-05,19.780000686645508,784.909912109375,100.0,100.0,100.0,100.0,97.341064453125,3.360000118846074e-05,0.0625,257.239990234375,271.4155578613281,271.4196472167969,271.5179443359375,275.5866394042969,5602.626953125,2988.55029296875,1426.3533935546875,755.188232421875,129.58453369140625,271.4019470214844,98.80000305175781,99.0,272.6123046875,508.32000732421875,1195.6339111328125,79.0,81.0,96.0,100.0,258.5,273.70001220703125,267.70001220703125,269.5,273.5,5596.50390625,2973.6865234375,1399.7440185546875,736.1284790039062,108.88036346435547,266.92999267578125,98.9000015258789,100.0,411.2799987792969,224.63999938964844,0.0,0.625,1266.3128662109375,100.0,98.0,100.0,55.0,6700.0,254.99319458007812,272.89434814453125,274.1780700683594,271.73663330078125,275.58050537109375,5586.259765625,2980.14404296875,1413.1241455078125,737.5169067382812,93.617431640625,271.25146484375,92.39602661132812,94.51756286621094,342.7827453613281,470.0,0.00015999999595806003,12.9375,5583.125,2989.7216796875,1419.557861328125,746.4263305664062,122.193359375,254.20751953125,272.5745849609375,274.0069580078125,271.34930419921875,275.4065856933594,10.547986030578613,97.20648193359375,98.34600067138672,96.8172836303711,,,,272.2714538574219,,101477.25,93818.8203125,,11.8159761428833,92.0,,,30.0,32.0,256.0,86.0,87.0,,92.0,,69.0,,83.0,91.0,2.0,205.0,266.4200134277344,266.3799743652344,100.0,15.0,16.0,18.200000762939453
2022-04-08T09:59,2022-04-08T10:00,1,holdout_baserate,0,2022,4,9,1,2022-04-08T09:00,4,2022-04-08T06:00,4,2022-04-08T06:00,1,2022-04-08T09:00,3,2022-04-08T06:00,1,2022-04-08T09:00,3765.60009765625,100.0,100.0,46.0,0.0,1342.3057861328125,1342.25537109375,52300.0,85400.0,3423.952880859375,6.411840915679932,259.6666259765625,274.72430419921875,272.14337158203125,273.8623046875,277.897216796875,5554.53662109375,2916.8037109375,1347.60107421875,13.404865264892578,268.6826477050781,95.4000015258789,365.26446533203125,622.9600219726562,0.0,0.0010000000474974513,5.127999782562256,1369.92578125,100.0,94.80000305175781,100.0,78.9000015258789,382.67535400390625,0.002401599893346429,13.0,259.1113586425781,272.88397216796875,271.2152099609375,272.3652038574219,276.4366455078125,5541.55029296875,2910.74267578125,1348.0421142578125,675.03173828125,47.44321823120117,271.61932373046875,98.69999694824219,98.0999984741211,435.8929748535156,545.9199829101562,1195.72265625,91.0,77.0,12.0,100.0,260.70001220703125,276.6000061035156,267.20001220703125,271.5,275.5,5562.53515625,2909.8486328125,1346.3895263671875,678.7523193359375,48.482574462890625,268.4999694824219,100.0,100.0,675.3599853515625,465.2799987792969,0.005499999970197678,13.875,919.7076416015625,55.0,44.0,0.0,54.0,5000.0,258.70855712890625,274.72265625,275.1110534667969,274.2276611328125,278.23443603515625,5554.529296875,2919.797119140625,1340.908935546875,661.8600463867188,10.464439392089844,273.28607177734375,92.14140319824219,93.57715606689453,371.6302795410156,2000.0,0.0004400000034365803,3.625,5563.578125,2925.530029296875,1353.4697265625,681.1658935546875,55.46630859375,259.7035217285156,274.56304931640625,272.15765380859375,272.03546142578125,276.1009521484375,89.98985290527344,93.12303161621094,94.24706268310547,94.5339126586914,,,,272.1007080078125,,100688.3125,93091.796875,,19.828548431396484,97.0,,,0.0,0.0,209.0,100.0,100.0,,100.0,,91.0,,100.0,100.0,2.0,310.0,267.0899963378906,267.3599853515625,100.0,86.0,20.799999237060547,23.700000762939453
2022-04-08T09:59,2022-04-08T10:00,24,holdout_baserate,0,2022,4,9,22,2022-04-07T12:00,22,2022-04-07T12:00,22,2022-04-07T12:00,25,2022-04-07T09:00,21,2022-04-07T12:00,24,2022-04-07T10:00,2481.0,100.0,100.0,0.0,0.0,1342.0919189453125,1342.0301513671875,56000.0,85400.0,3088.39111328125,5.956035137176514,259.7427978515625,274.3752746582031,271.8712463378906,272.6916809082031,276.7204895019531,5554.365234375,2916.52587890625,1345.8214111328125,14.135677337646484,267.32958984375,94.0999984741211,333.5986328125,412.3999938964844,100.0,0.0010999999940395355,14.960000038146973,919.5097045898438,100.0,97.5999984741211,3.9000000953674316,54.099998474121094,370.2638244628906,0.0018560000462457538,6.75,258.7151794433594,272.1349182128906,270.264892578125,271.9053039550781,275.9786376953125,5549.24365234375,2924.060302734375,1364.66357421875,693.4599609375,66.99934387207031,271.38287353515625,97.9000015258789,97.5,404.6766052246094,497.6000061035156,1195.687255859375,85.0,77.0,99.0,100.0,261.0,274.70001220703125,267.8999938964844,270.3999938964844,274.3999938964844,5554.77880859375,2903.93505859375,1344.8934326171875,679.3348999023438,49.25477981567383,268.6600036621094,98.19999694824219,100.0,456.79998779296875,490.239990234375,0.0035000001080334187,11.6875,878.6683349609375,91.0,38.0,17.0,91.0,2400.0,259.3375244140625,275.2687683105469,274.5718688964844,272.6490173339844,276.701171875,5554.18701171875,2918.545166015625,1338.6993408203125,662.8934936523438,14.487226486206055,271.90203857421875,95.40135955810547,96.94786834716797,374.8644104003906,560.0,0.0007200000109151006,12.3125,5565.4140625,2920.630859375,1349.5390625,677.1182250976562,50.91015625,260.18206787109375,274.556396484375,271.55670166015625,272.2843017578125,276.3416442871094,90.69091033935547,95.6883544921875,89.9413070678711,90.24593353271484,,,,272.181884765625,,100582.75,92997.734375,,18.610925674438477,94.0,,,0.0,0.0,256.0,99.0,99.0,,99.0,,48.0,,54.0,58.0,1.0,305.0,267.7900085449219,267.5099792480469,100.0,73.0,20.0,23.299999237060547
2022-04-08T09:59,2022-04-08T10:00,48,holdout_baserate,0,2022,4,9,46,2022-04-06T12:00,46,2022-04-06T12:00,46,2022-04-06T12:00,49,2022-04-06T09:00,45,2022-04-06T12:00,36,2022-04-06T22:00,4667.0,100.0,100.0,11.0,0.0,1342.1279296875,1342.11083984375,52300.0,85400.0,2788.979248046875,6.538561820983887,258.7878723144531,274.15838623046875,272.2599182128906,272.7718811035156,276.80877685546875,5552.060546875,2922.57666015625,1352.385009765625,21.357742309570312,267.6800842285156,94.5999984741211,331.4630126953125,471.20001220703125,0.0,0.0010000000474974513,22.549999237060547,1221.333740234375,100.0,85.5,0.0,97.30000305175781,404.3733215332031,0.0014911999460309744,12.9375,257.3299865722656,272.9869079589844,270.85968017578125,271.8663024902344,275.9390563964844,5541.2001953125,2918.36083984375,1359.2669677734375,687.3203125,60.91718673706055,271.29998779296875,98.69999694824219,98.19999694824219,315.0475769042969,486.0799865722656,1229.43505859375,91.0,2.0,0.0,400.0,259.1000061035156,274.8999938964844,267.20001220703125,271.29998779296875,275.3999938964844,5550.49560546875,2913.949951171875,1355.335205078125,687.9874267578125,59.072391510009766,269.2099914550781,100.0,100.0,740.6400146484375,574.719970703125,0.002400000113993883,6.375,1017.8670654296875,88.0,70.0,0.0,55.0,5700.0,257.05474853515625,275.02484130859375,274.08209228515625,272.5843811035156,276.68902587890625,5558.83984375,2931.54248046875,1351.09423828125,676.0081787109375,25.31456756591797,271.86578369140625,91.15351104736328,93.52515411376953,377.84136962890625,560.0,0.0007300000288523734,13.0625,5579.515625,2935.76611328125,1359.39208984375,685.9456787109375,59.462158203125,259.6229248046875,276.02496337890625,272.4824523925781,272.403076171875,276.445068359375,89.64630889892578,95.86151123046875,93.59357452392578,92.03182220458984,,,,272.34893798828125,,100734.625,93153.6484375,,17.10947036743164,94.0,,,32.0,32.0,256.0,72.0,78.0,,81.0,,59.0,,70.0,80.0,1.0,292.0,267.8999938964844,267.80999755859375,100.0,63.0,19.600000381469727,23.399999618530273
2022-04-23T12:54,2022-04-23T13:00,1,holdout_baserate,0,2022,4,12,1,2022-04-23T12:00,1,2022-04-23T12:00,1,2022-04-23T12:00,1,2022-04-23T12:00,0,2022-04-23T12:00,1,2022-04-23T12:00,-999.0,0.0,0.0,0.0,100.0,nan,277.5858459472656,nan,33700.0,nan,9.364921569824219,254.0813446044922,267.75799560546875,271.1861572265625,272.4179992675781,276.57745361328125,5637.7958984375,3071.086181640625,1536.525634765625,225.36170959472656,271.17681884765625,27.5,321.4677734375,1003.2000122070312,68000.0,0.0,0.0,20000.04296875,0.0,5.0,81.0999984741211,0.0,24135.275390625,0.0,0.0,255.29412841796875,268.04620361328125,270.4486389160156,272.63360595703125,277.4447021484375,5638.423828125,3064.537841796875,1531.932861328125,861.8457641601562,232.81544494628906,274.5963134765625,48.20000076293945,47.400001525878906,529.6307373046875,821.4400024414062,20000.138671875,0.0,0.0,0.0,24100.0,254.5,268.29998779296875,270.79998779296875,271.6000061035156,275.70001220703125,5637.37939453125,3064.750244140625,1528.119873046875,859.5277709960938,227.29383850097656,271.2599792480469,54.400001525878906,54.0,251.0399932861328,891.0399780273438,0.0,0.0,nan,1.0,32.0,8.0,1.0,28300.0,253.71922302246094,267.7002258300781,271.8359375,271.15863037109375,275.7074279785156,5639.02685546875,3073.600341796875,1538.617431640625,866.5830688476562,233.00790405273438,272.577880859375,64.23823547363281,54.43510818481445,384.78656005859375,670.0,0.0,0.0,5637.65625,3069.2138671875,1538.41650390625,868.3817138671875,245.94091796875,253.83993530273438,267.6971435546875,270.3207702636719,270.41839599609375,274.714599609375,6.983938217163086,9.497698783874512,35.29249572753906,43.42693328857422,,,,273.16046142578125,,103093.25,95321.109375,,4.392327785491943,48.0,,,88888.0,1696.0,16209.0,0.0,0.0,,0.0,,11.0,,11.0,11.0,0.0,375.0,266.989990234375,258.1399841308594,49.0,0.0,14.399999618530273,16.0
2022-04-23T12:54,2022-04-23T13:00,24,holdout_baserate,0,2022,4,12,25,2022-04-22T12:00,25,2022-04-22T12:00,25,2022-04-22T12:00,22,2022-04-22T15:00,24,2022-04-22T12:00,24,2022-04-22T13:00,-999.0,0.0,0.0,100.0,100.0,7573.5009765625,7372.01171875,nan,39300.0,8420.3193359375,9.199090003967285,253.59275817871094,267.756591796875,269.4891052246094,271.25604248046875,275.5268859863281,5629.65771484375,3060.5,1530.546630859375,224.68948364257812,269.7856140136719,36.400001525878906,319.6534423828125,793.2000122070312,55100.0,0.0,1.9500000476837158,20000.0625,0.0,4.099999904632568,4.900000095367432,0.0,24134.732421875,0.0,0.0,254.82716369628906,268.01885986328125,269.6888732910156,271.9788818359375,276.9288635253906,5639.45361328125,3066.260498046875,1536.6795654296875,868.8151245117188,241.07037353515625,274.41680908203125,44.099998474121094,45.5,582.262939453125,794.5599975585938,19999.94921875,4.0,7.0,0.0,24100.0,254.0,268.79998779296875,270.79998779296875,271.20001220703125,275.20001220703125,5634.15283203125,3059.9130859375,1520.091796875,852.5455322265625,225.2959747314453,270.4200134277344,41.099998474121094,34.0,250.39999389648438,761.4400024414062,0.0,0.0,nan,14.0,100.0,62.0,14.0,19100.0,254.32948303222656,267.312744140625,269.94598388671875,268.44769287109375,273.25653076171875,5627.8818359375,3061.50244140625,1531.165771484375,865.974853515625,237.19078063964844,270.2423400878906,80.49676513671875,76.12967681884766,408.11712646484375,320.0,0.0,0.125,5635.77734375,3069.553955078125,1536.48876953125,866.276611328125,244.289306640625,253.46824645996094,267.7083740234375,270.88677978515625,270.3188781738281,274.42041015625,7.6713151931762695,9.065977096557617,43.458717346191406,48.49090576171875,,,,273.08709716796875,,103074.8125,95288.453125,,4.335658073425293,49.0,,,88886.0,4200.0,256.0,11.0,11.0,,13.0,,42.0,,44.0,45.0,0.0,338.0,266.9700012207031,257.5099792480469,47.0,0.0,14.0,15.300000190734863
2022-04-23T12:54,2022-04-23T13:00,48,holdout_baserate,0,2022,4,12,43,2022-04-21T18:00,49,2022-04-21T12:00,49,2022-04-21T12:00,46,2022-04-21T15:00,48,2022-04-21T12:00,36,2022-04-22T01:00,-999.0,0.0,0.0,100.0,100.0,7203.5087890625,7393.91357421875,28500.0,39200.0,10338.2509765625,11.379652976989746,253.43223571777344,267.1581726074219,269.7835388183594,271.2047119140625,275.4871520996094,5626.23828125,3060.02099609375,1530.835205078125,225.77468872070312,270.195068359375,27.5,318.2449645996094,856.239990234375,68000.0,0.0,8.789999961853027,20000.044921875,0.0,7.900000095367432,3.9000000953674316,0.0,24134.8203125,0.0,0.0,255.30999755859375,267.916748046875,270.2133483886719,271.9855651855469,276.96307373046875,5645.982421875,3071.204833984375,1538.7548828125,869.959228515625,242.0633087158203,274.3876953125,50.29999923706055,51.599998474121094,532.3660278320312,795.8400268554688,20000.0546875,4.0,1.0,0.0,24100.0,254.3000030517578,268.5,271.20001220703125,271.5,275.5,5635.650390625,3059.649658203125,1520.864501953125,852.7509155273438,227.51075744628906,270.4200134277344,29.299999237060547,21.0,290.0799865722656,760.9600219726562,0.0,0.0,8627.7890625,9.0,0.0,73.0,9.0,20900.0,253.70188903808594,267.38189697265625,270.02166748046875,268.1004333496094,272.8115234375,5624.68115234375,3060.2060546875,1528.470947265625,863.3221435546875,234.86721801757812,269.9854736328125,76.19541931152344,71.03050231933594,399.47747802734375,270.0,0.0,0.5625,5634.03515625,3072.216064453125,1538.400390625,866.5438232421875,244.576904296875,252.57212829589844,267.4668273925781,271.5441589355469,270.6506042480469,274.4909973144531,5.601773262023926,9.109601020812988,37.28833770751953,43.74638366699219,,,,273.1885986328125,,103089.375,95303.015625,,3.614314079284668,48.0,,,88886.0,5184.0,256.0,11.0,11.0,,12.0,,52.0,,56.0,58.0,0.0,385.0,267.2099914550781,258.5799865722656,50.0,0.0,14.0,15.199999809265137
2022-05-06T15:54,2022-05-06T16:00,1,holdout_baserate,0,2022,5,15,1,2022-05-06T15:00,4,2022-05-06T12:00,4,2022-05-06T12:00,1,2022-05-06T15:00,3,2022-05-06T12:00,1,2022-05-06T15:00,-999.0,0.0,0.0,0.0,3.0,nan,nan,nan,nan,nan,5.336251735687256,252.617431640625,264.9480285644531,274.7184143066406,281.0751953125,285.58929443359375,5534.74560546875,2991.182373046875,1458.7730712890625,125.53228759765625,278.2491760253906,60.099998474121094,587.4595336914062,1628.56005859375,31100.0,0.0,0.0,2305.9091796875,63.599998474121094,0.30000001192092896,100.0,0.8999999761581421,24135.00390625,8.000000093488779e-07,0.0,253.49591064453125,264.5748596191406,275.1957702636719,282.54046630859375,286.8804626464844,5533.4873046875,2987.61474609375,1458.031005859375,767.0899047851562,115.90259552001953,283.9562072753906,43.20000076293945,44.5,1893.3468017578125,1675.3599853515625,20000.1484375,11.0,3.0,1.0,24100.0,252.89999389648438,264.20001220703125,274.8999938964844,280.6000061035156,284.79998779296875,5537.24755859375,2992.31640625,1463.4361572265625,773.7197265625,120.45591735839844,280.5400085449219,49.79999923706055,58.0,1332.800048828125,1632.3199462890625,0.0,0.0,nan,8.0,0.0,17.0,4.0,41500.0,252.76446533203125,264.18414306640625,274.4764099121094,281.0682678222656,285.9994812011719,5532.71044921875,2990.584716796875,1460.275146484375,772.0244750976562,127.54212188720703,282.7904968261719,48.021968841552734,45.98299026489258,1075.1192626953125,1620.0,0.0,0.0,5525.85546875,2986.301025390625,1459.47314453125,772.4205322265625,125.47802734375,252.49713134765625,263.6853942871094,273.62042236328125,280.6964111328125,285.322265625,60.678955078125,61.16497039794922,40.458038330078125,36.27216720581055,,,,283.65020751953125,,101519.6875,94111.78125,,8.75574779510498,51.0,,,88885.0,1200.0,16209.0,11.0,12.0,,17.0,,9.0,,9.0,9.0,3.0,1200.0,274.05999755859375,267.32000732421875,59.0,0.0,11.199999809265137,12.600000381469727
2022-05-06T15:54,2022-05-06T16:00,24,holdout_baserate,0,2022,5,15,22,2022-05-05T18:00,22,2022-05-05T18:00,22,2022-05-05T18:00,25,2022-05-05T15:00,21,2022-05-05T18:00,24,2022-05-05T16:00,-999.0,0.0,2.0,3.0,100.0,8665.4443359375,514.541259765625,30400.0,32100.0,9876.814453125,4.468555450439453,252.3656005859375,264.07489013671875,274.9295654296875,281.3340759277344,285.831298828125,5539.27294921875,2997.93115234375,1466.457763671875,133.33236694335938,278.5973815917969,66.19999694824219,753.3511962890625,1677.760009765625,26800.0,0.0,0.0,2093.559814453125,94.5,29.600000381469727,100.0,1.7000000476837158,24134.994140625,8.000000093488779e-07,0.0,252.26966857910156,264.1036682128906,275.1645812988281,282.3848876953125,286.7261047363281,5537.36279296875,2991.60107421875,1461.0574951171875,770.1321411132812,119.18262481689453,283.8244934082031,46.79999923706055,48.099998474121094,1704.68359375,1674.56005859375,20000.099609375,30.0,16.0,11.0,24100.0,253.3000030517578,264.29998779296875,273.8999938964844,279.6000061035156,283.79998779296875,5531.671875,2983.78857421875,1457.5665283203125,770.3953857421875,119.6239242553711,279.6199951171875,46.79999923706055,55.0,1051.0400390625,1527.3599853515625,0.0,0.0,8777.2626953125,42.0,4.0,45.0,27.0,24600.0,252.02505493164062,264.012939453125,273.55999755859375,279.36041259765625,284.24444580078125,5537.9072265625,2995.34130859375,1463.5020751953125,778.62109375,136.55203247070312,281.41717529296875,69.03363037109375,68.87262725830078,833.78955078125,1550.0,0.0,0.0,5531.58984375,2984.747314453125,1460.253173828125,773.7154541015625,127.450927734375,253.00819396972656,264.4520568847656,273.3909912109375,280.4802551269531,285.10107421875,33.45290756225586,58.92680740356445,38.84738540649414,34.53746032714844,,,,283.3171691894531,,101546.9375,94133.6796875,,7.218662738800049,62.0,,,30.0,32.0,384.0,32.0,36.0,,47.0,,30.0,,30.0,31.0,21.0,925.0,273.9599914550781,269.42999267578125,72.0,3.0,9.199999809265137,10.199999809265137
2022-05-06T15:54,2022-05-06T16:00,48,holdout_baserate,0,2022,5,15,46,2022-05-04T18:00,46,2022-05-04T18:00,46,2022-05-04T18:00,49,2022-05-04T15:00,45,2022-05-04T18:00,36,2022-05-05T04:00,-999.0,0.0,3.0,3.0,100.0,9310.142578125,2183.915771484375,nan,77700.0,11871.09765625,4.465845584869385,252.16590881347656,264.2842712402344,276.24322509765625,282.3943786621094,286.88604736328125,5539.84765625,3000.7080078125,1464.1328125,127.0179672241211,279.52947998046875,72.5,840.7091674804688,1810.719970703125,23000.0,0.0,0.4000000059604645,2114.796875,62.70000076293945,30.700000762939453,100.0,3.0,24135.203125,4.800000169780105e-06,0.0,252.6754913330078,264.5474548339844,275.3486633300781,282.48956298828125,286.83953857421875,5541.0732421875,2990.713134765625,1457.8916015625,766.555908203125,115.26565551757812,283.7424011230469,49.79999923706055,50.900001525878906,1510.581298828125,1699.52001953125,19999.876953125,0.0,0.0,39.0,24100.0,252.0,266.20001220703125,272.5,278.20001220703125,282.29998779296875,5528.9072265625,2984.12353515625,1458.1317138671875,774.835693359375,127.5588150024414,278.239990234375,39.400001525878906,46.0,935.0399780273438,1396.0,0.0,0.0,nan,66.0,90.0,100.0,17.0,25400.0,250.2917022705078,264.27044677734375,274.2370910644531,280.30059814453125,285.114501953125,5536.95703125,3006.171875,1473.229736328125,786.0697021484375,142.47189331054688,281.7342834472656,68.68245697021484,67.13471984863281,838.1861572265625,1630.0,0.0,1.4375,5541.94140625,2995.3740234375,1467.81005859375,781.8442993164062,136.15087890625,252.78904724121094,264.35699462890625,273.29248046875,280.1780700683594,284.8291015625,62.14790344238281,69.76696014404297,46.403141021728516,40.786781311035156,,,,283.0935974121094,,101650.4375,94222.859375,,9.559986114501953,61.0,,,1766.0,1768.0,384.0,11.0,18.0,,29.0,,34.0,,35.0,37.0,9.0,1122.0,274.07000732421875,268.05999755859375,64.0,0.0,10.399999618530273,11.5
2022-05-18T09:57,2022-05-18T10:00,1,holdout_baserate,0,2022,5,9,1,2022-05-18T09:00,4,2022-05-18T06:00,4,2022-05-18T06:00,1,2022-05-18T09:00,3,2022-05-18T06:00,1,2022-05-18T09:00,-999.0,100.0,100.0,0.0,0.0,1342.679443359375,1342.51904296875,84100.0,85400.0,1572.8687744140625,14.707002639770508,253.73638916015625,270.0470886230469,272.257080078125,275.7854309082031,280.00341796875,5511.94091796875,2927.92041015625,1381.5120849609375,54.18600845336914,271.2958984375,98.69999694824219,356.7448425292969,1027.8399658203125,100.0,0.0,0.0010000000474974513,868.0790405273438,81.80000305175781,4.0,20.700000762939453,100.0,4677.0771484375,3.5999998999614036e-06,0.0,255.36865234375,268.0469665527344,269.5193786621094,274.5217590332031,278.633544921875,5499.259765625,2915.105224609375,1384.398193359375,709.95556640625,77.27246856689453,274.20001220703125,91.9000015258789,91.5999984741211,1030.9949951171875,873.5999755859375,20000.095703125,10.0,0.0,27.0,0.0,255.8000030517578,269.70001220703125,269.29998779296875,273.8999938964844,278.0,5507.67236328125,2918.227783203125,1381.6448974609375,707.8702392578125,69.9092788696289,271.21002197265625,99.19999694824219,100.0,459.0400085449219,883.3599853515625,0.00019999999494757503,0.8125,1119.058837890625,98.0,0.0,37.0,98.0,15500.0,254.35882568359375,267.9539794921875,270.6763916015625,275.2982177734375,279.79180908203125,5506.90380859375,2930.6513671875,1394.873291015625,718.5111083984375,73.99810028076172,275.0086364746094,87.0,82.59344482421875,616.5538940429688,950.0,0.0,0.0,5495.3515625,2913.74072265625,1380.775390625,704.5581665039062,70.764892578125,255.03114318847656,267.53936767578125,270.197021484375,275.32373046875,279.61328125,75.95474243164062,90.4399642944336,82.8392105102539,79.7646713256836,,,,275.96612548828125,,100859.25,93338.0,,11.933520317077637,80.0,,,0.0,0.0,209.0,76.0,95.0,,100.0,,61.0,,61.0,61.0,2.0,476.0,268.8999938964844,267.71002197265625,93.0,2.0,19.600000381469727,23.200000762939453
2022-05-18T09:57,2022-05-18T10:00,24,holdout_baserate,0,2022,5,9,22,2022-05-17T12:00,22,2022-05-17T12:00,22,2022-05-17T12:00,25,2022-05-17T09:00,21,2022-05-17T12:00,24,2022-05-17T10:00,-999.0,100.0,100.0,0.0,3.0,1342.42626953125,1342.1949462890625,84100.0,85300.0,9958.5537109375,14.443780899047852,254.58560180664062,269.31134033203125,270.7196044921875,273.81268310546875,278.0572204589844,5510.7421875,2928.68505859375,1386.396240234375,64.48355102539062,269.976318359375,98.4000015258789,353.5096130371094,822.7999877929688,100.0,0.0,4.320000171661377,838.0542602539062,82.0999984741211,0.0,35.900001525878906,100.0,3023.901123046875,6.4000000747910235e-06,0.0625,255.04148864746094,268.4560852050781,269.30731201171875,274.16607666015625,278.27606201171875,5504.1552734375,2918.575927734375,1387.9837646484375,714.1080322265625,82.23243713378906,273.8167419433594,94.0999984741211,93.69999694824219,896.6975708007812,843.2000122070312,19999.92578125,27.0,20.0,37.0,0.0,256.20001220703125,269.1000061035156,267.70001220703125,272.3999938964844,276.5,5501.70703125,2907.66357421875,1374.9810791015625,705.1867065429688,71.94190216064453,269.760009765625,98.5,100.0,557.1199951171875,659.0399780273438,0.0008999999845400453,2.8125,882.078857421875,100.0,0.0,50.0,100.0,7200.0,254.36485290527344,268.9935607910156,271.00531005859375,273.520263671875,277.8666687011719,5514.154296875,2934.496337890625,1390.939697265625,716.8670043945312,73.81057739257812,273.1552734375,95.29210662841797,91.70051574707031,492.3243408203125,730.0,0.0,3.375,5494.64453125,2911.1640625,1380.28271484375,705.470947265625,72.1982421875,255.03189086914062,267.36212158203125,269.5417785644531,275.00994873046875,279.3275146484375,79.18081665039062,96.49079132080078,82.12019348144531,77.78562927246094,,,,275.55419921875,,100884.4375,93365.90625,,12.246655464172363,73.0,,,0.0,0.0,256.0,61.0,61.0,,61.0,,33.0,,33.0,33.0,1.0,472.0,268.25,267.57000732421875,95.0,7.0,19.200000762939453,23.200000762939453
2022-05-18T09:57,2022-05-18T10:00,48,holdout_baserate,0,2022,5,9,46,2022-05-16T12:00,46,2022-05-16T12:00,46,2022-05-16T12:00,49,2022-05-16T09:00,45,2022-05-16T12:00,36,2022-05-16T22:00,-999.0,0.0,91.0,100.0,100.0,5704.9853515625,1342.319091796875,32300.0,85300.0,9414.8779296875,16.08921241760254,252.7008819580078,271.00164794921875,272.0086364746094,274.02294921875,278.214111328125,5516.47265625,2935.2041015625,1382.546875,59.61895751953125,270.1359558105469,98.0999984741211,302.4419250488281,843.760009765625,12200.0,0.0,44.52000045776367,785.1187133789062,98.9000015258789,4.0,77.69999694824219,100.0,345.6181640625,3.2000000373955118e-06,0.1875,255.57398986816406,268.8599853515625,269.2249450683594,274.219970703125,278.3149719238281,5511.70751953125,2921.478759765625,1388.785400390625,714.90234375,82.89897155761719,273.84100341796875,95.5999984741211,94.69999694824219,974.0897827148438,851.52001953125,19999.96875,50.0,17.0,14.0,0.0,257.3999938964844,269.79998779296875,267.20001220703125,272.0,276.0,5495.10888671875,2882.4013671875,1348.583251953125,679.925048828125,49.834999084472656,269.79998779296875,100.0,100.0,453.9200134277344,665.9199829101562,0.0019000000320374966,4.5,825.98974609375,100.0,84.0,100.0,100.0,3100.0,253.63638305664062,270.391357421875,270.28167724609375,273.00140380859375,277.4428405761719,5509.60546875,2928.99462890625,1381.059326171875,708.633056640625,65.49845123291016,272.485595703125,98.75435638427734,95.47665405273438,465.0676574707031,650.0,0.0,28.25,5485.84765625,2901.67529296875,1375.66552734375,700.7796020507812,67.8173828125,255.0076446533203,267.31793212890625,269.3968505859375,274.9765319824219,279.28533935546875,74.42379760742188,94.0956802368164,82.30789947509766,78.5179672241211,,,,275.66497802734375,,100830.4375,93307.0546875,,11.898686408996582,86.0,,,32.0,32.0,384.0,64.0,67.0,,67.0,,12.0,,13.0,14.0,1.0,459.0,268.40997314453125,267.4599914550781,92.0,6.0,18.799999237060547,23.600000381469727
2022-05-30T00:54,2022-05-30T01:00,1,holdout_baserate,0,2022,5,0,1,2022-05-30T00:00,1,2022-05-30T00:00,1,2022-05-30T00:00,1,2022-05-30T00:00,0,2022-05-30T00:00,1,2022-05-30T00:00,-999.0,0.0,0.0,0.0,0.0,nan,nan,nan,nan,nan,3.6732022762298584,258.6704406738281,272.951904296875,284.9400634765625,290.9148254394531,295.26666259765625,5733.34375,3108.361328125,1524.2366943359375,142.79452514648438,284.0167541503906,53.79999923706055,1048.921142578125,3222.8798828125,36300.0,0.0,0.0,19999.99609375,2.9000000953674316,0.4000000059604645,3.0,0.0,24135.298828125,0.0,0.0,259.4057312011719,273.18017578125,284.210205078125,287.40789794921875,290.7323913574219,5733.09912109375,3102.4091796875,1521.544921875,808.1378173828125,148.94778442382812,285.1833190917969,64.5,54.0,15.166722297668457,3128.47998046875,19999.951171875,9.0,0.0,0.0,24100.0,259.20001220703125,273.3999938964844,284.20001220703125,288.8999938964844,293.20001220703125,5728.130859375,3097.01220703125,1514.8316650390625,802.6431884765625,133.52882385253906,285.6500244140625,66.5,64.0,147.36000061035156,3204.639892578125,0.0,0.0,nan,2.0,0.0,0.0,0.0,46400.0,258.8859558105469,272.6657409667969,285.1426086425781,291.4894104003906,296.00811767578125,5734.798828125,3108.734375,1524.8177490234375,809.0197143554688,140.72634887695312,289.00445556640625,43.0,38.127140045166016,1577.2093505859375,2960.0,0.0,0.0,5726.84765625,3099.3505859375,1515.480712890625,800.994384765625,134.18505859375,258.6418151855469,272.8514404296875,284.6151428222656,291.0788879394531,295.7040100097656,44.99108123779297,51.01714324951172,40.45648956298828,50.59144592285156,,,,289.6791076660156,,101590.875,94369.859375,,16.648494720458984,7.0,,,88888.0,1480.0,nan,,,,,,,,,,7.0,187.0,280.1399841308594,276.260009765625,75.0,0.0,9.199999809265137,10.0
2022-05-30T00:54,2022-05-30T01:00,24,holdout_baserate,0,2022,5,0,25,2022-05-29T00:00,25,2022-05-29T00:00,25,2022-05-29T00:00,22,2022-05-29T03:00,24,2022-05-29T00:00,24,2022-05-29T01:00,-999.0,0.0,0.0,0.0,8.0,nan,nan,nan,nan,nan,4.67459774017334,260.095458984375,271.9815673828125,284.40972900390625,290.3573913574219,294.60809326171875,5735.408203125,3110.84912109375,1530.00634765625,151.38294982910156,283.5890197753906,53.400001525878906,782.8990478515625,3057.919921875,36200.0,0.0,0.0,15840.4189453125,18.799999237060547,0.5,3.4000000953674316,0.0,24134.78125,0.0,0.0,259.3457946777344,272.0196533203125,283.7496643066406,286.9296875,290.1964416503906,5735.9892578125,3102.765869140625,1522.5206298828125,810.6314697265625,152.0502166748047,284.86614990234375,71.5999984741211,60.5,19.758333206176758,2819.199951171875,19999.984375,2.0,0.0,0.0,24100.0,259.79998779296875,273.8999938964844,283.1000061035156,287.29998779296875,291.6000061035156,5731.7783203125,3097.97216796875,1513.6546630859375,804.9906616210938,135.2329559326172,284.510009765625,77.30000305175781,79.0,224.63999938964844,3243.0400390625,0.0,0.0,nan,0.0,0.0,0.0,0.0,36500.0,260.5010986328125,271.3885192871094,284.09368896484375,290.5238037109375,295.1194763183594,5730.91455078125,3106.9853515625,1527.587890625,813.9417114257812,148.19024658203125,288.2579650878906,54.0,48.71092987060547,1480.809814453125,2830.0,0.0,0.0,5723.67578125,3101.055908203125,1517.849365234375,804.42236328125,138.88525390625,259.066162109375,272.4855651855469,284.2113342285156,290.3428955078125,294.89691162109375,56.758872985839844,53.915802001953125,45.388328552246094,53.790802001953125,,,,288.5122985839844,,101656.9375,94413.265625,,17.893699645996094,11.0,,,88886.0,1416.0,384.0,29.0,33.0,,51.0,,45.0,,45.0,45.0,7.0,280.0,280.7400207519531,276.58001708984375,75.0,4.0,10.0,10.800000190734863
2022-05-30T00:54,2022-05-30T01:00,48,holdout_baserate,0,2022,5,0,43,2022-05-28T06:00,49,2022-05-28T00:00,49,2022-05-28T00:00,46,2022-05-28T03:00,48,2022-05-28T00:00,36,2022-05-28T13:00,-999.0,0.0,0.0,0.0,0.0,nan,nan,nan,nan,nan,4.203155994415283,259.68988037109375,271.9443054199219,283.13958740234375,289.0849304199219,293.3868103027344,5740.54150390625,3115.15625,1538.083740234375,163.61831665039062,282.5516052246094,63.400001525878906,539.3952026367188,3088.320068359375,28000.0,0.0,3.130000114440918,1398.845703125,7.400000095367432,0.8999999761581421,100.0,0.0,24134.880859375,0.0,0.0,261.2054443359375,273.240478515625,284.09515380859375,287.1876220703125,290.94000244140625,5745.8935546875,3100.385986328125,1516.0284423828125,803.0594482421875,143.3914337158203,285.47235107421875,71.9000015258789,63.099998474121094,16.838306427001953,3117.919921875,19999.923828125,2.0,2.0,0.0,24100.0,259.8999938964844,273.6000061035156,283.1000061035156,287.79998779296875,292.1000061035156,5733.646484375,3092.177001953125,1509.830078125,800.2660522460938,130.04791259765625,284.8399963378906,67.5,67.0,349.6000061035156,3242.8798828125,0.0,0.0,nan,0.0,0.0,0.0,0.0,22200.0,259.94366455078125,272.28057861328125,282.27996826171875,288.5392761230469,293.1785583496094,5740.52734375,3108.019287109375,1532.78955078125,823.7269287109375,158.6971435546875,286.6264343261719,72.51339721679688,65.14956665039062,1037.232177734375,2920.0,0.0,8.625,5727.66015625,3097.66845703125,1514.7783203125,801.229248046875,135.35595703125,260.06707763671875,272.42193603515625,284.23419189453125,290.5748291015625,295.1759033203125,64.96694946289062,52.3557014465332,41.43901062011719,50.557472229003906,,,,289.14495849609375,,101601.3125,94361.1875,,17.77364158630371,21.0,,,88886.0,1024.0,384.0,37.0,38.0,,57.0,,38.0,,38.0,38.0,3.0,350.0,280.7200012207031,276.0099792480469,72.0,3.0,9.600000381469727,10.399999618530273
2022-06-11T18:56,2022-06-11T19:00,1,holdout_baserate,0,2022,6,18,1,2022-06-11T18:00,1,2022-06-11T18:00,1,2022-06-11T18:00,1,2022-06-11T18:00,0,2022-06-11T18:00,1,2022-06-11T18:00,-999.0,1.0,1.0,2.0,2.0,nan,2491.453857421875,nan,75100.0,nan,3.3497958183288574,257.1397399902344,270.43194580078125,283.15594482421875,289.642578125,294.24951171875,5650.05712890625,3048.77783203125,1473.696533203125,101.27349853515625,286.15496826171875,71.5999984741211,1042.623779296875,2756.009521484375,23700.0,0.0,0.0,2905.381591796875,80.0,92.0999984741211,88.0,0.0,24134.951171875,0.0,0.0,256.7391357421875,269.7512512207031,283.378662109375,290.35870361328125,294.72564697265625,5648.99072265625,3047.3505859375,1472.65087890625,760.620849609375,96.5971450805664,290.9610900878906,45.20000076293945,43.900001525878906,1599.748779296875,2639.0400390625,20000.185546875,40.0,21.0,48.0,24100.0,256.5,271.70001220703125,284.20001220703125,289.70001220703125,294.1000061035156,5655.35986328125,3052.970703125,1474.965087890625,760.9285888671875,91.25395202636719,288.5799865722656,61.79999923706055,65.0,1752.6400146484375,2669.60009765625,0.0,0.4375,6563.1513671875,33.0,22.0,39.0,31.0,31000.0,256.8633117675781,270.3688049316406,282.90020751953125,289.7292175292969,294.6200866699219,5648.2265625,3053.16943359375,1478.1624755859375,766.8057250976562,103.69398498535156,290.56256103515625,60.03074645996094,56.813140869140625,1685.15185546875,2690.0,1.9999999494757503e-05,0.0625,5650.56640625,3045.074951171875,1470.4169921875,761.1453247070312,97.571044921875,256.7706298828125,271.1607666015625,282.0210266113281,289.06451416015625,293.7535400390625,75.4645004272461,71.73843383789062,50.366844177246094,46.27014923095703,,,,291.23065185546875,,101159.25,93939.125,,18.343379974365234,57.0,,,398.0,400.0,16274.0,0.0,16.0,,66.0,,3.0,,4.0,9.0,184.0,1122.0,281.010009765625,277.58001708984375,78.0,4.0,6.800000190734863,7.900000095367432
2022-06-11T18:56,2022-06-11T19:00,24,holdout_baserate,0,2022,6,18,25,2022-06-10T18:00,25,2022-06-10T18:00,25,2022-06-10T18:00,22,2022-06-10T21:00,24,2022-06-10T18:00,24,2022-06-10T19:00,-999.0,0.0,2.0,12.0,3.0,nan,3897.075927734375,nan,62900.0,nan,5.097645282745361,256.8876647949219,270.0478515625,282.55126953125,288.88238525390625,293.40594482421875,5644.4560546875,3052.147705078125,1479.01318359375,109.9569091796875,285.57525634765625,74.0999984741211,665.7474975585938,2797.2802734375,22500.0,0.0,0.009999999776482582,1957.290771484375,100.0,4.0,100.0,0.0,24135.046875,1.8400000044493936e-05,0.0625,256.17767333984375,270.52996826171875,283.5303039550781,289.77520751953125,294.0704345703125,5647.12548828125,3047.241943359375,1471.5311279296875,759.1891479492188,95.66336059570312,289.6000061035156,65.80000305175781,55.70000076293945,502.7934875488281,2633.760009765625,4799.04736328125,13.0,45.0,85.0,24100.0,256.70001220703125,271.6000061035156,281.6000061035156,287.1000061035156,291.3999938964844,5652.310546875,3043.829345703125,1467.4141845703125,759.6718139648438,87.12940216064453,286.0899963378906,76.69999694824219,82.0,537.5999755859375,2762.239990234375,0.0,0.0625,2883.332763671875,95.0,100.0,99.0,28.0,21800.0,256.8173522949219,269.9642333984375,282.2823181152344,288.5877990722656,293.4571838378906,5643.9775390625,3051.880859375,1478.7362060546875,769.3555908203125,107.36283111572266,289.33563232421875,75.0,70.40311431884766,1113.733642578125,2670.0,4.999999873689376e-05,1.625,5648.91796875,3043.994140625,1466.884765625,756.05859375,91.495849609375,256.76641845703125,271.4710693359375,282.6001892089844,289.66888427734375,294.33953857421875,74.43572998046875,68.6236572265625,48.445335388183594,43.90095138549805,,,,291.6985168457031,,101098.75,93889.296875,,17.338478088378906,44.0,,,88888.0,1472.0,384.0,26.0,36.0,,57.0,,45.0,,47.0,47.0,143.0,1103.0,281.0799865722656,277.47998046875,79.0,5.0,7.599999904632568,9.0
2022-06-11T18:56,2022-06-11T19:00,48,holdout_baserate,0,2022,6,18,43,2022-06-10T00:00,49,2022-06-09T18:00,49,2022-06-09T18:00,46,2022-06-09T21:00,48,2022-06-09T18:00,36,2022-06-10T07:00,-999.0,0.0,12.0,6.0,0.0,nan,2761.676025390625,nan,72700.0,nan,3.9224512577056885,255.45071411132812,269.936279296875,282.965576171875,289.52239990234375,294.08819580078125,5643.11279296875,3052.731689453125,1479.85986328125,109.37824249267578,285.8262023925781,67.0,1199.377685546875,2647.840087890625,26500.0,0.0,0.3400000035762787,1044.5335693359375,92.9000015258789,57.400001525878906,89.9000015258789,0.0,24134.822265625,0.0,0.0,257.6470642089844,269.5372314453125,283.2798156738281,290.4598388671875,294.829833984375,5649.20703125,3045.076904296875,1471.8590087890625,759.913818359375,95.76691436767578,290.92547607421875,45.0,43.400001525878906,2011.7103271484375,2567.840087890625,19999.880859375,9.0,2.0,17.0,24100.0,258.1000061035156,271.5,282.0,287.6000061035156,291.8999938964844,5653.16748046875,3040.91748046875,1465.1810302734375,756.5811157226562,85.26971435546875,286.7699890136719,67.80000305175781,71.0,591.2000122070312,2779.360107421875,0.0,0.1875,nan,47.0,39.0,97.0,1.0,29800.0,257.1563415527344,269.318359375,281.30548095703125,288.0085754394531,292.8728942871094,5636.90087890625,3045.505859375,1477.8592529296875,770.9284057617188,110.89862823486328,288.66180419921875,62.028472900390625,58.07212448120117,1215.7542724609375,2570.0,0.0,1.0,5635.6796875,3036.562744140625,1462.915771484375,755.057373046875,92.648681640625,257.1373291015625,271.1392822265625,281.48992919921875,288.326416015625,293.0257263183594,54.15156173706055,72.33953094482422,52.56889343261719,48.83082580566406,,,,290.15533447265625,,101104.875,93878.546875,,17.144065856933594,57.0,,,88888.0,1432.0,384.0,23.0,35.0,,64.0,,37.0,,38.0,38.0,110.0,1487.0,281.32000732421875,276.3900146484375,71.0,5.0,8.100000381469727,9.699999809265137
2022-06-25T06:50,2022-06-25T07:00,1,holdout_baserate,0,2022,6,6,1,2022-06-25T06:00,1,2022-06-25T06:00,1,2022-06-25T06:00,1,2022-06-25T06:00,0,2022-06-25T06:00,1,2022-06-25T06:00,-999.0,0.0,0.0,0.0,0.0,nan,nan,nan,nan,nan,6.555571556091309,263.153564453125,277.7286376953125,287.45257568359375,290.15130615234375,294.114990234375,5800.556640625,3134.435546875,1522.9530029296875,133.47244262695312,284.7480163574219,67.30000305175781,177.33433532714844,3920.93994140625,24700.0,0.0,0.0,20000.013671875,0.0,0.0,0.0,0.0,24135.138671875,0.0,0.0,263.65899658203125,277.5487365722656,286.5723876953125,288.3545837402344,291.5208740234375,5809.2685546875,3141.479736328125,1533.7344970703125,815.5202026367188,154.8394317626953,286.2803649902344,77.5999984741211,67.19999694824219,26.049877166748047,3856.9599609375,19999.98828125,2.0,0.0,0.0,24100.0,263.20001220703125,277.8999938964844,286.3999938964844,290.29998779296875,294.6000061035156,5812.06103515625,3143.128662109375,1533.948974609375,816.5189819335938,150.4358673095703,287.29998779296875,84.5999984741211,85.0,268.7200012207031,3903.199951171875,0.0,0.0,nan,0.0,0.0,0.0,0.0,24300.0,263.40423583984375,277.2582702636719,287.2901611328125,291.1415710449219,293.65277099609375,5808.9521484375,3143.12939453125,1534.46142578125,814.9500122070312,143.05062866210938,286.2294616699219,65.0,58.31695556640625,173.36630249023438,3910.0,0.0,0.0,5811.85546875,3142.720458984375,1532.892822265625,814.5875244140625,149.528076171875,263.6988220214844,277.40924072265625,286.73822021484375,290.498779296875,294.556640625,70.51336669921875,70.19453430175781,67.30607604980469,81.13740539550781,,,,286.16461181640625,,101788.375,94537.3984375,,23.022192001342773,8.0,,,88888.0,736.0,16209.0,21.0,22.0,,23.0,,13.0,,14.0,14.0,0.0,127.0,281.67999267578125,279.9100036621094,89.0,0.0,9.600000381469727,10.399999618530273
2022-06-25T06:50,2022-06-25T07:00,24,holdout_baserate,0,2022,6,6,25,2022-06-24T06:00,25,2022-06-24T06:00,25,2022-06-24T06:00,22,2022-06-24T09:00,24,2022-06-24T06:00,24,2022-06-24T07:00,-999.0,0.0,0.0,0.0,0.0,nan,nan,nan,nan,nan,4.675741672515869,261.6455383300781,276.654296875,287.337158203125,291.56298828125,295.6392822265625,5804.57470703125,3147.77099609375,1541.905029296875,150.90126037597656,285.25787353515625,51.599998474121094,169.46798706054688,3791.752685546875,37800.0,0.0,0.0,20000.044921875,0.0,0.0,1.600000023841858,0.0,24135.09765625,0.0,0.0,263.0097351074219,277.2444152832031,287.121826171875,288.9710998535156,291.94171142578125,5814.166015625,3148.01513671875,1539.5462646484375,819.724853515625,158.45762634277344,286.6999816894531,71.9000015258789,61.5,22.046815872192383,3966.719970703125,19999.984375,21.0,0.0,0.0,24100.0,263.20001220703125,278.0,288.1000061035156,290.0,294.3999938964844,5816.3544921875,3148.336181640625,1535.4403076171875,818.3807983398438,150.34524536132812,286.3099670410156,81.5,64.0,148.32000732421875,3953.60009765625,0.0,0.0625,nan,0.0,0.0,16.0,0.0,19000.0,262.6350402832031,277.3934326171875,286.1842041015625,290.2627258300781,293.8193664550781,5809.17138671875,3147.96142578125,1540.5948486328125,824.0814208984375,152.1455535888672,286.68536376953125,73.01378631591797,65.67512512207031,177.84823608398438,3880.0,0.0,0.375,5812.8359375,3142.49169921875,1534.060791015625,814.6144409179688,148.56689453125,263.5669860839844,277.74029541015625,287.02117919921875,291.15887451171875,295.1575622558594,66.43069458007812,65.89891052246094,62.12464904785156,83.82484436035156,,,,287.72772216796875,,101772.1875,94524.8984375,,22.586669921875,25.0,,,88886.0,1168.0,256.0,34.0,34.0,,36.0,,58.0,,62.0,62.0,1.0,115.0,281.6099853515625,279.719970703125,89.0,3.0,8.399999618530273,8.399999618530273
2022-07-09T21:51,2022-07-09T22:00,1,holdout_baserate,0,2022,7,21,1,2022-07-09T21:00,4,2022-07-09T18:00,4,2022-07-09T18:00,1,2022-07-09T21:00,3,2022-07-09T18:00,1,2022-07-09T21:00,-999.0,0.0,0.0,0.0,0.0,nan,nan,nan,nan,nan,5.071690082550049,259.0288391113281,273.54974365234375,282.43408203125,288.8181457519531,293.50732421875,5727.57421875,3102.154052734375,1524.00830078125,150.00987243652344,284.8888244628906,53.599998474121094,600.7506713867188,3283.38232421875,36600.0,0.0,0.0,19999.849609375,0.0,0.0,4.699999809265137,0.0,24135.046875,0.0,0.0,259.30633544921875,273.55780029296875,282.6540222167969,289.6639709472656,294.10284423828125,5725.06982421875,3098.65478515625,1520.0234375,810.3182373046875,146.99188232421875,290.2381286621094,35.099998474121094,32.5,1432.84814453125,3169.60009765625,20000.07421875,1.0,0.0,0.0,24100.0,259.3999938964844,273.8999938964844,281.20001220703125,286.3999938964844,290.70001220703125,5724.58837890625,3100.469482421875,1518.0264892578125,812.5001220703125,142.00706481933594,285.2699890136719,77.5999984741211,83.0,392.32000732421875,3217.1201171875,0.0,0.0,nan,0.0,0.0,0.0,0.0,44900.0,258.95123291015625,273.1993103027344,282.44012451171875,289.339111328125,294.3408203125,5725.76904296875,3105.884033203125,1528.28173828125,818.8889770507812,152.49525451660156,289.90460205078125,45.040130615234375,39.9066276550293,1280.400634765625,3140.0,0.0,0.0,5725.80859375,3100.202392578125,1522.851318359375,814.3236083984375,150.706298828125,258.2467041015625,273.65582275390625,281.82568359375,288.870849609375,293.5945129394531,18.084999084472656,62.97640609741211,44.21153259277344,39.92131805419922,,,,291.46820068359375,,101792.25,94530.7109375,,11.475790023803711,9.0,,,88886.0,4344.0,16274.0,6.0,8.0,,8.0,,6.0,,6.0,6.0,0.0,914.0,279.67999267578125,274.1700134277344,68.0,0.0,10.100000381469727,11.0
2022-06-25T06:50,2022-06-25T07:00,48,holdout_baserate,0,2022,6,6,43,2022-06-23T12:00,49,2022-06-23T06:00,49,2022-06-23T06:00,46,2022-06-23T09:00,48,2022-06-23T06:00,36,2022-06-23T19:00,-999.0,0.0,0.0,0.0,0.0,nan,nan,nan,nan,nan,4.1395182609558105,261.7707824707031,276.87872314453125,286.6803894042969,290.94158935546875,295.1483459472656,5802.787109375,3146.0927734375,1540.341796875,151.4805145263672,284.7207336425781,48.400001525878906,166.30856323242188,3780.541748046875,41400.0,0.0,0.7799999713897705,20000.04296875,0.0,0.0,0.0,0.0,24135.0,0.0,0.0,263.429931640625,277.6794128417969,287.0415954589844,288.5015869140625,291.5,5813.0517578125,3145.806396484375,1534.9188232421875,816.28515625,155.33319091796875,286.21148681640625,85.0,72.19999694824219,21.102394104003906,3964.0,20000.03515625,32.0,0.0,0.0,24100.0,264.70001220703125,279.2129821777344,286.0,290.1000061035156,294.3999938964844,5816.37841796875,3134.357666015625,1524.637939453125,808.6100463867188,146.44619750976562,285.8999938964844,82.0999984741211,76.0,73.04000091552734,4335.35986328125,0.0,0.0,nan,0.0,0.0,0.0,0.0,20400.0,262.19647216796875,277.06695556640625,287.2592468261719,290.28857421875,293.79608154296875,5809.298828125,3151.292236328125,1542.200927734375,825.1348266601562,154.02462768554688,286.5979919433594,71.30204772949219,64.25838470458984,135.47645568847656,3840.0,0.0,1.25,5798.390625,3133.109375,1523.95654296875,804.2281494140625,138.736083984375,263.21343994140625,277.36334228515625,287.0848693847656,290.95343017578125,294.89971923828125,72.08486938476562,73.1123046875,68.05032348632812,88.82239532470703,,,,287.7768249511719,,101653.9375,94412.984375,,25.53007698059082,11.0,,,88886.0,5744.0,256.0,48.0,48.0,,49.0,,63.0,,64.0,64.0,0.0,136.0,281.82000732421875,279.260009765625,84.0,3.0,8.399999618530273,8.399999618530273
2022-07-09T21:51,2022-07-09T22:00,24,holdout_baserate,0,2022,7,21,22,2022-07-09T00:00,22,2022-07-09T00:00,22,2022-07-09T00:00,25,2022-07-08T21:00,21,2022-07-09T00:00,24,2022-07-08T22:00,-999.0,0.0,0.0,0.0,0.0,nan,nan,nan,nan,nan,4.592961311340332,258.7557678222656,273.69671630859375,282.34552001953125,288.7406005859375,293.4228210449219,5728.6953125,3099.91748046875,1522.27734375,148.01744079589844,284.8088684082031,54.599998474121094,599.9412231445312,3310.62548828125,35700.0,0.0,0.0,19999.8125,0.8999999761581421,0.0,3.0,0.0,24135.166015625,0.0,0.0,259.58026123046875,273.5452880859375,283.5057678222656,290.5264587402344,294.93035888671875,5721.93798828125,3096.00244140625,1517.5657958984375,805.5353393554688,140.99456787109375,291.11102294921875,36.79999923706055,34.599998474121094,1682.7364501953125,3166.8798828125,19999.9921875,5.0,0.0,0.0,24100.0,258.70001220703125,274.29998779296875,281.1000061035156,286.29998779296875,290.6000061035156,5723.91748046875,3095.24462890625,1514.85107421875,809.5509033203125,140.97134399414062,285.17999267578125,76.5,82.0,392.1600036621094,3333.919921875,0.0,0.0,nan,4.0,0.0,0.0,4.0,33400.0,258.8372802734375,273.99261474609375,280.70050048828125,287.4638671875,292.4406433105469,5729.84326171875,3097.17724609375,1521.904052734375,816.7713623046875,151.84378051757812,288.3251647949219,57.17779541015625,53.40309143066406,1105.9605712890625,3330.0,0.0,0.0,5726.8828125,3098.75927734375,1519.068359375,809.5049438476562,145.194580078125,258.40948486328125,274.13934326171875,282.25213623046875,289.263671875,294.02020263671875,18.427295684814453,60.15108871459961,42.23465347290039,38.57281494140625,,,,291.75701904296875,,101730.25,94469.46875,,11.288071632385254,8.0,,,88888.0,56.0,384.0,23.0,28.0,,37.0,,30.0,,30.0,30.0,1.0,991.0,280.510009765625,274.59002685546875,66.0,0.0,9.300000190734863,9.899999618530273
2022-07-09T21:51,2022-07-09T22:00,48,holdout_baserate,0,2022,7,21,46,2022-07-08T00:00,46,2022-07-08T00:00,46,2022-07-08T00:00,49,2022-07-07T21:00,45,2022-07-08T00:00,36,2022-07-08T10:00,-999.0,0.0,0.0,0.0,0.0,nan,nan,nan,nan,nan,4.969413757324219,257.8692626953125,274.10247802734375,282.78363037109375,289.1850280761719,293.7823486328125,5720.41015625,3094.55029296875,1514.7734375,138.50543212890625,285.0355529785156,52.0,547.31005859375,3352.5595703125,38000.0,0.0,1.75,20000.142578125,0.6000000238418579,0.0,0.0,0.0,24135.140625,0.0,0.0,258.00830078125,273.04217529296875,283.9005126953125,290.927001953125,295.34881591796875,5715.07568359375,3096.65673828125,1516.7552490234375,803.6957397460938,138.65908813476562,291.40252685546875,36.900001525878906,34.0,1569.146240234375,3077.43994140625,20000.154296875,6.0,0.0,0.0,24100.0,257.70001220703125,274.6000061035156,280.6000061035156,286.29998779296875,290.6000061035156,5708.50146484375,3084.403564453125,1504.5745849609375,799.5857543945312,131.66497802734375,285.07000732421875,69.30000305175781,74.0,486.239990234375,3345.1201171875,0.0,0.0,nan,2.0,0.0,0.0,2.0,34700.0,257.9205627441406,274.43389892578125,280.4544982910156,287.1696472167969,292.11627197265625,5716.46044921875,3089.17041015625,1512.949462890625,808.6124267578125,143.71299743652344,287.9674987792969,56.0,51.421024322509766,1018.7664184570312,3400.0,0.0,4.5625,5725.76953125,3095.877197265625,1514.300048828125,803.3223876953125,138.02880859375,258.67919921875,274.50579833984375,282.75640869140625,289.8717041015625,294.623291015625,16.216251373291016,58.13578796386719,40.339698791503906,37.00829315185547,,,,292.234375,,101645.9375,94403.890625,,11.21115779876709,7.0,,,88888.0,656.0,384.0,33.0,43.0,,51.0,,38.0,,38.0,38.0,2.0,964.0,280.6099853515625,274.9599914550781,67.0,1.0,9.199999809265137,10.0
2022-07-25T00:48,2022-07-25T01:00,1,holdout_baserate,0,2022,7,0,1,2022-07-25T00:00,1,2022-07-25T00:00,1,2022-07-25T00:00,1,2022-07-25T00:00,0,2022-07-25T00:00,1,2022-07-25T00:00,-999.0,0.0,0.0,0.0,0.0,nan,nan,nan,nan,nan,7.059350967407227,267.1494140625,280.3859558105469,292.5057678222656,297.49267578125,301.8484191894531,5822.17724609375,3121.31884765625,1486.1097412109375,68.29349517822266,290.68170166015625,69.0,410.04400634765625,4780.8310546875,23700.0,0.0,0.0,3853.306884765625,12.600000381469727,88.69999694824219,28.5,0.0,24135.21875,8.000000093488779e-07,0.0625,266.7801513671875,280.050048828125,291.7982177734375,297.0032043457031,301.1932373046875,5829.162109375,3131.0986328125,1496.80029296875,762.5906982421875,89.72881317138672,296.3316955566406,57.79999923706055,55.79999923706055,1297.1500244140625,4434.240234375,19999.98828125,1.0,2.0,0.0,24100.0,267.70001220703125,280.20001220703125,291.3999938964844,295.5,299.8999938964844,5838.19287109375,3132.220458984375,1494.79052734375,763.4258422851562,75.6384506225586,292.46002197265625,79.5999984741211,80.0,504.32000732421875,4931.52001953125,0.0,0.0,nan,0.0,0.0,0.0,0.0,28800.0,266.8165283203125,280.92608642578125,293.382080078125,298.3881530761719,302.46820068359375,5835.8125,3136.257568359375,1495.4066162109375,757.9855346679688,73.0389633178711,294.63116455078125,62.0,52.98200225830078,352.45458984375,4510.0,0.0,0.0,5829.7265625,3125.785400390625,1489.2626953125,754.420166015625,77.785400390625,267.09869384765625,280.3662109375,292.0674133300781,297.7554016113281,302.1948547363281,74.91862487792969,71.5732421875,57.02334213256836,57.99427032470703,,,,297.6922607421875,,100917.5,93809.734375,,38.032962799072266,54.0,,,88886.0,3920.0,16209.0,18.0,20.0,,33.0,,8.0,,8.0,10.0,97.0,395.0,287.3500061035156,284.59002685546875,83.0,5.0,14.5,16.0
2022-07-25T00:48,2022-07-25T01:00,24,holdout_baserate,0,2022,7,0,25,2022-07-24T00:00,25,2022-07-24T00:00,25,2022-07-24T00:00,22,2022-07-24T03:00,24,2022-07-24T00:00,24,2022-07-24T01:00,-999.0,0.0,0.0,100.0,6.0,nan,6404.1650390625,39600.0,46400.0,nan,10.488165855407715,266.4291687011719,280.962890625,291.93670654296875,294.92364501953125,299.10186767578125,5828.6806640625,3130.81103515625,1494.055908203125,83.55496215820312,289.26251220703125,68.0999984741211,341.1872253417969,4763.47705078125,24600.0,0.0,1.850000023841858,3544.548828125,10.899999618530273,55.29999923706055,100.0,4.800000190734863,24134.947265625,7.199999799922807e-06,0.125,266.6561279296875,280.96966552734375,289.08966064453125,293.0209045410156,297.0477600097656,5830.11083984375,3128.61572265625,1497.92138671875,771.1022338867188,102.53803253173828,291.81268310546875,90.30000305175781,81.4000015258789,747.11767578125,4452.9599609375,19999.9609375,0.0,2.0,2.0,24100.0,267.6000061035156,281.1000061035156,291.20001220703125,295.70001220703125,300.1000061035156,5826.80029296875,3120.65283203125,1483.1126708984375,751.3203125,63.05705642700195,292.510009765625,79.4000015258789,79.0,1608.800048828125,4690.72021484375,0.0,0.0,nan,4.0,100.0,71.0,0.0,27700.0,266.83349609375,279.53631591796875,292.3477478027344,297.9051818847656,301.9996032714844,5831.1923828125,3136.51318359375,1504.6090087890625,769.6704711914062,85.53900146484375,294.4195556640625,64.0,52.939910888671875,432.4999694824219,4460.0,0.0,0.875,5831.70703125,3133.06640625,1494.581298828125,758.48779296875,81.056396484375,265.9015808105469,281.74609375,292.43389892578125,298.55645751953125,302.73388671875,63.749046325683594,59.917240142822266,51.7650032043457,61.54823684692383,,,,296.94793701171875,,100954.375,93862.359375,,36.563812255859375,73.0,,,32.0,32.0,384.0,53.0,57.0,,74.0,,41.0,,41.0,41.0,267.0,368.0,287.6100158691406,285.77996826171875,91.0,20.0,14.800000190734863,17.100000381469727
2022-07-25T00:48,2022-07-25T01:00,48,holdout_baserate,0,2022,7,0,43,2022-07-23T06:00,49,2022-07-23T00:00,49,2022-07-23T00:00,46,2022-07-23T03:00,48,2022-07-23T00:00,36,2022-07-23T13:00,7364.2001953125,0.0,0.0,64.0,63.0,12702.7685546875,6557.73828125,37000.0,45500.0,13162.12109375,11.111411094665527,265.61328125,280.5411376953125,290.54522705078125,293.8771057128906,298.09942626953125,5829.783203125,3134.62158203125,1504.675048828125,97.0523681640625,288.88336181640625,82.80000305175781,336.95831298828125,4638.041015625,9200.0,0.00039999998989515007,6.840000152587891,6188.859375,7.900000095367432,100.0,100.0,0.0,24135.068359375,6.4000000747910235e-06,0.0,266.59649658203125,280.0565185546875,289.15069580078125,294.7255859375,298.9326477050781,5839.60400390625,3134.6298828125,1506.37744140625,778.3589477539062,107.52452850341797,294.3521728515625,70.5,68.9000015258789,893.7976684570312,4623.2001953125,9893.4990234375,0.0,1.0,71.0,24100.0,266.70001220703125,281.20001220703125,291.8999938964844,295.8999938964844,300.29998779296875,5833.07373046875,3124.849365234375,1487.6014404296875,754.8554077148438,66.90681457519531,292.7200012207031,83.0,82.0,741.1199951171875,4993.919921875,0.0,0.0,11106.2099609375,0.0,0.0,100.0,0.0,21300.0,265.78466796875,280.9623107910156,293.52362060546875,297.7334289550781,301.74005126953125,5853.81591796875,3157.1171875,1517.579345703125,779.9463500976562,93.02774047851562,294.7291564941406,75.02177429199219,63.1414680480957,105.92048645019531,4540.0,0.0,0.875,5844.67578125,3147.616943359375,1502.90185546875,764.7218627929688,85.79345703125,265.29638671875,282.1056213378906,293.85540771484375,299.2148132324219,303.6379699707031,57.43923568725586,53.08549499511719,52.06910705566406,56.798377990722656,,,,298.2647705078125,,101006.9375,93907.6953125,,35.065330505371094,68.0,,,32.0,32.0,256.0,81.0,87.0,,92.0,,65.0,,65.0,65.0,720.0,260.0,286.72003173828125,286.1399841308594,96.0,40.0,12.399999618530273,14.699999809265137
2022-08-06T21:53,2022-08-06T22:00,1,holdout_baserate,0,2022,8,21,1,2022-08-06T21:00,4,2022-08-06T18:00,4,2022-08-06T18:00,1,2022-08-06T21:00,3,2022-08-06T18:00,1,2022-08-06T21:00,-999.0,0.0,36.0,0.0,0.0,nan,1930.486572265625,nan,81600.0,nan,4.078397750854492,267.5863037109375,281.149658203125,291.5122375488281,297.4315185546875,302.16876220703125,5926.6923828125,3216.286376953125,1582.771728515625,162.10279846191406,293.8824462890625,83.4000015258789,701.945068359375,4909.50390625,16800.0,0.0,0.0,20000.033203125,0.0,0.0,0.0,0.0,24134.955078125,3.2000000373955118e-06,0.875,268.0267639160156,281.83221435546875,291.3440856933594,298.10791015625,302.3146667480469,5932.048828125,3216.97119140625,1583.6812744140625,848.7830200195312,170.99574279785156,298.2451171875,68.30000305175781,59.0,767.48291015625,4992.64013671875,7633.185546875,7.0,75.0,70.0,24100.0,266.5,283.1000061035156,292.1000061035156,295.1000061035156,299.6000061035156,5937.32373046875,3218.450927734375,1574.4656982421875,841.7891235351562,160.4172821044922,291.75,95.80000305175781,89.0,74.87999725341797,5033.61328125,0.0,8.875,nan,3.0,0.0,0.0,3.0,21100.0,268.04083251953125,281.41375732421875,291.2907409667969,297.4337158203125,302.4666442871094,5931.361328125,3218.857421875,1583.462890625,849.0873413085938,160.48513793945312,298.30218505859375,75.15519714355469,75.1501693725586,1065.035888671875,5010.0,0.0,0.0,5935.41015625,3222.7021484375,1586.230224609375,852.5540771484375,172.997314453125,268.0118408203125,281.6924133300781,291.04388427734375,297.50128173828125,302.48004150390625,81.49456787109375,82.85042572021484,62.486671447753906,57.39585494995117,,,,299.715087890625,,102051.625,94862.5703125,,39.35628128051758,42.0,,,88886.0,3592.0,209.0,59.0,62.0,,62.0,,77.0,,77.0,77.0,1012.0,406.0,288.70001220703125,288.1400146484375,97.0,15.0,7.599999904632568,8.5
2022-08-06T21:53,2022-08-06T22:00,24,holdout_baserate,0,2022,8,21,22,2022-08-06T00:00,22,2022-08-06T00:00,22,2022-08-06T00:00,25,2022-08-05T21:00,21,2022-08-06T00:00,24,2022-08-05T22:00,-999.0,0.0,0.0,0.0,0.0,nan,nan,nan,nan,nan,4.145378589630127,267.58319091796875,280.2196960449219,292.13818359375,298.7491455078125,303.56903076171875,5923.69091796875,3220.178955078125,1585.94775390625,162.83233642578125,294.77606201171875,77.5999984741211,848.5123291015625,4933.7607421875,19600.0,0.0,0.0,20000.046875,0.0,0.0,0.0,0.8999999761581421,24134.9921875,7.199999799922807e-06,0.1875,268.0713806152344,281.99774169921875,291.5566711425781,298.4101257324219,302.9239501953125,5933.90673828125,3218.506591796875,1585.12548828125,849.4989624023438,170.9720916748047,298.959716796875,62.79999923706055,58.900001525878906,1084.8282470703125,4992.0,20000.07421875,32.0,0.0,0.0,600.0,267.8999938964844,283.20001220703125,291.6000061035156,296.0,300.3999938964844,5934.79052734375,3215.818115234375,1575.5238037109375,841.1513671875,154.4735107421875,293.84002685546875,100.0,100.0,510.55999755859375,5046.5673828125,0.0003000000142492354,1.1875,nan,7.0,0.0,0.0,7.0,23100.0,266.843017578125,281.1063232421875,291.12017822265625,297.4957580566406,302.60040283203125,5926.8740234375,3218.50732421875,1584.095703125,850.1416015625,162.53660583496094,298.33648681640625,71.2099609375,71.4649658203125,1117.8067626953125,4890.0,0.0,0.0,5935.38671875,3222.5810546875,1583.599853515625,847.841796875,166.785400390625,267.5821228027344,282.4485168457031,291.62103271484375,298.4406433105469,303.41717529296875,63.0622673034668,79.97805786132812,59.4852180480957,53.95230484008789,,,,300.84320068359375,,101966.0625,94805.765625,,34.235313415527344,46.0,,,88886.0,792.0,256.0,69.0,79.0,,92.0,,53.0,,56.0,57.0,1278.0,473.0,288.22003173828125,288.1600036621094,97.0,13.0,8.100000381469727,8.899999618530273
2022-08-06T21:53,2022-08-06T22:00,48,holdout_baserate,0,2022,8,21,46,2022-08-05T00:00,46,2022-08-05T00:00,46,2022-08-05T00:00,49,2022-08-04T21:00,45,2022-08-05T00:00,36,2022-08-05T10:00,-999.0,1.0,12.0,0.0,0.0,nan,2057.818359375,nan,80500.0,nan,4.830185413360596,266.5997314453125,280.47552490234375,291.4685974121094,298.0240173339844,302.89727783203125,5931.97265625,3228.071044921875,1594.895751953125,173.39517211914062,294.2926940917969,81.5,836.9706420898438,4935.51318359375,17500.0,0.0,0.6100000143051147,1213.0306396484375,70.0999984741211,0.0,0.0,0.0,24135.181640625,1.720000000204891e-05,1.25,267.0500793457031,281.5556640625,291.7485046386719,297.361572265625,301.62451171875,5929.93798828125,3215.451171875,1579.9346923828125,845.4657592773438,168.7215576171875,297.5901794433594,71.69999694824219,63.20000076293945,445.3616638183594,4934.39990234375,20000.078125,28.0,0.0,2.0,500.0,267.3999938964844,283.1000061035156,290.3999938964844,295.0,299.3999938964844,5925.64111328125,3209.4970703125,1570.1561279296875,839.1572875976562,150.9826202392578,292.8800048828125,100.0,100.0,822.239990234375,5012.1171875,0.0,0.25,nan,13.0,0.0,0.0,11.0,20800.0,266.8249816894531,280.50775146484375,290.3214111328125,296.3811340332031,301.5332336425781,5929.2138671875,3223.0517578125,1592.490234375,860.9495239257812,175.70985412597656,297.4645690917969,75.0,76.95555877685547,910.28857421875,4960.0,0.0,8.25,5931.3359375,3220.064453125,1581.789306640625,848.6875,169.810302734375,267.41485595703125,282.2014465332031,291.0392761230469,297.0069274902344,301.89227294921875,71.46382904052734,85.44642639160156,69.40801239013672,63.314117431640625,,,,298.6683349609375,,102038.75,94850.0078125,,38.65499496459961,28.0,,,88886.0,744.0,384.0,55.0,69.0,,93.0,,44.0,,46.0,46.0,1206.0,516.0,288.22998046875,288.1600036621094,100.0,10.0,8.899999618530273,10.0
2022-08-18T03:48,2022-08-18T04:00,1,holdout_baserate,0,2022,8,3,1,2022-08-18T03:00,4,2022-08-18T00:00,4,2022-08-18T00:00,1,2022-08-18T03:00,3,2022-08-18T00:00,1,2022-08-18T03:00,3510.60009765625,0.0,100.0,100.0,100.0,1543.1737060546875,1344.057373046875,30300.0,86100.0,5851.28173828125,7.6306471824646,261.27490234375,275.50030517578125,281.9752502441406,285.11614990234375,289.4003601074219,5692.69580078125,3041.35546875,1447.067626953125,76.91769409179688,281.935302734375,93.19999694824219,390.1622314453125,3563.757080078125,12200.0,0.00019999999494757503,0.7549999952316284,785.5515747070312,100.0,100.0,100.0,98.30000305175781,226.01638793945312,0.0013608000008389354,5.9375,261.9105529785156,276.3406066894531,280.8923645019531,284.279052734375,288.5456237792969,5689.91259765625,3028.7177734375,1437.2955322265625,734.5941162109375,77.5775375366211,283.99169921875,99.19999694824219,98.69999694824219,293.78070068359375,3665.43994140625,1196.903564453125,47.0,56.0,71.0,100.0,261.8999938964844,277.29998779296875,280.0,284.3999938964844,288.70001220703125,5695.6455078125,3032.490234375,1442.9566650390625,741.4647827148438,84.39930725097656,281.54998779296875,99.69999694824219,100.0,643.280029296875,3798.85693359375,0.002099999925121665,3.0625,840.19775390625,100.0,96.0,82.0,100.0,2100.0,261.5048828125,275.6692810058594,281.5052185058594,284.4696960449219,288.7706604003906,5691.4638671875,3034.287353515625,1442.923583984375,739.562255859375,76.88480377197266,283.9392395019531,98.794921875,95.80720520019531,482.6713562011719,3694.20458984375,0.0002500000118743628,1.9375,5701.02734375,3041.073486328125,1446.383544921875,742.2692260742188,85.402587890625,261.7896728515625,276.72509765625,281.18292236328125,285.42108154296875,289.6536865234375,98.7626953125,97.6008071899414,89.03880310058594,93.8797607421875,,,,285.13134765625,,101067.625,93800.609375,,31.012033462524414,98.0,,,0.0,0.0,256.0,85.0,99.0,,100.0,,88.0,,89.0,91.0,3.0,313.0,279.239990234375,278.9800109863281,100.0,79.0,13.600000381469727,15.199999809265137
2022-08-18T03:48,2022-08-18T04:00,24,holdout_baserate,0,2022,8,3,22,2022-08-17T06:00,22,2022-08-17T06:00,22,2022-08-17T06:00,25,2022-08-17T03:00,21,2022-08-17T06:00,24,2022-08-17T04:00,-999.0,100.0,100.0,100.0,100.0,1344.391845703125,1344.330810546875,48900.0,86200.0,10341.3916015625,7.484379768371582,260.38427734375,276.51708984375,282.68597412109375,286.13250732421875,290.4548645019531,5708.0283203125,3055.578857421875,1456.625244140625,81.63919067382812,282.44207763671875,100.0,408.9848327636719,3731.333984375,0.0,9.999999747378752e-05,15.649999618530273,785.525634765625,100.0,100.0,100.0,100.0,169.29660034179688,0.00011719999747583643,4.25,261.63275146484375,275.291259765625,281.07611083984375,284.3761291503906,288.64691162109375,5680.58837890625,3022.8515625,1435.1513671875,732.0501708984375,74.80503845214844,284.0477294921875,99.19999694824219,98.69999694824219,318.62286376953125,3515.679931640625,1232.328857421875,57.0,14.0,47.0,5600.0,261.8999938964844,277.70001220703125,280.6000061035156,284.79998779296875,289.1000061035156,5704.677734375,3040.150390625,1436.6177978515625,733.98876953125,76.01460266113281,282.0199890136719,98.5,100.0,588.6400146484375,3857.8544921875,0.000699999975040555,4.4375,951.05615234375,100.0,25.0,0.0,100.0,10500.0,261.1084899902344,276.4583740234375,282.5860595703125,285.5517883300781,290.0296630859375,5711.9443359375,3052.787353515625,1453.4017333984375,747.7552490234375,81.53544616699219,285.2206726074219,92.22019958496094,92.1680908203125,522.4168701171875,3810.58740234375,4.999999873689376e-05,6.125,5699.35546875,3041.83447265625,1452.98583984375,747.13427734375,88.73291015625,262.14306640625,275.2989501953125,281.67852783203125,286.12713623046875,290.43438720703125,99.69136047363281,94.84612274169922,87.98385620117188,93.47830963134766,,,,285.88507080078125,,101091.0625,93841.578125,,30.956348419189453,91.0,,,30.0,32.0,256.0,81.0,83.0,,89.0,,56.0,,67.0,80.0,1.0,221.0,280.19000244140625,280.1099853515625,100.0,54.0,12.399999618530273,13.600000381469727
2022-08-18T03:48,2022-08-18T04:00,48,holdout_baserate,0,2022,8,3,46,2022-08-16T06:00,46,2022-08-16T06:00,46,2022-08-16T06:00,49,2022-08-16T03:00,45,2022-08-16T06:00,36,2022-08-16T16:00,3846.60009765625,87.0,100.0,100.0,100.0,1344.310302734375,1344.27783203125,45500.0,86000.0,10300.1689453125,6.940412998199463,261.5904846191406,276.1682434082031,282.62957763671875,285.8159484863281,290.0882568359375,5692.486328125,3036.506591796875,1438.42724609375,64.60494995117188,282.1293029785156,99.19999694824219,379.298095703125,3632.78271484375,200.0,0.0003000000142492354,27.770000457763672,785.5234375,100.0,79.80000305175781,100.0,100.0,94.64827728271484,3.51999988197349e-05,1.0625,261.1866149902344,275.2855529785156,283.26055908203125,285.28350830078125,289.5594787597656,5688.755859375,3037.58544921875,1444.1580810546875,737.1926879882812,78.78331756591797,284.99896240234375,99.30000305175781,98.69999694824219,250.2240447998047,3639.840087890625,1196.9132080078125,65.0,100.0,74.0,0.0,261.6000061035156,275.29998779296875,280.5,285.3999938964844,289.70001220703125,5712.5302734375,3063.04638671875,1475.0550537109375,770.9520263671875,111.8580322265625,282.82000732421875,99.80000305175781,100.0,389.67999267578125,3427.343505859375,0.0005000000237487257,2.1875,866.5726318359375,100.0,100.0,51.0,100.0,3800.0,261.3838806152344,274.49609375,281.823974609375,285.5161437988281,290.01373291015625,5705.5703125,3057.972412109375,1468.0667724609375,762.6844482421875,99.5289077758789,285.6159362792969,97.0,97.33869934082031,496.6470947265625,3357.6982421875,0.0005600000149570405,14.6875,5716.00390625,3058.979736328125,1468.29052734375,760.7221069335938,100.97802734375,262.16546630859375,275.51116943359375,281.91900634765625,286.89111328125,291.24639892578125,102.034423828125,94.21795654296875,85.99398040771484,91.9902572631836,,,,286.3519592285156,,101227.75,93972.734375,,29.853878021240234,90.0,,,88886.0,168.0,nan,,,,,,,,,,2.0,268.0,280.58001708984375,280.42999267578125,100.0,90.0,11.600000381469727,13.199999809265137
2022-08-29T14:47,2022-08-29T15:00,1,train,0,2022,8,14,1,2022-08-29T14:00,3,2022-08-29T12:00,3,2022-08-29T12:00,1,2022-08-29T14:00,3,2022-08-29T12:00,1,2022-08-29T14:00,-999.0,0.0,0.0,0.0,44.0,11121.953125,2920.430908203125,nan,24200.0,12316.54296875,5.403906345367432,266.6107177734375,280.1060791015625,288.63824462890625,293.4360046386719,298.0169677734375,5873.283203125,3169.035400390625,1550.91259765625,147.19725036621094,291.1553039550781,73.80000305175781,380.29718017578125,4960.10791015625,22600.0,0.0,0.0,1802.566650390625,7.800000190734863,0.0,100.0,0.0,24135.08203125,1.5999999959603883e-05,0.0,266.8310241699219,280.6999816894531,288.578369140625,295.7068176269531,300.4102478027344,5880.1904296875,3172.50244140625,1556.0550537109375,828.6360473632812,154.783203125,297.21966552734375,57.900001525878906,59.20000076293945,1360.412841796875,4992.9599609375,20000.025390625,17.0,0.0,2.0,0.0,266.8999938964844,280.70001220703125,287.70001220703125,291.8999938964844,296.20001220703125,5879.8408203125,3173.06005859375,1553.8951416015625,832.062255859375,149.11366271972656,290.0999755859375,99.19999694824219,100.0,403.0,4977.47802734375,0.0,0.1875,nan,7.0,0.0,94.0,7.0,18800.0,266.4180908203125,279.91070556640625,288.7078552246094,292.5945129394531,297.4178771972656,5876.4208984375,3172.580810546875,1557.0802001953125,833.2529296875,154.76065063476562,294.4813537597656,80.72496032714844,81.94552612304688,635.5664672851562,4927.595703125,0.0,0.0,5881.3515625,3174.766845703125,1556.939453125,830.929931640625,158.31201171875,267.2347106933594,279.771728515625,289.10302734375,293.5416259765625,298.3163146972656,41.13990783691406,73.7489013671875,76.32733917236328,68.5554428100586,,,,297.2398681640625,,101856.625,94648.515625,,25.85286521911621,57.0,,,88888.0,1376.0,209.0,65.0,73.0,,73.0,,64.0,,64.0,64.0,167.0,530.0,285.83001708984375,285.1099853515625,96.0,1.0,7.599999904632568,8.399999618530273
2022-08-29T14:47,2022-08-29T15:00,24,train,0,2022,8,14,21,2022-08-28T18:00,21,2022-08-28T18:00,21,2022-08-28T18:00,24,2022-08-28T15:00,21,2022-08-28T18:00,24,2022-08-28T15:00,-999.0,0.0,5.0,0.0,100.0,10867.4365234375,1454.4808349609375,nan,86200.0,12940.5810546875,5.81699800491333,266.54541015625,279.14215087890625,288.28485107421875,293.9234924316406,298.60919189453125,5879.078125,3181.201416015625,1565.218505859375,161.71002197265625,291.1532897949219,86.0999984741211,493.20404052734375,4738.6533203125,16200.0,0.0,0.0,1961.3690185546875,1.0,0.0,100.0,0.0,24135.05859375,1.4399999599845614e-05,0.0625,266.7044677734375,280.56011962890625,288.8410949707031,295.92108154296875,300.64703369140625,5880.35986328125,3176.391845703125,1559.58203125,831.5733032226562,157.31382751464844,297.55462646484375,57.20000076293945,58.400001525878906,1392.5267333984375,4842.080078125,20000.02734375,22.0,0.0,12.0,0.0,267.0,281.6000061035156,287.29998779296875,290.70001220703125,295.0,5880.1884765625,3171.896484375,1548.785400390625,830.4368286132812,151.3643798828125,288.8599853515625,99.9000015258789,100.0,228.55999755859375,5003.28173828125,0.0,3.0,10773.7158203125,4.0,0.0,100.0,3.0,18900.0,266.27532958984375,279.1830139160156,288.8652648925781,292.8987731933594,297.94378662109375,5878.525390625,3180.560546875,1564.4549560546875,839.935791015625,161.85520935058594,294.8910217285156,80.56244659423828,81.10077667236328,622.2747802734375,4795.97998046875,0.0,0.0,5883.984375,3177.558349609375,1557.859130859375,831.0648193359375,157.87255859375,266.87615966796875,280.7347412109375,289.4423828125,293.96240234375,298.8396911621094,24.004308700561523,67.41157531738281,71.34737396240234,63.26018524169922,,,,297.71258544921875,,101855.1875,94656.0625,,24.198196411132812,43.0,,,88888.0,2368.0,256.0,34.0,34.0,,35.0,,50.0,,50.0,50.0,114.0,679.0,285.96002197265625,284.7200012207031,93.0,2.0,7.199999809265137,8.399999618530273
2022-08-29T14:47,2022-08-29T15:00,48,train,0,2022,8,14,45,2022-08-27T18:00,45,2022-08-27T18:00,45,2022-08-27T18:00,48,2022-08-27T15:00,45,2022-08-27T18:00,45,2022-08-27T18:00,-999.0,0.0,0.0,0.0,100.0,nan,2683.490478515625,nan,25000.0,nan,6.007679462432861,266.5330810546875,277.790283203125,288.623046875,294.2422180175781,298.8665466308594,5873.29296875,3183.09619140625,1569.2957763671875,166.95823669433594,291.3841552734375,81.4000015258789,456.1282958984375,4696.26806640625,18400.0,0.0,0.0,2120.541015625,1.899999976158142,0.0,98.4000015258789,0.0,24135.083984375,1.2800000149582047e-05,0.0,266.2301025390625,279.1892395019531,289.2392272949219,296.41925048828125,301.2137756347656,5875.8017578125,3177.846923828125,1560.9140625,831.99853515625,157.05686950683594,298.1098327636719,53.20000076293945,55.0,1443.4661865234375,4753.1201171875,20000.064453125,35.0,0.0,1.0,0.0,267.29998779296875,282.0,287.0,290.29998779296875,294.6000061035156,5878.4755859375,3172.373046875,1549.2935791015625,831.2776489257812,154.41856384277344,288.6500244140625,99.80000305175781,100.0,269.3599853515625,4892.41796875,9.999999747378752e-05,4.0,nan,9.0,0.0,0.0,6.0,17700.0,266.15460205078125,278.7283020019531,288.65118408203125,292.36968994140625,297.3968200683594,5874.85546875,3182.9697265625,1569.0028076171875,845.1129150390625,167.9459228515625,294.4185485839844,82.34214782714844,84.3968276977539,523.98046875,4607.21875,0.0,0.0,5876.56640625,3173.76220703125,1554.776123046875,828.1078491210938,154.526611328125,266.72723388671875,280.3290100097656,289.2858581542969,294.1916809082031,299.0826416015625,30.42296600341797,68.30310821533203,70.92914581298828,62.6483268737793,,,,298.12384033203125,,101805.375,94621.109375,,24.881860733032227,35.0,,,88888.0,40.0,7680.0,38.0,40.0,,43.0,,51.0,,51.0,51.0,70.0,1058.0,285.4100036621094,284.3899841308594,94.0,0.0,7.199999809265137,8.5
2022-09-08T15:50,2022-09-08T16:00,1,holdout_baserate,0,2022,9,15,1,2022-09-08T15:00,4,2022-09-08T12:00,4,2022-09-08T12:00,1,2022-09-08T15:00,3,2022-09-08T12:00,1,2022-09-08T15:00,-999.0,0.0,0.0,0.0,0.0,nan,1688.16162109375,nan,83200.0,nan,2.376556158065796,258.8638610839844,275.6279296875,283.5971374511719,288.43560791015625,292.980712890625,5729.802734375,3093.525146484375,1499.575927734375,121.733642578125,286.1271057128906,77.30000305175781,454.6596374511719,3528.582275390625,20700.0,0.0,0.0,5813.611328125,64.0999984741211,0.0,0.0,0.0,24134.865234375,1.920000067912042e-05,0.0625,259.09197998046875,274.4996337890625,284.7293395996094,291.99444580078125,296.4444580078125,5722.43359375,3087.097412109375,1498.4462890625,781.847412109375,114.85025024414062,293.6025390625,54.900001525878906,56.0,1626.6644287109375,3358.080078125,19999.990234375,26.0,0.0,0.0,24100.0,259.6000061035156,275.3999938964844,283.3999938964844,288.5,292.79998779296875,5732.13330078125,3092.07373046875,1500.032470703125,787.7962036132812,119.48440551757812,286.739990234375,93.0,98.0,265.760009765625,3459.484130859375,0.0,0.875,nan,50.0,0.0,0.0,50.0,15900.0,258.769775390625,274.9981384277344,283.7381896972656,288.47894287109375,293.1048278808594,5718.8818359375,3083.44287109375,1491.671630859375,780.3130493164062,114.12617492675781,289.8477783203125,87.0,87.80174255371094,708.7548828125,3450.0,0.0,0.0,5729.96875,3091.690673828125,1502.342529296875,791.1273193359375,127.15478515625,259.03472900390625,274.29229736328125,283.53192138671875,288.83990478515625,293.6174011230469,53.540367126464844,83.08251190185547,73.4997787475586,65.21815490722656,,,,291.60498046875,,101517.375,94274.2578125,,20.262802124023438,35.0,,,88886.0,424.0,16274.0,31.0,38.0,,45.0,,9.0,,9.0,9.0,185.0,697.0,282.0299987792969,281.1499938964844,94.0,3.0,3.5999999046325684,4.199999809265137
2022-09-08T15:50,2022-09-08T16:00,24,holdout_baserate,0,2022,9,15,22,2022-09-07T18:00,22,2022-09-07T18:00,22,2022-09-07T18:00,25,2022-09-07T15:00,21,2022-09-07T18:00,24,2022-09-07T16:00,-999.0,0.0,2.0,0.0,0.0,nan,1975.99951171875,nan,80300.0,nan,2.6223013401031494,259.5357666015625,275.1847229003906,283.7562561035156,289.6062316894531,294.1926574707031,5730.5751953125,3093.00146484375,1502.1778564453125,121.42994689941406,286.5937194824219,83.0999984741211,619.2298583984375,3473.0185546875,17800.0,0.0,0.0,5756.859375,79.80000305175781,0.0,0.0,9.600000381469727,15308.9599609375,0.00018960000306833535,0.4375,258.67364501953125,274.5475769042969,284.2045593261719,291.1546630859375,295.5614013671875,5724.28759765625,3093.484619140625,1503.0389404296875,787.3853759765625,121.2065658569336,291.71112060546875,73.4000015258789,66.0999984741211,979.6070556640625,3352.639892578125,19999.94921875,28.0,2.0,0.0,24100.0,259.20001220703125,275.6000061035156,283.6000061035156,289.20001220703125,293.5,5727.5205078125,3088.314208984375,1493.8369140625,780.2850952148438,115.60765838623047,287.8800048828125,81.9000015258789,87.0,442.0799865722656,3509.390380859375,0.0,0.0,nan,29.0,0.0,0.0,29.0,20900.0,259.07830810546875,275.2529296875,283.7734069824219,289.4335021972656,294.4032287597656,5729.16162109375,3093.007568359375,1500.6756591796875,788.4775390625,120.24322509765625,290.93023681640625,77.25761413574219,76.33722686767578,892.3989868164062,3463.6552734375,0.0,0.0,5729.7890625,3089.13720703125,1500.085693359375,788.3056640625,124.031005859375,259.35028076171875,274.317138671875,283.57672119140625,289.1898193359375,294.0275573730469,49.677207946777344,78.9958267211914,69.22044372558594,62.023563385009766,,,,291.8638916015625,,101474.5625,94232.734375,,20.572978973388672,30.0,,,88886.0,896.0,384.0,22.0,28.0,,32.0,,33.0,,34.0,34.0,110.0,901.0,282.7699890136719,280.8800048828125,90.0,1.0,4.0,4.199999809265137
2022-09-08T15:50,2022-09-08T16:00,48,holdout_baserate,0,2022,9,15,46,2022-09-06T18:00,46,2022-09-06T18:00,46,2022-09-06T18:00,49,2022-09-06T15:00,45,2022-09-06T18:00,36,2022-09-07T04:00,-999.0,0.0,1.0,0.0,0.0,nan,nan,nan,nan,nan,2.8760833740234375,258.48419189453125,274.5995788574219,283.73583984375,289.6629638671875,294.2330017089844,5719.662109375,3092.04150390625,1501.197265625,121.33578491210938,286.5639343261719,84.5999984741211,530.14892578125,3332.72119140625,17200.0,0.0,0.019999999552965164,20000.05859375,11.800000190734863,0.0,0.0,0.0,10698.8779296875,0.00023200000578071922,1.6875,259.1008605957031,274.6479797363281,283.963134765625,290.7892150878906,295.1982727050781,5732.00927734375,3098.443603515625,1506.0477294921875,791.1100463867188,125.27928161621094,291.5709228515625,76.69999694824219,69.5999984741211,833.3621215820312,3380.47998046875,19999.990234375,31.0,0.0,0.0,10800.0,260.6000061035156,275.20001220703125,283.79998779296875,288.79998779296875,293.20001220703125,5727.98388671875,3087.263671875,1493.6123046875,780.5496826171875,112.65153503417969,286.8999938964844,90.69999694824219,94.0,307.20001220703125,3474.281005859375,0.00019999999494757503,0.125,7276.6669921875,25.0,99.0,100.0,25.0,21100.0,257.37457275390625,274.2237243652344,283.5043029785156,289.14501953125,294.08856201171875,5705.80712890625,3086.600830078125,1496.6890869140625,785.4544677734375,118.36089324951172,290.5224914550781,76.08407592773438,74.29442596435547,806.3601684570312,3261.46533203125,0.0,1.0625,5729.1171875,3090.385498046875,1502.271240234375,789.5344848632812,124.671630859375,259.07708740234375,273.67474365234375,283.906982421875,289.4490051269531,294.287353515625,61.24699401855469,76.36678314208984,72.22248840332031,62.90834426879883,,,,292.40435791015625,,101478.0,94249.7578125,,21.851667404174805,41.0,,,88886.0,784.0,457.0,15.0,23.0,,32.0,,37.0,,38.0,40.0,190.0,708.0,282.0899963378906,281.260009765625,94.0,10.0,4.0,4.099999904632568
2022-09-19T13:58,2022-09-19T14:00,1,train,0,2022,9,13,1,2022-09-19T13:00,2,2022-09-19T12:00,2,2022-09-19T12:00,1,2022-09-19T13:00,3,2022-09-19T12:00,1,2022-09-19T13:00,-999.0,0.0,26.0,0.0,83.0,nan,1344.4212646484375,nan,86500.0,nan,4.302979469299316,260.60760498046875,276.3540344238281,283.3299560546875,284.1868896484375,288.15728759765625,5729.7294921875,3082.2265625,1483.30859375,114.54864501953125,285.1849365234375,94.30000305175781,320.83245849609375,3678.068359375,13000.0,0.0,0.0,785.3999633789062,100.0,84.19999694824219,100.0,99.80000305175781,36.493812561035156,8.000000093488779e-07,0.0,260.67083740234375,277.0888671875,284.31390380859375,282.1421203613281,286.4773254394531,5738.6220703125,3085.01953125,1482.56884765625,779.6866455078125,127.76143646240234,282.44927978515625,99.5,99.19999694824219,218.87368774414062,3765.919921875,1196.7587890625,81.0,17.0,44.0,200.0,260.70001220703125,276.5,284.8999938964844,284.79998779296875,289.1000061035156,5737.56982421875,3087.52001953125,1480.8314208984375,776.2816772460938,130.2401580810547,282.45001220703125,99.4000015258789,100.0,144.9600067138672,3686.333251953125,0.00019999999494757503,2.5625,1144.7203369140625,100.0,100.0,92.0,82.0,10100.0,260.2674560546875,276.43377685546875,283.735107421875,283.1964111328125,286.7321472167969,5731.57861328125,3086.5908203125,1486.63427734375,780.91796875,120.21050262451172,283.2803955078125,94.50802612304688,96.55413818359375,306.71728515625,3635.76416015625,0.0,0.1875,5736.98828125,3086.647705078125,1484.492431640625,777.8687133789062,130.081787109375,260.608154296875,276.371826171875,284.53076171875,281.65081787109375,285.49127197265625,90.35900115966797,98.0446548461914,97.78759765625,95.26528930664062,,,,283.10858154296875,,101533.5625,94142.203125,,30.409255981445312,93.0,,,0.0,0.0,209.0,75.0,83.0,,99.0,,55.0,,64.0,70.0,4.0,188.0,277.8500061035156,277.8500061035156,100.0,10.0,6.800000190734863,7.699999809265137
2022-09-19T13:58,2022-09-19T14:00,24,train,0,2022,9,13,26,2022-09-18T12:00,26,2022-09-18T12:00,26,2022-09-18T12:00,23,2022-09-18T15:00,21,2022-09-18T18:00,24,2022-09-18T14:00,-999.0,55.0,69.0,0.0,0.0,1587.685791015625,1344.1243896484375,nan,86500.0,nan,5.276202201843262,260.7414245605469,276.5499572753906,283.3457336425781,283.57733154296875,287.56170654296875,5731.66796875,3084.1083984375,1484.17236328125,117.4658203125,283.9076232910156,97.9000015258789,336.1885986328125,3649.2666015625,12200.0,0.0,31.6200008392334,785.4207153320312,100.0,83.5999984741211,100.0,100.0,74.01924896240234,1.6000000186977559e-06,0.0,260.57440185546875,276.65411376953125,281.00177001953125,281.855224609375,286.168212890625,5733.27490234375,3079.634765625,1484.979736328125,786.8510131835938,135.68406677246094,282.17730712890625,98.9000015258789,99.30000305175781,289.08721923828125,3776.320068359375,1268.9189453125,41.0,89.0,95.0,24100.0,261.3999938964844,277.5,283.3999938964844,285.79998779296875,290.1000061035156,5737.3388671875,3080.825439453125,1476.4854736328125,770.6299438476562,127.77404022216797,283.95001220703125,96.19999694824219,100.0,145.36000061035156,3703.169921875,0.0,0.0,949.4485473632812,100.0,17.0,63.0,100.0,6400.0,260.68133544921875,276.85430908203125,284.065673828125,282.7113952636719,286.3184814453125,5729.79833984375,3084.15673828125,1484.3223876953125,778.1761474609375,117.77606964111328,282.83465576171875,96.14154052734375,97.67735290527344,307.00445556640625,3628.1943359375,1.9999999494757503e-05,27.0625,5735.90625,3082.424072265625,1481.906005859375,778.6777954101562,129.927734375,260.65228271484375,277.0567626953125,283.6620178222656,281.7053527832031,286.0448913574219,72.10136413574219,98.77935028076172,99.72528076171875,93.01166534423828,,,,283.261474609375,,101550.6875,94172.7734375,,28.159122467041016,94.0,,,0.0,0.0,201.0,92.0,93.0,,95.0,,48.0,,67.0,86.0,5.0,202.0,278.5199890136719,278.16998291015625,100.0,15.0,7.199999809265137,8.100000381469727
2022-09-30T06:48,2022-09-30T07:00,1,holdout_baserate,0,2022,9,6,1,2022-09-30T06:00,1,2022-09-30T06:00,1,2022-09-30T06:00,1,2022-09-30T06:00,0,2022-09-30T06:00,1,2022-09-30T06:00,-999.0,0.0,0.0,0.0,0.0,nan,nan,nan,nan,nan,4.672246932983398,258.4427490234375,274.93267822265625,279.4194641113281,279.58245849609375,282.9691467285156,5784.0859375,3154.4501953125,1572.62646484375,226.53900146484375,274.6026611328125,31.5,88.67769622802734,3491.294189453125,61800.0,0.0,0.0,19999.927734375,0.0,0.0,0.0,0.0,24135.021484375,0.0,0.0,259.1451110839844,275.1842346191406,279.2147521972656,278.5254211425781,279.7060546875,5783.8388671875,3152.644775390625,1569.988037109375,877.7261962890625,242.33843994140625,275.2348937988281,71.5999984741211,47.0,19.653945922851562,3499.0400390625,20000.033203125,17.0,0.0,0.0,24100.0,258.8999938964844,274.8999938964844,280.0,284.3999938964844,288.6000061035156,5788.65869140625,3156.900634765625,1573.6107177734375,875.3847045898438,245.16334533691406,279.5199890136719,20.299999237060547,16.0,71.76000213623047,3443.0400390625,0.0,0.0,nan,59.0,0.0,0.0,59.0,18900.0,258.6607666015625,275.04632568359375,279.6324768066406,278.9586181640625,280.18206787109375,5781.85888671875,3152.2998046875,1570.0494384765625,878.4141845703125,229.57949829101562,274.3349609375,76.22167205810547,51.79875946044922,77.25167846679688,3479.230712890625,0.0,0.0,5788.1640625,3153.8115234375,1571.725341796875,881.4037475585938,244.27685546875,259.0029602050781,274.973388671875,279.1953430175781,278.0030822753906,280.8338623046875,43.83192825317383,13.532051086425781,54.34175109863281,90.07550048828125,,,,275.1766662597656,,103032.1875,95411.28125,,10.060015678405762,18.0,,,88888.0,32.0,16209.0,0.0,0.0,,0.0,,0.0,,0.0,0.0,0.0,81.0,271.04998779296875,265.1100158691406,62.0,0.0,6.400000095367432,6.400000095367432
2022-09-19T13:58,2022-09-19T14:00,48,train,0,2022,9,13,44,2022-09-17T18:00,50,2022-09-17T12:00,50,2022-09-17T12:00,47,2022-09-17T15:00,45,2022-09-17T18:00,36,2022-09-18T02:00,-999.0,0.0,12.0,0.0,94.0,nan,1344.46875,nan,86500.0,nan,4.405558109283447,260.5835266113281,277.01458740234375,284.0773620605469,285.08428955078125,289.08441162109375,5743.83837890625,3092.82861328125,1488.9759521484375,115.7679214477539,285.3498840332031,98.30000305175781,340.5506591796875,3758.52294921875,12200.0,0.0,40.0099983215332,785.3514404296875,96.30000305175781,100.0,100.0,100.0,120.18240356445312,0.0007192000048235059,3.125,261.5818176269531,275.77020263671875,283.9669189453125,282.636962890625,286.9140930175781,5739.70751953125,3086.458251953125,1486.581787109375,783.9368896484375,130.9172821044922,282.861083984375,99.69999694824219,99.69999694824219,214.18548583984375,3586.39990234375,1425.883544921875,55.0,24.0,9.0,24100.0,260.8999938964844,277.29998779296875,287.6000061035156,289.20001220703125,293.6000061035156,5747.5302734375,3088.99658203125,1481.564208984375,765.0411987304688,118.53590393066406,287.3699951171875,95.5,99.0,1108.4000244140625,3777.5615234375,0.0,2.5625,2607.24609375,98.0,23.0,100.0,56.0,6900.0,260.99725341796875,275.6759033203125,284.5449523925781,284.32684326171875,288.0748291015625,5733.7626953125,3085.567626953125,1485.5687255859375,776.9679565429688,115.8933334350586,285.212646484375,94.767333984375,96.57337951660156,329.09716796875,3575.660888671875,0.0,25.6875,5731.27734375,3073.2890625,1468.80712890625,764.2474975585938,114.24267578125,261.4217834472656,276.867431640625,284.2315979003906,282.365478515625,286.6034851074219,91.48796081542969,98.75882720947266,98.13919067382812,98.22498321533203,,,,283.8050537109375,,101351.9375,93990.40625,,29.5626277923584,93.0,,,30.0,32.0,201.0,75.0,75.0,,78.0,,50.0,,64.0,79.0,5.0,257.0,278.3599853515625,278.4599914550781,100.0,16.0,7.199999809265137,8.0
2022-09-30T06:48,2022-09-30T07:00,24,holdout_baserate,0,2022,9,6,25,2022-09-29T06:00,25,2022-09-29T06:00,25,2022-09-29T06:00,22,2022-09-29T09:00,24,2022-09-29T06:00,24,2022-09-29T07:00,-999.0,0.0,0.0,0.0,0.0,nan,nan,nan,nan,nan,3.0974340438842773,258.7614440917969,274.1358642578125,278.00054931640625,279.46026611328125,283.2262878417969,5774.3583984375,3148.131103515625,1572.69140625,228.36456298828125,275.23797607421875,45.20000076293945,50.779571533203125,3372.763671875,44600.0,0.0,0.0,20000.185546875,0.0,0.0,0.0,0.0,24135.02734375,0.0,0.0,259.29998779296875,275.0878601074219,277.6078796386719,278.12872314453125,279.5787048339844,5782.041015625,3146.07568359375,1570.5103759765625,881.0604248046875,245.8463134765625,274.93170166015625,78.5,56.099998474121094,14.295365333557129,3517.280029296875,20000.017578125,23.0,0.0,0.0,24100.0,259.5,274.6000061035156,279.6000061035156,284.20001220703125,288.5,5779.828125,3150.81396484375,1569.1732177734375,871.4344482421875,239.63108825683594,279.8999938964844,4.300000190734863,4.0,346.3999938964844,3441.1201171875,0.0,0.0,nan,0.0,0.0,0.0,0.0,24100.0,258.43963623046875,274.4036560058594,278.8515625,277.8778076171875,280.38446044921875,5774.62548828125,3147.526123046875,1570.1063232421875,880.5941162109375,233.33143615722656,274.89105224609375,69.4910888671875,46.1805305480957,105.65057373046875,3403.015869140625,0.0,0.0,5781.359375,3146.29052734375,1567.3701171875,878.4680786132812,239.8642578125,259.08740234375,274.4598388671875,278.1649169921875,278.1746826171875,281.69842529296875,42.910484313964844,12.949934005737305,59.35710906982422,83.52115631103516,,,,276.2168884277344,,102960.5625,95371.9296875,,9.646368026733398,13.0,,,88886.0,6688.0,256.0,6.0,6.0,,7.0,,65.0,,66.0,66.0,0.0,77.0,271.3800048828125,265.20001220703125,62.0,0.0,6.400000095367432,6.400000095367432
2022-10-09T12:48,2022-10-09T13:00,1,holdout_baserate,0,2022,10,12,1,2022-10-09T12:00,1,2022-10-09T12:00,1,2022-10-09T12:00,1,2022-10-09T12:00,0,2022-10-09T12:00,1,2022-10-09T12:00,-999.0,0.0,2.0,100.0,13.0,nan,5280.19580078125,42400.0,51800.0,nan,8.157631874084473,251.27145385742188,266.8946533203125,272.6591796875,276.9559631347656,280.9945068359375,5533.5498046875,2973.6923828125,1440.9095458984375,116.50508117675781,273.2894592285156,78.0999984741211,331.43023681640625,1315.0400390625,19000.0,0.0,0.0,1249.009765625,74.9000015258789,100.0,100.0,63.0,24134.716796875,1.2000000424450263e-05,0.0,252.16177368164062,266.3330993652344,271.2325134277344,277.29425048828125,281.4949951171875,5535.68994140625,2972.57666015625,1443.5916748046875,763.826171875,124.71643829345703,277.6211853027344,68.30000305175781,69.4000015258789,690.2937622070312,1194.4000244140625,19999.875,16.0,45.0,1.0,100.0,251.39999389648438,267.1000061035156,270.6000061035156,275.29998779296875,279.3999938964844,5542.83642578125,2980.553466796875,1448.4984130859375,771.0997924804688,131.80833435058594,273.2799987792969,97.0,100.0,418.55999755859375,1184.800048828125,0.0,0.0625,nan,2.0,99.0,3.0,0.0,21600.0,251.48655700683594,266.4059753417969,272.20440673828125,276.5092468261719,280.01251220703125,5534.52880859375,2976.117919921875,1446.509765625,765.8211669921875,125.61692810058594,276.3562316894531,74.33457946777344,70.46266174316406,417.00244140625,1300.0,0.0,0.0,5535.41015625,2971.53857421875,1441.946044921875,762.7679443359375,130.203369140625,251.98556518554688,265.6042785644531,272.0400390625,275.1524658203125,279.009033203125,77.62889862060547,89.69739532470703,81.43828582763672,85.67870330810547,,,,274.7637939453125,,101580.25,94024.171875,,12.927779197692871,74.0,,,0.0,0.0,256.0,58.0,71.0,,77.0,,59.0,,59.0,59.0,1.0,426.0,268.989990234375,267.9100036621094,91.0,1.0,12.800000190734863,13.600000381469727
2022-09-30T06:48,2022-09-30T07:00,48,holdout_baserate,0,2022,9,6,43,2022-09-28T12:00,49,2022-09-28T06:00,49,2022-09-28T06:00,46,2022-09-28T09:00,48,2022-09-28T06:00,36,2022-09-28T19:00,-999.0,0.0,0.0,0.0,0.0,nan,nan,nan,nan,nan,2.3089160919189453,258.4876708984375,273.6207580566406,276.6288146972656,277.20196533203125,281.0508117675781,5751.87158203125,3131.009033203125,1558.8575439453125,221.74012756347656,274.37908935546875,56.29999923706055,51.577857971191406,3228.3515625,34300.0,0.0,0.6899999976158142,19999.810546875,0.0,0.0,0.0,0.0,24135.00390625,0.0,0.0,258.7131652832031,273.8492431640625,276.90789794921875,276.35394287109375,277.92791748046875,5759.16064453125,3133.797607421875,1563.1495361328125,876.2631225585938,244.90940856933594,273.69622802734375,84.4000015258789,62.5,29.584379196166992,3278.8798828125,19999.986328125,20.0,0.0,0.0,24100.0,259.29998779296875,274.70001220703125,280.0,284.79998779296875,289.1000061035156,5783.39013671875,3151.7783203125,1568.9508056640625,870.2346801757812,240.01309204101562,280.7200012207031,8.600000381469727,3.0,35.7599983215332,3390.719970703125,0.0,0.0,nan,8.0,0.0,0.0,8.0,14100.03515625,258.4068603515625,273.41583251953125,275.6700439453125,276.041748046875,279.70556640625,5751.4326171875,3132.575439453125,1563.10986328125,880.1421508789062,234.61380004882812,274.81201171875,86.87663269042969,76.79144287109375,145.3573760986328,3200.0,0.0,3.375,5768.7890625,3139.5283203125,1562.231689453125,875.1851806640625,236.36376953125,259.3033752441406,274.2867126464844,276.76666259765625,278.2066650390625,281.822021484375,41.82326889038086,21.884807586669922,62.7359619140625,85.87435150146484,,,,276.3707275390625,,102919.1875,95337.671875,,10.268665313720703,19.0,,,88886.0,6672.0,201.0,7.0,7.0,,7.0,,61.0,,61.0,61.0,0.0,75.0,270.9800109863281,266.8699645996094,74.0,0.0,7.199999809265137,7.199999809265137
2022-10-09T12:48,2022-10-09T13:00,24,holdout_baserate,0,2022,10,12,25,2022-10-08T12:00,25,2022-10-08T12:00,25,2022-10-08T12:00,22,2022-10-08T15:00,24,2022-10-08T12:00,24,2022-10-08T13:00,-999.0,0.0,13.0,91.0,70.0,6268.89794921875,1342.5035400390625,39600.0,86000.0,8457.9833984375,10.865105628967285,252.02542114257812,266.86456298828125,271.9430847167969,276.2914733886719,280.530517578125,5544.34130859375,2980.053466796875,1447.82421875,125.49299621582031,272.0209045410156,95.80000305175781,338.5195007324219,1130.719970703125,8500.0,0.0,0.05999999865889549,1697.3778076171875,47.099998474121094,100.0,94.4000015258789,6.400000095367432,24135.10546875,0.0,0.0,252.65057373046875,266.826416015625,272.2411804199219,278.389892578125,282.60223388671875,5543.1650390625,2973.142578125,1442.0079345703125,759.390869140625,117.78193664550781,278.6048583984375,64.19999694824219,64.19999694824219,995.9153442382812,1338.56005859375,19999.806640625,16.0,25.0,0.0,0.0,252.3000030517578,268.29998779296875,271.70001220703125,275.20001220703125,279.29998779296875,5545.0947265625,2972.169677734375,1435.4202880859375,758.1347045898438,119.9570083618164,272.70001220703125,99.4000015258789,100.0,418.7200012207031,1111.6800537109375,0.0007999999797903001,0.9375,6153.76806640625,4.0,98.0,73.0,2.0,19100.0,251.26675415039062,265.7712707519531,272.26861572265625,275.9761657714844,280.1226501464844,5535.548828125,2980.673828125,1452.063232421875,771.994384765625,132.86529541015625,276.482421875,77.302734375,78.1889877319336,474.8283996582031,1260.0,0.0,0.0,5535.8515625,2970.50146484375,1439.9521484375,761.2300415039062,128.360595703125,251.6220245361328,266.86639404296875,271.59625244140625,275.3490295410156,279.1877136230469,69.53788757324219,85.22583770751953,81.0912094116211,84.56316375732422,,,,275.23333740234375,,101557.4375,94009.9140625,,12.708547592163086,65.0,,,0.0,0.0,256.0,75.0,79.0,,86.0,,35.0,,35.0,38.0,1.0,463.0,269.5099792480469,268.19000244140625,89.0,5.0,13.600000381469727,15.600000381469727
2022-10-09T12:48,2022-10-09T13:00,48,holdout_baserate,0,2022,10,12,43,2022-10-07T18:00,49,2022-10-07T12:00,49,2022-10-07T12:00,46,2022-10-07T15:00,48,2022-10-07T12:00,36,2022-10-08T01:00,-999.0,73.0,83.0,0.0,0.0,nan,1342.580078125,nan,86100.0,nan,11.254125595092773,251.56106567382812,267.48016357421875,271.4024353027344,275.96197509765625,280.15576171875,5546.9619140625,2982.974853515625,1453.869384765625,131.99411010742188,271.5315856933594,99.19999694824219,349.8726501464844,1060.1600341796875,12200.0,0.0,6.829999923706055,881.3885498046875,39.599998474121094,100.0,52.79999923706055,23.799999237060547,24134.984375,0.0,0.0,252.88906860351562,267.18292236328125,272.6493835449219,278.7518310546875,282.986328125,5553.8798828125,2980.595458984375,1449.8330078125,766.1947631835938,123.66649627685547,278.995849609375,65.0,65.0999984741211,1102.3350830078125,1389.760009765625,19999.80078125,20.0,5.0,0.0,200.0,253.60000610351562,266.79998779296875,272.3999938964844,275.29998779296875,279.3999938964844,5550.15771484375,2974.309814453125,1437.5628662109375,759.6917724609375,122.51254272460938,273.44000244140625,94.9000015258789,100.0,374.8800048828125,1186.56005859375,0.0,0.25,nan,17.0,10.0,0.0,8.0,16800.0,251.07675170898438,267.1486511230469,272.45819091796875,275.8511047363281,279.84149169921875,5542.01318359375,2983.95703125,1456.4141845703125,775.8690185546875,135.8974609375,276.5286865234375,82.19463348388672,83.30279541015625,443.2070007324219,1320.0,0.0,2.5625,5535.65234375,2968.65576171875,1439.302734375,760.5164794921875,127.93115234375,252.15426635742188,266.5533447265625,271.49737548828125,275.204345703125,279.01287841796875,69.59827423095703,83.29676818847656,79.2441177368164,84.26168060302734,,,,275.0723876953125,,101551.375,94008.7265625,,12.163286209106445,66.0,,,0.0,0.0,256.0,62.0,66.0,,73.0,,50.0,,50.0,56.0,1.0,502.0,269.8799743652344,267.989990234375,85.0,6.0,12.0,14.0
2022-10-18T12:51,2022-10-18T13:00,1,holdout_baserate,0,2022,10,12,1,2022-10-18T12:00,1,2022-10-18T12:00,1,2022-10-18T12:00,1,2022-10-18T12:00,0,2022-10-18T12:00,1,2022-10-18T12:00,-999.0,100.0,100.0,16.0,19.0,1343.92822265625,1343.8736572265625,56000.0,85300.0,1898.8380126953125,7.104181289672852,254.22483825683594,271.2750244140625,279.7067565917969,283.66815185546875,287.802978515625,5526.29541015625,2934.17724609375,1364.7900390625,10.400397300720215,279.1918029785156,100.0,421.4111328125,2514.719970703125,0.0,9.999999747378752e-05,0.12999999523162842,785.38232421875,100.0,86.0999984741211,68.4000015258789,87.30000305175781,127.40489959716797,6.959999882383272e-05,0.1875,254.0523681640625,270.7236633300781,279.61968994140625,282.7138977050781,286.95599365234375,5524.14208984375,2932.632080078125,1368.725341796875,670.5321044921875,17.539499282836914,282.0904235839844,98.69999694824219,98.69999694824219,185.01048278808594,2265.1201171875,1196.550537109375,88.0,100.0,1.0,100.0,254.1999969482422,271.29998779296875,280.3999938964844,284.20001220703125,288.5,5531.87744140625,2932.8251953125,1362.257080078125,660.9439697265625,7.441999912261963,280.53997802734375,99.80000305175781,100.0,297.760009765625,2391.52001953125,0.0010999999940395355,2.25,2942.317138671875,51.0,100.0,98.0,51.0,10400.0,253.62832641601562,270.7923278808594,281.78662109375,284.23974609375,288.02130126953125,5523.87646484375,2935.55517578125,1363.289306640625,660.1668701171875,6.7598114013671875,283.5262756347656,93.89443969726562,93.71123504638672,361.109375,2670.0,9.999999747378752e-06,0.0,5530.1953125,2938.248046875,1368.2275390625,667.4363403320312,16.62939453125,254.28103637695312,270.17059326171875,280.9456787109375,282.84075927734375,287.1156005859375,56.069210052490234,69.06768798828125,100.70795440673828,98.15602111816406,,,,282.0672607421875,,100205.75,92923.40625,,17.293655395507812,95.0,,,0.0,0.0,402.0,72.0,79.0,,87.0,,32.0,,41.0,45.0,46.0,363.0,276.5099792480469,276.40997314453125,100.0,29.0,12.800000190734863,13.199999809265137
2022-10-18T12:51,2022-10-18T13:00,24,holdout_baserate,0,2022,10,12,25,2022-10-17T12:00,25,2022-10-17T12:00,25,2022-10-17T12:00,22,2022-10-17T15:00,24,2022-10-17T12:00,24,2022-10-17T13:00,-999.0,100.0,100.0,0.0,10.0,1343.8316650390625,1343.7066650390625,77800.0,85300.0,2300.19970703125,7.628151893615723,255.72622680664062,270.53216552734375,278.6138610839844,283.22296142578125,287.40472412109375,5515.09375,2924.997314453125,1363.166015625,11.252372741699219,278.8261413574219,100.0,517.5062255859375,2069.919921875,100.0,0.0,14.020000457763672,785.3784790039062,100.0,100.0,18.899999618530273,100.0,106.62753295898438,0.0010191999608650804,2.375,254.44253540039062,269.8880920410156,279.16717529296875,283.3931884765625,287.655029296875,5520.24365234375,2927.487548828125,1364.1904296875,664.8363037109375,10.134968757629395,282.6064758300781,99.0999984741211,98.5,1080.3572998046875,2291.52001953125,1196.74609375,66.0,32.0,0.0,100.0,255.3000030517578,271.8999938964844,280.1000061035156,284.5,288.70001220703125,5518.59130859375,2920.053466796875,1344.9779052734375,643.3260498046875,-10.76076602935791,280.8599853515625,99.80000305175781,100.0,578.239990234375,2783.840087890625,0.0007999999797903001,8.25,1025.7760009765625,42.0,58.0,40.0,42.0,10800.0,254.70089721679688,271.35833740234375,280.55511474609375,284.0000305175781,288.0945739746094,5527.14404296875,2935.177490234375,1364.740478515625,663.7411499023438,8.667316436767578,283.4870300292969,92.40966033935547,92.98741912841797,411.6354675292969,2660.0,0.0,9.125,5540.06640625,2935.5849609375,1357.138671875,655.3511352539062,2.83056640625,255.17860412597656,272.54425048828125,280.84368896484375,283.61895751953125,287.86285400390625,86.45191955566406,95.2012710571289,97.56532287597656,98.62969970703125,,,,283.0907287597656,,100014.6875,92766.546875,,21.414064407348633,93.0,,,0.0,0.0,256.0,100.0,100.0,,100.0,,88.0,,100.0,100.0,41.0,383.0,276.6399841308594,276.65997314453125,100.0,51.0,11.600000381469727,12.399999618530273
2022-10-18T12:51,2022-10-18T13:00,48,holdout_baserate,0,2022,10,12,43,2022-10-16T18:00,49,2022-10-16T12:00,49,2022-10-16T12:00,46,2022-10-16T15:00,48,2022-10-16T12:00,36,2022-10-17T01:00,-999.0,100.0,100.0,20.0,10.0,1343.87060546875,1343.6165771484375,45400.0,85500.0,3100.6298828125,6.559341907501221,255.91334533691406,269.38226318359375,278.386962890625,283.0899658203125,287.24755859375,5529.45703125,2939.41650390625,1381.197509765625,31.66802978515625,278.7640380859375,98.0,473.0473327636719,2156.159912109375,0.0,9.999999747378752e-05,11.460000038146973,785.32666015625,100.0,100.0,9.0,100.0,55.43467712402344,0.00032560000545345247,1.0,255.24070739746094,270.079833984375,280.2502136230469,283.15362548828125,287.3996887207031,5523.21240234375,2927.53271484375,1357.4810791015625,657.3106079101562,3.240281343460083,282.25177001953125,99.0,98.30000305175781,1146.09326171875,2541.280029296875,1726.523681640625,60.0,84.0,0.0,24100.0,255.0,270.0,277.29998779296875,281.8999938964844,286.1000061035156,5510.1884765625,2924.4345703125,1363.5567626953125,668.852783203125,17.851953506469727,278.760009765625,98.69999694824219,100.0,692.239990234375,2340.9599609375,0.0,2.25,3401.520263671875,43.0,100.0,100.0,43.0,14600.0,255.451171875,268.7575378417969,276.68743896484375,281.89215087890625,286.0230407714844,5527.27294921875,2947.41064453125,1396.55908203125,703.0032348632812,54.16184997558594,281.4951171875,88.15528869628906,88.14886474609375,844.6770629882812,2040.0,7.999999797903001e-05,5.0,5532.32421875,2948.306396484375,1377.8125,679.854248046875,30.34130859375,254.35203552246094,269.94970703125,280.1305236816406,282.259521484375,286.45697021484375,84.54071044921875,79.063232421875,98.38202667236328,98.45468139648438,,,,281.64093017578125,,100359.375,93059.578125,,18.212738037109375,93.0,,,0.0,0.0,256.0,91.0,94.0,,94.0,,82.0,,99.0,100.0,46.0,300.0,276.02996826171875,275.8699951171875,100.0,54.0,11.199999809265137,12.399999618530273
2022-10-27T15:48,2022-10-27T16:00,1,holdout_baserate,0,2022,10,15,1,2022-10-27T15:00,4,2022-10-27T12:00,4,2022-10-27T12:00,1,2022-10-27T15:00,3,2022-10-27T12:00,1,2022-10-27T15:00,-999.0,0.0,2.0,0.0,0.0,nan,1342.9609375,nan,86300.0,nan,15.656118392944336,259.0372314453125,275.3387451171875,278.823486328125,279.13848876953125,283.40869140625,5688.15966796875,3056.6943359375,1475.010986328125,125.74747467041016,276.32470703125,78.30000305175781,302.056884765625,3531.0400390625,20100.0,0.0,0.0,785.28173828125,98.5999984741211,0.0,0.0,100.0,304.6130065917969,6.4000000747910235e-06,0.0625,257.9619445800781,277.8950500488281,273.59161376953125,277.2217102050781,281.4035949707031,5694.005859375,3056.51904296875,1475.280029296875,794.38232421875,154.9967803955078,277.6064453125,93.0999984741211,93.0999984741211,643.5143432617188,1297.760009765625,19999.86328125,35.0,0.0,0.0,100.0,258.29998779296875,276.0,278.29998779296875,276.29998779296875,280.3999938964844,5690.5419921875,3059.334228515625,1468.091796875,786.3865966796875,141.15769958496094,274.3599853515625,98.69999694824219,100.0,254.24000549316406,1260.3199462890625,0.0,0.5,786.9420166015625,96.0,0.0,0.0,96.0,6300.0,258.52691650390625,275.24969482421875,278.20489501953125,276.9801025390625,281.6412658691406,5689.24169921875,3060.50927734375,1480.9561767578125,794.685546875,142.2715301513672,277.3099365234375,98.35858154296875,93.1675033569336,461.5949401855469,3030.0,0.0,0.0,5690.02734375,3051.51171875,1472.453125,786.9998168945312,146.458251953125,258.80682373046875,276.252685546875,276.7535095214844,277.9203796386719,282.46728515625,-0.2967529296875,51.23711395263672,90.7149429321289,81.85445404052734,,,,279.95782470703125,,101836.9375,94329.0,,6.672211647033691,34.0,,,88888.0,168.0,209.0,50.0,61.0,,69.0,,58.0,,60.0,62.0,2.0,344.0,272.05999755859375,270.69000244140625,90.0,4.0,16.399999618530273,19.100000381469727
2022-10-27T15:48,2022-10-27T16:00,24,holdout_baserate,0,2022,10,15,22,2022-10-26T18:00,22,2022-10-26T18:00,22,2022-10-26T18:00,25,2022-10-26T15:00,21,2022-10-26T18:00,24,2022-10-26T16:00,-999.0,0.0,1.0,0.0,0.0,nan,1342.8145751953125,nan,86300.0,nan,14.369632720947266,258.1027526855469,275.0057678222656,278.13037109375,278.06207275390625,282.39019775390625,5678.76953125,3055.8515625,1476.44970703125,133.1822509765625,275.1610412597656,69.4000015258789,295.0038146972656,3516.56005859375,25100.0,0.0,7.170000076293945,785.27685546875,90.5999984741211,0.0,0.0,100.0,986.1007080078125,5.599999894911889e-06,0.125,257.76446533203125,278.1171875,274.4952697753906,276.4667053222656,280.7400817871094,5690.58984375,3052.92626953125,1466.815673828125,787.2486572265625,149.50811767578125,276.92156982421875,92.80000305175781,92.80000305175781,591.8947143554688,1152.0,19999.884765625,36.0,0.0,0.0,0.0,258.5,276.79998779296875,277.29998779296875,275.0,279.1000061035156,5682.5908203125,3039.9462890625,1453.6307373046875,774.6422729492188,133.23104858398438,272.760009765625,98.9000015258789,100.0,335.3599853515625,1120.9599609375,0.00019999999494757503,0.6875,827.1614990234375,100.0,0.0,0.0,100.0,4200.0,258.6298828125,275.1596374511719,277.6012268066406,276.4991149902344,281.2292785644531,5679.24609375,3051.340576171875,1472.9674072265625,788.46630859375,137.05792236328125,277.03167724609375,97.58305358886719,93.29203033447266,436.3359680175781,2420.0,0.0,1.125,5686.69921875,3050.17919921875,1469.62841796875,784.8414916992188,145.10107421875,258.8494873046875,276.39300537109375,277.2943115234375,277.53619384765625,282.0767822265625,-0.46428585052490234,48.900917053222656,89.0036849975586,79.50175476074219,,,,279.66534423828125,,101809.9375,94300.609375,,6.3789825439453125,37.0,,,88888.0,224.0,256.0,33.0,35.0,,50.0,,40.0,,41.0,47.0,2.0,352.0,272.79998779296875,271.1600036621094,89.0,4.0,15.600000381469727,18.299999237060547
2022-11-07T21:49,2022-11-07T22:00,1,holdout_baserate,0,2022,11,21,1,2022-11-07T21:00,4,2022-11-07T18:00,4,2022-11-07T18:00,1,2022-11-07T21:00,3,2022-11-07T18:00,1,2022-11-07T21:00,-999.0,0.0,0.0,0.0,0.0,nan,nan,nan,nan,nan,8.533732414245605,262.5201416015625,270.3430480957031,274.76397705078125,280.7845458984375,285.1893005371094,5673.953125,3027.43994140625,1486.5791015625,146.42001342773438,274.82861328125,55.599998474121094,747.5630493164062,1652.0799560546875,34400.0,0.0,0.0,20000.08203125,5.0,0.0,0.0,0.0,24134.908203125,0.0,0.0,263.6036682128906,269.07257080078125,273.7948913574219,280.17645263671875,284.3723449707031,5676.6259765625,3020.12646484375,1486.3240966796875,798.900146484375,153.23756408691406,280.0910339355469,59.099998474121094,56.79999923706055,1553.0013427734375,1552.3199462890625,20000.173828125,3.0,0.0,0.0,24100.0,263.8999938964844,270.79998779296875,274.1000061035156,279.20001220703125,283.3999938964844,5676.2041015625,3019.354248046875,1482.3917236328125,795.8311767578125,145.3089141845703,276.7099914550781,61.70000076293945,62.0,763.2000122070312,1576.9599609375,0.0,0.0,nan,0.0,0.0,0.0,0.0,42700.0,262.1873779296875,268.2835693359375,275.66619873046875,282.22650146484375,286.9395751953125,5676.47509765625,3041.354248046875,1503.1561279296875,811.6242065429688,160.8143310546875,280.7777099609375,46.921722412109375,39.12493896484375,1279.2567138671875,1770.0,0.0,0.0,5672.80078125,3025.955078125,1483.65966796875,789.9346923828125,137.777099609375,263.23895263671875,269.42529296875,276.3392333984375,283.14862060546875,287.74200439453125,9.883148193359375,59.45871353149414,42.56631088256836,40.30583572387695,,,,283.9439392089844,,101622.75,94264.8828125,,6.4821553230285645,18.0,,,88888.0,808.0,16209.0,2.0,2.0,,2.0,,10.0,,10.0,10.0,3.0,872.0,272.22998046875,266.45001220703125,64.0,0.0,19.200000762939453,21.0
2022-10-27T15:48,2022-10-27T16:00,48,holdout_baserate,0,2022,10,15,46,2022-10-25T18:00,46,2022-10-25T18:00,46,2022-10-25T18:00,49,2022-10-25T15:00,45,2022-10-25T18:00,36,2022-10-26T04:00,-999.0,0.0,1.0,0.0,0.0,nan,1342.9324951171875,nan,86300.0,nan,15.745652198791504,259.3616638183594,276.1523742675781,278.9853210449219,278.857177734375,283.1203918457031,5695.1787109375,3058.3857421875,1473.5213623046875,125.45863342285156,276.14007568359375,74.9000015258789,290.45184326171875,3700.9599609375,21800.0,0.0,8.899999618530273,785.0938720703125,89.19999694824219,0.0,0.0,100.0,558.2188110351562,4.800000169780105e-06,0.125,258.3890075683594,277.95928955078125,275.0137023925781,276.73370361328125,280.9146423339844,5698.68212890625,3059.9033203125,1475.0068359375,794.8623657226562,156.71624755859375,277.135009765625,91.30000305175781,90.69999694824219,587.7344360351562,1175.52001953125,19999.865234375,34.0,0.0,0.0,24100.0,258.0,279.1000061035156,278.5,276.79998779296875,281.0,5703.21240234375,3057.0234375,1461.380126953125,778.3032836914062,137.25408935546875,275.3699951171875,76.4000015258789,76.0,295.20001220703125,3887.0400390625,0.0,0.0625,796.13623046875,100.0,0.0,0.0,100.0,100.0,258.63916015625,275.7302551269531,278.0711975097656,281.42999267578125,286.01953125,5698.837890625,3059.92431640625,1479.1143798828125,784.8446044921875,126.09376525878906,281.714599609375,99.82177734375,98.15562438964844,535.3243408203125,3630.0,0.0,4.375,5694.015625,3054.643798828125,1473.18212890625,788.5656127929688,148.82373046875,258.8096923828125,276.56097412109375,277.28350830078125,277.5198974609375,282.0985107421875,0.04208183288574219,34.690032958984375,87.87976837158203,76.74398803710938,,,,279.76605224609375,,101858.0625,94344.984375,,5.733524799346924,34.0,,,88888.0,224.0,256.0,39.0,40.0,,40.0,,40.0,,42.0,46.0,1.0,343.0,272.21002197265625,271.45001220703125,95.0,3.0,16.0,19.899999618530273
2022-11-07T21:49,2022-11-07T22:00,24,holdout_baserate,0,2022,11,21,22,2022-11-07T00:00,22,2022-11-07T00:00,22,2022-11-07T00:00,25,2022-11-06T21:00,21,2022-11-07T00:00,24,2022-11-06T22:00,-999.0,0.0,49.0,0.0,0.0,1884.0391845703125,1507.8785400390625,nan,84800.0,nan,10.480289459228516,262.732666015625,271.28106689453125,271.4768371582031,277.3571472167969,281.69580078125,5663.68310546875,3011.03564453125,1477.5635986328125,148.52877807617188,272.70556640625,85.30000305175781,684.5112915039062,1237.6800537109375,15600.0,0.0,15.850000381469727,19999.9609375,5.0,0.0,0.6000000238418579,1.0,24134.93359375,0.0,0.0,263.2043762207031,269.5084228515625,272.5,278.881591796875,283.0693664550781,5666.25341796875,3011.10498046875,1477.826904296875,793.6753540039062,151.0420379638672,278.7532958984375,61.70000076293945,59.599998474121094,1485.6348876953125,1415.0400390625,20000.146484375,6.0,0.0,0.0,24100.0,263.79998779296875,272.0,273.29998779296875,278.5,282.6000061035156,5672.8125,3004.3154296875,1465.609375,780.9022216796875,132.26974487304688,275.8800048828125,66.5,68.0,759.52001953125,1479.8399658203125,0.0,0.0,1577.93359375,62.0,0.0,0.0,62.0,21200.0,262.5814208984375,269.53179931640625,270.2564697265625,276.6527099609375,281.3607177734375,5659.2001953125,3014.103271484375,1486.22119140625,808.2955322265625,164.72015380859375,276.31884765625,75.15339660644531,69.25675964355469,952.044189453125,1170.0,0.0,13.25,5672.92578125,3020.595947265625,1477.084228515625,785.1618041992188,135.064697265625,263.1187744140625,270.069091796875,275.6356201171875,282.314697265625,286.8774719238281,7.233391761779785,55.40863037109375,40.89753723144531,39.458309173583984,,,,283.07769775390625,,101593.5625,94220.2890625,,5.79372501373291,46.0,,,88886.0,432.0,201.0,29.0,29.0,,29.0,,56.0,,56.0,56.0,10.0,792.0,271.78997802734375,267.6099853515625,74.0,4.0,18.799999237060547,21.200000762939453
2022-11-17T13:52,2022-11-17T14:00,1,train,0,2022,11,13,1,2022-11-17T13:00,2,2022-11-17T12:00,2,2022-11-17T12:00,1,2022-11-17T13:00,3,2022-11-17T12:00,1,2022-11-17T13:00,-999.0,100.0,100.0,0.0,0.0,1341.501708984375,1341.36767578125,82400.0,85000.0,1859.400634765625,9.340378761291504,244.42745971679688,256.0749816894531,263.59197998046875,268.77978515625,272.922607421875,5271.7607421875,2806.46875,1329.520751953125,51.163536071777344,263.8084716796875,92.19999694824219,450.0582275390625,0.0,100.0,0.0,0.05700000002980232,973.8997802734375,81.80000305175781,0.0,0.0,91.5999984741211,2553.204833984375,1.359999987471383e-05,0.0625,243.08816528320312,255.19564819335938,262.7452087402344,268.6065673828125,272.6309814453125,5271.86279296875,2811.86279296875,1338.5054931640625,680.1508178710938,61.746124267578125,268.2158508300781,85.9000015258789,81.69999694824219,991.3240966796875,20.959999084472656,19999.900390625,42.0,1.0,0.0,100.0,243.60000610351562,255.6999969482422,262.70001220703125,267.29998779296875,271.29998779296875,5273.4638671875,2810.546142578125,1336.151611328125,679.2271728515625,57.626564025878906,265.25,96.69999694824219,100.0,593.280029296875,0.0,0.0010000000474974513,3.0625,816.0202026367188,100.0,6.0,0.0,100.0,12400.0,244.183837890625,255.463623046875,263.2483825683594,268.42138671875,272.7701416015625,5278.41162109375,2821.13720703125,1343.669921875,685.5252075195312,66.37425231933594,268.22833251953125,88.0,85.20501708984375,572.4622192382812,10.0,0.0,0.0625,5255.00390625,2807.252197265625,1332.369384765625,675.8004150390625,59.67431640625,242.0616912841797,254.98037719726562,262.4761047363281,267.853271484375,271.99664306640625,64.60416412353516,92.46788024902344,75.34069061279297,68.7652587890625,,,,268.4175109863281,,100754.9375,93045.34375,,4.336663722991943,76.0,,,0.0,0.0,256.0,59.0,71.0,,79.0,,59.0,,59.0,59.0,2.0,472.0,260.7699890136719,259.92999267578125,94.0,3.0,15.600000381469727,17.200000762939453
2022-11-07T21:49,2022-11-07T22:00,48,holdout_baserate,0,2022,11,21,46,2022-11-06T00:00,46,2022-11-06T00:00,46,2022-11-06T00:00,49,2022-11-05T21:00,45,2022-11-06T00:00,36,2022-11-06T10:00,-999.0,0.0,1.0,0.0,0.0,nan,nan,nan,nan,nan,8.527810096740723,262.9586486816406,273.4606628417969,272.4505615234375,278.13055419921875,282.53216552734375,5682.62109375,3036.540283203125,1490.0103759765625,154.84808349609375,272.985107421875,71.30000305175781,554.660400390625,1279.3599853515625,23100.0,0.0,20.989999771118164,15903.5625,50.20000076293945,0.0,0.0,1.399999976158142,24135.130859375,8.000000093488779e-07,0.0,263.8731384277344,267.5323486328125,272.151611328125,278.5160217285156,282.6650085449219,5638.45361328125,2998.603515625,1471.8768310546875,788.7540893554688,147.09524536132812,278.298095703125,61.70000076293945,58.5,1532.669921875,1371.52001953125,19999.822265625,35.0,0.0,0.0,3200.0,264.5,270.20001220703125,271.3999938964844,276.6000061035156,280.70001220703125,5652.64599609375,2990.345458984375,1461.4520263671875,781.2296752929688,136.6646270751953,274.29998779296875,86.4000015258789,89.0,933.760009765625,1284.800048828125,0.0003000000142492354,0.375,nan,0.0,0.0,0.0,0.0,25300.0,262.5123291015625,272.50872802734375,272.0453796386719,278.17730712890625,282.72222900390625,5677.67333984375,3034.1240234375,1491.01904296875,809.1204223632812,160.47311401367188,276.9949951171875,68.00163269042969,58.615516662597656,832.0424194335938,1340.0,0.0,7.0625,5665.2421875,3016.3671875,1474.15576171875,782.2423706054688,131.8662109375,262.335693359375,270.28399658203125,275.70404052734375,282.3798828125,286.9635009765625,5.22811222076416,58.02558135986328,42.31243896484375,39.73728561401367,,,,283.0502014160156,,101560.0625,94177.625,,5.635108470916748,26.0,,,88886.0,288.0,201.0,43.0,43.0,,43.0,,46.0,,46.0,46.0,2.0,804.0,272.260009765625,267.0899963378906,66.0,4.0,17.200000762939453,19.700000762939453
2022-11-17T13:52,2022-11-17T14:00,24,train,0,2022,11,13,26,2022-11-16T12:00,26,2022-11-16T12:00,26,2022-11-16T12:00,23,2022-11-16T15:00,21,2022-11-16T18:00,24,2022-11-16T14:00,-999.0,100.0,100.0,0.0,0.0,1341.480224609375,1341.315673828125,82400.0,84800.0,1700.088623046875,9.435355186462402,243.16305541992188,256.1420593261719,263.572265625,268.3116455078125,272.4320068359375,5268.2919921875,2808.667236328125,1330.421875,52.8555908203125,263.46844482421875,91.80000305175781,390.5603942871094,0.0,100.0,0.0,22.309999465942383,978.67578125,81.30000305175781,0.0,0.0,83.9000015258789,3290.652587890625,1.0400000064691994e-05,0.0625,242.76812744140625,256.3221740722656,262.5871276855469,268.433837890625,272.4426574707031,5272.78515625,2811.626953125,1335.6492919921875,677.7264404296875,59.75068664550781,268.0020751953125,86.5999984741211,82.19999694824219,909.34130859375,0.0,19999.974609375,40.0,5.0,0.0,0.0,242.8000030517578,257.1000061035156,262.6000061035156,267.3999938964844,271.3999938964844,5267.7294921875,2806.261962890625,1325.321044921875,668.3843994140625,47.41731262207031,265.5299987792969,97.69999694824219,100.0,399.8399963378906,8.479999542236328,0.0010999999940395355,4.4375,nan,100.0,0.0,0.0,100.0,14506.3916015625,243.22068786621094,255.34788513183594,262.90496826171875,267.54754638671875,271.810302734375,5262.83251953125,2807.96826171875,1329.9822998046875,673.6229858398438,55.727027893066406,266.99957275390625,88.92153930664062,85.04240417480469,487.19610595703125,0.0,0.0,3.875,5260.109375,2812.541015625,1335.963623046875,679.6870727539062,63.67333984375,242.2226104736328,255.0718231201172,262.7159423828125,267.6600341796875,271.84332275390625,71.56379699707031,87.20598602294922,77.86351013183594,70.3372573852539,,,,268.5281066894531,,100806.3125,93087.59375,,4.327070236206055,74.0,,,0.0,0.0,201.0,88.0,91.0,,93.0,,66.0,,69.0,77.0,4.0,573.0,260.9700012207031,260.4100036621094,95.0,3.0,16.0,17.600000381469727
2022-11-27T13:55,2022-11-27T14:00,1,train,0,2022,11,13,1,2022-11-27T13:00,2,2022-11-27T12:00,2,2022-11-27T12:00,1,2022-11-27T13:00,3,2022-11-27T12:00,1,2022-11-27T13:00,-999.0,0.0,0.0,20.0,100.0,8864.4287109375,7908.966796875,nan,36400.0,10735.279296875,8.353902816772461,258.2929992675781,274.537353515625,280.7210388183594,281.941650390625,285.4670715332031,5600.20654296875,2973.498046875,1392.6151123046875,38.12938690185547,277.26483154296875,28.100000381469727,146.41546630859375,3379.679931640625,67100.0,0.0,0.0,7249.90478515625,0.0,100.0,100.0,0.0,24135.201171875,0.0,0.0,258.353271484375,275.23095703125,280.2619323730469,278.360107421875,282.5293273925781,5609.91259765625,2979.14501953125,1397.8851318359375,702.0565185546875,60.791343688964844,277.3573913574219,64.80000305175781,57.400001525878906,23.63728904724121,3335.199951171875,7271.09375,0.0,91.0,100.0,24100.0,258.20001220703125,275.70001220703125,280.0,281.79998779296875,286.0,5612.72119140625,2983.439208984375,1398.84375,705.1456909179688,66.99198150634766,277.54998779296875,41.099998474121094,30.0,217.44000244140625,3390.8798828125,0.0,0.0,6180.671875,0.0,100.0,100.0,0.0,44000.0,258.04278564453125,274.7386169433594,280.96026611328125,279.5989685058594,282.2087097167969,5606.9873046875,2977.896484375,1396.0260009765625,701.1000366210938,47.0877571105957,275.3399658203125,46.0,35.57347869873047,92.6290512084961,3300.0,0.0,0.0,5604.484375,2974.001708984375,1394.59423828125,701.431640625,60.4130859375,257.50799560546875,275.00970458984375,280.0924072265625,279.5005798339844,282.7650451660156,27.150211334228516,14.71219253540039,34.690879821777344,41.355560302734375,,,,278.1175842285156,,100724.6875,93318.078125,,7.2044677734375,71.0,,,88888.0,5536.0,16274.0,3.0,4.0,,4.0,,6.0,,6.0,7.0,0.0,138.0,271.1299743652344,262.2200012207031,50.0,0.0,13.600000381469727,13.600000381469727
2022-11-17T13:52,2022-11-17T14:00,48,train,0,2022,11,13,44,2022-11-15T18:00,50,2022-11-15T12:00,50,2022-11-15T12:00,47,2022-11-15T15:00,45,2022-11-15T18:00,36,2022-11-16T02:00,-999.0,100.0,100.0,0.0,0.0,1341.453369140625,1341.3367919921875,82300.0,84700.0,1698.2296142578125,11.684117317199707,243.74603271484375,256.90655517578125,263.4989013671875,268.2618713378906,272.3929748535156,5267.48828125,2803.998779296875,1323.000244140625,44.22710418701172,263.07379150390625,91.4000015258789,381.968017578125,0.0,100.0,0.0,23.1299991607666,1074.308837890625,80.80000305175781,0.0,0.0,100.0,12152.3583984375,6.4000000747910235e-06,0.0625,243.02645874023438,256.19189453125,263.1895751953125,268.93084716796875,272.9499816894531,5273.63427734375,2811.326904296875,1334.43359375,675.13232421875,55.963829040527344,268.467041015625,86.0,81.0,983.9013671875,56.79999923706055,20000.1171875,37.0,0.0,0.0,0.0,244.8000030517578,257.79998779296875,261.29998779296875,266.0,270.0,5299.00390625,2814.649169921875,1334.1827392578125,680.7040405273438,62.015140533447266,263.94000244140625,97.5999984741211,100.0,444.0,0.0,0.000699999975040555,3.0,966.834716796875,100.0,0.0,0.0,100.0,13700.0,243.29241943359375,256.0869140625,262.77044677734375,267.995361328125,272.33917236328125,5261.072265625,2804.3125,1328.029541015625,670.840576171875,51.427284240722656,267.3802185058594,90.92507934570312,87.00209045410156,610.1637573242188,0.0,0.0,13.25,5260.98046875,2809.771484375,1331.46728515625,673.46875,55.696533203125,242.1885528564453,256.0109558105469,262.871826171875,268.4765625,272.61669921875,63.307132720947266,91.97052764892578,74.12815856933594,68.33085632324219,,,,269.2032470703125,,100699.875,93010.328125,,4.479913234710693,72.0,,,0.0,0.0,201.0,86.0,91.0,,95.0,,50.0,,51.0,55.0,5.0,604.0,262.1000061035156,260.8899841308594,90.0,5.0,15.199999809265137,17.200000762939453
2022-11-27T13:55,2022-11-27T14:00,24,train,0,2022,11,13,26,2022-11-26T12:00,26,2022-11-26T12:00,26,2022-11-26T12:00,23,2022-11-26T15:00,21,2022-11-26T18:00,24,2022-11-26T14:00,-999.0,0.0,0.0,1.0,100.0,7887.95361328125,262.81768798828125,28500.0,33700.0,10767.2841796875,12.27705192565918,257.9720458984375,274.706298828125,278.513427734375,280.534912109375,284.4534912109375,5595.8857421875,2969.56591796875,1391.1060791015625,39.826133728027344,273.9556579589844,33.29999923706055,190.803955078125,3479.199951171875,59200.0,0.0,0.0,9177.435546875,0.0,100.0,100.0,0.0,24135.12890625,0.0,0.0,258.8235778808594,275.2144775390625,279.88214111328125,277.8383483886719,281.9952087402344,5612.181640625,2979.489501953125,1399.87109375,704.99267578125,64.7463150024414,276.8803405761719,76.80000305175781,68.0,19.146203994750977,3325.280029296875,7784.10009765625,0.0,81.0,90.0,24100.0,258.70001220703125,276.3999938964844,279.0,279.1000061035156,283.29998779296875,5617.5302734375,2978.341064453125,1389.0302734375,701.6634521484375,61.25526428222656,274.8699951171875,35.400001525878906,23.0,295.0400085449219,3524.9599609375,0.0,0.0,7405.517578125,0.0,67.0,100.0,0.0,36500.0,258.1368713378906,275.0286865234375,279.54754638671875,277.5875244140625,280.8251953125,5599.6337890625,2970.8662109375,1390.2803955078125,699.9436645507812,46.94007110595703,274.9130859375,54.68950271606445,43.7739143371582,214.11410522460938,3390.0,0.0,0.0,5604.04296875,2976.551025390625,1395.0048828125,702.9652099609375,62.286376953125,257.6052551269531,274.87744140625,280.066650390625,279.1495361328125,282.5698547363281,24.68747329711914,15.43264102935791,37.854888916015625,43.789390563964844,,,,277.982421875,,100747.875,93326.0625,,7.442643165588379,45.0,,,88888.0,6112.0,201.0,7.0,7.0,,7.0,,54.0,,55.0,58.0,0.0,167.0,270.3399963378906,262.3699951171875,55.0,0.0,14.0,14.800000190734863
2022-11-27T13:55,2022-11-27T14:00,48,train,0,2022,11,13,44,2022-11-25T18:00,50,2022-11-25T12:00,50,2022-11-25T12:00,47,2022-11-25T15:00,45,2022-11-25T18:00,36,2022-11-26T02:00,-999.0,0.0,0.0,100.0,100.0,nan,7318.94970703125,nan,39600.0,nan,12.275176048278809,257.5325927734375,275.0664367675781,278.4555969238281,280.34625244140625,284.2697448730469,5597.2392578125,2970.473388671875,1391.971923828125,40.516353607177734,274.0874328613281,32.79999923706055,208.3454132080078,3533.43994140625,59900.0,0.0,6.059999942779541,1317.4466552734375,0.0,100.0,100.0,0.0,24134.896484375,0.0,0.0,256.6288757324219,275.49566650390625,278.58636474609375,277.5827331542969,281.742431640625,5611.14208984375,2978.985595703125,1402.6529541015625,709.4183959960938,69.7774658203125,276.5675048828125,78.0999984741211,69.30000305175781,23.159835815429688,3472.639892578125,20000.083984375,2.0,16.0,25.0,24100.0,258.3999938964844,277.29998779296875,277.79998779296875,277.1000061035156,281.20001220703125,5611.0849609375,2966.467529296875,1378.9984130859375,696.040771484375,57.14336013793945,273.2900085449219,48.70000076293945,36.0,293.3599853515625,3720.800048828125,0.0,0.0,nan,0.0,0.0,50.0,0.0,31700.0,257.8822021484375,275.05474853515625,279.03265380859375,276.8569030761719,280.252197265625,5604.73974609375,2974.1552734375,1394.9659423828125,706.692626953125,54.42108154296875,274.3614501953125,60.68950271606445,47.32386016845703,245.22340393066406,3480.0,0.0,4.1875,5601.58203125,2970.3544921875,1391.051513671875,700.5333251953125,61.12744140625,258.387451171875,274.52215576171875,279.47149658203125,278.5596923828125,282.03497314453125,26.00445556640625,16.04498291015625,38.43894958496094,43.76421356201172,,,,276.89422607421875,,100735.6875,93309.2890625,,6.6552557945251465,66.0,,,88888.0,5456.0,201.0,6.0,6.0,,6.0,,50.0,,50.0,52.0,0.0,169.0,268.82000732421875,263.07000732421875,64.0,0.0,12.800000190734863,13.300000190734863
2022-12-06T12:51,2022-12-06T13:00,1,holdout_baserate,0,2022,12,12,1,2022-12-06T12:00,1,2022-12-06T12:00,1,2022-12-06T12:00,1,2022-12-06T12:00,0,2022-12-06T12:00,1,2022-12-06T12:00,-999.0,0.0,100.0,12.0,50.0,1342.6796875,1342.5640869140625,84700.0,87000.0,1715.45263671875,10.035057067871094,251.40863037109375,269.0650939941406,272.3233947753906,274.2709045410156,278.01019287109375,5656.578125,3087.417236328125,1543.03125,222.96054077148438,271.2708740234375,98.0,289.5014343261719,1018.3200073242188,0.0,0.0,0.0010000000474974513,785.01904296875,100.0,38.099998474121094,100.0,100.0,151.19190979003906,8.000000093488779e-07,0.0,251.86497497558594,267.3981628417969,271.0431823730469,273.53741455078125,276.7649841308594,5661.61376953125,3092.589111328125,1556.9000244140625,880.6351928710938,252.07237243652344,273.2785339355469,98.30000305175781,99.0,408.47125244140625,863.6799926757812,1196.2242431640625,52.0,42.0,1.0,0.0,252.0,268.3999938964844,271.29998779296875,273.6000061035156,277.6000061035156,5657.29736328125,3084.943115234375,1541.1212158203125,866.947265625,237.76852416992188,271.6499938964844,98.9000015258789,100.0,334.4800109863281,950.8800048828125,9.999999747378752e-05,0.3125,913.7471313476562,67.0,38.0,64.0,67.0,6000.0,251.79254150390625,268.6296081542969,272.9809875488281,274.6259460449219,277.564208984375,5658.8427734375,3088.3046875,1544.8087158203125,866.3912353515625,227.8868408203125,273.23736572265625,92.01416015625,97.05077362060547,351.5655822753906,1140.0,0.0,0.0,5655.21875,3087.939453125,1545.312744140625,867.759765625,239.91845703125,251.3979034423828,268.24261474609375,273.24322509765625,273.6217041015625,276.689453125,19.212059020996094,40.468528747558594,94.70472717285156,91.85762023925781,,,,273.9689025878906,,102940.3125,95238.0625,,8.164721488952637,91.0,,,0.0,0.0,209.0,78.0,90.0,,92.0,,83.0,,87.0,91.0,0.0,262.0,267.8999938964844,268.16998291015625,100.0,11.0,16.0,17.200000762939453
2022-12-06T12:51,2022-12-06T13:00,24,holdout_baserate,0,2022,12,12,25,2022-12-05T12:00,25,2022-12-05T12:00,25,2022-12-05T12:00,22,2022-12-05T15:00,24,2022-12-05T12:00,24,2022-12-05T13:00,-999.0,100.0,100.0,22.0,100.0,1342.665283203125,1342.494140625,30400.0,87000.0,11026.25390625,9.12783145904541,251.1241455078125,267.8039855957031,271.0223693847656,273.8232116699219,277.6544189453125,5647.56005859375,3089.97314453125,1553.013427734375,237.3087158203125,270.77630615234375,97.5999984741211,364.16265869140625,941.4400024414062,0.0,0.0,0.0,882.1204223632812,100.0,78.0,100.0,100.0,880.1854248046875,1.6000000186977559e-06,0.0,251.93783569335938,268.0815734863281,270.16473388671875,272.9861145019531,276.51019287109375,5660.24755859375,3087.232177734375,1552.015869140625,878.1530151367188,250.2471923828125,273.0340576171875,97.5,97.0999984741211,430.0511779785156,808.3200073242188,1196.1051025390625,55.0,21.0,10.0,0.0,252.0,269.0,271.70001220703125,272.1000061035156,276.20001220703125,5649.9990234375,3079.840576171875,1538.1978759765625,867.3805541992188,239.45909118652344,270.44000244140625,98.4000015258789,100.0,332.8800048828125,764.9600219726562,0.00019999999494757503,0.3125,883.2352294921875,83.0,92.0,100.0,83.0,5900.0,251.08949279785156,266.91290283203125,271.6094055175781,274.19268798828125,277.43450927734375,5655.6943359375,3095.074462890625,1560.24658203125,884.0670166015625,247.3226776123047,273.05584716796875,89.74050903320312,97.66505432128906,374.65802001953125,830.0,0.0,0.0,5651.73828125,3088.198974609375,1547.4365234375,870.431640625,241.945068359375,251.34274291992188,267.86712646484375,272.524658203125,273.91510009765625,276.99493408203125,17.411296844482422,49.635169982910156,96.02825927734375,93.6029281616211,,,,273.9226379394531,,102968.375,95280.5546875,,7.613264560699463,91.0,,,0.0,0.0,256.0,56.0,61.0,,70.0,,53.0,,53.0,58.0,0.0,255.0,267.5099792480469,267.52996826171875,100.0,7.0,15.600000381469727,16.799999237060547
2022-12-06T12:51,2022-12-06T13:00,48,holdout_baserate,0,2022,12,12,43,2022-12-04T18:00,49,2022-12-04T12:00,49,2022-12-04T12:00,46,2022-12-04T15:00,48,2022-12-04T12:00,36,2022-12-05T01:00,-999.0,100.0,100.0,34.0,100.0,1342.589599609375,1342.54931640625,45800.0,87000.0,11856.810546875,9.347132682800293,251.8748321533203,268.0830078125,272.05426025390625,273.78411865234375,277.639892578125,5667.5712890625,3104.854736328125,1565.1746826171875,248.17666625976562,270.75909423828125,97.5999984741211,341.943603515625,937.0399780273438,0.0,0.0,0.0,932.9257202148438,100.0,99.19999694824219,100.0,79.30000305175781,24134.828125,1.9999999949504854e-06,0.0,252.30886840820312,267.8778991699219,270.4512939453125,272.77020263671875,276.1746826171875,5657.63037109375,3087.716796875,1551.0517578125,875.8775024414062,248.809814453125,272.7102355957031,93.80000305175781,96.5,191.32334899902344,783.3599853515625,20000.123046875,34.0,48.0,9.0,24100.0,253.10000610351562,267.79998779296875,273.20001220703125,272.29998779296875,276.3999938964844,5666.80810546875,3090.09228515625,1548.6080322265625,876.1113891601562,251.60452270507812,270.2300109863281,85.19999694824219,82.0,292.7200012207031,732.0,0.0,0.0,908.3328247070312,79.0,100.0,100.0,79.0,5900.0,251.67941284179688,268.28741455078125,271.62060546875,273.6378173828125,276.9707336425781,5672.111328125,3106.220458984375,1568.4266357421875,892.8397827148438,256.0926513671875,272.82989501953125,92.3150634765625,97.98192596435547,385.5362243652344,750.0,0.0,0.0625,5648.90625,3084.93310546875,1546.431640625,868.376708984375,238.846923828125,251.7671661376953,267.56829833984375,272.8136291503906,274.2060241699219,277.38238525390625,23.594051361083984,38.61976623535156,95.98629760742188,92.10435485839844,,,,274.28948974609375,,102924.75,95256.5546875,,8.136311531066895,93.0,,,30.0,32.0,0.0,49.0,51.0,,58.0,,63.0,,63.0,67.0,0.0,205.0,268.1199951171875,267.15997314453125,94.0,4.0,14.800000190734863,15.600000381469727
2022-12-16T19:59,2022-12-16T20:00,1,train,0,2022,12,19,1,2022-12-16T19:00,2,2022-12-16T18:00,2,2022-12-16T18:00,1,2022-12-16T19:00,3,2022-12-16T18:00,1,2022-12-16T19:00,3237.39990234375,100.0,100.0,100.0,85.0,1341.981201171875,1341.8643798828125,39600.0,85600.0,8111.83203125,4.732814311981201,250.55966186523438,264.9126892089844,267.91290283203125,270.9967041015625,275.02880859375,5443.29296875,2901.678955078125,1384.211669921875,80.06297302246094,266.42340087890625,93.5999984741211,408.7991638183594,269.67999267578125,100.0,0.0006000000284984708,2.4579999446868896,785.0884399414062,100.0,100.0,100.0,100.0,91.66429138183594,0.0004976000054739416,3.3125,250.5956573486328,264.5650329589844,266.8148193359375,270.11199951171875,274.1625671386719,5447.20703125,2894.260986328125,1383.0152587890625,718.1282958984375,95.95352935791016,269.7627868652344,96.4000015258789,96.19999694824219,571.339111328125,254.55999755859375,1195.807373046875,100.0,100.0,90.0,100.0,251.39999389648438,264.29998779296875,265.70001220703125,269.3999938964844,273.3999938964844,5447.818359375,2887.781494140625,1381.5792236328125,719.0339965820312,94.33019256591797,266.5199890136719,98.9000015258789,100.0,364.0,161.44000244140625,0.0006000000284984708,4.1875,1285.1832275390625,100.0,100.0,81.0,57.0,700.0,250.84584045410156,265.32269287109375,268.5655212402344,270.7695007324219,274.8703308105469,5441.09375,2894.837158203125,1374.064453125,706.0865478515625,72.09024810791016,270.59332275390625,92.20478057861328,93.87224578857422,414.8412780761719,370.0,0.0005600000149570405,2.1875,5440.9609375,2897.079833984375,1379.138671875,713.76513671875,94.39697265625,250.52609252929688,264.611328125,268.41693115234375,269.3486328125,273.3680114746094,96.47773742675781,96.13066864013672,96.78827667236328,91.88954162597656,,,,269.4722900390625,,101214.9375,93509.5625,,11.313430786132812,96.0,,,0.0,0.0,209.0,100.0,100.0,,100.0,,100.0,,100.0,100.0,0.0,372.0,264.42999267578125,264.29998779296875,100.0,91.0,17.600000381469727,19.299999237060547
2022-12-16T19:59,2022-12-16T20:00,24,train,0,2022,12,19,26,2022-12-15T18:00,26,2022-12-15T18:00,26,2022-12-15T18:00,23,2022-12-15T21:00,21,2022-12-16T00:00,24,2022-12-15T20:00,5323.0,100.0,100.0,100.0,100.0,1342.05224609375,1342.017333984375,30300.0,85600.0,9848.6279296875,7.313595771789551,250.7361602783203,263.95111083984375,268.05084228515625,271.6762390136719,275.7421875,5439.99609375,2897.54248046875,1386.4794921875,82.70024108886719,267.5258483886719,94.5,447.51470947265625,440.239990234375,100.0,0.000699999975040555,17.209999084472656,785.0975341796875,100.0,100.0,100.0,100.0,99.1500015258789,0.000602399988565594,5.0625,250.33749389648438,263.9023132324219,266.5724182128906,269.87860107421875,273.908935546875,5444.12353515625,2892.999267578125,1388.4365234375,724.1593627929688,102.58837127685547,269.5521240234375,96.4000015258789,96.0999984741211,487.6703186035156,224.0,1228.9404296875,100.0,100.0,100.0,500.0,252.1999969482422,265.1000061035156,265.70001220703125,269.70001220703125,273.70001220703125,5434.0029296875,2865.445068359375,1360.954833984375,697.739013671875,74.14744567871094,266.7099914550781,98.19999694824219,100.0,812.9600219726562,190.8800048828125,0.0008999999845400453,5.9375,1228.4884033203125,82.0,100.0,100.0,57.0,600.0,249.94577026367188,265.554443359375,267.8415222167969,271.44061279296875,275.51385498046875,5437.75341796875,2890.628173828125,1374.27685546875,706.0164794921875,72.3100814819336,271.15716552734375,91.15858459472656,94.09734344482422,449.90814208984375,460.0,0.000750000006519258,18.25,5441.703125,2890.194091796875,1374.296630859375,706.7392578125,84.8203125,250.51573181152344,264.925537109375,268.6269226074219,270.29046630859375,274.3755798339844,95.70071411132812,96.94786071777344,97.35863494873047,92.46648406982422,,,,270.080810546875,,101096.3125,93418.7578125,,11.662568092346191,97.0,,,30.0,32.0,0.0,88.0,94.0,,94.0,,100.0,,100.0,100.0,0.0,378.0,264.41998291015625,264.53997802734375,100.0,79.0,17.200000762939453,18.799999237060547
2022-12-25T15:56,2022-12-25T16:00,1,holdout_baserate,0,2022,12,15,1,2022-12-25T15:00,4,2022-12-25T12:00,4,2022-12-25T12:00,1,2022-12-25T15:00,3,2022-12-25T12:00,1,2022-12-25T15:00,-999.0,0.0,38.0,8.0,0.0,nan,1340.3699951171875,nan,84300.0,nan,7.938392162322998,244.9788055419922,248.2745361328125,257.08355712890625,261.53961181640625,265.5370788574219,5146.044921875,2718.143310546875,1280.6951904296875,37.75688171386719,257.05389404296875,75.19999694824219,408.5596923828125,0.0,21000.0,0.0,0.001500000013038516,19968.59375,70.5,82.19999694824219,0.0,29.299999237060547,22083.1796875,1.6000000186977559e-06,0.0,244.28546142578125,247.6967315673828,256.35711669921875,261.87713623046875,265.791015625,5155.77978515625,2719.31005859375,1283.324951171875,641.9581909179688,39.47259521484375,261.48065185546875,72.5999984741211,70.69999694824219,662.3777465820312,0.0,1996.95263671875,81.0,63.0,0.0,2100.0,245.89999389648438,247.8000030517578,255.10000610351562,259.3999938964844,263.29998779296875,5150.9052734375,2711.6279296875,1276.746826171875,639.6724853515625,38.154998779296875,257.0199890136719,74.19999694824219,79.0,774.3200073242188,0.0,9.999999747378752e-05,0.375,nan,88.0,100.0,0.0,7.0,23000.0,244.48597717285156,247.95970153808594,258.1734619140625,261.009765625,265.1298828125,5144.146484375,2727.945556640625,1286.786376953125,645.4833374023438,44.2655029296875,261.13592529296875,72.2662124633789,69.81324005126953,407.5802307128906,0.0,0.0,0.0,5151.41796875,2718.7841796875,1278.718017578125,639.3380737304688,43.396728515625,244.41294860839844,248.1505126953125,258.02642822265625,259.25531005859375,263.021484375,84.52401733398438,84.7112808227539,73.48585510253906,67.40875244140625,,,,260.017578125,,100502.875,92590.296875,,3.188460111618042,74.0,,,0.0,0.0,256.0,71.0,87.0,,98.0,,65.0,,65.0,65.0,0.0,478.0,254.1799774169922,251.5599822998047,82.0,3.0,16.399999618530273,18.100000381469727
2022-12-16T19:59,2022-12-16T20:00,48,train,0,2022,12,19,44,2022-12-15T00:00,50,2022-12-14T18:00,50,2022-12-14T18:00,47,2022-12-14T21:00,45,2022-12-15T00:00,36,2022-12-15T08:00,3573.0,100.0,100.0,100.0,100.0,1342.07861328125,1341.91162109375,32300.0,85500.0,9997.9482421875,7.940892219543457,250.88531494140625,264.62750244140625,267.76947021484375,271.2268371582031,275.33062744140625,5428.81103515625,2880.498779296875,1367.445556640625,62.82280349731445,266.91192626953125,93.80000305175781,433.9901123046875,349.9200134277344,100.0,0.0007999999797903001,25.739999771118164,784.7626342773438,100.0,100.0,100.0,100.0,96.03607177734375,0.0003155999875161797,2.1875,251.71128845214844,262.6624450683594,266.5302734375,269.7226257324219,273.7754211425781,5450.8798828125,2905.483642578125,1400.5369873046875,737.06396484375,115.8050308227539,269.5732116699219,96.0,95.9000015258789,516.7008666992188,227.0399932861328,1949.072998046875,100.0,100.0,100.0,400.0,251.3000030517578,264.79998779296875,263.5,267.1000061035156,271.1000061035156,5434.9013671875,2876.2392578125,1371.9114990234375,715.1675415039062,95.07366180419922,264.3299865722656,92.19999694824219,95.0,729.4400024414062,0.0,0.0008999999845400453,7.125,1248.5369873046875,59.0,99.0,100.0,59.0,1100.0,250.20086669921875,265.0782165527344,267.8997802734375,271.3080749511719,275.34326171875,5429.22314453125,2881.359130859375,1364.0130615234375,695.972900390625,63.274391174316406,270.9026794433594,91.48917388916016,93.80520629882812,451.9925842285156,420.0,0.0003499999875202775,14.3125,5451.1953125,2899.402099609375,1381.90380859375,714.8701171875,93.31689453125,250.7150115966797,265.0628967285156,268.3940734863281,270.1758117675781,274.25146484375,93.75053405761719,97.93687438964844,96.82166290283203,91.73397064208984,,,,270.3050537109375,,101181.4375,93500.640625,,11.73300838470459,96.0,,,30.0,32.0,0.0,100.0,100.0,,100.0,,100.0,,100.0,100.0,0.0,407.0,264.20001220703125,264.20001220703125,100.0,77.0,17.600000381469727,20.0
2022-12-25T15:56,2022-12-25T16:00,24,holdout_baserate,0,2022,12,15,22,2022-12-24T18:00,22,2022-12-24T18:00,22,2022-12-24T18:00,25,2022-12-24T15:00,21,2022-12-24T18:00,24,2022-12-24T16:00,-999.0,0.0,82.0,100.0,0.0,3866.990478515625,1340.2060546875,52000.0,84300.0,5480.189453125,7.870436191558838,244.89508056640625,249.2449493408203,256.15093994140625,260.2616271972656,264.18585205078125,5162.33349609375,2718.54150390625,1282.4901123046875,41.28376770019531,256.15435791015625,81.80000305175781,367.1016540527344,0.0,2000.0,9.999999747378752e-05,0.9200000166893005,1114.6383056640625,93.4000015258789,94.30000305175781,0.0,64.30000305175781,8529.4765625,3.999999989900971e-06,0.1875,243.7096710205078,247.90386962890625,256.1158142089844,261.8033752441406,265.7242126464844,5157.1328125,2710.8271484375,1278.69775390625,637.45068359375,35.11433410644531,261.3230895996094,75.19999694824219,73.0999984741211,920.4641723632812,0.0,20000.150390625,69.0,7.0,0.0,2000.0,245.3000030517578,248.0,256.3999938964844,260.70001220703125,264.6000061035156,5151.21923828125,2707.958740234375,1270.5518798828125,630.3987426757812,28.729812622070312,258.2699890136719,78.4000015258789,81.0,576.6400146484375,0.0,9.999999747378752e-05,0.25,nan,98.0,100.0,5.0,57.0,3600.0,245.314208984375,249.39105224609375,256.8385009765625,260.01556396484375,264.1251525878906,5160.8115234375,2717.011474609375,1276.89453125,638.519775390625,36.335784912109375,259.96160888671875,78.17182922363281,76.40780639648438,429.3574523925781,0.0,4.999999873689376e-05,0.125,5159.5703125,2712.48583984375,1271.288330078125,633.03369140625,37.787353515625,245.44618225097656,249.31878662109375,257.6026306152344,258.9430236816406,262.76092529296875,83.42809295654297,78.88883972167969,71.15679931640625,64.87620544433594,,,,258.9300537109375,,100440.0,92511.296875,,3.534029722213745,71.0,,,32.0,32.0,256.0,85.0,85.0,,87.0,,48.0,,49.0,50.0,0.0,502.0,254.41000366210938,252.25,83.0,8.0,16.0,17.799999237060547
2022-12-25T15:56,2022-12-25T16:00,48,holdout_baserate,0,2022,12,15,46,2022-12-23T18:00,46,2022-12-23T18:00,46,2022-12-23T18:00,49,2022-12-23T15:00,45,2022-12-23T18:00,36,2022-12-24T04:00,-999.0,100.0,100.0,0.0,0.0,nan,1340.333740234375,nan,84300.0,nan,10.127462387084961,248.85015869140625,253.01751708984375,257.1473388671875,261.7422180175781,265.7817687988281,5223.91064453125,2740.19140625,1292.719970703125,41.10661315917969,257.06353759765625,87.0999984741211,418.9979248046875,0.0,13900.0,0.0,37.40999984741211,19999.82421875,65.0,0.0,0.0,99.0999984741211,24135.1796875,8.000000093488779e-07,0.3125,242.31710815429688,249.54849243164062,257.18817138671875,263.0164794921875,266.9507141113281,5162.58740234375,2717.817138671875,1282.8731689453125,638.6658325195312,33.55478286743164,262.4957275390625,70.5999984741211,66.0999984741211,1263.9749755859375,0.0,20000.181640625,20.0,3.0,0.0,5400.0,245.39999389648438,250.0,255.6999969482422,260.1000061035156,263.8999938964844,5167.2705078125,2710.87353515625,1274.2379150390625,635.5909423828125,33.328311920166016,257.67999267578125,83.19999694824219,88.0,773.280029296875,0.0,0.0,0.125,nan,100.0,0.0,0.0,100.0,19900.0,248.6502227783203,252.7422637939453,256.5539245605469,260.3814392089844,264.5340881347656,5219.8876953125,2736.127197265625,1289.38232421875,650.568603515625,43.736175537109375,260.44427490234375,77.49848937988281,75.10466003417969,509.14794921875,0.0,0.0,65.0625,5183.98046875,2713.0498046875,1265.310791015625,625.8441162109375,27.665283203125,246.03543090820312,251.8013916015625,257.67730712890625,259.9832763671875,263.968505859375,72.42204284667969,84.50098419189453,69.57353210449219,62.776832580566406,,,,260.06158447265625,,100305.625,92426.859375,,3.0096046924591064,72.0,,,32.0,32.0,256.0,91.0,91.0,,91.0,,49.0,,51.0,53.0,0.0,568.0,254.9399871826172,252.510009765625,82.0,2.0,16.799999237060547,18.5
2023-01-03T16:59,2023-01-03T17:00,1,train,0,2023,1,16,1,2023-01-03T16:00,5,2023-01-03T12:00,5,2023-01-03T12:00,1,2023-01-03T16:00,0,2023-01-03T18:00,1,2023-01-03T16:00,-999.0,0.0,0.0,0.0,97.0,nan,222.56558227539062,nan,33800.0,nan,5.378620624542236,256.1053466796875,269.446044921875,273.3575439453125,274.8165283203125,278.72412109375,5583.58837890625,2992.515380859375,1446.3321533203125,122.57492065429688,274.14031982421875,75.30000305175781,311.6961669921875,2129.919921875,21000.0,0.0,0.0,1658.1890869140625,96.5999984741211,100.0,100.0,1.600000023841858,24134.818359375,8.000000093488779e-07,0.0,255.50579833984375,269.6518859863281,274.4443664550781,274.1738586425781,278.3276672363281,5584.1533203125,2990.206298828125,1440.5220947265625,763.3431396484375,131.7432098388672,274.4766540527344,66.9000015258789,67.5,283.5313720703125,864.1599731445312,1908.4005126953125,43.0,12.0,98.0,24100.0,255.60000610351562,268.29998779296875,275.1000061035156,277.5,281.70001220703125,5586.14013671875,2995.73486328125,1444.1014404296875,760.6546020507812,137.30101013183594,274.8900146484375,77.19999694824219,75.0,140.39999389648438,2146.719970703125,0.0,0.0625,4013.270751953125,3.0,99.0,100.0,1.0,18900.0,256.22589111328125,268.85906982421875,273.43841552734375,273.8702087402344,277.3548889160156,5571.4609375,2985.6201171875,1442.245849609375,764.2137451171875,123.70964050292969,273.4066162109375,80.21092987060547,75.88314819335938,338.3858947753906,1010.0,0.0,0.0,5581.875,2986.345703125,1438.59521484375,760.2963256835938,132.109375,255.80154418945312,269.08343505859375,273.42852783203125,273.13006591796875,277.19622802734375,100.3377685546875,91.30183410644531,82.31744384765625,77.05089569091797,,,,274.61163330078125,,101618.625,94007.875,,16.833826065063477,93.0,,,2896.0,2184.0,16209.0,15.0,19.0,,19.0,,14.0,,15.0,15.0,0.0,199.0,269.3899841308594,266.42999267578125,81.0,1.0,10.399999618530273,10.899999618530273
2023-01-03T16:59,2023-01-03T17:00,24,train,0,2023,1,16,23,2023-01-02T18:00,23,2023-01-02T18:00,23,2023-01-02T18:00,26,2023-01-02T15:00,24,2023-01-02T18:00,24,2023-01-02T17:00,-999.0,0.0,0.0,15.0,100.0,8829.982421875,4528.64892578125,25200.0,57500.0,11845.3837890625,5.599371910095215,255.916259765625,267.466064453125,273.80157470703125,275.94805908203125,279.8404541015625,5574.92138671875,2996.77490234375,1455.43701171875,132.16201782226562,274.68060302734375,67.30000305175781,340.3272705078125,1951.760009765625,25800.0,0.0,0.009999999776482582,2033.3797607421875,100.0,23.200000762939453,100.0,1.0,24134.814453125,8.799999704933725e-06,0.0,255.53823852539062,269.27825927734375,274.2749938964844,274.2568054199219,278.41815185546875,5588.32373046875,2995.80126953125,1448.898681640625,771.8004150390625,140.0391082763672,274.5711975097656,64.69999694824219,64.9000015258789,271.2242736816406,879.8400268554688,3775.450927734375,16.0,41.0,97.0,24100.0,256.0,270.29998779296875,274.79998779296875,276.6000061035156,280.79998779296875,5586.7001953125,2993.23681640625,1442.6123046875,761.6043090820312,138.80929565429688,273.7099914550781,74.80000305175781,67.0,68.95999908447266,2070.8798828125,0.0,0.0,7758.99560546875,46.0,100.0,100.0,0.0,25400.0,254.32830810546875,267.82330322265625,272.6229553222656,273.47503662109375,277.0600280761719,5571.25146484375,2992.873291015625,1457.2210693359375,780.500732421875,143.23477172851562,273.9836120605469,68.30668640136719,65.19108581542969,356.5483093261719,1120.0,0.0,0.1875,5581.625,2987.83447265625,1439.864013671875,759.6570434570312,126.61181640625,256.1201171875,269.324951171875,274.1207275390625,274.89923095703125,279.3050537109375,96.54199981689453,78.09449005126953,71.43013000488281,63.67779541015625,,,,276.7030029296875,,101505.9375,93986.234375,,15.368403434753418,85.0,,,32.0,32.0,256.0,41.0,44.0,,50.0,,57.0,,57.0,57.0,0.0,220.0,269.05999755859375,265.1300048828125,75.0,4.0,10.399999618530273,11.0
2023-01-13T15:51,2023-01-13T16:00,1,train,0,2023,1,15,1,2023-01-13T15:00,4,2023-01-13T12:00,4,2023-01-13T12:00,1,2023-01-13T15:00,3,2023-01-13T12:00,1,2023-01-13T15:00,-999.0,100.0,100.0,73.0,100.0,1343.424072265625,1343.2735595703125,23700.0,84900.0,11272.9033203125,7.54285192489624,253.5660858154297,268.8404235839844,276.70062255859375,279.3415832519531,283.21990966796875,5458.00634765625,2878.5283203125,1324.8511962890625,-13.1478271484375,276.013671875,99.80000305175781,377.2642517089844,1989.6800537109375,0.0,9.999999747378752e-05,2.4519999027252197,785.1661376953125,100.0,100.0,100.0,100.0,56.91469955444336,5.599999894911889e-06,2.0,253.18869018554688,268.9154052734375,277.3945007324219,275.73211669921875,279.9180908203125,5450.70361328125,2872.2373046875,1315.9443359375,628.6593017578125,-7.073249816894531,274.40057373046875,100.0,100.0,55.04035568237305,2079.360107421875,1196.1551513671875,58.0,99.0,90.0,100.0,253.5,269.79998779296875,276.5,280.29998779296875,284.5,5447.99169921875,2863.582763671875,1307.690185546875,616.9186401367188,-10.956000328063965,276.1300048828125,100.0,100.0,685.5999755859375,2092.159912109375,0.0005000000237487257,1.6875,856.1245727539062,100.0,93.0,89.0,100.0,5500.0,253.91754150390625,269.49102783203125,276.9627990722656,278.50946044921875,282.035888671875,5450.2138671875,2867.03466796875,1311.7315673828125,621.2296142578125,-24.387039184570312,277.21435546875,93.60641479492188,98.67221069335938,388.1469421386719,2020.0,0.00015999999595806003,1.25,5466.0234375,2878.710693359375,1321.1376953125,628.909912109375,-9.850341796875,254.54067993164062,269.6690673828125,277.77923583984375,278.04718017578125,281.94482421875,98.30423736572266,95.64456939697266,91.31726837158203,86.47993469238281,,,,276.2372741699219,,99815.3125,92477.890625,,18.146526336669922,97.0,,,0.0,0.0,256.0,91.0,100.0,,100.0,,78.0,,96.0,100.0,1.0,309.0,271.8399963378906,271.8599853515625,100.0,61.0,14.0,14.5
2023-01-03T16:59,2023-01-03T17:00,48,train,0,2023,1,16,47,2023-01-01T18:00,47,2023-01-01T18:00,47,2023-01-01T18:00,50,2023-01-01T15:00,48,2023-01-01T18:00,36,2023-01-02T05:00,4584.60009765625,100.0,100.0,100.0,100.0,1342.977783203125,1342.91552734375,25200.0,85900.0,12271.1201171875,8.462206840515137,255.369384765625,270.50543212890625,275.24859619140625,276.0474853515625,279.67315673828125,5571.07666015625,2977.6943359375,1418.128662109375,88.22019958496094,273.66644287109375,99.69999694824219,321.3843688964844,2442.39990234375,100.0,0.00039999998989515007,4.110000133514404,1846.33447265625,100.0,100.0,100.0,0.4000000059604645,24134.919921875,1.4399999599845614e-05,0.0625,257.0163879394531,268.743408203125,273.4635009765625,272.9837646484375,277.02508544921875,5600.275390625,3005.701171875,1455.9393310546875,776.9185791015625,148.24862670898438,272.9691162109375,76.0999984741211,74.0999984741211,87.3914794921875,896.0,19999.994140625,41.0,26.0,46.0,24100.0,255.60000610351562,269.5,275.5,277.29998779296875,281.3999938964844,5593.36669921875,2999.4541015625,1453.23046875,770.9204711914062,147.16246032714844,274.2300109863281,69.69999694824219,51.0,69.19999694824219,1839.6800537109375,0.0,0.0,894.19140625,100.0,100.0,100.0,100.0,8400.0,256.25335693359375,269.53717041015625,276.4927978515625,274.94921875,278.1788635253906,5570.767578125,2976.611328125,1420.6578369140625,736.03076171875,94.35383605957031,275.16796875,94.90655517578125,98.07544708251953,342.55938720703125,2190.0,3.9999998989515007e-05,1.75,5586.6484375,2993.35302734375,1440.6826171875,760.3953857421875,130.34619140625,255.88929748535156,269.45135498046875,274.5626220703125,273.94488525390625,278.052490234375,99.99893188476562,89.00782775878906,82.690673828125,76.35820007324219,,,,275.1658935546875,,101572.4375,93987.4296875,,17.564924240112305,96.0,,,32.0,32.0,256.0,53.0,62.0,,69.0,,58.0,,61.0,63.0,0.0,196.0,268.5899963378906,266.8999938964844,88.0,22.0,10.0,10.199999809265137
2023-01-13T15:51,2023-01-13T16:00,24,train,0,2023,1,15,22,2023-01-12T18:00,22,2023-01-12T18:00,22,2023-01-12T18:00,25,2023-01-12T15:00,21,2023-01-12T18:00,24,2023-01-12T16:00,-999.0,100.0,100.0,20.0,67.0,1343.45458984375,1343.4322509765625,42200.0,84700.0,11321.29296875,7.957574844360352,254.14865112304688,269.7022705078125,277.6746826171875,279.50701904296875,283.4857177734375,5456.48193359375,2869.4150390625,1308.214111328125,-33.635009765625,276.5161437988281,99.80000305175781,339.38970947265625,2227.360107421875,0.0,0.0,41.439998626708984,785.189697265625,100.0,100.0,100.0,100.0,80.3680648803711,0.00034679999225772917,5.125,254.18910217285156,269.748779296875,277.9073486328125,276.4395446777344,280.5926513671875,5446.58544921875,2864.04296875,1303.8717041015625,614.9526977539062,-22.511655807495117,274.90057373046875,100.0,100.0,34.4901008605957,2194.239990234375,1337.3807373046875,100.0,100.0,98.0,2700.0,254.1999969482422,270.3999938964844,277.1000061035156,280.8999938964844,285.1000061035156,5466.01708984375,2872.48779296875,1311.06103515625,618.660400390625,-12.369319915771484,276.9200134277344,100.0,100.0,844.47998046875,2127.360107421875,0.003000000026077032,6.5,911.3912963867188,99.0,84.0,95.0,96.0,4600.0,253.80784606933594,269.61895751953125,278.1896057128906,279.274169921875,282.7850341796875,5450.0126953125,2871.2841796875,1310.440673828125,617.4378051757812,-30.167953491210938,277.44171142578125,93.81007385253906,97.90064239501953,313.29254150390625,2250.0,0.0002500000118743628,31.6875,5480.71875,2888.8974609375,1325.418701171875,634.787353515625,-2.239501953125,254.73562622070312,270.36865234375,278.3139953613281,277.1822509765625,281.0880126953125,95.69026947021484,96.7702865600586,94.96890258789062,90.62418365478516,,,,276.1718444824219,,99933.0,92539.3046875,,19.29072380065918,97.0,,,32.0,32.0,201.0,95.0,96.0,,100.0,,86.0,,100.0,100.0,1.0,321.0,273.03997802734375,272.9700012207031,100.0,55.0,16.0,17.399999618530273
2023-01-22T13:47,2023-01-22T14:00,1,train,1,2023,1,13,1,2023-01-22T13:00,2,2023-01-22T12:00,2,2023-01-22T12:00,1,2023-01-22T13:00,3,2023-01-22T12:00,1,2023-01-22T13:00,-999.0,0.0,0.0,0.0,0.0,nan,1447.4635009765625,nan,84900.0,nan,4.6702985763549805,247.85096740722656,264.31134033203125,269.1025085449219,268.2538757324219,271.649169921875,5478.9013671875,2955.1884765625,1431.883056640625,138.27163696289062,268.3998107910156,60.5,183.34339904785156,576.239990234375,30900.0,0.0,0.0,5339.271484375,2.4000000953674316,94.30000305175781,73.5,5.0,24135.07421875,0.0,0.0,247.84214782714844,264.2226867675781,270.4234313964844,265.8492736816406,269.8612060546875,5489.7509765625,2965.716064453125,1440.4393310546875,777.9801635742188,166.03378295898438,265.9857482910156,80.80000305175781,76.30000305175781,90.85894012451172,0.0,19999.94140625,18.0,3.0,0.0,24100.0,248.0,264.6000061035156,270.5,271.29998779296875,275.3999938964844,5484.44873046875,2960.160400390625,1431.7998046875,763.9340209960938,160.2383270263672,268.6600036621094,59.5,52.0,136.9600067138672,489.760009765625,0.0,0.0,nan,91.0,0.0,0.0,91.0,13100.0,247.86102294921875,264.4013977050781,267.8775329589844,265.686279296875,269.2344970703125,5477.43701171875,2953.103759765625,1428.911865234375,770.7825927734375,147.49664306640625,266.6302490234375,91.49382019042969,95.98049926757812,318.70416259765625,0.0,0.0,0.0,,,,,,,,,,,,,,,,,,,,,,,,42.0,0.0,7620.0,88888.0,2960.0,16209.0,5.0,8.0,9.0,11.0,12.0,7.0,7.0,7.0,7.0,0.0,127.0,264.0899963378906,257.45001220703125,57.0,0.0,13.600000381469727,14.800000190734863
2023-01-13T15:51,2023-01-13T16:00,48,train,0,2023,1,15,46,2023-01-11T18:00,46,2023-01-11T18:00,46,2023-01-11T18:00,49,2023-01-11T15:00,45,2023-01-11T18:00,36,2023-01-12T04:00,-999.0,100.0,100.0,100.0,100.0,1343.256591796875,1343.179443359375,26800.0,84500.0,9691.396484375,7.925286293029785,251.76852416992188,267.3888854980469,276.4670715332031,279.36114501953125,283.39886474609375,5395.669921875,2837.34228515625,1286.8466796875,-49.22261047363281,275.44012451171875,98.80000305175781,396.7674255371094,1878.3199462890625,0.0,0.00019999999494757503,48.029998779296875,785.2860717773438,100.0,100.0,100.0,100.0,86.9269790649414,0.0010456000454723835,7.8125,253.9452667236328,269.37664794921875,278.6352233886719,277.6993408203125,281.8633728027344,5450.71337890625,2866.7568359375,1308.47314453125,615.9910278320312,-24.523656845092773,275.9917907714844,99.9000015258789,100.0,42.045047760009766,2050.239990234375,1230.5802001953125,100.0,100.0,100.0,3000.0,253.8000030517578,269.29998779296875,277.0,280.79998779296875,285.0,5448.79150390625,2869.78515625,1311.921875,619.69677734375,-17.739131927490234,276.6300048828125,100.0,100.0,1050.239990234375,2021.1199951171875,0.0024999999441206455,4.5,827.9158325195312,100.0,38.0,25.0,100.0,2102.02294921875,251.87289428710938,268.09307861328125,276.97216796875,280.30987548828125,284.28765869140625,5391.94921875,2826.85009765625,1275.580322265625,583.302490234375,-63.14775085449219,278.013916015625,94.0666732788086,98.78677368164062,419.5927429199219,1950.0,0.00014000000373926014,42.625,5481.35546875,2890.593505859375,1330.914794921875,637.190673828125,-4.2275390625,254.8609161376953,269.70819091796875,278.130859375,279.18548583984375,283.1774597167969,96.26565551757812,93.85868072509766,92.49897766113281,87.65261840820312,,,,277.5472106933594,,99906.5625,92569.6484375,,19.01931381225586,97.0,,,32.0,32.0,201.0,100.0,100.0,,100.0,,76.0,,87.0,88.0,4.0,414.0,273.2699890136719,273.33001708984375,100.0,74.0,15.600000381469727,18.200000762939453
2023-01-22T13:47,2023-01-22T14:00,24,train,1,2023,1,13,26,2023-01-21T12:00,26,2023-01-21T12:00,26,2023-01-21T12:00,23,2023-01-21T15:00,21,2023-01-21T18:00,24,2023-01-21T14:00,-999.0,0.0,2.0,100.0,90.0,6185.7236328125,1341.498779296875,45500.0,86000.0,6664.18310546875,7.228048324584961,246.5516815185547,263.78485107421875,265.4048767089844,267.37127685546875,270.949462890625,5457.673828125,2938.64111328125,1432.48681640625,142.7499542236328,265.52996826171875,75.5,212.4500732421875,134.63999938964844,20200.0,0.0,0.0,19994.466796875,1.7999999523162842,73.0,39.0,5.199999809265137,24134.8671875,0.0,0.0,247.54908752441406,264.4807434082031,269.45074462890625,267.3208923339844,271.3681335449219,5488.47265625,2963.12353515625,1441.3194580078125,778.192626953125,162.7696533203125,267.4765930175781,79.9000015258789,75.19999694824219,87.15140533447266,0.0,20000.1484375,14.0,45.0,1.0,24100.0,247.1999969482422,265.29998779296875,270.6000061035156,273.70001220703125,277.79998779296875,5486.68408203125,2961.427001953125,1430.5003662109375,757.7312622070312,152.79843139648438,270.2699890136719,62.400001525878906,49.0,102.55999755859375,737.5999755859375,0.0,0.0,2684.574462890625,100.0,100.0,100.0,100.0,9200.0,246.661865234375,264.0885009765625,265.43060302734375,265.2645568847656,269.0172119140625,5463.203125,2946.54345703125,1433.05859375,777.3948974609375,153.13197326660156,265.31341552734375,93.1571044921875,94.88641357421875,325.3381042480469,0.0,0.0,0.125,5489.54296875,2959.513916015625,1441.393310546875,784.1506958007812,172.894775390625,248.15098571777344,264.5931701660156,265.97125244140625,265.7760009765625,269.5888671875,13.510339736938477,53.69941711425781,83.99771118164062,70.11959075927734,,,,267.591064453125,,102188.625,94337.234375,,4.8981170654296875,47.0,0.0,7620.0,88888.0,1936.0,201.0,5.0,5.0,5.0,5.0,8.0,48.0,48.0,49.0,51.0,0.0,164.0,264.1199951171875,258.95001220703125,67.0,0.0,16.799999237060547,18.0
2023-01-31T12:47,2023-01-31T13:00,1,train,0,2023,1,12,1,2023-01-31T12:00,1,2023-01-31T12:00,1,2023-01-31T12:00,1,2023-01-31T12:00,0,2023-01-31T12:00,1,2023-01-31T12:00,-999.0,0.0,100.0,0.0,0.0,1340.813232421875,1340.651611328125,83300.0,85700.0,1663.74609375,7.557494640350342,246.4725799560547,260.4852294921875,258.82562255859375,262.6452331542969,266.70330810546875,5388.5517578125,2885.481201171875,1413.312744140625,144.17127990722656,258.8431396484375,87.19999694824219,219.4608917236328,0.0,2800.0,2.9999999242136255e-05,0.14900000393390656,891.7020874023438,87.19999694824219,0.0,0.0,100.0,870.4435424804688,1.680000059423037e-05,0.1875,246.57545471191406,260.4322509765625,258.53662109375,263.4165954589844,267.4058532714844,5387.21044921875,2881.39404296875,1417.86279296875,771.4696655273438,165.13003540039062,263.4735412597656,94.0,92.69999694824219,472.348876953125,0.0,19999.96484375,46.0,0.0,0.0,0.0,245.5,263.0,256.5,261.1000061035156,265.0,5392.521484375,2882.62890625,1409.15087890625,767.8767700195312,159.51637268066406,258.75,97.69999694824219,100.0,312.8800048828125,0.0,9.999999747378752e-05,0.1875,793.3802490234375,100.0,0.0,0.0,100.0,1600.0,246.0011749267578,259.6769714355469,258.2132263183594,262.81732177734375,267.22607421875,5386.2158203125,2884.868896484375,1420.2584228515625,775.6159057617188,158.89529418945312,262.9844665527344,87.71334075927734,87.81751251220703,602.3970336914062,0.0,2.9999999242136255e-05,0.1875,,,,,,,,,,,,,,,,,,,,102122.3125,94199.0,,,90.0,0.0,7620.0,0.0,0.0,256.0,63.0,74.0,81.0,83.0,86.0,68.0,68.0,71.0,74.0,2.0,293.0,256.8500061035156,256.0099792480469,91.0,16.0,31.600000381469727,35.20000076293945
2023-01-22T13:47,2023-01-22T14:00,48,train,1,2023,1,13,44,2023-01-20T18:00,50,2023-01-20T12:00,50,2023-01-20T12:00,47,2023-01-20T15:00,45,2023-01-20T18:00,36,2023-01-21T02:00,-999.0,0.0,3.0,100.0,100.0,6220.9423828125,1341.328857421875,42400.0,86000.0,8644.126953125,9.101217269897461,245.9698486328125,263.4860534667969,264.7826843261719,266.8437805175781,270.46990966796875,5442.662109375,2929.28955078125,1424.651611328125,137.11009216308594,265.0699462890625,78.5,224.3006134033203,61.20000076293945,18700.0,0.0,0.9599999785423279,20000.0703125,0.0,60.599998474121094,100.0,0.6000000238418579,24135.271484375,0.0,0.0,248.94874572753906,263.9569091796875,269.4543151855469,267.22650146484375,271.24786376953125,5491.3154296875,2960.20361328125,1441.6348876953125,776.8195190429688,161.72665405273438,267.2751159667969,73.9000015258789,67.19999694824219,84.7422103881836,0.0,20000.099609375,4.0,6.0,27.0,24100.0,246.60000610351562,265.8999938964844,268.0,270.29998779296875,274.3999938964844,5466.8271484375,2943.21875,1419.727783203125,754.8064575195312,145.5334014892578,267.6199951171875,70.80000305175781,68.0,208.9600067138672,330.8800048828125,0.0,0.0,1028.9598388671875,100.0,100.0,100.0,100.0,13900.0,246.404296875,263.630615234375,262.9130859375,266.861572265625,270.55810546875,5440.94384765625,2926.8701171875,1427.814208984375,771.7557373046875,146.40322875976562,267.3333740234375,89.07778930664062,91.66986083984375,487.07513427734375,0.0,0.0,3.0625,5488.203125,2962.58154296875,1440.795654296875,779.6799926757812,169.277099609375,248.13873291015625,263.8802795410156,268.6233825683594,266.18914794921875,269.1971740722656,13.702759742736816,27.111257553100586,74.37907409667969,65.622314453125,,,,267.61016845703125,,102131.75,94287.9609375,,4.296104431152344,39.0,0.0,7620.0,88888.0,1944.0,201.0,0.0,0.0,0.0,0.0,1.0,50.0,50.0,50.0,52.0,0.0,166.0,263.78997802734375,258.8500061035156,68.0,0.0,16.0,17.200000762939453
2023-03-01T10:54,2023-03-01T11:00,1,train,0,2023,3,10,1,2023-03-01T10:00,5,2023-03-01T06:00,5,2023-03-01T06:00,1,2023-03-01T10:00,0,2023-03-01T12:00,1,2023-03-01T10:00,-999.0,0.0,13.0,0.0,0.0,nan,1341.52783203125,nan,85900.0,nan,8.490568161010742,243.6664581298828,261.6913146972656,264.5122985839844,268.86444091796875,272.82342529296875,5407.90771484375,2916.8447265625,1420.6285400390625,130.5842742919922,263.1662292480469,79.9000015258789,329.0032653808594,0.0,14400.0,0.0,0.004999999888241291,15782.12890625,69.19999694824219,0.0,0.0,94.0,2484.30078125,4.800000169780105e-06,0.375,243.5393524169922,260.35675048828125,263.1470642089844,264.5972595214844,268.34552001953125,5400.21826171875,2910.843994140625,1422.5770263671875,766.4900512695312,157.92034912109375,264.0013122558594,96.19999694824219,95.30000305175781,69.98676300048828,0.0,20000.109375,47.0,1.0,0.0,0.0,244.0,261.8999938964844,261.5,266.6000061035156,270.6000061035156,5403.54541015625,2910.504638671875,1415.7991943359375,760.6368408203125,143.94729614257812,264.44000244140625,98.19999694824219,100.0,548.1599731445312,0.0,0.00019999999494757503,2.4375,1046.7205810546875,90.0,0.0,0.0,90.0,13600.0,243.3485107421875,261.20794677734375,264.48858642578125,268.30096435546875,272.513671875,5411.7080078125,2922.8037109375,1427.5479736328125,768.5121459960938,143.21112060546875,267.0770568847656,84.36346435546875,86.92864227294922,390.8839111328125,0.0,0.0,0.0,,,,,,,,,,,,,,,,,,,,,,,,72.0,0.0,7620.0,0.0,0.0,256.0,47.0,59.0,64.0,64.0,64.0,69.0,69.0,69.0,69.0,1.0,214.0,261.3699951171875,259.69000244140625,87.0,4.0,26.0,29.200000762939453
2023-01-31T12:47,2023-01-31T13:00,48,train,0,2023,1,12,43,2023-01-29T18:00,49,2023-01-29T12:00,49,2023-01-29T12:00,46,2023-01-29T15:00,48,2023-01-29T12:00,36,2023-01-30T01:00,-999.0,0.0,100.0,0.0,0.0,nan,1340.232177734375,nan,85800.0,nan,8.71957778930664,246.28550720214844,256.0030517578125,255.80563354492188,259.7887878417969,263.8139953613281,5357.015625,2874.873046875,1423.254638671875,172.10296630859375,255.86305236816406,84.69999694824219,239.01670837402344,0.0,12900.0,0.0,3.869999885559082,20000.09375,7.300000190734863,1.399999976158142,0.0,57.0,24115.705078125,0.0,0.0,245.17550659179688,258.62225341796875,254.87884521484375,257.7364196777344,261.4839172363281,5354.9052734375,2863.409912109375,1409.6358642578125,774.1524047851562,181.4591827392578,257.4599304199219,95.0999984741211,93.0999984741211,177.22381591796875,0.0,1195.3868408203125,65.0,23.0,0.0,100.0,245.39999389648438,259.37591552734375,257.6000061035156,262.3999938964844,266.29998779296875,5363.5673828125,2865.552490234375,1398.8297119140625,754.4256591796875,143.7061004638672,260.44000244140625,97.80000305175781,100.0,535.3599853515625,0.0,0.0003000000142492354,1.125,918.1197509765625,100.0,0.0,0.0,100.0,10700.0,245.62860107421875,256.50994873046875,255.14450073242188,258.2437438964844,262.5149230957031,5353.23681640625,2871.255859375,1420.94873046875,785.4025268554688,178.91822814941406,258.6234130859375,87.12748718261719,89.56441497802734,464.7948913574219,0.0,0.0,4.6875,,,,,,,,,,,,,,,,,,,,102245.3125,,,,59.0,0.0,7620.0,32.0,32.0,256.0,37.0,39.0,40.0,40.0,41.0,53.0,53.0,53.0,60.0,2.0,408.0,255.4600067138672,253.489990234375,86.0,3.0,32.79999923706055,37.599998474121094
2023-03-01T10:54,2023-03-01T11:00,24,train,0,2023,3,10,23,2023-02-28T12:00,23,2023-02-28T12:00,23,2023-02-28T12:00,26,2023-02-28T09:00,24,2023-02-28T12:00,24,2023-02-28T11:00,-999.0,0.0,68.0,0.0,0.0,nan,1341.2005615234375,nan,85800.0,nan,8.58202838897705,243.01405334472656,261.32769775390625,263.55010986328125,266.8526611328125,270.8326721191406,5392.10888671875,2903.794189453125,1410.4952392578125,125.43421936035156,261.38043212890625,81.30000305175781,285.6293029785156,0.0,12600.0,0.0,23.0939998626709,19999.810546875,57.5,0.0,0.0,85.4000015258789,7683.48974609375,8.000000093488779e-07,0.125,243.74642944335938,261.75,264.4167785644531,264.4505615234375,267.926025390625,5411.2685546875,2918.625244140625,1421.299560546875,763.5768432617188,155.95962524414062,263.4100341796875,96.69999694824219,95.5,46.74102020263672,0.0,19999.90234375,48.0,0.0,0.0,0.0,243.6999969482422,262.79998779296875,265.79998779296875,265.3999938964844,269.3999938964844,5405.28955078125,2913.97802734375,1410.688720703125,757.1923828125,142.8647003173828,262.9599914550781,98.30000305175781,100.0,362.55999755859375,0.0,0.0,0.6875,nan,65.0,0.0,0.0,65.0,13800.0,243.1260528564453,261.5776672363281,264.1533203125,267.12371826171875,271.12274169921875,5398.060546875,2909.182373046875,1411.234375,754.0785522460938,129.16677856445312,265.94244384765625,86.21372985839844,85.10374450683594,395.5992126464844,0.0,0.0,12.5625,,,,,,,,,,,,,,,,,,,,,,,,58.0,0.0,7620.0,32.0,32.0,0.0,34.0,40.0,51.0,51.0,51.0,80.0,85.0,88.0,92.0,1.0,191.0,262.04998779296875,259.25,80.0,2.0,27.200000762939453,31.200000762939453
2023-01-31T12:47,2023-01-31T13:00,24,train,0,2023,1,12,25,2023-01-30T12:00,25,2023-01-30T12:00,25,2023-01-30T12:00,22,2023-01-30T15:00,24,2023-01-30T12:00,24,2023-01-30T13:00,-999.0,100.0,100.0,0.0,0.0,1340.61279296875,1340.381103515625,81700.0,85600.0,1557.60009765625,12.144261360168457,245.84034729003906,259.39373779296875,257.6778564453125,261.60498046875,265.69464111328125,5368.19091796875,2875.34814453125,1409.1295166015625,147.5635986328125,257.08258056640625,85.9000015258789,321.8160400390625,0.0,100.0,0.0,1.9199999570846558,5234.888671875,66.0999984741211,0.6000000238418579,0.0,92.69999694824219,2606.71533203125,3.999999989900971e-06,0.0625,246.30572509765625,260.829345703125,256.49005126953125,261.1280517578125,265.0521240234375,5383.6005859375,2877.545166015625,1412.254638671875,771.604248046875,170.73040771484375,261.0820617675781,93.0999984741211,91.5,508.3279113769531,0.0,1195.380615234375,60.0,1.0,0.0,0.0,246.8000030517578,261.1000061035156,255.1999969482422,259.70001220703125,263.6000061035156,5383.1708984375,2876.92529296875,1406.142578125,768.2770385742188,161.23374938964844,257.6400146484375,97.5,100.0,311.2799987792969,0.0,0.00019999999494757503,0.25,1030.03515625,100.0,26.0,0.0,100.0,15400.0,246.25738525390625,259.9923095703125,257.46514892578125,261.6649169921875,266.14337158203125,5371.26171875,2875.65771484375,1410.919921875,769.0076904296875,153.3965301513672,261.93487548828125,85.17971801757812,84.57147979736328,580.0579833984375,0.0,9.999999747378752e-06,1.5,,,,,,,259.88787841796875,,,266.8282470703125,61.39194107055664,,,,,,,,,,,,,74.0,0.0,7620.0,864.0,808.0,nan,,,,,,,,,,1.0,522.0,255.87997436523438,254.26998901367188,89.0,10.0,34.0,39.20000076293945
2023-03-19T10:55,2023-03-19T11:00,1,train,0,2023,3,10,1,2023-03-19T10:00,5,2023-03-19T06:00,5,2023-03-19T06:00,1,2023-03-19T10:00,0,2023-03-19T12:00,1,2023-03-19T10:00,-999.0,2.0,3.0,0.0,0.0,nan,1340.5869140625,nan,84600.0,nan,8.928565979003906,240.31471252441406,251.02218627929688,258.664794921875,263.7435302734375,267.7311706542969,5181.455078125,2755.05810546875,1311.702880859375,58.240013122558594,257.0750732421875,73.4000015258789,569.2743530273438,0.0,19400.0,0.0,0.0010000000474974513,20000.099609375,47.400001525878906,0.0,0.0,72.30000305175781,20443.37890625,8.000000093488779e-07,0.8125,239.39906311035156,250.82394409179688,258.0322265625,261.0585632324219,264.97027587890625,5180.64599609375,2747.9150390625,1309.305419921875,664.5100708007812,63.83856201171875,260.0,92.69999694824219,90.0,105.42735290527344,0.0,19999.984375,5.0,0.0,0.0,18400.0,239.5,252.60000610351562,257.3999938964844,261.70001220703125,265.6000061035156,5188.19287109375,2750.751220703125,1310.0064697265625,667.147705078125,57.181766510009766,258.5400085449219,89.80000305175781,93.0,777.8400268554688,0.0,0.0,0.375,nan,3.0,0.0,0.0,0.0,28400.0,239.313232421875,248.68634033203125,259.1983947753906,265.0125427246094,269.167236328125,5181.875,2770.757080078125,1330.4505615234375,681.1458129882812,74.32249450683594,261.52520751953125,61.61064147949219,52.85839080810547,991.5071411132812,0.0,0.0,0.0,,,,,,,,,,268.2650451660156,,62.247222900390625,57.608699798583984,61.7991828918457,,,,,,100753.0,92938.0625,,,57.0,0.0,7620.0,0.0,0.0,209.0,50.0,62.0,72.0,74.0,74.0,64.0,64.0,64.0,64.0,1.0,366.0,256.82000732421875,255.10000610351562,86.0,0.0,34.79999923706055,37.599998474121094
2023-03-01T10:54,2023-03-01T11:00,48,train,0,2023,3,10,47,2023-02-27T12:00,47,2023-02-27T12:00,47,2023-02-27T12:00,50,2023-02-27T09:00,48,2023-02-27T12:00,36,2023-02-27T23:00,-999.0,0.0,0.0,0.0,0.0,nan,1194.430419921875,nan,nan,nan,7.340071201324463,244.80613708496094,263.4363708496094,265.72076416015625,268.1941833496094,272.09698486328125,5432.455078125,2928.99365234375,1419.4755859375,127.87203979492188,263.77862548828125,53.599998474121094,152.01121520996094,0.0,35200.0,0.0,25.559999465942383,15677.6572265625,56.900001525878906,0.0,0.0,100.0,1534.5526123046875,9.60000033956021e-06,0.3125,244.49880981445312,262.0780029296875,263.42608642578125,266.5609130859375,270.53546142578125,5404.31982421875,2904.8818359375,1405.9561767578125,748.095458984375,134.4369659423828,266.1651916503906,95.4000015258789,94.9000015258789,216.3446044921875,0.0,20000.197265625,50.0,3.0,0.0,24100.0,245.60000610351562,265.79998779296875,268.0,267.3999938964844,271.3999938964844,5450.94677734375,2936.273681640625,1417.079833984375,758.0696411132812,142.225830078125,263.8299865722656,75.9000015258789,70.0,245.60000610351562,0.0,0.0,0.0,874.6691284179688,100.0,0.0,0.0,100.0,9800.0,244.75355529785156,262.9327087402344,265.8370361328125,267.13653564453125,271.5215759277344,5433.0947265625,2928.58447265625,1418.6795654296875,760.7027587890625,133.66212463378906,267.06121826171875,93.0,92.55137634277344,363.76715087890625,0.0,0.0,14.9375,,2925.37744140625,,,,,,265.80230712890625,266.9598693847656,,,,94.31958770751953,92.78303527832031,,,,267.9123840332031,,,94086.8203125,,2.478076457977295,71.0,0.0,7620.0,28.0,32.0,256.0,26.0,28.0,32.0,35.0,37.0,67.0,68.0,70.0,72.0,1.0,201.0,263.2200012207031,260.3399963378906,80.0,3.0,29.600000381469727,34.0
2023-04-16T12:55,2023-04-16T13:00,1,train,1,2023,4,12,1,2023-04-16T12:00,1,2023-04-16T12:00,1,2023-04-16T12:00,1,2023-04-16T12:00,0,2023-04-16T12:00,1,2023-04-16T12:00,-999.0,0.0,0.0,0.0,0.0,nan,nan,nan,nan,nan,2.5590531826019287,257.2657775878906,275.06927490234375,283.0564880371094,285.2655029296875,288.919189453125,5675.6171875,3053.212646484375,1462.48681640625,94.40232849121094,283.15643310546875,67.0,248.5318145751953,3343.0400390625,26400.0,0.0,0.0,19999.80078125,0.0,1.0,2.5999999046325684,0.0,24134.970703125,0.0,0.0,257.04595947265625,274.7148132324219,283.2314758300781,285.9491271972656,290.3079833984375,5672.34521484375,3052.08154296875,1461.2325439453125,755.9683837890625,97.1955337524414,286.9118347167969,67.19999694824219,69.9000015258789,317.2768249511719,3318.719970703125,19999.95703125,28.0,0.0,1.0,24100.0,257.79998779296875,275.29998779296875,282.79998779296875,287.6000061035156,291.8999938964844,5675.50048828125,3052.4482421875,1460.7803955078125,751.8057250976562,105.9515151977539,286.1400146484375,68.4000015258789,73.0,263.2799987792969,3365.280029296875,0.0,0.0,nan,24.0,0.0,1.0,20.0,15300.0,257.4315185546875,274.98406982421875,282.84051513671875,284.720703125,287.9250183105469,5674.65087890625,3050.94580078125,1461.8104248046875,756.4918212890625,96.80572509765625,285.5452880859375,87.7303466796875,84.51342010498047,104.66651916503906,3370.0,0.0,0.0,,3056.745849609375,1465.431884765625,758.8624267578125,110.94921875,,275.3356628417969,283.5716552734375,283.25482177734375,,,,,76.78274536132812,,,,283.1712951660156,,101277.0625,93945.25,,19.34140968322754,18.0,0.0,7620.0,88888.0,2768.0,16209.0,9.0,10.0,11.0,11.0,19.0,19.0,19.0,19.0,19.0,39.0,190.0,280.739990234375,277.8899841308594,82.0,0.0,3.5999999046325684,4.0
2023-03-19T10:55,2023-03-19T11:00,24,train,0,2023,3,10,23,2023-03-18T12:00,23,2023-03-18T12:00,23,2023-03-18T12:00,26,2023-03-18T09:00,24,2023-03-18T12:00,24,2023-03-18T11:00,-999.0,100.0,100.0,0.0,0.0,1340.865478515625,1340.6502685546875,75200.0,84600.0,2515.697509765625,7.224993705749512,239.1198272705078,248.64122009277344,258.8152770996094,263.66461181640625,267.565185546875,5148.72265625,2744.53955078125,1304.476318359375,53.17669677734375,257.8004150390625,81.9000015258789,804.59912109375,0.0,400.0,9.999999747378752e-05,3.509999990463257,19992.6875,45.70000076293945,0.0,0.0,61.0,21129.212890625,1.9999999949504854e-06,1.1875,240.19671630859375,250.14083862304688,258.4657287597656,263.12139892578125,267.0670166015625,5166.06396484375,2740.445556640625,1300.244384765625,653.32763671875,47.84781265258789,262.0159606933594,88.19999694824219,84.69999694824219,414.1809997558594,0.0,20000.01953125,2.0,0.0,0.0,24100.0,240.10000610351562,250.89999389648438,256.5,260.70001220703125,264.6000061035156,5164.078125,2732.679443359375,1295.9976806640625,655.7332763671875,46.87803268432617,257.260009765625,89.5999984741211,93.0,633.9199829101562,0.0,0.0,0.1875,nan,35.0,0.0,0.0,35.0,16800.0,239.26889038085938,248.6199493408203,259.05926513671875,264.1563415527344,267.994384765625,5148.4990234375,2742.654296875,1302.078125,654.1129760742188,50.16960906982422,260.8380432128906,74.30541229248047,77.83872985839844,561.1527709960938,0.0,0.0,2.0625,,,,659.565185546875,,239.20745849609375,,258.5830993652344,,267.9478759765625,62.343475341796875,72.73554229736328,,70.80857849121094,,,,,,100668.625,92853.40625,,2.361175060272217,57.0,0.0,7620.0,32.0,32.0,256.0,58.0,60.0,70.0,71.0,75.0,53.0,54.0,54.0,56.0,7.0,519.0,257.1399841308594,255.9199981689453,90.0,5.0,37.20000076293945,40.0
2023-04-16T12:55,2023-04-16T13:00,48,train,1,2023,4,12,43,2023-04-14T18:00,49,2023-04-14T12:00,49,2023-04-14T12:00,46,2023-04-14T15:00,48,2023-04-14T12:00,36,2023-04-15T01:00,-999.0,0.0,0.0,0.0,0.0,nan,nan,nan,nan,nan,2.8760311603546143,255.81703186035156,274.20013427734375,281.8817138671875,282.1764221191406,285.9083251953125,5666.0244140625,3052.35302734375,1466.882568359375,108.37030029296875,281.5220947265625,84.19999694824219,140.65814208984375,3266.639892578125,16700.0,0.0,0.0,5200.666015625,62.900001525878906,3.5999999046325684,3.200000047683716,48.400001525878906,24135.09375,0.0,0.0,256.522216796875,274.064453125,281.1844482421875,282.8218078613281,287.1666259765625,5683.5498046875,3064.86767578125,1478.7301025390625,780.0293579101562,126.74230194091797,283.7618713378906,84.9000015258789,89.19999694824219,301.5832214355469,3234.56005859375,19999.9296875,48.0,20.0,0.0,24100.0,256.20001220703125,274.79998779296875,281.8999938964844,286.8999938964844,291.20001220703125,5678.63916015625,3059.104736328125,1472.305419921875,764.8291625976562,123.61102294921875,285.4800109863281,81.9000015258789,89.0,391.2799987792969,3341.43994140625,0.0,0.1875,9595.48828125,7.0,0.0,36.0,7.0,15800.0,255.85885620117188,274.9031982421875,283.3348693847656,280.1560363769531,283.878662109375,5669.5859375,3051.71630859375,1459.897705078125,759.923583984375,104.38658142089844,281.68170166015625,88.408447265625,87.07727813720703,241.7611083984375,3340.0,0.0,0.0,,,,,,,,,,,,,,,,,,280.9307861328125,,101467.9375,94068.015625,,,57.0,0.0,7620.0,32.0,32.0,256.0,34.0,34.0,35.0,37.0,44.0,44.0,48.0,48.0,48.0,1.0,308.0,279.91998291015625,275.72998046875,75.0,3.0,5.599999904632568,6.400000095367432
2023-03-19T10:55,2023-03-19T11:00,48,train,0,2023,3,10,47,2023-03-17T12:00,47,2023-03-17T12:00,47,2023-03-17T12:00,50,2023-03-17T09:00,48,2023-03-17T12:00,36,2023-03-17T23:00,-999.0,100.0,100.0,0.0,0.0,nan,1340.4991455078125,nan,84300.0,nan,10.514429092407227,238.3072509765625,249.42205810546875,258.3168029785156,263.1559753417969,267.12548828125,5130.21826171875,2725.875,1284.7503662109375,35.5015869140625,256.92510986328125,80.5999984741211,438.2619323730469,0.0,12300.0,0.0,17.360000610351562,784.4827270507812,95.30000305175781,0.0,0.0,81.30000305175781,259.50439453125,5.080000119050965e-05,0.3125,238.98143005371094,248.6507568359375,258.13299560546875,263.40985107421875,267.34442138671875,5153.09423828125,2734.490478515625,1297.53857421875,651.4171142578125,45.25931167602539,262.59820556640625,90.5999984741211,88.5999984741211,1147.115234375,0.0,20000.19921875,8.0,0.0,0.0,0.0,238.1999969482422,249.6999969482422,256.20001220703125,260.6000061035156,264.5,5143.90234375,2720.200927734375,1287.66015625,647.7026977539062,40.83329772949219,257.8500061035156,97.0999984741211,100.0,773.2000122070312,0.0,0.0003000000142492354,1.0625,nan,76.0,11.0,0.0,73.0,19800.0,238.6273193359375,247.72064208984375,258.4505615234375,263.8411865234375,267.8041076660156,5131.248046875,2729.844970703125,1290.615234375,643.7664184570312,40.927345275878906,261.61676025390625,75.71473693847656,74.34886169433594,705.0078125,0.0,0.0,4.8125,,,1308.018310546875,,,239.8495330810547,,258.52667236328125,,,,98.3064193725586,84.02262878417969,82.9108657836914,,,,263.9244384765625,,,,,3.0731801986694336,73.0,0.0,7620.0,0.0,0.0,256.0,85.0,87.0,90.0,90.0,92.0,51.0,51.0,51.0,53.0,4.0,633.0,257.25,255.85000610351562,88.0,4.0,35.599998474121094,38.79999923706055
2023-04-16T12:55,2023-04-16T13:00,24,train,1,2023,4,12,25,2023-04-15T12:00,25,2023-04-15T12:00,25,2023-04-15T12:00,22,2023-04-15T15:00,24,2023-04-15T12:00,24,2023-04-15T13:00,-999.0,0.0,0.0,14.0,57.0,nan,726.3811645507812,nan,31700.0,nan,3.1095352172851562,256.2216796875,274.4231872558594,282.2276916503906,284.4643859863281,288.2215270996094,5660.34765625,3043.70361328125,1456.9488525390625,92.23014831542969,282.52435302734375,84.5999984741211,135.20574951171875,3257.760009765625,16500.0,0.0,0.0,19999.880859375,0.0,0.0,0.0,0.0,24134.802734375,0.0,0.0,257.2432556152344,274.8739318847656,282.8680419921875,285.1480407714844,289.4893798828125,5671.056640625,3048.1552734375,1457.6883544921875,754.798095703125,97.2750015258789,285.8545837402344,60.29999923706055,61.70000076293945,329.75347900390625,3309.1201171875,7809.97119140625,14.0,77.0,89.0,24100.0,256.8999938964844,274.8999938964844,283.29998779296875,288.6000061035156,292.8999938964844,5665.228515625,3045.80126953125,1455.1710205078125,744.11767578125,101.77375793457031,286.77996826171875,60.70000076293945,64.0,347.67999267578125,3361.760009765625,0.0,0.0,nan,4.0,0.0,0.0,4.0,14700.0,256.33282470703125,274.2101135253906,282.8924560546875,285.2930603027344,288.79931640625,5665.5029296875,3050.607666015625,1463.208984375,756.4873046875,96.49130249023438,286.470703125,89.50912475585938,85.92456817626953,170.63775634765625,3230.0,0.0,0.0,,,,,,,275.0284423828125,,,,42.6402473449707,75.29796600341797,83.08759307861328,83.80167388916016,,,,282.7974853515625,,,,,,57.0,0.0,7620.0,32.0,32.0,256.0,14.0,15.0,15.0,15.0,20.0,40.0,44.0,46.0,48.0,29.0,271.0,280.3699951171875,277.45001220703125,81.0,3.0,4.400000095367432,4.800000190734863
2023-08-13T12:52,2023-08-13T13:00,1,train,0,2023,8,12,1,2023-08-13T12:00,1,2023-08-13T12:00,1,2023-08-13T12:00,1,2023-08-13T12:00,0,2023-08-13T12:00,1,2023-08-13T12:00,-999.0,0.0,2.0,0.0,0.0,nan,1393.80712890625,nan,85900.0,nan,5.146843433380127,260.6021423339844,276.94122314453125,286.6165466308594,290.78173828125,295.0941162109375,5733.3759765625,3083.4033203125,1473.98974609375,84.9991683959961,287.92230224609375,88.5999984741211,394.2840576171875,3756.758056640625,15200.0,0.0,0.0,20000.0703125,8.300000190734863,4.099999904632568,0.0,0.0,14360.2080078125,8.07999967946671e-05,0.25,260.88800048828125,277.12664794921875,287.1299743652344,292.1620788574219,296.49127197265625,5734.9091796875,3083.19091796875,1473.2796630859375,752.0396118164062,84.59359741210938,292.17279052734375,86.80000305175781,80.69999694824219,285.2557067871094,3653.1201171875,20000.0,27.0,4.0,0.0,24100.0,261.5,277.6000061035156,286.20001220703125,291.20001220703125,295.5,5737.939453125,3083.4169921875,1472.5595703125,753.3202514648438,80.81401824951172,289.5299987792969,87.19999694824219,89.0,352.3999938964844,3662.762939453125,0.0,0.125,nan,56.0,0.0,0.0,2.0,15500.0,260.82452392578125,277.23211669921875,286.6614074707031,290.0801086425781,294.5039367675781,5734.505859375,3084.603759765625,1474.3121337890625,756.146240234375,84.80099487304688,291.0833435058594,88.57950592041016,87.5860595703125,362.7886657714844,3697.673828125,0.0,0.0,5734.265625,3082.27099609375,1474.2548828125,755.4583740234375,90.92041015625,260.7803039550781,276.77154541015625,286.671875,290.2969055175781,294.00311279296875,77.97489166259766,76.1485366821289,90.65531158447266,95.09514617919922,,,,290.24603271484375,,101097.125,94090.890625,,27.546768188476562,57.0,0.0,7620.0,0.0,0.0,209.0,76.0,85.0,90.0,90.0,91.0,61.0,63.0,63.0,63.0,543.0,416.0,283.5,283.2099914550781,100.0,14.0,14.800000190734863,16.0
2023-08-13T12:52,2023-08-13T13:00,24,train,0,2023,8,12,25,2023-08-12T12:00,25,2023-08-12T12:00,25,2023-08-12T12:00,22,2023-08-12T15:00,24,2023-08-12T12:00,24,2023-08-12T13:00,-999.0,0.0,8.0,100.0,0.0,nan,1473.6666259765625,42500.0,85200.0,nan,5.425734043121338,260.1571044921875,276.4053955078125,286.0853271484375,290.9004211425781,295.2121276855469,5739.07421875,3091.695556640625,1485.297607421875,96.8104019165039,287.5855407714844,89.0999984741211,415.1729736328125,3709.384033203125,14800.0,0.0,5.059999942779541,15817.01953125,48.599998474121094,0.0,0.0,0.0,13182.060546875,0.00010720000136643648,0.1875,261.7846374511719,277.348876953125,286.44305419921875,291.52593994140625,295.9412536621094,5737.10595703125,3079.404541015625,1471.187255859375,751.6336059570312,84.92218780517578,291.6134033203125,88.9000015258789,85.30000305175781,295.8362731933594,3758.239990234375,1197.3525390625,34.0,80.0,89.0,100.0,263.70001220703125,278.6000061035156,285.1000061035156,290.5,294.79998779296875,5744.13623046875,3074.00634765625,1460.888427734375,743.0325927734375,74.5691909790039,287.6199951171875,100.0,100.0,442.79998779296875,3881.3876953125,9.999999747378752e-05,1.0,1468.96044921875,11.0,63.0,20.0,10.0,16000.0,260.7032470703125,277.9642028808594,286.2450256347656,290.6717834472656,295.2262268066406,5739.74169921875,3086.50732421875,1475.687744140625,757.695068359375,84.74583435058594,291.59051513671875,86.23626708984375,88.5063705444336,577.175048828125,3762.81494140625,0.0002099999983329326,5.9375,5738.296875,3076.79541015625,1467.05712890625,749.3838500976562,86.45654296875,261.935302734375,277.463134765625,286.27252197265625,289.5140380859375,293.1086730957031,87.66036224365234,82.77874755859375,94.29573059082031,95.56137084960938,,,,290.11224365234375,,101016.9375,94013.984375,,29.704505920410156,57.0,0.0,7620.0,0.0,0.0,256.0,74.0,80.0,83.0,85.0,87.0,57.0,62.0,67.0,76.0,483.0,378.0,283.19000244140625,283.08001708984375,100.0,19.0,15.600000381469727,16.799999237060547
2023-08-13T12:52,2023-08-13T13:00,48,train,0,2023,8,12,43,2023-08-11T18:00,49,2023-08-11T12:00,49,2023-08-11T12:00,46,2023-08-11T15:00,48,2023-08-11T12:00,36,2023-08-12T01:00,-999.0,0.0,58.0,0.0,0.0,nan,1344.869140625,nan,86400.0,nan,4.716537952423096,260.839111328125,275.9501037597656,285.7979736328125,290.51239013671875,294.7871398925781,5733.5048828125,3087.616455078125,1483.8973388671875,96.8142318725586,287.3929443359375,92.4000015258789,449.3089599609375,3642.032470703125,13500.0,0.0,9.479999542236328,1804.1903076171875,100.0,3.0999999046325684,0.0,0.0,8634.1357421875,0.00024679998750798404,0.125,261.9873962402344,277.3091125488281,286.40460205078125,289.1134948730469,293.4206848144531,5740.23291015625,3081.69384765625,1473.1221923828125,755.8817138671875,92.0803451538086,289.15594482421875,98.4000015258789,96.80000305175781,108.65895080566406,3765.60009765625,19999.919921875,25.0,39.0,41.0,0.0,261.20001220703125,277.3999938964844,287.8999938964844,290.79998779296875,295.1000061035156,5747.765625,3087.038330078125,1473.1370849609375,753.4482421875,83.72003936767578,288.1300048828125,99.9000015258789,100.0,309.8399963378906,3722.242919921875,0.00019999999494757503,0.5625,nan,2.0,100.0,69.0,2.0,17800.0,260.2125244140625,276.68511962890625,285.9518737792969,290.1763916015625,294.8161315917969,5734.810546875,3085.466796875,1480.6932373046875,764.0743408203125,93.09422302246094,291.0807189941406,82.95008850097656,83.00857543945312,545.643310546875,3696.759765625,0.0,19.125,5740.66796875,3084.655517578125,1470.83251953125,753.8342895507812,89.801025390625,261.50726318359375,277.87506103515625,286.9186096191406,289.5199279785156,293.58782958984375,60.06153106689453,79.81394958496094,95.21966552734375,94.6203384399414,,,,290.836181640625,,101048.9375,94041.78125,,25.952741622924805,57.0,0.0,7620.0,0.0,0.0,256.0,80.0,80.0,80.0,83.0,90.0,64.0,70.0,74.0,78.0,606.0,457.0,283.30999755859375,283.469970703125,100.0,7.0,16.0,17.200000762939453
2023-06-22T10:49,2023-06-22T11:00,48,train,0,2023,6,10,47,2023-06-20T12:00,47,2023-06-20T12:00,47,2023-06-20T12:00,50,2023-06-20T09:00,48,2023-06-20T12:00,36,2023-06-20T23:00,-999.0,0.0,0.0,0.0,0.0,nan,nan,nan,nan,nan,1.934406042098999,263.0074157714844,278.5439758300781,282.7510681152344,285.5365295410156,289.4643859863281,5845.64453125,3169.8203125,1570.819580078125,197.93385314941406,282.3518371582031,74.19999694824219,92.63984680175781,4339.29443359375,22300.0,0.0,0.019999999552965164,19999.880859375,0.0,0.0,0.0,0.0,24135.08984375,0.0,0.0,263.3092346191406,278.68511962890625,283.4239196777344,285.6628723144531,290.0628967285156,5856.94921875,3179.7783203125,1578.37939453125,870.7012939453125,211.9969024658203,286.3999938964844,88.5999984741211,85.0,87.22579193115234,4320.31982421875,20000.107421875,26.0,0.0,0.0,24100.0,264.79998779296875,280.0,283.79998779296875,287.8999938964844,292.20001220703125,5880.24853515625,3192.865478515625,1586.8089599609375,877.3348388671875,221.25070190429688,286.2200012207031,77.0,69.0,187.0399932861328,4527.0400390625,0.0,0.0,nan,0.0,0.0,0.0,0.0,15000.0,262.7644958496094,278.44207763671875,282.4293212890625,286.4845275878906,289.90625,5850.95068359375,3176.28955078125,1580.90625,873.6619873046875,207.673583984375,286.4615478515625,88.68443298339844,80.4366455078125,90.01878356933594,4360.0,0.0,5.3125,,,,,,,,,,289.65850830078125,18.32291030883789,,,,,,,288.595703125,,,,,12.985000610351562,57.0,0.0,7620.0,32.0,32.0,256.0,19.0,20.0,20.0,20.0,20.0,78.0,82.0,82.0,82.0,0.0,189.0,280.80999755859375,278.0099792480469,82.0,0.0,4.800000190734863,5.199999809265137
2023-06-22T10:49,2023-06-22T11:00,24,train,0,2023,6,10,23,2023-06-21T12:00,23,2023-06-21T12:00,23,2023-06-21T12:00,26,2023-06-21T09:00,24,2023-06-21T12:00,24,2023-06-21T11:00,-999.0,0.0,0.0,0.0,0.0,nan,nan,nan,nan,nan,2.4116249084472656,263.677978515625,279.0291748046875,283.611572265625,286.44061279296875,290.40765380859375,5864.2265625,3183.169921875,1582.3206787109375,205.4608612060547,283.66845703125,69.80000305175781,155.81884765625,4468.4169921875,23000.0,0.0,0.009999999776482582,19999.931640625,0.0,0.0,0.0,0.0,24135.126953125,0.0,0.0,264.3556213378906,279.382568359375,284.412841796875,286.3264465332031,290.42645263671875,5869.205078125,3184.99169921875,1580.1683349609375,870.487548828125,211.32293701171875,286.7293701171875,81.9000015258789,72.5999984741211,63.883567810058594,4495.68017578125,20000.03515625,17.0,0.0,0.0,24100.0,264.0,279.6000061035156,284.70001220703125,288.3999938964844,292.70001220703125,5868.17138671875,3183.031005859375,1576.395751953125,866.5497436523438,212.31361389160156,286.239990234375,64.5,42.0,186.72000122070312,4545.43994140625,0.0,0.0,nan,0.0,0.0,0.0,0.0,16600.0,263.7928466796875,278.3376770019531,283.5303955078125,286.5650939941406,289.9774169921875,5863.63623046875,3184.5087890625,1584.7747802734375,876.97998046875,211.0409393310547,286.08795166015625,85.26487731933594,74.16976165771484,113.97894287109375,4450.0,0.0,0.875,,,,872.409423828125,214.064208984375,263.55291748046875,,,,,16.53068733215332,41.79449462890625,,77.06803894042969,,,,288.3478698730469,,102552.125,95200.59375,,,11.0,0.0,7620.0,88888.0,88888.0,256.0,0.0,0.0,0.0,0.0,0.0,47.0,47.0,47.0,47.0,0.0,138.0,280.14996337890625,276.7699890136719,78.0,0.0,4.800000190734863,5.199999809265137
2023-10-03T01:50,2023-10-03T02:00,1,train,0,2023,10,1,1,2023-10-03T01:00,2,2023-10-03T00:00,2,2023-10-03T00:00,1,2023-10-03T01:00,3,2023-10-03T00:00,1,2023-10-03T01:00,-999.0,0.0,0.0,0.0,0.0,nan,nan,nan,nan,nan,5.723803520202637,262.0683898925781,279.56719970703125,288.001953125,289.4122314453125,292.981689453125,5833.474609375,3168.0341796875,1549.05859375,162.09776306152344,283.8098449707031,29.5,86.27217102050781,4069.001220703125,64800.0,0.0,0.0,20000.080078125,0.0,0.0,5.0,0.0,24135.23828125,0.0,0.0,262.07177734375,279.0868835449219,287.7369079589844,287.20184326171875,289.3804931640625,5835.2119140625,3169.961181640625,1551.8182373046875,837.1373291015625,179.9238739013672,284.2930908203125,61.599998474121094,47.900001525878906,19.025644302368164,4055.679931640625,20000.12109375,6.0,0.0,0.0,24100.0,262.1000061035156,279.20001220703125,287.8999938964844,289.8999938964844,294.20001220703125,5834.7841796875,3172.1494140625,1550.8321533203125,836.09814453125,175.48046875,283.5400085449219,80.0999984741211,38.0,72.72000122070312,4011.851806640625,0.0,0.0,nan,0.0,0.0,0.0,0.0,44300.0,261.9349365234375,279.5643005371094,287.7549743652344,289.04254150390625,291.9881896972656,5834.9404296875,3170.00439453125,1552.3636474609375,838.0747680664062,168.12432861328125,284.41546630859375,45.72386169433594,42.61091232299805,150.86740112304688,4104.39404296875,0.0,0.0,5835.35546875,3171.0224609375,1551.838623046875,836.9757690429688,175.582763671875,262.38494873046875,279.19305419921875,288.21917724609375,288.47607421875,292.9195556640625,36.875728607177734,13.145254135131836,45.15677261352539,71.72620391845703,,,,282.3603515625,,102081.3125,95007.0625,,14.169964790344238,5.0,0.0,7620.0,88888.0,5456.0,16274.0,0.0,0.0,0.0,0.0,0.0,6.0,6.0,6.0,7.0,0.0,131.0,281.78997802734375,269.72003173828125,42.0,0.0,11.199999809265137,12.0
2023-06-22T10:49,2023-06-22T11:00,1,train,0,2023,6,10,1,2023-06-22T10:00,5,2023-06-22T06:00,5,2023-06-22T06:00,1,2023-06-22T10:00,0,2023-06-22T12:00,1,2023-06-22T10:00,-999.0,0.0,0.0,0.0,0.0,nan,nan,nan,nan,nan,2.3072283267974854,263.77423095703125,279.5425720214844,284.67669677734375,287.566162109375,291.21575927734375,5862.833984375,3178.09130859375,1573.4296875,193.81503295898438,283.564697265625,44.099998474121094,167.0636749267578,4527.62548828125,41300.0,0.0,0.0,19999.947265625,0.0,0.0,0.0,0.0,24135.35546875,0.0,0.0,263.94097900390625,279.630126953125,284.4569091796875,285.9969482421875,290.087890625,5865.5986328125,3180.371337890625,1574.5982666015625,865.509765625,206.67025756835938,286.37738037109375,86.5999984741211,77.9000015258789,64.5462646484375,4539.68017578125,20000.05078125,1.0,0.0,0.0,24100.0,263.6000061035156,279.6000061035156,283.29998779296875,287.5,291.79998779296875,5869.802734375,3186.1669921875,1581.930908203125,873.0689697265625,214.7950439453125,286.239990234375,76.0999984741211,79.0,267.20001220703125,4519.52001953125,0.0,0.0,nan,0.0,0.0,0.0,0.0,30500.0,264.036376953125,279.400634765625,284.3272399902344,287.2567443847656,289.5030822753906,5863.8525390625,3177.237548828125,1574.1285400390625,864.6047973632812,198.24673461914062,285.3270263671875,62.4120979309082,59.200172424316406,158.88099670410156,4620.0,0.0,0.0,,,,,,,,284.11737060546875,287.281005859375,290.0527648925781,13.104432106018066,,,,,,,,,,95174.1328125,,,57.0,0.0,7620.0,32.0,32.0,16209.0,13.0,13.0,13.0,13.0,14.0,20.0,20.0,20.0,20.0,0.0,148.0,280.41998291015625,275.6000061035156,71.0,0.0,4.800000190734863,5.199999809265137
2023-10-03T01:50,2023-10-03T02:00,24,train,0,2023,10,1,26,2023-10-02T00:00,26,2023-10-02T00:00,26,2023-10-02T00:00,23,2023-10-02T03:00,21,2023-10-02T06:00,24,2023-10-02T02:00,-999.0,0.0,0.0,0.0,3.0,nan,nan,nan,nan,nan,8.101921081542969,261.7391052246094,278.9095458984375,288.10968017578125,289.5958251953125,293.3602294921875,5832.38720703125,3175.34326171875,1557.3785400390625,168.82077026367188,284.64715576171875,43.400001525878906,169.3831329345703,3924.07080078125,46500.0,0.0,0.0,20000.115234375,0.0,0.0,0.0,0.0,24134.93359375,0.0,0.0,261.82763671875,279.1819763183594,287.6213684082031,287.5274658203125,289.7720947265625,5839.26318359375,3172.505859375,1553.7847900390625,838.8203735351562,180.7559356689453,284.54510498046875,71.69999694824219,56.79999923706055,15.859317779541016,4078.39990234375,20000.09765625,6.0,4.0,2.0,24100.0,262.20001220703125,279.1000061035156,289.20001220703125,290.70001220703125,295.0,5835.7294921875,3173.722412109375,1550.2637939453125,833.110107421875,172.20811462402344,286.8799743652344,45.70000076293945,38.0,73.19999694824219,4065.115966796875,0.0,0.0,nan,0.0,13.0,49.0,0.0,26400.021484375,261.9761657714844,277.8819885253906,288.5313415527344,288.6546936035156,291.83294677734375,5828.5009765625,3170.677734375,1555.50537109375,839.667724609375,171.49270629882812,284.54608154296875,65.0,47.17289733886719,60.85390090942383,3879.57958984375,0.0,0.0,5835.30859375,3169.9462890625,1550.239990234375,835.3037719726562,173.624755859375,262.1048583984375,279.29071044921875,288.678466796875,288.47314453125,293.0526123046875,32.106475830078125,11.090795516967773,49.37873458862305,71.38943481445312,,,,282.345703125,,102058.5,94974.78125,,13.512598037719727,20.0,40.0,10400.0,88888.0,2704.0,201.0,0.0,0.0,0.0,0.0,0.0,54.0,54.0,54.0,54.0,0.0,137.0,281.20001220703125,272.79998779296875,55.0,1.0,11.600000381469727,12.800000190734863
2023-10-03T01:50,2023-10-03T02:00,48,train,0,2023,10,1,44,2023-10-01T06:00,50,2023-10-01T00:00,50,2023-10-01T00:00,47,2023-10-01T03:00,45,2023-10-01T06:00,36,2023-10-01T14:00,-999.0,0.0,0.0,100.0,27.0,nan,5606.5390625,nan,51500.0,nan,9.404224395751953,261.07379150390625,278.34912109375,287.9727478027344,289.9391174316406,293.6475830078125,5821.8544921875,3164.95751953125,1551.03125,163.14431762695312,284.7225341796875,41.70000076293945,167.95327758789062,3984.291748046875,48100.0,0.0,0.0,20000.005859375,0.0,0.0,5.800000190734863,0.0,24134.853515625,0.0,0.0,261.8500061035156,279.55224609375,287.8360290527344,287.5626220703125,289.72259521484375,5843.66357421875,3175.847412109375,1554.16064453125,838.857666015625,180.9033660888672,284.60980224609375,70.80000305175781,55.79999923706055,18.372831344604492,4122.39990234375,20000.072265625,5.0,0.0,2.0,24100.0,261.6000061035156,280.5,288.20001220703125,290.1000061035156,294.3999938964844,5829.2470703125,3161.169677734375,1538.3846435546875,823.3338623046875,162.33067321777344,285.4200134277344,49.400001525878906,27.0,147.83999633789062,4163.92578125,0.0,0.0,nan,0.0,0.0,0.0,0.0,31600.0,261.16021728515625,279.0860290527344,288.5686950683594,288.5813903808594,291.230712890625,5827.06982421875,3169.083984375,1550.072998046875,834.5074462890625,165.46109008789062,283.6164855957031,59.71908187866211,40.60014343261719,104.36637878417969,3990.654541015625,0.0,0.0,5832.6875,3163.754150390625,1540.052490234375,825.6137084960938,163.86376953125,262.0512390136719,280.2744140625,288.3376159667969,288.572509765625,292.82733154296875,30.533376693725586,14.186460494995117,59.70649337768555,82.18266296386719,,,,282.65289306640625,,101944.75,94872.7421875,,13.228425025939941,8.0,0.0,7620.0,88888.0,3600.0,457.0,6.0,8.0,11.0,13.0,15.0,47.0,47.0,47.0,48.0,0.0,130.0,280.52001953125,272.19000244140625,57.0,0.0,12.399999618530273,14.399999618530273
2023-10-27T09:56,2023-10-27T10:00,1,train,0,2023,10,9,1,2023-10-27T09:00,4,2023-10-27T06:00,4,2023-10-27T06:00,1,2023-10-27T09:00,3,2023-10-27T06:00,1,2023-10-27T09:00,-999.0,0.0,0.0,100.0,31.0,nan,6651.8720703125,nan,44500.0,nan,6.645505428314209,259.37652587890625,277.2332458496094,285.24102783203125,288.98651123046875,292.7643737792969,5769.84375,3126.9501953125,1527.4083251953125,144.80360412597656,283.3619384765625,67.69999694824219,215.12635803222656,3916.159912109375,25200.0,0.0,0.0,6064.3828125,0.0,100.0,0.0,26.299999237060547,24134.921875,0.0,0.0625,258.86065673828125,276.3440246582031,284.1751708984375,287.1451721191406,290.66558837890625,5758.76953125,3120.413818359375,1525.65625,812.6998901367188,152.86399841308594,285.6000061035156,93.9000015258789,85.19999694824219,15.966135025024414,3728.0,19999.814453125,12.0,41.0,0.0,24100.0,259.0,278.5,282.79998779296875,287.5,291.79998779296875,5767.97509765625,3122.7626953125,1522.11962890625,812.150390625,150.4698028564453,284.7900085449219,96.5,97.0,491.20001220703125,3893.1201171875,0.0,0.4375,nan,39.0,100.0,0.0,39.0,16800.0,259.3321838378906,277.29510498046875,285.0375671386719,288.38812255859375,291.31689453125,5768.16650390625,3126.390625,1528.7803955078125,815.61767578125,148.21466064453125,284.7434387207031,76.85166931152344,71.89425659179688,247.02593994140625,3810.0,0.0,0.0,5762.58203125,3125.46337890625,1529.260986328125,815.8771362304688,154.14013671875,258.72900390625,276.72119140625,284.31536865234375,288.7767333984375,292.65155029296875,14.352078437805176,76.14839935302734,74.95555877685547,85.7978286743164,,,,284.76812744140625,,101821.375,94766.8359375,,19.921571731567383,71.0,0.0,7620.0,0.0,0.0,256.0,55.0,65.0,74.0,74.0,74.0,65.0,65.0,65.0,65.0,4.0,143.0,280.29998779296875,277.92999267578125,86.0,3.0,17.200000762939453,18.799999237060547
2023-10-27T09:56,2023-10-27T10:00,24,train,0,2023,10,9,22,2023-10-26T12:00,22,2023-10-26T12:00,22,2023-10-26T12:00,25,2023-10-26T09:00,21,2023-10-26T12:00,24,2023-10-26T10:00,-999.0,0.0,10.0,100.0,100.0,nan,1392.7318115234375,34600.0,86400.0,nan,5.853229999542236,258.32513427734375,276.10015869140625,283.60784912109375,287.919677734375,292.03570556640625,5754.7939453125,3120.465576171875,1527.5399169921875,148.7307891845703,283.3277587890625,90.0999984741211,218.40777587890625,3816.320068359375,13400.0,0.0,0.12999999523162842,19999.9765625,0.0,75.4000015258789,0.0,24.799999237060547,24135.259765625,0.0,0.0,259.0366516113281,276.632568359375,283.46478271484375,286.1830139160156,289.8343505859375,5756.8388671875,3113.769287109375,1520.5865478515625,809.7665405273438,151.18528747558594,284.7725830078125,94.69999694824219,87.5,13.6797456741333,3754.239990234375,1197.0584716796875,8.0,59.0,0.0,0.0,259.20001220703125,278.6000061035156,283.70001220703125,285.8999938964844,290.1000061035156,5764.712890625,3119.20751953125,1516.0880126953125,809.3074951171875,148.3297576904297,283.04998779296875,99.80000305175781,100.0,349.20001220703125,3818.239990234375,0.00019999999494757503,0.5,nan,0.0,100.0,65.0,0.0,17800.0,258.8013000488281,276.19097900390625,283.6983642578125,288.4296569824219,291.5257568359375,5759.47021484375,3123.732421875,1534.0087890625,822.5465087890625,155.65467834472656,284.7667236328125,78.1697998046875,67.99312591552734,267.5935974121094,3720.0,0.0,0.0,5761.17578125,3120.270751953125,1519.564697265625,807.2998657226562,145.724365234375,259.1728820800781,277.45709228515625,284.1395263671875,288.32659912109375,292.3297119140625,15.71300983428955,79.29542541503906,81.00791931152344,87.93511199951172,,,,284.7430419921875,,101725.5625,94664.203125,,18.328245162963867,79.0,0.0,7620.0,28.0,32.0,256.0,47.0,50.0,54.0,54.0,54.0,61.0,61.0,61.0,61.0,1.0,143.0,280.3299865722656,277.7200012207031,86.0,4.0,16.799999237060547,18.0
2023-10-27T09:56,2023-10-27T10:00,48,train,0,2023,10,9,46,2023-10-25T12:00,46,2023-10-25T12:00,46,2023-10-25T12:00,49,2023-10-25T09:00,45,2023-10-25T12:00,36,2023-10-25T22:00,-999.0,0.0,2.0,67.0,100.0,nan,7245.46875,34600.0,41000.0,nan,7.262861728668213,258.5478820800781,276.30755615234375,284.47760009765625,288.2454833984375,292.2322082519531,5764.6181640625,3129.34228515625,1533.630126953125,153.88433837890625,282.7897644042969,83.4000015258789,217.39755249023438,3778.39990234375,16500.0,0.0,1.75,15992.037109375,19.399999618530273,80.0999984741211,2.0,71.4000015258789,24135.19921875,0.0,0.0,259.2293701171875,276.13946533203125,283.606689453125,286.5268249511719,290.4730529785156,5757.85302734375,3114.004638671875,1520.29248046875,809.1813354492188,149.62905883789062,285.5794677734375,94.9000015258789,88.80000305175781,12.705294609069824,3715.52001953125,1196.9383544921875,17.0,72.0,10.0,0.0,259.70001220703125,277.8999938964844,283.70001220703125,286.5,290.79998779296875,5758.30908203125,3112.77783203125,1512.7398681640625,804.4637451171875,141.91909790039062,284.0400085449219,99.80000305175781,100.0,349.67999267578125,3823.840087890625,0.00019999999494757503,0.3125,9883.1201171875,0.0,68.0,100.0,0.0,18800.0,259.86370849609375,277.4563293457031,284.45166015625,288.0417175292969,290.7939147949219,5776.35693359375,3129.57568359375,1531.1585693359375,819.5201416015625,152.4400177001953,284.44866943359375,78.23596954345703,66.96258544921875,238.5615692138672,3860.0,0.0,0.3125,5765.51953125,3121.776123046875,1527.985595703125,817.0908203125,157.496826171875,258.5693054199219,276.8345947265625,283.28009033203125,287.571044921875,291.3904724121094,16.623516082763672,93.12545776367188,82.44939422607422,86.91822814941406,,,,283.99578857421875,,101864.75,94780.9765625,,21.478572845458984,80.0,0.0,7620.0,32.0,32.0,256.0,70.0,71.0,79.0,79.0,79.0,65.0,65.0,65.0,65.0,0.0,147.0,280.239990234375,277.4800109863281,83.0,2.0,17.600000381469727,19.200000762939453
2023-11-11T02:55,2023-11-11T03:00,1,train,0,2023,11,2,1,2023-11-11T02:00,3,2023-11-11T00:00,3,2023-11-11T00:00,1,2023-11-11T02:00,3,2023-11-11T00:00,1,2023-11-11T02:00,-999.0,19.0,54.0,0.0,0.0,nan,1342.238525390625,nan,85800.0,nan,10.77149486541748,245.97206115722656,261.58905029296875,268.4352111816406,273.60052490234375,277.7718505859375,5436.42431640625,2933.271484375,1430.118896484375,126.13916015625,268.39593505859375,91.5999984741211,449.62200927734375,578.4000244140625,12200.0,0.0,0.0010000000474974513,784.93212890625,88.5,0.0,0.0,100.0,579.2940063476562,3.279999873484485e-05,0.5,245.22190856933594,261.5262756347656,268.26727294921875,272.9908142089844,277.0834045410156,5433.015625,2931.959228515625,1430.98291015625,759.3812255859375,130.31134033203125,272.7554016113281,96.0999984741211,94.9000015258789,947.090576171875,717.1199951171875,1196.1307373046875,53.0,0.0,0.0,0.0,246.1999969482422,262.29998779296875,268.6000061035156,273.29998779296875,277.3999938964844,5448.57763671875,2933.95361328125,1432.3145751953125,760.1334228515625,129.69308471679688,271.67999267578125,98.5999984741211,100.0,1028.9599609375,954.8800048828125,0.00139999995008111,5.3125,1360.887451171875,100.0,0.0,0.0,84.0,15400.0,245.4308319091797,260.50933837890625,268.65679931640625,274.0432434082031,278.4289245605469,5440.486328125,2941.779052734375,1443.6494140625,770.9107666015625,139.20968627929688,273.0709228515625,86.13938903808594,81.30432891845703,812.3219604492188,810.0,0.0,0.0,5432.13671875,2931.65283203125,1429.881591796875,758.122802734375,130.205322265625,245.55767822265625,260.34942626953125,268.6183166503906,273.0419921875,277.0487365722656,68.39173889160156,92.31756591796875,87.93695831298828,90.27247619628906,,,,272.672119140625,,101601.625,94190.84375,,7.323960781097412,90.0,0.0,7620.0,0.0,0.0,256.0,70.0,78.0,83.0,84.0,84.0,74.0,74.0,74.0,75.0,5.0,203.0,265.3599853515625,264.57000732421875,93.0,8.0,39.20000076293945,42.79999923706055
2023-11-11T02:55,2023-11-11T03:00,24,train,0,2023,11,2,21,2023-11-10T06:00,21,2023-11-10T06:00,21,2023-11-10T06:00,24,2023-11-10T03:00,21,2023-11-10T06:00,24,2023-11-10T03:00,-999.0,100.0,100.0,0.0,0.0,1342.099365234375,1342.06396484375,80100.0,85700.0,1872.49609375,9.369441032409668,245.35491943359375,261.5227966308594,267.1925048828125,271.7418212890625,275.87261962890625,5419.9013671875,2920.4404296875,1420.7235107421875,121.4690933227539,266.84564208984375,89.80000305175781,355.8473815917969,341.6000061035156,100.0,9.999999747378752e-05,4.900000095367432,785.1173706054688,88.0999984741211,0.0,0.0,100.0,286.7008056640625,3.9999998989515007e-05,0.625,245.4618682861328,261.7831726074219,268.253173828125,272.50469970703125,276.5795593261719,5429.45947265625,2930.17333984375,1429.7320556640625,758.481201171875,130.56153869628906,272.255126953125,97.5,96.69999694824219,774.7451171875,639.52001953125,1195.922607421875,71.0,0.0,0.0,0.0,245.60000610351562,263.1000061035156,268.20001220703125,272.5,276.6000061035156,5428.974609375,2921.65576171875,1418.6925048828125,748.2384643554688,119.50840759277344,270.8999938964844,100.0,100.0,916.9600219726562,835.3599853515625,0.002300000051036477,10.5625,943.8590698242188,100.0,0.0,0.0,100.0,8400.0,244.87625122070312,260.3289489746094,268.2411193847656,273.02239990234375,277.1927795410156,5417.5068359375,2921.34619140625,1422.3243408203125,751.5828247070312,123.53572082519531,272.61865234375,91.17706298828125,90.76470184326172,627.4027709960938,700.0,4.999999873689376e-05,1.125,5436.30078125,2934.22265625,1432.742431640625,761.98046875,134.619140625,245.28842163085938,261.26861572265625,268.293212890625,272.69189453125,276.9349365234375,56.608280181884766,97.49461364746094,91.64430236816406,88.65299987792969,,,,273.39483642578125,,101662.9375,94258.359375,,7.478846549987793,97.0,0.0,7620.0,0.0,0.0,201.0,89.0,89.0,90.0,91.0,93.0,49.0,49.0,49.0,49.0,8.0,237.0,265.39996337890625,264.46002197265625,93.0,18.0,35.20000076293945,38.0
2023-11-21T14:52,2023-11-21T15:00,1,train,0,2023,11,14,1,2023-11-21T14:00,3,2023-11-21T12:00,3,2023-11-21T12:00,1,2023-11-21T14:00,3,2023-11-21T12:00,1,2023-11-21T14:00,-999.0,0.0,0.0,0.0,0.0,nan,nan,nan,nan,nan,4.315344333648682,251.69210815429688,269.18292236328125,266.229248046875,267.5174560546875,271.35504150390625,5645.267578125,3074.8466796875,1541.4775390625,248.31655883789062,266.1834411621094,35.29999923706055,216.0564422607422,237.1199951171875,56500.0,0.0,0.0,20000.2109375,0.0,0.0,5.0,0.0,24134.958984375,0.0,0.0,251.80162048339844,268.9598693847656,266.70318603515625,268.3543701171875,273.15960693359375,5656.05078125,3084.642333984375,1547.968505859375,888.8444213867188,270.0076599121094,270.5177001953125,26.899999618530273,29.600000381469727,520.886474609375,371.0400085449219,20000.189453125,0.0,0.0,0.0,24100.0,251.89999389648438,269.3999938964844,266.5,268.0,272.0,5662.78662109375,3089.682861328125,1554.2236328125,895.3230590820312,280.48699951171875,267.1600036621094,34.900001525878906,36.0,210.32000732421875,260.1600036621094,0.0,0.0,nan,0.0,0.0,1.0,0.0,37000.0,251.5597686767578,269.2749938964844,266.5672607421875,267.4959716796875,270.96600341796875,5653.52294921875,3083.3515625,1549.1859130859375,889.6114501953125,263.61895751953125,268.712646484375,53.559261322021484,40.07291030883789,307.6448059082031,80.0,0.0,0.0,5657.3671875,3087.2646484375,1552.746826171875,893.723876953125,276.6533203125,251.51405334472656,268.873291015625,265.90631103515625,268.04473876953125,272.26556396484375,9.86807632446289,19.12071990966797,28.9423770904541,30.530038833618164,,,,272.3100280761719,,103481.0,95856.390625,,3.0308618545532227,7.0,0.0,7620.0,88888.0,6056.0,16209.0,0.0,0.0,0.0,0.0,1.0,2.0,2.0,2.0,2.0,0.0,346.0,263.51995849609375,250.22000122070312,33.0,0.0,6.0,6.400000095367432
2023-11-11T02:55,2023-11-11T03:00,48,train,0,2023,11,2,45,2023-11-09T06:00,45,2023-11-09T06:00,45,2023-11-09T06:00,48,2023-11-09T03:00,45,2023-11-09T06:00,45,2023-11-09T06:00,-999.0,100.0,100.0,0.0,0.0,1342.02392578125,1341.8521728515625,83100.0,85600.0,1707.337646484375,9.38735294342041,244.99444580078125,260.5635986328125,266.934326171875,270.83135986328125,275.03497314453125,5403.45947265625,2904.41748046875,1405.43359375,111.00057983398438,266.837646484375,94.30000305175781,359.0396423339844,335.8399963378906,0.0,0.0,17.739999771118164,874.35498046875,81.80000305175781,0.0,0.0,100.0,1108.2271728515625,1.759999940986745e-05,0.4375,245.9637908935547,262.1029357910156,266.94293212890625,271.7506408691406,275.82659912109375,5426.30859375,2922.990478515625,1423.9058837890625,755.59375,129.47247314453125,271.5455017089844,96.5,95.5,602.0706787109375,530.4000244140625,1196.000244140625,69.0,0.0,0.0,100.0,246.60000610351562,262.6000061035156,266.3999938964844,271.0,275.0,5423.06640625,2908.91650390625,1412.051025390625,745.708984375,118.80546569824219,269.0199890136719,100.0,100.0,607.9199829101562,545.5999755859375,0.0012000000569969416,6.625,852.6885986328125,100.0,0.0,0.0,100.0,6100.0,245.1229248046875,260.5592041015625,265.8184814453125,269.810302734375,274.3426208496094,5404.03662109375,2904.455078125,1408.85009765625,745.7723388671875,119.17874145507812,269.71728515625,95.29658508300781,94.17705535888672,506.9602355957031,230.0,0.0,8.1875,5430.94140625,2931.370361328125,1433.84521484375,764.802734375,138.231689453125,244.8708038330078,260.7369079589844,267.42425537109375,272.20465087890625,276.4713134765625,58.74826431274414,98.19449615478516,93.0352783203125,89.4741439819336,,,,273.2723388671875,,101729.5625,94303.734375,,7.137148857116699,76.0,,,72.0,24.0,9856.0,94.0,94.0,,95.0,,58.0,,58.0,58.0,10.0,326.0,264.55999755859375,263.1499938964844,90.0,0.0,39.20000076293945,43.599998474121094
2023-11-21T14:52,2023-11-21T15:00,24,train,0,2023,11,14,21,2023-11-20T18:00,21,2023-11-20T18:00,21,2023-11-20T18:00,24,2023-11-20T15:00,21,2023-11-20T18:00,24,2023-11-20T15:00,-999.0,0.0,0.0,1.0,9.0,10976.416015625,nan,nan,nan,11176.669921875,2.2634949684143066,251.59786987304688,267.08563232421875,268.80755615234375,268.191650390625,271.9792175292969,5650.9345703125,3086.60546875,1557.946533203125,263.6629638671875,267.94537353515625,31.700000762939453,133.16610717773438,507.20001220703125,61500.0,0.0,0.029999999329447746,19999.86328125,0.0,2.9000000953674316,5.099999904632568,0.0,24134.9296875,0.0,0.0,251.57366943359375,268.828369140625,267.5083923339844,267.8950500488281,272.6595764160156,5656.62646484375,3087.9560546875,1552.7296142578125,892.9567260742188,275.209228515625,270.096435546875,33.79999923706055,35.20000076293945,431.9971923828125,307.67999267578125,19999.8828125,0.0,0.0,0.0,24100.0,252.10000610351562,269.1000061035156,268.6000061035156,269.3999938964844,273.5,5659.0263671875,3086.788818359375,1547.9779052734375,885.2958984375,270.9353942871094,268.5400085449219,30.600000381469727,31.0,249.27999877929688,472.1600036621094,0.0,0.0,nan,0.0,0.0,92.0,0.0,35600.0,251.34332275390625,266.849853515625,268.2315673828125,267.2944030761719,270.4779357910156,5651.74462890625,3089.943603515625,1562.92822265625,900.9019775390625,278.3539123535156,268.60699462890625,55.30357360839844,43.058326721191406,242.30433654785156,60.0,0.0,0.3125,5659.45703125,3090.222412109375,1553.80859375,893.8225708007812,276.55712890625,251.6562042236328,269.03668212890625,266.45733642578125,268.10662841796875,272.589111328125,9.273795127868652,15.45410442352295,30.61705780029297,28.452503204345703,,,,272.4917907714844,,103477.5625,95869.015625,,2.768826723098755,14.0,18.0,7872.0,88888.0,5816.0,201.0,4.0,4.0,4.0,5.0,5.0,28.0,28.0,28.0,28.0,0.0,350.0,263.8599853515625,250.760009765625,33.0,0.0,5.199999809265137,5.599999904632568
2023-11-21T14:52,2023-11-21T15:00,48,train,0,2023,11,14,45,2023-11-19T18:00,45,2023-11-19T18:00,45,2023-11-19T18:00,48,2023-11-19T15:00,45,2023-11-19T18:00,45,2023-11-19T18:00,-999.0,0.0,0.0,100.0,73.0,nan,7379.16015625,nan,39200.0,nan,2.557828903198242,251.2185821533203,268.0749206542969,268.84674072265625,267.77349853515625,271.49822998046875,5645.3173828125,3081.88525390625,1550.873779296875,256.74432373046875,267.9055480957031,27.700000762939453,87.05735778808594,498.0799865722656,67700.0,0.0,4.199999809265137,19999.978515625,0.0,5.0,5.0,0.0,24134.703125,0.0,0.0,252.17433166503906,269.1523132324219,267.5348815917969,267.9144592285156,272.65570068359375,5651.42041015625,3078.3720703125,1543.291748046875,883.2666625976562,265.4217529296875,269.96173095703125,37.400001525878906,38.599998474121094,424.1552734375,286.0799865722656,20000.009765625,0.0,0.0,5.0,24100.0,252.1999969482422,269.20001220703125,270.29998779296875,270.79998779296875,274.8999938964844,5658.59765625,3085.13134765625,1542.6134033203125,875.9765014648438,262.5606994628906,269.8900146484375,45.099998474121094,45.0,212.32000732421875,680.0,0.0,0.0,nan,0.0,10.0,65.0,0.0,38100.0,251.43658447265625,267.817626953125,268.07855224609375,267.0271911621094,270.078369140625,5646.0087890625,3084.126953125,1555.8092041015625,894.433349609375,271.7147521972656,268.08184814453125,51.531166076660156,34.57550811767578,287.91558837890625,10.0,0.0,2.875,5655.6328125,3084.76904296875,1549.19140625,889.8504638671875,273.227294921875,252.2642059326172,269.4522705078125,266.10565185546875,267.68597412109375,272.063232421875,5.245013236999512,16.25938606262207,35.661582946777344,32.36817169189453,,,,272.37542724609375,,103428.875,95814.3125,,2.692169666290283,23.0,,,88888.0,3008.0,8960.0,11.0,11.0,,13.0,,34.0,,34.0,34.0,0.0,417.0,262.69000244140625,251.489990234375,38.0,0.0,7.199999809265137,7.599999904632568
2023-12-02T09:53,2023-12-02T10:00,1,train,0,2023,12,9,1,2023-12-02T09:00,4,2023-12-02T06:00,4,2023-12-02T06:00,1,2023-12-02T09:00,3,2023-12-02T06:00,1,2023-12-02T09:00,-999.0,0.0,74.0,0.0,0.0,nan,2407.908447265625,nan,75400.0,nan,4.860223293304443,253.45127868652344,265.76904296875,273.854248046875,276.29217529296875,280.1701354980469,5543.14697265625,2977.3349609375,1440.201904296875,116.88386535644531,273.1393127441406,79.0,131.27674865722656,1303.760009765625,18400.0,0.0,0.0,785.1754150390625,100.0,0.0,2.0,100.0,243.13800048828125,4.800000169780105e-06,0.0,253.3236846923828,266.78900146484375,272.12701416015625,274.8100280761719,278.8164978027344,5539.5185546875,2968.0322265625,1433.7301025390625,754.345947265625,121.05015563964844,274.3033142089844,98.9000015258789,98.4000015258789,20.545141220092773,1206.0799560546875,20000.0859375,24.0,1.0,0.0,0.0,254.1999969482422,266.79998779296875,273.1000061035156,276.29998779296875,280.5,5548.93212890625,2975.078857421875,1436.765625,756.576416015625,125.36548614501953,272.9700012207031,100.0,100.0,68.80000305175781,1153.5999755859375,0.0,0.0625,nan,76.0,0.0,0.0,73.0,9500.0,253.11012268066406,265.7286071777344,273.0592956542969,275.56585693359375,278.9368591308594,5536.0732421875,2972.02734375,1437.840087890625,757.1781616210938,118.39689636230469,273.6083068847656,88.21346282958984,94.25003814697266,156.21005249023438,1230.0,0.0,0.0,5538.45703125,2973.325439453125,1436.065673828125,754.93310546875,121.102294921875,253.75584411621094,266.4981689453125,272.939208984375,275.9403381347656,279.58349609375,98.11280059814453,86.77978515625,90.90385437011719,95.0877914428711,,,,273.88970947265625,,101479.0625,94158.984375,,13.054252624511719,81.0,0.0,7620.0,0.0,0.0,209.0,82.0,90.0,96.0,96.0,96.0,78.0,78.0,78.0,78.0,0.0,131.0,269.30999755859375,268.15997314453125,94.0,1.0,13.199999809265137,14.0
2023-12-02T09:53,2023-12-02T10:00,24,train,0,2023,12,9,22,2023-12-01T12:00,22,2023-12-01T12:00,22,2023-12-01T12:00,25,2023-12-01T09:00,21,2023-12-01T12:00,24,2023-12-01T10:00,-999.0,0.0,100.0,0.0,0.0,1342.987548828125,1389.591064453125,80400.0,85600.0,2811.21923828125,1.8415782451629639,253.25326538085938,265.7645263671875,273.25140380859375,276.63616943359375,280.6082763671875,5539.36572265625,2978.47216796875,1441.7652587890625,117.57982635498047,272.4112548828125,88.19999694824219,75.99134063720703,1198.0799560546875,12200.0,0.0,8.420000076293945,801.1029663085938,92.80000305175781,1.0,0.8999999761581421,100.0,1543.701904296875,8.000000093488779e-07,0.0625,253.58831787109375,267.24053955078125,271.8270263671875,274.68682861328125,278.7171325683594,5542.1201171875,2970.175537109375,1437.4918212890625,758.6032104492188,125.5771255493164,274.1629638671875,98.4000015258789,97.5999984741211,21.91391372680664,1193.280029296875,1196.447021484375,81.0,20.0,0.0,100.0,253.6999969482422,267.5,272.5,275.79998779296875,279.8999938964844,5542.3212890625,2969.21142578125,1430.1641845703125,751.2235107421875,121.11271667480469,273.0400085449219,99.9000015258789,100.0,139.1999969482422,1164.3199462890625,0.0,0.0625,1911.446044921875,100.0,11.0,0.0,12.0,13400.0,253.4687957763672,265.6311950683594,273.143798828125,276.3092346191406,280.0611267089844,5540.251953125,2975.679931640625,1438.13037109375,756.863037109375,116.29545593261719,275.2079162597656,91.35832214355469,90.81977844238281,117.58784484863281,1470.0,0.0,4.5625,5539.65625,2974.237060546875,1439.236083984375,758.3857421875,124.48583984375,253.96685791015625,265.5725402832031,272.91998291015625,275.86578369140625,279.594482421875,94.0888671875,85.49711608886719,89.88957977294922,93.88910675048828,,,,272.514404296875,,101524.375,94208.4375,,12.30993366241455,86.0,0.0,7620.0,0.0,0.0,0.0,91.0,98.0,100.0,100.0,100.0,89.0,100.0,100.0,100.0,0.0,131.0,269.1199951171875,268.46002197265625,95.0,6.0,14.0,14.800000190734863
2023-12-09T03:52,2023-12-09T04:00,1,train,0,2023,12,3,1,2023-12-09T03:00,4,2023-12-09T00:00,4,2023-12-09T00:00,1,2023-12-09T03:00,3,2023-12-09T00:00,1,2023-12-09T03:00,-999.0,0.0,0.0,0.0,18.0,nan,1342.709228515625,nan,86600.0,nan,5.515185356140137,254.2134552001953,268.6920471191406,272.39605712890625,272.85687255859375,276.0484619140625,5613.94189453125,3032.2392578125,1489.759521484375,174.85806274414062,269.4642333984375,53.29999923706055,114.15296173095703,739.9199829101562,35500.0,0.0,0.0,19999.931640625,5.0,4.300000190734863,100.0,44.099998474121094,24135.201171875,0.0,0.0,254.42401123046875,269.38897705078125,273.06683349609375,268.0472717285156,270.3447265625,5614.916015625,3030.88671875,1483.11669921875,810.1905517578125,196.79652404785156,266.0350646972656,95.0999984741211,86.69999694824219,15.66247272491455,0.0,19999.953125,19.0,2.0,29.0,24100.0,254.6999969482422,269.29998779296875,272.70001220703125,273.0,277.1000061035156,5613.56591796875,3029.724609375,1482.395751953125,809.5719604492188,193.28955078125,270.54998779296875,76.0,82.0,212.8000030517578,780.7999877929688,0.0,0.0,nan,66.0,0.0,14.0,16.0,14206.93359375,254.3336639404297,269.10333251953125,271.5079650878906,271.83258056640625,274.2795715332031,5616.353515625,3031.362548828125,1487.1790771484375,813.8630981445312,178.42123413085938,268.43438720703125,74.75882720947266,87.72090911865234,123.57209777832031,90.0,0.0,0.0,5610.21875,3031.2431640625,1487.375732421875,815.069091796875,195.931640625,254.25802612304688,268.63299560546875,272.03985595703125,270.463623046875,273.3709716796875,75.72748565673828,53.33906555175781,63.66502380371094,84.22651672363281,,,,264.93408203125,,102431.1875,94903.53125,,8.258715629577637,69.0,0.0,7620.0,32.0,32.0,16274.0,23.0,23.0,26.0,44.0,62.0,7.0,7.0,7.0,7.0,0.0,125.0,265.6499938964844,259.05999755859375,59.0,0.0,12.800000190734863,14.0
2023-12-16T22:52,2023-12-16T23:00,1,train,0,2023,12,22,1,2023-12-16T22:00,5,2023-12-16T18:00,5,2023-12-16T18:00,1,2023-12-16T22:00,0,2023-12-17T00:00,1,2023-12-16T22:00,-999.0,0.0,35.0,0.0,1.0,nan,1342.6307373046875,nan,88000.0,nan,6.083682060241699,251.58349609375,266.9190368652344,274.1971435546875,274.644775390625,278.2328186035156,5672.91015625,3124.212890625,1583.168701171875,264.69732666015625,270.6842346191406,62.79999923706055,129.66688537597656,931.3599853515625,28300.0,0.0,0.0,6796.826171875,11.5,100.0,100.0,6.5,24134.82421875,0.0,0.0,251.61448669433594,266.4825439453125,274.630615234375,272.6108703613281,274.19818115234375,5674.8544921875,3128.172119140625,1587.8074951171875,909.1698608398438,286.1265869140625,270.6462097167969,94.80000305175781,81.0999984741211,38.09235382080078,392.1600036621094,19999.90625,8.0,29.0,10.0,24100.0,250.89999389648438,266.8999938964844,275.20001220703125,275.79998779296875,279.8999938964844,5678.869140625,3131.9111328125,1590.50830078125,910.2025756835938,284.03204345703125,270.4599914550781,62.29999923706055,34.0,69.5199966430664,767.3599853515625,0.0,0.0,nan,18.0,0.0,33.0,2.0,20900.0,251.6214599609375,266.0177001953125,274.32415771484375,274.67919921875,277.2327575683594,5672.373046875,3124.950439453125,1587.130126953125,907.2122802734375,271.86614990234375,270.9458312988281,66.0,68.21251678466797,132.6658172607422,430.0,0.0,0.0,5681.5859375,3132.294677734375,1591.55859375,912.687255859375,285.46728515625,251.97776794433594,266.06195068359375,274.6210021972656,273.20977783203125,276.92120361328125,5.88070011138916,9.242144584655762,63.401268005371094,70.87358856201172,,,,269.9737854003906,,103544.625,96029.578125,,4.024349689483643,28.0,0.0,7620.0,88888.0,5456.0,16274.0,0.0,0.0,0.0,1.0,3.0,8.0,8.0,8.0,8.0,0.0,119.0,268.239990234375,257.8899841308594,45.0,0.0,10.399999618530273,11.600000381469727
2023-12-02T09:53,2023-12-02T10:00,48,train,0,2023,12,9,46,2023-11-30T12:00,46,2023-11-30T12:00,46,2023-11-30T12:00,49,2023-11-30T09:00,45,2023-11-30T12:00,36,2023-11-30T22:00,-999.0,0.0,100.0,0.0,0.0,1342.7896728515625,1342.6346435546875,84700.0,86000.0,1575.029296875,6.171411037445068,254.02163696289062,265.75726318359375,272.58984375,276.03857421875,280.00921630859375,5540.5771484375,2973.982177734375,1439.7283935546875,117.54023742675781,272.39007568359375,98.69999694824219,170.3676300048828,1188.6400146484375,100.0,0.0,9.84000015258789,785.1395263671875,88.19999694824219,5.0,0.0,100.0,163.915283203125,1.6000000186977559e-06,0.0,254.12319946289062,265.47772216796875,270.955322265625,273.993896484375,278.048583984375,5544.95849609375,2970.495849609375,1442.4736328125,766.661865234375,135.20425415039062,273.6894226074219,98.69999694824219,98.0999984741211,129.5070037841797,937.9199829101562,2289.855712890625,71.0,15.0,0.0,5900.0,254.5,267.29998779296875,271.3999938964844,275.5,279.6000061035156,5545.04248046875,2969.314453125,1435.2861328125,757.427978515625,129.96681213378906,273.04998779296875,95.0999984741211,95.0,175.67999267578125,1165.1199951171875,9.999999747378752e-05,0.1875,917.9011840820312,82.0,100.0,0.0,77.0,9400.0,253.02536010742188,267.11102294921875,273.0224609375,275.5408935546875,279.2894287109375,5530.39501953125,2971.040771484375,1430.6494140625,750.5802001953125,109.48886108398438,274.29541015625,91.88587188720703,96.31193542480469,205.60670471191406,1310.0,0.0,6.375,5544.2890625,2978.1015625,1439.827392578125,758.662841796875,124.7861328125,253.36276245117188,265.8302917480469,273.2408142089844,276.0737609863281,279.6690979003906,91.93241882324219,88.5478286743164,86.48906707763672,93.44401550292969,,,,272.4913330078125,,101520.625,94204.375,,13.34005069732666,88.0,0.0,7620.0,0.0,0.0,0.0,89.0,92.0,99.0,99.0,99.0,84.0,89.0,92.0,93.0,0.0,129.0,269.2200012207031,268.25,93.0,4.0,14.399999618530273,16.0
2023-12-09T03:52,2023-12-09T04:00,24,train,0,2023,12,3,22,2023-12-08T06:00,22,2023-12-08T06:00,22,2023-12-08T06:00,25,2023-12-08T03:00,21,2023-12-08T06:00,24,2023-12-08T04:00,-999.0,0.0,0.0,0.0,100.0,9151.49609375,378.9811706542969,nan,32900.0,10327.8486328125,6.17262601852417,254.5127716064453,268.6214294433594,272.33428955078125,273.21502685546875,276.4654235839844,5606.6240234375,3027.095703125,1484.9647216796875,168.99771118164062,269.81048583984375,71.19999694824219,138.9001922607422,795.0399780273438,21700.0,0.0,0.0,19999.87890625,5.0,4.099999904632568,100.0,26.700000762939453,24135.23046875,0.0,0.0,254.666015625,268.8608703613281,273.6004333496094,268.22808837890625,270.1405944824219,5614.84521484375,3033.13671875,1484.849609375,810.8228149414062,197.8769989013672,265.74090576171875,93.9000015258789,83.19999694824219,12.606466293334961,0.0,19999.9453125,22.0,17.0,5.0,24100.0,254.60000610351562,268.70001220703125,273.29998779296875,274.79998779296875,278.8999938964844,5607.9921875,3029.086669921875,1481.00146484375,804.580078125,188.33412170410156,271.1700134277344,49.400001525878906,42.0,139.44000244140625,876.1599731445312,0.0,0.0,4706.1083984375,53.0,0.0,100.0,37.0,11100.0,254.29432678222656,269.1868896484375,271.04302978515625,271.742431640625,274.3908386230469,5606.62109375,3028.025634765625,1484.388427734375,811.7034912109375,175.77432250976562,267.950439453125,69.64697265625,90.62144470214844,119.45638275146484,50.0,0.0,0.0,5610.3984375,3032.817138671875,1489.030029296875,816.37060546875,195.067626953125,254.2197723388672,268.53204345703125,272.0933532714844,271.2245788574219,274.3388977050781,49.12467956542969,41.174354553222656,62.864715576171875,83.62946319580078,,,,264.09295654296875,,102416.3125,94922.6875,,7.375290870666504,57.0,0.0,7620.0,32.0,32.0,201.0,24.0,24.0,24.0,28.0,33.0,49.0,49.0,49.0,49.0,0.0,115.0,265.5,259.70001220703125,63.0,1.0,13.199999809265137,14.0
2023-12-09T03:52,2023-12-09T04:00,48,train,0,2023,12,3,46,2023-12-07T06:00,46,2023-12-07T06:00,46,2023-12-07T06:00,49,2023-12-07T03:00,45,2023-12-07T06:00,36,2023-12-07T16:00,-999.0,0.0,0.0,4.0,65.0,nan,701.5103149414062,nan,31000.0,nan,4.692845344543457,254.35162353515625,267.68212890625,271.95458984375,272.69970703125,276.02374267578125,5597.369140625,3022.90380859375,1485.78955078125,173.12637329101562,269.05810546875,50.79999923706055,91.32135772705078,674.5599975585938,38000.0,0.0,0.009999999776482582,19999.904296875,5.0,0.0,100.0,15.100000381469727,24135.03125,0.0,0.0,255.23704528808594,269.0093994140625,274.067626953125,268.1002502441406,270.2886047363281,5617.50390625,3032.13623046875,1483.87060546875,809.4197998046875,196.16778564453125,265.9100341796875,94.0999984741211,83.5,11.946046829223633,0.0,19999.83984375,31.0,6.0,0.0,24100.0,254.5,268.6000061035156,274.3999938964844,276.29998779296875,280.5,5598.009765625,3021.0859375,1472.820068359375,793.0753173828125,177.3416290283203,272.5199890136719,33.0,28.0,68.95999908447266,1084.0,0.0,0.0,nan,25.0,51.0,28.0,25.0,13611.193359375,254.84384155273438,267.8742370605469,271.0038757324219,271.07452392578125,273.9270324707031,5596.5400390625,3020.288818359375,1483.920654296875,812.3784790039062,178.55911254882812,267.34075927734375,65.54421997070312,84.39802551269531,85.19221496582031,10.0,0.0,0.0625,5602.2890625,3025.071044921875,1483.97998046875,811.8845825195312,191.168212890625,254.04124450683594,268.51531982421875,271.68194580078125,270.8750915527344,274.16571044921875,47.50441360473633,38.817718505859375,60.26795196533203,81.2214126586914,,,,263.5234069824219,,102375.1875,94863.9375,,7.4247894287109375,63.0,0.0,7620.0,31.0,32.0,201.0,33.0,33.0,34.0,42.0,44.0,49.0,49.0,49.0,50.0,0.0,104.0,265.8999938964844,259.9700012207031,64.0,2.0,12.399999618530273,13.199999809265137
2023-12-16T22:52,2023-12-16T23:00,24,train,0,2023,12,22,23,2023-12-16T00:00,23,2023-12-16T00:00,23,2023-12-16T00:00,26,2023-12-15T21:00,24,2023-12-16T00:00,24,2023-12-15T23:00,-999.0,0.0,0.0,100.0,100.0,8265.8720703125,1419.865966796875,nan,86800.0,10855.205078125,5.325016975402832,251.8545684814453,266.85888671875,273.2103576660156,271.8206787109375,275.675048828125,5672.18798828125,3122.12353515625,1580.2269287109375,270.57098388671875,267.8155212402344,71.0,95.376953125,489.6000061035156,22200.0,0.0,0.009999999776482582,19999.91796875,11.100000381469727,94.5999984741211,95.80000305175781,5.199999809265137,20218.712890625,0.0,0.0,251.90185546875,267.1562805175781,273.9864501953125,271.73516845703125,272.9003601074219,5680.498046875,3130.26220703125,1589.005859375,913.0736694335938,292.8512268066406,269.3334655761719,95.19999694824219,78.0,30.81272315979004,189.27999877929688,19999.8515625,7.0,12.0,12.0,24100.0,252.1999969482422,267.0,275.29998779296875,277.5,281.6000061035156,5682.84814453125,3130.02685546875,1587.1632080078125,904.1669921875,285.2362976074219,272.6400146484375,25.399999618530273,8.0,70.0,1103.3599853515625,0.0,0.0,8300.232421875,2.0,52.0,100.0,2.0,17800.0,251.95152282714844,266.97186279296875,274.1123046875,271.89794921875,274.0667724609375,5677.4228515625,3126.4482421875,1585.2381591796875,908.6689453125,278.75396728515625,268.39239501953125,72.0,61.64665603637695,140.18035888671875,100.0,0.0,0.0,5678.1640625,3130.053466796875,1589.875732421875,911.63818359375,288.8271484375,252.00234985351562,265.9671630859375,275.233154296875,271.5075988769531,274.90380859375,5.661120414733887,7.981019973754883,70.11023712158203,77.79711151123047,,,,269.010986328125,,103602.25,96035.71875,,3.6926965713500977,57.0,92.0,8372.0,32.0,32.0,201.0,16.0,16.0,16.0,17.0,19.0,54.0,54.0,54.0,54.0,0.0,114.0,267.010009765625,257.53997802734375,46.0,0.0,9.199999809265137,10.0
2023-12-16T22:52,2023-12-16T23:00,48,train,0,2023,12,22,47,2023-12-15T00:00,47,2023-12-15T00:00,47,2023-12-15T00:00,50,2023-12-14T21:00,48,2023-12-15T00:00,36,2023-12-15T11:00,-999.0,0.0,2.0,100.0,100.0,9830.0732421875,1342.6783447265625,nan,87500.0,10624.9033203125,3.1968653202056885,251.18064880371094,266.12164306640625,272.7837829589844,270.7167663574219,274.6197509765625,5648.431640625,3108.5341796875,1570.6123046875,265.6854248046875,266.23651123046875,74.0999984741211,72.44747161865234,244.8000030517578,16100.0,0.0,0.029999999329447746,20000.068359375,9.699999809265137,52.599998474121094,100.0,6.300000190734863,24134.685546875,0.0,0.0,252.3529052734375,266.1656494140625,273.8821105957031,271.4090881347656,272.9622802734375,5674.63525390625,3122.603759765625,1583.8438720703125,908.6975708007812,288.4613952636719,269.3226623535156,94.80000305175781,86.5999984741211,29.506696701049805,188.32000732421875,20000.0,7.0,30.0,44.0,24100.0,249.5,266.29998779296875,275.5,275.20001220703125,279.29998779296875,5655.41748046875,3120.969970703125,1578.8170166015625,899.8133544921875,284.22052001953125,269.1099853515625,43.5,12.0,34.400001525878906,560.1599731445312,0.0,0.0,nan,0.0,12.0,22.0,0.0,29000.0,250.7849884033203,265.8436279296875,272.8090515136719,269.70233154296875,272.1441955566406,5652.0283203125,3116.91650390625,1581.499755859375,910.1008911132812,284.794189453125,265.7164306640625,54.0,46.44578552246094,43.41659927368164,0.0,0.0,0.1875,5678.26953125,3130.31787109375,1590.349365234375,912.553955078125,290.33984375,251.8180389404297,266.290771484375,274.81561279296875,271.3032531738281,274.6244201660156,2.9919557571411133,6.710683822631836,66.35071563720703,77.84756469726562,,,,268.741455078125,,103628.375,96044.046875,,3.8672733306884766,57.0,0.0,7620.0,32.0,32.0,201.0,17.0,18.0,21.0,23.0,23.0,49.0,49.0,49.0,50.0,0.0,100.0,265.8899841308594,256.44000244140625,46.0,0.0,8.800000190734863,9.600000381469727
2023-12-23T17:52,2023-12-23T18:00,48,train,0,2023,12,17,48,2023-12-21T18:00,48,2023-12-21T18:00,48,2023-12-21T18:00,45,2023-12-21T21:00,48,2023-12-21T18:00,48,2023-12-21T18:00,-999.0,0.0,3.0,55.0,89.0,nan,1342.1708984375,49200.0,87100.0,nan,7.117836952209473,247.96218872070312,264.1173095703125,270.3121337890625,272.67138671875,276.2560119628906,5579.267578125,3053.41064453125,1530.66259765625,224.61207580566406,271.50616455078125,84.0,314.5625915527344,1051.52001953125,16900.0,0.0,0.0,17068.654296875,5.0,100.0,97.19999694824219,0.20000000298023224,24134.95703125,0.0,0.0,250.5922088623047,265.8782958984375,271.8818664550781,272.82550048828125,277.2232666015625,5608.79638671875,3059.837646484375,1528.927001953125,855.2272338867188,227.0242919921875,273.8228759765625,19.799999237060547,18.899999618530273,244.359130859375,822.8800048828125,20000.115234375,7.0,29.0,0.0,24100.0,250.3000030517578,265.70001220703125,273.79998779296875,274.70001220703125,278.79998779296875,5611.0673828125,3064.056884765625,1527.7880859375,851.546630859375,232.192626953125,272.9200134277344,27.200000762939453,22.0,177.1199951171875,1146.239990234375,0.0,0.0,5769.8583984375,3.0,94.0,100.0,2.0,21300.0,249.08963012695312,265.1324462890625,270.31488037109375,271.53204345703125,274.87384033203125,5592.22900390625,3056.520263671875,1531.9935302734375,860.2796630859375,230.87208557128906,272.652587890625,75.7730484008789,74.47418975830078,403.95294189453125,670.0,0.0,0.0,5602.84765625,3064.397216796875,1533.970947265625,861.4285888671875,234.482177734375,249.86163330078125,264.6597900390625,271.756103515625,272.2044982910156,276.9071350097656,65.70549774169922,35.217559814453125,15.210108757019043,13.315385818481445,,,,276.855712890625,,102864.0625,95421.0625,,6.775296688079834,75.0,,,664.0,664.0,9856.0,33.0,44.0,,55.0,,58.0,,58.0,58.0,0.0,327.0,265.97998046875,253.1899871826172,34.0,1.0,12.0,12.899999618530273
2023-12-23T17:52,2023-12-23T18:00,1,train,0,2023,12,17,1,2023-12-23T17:00,6,2023-12-23T12:00,6,2023-12-23T12:00,1,2023-12-23T17:00,0,2023-12-23T18:00,1,2023-12-23T17:00,-999.0,0.0,0.0,0.0,0.0,nan,nan,nan,nan,nan,2.979583501815796,249.0921630859375,264.8388366699219,272.4414367675781,272.9667663574219,275.9613037109375,5602.7412109375,3067.948486328125,1537.394775390625,229.89852905273438,272.38226318359375,48.099998474121094,164.0791778564453,1188.47998046875,41600.0,0.0,0.0,20000.0,34.400001525878906,19.299999237060547,15.5,0.0,24135.09375,0.0,0.0,249.28009033203125,264.653564453125,272.7164306640625,271.8921813964844,276.38690185546875,5596.43603515625,3063.113037109375,1533.3321533203125,861.134033203125,234.84027099609375,273.180419921875,21.100000381469727,20.399999618530273,311.4350891113281,757.9199829101562,19999.94140625,0.0,6.0,1.0,24100.0,249.5,265.0,273.8999938964844,274.3999938964844,278.5,5599.662109375,3064.05029296875,1529.8507080078125,854.086669921875,236.61859130859375,272.5400085449219,13.800000190734863,13.0,140.0,1087.52001953125,0.0,0.0,nan,0.0,22.0,8.0,0.0,48500.0,249.22218322753906,264.4957275390625,272.1336975097656,270.83837890625,273.8473205566406,5588.10986328125,3056.64306640625,1526.896240234375,854.5626220703125,227.17575073242188,271.72906494140625,42.2623291015625,25.334762573242188,223.5801239013672,540.0,0.0,0.0,5599.12890625,3068.570068359375,1539.67041015625,865.5513305664062,243.943359375,249.20315551757812,264.4185791015625,272.7283630371094,270.6358947753906,274.2878723144531,97.17696380615234,22.211605072021484,26.467159271240234,30.12486457824707,,,,274.718017578125,,102995.0625,95498.4921875,,7.913846492767334,46.0,0.0,7620.0,88888.0,1944.0,16274.0,12.0,13.0,16.0,21.0,38.0,6.0,6.0,7.0,7.0,0.0,205.0,267.8999938964844,251.72000122070312,27.0,1.0,10.800000190734863,12.0
2023-12-23T17:52,2023-12-23T18:00,24,train,0,2023,12,17,24,2023-12-22T18:00,24,2023-12-22T18:00,24,2023-12-22T18:00,21,2023-12-22T21:00,24,2023-12-22T18:00,24,2023-12-22T18:00,-999.0,0.0,0.0,100.0,100.0,6343.95654296875,4110.00927734375,45800.0,61100.0,10566.3310546875,4.567691326141357,248.66427612304688,264.64385986328125,270.77105712890625,271.6412658691406,275.1605224609375,5591.57275390625,3060.242919921875,1534.0211181640625,230.94947814941406,271.375,42.70000076293945,237.4874267578125,1038.0799560546875,47300.0,0.0,0.0,20000.0078125,10.800000190734863,61.099998474121094,79.0999984741211,0.0,24134.826171875,0.0,0.0,249.28053283691406,265.1216735839844,272.3595886230469,272.4857177734375,276.9227294921875,5597.6103515625,3059.75244140625,1529.9359130859375,857.1116333007812,229.60711669921875,273.6827087402344,18.899999618530273,18.100000381469727,286.3202819824219,800.1599731445312,20000.169921875,8.0,30.0,29.0,24100.0,249.3000030517578,264.79998779296875,273.5,275.5,279.6000061035156,5603.47119140625,3065.595703125,1531.83447265625,853.9083251953125,235.03489685058594,273.9100036621094,30.399999618530273,28.0,215.67999267578125,1229.9200439453125,0.0,0.0,7824.3310546875,69.0,100.0,100.0,0.0,39200.0,247.9803466796875,264.00201416015625,270.5712890625,270.8465576171875,274.012939453125,5591.84912109375,3060.879638671875,1536.3134765625,865.5897216796875,238.66604614257812,271.7505798339844,51.42833709716797,42.5013427734375,309.5147399902344,540.0,0.0,0.0,5599.2265625,3065.973876953125,1537.503662109375,864.9984741210938,240.432861328125,249.72804260253906,264.01837158203125,272.2598876953125,271.27880859375,275.83770751953125,95.59253692626953,19.602323532104492,21.76552391052246,19.051342010498047,,,,275.83013916015625,,102948.5,95472.2734375,,7.6185760498046875,57.0,0.0,7620.0,32.0,32.0,201.0,19.0,21.0,23.0,26.0,36.0,37.0,37.0,37.0,37.0,0.0,253.0,267.0099792480469,253.2100067138672,33.0,2.0,11.199999809265137,12.0
2023-12-30T18:48,2023-12-30T19:00,1,train,0,2023,12,18,1,2023-12-30T18:00,1,2023-12-30T18:00,1,2023-12-30T18:00,1,2023-12-30T18:00,0,2023-12-30T18:00,1,2023-12-30T18:00,-999.0,0.0,100.0,47.0,0.0,nan,1341.7626953125,77100.0,84500.0,nan,8.117711067199707,245.68487548828125,262.0400390625,267.48388671875,271.20635986328125,275.3182373046875,5301.8935546875,2799.371337890625,1292.3497314453125,-8.554191589355469,266.7476806640625,95.0999984741211,309.31085205078125,325.9200134277344,10500.0,0.0,0.3330000042915344,785.0313720703125,100.0,100.0,0.0,100.0,735.27587890625,4.5600001612911e-05,0.125,245.2676239013672,261.6560363769531,267.0862731933594,272.8227844238281,276.9116516113281,5293.98291015625,2791.91845703125,1286.8419189453125,617.30810546875,-11.175125122070312,272.0481872558594,86.5,86.0999984741211,637.2442626953125,608.0,19999.82421875,48.0,2.0,0.0,23400.0,245.3000030517578,261.79998779296875,267.0,271.6000061035156,275.6000061035156,5296.0517578125,2794.453369140625,1283.8843994140625,616.291259765625,-12.179953575134277,268.9800109863281,82.19999694824219,88.0,360.7200012207031,540.3200073242188,0.0,0.4375,835.251220703125,100.0,53.0,0.0,100.0,3600.0,244.265869140625,260.7779541015625,266.2960205078125,270.2289733886719,274.5020751953125,5294.95361328125,2801.248291015625,1298.6080322265625,634.37548828125,5.221813201904297,269.4309387207031,96.05481719970703,93.12413024902344,484.7740783691406,180.0,2.9999999242136255e-05,0.25,5300.05078125,2794.44921875,1287.3828125,619.7196044921875,-5.688232421875,245.3963165283203,261.94500732421875,267.30377197265625,271.90313720703125,275.9284973144531,101.95824432373047,96.52827453613281,89.13822174072266,89.16813659667969,,,,272.1263427734375,,99953.625,92612.234375,,9.376395225524902,92.0,0.0,7620.0,0.0,0.0,209.0,84.0,96.0,98.0,98.0,98.0,92.0,99.0,99.0,99.0,1.0,450.0,264.47998046875,263.40997314453125,92.0,25.0,18.0,19.600000381469727
2023-12-30T18:48,2023-12-30T19:00,24,train,0,2023,12,18,25,2023-12-29T18:00,25,2023-12-29T18:00,25,2023-12-29T18:00,22,2023-12-29T21:00,24,2023-12-29T18:00,24,2023-12-29T19:00,-999.0,0.0,4.0,73.0,0.0,nan,1341.533447265625,nan,84500.0,nan,9.3689603805542,245.98666381835938,263.10406494140625,266.71417236328125,270.28118896484375,274.3838195800781,5312.6552734375,2802.65478515625,1294.45947265625,-6.048728942871094,266.3804016113281,87.30000305175781,287.8252258300781,263.760009765625,15600.0,0.0,2.4100000858306885,918.27880859375,81.0,80.80000305175781,0.0,87.0999984741211,4959.412109375,2.080000012938399e-05,0.0625,245.51406860351562,262.7476806640625,267.4823303222656,273.2171630859375,277.3138427734375,5308.83544921875,2798.96142578125,1288.330810546875,617.8772583007812,-11.536906242370605,272.4510803222656,85.0999984741211,84.4000015258789,598.705322265625,670.0800170898438,3152.345703125,71.0,70.0,0.0,7600.0,246.5,264.29998779296875,266.79998779296875,271.29998779296875,275.3999938964844,5323.8896484375,2805.82470703125,1285.2725830078125,618.232421875,-9.599859237670898,268.75,84.80000305175781,91.0,242.72000122070312,503.67999267578125,0.0,0.4375,825.019287109375,100.0,84.0,0.0,100.0,3302.078857421875,245.951416015625,263.000732421875,266.3587341308594,270.0608215332031,274.3527526855469,5315.7119140625,2807.7998046875,1295.333740234375,631.2889404296875,-1.1390609741210938,269.0507507324219,96.0093002319336,94.1219482421875,440.561279296875,130.0,0.0,3.6875,5307.640625,2798.656494140625,1287.763671875,619.5790405273438,-5.652587890625,245.65142822265625,262.788330078125,267.90203857421875,271.8531188964844,275.88104248046875,87.13800048828125,92.7015609741211,90.19235229492188,87.90666198730469,,,,272.5133056640625,,99950.4375,92610.921875,,8.876626014709473,87.0,0.0,7620.0,0.0,0.0,0.0,91.0,91.0,92.0,97.0,100.0,92.0,96.0,99.0,100.0,2.0,457.0,264.95001220703125,263.7699890136719,90.0,19.0,20.0,21.600000381469727
2023-12-30T18:48,2023-12-30T19:00,48,train,0,2023,12,18,43,2023-12-29T00:00,49,2023-12-28T18:00,49,2023-12-28T18:00,46,2023-12-28T21:00,48,2023-12-28T18:00,36,2023-12-29T07:00,-999.0,0.0,77.0,100.0,0.0,nan,1341.8704833984375,nan,84500.0,nan,8.04533863067627,246.27102661132812,261.739501953125,268.33056640625,272.4481201171875,276.6425476074219,5308.8955078125,2805.788818359375,1296.17724609375,-7.075099945068359,268.375244140625,92.69999694824219,298.4508361816406,576.1599731445312,13500.0,0.0,12.100000381469727,896.3325805664062,79.4000015258789,27.100000381469727,0.0,98.80000305175781,3536.71630859375,2.5600000299164094e-05,0.0625,245.29876708984375,263.031494140625,268.6143798828125,274.1131591796875,278.2247619628906,5314.59814453125,2811.5244140625,1297.3680419921875,624.4297485351562,-7.202406406402588,273.39471435546875,88.69999694824219,88.80000305175781,484.2839660644531,782.8800048828125,20000.037109375,35.0,1.0,0.0,0.0,248.5,262.79998779296875,264.8999938964844,269.3999938964844,273.3999938964844,5320.04736328125,2808.832763671875,1294.50146484375,632.2540283203125,4.853328227996826,266.82000732421875,95.9000015258789,100.0,279.44000244140625,207.36000061035156,9.999999747378752e-05,0.5,835.792236328125,100.0,100.0,0.0,100.0,3300.0,245.83509826660156,261.5400695800781,267.4031982421875,272.00555419921875,276.3345947265625,5301.609375,2803.62353515625,1295.3341064453125,627.2916870117188,-4.204784393310547,271.2506103515625,98.0,93.52586364746094,498.6306457519531,470.0,9.999999747378752e-06,11.1875,5311.890625,2802.763671875,1288.8271484375,620.7958984375,-4.867431640625,246.2990264892578,262.95709228515625,267.88623046875,271.95172119140625,275.9844055175781,92.75789642333984,89.53883361816406,90.1439437866211,87.74087524414062,,,,272.4898681640625,,99960.875,92616.4375,,9.276283264160156,92.0,0.0,7620.0,0.0,0.0,0.0,95.0,97.0,100.0,100.0,100.0,83.0,83.0,86.0,92.0,2.0,457.0,265.92999267578125,263.9700012207031,88.0,14.0,18.799999237060547,20.399999618530273
2024-01-05T13:49,2024-01-05T14:00,1,train,1,2024,1,13,1,2024-01-05T13:00,2,2024-01-05T12:00,2,2024-01-05T12:00,1,2024-01-05T13:00,3,2024-01-05T12:00,1,2024-01-05T13:00,-999.0,0.0,0.0,0.0,0.0,nan,1340.08447265625,nan,85700.0,nan,12.158150672912598,246.61024475097656,259.64166259765625,259.8438720703125,259.656982421875,263.53118896484375,5381.5791015625,2886.166015625,1404.466796875,144.10523986816406,257.5213623046875,62.099998474121094,290.7123718261719,0.0,29500.0,0.0,0.0,19999.923828125,72.4000015258789,0.8999999761581421,0.8999999761581421,100.0,24122.21484375,0.0,0.0,247.5375518798828,260.9184265136719,256.6769714355469,258.9446716308594,262.9184265136719,5387.921875,2880.934326171875,1405.2625732421875,770.099609375,174.2030029296875,259.3265075683594,75.80000305175781,77.5999984741211,463.7454528808594,0.0,20000.12890625,17.0,0.0,0.0,0.0,246.60000610351562,262.5,256.5,255.3000030517578,259.1000061035156,5385.67822265625,2878.96044921875,1388.4697265625,759.2679443359375,159.54600524902344,253.47000122070312,95.80000305175781,100.0,197.60000610351562,0.0,0.00019999999494757503,0.375,792.6165161132812,84.0,0.0,0.0,84.0,5400.0,246.39959716796875,260.1453857421875,259.5718994140625,257.66082763671875,261.697265625,5387.51416015625,2890.440673828125,1408.49072265625,769.1046142578125,158.5266876220703,257.4285888671875,85.44041442871094,82.7671127319336,341.71502685546875,0.0,0.0,0.0,5389.26953125,2891.427490234375,1406.10888671875,769.109375,174.21240234375,247.1001434326172,260.97802734375,258.77496337890625,258.18060302734375,262.5111083984375,23.829116821289062,58.328460693359375,81.75784301757812,65.526611328125,,,,260.72015380859375,,102305.3125,94461.875,,3.2247772216796875,42.0,0.0,7620.0,88888.0,2008.0,16274.0,9.0,11.0,11.0,12.0,15.0,7.0,7.0,8.0,12.0,0.0,182.0,254.1899871826172,249.4199981689453,66.0,1.0,35.20000076293945,38.0
2024-01-11T01:54,2024-01-11T02:00,1,train,0,2024,1,1,1,2024-01-11T01:00,2,2024-01-11T00:00,2,2024-01-11T00:00,1,2024-01-11T01:00,3,2024-01-11T00:00,1,2024-01-11T01:00,-999.0,100.0,100.0,0.0,0.0,1342.0357666015625,1341.970458984375,81400.0,83800.0,1706.41015625,14.71850299835205,249.37490844726562,264.3827819824219,268.5205078125,273.8095397949219,277.9823913574219,5288.84326171875,2757.85107421875,1246.34326171875,-61.81146240234375,267.5785827636719,94.69999694824219,357.4721984863281,451.9200134277344,100.0,0.0,0.03999999910593033,1158.10693359375,93.4000015258789,0.0,0.0,99.80000305175781,10054.4970703125,3.999999989900971e-06,0.0625,250.44944763183594,263.854248046875,267.3852233886719,271.5962219238281,275.6630554199219,5285.158203125,2753.876953125,1249.523193359375,580.5924072265625,-44.92373275756836,270.012939453125,87.19999694824219,85.19999694824219,458.0307922363281,295.20001220703125,20000.1015625,24.0,0.0,0.0,0.0,250.10000610351562,265.1000061035156,267.70001220703125,272.0,276.1000061035156,5299.56689453125,2762.884521484375,1247.7376708984375,578.6807861328125,-49.879547119140625,269.1099853515625,99.80000305175781,100.0,597.9199829101562,559.6799926757812,0.0015999999595806003,5.75,1186.925048828125,100.0,0.0,0.0,100.0,16100.0,248.94984436035156,263.68359375,267.9134826660156,273.68927001953125,277.8524169921875,5283.603515625,2756.537353515625,1249.5673828125,578.0399169921875,-56.39344787597656,271.6868591308594,84.5706558227539,80.23178100585938,755.3052978515625,540.0,0.0,0.0,5308.1484375,2763.92138671875,1251.95361328125,582.517822265625,-44.87646484375,250.0729522705078,266.154052734375,267.07305908203125,272.8489990234375,276.97216796875,21.089435577392578,98.36322784423828,78.0468978881836,77.52536010742188,,,,272.48272705078125,,99413.125,92131.484375,,5.728602886199951,93.0,0.0,7620.0,0.0,0.0,256.0,73.0,92.0,92.0,92.0,92.0,74.0,74.0,74.0,76.0,2.0,234.0,264.6000061035156,262.44000244140625,86.0,3.0,47.599998474121094,51.20000076293945
2024-01-05T13:49,2024-01-05T14:00,24,train,1,2024,1,13,26,2024-01-04T12:00,26,2024-01-04T12:00,26,2024-01-04T12:00,23,2024-01-04T15:00,21,2024-01-04T18:00,24,2024-01-04T14:00,-999.0,0.0,0.0,82.0,70.0,nan,6193.85107421875,nan,44600.0,nan,12.139856338500977,245.19834899902344,259.3995666503906,260.7973937988281,260.7564392089844,264.60858154296875,5383.19287109375,2894.748291015625,1410.9071044921875,148.65499877929688,259.5803527832031,54.900001525878906,295.295654296875,0.0,34900.0,0.0,2.2300000190734863,20000.1484375,79.5999984741211,0.0,0.8999999761581421,100.0,20178.806640625,8.000000093488779e-07,0.0,247.30596923828125,261.5504150390625,256.9210510253906,260.08258056640625,264.0574951171875,5394.15576171875,2883.57373046875,1404.1644287109375,766.797119140625,168.295654296875,260.402587890625,76.9000015258789,78.0,511.79681396484375,0.0,20000.11328125,22.0,1.0,0.0,0.0,246.1999969482422,262.0,260.79998779296875,257.29998779296875,261.1000061035156,5400.85595703125,2897.1962890625,1396.1322021484375,761.0838012695312,157.6736297607422,254.89999389648438,96.80000305175781,100.0,313.9200134277344,0.0,0.0,0.125,nan,100.0,5.0,0.0,100.0,6800.0,245.17913818359375,259.39117431640625,261.4817810058594,257.76397705078125,261.8453063964844,5388.46484375,2905.010009765625,1417.754638671875,777.0045166015625,167.63543701171875,257.408447265625,85.81759643554688,91.36128234863281,308.1349182128906,0.0,0.0,0.75,5386.25,2893.65869140625,1405.794189453125,767.31884765625,172.3955078125,246.0434112548828,260.1323547363281,259.5374755859375,258.3472900390625,262.62994384765625,39.34773254394531,52.65210723876953,79.39619445800781,63.81200408935547,,,,260.77252197265625,,102288.6875,94443.0625,,3.4156665802001953,57.0,0.0,7620.0,32.0,32.0,201.0,33.0,34.0,36.0,36.0,41.0,46.0,46.0,47.0,53.0,0.0,248.0,255.4499969482422,249.83999633789062,61.0,1.0,35.599998474121094,38.400001525878906
2024-01-05T13:49,2024-01-05T14:00,48,train,1,2024,1,13,44,2024-01-03T18:00,50,2024-01-03T12:00,50,2024-01-03T12:00,47,2024-01-03T15:00,45,2024-01-03T18:00,36,2024-01-04T02:00,-999.0,0.0,0.0,24.0,100.0,nan,4865.3828125,nan,53800.0,nan,12.158880233764648,244.04266357421875,258.7590637207031,261.209228515625,261.0648193359375,264.83526611328125,5383.1220703125,2904.421630859375,1422.2430419921875,160.57620239257812,260.04400634765625,56.70000076293945,291.3347473144531,0.0,33500.0,0.0,3.1700000762939453,20000.1171875,37.20000076293945,0.0,4.400000095367432,77.19999694824219,24134.8046875,4.0000000467443897e-07,0.0,247.2969970703125,261.4097595214844,258.7337341308594,261.1255798339844,265.12322998046875,5409.7314453125,2898.75634765625,1416.4169921875,775.4305419921875,174.45419311523438,261.5251159667969,75.30000305175781,76.80000305175781,424.4825744628906,0.0,20000.1015625,20.0,1.0,0.0,24100.0,245.60000610351562,261.0,261.70001220703125,257.79998779296875,261.70001220703125,5401.17333984375,2906.5400390625,1409.5115966796875,772.8490600585938,170.7474822998047,255.77999877929688,89.9000015258789,95.0,238.0800018310547,0.0,0.0,0.125,nan,100.0,53.0,87.0,100.0,6812.5361328125,244.0695037841797,258.6983337402344,260.954345703125,257.1417236328125,261.1900634765625,5379.9150390625,2900.564208984375,1419.048583984375,779.1741333007812,171.42581176757812,256.6689147949219,85.43736267089844,90.64393615722656,296.70599365234375,0.0,0.0,2.625,5397.41015625,2901.573486328125,1410.574462890625,770.325927734375,174.71630859375,246.4071807861328,260.66015625,260.7218933105469,258.59356689453125,262.927490234375,49.93410873413086,47.98653030395508,80.49615478515625,64.38507843017578,,,,261.1910400390625,,102313.5,94469.109375,,4.058309555053711,57.0,0.0,7620.0,32.0,32.0,201.0,31.0,32.0,33.0,34.0,38.0,51.0,51.0,53.0,62.0,0.0,342.0,255.6199951171875,249.87997436523438,61.0,2.0,35.599998474121094,41.599998474121094
2024-01-11T01:54,2024-01-11T02:00,24,train,0,2024,1,1,26,2024-01-10T00:00,26,2024-01-10T00:00,26,2024-01-10T00:00,23,2024-01-10T03:00,21,2024-01-10T06:00,24,2024-01-10T02:00,-999.0,100.0,100.0,0.0,0.0,1341.7857666015625,1341.6961669921875,81200.0,83500.0,1704.2694091796875,15.286262512207031,250.7705078125,263.60693359375,267.1597900390625,272.0593566894531,276.11602783203125,5279.16845703125,2734.34423828125,1229.24365234375,-73.5860595703125,265.8961181640625,93.80000305175781,329.32843017578125,189.83999633789062,100.0,0.0,118.94999694824219,1052.5455322265625,86.19999694824219,0.0,0.0,100.0,4668.3251953125,5.599999894911889e-06,0.0625,249.55389404296875,265.63140869140625,267.2673645019531,271.5205078125,275.58404541015625,5283.27978515625,2744.13525390625,1233.9417724609375,565.4539794921875,-59.92403030395508,269.8636474609375,90.5999984741211,88.5999984741211,183.8735809326172,271.8399963378906,20000.052734375,43.0,0.0,0.0,0.0,251.6999969482422,268.70001220703125,267.1000061035156,271.20001220703125,275.29998779296875,5302.17626953125,2742.52685546875,1217.2801513671875,550.1902465820312,-75.99491882324219,268.1600036621094,100.0,100.0,444.0,413.760009765625,0.0027000000700354576,5.625,1020.3207397460938,100.0,0.0,0.0,100.0,14202.564453125,249.260986328125,262.2393798828125,267.28173828125,272.6611328125,276.66253662109375,5262.1083984375,2736.119873046875,1232.9898681640625,563.809326171875,-67.80879211425781,270.6984558105469,89.0,86.83892822265625,602.3230590820312,390.0,9.999999747378752e-06,74.125,5290.6953125,2756.94921875,1243.179931640625,574.396240234375,-52.63037109375,248.0469970703125,265.214111328125,266.9862060546875,272.60723876953125,276.702392578125,21.176380157470703,97.44635009765625,78.7064208984375,79.96446990966797,,,,272.1894836425781,,99321.6875,92051.609375,,5.435000896453857,85.0,0.0,7620.0,0.0,0.0,201.0,81.0,81.0,81.0,84.0,84.0,66.0,66.0,66.0,70.0,2.0,252.0,265.58001708984375,263.46002197265625,86.0,4.0,41.20000076293945,44.79999923706055
2024-01-11T01:54,2024-01-11T02:00,48,train,0,2024,1,1,44,2024-01-09T06:00,50,2024-01-09T00:00,50,2024-01-09T00:00,47,2024-01-09T03:00,45,2024-01-09T06:00,36,2024-01-09T14:00,-999.0,10.0,65.0,0.0,0.0,nan,1342.1099853515625,nan,83900.0,nan,11.106557846069336,250.04458618164062,261.9722595214844,269.3226318359375,273.80364990234375,277.86724853515625,5280.548828125,2755.427490234375,1248.271484375,-57.1826171875,267.72430419921875,88.9000015258789,421.61041259765625,475.1199951171875,12200.0,0.0,107.44000244140625,15799.0634765625,15.600000381469727,0.0,0.0,92.0,24134.703125,0.0,0.0,247.82054138183594,262.2813720703125,268.3955078125,272.6263122558594,276.7037353515625,5273.88720703125,2751.474609375,1241.71728515625,570.5071411132812,-57.517967224121094,271.1039733886719,91.0999984741211,89.0,255.6067657470703,462.7200012207031,19999.80078125,46.0,0.0,0.0,0.0,248.3000030517578,262.8999938964844,267.6000061035156,272.0,276.0,5261.642578125,2740.052001953125,1238.5103759765625,569.6568603515625,-56.62943649291992,268.2900085449219,98.69999694824219,100.0,801.4400024414062,432.9599914550781,0.0019000000320374966,5.3125,1002.4703979492188,100.0,0.0,0.0,100.0,13600.0,249.9708251953125,259.544677734375,268.60791015625,273.2458190917969,277.2670593261719,5257.27783203125,2742.0185546875,1243.2891845703125,571.6165771484375,-56.21998596191406,271.28509521484375,88.96721649169922,89.22758483886719,573.7804565429688,470.0,0.0,83.75,5287.8984375,2757.4892578125,1241.3876953125,570.1708984375,-57.4970703125,248.41110229492188,264.6986083984375,268.3476257324219,272.9076843261719,277.0679931640625,29.884376525878906,95.724853515625,85.56031036376953,87.66938781738281,,,,272.4195556640625,,99257.5625,91994.234375,,5.824995517730713,57.0,0.0,7620.0,32.0,32.0,201.0,52.0,54.0,58.0,60.0,62.0,60.0,60.0,60.0,63.0,5.0,316.0,266.28997802734375,263.8599853515625,84.0,4.0,46.0,49.599998474121094
2024-01-16T05:52,2024-01-16T06:00,1,train,0,2024,1,5,1,2024-01-16T05:00,6,2024-01-16T00:00,6,2024-01-16T00:00,1,2024-01-16T05:00,0,2024-01-16T06:00,1,2024-01-16T05:00,-999.0,0.0,0.0,100.0,2.0,nan,4624.46533203125,nan,55600.0,nan,3.9396960735321045,245.292724609375,258.8045654296875,259.71881103515625,262.72369384765625,266.3921813964844,5382.0302734375,2889.378662109375,1418.2080078125,151.56048583984375,257.9798278808594,44.5,113.67648315429688,0.0,45400.0,0.0,0.0,5008.26220703125,4.699999809265137,100.0,100.0,14.899999618530273,24134.896484375,0.0,0.0,246.04315185546875,259.6924133300781,259.6309509277344,259.8564147949219,263.117919921875,5381.97607421875,2889.0498046875,1414.954345703125,769.6361083984375,173.1919403076172,258.6871032714844,89.19999694824219,80.5999984741211,10.620813369750977,0.0,5674.81787109375,0.0,100.0,37.0,24100.0,246.1999969482422,258.8999938964844,259.5,262.70001220703125,266.6000061035156,5378.87890625,2884.808837890625,1416.034423828125,770.9957885742188,167.43634033203125,259.1700134277344,49.099998474121094,44.0,65.19999694824219,0.0,0.0,0.0,nan,1.0,100.0,18.0,1.0,20000.0,245.3534698486328,259.1776123046875,259.27056884765625,262.55010986328125,266.3988342285156,5376.5712890625,2882.5234375,1413.796142578125,768.132080078125,152.34292602539062,259.10650634765625,53.11582946777344,72.84172821044922,124.61318969726562,0.0,0.0,0.0,5382.953125,2889.210205078125,1417.930419921875,772.5470581054688,171.726318359375,245.4429473876953,259.27947998046875,259.58563232421875,262.0419921875,265.6063537597656,25.806476593017578,46.265220642089844,60.49757766723633,87.6943359375,,,,255.62026977539062,,102218.8125,94482.609375,,3.5941505432128906,83.0,0.0,7620.0,2224.0,2224.0,16209.0,0.0,0.0,0.0,3.0,29.0,3.0,3.0,3.0,3.0,0.0,120.0,255.75,249.13998413085938,58.0,0.0,12.800000190734863,14.0
2024-01-21T10:52,2024-01-21T11:00,1,train,1,2024,1,10,1,2024-01-21T10:00,5,2024-01-21T06:00,5,2024-01-21T06:00,1,2024-01-21T10:00,0,2024-01-21T12:00,1,2024-01-21T10:00,-999.0,0.0,2.0,0.0,0.0,1340.7353515625,1340.1119384765625,nan,86000.0,1438.332763671875,13.40616226196289,241.4029083251953,255.79751586914062,259.9377136230469,260.058349609375,263.7637939453125,5305.89013671875,2861.018310546875,1387.595947265625,131.4080810546875,256.5875244140625,74.5,240.05560302734375,0.0,9600.0,0.0,0.014999999664723873,20000.0234375,70.0999984741211,5.0,0.0,95.4000015258789,7986.75,8.000000093488779e-07,0.0,241.33126831054688,255.64678955078125,260.3448181152344,254.30181884765625,258.0386047363281,5308.32861328125,2858.82080078125,1380.7373046875,744.9391479492188,160.14559936523438,253.89999389648438,97.30000305175781,98.0999984741211,158.12095642089844,0.0,20000.0546875,38.0,3.0,0.0,9300.0,241.8000030517578,255.8000030517578,260.8999938964844,256.8999938964844,260.79998779296875,5303.56494140625,2854.758544921875,1374.8861083984375,740.4832153320312,149.226806640625,249.6199951171875,89.4000015258789,89.0,235.83999633789062,0.0,0.0,0.125,792.4606323242188,92.0,51.0,0.0,92.0,700.0,242.34927368164062,255.0009307861328,260.91815185546875,257.85955810546875,261.4582824707031,5313.419921875,2868.72412109375,1394.9285888671875,753.1026611328125,145.6457061767578,255.95684814453125,79.25796508789062,81.62571716308594,234.01837158203125,0.0,1.9999999494757503e-05,0.0625,5330.1015625,2871.257568359375,1389.584716796875,752.27978515625,165.04296875,241.98550415039062,256.367431640625,261.20458984375,255.6427001953125,259.0894775390625,89.82745361328125,59.023277282714844,91.66492462158203,90.24779510498047,,,,256.37530517578125,,102246.4375,94309.7109375,,3.8065099716186523,70.0,0.0,7620.0,1768.0,648.0,16274.0,11.0,12.0,14.0,22.0,47.0,5.0,5.0,5.0,5.0,0.0,143.0,255.14999389648438,250.76998901367188,67.0,0.0,29.200000762939453,31.600000381469727
2024-01-16T05:52,2024-01-16T06:00,24,train,0,2024,1,5,24,2024-01-15T06:00,24,2024-01-15T06:00,24,2024-01-15T06:00,21,2024-01-15T09:00,24,2024-01-15T06:00,24,2024-01-15T06:00,-999.0,0.0,0.0,100.0,100.0,4559.1796875,4405.18994140625,34600.0,57200.0,9109.779296875,5.679724216461182,245.41714477539062,258.0623779296875,259.73260498046875,262.8702087402344,266.4990539550781,5374.19921875,2886.76513671875,1417.445556640625,152.2674102783203,258.213134765625,47.0,122.31123352050781,0.0,42300.0,0.0,0.019999999552965164,3825.8076171875,4.699999809265137,100.0,100.0,5.599999904632568,24134.81640625,0.0,0.0,246.1549835205078,259.58770751953125,259.7254943847656,259.9017333984375,263.0972595214844,5385.17431640625,2890.68115234375,1416.497802734375,771.5864868164062,175.17312622070312,258.7167053222656,89.30000305175781,80.0999984741211,10.397964477539062,0.0,4246.22802734375,1.0,100.0,9.0,24100.0,246.60000610351562,258.70001220703125,260.1000061035156,263.70001220703125,267.70001220703125,5376.21923828125,2885.341064453125,1414.3944091796875,767.1235961914062,165.48077392578125,260.1600036621094,59.0,36.0,65.44000244140625,0.0,0.0,0.0,6193.7822265625,10.0,100.0,100.0,10.0,17300.0,245.2626495361328,258.187255859375,259.26654052734375,261.3418884277344,264.8737487792969,5372.58642578125,2883.4560546875,1416.16357421875,771.824951171875,159.0453643798828,257.55419921875,60.18031311035156,72.65342712402344,65.72144317626953,0.0,0.0,0.0625,5374.83984375,2887.807861328125,1415.732177734375,770.4494018554688,168.785888671875,244.8006591796875,259.2157897949219,259.1697998046875,262.3685302734375,266.0059814453125,16.55948257446289,46.390892028808594,60.5046501159668,87.12741088867188,,,,255.3645782470703,,102169.4375,94453.953125,,2.881720542907715,91.0,0.0,7620.0,32.0,32.0,256.0,37.0,37.0,44.0,51.0,68.0,60.0,60.0,60.0,60.0,0.0,115.0,255.5299835205078,249.51998901367188,60.0,0.0,12.399999618530273,13.600000381469727
2024-01-21T10:52,2024-01-21T11:00,24,train,1,2024,1,10,23,2024-01-20T12:00,23,2024-01-20T12:00,23,2024-01-20T12:00,26,2024-01-20T09:00,24,2024-01-20T12:00,24,2024-01-20T11:00,-999.0,0.0,3.0,0.0,0.0,nan,1340.242919921875,nan,85700.0,nan,9.160520553588867,242.04119873046875,254.9805908203125,259.0264587402344,259.9339599609375,263.6671142578125,5308.2490234375,2865.349609375,1396.931396484375,141.1587371826172,256.6788330078125,75.69999694824219,277.8036804199219,0.0,16500.0,0.0,0.38999998569488525,20000.0078125,65.19999694824219,5.0,0.0,88.0,6427.7646484375,1.6000000186977559e-06,0.125,241.51947021484375,256.0875244140625,259.6133117675781,256.00469970703125,259.7696533203125,5310.32080078125,2857.952392578125,1380.4173583984375,743.7409057617188,155.00674438476562,255.6191864013672,96.19999694824219,96.19999694824219,178.25567626953125,0.0,19999.826171875,36.0,8.0,0.0,24100.0,241.60000610351562,256.5,262.70001220703125,259.1000061035156,263.0,5317.19970703125,2865.656005859375,1382.797607421875,743.09033203125,149.65234375,252.97999572753906,87.80000305175781,85.0,130.24000549316406,0.0,0.0,0.125,821.8990478515625,100.0,0.0,0.0,100.0,3300.0,242.09498596191406,254.75047302246094,259.75390625,258.3946838378906,262.07958984375,5305.896484375,2863.46533203125,1391.744873046875,751.3435668945312,143.44830322265625,257.36297607421875,85.41085815429688,93.47389221191406,319.927001953125,0.0,0.0,1.75,5326.34375,2863.9736328125,1385.01953125,748.185302734375,158.92724609375,242.0537567138672,256.60748291015625,260.45758056640625,256.2178955078125,260.1617431640625,44.20701217651367,63.94255447387695,92.89728546142578,89.90689849853516,,,,257.0450439453125,,102185.4375,94277.3828125,,2.999455451965332,59.0,0.0,7620.0,32.0,32.0,256.0,42.0,43.0,48.0,55.0,62.0,61.0,62.0,63.0,65.0,0.0,150.0,254.9600067138672,251.26998901367188,73.0,1.0,31.200000762939453,33.599998474121094
2024-01-16T05:52,2024-01-16T06:00,48,train,0,2024,1,5,48,2024-01-14T06:00,48,2024-01-14T06:00,48,2024-01-14T06:00,45,2024-01-14T09:00,48,2024-01-14T06:00,48,2024-01-14T06:00,-999.0,0.0,0.0,100.0,100.0,4413.6357421875,3783.772216796875,39600.0,62000.0,9396.173828125,5.322221755981445,243.699951171875,255.918212890625,258.2798767089844,261.5650634765625,265.1728515625,5338.48046875,2871.0,1411.676513671875,153.28219604492188,256.92376708984375,51.599998474121094,133.81236267089844,0.0,37300.0,0.0,8.319999694824219,5248.07666015625,5.0,100.0,100.0,5.599999904632568,24135.28515625,0.0,0.0,245.13311767578125,257.75830078125,258.0564880371094,258.0785217285156,261.10235595703125,5366.85986328125,2882.788330078125,1417.7052001953125,775.4036254882812,183.54019165039062,256.736083984375,91.5999984741211,84.5,14.526786804199219,0.0,19999.8828125,5.0,35.0,0.0,24100.0,244.89999389648438,257.6000061035156,259.6000061035156,262.8999938964844,266.79998779296875,5362.44873046875,2882.14892578125,1413.475830078125,769.4413452148438,169.3693389892578,256.8999938964844,54.0,32.0,131.9199981689453,0.0,0.0,0.0,5503.078125,18.0,100.0,97.0,18.0,16000.0,243.7593536376953,256.2588195800781,257.3296203613281,259.7317810058594,262.93389892578125,5346.41259765625,2872.2021484375,1415.5545654296875,775.639404296875,167.23248291015625,255.65536499023438,60.67633819580078,73.12091827392578,99.19672393798828,0.0,0.0,2.125,5355.3671875,2881.88427734375,1417.527587890625,774.042236328125,173.489990234375,243.9449920654297,256.908447265625,258.2349853515625,261.83099365234375,265.4815673828125,19.99978256225586,50.90678405761719,61.24687194824219,87.19339752197266,,,,254.74368286132812,,102235.625,94486.5234375,,2.83785343170166,80.0,,,88888.0,2336.0,8960.0,26.0,26.0,,26.0,,59.0,,59.0,59.0,0.0,112.0,254.489990234375,249.85000610351562,68.0,2.0,14.399999618530273,15.600000381469727
2024-01-21T10:52,2024-01-21T11:00,48,train,1,2024,1,10,47,2024-01-19T12:00,47,2024-01-19T12:00,47,2024-01-19T12:00,50,2024-01-19T09:00,48,2024-01-19T12:00,36,2024-01-19T23:00,-999.0,0.0,5.0,0.0,0.0,nan,1340.2069091796875,nan,85600.0,nan,8.920160293579102,242.1016845703125,254.04660034179688,258.813720703125,260.046142578125,263.83428955078125,5305.423828125,2848.65234375,1389.06005859375,135.1213836669922,256.331298828125,73.5,293.75653076171875,0.0,17300.0,0.0,0.8100000023841858,19992.814453125,52.79999923706055,0.30000001192092896,0.0,74.5999984741211,5902.99853515625,2.4000000848900527e-06,0.0625,241.3917236328125,256.38824462890625,261.4602355957031,255.78614807128906,259.4803771972656,5325.16845703125,2870.055908203125,1387.283447265625,748.2112426757812,160.12362670898438,255.29737854003906,96.0,95.9000015258789,146.5900421142578,0.0,19999.84765625,37.0,3.0,0.0,24100.0,241.1999969482422,257.8999938964844,263.29998779296875,260.70001220703125,264.6000061035156,5321.36083984375,2866.460205078125,1378.4542236328125,735.3074340820312,145.1696319580078,254.14999389648438,88.9000015258789,88.0,130.72000122070312,0.0,0.0,0.125,831.8194580078125,100.0,0.0,0.0,100.0,3800.0,242.00689697265625,254.32418823242188,258.94085693359375,258.0113220214844,261.78277587890625,5306.380859375,2846.488037109375,1386.9493408203125,747.2301635742188,139.51100158691406,257.0513000488281,86.07478332519531,92.73140716552734,341.64508056640625,0.0,0.0,2.3125,5323.18359375,2863.40966796875,1384.496826171875,746.64453125,156.708251953125,241.7894287109375,256.98040771484375,260.9044189453125,256.5260925292969,260.37530517578125,41.6732177734375,64.8930892944336,93.34545135498047,89.71211242675781,,,,257.3007507324219,,102159.0,94249.265625,,2.961763858795166,57.0,0.0,7620.0,32.0,32.0,256.0,19.0,22.0,26.0,31.0,39.0,53.0,53.0,53.0,53.0,0.0,149.0,255.1099853515625,250.57998657226562,68.0,1.0,33.599998474121094,36.400001525878906
2024-01-26T13:54,2024-01-26T14:00,1,train,0,2024,1,13,1,2024-01-26T13:00,2,2024-01-26T12:00,2,2024-01-26T12:00,1,2024-01-26T13:00,3,2024-01-26T12:00,1,2024-01-26T13:00,6385.0,0.0,59.0,100.0,100.0,1463.5665283203125,1342.2174072265625,22300.0,86400.0,12410.4951171875,6.269623756408691,257.9894714355469,270.128173828125,272.2506103515625,271.39044189453125,275.13531494140625,5625.96142578125,3019.901123046875,1468.9468994140625,154.54632568359375,269.7734375,96.30000305175781,183.24688720703125,792.8800048828125,500.0,0.000699999975040555,4.389999866485596,785.0728759765625,100.0,100.0,100.0,98.69999694824219,172.75030517578125,0.0008711999980732799,3.125,258.5690612792969,269.5140380859375,270.6080322265625,268.2633361816406,272.3224792480469,5623.50830078125,3016.106201171875,1467.912353515625,801.61767578125,183.73118591308594,268.4956970214844,97.30000305175781,96.5,162.84315490722656,60.15999984741211,1334.735107421875,100.0,100.0,100.0,800.0,259.1000061035156,269.1000061035156,272.20001220703125,270.1000061035156,274.1000061035156,5635.2119140625,3027.051513671875,1475.1549072265625,808.248046875,189.9019775390625,267.82000732421875,95.80000305175781,98.0,137.27999877929688,361.2799987792969,0.0008999999845400453,3.6875,1201.1087646484375,100.0,100.0,100.0,70.0,500.0,258.7986145019531,269.80194091796875,271.80889892578125,269.81195068359375,273.3423156738281,5636.69287109375,3026.518310546875,1479.343505859375,808.3920288085938,173.6352081298828,270.3079833984375,92.79885864257812,95.08377075195312,319.9920349121094,320.0,0.0007999999797903001,4.25,5630.37890625,3017.094482421875,1465.491455078125,796.650634765625,178.760498046875,258.97650146484375,269.8188781738281,272.09600830078125,268.77783203125,272.63079833984375,98.25352478027344,97.86536407470703,97.08881378173828,90.69857025146484,,,,270.8592529296875,,102208.9375,94673.2109375,,17.15024185180664,92.0,0.0,7620.0,0.0,0.0,209.0,67.0,78.0,84.0,96.0,100.0,87.0,99.0,100.0,100.0,0.0,151.0,269.78997802734375,266.70001220703125,78.0,91.0,14.399999618530273,15.600000381469727
2024-01-31T22:57,2024-01-31T23:00,24,train,0,2024,1,22,23,2024-01-31T00:00,23,2024-01-31T00:00,23,2024-01-31T00:00,26,2024-01-30T21:00,24,2024-01-31T00:00,24,2024-01-30T23:00,-999.0,0.0,1.0,0.0,0.0,nan,1341.6846923828125,nan,85900.0,nan,5.772369384765625,247.88656616210938,263.9670715332031,266.69000244140625,269.3253173828125,273.25909423828125,5464.36328125,2929.15869140625,1418.2734375,120.30816650390625,265.48687744140625,79.19999694824219,128.8326873779297,133.9199981689453,16000.0,0.0,0.0,20000.068359375,68.19999694824219,89.19999694824219,100.0,71.5,9182.7822265625,8.000000093488779e-07,0.0625,248.80999755859375,265.218017578125,267.69793701171875,265.4232482910156,269.0097351074219,5471.65576171875,2933.79248046875,1415.2637939453125,751.537109375,141.39085388183594,264.4346008300781,98.0,98.5,24.1911563873291,0.0,19999.97265625,35.0,17.0,13.0,24100.0,249.0,264.6000061035156,269.20001220703125,269.20001220703125,273.20001220703125,5473.1416015625,2933.573974609375,1411.393310546875,748.6629028320312,130.89881896972656,265.4599914550781,87.5,83.0,171.67999267578125,0.0,0.0,0.0,857.992919921875,100.0,100.0,100.0,100.0,6000.0,247.93600463867188,264.22320556640625,267.3143005371094,268.6126708984375,272.7664794921875,5468.7939453125,2933.6865234375,1421.818603515625,759.180908203125,128.9056396484375,268.3566589355469,95.0,96.89710998535156,355.5090026855469,20.0,0.0,0.0625,5473.51171875,2933.005126953125,1417.93408203125,752.2037353515625,132.4365234375,249.1468963623047,264.984619140625,267.799560546875,269.5653076171875,273.7266845703125,54.73143768310547,97.54017639160156,84.31343841552734,87.58696746826172,,,,268.9017333984375,,101653.1875,94165.6875,,8.454957008361816,57.0,47.0,7712.0,32.0,32.0,457.0,56.0,57.0,59.0,59.0,60.0,47.0,47.0,47.0,47.0,0.0,136.0,264.58001708984375,261.91998291015625,82.0,2.0,16.799999237060547,18.0
2024-01-31T22:57,2024-01-31T23:00,1,train,0,2024,1,22,1,2024-01-31T22:00,5,2024-01-31T18:00,5,2024-01-31T18:00,1,2024-01-31T22:00,0,2024-02-01T00:00,1,2024-01-31T22:00,-999.0,0.0,30.0,0.0,0.0,nan,1341.822265625,nan,85700.0,nan,6.589468479156494,248.81976318359375,264.3674011230469,268.1021423339844,269.31072998046875,273.2025146484375,5462.31787109375,2924.39404296875,1408.001953125,109.49148559570312,266.2565612792969,72.80000305175781,130.53152465820312,248.55999755859375,21200.0,0.0,0.0,19967.259765625,53.099998474121094,5.599999904632568,47.20000076293945,81.30000305175781,8984.9521484375,8.000000093488779e-07,0.0625,248.7343292236328,265.08184814453125,267.6591491699219,265.3183898925781,268.87188720703125,5470.6328125,2932.684326171875,1414.3035888671875,751.3342895507812,141.50961303710938,264.25286865234375,97.4000015258789,96.69999694824219,17.41103744506836,0.0,19999.869140625,39.0,9.0,1.0,24100.0,249.10000610351562,264.5,268.0,268.5,272.5,5468.607421875,2928.796630859375,1409.082763671875,748.0326538085938,129.05319213867188,265.1500244140625,87.5,90.0,171.1999969482422,0.0,0.0,0.0625,876.28857421875,100.0,0.0,2.0,100.0,12700.0,248.8637237548828,264.14825439453125,266.96820068359375,268.443115234375,272.49267578125,5470.11474609375,2933.568115234375,1417.1573486328125,754.9425048828125,125.368408203125,268.17047119140625,91.5201416015625,95.36610412597656,277.6939697265625,0.0,0.0,0.0,5475.84375,2936.174560546875,1419.020751953125,753.3265991210938,136.4892578125,249.15963745117188,263.67535400390625,269.10107421875,268.217529296875,272.30950927734375,53.03961181640625,95.67254638671875,90.41996765136719,94.44712829589844,,,,264.916259765625,,101710.8125,91490.03125,,7.23913049697876,57.0,0.0,7620.0,32.0,32.0,16274.0,59.0,59.0,59.0,59.0,63.0,8.0,8.0,8.0,8.0,0.0,144.0,264.3599853515625,261.3899841308594,79.0,1.0,17.600000381469727,19.200000762939453
2024-01-26T13:54,2024-01-26T14:00,24,train,0,2024,1,13,26,2024-01-25T12:00,26,2024-01-25T12:00,26,2024-01-25T12:00,23,2024-01-25T15:00,21,2024-01-25T18:00,24,2024-01-25T14:00,5662.2001953125,0.0,94.0,100.0,100.0,1463.1993408203125,1342.1363525390625,21000.0,86600.0,12857.5380859375,5.127309799194336,257.83270263671875,268.36187744140625,271.43853759765625,271.1181640625,274.91278076171875,5620.49853515625,3024.8955078125,1479.7420654296875,168.51478576660156,269.2081298828125,95.69999694824219,180.97055053710938,702.47998046875,400.0,0.000699999975040555,4.320000171661377,785.154541015625,100.0,100.0,100.0,92.80000305175781,398.8273010253906,0.0001672000071266666,0.75,257.63165283203125,269.6427001953125,272.7829895019531,269.1517639160156,273.2177734375,5631.9326171875,3028.33203125,1472.7061767578125,802.701904296875,182.6771240234375,269.371826171875,99.5,99.80000305175781,151.56785583496094,195.36000061035156,1196.0472412109375,100.0,100.0,37.0,0.0,257.79998779296875,269.5,271.0,269.1000061035156,273.1000061035156,5622.3466796875,3019.551025390625,1468.249267578125,803.8611450195312,180.58506774902344,267.0899963378906,98.69999694824219,100.0,172.9600067138672,248.32000732421875,9.999999747378752e-05,1.6875,1199.357177734375,82.0,100.0,97.0,44.0,400.0,257.5169372558594,269.2965087890625,272.52117919921875,270.42657470703125,273.65924072265625,5631.6689453125,3029.281982421875,1481.7083740234375,808.7952880859375,174.59127807617188,270.6703796386719,91.0517578125,93.88421630859375,322.5046081542969,370.0,0.0014400000218302011,3.9375,5626.31640625,3014.77880859375,1464.378173828125,794.456787109375,174.556396484375,258.5634460449219,269.81842041015625,271.8499755859375,269.7181701660156,273.50701904296875,97.97037506103516,97.18025970458984,98.14936065673828,93.46595764160156,,,,271.229248046875,,102154.6875,94636.390625,,17.153560638427734,95.0,0.0,7620.0,0.0,0.0,256.0,100.0,100.0,100.0,100.0,100.0,100.0,100.0,100.0,100.0,0.0,167.0,268.28997802734375,265.6000061035156,81.0,71.0,14.399999618530273,15.600000381469727
2024-01-26T13:54,2024-01-26T14:00,48,train,0,2024,1,13,44,2024-01-24T18:00,50,2024-01-24T12:00,50,2024-01-24T12:00,47,2024-01-24T15:00,45,2024-01-24T18:00,36,2024-01-25T02:00,7243.0,0.0,100.0,100.0,100.0,1464.2281494140625,1342.3531494140625,22300.0,86500.0,12375.0087890625,4.880663871765137,257.2361145019531,268.83209228515625,272.6724853515625,272.2749938964844,276.0213623046875,5623.1064453125,3022.4853515625,1475.33984375,158.94427490234375,270.986328125,95.30000305175781,211.80007934570312,973.9199829101562,800.0,0.00039999998989515007,27.829999923706055,932.823486328125,100.0,100.0,100.0,98.9000015258789,764.6661376953125,0.0005779999773949385,2.375,256.7867126464844,269.85284423828125,271.9183654785156,269.4086608886719,273.44403076171875,5621.08642578125,3017.897705078125,1466.97412109375,797.191162109375,176.66943359375,269.5303955078125,98.30000305175781,97.69999694824219,138.5049591064453,220.47999572753906,1411.7459716796875,100.0,100.0,94.0,2100.0,257.6000061035156,270.20001220703125,273.70001220703125,273.8999938964844,278.0,5626.58056640625,3015.962646484375,1460.785400390625,785.2896728515625,166.48056030273438,271.5400085449219,96.80000305175781,99.0,138.9600067138672,933.9199829101562,0.00039999998989515007,2.375,1696.651123046875,77.0,100.0,100.0,50.0,6300.0,256.47845458984375,268.563720703125,274.04248046875,272.306884765625,275.217529296875,5623.42431640625,3023.97802734375,1475.506103515625,797.3294677734375,161.284423828125,272.2750244140625,92.68010711669922,93.70246124267578,309.5589294433594,1200.0,0.00016999999934341758,9.375,5621.15234375,3020.009033203125,1469.706787109375,800.235595703125,180.75439453125,256.59979248046875,269.52545166015625,271.64349365234375,269.5972595214844,273.35565185546875,99.25127410888672,95.71540069580078,98.25286865234375,92.5062255859375,,,,271.2069091796875,,102235.25,94710.3046875,,16.482105255126953,97.0,0.0,7620.0,32.0,32.0,0.0,82.0,83.0,84.0,84.0,88.0,85.0,98.0,100.0,100.0,0.0,199.0,268.3399963378906,265.489990234375,83.0,60.0,18.399999618530273,20.0
2024-01-31T22:57,2024-01-31T23:00,48,train,0,2024,1,22,47,2024-01-30T00:00,47,2024-01-30T00:00,47,2024-01-30T00:00,50,2024-01-29T21:00,48,2024-01-30T00:00,36,2024-01-30T11:00,-999.0,0.0,15.0,0.0,22.0,nan,1341.6353759765625,nan,85800.0,nan,7.85438346862793,247.55250549316406,260.8570251464844,267.03607177734375,269.69610595703125,273.6261291503906,5437.08349609375,2920.4296875,1418.868408203125,125.293701171875,264.9271545410156,82.5,133.83326721191406,41.279998779296875,13400.0,0.0,0.4399999976158142,19967.794921875,24.799999237060547,92.5999984741211,57.400001525878906,96.19999694824219,14509.6025390625,8.000000093488779e-07,0.0625,249.3670654296875,264.3710021972656,267.9341125488281,267.8288879394531,271.761474609375,5475.23193359375,2937.0419921875,1417.215087890625,751.7590942382812,135.21768188476562,267.11083984375,97.0,95.9000015258789,28.080270767211914,24.15999984741211,20000.16015625,17.0,12.0,1.0,24100.0,248.0,263.70001220703125,269.0,271.8999938964844,276.0,5458.66259765625,2928.423095703125,1409.602294921875,742.0343017578125,125.86751556396484,267.27996826171875,77.4000015258789,71.0,67.27999877929688,278.7200012207031,0.0,0.0,1149.23974609375,100.0,46.0,57.0,88.0,13200.0,247.51620483398438,261.8921813964844,265.5171203613281,268.50909423828125,272.7433166503906,5440.20947265625,2923.1806640625,1421.006591796875,760.3645629882812,132.9962158203125,267.8865966796875,89.36868286132812,92.6039047241211,350.1650390625,0.0,0.0,0.1875,5477.671875,2937.107666015625,1419.754150390625,753.3026123046875,131.206298828125,249.9853973388672,264.83514404296875,268.42364501953125,270.58233642578125,274.80645751953125,56.90321731567383,89.91374969482422,72.95576477050781,82.49381256103516,,,,265.8164367675781,,101642.4375,94184.546875,,8.369006156921387,57.0,20.0,7668.0,32.0,32.0,201.0,35.0,35.0,42.0,47.0,47.0,51.0,51.0,51.0,51.0,0.0,147.0,264.5099792480469,261.489990234375,80.0,2.0,17.600000381469727,18.799999237060547
2024-02-13T15:55,2024-02-13T16:00,1,train,0,2024,2,15,1,2024-02-13T15:00,4,2024-02-13T12:00,4,2024-02-13T12:00,1,2024-02-13T15:00,3,2024-02-13T12:00,1,2024-02-13T15:00,-999.0,100.0,100.0,100.0,100.0,1341.459716796875,1341.5133056640625,32300.0,84700.0,9951.8310546875,3.2658779621124268,250.65499877929688,259.9891357421875,263.73236083984375,268.9609680175781,273.068603515625,5325.7919921875,2793.733154296875,1312.2430419921875,24.003372192382812,263.9732971191406,95.30000305175781,435.17822265625,0.0,12600.0,0.0,0.039000000804662704,1104.1544189453125,98.5999984741211,100.0,100.0,95.0,11728.4990234375,9.60000033956021e-06,0.375,251.12466430664062,259.5697021484375,263.0807800292969,269.0892639160156,273.1109619140625,5327.751953125,2799.41796875,1316.9205322265625,657.4710083007812,37.98062515258789,268.80499267578125,80.0999984741211,78.80000305175781,644.4452514648438,110.87999725341797,1294.71826171875,14.0,100.0,100.0,24100.0,250.60000610351562,260.3999938964844,261.79998779296875,266.3999938964844,270.3999938964844,5333.4541015625,2801.41064453125,1317.8316650390625,663.2573852539062,39.618812561035156,264.1499938964844,94.30000305175781,99.0,315.20001220703125,0.0,0.0,0.0,4041.144775390625,67.0,100.0,100.0,28.0,19200.0,250.82472229003906,259.0023193359375,263.9400939941406,268.8196716308594,273.1872863769531,5322.06298828125,2801.2626953125,1319.361328125,660.0917358398438,35.17527770996094,268.8258972167969,80.6117935180664,75.7612533569336,530.4698486328125,90.0,0.0,0.0,5338.1953125,2799.847900390625,1314.56787109375,658.150634765625,43.097900390625,252.05352783203125,260.1274108886719,262.63421630859375,267.523193359375,271.49658203125,49.1872444152832,71.78515625,60.27928924560547,58.257850646972656,,,,266.6620788574219,,100567.0625,90383.375,,5.293839454650879,95.0,0.0,7620.0,0.0,0.0,465.0,77.0,94.0,100.0,100.0,100.0,55.0,59.0,61.0,67.0,2.0,588.0,262.19000244140625,258.7599792480469,74.0,1.0,11.199999809265137,12.0
2024-02-26T20:53,2024-02-26T21:00,24,train,0,2024,2,20,21,2024-02-26T00:00,21,2024-02-26T00:00,21,2024-02-26T00:00,24,2024-02-25T21:00,21,2024-02-26T00:00,24,2024-02-25T21:00,-999.0,100.0,100.0,0.0,0.0,1342.325927734375,1342.24560546875,83400.0,85800.0,1709.5859375,8.405900001525879,244.14097595214844,260.51611328125,268.7008361816406,273.51123046875,277.7169494628906,5404.51611328125,2913.91650390625,1411.87646484375,111.12973022460938,269.10614013671875,96.5,516.6871337890625,690.9600219726562,400.0,0.0,4.360000133514404,982.2966918945312,67.69999694824219,1.399999976158142,0.0,95.9000015258789,4172.822265625,1.4399999599845614e-05,0.6875,246.66494750976562,260.5704040527344,266.5503845214844,272.54656982421875,276.6617126464844,5409.2060546875,2906.89892578125,1412.5467529296875,744.4381103515625,116.5234375,272.4533996582031,86.19999694824219,84.0,1320.0218505859375,670.0800170898438,19999.8671875,49.0,0.0,0.0,100.0,243.8000030517578,258.8999938964844,266.6000061035156,271.3999938964844,275.5,5373.19921875,2890.667724609375,1403.244873046875,735.992919921875,104.60429382324219,268.94000244140625,98.69999694824219,100.0,908.9600219726562,533.5999755859375,0.0013000000035390258,6.9375,nan,36.0,0.0,0.0,35.0,22100.0,244.1595916748047,258.70361328125,266.4339599609375,272.5154113769531,277.0376281738281,5391.68115234375,2903.73974609375,1415.4669189453125,747.7163696289062,119.27881622314453,272.39642333984375,73.0,67.7392807006836,1020.2815551757812,640.0,0.0,2.375,5424.40625,2916.6767578125,1416.020263671875,741.051025390625,107.519287109375,245.14524841308594,260.8168640136719,268.99249267578125,275.34210205078125,279.4794921875,6.425542831420898,88.14305114746094,62.68144607543945,60.331695556640625,,,,274.3204345703125,,101341.5,91357.671875,,5.045266628265381,57.0,0.0,7620.0,32.0,32.0,201.0,58.0,58.0,58.0,58.0,60.0,50.0,50.0,50.0,50.0,22.0,913.0,265.25,262.44000244140625,80.0,14.0,36.0,40.900001525878906
2024-02-13T15:55,2024-02-13T16:00,24,train,0,2024,2,15,22,2024-02-12T18:00,22,2024-02-12T18:00,22,2024-02-12T18:00,25,2024-02-12T15:00,21,2024-02-12T18:00,24,2024-02-12T16:00,-999.0,100.0,100.0,100.0,100.0,1341.301025390625,1341.206787109375,32300.0,84700.0,9941.2216796875,3.0741028785705566,251.34576416015625,260.00848388671875,262.2892150878906,267.435302734375,271.5047607421875,5320.6728515625,2788.678955078125,1309.303466796875,24.200347900390625,261.8420715332031,90.80000305175781,369.14251708984375,0.0,100.0,0.0,0.05999999865889549,860.5462036132812,100.0,100.0,100.0,97.80000305175781,1611.83642578125,2.2399999579647556e-05,0.375,252.2569580078125,260.0330505371094,263.8546142578125,269.82818603515625,273.8611145019531,5330.74462890625,2800.385009765625,1314.971435546875,653.6245727539062,32.30949401855469,269.5472717285156,83.19999694824219,82.30000305175781,683.937255859375,229.75999450683594,1195.256103515625,55.0,87.0,100.0,100.0,250.6999969482422,260.79998779296875,262.0,266.5,270.5,5328.09912109375,2791.28857421875,1304.688232421875,649.8642578125,28.793500900268555,264.010009765625,97.9000015258789,100.0,314.7200012207031,0.0,0.0,0.1875,3205.31005859375,94.0,99.0,100.0,94.0,14900.0,250.255126953125,260.064697265625,262.22222900390625,267.60931396484375,271.94049072265625,5320.81884765625,2793.7978515625,1312.246337890625,656.2366333007812,30.694412231445312,267.4172668457031,89.51103973388672,86.32437133789062,644.3455810546875,0.0,0.0,0.25,5344.31640625,2805.737548828125,1317.8623046875,661.2434692382812,45.841552734375,251.5261993408203,260.804931640625,262.87042236328125,267.61907958984375,271.5999755859375,35.52260208129883,71.46980285644531,56.92529296875,53.76893615722656,,,,267.2325439453125,,100589.3125,90406.328125,,4.287693500518799,97.0,0.0,7620.0,28.0,32.0,201.0,68.0,68.0,68.0,68.0,68.0,64.0,64.0,66.0,72.0,2.0,529.0,262.0899963378906,258.19000244140625,73.0,5.0,14.800000190734863,16.0
2024-02-13T15:55,2024-02-13T16:00,48,train,0,2024,2,15,46,2024-02-11T18:00,46,2024-02-11T18:00,46,2024-02-11T18:00,49,2024-02-11T15:00,45,2024-02-11T18:00,36,2024-02-12T04:00,-999.0,100.0,100.0,100.0,100.0,1341.3736572265625,1341.3409423828125,32300.0,84600.0,10334.6396484375,3.1492583751678467,252.40878295898438,260.14739990234375,263.32470703125,267.4732360839844,271.5994873046875,5325.1640625,2780.189697265625,1294.6236572265625,10.387237548828125,262.8376159667969,92.19999694824219,366.4169616699219,0.0,100.0,0.0,0.4099999964237213,918.1484985351562,100.0,100.0,100.0,98.0,912.6719970703125,0.0001548000000184402,1.5625,251.13929748535156,260.34906005859375,264.9093017578125,270.226318359375,274.2641906738281,5327.78173828125,2790.320556640625,1299.06494140625,635.970458984375,13.6459379196167,269.5508728027344,91.5999984741211,90.0999984741211,433.2539367675781,225.1199951171875,1552.327880859375,100.0,100.0,100.0,700.0,253.39999389648438,260.5,260.0,264.29998779296875,268.20001220703125,5317.66943359375,2766.77783203125,1283.4632568359375,634.1248168945312,14.123937606811523,261.29998779296875,88.9000015258789,91.0,352.32000732421875,0.0,0.00039999998989515007,0.6875,6700.5087890625,55.0,100.0,100.0,55.0,16500.0,251.4256134033203,259.068603515625,262.55377197265625,266.36016845703125,270.63104248046875,5312.20703125,2773.52783203125,1294.0008544921875,640.1593017578125,20.152420043945312,266.28289794921875,86.13067626953125,82.75003051757812,427.752197265625,0.0,0.0,0.3125,5330.3671875,2782.9443359375,1291.505615234375,638.440185546875,27.662841796875,252.41238403320312,261.67431640625,262.37255859375,265.63165283203125,269.5994567871094,61.76606750488281,49.207454681396484,60.4215087890625,58.3382682800293,,,,264.9076843261719,,100361.0625,90126.578125,,6.596674919128418,98.0,0.0,7620.0,32.0,32.0,201.0,72.0,72.0,77.0,78.0,79.0,71.0,77.0,79.0,79.0,1.0,470.0,262.0199890136719,258.17999267578125,74.0,11.0,16.0,17.600000381469727
2024-02-26T20:53,2024-02-26T21:00,48,train,0,2024,2,20,45,2024-02-25T00:00,45,2024-02-25T00:00,45,2024-02-25T00:00,48,2024-02-24T21:00,45,2024-02-25T00:00,45,2024-02-25T00:00,-999.0,100.0,100.0,0.0,0.0,1463.4482421875,1342.346923828125,76200.0,85700.0,2494.582763671875,7.417858123779297,244.33753967285156,261.37945556640625,269.44097900390625,275.0058898925781,279.1904296875,5410.396484375,2911.84619140625,1408.131591796875,100.39535522460938,270.318115234375,97.4000015258789,865.1983032226562,873.760009765625,12200.0,0.0,9.829999923706055,785.1117553710938,83.9000015258789,0.0,0.0,97.0999984741211,260.7558898925781,5.919999966863543e-05,0.75,244.5068817138672,263.020263671875,266.47027587890625,271.808837890625,275.8949890136719,5409.4990234375,2904.375244140625,1405.0513916015625,737.833984375,111.62284088134766,271.62274169921875,92.80000305175781,91.5999984741211,1175.8634033203125,542.0800170898438,19999.98046875,36.0,0.0,0.0,100.0,245.60000610351562,263.3999938964844,265.8999938964844,270.70001220703125,274.79998779296875,5420.9560546875,2903.085205078125,1402.825439453125,737.384765625,106.92296600341797,268.5799865722656,97.9000015258789,100.0,408.4800109863281,477.2799987792969,0.00039999998989515007,3.125,950.6016845703125,100.0,0.0,0.0,99.0,12400.0,245.25439453125,259.9463195800781,267.6572265625,272.92535400390625,277.3339538574219,5395.89697265625,2900.214111328125,1404.716064453125,734.8026123046875,105.05290222167969,272.72076416015625,93.0,90.97810363769531,797.7749633789062,710.0,9.999999747378752e-06,6.0,5421.359375,2912.599609375,1415.445556640625,740.2051391601562,106.11767578125,245.50967407226562,260.49505615234375,269.2062072753906,275.6428527832031,279.7132568359375,6.1085309982299805,65.13096618652344,46.38549041748047,45.895179748535156,,,,274.513671875,,101317.1875,91346.140625,,3.7487971782684326,57.0,,,416.0,24.0,8960.0,47.0,47.0,,48.0,,55.0,,55.0,55.0,17.0,824.0,266.1499938964844,263.3699951171875,80.0,0.0,32.0,36.20000076293945
2024-02-26T20:53,2024-02-26T21:00,1,train,0,2024,2,20,1,2024-02-26T20:00,3,2024-02-26T18:00,3,2024-02-26T18:00,1,2024-02-26T20:00,3,2024-02-26T18:00,1,2024-02-26T20:00,-999.0,51.0,100.0,0.0,0.0,1709.54833984375,1342.0650634765625,nan,85800.0,nan,6.710015773773193,245.3917236328125,260.59130859375,268.39019775390625,273.4837646484375,277.74652099609375,5410.94140625,2915.46435546875,1413.728271484375,111.6051254272461,269.03399658203125,94.4000015258789,491.94622802734375,676.719970703125,12500.0,0.0,0.26499998569488525,785.080322265625,100.0,0.0,0.0,100.0,29.267528533935547,0.00029120000544935465,1.75,244.83871459960938,258.5893249511719,268.653564453125,273.64678955078125,277.7739562988281,5410.84228515625,2914.580810546875,1414.2452392578125,742.08349609375,111.28962707519531,273.567626953125,99.5,99.5,212.4539337158203,800.6400146484375,20000.19140625,78.0,0.0,0.0,8800.0,245.10000610351562,258.3999938964844,268.70001220703125,273.6000061035156,277.70001220703125,5413.0029296875,2918.15283203125,1414.2843017578125,741.402099609375,109.34850311279297,271.4100036621094,84.19999694824219,86.0,328.0,913.1199951171875,0.0,2.6875,918.687255859375,100.0,0.0,0.0,100.0,9800.0,245.09799194335938,260.0513916015625,268.93292236328125,273.2489013671875,277.5430603027344,5416.34814453125,2918.61328125,1418.4571533203125,746.209716796875,114.1689682006836,272.9031677246094,92.25867462158203,89.21025085449219,496.5173645019531,720.0,3.9999998989515007e-05,0.1875,5420.98828125,2916.136474609375,1412.05615234375,738.8797607421875,108.171875,244.64149475097656,259.8891906738281,269.20172119140625,274.2086486816406,278.3922119140625,42.34476089477539,93.73355102539062,80.48756408691406,76.90463256835938,,,,273.2544250488281,,101375.125,91344.8046875,,5.576910495758057,76.0,0.0,7620.0,0.0,0.0,256.0,50.0,58.0,69.0,71.0,77.0,77.0,77.0,77.0,77.0,15.0,549.0,265.8500061035156,264.33001708984375,87.0,30.0,34.79999923706055,37.599998474121094
2024-03-09T14:53,2024-03-09T15:00,1,train,1,2024,3,14,1,2024-03-09T14:00,3,2024-03-09T12:00,3,2024-03-09T12:00,1,2024-03-09T14:00,3,2024-03-09T12:00,1,2024-03-09T14:00,-999.0,0.0,4.0,100.0,100.0,5421.0908203125,1342.0677490234375,34600.0,86500.0,8983.0830078125,9.162403106689453,251.94412231445312,269.1614685058594,273.1986999511719,270.7591247558594,274.6675720214844,5585.8505859375,3027.605224609375,1475.527587890625,164.5615234375,268.4680480957031,85.0,296.8404846191406,586.0800170898438,17100.0,0.0,0.0,1647.99853515625,77.69999694824219,100.0,100.0,71.30000305175781,10264.021484375,7.199999799922807e-06,0.0625,253.37388610839844,268.74041748046875,270.4528503417969,270.13287353515625,274.58868408203125,5586.77392578125,3036.29931640625,1486.317626953125,820.8207397460938,197.75421142578125,271.3948974609375,84.9000015258789,90.0999984741211,494.92047119140625,497.44000244140625,1196.1021728515625,52.0,100.0,100.0,0.0,251.60000610351562,269.8999938964844,270.79998779296875,268.8999938964844,272.8999938964844,5596.14501953125,3042.556640625,1486.9766845703125,823.7379760742188,200.2297821044922,267.3399963378906,97.5,100.0,209.9199981689453,287.5199890136719,9.999999747378752e-05,0.4375,3184.8037109375,39.0,100.0,72.0,39.0,12600.0,253.1512451171875,268.21539306640625,275.08404541015625,270.070556640625,274.29998779296875,5586.7138671875,3036.30126953125,1480.7799072265625,808.5841064453125,175.31964111328125,271.5478515625,89.19610595703125,89.35942840576172,327.35614013671875,500.0,0.0,0.0,5592.3984375,3039.363037109375,1485.130615234375,817.6929321289062,199.5419921875,253.243896484375,268.6234130859375,273.73211669921875,268.62847900390625,272.78643798828125,14.275446891784668,9.513307571411133,96.77851867675781,88.05238342285156,-0.4920072555541992,0.5419197082519531,-0.16235923767089844,268.82965087890625,268.3363037109375,102563.375,92249.28125,4.0,5.454073429107666,94.0,0.0,7620.0,2224.0,1488.0,16209.0,19.0,23.0,24.0,31.0,39.0,5.0,5.0,5.0,5.0,0.0,344.0,268.57000732421875,259.6499938964844,50.0,3.0,25.600000381469727,28.0
2024-03-23T14:52,2024-03-23T15:00,1,train,0,2024,3,14,1,2024-03-23T14:00,3,2024-03-23T12:00,3,2024-03-23T12:00,1,2024-03-23T14:00,3,2024-03-23T12:00,1,2024-03-23T14:00,5247.7998046875,0.0,100.0,100.0,100.0,1566.836669921875,1341.655029296875,30300.0,86300.0,10155.2919921875,6.82356071472168,250.24667358398438,265.9566650390625,267.5289306640625,267.67999267578125,271.582275390625,5524.15185546875,2977.297607421875,1449.4876708984375,155.08743286132812,265.1319580078125,94.9000015258789,322.5218811035156,70.72000122070312,300.0,0.0008999999845400453,2.7300000190734863,784.7059936523438,100.0,100.0,100.0,100.0,122.69723510742188,0.00047599998652003706,6.375,251.60595703125,266.16961669921875,264.7196044921875,264.9967041015625,268.9766845703125,5522.1181640625,2968.62255859375,1444.9691162109375,790.4390258789062,180.43028259277344,265.2588195800781,95.69999694824219,94.19999694824219,214.89181518554688,0.0,4354.12841796875,100.0,100.0,100.0,400.0,251.1999969482422,267.70001220703125,262.70001220703125,263.79998779296875,267.79998779296875,5523.3603515625,2963.9794921875,1434.1851806640625,785.2982177734375,171.1763916015625,261.69000244140625,90.30000305175781,92.0,820.6400146484375,0.0,0.0012000000569969416,8.4375,1144.1187744140625,98.0,100.0,98.0,53.0,400.775146484375,251.6177978515625,266.01123046875,267.115478515625,266.2607116699219,270.1131591796875,5521.76318359375,2972.632080078125,1445.991455078125,785.9639282226562,160.42843627929688,267.4119873046875,90.51564025878906,91.69818878173828,363.5938415527344,0.0,0.0007999999797903001,3.0625,5525.07421875,2974.338134765625,1448.086669921875,791.5347900390625,183.523681640625,250.85354614257812,266.0966796875,266.58148193359375,264.3887939453125,268.40643310546875,99.45625305175781,95.41201782226562,96.70658874511719,90.17668914794922,-1.199026107788086,0.6097507476806641,0.016877174377441406,264.06915283203125,262.80804443359375,102381.875,91938.234375,0.0,11.63431453704834,97.0,0.0,7620.0,0.0,0.0,209.0,84.0,95.0,100.0,100.0,100.0,87.0,94.0,97.0,100.0,0.0,321.0,263.0199890136719,260.70001220703125,81.0,94.0,27.200000762939453,29.600000381469727
2024-03-09T14:53,2024-03-09T15:00,24,train,1,2024,3,14,21,2024-03-08T18:00,21,2024-03-08T18:00,21,2024-03-08T18:00,24,2024-03-08T15:00,21,2024-03-08T18:00,24,2024-03-08T15:00,-999.0,0.0,2.0,100.0,100.0,9158.0185546875,1341.898193359375,42600.0,86700.0,11026.6923828125,7.700624942779541,251.9112091064453,268.94561767578125,272.38873291015625,270.60125732421875,274.64794921875,5600.0927734375,3044.052978515625,1496.31005859375,186.82896423339844,268.219970703125,80.4000015258789,299.01092529296875,545.4400024414062,19300.0,0.0,0.0,2103.49658203125,31.299999237060547,100.0,80.4000015258789,19.799999237060547,24134.88671875,4.0000000467443897e-07,0.0,253.6319580078125,269.5108947753906,269.4638977050781,270.8551940917969,275.4004211425781,5596.5869140625,3034.0576171875,1484.074951171875,818.5694580078125,193.73507690429688,272.23712158203125,75.0999984741211,78.80000305175781,548.1895141601562,628.7999877929688,1195.8350830078125,22.0,86.0,91.0,0.0,253.6999969482422,269.8999938964844,271.0,268.0,272.0,5606.18212890625,3039.782958984375,1484.589599609375,822.861083984375,196.11843872070312,266.739990234375,97.0,100.0,209.60000610351562,195.67999267578125,0.0,0.375,4237.06787109375,48.0,100.0,100.0,48.0,12700.0,252.6326141357422,268.57354736328125,274.3946838378906,269.56402587890625,273.8661804199219,5600.38330078125,3045.4912109375,1494.4189453125,823.7538452148438,191.59356689453125,270.9805603027344,88.84258270263672,88.28504180908203,339.9529113769531,430.0,0.0,0.0,5600.04296875,3039.117919921875,1481.315673828125,813.0496215820312,193.5068359375,253.86973571777344,269.171875,274.253173828125,269.1462097167969,273.30303955078125,10.671807289123535,10.674063682556152,89.11869049072266,80.07290649414062,-0.4640817642211914,0.5863685607910156,-0.1856670379638672,269.5555419921875,267.796142578125,102481.875,92192.8203125,0.5,5.763487815856934,79.0,0.0,7620.0,32.0,32.0,256.0,12.0,12.0,13.0,14.0,14.0,24.0,24.0,24.0,24.0,0.0,345.0,268.3999938964844,260.5199890136719,54.0,2.0,24.399999618530273,26.399999618530273
2024-03-09T14:53,2024-03-09T15:00,48,train,1,2024,3,14,45,2024-03-07T18:00,45,2024-03-07T18:00,45,2024-03-07T18:00,48,2024-03-07T15:00,45,2024-03-07T18:00,45,2024-03-07T18:00,-999.0,0.0,4.0,100.0,100.0,7293.8056640625,1341.981689453125,28500.0,86600.0,10072.2861328125,8.093411445617676,252.07315063476562,268.96746826171875,272.7294921875,270.4018249511719,274.43853759765625,5600.1640625,3039.228759765625,1489.565673828125,180.7334442138672,268.3683776855469,82.19999694824219,287.059814453125,570.8800048828125,18500.0,0.0,0.03999999910593033,1670.7760009765625,60.29999923706055,91.5,100.0,70.80000305175781,24135.07421875,1.6000000186977559e-06,0.0,252.98699951171875,268.7564697265625,272.1812438964844,269.9805908203125,274.50994873046875,5599.53369140625,3044.16259765625,1492.6937255859375,825.6176147460938,202.7579345703125,271.1925354003906,84.0,88.5999984741211,431.50604248046875,484.32000732421875,1196.0257568359375,35.0,100.0,15.0,0.0,253.39999389648438,268.5,272.8999938964844,267.29998779296875,271.29998779296875,5585.916015625,3032.7880859375,1479.6580810546875,818.4287719726562,193.5124969482422,265.80999755859375,97.19999694824219,100.0,371.67999267578125,52.63999938964844,0.0,0.3125,6483.76513671875,55.0,0.0,100.0,55.0,12600.0,253.2660675048828,268.99652099609375,274.482666015625,269.19244384765625,273.4729309082031,5616.8642578125,3046.882080078125,1495.76708984375,825.1617431640625,192.9595489501953,270.87432861328125,89.37859344482422,88.27572631835938,343.6038513183594,410.0,0.0,0.1875,5602.76953125,3045.768310546875,1489.589599609375,818.4923095703125,196.167724609375,252.94068908691406,268.88287353515625,275.08184814453125,270.25048828125,274.578125,12.38412094116211,5.701314449310303,69.03915405273438,58.503013610839844,-0.5304651260375977,0.5434579849243164,-0.02180957794189453,271.2974853515625,265.45733642578125,102496.375,92263.359375,0.0,4.8647050857543945,91.0,,,840.0,840.0,8987.0,39.0,40.0,,44.0,,39.0,,39.0,39.0,1.0,337.0,267.8999938964844,260.57000732421875,57.0,0.0,25.200000762939453,27.200000762939453
2024-04-13T14:47,2024-04-13T15:00,1,train,0,2024,4,14,1,2024-04-13T14:00,3,2024-04-13T12:00,3,2024-04-13T12:00,1,2024-04-13T14:00,3,2024-04-13T12:00,1,2024-04-13T14:00,-999.0,100.0,100.0,0.0,0.0,1343.0247802734375,1342.794921875,80600.0,84500.0,1884.7452392578125,6.328251361846924,251.65560913085938,264.27667236328125,273.73370361328125,278.51324462890625,282.7203369140625,5370.0244140625,2822.7255859375,1291.443603515625,-33.721824645996094,273.58685302734375,100.0,404.7866516113281,1373.43994140625,0.0,0.0,0.0,785.1032104492188,100.0,16.399999618530273,0.0,100.0,232.2862548828125,0.000309199996991083,1.625,252.07998657226562,264.34686279296875,274.56146240234375,278.9771728515625,283.1710510253906,5362.9013671875,2821.5537109375,1285.58056640625,598.4992065429688,-45.16084289550781,277.90838623046875,98.9000015258789,98.80000305175781,736.3003540039062,1511.0400390625,1196.147705078125,61.0,0.0,0.0,100.0,251.5,264.5,274.79998779296875,279.29998779296875,283.5,5369.16064453125,2818.349853515625,1284.817138671875,596.92529296875,-48.00728225708008,275.59002685546875,100.0,100.0,923.2000122070312,1529.760009765625,0.0008999999845400453,3.0625,925.8008422851562,100.0,1.0,0.0,100.0,10700.0,251.5464630126953,264.6638488769531,273.6527404785156,278.72393798828125,283.0481872558594,5380.951171875,2828.852294921875,1297.95068359375,612.9254150390625,-27.73846435546875,278.3415222167969,93.4908676147461,91.69058227539062,621.1506958007812,1410.0,0.0,0.0,5372.97265625,2826.352294921875,1291.282958984375,602.9581298828125,-41.62646484375,251.32920837402344,264.6969909667969,274.319580078125,280.360595703125,284.4893493652344,89.68429565429688,94.91751098632812,72.27039337158203,70.45553588867188,-0.3184633255004883,-0.33046913146972656,0.027889251708984375,279.00897216796875,275.13397216796875,99523.3125,89867.0859375,3.125,10.641902923583984,90.0,0.0,7620.0,0.0,0.0,209.0,85.0,90.0,100.0,100.0,100.0,70.0,73.0,74.0,74.0,39.0,597.0,271.30999755859375,270.6299743652344,95.0,18.0,19.600000381469727,21.200000762939453
2024-03-23T14:52,2024-03-23T15:00,48,train,0,2024,3,14,45,2024-03-21T18:00,45,2024-03-21T18:00,45,2024-03-21T18:00,48,2024-03-21T15:00,45,2024-03-21T18:00,45,2024-03-21T18:00,4771.0,13.0,100.0,100.0,100.0,1459.5616455078125,1341.515869140625,30300.0,86300.0,11590.2216796875,7.311622619628906,250.73550415039062,266.8865051269531,267.08233642578125,267.70208740234375,271.65423583984375,5537.408203125,2983.243896484375,1453.078857421875,157.9296112060547,263.91619873046875,92.80000305175781,316.92169189453125,0.0,400.0,0.000699999975040555,19.18000030517578,784.7076416015625,100.0,100.0,100.0,100.0,107.95801544189453,0.0009564000065438449,8.4375,252.16673278808594,266.99188232421875,266.597412109375,266.3121032714844,270.35223388671875,5531.3701171875,2968.313720703125,1439.233154296875,780.42529296875,167.1801300048828,266.4070739746094,96.5999984741211,95.30000305175781,166.69073486328125,0.0,2276.595947265625,100.0,100.0,100.0,500.0,251.10000610351562,267.1000061035156,265.8999938964844,263.29998779296875,267.20001220703125,5525.7509765625,2969.457275390625,1440.5360107421875,790.981689453125,175.35821533203125,261.29998779296875,88.30000305175781,90.0,825.1199951171875,0.0,0.000699999975040555,9.125,1432.444091796875,63.0,100.0,100.0,28.0,424.37005615234375,251.28465270996094,267.4439392089844,270.6260681152344,267.8554992675781,271.5815734863281,5529.68310546875,2968.593505859375,1428.991943359375,763.4805297851562,133.10977172851562,268.92352294921875,89.182861328125,90.60910034179688,344.2803955078125,130.0,0.00139999995008111,12.1875,5524.71875,2970.40869140625,1441.706298828125,784.2122802734375,176.0029296875,251.1627197265625,266.5130310058594,266.7783508300781,264.5534973144531,268.5740966796875,98.23229217529297,97.60153198242188,97.6422119140625,91.13339233398438,-0.8723297119140625,0.21065998077392578,-0.11723995208740234,264.50421142578125,263.31475830078125,102262.875,91842.21875,0.0,12.026826858520508,95.0,,,96.0,24.0,256.0,90.0,94.0,,97.0,,79.0,,100.0,100.0,0.0,275.0,263.77996826171875,261.2099914550781,82.0,1.5240000486373901,34.400001525878906,38.79999923706055
2024-03-23T14:52,2024-03-23T15:00,24,train,0,2024,3,14,21,2024-03-22T18:00,21,2024-03-22T18:00,21,2024-03-22T18:00,24,2024-03-22T15:00,21,2024-03-22T18:00,24,2024-03-22T15:00,5003.39990234375,0.0,100.0,100.0,100.0,1459.678466796875,1341.5118408203125,26800.0,86200.0,11249.0087890625,5.67240047454834,250.15927124023438,266.63104248046875,266.7652893066406,267.49237060546875,271.4669189453125,5520.966796875,2970.3994140625,1441.7451171875,146.3550262451172,263.3602294921875,92.5999984741211,319.57763671875,0.0,300.0,0.0010000000474974513,19.90999984741211,784.714599609375,100.0,100.0,100.0,100.0,121.45457458496094,0.0006364000146277249,6.75,251.69140625,266.4451904296875,265.1688232421875,265.70037841796875,269.7281188964844,5523.17578125,2967.157470703125,1442.4715576171875,785.7780151367188,173.9746551513672,265.98150634765625,96.0999984741211,94.80000305175781,164.94871520996094,0.0,1651.52685546875,100.0,100.0,100.0,500.0,251.10000610351562,267.6000061035156,260.8999938964844,264.0,268.0,5521.4365234375,2965.729248046875,1437.83251953125,789.04541015625,176.0659942626953,263.04998779296875,91.19999694824219,93.0,448.4800109863281,0.0,0.0008999999845400453,8.75,1419.97607421875,97.0,100.0,100.0,34.0,500.44329833984375,250.8604736328125,266.9695129394531,266.60894775390625,265.46380615234375,269.56536865234375,5522.3232421875,2965.478759765625,1438.214599609375,780.0511474609375,153.16494750976562,266.7432556152344,89.46993255615234,90.4556884765625,393.0909423828125,0.0,0.0005499999970197678,13.8125,5528.02734375,2970.277099609375,1446.79541015625,790.2220458984375,181.2919921875,251.1164093017578,266.78778076171875,265.66461181640625,264.90802001953125,268.75408935546875,99.01042175292969,96.10729217529297,95.97725677490234,90.43170928955078,-1.61395263671875,0.7368927001953125,0.052458763122558594,264.25433349609375,263.1635437011719,102354.875,91918.328125,0.0,11.783346176147461,96.0,0.0,7620.0,30.0,32.0,0.0,82.0,82.0,84.0,85.0,85.0,88.0,97.0,100.0,100.0,0.0,322.0,262.5,260.1399841308594,84.0,87.0,32.400001525878906,34.79999923706055
2024-05-14T09:47,2024-05-14T10:00,24,train,0,2024,5,9,22,2024-05-13T12:00,22,2024-05-13T12:00,22,2024-05-13T12:00,25,2024-05-13T09:00,21,2024-05-13T12:00,24,2024-05-13T10:00,3508.60009765625,96.0,100.0,41.0,98.0,1344.139892578125,1343.93603515625,52700.0,86400.0,10585.173828125,4.87387228012085,255.76922607421875,271.32171630859375,280.6468811035156,283.68585205078125,287.50469970703125,5653.9189453125,3052.959716796875,1479.39990234375,122.31503295898438,280.4447326660156,98.19999694824219,383.5072326660156,2695.0400390625,300.0,0.0003000000142492354,11.09000015258789,946.4764404296875,72.4000015258789,44.900001525878906,100.0,67.80000305175781,2624.385009765625,3.7599998904624954e-05,2.3125,256.5890808105469,271.2630920410156,280.9362487792969,281.396240234375,285.56622314453125,5654.9443359375,3047.771240234375,1471.76611328125,770.76318359375,121.10183715820312,281.2168884277344,99.30000305175781,98.30000305175781,115.6924819946289,2759.840087890625,2207.60986328125,88.0,93.0,72.0,900.0,256.6000061035156,272.8999938964844,281.20001220703125,285.0,289.29998779296875,5663.82666015625,3051.4873046875,1472.20751953125,768.8462524414062,124.0944595336914,282.2300109863281,97.30000305175781,98.0,389.8399963378906,2993.919921875,0.016899999231100082,8.5,3409.092041015625,82.0,100.0,66.0,25.0,6600.0,255.7908935546875,272.0048522949219,281.533203125,283.93353271484375,287.186279296875,5656.25439453125,3051.1396484375,1474.648681640625,771.3451538085938,115.3307113647461,283.1312255859375,92.54898071289062,93.03136444091797,322.8310852050781,2840.0,0.0004299999854993075,6.4375,5665.25390625,3056.695068359375,1475.6083984375,771.716796875,122.567626953125,256.30059814453125,271.98699951171875,282.7479248046875,282.6927490234375,286.5740966796875,85.25553131103516,81.64541625976562,89.40904998779297,95.93482208251953,0.1490936279296875,0.1022348403930664,0.15838336944580078,279.0962829589844,278.8150329589844,101439.9375,91747.28125,5.0,21.368927001953125,86.0,0.0,7620.0,32.0,32.0,256.0,59.0,60.0,62.0,62.0,66.0,54.0,60.0,64.0,65.0,4.0,189.0,277.80999755859375,277.03997802734375,95.0,39.0,22.799999237060547,24.399999618530273
2024-04-13T14:47,2024-04-13T15:00,24,train,0,2024,4,14,21,2024-04-12T18:00,21,2024-04-12T18:00,21,2024-04-12T18:00,24,2024-04-12T15:00,21,2024-04-12T18:00,24,2024-04-12T15:00,2221.159912109375,100.0,100.0,22.0,0.0,1342.955078125,1342.830078125,70400.0,84300.0,3049.495849609375,6.85165548324585,251.70098876953125,264.4908142089844,273.2845764160156,278.0746154785156,282.23944091796875,5358.728515625,2801.491455078125,1271.822021484375,-52.617095947265625,273.42352294921875,100.0,464.8920593261719,1334.0799560546875,100.0,0.0006000000284984708,18.351999282836914,785.0325317382812,93.0,38.599998474121094,0.0,100.0,48.39214324951172,8.320000051753595e-05,1.5625,251.70628356933594,262.97589111328125,271.9696960449219,277.19744873046875,281.3453674316406,5360.3515625,2801.82763671875,1279.165283203125,598.0341186523438,-41.22640609741211,276.2208557128906,98.19999694824219,98.19999694824219,435.30322265625,1088.9599609375,1195.9598388671875,84.0,8.0,0.0,100.0,252.89999389648438,262.8999938964844,273.79998779296875,278.29998779296875,282.3999938964844,5352.724609375,2800.6728515625,1269.2353515625,584.0965576171875,-56.03634262084961,274.41998291015625,100.0,100.0,327.8399963378906,1408.800048828125,0.001500000013038516,8.3125,1623.524658203125,100.0,43.0,0.0,96.0,18700.0,252.02471923828125,264.1942443847656,272.2723693847656,278.5346374511719,282.88739013671875,5355.06103515625,2800.695556640625,1280.01904296875,596.904296875,-43.40968322753906,277.7235107421875,81.17314147949219,76.09904479980469,1049.03369140625,1210.0,0.0,6.375,5361.34765625,2809.44580078125,1278.352783203125,593.7843017578125,-46.54296875,251.5751190185547,264.12286376953125,273.3808898925781,278.5263977050781,282.61346435546875,98.55784606933594,98.29008483886719,84.04280090332031,83.799560546875,-0.08504486083984375,-0.4596738815307617,-0.0060253143310546875,276.65216064453125,274.83966064453125,99470.375,89752.421875,0.75,11.198681831359863,87.0,0.0,7620.0,32.0,32.0,256.0,96.0,97.0,100.0,100.0,100.0,57.0,63.0,66.0,72.0,31.0,637.0,270.6499938964844,269.9700012207031,96.0,37.0,20.799999237060547,22.799999237060547
2024-06-15T14:47,2024-06-15T15:00,1,train,0,2024,6,14,1,2024-06-15T14:00,3,2024-06-15T12:00,3,2024-06-15T12:00,1,2024-06-15T14:00,3,2024-06-15T12:00,1,2024-06-15T14:00,-999.0,0.0,2.0,0.0,0.0,nan,nan,nan,nan,nan,9.23234748840332,256.1540222167969,273.4554443359375,279.0067138671875,283.70391845703125,288.262451171875,5662.7236328125,3052.01171875,1479.671142578125,121.98094940185547,281.03790283203125,76.0,386.88763427734375,3206.745361328125,20900.0,0.0,0.0,20000.134765625,0.5,0.0,3.5999999046325684,0.0,24135.103515625,0.0,0.0,256.1505126953125,274.73614501953125,278.44085693359375,286.1566162109375,290.59783935546875,5663.0107421875,3046.15673828125,1476.860107421875,777.651611328125,119.1963119506836,287.6097717285156,38.20000076293945,39.79999923706055,1325.9166259765625,3037.60009765625,20000.076171875,2.0,0.0,0.0,24100.0,256.8999938964844,273.79998779296875,277.79998779296875,283.6000061035156,287.79998779296875,5666.0224609375,3047.28857421875,1477.9378662109375,779.757080078125,117.36158752441406,283.4800109863281,73.4000015258789,84.0,703.9199829101562,3290.880126953125,0.0,0.0,nan,43.0,0.0,0.0,43.0,23400.0,256.2132263183594,272.65423583984375,278.0784606933594,283.49481201171875,288.54254150390625,5666.23046875,3058.53076171875,1488.9188232421875,792.778076171875,133.6859130859375,285.05401611328125,72.84756469726562,67.36957550048828,752.3632202148438,3030.0,0.0,0.0,5666.109375,3049.341064453125,1477.42236328125,782.2864379882812,129.587890625,256.976806640625,273.33843994140625,277.1462097167969,283.540283203125,287.8634948730469,10.876106262207031,68.6389389038086,56.17280578613281,53.10026931762695,0.07254409790039062,0.7235841751098633,0.33317089080810547,284.9374084472656,276.8436584472656,101556.0,91845.734375,0.0,6.270547866821289,5.0,0.0,7620.0,88888.0,2160.0,402.0,8.0,15.0,20.0,22.0,25.0,28.0,28.0,28.0,28.0,3.0,0.0,276.44000244140625,272.3299865722656,74.0,2.0,23.600000381469727,24.700000762939453
2024-05-14T09:47,2024-05-14T10:00,48,train,0,2024,5,9,46,2024-05-12T12:00,46,2024-05-12T12:00,46,2024-05-12T12:00,49,2024-05-12T09:00,45,2024-05-12T12:00,36,2024-05-12T22:00,3400.60009765625,100.0,100.0,100.0,11.0,1344.155029296875,1343.9454345703125,39600.0,86300.0,7897.546875,7.0928425788879395,255.69326782226562,271.9517822265625,280.73492431640625,283.31787109375,287.13409423828125,5647.84521484375,3045.533203125,1471.0029296875,114.26876831054688,280.3058776855469,97.19999694824219,344.82965087890625,2984.47998046875,100.0,0.0003000000142492354,15.300000190734863,785.3433227539062,100.0,95.69999694824219,98.80000305175781,93.0,97.92921447753906,3.239999932702631e-05,1.0,257.686279296875,271.3456115722656,281.1714172363281,280.453369140625,284.6553039550781,5632.45947265625,3022.688232421875,1445.489501953125,745.126708984375,97.73046875,280.1386413574219,99.5,99.19999694824219,103.35198974609375,2725.760009765625,20000.01171875,42.0,26.0,0.0,24100.0,256.6000061035156,272.8999938964844,282.6000061035156,286.8999938964844,291.20001220703125,5663.12744140625,3051.74658203125,1468.232177734375,760.17236328125,115.52411651611328,283.8399963378906,85.5,86.0,649.8400268554688,3021.1201171875,0.0,0.1875,1308.6483154296875,97.0,100.0,100.0,52.0,10000.0,255.98019409179688,272.08807373046875,281.0676574707031,282.83251953125,285.90826416015625,5651.44775390625,3045.61328125,1470.24169921875,768.0723876953125,113.63285827636719,281.66009521484375,92.40375518798828,95.24857330322266,298.6013488769531,2860.0,4.999999873689376e-05,5.375,5643.359375,3033.9931640625,1453.658935546875,752.2890625,104.2197265625,256.15155029296875,272.4609069824219,281.6610107421875,282.02606201171875,285.9832458496094,93.92051696777344,91.14582824707031,92.32081604003906,96.36734008789062,0.14817142486572266,-0.04392242431640625,0.033356666564941406,278.10589599609375,278.07464599609375,101221.125,91526.875,0.75,22.037700653076172,75.0,0.0,7620.0,32.0,32.0,256.0,62.0,62.0,63.0,66.0,75.0,47.0,51.0,58.0,68.0,3.0,169.0,277.67999267578125,277.33001708984375,95.0,55.0,22.0,24.0
2024-04-13T14:47,2024-04-13T15:00,48,train,0,2024,4,14,45,2024-04-11T18:00,45,2024-04-11T18:00,45,2024-04-11T18:00,48,2024-04-11T15:00,45,2024-04-11T18:00,45,2024-04-11T18:00,-999.0,100.0,100.0,6.0,0.0,1342.829833984375,1342.6834716796875,76700.0,84100.0,2269.628173828125,7.344804286956787,252.43211364746094,262.76531982421875,272.69818115234375,277.9454345703125,282.11175537109375,5326.44921875,2774.4931640625,1251.382080078125,-67.55239868164062,272.51824951171875,100.0,669.5968017578125,1213.760009765625,100.0,0.0,134.02000427246094,785.0330810546875,97.0999984741211,97.30000305175781,0.0,100.0,65.431396484375,9.439999848837033e-05,1.0,251.7616729736328,262.76824951171875,272.1754150390625,277.6557922363281,281.8149719238281,5344.42236328125,2794.31884765625,1272.29736328125,590.2606811523438,-50.06143569946289,276.79083251953125,96.5,96.4000015258789,459.34991455078125,1121.1199951171875,1951.9583740234375,97.0,88.0,0.0,2000.0,253.8000030517578,262.79998779296875,270.0,274.3999938964844,278.5,5322.076171875,2765.745849609375,1246.901123046875,571.8197021484375,-62.985626220703125,271.0299987792969,92.5,95.0,363.3599853515625,854.719970703125,0.00019999999494757503,8.75,1311.5439453125,95.0,100.0,67.0,95.0,16200.0,253.21197509765625,264.6430358886719,272.5166320800781,278.3195495605469,282.6193542480469,5341.8642578125,2782.01318359375,1257.4853515625,574.4049072265625,-65.52984619140625,277.7225646972656,86.64226531982422,83.61267852783203,768.514404296875,1200.0,0.0,37.9375,5377.2734375,2824.453125,1289.979736328125,603.0257568359375,-39.625244140625,251.21673583984375,264.7347412109375,274.127197265625,279.56640625,283.68829345703125,95.4043197631836,94.86375427246094,79.16920471191406,78.54044342041016,0.14786624908447266,0.1436901092529297,-0.015566825866699219,277.5656433105469,275.5031433105469,99556.5,89858.0234375,3.375,11.877985000610352,78.0,,,56.0,24.0,9889.0,81.0,82.0,,83.0,,49.0,,56.0,62.0,39.0,651.0,271.3600158691406,270.47998046875,94.0,0.2540000081062317,21.200000762939453,23.200000762939453
2024-05-14T09:47,2024-05-14T10:00,1,train,0,2024,5,9,1,2024-05-14T09:00,4,2024-05-14T06:00,4,2024-05-14T06:00,1,2024-05-14T09:00,3,2024-05-14T06:00,1,2024-05-14T09:00,5838.2001953125,0.0,5.0,100.0,0.0,nan,1344.0802001953125,39600.0,86400.0,nan,5.826796054840088,255.56216430664062,272.1962890625,281.833740234375,284.45709228515625,288.25994873046875,5659.86328125,3054.9013671875,1476.75732421875,114.94117736816406,280.8979797363281,92.69999694824219,281.1974792480469,2974.8798828125,4600.0,0.000699999975040555,2.490000009536743,1724.1588134765625,100.0,45.79999923706055,5.0,37.900001525878906,24134.947265625,2.719999974942766e-05,1.625,255.990234375,271.7538146972656,281.401611328125,280.6469421386719,284.7569580078125,5656.466796875,3051.367919921875,1474.218017578125,773.5159912109375,125.92054748535156,280.4134521484375,96.9000015258789,94.19999694824219,95.30455780029297,2830.080078125,3042.78271484375,87.0,90.0,1.0,4000.0,256.0,272.79998779296875,281.3999938964844,286.3999938964844,290.70001220703125,5666.20751953125,3059.52001953125,1479.260498046875,772.8115234375,129.08375549316406,283.6700134277344,93.0,93.0,391.0400085449219,2987.679931640625,0.0015999999595806003,3.1875,2004.0286865234375,100.0,100.0,0.0,0.0,6700.0,255.40098571777344,271.94464111328125,281.8131408691406,283.2543029785156,286.358154296875,5662.52685546875,3059.193359375,1480.116943359375,777.2326049804688,121.49299621582031,282.0611572265625,90.40103912353516,83.92141723632812,100.71160888671875,2870.0,0.000539999979082495,1.5,5658.8828125,3053.463134765625,1476.579833984375,773.4229736328125,123.300537109375,256.2239074707031,271.65155029296875,281.7972412109375,283.164306640625,286.9888916015625,100.08661651611328,76.14916229248047,82.0044174194336,90.21207427978516,-0.10396194458007812,0.5425958633422852,0.21553516387939453,279.97589111328125,278.38214111328125,101431.3125,91756.046875,5.0,20.837570190429688,86.0,0.0,7620.0,0.0,0.0,209.0,89.0,100.0,100.0,100.0,100.0,66.0,68.0,71.0,75.0,11.0,155.0,277.75,276.52996826171875,94.0,57.0,20.0,21.600000381469727
2024-08-07T11:51,2024-08-07T12:00,1,train,1,2024,8,11,1,2024-08-07T11:00,6,2024-08-07T06:00,6,2024-08-07T06:00,1,2024-08-07T11:00,0,2024-08-07T12:00,1,2024-08-07T11:00,-999.0,0.0,0.0,0.0,0.0,nan,nan,nan,nan,nan,1.632225751876831,261.5624694824219,276.2727355957031,281.75970458984375,286.16412353515625,290.3390808105469,5754.27587890625,3098.91259765625,1515.48583984375,142.96383666992188,283.4283447265625,75.5,344.42236328125,3934.82275390625,21600.0,0.0,0.0,19999.80078125,0.0,0.0,0.0,0.0,24134.77734375,3.999999989900971e-06,0.0,262.2538146972656,276.4270935058594,281.8578796386719,287.537353515625,291.94012451171875,5752.13623046875,3093.690185546875,1509.975341796875,802.860595703125,141.7146453857422,288.424072265625,69.4000015258789,69.69999694824219,339.43157958984375,3912.9599609375,20000.19140625,2.0,0.0,13.0,24100.0,261.70001220703125,276.8999938964844,281.0,285.79998779296875,290.1000061035156,5754.08837890625,3092.2294921875,1505.4906005859375,800.84814453125,136.28091430664062,284.489990234375,88.0,93.0,437.6000061035156,4015.360107421875,0.0,0.0,nan,51.0,0.0,0.0,51.0,18900.0,261.5723876953125,276.5772399902344,282.2856750488281,286.3724365234375,289.95294189453125,5755.70263671875,3097.783935546875,1513.4300537109375,806.7427978515625,141.8282470703125,286.7691955566406,80.83255767822266,72.70252227783203,241.330810546875,3970.0,0.0,0.0,5759.921875,3099.261962890625,1512.975830078125,807.053955078125,148.500244140625,262.0397644042969,277.005859375,281.2685546875,286.76165771484375,290.94415283203125,7.565820693969727,75.24727630615234,68.43389892578125,70.01114654541016,0.2573823928833008,-0.01944732666015625,0.05292797088623047,287.53485107421875,281.17950439453125,101767.8125,92143.4921875,0.0,11.827743530273438,8.0,0.0,7620.0,88888.0,656.0,16209.0,9.0,9.0,10.0,10.0,11.0,0.0,0.0,0.0,0.0,4.0,0.0,279.8500061035156,276.6499938964844,80.0,0.0,4.0,4.0
2024-08-07T11:51,2024-08-07T12:00,24,train,1,2024,8,11,24,2024-08-06T12:00,24,2024-08-06T12:00,24,2024-08-06T12:00,21,2024-08-06T15:00,24,2024-08-06T12:00,24,2024-08-06T12:00,-999.0,0.0,2.0,0.0,0.0,nan,nan,nan,nan,nan,1.505753755569458,261.35308837890625,275.410888671875,281.60968017578125,287.1123046875,291.4737243652344,5747.1728515625,3094.7568359375,1512.572021484375,139.22096252441406,283.4577941894531,80.80000305175781,478.5000915527344,3830.81787109375,18700.0,0.0,0.0,20000.189453125,0.0,0.0,0.0,2.200000047683716,24135.03515625,0.0,0.0,262.686279296875,276.7773742675781,281.38641357421875,287.1971435546875,291.5551452636719,5748.11376953125,3089.154296875,1504.026123046875,798.3424072265625,137.9247283935547,288.07757568359375,63.70000076293945,63.5,376.0701904296875,3711.360107421875,9084.861328125,13.0,0.0,99.0,24100.0,262.5,277.0,281.20001220703125,284.79998779296875,289.1000061035156,5743.90869140625,3084.679931640625,1496.7723388671875,793.9046020507812,131.9651641845703,282.6000061035156,88.80000305175781,86.0,145.1999969482422,3932.320068359375,0.0,0.0,9446.822265625,0.0,0.0,100.0,0.0,25400.0,261.23455810546875,275.36279296875,281.7311706542969,287.1385498046875,291.0538024902344,5749.77734375,3099.04052734375,1515.45263671875,809.1783447265625,144.0734405517578,287.090576171875,68.79364013671875,59.07698440551758,474.90130615234375,3650.0,0.0,0.0,5756.27734375,3093.585205078125,1504.069091796875,796.78271484375,137.046142578125,261.99432373046875,277.0720520019531,282.08740234375,287.4316101074219,291.70111083984375,9.520498275756836,60.014163970947266,61.79287338256836,73.79481506347656,0.22484111785888672,0.051016807556152344,-0.0677804946899414,287.3887634277344,281.85858154296875,101635.125,92026.515625,0.0,10.24577808380127,42.0,43.0,8604.0,0.0,0.0,209.0,45.0,46.0,46.0,46.0,48.0,58.0,62.0,64.0,66.0,1.0,0.0,279.8899841308594,276.6000061035156,81.0,1.0,5.199999809265137,5.599999904632568
2024-08-07T11:51,2024-08-07T12:00,48,train,1,2024,8,11,48,2024-08-05T12:00,48,2024-08-05T12:00,48,2024-08-05T12:00,45,2024-08-05T15:00,48,2024-08-05T12:00,48,2024-08-05T12:00,-999.0,0.0,0.0,94.0,100.0,8001.4150390625,7609.58984375,25200.0,38900.0,11023.716796875,1.596888542175293,261.29937744140625,275.40771484375,281.30487060546875,286.84197998046875,291.1238708496094,5734.5166015625,3086.3408203125,1506.6632080078125,135.19461059570312,283.0060729980469,72.0,448.2980651855469,3701.55322265625,23600.0,0.0,7.659999847412109,20000.169921875,0.0,0.0,0.0,0.0,24134.697265625,0.0,0.0,261.15509033203125,275.3934326171875,281.62359619140625,287.27362060546875,291.6235046386719,5733.544921875,3085.176025390625,1504.074462890625,798.114990234375,137.85098266601562,287.893310546875,55.79999923706055,54.400001525878906,278.59576416015625,3579.360107421875,7932.1279296875,1.0,27.0,100.0,24100.0,261.8999938964844,277.20001220703125,282.29998779296875,287.29998779296875,291.6000061035156,5744.65283203125,3088.988037109375,1499.115966796875,791.6495361328125,130.2869415283203,285.5799865722656,61.20000076293945,61.0,305.1199951171875,3848.159912109375,0.0,0.0,8817.8095703125,0.0,0.0,100.0,0.0,26300.0,261.82489013671875,274.5703125,280.4165954589844,286.29901123046875,290.2803955078125,5734.8623046875,3087.806396484375,1515.55908203125,811.8834838867188,148.71676635742188,286.6777038574219,67.32884979248047,60.65367889404297,944.1647338867188,3540.0,0.0,19.625,5750.37109375,3088.70458984375,1498.941650390625,791.94384765625,132.616455078125,262.7493591308594,276.67767333984375,282.0162048339844,287.0965270996094,291.3739013671875,10.163708686828613,62.4560546875,63.09355545043945,71.24042510986328,0.16642379760742188,-0.040966033935546875,0.026734352111816406,287.46368408203125,281.45068359375,101589.25,91979.7734375,0.0,9.264348983764648,51.0,,,88888.0,32.0,7808.0,13.0,13.0,,13.0,,44.0,,44.0,44.0,2.0,0.0,279.7799987792969,276.5299987792969,81.0,12.0,6.400000095367432,6.5
2024-06-15T14:47,2024-06-15T15:00,48,train,0,2024,6,14,45,2024-06-13T18:00,45,2024-06-13T18:00,45,2024-06-13T18:00,48,2024-06-13T15:00,45,2024-06-13T18:00,45,2024-06-13T18:00,-999.0,0.0,3.0,0.0,0.0,nan,nan,nan,nan,nan,7.477297306060791,256.9788513183594,273.3531188964844,279.48345947265625,284.838623046875,289.428955078125,5676.9130859375,3060.682373046875,1488.6103515625,127.95545959472656,282.0788879394531,78.19999694824219,414.811767578125,3164.357421875,19700.0,0.0,2.859999895095825,20000.16015625,0.0,0.0,0.0,0.0,24135.2109375,0.0,0.0,256.6734313964844,273.6434631347656,278.0932312011719,285.8393249511719,290.3064880371094,5658.23828125,3041.8388671875,1479.052490234375,780.7284545898438,122.74315643310547,287.21697998046875,37.599998474121094,39.0,1386.4295654296875,2929.760009765625,20000.072265625,4.0,0.0,0.0,0.0,257.29998779296875,274.70001220703125,278.0,282.5,286.70001220703125,5682.12451171875,3056.558349609375,1478.38232421875,782.2425537109375,118.42871856689453,280.9599914550781,99.30000305175781,100.0,341.760009765625,3371.360107421875,0.0,0.3125,1644.6180419921875,100.0,100.0,96.0,59.0,19300.0,257.1549377441406,271.78765869140625,279.9188232421875,286.1771240234375,291.0523681640625,5670.0185546875,3054.676025390625,1485.701171875,782.6934814453125,121.83479309082031,287.0461730957031,80.0,76.28536987304688,986.167236328125,2630.0,3.9999998989515007e-05,8.625,5674.41015625,3053.274658203125,1477.877197265625,772.307373046875,111.906982421875,257.77166748046875,273.7984619140625,280.50439453125,287.5767822265625,291.9948425292969,7.430595397949219,80.10822296142578,55.864662170410156,52.23111343383789,-0.12521743774414062,0.25408935546875,0.28578853607177734,288.9964904785156,280.5589904785156,101338.0,91749.7890625,7.75,9.336064338684082,20.0,,,88888.0,64.0,9750.0,27.0,29.0,,30.0,,44.0,,44.0,44.0,7.0,192.0,278.8999938964844,274.71002197265625,75.0,0.2540000081062317,19.600000381469727,20.299999237060547
2024-06-15T14:47,2024-06-15T15:00,24,train,0,2024,6,14,21,2024-06-14T18:00,21,2024-06-14T18:00,21,2024-06-14T18:00,24,2024-06-14T15:00,21,2024-06-14T18:00,24,2024-06-14T15:00,-999.0,0.0,1.0,0.0,0.0,nan,nan,nan,nan,nan,8.456342697143555,257.11199951171875,273.26141357421875,278.20550537109375,282.4251708984375,286.83209228515625,5663.35546875,3050.2900390625,1480.2154541015625,126.23103332519531,279.54742431640625,71.5,356.6259765625,3113.68701171875,23800.0,0.0,4.829999923706055,20000.123046875,0.10000000149011612,0.0,0.0,16.399999618530273,24134.984375,0.0,0.0,257.3355712890625,273.3579406738281,279.3101806640625,286.9429626464844,291.35479736328125,5664.63232421875,3050.32421875,1481.116943359375,779.2866821289062,119.54468536376953,288.4267578125,45.900001525878906,48.400001525878906,1349.719482421875,3090.56005859375,19999.94921875,3.0,0.0,0.0,24100.0,256.79998779296875,273.3999938964844,277.0,282.79998779296875,287.0,5667.728515625,3051.72216796875,1476.5531005859375,780.5827026367188,120.54167938232422,282.8999938964844,70.4000015258789,81.0,430.6400146484375,3111.52001953125,0.0,0.0,nan,32.0,0.0,0.0,32.0,22500.0,257.33172607421875,273.9873046875,275.8587341308594,280.2364501953125,285.16436767578125,5662.14794921875,3041.944091796875,1472.356201171875,783.94921875,128.1932830810547,281.97723388671875,73.0,70.07303619384766,583.8023071289062,3250.0,0.0,9.6875,5667.10546875,3051.049072265625,1480.9462890625,781.199951171875,124.557861328125,257.2458801269531,273.1285400390625,278.29693603515625,285.3521728515625,289.73797607421875,8.334579467773438,75.15754699707031,52.20144271850586,48.93775177001953,0.024827003479003906,0.41067028045654297,0.3140878677368164,286.616943359375,277.585693359375,101483.5,91831.375,0.0,7.213180065155029,13.0,0.0,7620.0,32.0,32.0,209.0,26.0,30.0,31.0,34.0,38.0,48.0,48.0,48.0,48.0,2.0,0.0,277.3900146484375,272.55999755859375,71.0,0.0,19.200000762939453,19.899999618530273
2024-09-02T14:47,2024-09-02T15:00,1,train,0,2024,9,14,1,2024-09-02T14:00,3,2024-09-02T12:00,3,2024-09-02T12:00,1,2024-09-02T14:00,3,2024-09-02T12:00,1,2024-09-02T14:00,-999.0,14.0,14.0,0.0,0.0,nan,nan,nan,nan,nan,6.800307273864746,257.10028076171875,271.2578125,278.51953125,284.54534912109375,289.1036376953125,5648.6591796875,3044.31640625,1483.1845703125,126.21295166015625,281.31683349609375,83.80000305175781,486.87042236328125,2924.545166015625,17400.0,0.0,0.0,19999.99609375,29.200000762939453,0.0,0.0,0.0,24134.90234375,9.60000033956021e-06,0.0,258.1716003417969,272.0591735839844,279.1734619140625,286.6142272949219,291.0581359863281,5653.47998046875,3043.224609375,1484.4310302734375,782.8733520507812,123.5196533203125,287.8563232421875,50.20000076293945,52.400001525878906,1722.54296875,2153.760009765625,20000.138671875,33.0,0.0,0.0,24100.0,257.79998779296875,271.3999938964844,278.79998779296875,284.5,288.70001220703125,5655.38037109375,3044.03125,1482.82080078125,782.2239379882812,119.70269012451172,284.0099792480469,76.9000015258789,85.0,777.3599853515625,2509.929443359375,0.0,0.125,nan,43.0,0.0,0.0,43.0,23600.0,257.39752197265625,270.89129638671875,278.22674560546875,284.67059326171875,289.59808349609375,5651.4140625,3048.072021484375,1489.84765625,791.236328125,133.31509399414062,285.8062744140625,71.00410461425781,67.23169708251953,1095.297119140625,2290.046875,0.0,0.0,5657.34765625,3047.980712890625,1487.468505859375,787.6096801757812,131.2216796875,257.5006103515625,271.5079345703125,278.61041259765625,285.172119140625,289.5713806152344,27.51620101928711,80.50054931640625,59.420040130615234,56.45716094970703,0.2879037857055664,0.6820993423461914,0.5771732330322266,286.285400390625,278.660400390625,101569.375,91916.2109375,4.75,10.47616958618164,16.0,0.0,7620.0,88888.0,720.0,256.0,24.0,27.0,29.0,29.0,32.0,68.0,68.0,68.0,68.0,17.0,136.0,277.19000244140625,273.53997802734375,77.0,0.0,16.799999237060547,18.5
2024-09-11T10:56,2024-09-11T11:00,1,train,0,2024,9,10,1,2024-09-11T10:00,5,2024-09-11T06:00,5,2024-09-11T06:00,1,2024-09-11T10:00,0,2024-09-11T12:00,1,2024-09-11T10:00,-999.0,0.0,0.0,0.0,0.0,nan,nan,nan,nan,nan,9.53549575805664,259.9185791015625,275.39923095703125,282.9566650390625,284.8868408203125,288.4584045410156,5775.7548828125,3131.86328125,1541.943603515625,174.923828125,280.428466796875,59.599998474121094,200.26693725585938,3656.47412109375,30500.0,0.0,0.0,20000.060546875,0.0,0.0,0.0,0.0,24135.01953125,0.0,0.0,259.8244934082031,275.6180419921875,281.1082763671875,283.48828125,286.1220397949219,5767.0888671875,3125.4033203125,1538.69580078125,836.111328125,185.7051239013672,281.70391845703125,73.30000305175781,62.099998474121094,43.93183898925781,3593.280029296875,20000.158203125,2.0,0.0,0.0,24100.0,259.6000061035156,275.1000061035156,281.5,284.5,288.70001220703125,5768.90966796875,3127.065673828125,1539.7032470703125,837.4109497070312,184.8739471435547,281.67999267578125,87.69999694824219,86.0,263.5199890136719,3556.800048828125,0.0,0.0,nan,0.0,0.0,0.0,0.0,16800.0,260.1114196777344,275.4901428222656,282.5290222167969,284.9567565917969,286.9241943359375,5766.66162109375,3124.72607421875,1534.8665771484375,830.178955078125,170.07070922851562,280.5660400390625,74.3983383178711,72.00118255615234,195.4013214111328,3573.90966796875,0.0,0.0,5777.4453125,3137.28759765625,1547.4755859375,843.9965209960938,189.310546875,259.4306640625,275.92584228515625,282.04541015625,284.628173828125,289.0238037109375,58.533668518066406,61.793365478515625,63.75354766845703,75.61972045898438,-0.03144645690917969,0.6424036026000977,0.3371448516845703,283.928466796875,279.959716796875,102257.3125,92543.53125,0.0,16.89351463317871,5.0,0.0,7620.0,88888.0,3168.0,16209.0,5.0,5.0,5.0,5.0,5.0,16.0,17.0,18.0,19.0,0.0,0.0,276.77996826171875,272.4800109863281,73.0,0.0,10.399999618530273,9.300000190734863
2024-09-11T10:56,2024-09-11T11:00,24,train,0,2024,9,10,23,2024-09-10T12:00,23,2024-09-10T12:00,23,2024-09-10T12:00,26,2024-09-10T09:00,24,2024-09-10T12:00,24,2024-09-10T11:00,-999.0,0.0,0.0,0.0,0.0,nan,nan,nan,nan,nan,6.244396209716797,260.07025146484375,274.7423400878906,281.7000427246094,284.005615234375,287.87152099609375,5768.6787109375,3126.676025390625,1540.9793701171875,178.49339294433594,280.04949951171875,62.20000076293945,148.01983642578125,3509.949462890625,28700.0,0.0,0.0,19999.80859375,0.0,0.0,0.0,0.0,24134.83203125,0.0,0.0,260.1630554199219,274.8377685546875,280.94378662109375,283.1977844238281,285.80377197265625,5769.5107421875,3121.420654296875,1538.1094970703125,836.18115234375,186.63087463378906,281.32940673828125,70.0999984741211,58.099998474121094,40.59382247924805,3588.47998046875,19999.888671875,2.0,0.0,0.0,24100.0,260.0,275.70001220703125,282.3999938964844,283.5,287.79998779296875,5772.998046875,3126.338134765625,1535.522216796875,834.5869140625,182.37081909179688,280.3800048828125,82.9000015258789,75.0,183.44000244140625,3683.0400390625,0.0,0.0,nan,0.0,0.0,0.0,0.0,20300.0,260.2071533203125,274.55419921875,281.6617126464844,283.19830322265625,286.0637512207031,5767.126953125,3123.517822265625,1538.6224365234375,837.609619140625,180.175537109375,280.0426330566406,75.0572738647461,63.19159698486328,146.65286254882812,3487.17138671875,0.0,0.0,5776.60546875,3134.867919921875,1542.722412109375,838.4774780273438,183.1318359375,259.3446044921875,275.8650817871094,282.48193359375,284.9761962890625,289.2154541015625,54.864959716796875,57.76408386230469,66.25189971923828,80.06758880615234,0.03890800476074219,0.31865787506103516,0.20476055145263672,284.34722900390625,281.15972900390625,102178.0625,92481.6875,0.0,16.741683959960938,4.0,0.0,7620.0,88888.0,2600.0,209.0,10.0,10.0,10.0,10.0,13.0,43.0,43.0,43.0,43.0,0.0,0.0,276.7699890136719,271.5,69.0,1.0,9.600000381469727,9.0
2024-09-11T10:56,2024-09-11T11:00,48,train,0,2024,9,10,47,2024-09-09T12:00,47,2024-09-09T12:00,47,2024-09-09T12:00,50,2024-09-09T09:00,48,2024-09-09T12:00,36,2024-09-09T23:00,-999.0,0.0,0.0,0.0,0.0,nan,nan,nan,nan,nan,4.466248512268066,259.4804382324219,274.49163818359375,282.08843994140625,283.3258056640625,287.07696533203125,5767.64306640625,3131.1943359375,1545.65625,185.74496459960938,279.72039794921875,44.900001525878906,84.36102294921875,3428.059326171875,45000.0,0.0,4.46999979019165,19999.890625,0.0,0.0,0.0,0.0,24134.9453125,0.0,0.0,259.9306335449219,275.4360656738281,281.40606689453125,282.5960693359375,285.2306213378906,5769.72900390625,3124.616943359375,1539.5972900390625,837.9514770507812,189.89332580566406,280.72442626953125,67.5999984741211,55.20000076293945,30.826637268066406,3665.60009765625,20000.171875,13.0,0.0,0.0,24100.0,259.29998779296875,275.20001220703125,283.0,286.20001220703125,290.5,5764.0283203125,3125.5068359375,1535.78662109375,831.401611328125,188.4823760986328,281.8900146484375,37.20000076293945,29.0,71.83999633789062,3484.9599609375,0.0,0.0,nan,0.0,0.0,8.0,0.0,22600.0,259.53900146484375,274.153076171875,281.5769348144531,281.834228515625,284.41436767578125,5766.89697265625,3129.5283203125,1545.4749755859375,846.8033447265625,192.1054229736328,278.22607421875,70.45526885986328,54.19827651977539,94.43545532226562,3349.15869140625,0.0,1.4375,5779.22265625,3133.044677734375,1542.1123046875,839.3781127929688,184.850341796875,259.83349609375,275.9613037109375,282.38055419921875,284.49871826171875,288.9034423828125,52.23723220825195,48.252418518066406,60.313045501708984,76.2245101928711,-0.020224571228027344,0.3785820007324219,0.2586326599121094,283.69342041015625,280.00592041015625,102204.5625,92483.8125,0.0,15.270303726196289,3.0,0.0,7620.0,32.0,32.0,256.0,16.0,17.0,17.0,17.0,19.0,40.0,40.0,40.0,40.0,0.0,0.0,277.19000244140625,270.66998291015625,63.0,1.0,8.800000190734863,7.800000190734863
2024-09-02T14:47,2024-09-02T15:00,24,train,0,2024,9,14,21,2024-09-01T18:00,21,2024-09-01T18:00,21,2024-09-01T18:00,24,2024-09-01T15:00,21,2024-09-01T18:00,24,2024-09-01T15:00,-999.0,0.0,18.0,0.0,0.0,nan,1511.7554931640625,nan,84700.0,nan,8.271143913269043,257.7097473144531,271.40850830078125,278.16552734375,284.3145751953125,288.81414794921875,5651.47705078125,3043.46142578125,1483.597412109375,128.47256469726562,280.6746520996094,87.5999984741211,543.255859375,3159.131103515625,15500.0,0.0,1.5099999904632568,20000.0078125,14.600000381469727,0.0,0.0,0.0,24134.84375,2.4000000848900527e-06,0.0,257.49737548828125,272.2118225097656,278.5169677734375,286.0376281738281,290.480224609375,5650.04931640625,3042.742431640625,1482.747802734375,782.9644165039062,124.44681549072266,287.32122802734375,48.099998474121094,50.20000076293945,1545.1331787109375,2080.800048828125,19999.88671875,10.0,0.0,0.0,0.0,257.6000061035156,272.70001220703125,277.1000061035156,281.8999938964844,286.1000061035156,5650.89306640625,3041.673583984375,1469.8758544921875,775.3186645507812,115.64653015136719,279.92999267578125,99.5,100.0,384.3999938964844,2978.9638671875,0.0003000000142492354,0.5625,1420.0606689453125,70.0,0.0,0.0,70.0,20300.0,257.8720703125,272.3125,275.953857421875,282.2548828125,287.14874267578125,5648.4912109375,3036.541259765625,1480.5654296875,787.9478149414062,131.88436889648438,283.3237609863281,75.92443084716797,73.3058090209961,950.2005004882812,2137.13232421875,0.0,2.1875,5654.7578125,3049.321533203125,1485.70751953125,784.7559814453125,127.501953125,257.20025634765625,271.4956359863281,278.8963623046875,285.736083984375,290.08343505859375,28.66826820373535,76.28548431396484,54.31950759887695,52.34439468383789,-0.0954427719116211,0.662022590637207,0.5301504135131836,286.92523193359375,277.76898193359375,101519.4375,91875.46875,1.25,9.723966598510742,32.0,0.0,7620.0,32.0,32.0,209.0,45.0,45.0,45.0,48.0,56.0,50.0,50.0,50.0,50.0,15.0,0.0,277.16998291015625,274.0199890136719,79.0,2.0,20.399999618530273,22.100000381469727
2024-09-02T14:47,2024-09-02T15:00,48,train,0,2024,9,14,45,2024-08-31T18:00,45,2024-08-31T18:00,45,2024-08-31T18:00,48,2024-08-31T15:00,45,2024-08-31T18:00,45,2024-08-31T18:00,-999.0,0.0,14.0,0.0,0.0,nan,1343.4501953125,nan,86500.0,nan,8.72960090637207,257.8904113769531,273.32904052734375,276.97637939453125,282.422119140625,286.9493408203125,5668.60595703125,3051.279296875,1487.161865234375,134.03269958496094,279.1320495605469,89.30000305175781,400.0165100097656,3350.251953125,14700.0,0.0,5.590000152587891,15863.8134765625,50.599998474121094,0.0,0.0,0.0,24134.984375,1.0400000064691994e-05,0.0,259.6468505859375,272.48468017578125,278.6117248535156,286.0461730957031,290.4971008300781,5663.7880859375,3042.971435546875,1484.486328125,784.3772583007812,125.72456359863281,287.3353271484375,52.599998474121094,55.099998474121094,1675.740478515625,2102.080078125,20000.197265625,16.0,0.0,0.0,0.0,258.70001220703125,273.3999938964844,276.70001220703125,281.20001220703125,285.3999938964844,5651.634765625,3042.662109375,1465.495361328125,772.7764892578125,114.99702453613281,279.2300109863281,99.5,100.0,339.67999267578125,3086.439453125,0.0003000000142492354,0.4375,1359.5205078125,69.0,0.0,0.0,69.0,19100.0,257.6667175292969,272.67919921875,276.0548095703125,281.76861572265625,286.7253723144531,5663.08447265625,3050.387451171875,1489.6285400390625,797.9168090820312,141.97561645507812,283.0726013183594,78.57050323486328,77.10889434814453,785.4088745117188,2750.0,0.0,5.375,5661.56640625,3052.98291015625,1483.600341796875,780.491943359375,121.86474609375,257.7462463378906,271.7220764160156,279.9091796875,286.38446044921875,290.78424072265625,22.178192138671875,79.07101440429688,64.12752532958984,60.726234436035156,-0.1260986328125,0.5421066284179688,0.3928852081298828,287.4049072265625,280.6549072265625,101460.625,91839.734375,0.0,10.406584739685059,25.0,,,648.0,24.0,9856.0,46.0,46.0,,52.0,,40.0,,40.0,40.0,9.0,128.0,277.08001708984375,273.989990234375,80.0,0.0,22.399999618530273,24.100000381469727
2024-09-20T09:49,2024-09-20T10:00,1,train,0,2024,9,9,1,2024-09-20T09:00,4,2024-09-20T06:00,4,2024-09-20T06:00,1,2024-09-20T09:00,3,2024-09-20T06:00,1,2024-09-20T09:00,-999.0,0.0,100.0,0.0,6.0,1344.4658203125,1344.416748046875,85400.0,86700.0,1586.837158203125,1.848453164100647,261.5543518066406,276.9326171875,283.6107482910156,286.3052673339844,290.5584716796875,5760.408203125,3103.00830078125,1504.2679443359375,127.771240234375,281.35443115234375,91.5,124.42822265625,3871.32421875,100.0,0.0,0.0,1132.2645263671875,100.0,5.0,100.0,72.69999694824219,24135.2890625,3.04000004689442e-05,0.375,261.15008544921875,276.9391784667969,282.71923828125,285.7293701171875,289.9693603515625,5756.443359375,3100.484130859375,1505.7431640625,797.2489013671875,138.35643005371094,285.70001220703125,98.19999694824219,96.5,64.00878143310547,3844.0,1197.1632080078125,45.0,0.0,62.0,100.0,261.6000061035156,276.79998779296875,282.6000061035156,286.1000061035156,290.29998779296875,5761.62060546875,3101.89111328125,1506.6070556640625,799.833740234375,139.7992401123047,283.3800048828125,99.80000305175781,100.0,348.4800109863281,3895.770263671875,0.0,1.0,835.2884521484375,80.0,76.0,100.0,80.0,5400.0,261.82196044921875,277.1319580078125,283.5296630859375,285.73870849609375,289.55712890625,5759.00439453125,3102.38134765625,1502.36767578125,795.1060180664062,129.68960571289062,285.1475830078125,95.7987060546875,97.47733306884766,391.06390380859375,3792.1796875,0.0,0.0,5762.60546875,3103.24658203125,1507.187255859375,798.3818359375,139.91943359375,262.04058837890625,277.15155029296875,283.41802978515625,286.52789306640625,290.9789123535156,21.171804428100586,96.19405364990234,94.20684814453125,90.72689056396484,-0.06969356536865234,0.37726593017578125,0.03717613220214844,285.741455078125,284.678955078125,101680.6875,92040.984375,0.25,20.292430877685547,92.0,64.0,9522.0,0.0,0.0,209.0,100.0,100.0,100.0,100.0,100.0,83.0,89.0,92.0,95.0,8.0,0.0,280.5299987792969,278.79998779296875,88.0,8.0,12.399999618530273,13.199999809265137
2024-09-20T09:49,2024-09-20T10:00,24,train,0,2024,9,9,22,2024-09-19T12:00,22,2024-09-19T12:00,22,2024-09-19T12:00,25,2024-09-19T09:00,21,2024-09-19T12:00,24,2024-09-19T10:00,-999.0,0.0,100.0,0.0,8.0,1344.582275390625,1344.5328369140625,82800.0,86800.0,1912.2943115234375,1.4071171283721924,261.5345153808594,276.3822326660156,283.500732421875,286.2098388671875,290.45892333984375,5758.5615234375,3104.029296875,1508.774169921875,133.42333984375,283.0973815917969,98.5999984741211,310.9877014160156,3857.94580078125,0.0,0.0,0.07000000029802322,841.3384399414062,99.9000015258789,4.5,100.0,35.29999923706055,1245.4207763671875,1.6000000186977559e-06,0.25,261.56396484375,275.9278259277344,282.62396240234375,285.6279602050781,289.8380432128906,5753.91455078125,3100.138916015625,1507.3822021484375,800.30224609375,141.6204071044922,285.56829833984375,98.30000305175781,96.9000015258789,74.8155746459961,3755.360107421875,1197.017578125,52.0,7.0,88.0,0.0,261.5,277.29998779296875,282.8999938964844,286.3999938964844,290.70001220703125,5757.99462890625,3104.2265625,1506.739990234375,799.6345825195312,137.8010711669922,283.9599914550781,99.9000015258789,100.0,305.3599853515625,3851.478759765625,9.999999747378752e-05,1.0625,862.2079467773438,70.0,0.0,0.0,70.0,6000.0,260.94293212890625,276.8863525390625,283.29571533203125,286.6971740722656,290.4765319824219,5758.20947265625,3104.309814453125,1508.953857421875,799.49658203125,132.8528594970703,285.990234375,96.1287612915039,96.94189453125,387.4769287109375,3826.245361328125,1.9999999494757503e-05,0.0625,5768.94921875,3108.65771484375,1509.724609375,799.7722778320312,141.232177734375,261.7954406738281,277.3262939453125,284.24896240234375,286.552001953125,291.0538330078125,28.75537109375,92.71572875976562,97.25611877441406,94.94747924804688,-0.1728525161743164,0.44531917572021484,0.10453128814697266,285.6707763671875,285.4207763671875,101698.6875,92065.734375,0.0,19.53948402404785,77.0,70.0,9076.0,0.0,0.0,209.0,69.0,69.0,69.0,69.0,72.0,61.0,66.0,66.0,66.0,7.0,0.0,281.42999267578125,278.39996337890625,83.0,6.0,13.600000381469727,14.399999618530273
2024-09-20T09:49,2024-09-20T10:00,48,train,0,2024,9,9,46,2024-09-18T12:00,46,2024-09-18T12:00,46,2024-09-18T12:00,49,2024-09-18T09:00,45,2024-09-18T12:00,36,2024-09-18T22:00,-999.0,0.0,0.0,100.0,100.0,nan,7094.1669921875,nan,41900.0,nan,2.5972282886505127,261.55975341796875,277.23565673828125,284.3487548828125,288.42083740234375,292.49951171875,5763.6337890625,3106.655029296875,1509.12109375,127.82279968261719,281.93280029296875,76.0999984741211,195.68673706054688,3916.5263671875,16800.0,0.0,0.0,6576.91064453125,22.299999237060547,100.0,100.0,10.5,24134.705078125,0.0,0.0,260.9377746582031,275.9145202636719,283.8257141113281,285.8025817871094,290.0237731933594,5752.25,3102.9111328125,1506.53271484375,797.0155029296875,138.1570587158203,285.30914306640625,98.0,95.0,28.645648956298828,3567.679931640625,1197.1968994140625,53.0,4.0,69.0,0.0,262.29998779296875,277.3999938964844,282.3999938964844,287.3999938964844,291.70001220703125,5761.84716796875,3101.6337890625,1499.5201416015625,790.078369140625,127.53768157958984,284.80999755859375,99.9000015258789,100.0,393.67999267578125,3960.925048828125,0.0,0.5,7248.86669921875,4.0,0.0,100.0,4.0,14200.0,261.6959228515625,276.226806640625,285.0096130371094,288.16900634765625,291.5612487792969,5753.67626953125,3099.86328125,1504.64111328125,790.8452758789062,123.20664978027344,284.6955261230469,84.5204086303711,83.88541412353516,161.24412536621094,3863.129150390625,0.0,0.0,5763.6953125,3100.232421875,1498.714599609375,788.9632568359375,129.70166015625,262.5552062988281,277.3544921875,284.09521484375,287.02606201171875,291.6640625,21.524255752563477,86.23430633544922,75.78428649902344,79.51815795898438,0.16670703887939453,0.4764976501464844,-0.059619903564453125,285.6241760253906,282.4679260253906,101560.0625,91951.0625,0.0,17.19102668762207,82.0,96.0,8156.0,32.0,32.0,256.0,51.0,53.0,55.0,60.0,68.0,69.0,73.0,73.0,74.0,4.0,0.0,281.1600036621094,278.42999267578125,84.0,5.0,13.199999809265137,13.600000381469727
2024-09-28T08:52,2024-09-28T09:00,48,train,0,2024,9,8,45,2024-09-26T12:00,45,2024-09-26T12:00,45,2024-09-26T12:00,48,2024-09-26T09:00,45,2024-09-26T12:00,45,2024-09-26T12:00,-999.0,0.0,19.0,0.0,0.0,nan,2003.65478515625,nan,80100.0,nan,2.712740898132324,266.1739501953125,279.143798828125,279.0310974121094,283.735595703125,287.9547119140625,5789.802734375,3102.971923828125,1512.15576171875,143.2959747314453,277.9476013183594,81.0999984741211,276.0108642578125,4387.7568359375,13300.0,0.0,34.47999954223633,10465.8017578125,0.0,0.0,100.0,0.0,24135.005859375,0.0,0.0,266.4442138671875,280.25482177734375,280.8388671875,282.768310546875,286.57122802734375,5801.947265625,3105.545654296875,1506.8397216796875,804.5640258789062,152.7291259765625,281.3159484863281,92.5999984741211,84.4000015258789,11.9823637008667,4614.240234375,20000.015625,39.0,0.0,0.0,24100.0,266.29998779296875,280.1000061035156,281.79998779296875,286.5,290.79998779296875,5800.17138671875,3102.9130859375,1504.24853515625,798.5963745117188,152.12380981445312,281.8900146484375,72.9000015258789,69.0,35.7599983215332,4504.66748046875,0.0,0.0,5270.43994140625,38.0,0.0,100.0,31.0,9200.0,266.729248046875,279.563720703125,279.2604675292969,283.240234375,287.07110595703125,5790.6708984375,3101.04541015625,1512.9195556640625,813.9979248046875,149.57815551757812,281.0801696777344,88.63015747070312,91.69514465332031,167.60476684570312,4363.16552734375,0.0,32.0,5811.4453125,3112.453857421875,1507.99560546875,803.5311279296875,147.26171875,266.4783935546875,279.67327880859375,281.8017883300781,285.52349853515625,289.51947021484375,28.136913299560547,72.75887298583984,75.88980102539062,83.55790710449219,0.4347095489501953,-0.05460357666015625,-0.011490821838378906,283.832275390625,279.488037109375,101748.5625,92103.4140625,0.0,13.639278411865234,61.0,,,104.0,8.0,3200.0,63.0,63.0,,63.0,,48.0,,48.0,48.0,0.0,0.0,277.9700012207031,273.71002197265625,75.0,0.0,5.599999904632568,5.599999904632568
2024-09-28T08:52,2024-09-28T09:00,24,train,0,2024,9,8,21,2024-09-27T12:00,21,2024-09-27T12:00,21,2024-09-27T12:00,24,2024-09-27T09:00,21,2024-09-27T12:00,24,2024-09-27T09:00,-999.0,0.0,0.0,0.0,16.0,nan,3308.679443359375,nan,22600.0,nan,3.1892857551574707,265.8060302734375,279.2301025390625,281.6095275878906,285.0968322753906,289.256103515625,5802.345703125,3112.50830078125,1512.4422607421875,139.06231689453125,279.5641784667969,70.5999984741211,204.3221435546875,4496.4482421875,19800.0,0.0,0.0,19999.8046875,0.0,0.0,100.0,0.0,24135.130859375,0.0,0.0,266.6700134277344,280.223876953125,281.4174499511719,283.09649658203125,286.7894592285156,5809.708984375,3112.23046875,1511.7745361328125,808.3916015625,156.09771728515625,281.3386535644531,91.69999694824219,81.0,10.356983184814453,4553.43994140625,19999.845703125,36.0,0.0,0.0,24100.0,266.70001220703125,280.5,282.29998779296875,286.29998779296875,290.6000061035156,5811.90869140625,3112.44384765625,1508.3526611328125,802.8030395507812,154.26394653320312,282.6600341796875,72.69999694824219,69.0,146.0,4753.99658203125,0.0,0.0,10876.6162109375,0.0,0.0,100.0,0.0,16800.0,265.78985595703125,279.1790771484375,280.54461669921875,283.943115234375,287.6052551269531,5802.779296875,3112.5908203125,1513.155517578125,812.588623046875,147.32064819335938,280.638916015625,75.52178192138672,79.42420959472656,280.14129638671875,4548.61328125,0.0,0.0,5815.48828125,3115.626220703125,1510.93212890625,806.81103515625,150.71728515625,266.44976806640625,280.4320068359375,281.4948425292969,285.4023742675781,289.37823486328125,30.920677185058594,81.39177703857422,80.25794219970703,87.98707580566406,0.10848045349121094,0.1305103302001953,0.02518939971923828,284.9469299316406,281.0932312011719,101789.125,92136.125,0.0,14.985957145690918,32.0,0.0,7620.0,32.0,32.0,209.0,38.0,38.0,38.0,38.0,38.0,85.0,94.0,96.0,99.0,0.0,0.0,277.5,273.5199890136719,74.0,0.0,5.599999904632568,5.199999809265137
2024-10-21T15:48,2024-10-21T16:00,1,holdout_webcam,0,2024,10,15,1,2024-10-21T15:00,4,2024-10-21T12:00,4,2024-10-21T12:00,1,2024-10-21T15:00,3,2024-10-21T12:00,1,2024-10-21T15:00,-999.0,0.0,1.0,0.0,7.0,nan,nan,nan,nan,nan,10.104713439941406,261.55419921875,278.60260009765625,283.90985107421875,288.1412353515625,292.63818359375,5792.541015625,3124.998291015625,1523.62890625,142.63162231445312,284.41888427734375,62.900001525878906,366.09130859375,4408.9384765625,28700.0,0.0,0.0,19999.90234375,0.0,0.0,82.19999694824219,0.0,24135.162109375,0.0,0.0,262.0036315917969,278.6564636230469,282.67596435546875,289.51580810546875,294.0714416503906,5793.94091796875,3118.301513671875,1520.7060546875,810.3563842773438,146.3872833251953,290.53033447265625,56.29999923706055,57.099998474121094,1242.339599609375,4295.83984375,19999.921875,2.0,0.0,0.0,24100.0,262.6000061035156,279.20001220703125,282.5,285.6000061035156,289.8999938964844,5793.66845703125,3116.04345703125,1517.6357421875,813.8990478515625,146.8075714111328,284.70001220703125,70.5,76.0,347.3599853515625,4336.47998046875,0.0,0.0,nan,0.0,0.0,4.0,0.0,22600.0,261.971923828125,277.6251220703125,283.7889099121094,287.4589538574219,292.13970947265625,5789.4619140625,3121.66845703125,1524.9825439453125,815.3890380859375,146.75161743164062,288.49310302734375,71.16189575195312,67.25113677978516,447.0957946777344,4180.0,0.0,0.0,5795.97265625,3119.036376953125,1522.06396484375,813.8848266601562,152.381103515625,262.4993896484375,277.91912841796875,282.9603271484375,287.97882080078125,292.69757080078125,38.851661682128906,74.16777038574219,53.4018440246582,49.433650970458984,0.9444818496704102,1.1660070419311523,0.44264888763427734,289.05938720703125,279.9822998046875,101825.25,92209.859375,0.0,16.50665855407715,36.0,0.0,7620.0,64.0,64.0,9553.0,49.0,49.0,49.0,51.0,52.0,10.0,10.0,14.0,31.0,0.0,0.0,280.739990234375,274.6000061035156,65.0,0.0,15.199999809265137,19.0
2024-09-28T08:52,2024-09-28T09:00,1,train,0,2024,9,8,1,2024-09-28T08:00,3,2024-09-28T06:00,3,2024-09-28T06:00,1,2024-09-28T08:00,3,2024-09-28T06:00,1,2024-09-28T08:00,-999.0,0.0,0.0,0.0,0.0,nan,nan,nan,nan,nan,2.3429996967315674,266.09619140625,279.9102783203125,282.59808349609375,285.6606750488281,289.5416259765625,5808.91552734375,3115.37744140625,1512.6866455078125,136.32269287109375,279.3037109375,66.0,71.42466735839844,4578.107421875,19600.0,0.0,0.0,19999.857421875,0.0,0.0,10.199999809265137,0.0,24135.01171875,0.0,0.0,266.449951171875,280.1674499511719,281.4093322753906,282.9734802246094,286.70391845703125,5806.322265625,3112.159912109375,1508.538818359375,805.3783569335938,153.27587890625,281.3386535644531,92.0,82.0999984741211,10.8744478225708,4482.56005859375,20000.0859375,18.0,0.0,0.0,24100.0,267.0,280.20001220703125,281.79998779296875,285.79998779296875,290.1000061035156,5810.92041015625,3111.368408203125,1507.7218017578125,803.0731201171875,151.2679901123047,281.239990234375,83.0,77.0,35.68000030517578,4706.67041015625,0.0,0.0,nan,51.0,0.0,0.0,51.0,15800.0,266.052734375,279.6875915527344,281.8824768066406,284.93170166015625,287.5855407714844,5801.6259765625,3113.15234375,1510.5076904296875,806.7257690429688,141.22109985351562,280.8406677246094,79.14981079101562,72.9993667602539,104.843017578125,4403.74072265625,0.0,0.0,5808.44921875,3112.27734375,1508.820068359375,806.105224609375,151.3623046875,266.39617919921875,280.32513427734375,280.9598083496094,284.800048828125,288.92095947265625,28.824020385742188,79.45054626464844,84.65043640136719,96.13717651367188,0.145965576171875,0.33971595764160156,0.1118307113647461,280.68829345703125,279.8115234375,101791.5,92128.5,0.0,14.363931655883789,32.0,0.0,7620.0,32.0,32.0,16209.0,23.0,23.0,24.0,24.0,26.0,12.0,12.0,12.0,12.0,0.0,0.0,278.1000061035156,273.57000732421875,73.0,0.0,4.800000190734863,4.800000190734863
2024-11-13T00:49,2024-11-13T01:00,1,train,0,2024,11,0,1,2024-11-13T00:00,1,2024-11-13T00:00,1,2024-11-13T00:00,1,2024-11-13T00:00,0,2024-11-13T00:00,1,2024-11-13T00:00,-999.0,0.0,0.0,0.0,0.0,nan,nan,nan,nan,nan,13.411089897155762,250.89976501464844,267.8526611328125,266.24163818359375,269.08203125,273.3403015136719,5557.134765625,2998.407958984375,1475.9324951171875,178.21900939941406,265.5080261230469,65.19999694824219,263.597900390625,128.32000732421875,26700.0,0.0,0.0,19999.880859375,9.600000381469727,0.0,0.0,7.400000095367432,24135.279296875,0.0,0.0,251.09481811523438,266.8756103515625,263.54559326171875,267.9858093261719,271.75079345703125,5552.68896484375,2991.505859375,1478.2626953125,819.8401489257812,203.38165283203125,267.8670959472656,85.30000305175781,80.5999984741211,521.3707275390625,0.0,19999.95703125,31.0,0.0,0.0,24100.0,251.60000610351562,267.70001220703125,263.8999938964844,267.1000061035156,271.1000061035156,5556.65380859375,2992.598388671875,1475.5892333984375,819.0272216796875,197.27713012695312,264.9100341796875,87.9000015258789,90.0,364.9599914550781,0.0,0.0,0.0,nan,54.0,0.0,0.0,44.0,25500.0,250.72457885742188,267.0276184082031,265.3338623046875,269.103515625,273.7575988769531,5553.45166015625,2997.23779296875,1477.5980224609375,817.4782104492188,186.39622497558594,270.1995544433594,68.13011169433594,64.20772552490234,600.75,310.0,0.0,0.0,5543.140625,2986.3134765625,1473.969970703125,814.6552124023438,195.63623046875,251.49008178710938,265.85821533203125,263.3844299316406,268.9883728027344,273.193603515625,3.1698713302612305,84.2750244140625,66.21896362304688,62.36524963378906,1.2128753662109375,1.033064842224121,0.6207695007324219,268.65460205078125,263.6380615234375,102460.75,92175.5546875,,2.6026880741119385,24.0,0.0,7620.0,0.0,0.0,256.0,46.0,61.0,64.0,64.0,70.0,73.0,73.0,73.0,73.0,0.0,0.0,261.29998779296875,257.19000244140625,72.0,1.0,36.79999923706055,40.70000076293945
2024-11-13T00:49,2024-11-13T01:00,24,train,0,2024,11,0,25,2024-11-12T00:00,25,2024-11-12T00:00,25,2024-11-12T00:00,22,2024-11-12T03:00,24,2024-11-12T00:00,24,2024-11-12T01:00,-999.0,0.0,3.0,0.0,0.0,nan,1341.50048828125,nan,86400.0,nan,11.147515296936035,251.94430541992188,267.5302734375,264.7596435546875,267.93084716796875,272.2084655761719,5556.94482421875,2995.06005859375,1476.8653564453125,183.9790802001953,264.4122009277344,77.30000305175781,272.888671875,0.0,19300.0,0.0,7.659999847412109,20000.224609375,6.400000095367432,0.0,0.0,6.400000095367432,24135.287109375,0.0,0.0,251.66000366210938,266.9518737792969,263.458740234375,266.92218017578125,270.6435852050781,5552.443359375,2988.230224609375,1471.6295166015625,814.6485595703125,200.7441864013672,266.73956298828125,89.5999984741211,85.0999984741211,413.8150939941406,0.0,19999.849609375,22.0,0.0,0.0,24100.0,252.3000030517578,268.20001220703125,263.3999938964844,266.0,270.0,5551.162109375,2978.681884765625,1459.0931396484375,805.0311889648438,185.8111114501953,263.6400146484375,85.5999984741211,86.0,452.0,0.0,0.0,0.125,1178.7347412109375,100.0,0.0,0.0,100.0,19600.0,251.8328094482422,266.780517578125,262.5106506347656,267.42205810546875,272.18939208984375,5550.9609375,2989.8447265625,1477.341064453125,822.06005859375,193.5018768310547,268.62005615234375,78.0,77.51104736328125,696.8529052734375,80.0,0.0,2.125,5533.234375,2980.604248046875,1468.495849609375,807.3269653320312,187.219970703125,251.51809692382812,265.15167236328125,264.5129699707031,269.5392150878906,273.70916748046875,2.535228729248047,70.77316284179688,60.15495300292969,57.781532287597656,1.1798267364501953,1.7636423110961914,0.8992137908935547,268.86383056640625,263.0870361328125,102356.4375,92098.1015625,0.0,2.3103930950164795,23.0,0.0,7620.0,32.0,32.0,209.0,27.0,27.0,27.0,28.0,30.0,64.0,64.0,64.0,65.0,1.0,0.0,261.33001708984375,256.94000244140625,68.0,1.0,37.599998474121094,41.70000076293945
2024-10-21T15:48,2024-10-21T16:00,24,holdout_webcam,0,2024,10,15,22,2024-10-20T18:00,22,2024-10-20T18:00,22,2024-10-20T18:00,25,2024-10-20T15:00,21,2024-10-20T18:00,24,2024-10-20T16:00,-999.0,0.0,1.0,0.0,100.0,11958.380859375,1813.72265625,nan,27700.0,13139.0205078125,11.098224639892578,261.78155517578125,277.84814453125,283.57635498046875,287.45855712890625,291.98638916015625,5783.8671875,3119.77490234375,1521.1734619140625,143.18199157714844,283.3901672363281,77.0999984741211,334.8078918457031,4359.201171875,19300.0,0.0,0.0,19999.869140625,0.0,22.700000762939453,49.599998474121094,0.0,24135.009765625,0.0,0.0,262.57025146484375,278.5297546386719,282.76165771484375,289.4947204589844,294.03778076171875,5793.92138671875,3117.92724609375,1520.769775390625,810.336669921875,146.44102478027344,290.5654602050781,55.79999923706055,56.400001525878906,1229.283935546875,4266.240234375,19999.990234375,21.0,0.0,0.0,4500.0,263.1000061035156,279.5,283.1000061035156,284.29998779296875,288.6000061035156,5787.9599609375,3102.95947265625,1504.89990234375,801.8350219726562,135.57627868652344,281.989990234375,95.19999694824219,97.0,488.239990234375,4468.9599609375,0.0010000000474974513,3.5625,11035.7451171875,2.0,2.0,75.0,2.0,21400.0,262.8605041503906,277.53631591796875,283.3487243652344,285.7293701171875,290.398681640625,5787.50244140625,3115.302001953125,1518.568359375,811.7461547851562,145.10934448242188,286.6395263671875,74.24601745605469,70.82364654541016,409.28369140625,4260.0,0.0,0.0,5798.3828125,3121.008544921875,1521.8115234375,814.5416870117188,154.26611328125,262.3244934082031,278.7984619140625,282.8531188964844,287.2886962890625,291.99127197265625,35.90478515625,80.25537109375,56.09585952758789,52.736141204833984,0.8666057586669922,1.0764379501342773,0.39766407012939453,288.47650146484375,279.9139404296875,101841.0625,92210.171875,0.0,16.728073120117188,27.0,66.0,9064.0,32.0,32.0,209.0,18.0,18.0,19.0,19.0,20.0,39.0,39.0,40.0,41.0,0.0,0.0,280.25,274.42999267578125,67.0,3.0,15.600000381469727,19.399999618530273
2024-11-27T03:57,2024-11-27T04:00,1,train,0,2024,11,3,1,2024-11-27T03:00,4,2024-11-27T00:00,4,2024-11-27T00:00,1,2024-11-27T03:00,3,2024-11-27T00:00,1,2024-11-27T03:00,-999.0,0.0,7.0,0.0,0.0,nan,1342.249755859375,nan,85400.0,nan,9.434679985046387,248.9733428955078,264.5108642578125,269.80389404296875,274.09332275390625,278.02587890625,5436.2900390625,2904.776123046875,1388.57080078125,76.00395965576172,268.4318542480469,83.19999694824219,305.49908447265625,580.719970703125,14500.0,0.0,0.0010000000474974513,15765.078125,49.20000076293945,4.0,0.8999999761581421,64.5999984741211,24128.619140625,5.200000032345997e-06,0.125,249.4551239013672,266.01568603515625,268.3751220703125,273.0668640136719,277.1615905761719,5438.83154296875,2904.869140625,1391.5594482421875,719.0036010742188,89.84284210205078,272.4941101074219,90.5999984741211,88.5999984741211,190.42507934570312,680.3200073242188,19999.8515625,30.0,0.0,0.0,0.0,248.3000030517578,266.20001220703125,267.6000061035156,272.5,276.6000061035156,5443.52587890625,2912.77294921875,1387.820068359375,717.7634887695312,85.85276794433594,269.7699890136719,99.0999984741211,100.0,610.5599975585938,661.4400024414062,0.0,0.4375,nan,74.0,0.0,0.0,65.0,10100.0,248.71107482910156,264.7922668457031,269.6301574707031,274.3838195800781,277.4696350097656,5440.5751953125,2911.7890625,1399.2801513671875,723.7254638671875,87.44546508789062,271.6051940917969,87.51246643066406,84.33348846435547,314.9075927734375,520.0,0.0,0.0,5445.05859375,2908.1953125,1388.391357421875,713.779541015625,82.970947265625,249.8078155517578,265.1679382324219,269.98284912109375,274.26544189453125,278.5157470703125,13.09614372253418,82.30935668945312,91.92990112304688,92.74535369873047,0.6299886703491211,1.2628631591796875,0.48188114166259766,271.4569091796875,270.90118408203125,101023.0,91047.796875,,5.070846080780029,77.0,16.0,7666.0,0.0,0.0,256.0,82.0,91.0,91.0,91.0,91.0,75.0,75.0,75.0,75.0,6.0,0.0,267.010009765625,265.67999267578125,90.0,2.0,16.0,17.600000381469727
2024-11-13T00:49,2024-11-13T01:00,48,train,0,2024,11,0,43,2024-11-11T06:00,49,2024-11-11T00:00,49,2024-11-11T00:00,46,2024-11-11T03:00,48,2024-11-11T00:00,36,2024-11-11T13:00,-999.0,0.0,8.0,0.0,0.0,nan,1341.5113525390625,nan,86400.0,nan,8.021560668945312,252.04949951171875,266.89959716796875,264.9466857910156,267.7825012207031,272.068115234375,5539.67236328125,2980.108642578125,1462.1805419921875,168.60641479492188,264.26959228515625,84.0,286.5797119140625,0.0,16000.0,0.0,7.909999847412109,15896.13671875,39.5,0.0,0.0,45.900001525878906,24134.853515625,8.000000093488779e-07,0.0,251.1044158935547,268.8569030761719,262.98748779296875,267.6459655761719,271.6387634277344,5551.6171875,2985.363525390625,1466.501220703125,809.7136840820312,193.5993194580078,267.7258605957031,81.69999694824219,79.0999984741211,672.1425170898438,0.800000011920929,20000.166015625,31.0,0.0,0.0,24100.0,252.0,268.29998779296875,263.3999938964844,265.3999938964844,269.29998779296875,5535.09765625,2963.946533203125,1443.29345703125,790.6079711914062,172.74929809570312,263.2400207519531,87.69999694824219,88.0,242.8800048828125,0.0,0.0,0.0625,1172.099365234375,100.0,0.0,0.0,100.0,17534.69921875,251.69979858398438,266.54156494140625,263.4156799316406,267.5614318847656,272.3313903808594,5537.51220703125,2981.3349609375,1465.155029296875,808.7679443359375,179.38125610351562,268.40985107421875,82.65209197998047,80.79450988769531,641.5678100585938,60.0,0.0,10.0625,5536.47265625,2983.069091796875,1467.833251953125,807.7907104492188,188.7822265625,252.0692138671875,265.4483947753906,264.7463684082031,269.04815673828125,273.2366638183594,2.254384994506836,70.20787048339844,68.61668395996094,65.05126953125,0.870488166809082,1.7665987014770508,0.9388790130615234,268.6751708984375,264.17803955078125,102379.5,92092.71875,0.0,2.4227797985076904,34.0,0.0,7620.0,32.0,32.0,201.0,45.0,46.0,48.0,51.0,53.0,55.0,55.0,55.0,56.0,1.0,0.0,262.16998291015625,257.20001220703125,69.0,2.0,38.0,42.20000076293945
2024-10-21T15:48,2024-10-21T16:00,48,holdout_webcam,0,2024,10,15,46,2024-10-19T18:00,46,2024-10-19T18:00,46,2024-10-19T18:00,49,2024-10-19T15:00,45,2024-10-19T18:00,36,2024-10-20T04:00,-999.0,0.0,0.0,0.0,100.0,10486.6064453125,1278.403076171875,18200.0,30000.0,13622.380859375,14.899364471435547,261.4656066894531,279.84295654296875,284.8084716796875,286.55096435546875,291.0019836425781,5787.3173828125,3119.46923828125,1509.48046875,131.49652099609375,282.592041015625,71.9000015258789,302.0100402832031,4401.61376953125,22500.0,0.0,0.0,19999.875,0.0,0.0,95.9000015258789,0.0,24134.869140625,0.0,0.0,263.16595458984375,278.93597412109375,283.0513610839844,289.52801513671875,294.0118408203125,5798.75341796875,3116.0439453125,1516.045166015625,805.5641479492188,141.8102569580078,290.5146789550781,54.099998474121094,54.79999923706055,1163.5924072265625,4388.7998046875,20000.064453125,8.0,1.0,0.0,0.0,261.8999938964844,281.5,283.1000061035156,284.6000061035156,288.79998779296875,5792.505859375,3111.644287109375,1500.2999267578125,796.66943359375,128.9890594482422,282.1000061035156,99.69999694824219,100.0,488.32000732421875,4372.47998046875,0.0008999999845400453,2.0,11144.251953125,11.0,0.0,100.0,11.0,17804.51953125,261.7535400390625,278.7708740234375,284.2106628417969,285.31304931640625,290.12060546875,5784.26806640625,3119.75830078125,1513.477294921875,807.5772094726562,140.21636962890625,286.01708984375,80.85028839111328,77.4013442993164,404.41119384765625,4110.0,0.0,0.0,5800.2734375,3122.56591796875,1522.235595703125,815.0751953125,155.151123046875,262.271240234375,279.9254455566406,282.8961181640625,286.97430419921875,291.68536376953125,27.194013595581055,81.72328186035156,62.43467330932617,58.14516830444336,0.8763246536254883,1.2107820510864258,0.3216056823730469,288.159912109375,280.9098205566406,101852.25,92221.609375,0.0,17.204465866088867,44.0,57.0,9494.0,32.0,32.0,201.0,36.0,37.0,39.0,39.0,41.0,36.0,36.0,37.0,40.0,0.0,0.0,280.66998291015625,274.82000732421875,66.0,2.0,16.0,20.299999237060547
2025-01-03T01:58,2025-01-03T02:00,1,train,0,2025,1,1,1,2025-01-03T01:00,2,2025-01-03T00:00,2,2025-01-03T00:00,1,2025-01-03T01:00,3,2025-01-03T00:00,1,2025-01-03T01:00,-999.0,100.0,100.0,54.0,0.0,1341.123779296875,1341.136962890625,80600.0,84400.0,1855.101318359375,18.595346450805664,240.92196655273438,254.6636962890625,261.7225341796875,266.9791259765625,271.04193115234375,5201.3671875,2755.96533203125,1289.816650390625,21.483428955078125,260.7743225097656,85.9000015258789,532.3338623046875,0.0,600.0,0.0,0.027499999850988388,784.6240234375,99.5999984741211,97.5,0.0,100.0,170.0198974609375,0.0001216000018757768,0.75,240.5155487060547,255.05992126464844,261.3653259277344,266.8211669921875,270.8036193847656,5193.677734375,2735.999755859375,1273.73876953125,619.1295776367188,4.923656463623047,265.7729187011719,88.5,87.0999984741211,1522.0009765625,0.0,1195.31396484375,90.0,2.0,0.0,0.0,241.89999389648438,256.0,262.6000061035156,267.0,270.8999938964844,5205.2939453125,2731.6875,1267.84130859375,611.7662963867188,-5.611093521118164,264.19000244140625,98.0,100.0,1400.0,0.0,0.0008999999845400453,4.625,793.7603149414062,100.0,80.0,0.0,100.0,1500.0,241.21043395996094,253.78591918945312,261.94195556640625,267.17315673828125,271.3500061035156,5201.76123046875,2761.1953125,1298.7672119140625,643.3297119140625,28.976364135742188,265.73529052734375,87.2857894897461,85.59080505371094,771.7604370117188,0.0,7.000000186963007e-05,0.25,5199.203125,2737.727294921875,1269.978759765625,615.3916625976562,2.142333984375,240.98550415039062,255.4682159423828,261.61376953125,266.8201904296875,270.7628173828125,74.94697570800781,95.5267562866211,85.6354751586914,85.12992858886719,3.0725812911987305,1.6200752258300781,0.6113176345825195,265.09130859375,263.37939453125,99986.5625,89821.078125,,4.1616621017456055,91.0,0.0,7620.0,0.0,0.0,256.0,75.0,100.0,100.0,100.0,100.0,79.0,79.0,79.0,84.0,10.0,0.0,258.79998779296875,257.5099792480469,92.0,29.0,45.599998474121094,51.70000076293945
2024-11-27T03:57,2024-11-27T04:00,24,train,0,2024,11,3,22,2024-11-26T06:00,22,2024-11-26T06:00,22,2024-11-26T06:00,25,2024-11-26T03:00,21,2024-11-26T06:00,24,2024-11-26T04:00,-999.0,0.0,16.0,0.0,0.0,nan,1342.1495361328125,nan,85200.0,nan,12.28934097290039,248.501708984375,266.50604248046875,268.9117736816406,273.2587585449219,277.31561279296875,5433.376953125,2896.140625,1374.571044921875,62.02423095703125,267.435302734375,87.5,242.61524963378906,426.79998779296875,13100.0,0.0,15.329999923706055,19992.68359375,43.79999923706055,0.0,4.0,63.5,15613.9296875,4.800000169780105e-06,0.125,249.52874755859375,266.6119079589844,268.2320861816406,271.9854431152344,276.0550231933594,5433.8017578125,2896.725341796875,1379.4417724609375,708.197998046875,81.5893783569336,271.2521667480469,93.80000305175781,92.0999984741211,128.72169494628906,485.2799987792969,1196.03466796875,50.0,0.0,0.0,0.0,248.60000610351562,267.79998779296875,268.29998779296875,273.20001220703125,277.29998779296875,5443.66943359375,2904.825439453125,1370.809814453125,698.9942626953125,69.21068572998047,270.989990234375,98.19999694824219,100.0,410.6400146484375,848.7999877929688,0.0010000000474974513,2.375,nan,29.0,0.0,0.0,29.0,14400.0,246.70419311523438,266.2143249511719,268.5997619628906,273.6472473144531,277.6055603027344,5414.91455078125,2887.452392578125,1372.2008056640625,700.1858520507812,62.490135192871094,271.5147399902344,85.8304443359375,83.48833465576172,487.89288330078125,540.0,0.0,11.75,5444.4140625,2905.583984375,1384.017578125,710.0919189453125,79.586669921875,249.4635467529297,265.74114990234375,269.40093994140625,274.19921875,278.40228271484375,8.311832427978516,88.09874725341797,91.07435607910156,92.02813720703125,0.37616825103759766,1.0577592849731445,0.4228086471557617,271.5045166015625,270.7523193359375,100973.0,91004.2265625,,4.738097667694092,74.0,0.0,7620.0,0.0,0.0,209.0,71.0,71.0,71.0,74.0,76.0,58.0,61.0,61.0,61.0,2.0,0.0,266.55999755859375,265.010009765625,88.0,4.0,17.200000762939453,18.799999237060547
2024-11-27T03:57,2024-11-27T04:00,48,train,0,2024,11,3,46,2024-11-25T06:00,46,2024-11-25T06:00,46,2024-11-25T06:00,49,2024-11-25T03:00,45,2024-11-25T06:00,36,2024-11-25T16:00,-999.0,0.0,8.0,0.0,0.0,nan,1342.13525390625,nan,85000.0,nan,11.828153610229492,248.72994995117188,264.169189453125,269.1925048828125,273.5052490234375,277.5592346191406,5400.748046875,2870.7138671875,1355.490966796875,46.31182861328125,267.461181640625,87.30000305175781,272.7076721191406,432.4800109863281,13400.0,0.0,16.020000457763672,5523.06298828125,57.29999923706055,0.0,0.0,67.0,11588.306640625,6.000000212225132e-06,0.125,248.0513458251953,266.00567626953125,268.3252868652344,272.2245788574219,276.29571533203125,5412.28125,2882.02001953125,1367.4840087890625,695.8341674804688,68.71646881103516,271.3497009277344,92.5999984741211,90.4000015258789,329.80078125,499.5199890136719,19999.88671875,41.0,0.0,0.0,0.0,248.10000610351562,264.29998779296875,268.6000061035156,273.1000061035156,277.20001220703125,5388.041015625,2866.29052734375,1350.4263916015625,678.6675415039062,49.68191909790039,270.989990234375,98.5999984741211,100.0,820.1599731445312,848.7999877929688,0.0015999999595806003,3.8125,875.5482177734375,100.0,0.0,0.0,100.0,8900.0,248.17184448242188,263.1952819824219,268.95703125,273.3731689453125,277.3204650878906,5385.02197265625,2861.23583984375,1353.462890625,680.7371215820312,46.62034606933594,272.413330078125,97.46452331542969,94.09427642822266,445.96405029296875,660.0,0.0,7.6875,5437.26953125,2905.447509765625,1381.340087890625,706.10546875,74.878662109375,248.21275329589844,266.589111328125,270.066162109375,274.40521240234375,278.70123291015625,3.5677356719970703,83.65496063232422,91.7149887084961,94.4240493774414,0.005850791931152344,1.0238208770751953,0.46977996826171875,270.20135498046875,269.89434814453125,100933.25,90972.21875,,4.803600788116455,77.0,0.0,7620.0,0.0,0.0,201.0,75.0,75.0,75.0,75.0,78.0,67.0,67.0,67.0,69.0,2.0,0.0,266.45001220703125,265.03997802734375,89.0,4.0,19.600000381469727,22.100000381469727
2024-12-14T16:51,2024-12-14T17:00,1,holdout_webcam,0,2024,12,16,1,2024-12-14T16:00,5,2024-12-14T12:00,5,2024-12-14T12:00,1,2024-12-14T16:00,0,2024-12-14T18:00,1,2024-12-14T16:00,-999.0,0.0,0.0,0.0,0.0,nan,nan,nan,nan,nan,9.891670227050781,247.1709747314453,255.1956787109375,260.596923828125,263.32489013671875,267.640869140625,5544.35986328125,3075.265380859375,1610.793212890625,350.002197265625,261.1546936035156,52.29999923706055,309.2640380859375,0.0,37700.0,0.0,0.0,20000.056640625,4.699999809265137,0.0,0.0,26.600000381469727,24134.87109375,0.0,0.0,243.388671875,255.40892028808594,259.2797546386719,262.4121398925781,267.25396728515625,5539.35498046875,3070.88671875,1604.6292724609375,959.9620361328125,354.4878234863281,265.0252685546875,76.5999984741211,76.5,543.3895874023438,0.0,19999.974609375,15.0,0.0,0.0,24100.0,245.0,255.5,260.79998779296875,260.70001220703125,264.6000061035156,5535.18896484375,3069.88623046875,1603.70068359375,959.4349975585938,349.02728271484375,260.5400085449219,83.4000015258789,85.0,206.8800048828125,0.0,0.0,0.0625,nan,67.0,0.0,0.0,67.0,16500.478515625,245.37127685546875,255.52134704589844,260.78753662109375,262.3633728027344,267.2616882324219,5532.8623046875,3068.6376953125,1602.78662109375,955.517822265625,346.7632141113281,264.6741638183594,86.41793060302734,84.88265228271484,425.4009704589844,0.0,0.0,0.0,5561.51953125,3077.864013671875,1607.211669921875,960.6303100585938,353.956298828125,249.61631774902344,255.6792755126953,260.49151611328125,263.1512145996094,267.80743408203125,15.173182487487793,33.38937759399414,73.33244323730469,56.75761413574219,0.01293182373046875,0.5817947387695312,0.3237590789794922,264.98944091796875,258.65093994140625,104615.4375,93935.171875,,1.77983558177948,31.0,0.0,7620.0,88888.0,1432.0,16209.0,0.0,0.0,0.0,0.0,0.0,18.0,18.0,19.0,19.0,0.0,0.0,256.6300048828125,252.57998657226562,71.0,0.0,12.0,13.100000381469727
2024-12-14T16:51,2024-12-14T17:00,24,holdout_webcam,0,2024,12,16,23,2024-12-13T18:00,23,2024-12-13T18:00,23,2024-12-13T18:00,26,2024-12-13T15:00,24,2024-12-13T18:00,24,2024-12-13T17:00,-999.0,0.0,0.0,0.0,0.0,nan,nan,nan,nan,nan,7.339625835418701,247.23428344726562,255.36233520507812,260.7218017578125,262.05767822265625,266.1953125,5548.572265625,3075.7001953125,1608.34326171875,351.8509521484375,261.87750244140625,44.099998474121094,301.1312561035156,0.0,45800.0,0.0,0.009999999776482582,19999.9296875,4.099999904632568,0.0,0.0,39.79999923706055,24134.953125,0.0,0.0,247.67855834960938,255.41091918945312,259.8417053222656,262.0506286621094,266.9013366699219,5542.27392578125,3071.131103515625,1603.1055908203125,958.72412109375,354.107177734375,264.6408996582031,75.5999984741211,73.5999984741211,546.559326171875,0.0,19999.822265625,10.0,0.0,0.0,24100.0,245.0,255.89999389648438,262.20001220703125,260.0,263.84796142578125,5537.49560546875,3067.7958984375,1591.6041259765625,947.6224975585938,337.18450927734375,259.6899719238281,83.19999694824219,85.0,282.0799865722656,0.0,0.0,0.0,nan,91.0,0.0,0.0,91.0,10320.4052734375,247.4449920654297,255.24693298339844,261.02264404296875,259.5881042480469,263.8971862792969,5546.111328125,3075.39990234375,1606.6998291015625,961.6040649414062,359.19122314453125,261.0771484375,90.71041107177734,85.66224670410156,373.6156921386719,0.0,0.0,0.0625,5550.8203125,3074.755615234375,1599.34423828125,954.3206176757812,351.437255859375,248.1085205078125,255.84378051757812,261.23004150390625,261.52142333984375,266.1719665527344,12.065661430358887,29.61058235168457,71.47119903564453,55.71709442138672,-0.0872659683227539,0.6896429061889648,0.30305004119873047,263.611328125,256.5003356933594,104606.1875,93873.1953125,,1.5104355812072754,17.0,0.0,7620.0,88888.0,88888.0,209.0,12.0,12.0,12.0,14.0,21.0,45.0,45.0,45.0,45.0,0.0,0.0,257.0099792480469,251.89999389648438,64.0,0.0,12.399999618530273,13.899999618530273
2024-12-14T16:51,2024-12-14T17:00,48,holdout_webcam,0,2024,12,16,47,2024-12-12T18:00,47,2024-12-12T18:00,47,2024-12-12T18:00,50,2024-12-12T15:00,48,2024-12-12T18:00,36,2024-12-13T05:00,-999.0,0.0,0.0,0.0,0.0,nan,nan,nan,nan,nan,6.359004497528076,246.83697509765625,255.65016174316406,259.8370056152344,260.67791748046875,264.72442626953125,5545.7822265625,3066.03125,1600.2255859375,348.82464599609375,261.1854248046875,50.70000076293945,323.6558532714844,0.0,39200.0,0.0,0.550000011920929,19999.82421875,32.599998474121094,0.0,0.0,84.5999984741211,24134.9765625,0.0,0.0,244.0167236328125,254.60430908203125,258.78350830078125,261.6869812011719,266.5345458984375,5513.50390625,3061.610107421875,1598.490478515625,955.8038330078125,351.9857177734375,264.2334899902344,78.69999694824219,79.30000305175781,592.7318115234375,0.0,20000.001953125,8.0,0.0,0.0,24100.0,246.3000030517578,255.5,260.0,259.79998779296875,263.6000061035156,5506.75537109375,3052.34375,1580.8289794921875,939.8134155273438,330.48333740234375,259.3900146484375,89.9000015258789,94.0,242.24000549316406,0.0,0.0,0.0,nan,100.0,0.0,0.0,100.0,13800.0,247.16607666015625,255.38526916503906,259.92864990234375,258.17529296875,261.8997497558594,5543.4248046875,3063.6005859375,1600.1490478515625,957.4577026367188,359.04779052734375,259.370361328125,90.53782653808594,78.45784759521484,357.4757995605469,0.0,0.0,0.0625,5542.8515625,3071.31591796875,1596.21826171875,951.4442138671875,349.670654296875,246.2481231689453,256.2376708984375,260.98175048828125,261.1368103027344,265.7479248046875,10.828957557678223,32.41371154785156,74.84573364257812,57.814266204833984,-0.049320220947265625,0.8471651077270508,0.35277366638183594,263.22039794921875,256.7348327636719,104593.0625,93844.5,,1.6716818809509277,22.0,0.0,7620.0,88888.0,648.0,201.0,10.0,10.0,11.0,12.0,16.0,47.0,47.0,49.0,50.0,0.0,0.0,256.53997802734375,251.97000122070312,66.0,0.0,12.800000190734863,14.300000190734863
2025-01-19T03:50,2025-01-19T04:00,1,train,0,2025,1,3,1,2025-01-19T03:00,4,2025-01-19T00:00,4,2025-01-19T00:00,1,2025-01-19T03:00,3,2025-01-19T00:00,1,2025-01-19T03:00,-999.0,0.0,49.0,12.0,2.0,1463.57861328125,1342.3170166015625,82700.0,85200.0,nan,7.418303966522217,250.74981689453125,264.06402587890625,270.4119873046875,274.1962585449219,278.0900573730469,5413.8681640625,2879.95068359375,1359.3895263671875,47.072444915771484,269.60321044921875,89.69999694824219,253.29444885253906,765.3599853515625,12200.0,0.0,0.4440000057220459,784.8290405273438,94.0999984741211,42.20000076293945,94.4000015258789,95.80000305175781,131.5032196044922,1.359999987471383e-05,1.5,251.61404418945312,263.6166687011719,269.71685791015625,271.9888610839844,276.0560607910156,5417.33642578125,2876.98974609375,1358.048583984375,685.3540649414062,58.682029724121094,271.28228759765625,98.80000305175781,98.5999984741211,72.88578033447266,488.79998779296875,1196.147705078125,72.0,50.0,13.0,100.0,251.1999969482422,264.70001220703125,269.79998779296875,273.8999938964844,278.0,5409.65478515625,2870.31640625,1349.53857421875,675.6049194335938,50.06660461425781,270.6400146484375,99.30000305175781,100.0,611.4400024414062,795.0399780273438,0.0,0.25,959.635498046875,100.0,100.0,0.0,84.0,6600.0,251.0804901123047,263.23284912109375,269.5702209472656,272.93426513671875,276.792236328125,5412.29931640625,2878.12548828125,1361.3056640625,688.571044921875,54.97418975830078,272.0364990234375,94.31576538085938,96.76899719238281,308.23101806640625,590.0,4.999999873689376e-05,0.375,5420.8984375,2883.958251953125,1362.351806640625,688.638916015625,61.614990234375,250.62327575683594,264.37115478515625,270.2237548828125,272.78973388671875,276.933349609375,99.68355560302734,96.61084747314453,95.7665023803711,96.07357025146484,-0.28401660919189453,0.49089527130126953,0.16345882415771484,271.0755615234375,270.80755615234375,100769.75,90778.6875,,11.135519027709961,88.0,0.0,7620.0,0.0,0.0,256.0,96.0,96.0,96.0,96.0,98.0,89.0,93.0,94.0,96.0,0.0,0.0,267.71002197265625,266.47998046875,92.0,24.0,12.0,12.600000381469727
2025-02-03T13:57,2025-02-03T14:00,1,train,0,2025,2,13,1,2025-02-03T13:00,2,2025-02-03T12:00,2,2025-02-03T12:00,1,2025-02-03T13:00,3,2025-02-03T12:00,1,2025-02-03T13:00,-999.0,0.0,0.0,18.0,0.0,nan,1342.4212646484375,nan,85900.0,nan,8.869462966918945,245.00042724609375,264.0724792480469,267.52410888671875,268.921142578125,272.43560791015625,5450.89111328125,2943.33984375,1425.041748046875,129.7364501953125,268.72320556640625,74.0,213.43650817871094,623.9199829101562,21500.0,0.0,0.0,6801.7392578125,5.0,100.0,100.0,7.0,24135.234375,0.0,0.0,245.27432250976562,264.4555969238281,269.2647399902344,268.0509033203125,272.1127624511719,5467.017578125,2949.5322265625,1421.737548828125,757.5626220703125,140.34051513671875,268.1884765625,85.30000305175781,82.80000305175781,127.42529296875,21.600000381469727,20000.009765625,15.0,0.0,0.0,24100.0,245.39999389648438,264.29998779296875,268.8999938964844,271.6000061035156,275.70001220703125,5460.283203125,2948.694091796875,1422.7779541015625,754.5244140625,148.70057678222656,269.67999267578125,70.19999694824219,73.0,210.0,647.52001953125,0.0,0.0,857.1986083984375,93.0,93.0,19.0,93.0,6300.0,245.02700805664062,263.86798095703125,268.5711364746094,266.53240966796875,269.70904541015625,5454.78173828125,2946.54052734375,1425.111328125,763.3968505859375,138.84872436523438,266.8842468261719,93.0,97.03787231445312,324.4156494140625,0.0,0.0,0.0,5470.7109375,2955.6142578125,1426.16259765625,762.7604370117188,145.6279296875,245.28656005859375,265.00006103515625,269.1544189453125,268.2677917480469,272.38763427734375,26.77173614501953,70.5203628540039,82.38567352294922,72.99837493896484,0.7053985595703125,0.4713592529296875,0.02241802215576172,269.9471435546875,266.312255859375,101804.4375,91586.4453125,,5.2886433601379395,58.0,0.0,7620.0,0.0,0.0,256.0,70.0,77.0,78.0,80.0,84.0,60.0,60.0,60.0,60.0,0.0,0.0,262.91998291015625,261.1499938964844,85.0,1.0,11.199999809265137,10.899999618530273
2025-01-03T01:58,2025-01-03T02:00,24,train,0,2025,1,1,26,2025-01-02T00:00,26,2025-01-02T00:00,26,2025-01-02T00:00,23,2025-01-02T03:00,21,2025-01-02T06:00,24,2025-01-02T02:00,-999.0,100.0,100.0,100.0,0.0,1340.7852783203125,1340.726318359375,45100.0,84200.0,6376.96044921875,19.514541625976562,241.31712341308594,257.04754638671875,259.7796630859375,263.871337890625,267.8800048828125,5205.34765625,2742.89453125,1273.57373046875,9.092742919921875,258.51605224609375,87.4000015258789,365.42498779296875,0.0,0.0,0.0,9.600000381469727,784.6087036132812,98.19999694824219,51.400001525878906,0.0,100.0,161.17884826660156,0.00013600000238511711,0.8125,240.9674072265625,255.56231689453125,260.89141845703125,266.23065185546875,270.21466064453125,5196.29833984375,2735.72314453125,1272.7880859375,619.465576171875,6.664218902587891,265.16998291015625,88.9000015258789,87.30000305175781,1493.1666259765625,0.0,1195.245361328125,75.0,82.0,0.0,0.0,242.10000610351562,260.79998779296875,261.70001220703125,266.0,270.0,5211.6005859375,2725.03466796875,1249.4503173828125,595.7655639648438,-18.691999435424805,262.7699890136719,98.0,100.0,784.4000244140625,0.0,0.002300000051036477,10.625,922.6273193359375,100.0,15.0,0.0,100.0,4600.0,242.11004638671875,255.43988037109375,259.521728515625,264.6238098144531,268.72064208984375,5200.5830078125,2740.30810546875,1276.25390625,627.2440185546875,13.131210327148438,263.3951416015625,89.32684326171875,86.25341033935547,576.327880859375,0.0,3.9999998989515007e-05,4.625,5203.875,2740.82470703125,1278.53271484375,627.1232299804688,16.768310546875,240.50392150878906,255.80931091308594,260.33026123046875,265.57403564453125,269.5164794921875,69.82701873779297,95.38607788085938,86.95735168457031,85.80474853515625,2.7266416549682617,1.534287452697754,0.5619468688964844,263.9796447753906,262.11907958984375,100172.625,89934.2109375,,3.8524861335754395,87.0,0.0,7620.0,32.0,32.0,0.0,81.0,81.0,81.0,82.0,82.0,79.0,81.0,81.0,85.0,4.0,0.0,257.760009765625,256.8699951171875,93.0,28.0,46.0,51.70000076293945
2025-01-03T01:58,2025-01-03T02:00,48,train,0,2025,1,1,44,2025-01-01T06:00,50,2025-01-01T00:00,50,2025-01-01T00:00,47,2025-01-01T03:00,45,2025-01-01T06:00,36,2025-01-01T14:00,-999.0,100.0,100.0,100.0,0.0,1340.94140625,1340.7698974609375,78700.0,84200.0,6830.4345703125,18.711894989013672,241.27590942382812,257.6866149902344,260.20697021484375,264.531005859375,268.5610656738281,5213.6083984375,2749.123046875,1277.6484375,11.612777709960938,259.0,87.19999694824219,316.1907653808594,0.0,100.0,9.999999747378752e-05,44.29999923706055,784.6318359375,89.9000015258789,100.0,73.5999984741211,100.0,170.015380859375,0.00010879999899771065,0.6875,243.1500244140625,257.8525390625,260.8228759765625,265.9600524902344,269.9432373046875,5231.85888671875,2751.947021484375,1280.7672119140625,627.9257202148438,15.747312545776367,264.9229736328125,89.5999984741211,87.69999694824219,1293.17431640625,0.0,1195.3056640625,68.0,76.0,0.0,0.0,242.89999389648438,261.5,261.1000061035156,265.3999938964844,269.29998779296875,5233.39501953125,2737.67041015625,1256.951904296875,604.8425903320312,-9.716444969177246,263.0299987792969,98.30000305175781,100.0,530.8800048828125,0.0,0.002400000113993883,9.125,909.9112548828125,100.0,0.0,0.0,100.0,4200.0,242.1648406982422,255.9144744873047,259.05535888671875,264.0290222167969,268.20135498046875,5203.94140625,2746.009765625,1282.77685546875,635.1251220703125,20.535812377929688,262.8644714355469,89.0,87.92472839355469,525.6551513671875,0.0,3.9999998989515007e-05,34.5625,5219.53515625,2755.294189453125,1288.854248046875,639.5028686523438,30.57958984375,240.3798065185547,256.82769775390625,259.6146240234375,264.81939697265625,268.7177734375,67.90186309814453,93.46086883544922,88.61071014404297,87.63764953613281,2.7093868255615234,2.371156692504883,0.7122697830200195,263.4423828125,261.78802490234375,100374.3125,90103.3671875,,3.7848145961761475,86.0,0.0,7620.0,32.0,32.0,0.0,56.0,57.0,57.0,58.0,59.0,68.0,69.0,69.0,72.0,5.0,0.0,258.30999755859375,256.8899841308594,91.0,21.0,45.599998474121094,51.29999923706055
2025-01-19T03:50,2025-01-19T04:00,24,train,0,2025,1,3,22,2025-01-18T06:00,22,2025-01-18T06:00,22,2025-01-18T06:00,25,2025-01-18T03:00,21,2025-01-18T06:00,24,2025-01-18T04:00,-999.0,0.0,58.0,55.0,4.0,nan,1342.30859375,55900.0,85100.0,nan,8.68734359741211,249.97027587890625,263.8766784667969,270.51092529296875,274.5755615234375,278.6242980957031,5412.4765625,2875.71728515625,1354.876708984375,42.02700424194336,270.25927734375,92.5999984741211,285.2352294921875,867.1199951171875,5200.0,0.0,7.349999904632568,818.0120239257812,98.80000305175781,66.9000015258789,100.0,98.80000305175781,6294.548828125,9.60000033956021e-06,1.125,251.46664428710938,263.2676696777344,269.3576965332031,272.9317932128906,277.01446533203125,5414.669921875,2868.9931640625,1350.1519775390625,677.3508911132812,48.41450119018555,272.18701171875,97.5999984741211,97.0999984741211,87.700439453125,627.6799926757812,1229.6929931640625,100.0,100.0,1.0,700.0,251.60000610351562,265.8999938964844,270.3999938964844,274.3999938964844,278.5,5407.19921875,2859.87548828125,1333.0191650390625,657.6818237304688,29.930971145629883,271.0400085449219,99.19999694824219,100.0,506.3999938964844,856.7999877929688,0.0003000000142492354,1.25,971.8392944335938,100.0,100.0,100.0,100.0,10100.0,250.03585815429688,264.00140380859375,270.1299133300781,273.6590576171875,277.5284423828125,5407.93017578125,2871.673828125,1350.962890625,676.8216552734375,41.82086944580078,272.5965881347656,91.4124755859375,95.51222229003906,436.51605224609375,700.0,9.999999747378752e-06,2.8125,5418.73046875,2882.34765625,1361.227294921875,686.9208984375,59.052001953125,250.68016052246094,264.384765625,270.7486267089844,273.1094970703125,277.13836669921875,95.50730895996094,98.1036148071289,95.27811431884766,95.7688217163086,0.04111766815185547,0.3285713195800781,0.012205123901367188,271.320556640625,271.05523681640625,100746.9375,90759.59375,,11.243181228637695,92.0,0.0,7620.0,0.0,0.0,209.0,82.0,82.0,82.0,84.0,87.0,82.0,87.0,91.0,91.0,0.0,0.0,267.7200012207031,266.7200012207031,91.0,36.0,13.199999809265137,13.800000190734863
2025-01-19T03:50,2025-01-19T04:00,48,train,0,2025,1,3,46,2025-01-17T06:00,46,2025-01-17T06:00,46,2025-01-17T06:00,49,2025-01-17T03:00,45,2025-01-17T06:00,36,2025-01-17T16:00,-999.0,100.0,100.0,100.0,99.0,1342.5394287109375,1342.4892578125,81400.0,85300.0,1880.721923828125,8.343369483947754,249.49966430664062,265.1064453125,270.97100830078125,274.55023193359375,278.48602294921875,5434.166015625,2900.0537109375,1373.888427734375,58.548133850097656,270.8172912597656,97.5,325.70843505859375,946.7999877929688,100.0,0.0,8.819999694824219,785.21337890625,96.9000015258789,99.5999984741211,99.0999984741211,99.19999694824219,414.262451171875,2.2399999579647556e-05,1.0,250.76791381835938,262.56329345703125,268.6543273925781,272.7383117675781,276.820068359375,5408.71044921875,2864.620849609375,1352.1199951171875,680.29150390625,51.817344665527344,272.0081787109375,98.0,97.5,195.03712463378906,601.4400024414062,3984.982666015625,100.0,100.0,1.0,2900.0,249.5,263.70001220703125,269.1000061035156,273.5,277.6000061035156,5400.63671875,2862.67626953125,1341.8016357421875,669.123046875,42.70878982543945,270.3599853515625,94.0,96.0,366.8800048828125,751.52001953125,9.999999747378752e-05,0.5625,2071.248291015625,55.0,100.0,100.0,44.0,6000.0,248.9466094970703,265.5012512207031,272.0496826171875,274.7034606933594,278.4044189453125,5430.94140625,2890.84619140625,1360.9658203125,682.7437744140625,44.83294677734375,273.17279052734375,90.2082290649414,94.64835357666016,329.37890625,940.0,0.0001900000061141327,4.25,5414.8671875,2880.220703125,1356.321533203125,683.681640625,56.564697265625,250.19253540039062,264.14251708984375,270.052001953125,272.7652893066406,276.82708740234375,93.40142822265625,96.36917877197266,95.46731567382812,95.12377166748047,-0.016138076782226562,0.6104602813720703,0.11769580841064453,271.07354736328125,270.8458557128906,100719.0625,90707.1484375,,10.763364791870117,92.0,0.0,7620.0,0.0,0.0,0.0,94.0,94.0,95.0,95.0,98.0,87.0,93.0,97.0,100.0,0.0,0.0,267.5099792480469,266.6399841308594,92.0,23.0,14.800000190734863,15.800000190734863
2025-02-03T13:57,2025-02-03T14:00,24,train,0,2025,2,13,26,2025-02-02T12:00,26,2025-02-02T12:00,26,2025-02-02T12:00,23,2025-02-02T15:00,27,2025-02-02T12:00,24,2025-02-02T14:00,-999.0,0.0,50.0,57.0,99.0,7218.02978515625,1341.874267578125,nan,85800.0,8550.88671875,9.385537147521973,246.14520263671875,264.74261474609375,268.21746826171875,270.34149169921875,273.96875,5456.3203125,2941.01904296875,1419.7576904296875,120.1286392211914,268.6005859375,79.69999694824219,267.333251953125,610.47998046875,18400.0,0.0,5.940000057220459,19994.705078125,5.0,33.099998474121094,21.600000381469727,27.0,24134.923828125,0.0,0.0,245.37628173828125,263.98321533203125,268.8963317871094,268.95880126953125,273.0298156738281,5463.1396484375,2945.461181640625,1419.90966796875,754.88427734375,135.48324584960938,269.1145324707031,85.19999694824219,82.80000305175781,152.1526336669922,155.83999633789062,1297.4825439453125,22.0,84.0,3.0,24100.0,247.0,264.1000061035156,267.8999938964844,269.6000061035156,273.6000061035156,5455.00830078125,2939.14111328125,1415.4443359375,752.2470703125,141.0541229248047,267.3699951171875,89.5999984741211,95.0,284.55999755859375,292.4800109863281,0.0,0.1875,930.9500122070312,100.0,57.0,100.0,100.0,10300.0,246.6669464111328,263.9771728515625,267.43853759765625,268.7562561035156,272.11041259765625,5455.6640625,2936.04736328125,1422.537109375,757.8245849609375,130.1229248046875,269.12567138671875,91.059814453125,95.51091003417969,381.294189453125,140.0,0.0,3.625,5464.6328125,2948.822021484375,1422.306884765625,757.2807006835938,136.6494140625,245.6317596435547,264.6661376953125,268.0779724121094,269.7754821777344,273.93634033203125,35.66166687011719,87.44049835205078,88.85704040527344,80.94295501708984,0.537841796875,0.7324495315551758,-0.009003639221191406,270.9810791015625,268.54296875,101688.875,91526.625,,6.07143497467041,68.0,0.0,7620.0,32.0,32.0,256.0,51.0,53.0,61.0,61.0,64.0,62.0,63.0,66.0,74.0,0.0,0.0,264.0299987792969,262.3800048828125,89.0,2.0,11.600000381469727,11.300000190734863
2025-02-22T11:50,2025-02-22T12:00,1,train,1,2025,2,11,1,2025-02-22T11:00,6,2025-02-22T06:00,6,2025-02-22T06:00,1,2025-02-22T11:00,0,2025-02-22T12:00,1,2025-02-22T11:00,-999.0,0.0,3.0,100.0,0.0,1340.888916015625,1340.495849609375,nan,86000.0,1392.9227294921875,14.359176635742188,240.42501831054688,257.2026672363281,260.3858337402344,261.4432373046875,265.1593017578125,5362.9912109375,2909.64404296875,1433.453369140625,173.13690185546875,257.8539123535156,75.5999984741211,226.6428680419922,0.0,19200.0,0.0,0.004999999888241291,19999.998046875,57.0,50.099998474121094,4.400000095367432,97.80000305175781,5030.56396484375,1.6000000186977559e-06,0.125,240.22491455078125,257.9295959472656,258.520263671875,256.6432189941406,260.40240478515625,5355.103515625,2900.093994140625,1422.5804443359375,786.08154296875,195.8782501220703,256.4722595214844,95.30000305175781,94.80000305175781,211.7476348876953,0.0,19999.9765625,34.0,1.0,0.0,24100.0,241.10000610351562,258.8999938964844,260.3999938964844,256.1000061035156,259.8999938964844,5366.3798828125,2901.520751953125,1413.42626953125,781.52587890625,188.82850646972656,253.1999969482422,88.30000305175781,90.0,273.8399963378906,0.0,0.0,0.6875,792.8248291015625,92.0,42.0,0.0,92.0,1100.0,240.23428344726562,256.8465270996094,261.1466369628906,259.55535888671875,263.20709228515625,5358.39892578125,2909.4169921875,1431.45947265625,787.6435546875,179.21267700195312,257.83349609375,78.81395721435547,83.49563598632812,282.34002685546875,0.0,1.9999999494757503e-05,0.0625,5365.3203125,2907.71240234375,1425.05859375,783.553466796875,190.32275390625,240.30870056152344,258.077880859375,261.4349365234375,258.2268371582031,262.12579345703125,26.034103393554688,39.50244903564453,91.4669189453125,92.79547119140625,0.502467155456543,2.350839614868164,0.8693876266479492,256.5777893066406,254.7395477294922,102516.25,91798.515625,,2.2677977085113525,66.0,0.0,7620.0,248.0,248.0,0.0,13.0,14.0,14.0,16.0,17.0,59.0,59.0,59.0,59.0,0.0,0.0,253.6799774169922,250.4299774169922,75.0,1.0,22.0,21.700000762939453
2025-02-22T11:50,2025-02-22T12:00,24,train,1,2025,2,11,24,2025-02-21T12:00,24,2025-02-21T12:00,24,2025-02-21T12:00,21,2025-02-21T15:00,24,2025-02-21T12:00,24,2025-02-21T12:00,-999.0,0.0,7.0,100.0,0.0,6039.0615234375,1340.2215576171875,nan,86000.0,7413.77001953125,14.374297142028809,240.98583984375,256.88623046875,258.8664245605469,259.56396484375,263.3581237792969,5355.93408203125,2901.05078125,1427.8511962890625,174.294189453125,255.89833068847656,76.80000305175781,223.01101684570312,0.0,18100.0,0.0,0.21299999952316284,20000.029296875,49.29999923706055,67.19999694824219,22.600000381469727,84.5999984741211,9632.587890625,8.000000093488779e-07,0.0625,240.6531982421875,258.18133544921875,259.90570068359375,256.5700988769531,260.2110290527344,5366.39697265625,2906.493408203125,1426.9046630859375,786.549072265625,196.77703857421875,256.22222900390625,96.4000015258789,95.9000015258789,123.82553100585938,0.0,7381.7255859375,46.0,53.0,1.0,24100.0,241.1999969482422,259.3999938964844,261.3999938964844,257.70001220703125,261.6000061035156,5372.86181640625,2905.231689453125,1414.431884765625,778.3308715820312,180.19937133789062,254.97000122070312,88.30000305175781,90.0,237.83999633789062,0.0,0.0,0.8125,822.434326171875,100.0,68.0,0.0,100.0,3300.0,240.48577880859375,256.63775634765625,259.6768798828125,259.55609130859375,263.5718994140625,5354.4521484375,2904.54150390625,1428.6361083984375,788.0881958007812,180.06898498535156,259.19256591796875,87.27267456054688,94.59283447265625,320.9070739746094,0.0,0.0,0.5625,5359.73828125,2902.458984375,1417.7333984375,776.740966796875,185.26708984375,240.38580322265625,258.16455078125,261.6487731933594,257.5537109375,261.284423828125,25.034692764282227,33.90662384033203,93.1309585571289,95.36615753173828,0.7975664138793945,1.9396820068359375,0.6676445007324219,256.150390625,254.29745483398438,102448.5,91716.3125,,2.3011693954467773,63.0,0.0,7620.0,32.0,32.0,209.0,20.0,21.0,21.0,22.0,25.0,63.0,63.0,63.0,67.0,0.0,0.0,255.3599853515625,251.27999877929688,69.0,2.0,21.600000381469727,21.299999237060547
2025-02-03T13:57,2025-02-03T14:00,48,train,0,2025,2,13,44,2025-02-01T18:00,50,2025-02-01T12:00,50,2025-02-01T12:00,47,2025-02-01T15:00,51,2025-02-01T12:00,36,2025-02-02T02:00,-999.0,0.0,8.0,73.0,100.0,7907.42333984375,1341.7708740234375,nan,86000.0,8485.89453125,8.28203010559082,246.3826446533203,263.2725830078125,267.66717529296875,269.86865234375,273.41070556640625,5458.32373046875,2947.3154296875,1433.470458984375,137.37937927246094,267.9439697265625,88.0999984741211,262.53350830078125,508.0,14600.0,0.0,3.6700000762939453,19999.81640625,13.0,66.4000015258789,100.0,38.5,24135.119140625,0.0,0.0,246.28823852539062,264.3817138671875,268.3085632324219,268.8980712890625,272.9463806152344,5448.5478515625,2930.5439453125,1409.418701171875,744.5546264648438,125.35546875,268.896240234375,86.9000015258789,84.5999984741211,136.3373565673828,123.04000091552734,1195.888916015625,37.0,66.0,77.0,0.0,247.5,264.3999938964844,268.6000061035156,267.70001220703125,271.70001220703125,5470.70361328125,2947.25830078125,1419.39111328125,760.626953125,148.0554962158203,265.8900146484375,96.0999984741211,100.0,283.44000244140625,64.0,0.0006000000284984708,1.25,998.8187255859375,100.0,1.0,86.0,100.0,13500.0,245.55258178710938,264.3817138671875,268.1479797363281,268.9202575683594,271.69000244140625,5463.10888671875,2948.84619140625,1432.812744140625,766.75830078125,140.01962280273438,269.38934326171875,90.65658569335938,93.91587829589844,373.65838623046875,190.0,0.0,2.3125,5463.62890625,2948.6962890625,1427.555419921875,761.3516845703125,141.729736328125,245.6395721435547,263.53607177734375,268.40777587890625,269.4510803222656,273.53521728515625,39.14362716674805,95.35015869140625,86.5394058227539,78.0434799194336,0.303253173828125,0.4155244827270508,0.06223487854003906,270.51715087890625,267.9620361328125,101765.0625,91579.375,,6.127717018127441,74.0,0.0,7620.0,32.0,32.0,256.0,57.0,58.0,58.0,58.0,58.0,55.0,55.0,56.0,58.0,0.0,0.0,263.83001708984375,262.1199951171875,87.0,3.0,12.800000190734863,12.5
2025-02-22T11:50,2025-02-22T12:00,48,train,1,2025,2,11,48,2025-02-20T12:00,48,2025-02-20T12:00,48,2025-02-20T12:00,45,2025-02-20T15:00,48,2025-02-20T12:00,48,2025-02-20T12:00,-999.0,0.0,2.0,0.0,0.0,nan,1340.142822265625,nan,85900.0,nan,13.50298023223877,241.23223876953125,256.8998107910156,259.6297607421875,259.54705810546875,263.19378662109375,5354.58203125,2897.662109375,1423.51025390625,168.9934844970703,256.28057861328125,67.4000015258789,216.7401885986328,0.0,24500.0,0.0,0.6600000262260437,20000.033203125,31.799999237060547,97.69999694824219,24.0,86.80000305175781,13952.0869140625,0.0,0.0625,241.0166015625,257.77374267578125,260.40496826171875,256.48095703125,260.0420837402344,5369.07666015625,2910.79736328125,1430.4053955078125,788.8256225585938,199.39939880371094,256.0691223144531,96.4000015258789,95.5999984741211,106.7914047241211,0.0,20000.01171875,43.0,0.0,0.0,24100.0,241.1999969482422,258.29998779296875,260.79998779296875,257.3999938964844,261.20001220703125,5368.5546875,2903.464599609375,1416.766845703125,781.529296875,184.82131958007812,254.72999572753906,88.19999694824219,90.0,237.52000427246094,0.0,0.0,0.75,792.5501708984375,100.0,0.0,0.0,100.0,400.0,241.48219299316406,257.1587829589844,260.87371826171875,257.9024658203125,261.7890625,5360.26123046875,2903.080078125,1425.082763671875,784.8138427734375,178.22787475585938,257.31866455078125,85.19882202148438,93.3203125,264.6899108886719,0.0,0.0,1.3125,5354.3671875,2901.07373046875,1417.140625,774.2421875,181.326416015625,240.27745056152344,257.5897216796875,261.9894104003906,258.3258056640625,261.9308166503906,25.713939666748047,32.254066467285156,89.69502258300781,93.54415893554688,0.4031944274902344,2.3710594177246094,0.8470401763916016,256.36737060546875,254.3193817138672,102378.1875,91701.5625,,2.2114226818084717,56.0,,,88888.0,32.0,8960.0,22.0,22.0,,22.0,,40.0,,40.0,40.0,0.0,0.0,254.97998046875,250.76998901367188,68.0,0.0,22.0,21.700000762939453
2025-03-21T03:58,2025-03-21T04:00,1,train,0,2025,3,3,1,2025-03-21T03:00,4,2025-03-21T00:00,4,2025-03-21T00:00,1,2025-03-21T03:00,3,2025-03-21T00:00,1,2025-03-21T03:00,-999.0,100.0,100.0,15.0,15.0,1343.254150390625,1343.2098388671875,81200.0,85000.0,1892.8310546875,8.364051818847656,254.64691162109375,269.36474609375,276.21759033203125,278.48785400390625,282.4762268066406,5482.31640625,2901.43603515625,1346.370361328125,9.090019226074219,275.3517150878906,98.5999984741211,338.0403747558594,2186.800048828125,0.0,0.0,0.0010000000474974513,784.9594116210938,100.0,82.4000015258789,100.0,100.0,33.404048919677734,3.680000008898787e-05,0.0625,254.91453552246094,270.00506591796875,275.75653076171875,276.4477233886719,280.58660888671875,5481.8330078125,2900.4541015625,1343.00146484375,658.3247680664062,20.868867874145508,275.68145751953125,98.4000015258789,98.5999984741211,163.3902587890625,2255.840087890625,1196.396484375,51.0,29.0,78.0,0.0,254.89999389648438,271.3999938964844,276.1000061035156,280.5,284.70001220703125,5486.93408203125,2900.75244140625,1335.4664306640625,644.3656005859375,14.500367164611816,276.989990234375,100.0,100.0,334.0799865722656,2564.159912109375,0.0,0.1875,895.5875244140625,55.0,67.0,73.0,55.0,6400.0,253.1031494140625,270.5743103027344,278.30291748046875,278.3369445800781,282.151611328125,5490.60693359375,2913.127685546875,1350.476806640625,658.8812866210938,9.725288391113281,275.91314697265625,91.54369354248047,95.20387268066406,184.74798583984375,2490.0,0.0,0.0,5507.0078125,2919.891845703125,1348.01416015625,660.6836547851562,24.981201171875,254.5140838623047,271.77947998046875,278.98028564453125,276.37322998046875,280.5089111328125,17.783885955810547,83.4249496459961,99.51543426513672,99.57398223876953,-0.5149612426757812,0.630950927734375,0.11781692504882812,274.4042053222656,274.3729553222656,100309.5625,90496.3984375,,9.465474128723145,90.0,0.0,7620.0,0.0,0.0,256.0,100.0,100.0,100.0,100.0,100.0,95.0,100.0,100.0,100.0,0.0,0.0,273.79998779296875,272.8399963378906,94.0,11.0,16.799999237060547,17.5
2025-05-16T11:53,2025-05-16T12:00,1,train,1,2025,5,11,1,2025-05-16T11:00,6,2025-05-16T06:00,6,2025-05-16T06:00,1,2025-05-16T11:00,0,2025-05-16T12:00,1,2025-05-16T11:00,-999.0,0.0,0.0,0.0,0.0,nan,1393.404052734375,nan,85500.0,nan,4.830997943878174,260.09490966796875,275.9305725097656,286.0692138671875,289.6014099121094,293.68096923828125,5684.537109375,3038.89111328125,1436.87841796875,53.28511047363281,287.3204345703125,78.4000015258789,330.6137390136719,3588.377685546875,19900.0,0.0,0.0,19999.84375,5.0,5.0,1.0,0.0,24134.93359375,0.0,0.0,259.7355041503906,275.9110412597656,285.88446044921875,290.3056335449219,294.62457275390625,5687.419921875,3045.7119140625,1443.622314453125,727.740966796875,63.382930755615234,290.61126708984375,74.19999694824219,73.5,278.2611999511719,3505.280029296875,20000.0859375,17.0,13.0,16.0,400.0,259.70001220703125,276.29998779296875,284.1000061035156,288.20001220703125,292.5,5689.197265625,3046.009765625,1440.4212646484375,728.5413208007812,62.32526397705078,285.09002685546875,99.69999694824219,100.0,184.39999389648438,3563.840087890625,9.999999747378752e-05,4.5,nan,22.0,0.0,0.0,22.0,13700.0,260.0877990722656,276.1401062011719,286.68231201171875,288.70416259765625,292.5694274902344,5688.66748046875,3043.1767578125,1438.6968994140625,722.1964111328125,54.63819885253906,289.51983642578125,91.49739837646484,92.65721130371094,359.0699768066406,3540.0,0.0,0.0,5692.6328125,3046.966796875,1444.858154296875,727.701416015625,64.615478515625,259.99566650390625,276.2122497558594,286.0487060546875,290.20233154296875,294.3589172363281,57.551300048828125,66.26206970214844,78.59060668945312,85.34720611572266,0.32221031188964844,0.19924545288085938,0.10798263549804688,290.09136962890625,287.34136962890625,100761.5,91276.25,,21.36090850830078,44.0,0.0,7620.0,0.0,0.0,209.0,61.0,71.0,73.0,73.0,75.0,64.0,64.0,64.0,64.0,193.0,0.0,283.8999938964844,281.42999267578125,86.0,3.0,6.400000095367432,6.099999904632568
2025-05-16T11:53,2025-05-16T12:00,48,train,1,2025,5,11,48,2025-05-14T12:00,48,2025-05-14T12:00,48,2025-05-14T12:00,45,2025-05-14T15:00,48,2025-05-14T12:00,48,2025-05-14T12:00,-999.0,0.0,4.0,0.0,0.0,nan,1393.82373046875,nan,85600.0,nan,3.1718180179595947,260.2855224609375,274.99578857421875,285.11541748046875,289.3272399902344,293.5362854003906,5682.4453125,3041.03125,1444.006591796875,62.829986572265625,286.7264709472656,86.5,554.3514404296875,3383.52001953125,16100.0,0.0,0.7300000190734863,20000.1015625,0.0,0.0,5.0,0.0,24135.078125,0.0,0.0,259.996337890625,276.8907470703125,284.6739807128906,289.52545166015625,293.8366394042969,5697.98583984375,3049.491455078125,1447.4337158203125,734.1573486328125,70.62175750732422,289.944091796875,77.0,76.5,326.65594482421875,3668.800048828125,20000.138671875,37.0,1.0,0.0,0.0,259.29998779296875,276.20001220703125,285.0,289.3999938964844,293.70001220703125,5680.57763671875,3037.209228515625,1436.018310546875,722.0555419921875,63.788352966308594,286.04998779296875,98.5999984741211,83.0,72.16000366210938,3519.199951171875,0.0,0.0,809.3108520507812,70.0,0.0,0.0,70.0,9300.0,259.212646484375,275.5617370605469,283.7452697753906,287.1604309082031,291.18603515625,5684.8017578125,3047.5654296875,1451.228515625,740.8412475585938,74.62738037109375,287.1886291503906,97.10791015625,94.80880737304688,370.4312744140625,3470.0,0.0,0.8125,5700.05078125,3048.053466796875,1442.728515625,731.072021484375,71.37939453125,261.093017578125,276.939697265625,285.248046875,287.49383544921875,291.6227722167969,54.813507080078125,77.99839782714844,93.59625244140625,90.60384368896484,0.4665813446044922,0.3430147171020508,0.1187591552734375,288.38983154296875,286.63983154296875,100842.75,91304.6875,,19.915252685546875,46.0,,,56.0,56.0,10496.0,66.0,69.0,,73.0,,54.0,,59.0,62.0,136.0,0.0,283.5,281.28997802734375,86.0,3.0,7.199999809265137,6.599999904632568
2025-05-16T11:53,2025-05-16T12:00,24,train,1,2025,5,11,24,2025-05-15T12:00,24,2025-05-15T12:00,24,2025-05-15T12:00,21,2025-05-15T15:00,24,2025-05-15T12:00,24,2025-05-15T12:00,-999.0,0.0,0.0,100.0,1.0,nan,1344.9254150390625,nan,86000.0,nan,4.294867992401123,259.99639892578125,275.27459716796875,285.494873046875,289.51739501953125,293.77215576171875,5681.828125,3039.083984375,1440.9827880859375,58.14195251464844,287.0038757324219,79.30000305175781,485.7686767578125,3474.719970703125,19700.0,0.0,0.41999998688697815,20000.103515625,0.0,21.0,5.0,0.0,24135.134765625,0.0,0.0,259.67718505859375,276.20068359375,285.440673828125,289.5478515625,293.8578796386719,5689.66650390625,3045.695556640625,1443.201416015625,728.96337890625,65.4488296508789,289.7065734863281,77.5999984741211,76.80000305175781,241.74313354492188,3544.639892578125,20000.0390625,33.0,0.0,2.0,100.0,260.3999938964844,277.0,286.3999938964844,288.3999938964844,292.70001220703125,5691.630859375,3045.355712890625,1441.6561279296875,728.433349609375,64.31986236572266,285.97003173828125,98.5,88.0,146.32000732421875,3608.800048828125,0.0,0.25,nan,67.0,98.0,38.0,67.0,9300.0,259.9884948730469,275.4466857910156,284.7572021484375,288.7881164550781,292.7907409667969,5685.04541015625,3045.007568359375,1447.5372314453125,733.3162841796875,64.80233764648438,288.794189453125,97.243896484375,93.97486114501953,402.2481689453125,3440.0,0.0001900000061141327,1.5,5695.1328125,3047.752685546875,1443.234375,729.5191650390625,69.19140625,259.62542724609375,276.7823486328125,285.45989990234375,287.89910888671875,292.06488037109375,62.85145568847656,79.90972900390625,92.42926025390625,89.8866958618164,0.030434608459472656,0.09004592895507812,0.02582073211669922,288.68267822265625,287.15142822265625,100823.3125,91302.375,,22.818580627441406,43.0,0.0,7620.0,0.0,0.0,209.0,60.0,61.0,62.0,65.0,71.0,61.0,66.0,69.0,78.0,127.0,0.0,284.0699768066406,281.3899841308594,85.0,2.0,6.800000190734863,6.099999904632568
2025-03-21T03:58,2025-03-21T04:00,24,train,0,2025,3,3,22,2025-03-20T06:00,22,2025-03-20T06:00,22,2025-03-20T06:00,25,2025-03-20T03:00,21,2025-03-20T06:00,24,2025-03-20T04:00,-999.0,100.0,100.0,0.0,92.0,1343.2366943359375,1343.1788330078125,82600.0,85000.0,9295.0947265625,7.922614097595215,256.12579345703125,272.9534606933594,276.8238220214844,278.0354309082031,282.0799255371094,5499.3447265625,2902.181884765625,1330.0916748046875,-12.650318145751953,274.52447509765625,97.69999694824219,316.94189453125,2839.43994140625,0.0,0.0,0.023000000044703484,785.069091796875,100.0,96.80000305175781,100.0,100.0,26.79368019104004,8.000000093488779e-07,0.0,255.23947143554688,270.7573547363281,275.6616516113281,276.461669921875,280.6098937988281,5483.36572265625,2889.805419921875,1328.0020751953125,644.196533203125,6.708593845367432,275.6529235839844,98.5,98.69999694824219,161.2286834716797,2385.919921875,1196.2005615234375,52.0,3.0,0.0,0.0,256.0,272.3999938964844,276.1000061035156,280.29998779296875,284.5,5496.69921875,2900.600830078125,1329.181640625,638.49658203125,13.920320510864258,276.4599914550781,100.0,100.0,292.79998779296875,2790.39990234375,0.0,0.0,867.1886596679688,94.0,100.0,16.0,94.0,4800.0,254.92990112304688,272.51708984375,278.48431396484375,278.8070068359375,282.71697998046875,5496.5126953125,2904.933837890625,1330.6435546875,639.683349609375,-12.250534057617188,277.168212890625,93.64533233642578,97.6689682006836,325.9700012207031,2880.0,2.9999999242136255e-05,0.8125,5517.0390625,2917.9931640625,1346.26708984375,660.101806640625,25.06640625,256.56427001953125,272.04595947265625,279.08233642578125,276.1107177734375,280.2506103515625,16.124765396118164,82.11729431152344,100.04852294921875,100.43627166748047,-0.6388740539550781,0.33942413330078125,-0.1958465576171875,274.2337646484375,274.2337646484375,100309.125,90484.25,,9.507762908935547,87.0,0.0,7620.0,0.0,0.0,209.0,85.0,85.0,85.0,88.0,89.0,62.0,62.0,62.0,63.0,0.0,0.0,273.5,271.96002197265625,88.0,7.0,16.399999618530273,16.799999237060547
2025-03-21T03:58,2025-03-21T04:00,48,train,0,2025,3,3,46,2025-03-19T06:00,46,2025-03-19T06:00,46,2025-03-19T06:00,49,2025-03-19T03:00,45,2025-03-19T06:00,36,2025-03-19T16:00,-999.0,0.0,100.0,0.0,73.0,1343.0694580078125,1343.037841796875,34500.0,85100.0,9167.923828125,6.402411937713623,256.6220703125,271.51947021484375,275.8787536621094,277.1505126953125,281.22119140625,5499.21484375,2902.46923828125,1340.4990234375,1.923248291015625,274.09332275390625,98.0999984741211,265.5333557128906,2296.239990234375,0.0,0.0,0.03999999910593033,785.2046508789062,100.0,100.0,100.0,100.0,34.120277404785156,1.2000000424450263e-06,0.1875,254.2958526611328,270.7489929199219,275.8314208984375,276.0514221191406,280.18377685546875,5497.849609375,2906.98046875,1344.161376953125,660.5003662109375,23.995155334472656,275.21856689453125,98.9000015258789,99.0,188.17015075683594,2491.199951171875,1196.1689453125,58.0,100.0,79.0,200.0,255.39999389648438,271.70001220703125,276.5,279.20001220703125,283.3999938964844,5500.16796875,2904.270751953125,1338.2371826171875,649.8026123046875,21.53736686706543,275.4200134277344,99.69999694824219,100.0,333.8399963378906,2628.0,9.999999747378752e-05,0.375,860.809814453125,100.0,45.0,4.0,100.0,3900.0,255.43519592285156,272.60003662109375,277.38250732421875,276.50933837890625,280.4293212890625,5511.97021484375,2916.185546875,1344.476806640625,658.2100830078125,7.509765625,275.1789245605469,94.45552825927734,98.61283874511719,240.3870086669922,2900.0,1.9999999494757503e-05,0.25,5518.1328125,2919.1474609375,1345.96826171875,659.6262817382812,25.33544921875,254.71356201171875,272.136474609375,279.29815673828125,275.91766357421875,280.0368347167969,20.369009017944336,53.02982711791992,99.32530975341797,99.1131820678711,0.5540189743041992,0.7329883575439453,-0.05487060546875,273.9560852050781,273.9560852050781,100336.625,90501.84375,,9.3814115524292,90.0,0.0,7620.0,0.0,0.0,256.0,87.0,87.0,87.0,87.0,98.0,74.0,74.0,74.0,78.0,1.0,0.0,273.739990234375,272.03997802734375,88.0,7.0,16.799999237060547,17.200000762939453
2025-06-18T08:57,2025-06-18T09:00,1,train,0,2025,6,8,1,2025-06-18T08:00,3,2025-06-18T06:00,3,2025-06-18T06:00,1,2025-06-18T08:00,3,2025-06-18T06:00,1,2025-06-18T08:00,-999.0,0.0,77.0,0.0,0.0,1591.12744140625,1344.943115234375,nan,86600.0,nan,6.360623359680176,264.5246276855469,279.66265869140625,286.01361083984375,289.2083740234375,293.1856689453125,5801.3564453125,3114.39599609375,1500.082763671875,109.4644775390625,285.89190673828125,96.0999984741211,307.0036315917969,4457.97900390625,12200.0,0.0,0.0,785.7796630859375,100.0,0.0,100.0,100.0,60.90262222290039,3.999999989900971e-06,0.3125,264.6126403808594,279.4834899902344,286.3900146484375,287.4932861328125,291.72662353515625,5797.15234375,3106.61767578125,1491.8343505859375,775.3807373046875,113.89143371582031,287.26361083984375,99.5999984741211,99.19999694824219,156.76593017578125,4437.43994140625,19999.814453125,39.0,1.0,8.0,24100.0,264.6000061035156,279.29998779296875,287.0,289.8999938964844,294.20001220703125,5802.98291015625,3117.1259765625,1498.4256591796875,781.2949829101562,120.00774383544922,287.3499755859375,96.80000305175781,100.0,495.67999267578125,4317.759765625,0.0,1.5625,918.258544921875,99.0,0.0,3.0,84.0,6300.0,264.36029052734375,279.3377380371094,286.38812255859375,289.2545471191406,292.738037109375,5797.5693359375,3114.6904296875,1499.2095947265625,781.364013671875,108.872802734375,288.2774658203125,94.27114868164062,97.88005065917969,330.91021728515625,4290.0,0.0,0.0,5799.58203125,3111.52685546875,1495.416259765625,778.4388427734375,116.74755859375,264.55731201171875,279.1982421875,286.6343078613281,288.9290771484375,293.044677734375,81.9653091430664,99.1583251953125,96.37628173828125,97.83766174316406,0.4954538345336914,0.19031333923339844,0.11791610717773438,287.02264404296875,286.96014404296875,101408.0625,91842.859375,,32.77794647216797,91.0,24.0,9164.0,0.0,0.0,209.0,100.0,100.0,100.0,100.0,100.0,86.0,86.0,86.0,86.0,2.0,0.0,283.8699645996094,284.05999755859375,100.0,4.0,12.0,12.899999618530273
2025-06-18T08:57,2025-06-18T09:00,48,train,0,2025,6,8,45,2025-06-16T12:00,45,2025-06-16T12:00,45,2025-06-16T12:00,48,2025-06-16T09:00,45,2025-06-16T12:00,45,2025-06-16T12:00,-999.0,0.0,47.0,100.0,100.0,1474.75341796875,1344.8427734375,26800.0,86500.0,13648.3193359375,7.774702548980713,265.2408447265625,279.26263427734375,286.0357971191406,288.9382629394531,292.8747863769531,5794.9921875,3110.2802734375,1495.117919921875,106.50959014892578,285.89459228515625,94.4000015258789,244.60560607910156,4294.56005859375,12200.0,0.0,2.200000047683716,785.8621215820312,100.0,0.0,95.80000305175781,100.0,116.823974609375,3.239999932702631e-05,1.3125,266.2166748046875,279.0269470214844,286.53619384765625,287.0054626464844,291.23046875,5800.8798828125,3105.916259765625,1489.0159912109375,773.3059692382812,112.55187225341797,286.79998779296875,99.5999984741211,98.80000305175781,113.22966766357422,4488.0,20000.005859375,38.0,15.0,16.0,10900.0,265.0,280.1000061035156,287.1000061035156,289.79998779296875,294.1000061035156,5787.91552734375,3098.990478515625,1479.7122802734375,762.8851928710938,104.57464599609375,286.6899719238281,96.19999694824219,97.0,226.24000549316406,4300.47998046875,0.00019999999494757503,12.3125,975.2791748046875,95.0,100.0,100.0,76.0,9400.0,264.6915588378906,278.3988952636719,286.39996337890625,288.47222900390625,292.025390625,5796.55859375,3113.08740234375,1498.8453369140625,782.6585693359375,112.39523315429688,287.9524230957031,95.08384704589844,97.4615707397461,310.7156066894531,4370.0,0.0,2.5,5800.37890625,3113.5302734375,1495.509521484375,779.8847045898438,119.093994140625,264.81500244140625,279.326904296875,286.539306640625,288.2193298339844,292.3412780761719,78.29761505126953,99.3896484375,96.5566177368164,98.70643615722656,0.30708980560302734,0.245849609375,0.07989692687988281,286.90252685546875,286.87127685546875,101436.4375,91849.25,,29.998628616333008,94.0,,,8.0,8.0,1536.0,86.0,87.0,,90.0,,57.0,,62.0,68.0,1.0,0.0,283.30999755859375,282.9100036621094,98.0,0.5080000162124634,12.399999618530273,13.0
2025-06-18T08:57,2025-06-18T09:00,24,train,0,2025,6,8,21,2025-06-17T12:00,21,2025-06-17T12:00,21,2025-06-17T12:00,24,2025-06-17T09:00,21,2025-06-17T12:00,24,2025-06-17T09:00,-999.0,100.0,100.0,0.0,7.0,1345.1258544921875,1344.943115234375,80900.0,86600.0,2120.7685546875,5.247003555297852,264.4794921875,278.7956848144531,285.67498779296875,289.1556396484375,293.28826904296875,5797.1171875,3112.525634765625,1501.742919921875,112.71810150146484,286.20147705078125,98.80000305175781,337.5554504394531,4493.43115234375,0.0,0.0,1.0299999713897705,785.6492309570312,100.0,67.30000305175781,100.0,100.0,37.44274139404297,0.0,0.1875,265.1053161621094,279.2218017578125,286.4259033203125,287.2500305175781,291.4895324707031,5796.95458984375,3106.572021484375,1491.3905029296875,775.6858520507812,114.53949737548828,287.1613464355469,99.5999984741211,99.19999694824219,186.8550567626953,4338.080078125,1197.260498046875,48.0,43.0,52.0,200.0,264.8999938964844,279.29998779296875,286.79998779296875,289.70001220703125,294.0,5800.84765625,3110.978515625,1489.8330078125,773.0310668945312,110.32528686523438,286.7500305175781,99.9000015258789,100.0,398.239990234375,4423.35986328125,0.00019999999494757503,7.3125,887.5223388671875,87.0,60.0,29.0,76.0,5900.0,263.924072265625,278.8651428222656,286.18310546875,288.8603515625,292.744384765625,5792.4990234375,3113.057373046875,1498.0325927734375,781.8153686523438,110.53993225097656,288.406494140625,95.75365447998047,98.41102600097656,354.37896728515625,4150.0,0.0,4.375,5800.484375,3112.101806640625,1494.885009765625,777.7352294921875,116.2421875,264.75860595703125,279.3660888671875,286.83648681640625,288.7529296875,292.86248779296875,84.98757934570312,100.11065673828125,96.03437805175781,97.40516662597656,-0.1703662872314453,0.26209354400634766,0.11707115173339844,287.0539245605469,286.9914245605469,101397.4375,91821.4140625,,33.37153625488281,91.0,99.0,8218.0,0.0,0.0,256.0,100.0,100.0,100.0,100.0,100.0,76.0,83.0,87.0,100.0,0.0,0.0,283.7699890136719,283.75,100.0,18.0,13.199999809265137,14.5
2025-07-09T21:48,2025-07-09T22:00,24,train,0,2025,7,21,22,2025-07-09T00:00,22,2025-07-09T00:00,22,2025-07-09T00:00,25,2025-07-08T21:00,21,2025-07-09T00:00,24,2025-07-08T22:00,-999.0,0.0,21.0,100.0,100.0,9944.763671875,1345.360595703125,42600.0,86900.0,11912.93359375,4.285577774047852,262.20648193359375,278.3153381347656,287.3705749511719,291.5081787109375,295.8754577636719,5815.3671875,3146.0458984375,1532.4522705078125,136.85137939453125,289.5622253417969,91.80000305175781,489.7732849121094,4080.285400390625,13700.0,0.0,7.380000114440918,1562.754638671875,5.199999809265137,79.30000305175781,100.0,26.200000762939453,24114.77734375,0.00012799999967683107,1.8125,263.3922119140625,278.97503662109375,287.38739013671875,292.8365478515625,297.15362548828125,5815.8671875,3139.031005859375,1525.2880859375,802.691650390625,133.2412567138672,293.1146240234375,87.69999694824219,81.5999984741211,288.7820129394531,4150.8798828125,1197.719482421875,40.0,63.0,17.0,600.0,263.29998779296875,279.70001220703125,287.29998779296875,292.0,296.3999938964844,5819.84765625,3141.949462890625,1524.637939453125,802.1988525390625,126.64859771728516,290.0000305175781,99.80000305175781,100.0,312.32000732421875,4150.72021484375,0.0,0.125,1308.479736328125,91.0,100.0,100.0,91.0,15000.0,262.0786437988281,278.209716796875,286.3231201171875,291.431640625,296.3359375,5814.8544921875,3142.457763671875,1532.354736328125,813.1341552734375,138.5872802734375,292.4200439453125,88.0,90.52637481689453,816.7716064453125,4190.0,0.0002500000118743628,5.3125,5819.17578125,3139.516845703125,1522.90869140625,799.3232421875,131.478759765625,263.8005676269531,278.8945007324219,287.800537109375,292.92242431640625,296.9229736328125,69.14088439941406,89.02019500732422,78.45088958740234,79.19007110595703,-1.1605119705200195,-0.9022884368896484,-0.074676513671875,293.39971923828125,290.30450439453125,101587.625,92065.53125,,30.526962280273438,93.0,50.0,9604.0,30.0,32.0,209.0,63.0,75.0,81.0,89.0,95.0,50.0,52.0,52.0,52.0,354.0,0.0,285.54998779296875,285.28997802734375,98.0,15.0,6.400000095367432,6.900000095367432
2025-07-09T21:48,2025-07-09T22:00,48,train,0,2025,7,21,46,2025-07-08T00:00,46,2025-07-08T00:00,46,2025-07-08T00:00,49,2025-07-07T21:00,45,2025-07-08T00:00,36,2025-07-08T10:00,-999.0,0.0,30.0,100.0,100.0,8174.7890625,2819.9140625,30400.0,72900.0,10560.8203125,2.3519845008850098,263.5791015625,276.6029052734375,286.93072509765625,292.7296142578125,297.2503662109375,5811.14697265625,3144.45556640625,1539.2763671875,144.9042510986328,290.0118713378906,74.4000015258789,1029.8751220703125,4022.162841796875,21900.0,0.0,0.0,1756.606201171875,8.300000190734863,5.0,100.0,2.0999999046325684,10005.744140625,0.00015920000441838056,3.3125,263.3359069824219,277.3562927246094,288.54681396484375,293.009765625,297.1097717285156,5821.74609375,3146.957763671875,1533.86865234375,809.0446166992188,139.32850646972656,292.9302673339844,94.4000015258789,83.4000015258789,148.90093994140625,4129.1201171875,20000.087890625,34.0,6.0,4.0,500.0,263.8999938964844,280.1000061035156,286.70001220703125,291.0,295.29998779296875,5826.255859375,3147.32373046875,1530.792236328125,811.0806274414062,142.83389282226562,288.8299865722656,99.9000015258789,100.0,149.1199951171875,4173.27978515625,9.999999747378752e-05,0.125,1840.707275390625,43.0,0.0,100.0,43.0,21300.0,262.75732421875,276.83367919921875,285.5295715332031,291.948974609375,296.8942565917969,5810.19384765625,3144.998291015625,1545.331787109375,826.7101440429688,152.75660705566406,292.84820556640625,76.0,73.26292419433594,1224.726318359375,4050.0,4.999999873689376e-05,13.875,5823.51171875,3145.534423828125,1528.196533203125,803.8729858398438,134.626220703125,263.99664306640625,279.02386474609375,287.87066650390625,293.54290771484375,297.9183349609375,66.99888610839844,89.72058868408203,74.28126525878906,72.80731964111328,0.07303524017333984,-0.36841487884521484,-0.18082237243652344,294.39385986328125,289.95635986328125,101625.875,92104.6640625,,29.45895767211914,65.0,0.0,7620.0,30.0,32.0,384.0,58.0,69.0,78.0,84.0,85.0,39.0,41.0,43.0,44.0,212.0,0.0,285.719970703125,284.8699951171875,95.0,16.0,6.800000190734863,7.199999809265137
2025-07-09T21:48,2025-07-09T22:00,1,train,0,2025,7,21,1,2025-07-09T21:00,4,2025-07-09T18:00,4,2025-07-09T18:00,1,2025-07-09T21:00,3,2025-07-09T18:00,1,2025-07-09T21:00,-999.0,5.0,6.0,31.0,17.0,nan,7890.89453125,nan,38000.0,nan,2.0575802326202393,263.4044189453125,278.55609130859375,287.2049255371094,293.0362243652344,297.64666748046875,5823.900390625,3145.7900390625,1535.3216552734375,135.4264678955078,290.1704406738281,82.9000015258789,817.7111206054688,4310.21435546875,17600.0,0.0,0.0,1916.2923583984375,15.800000190734863,77.0,94.5,7.099999904632568,24134.828125,2.2399999579647556e-05,1.0,263.0483703613281,278.930908203125,287.902587890625,294.36773681640625,298.70001220703125,5813.80712890625,3137.1611328125,1526.6890869140625,801.7660522460938,130.88356018066406,294.61505126953125,67.4000015258789,62.0,921.5902099609375,4148.0,20000.107421875,41.0,13.0,2.0,24100.0,263.7816467285156,280.0,287.70001220703125,293.20001220703125,297.6000061035156,5819.89501953125,3139.611083984375,1521.86474609375,797.1564331054688,123.63874053955078,291.5799865722656,87.0999984741211,90.0,608.6400146484375,4271.35986328125,0.0,0.1875,nan,3.0,100.0,28.0,3.0,24000.0,263.1025390625,278.679931640625,287.1912841796875,293.46038818359375,298.37451171875,5817.00341796875,3139.888916015625,1529.3623046875,806.5204467773438,129.3439178466797,294.5090637207031,71.0,72.0725326538086,1199.0361328125,4280.0,0.0,0.0,5816.71875,3138.917236328125,1524.973388671875,802.2718505859375,134.189208984375,263.2528381347656,278.47796630859375,287.24359130859375,292.77935791015625,297.184814453125,72.89250183105469,88.85292053222656,76.32769012451172,74.5523681640625,-0.08751201629638672,-0.8168983459472656,-0.3641328811645508,292.9059143066406,288.9996643066406,101633.3125,92108.03125,,29.4980411529541,79.0,0.0,7620.0,30.0,32.0,209.0,65.0,76.0,76.0,77.0,86.0,75.0,75.0,75.0,75.0,370.0,0.0,285.30999755859375,284.95001220703125,96.0,16.0,5.199999809265137,5.5
2025-07-29T16:49,2025-07-29T17:00,1,holdout_webcam,0,2025,7,16,1,2025-07-29T16:00,5,2025-07-29T12:00,5,2025-07-29T12:00,1,2025-07-29T16:00,0,2025-07-29T18:00,1,2025-07-29T16:00,-999.0,0.0,3.0,0.0,0.0,nan,nan,nan,nan,nan,6.90108585357666,264.62884521484375,282.7139892578125,290.06207275390625,296.12054443359375,300.90631103515625,5857.9384765625,3164.72265625,1533.714599609375,117.67402648925781,292.91925048828125,79.0999984741211,492.2673034667969,4570.67138671875,19500.0,0.0,0.0,19999.80859375,5.699999809265137,0.0,4.099999904632568,0.0,24135.0859375,0.0,0.0,265.3792419433594,283.2147521972656,291.1710205078125,299.1325378417969,303.59954833984375,5857.71435546875,3158.365478515625,1529.888916015625,795.7782592773438,118.99940490722656,300.375732421875,46.099998474121094,47.70000076293945,1891.3956298828125,4574.72021484375,19999.8359375,21.0,0.0,0.0,0.0,264.6000061035156,283.0,289.8999938964844,294.1000061035156,298.5,5855.43359375,3162.25732421875,1527.68115234375,799.3515625,110.3253402709961,292.04998779296875,100.0,100.0,452.9599914550781,4536.31982421875,0.0003000000142492354,0.375,nan,19.0,0.0,1.0,19.0,22600.0,265.03582763671875,282.76971435546875,289.9212951660156,296.2678527832031,301.4259948730469,5852.697265625,3160.20458984375,1529.783203125,799.5481567382812,112.7065658569336,297.1728515625,73.2842025756836,68.15714263916016,990.9307250976562,4496.5185546875,0.0,0.0,5857.91796875,3162.617431640625,1534.28076171875,802.918212890625,128.148193359375,264.52178955078125,282.3865966796875,290.0580139160156,297.2763977050781,301.8763427734375,31.73281478881836,74.40641021728516,53.282958984375,49.544212341308594,0.5729532241821289,0.7635231018066406,0.5273151397705078,298.425048828125,287.800048828125,101552.4375,92089.4609375,,23.48597526550293,32.0,0.0,7620.0,0.0,0.0,209.0,56.0,63.0,85.0,85.0,89.0,71.0,71.0,71.0,71.0,1019.0,24.0,287.9700012207031,285.489990234375,85.0,1.0,17.600000381469727,19.5
2025-07-29T16:49,2025-07-29T17:00,24,holdout_webcam,0,2025,7,16,23,2025-07-28T18:00,23,2025-07-28T18:00,23,2025-07-28T18:00,26,2025-07-28T15:00,24,2025-07-28T18:00,24,2025-07-28T17:00,-999.0,0.0,4.0,0.0,0.0,nan,nan,nan,nan,nan,9.22727108001709,263.00030517578125,282.5047302246094,289.5633544921875,295.77142333984375,300.550537109375,5845.2802734375,3158.48046875,1527.66259765625,114.90679931640625,292.0689697265625,76.5,477.01910400390625,4572.02880859375,20600.0,0.0,0.0,19999.849609375,0.0,0.0,0.0,0.0,24135.072265625,0.0,0.0,264.1075439453125,281.6600341796875,289.86590576171875,297.7523498535156,302.3184814453125,5848.63916015625,3155.78759765625,1530.5982666015625,800.3104248046875,125.0823745727539,299.15863037109375,46.79999923706055,48.70000076293945,1627.235595703125,4517.60009765625,19999.91796875,26.0,0.0,0.0,0.0,265.20001220703125,283.20001220703125,289.5,294.20001220703125,298.6000061035156,5847.5390625,3149.2607421875,1517.0712890625,788.3795166015625,105.46382904052734,291.8800048828125,100.0,100.0,811.6799926757812,4584.7734375,0.0010000000474974513,3.1875,nan,11.0,0.0,0.0,11.0,22900.0,264.5257568359375,282.13641357421875,288.22125244140625,293.64691162109375,298.71539306640625,5846.373046875,3150.984130859375,1524.426025390625,801.14111328125,118.78099822998047,294.79248046875,73.34063720703125,68.0035629272461,633.2711181640625,4594.16015625,0.0,0.0,5849.11328125,3154.366943359375,1525.02783203125,795.876220703125,122.78515625,264.584228515625,282.0648193359375,289.4140930175781,296.1821594238281,300.7562255859375,20.263761520385742,76.08497619628906,59.15281295776367,55.37602996826172,0.8345756530761719,1.1589879989624023,0.6383581161499023,297.3072204589844,288.7134704589844,101488.5625,92014.859375,,21.957033157348633,19.0,0.0,7620.0,30.0,32.0,465.0,32.0,41.0,48.0,48.0,52.0,42.0,42.0,42.0,42.0,97.0,0.0,287.42999267578125,284.3799743652344,82.0,3.0,16.0,18.0
2025-09-04T07:55,2025-09-04T08:00,24,train,0,2025,9,7,26,2025-09-03T06:00,26,2025-09-03T06:00,26,2025-09-03T06:00,23,2025-09-03T09:00,21,2025-09-03T12:00,24,2025-09-03T08:00,-999.0,0.0,0.0,0.0,0.0,nan,nan,nan,nan,nan,4.433248043060303,259.09014892578125,273.5879821777344,285.2496032714844,290.2263488769531,294.15240478515625,5706.201171875,3070.26708984375,1483.712646484375,104.26748657226562,283.69305419921875,51.20000076293945,1063.6356201171875,3210.52099609375,37800.0,0.0,0.0,19999.8515625,0.0,0.0,0.0,0.0,24135.177734375,0.0,0.0,258.845947265625,273.63433837890625,284.9449462890625,286.1004638671875,290.0456848144531,5703.5400390625,3064.620361328125,1480.1597900390625,766.6790771484375,108.22509002685547,284.0,79.69999694824219,68.9000015258789,11.879714965820312,3511.679931640625,20000.181640625,18.0,0.0,0.0,1000.0,260.1000061035156,275.20001220703125,285.6000061035156,286.3999938964844,290.70001220703125,5706.6533203125,3064.49560546875,1472.1248779296875,763.5521850585938,101.39615631103516,282.9200134277344,99.80000305175781,83.0,792.4000244140625,3617.43994140625,0.0,0.125,nan,0.0,0.0,0.0,0.0,34400.0,258.8286437988281,273.49237060546875,285.0450134277344,290.2882080078125,293.1835632324219,5703.8505859375,3070.2587890625,1484.74755859375,769.8257446289062,104.5796890258789,285.586669921875,55.21406555175781,45.18861389160156,264.8428955078125,3130.0,0.0,0.0,5711.38671875,3067.577880859375,1480.145751953125,766.2679443359375,103.671142578125,259.476806640625,275.31597900390625,284.4312744140625,289.8246765136719,294.0775146484375,29.492130279541016,58.40415954589844,54.67066192626953,71.84122467041016,-0.006430625915527344,0.19027233123779297,0.2644672393798828,285.85992431640625,279.42242431640625,101236.875,91694.921875,,12.483623504638672,22.0,0.0,7620.0,30.0,32.0,209.0,16.0,16.0,16.0,21.0,25.0,58.0,60.0,60.0,60.0,0.0,0.0,279.8299865722656,276.5999755859375,80.0,0.0,5.599999904632568,6.099999904632568
2025-07-29T16:49,2025-07-29T17:00,48,holdout_webcam,0,2025,7,16,47,2025-07-27T18:00,47,2025-07-27T18:00,47,2025-07-27T18:00,50,2025-07-27T15:00,48,2025-07-27T18:00,36,2025-07-28T05:00,-999.0,0.0,3.0,0.0,100.0,nan,473.47467041015625,nan,34200.0,nan,8.21794319152832,264.1353759765625,281.8518981933594,289.7581481933594,296.13800048828125,300.897705078125,5845.5791015625,3155.4970703125,1528.9317626953125,115.4243392944336,292.39404296875,76.5999984741211,589.1493530273438,4602.4931640625,20600.0,0.0,0.07000000029802322,20000.17578125,0.4000000059604645,0.0,0.0,0.0,24135.31640625,0.0,0.0,263.7277526855469,281.1849670410156,290.8296813964844,298.7996826171875,303.3699951171875,5847.8330078125,3157.492431640625,1533.733642578125,800.8909912109375,124.41490936279297,300.1883850097656,42.70000076293945,44.5,1980.7183837890625,4512.16015625,19999.859375,22.0,0.0,0.0,0.0,263.3999938964844,281.8999938964844,290.29998779296875,294.29998779296875,298.70001220703125,5835.4462890625,3148.04150390625,1518.697509765625,789.483154296875,102.18406677246094,292.0799865722656,100.0,100.0,813.280029296875,4402.19580078125,0.0005000000237487257,2.125,nan,2.0,0.0,99.0,2.0,24500.0,263.9773254394531,280.8460998535156,288.93505859375,294.1661376953125,299.2064514160156,5854.830078125,3166.7333984375,1541.1197509765625,816.6657104492188,135.00408935546875,295.3265686035156,70.0,64.64795684814453,656.7831420898438,4550.0,0.0,11.3125,5855.27734375,3154.870361328125,1527.31201171875,796.529541015625,122.131591796875,264.8350830078125,281.833740234375,289.7857360839844,296.95526123046875,301.45928955078125,25.820175170898438,79.24518585205078,57.60785675048828,53.69655990600586,0.22544384002685547,0.695216178894043,0.5531835556030273,298.07550048828125,288.95050048828125,101483.9375,92026.9609375,,21.072616577148438,21.0,37.0,8740.0,30.0,32.0,256.0,28.0,38.0,46.0,48.0,50.0,45.0,46.0,47.0,47.0,283.0,0.0,288.8999938964844,283.95001220703125,73.0,0.0,13.600000381469727,15.600000381469727
2025-09-04T07:55,2025-09-04T08:00,48,train,0,2025,9,7,44,2025-09-02T12:00,50,2025-09-02T06:00,50,2025-09-02T06:00,47,2025-09-02T09:00,45,2025-09-02T12:00,36,2025-09-02T20:00,-999.0,0.0,0.0,0.0,0.0,nan,nan,nan,nan,nan,4.094962120056152,258.9617919921875,272.9205322265625,285.33331298828125,289.12542724609375,292.8680419921875,5708.93505859375,3075.95654296875,1490.08642578125,114.20121765136719,284.3140563964844,52.20000076293945,1286.4169921875,3018.31396484375,36400.0,0.0,0.0,19999.8515625,0.4000000059604645,0.0,0.0,0.0,24135.0390625,0.0,0.0,258.9319152832031,273.11614990234375,284.9506530761719,285.5691833496094,289.4251708984375,5708.74365234375,3072.36962890625,1488.424560546875,775.4210815429688,117.75724792480469,283.4450988769531,83.4000015258789,72.30000305175781,12.791913032531738,2950.080078125,20000.17578125,12.0,0.0,0.0,0.0,259.3999938964844,275.5,283.8999938964844,287.1000061035156,291.3999938964844,5709.52197265625,3065.5205078125,1477.0810546875,768.9873657226562,111.59998321533203,281.9100341796875,99.69999694824219,80.0,305.20001220703125,3677.919921875,0.0,0.0,nan,10.0,0.0,0.0,0.0,30700.0,258.39697265625,272.47088623046875,285.37103271484375,290.4530944824219,293.3006896972656,5708.1162109375,3083.232421875,1498.1966552734375,782.4840087890625,118.94728088378906,285.81256103515625,59.324615478515625,48.15121841430664,245.30059814453125,2930.32666015625,0.0,1.5625,5710.26953125,3066.326171875,1478.90283203125,765.8358154296875,103.5146484375,259.264892578125,274.91656494140625,284.0388488769531,289.58837890625,293.82763671875,31.31045913696289,61.45463180541992,56.0101203918457,72.10746765136719,-0.045006752014160156,0.2236347198486328,0.2130746841430664,285.803955078125,279.710205078125,101236.75,91696.0625,,12.115517616271973,16.0,0.0,7620.0,30.0,32.0,256.0,22.0,22.0,22.0,23.0,32.0,66.0,71.0,71.0,71.0,5.0,0.0,279.7300109863281,276.6099853515625,81.0,0.0,6.0,6.400000095367432
2025-09-04T07:55,2025-09-04T08:00,1,train,0,2025,9,7,1,2025-09-04T07:00,2,2025-09-04T06:00,2,2025-09-04T06:00,1,2025-09-04T07:00,3,2025-09-04T06:00,1,2025-09-04T07:00,-999.0,0.0,0.0,0.0,0.0,nan,nan,nan,nan,nan,4.7122673988342285,258.8993225097656,274.3045959472656,284.6434326171875,289.0888977050781,293.019775390625,5701.29931640625,3063.265869140625,1476.326171875,98.95021057128906,283.5186767578125,50.79999923706055,745.534912109375,3426.617919921875,38100.0,0.0,0.0,19999.875,0.6000000238418579,0.0,0.6000000238418579,0.0,24135.15625,0.0,0.0,259.0401611328125,274.5930480957031,284.6172180175781,285.9217529296875,289.8813171386719,5703.9228515625,3062.628173828125,1477.1328125,764.4522094726562,106.13484191894531,283.838623046875,83.80000305175781,73.19999694824219,12.655988693237305,3575.840087890625,19999.96875,2.0,0.0,0.0,24100.0,258.79998779296875,274.1000061035156,284.0,288.79998779296875,293.1000061035156,5703.2744140625,3063.1533203125,1478.022705078125,765.6375732421875,105.5673828125,284.54998779296875,89.80000305175781,78.0,185.27999877929688,3740.9599609375,0.0,0.0,nan,0.0,0.0,0.0,0.0,32100.0,258.84124755859375,274.12005615234375,284.75201416015625,289.48358154296875,292.2189636230469,5696.1767578125,3058.051025390625,1472.2008056640625,758.7447509765625,94.7158203125,284.9764404296875,55.04426574707031,53.27790069580078,986.5155639648438,3480.0,0.0,0.0,5705.671875,3062.181396484375,1475.992431640625,762.0175170898438,100.024169921875,258.99481201171875,275.00189208984375,284.6450500488281,289.63568115234375,293.7232360839844,24.72693634033203,54.92837905883789,50.81536865234375,72.24752807617188,0.1656627655029297,0.3348665237426758,0.22151947021484375,284.89361572265625,278.48736572265625,101176.0625,91647.109375,,11.200028419494629,19.0,0.0,7620.0,88888.0,5976.0,16274.0,2.0,2.0,2.0,4.0,8.0,10.0,10.0,10.0,10.0,2.0,0.0,280.0799865722656,276.3299865722656,78.0,0.0,6.0,6.400000095367432
2025-10-06T14:51,2025-10-06T15:00,1,train,0,2025,10,14,1,2025-10-06T14:00,3,2025-10-06T12:00,3,2025-10-06T12:00,1,2025-10-06T14:00,3,2025-10-06T12:00,1,2025-10-06T14:00,-999.0,0.0,0.0,0.0,0.0,nan,nan,nan,nan,nan,6.475759506225586,263.20703125,278.65155029296875,288.60791015625,292.41534423828125,296.8294372558594,5869.228515625,3196.832275390625,1584.539794921875,189.09898376464844,290.88604736328125,26.0,353.1839294433594,4252.39453125,70500.0,0.0,0.0,19999.80859375,0.0,0.0,0.6000000238418579,0.0,24134.876953125,0.0,0.0,263.23675537109375,278.7992248535156,287.57916259765625,294.580322265625,299.3960266113281,5871.09765625,3195.92041015625,1586.16162109375,863.6995239257812,191.73915100097656,296.40228271484375,33.099998474121094,31.799999237060547,1135.960693359375,4344.47998046875,19999.806640625,0.0,0.0,0.0,24100.0,263.6000061035156,278.70001220703125,286.79998779296875,292.3999938964844,296.79998779296875,5875.41259765625,3197.555908203125,1587.166748046875,865.7266845703125,187.9934844970703,291.78997802734375,72.9000015258789,77.0,555.52001953125,4391.35986328125,0.0,0.0,nan,0.0,0.0,2.0,0.0,42000.0,263.374755859375,278.7197570800781,288.65106201171875,292.06689453125,296.0509033203125,5868.18701171875,3193.252685546875,1581.62158203125,861.0643920898438,186.6652069091797,293.1794128417969,48.46281814575195,40.15687561035156,437.8421936035156,4310.0,0.0,0.0,5875.91796875,3199.812744140625,1588.30224609375,866.748046875,196.340576171875,263.5787658691406,279.03411865234375,288.30096435546875,293.5062255859375,298.369140625,14.93569564819336,29.27297592163086,42.16348648071289,38.39592742919922,0.04792976379394531,0.24949932098388672,0.02191448211669922,295.53955078125,280.25970458984375,102347.6875,92784.296875,,11.363999366760254,4.0,0.0,7620.0,88888.0,88888.0,16209.0,2.0,2.0,2.0,2.0,2.0,1.0,1.0,1.0,1.0,0.0,0.0,285.42999267578125,275.4700012207031,51.0,0.0,8.0,9.5
2025-10-30T12:52,2025-10-30T13:00,1,train,1,2025,10,12,1,2025-10-30T12:00,1,2025-10-30T12:00,1,2025-10-30T12:00,1,2025-10-30T12:00,0,2025-10-30T12:00,1,2025-10-30T12:00,-999.0,0.0,0.0,4.0,100.0,7942.05126953125,1421.1146240234375,nan,85700.0,8784.1044921875,4.504476547241211,258.881103515625,274.0302429199219,276.5401611328125,275.85992431640625,279.52105712890625,5676.06982421875,3049.31298828125,1474.4912109375,138.8114013671875,273.91046142578125,80.9000015258789,148.80825805664062,3217.60009765625,18100.0,0.0,0.0,7493.337890625,0.30000001192092896,73.80000305175781,100.0,0.0,24134.95703125,0.0,0.0,258.6003112792969,273.89263916015625,275.1761779785156,275.1885070800781,279.40313720703125,5684.3193359375,3053.71435546875,1482.4937744140625,801.3394165039062,166.99942016601562,275.6655578613281,77.80000305175781,79.19999694824219,201.67893981933594,3203.360107421875,20000.08203125,24.0,2.0,1.0,24100.0,258.8999938964844,275.79998779296875,275.70001220703125,275.29998779296875,279.3999938964844,5684.72509765625,3052.74072265625,1477.0625,797.7899169921875,166.50933837890625,273.760009765625,85.30000305175781,95.0,214.8800048828125,1195.52001953125,0.0,0.0,5639.2138671875,31.0,84.0,100.0,31.0,10900.0,259.185546875,274.26580810546875,276.5440368652344,275.4397888183594,278.1259765625,5679.42626953125,3052.73828125,1477.3277587890625,794.4990234375,147.34390258789062,273.2928771972656,85.3930892944336,87.69024658203125,97.55430603027344,1930.0,0.0,0.0,5689.4296875,3056.049072265625,1478.489990234375,796.421630859375,164.308349609375,259.08624267578125,274.3746337890625,276.61102294921875,275.14398193359375,279.18194580078125,60.575645446777344,59.64561462402344,74.6783676147461,75.55059051513672,-0.22940826416015625,0.036324501037597656,0.006844520568847656,273.92626953125,269.61956787109375,102004.1875,92003.96875,,13.812536239624023,59.0,0.0,7620.0,5016.0,3264.0,16209.0,14.0,14.0,15.0,15.0,18.0,3.0,3.0,3.0,3.0,0.0,0.0,271.8599853515625,267.82000732421875,73.0,1.0,10.399999618530273,10.899999618530273
2025-10-30T12:52,2025-10-30T13:00,24,train,1,2025,10,12,25,2025-10-29T12:00,25,2025-10-29T12:00,25,2025-10-29T12:00,22,2025-10-29T15:00,24,2025-10-29T12:00,24,2025-10-29T13:00,-999.0,0.0,0.0,100.0,9.0,nan,1343.1148681640625,37000.0,86600.0,nan,3.880053997039795,257.90838623046875,273.8348083496094,274.95709228515625,275.3873291015625,279.2808532714844,5680.4658203125,3048.8974609375,1484.7437744140625,151.3426513671875,273.9153747558594,81.80000305175781,152.8421173095703,3234.39990234375,17800.0,0.0,0.0,6498.56005859375,2.5999999046325684,100.0,100.0,0.0,24135.033203125,0.0,0.0,258.4800109863281,274.0769958496094,274.2215270996094,275.6372985839844,279.86065673828125,5683.552734375,3050.0927734375,1483.1988525390625,801.7715454101562,166.3775634765625,276.10003662109375,77.0999984741211,78.30000305175781,164.62588500976562,3265.1201171875,5569.6298828125,8.0,79.0,43.0,24100.0,258.1000061035156,275.1000061035156,276.1000061035156,277.70001220703125,281.79998779296875,5687.56201171875,3054.603759765625,1487.957275390625,803.5262451171875,171.04335021972656,275.83001708984375,72.30000305175781,78.0,178.39999389648438,3416.800048828125,0.0,0.0,895.1655883789062,56.0,96.0,1.0,55.0,6500.0,258.014404296875,273.3149108886719,273.52447509765625,274.506103515625,278.0019836425781,5681.015625,3051.841064453125,1491.09326171875,812.110107421875,165.80511474609375,274.66644287109375,95.87236785888672,94.77140808105469,278.9063415527344,1560.0,0.0,0.0,5683.55859375,3056.48388671875,1481.75048828125,796.35400390625,162.52734375,258.2222595214844,274.29425048828125,278.20159912109375,275.7999267578125,279.7584228515625,51.70570755004883,49.78015899658203,68.64582824707031,73.09342193603516,-0.11147117614746094,0.12179756164550781,0.013064384460449219,274.0982666015625,269.9283447265625,101977.125,92013.421875,,14.345611572265625,67.0,0.0,7620.0,30.0,32.0,209.0,27.0,29.0,33.0,34.0,34.0,47.0,47.0,47.0,51.0,0.0,0.0,271.44000244140625,266.8399963378906,71.0,1.0,10.0,10.600000381469727
2025-10-30T12:52,2025-10-30T13:00,48,train,1,2025,10,12,43,2025-10-28T18:00,49,2025-10-28T12:00,49,2025-10-28T12:00,46,2025-10-28T15:00,48,2025-10-28T12:00,36,2025-10-29T01:00,-999.0,100.0,100.0,100.0,100.0,1342.9847412109375,1343.00390625,37000.0,86800.0,2084.02392578125,4.042313098907471,257.79779052734375,273.23663330078125,274.78375244140625,276.6597900390625,280.56402587890625,5685.87109375,3060.767578125,1501.4395751953125,164.96095275878906,273.8349609375,100.0,321.9884338378906,3120.159912109375,0.0,0.0,0.009999999776482582,19975.39453125,40.20000076293945,5.400000095367432,5.0,56.79999923706055,24134.8671875,0.0,0.0,258.7099914550781,273.7130126953125,273.8819274902344,276.1456298828125,280.4159240722656,5685.474609375,3050.457763671875,1488.8302001953125,806.8687744140625,170.17242431640625,276.6575012207031,75.80000305175781,76.69999694824219,155.44691467285156,3201.60009765625,19999.921875,0.0,11.0,3.0,24100.0,258.70001220703125,274.70001220703125,275.6000061035156,278.29998779296875,282.3999938964844,5690.30810546875,3051.3125,1485.256103515625,800.0731201171875,165.19247436523438,276.2099914550781,66.4000015258789,65.0,178.72000122070312,3503.840087890625,0.0,0.0,nan,59.0,75.0,82.0,46.0,10400.0,258.0501708984375,273.7872314453125,274.1409606933594,276.26116943359375,279.750244140625,5685.98486328125,3062.499755859375,1499.239990234375,816.4638671875,168.9388427734375,276.4959716796875,94.07742309570312,92.7225570678711,328.8744812011719,2830.0,0.0,0.0,5690.23046875,3062.56494140625,1486.67822265625,802.0457153320312,168.37646484375,259.1438903808594,273.97216796875,277.8536682128906,275.6246643066406,279.7262878417969,32.77267837524414,58.842281341552734,83.12383270263672,84.48861694335938,0.005118370056152344,0.00585174560546875,-0.06714057922363281,274.33209228515625,272.14801025390625,102053.5625,92070.8828125,,11.187543869018555,55.0,0.0,7620.0,32.0,32.0,201.0,35.0,38.0,41.0,41.0,42.0,42.0,42.0,42.0,45.0,0.0,0.0,271.0099792480469,266.58001708984375,71.0,1.0,9.600000381469727,10.199999809265137
2025-10-06T14:51,2025-10-06T15:00,24,train,0,2025,10,14,21,2025-10-05T18:00,21,2025-10-05T18:00,21,2025-10-05T18:00,24,2025-10-05T15:00,21,2025-10-05T18:00,24,2025-10-05T15:00,-999.0,0.0,0.0,0.0,100.0,11096.4091796875,3008.84765625,nan,23600.0,12310.6826171875,7.167798042297363,262.3460693359375,278.35699462890625,287.6864013671875,292.7927551269531,297.55157470703125,5871.0009765625,3202.026123046875,1592.45361328125,196.48399353027344,290.00115966796875,48.20000076293945,388.44305419921875,4290.201171875,40700.0,0.0,0.0,19999.857421875,0.0,0.0,10.699999809265137,0.0,24135.05078125,0.0,0.0,263.052978515625,278.3689880371094,287.209228515625,294.21026611328125,299.0296630859375,5870.48486328125,3196.833984375,1589.0389404296875,867.1967163085938,195.52243041992188,296.1113586425781,37.099998474121094,36.599998474121094,1192.6583251953125,4341.759765625,19999.9609375,0.0,0.0,0.0,24100.0,263.1000061035156,278.29998779296875,286.79998779296875,291.0,295.29998779296875,5870.8369140625,3194.740966796875,1586.4390869140625,868.45458984375,189.74740600585938,290.4200134277344,79.80000305175781,85.0,450.0799865722656,4366.240234375,0.0,0.0,nan,0.0,0.0,60.0,0.0,37400.0,262.7845458984375,278.30401611328125,288.04156494140625,291.7874450683594,296.33258056640625,5870.46875,3201.114990234375,1591.296630859375,871.3836059570312,196.9748992919922,293.16534423828125,53.12579345703125,45.796207427978516,478.2261047363281,4241.259765625,0.0,0.0,5876.7109375,3200.921630859375,1589.27294921875,868.14990234375,197.67919921875,263.30584716796875,279.3082275390625,288.0823974609375,293.3420715332031,298.2568359375,14.266096115112305,33.815940856933594,46.037628173828125,39.887413024902344,-0.015160560607910156,0.3058786392211914,0.03313922882080078,295.33294677734375,281.3092041015625,102369.375,92799.1875,,12.0480318069458,15.0,49.0,10456.0,88886.0,4960.0,209.0,4.0,4.0,5.0,6.0,9.0,29.0,29.0,29.0,29.0,0.0,0.0,285.7200012207031,275.8299865722656,51.0,0.0,7.599999904632568,8.800000190734863
2025-10-06T14:51,2025-10-06T15:00,48,train,0,2025,10,14,45,2025-10-04T18:00,45,2025-10-04T18:00,45,2025-10-04T18:00,48,2025-10-04T15:00,45,2025-10-04T18:00,45,2025-10-04T18:00,-999.0,0.0,0.0,0.0,100.0,nan,2622.630859375,nan,25000.0,nan,7.393409729003906,262.37841796875,278.05206298828125,287.5224304199219,292.5496826171875,297.3061828613281,5868.533203125,3201.885986328125,1593.846435546875,199.44503784179688,289.546142578125,42.400001525878906,379.9119873046875,4239.39599609375,47200.0,0.0,0.0,20000.162109375,0.0,0.0,98.5999984741211,0.0,24134.841796875,0.0,0.0,262.9200134277344,278.40313720703125,286.9820861816406,293.9829406738281,298.81787109375,5866.7216796875,3195.431396484375,1587.30419921875,865.5350341796875,193.9082794189453,296.1113586425781,43.599998474121094,44.29999923706055,1168.1788330078125,4286.72021484375,20000.08203125,2.0,0.0,1.0,24100.0,263.29998779296875,279.79998779296875,288.1000061035156,289.20001220703125,293.5,5877.19873046875,3195.8076171875,1582.8271484375,866.60595703125,189.203857421875,288.6000061035156,87.80000305175781,90.0,356.0799865722656,4443.2001953125,0.0,0.3125,nan,0.0,0.0,84.0,0.0,36900.0,262.4312744140625,277.930908203125,287.20672607421875,291.5350646972656,296.36187744140625,5867.72900390625,3201.532958984375,1594.550048828125,876.039794921875,201.90872192382812,293.2615661621094,53.2850341796875,48.8839111328125,575.8347778320312,4200.0,0.0,0.0,5871.34375,3197.928466796875,1586.58154296875,866.15673828125,196.32568359375,263.2926025390625,279.12579345703125,287.6080322265625,292.944091796875,297.83111572265625,16.253700256347656,38.14762878417969,49.94584655761719,42.97053146362305,-0.07109260559082031,0.31009674072265625,0.031156539916992188,294.94482421875,282.17193603515625,102353.8125,92768.1484375,,12.590489387512207,9.0,,,88888.0,88888.0,9856.0,12.0,12.0,,13.0,,41.0,,41.0,41.0,0.0,0.0,285.20001220703125,276.3599853515625,54.0,0.0,8.0,9.5
2025-11-17T03:51,2025-11-17T04:00,1,train,0,2025,11,3,1,2025-11-17T03:00,4,2025-11-17T00:00,4,2025-11-17T00:00,1,2025-11-17T03:00,3,2025-11-17T00:00,1,2025-11-17T03:00,-999.0,100.0,100.0,100.0,0.0,1341.419189453125,1341.301025390625,79600.0,83300.0,2004.644775390625,14.811671257019043,243.5584716796875,259.3211669921875,264.25494384765625,269.13623046875,273.224853515625,5169.248046875,2679.82958984375,1197.7491455078125,-86.94198608398438,263.05120849609375,90.69999694824219,437.07000732421875,0.0,100.0,0.0,0.09700000286102295,785.0421142578125,90.30000305175781,98.80000305175781,0.0,100.0,144.02447509765625,0.00014239999291021377,2.0625,243.4508819580078,261.2535095214844,264.03485107421875,268.6670837402344,272.69293212890625,5177.35009765625,2676.982666015625,1195.4110107421875,535.067138671875,-83.53878021240234,267.0370788574219,94.0999984741211,92.5999984741211,1080.5096435546875,0.0,1195.086669921875,83.0,35.0,0.0,100.0,244.8000030517578,263.1000061035156,264.1000061035156,267.8999938964844,271.8999938964844,5186.5732421875,2677.075927734375,1192.0294189453125,533.3548583984375,-84.84440612792969,264.82000732421875,97.5999984741211,100.0,872.7999877929688,0.0,0.0012000000569969416,1.75,793.9830322265625,100.0,71.0,0.0,100.0,1400.0,243.8590545654297,257.997802734375,264.2998046875,269.42486572265625,273.4320983886719,5181.8056640625,2692.997802734375,1215.2608642578125,553.82666015625,-69.12107849121094,267.7164306640625,92.28707885742188,89.13504028320312,842.5765380859375,0.0,4.999999873689376e-05,0.1875,5185.97265625,2679.305419921875,1194.785888671875,533.1786499023438,-86.282470703125,244.1425018310547,262.3224182128906,264.6412353515625,269.50390625,273.47857666015625,51.299808502197266,99.28070831298828,90.71155548095703,90.13136291503906,1.1323614120483398,0.9412984848022461,0.5413675308227539,267.4310302734375,266.698486328125,98897.625,88921.671875,,5.444894790649414,93.0,0.0,7620.0,0.0,0.0,256.0,81.0,100.0,100.0,100.0,100.0,86.0,89.0,92.0,98.0,4.0,0.0,261.1200256347656,260.6399841308594,96.0,21.0,37.599998474121094,40.5
2025-12-04T21:48,2025-12-04T22:00,24,train,0,2025,12,21,22,2025-12-04T00:00,22,2025-12-04T00:00,22,2025-12-04T00:00,25,2025-12-03T21:00,21,2025-12-04T00:00,24,2025-12-03T22:00,-999.0,100.0,100.0,0.0,0.0,1339.8634033203125,1340.48876953125,81200.0,85000.0,1923.7679443359375,12.462632179260254,243.81146240234375,248.88729858398438,251.39317321777344,256.3123779296875,260.345458984375,5194.228515625,2763.844482421875,1346.7626953125,119.76335906982422,251.29600524902344,80.5999984741211,496.5416259765625,0.0,100.0,0.0,7.449999809265137,784.6577758789062,90.0999984741211,0.0,0.0,100.0,257.5270080566406,3.7599998904624954e-05,2.0625,243.19740295410156,244.2765655517578,252.60960388183594,258.5556335449219,262.41705322265625,5159.38720703125,2754.64599609375,1344.056640625,711.03125,116.2352523803711,258.2195129394531,89.5,87.9000015258789,1481.286376953125,0.0,1844.15625,79.0,2.0,0.0,1900.0,242.10000610351562,245.0,255.5,260.1000061035156,264.0,5151.76904296875,2758.855224609375,1336.923583984375,698.3070678710938,92.30082702636719,257.6199951171875,83.9000015258789,88.0,633.4400024414062,0.0,9.999999747378752e-05,1.875,833.9819946289062,88.0,0.0,0.0,88.0,13501.5341796875,243.54660034179688,247.5465087890625,250.24404907226562,255.90191650390625,260.0694580078125,5189.42138671875,2765.658935546875,1356.523681640625,730.013916015625,134.84532165527344,255.51255798339844,81.48238372802734,81.50139617919922,832.5725708007812,0.0,9.999999747378752e-06,2.5625,5176.03125,2767.2587890625,1345.53125,708.6339111328125,110.285888671875,242.5182647705078,245.79600524902344,254.410400390625,260.11712646484375,264.03125,75.72039031982422,69.5262451171875,61.16192626953125,61.58306121826172,2.6766510009765625,2.5750017166137695,1.3434562683105469,258.94427490234375,253.16925048828125,101448.9375,90889.2421875,,1.4231255054473877,80.0,0.0,7620.0,32.0,32.0,209.0,75.0,75.0,75.0,75.0,80.0,56.0,56.0,57.0,59.0,17.0,0.0,250.88998413085938,249.70999145507812,91.0,6.0,36.79999923706055,39.599998474121094
2025-12-04T21:48,2025-12-04T22:00,48,train,0,2025,12,21,46,2025-12-03T00:00,46,2025-12-03T00:00,46,2025-12-03T00:00,49,2025-12-02T21:00,45,2025-12-03T00:00,36,2025-12-03T10:00,-999.0,100.0,100.0,0.0,0.0,1339.8917236328125,1339.9381103515625,77600.0,85000.0,2392.17822265625,10.578227996826172,240.63626098632812,246.5481414794922,252.0547332763672,256.9648132324219,260.87689208984375,5160.35546875,2756.53515625,1345.559326171875,120.1460189819336,251.75648498535156,81.0,568.33837890625,0.0,200.0,0.0,4.900000095367432,784.6546630859375,100.0,0.0,0.0,100.0,416.3843994140625,2.320000021427404e-05,0.75,242.86888122558594,245.8974609375,252.51954650878906,258.3125915527344,262.1802062988281,5177.38427734375,2759.603759765625,1349.6773681640625,717.1076049804688,122.88227844238281,257.9709167480469,88.0999984741211,86.5,1700.9395751953125,0.0,19999.86328125,11.0,0.0,0.0,24100.0,242.1999969482422,244.0,254.1999969482422,258.70001220703125,262.5,5122.97607421875,2739.7392578125,1328.587158203125,693.537109375,89.86531829833984,255.69000244140625,70.5999984741211,72.0,1539.6800537109375,0.0,0.0,0.0,792.5289916992188,84.0,0.0,0.0,84.0,2200.0,239.4761962890625,244.8859100341797,251.67938232421875,256.6864929199219,260.725341796875,5149.98486328125,2757.432861328125,1352.967529296875,723.68115234375,131.85348510742188,255.52285766601562,78.86669921875,83.60321044921875,666.0656127929688,0.0,7.999999797903001e-05,4.6875,5179.70703125,2766.261962890625,1339.241943359375,700.5201416015625,100.90625,242.54747009277344,246.95680236816406,255.0332489013672,260.73638916015625,264.66461181640625,86.45320892333984,87.15472412109375,64.9642562866211,64.10200500488281,2.61773681640625,2.2125282287597656,1.1400260925292969,259.5624694824219,254.3985137939453,101332.9375,90809.65625,,1.7797510623931885,69.0,0.0,7620.0,32.0,32.0,256.0,68.0,68.0,70.0,70.0,73.0,52.0,52.0,52.0,52.0,5.0,80.0,250.88998413085938,249.5399932861328,88.0,4.0,36.79999923706055,39.70000076293945
2025-11-17T03:51,2025-11-17T04:00,24,train,0,2025,11,3,22,2025-11-16T06:00,22,2025-11-16T06:00,22,2025-11-16T06:00,25,2025-11-16T03:00,21,2025-11-16T06:00,24,2025-11-16T04:00,-999.0,100.0,100.0,100.0,0.0,1341.364990234375,1341.1962890625,77600.0,83100.0,1562.5806884765625,14.912635803222656,245.0281982421875,258.82861328125,264.1820373535156,268.5023193359375,272.5706787109375,5142.5634765625,2651.8701171875,1167.248046875,-115.23469543457031,262.32568359375,89.9000015258789,380.630615234375,0.0,100.0,0.00019999999494757503,15.559000015258789,784.7826538085938,94.30000305175781,15.699999809265137,0.0,100.0,138.92430114746094,0.00014040000678505749,2.0625,244.63343811035156,260.7048034667969,263.90838623046875,268.4100646972656,272.4190673828125,5169.57080078125,2658.26904296875,1176.9661865234375,517.1038208007812,-100.88803100585938,266.6364440917969,94.80000305175781,93.0999984741211,1078.58984375,0.0,1195.3231201171875,85.0,28.0,0.0,0.0,245.10000610351562,263.0,265.1000061035156,269.3999938964844,273.3999938964844,5163.78173828125,2649.42724609375,1159.5931396484375,497.3718566894531,-124.59270477294922,266.010009765625,98.0999984741211,100.0,785.0399780273438,82.23999786376953,0.00139999995008111,3.3125,914.0377807617188,100.0,52.0,0.0,100.0,2400.0,245.84092712402344,258.6385498046875,263.53326416015625,268.4773254394531,272.53680419921875,5147.53466796875,2655.576171875,1174.512939453125,515.376953125,-106.17718505859375,266.548583984375,94.0,90.03150177001953,595.1304931640625,0.0,9.999999747378752e-05,12.6875,5175.48828125,2669.082763671875,1186.858154296875,526.3897705078125,-91.972412109375,243.84793090820312,261.6189880371094,264.0523681640625,269.0900573730469,273.0130615234375,54.38169860839844,99.5975112915039,91.40791320800781,91.46956634521484,0.91485595703125,1.003920555114746,0.5550937652587891,266.97076416015625,266.04345703125,98819.75,88833.28125,,4.669940948486328,92.0,0.0,7620.0,0.0,0.0,209.0,87.0,87.0,87.0,91.0,94.0,69.0,72.0,73.0,73.0,6.0,0.0,261.4700012207031,261.05999755859375,94.0,33.0,38.0,40.900001525878906
2025-11-17T03:51,2025-11-17T04:00,48,train,0,2025,11,3,46,2025-11-15T06:00,46,2025-11-15T06:00,46,2025-11-15T06:00,49,2025-11-15T03:00,45,2025-11-15T06:00,36,2025-11-15T16:00,-999.0,0.0,53.0,1.0,0.0,nan,1341.15625,75700.0,83000.0,nan,14.20570182800293,247.9623260498047,260.14068603515625,264.7769775390625,268.70758056640625,272.720947265625,5145.291015625,2647.90869140625,1155.6123046875,-131.4890899658203,262.1611633300781,86.69999694824219,285.2282409667969,0.0,1000.0,0.0003000000142492354,30.31999969482422,784.8612060546875,91.19999694824219,10.399999618530273,0.0,100.0,143.16934204101562,0.00015799999528098851,1.9375,245.84910583496094,260.99871826171875,264.35540771484375,268.7005920410156,272.7254638671875,5159.12890625,2651.1240234375,1167.5201416015625,506.7830505371094,-111.90409088134766,266.8321533203125,95.0999984741211,93.19999694824219,1070.4981689453125,0.0,1195.28515625,95.0,37.0,0.0,100.0,248.1999969482422,261.1000061035156,265.0,269.29998779296875,273.29998779296875,5142.9423828125,2635.1982421875,1150.5809326171875,488.6441345214844,-133.02108764648438,265.47998046875,98.69999694824219,100.0,871.6799926757812,1.1200000047683716,0.0006000000284984708,1.9375,850.9401245117188,100.0,74.0,0.0,100.0,3400.0,247.2224884033203,260.76153564453125,262.50604248046875,267.2965393066406,271.383544921875,5156.123046875,2655.80517578125,1167.8291015625,511.738037109375,-114.309326171875,265.23516845703125,92.07443237304688,89.81861114501953,517.8563842773438,0.0,2.9999999242136255e-05,17.3125,5170.59375,2661.298828125,1174.183837890625,512.34716796875,-107.36376953125,245.62820434570312,261.0401306152344,264.742919921875,269.59130859375,273.55389404296875,76.45001983642578,96.47338104248047,91.12654113769531,91.387451171875,1.1557378768920898,1.5916776657104492,0.7457752227783203,267.28082275390625,266.4295959472656,98637.875,88676.890625,,6.058915615081787,95.0,0.0,7620.0,0.0,0.0,0.0,90.0,90.0,91.0,94.0,97.0,81.0,82.0,82.0,87.0,2.0,0.0,261.6399841308594,260.66998291015625,94.0,35.0,37.599998474121094,40.400001525878906
2025-12-04T21:48,2025-12-04T22:00,1,train,0,2025,12,21,1,2025-12-04T21:00,4,2025-12-04T18:00,4,2025-12-04T18:00,1,2025-12-04T21:00,3,2025-12-04T18:00,1,2025-12-04T21:00,-999.0,100.0,100.0,0.0,0.0,1339.997314453125,1339.9918212890625,81300.0,85100.0,1894.3248291015625,9.530476570129395,241.87741088867188,245.38357543945312,253.2658233642578,258.1189270019531,262.0624084472656,5168.583984375,2769.55322265625,1353.66748046875,125.19223022460938,252.4530792236328,78.80000305175781,470.6573181152344,0.0,200.0,0.0,0.024000000208616257,784.3064575195312,97.69999694824219,0.0,0.0,100.0,303.59454345703125,3.1200001103570685e-05,1.4375,242.4429931640625,244.39935302734375,251.9241943359375,257.80584716796875,261.6629943847656,5150.4013671875,2754.694580078125,1347.93310546875,716.8222045898438,123.76380920410156,257.5111389160156,89.19999694824219,87.69999694824219,1635.5439453125,0.0,19999.841796875,13.0,0.0,0.0,24100.0,243.3000030517578,244.10000610351562,252.89999389648438,257.3999938964844,261.20001220703125,5147.19189453125,2753.6708984375,1346.6846923828125,714.8438110351562,113.73258972167969,254.63999938964844,80.30000305175781,84.0,1073.52001953125,0.0,0.0,0.0625,888.3260498046875,64.0,0.0,0.0,64.0,6400.0,240.46209716796875,244.5926513671875,253.25186157226562,258.6833190917969,262.80780029296875,5156.6884765625,2778.080078125,1362.0560302734375,728.4421997070312,132.7283172607422,257.6272888183594,79.56947326660156,76.8355484008789,879.016845703125,0.0,3.9999998989515007e-05,0.125,5171.77734375,2772.659912109375,1348.517578125,711.0458984375,112.11669921875,242.06716918945312,246.66566467285156,254.4814910888672,260.3700866699219,264.3248291015625,96.24484252929688,82.83731079101562,64.8730239868164,64.33402252197266,1.7272319793701172,2.6444644927978516,1.466043472290039,259.4203796386719,254.09127807617188,101475.6875,90940.7578125,,1.760401725769043,72.0,0.0,7620.0,0.0,0.0,0.0,58.0,72.0,85.0,85.0,88.0,71.0,71.0,71.0,71.0,5.0,0.0,250.95999145507812,249.3199920654297,87.0,1.0,38.400001525878906,41.5
2025-12-25T01:51,2025-12-25T02:00,1,train,1,2025,12,1,1,2025-12-25T01:00,2,2025-12-25T00:00,2,2025-12-25T00:00,1,2025-12-25T01:00,3,2025-12-25T00:00,1,2025-12-25T01:00,-999.0,0.0,0.0,75.0,0.0,nan,1386.3131103515625,nan,85800.0,nan,6.440428256988525,243.78265380859375,259.5662536621094,266.165283203125,266.7188720703125,270.4237060546875,5427.2919921875,2953.06884765625,1455.1021728515625,173.32217407226562,263.79052734375,55.0,140.489990234375,0.0,33900.0,0.0,0.0,15677.595703125,71.9000015258789,51.20000076293945,39.70000076293945,96.9000015258789,6898.39990234375,8.000000093488779e-07,0.0,243.42628479003906,260.1427001953125,265.9341125488281,262.4795837402344,265.9529724121094,5432.939453125,2954.15673828125,1454.11181640625,798.6605834960938,195.5526580810547,262.0296325683594,97.80000305175781,96.9000015258789,57.74421691894531,0.0,19999.947265625,23.0,37.0,2.0,24100.0,243.39999389648438,260.6000061035156,266.5,268.5,272.5,5431.71142578125,2955.005615234375,1452.8221435546875,792.4022827148438,189.55838012695312,262.0400085449219,86.30000305175781,75.0,66.55999755859375,0.0,0.0,0.0,793.4849853515625,92.0,99.0,74.0,92.0,4300.0,243.49172973632812,259.8529052734375,265.97265625,264.28265380859375,267.641845703125,5434.9130859375,2960.67431640625,1462.55810546875,806.0858154296875,188.45526123046875,262.4912109375,83.72683715820312,91.35151672363281,102.68376159667969,0.0,0.0,0.0,5434.06640625,2953.08056640625,1451.86083984375,794.66015625,187.95263671875,243.8311309814453,259.7911682128906,266.8388671875,263.87677001953125,267.88604736328125,38.16009521484375,53.12391662597656,95.1782455444336,94.87455749511719,-0.5126113891601562,0.31096458435058594,0.22047901153564453,262.0618896484375,260.83544921875,102428.125,91970.5,,4.631016731262207,40.0,0.0,7620.0,88888.0,3528.0,16274.0,7.0,9.0,11.0,15.0,16.0,7.0,7.0,7.0,8.0,0.0,0.0,260.3299865722656,256.53997802734375,73.0,0.0,10.0,10.600000381469727
2026-01-10T13:48,2026-01-10T14:00,1,train,1,2026,1,13,1,2026-01-10T13:00,2,2026-01-10T12:00,2,2026-01-10T12:00,1,2026-01-10T13:00,3,2026-01-10T12:00,1,2026-01-10T13:00,-999.0,0.0,0.0,0.0,100.0,nan,1341.88818359375,nan,86000.0,nan,14.40668773651123,252.52230834960938,270.0214538574219,272.37896728515625,272.55712890625,276.5775451660156,5590.7431640625,3018.076171875,1469.1044921875,152.3563232421875,268.7987060546875,63.20000076293945,217.11061096191406,634.47998046875,28300.0,0.0,0.0,7953.3603515625,41.5,5.0,100.0,36.20000076293945,24135.107421875,0.0,0.0,252.7640838623047,270.0877990722656,272.764892578125,269.7333068847656,273.8404235839844,5592.62255859375,3019.77978515625,1470.0693359375,800.0713500976562,178.67909240722656,269.9877624511719,92.9000015258789,92.5,257.9704895019531,289.44000244140625,8241.6708984375,36.0,10.0,66.0,24100.0,253.10000610351562,270.0,272.79998779296875,269.3999938964844,273.3999938964844,5591.68359375,3017.109619140625,1464.6402587890625,798.5438842773438,171.46212768554688,267.2799987792969,89.0,92.0,330.4800109863281,278.8800048828125,0.0,0.25,nan,86.0,0.0,7.0,86.0,10200.0,252.47828674316406,269.7870178222656,273.43670654296875,270.20220947265625,274.599609375,5587.69873046875,3015.335693359375,1465.333251953125,794.39404296875,158.28775024414062,270.25115966796875,93.8395004272461,90.70931243896484,371.3775939941406,310.0,0.0,0.0,5602.5,3032.448486328125,1479.024658203125,806.795654296875,184.482666015625,252.42840576171875,269.40087890625,274.7694396972656,270.37451171875,274.55999755859375,9.703845977783203,9.245450019836426,87.13192749023438,80.13082885742188,0.08947086334228516,1.0241918563842773,0.20845508575439453,270.939453125,268.59320068359375,102340.8125,92114.5,,3.333374500274658,63.0,0.0,7620.0,5536.0,5536.0,16274.0,5.0,6.0,6.0,9.0,15.0,19.0,19.0,19.0,19.0,0.0,0.0,266.3899841308594,260.5099792480469,62.0,2.0,21.200000762939453,22.799999237060547
2025-12-25T01:51,2025-12-25T02:00,24,train,1,2025,12,1,26,2025-12-24T00:00,26,2025-12-24T00:00,26,2025-12-24T00:00,23,2025-12-24T03:00,21,2025-12-24T06:00,24,2025-12-24T02:00,-999.0,0.0,0.0,71.0,92.0,8076.75048828125,1341.76025390625,nan,86400.0,8657.8291015625,3.686164140701294,242.6985321044922,258.9986877441406,263.8155517578125,264.8335266113281,268.6158447265625,5419.44677734375,2952.15869140625,1462.157470703125,188.09222412109375,261.2547607421875,62.099998474121094,80.0511474609375,0.0,23700.0,0.0,11.109999656677246,5422.013671875,73.5,85.0,7.900000095367432,96.5,7557.57080078125,8.000000093488779e-07,0.0,244.3306121826172,260.45654296875,264.765380859375,262.5457763671875,265.85003662109375,5437.439453125,2954.27587890625,1454.8394775390625,798.90966796875,195.9952392578125,261.6830139160156,98.4000015258789,98.19999694824219,17.25693702697754,0.0,19999.88671875,31.0,0.0,0.0,24100.0,243.60000610351562,259.8999938964844,267.1000061035156,270.29998779296875,274.3999938964844,5425.55810546875,2950.0322265625,1449.7427978515625,785.631591796875,185.4698944091797,263.7300109863281,69.80000305175781,51.0,101.27999877929688,0.0,0.0,0.0,793.48583984375,100.0,53.0,14.0,100.0,100.0,242.5390625,259.5566101074219,265.10125732421875,263.8835144042969,267.6876220703125,5418.30712890625,2949.0380859375,1454.902587890625,800.5982055664062,184.3885498046875,264.00128173828125,91.0,97.74821472167969,146.8556365966797,0.0,0.0,6.5625,5433.875,2950.603271484375,1448.871337890625,792.128173828125,184.9384765625,244.1687774658203,260.151123046875,266.22454833984375,264.06915283203125,268.17462158203125,33.54371643066406,53.7784423828125,95.78631591796875,96.1752700805664,-0.3762941360473633,0.12721920013427734,0.12154579162597656,261.791015625,260.5675048828125,102399.1875,91931.53125,,4.3362836837768555,56.0,0.0,7620.0,30.0,31.0,209.0,85.0,85.0,85.0,91.0,91.0,66.0,67.0,67.0,72.0,0.0,0.0,260.27996826171875,257.489990234375,80.0,1.0,11.199999809265137,11.899999618530273
2025-12-25T01:51,2025-12-25T02:00,48,train,1,2025,12,1,44,2025-12-23T06:00,50,2025-12-23T00:00,50,2025-12-23T00:00,47,2025-12-23T03:00,45,2025-12-23T06:00,36,2025-12-23T14:00,-999.0,0.0,0.0,86.0,31.0,nan,6074.47900390625,nan,45900.0,nan,2.6554722785949707,246.0301055908203,260.5054626464844,266.065673828125,266.33233642578125,270.0594177246094,5473.95751953125,2979.33203125,1480.633544921875,198.84376525878906,263.35479736328125,48.79999923706055,84.56892395019531,0.0,29200.0,0.0,20.18000030517578,19999.861328125,74.69999694824219,87.69999694824219,4.0,95.9000015258789,7691.43310546875,8.000000093488779e-07,0.0,243.98355102539062,259.7772216796875,264.1171569824219,262.5191650390625,266.1625671386719,5419.52587890625,2942.8076171875,1447.3336181640625,793.666015625,190.0684356689453,262.0455627441406,97.30000305175781,97.19999694824219,24.93068504333496,0.0,19999.962890625,38.0,26.0,1.0,24100.0,245.3000030517578,261.0,267.70001220703125,270.20001220703125,274.20001220703125,5438.6708984375,2953.610595703125,1449.4681396484375,785.85986328125,188.20404052734375,261.25,83.0,51.0,172.0,0.0,0.0,0.0625,793.572265625,100.0,40.0,4.0,100.0,9200.0,246.55398559570312,260.84844970703125,264.95794677734375,264.5826721191406,267.97503662109375,5467.49853515625,2969.628662109375,1469.9521484375,814.2120971679688,196.1847381591797,263.2837829589844,87.21172332763672,93.32212829589844,49.2739143371582,0.0,0.0,8.0625,5437.69140625,2953.1767578125,1448.91015625,789.6298828125,179.6693572998047,244.38185119628906,260.6410827636719,267.2389831542969,265.2447204589844,269.3972473144531,28.3262882232666,48.824337005615234,97.14553833007812,95.30195617675781,-0.3155660629272461,0.08669757843017578,0.07292747497558594,262.9920959472656,261.76812744140625,102298.9375,91903.765625,,4.327778339385986,63.0,0.0,7620.0,30.0,32.0,384.0,54.0,54.0,55.0,58.0,61.0,54.0,55.0,55.0,58.0,0.0,0.0,259.9800109863281,256.8399963378906,78.0,0.0,11.199999809265137,11.899999618530273
2026-01-10T13:48,2026-01-10T14:00,24,train,1,2026,1,13,26,2026-01-09T12:00,26,2026-01-09T12:00,26,2026-01-09T12:00,23,2026-01-09T15:00,21,2026-01-09T18:00,24,2026-01-09T14:00,-999.0,0.0,0.0,0.0,58.0,nan,150.73464965820312,nan,33900.0,nan,13.863470077514648,252.140869140625,268.7664794921875,273.0155029296875,271.8474426269531,275.63128662109375,5582.7646484375,3021.137451171875,1473.8206787109375,160.7410125732422,269.72198486328125,24.299999237060547,202.20680236816406,776.8800048828125,73300.0,0.0,3.4200000762939453,17643.494140625,5.0,7.0,100.0,8.0,24134.990234375,0.0,0.0,252.93319702148438,269.818359375,272.274169921875,269.28228759765625,273.3242492675781,5596.00830078125,3022.26513671875,1473.9697265625,803.315673828125,183.18243408203125,269.4302673339844,90.5999984741211,88.19999694824219,184.64918518066406,205.60000610351562,8826.0771484375,33.0,50.0,65.0,24100.0,253.3000030517578,269.6000061035156,274.3999938964844,271.79998779296875,275.8999938964844,5589.27197265625,3016.623046875,1465.5301513671875,794.7838134765625,175.25242614746094,268.6400146484375,47.5,36.0,290.6400146484375,486.8800048828125,0.0,0.0,4652.84912109375,50.0,0.0,100.0,50.0,10800.0,252.6112060546875,268.5406799316406,274.45654296875,268.13189697265625,271.6685485839844,5578.013671875,3016.126220703125,1466.8638916015625,793.99267578125,162.23043823242188,267.126953125,84.86780548095703,76.19511413574219,299.1614990234375,20.0,0.0,1.8125,5597.6015625,3033.618896484375,1480.709716796875,807.2175903320312,188.558837890625,251.74990844726562,269.12432861328125,274.78302001953125,269.2256164550781,272.92333984375,9.401042938232422,7.941547393798828,81.15940856933594,78.70506286621094,0.5194282531738281,1.262639045715332,0.2767181396484375,269.5379638671875,266.78424072265625,102403.8125,92115.890625,,3.014627456665039,61.0,70.0,7872.0,30.0,32.0,209.0,22.0,27.0,33.0,33.0,33.0,56.0,57.0,59.0,66.0,0.0,0.0,266.8999938964844,260.04998779296875,57.0,2.0,26.399999618530273,28.299999237060547
2026-01-10T13:48,2026-01-10T14:00,48,train,1,2026,1,13,44,2026-01-08T18:00,50,2026-01-08T12:00,50,2026-01-08T12:00,47,2026-01-08T15:00,45,2026-01-08T18:00,36,2026-01-09T02:00,-999.0,0.0,0.0,5.0,100.0,7842.52685546875,7827.203125,28500.0,36000.0,10180.6318359375,13.629293441772461,253.1867218017578,269.07098388671875,272.79150390625,272.03326416015625,275.8805847167969,5566.4794921875,2998.479736328125,1451.007080078125,136.15577697753906,268.60235595703125,32.70000076293945,213.3939208984375,612.719970703125,60100.0,0.0,13.210000038146973,7986.01171875,5.0,64.30000305175781,100.0,37.0,24135.01953125,0.0,0.0,253.09693908691406,269.8314514160156,272.795654296875,269.72265625,273.7565002441406,5602.22900390625,3024.540283203125,1474.2242431640625,803.0121459960938,181.8758087158203,269.8639831542969,89.30000305175781,86.69999694824219,216.11801147460938,271.3599853515625,20000.125,39.0,0.0,0.0,24100.0,253.1999969482422,269.3999938964844,273.79998779296875,269.79998779296875,273.79998779296875,5570.37060546875,3000.42138671875,1447.4598388671875,781.343994140625,160.43775939941406,266.8399963378906,73.0,64.0,210.55999755859375,210.55999755859375,0.0,0.3125,4550.59423828125,54.0,3.0,100.0,54.0,8400.0,252.78439331054688,268.91400146484375,274.3359069824219,268.97869873046875,272.8289794921875,5559.7548828125,2995.867431640625,1446.7073974609375,773.8628540039062,138.793212890625,268.134765625,90.68436431884766,84.4039077758789,301.36822509765625,50.0,0.0,3.4375,5596.38671875,3023.98388671875,1468.6328125,794.860595703125,175.893310546875,252.05213928222656,270.0368347167969,275.21307373046875,269.35028076171875,273.13189697265625,8.341024398803711,6.903252601623535,86.35897827148438,84.80972290039062,1.4142742156982422,2.242128372192383,0.41965293884277344,269.27484130859375,267.6728515625,102234.5,91967.2734375,,2.9163310527801514,63.0,95.0,7848.0,32.0,32.0,256.0,17.0,17.0,17.0,18.0,21.0,54.0,54.0,55.0,58.0,0.0,0.0,267.30999755859375,261.8500061035156,66.0,3.0,25.600000381469727,27.799999237060547
2026-01-25T07:57,2026-01-25T08:00,1,train,0,2026,1,7,1,2026-01-25T07:00,2,2026-01-25T06:00,2,2026-01-25T06:00,1,2026-01-25T07:00,3,2026-01-25T06:00,1,2026-01-25T07:00,-999.0,0.0,0.0,100.0,100.0,nan,6621.8857421875,nan,42000.0,nan,11.526405334472656,244.72280883789062,251.2807159423828,254.42575073242188,253.6664581298828,256.70660400390625,5374.72265625,2929.470703125,1490.4017333984375,267.12060546875,251.59779357910156,31.0,166.9233856201172,0.0,62600.0,0.0,0.0,6884.25732421875,1.0,99.5,100.0,3.0999999046325684,24135.017578125,0.0,0.0,244.6369171142578,251.17848205566406,253.93812561035156,250.5067138671875,251.97537231445312,5374.080078125,2929.811279296875,1491.765869140625,865.3668823242188,294.06011962890625,248.6046905517578,83.9000015258789,55.29999923706055,71.29098510742188,0.0,20000.134765625,3.0,20.0,1.0,24100.0,243.60000610351562,251.39999389648438,256.1000061035156,255.89999389648438,259.70001220703125,5364.40234375,2925.92919921875,1481.37158203125,849.5043334960938,279.5185241699219,250.77000427246094,53.79999923706055,38.0,199.9199981689453,0.0,0.0,0.0,5639.1826171875,31.0,100.0,99.0,3.0,33000.0,244.6076202392578,249.95181274414062,255.44760131835938,252.97210693359375,253.32835388183594,5354.56982421875,2921.98388671875,1485.378173828125,854.3949584960938,268.1473693847656,245.90577697753906,43.97861099243164,36.792457580566406,126.46733093261719,0.0,0.0,0.0,5378.08984375,2936.488037109375,1490.042724609375,859.0692138671875,280.002685546875,245.12161254882812,250.6829833984375,256.5743408203125,251.63314819335938,254.87139892578125,11.332389831542969,24.096309661865234,54.88090896606445,87.19779205322266,-0.5026702880859375,1.017486572265625,0.45588207244873047,245.5376434326172,241.83810424804688,103748.6875,92746.7265625,,1.4154961109161377,71.0,0.0,7620.0,5720.0,5032.0,16209.0,0.0,0.0,0.0,0.0,0.0,3.0,3.0,3.0,4.0,0.0,0.0,246.95999145507812,238.97998046875,46.0,0.0,16.799999237060547,18.0
2026-01-25T07:57,2026-01-25T08:00,24,train,0,2026,1,7,26,2026-01-24T06:00,26,2026-01-24T06:00,26,2026-01-24T06:00,23,2026-01-24T09:00,21,2026-01-24T12:00,24,2026-01-24T08:00,-999.0,0.0,0.0,0.0,96.0,nan,7993.1923828125,nan,34000.0,nan,9.07888412475586,243.3451385498047,250.91653442382812,252.54116821289062,252.2794189453125,255.60589599609375,5350.4443359375,2918.5693359375,1484.122802734375,266.2308349609375,249.68115234375,37.79999923706055,134.0343780517578,0.0,52800.0,0.0,0.019999999552965164,6389.6181640625,4.099999904632568,100.0,100.0,5.0,24134.859375,0.0,0.0,243.8367156982422,250.58892822265625,253.48016357421875,250.1990966796875,251.40777587890625,5353.19580078125,2918.538818359375,1483.021240234375,858.0166625976562,287.8980712890625,247.93402099609375,88.80000305175781,66.4000015258789,58.17176818847656,0.0,20000.09375,3.0,17.0,22.0,24100.0,243.3000030517578,252.3000030517578,256.1000061035156,254.5,258.29998779296875,5359.09228515625,2926.671630859375,1478.148681640625,849.6524658203125,274.33599853515625,251.27000427246094,43.599998474121094,35.0,272.79998779296875,0.0,0.0,0.0,4153.142578125,79.0,52.0,100.0,79.0,17300.0,242.4203338623047,250.47410583496094,253.26904296875,248.7167510986328,249.66824340820312,5342.88232421875,2917.165283203125,1482.4644775390625,859.6637573242188,279.2601318359375,244.4072265625,65.6556396484375,61.56502914428711,189.47865295410156,0.0,0.0,0.0625,5374.765625,2934.8515625,1489.021484375,859.6434936523438,280.599365234375,245.12791442871094,250.7950897216797,255.79904174804688,251.59930419921875,254.77777099609375,9.339881896972656,21.566417694091797,46.93256759643555,80.14659881591797,-0.4869842529296875,1.116302490234375,0.613743782043457,246.2860107421875,241.305908203125,103773.3125,92757.8828125,,1.2635937929153442,53.0,0.0,7620.0,88886.0,5480.0,209.0,5.0,5.0,8.0,11.0,13.0,61.0,61.0,61.0,62.0,0.0,0.0,246.9399871826172,239.85000610351562,52.0,0.0,16.399999618530273,18.0
2026-01-25T07:57,2026-01-25T08:00,48,train,0,2026,1,7,44,2026-01-23T12:00,50,2026-01-23T06:00,50,2026-01-23T06:00,47,2026-01-23T09:00,45,2026-01-23T12:00,36,2026-01-23T20:00,-999.0,0.0,0.0,100.0,100.0,7093.81298828125,5789.84375,nan,47000.0,9348.7080078125,11.080682754516602,244.92440795898438,250.21505737304688,252.93011474609375,252.29910278320312,255.6162872314453,5350.53369140625,2916.072265625,1483.1331787109375,266.0836181640625,249.83905029296875,35.5,159.41421508789062,0.0,56200.0,0.0,3.0,20000.076171875,7.300000190734863,3.799999952316284,34.79999923706055,5.400000095367432,24117.99609375,0.0,0.0,244.55535888671875,250.5623016357422,251.48541259765625,248.7891387939453,249.76695251464844,5340.841796875,2903.58349609375,1472.869140625,852.7206420898438,286.3241882324219,246.25169372558594,93.80000305175781,82.4000015258789,62.48807907104492,0.0,19999.99609375,15.0,9.0,12.0,24100.0,245.10000610351562,251.1999969482422,255.39999389648438,252.60000610351562,256.29998779296875,5348.29345703125,2915.29833984375,1473.443115234375,848.81982421875,275.6261901855469,248.85000610351562,47.29999923706055,37.0,234.32000732421875,0.0,0.0,0.0,6851.89453125,49.0,82.0,97.0,49.0,23100.0,244.81991577148438,250.38412475585938,253.71884155273438,249.43905639648438,250.13389587402344,5349.94482421875,2916.775634765625,1481.6744384765625,857.3115234375,276.22186279296875,244.68885803222656,60.803794860839844,51.21369552612305,183.51991271972656,0.0,0.0,2.625,5363.07421875,2923.5869140625,1479.885009765625,853.619140625,276.347900390625,244.51637268066406,250.84130859375,254.78855895996094,250.43113708496094,253.55406188964844,8.317710876464844,27.06232261657715,56.20030975341797,89.55091857910156,-0.3477325439453125,1.360382080078125,0.7555046081542969,244.9137420654297,241.27403259277344,103754.9375,92677.5625,,1.1960487365722656,71.0,0.0,7620.0,30.0,32.0,201.0,36.0,37.0,39.0,39.0,40.0,63.0,63.0,63.0,63.0,0.0,0.0,246.97000122070312,239.9300079345703,51.0,0.0,17.600000381469727,18.799999237060547
2026-03-03T02:51,2026-03-03T03:00,1,train,0,2026,3,2,1,2026-03-03T02:00,3,2026-03-03T00:00,3,2026-03-03T00:00,1,2026-03-03T02:00,3,2026-03-03T00:00,1,2026-03-03T02:00,-999.0,0.0,0.0,0.0,0.0,nan,nan,nan,nan,nan,9.688630104064941,244.94097900390625,255.89523315429688,261.68035888671875,262.8700256347656,265.9742736816406,5469.3642578125,3001.589599609375,1527.4400634765625,267.6569519042969,258.48931884765625,28.299999237060547,145.83006286621094,0.0,66600.0,0.0,0.0,20000.134765625,0.0,0.0,13.699999809265137,2.9000000953674316,24135.064453125,0.0,0.0,245.61441040039062,256.53863525390625,260.54608154296875,261.6629943847656,258.5616149902344,5478.17919921875,3003.80419921875,1530.76123046875,885.0042724609375,296.9803161621094,254.64669799804688,85.0999984741211,44.900001525878906,11.852751731872559,0.0,20000.029296875,0.0,0.0,0.0,24100.0,245.0,256.29998779296875,262.0,261.20001220703125,265.1000061035156,5478.95068359375,3012.500732421875,1535.2584228515625,889.3560791015625,286.8485107421875,258.8399963378906,58.20000076293945,55.0,243.1999969482422,0.0,0.0,0.0,nan,0.0,0.0,0.0,0.0,44300.0,245.06507873535156,255.28802490234375,260.928955078125,262.54364013671875,264.65087890625,5463.2998046875,3001.206787109375,1531.2548828125,883.8916625976562,276.8277282714844,256.8299560546875,31.53253746032715,38.664947509765625,130.0496368408203,0.0,0.0,0.0,5482.609375,3009.905517578125,1534.354736328125,887.2531127929688,284.442626953125,245.46644592285156,256.4148254394531,261.07208251953125,262.33636474609375,266.35760498046875,46.53778839111328,23.352859497070312,30.147184371948242,67.4356460571289,0.4074125289916992,0.1670970916748047,0.3191404342651367,254.86099243164062,247.186767578125,103709.5,93070.09375,,2.373520851135254,4.0,0.0,7620.0,88886.0,5824.0,16274.0,1.0,1.0,2.0,2.0,3.0,6.0,6.0,6.0,7.0,0.0,0.0,253.8100128173828,246.6800079345703,54.0,0.0,10.0,11.0
2026-02-10T04:58,2026-02-10T05:00,1,train,0,2026,2,4,1,2026-02-10T04:00,5,2026-02-10T00:00,5,2026-02-10T00:00,1,2026-02-10T04:00,0,2026-02-10T06:00,1,2026-02-10T04:00,-999.0,0.0,0.0,0.0,0.0,nan,nan,nan,nan,nan,11.055726051330566,244.38571166992188,260.18768310546875,265.44134521484375,264.6322937011719,268.06939697265625,5397.39453125,2908.39111328125,1411.08349609375,132.63414001464844,262.1689453125,45.20000076293945,189.47853088378906,0.0,44000.0,0.0,0.0,6010.50830078125,4.699999809265137,100.0,39.29999923706055,5.0,24134.849609375,0.0,0.0,243.8057098388672,260.3139343261719,265.7499694824219,258.27801513671875,261.78460693359375,5398.01220703125,2909.39111328125,1408.6170654296875,757.2939453125,163.9157257080078,257.47625732421875,86.0999984741211,80.5999984741211,82.33824157714844,0.0,6099.015625,7.0,60.0,0.0,24100.0,244.10000610351562,260.70001220703125,267.6000061035156,266.5,270.5,5397.64794921875,2907.07177734375,1401.91796875,745.0913696289062,153.08253479003906,260.82000732421875,53.900001525878906,45.0,134.0800018310547,0.0,0.0,0.0,5178.2314453125,0.0,100.0,86.0,0.0,31200.0,244.26231384277344,259.831787109375,266.2748107910156,262.5103759765625,264.58544921875,5395.20361328125,2908.50927734375,1410.8876953125,754.3642578125,138.51589965820312,257.64080810546875,51.70163345336914,48.27571487426758,193.48910522460938,0.0,0.0,0.0,5400.27734375,2909.620361328125,1411.692138671875,756.7171630859375,154.295654296875,244.6806640625,259.12261962890625,266.75445556640625,262.296142578125,265.9156799316406,31.26919937133789,48.68920135498047,47.473751068115234,59.012977600097656,0.024505615234375,0.8927183151245117,0.8077535629272461,258.4664306640625,251.84246826171875,101956.75,91498.75,,3.141401767730713,58.0,0.0,7620.0,2590.0,2592.0,16274.0,0.0,0.0,0.0,8.0,31.0,9.0,9.0,9.0,9.0,0.0,0.0,258.46002197265625,250.5,50.0,0.0,18.399999618530273,20.0
2026-02-10T04:58,2026-02-10T05:00,24,train,0,2026,2,4,23,2026-02-09T06:00,23,2026-02-09T06:00,23,2026-02-09T06:00,26,2026-02-09T03:00,24,2026-02-09T06:00,24,2026-02-09T05:00,-999.0,0.0,0.0,2.0,100.0,7635.6767578125,7524.63623046875,nan,36600.0,8455.0869140625,9.22490119934082,243.50009155273438,259.36865234375,263.0904541015625,262.47491455078125,265.96173095703125,5376.5888671875,2897.835205078125,1408.9169921875,139.60772705078125,259.75653076171875,42.20000076293945,183.2169189453125,0.0,47200.0,0.0,0.0,5780.6923828125,4.699999809265137,100.0,27.0,5.0,24135.130859375,0.0,0.0,243.79168701171875,260.4963684082031,264.74896240234375,258.0087585449219,261.52069091796875,5399.763671875,2908.650634765625,1411.234375,761.3433837890625,168.58802795410156,257.26513671875,86.69999694824219,81.4000015258789,74.89421081542969,0.0,20000.029296875,3.0,44.0,1.0,24100.0,243.8000030517578,260.5,266.3999938964844,265.20001220703125,269.20001220703125,5398.83056640625,2908.393798828125,1407.4835205078125,755.8616943359375,161.69683837890625,259.1499938964844,51.20000076293945,47.0,205.44000244140625,0.0,0.0,0.0,nan,48.0,0.0,0.0,48.0,22300.0,243.2790985107422,259.4124755859375,263.9507141113281,258.920166015625,260.83013916015625,5377.4013671875,2899.378173828125,1411.49755859375,761.6318359375,150.68084716796875,254.40625,63.76906967163086,63.29793930053711,181.05226135253906,0.0,0.0,0.0,5395.078125,2908.947998046875,1408.177734375,753.6698608398438,151.853759765625,244.6765899658203,259.48077392578125,266.66876220703125,262.001220703125,265.68865966796875,37.58418273925781,53.8519172668457,58.47087097167969,71.7837905883789,-0.29343318939208984,0.9749460220336914,0.524322509765625,257.5630798339844,252.89285278320312,101897.0,91448.234375,,3.398519515991211,68.0,0.0,7620.0,6030.0,5448.0,209.0,2.0,3.0,3.0,4.0,6.0,49.0,49.0,49.0,51.0,0.0,0.0,257.3599853515625,250.48001098632812,55.0,0.0,19.200000762939453,20.799999237060547
2026-02-10T04:58,2026-02-10T05:00,48,train,0,2026,2,4,47,2026-02-08T06:00,47,2026-02-08T06:00,47,2026-02-08T06:00,50,2026-02-08T03:00,48,2026-02-08T06:00,36,2026-02-08T17:00,-999.0,0.0,0.0,0.0,48.0,nan,7988.92431640625,nan,34000.0,nan,11.354898452758789,245.13235473632812,257.664306640625,262.641357421875,261.85357666015625,265.42236328125,5341.3359375,2865.395751953125,1380.5687255859375,116.5617446899414,259.65008544921875,40.400001525878906,206.94618225097656,0.0,49700.0,0.0,0.019999999552965164,19999.91015625,4.099999904632568,100.0,5.0,5.099999904632568,24134.8984375,0.0,0.0,243.43568420410156,261.67352294921875,265.4530029296875,257.59649658203125,260.8796081542969,5414.5498046875,2921.2412109375,1418.9720458984375,767.0991821289062,175.79750061035156,256.6112976074219,86.5999984741211,81.0999984741211,58.022666931152344,0.0,20000.005859375,4.0,0.0,0.0,24100.0,242.89999389648438,261.1000061035156,266.29998779296875,264.20001220703125,268.20001220703125,5389.4814453125,2904.98291015625,1400.3492431640625,748.7227783203125,153.04542541503906,260.1199951171875,61.70000076293945,60.0,168.63999938964844,0.0,0.0,0.0,nan,50.0,0.0,1.0,50.0,15700.0,245.24380493164062,257.3060302734375,263.84881591796875,256.98931884765625,259.4000549316406,5344.18798828125,2866.170166015625,1381.9615478515625,734.6322021484375,126.8408203125,253.02789306640625,70.0,72.4652328491211,201.4414825439453,0.0,0.0,0.375,5389.35546875,2904.667724609375,1404.09521484375,751.2593994140625,151.099365234375,243.45387268066406,259.6196594238281,266.00482177734375,261.41253662109375,264.9005126953125,26.238052368164062,49.0334587097168,59.737308502197266,71.82466888427734,-0.4999427795410156,1.5124053955078125,0.5880861282348633,257.28643798828125,252.45370483398438,101897.5625,91425.9375,,2.697237014770508,19.0,0.0,7620.0,88888.0,3912.0,256.0,2.0,2.0,2.0,5.0,5.0,55.0,55.0,55.0,56.0,0.0,0.0,257.72998046875,250.6899871826172,56.0,0.0,19.600000381469727,20.899999618530273
2026-03-03T02:51,2026-03-03T03:00,24,train,0,2026,3,2,21,2026-03-02T06:00,21,2026-03-02T06:00,21,2026-03-02T06:00,24,2026-03-02T03:00,27,2026-03-02T00:00,24,2026-03-02T03:00,-999.0,0.0,0.0,0.0,0.0,nan,nan,nan,nan,nan,8.7716646194458,244.60186767578125,256.32342529296875,260.5594787597656,262.78125,266.2952880859375,5468.67724609375,3002.560546875,1528.91943359375,268.4861145019531,258.3552551269531,41.0,171.745849609375,0.0,48800.0,0.0,0.0,20000.1171875,2.5999999046325684,0.0,3.5999999046325684,4.599999904632568,24135.30859375,0.0,0.0,245.18563842773438,256.4844055175781,260.1258850097656,261.44854736328125,258.9309387207031,5473.94580078125,3001.29541015625,1530.1136474609375,885.1630249023438,296.4787292480469,255.0492401123047,87.4000015258789,56.29999923706055,12.969718933105469,0.0,19999.8046875,2.0,0.0,0.0,24100.0,245.6999969482422,257.0,260.8999938964844,260.0,263.8999938964844,5472.41748046875,2998.494140625,1521.54638671875,878.7836303710938,276.1307067871094,257.79998779296875,69.9000015258789,68.0,241.60000610351562,0.0,0.0,0.0,nan,2.0,5.0,3.0,1.0,21500.0,245.2129364013672,255.95761108398438,260.44757080078125,261.0096435546875,263.9248046875,5463.89599609375,2996.90673828125,1523.3839111328125,879.02197265625,272.8057861328125,256.45709228515625,47.0,72.2364501953125,138.55531311035156,0.0,0.0,0.0,5474.01171875,3005.9375,1531.419189453125,886.053955078125,285.42626953125,244.53933715820312,256.2366943359375,260.4450988769531,261.5518798828125,265.36151123046875,55.071346282958984,20.361675262451172,33.574554443359375,70.45297241210938,0.3621501922607422,0.26288890838623047,0.2604646682739258,254.2138214111328,247.28294372558594,103726.0625,93062.203125,,2.4218859672546387,7.0,0.0,7620.0,88886.0,1808.0,209.0,0.0,0.0,0.0,0.0,3.0,55.0,55.0,55.0,55.0,0.0,0.0,254.4199981689453,246.01998901367188,48.0,1.0,11.600000381469727,12.300000190734863
2026-04-02T00:59,2026-04-02T01:00,1,train,1,2026,4,0,1,2026-04-02T00:00,1,2026-04-02T00:00,1,2026-04-02T00:00,1,2026-04-02T00:00,0,2026-04-02T00:00,1,2026-04-02T00:00,-999.0,0.0,47.0,100.0,58.0,6455.3896484375,1342.416015625,37100.0,87000.0,8620.796875,4.665811538696289,256.1164855957031,271.234619140625,271.47552490234375,271.43621826171875,275.41107177734375,5670.6669921875,3071.23095703125,1521.90234375,206.8832244873047,269.95245361328125,77.5,100.70592498779297,815.760009765625,20400.0,0.0,0.0,6250.8818359375,5.0,92.0999984741211,78.69999694824219,6.099999904632568,24135.064453125,0.0,0.0,256.0908203125,271.42523193359375,271.8995056152344,270.6395263671875,274.7437438964844,5674.4775390625,3077.895263671875,1528.1697998046875,858.4010620117188,234.87344360351562,271.1933288574219,92.0,89.69999694824219,261.0627136230469,475.5199890136719,6827.216796875,45.0,100.0,100.0,24100.0,256.3999938964844,271.8999938964844,269.0,271.1000061035156,275.1000061035156,5675.7041015625,3070.085205078125,1521.0045166015625,854.1000366210938,227.5149383544922,269.2799987792969,94.5,98.0,250.0800018310547,586.239990234375,0.0,0.0,945.4622802734375,98.0,100.0,100.0,98.0,12800.0,255.2696533203125,271.07562255859375,271.83184814453125,269.9682922363281,274.31744384765625,5665.5458984375,3071.178955078125,1521.417724609375,851.6307983398438,216.2425079345703,270.736572265625,94.51570129394531,93.52835083007812,335.82073974609375,390.0,0.0,0.0,5673.671875,3073.267578125,1514.538330078125,842.9429931640625,219.250244140625,256.07147216796875,272.10400390625,273.239990234375,271.020751953125,275.2315673828125,19.345794677734375,21.36026382446289,91.85545349121094,87.23141479492188,-0.762944221496582,0.5495376586914062,0.4298105239868164,271.101318359375,270.35137939453125,102766.6875,92517.828125,,6.738744735717773,89.0,0.0,7620.0,2590.0,2592.0,16274.0,8.0,9.0,18.0,18.0,21.0,5.0,5.0,5.0,5.0,0.0,0.0,267.7300109863281,262.77996826171875,68.0,1.0,14.800000190734863,15.899999618530273
2026-03-03T02:51,2026-03-03T03:00,48,train,0,2026,3,2,45,2026-03-01T06:00,45,2026-03-01T06:00,45,2026-03-01T06:00,48,2026-03-01T03:00,45,2026-03-01T06:00,45,2026-03-01T06:00,-999.0,0.0,2.0,4.0,0.0,nan,3087.3779296875,63700.0,69200.0,nan,9.99539566040039,244.73631286621094,257.4306335449219,261.6106262207031,263.53900146484375,267.0816345214844,5471.4833984375,2995.282958984375,1516.776123046875,251.7181396484375,259.4214172363281,34.900001525878906,211.05470275878906,0.0,57100.0,0.0,0.36000001430511475,20000.0390625,4.099999904632568,3.200000047683716,24.200000762939453,5.0,24135.201171875,0.0,0.0,242.57943725585938,256.19866943359375,259.0906066894531,259.7516174316406,257.41949462890625,5454.93017578125,2993.120361328125,1526.3045654296875,884.618896484375,299.50921630859375,253.66708374023438,88.9000015258789,52.900001525878906,14.700935363769531,0.0,19999.9375,2.0,5.0,0.0,24100.0,244.89999389648438,257.6000061035156,261.5,260.8999938964844,264.79998779296875,5471.54931640625,2995.586669921875,1515.787109375,870.5772705078125,269.017333984375,258.1700134277344,36.400001525878906,29.0,280.4800109863281,0.0,0.0,0.0,nan,6.0,34.0,0.0,0.0,26400.0,244.564453125,257.419677734375,261.77880859375,260.2535705566406,262.04986572265625,5467.11376953125,2989.702880859375,1513.344482421875,866.6240844726562,262.1889953613281,255.35971069335938,51.26551055908203,52.05387878417969,164.89854431152344,0.0,0.0,0.75,5489.7265625,3008.767822265625,1528.81005859375,880.985595703125,280.18994140625,245.23321533203125,257.6478271484375,261.6079406738281,261.71612548828125,265.43695068359375,68.083984375,19.355422973632812,33.38798141479492,70.88227844238281,0.4825124740600586,0.2524242401123047,0.22324657440185547,254.70175170898438,247.2338104248047,103637.125,93001.796875,,2.9730207920074463,28.0,,,88888.0,1080.0,8984.0,10.0,10.0,,15.0,,59.0,,59.0,59.0,0.0,0.0,254.08999633789062,245.87997436523438,48.0,0.0,12.399999618530273,13.199999809265137
2026-04-02T00:59,2026-04-02T01:00,24,train,1,2026,4,0,25,2026-04-01T00:00,25,2026-04-01T00:00,25,2026-04-01T00:00,22,2026-04-01T03:00,24,2026-04-01T00:00,24,2026-04-01T01:00,-999.0,0.0,0.0,100.0,100.0,5978.322265625,1342.607177734375,37100.0,87000.0,8641.4072265625,3.6258018016815186,255.00582885742188,271.47625732421875,271.23712158203125,271.5477294921875,275.4971618652344,5663.18994140625,3068.1865234375,1518.3704833984375,202.590576171875,270.05865478515625,78.0999984741211,171.0118408203125,836.3200073242188,20300.0,0.0,14.4399995803833,6683.97314453125,11.199999809265137,100.0,100.0,9.800000190734863,24134.98046875,0.0,0.0,255.7264862060547,271.66595458984375,272.65216064453125,271.0206298828125,275.1531066894531,5677.70361328125,3079.8232421875,1526.2490234375,855.44921875,230.95175170898438,271.5794677734375,91.5999984741211,90.0999984741211,256.88165283203125,534.8800048828125,8341.470703125,38.0,42.0,100.0,24100.0,256.20001220703125,271.5,273.3999938964844,271.5,275.5,5680.73291015625,3079.955810546875,1525.4456787109375,855.6232299804688,229.11851501464844,269.7200012207031,86.0999984741211,88.0,212.72000122070312,653.4400024414062,0.0,0.0,825.381591796875,100.0,100.0,100.0,100.0,3800.0,256.1689758300781,269.84442138671875,270.68109130859375,269.69757080078125,274.043212890625,5663.28076171875,3064.114501953125,1521.82421875,854.1170043945312,219.7629852294922,270.6295166015625,97.0,94.4375991821289,373.7468566894531,370.0,0.0,1.9375,5675.4453125,3075.460205078125,1519.96337890625,846.5650634765625,217.58349609375,255.83203125,271.96734619140625,272.10211181640625,273.1588134765625,277.579345703125,24.29833984375,29.200193405151367,79.94486999511719,80.62053680419922,-0.5727920532226562,0.5855846405029297,0.28778839111328125,272.2159423828125,270.9408874511719,102720.25,92568.296875,,7.7546892166137695,73.0,0.0,7620.0,30.0,32.0,209.0,36.0,37.0,39.0,40.0,43.0,49.0,49.0,49.0,53.0,1.0,0.0,268.1499938964844,265.46002197265625,81.0,1.0,15.600000381469727,16.899999618530273
2026-04-02T00:59,2026-04-02T01:00,48,train,1,2026,4,0,43,2026-03-31T06:00,49,2026-03-31T00:00,49,2026-03-31T00:00,46,2026-03-31T03:00,48,2026-03-31T00:00,36,2026-03-31T13:00,-999.0,0.0,0.0,0.0,100.0,9626.25390625,1483.258544921875,22300.0,28200.0,12066.75,8.569559097290039,255.62759399414062,273.19183349609375,271.5494384765625,272.978515625,277.0345458984375,5678.1904296875,3070.12841796875,1513.38818359375,191.98629760742188,272.0306091308594,68.9000015258789,224.1688995361328,1133.760009765625,25400.0,0.0,27.729999542236328,1341.435546875,36.0,80.19999694824219,100.0,39.0,24135.140625,8.000000093488779e-07,0.0,256.2547607421875,272.13446044921875,272.2818298339844,272.9707946777344,277.16400146484375,5693.63623046875,3086.49658203125,1530.489013671875,855.919189453125,226.64901733398438,273.50238037109375,93.69999694824219,93.69999694824219,169.6951904296875,836.47998046875,20000.052734375,37.0,0.0,2.0,24100.0,256.70001220703125,271.79998779296875,270.1000061035156,269.6000061035156,273.6000061035156,5685.630859375,3078.7080078125,1535.03369140625,868.2286987304688,246.68911743164062,266.70001220703125,95.69999694824219,80.0,67.83999633789062,189.44000244140625,0.0,0.0,825.496826171875,100.0,2.0,100.0,100.0,3300.0,255.2894287109375,273.242919921875,270.6626892089844,269.7474365234375,274.3018493652344,5679.12890625,3069.742919921875,1512.58544921875,846.1201171875,208.9246826171875,270.876708984375,97.30783081054688,97.95299530029297,451.1805114746094,410.0,0.0,20.9375,5679.9375,3068.360107421875,1514.8974609375,844.6174926757812,216.626220703125,256.4105224609375,272.40814208984375,269.629638671875,272.8404541015625,277.22894287109375,28.08960723876953,57.67109680175781,83.17543029785156,80.04751586914062,-0.5931377410888672,0.8042240142822266,0.4204750061035156,272.6629638671875,270.82501220703125,102711.9375,92551.3984375,,5.898387908935547,88.0,0.0,7620.0,30.0,32.0,457.0,28.0,29.0,30.0,31.0,34.0,46.0,46.0,46.0,47.0,2.0,0.0,268.2699890136719,265.4100036621094,80.0,0.0,15.600000381469727,16.700000762939453
2026-04-14T15:58,2026-04-14T16:00,1,train,0,2026,4,15,1,2026-04-14T15:00,4,2026-04-14T12:00,4,2026-04-14T12:00,1,2026-04-14T15:00,3,2026-04-14T12:00,1,2026-04-14T15:00,-999.0,43.0,43.0,100.0,0.0,nan,1344.31005859375,nan,86500.0,nan,6.96117639541626,256.5745849609375,273.8569030761719,282.27532958984375,286.5303955078125,291.00048828125,5684.197265625,3074.157470703125,1487.487060546875,118.16841888427734,284.958740234375,80.69999694824219,378.6217041015625,3254.8798828125,19100.0,0.0,0.0,5336.3681640625,1.600000023841858,97.4000015258789,2.0,11.100000381469727,24134.75,0.0,0.0,256.6820068359375,274.94268798828125,281.28155517578125,288.37371826171875,292.7596435546875,5678.857421875,3065.263671875,1478.631103515625,771.500244140625,109.55258178710938,289.7091369628906,61.20000076293945,62.099998474121094,918.1554565429688,3328.320068359375,8972.859375,6.0,52.0,100.0,24100.0,256.8999938964844,274.79998779296875,281.1000061035156,286.6000061035156,290.8999938964844,5681.74609375,3065.837158203125,1479.2958984375,773.5615234375,111.78241729736328,285.79998779296875,66.4000015258789,70.0,436.6400146484375,3330.39990234375,0.0,0.0,3474.37841796875,82.0,100.0,6.0,82.0,14400.0,256.38525390625,274.3520812988281,282.09356689453125,284.7864990234375,289.6024169921875,5676.59375,3066.623046875,1478.71044921875,775.5647583007812,113.2140884399414,285.88970947265625,91.59733581542969,89.31019592285156,444.7243957519531,3250.0,0.0,0.0,5688.09765625,3073.52197265625,1481.046142578125,779.6898803710938,123.46533203125,256.6509094238281,275.06329345703125,282.2569580078125,285.06439208984375,289.52142333984375,41.97578430175781,55.664485931396484,72.03221130371094,65.35582733154297,-0.02045917510986328,0.3886394500732422,-0.06685924530029297,284.0343933105469,279.7027893066406,101482.1875,91831.484375,,14.586095809936523,61.0,0.0,7620.0,1768.0,1768.0,16274.0,28.0,30.0,38.0,38.0,45.0,18.0,18.0,18.0,18.0,1.0,0.0,279.8600158691406,276.6000061035156,80.0,0.0,9.600000381469727,10.300000190734863
2026-04-14T15:58,2026-04-14T16:00,24,train,0,2026,4,15,22,2026-04-13T18:00,22,2026-04-13T18:00,22,2026-04-13T18:00,25,2026-04-13T15:00,21,2026-04-13T18:00,24,2026-04-13T16:00,-999.0,0.0,0.0,100.0,100.0,nan,5419.93603515625,37000.0,51700.0,nan,5.068935394287109,256.88848876953125,273.15338134765625,281.35504150390625,285.0421447753906,289.4237060546875,5659.7626953125,3057.355712890625,1475.1295166015625,112.64881134033203,282.80950927734375,75.69999694824219,328.733154296875,3185.280029296875,21600.0,0.0,5.400000095367432,4900.06982421875,4.699999809265137,94.30000305175781,58.70000076293945,13.800000190734863,24134.71875,0.0,0.0,258.7886962890625,273.7041320800781,280.34124755859375,285.4835510253906,289.8329772949219,5669.32421875,3061.732666015625,1479.0289306640625,778.2198486328125,120.08663940429688,286.2417297363281,73.5,71.80000305175781,636.8817138671875,3169.60009765625,19999.876953125,11.0,38.0,0.0,24100.0,256.20001220703125,275.6000061035156,282.29998779296875,287.79998779296875,292.1000061035156,5676.4443359375,3063.84228515625,1477.1287841796875,768.2694702148438,110.67786407470703,286.8299865722656,61.29999923706055,64.0,786.8800048828125,3384.9599609375,0.0,0.0,4322.98291015625,41.0,100.0,100.0,41.0,14700.0,258.0461730957031,272.984619140625,281.17120361328125,282.11163330078125,286.90777587890625,5667.19482421875,3065.99072265625,1482.55224609375,784.9274291992188,128.1119384765625,283.6480712890625,91.68811798095703,89.79180908203125,374.9832458496094,3060.0,0.0,9.625,5689.0625,3076.237548828125,1484.800537109375,784.5036010742188,130.882080078125,256.6593017578125,274.8145446777344,282.60595703125,283.88238525390625,288.3620300292969,43.35812759399414,43.626739501953125,71.66310119628906,64.98567199707031,-0.0888509750366211,-0.0475616455078125,-0.08489608764648438,283.32147216796875,278.37158203125,101566.3125,91886.421875,,13.992669105529785,53.0,0.0,7620.0,30.0,32.0,209.0,29.0,34.0,37.0,38.0,44.0,51.0,53.0,53.0,55.0,1.0,0.0,280.27996826171875,276.2200012207031,75.0,1.0,10.399999618530273,11.100000381469727
2026-04-26T20:56,2026-04-26T21:00,24,train,0,2026,4,20,21,2026-04-26T00:00,21,2026-04-26T00:00,21,2026-04-26T00:00,24,2026-04-25T21:00,21,2026-04-26T00:00,24,2026-04-25T21:00,-999.0,0.0,4.0,100.0,0.0,nan,6874.50830078125,nan,41900.0,nan,2.468649387359619,250.30767822265625,266.5025329589844,277.017333984375,283.43927001953125,288.0504455566406,5607.59423828125,3056.154541015625,1515.40771484375,169.4758758544922,279.6259765625,61.79999923706055,1015.8206176757812,1928.719970703125,30000.0,0.0,0.0,1907.410888671875,94.4000015258789,66.4000015258789,0.0,0.0,24135.078125,1.6000000186977559e-06,0.0,250.61643981933594,265.3397216796875,276.9076843261719,283.7576904296875,288.1348876953125,5603.45947265625,3048.607421875,1509.5662841796875,814.1033325195312,159.7615966796875,284.29998779296875,51.900001525878906,48.599998474121094,1432.1165771484375,1894.4000244140625,20000.146484375,30.0,19.0,0.0,24100.0,250.39999389648438,267.5,276.8999938964844,282.3999938964844,286.70001220703125,5609.5068359375,3049.82373046875,1509.08154296875,814.78271484375,159.5985107421875,281.4599914550781,50.29999923706055,54.0,1350.239990234375,1886.239990234375,0.0,0.0,nan,36.0,0.0,22.0,23.0,27103.337890625,250.80047607421875,266.701416015625,275.85089111328125,282.48248291015625,287.37799072265625,5605.67431640625,3052.672119140625,1514.8016357421875,822.2291259765625,171.5810546875,283.46734619140625,66.0,62.33255386352539,1411.6431884765625,1820.0,0.0,0.0,5610.42578125,3053.906982421875,1513.27587890625,817.1904296875,163.110107421875,250.68576049804688,265.49176025390625,277.39697265625,284.06475830078125,288.556396484375,84.95144653320312,57.14578628540039,40.540775299072266,38.58030319213867,0.2684478759765625,-1.2828607559204102,-0.681553840637207,284.38336181640625,272.69586181640625,101959.625,92243.5234375,,9.810624122619629,66.0,0.0,7620.0,30.0,32.0,402.0,21.0,27.0,37.0,44.0,53.0,27.0,28.0,28.0,28.0,11.0,496.0,275.6499938964844,270.0899963378906,66.0,1.0,8.800000190734863,9.399999618530273
2026-09-10T13:54,2026-09-10T14:00,1,train,0,2026,9,13,1,2026-09-10T13:00,2,2026-09-10T12:00,2,2026-09-10T12:00,1,2026-09-10T13:00,3,2026-09-10T12:00,1,2026-09-10T13:00,-999.0,14.0,19.0,0.0,0.0,nan,1344.78515625,nan,85900.0,nan,11.151924133300781,266.8921203613281,279.13037109375,285.1512756347656,291.0042419433594,295.5185241699219,5729.3642578125,3032.7333984375,1429.27001953125,38.84164810180664,286.2104797363281,94.0,697.600341796875,4809.68408203125,12700.0,0.0,0.0,19999.833984375,0.0,0.0,5.0,0.0,24130.521484375,1.52000002344721e-05,0.0625,266.66839599609375,278.0881652832031,284.7212219238281,291.83868408203125,296.18890380859375,5726.5029296875,3033.00537109375,1433.4117431640625,716.8306884765625,50.91787338256836,292.0,65.5999984741211,66.0,1569.3787841796875,4599.35986328125,20000.1328125,43.0,0.0,0.0,200.0,267.0,279.1000061035156,285.1000061035156,289.8999938964844,294.20001220703125,5728.93408203125,3027.98046875,1424.6407470703125,708.2841796875,34.52718734741211,286.8399963378906,99.9000015258789,100.0,977.8400268554688,4894.69140625,0.00279999990016222,12.75,nan,37.0,0.0,0.0,37.0,17700.0,266.512451171875,278.533203125,284.83770751953125,291.096435546875,295.8279724121094,5724.20849609375,3033.3828125,1430.71435546875,714.210205078125,41.18461608886719,290.9111328125,82.39566040039062,76.41925048828125,962.710693359375,4620.392578125,0.00015999999595806003,0.0,5732.07421875,3035.3076171875,1431.732177734375,714.5376586914062,49.35595703125,266.71942138671875,277.09686279296875,285.5645751953125,291.3497619628906,295.68389892578125,36.83235168457031,72.44390106201172,74.095458984375,72.45584869384766,1.5358037948608398,1.2429418563842773,0.6991720199584961,291.35943603515625,287.20318603515625,100602.5,91124.65625,,16.091150283813477,56.0,0.0,7620.0,0.0,0.0,209.0,77.0,77.0,77.0,77.0,78.0,72.0,72.0,72.0,72.0,82.0,973.0,282.6000061035156,282.6000061035156,100.0,3.0,37.5,42.29999923706055
2026-04-26T20:56,2026-04-26T21:00,48,train,0,2026,4,20,45,2026-04-25T00:00,45,2026-04-25T00:00,45,2026-04-25T00:00,48,2026-04-24T21:00,45,2026-04-25T00:00,45,2026-04-25T00:00,-999.0,25.0,29.0,0.0,0.0,nan,2421.796630859375,nan,75800.0,nan,3.1302225589752197,251.26071166992188,266.67181396484375,275.8980712890625,282.30816650390625,286.81024169921875,5597.6162109375,3043.39990234375,1506.2486572265625,163.99099731445312,278.3692321777344,74.19999694824219,931.7413330078125,1795.8399658203125,22400.0,0.0,0.0,1905.135009765625,96.9000015258789,100.0,99.19999694824219,1.2999999523162842,24135.28515625,1.6000000186977559e-06,0.0,250.4396514892578,266.9688415527344,276.53472900390625,283.3627624511719,287.7186279296875,5601.40673828125,3044.12841796875,1505.510498046875,810.9917602539062,157.58322143554688,283.8664245605469,53.5,50.099998474121094,1353.7138671875,1853.280029296875,5890.14990234375,21.0,77.0,9.0,24100.0,251.10000610351562,266.6000061035156,277.29998779296875,282.79998779296875,287.1000061035156,5612.38720703125,3055.6220703125,1512.6229248046875,817.0028686523438,159.41944885253906,281.45001220703125,59.0,63.0,1072.47998046875,1935.3599853515625,0.0,0.0,nan,94.0,0.0,96.0,93.0,25000.0,251.47274780273438,267.443359375,274.16314697265625,280.6853332519531,285.61785888671875,5600.8056640625,3044.8681640625,1508.0750732421875,819.9993286132812,171.13259887695312,281.90460205078125,70.0,66.8655776977539,1197.1019287109375,1640.0,0.0,0.0,5608.83984375,3051.11767578125,1513.062255859375,818.486083984375,165.896484375,250.73648071289062,265.92572021484375,276.81695556640625,283.4279479980469,287.85528564453125,76.55136108398438,55.24742889404297,39.76973342895508,37.74345397949219,-0.0800933837890625,-0.2800474166870117,-0.15578365325927734,284.11358642578125,271.42608642578125,101980.875,92251.1875,,9.112529754638672,65.0,,,1648.0,40.0,10368.0,17.0,26.0,,43.0,,38.0,,38.0,38.0,8.0,448.0,275.6600036621094,270.15997314453125,67.0,0.0,8.800000190734863,9.600000381469727
2026-04-14T15:58,2026-04-14T16:00,48,train,0,2026,4,15,46,2026-04-12T18:00,46,2026-04-12T18:00,46,2026-04-12T18:00,49,2026-04-12T15:00,45,2026-04-12T18:00,36,2026-04-13T04:00,-999.0,0.0,0.0,100.0,92.0,9622.6552734375,6394.2802734375,nan,45300.0,11314.1416015625,6.308916091918945,254.8099365234375,273.699951171875,283.3227233886719,285.4661865234375,289.7730712890625,5668.083984375,3064.97119140625,1475.663330078125,111.59857177734375,284.38470458984375,51.79999923706055,336.98760986328125,3170.800048828125,38100.0,0.0,25.239999771118164,2090.94140625,13.899999618530273,100.0,100.0,11.199999809265137,24135.205078125,0.0,0.0,258.28826904296875,274.28570556640625,279.9014892578125,285.1737365722656,289.5179748535156,5678.443359375,3066.318603515625,1481.71728515625,781.6174926757812,123.89949035644531,285.6948547363281,76.5999984741211,74.4000015258789,629.9947509765625,3248.639892578125,6849.1083984375,3.0,76.0,29.0,24100.0,257.0,275.20001220703125,281.8999938964844,287.0,291.29998779296875,5676.5419921875,3064.2529296875,1474.310302734375,768.1272583007812,113.65843200683594,285.2699890136719,57.599998474121094,52.0,437.0400085449219,3348.9599609375,0.0,0.0,8117.70947265625,11.0,100.0,100.0,11.0,18200.0,254.87081909179688,274.12005615234375,281.53314208984375,280.4119567871094,285.15423583984375,5681.5185546875,3072.925048828125,1488.886474609375,793.2173461914062,136.93829345703125,281.82135009765625,83.00123596191406,78.7963638305664,375.4346923828125,3240.0,0.0,20.125,5698.13671875,3075.37353515625,1487.683349609375,786.0182495117188,129.382568359375,256.53594970703125,274.815673828125,281.8294372558594,285.370361328125,289.72796630859375,29.840646743774414,50.76546096801758,62.933040618896484,57.539520263671875,-0.1494731903076172,-0.0723562240600586,-0.2597341537475586,285.1683654785156,278.533447265625,101529.375,91891.4296875,,11.093914031982422,60.0,0.0,7620.0,32.0,32.0,384.0,35.0,50.0,59.0,60.0,65.0,38.0,38.0,38.0,39.0,0.0,0.0,280.2300109863281,276.0199890136719,74.0,1.0,10.800000190734863,11.5
2026-04-26T20:56,2026-04-26T21:00,1,train,0,2026,4,20,1,2026-04-26T20:00,3,2026-04-26T18:00,3,2026-04-26T18:00,1,2026-04-26T20:00,3,2026-04-26T18:00,1,2026-04-26T20:00,-999.0,50.0,50.0,0.0,0.0,nan,2045.7176513671875,nan,79600.0,nan,1.9514131546020508,250.5701904296875,265.80303955078125,278.1441345214844,284.56390380859375,289.1357116699219,5603.0908203125,3049.4814453125,1506.825927734375,158.79962158203125,280.6353759765625,54.70000076293945,1369.480224609375,2022.0,35600.0,0.0,0.0,2248.90771484375,96.5999984741211,97.69999694824219,1.399999976158142,0.0,24135.1328125,0.0,0.0,250.3489227294922,265.551513671875,277.98150634765625,284.8415222167969,289.22149658203125,5604.39208984375,3052.01416015625,1509.282958984375,811.2962036132812,154.82000732421875,285.4005126953125,46.29999923706055,42.599998474121094,1696.62060546875,2003.0400390625,20000.1640625,34.0,3.0,0.0,24100.0,250.1999969482422,265.8999938964844,277.70001220703125,283.29998779296875,287.5,5605.7890625,3047.03125,1505.38818359375,808.96826171875,151.6392822265625,282.0299987792969,51.0,54.0,1720.3199462890625,1969.5999755859375,0.0,0.0625,2536.21240234375,95.0,0.0,0.0,95.0,44400.0,250.61282348632812,265.3327331542969,278.2017822265625,285.02105712890625,289.9512939453125,5599.83837890625,3048.73095703125,1505.81005859375,807.600830078125,156.60198974609375,285.8902587890625,46.096561431884766,42.297218322753906,2111.867431640625,2050.0,0.0,0.0,5605.84375,3053.462158203125,1509.71240234375,811.5655517578125,156.0224609375,250.08885192871094,265.02850341796875,278.2138671875,284.82427978515625,289.2520751953125,90.72825622558594,49.61383056640625,35.652652740478516,34.22604751586914,0.2749662399291992,-1.4867210388183594,-0.7274065017700195,285.0035095214844,271.5035095214844,101869.25,92175.84375,,9.063261032104492,62.0,0.0,7620.0,1070.0,727.0,16274.0,0.0,2.0,5.0,24.0,46.0,4.0,4.0,4.0,4.0,15.0,704.0,275.91998291015625,269.90997314453125,64.0,0.0,8.0,8.699999809265137
2026-09-10T13:54,2026-09-10T14:00,48,train,0,2026,9,13,44,2026-09-08T18:00,50,2026-09-08T12:00,50,2026-09-08T12:00,47,2026-09-08T15:00,45,2026-09-08T18:00,44,2026-09-08T18:00,-999.0,29.0,47.0,0.0,0.0,1736.7398681640625,1344.6754150390625,nan,86000.0,nan,10.032304763793945,265.3428649902344,277.9036865234375,283.71124267578125,289.34130859375,293.803955078125,5717.69482421875,3040.1376953125,1442.517333984375,59.386253356933594,284.6659240722656,97.5,540.06640625,4341.11083984375,12200.0,0.0,45.939998626708984,1178.641357421875,1.0,0.0,91.69999694824219,40.599998474121094,24134.5625,7.199999799922807e-06,0.25,264.39410400390625,278.3153991699219,285.3956604003906,291.8408203125,296.1435241699219,5732.2685546875,3046.606201171875,1439.762939453125,721.574462890625,55.32571792602539,291.79998779296875,78.0,75.0999984741211,1224.4114990234375,4546.240234375,20000.076171875,12.0,0.0,0.0,0.0,267.0,279.1000061035156,283.8999938964844,288.8999938964844,293.20001220703125,5716.7705078125,3014.907958984375,1412.2469482421875,698.6365966796875,24.55356216430664,285.9499816894531,99.9000015258789,100.0,714.239990234375,4727.853515625,0.0010999999940395355,4.125,nan,64.0,0.0,2.0,64.0,18700.0,264.69976806640625,278.79925537109375,282.41522216796875,288.5296630859375,293.2528381347656,5711.6142578125,3036.8212890625,1437.145263671875,727.6460571289062,56.39714813232422,288.44964599609375,80.11080932617188,75.12361907958984,739.54150390625,4198.1533203125,0.0,12.8125,5742.14453125,3043.62744140625,1438.409423828125,721.4544067382812,56.634521484375,265.8443603515625,279.1824951171875,285.6731262207031,291.0809326171875,295.49285888671875,13.505640029907227,68.86754608154297,76.3646469116211,74.19729614257812,1.3987607955932617,0.7702322006225586,0.5036087036132812,291.18792724609375,287.25042724609375,100694.3125,91206.4453125,,14.964740753173828,33.0,,,,,,,,,,,,,,,18.0,1001.0,283.20001220703125,283.20001220703125,100.0,6.0,29.100000381469727,34.70000076293945
2026-09-10T13:54,2026-09-10T14:00,24,train,0,2026,9,13,26,2026-09-09T12:00,26,2026-09-09T12:00,26,2026-09-09T12:00,23,2026-09-09T15:00,21,2026-09-09T18:00,24,2026-09-09T14:00,-999.0,38.0,57.0,0.0,0.0,1739.5701904296875,1344.975830078125,nan,85900.0,nan,9.040122032165527,265.60479736328125,277.94647216796875,285.0793151855469,290.67364501953125,295.19720458984375,5723.9677734375,3040.643798828125,1439.15771484375,50.259822845458984,286.2687072753906,98.30000305175781,586.377197265625,4537.18017578125,12200.0,0.0,71.76000213623047,5585.4443359375,1.0,0.0,48.400001525878906,4.800000190734863,24135.12109375,9.60000033956021e-06,0.125,266.592529296875,278.4315185546875,284.4674072265625,291.3538818359375,295.7538757324219,5726.48046875,3034.212890625,1434.4788818359375,718.6425170898438,53.09390640258789,291.53662109375,69.69999694824219,70.0999984741211,1485.6688232421875,4595.68017578125,20000.068359375,38.0,0.0,0.0,100.0,266.3999938964844,280.20001220703125,285.6000061035156,290.3999938964844,294.70001220703125,5725.408203125,3021.0390625,1414.6551513671875,696.9059448242188,21.378679275512695,287.29998779296875,100.0,100.0,878.4000244140625,4842.8837890625,0.002899999963119626,5.4375,nan,31.0,0.0,0.0,31.0,16700.0,265.36224365234375,277.388671875,284.43194580078125,290.3993835449219,295.1197204589844,5719.75537109375,3035.642578125,1437.3895263671875,722.5220336914062,51.15771484375,290.28753662109375,83.98895263671875,79.14773559570312,832.346435546875,4546.19384765625,0.0,13.25,5730.6796875,3033.8154296875,1432.608642578125,718.0341186523438,54.15966796875,266.9410400390625,277.83538818359375,284.89593505859375,290.3523864746094,294.70147705078125,14.226156234741211,68.27516174316406,75.34500122070312,73.10826873779297,1.6236896514892578,0.7800254821777344,0.6114025115966797,290.21160888671875,286.08660888671875,100656.125,91154.5,,13.560497283935547,35.0,0.0,7620.0,30.0,32.0,0.0,36.0,38.0,41.0,43.0,46.0,64.0,68.0,,,,,,,100.0,6.0,32.79999923706055,37.900001525878906
