valid_utc,model_valid_utc,target_lead_h,split,is_undercast,year,month,hour_utc,lead_hrrr,meta_init_hrrr,lead_gfs,meta_init_gfs,lead_nam,meta_init_nam,lead_rap,meta_init_rap,lead_ecmwf,meta_init_ecmwf,lead_nbm,meta_init_nbm,cloud_top_hrrr,boundary_layer_cloud_layer_hrrr,low_cloud_layer_percent_hrrr,middle_cloud_layer_percent_hrrr,high_cloud_layer_percent_hrrr,cloud_ceiling_m_hrrr,cloud_base_m_hrrr,cloud_top_pres_hrrr,cloud_base_pres_hrrr,cloud_top_hgt_hrrr,wind_10m_day_max_hrrr,tmp_500mb_hrrr,tmp_700mb_hrrr,tmp_850mb_hrrr,tmp_925mb_hrrr,tmp_1000mb_hrrr,hgt_500mb_hrrr,hgt_700mb_hrrr,hgt_850mb_hrrr,hgt_1000mb_hrrr,tmp_2m_hrrr,rh_2m_hrrr,hpbl_surface_hrrr,hgt_0C_iso_hrrr,vis_surface_hrrr,prate_surface_hrrr,apcp_surface_hrrr,cloud_ceiling_gfs,low_cloud_layer_percent_gfs,middle_cloud_layer_percent_gfs,high_cloud_layer_percent_gfs,boundary_layer_cloud_layer_gfs,vis_surface_gfs,prate_surface_gfs,apcp_surface_gfs,tmp_500mb_gfs,tmp_700mb_gfs,tmp_850mb_gfs,tmp_925mb_gfs,tmp_1000mb_gfs,hgt_500mb_gfs,hgt_700mb_gfs,hgt_850mb_gfs,hgt_925mb_gfs,hgt_1000mb_gfs,tmp_2m_gfs,rh_2m_gfs,rh_925mb_gfs,hpbl_surface_gfs,hgt_0C_iso_gfs,cloud_ceiling_nam,low_cloud_layer_percent_nam,middle_cloud_layer_percent_nam,high_cloud_layer_percent_nam,vis_surface_nam,tmp_500mb_nam,tmp_700mb_nam,tmp_850mb_nam,tmp_925mb_nam,tmp_1000mb_nam,hgt_500mb_nam,hgt_700mb_nam,hgt_850mb_nam,hgt_925mb_nam,hgt_1000mb_nam,tmp_2m_nam,rh_2m_nam,rh_925mb_nam,hpbl_surface_nam,hgt_0C_iso_nam,prate_surface_nam,apcp_surface_nam,cloud_ceiling_m_rap,low_cloud_layer_percent_rap,middle_cloud_layer_percent_rap,high_cloud_layer_percent_rap,boundary_layer_cloud_layer_rap,vis_surface_rap,tmp_500mb_rap,tmp_700mb_rap,tmp_850mb_rap,tmp_925mb_rap,tmp_1000mb_rap,hgt_500mb_rap,hgt_700mb_rap,hgt_850mb_rap,hgt_925mb_rap,hgt_1000mb_rap,tmp_2m_rap,rh_2m_rap,rh_925mb_rap,hpbl_surface_rap,hgt_0C_iso_rap,prate_surface_rap,apcp_surface_rap,hgt_500mb_ecmwf,hgt_700mb_ecmwf,hgt_850mb_ecmwf,hgt_925mb_ecmwf,hgt_1000mb_ecmwf,tmp_500mb_ecmwf,tmp_700mb_ecmwf,tmp_850mb_ecmwf,tmp_925mb_ecmwf,tmp_1000mb_ecmwf,rh_700mb_ecmwf,rh_850mb_ecmwf,rh_925mb_ecmwf,rh_1000mb_ecmwf,vvel_700mb_ecmwf,vvel_850mb_ecmwf,vvel_925mb_ecmwf,tmp_2m_ecmwf,dpt_2m_ecmwf,mslp_ecmwf,sp_surface_ecmwf,cape_ecmwf,tcwv_ecmwf,tcdc_surface_nbm,tcdc_high_cloud_nbm,cdcb_high_cloud_nbm,cloud_ceiling_m_nbm,cloud_base_m_nbm,vis_surface_nbm,ceil_prob_below_152m_nbm,ceil_prob_below_305m_nbm,ceil_prob_below_610m_nbm,ceil_prob_below_914m_nbm,ceil_prob_below_2012m_nbm,vis_prob_below_1609m_nbm,vis_prob_below_3219m_nbm,vis_prob_below_4828m_nbm,vis_prob_below_8047m_nbm,cape_surface_nbm,mixing_height_nbm,tmp_2m_nbm,dpt_2m_nbm,rh_2m_nbm,apcp_surface_nbm,wind_10m_nbm,gust_surface_nbm
2014-09-08T22:50,2014-09-08T23:00,48,train,0,2014,9,22,15,2014-09-08T08:00,,,,,,,,,,,-999.0,0.0,0.0,0.0,0.0,nan,nan,nan,nan,nan,4.483114719390869,259.5757751464844,275.21221923828125,282.85186767578125,288.1690673828125,292.74700927734375,5819.03515625,3179.309814453125,1593.349853515625,216.97689819335938,285.3354187011719,,326.4375,,21100.0,0.0,0.0,,,,,,,,,,,,,,,,,,,,,,,,,,,,,,,,,,,,,,,,,,,,,,,,,,,,,,,,,,,,,,,,,,,,,,,,,,,,,,,,,,,,,,,,,,,,,,,,,,,,,,,,,,,,,,,,,,
2014-09-08T22:50,2014-09-08T23:00,1,train,0,2014,9,22,1,2014-09-08T22:00,,,,,,,,,,,-999.0,33.75,33.75,0.0,0.0,2269.8798828125,2520.7919921875,76000.0,76000.0,2821.762451171875,4.300371170043945,260.24652099609375,274.4845275878906,281.7320861816406,287.671630859375,292.238525390625,5825.27294921875,3182.31103515625,1602.3843994140625,227.4232177734375,284.9239501953125,,442.5625,,11800.0,0.0,0.0,,,,,,,,,,,,,,,,,,,,,,,,,,,,,,,,,,,,,,,,,,,,,,,,,,,,,,,,,,,,,,,,,,,,,,,,,,,,,,,,,,,,,,,,,,,,,,,,,,,,,,,,,,,,,,,,,,
2014-09-08T22:50,2014-09-08T23:00,24,train,0,2014,9,22,15,2014-09-08T08:00,,,,,,,,,,,-999.0,0.0,0.0,0.0,0.0,nan,nan,nan,nan,nan,4.483114719390869,259.5757751464844,275.21221923828125,282.85186767578125,288.1690673828125,292.74700927734375,5819.03515625,3179.309814453125,1593.349853515625,216.97689819335938,285.3354187011719,,326.4375,,21100.0,0.0,0.0,,,,,,,,,,,,,,,,,,,,,,,,,,,,,,,,,,,,,,,,,,,,,,,,,,,,,,,,,,,,,,,,,,,,,,,,,,,,,,,,,,,,,,,,,,,,,,,,,,,,,,,,,,,,,,,,,,
2014-09-18T19:47,2014-09-18T20:00,48,train,0,2014,9,19,15,2014-09-18T05:00,,,,,,,,,,,-999.0,0.625,0.625,0.0,0.0,nan,nan,nan,nan,nan,10.149870872497559,254.11488342285156,269.9530334472656,276.681396484375,282.74169921875,287.3238830566406,5604.91162109375,3022.222900390625,1467.843505859375,120.41914367675781,280.94451904296875,,628.8125,,15400.0,0.0,0.0,,,,,,,,,,,,,,,,,,,,,,,,,,,,,,,,,,,,,,,,,,,,,,,,,,,,,,,,,,,,,,,,,,,,,,,,,,,,,,,,,,,,,,,,,,,,,,,,,,,,,,,,,,,,,,,,,,
2014-09-18T19:47,2014-09-18T20:00,1,train,0,2014,9,19,1,2014-09-18T19:00,,,,,,,,,,,-999.0,15.375,15.375,0.0,0.0,nan,nan,nan,nan,nan,8.861124992370605,254.59396362304688,269.932373046875,276.1572265625,281.7680969238281,286.361572265625,5601.138671875,3013.470703125,1460.445556640625,115.14894104003906,280.1693420410156,,579.5,,11900.0,0.0,0.0,,,,,,,,,,,,,,,,,,,,,,,,,,,,,,,,,,,,,,,,,,,,,,,,,,,,,,,,,,,,,,,,,,,,,,,,,,,,,,,,,,,,,,,,,,,,,,,,,,,,,,,,,,,,,,,,,,
2014-09-18T19:47,2014-09-18T20:00,24,train,0,2014,9,19,15,2014-09-18T05:00,,,,,,,,,,,-999.0,0.625,0.625,0.0,0.0,nan,nan,nan,nan,nan,10.149870872497559,254.11488342285156,269.9530334472656,276.681396484375,282.74169921875,287.3238830566406,5604.91162109375,3022.222900390625,1467.843505859375,120.41914367675781,280.94451904296875,,628.8125,,15400.0,0.0,0.0,,,,,,,,,,,,,,,,,,,,,,,,,,,,,,,,,,,,,,,,,,,,,,,,,,,,,,,,,,,,,,,,,,,,,,,,,,,,,,,,,,,,,,,,,,,,,,,,,,,,,,,,,,,,,,,,,,
2014-09-30T14:52,2014-09-30T15:00,1,train,1,2014,9,14,1,2014-09-30T14:00,,,,,,,,,,,-999.0,12.875,12.875,0.0,0.0,nan,nan,nan,nan,nan,1.7200982570648193,259.8253173828125,274.4974670410156,282.4044189453125,285.5729675292969,290.03192138671875,5719.958984375,3087.71728515625,1499.997802734375,132.90255737304688,285.2477111816406,,442.8125,,9200.0,0.0,0.0,,,,,,,,,,,,,,,,,,,,,,,,,,,,,,,,,,,,,,,,,,,,,,,,,,,,,,,,,,,,,,,,,,,,,,,,,,,,,,,,,,,,,,,,,,,,,,,,,,,,,,,,,,,,,,,,,,
2014-10-14T14:50,2014-10-14T15:00,48,train,1,2014,10,14,15,2014-10-14T00:00,,,,,,,,,,,-999.0,100.0,5.5,0.0,99.75,12260.099609375,12572.115234375,13000.0,19100.0,15468.6669921875,9.868938446044922,263.0992431640625,277.0110168457031,284.9959411621094,289.8800964355469,294.5367126464844,5828.19189453125,3161.876953125,1557.501220703125,171.88189697265625,289.3411865234375,,444.9375,,11900.0,0.0,0.0,,,,,,,,,,,,,,,,,,,,,,,,,,,,,,,,,,,,,,,,,,,,,,,,,,,,,,,,,,,,,,,,,,,,,,,,,,,,,,,,,,,,,,,,,,,,,,,,,,,,,,,,,,,,,,,,,,
2014-09-30T14:52,2014-09-30T15:00,48,train,1,2014,9,14,15,2014-09-30T00:00,,,,,,,,,,,-999.0,22.0,22.0,0.0,0.0,1373.9815673828125,1481.287353515625,85100.0,85100.0,1640.966796875,1.891230583190918,259.7710876464844,275.0896301269531,281.7376708984375,285.20184326171875,289.82684326171875,5718.458984375,3082.796875,1494.0587158203125,127.90001678466797,284.71630859375,,404.6875,,9500.0,0.0,0.15000000596046448,,,,,,,,,,,,,,,,,,,,,,,,,,,,,,,,,,,,,,,,,,,,,,,,,,,,,,,,,,,,,,,,,,,,,,,,,,,,,,,,,,,,,,,,,,,,,,,,,,,,,,,,,,,,,,,,,,
2014-10-14T14:50,2014-10-14T15:00,24,train,1,2014,10,14,15,2014-10-14T00:00,,,,,,,,,,,-999.0,100.0,5.5,0.0,99.75,12260.099609375,12572.115234375,13000.0,19100.0,15468.6669921875,9.868938446044922,263.0992431640625,277.0110168457031,284.9959411621094,289.8800964355469,294.5367126464844,5828.19189453125,3161.876953125,1557.501220703125,171.88189697265625,289.3411865234375,,444.9375,,11900.0,0.0,0.0,,,,,,,,,,,,,,,,,,,,,,,,,,,,,,,,,,,,,,,,,,,,,,,,,,,,,,,,,,,,,,,,,,,,,,,,,,,,,,,,,,,,,,,,,,,,,,,,,,,,,,,,,,,,,,,,,,
2014-09-30T14:52,2014-09-30T15:00,24,train,1,2014,9,14,15,2014-09-30T00:00,,,,,,,,,,,-999.0,22.0,22.0,0.0,0.0,1373.9815673828125,1481.287353515625,85100.0,85100.0,1640.966796875,1.891230583190918,259.7710876464844,275.0896301269531,281.7376708984375,285.20184326171875,289.82684326171875,5718.458984375,3082.796875,1494.0587158203125,127.90001678466797,284.71630859375,,404.6875,,9500.0,0.0,0.15000000596046448,,,,,,,,,,,,,,,,,,,,,,,,,,,,,,,,,,,,,,,,,,,,,,,,,,,,,,,,,,,,,,,,,,,,,,,,,,,,,,,,,,,,,,,,,,,,,,,,,,,,,,,,,,,,,,,,,,
2014-10-14T14:50,2014-10-14T15:00,1,train,1,2014,10,14,1,2014-10-14T14:00,,,,,,,,,,,-999.0,2.75,2.75,0.0,1.625,nan,nan,nan,nan,nan,10.391051292419434,263.574951171875,278.19476318359375,286.360595703125,289.92840576171875,294.2869567871094,5827.5693359375,3156.51416015625,1544.0032958984375,156.52841186523438,290.064208984375,,387.0,,12500.0,0.0,0.0020000000949949026,,,,,,,,,,,,,,,,,,,,,,,,,,,,,,,,,,,,,,,,,,,,,,,,,,,,,,,,,,,,,,,,,,,,,,,,,,,,,,,,,,,,,,,,,,,,,,,,,,,,,,,,,,,,,,,,,,
2014-11-22T07:55,2014-11-22T08:00,1,train,0,2014,11,7,1,2014-11-22T07:00,,,,,,,,,,,-999.0,0.25,0.25,0.0,0.0,nan,nan,nan,nan,nan,13.874411582946777,251.3652801513672,259.019287109375,260.9342956542969,263.295166015625,266.8501892089844,5468.5341796875,2941.3798828125,1464.820068359375,197.29417419433594,260.0694580078125,,0.0,,14500.0,0.0,0.0,,,,,,,,,,,,,,,,,,,,,,,,,,,,,,,,,,,,,,,,,,,,,,,,,,,,,,,,,,,,,,,,,,,,,,,,,,,,,,,,,,,,,,,,,,,,,,,,,,,,,,,,,,,,,,,,,,
2014-10-29T15:55,2014-10-29T16:00,24,train,0,2014,10,15,15,2014-10-29T01:00,,,,,,,,,,,-999.0,100.0,4.5,41.25,100.0,8550.8671875,3534.91845703125,21200.0,65500.0,12204.5703125,10.73708438873291,258.3662109375,273.6761169433594,281.37774658203125,286.8379821777344,291.3354797363281,5629.93115234375,3006.9013671875,1425.34228515625,56.917755126953125,284.2679443359375,,441.625,,10200.0,0.0,0.7900000214576721,,,,,,,,,,,,,,,,,,,,,,,,,,,,,,,,,,,,,,,,,,,,,,,,,,,,,,,,,,,,,,,,,,,,,,,,,,,,,,,,,,,,,,,,,,,,,,,,,,,,,,,,,,,,,,,,,,
2014-10-29T15:55,2014-10-29T16:00,48,train,0,2014,10,15,15,2014-10-29T01:00,,,,,,,,,,,-999.0,100.0,4.5,41.25,100.0,8550.8671875,3534.91845703125,21200.0,65500.0,12204.5703125,10.73708438873291,258.3662109375,273.6761169433594,281.37774658203125,286.8379821777344,291.3354797363281,5629.93115234375,3006.9013671875,1425.34228515625,56.917755126953125,284.2679443359375,,441.625,,10200.0,0.0,0.7900000214576721,,,,,,,,,,,,,,,,,,,,,,,,,,,,,,,,,,,,,,,,,,,,,,,,,,,,,,,,,,,,,,,,,,,,,,,,,,,,,,,,,,,,,,,,,,,,,,,,,,,,,,,,,,,,,,,,,,
2014-11-22T07:55,2014-11-22T08:00,24,train,0,2014,11,7,15,2014-11-21T17:00,,,,,,,,,,,-999.0,3.0,3.0,0.0,0.0,nan,nan,nan,nan,nan,15.864136695861816,251.41403198242188,260.5225830078125,260.33734130859375,262.4228515625,266.1597900390625,5463.57373046875,2929.912841796875,1450.321044921875,184.0638427734375,259.2154541015625,,0.0,,10000.0,0.0,0.09000000357627869,,,,,,,,,,,,,,,,,,,,,,,,,,,,,,,,,,,,,,,,,,,,,,,,,,,,,,,,,,,,,,,,,,,,,,,,,,,,,,,,,,,,,,,,,,,,,,,,,,,,,,,,,,,,,,,,,,
2014-10-29T15:55,2014-10-29T16:00,1,train,0,2014,10,15,1,2014-10-29T15:00,,,,,,,,,,,-999.0,37.375,10.0,18.875,37.375,nan,3157.487060546875,54500.0,68800.0,nan,10.761514663696289,258.2248229980469,273.702392578125,282.009521484375,286.544677734375,290.9159851074219,5650.00244140625,3026.899169921875,1442.336669921875,74.8299560546875,284.3500061035156,,301.9375,,11900.0,0.0,0.035999998450279236,,,,,,,,,,,,,,,,,,,,,,,,,,,,,,,,,,,,,,,,,,,,,,,,,,,,,,,,,,,,,,,,,,,,,,,,,,,,,,,,,,,,,,,,,,,,,,,,,,,,,,,,,,,,,,,,,,
2014-11-22T07:55,2014-11-22T08:00,48,train,0,2014,11,7,15,2014-11-21T17:00,,,,,,,,,,,-999.0,3.0,3.0,0.0,0.0,nan,nan,nan,nan,nan,15.864136695861816,251.41403198242188,260.5225830078125,260.33734130859375,262.4228515625,266.1597900390625,5463.57373046875,2929.912841796875,1450.321044921875,184.0638427734375,259.2154541015625,,0.0,,10000.0,0.0,0.09000000357627869,,,,,,,,,,,,,,,,,,,,,,,,,,,,,,,,,,,,,,,,,,,,,,,,,,,,,,,,,,,,,,,,,,,,,,,,,,,,,,,,,,,,,,,,,,,,,,,,,,,,,,,,,,,,,,,,,,
2014-12-04T17:52,2014-12-04T18:00,48,train,0,2014,12,17,15,2014-12-04T03:00,,,,,,,,,,,-999.0,47.0,0.5,0.0,47.0,nan,nan,nan,nan,nan,13.91466236114502,251.19485473632812,262.1488342285156,259.9041748046875,263.13201904296875,267.2873840332031,5486.0234375,2950.874267578125,1466.239013671875,197.13143920898438,260.3759460449219,,187.5625,,13500.0,0.0,0.41999998688697815,,,,,,,,,,,,,,,,,,,,,,,,,,,,,,,,,,,,,,,,,,,,,,,,,,,,,,,,,,,,,,,,,,,,,,,,,,,,,,,,,,,,,,,,,,,,,,,,,,,,,,,,,,,,,,,,,,
2014-12-04T17:52,2014-12-04T18:00,24,train,0,2014,12,17,15,2014-12-04T03:00,,,,,,,,,,,-999.0,47.0,0.5,0.0,47.0,nan,nan,nan,nan,nan,13.91466236114502,251.19485473632812,262.1488342285156,259.9041748046875,263.13201904296875,267.2873840332031,5486.0234375,2950.874267578125,1466.239013671875,197.13143920898438,260.3759460449219,,187.5625,,13500.0,0.0,0.41999998688697815,,,,,,,,,,,,,,,,,,,,,,,,,,,,,,,,,,,,,,,,,,,,,,,,,,,,,,,,,,,,,,,,,,,,,,,,,,,,,,,,,,,,,,,,,,,,,,,,,,,,,,,,,,,,,,,,,,
2014-12-04T17:52,2014-12-04T18:00,1,train,0,2014,12,17,1,2014-12-04T17:00,,,,,,,,,,,-999.0,0.0,0.0,0.0,0.0,nan,nan,nan,nan,nan,15.798062324523926,250.4256134033203,262.0069580078125,260.884765625,264.4381103515625,268.62725830078125,5490.1337890625,2959.654541015625,1472.48095703125,198.68211364746094,261.7190246582031,,199.5625,,17000.0,0.0,0.0,,,,,,,,,,,,,,,,,,,,,,,,,,,,,,,,,,,,,,,,,,,,,,,,,,,,,,,,,,,,,,,,,,,,,,,,,,,,,,,,,,,,,,,,,,,,,,,,,,,,,,,,,,,,,,,,,,
2014-12-12T21:52,2014-12-12T22:00,24,train,0,2014,12,21,,,,,,,,,,,,,,,,,,,,,,,,,,,,,,,,,,,,,,,,,,,,,,,,,,,,,,,,,,,,,,,,,,,,,,,,,,,,,,,,,,,,,,,,,,,,,,,,,,,,,,,,,,,,,,,,,,,,,,,,,,,,,,,,,,,,,,,,,,,,,,,,,,,,,,,,,
2014-12-12T21:52,2014-12-12T22:00,48,train,0,2014,12,21,,,,,,,,,,,,,,,,,,,,,,,,,,,,,,,,,,,,,,,,,,,,,,,,,,,,,,,,,,,,,,,,,,,,,,,,,,,,,,,,,,,,,,,,,,,,,,,,,,,,,,,,,,,,,,,,,,,,,,,,,,,,,,,,,,,,,,,,,,,,,,,,,,,,,,,,,
2014-12-12T21:52,2014-12-12T22:00,1,train,0,2014,12,21,,,,,,,,,,,,,,,,,,,,,,,,,,,,,,,,,,,,,,,,,,,,,,,,,,,,,,,,,,,,,,,,,,,,,,,,,,,,,,,,,,,,,,,,,,,,,,,,,,,,,,,,,,,,,,,,,,,,,,,,,,,,,,,,,,,,,,,,,,,,,,,,,,,,,,,,,
2014-12-19T23:50,2014-12-20T00:00,24,train,1,2014,12,23,,,,,,,,,,,,,,,,,,,,,,,,,,,,,,,,,,,,,,,,,,,,,,,,,,,,,,,,,,,,,,,,,,,,,,,,,,,,,,,,,,,,,,,,,,,,,,,,,,,,,,,,,,,,,,,,,,,,,,,,,,,,,,,,,,,,,,,,,,,,,,,,,,,,,,,,,
2014-12-19T23:50,2014-12-20T00:00,48,train,1,2014,12,23,,,,,,,,,,,,,,,,,,,,,,,,,,,,,,,,,,,,,,,,,,,,,,,,,,,,,,,,,,,,,,,,,,,,,,,,,,,,,,,,,,,,,,,,,,,,,,,,,,,,,,,,,,,,,,,,,,,,,,,,,,,,,,,,,,,,,,,,,,,,,,,,,,,,,,,,,
2014-12-19T23:50,2014-12-20T00:00,1,train,1,2014,12,23,,,,,,,,,,,,,,,,,,,,,,,,,,,,,,,,,,,,,,,,,,,,,,,,,,,,,,,,,,,,,,,,,,,,,,,,,,,,,,,,,,,,,,,,,,,,,,,,,,,,,,,,,,,,,,,,,,,,,,,,,,,,,,,,,,,,,,,,,,,,,,,,,,,,,,,,,
2014-12-28T12:53,2014-12-28T13:00,1,train,0,2014,12,12,1,2014-12-28T12:00,,,,,,,,,,,5634.60009765625,100.0,28.625,100.0,100.0,1578.8572998046875,1227.2174072265625,19900.0,86600.0,12347.1640625,13.769378662109375,255.66387939453125,269.53912353515625,273.8114929199219,276.16748046875,280.15216064453125,5506.076171875,2913.71240234375,1365.54638671875,36.485939025878906,272.9638671875,,0.0,,500.0,0.0010999999940395355,8.015000343322754,,,,,,,,,,,,,,,,,,,,,,,,,,,,,,,,,,,,,,,,,,,,,,,,,,,,,,,,,,,,,,,,,,,,,,,,,,,,,,,,,,,,,,,,,,,,,,,,,,,,,,,,,,,,,,,,,,
2014-12-28T12:53,2014-12-28T13:00,48,train,0,2014,12,12,15,2014-12-27T22:00,,,,,,,,,,,3723.199951171875,100.0,32.0,100.0,100.0,1243.971923828125,1227.2127685546875,23900.0,86700.0,11042.814453125,11.096202850341797,255.65701293945312,269.29833984375,274.03485107421875,276.73980712890625,280.7463073730469,5512.55126953125,2918.47802734375,1369.74267578125,39.67964172363281,273.4054870605469,,0.0,,1200.0,0.0008999999845400453,37.720001220703125,,,,,,,,,,,,,,,,,,,,,,,,,,,,,,,,,,,,,,,,,,,,,,,,,,,,,,,,,,,,,,,,,,,,,,,,,,,,,,,,,,,,,,,,,,,,,,,,,,,,,,,,,,,,,,,,,,
2014-12-28T12:53,2014-12-28T13:00,24,train,0,2014,12,12,15,2014-12-27T22:00,,,,,,,,,,,3723.199951171875,100.0,32.0,100.0,100.0,1243.971923828125,1227.2127685546875,23900.0,86700.0,11042.814453125,11.096202850341797,255.65701293945312,269.29833984375,274.03485107421875,276.73980712890625,280.7463073730469,5512.55126953125,2918.47802734375,1369.74267578125,39.67964172363281,273.4054870605469,,0.0,,1200.0,0.0008999999845400453,37.720001220703125,,,,,,,,,,,,,,,,,,,,,,,,,,,,,,,,,,,,,,,,,,,,,,,,,,,,,,,,,,,,,,,,,,,,,,,,,,,,,,,,,,,,,,,,,,,,,,,,,,,,,,,,,,,,,,,,,,
2015-01-15T13:52,2015-01-15T14:00,1,train,1,2015,1,13,1,2015-01-15T13:00,,,,,,,,,,,-999.0,24.5,24.5,0.0,0.0,nan,nan,nan,nan,nan,7.1926589012146,247.283203125,264.25177001953125,265.0093994140625,266.7528991699219,270.22430419921875,5446.77001953125,2925.744140625,1415.881103515625,128.5506591796875,264.5898742675781,,0.0,,11000.0,0.0,0.0,,,,,,,,,,,,,,,,,,,,,,,,,,,,,,,,,,,,,,,,,,,,,,,,,,,,,,,,,,,,,,,,,,,,,,,,,,,,,,,,,,,,,,,,,,,,,,,,,,,,,,,,,,,,,,,,,,
2015-01-15T13:52,2015-01-15T14:00,24,train,1,2015,1,13,15,2015-01-14T23:00,,,,,,,,,,,-999.0,0.0,0.0,0.0,0.0,nan,nan,nan,nan,nan,4.200342178344727,247.37628173828125,263.9333190917969,266.66583251953125,267.0447998046875,270.7434387207031,5446.20751953125,2926.8935546875,1412.6575927734375,123.85199737548828,265.40472412109375,,0.0,,27100.0,0.0,0.0,,,,,,,,,,,,,,,,,,,,,,,,,,,,,,,,,,,,,,,,,,,,,,,,,,,,,,,,,,,,,,,,,,,,,,,,,,,,,,,,,,,,,,,,,,,,,,,,,,,,,,,,,,,,,,,,,,
2015-01-15T13:52,2015-01-15T14:00,48,train,1,2015,1,13,15,2015-01-14T23:00,,,,,,,,,,,-999.0,0.0,0.0,0.0,0.0,nan,nan,nan,nan,nan,4.200342178344727,247.37628173828125,263.9333190917969,266.66583251953125,267.0447998046875,270.7434387207031,5446.20751953125,2926.8935546875,1412.6575927734375,123.85199737548828,265.40472412109375,,0.0,,27100.0,0.0,0.0,,,,,,,,,,,,,,,,,,,,,,,,,,,,,,,,,,,,,,,,,,,,,,,,,,,,,,,,,,,,,,,,,,,,,,,,,,,,,,,,,,,,,,,,,,,,,,,,,,,,,,,,,,,,,,,,,,
2015-02-13T17:57,2015-02-13T18:00,1,train,0,2015,2,17,1,2015-02-13T17:00,,,,,,,,,,,-999.0,0.0,0.0,0.0,0.0,nan,nan,nan,nan,nan,13.755223274230957,240.01620483398438,250.2433624267578,252.049072265625,254.11074829101562,257.9588928222656,5163.6982421875,2751.005126953125,1319.881591796875,94.19148254394531,251.69735717773438,,185.5625,,19400.0,0.0,0.0,,,,,,,,,,,,,,,,,,,,,,,,,,,,,,,,,,,,,,,,,,,,,,,,,,,,,,,,,,,,,,,,,,,,,,,,,,,,,,,,,,,,,,,,,,,,,,,,,,,,,,,,,,,,,,,,,,
2015-02-13T17:57,2015-02-13T18:00,24,train,0,2015,2,17,15,2015-02-13T03:00,,,,,,,,,,,-999.0,8.875,8.875,0.0,0.0,nan,nan,nan,nan,nan,15.362937927246094,240.313232421875,251.04544067382812,251.53280639648438,253.15440368652344,256.95831298828125,5152.3037109375,2733.1640625,1301.16650390625,78.50297546386719,250.2621307373047,,152.6875,,18500.0,0.0,0.18400000035762787,,,,,,,,,,,,,,,,,,,,,,,,,,,,,,,,,,,,,,,,,,,,,,,,,,,,,,,,,,,,,,,,,,,,,,,,,,,,,,,,,,,,,,,,,,,,,,,,,,,,,,,,,,,,,,,,,,
2015-02-13T17:57,2015-02-13T18:00,48,train,0,2015,2,17,15,2015-02-13T03:00,,,,,,,,,,,-999.0,8.875,8.875,0.0,0.0,nan,nan,nan,nan,nan,15.362937927246094,240.313232421875,251.04544067382812,251.53280639648438,253.15440368652344,256.95831298828125,5152.3037109375,2733.1640625,1301.16650390625,78.50297546386719,250.2621307373047,,152.6875,,18500.0,0.0,0.18400000035762787,,,,,,,,,,,,,,,,,,,,,,,,,,,,,,,,,,,,,,,,,,,,,,,,,,,,,,,,,,,,,,,,,,,,,,,,,,,,,,,,,,,,,,,,,,,,,,,,,,,,,,,,,,,,,,,,,,
2015-04-17T17:51,2015-04-17T18:00,48,train,0,2015,4,17,15,2015-04-17T03:00,,,,,,,,,,,-999.0,19.5,19.5,0.0,4.25,1244.662353515625,1227.6177978515625,85400.0,87000.0,1483.9075927734375,10.815150260925293,254.51431274414062,271.36639404296875,277.8384094238281,281.668701171875,285.9769287109375,5579.1435546875,2983.256103515625,1418.4788818359375,68.0634765625,277.72265625,,0.0,,100.0,0.0,19.969999313354492,,,,,,,,,,,,,,,,,,,,,,,,,,,,,,,,,,,,,,,,,,,,,,,,,,,,,,,,,,,,,,,,,,,,,,,,,,,,,,,,,,,,,,,,,,,,,,,,,,,,,,,,,,,,,,,,,,
2015-04-17T17:51,2015-04-17T18:00,24,train,0,2015,4,17,15,2015-04-17T03:00,,,,,,,,,,,-999.0,19.5,19.5,0.0,4.25,1244.662353515625,1227.6177978515625,85400.0,87000.0,1483.9075927734375,10.815150260925293,254.51431274414062,271.36639404296875,277.8384094238281,281.668701171875,285.9769287109375,5579.1435546875,2983.256103515625,1418.4788818359375,68.0634765625,277.72265625,,0.0,,100.0,0.0,19.969999313354492,,,,,,,,,,,,,,,,,,,,,,,,,,,,,,,,,,,,,,,,,,,,,,,,,,,,,,,,,,,,,,,,,,,,,,,,,,,,,,,,,,,,,,,,,,,,,,,,,,,,,,,,,,,,,,,,,,
2015-04-17T17:51,2015-04-17T18:00,1,train,0,2015,4,17,1,2015-04-17T17:00,,,,,,,,,,,-999.0,13.375,13.375,3.625,3.625,nan,nan,nan,nan,nan,13.014700889587402,253.84686279296875,270.7513427734375,277.8511962890625,280.7413024902344,284.86688232421875,5587.98486328125,2998.4638671875,1434.5880126953125,88.1866683959961,277.488525390625,,0.0,,9900.0,0.0,0.0020000000949949026,,,,,,,,,,,,,,,,,,,,,,,,,,,,,,,,,,,,,,,,,,,,,,,,,,,,,,,,,,,,,,,,,,,,,,,,,,,,,,,,,,,,,,,,,,,,,,,,,,,,,,,,,,,,,,,,,,
2015-06-04T05:56,2015-06-04T06:00,48,train,1,2015,6,5,15,2015-06-03T15:00,,,,,,,,,,,-999.0,47.375,2.5,0.0,47.375,10906.7177734375,11303.748046875,20300.0,22900.0,12704.6533203125,2.206899642944336,261.8703308105469,276.89459228515625,279.595458984375,282.4601135253906,286.6026611328125,5787.28466796875,3129.39453125,1543.650634765625,184.23306274414062,277.94293212890625,,0.0,,11900.0,0.0,0.0,,,,,,,,,,,,,,,,,,,,,,,,,,,,,,,,,,,,,,,,,,,,,,,,,,,,,,,,,,,,,,,,,,,,,,,,,,,,,,,,,,,,,,,,,,,,,,,,,,,,,,,,,,,,,,,,,,
2015-06-04T05:56,2015-06-04T06:00,24,train,1,2015,6,5,15,2015-06-03T15:00,,,,,,,,,,,-999.0,47.375,2.5,0.0,47.375,10906.7177734375,11303.748046875,20300.0,22900.0,12704.6533203125,2.206899642944336,261.8703308105469,276.89459228515625,279.595458984375,282.4601135253906,286.6026611328125,5787.28466796875,3129.39453125,1543.650634765625,184.23306274414062,277.94293212890625,,0.0,,11900.0,0.0,0.0,,,,,,,,,,,,,,,,,,,,,,,,,,,,,,,,,,,,,,,,,,,,,,,,,,,,,,,,,,,,,,,,,,,,,,,,,,,,,,,,,,,,,,,,,,,,,,,,,,,,,,,,,,,,,,,,,,
2015-06-04T05:56,2015-06-04T06:00,1,train,1,2015,6,5,1,2015-06-04T05:00,,,,,,,,,,,-999.0,68.875,6.375,0.0,68.875,10481.34765625,10488.880859375,22900.0,25900.0,11957.08984375,7.643150806427002,261.8114013671875,277.5060729980469,279.7502136230469,281.1629638671875,285.07159423828125,5794.4130859375,3132.78564453125,1544.255859375,189.2584686279297,279.12420654296875,,0.0,,15400.0,0.0,0.0,,,,,,,,,,,,,,,,,,,,,,,,,,,,,,,,,,,,,,,,,,,,,,,,,,,,,,,,,,,,,,,,,,,,,,,,,,,,,,,,,,,,,,,,,,,,,,,,,,,,,,,,,,,,,,,,,,
2015-07-05T11:50,2015-07-05T12:00,24,train,0,2015,7,11,15,2015-07-04T21:00,,,,,,,,,,,-999.0,17.5,0.875,17.5,0.0,nan,nan,nan,nan,nan,8.84822940826416,256.66033935546875,274.15875244140625,284.1239013671875,288.748779296875,293.2270202636719,5718.2783203125,3099.72998046875,1508.770751953125,131.4272918701172,286.548583984375,,322.8125,,11900.0,0.0,0.14000000059604645,,,,,,,,,,,,,,,,,,,,,,,,,,,,,,,,,,,,,,,,,,,,,,,,,,,,,,,,,,,,,,,,,,,,,,,,,,,,,,,,,,,,,,,,,,,,,,,,,,,,,,,,,,,,,,,,,,
2015-07-05T11:50,2015-07-05T12:00,48,train,0,2015,7,11,15,2015-07-04T21:00,,,,,,,,,,,-999.0,17.5,0.875,17.5,0.0,nan,nan,nan,nan,nan,8.84822940826416,256.66033935546875,274.15875244140625,284.1239013671875,288.748779296875,293.2270202636719,5718.2783203125,3099.72998046875,1508.770751953125,131.4272918701172,286.548583984375,,322.8125,,11900.0,0.0,0.14000000059604645,,,,,,,,,,,,,,,,,,,,,,,,,,,,,,,,,,,,,,,,,,,,,,,,,,,,,,,,,,,,,,,,,,,,,,,,,,,,,,,,,,,,,,,,,,,,,,,,,,,,,,,,,,,,,,,,,,
2015-07-05T11:50,2015-07-05T12:00,1,train,0,2015,7,11,1,2015-07-05T11:00,,,,,,,,,,,-999.0,0.0,0.0,0.0,0.0,nan,nan,nan,nan,nan,8.997029304504395,257.6495056152344,274.13848876953125,283.96484375,288.3884582519531,292.83978271484375,5716.4755859375,3095.77197265625,1504.953125,129.30902099609375,286.85247802734375,,336.375,,13600.0,0.0,0.0,,,,,,,,,,,,,,,,,,,,,,,,,,,,,,,,,,,,,,,,,,,,,,,,,,,,,,,,,,,,,,,,,,,,,,,,,,,,,,,,,,,,,,,,,,,,,,,,,,,,,,,,,,,,,,,,,,
2015-09-25T15:48,2015-09-25T16:00,1,train,0,2015,9,15,1,2015-09-25T15:00,,,,,,,,,,,-999.0,5.875,0.0,0.875,5.875,nan,nan,nan,nan,nan,2.898714542388916,257.69989013671875,273.4224548339844,279.26165771484375,283.2919616699219,287.9722595214844,5797.53125,3179.7333984375,1603.851318359375,249.37530517578125,283.6043701171875,,560.5,,25400.0,0.0,0.0,,,,,,,,,,,,,,,,,,,,,,,,,,,,,,,,,,,,,,,,,,,,,,,,,,,,,,,,,,,,,,,,,,,,,,,,,,,,,,,,,,,,,,,,,,,,,,,,,,,,,,,,,,,,,,,,,,
2015-09-25T15:48,2015-09-25T16:00,48,train,0,2015,9,15,15,2015-09-25T01:00,,,,,,,,,,,-999.0,3.625,0.0,3.625,0.0,nan,nan,nan,nan,nan,2.0200936794281006,258.23834228515625,273.372802734375,278.42474365234375,283.90618896484375,288.6927490234375,5787.412109375,3167.038818359375,1595.502685546875,239.8863525390625,283.91943359375,,763.625,,31100.0,0.0,0.0,,,,,,,,,,,,,,,,,,,,,,,,,,,,,,,,,,,,,,,,,,,,,,,,,,,,,,,,,,,,,,,,,,,,,,,,,,,,,,,,,,,,,,,,,,,,,,,,,,,,,,,,,,,,,,,,,,
2015-09-25T15:48,2015-09-25T16:00,24,train,0,2015,9,15,15,2015-09-25T01:00,,,,,,,,,,,-999.0,3.625,0.0,3.625,0.0,nan,nan,nan,nan,nan,2.0200936794281006,258.23834228515625,273.372802734375,278.42474365234375,283.90618896484375,288.6927490234375,5787.412109375,3167.038818359375,1595.502685546875,239.8863525390625,283.91943359375,,763.625,,31100.0,0.0,0.0,,,,,,,,,,,,,,,,,,,,,,,,,,,,,,,,,,,,,,,,,,,,,,,,,,,,,,,,,,,,,,,,,,,,,,,,,,,,,,,,,,,,,,,,,,,,,,,,,,,,,,,,,,,,,,,,,,
2015-10-19T14:54,2015-10-19T15:00,1,train,0,2015,10,14,1,2015-10-19T14:00,,,,,,,,,,,-999.0,0.0,0.0,0.0,0.0,nan,nan,nan,nan,nan,5.895694732666016,255.4951934814453,263.3244934082031,265.713134765625,269.6827697753906,274.0151062011719,5571.283203125,3004.329345703125,1503.649169921875,210.26487731933594,269.2272033691406,,303.0,,29500.0,0.0,0.0,,,,,,,,,,,,,,,,,,,,,,,,,,,,,,,,,,,,,,,,,,,,,,,,,,,,,,,,,,,,,,,,,,,,,,,,,,,,,,,,,,,,,,,,,,,,,,,,,,,,,,,,,,,,,,,,,,
2015-10-19T14:54,2015-10-19T15:00,48,train,0,2015,10,14,15,2015-10-19T00:00,,,,,,,,,,,-999.0,0.0,0.0,0.0,0.0,nan,nan,nan,nan,nan,8.42823314666748,255.490478515625,263.75836181640625,266.44293212890625,269.5184326171875,273.8725280761719,5567.7998046875,3001.17333984375,1494.857421875,200.7279510498047,269.4756774902344,,229.5625,,32500.0,0.0,0.009999999776482582,,,,,,,,,,,,,,,,,,,,,,,,,,,,,,,,,,,,,,,,,,,,,,,,,,,,,,,,,,,,,,,,,,,,,,,,,,,,,,,,,,,,,,,,,,,,,,,,,,,,,,,,,,,,,,,,,,
2015-10-19T14:54,2015-10-19T15:00,24,train,0,2015,10,14,15,2015-10-19T00:00,,,,,,,,,,,-999.0,0.0,0.0,0.0,0.0,nan,nan,nan,nan,nan,8.42823314666748,255.490478515625,263.75836181640625,266.44293212890625,269.5184326171875,273.8725280761719,5567.7998046875,3001.17333984375,1494.857421875,200.7279510498047,269.4756774902344,,229.5625,,32500.0,0.0,0.009999999776482582,,,,,,,,,,,,,,,,,,,,,,,,,,,,,,,,,,,,,,,,,,,,,,,,,,,,,,,,,,,,,,,,,,,,,,,,,,,,,,,,,,,,,,,,,,,,,,,,,,,,,,,,,,,,,,,,,,
2015-11-05T12:49,2015-11-05T13:00,48,train,0,2015,11,12,15,2015-11-04T22:00,,,,,,,,,,,-999.0,0.0,0.0,0.0,0.0,nan,nan,nan,nan,nan,9.565412521362305,257.7387390136719,275.82763671875,283.4914245605469,287.0283508300781,291.0595397949219,5768.20166015625,3135.42822265625,1543.1033935546875,168.93617248535156,283.78961181640625,,0.0,,19700.0,0.0,0.0,,,,,,,,,,,,,,,,,,,,,,,,,,,,,,,,,,,,,,,,,,,,,,,,,,,,,,,,,,,,,,,,,,,,,,,,,,,,,,,,,,,,,,,,,,,,,,,,,,,,,,,,,,,,,,,,,,
2015-11-05T12:49,2015-11-05T13:00,24,train,0,2015,11,12,15,2015-11-04T22:00,,,,,,,,,,,-999.0,0.0,0.0,0.0,0.0,nan,nan,nan,nan,nan,9.565412521362305,257.7387390136719,275.82763671875,283.4914245605469,287.0283508300781,291.0595397949219,5768.20166015625,3135.42822265625,1543.1033935546875,168.93617248535156,283.78961181640625,,0.0,,19700.0,0.0,0.0,,,,,,,,,,,,,,,,,,,,,,,,,,,,,,,,,,,,,,,,,,,,,,,,,,,,,,,,,,,,,,,,,,,,,,,,,,,,,,,,,,,,,,,,,,,,,,,,,,,,,,,,,,,,,,,,,,
2015-11-05T12:49,2015-11-05T13:00,1,train,0,2015,11,12,1,2015-11-05T12:00,,,,,,,,,,,-999.0,4.5,4.5,0.0,0.0,nan,nan,nan,nan,nan,11.097811698913574,257.9127197265625,275.32977294921875,283.8136291503906,286.968994140625,290.6793518066406,5773.09228515625,3143.31298828125,1551.791748046875,179.33029174804688,283.33050537109375,,0.0,,17200.0,0.0,0.0,,,,,,,,,,,,,,,,,,,,,,,,,,,,,,,,,,,,,,,,,,,,,,,,,,,,,,,,,,,,,,,,,,,,,,,,,,,,,,,,,,,,,,,,,,,,,,,,,,,,,,,,,,,,,,,,,,
2015-11-19T16:48,2015-11-19T17:00,24,train,0,2015,11,16,15,2015-11-19T02:00,,,,,,,,,,,-999.0,100.0,60.125,45.125,100.0,1244.3621826171875,1227.314697265625,16600.0,88300.0,14178.1796875,9.712687492370605,261.023193359375,274.4759521484375,277.73101806640625,278.2197570800781,282.0102233886719,5746.97607421875,3101.4365234375,1525.3182373046875,180.71463012695312,275.48822021484375,,0.0,,100.0,0.0,0.05000000074505806,,,,,,,,,,,,,,,,,,,,,,,,,,,,,,,,,,,,,,,,,,,,,,,,,,,,,,,,,,,,,,,,,,,,,,,,,,,,,,,,,,,,,,,,,,,,,,,,,,,,,,,,,,,,,,,,,,
2015-11-19T16:48,2015-11-19T17:00,48,train,0,2015,11,16,15,2015-11-19T02:00,,,,,,,,,,,-999.0,100.0,60.125,45.125,100.0,1244.3621826171875,1227.314697265625,16600.0,88300.0,14178.1796875,9.712687492370605,261.023193359375,274.4759521484375,277.73101806640625,278.2197570800781,282.0102233886719,5746.97607421875,3101.4365234375,1525.3182373046875,180.71463012695312,275.48822021484375,,0.0,,100.0,0.0,0.05000000074505806,,,,,,,,,,,,,,,,,,,,,,,,,,,,,,,,,,,,,,,,,,,,,,,,,,,,,,,,,,,,,,,,,,,,,,,,,,,,,,,,,,,,,,,,,,,,,,,,,,,,,,,,,,,,,,,,,,
2015-11-19T16:48,2015-11-19T17:00,1,train,0,2015,11,16,1,2015-11-19T16:00,,,,,,,,,,,-999.0,54.0,33.75,17.25,54.0,nan,5622.34716796875,27600.0,50900.0,nan,8.620983123779297,260.572265625,274.1392822265625,279.6958923339844,279.731689453125,283.6533203125,5753.76123046875,3114.53955078125,1532.124755859375,184.1845703125,278.760009765625,,132.9375,,10000.0,0.0,0.0020000000949949026,,,,,,,,,,,,,,,,,,,,,,,,,,,,,,,,,,,,,,,,,,,,,,,,,,,,,,,,,,,,,,,,,,,,,,,,,,,,,,,,,,,,,,,,,,,,,,,,,,,,,,,,,,,,,,,,,,
2015-12-01T15:50,2015-12-01T16:00,24,train,0,2015,12,15,15,2015-12-01T01:00,,,,,,,,,,,-999.0,100.0,0.0,0.0,100.0,9447.005859375,9355.54296875,17800.0,29600.0,13329.2080078125,5.399143695831299,254.2164306640625,270.66412353515625,274.9953308105469,275.9156799316406,279.4584045410156,5649.837890625,3061.11181640625,1506.38671875,180.42779541015625,274.7710876464844,,0.0,,39200.0,0.0,0.0,,,,,,,,,,,,,,,,,,,,,,,,,,,,,,,,,,,,,,,,,,,,,,,,,,,,,,,,,,,,,,,,,,,,,,,,,,,,,,,,,,,,,,,,,,,,,,,,,,,,,,,,,,,,,,,,,,
2015-12-01T15:50,2015-12-01T16:00,48,train,0,2015,12,15,15,2015-12-01T01:00,,,,,,,,,,,-999.0,100.0,0.0,0.0,100.0,9447.005859375,9355.54296875,17800.0,29600.0,13329.2080078125,5.399143695831299,254.2164306640625,270.66412353515625,274.9953308105469,275.9156799316406,279.4584045410156,5649.837890625,3061.11181640625,1506.38671875,180.42779541015625,274.7710876464844,,0.0,,39200.0,0.0,0.0,,,,,,,,,,,,,,,,,,,,,,,,,,,,,,,,,,,,,,,,,,,,,,,,,,,,,,,,,,,,,,,,,,,,,,,,,,,,,,,,,,,,,,,,,,,,,,,,,,,,,,,,,,,,,,,,,,
2015-12-01T15:50,2015-12-01T16:00,1,train,0,2015,12,15,1,2015-12-01T15:00,,,,,,,,,,,-999.0,100.0,0.0,0.0,100.0,10551.0146484375,11407.0546875,17800.0,21500.0,13376.8466796875,6.310469150543213,254.63424682617188,271.0267639160156,275.3430480957031,275.09375,278.6439208984375,5659.935546875,3068.81884765625,1510.6695556640625,186.4904327392578,274.1474609375,,0.0,,24300.0,0.0,0.0,,,,,,,,,,,,,,,,,,,,,,,,,,,,,,,,,,,,,,,,,,,,,,,,,,,,,,,,,,,,,,,,,,,,,,,,,,,,,,,,,,,,,,,,,,,,,,,,,,,,,,,,,,,,,,,,,,
2015-12-10T06:56,2015-12-10T07:00,48,train,0,2015,12,6,15,2015-12-09T16:00,,,,,,,,,,,-999.0,99.375,52.625,46.5,99.375,1243.852294921875,1227.1864013671875,24000.0,87200.0,10905.2626953125,10.319093704223633,252.96157836914062,270.1183776855469,273.5247497558594,275.4771728515625,279.2968444824219,5564.0439453125,2980.56494140625,1431.69189453125,104.25140380859375,272.5450134277344,,0.0,,100.0,0.0,0.009999999776482582,,,,,,,,,,,,,,,,,,,,,,,,,,,,,,,,,,,,,,,,,,,,,,,,,,,,,,,,,,,,,,,,,,,,,,,,,,,,,,,,,,,,,,,,,,,,,,,,,,,,,,,,,,,,,,,,,,
2015-12-10T06:56,2015-12-10T07:00,24,train,0,2015,12,6,15,2015-12-09T16:00,,,,,,,,,,,-999.0,99.375,52.625,46.5,99.375,1243.852294921875,1227.1864013671875,24000.0,87200.0,10905.2626953125,10.319093704223633,252.96157836914062,270.1183776855469,273.5247497558594,275.4771728515625,279.2968444824219,5564.0439453125,2980.56494140625,1431.69189453125,104.25140380859375,272.5450134277344,,0.0,,100.0,0.0,0.009999999776482582,,,,,,,,,,,,,,,,,,,,,,,,,,,,,,,,,,,,,,,,,,,,,,,,,,,,,,,,,,,,,,,,,,,,,,,,,,,,,,,,,,,,,,,,,,,,,,,,,,,,,,,,,,,,,,,,,,
2015-12-10T06:56,2015-12-10T07:00,1,train,0,2015,12,6,1,2015-12-10T06:00,,,,,,,,,,,-999.0,46.75,46.75,1.875,31.125,1243.8548583984375,1227.1219482421875,86500.0,87300.0,1366.744873046875,9.928916931152344,253.01214599609375,269.8568115234375,273.05511474609375,275.3448791503906,279.1373291015625,5569.52294921875,2984.50439453125,1439.550537109375,112.94183349609375,272.1351013183594,,0.0,,200.0,0.0,0.00800000037997961,,,,,,,,,,,,,,,,,,,,,,,,,,,,,,,,,,,,,,,,,,,,,,,,,,,,,,,,,,,,,,,,,,,,,,,,,,,,,,,,,,,,,,,,,,,,,,,,,,,,,,,,,,,,,,,,,,
2015-12-18T02:49,2015-12-18T03:00,1,train,0,2015,12,2,1,2015-12-18T02:00,,,,,,,,,,,-999.0,66.25,58.25,66.25,0.0,1244.7178955078125,1284.239501953125,54200.0,86100.0,4960.70751953125,8.157913208007812,255.94155883789062,271.38311767578125,279.292236328125,281.8291015625,285.763427734375,5555.80078125,2952.3115234375,1382.53759765625,32.452030181884766,278.4656982421875,,0.0,,600.0,9.999999747378752e-05,0.5379999876022339,,,,,,,,,,,,,,,,,,,,,,,,,,,,,,,,,,,,,,,,,,,,,,,,,,,,,,,,,,,,,,,,,,,,,,,,,,,,,,,,,,,,,,,,,,,,,,,,,,,,,,,,,,,,,,,,,,
2015-12-18T02:49,2015-12-18T03:00,24,train,0,2015,12,2,15,2015-12-17T12:00,,,,,,,,,,,-999.0,64.875,56.25,64.875,0.0,1244.7037353515625,1284.175048828125,61800.0,86000.0,4421.9638671875,5.6922760009765625,256.58770751953125,271.25201416015625,279.0126953125,281.7846984863281,285.8428955078125,5546.32763671875,2941.769775390625,1373.4156494140625,24.10549545288086,278.15496826171875,,0.0,,1500.0,0.0,9.180000305175781,,,,,,,,,,,,,,,,,,,,,,,,,,,,,,,,,,,,,,,,,,,,,,,,,,,,,,,,,,,,,,,,,,,,,,,,,,,,,,,,,,,,,,,,,,,,,,,,,,,,,,,,,,,,,,,,,,
2015-12-18T02:49,2015-12-18T03:00,48,train,0,2015,12,2,15,2015-12-17T12:00,,,,,,,,,,,-999.0,64.875,56.25,64.875,0.0,1244.7037353515625,1284.175048828125,61800.0,86000.0,4421.9638671875,5.6922760009765625,256.58770751953125,271.25201416015625,279.0126953125,281.7846984863281,285.8428955078125,5546.32763671875,2941.769775390625,1373.4156494140625,24.10549545288086,278.15496826171875,,0.0,,1500.0,0.0,9.180000305175781,,,,,,,,,,,,,,,,,,,,,,,,,,,,,,,,,,,,,,,,,,,,,,,,,,,,,,,,,,,,,,,,,,,,,,,,,,,,,,,,,,,,,,,,,,,,,,,,,,,,,,,,,,,,,,,,,,
2015-12-26T08:56,2015-12-26T09:00,1,train,0,2015,12,8,1,2015-12-26T08:00,,,,,,,,,,,-999.0,56.75,0.5,0.0,56.75,10872.767578125,11486.333984375,20300.0,21500.0,12640.3193359375,13.111425399780273,254.78253173828125,270.64971923828125,271.6598205566406,273.3218688964844,277.12353515625,5664.7919921875,3074.177734375,1530.3973388671875,211.32687377929688,270.5076904296875,,0.0,,12900.0,0.0,0.0,,,,,,,,,,,,,,,,,,,,,,,,,,,,,,,,,,,,,,,,,,,,,,,,,,,,,,,,,,,,,,,,,,,,,,,,,,,,,,,,,,,,,,,,,,,,,,,,,,,,,,,,,,,,,,,,,,
2015-12-26T08:56,2015-12-26T09:00,24,train,0,2015,12,8,15,2015-12-25T18:00,,,,,,,,,,,-999.0,97.5,0.625,0.0,97.5,10312.6455078125,10695.806640625,20300.0,24300.0,12690.185546875,11.26845932006836,254.11175537109375,271.577880859375,271.15625,272.40240478515625,276.13909912109375,5653.5693359375,3064.58447265625,1519.6151123046875,202.8425750732422,269.6701965332031,,0.0,,14300.0,0.0,0.029999999329447746,,,,,,,,,,,,,,,,,,,,,,,,,,,,,,,,,,,,,,,,,,,,,,,,,,,,,,,,,,,,,,,,,,,,,,,,,,,,,,,,,,,,,,,,,,,,,,,,,,,,,,,,,,,,,,,,,,
2015-12-26T08:56,2015-12-26T09:00,48,train,0,2015,12,8,15,2015-12-25T18:00,,,,,,,,,,,-999.0,97.5,0.625,0.0,97.5,10312.6455078125,10695.806640625,20300.0,24300.0,12690.185546875,11.26845932006836,254.11175537109375,271.577880859375,271.15625,272.40240478515625,276.13909912109375,5653.5693359375,3064.58447265625,1519.6151123046875,202.8425750732422,269.6701965332031,,0.0,,14300.0,0.0,0.029999999329447746,,,,,,,,,,,,,,,,,,,,,,,,,,,,,,,,,,,,,,,,,,,,,,,,,,,,,,,,,,,,,,,,,,,,,,,,,,,,,,,,,,,,,,,,,,,,,,,,,,,,,,,,,,,,,,,,,,
2016-01-07T02:56,2016-01-07T03:00,1,train,0,2016,1,2,1,2016-01-07T02:00,,,,,,,,,,,-999.0,85.5,0.0,85.5,42.875,6645.81396484375,nan,nan,nan,6735.1962890625,14.46790885925293,250.415771484375,267.3630676269531,273.5008850097656,274.2022399902344,277.2779541015625,5595.2822265625,3039.5576171875,1500.046630859375,184.15626525878906,270.80084228515625,,0.0,,58200.0,0.0,0.0,,,,,,,,,,,,,,,,,,,,,,,,,,,,,,,,,,,,,,,,,,,,,,,,,,,,,,,,,,,,,,,,,,,,,,,,,,,,,,,,,,,,,,,,,,,,,,,,,,,,,,,,,,,,,,,,,,
2016-01-07T02:56,2016-01-07T03:00,48,train,0,2016,1,2,15,2016-01-06T12:00,,,,,,,,,,,-999.0,5.625,0.0,5.625,2.25,nan,nan,nan,nan,nan,14.712389945983887,250.8443145751953,267.6827697753906,271.67498779296875,273.59368896484375,277.21820068359375,5592.42724609375,3032.93359375,1497.34375,182.825927734375,269.26171875,,0.0,,50400.0,0.0,0.0,,,,,,,,,,,,,,,,,,,,,,,,,,,,,,,,,,,,,,,,,,,,,,,,,,,,,,,,,,,,,,,,,,,,,,,,,,,,,,,,,,,,,,,,,,,,,,,,,,,,,,,,,,,,,,,,,,
2016-01-07T02:56,2016-01-07T03:00,24,train,0,2016,1,2,15,2016-01-06T12:00,,,,,,,,,,,-999.0,5.625,0.0,5.625,2.25,nan,nan,nan,nan,nan,14.712389945983887,250.8443145751953,267.6827697753906,271.67498779296875,273.59368896484375,277.21820068359375,5592.42724609375,3032.93359375,1497.34375,182.825927734375,269.26171875,,0.0,,50400.0,0.0,0.0,,,,,,,,,,,,,,,,,,,,,,,,,,,,,,,,,,,,,,,,,,,,,,,,,,,,,,,,,,,,,,,,,,,,,,,,,,,,,,,,,,,,,,,,,,,,,,,,,,,,,,,,,,,,,,,,,,
2016-01-25T04:54,2016-01-25T05:00,1,train,0,2016,1,4,1,2016-01-25T04:00,,,,,,,,,,,-999.0,34.5,14.0,34.5,27.25,7074.98828125,1226.373291015625,33700.0,87100.0,8918.1865234375,10.70073127746582,246.86570739746094,258.66461181640625,263.8832092285156,266.6561279296875,270.3767395019531,5392.3984375,2890.58056640625,1405.2857666015625,125.08441162109375,263.78668212890625,,0.0,,10700.0,1.9999999494757503e-05,0.06499999761581421,,,,,,,,,,,,,,,,,,,,,,,,,,,,,,,,,,,,,,,,,,,,,,,,,,,,,,,,,,,,,,,,,,,,,,,,,,,,,,,,,,,,,,,,,,,,,,,,,,,,,,,,,,,,,,,,,,
2016-01-25T04:54,2016-01-25T05:00,24,train,0,2016,1,4,15,2016-01-24T14:00,,,,,,,,,,,-999.0,22.0,0.0,12.75,22.0,nan,nan,nan,nan,nan,4.158131122589111,246.96603393554688,259.976806640625,265.24212646484375,267.7757568359375,271.5809631347656,5409.2822265625,2899.283203125,1406.0074462890625,121.2575912475586,263.90478515625,,0.0,,39400.0,0.0,0.0,,,,,,,,,,,,,,,,,,,,,,,,,,,,,,,,,,,,,,,,,,,,,,,,,,,,,,,,,,,,,,,,,,,,,,,,,,,,,,,,,,,,,,,,,,,,,,,,,,,,,,,,,,,,,,,,,,
2016-01-25T04:54,2016-01-25T05:00,48,train,0,2016,1,4,15,2016-01-24T14:00,,,,,,,,,,,-999.0,22.0,0.0,12.75,22.0,nan,nan,nan,nan,nan,4.158131122589111,246.96603393554688,259.976806640625,265.24212646484375,267.7757568359375,271.5809631347656,5409.2822265625,2899.283203125,1406.0074462890625,121.2575912475586,263.90478515625,,0.0,,39400.0,0.0,0.0,,,,,,,,,,,,,,,,,,,,,,,,,,,,,,,,,,,,,,,,,,,,,,,,,,,,,,,,,,,,,,,,,,,,,,,,,,,,,,,,,,,,,,,,,,,,,,,,,,,,,,,,,,,,,,,,,,
2016-02-11T00:49,2016-02-11T01:00,1,train,0,2016,2,0,1,2016-02-11T00:00,,,,,,,,,,,-999.0,34.5,34.5,10.0,0.0,1242.6754150390625,1226.4764404296875,79700.0,85700.0,1467.9482421875,8.901172637939453,235.5181427001953,254.09042358398438,263.6177978515625,268.4486389160156,272.43438720703125,5169.890625,2757.130859375,1286.9027099609375,12.437171936035156,264.2794494628906,,0.0,,6300.0,4.999999873689376e-05,0.164000004529953,,,,,,,,,,,,,,,,,,,,,,,,,,,,,,,,,,,,,,,,,,,,,,,,,,,,,,,,,,,,,,,,,,,,,,,,,,,,,,,,,,,,,,,,,,,,,,,,,,,,,,,,,,,,,,,,,,
2016-02-11T00:49,2016-02-11T01:00,48,train,0,2016,2,0,15,2016-02-10T10:00,,,,,,,,,,,-999.0,32.375,16.125,32.375,0.0,nan,1226.5975341796875,49400.0,85600.0,nan,7.355569362640381,235.55337524414062,254.28668212890625,264.7877502441406,269.2166748046875,273.15936279296875,5168.2373046875,2755.59375,1279.819580078125,2.3752613067626953,264.8743896484375,,0.0,,9700.0,9.999999747378752e-06,1.6089999675750732,,,,,,,,,,,,,,,,,,,,,,,,,,,,,,,,,,,,,,,,,,,,,,,,,,,,,,,,,,,,,,,,,,,,,,,,,,,,,,,,,,,,,,,,,,,,,,,,,,,,,,,,,,,,,,,,,,
2016-02-11T00:49,2016-02-11T01:00,24,train,0,2016,2,0,15,2016-02-10T10:00,,,,,,,,,,,-999.0,32.375,16.125,32.375,0.0,nan,1226.5975341796875,49400.0,85600.0,nan,7.355569362640381,235.55337524414062,254.28668212890625,264.7877502441406,269.2166748046875,273.15936279296875,5168.2373046875,2755.59375,1279.819580078125,2.3752613067626953,264.8743896484375,,0.0,,9700.0,9.999999747378752e-06,1.6089999675750732,,,,,,,,,,,,,,,,,,,,,,,,,,,,,,,,,,,,,,,,,,,,,,,,,,,,,,,,,,,,,,,,,,,,,,,,,,,,,,,,,,,,,,,,,,,,,,,,,,,,,,,,,,,,,,,,,,
2016-02-29T03:51,2016-02-29T04:00,24,train,0,2016,2,3,15,2016-02-28T13:00,,,,,,,,,,,-999.0,100.0,0.0,0.0,100.0,8841.400390625,8822.3916015625,22400.0,31200.0,11513.7890625,9.584367752075195,253.0289306640625,269.3337097167969,276.8857116699219,280.1943359375,284.0767822265625,5488.2294921875,2912.5859375,1358.701171875,17.69939422607422,276.332275390625,,0.0,,15400.0,0.0,0.09200000017881393,,,,,,,,,,,,,,,,,,,,,,,,,,,,,,,,,,,,,,,,,,,,,,,,,,,,,,,,,,,,,,,,,,,,,,,,,,,,,,,,,,,,,,,,,,,,,,,,,,,,,,,,,,,,,,,,,,
2016-02-29T03:51,2016-02-29T04:00,48,train,0,2016,2,3,15,2016-02-28T13:00,,,,,,,,,,,-999.0,100.0,0.0,0.0,100.0,8841.400390625,8822.3916015625,22400.0,31200.0,11513.7890625,9.584367752075195,253.0289306640625,269.3337097167969,276.8857116699219,280.1943359375,284.0767822265625,5488.2294921875,2912.5859375,1358.701171875,17.69939422607422,276.332275390625,,0.0,,15400.0,0.0,0.09200000017881393,,,,,,,,,,,,,,,,,,,,,,,,,,,,,,,,,,,,,,,,,,,,,,,,,,,,,,,,,,,,,,,,,,,,,,,,,,,,,,,,,,,,,,,,,,,,,,,,,,,,,,,,,,,,,,,,,,
2016-02-29T03:51,2016-02-29T04:00,1,train,0,2016,2,3,1,2016-02-29T03:00,,,,,,,,,,,-999.0,86.125,0.0,0.0,86.125,8984.7109375,9733.78125,23800.0,27100.0,11286.9111328125,10.9784574508667,252.5346221923828,268.7721862792969,276.44549560546875,278.8478698730469,282.6376647949219,5490.423828125,2918.1279296875,1366.719970703125,32.81660079956055,275.37481689453125,,0.0,,23300.0,0.0,0.0,,,,,,,,,,,,,,,,,,,,,,,,,,,,,,,,,,,,,,,,,,,,,,,,,,,,,,,,,,,,,,,,,,,,,,,,,,,,,,,,,,,,,,,,,,,,,,,,,,,,,,,,,,,,,,,,,,
2016-03-18T11:54,2016-03-18T12:00,24,train,0,2016,3,11,15,2016-03-17T21:00,,,,,,,,,,,-999.0,39.625,39.625,36.0,31.5,1243.2138671875,1226.754150390625,38700.0,85700.0,7513.0517578125,12.356956481933594,242.13446044921875,258.9927062988281,266.96533203125,271.7900085449219,275.88885498046875,5261.40380859375,2791.259033203125,1297.03271484375,5.404319763183594,267.9947509765625,,439.25,,100.0,0.0,1.9700000286102295,,,,,,,,,,,,,,,,,,,,,,,,,,,,,,,,,,,,,,,,,,,,,,,,,,,,,,,,,,,,,,,,,,,,,,,,,,,,,,,,,,,,,,,,,,,,,,,,,,,,,,,,,,,,,,,,,,
2016-03-18T11:54,2016-03-18T12:00,48,train,0,2016,3,11,15,2016-03-17T21:00,,,,,,,,,,,-999.0,39.625,39.625,36.0,31.5,1243.2138671875,1226.754150390625,38700.0,85700.0,7513.0517578125,12.356956481933594,242.13446044921875,258.9927062988281,266.96533203125,271.7900085449219,275.88885498046875,5261.40380859375,2791.259033203125,1297.03271484375,5.404319763183594,267.9947509765625,,439.25,,100.0,0.0,1.9700000286102295,,,,,,,,,,,,,,,,,,,,,,,,,,,,,,,,,,,,,,,,,,,,,,,,,,,,,,,,,,,,,,,,,,,,,,,,,,,,,,,,,,,,,,,,,,,,,,,,,,,,,,,,,,,,,,,,,,
2016-05-03T15:51,2016-05-03T16:00,24,train,1,2016,5,15,15,2016-05-03T01:00,,,,,,,,,,,-999.0,84.625,31.125,0.0,84.625,1244.39990234375,1227.4681396484375,21200.0,87200.0,12230.74609375,1.0305454730987549,256.36773681640625,269.7587890625,274.48779296875,279.50567626953125,283.99468994140625,5563.595703125,2968.2919921875,1420.53076171875,82.44564819335938,276.46478271484375,,228.0,,100.0,9.999999747378752e-05,0.10999999940395355,,,,,,,,,,,,,,,,,,,,,,,,,,,,,,,,,,,,,,,,,,,,,,,,,,,,,,,,,,,,,,,,,,,,,,,,,,,,,,,,,,,,,,,,,,,,,,,,,,,,,,,,,,,,,,,,,,
2016-05-03T15:51,2016-05-03T16:00,48,train,1,2016,5,15,15,2016-05-03T01:00,,,,,,,,,,,-999.0,84.625,31.125,0.0,84.625,1244.39990234375,1227.4681396484375,21200.0,87200.0,12230.74609375,1.0305454730987549,256.36773681640625,269.7587890625,274.48779296875,279.50567626953125,283.99468994140625,5563.595703125,2968.2919921875,1420.53076171875,82.44564819335938,276.46478271484375,,228.0,,100.0,9.999999747378752e-05,0.10999999940395355,,,,,,,,,,,,,,,,,,,,,,,,,,,,,,,,,,,,,,,,,,,,,,,,,,,,,,,,,,,,,,,,,,,,,,,,,,,,,,,,,,,,,,,,,,,,,,,,,,,,,,,,,,,,,,,,,,
2016-05-03T15:51,2016-05-03T16:00,1,train,1,2016,5,15,1,2016-05-03T15:00,,,,,,,,,,,-999.0,83.0,36.75,0.0,83.0,1368.5849609375,1359.3978271484375,25600.0,85700.0,10680.591796875,3.3168299198150635,255.8935546875,270.08251953125,273.66455078125,278.15399169921875,282.58819580078125,5564.2412109375,2968.67431640625,1420.3558349609375,85.87560272216797,276.7687072753906,,449.1875,,8100.0,0.0,0.0,,,,,,,,,,,,,,,,,,,,,,,,,,,,,,,,,,,,,,,,,,,,,,,,,,,,,,,,,,,,,,,,,,,,,,,,,,,,,,,,,,,,,,,,,,,,,,,,,,,,,,,,,,,,,,,,,,
2016-03-18T11:54,2016-03-18T12:00,1,train,0,2016,3,11,3,2016-03-18T09:00,,,,,,,,,,,-999.0,41.25,41.25,9.75,0.0,1243.37158203125,1226.8538818359375,81800.0,86000.0,1616.3895263671875,12.019608497619629,240.88330078125,259.1148681640625,268.110107421875,272.780517578125,276.9140930175781,5276.888671875,2815.90771484375,1316.577392578125,20.5935001373291,269.0663146972656,,394.9375,,100.0,0.0,1.6399999856948853,,,,,,,,,,,,,,,,,,,,,,,,,,,,,,,,,,,,,,,,,,,,,,,,,,,,,,,,,,,,,,,,,,,,,,,,,,,,,,,,,,,,,,,,,,,,,,,,,,,,,,,,,,,,,,,,,,
2016-05-24T08:49,2016-05-24T09:00,1,train,0,2016,5,8,1,2016-05-24T08:00,,,,,,,,,,,-999.0,17.625,9.25,17.625,0.0,nan,nan,nan,nan,nan,1.7349960803985596,256.86944580078125,272.40692138671875,283.6186218261719,287.17755126953125,291.14007568359375,5686.48046875,3069.99462890625,1486.6702880859375,118.77005767822266,279.4480285644531,,0.0,,20300.0,0.0,0.0,,,,,,,,,,,,,,,,,,,,,,,,,,,,,,,,,,,,,,,,,,,,,,,,,,,,,,,,,,,,,,,,,,,,,,,,,,,,,,,,,,,,,,,,,,,,,,,,,,,,,,,,,,,,,,,,,,
2016-05-24T08:49,2016-05-24T09:00,24,train,0,2016,5,8,15,2016-05-23T18:00,,,,,,,,,,,-999.0,3.0,3.0,0.0,0.0,nan,nan,nan,nan,nan,6.547842502593994,258.8292541503906,273.85797119140625,282.64630126953125,286.078369140625,290.11395263671875,5693.4423828125,3060.65185546875,1476.7069091796875,108.8016357421875,278.66070556640625,,0.0,,14700.0,0.0,0.0,,,,,,,,,,,,,,,,,,,,,,,,,,,,,,,,,,,,,,,,,,,,,,,,,,,,,,,,,,,,,,,,,,,,,,,,,,,,,,,,,,,,,,,,,,,,,,,,,,,,,,,,,,,,,,,,,,
2016-07-20T10:55,2016-07-20T11:00,1,train,0,2016,7,10,1,2016-07-20T10:00,,,,,,,,,,,-999.0,3.125,3.125,0.0,0.0,nan,nan,nan,nan,nan,10.164358139038086,260.1471862792969,274.8027648925781,281.3486022949219,284.8970947265625,289.01885986328125,5736.3447265625,3099.210205078125,1516.876953125,151.97703552246094,282.5556945800781,,269.5,,14600.0,0.0,0.0,,,,,,,,,,,,,,,,,,,,,,,,,,,,,,,,,,,,,,,,,,,,,,,,,,,,,,,,,,,,,,,,,,,,,,,,,,,,,,,,,,,,,,,,,,,,,,,,,,,,,,,,,,,,,,,,,,
2016-05-24T08:49,2016-05-24T09:00,48,train,0,2016,5,8,15,2016-05-23T18:00,,,,,,,,,,,-999.0,3.0,3.0,0.0,0.0,nan,nan,nan,nan,nan,6.547842502593994,258.8292541503906,273.85797119140625,282.64630126953125,286.078369140625,290.11395263671875,5693.4423828125,3060.65185546875,1476.7069091796875,108.8016357421875,278.66070556640625,,0.0,,14700.0,0.0,0.0,,,,,,,,,,,,,,,,,,,,,,,,,,,,,,,,,,,,,,,,,,,,,,,,,,,,,,,,,,,,,,,,,,,,,,,,,,,,,,,,,,,,,,,,,,,,,,,,,,,,,,,,,,,,,,,,,,
2016-07-20T10:55,2016-07-20T11:00,24,train,0,2016,7,10,15,2016-07-19T20:00,,,,,,,,,,,-999.0,0.0,0.0,0.0,0.0,nan,nan,nan,nan,nan,8.925212860107422,258.91424560546875,274.37677001953125,281.4627380371094,285.4698791503906,289.66595458984375,5746.171875,3116.03173828125,1534.75537109375,168.1244354248047,283.4510498046875,,219.5625,,15700.0,0.0,0.3199999928474426,,,,,,,,,,,,,,,,,,,,,,,,,,,,,,,,,,,,,,,,,,,,,,,,,,,,,,,,,,,,,,,,,,,,,,,,,,,,,,,,,,,,,,,,,,,,,,,,,,,,,,,,,,,,,,,,,,
2016-07-20T10:55,2016-07-20T11:00,48,train,0,2016,7,10,15,2016-07-19T20:00,,,,,,,,,,,-999.0,0.0,0.0,0.0,0.0,nan,nan,nan,nan,nan,8.925212860107422,258.91424560546875,274.37677001953125,281.4627380371094,285.4698791503906,289.66595458984375,5746.171875,3116.03173828125,1534.75537109375,168.1244354248047,283.4510498046875,,219.5625,,15700.0,0.0,0.3199999928474426,,,,,,,,,,,,,,,,,,,,,,,,,,,,,,,,,,,,,,,,,,,,,,,,,,,,,,,,,,,,,,,,,,,,,,,,,,,,,,,,,,,,,,,,,,,,,,,,,,,,,,,,,,,,,,,,,,
2016-09-14T13:49,2016-09-14T14:00,24,train,0,2016,9,13,18,2016-09-13T20:00,,,,,,,,,,,3254.199951171875,17.25,5.0,17.25,16.5,nan,4020.633544921875,42900.0,62600.0,nan,5.716462135314941,260.66522216796875,277.37298583984375,286.6261901855469,291.05926513671875,295.642578125,5764.361328125,3112.28271484375,1502.087890625,111.94284057617188,288.469970703125,72.19999694824219,336.0030517578125,3919.296630859375,15000.0,0.0,0.0,,,,,,,,,,,,,,,,,,,,,,,,,,,,,,,,,,,,,,,,,,,,,,,,,,,,,,,,,,,,,,,,,,,,,,,,,,,,,,,,,,,,,,,,,,,,,,,,,,,,,,,,,,,,,,,,,,
2016-09-14T13:49,2016-09-14T14:00,1,train,0,2016,9,13,2,2016-09-14T12:00,,,,,,,,,,,-999.0,22.5,21.75,17.25,22.5,7019.40771484375,6316.7177734375,39600.0,46600.0,8569.0224609375,6.063579082489014,260.81414794921875,277.1625671386719,286.23895263671875,291.2205810546875,295.749267578125,5773.62451171875,3119.677734375,1512.0028076171875,122.0003662109375,289.02362060546875,74.30000305175781,488.2098083496094,3940.455810546875,14000.0,0.0,0.09000000357627869,,,,,,,,,,,,,,,,,,,,,,,,,,,,,,,,,,,,,,,,,,,,,,,,,,,,,,,,,,,,,,,,,,,,,,,,,,,,,,,,,,,,,,,,,,,,,,,,,,,,,,,,,,,,,,,,,,
2016-09-14T13:49,2016-09-14T14:00,48,train,0,2016,9,13,18,2016-09-13T20:00,,,,,,,,,,,3254.199951171875,17.25,5.0,17.25,16.5,nan,4020.633544921875,42900.0,62600.0,nan,5.716462135314941,260.66522216796875,277.37298583984375,286.6261901855469,291.05926513671875,295.642578125,5764.361328125,3112.28271484375,1502.087890625,111.94284057617188,288.469970703125,72.19999694824219,336.0030517578125,3919.296630859375,15000.0,0.0,0.0,,,,,,,,,,,,,,,,,,,,,,,,,,,,,,,,,,,,,,,,,,,,,,,,,,,,,,,,,,,,,,,,,,,,,,,,,,,,,,,,,,,,,,,,,,,,,,,,,,,,,,,,,,,,,,,,,,
2016-10-02T08:55,2016-10-02T09:00,24,train,0,2016,10,8,18,2016-10-01T15:00,,,,,,,,,,,-999.0,98.125,78.25,28.375,98.125,1245.2672119140625,1227.9234619140625,27600.0,88300.0,11780.20703125,2.89092755317688,261.8125305175781,278.35968017578125,281.88623046875,284.1193542480469,288.09490966796875,5799.056640625,3130.54931640625,1529.4232177734375,159.83941650390625,281.7313537597656,99.9000015258789,246.5294952392578,4094.0185546875,100.0,0.0,0.18000000715255737,,,,,,,,,,,,,,,,,,,,,,,,,,,,,,,,,,,,,,,,,,,,,,,,,,,,,,,,,,,,,,,,,,,,,,,,,,,,,,,,,,,,,,,,,,,,,,,,,,,,,,,,,,,,,,,,,,
2016-10-02T08:55,2016-10-02T09:00,48,train,0,2016,10,8,18,2016-10-01T15:00,,,,,,,,,,,-999.0,98.125,78.25,28.375,98.125,1245.2672119140625,1227.9234619140625,27600.0,88300.0,11780.20703125,2.89092755317688,261.8125305175781,278.35968017578125,281.88623046875,284.1193542480469,288.09490966796875,5799.056640625,3130.54931640625,1529.4232177734375,159.83941650390625,281.7313537597656,99.9000015258789,246.5294952392578,4094.0185546875,100.0,0.0,0.18000000715255737,,,,,,,,,,,,,,,,,,,,,,,,,,,,,,,,,,,,,,,,,,,,,,,,,,,,,,,,,,,,,,,,,,,,,,,,,,,,,,,,,,,,,,,,,,,,,,,,,,,,,,,,,,,,,,,,,,
2016-10-02T08:55,2016-10-02T09:00,1,train,0,2016,10,8,2,2016-10-02T07:00,,,,,,,,,,,-999.0,64.375,64.375,0.0,29.0,1245.18896484375,1227.8304443359375,85500.0,88300.0,11600.4462890625,3.266035795211792,262.1741943359375,278.5528564453125,281.7404479980469,283.2243347167969,287.03570556640625,5802.90966796875,3136.767333984375,1530.9808349609375,164.315185546875,281.0462646484375,100.0,167.1612091064453,3996.365478515625,100.0,0.0,0.009999999776482582,,,,,,,,,,,,,,,,,,,,,,,,,,,,,,,,,,,,,,,,,,,,,,,,,,,,,,,,,,,,,,,,,,,,,,,,,,,,,,,,,,,,,,,,,,,,,,,,,,,,,,,,,,,,,,,,,,
2016-10-17T22:57,2016-10-17T23:00,1,train,0,2016,10,22,1,2016-10-17T22:00,,,,,,,,,,,-999.0,36.75,0.0,0.0,36.75,nan,nan,nan,nan,nan,2.179413318634033,261.1035461425781,276.21875,283.7613220214844,287.75494384765625,291.87713623046875,5712.7939453125,3057.544189453125,1466.343017578125,90.29031372070312,283.5724182128906,42.599998474121094,119.43901062011719,3728.24755859375,31500.0,0.0,0.0,,,,,,,,,,,,,,,,,,,,,,,,,,,,,,,,,,,,,,,,,,,,,,,,,,,,,,,,,,,,,,,,,,,,,,,,,,,,,,,,,,,,,,,,,,,,,,,,,,,,,,,,,,,,,,,,,,
2016-10-17T22:57,2016-10-17T23:00,24,train,0,2016,10,22,18,2016-10-17T05:00,,,,,,,,,,,-999.0,60.5,0.0,0.0,60.5,9762.33203125,nan,nan,nan,10770.9931640625,1.8058784008026123,260.8902282714844,275.0712890625,282.2978515625,286.4520568847656,290.62237548828125,5703.8212890625,3056.409912109375,1471.52978515625,101.26039123535156,282.63916015625,65.0,137.9001007080078,3557.311767578125,17700.0,0.0,0.800000011920929,,,,,,,,,,,,,,,,,,,,,,,,,,,,,,,,,,,,,,,,,,,,,,,,,,,,,,,,,,,,,,,,,,,,,,,,,,,,,,,,,,,,,,,,,,,,,,,,,,,,,,,,,,,,,,,,,,
2016-10-17T22:57,2016-10-17T23:00,48,train,0,2016,10,22,18,2016-10-17T05:00,,,,,,,,,,,-999.0,60.5,0.0,0.0,60.5,9762.33203125,nan,nan,nan,10770.9931640625,1.8058784008026123,260.8902282714844,275.0712890625,282.2978515625,286.4520568847656,290.62237548828125,5703.8212890625,3056.409912109375,1471.52978515625,101.26039123535156,282.63916015625,65.0,137.9001007080078,3557.311767578125,17700.0,0.0,0.800000011920929,,,,,,,,,,,,,,,,,,,,,,,,,,,,,,,,,,,,,,,,,,,,,,,,,,,,,,,,,,,,,,,,,,,,,,,,,,,,,,,,,,,,,,,,,,,,,,,,,,,,,,,,,,,,,,,,,,
2016-11-02T17:54,2016-11-02T18:00,1,train,0,2016,11,17,1,2016-11-02T17:00,,,,,,,,,,,-999.0,14.0,14.0,0.0,0.0,nan,nan,nan,nan,nan,5.1186909675598145,257.8662109375,276.53778076171875,283.55584716796875,286.2467346191406,290.3760070800781,5757.72265625,3125.534423828125,1529.1162109375,155.9800262451172,282.9976501464844,77.9000015258789,144.75790405273438,3759.744384765625,11700.0,0.0,0.0010000000474974513,,,,,,,,,,,,,,,,,,,,,,,,,,,,,,,,,,,,,,,,,,,,,,,,,,,,,,,,,,,,,,,,,,,,,,,,,,,,,,,,,,,,,,,,,,,,,,,,,,,,,,,,,,,,,,,,,,
2016-11-02T17:54,2016-11-02T18:00,24,train,0,2016,11,17,18,2016-11-02T00:00,,,,,,,,,,,-999.0,5.5,5.5,0.0,0.0,nan,nan,nan,nan,nan,4.217408180236816,258.04644775390625,276.50048828125,282.7650451660156,286.8599853515625,291.13751220703125,5755.66796875,3122.402099609375,1528.98193359375,153.5854949951172,282.3970947265625,88.9000015258789,163.85110473632812,3814.025634765625,9100.0,0.0,0.23999999463558197,,,,,,,,,,,,,,,,,,,,,,,,,,,,,,,,,,,,,,,,,,,,,,,,,,,,,,,,,,,,,,,,,,,,,,,,,,,,,,,,,,,,,,,,,,,,,,,,,,,,,,,,,,,,,,,,,,
2016-11-02T17:54,2016-11-02T18:00,48,train,0,2016,11,17,18,2016-11-02T00:00,,,,,,,,,,,-999.0,5.5,5.5,0.0,0.0,nan,nan,nan,nan,nan,4.217408180236816,258.04644775390625,276.50048828125,282.7650451660156,286.8599853515625,291.13751220703125,5755.66796875,3122.402099609375,1528.98193359375,153.5854949951172,282.3970947265625,88.9000015258789,163.85110473632812,3814.025634765625,9100.0,0.0,0.23999999463558197,,,,,,,,,,,,,,,,,,,,,,,,,,,,,,,,,,,,,,,,,,,,,,,,,,,,,,,,,,,,,,,,,,,,,,,,,,,,,,,,,,,,,,,,,,,,,,,,,,,,,,,,,,,,,,,,,,
2016-11-17T18:54,2016-11-17T19:00,1,train,1,2016,11,18,1,2016-11-17T18:00,,,,,,,,,,,-999.0,15.375,15.375,0.0,0.0,nan,nan,nan,nan,nan,4.713757514953613,253.85220336914062,271.0,276.031982421875,278.5845947265625,282.77081298828125,5599.3896484375,3011.2802734375,1452.1689453125,111.67877197265625,276.9383544921875,83.9000015258789,454.5715026855469,2466.639892578125,10900.0,0.0,0.0,,,,,,,,,,,,,,,,,,,,,,,,,,,,,,,,,,,,,,,,,,,,,,,,,,,,,,,,,,,,,,,,,,,,,,,,,,,,,,,,,,,,,,,,,,,,,,,,,,,,,,,,,,,,,,,,,,
2016-11-17T18:54,2016-11-17T19:00,24,train,1,2016,11,18,18,2016-11-17T01:00,,,,,,,,,,,-999.0,9.75,9.75,0.0,0.0,nan,nan,nan,nan,nan,4.678143501281738,253.15359497070312,270.7576904296875,276.04150390625,279.271240234375,283.4989013671875,5591.93310546875,3006.57080078125,1449.35693359375,107.89228057861328,277.21490478515625,86.0,490.76605224609375,2400.8798828125,10300.0,0.0,0.009999999776482582,,,,,,,,,,,,,,,,,,,,,,,,,,,,,,,,,,,,,,,,,,,,,,,,,,,,,,,,,,,,,,,,,,,,,,,,,,,,,,,,,,,,,,,,,,,,,,,,,,,,,,,,,,,,,,,,,,
2016-11-17T18:54,2016-11-17T19:00,48,train,1,2016,11,18,18,2016-11-17T01:00,,,,,,,,,,,-999.0,9.75,9.75,0.0,0.0,nan,nan,nan,nan,nan,4.678143501281738,253.15359497070312,270.7576904296875,276.04150390625,279.271240234375,283.4989013671875,5591.93310546875,3006.57080078125,1449.35693359375,107.89228057861328,277.21490478515625,86.0,490.76605224609375,2400.8798828125,10300.0,0.0,0.009999999776482582,,,,,,,,,,,,,,,,,,,,,,,,,,,,,,,,,,,,,,,,,,,,,,,,,,,,,,,,,,,,,,,,,,,,,,,,,,,,,,,,,,,,,,,,,,,,,,,,,,,,,,,,,,,,,,,,,,
2017-01-01T15:57,2017-01-01T16:00,1,train,0,2017,1,15,1,2017-01-01T15:00,,,,,,,,,,,-999.0,7.5,7.5,0.0,0.0,nan,nan,nan,nan,nan,11.442862510681152,244.3759765625,260.0030517578125,264.7027282714844,269.8547058105469,274.0794677734375,5379.8486328125,2889.8779296875,1400.10595703125,112.2690200805664,266.50067138671875,87.30000305175781,397.307861328125,190.0,10000.0,0.0,0.006000000052154064,,,,,,,,,,,,,,,,,,,,,,,,,,,,,,,,,,,,,,,,,,,,,,,,,,,,,,,,,,,,,,,,,,,,,,,,,,,,,,,,,,,,,,,,,,,,,,,,,,,,,,,,,,,,,,,,,,
2016-12-03T17:54,2016-12-03T18:00,1,train,0,2016,12,17,2,2016-12-03T16:00,,,,,,,,,,,-999.0,37.625,37.625,9.75,0.0,1242.802734375,1226.5728759765625,84000.0,86700.0,1611.136962890625,7.594895839691162,243.36209106445312,257.9842224121094,264.84051513671875,269.34112548828125,273.516845703125,5340.49755859375,2868.497802734375,1382.08837890625,96.9744873046875,266.15447998046875,93.9000015258789,465.71954345703125,129.9199981689453,200.0,0.0,0.2199999988079071,,,,,,,,,,,,,,,,,,,,,,,,,,,,,,,,,,,,,,,,,,,,,,,,,,,,,,,,,,,,,,,,,,,,,,,,,,,,,,,,,,,,,,,,,,,,,,,,,,,,,,,,,,,,,,,,,,
2016-12-03T17:54,2016-12-03T18:00,24,train,0,2016,12,17,17,2016-12-03T01:00,,,,,,,,,,,-999.0,31.5,31.5,18.125,0.0,1242.8482666015625,1280.1553955078125,83900.0,85900.0,1610.9222412109375,5.944962501525879,243.56088256835938,258.30364990234375,264.88665771484375,269.1974182128906,273.3944091796875,5335.16259765625,2862.11572265625,1374.406494140625,88.66022491455078,266.0425109863281,94.0999984741211,464.6172180175781,119.04000091552734,200.0,0.0,2.6700000762939453,,,,,,,,,,,,,,,,,,,,,,,,,,,,,,,,,,,,,,,,,,,,,,,,,,,,,,,,,,,,,,,,,,,,,,,,,,,,,,,,,,,,,,,,,,,,,,,,,,,,,,,,,,,,,,,,,,
2017-01-01T15:57,2017-01-01T16:00,48,train,0,2017,1,15,18,2016-12-31T22:00,,,,,,,,,,,-999.0,33.75,33.75,0.0,0.0,1242.6663818359375,1226.525634765625,83700.0,86400.0,1608.8695068359375,10.349197387695312,244.18771362304688,259.1554870605469,263.5481262207031,267.9970703125,272.1476135253906,5333.787109375,2848.67919921875,1363.6231689453125,82.87922668457031,264.37347412109375,92.19999694824219,413.1763610839844,0.0,100.0,0.0,9.649999618530273,,,,,,,,,,,,,,,,,,,,,,,,,,,,,,,,,,,,,,,,,,,,,,,,,,,,,,,,,,,,,,,,,,,,,,,,,,,,,,,,,,,,,,,,,,,,,,,,,,,,,,,,,,,,,,,,,,
2017-01-01T15:57,2017-01-01T16:00,24,train,0,2017,1,15,18,2016-12-31T22:00,,,,,,,,,,,-999.0,33.75,33.75,0.0,0.0,1242.6663818359375,1226.525634765625,83700.0,86400.0,1608.8695068359375,10.349197387695312,244.18771362304688,259.1554870605469,263.5481262207031,267.9970703125,272.1476135253906,5333.787109375,2848.67919921875,1363.6231689453125,82.87922668457031,264.37347412109375,92.19999694824219,413.1763610839844,0.0,100.0,0.0,9.649999618530273,,,,,,,,,,,,,,,,,,,,,,,,,,,,,,,,,,,,,,,,,,,,,,,,,,,,,,,,,,,,,,,,,,,,,,,,,,,,,,,,,,,,,,,,,,,,,,,,,,,,,,,,,,,,,,,,,,
2016-12-03T17:54,2016-12-03T18:00,48,train,0,2016,12,17,17,2016-12-03T01:00,,,,,,,,,,,-999.0,31.5,31.5,18.125,0.0,1242.8482666015625,1280.1553955078125,83900.0,85900.0,1610.9222412109375,5.944962501525879,243.56088256835938,258.30364990234375,264.88665771484375,269.1974182128906,273.3944091796875,5335.16259765625,2862.11572265625,1374.406494140625,88.66022491455078,266.0425109863281,94.0999984741211,464.6172180175781,119.04000091552734,200.0,0.0,2.6700000762939453,,,,,,,,,,,,,,,,,,,,,,,,,,,,,,,,,,,,,,,,,,,,,,,,,,,,,,,,,,,,,,,,,,,,,,,,,,,,,,,,,,,,,,,,,,,,,,,,,,,,,,,,,,,,,,,,,,
2017-01-10T15:51,2017-01-10T16:00,1,train,0,2017,1,15,1,2017-01-10T15:00,,,,,,,,,,,-999.0,27.0,0.0,27.0,0.0,5357.3056640625,nan,nan,nan,6344.82421875,5.68408203125,248.62939453125,260.69976806640625,264.96173095703125,266.4127197265625,269.785400390625,5545.22509765625,3033.944091796875,1538.774658203125,261.0742492675781,265.5140686035156,50.099998474121094,337.91558837890625,34.47999954223633,27000.0,0.0,0.0,,,,,,,,,,,,,,,,,,,,,,,,,,,,,,,,,,,,,,,,,,,,,,,,,,,,,,,,,,,,,,,,,,,,,,,,,,,,,,,,,,,,,,,,,,,,,,,,,,,,,,,,,,,,,,,,,,
2017-01-10T15:51,2017-01-10T16:00,24,train,0,2017,1,15,18,2017-01-09T22:00,,,,,,,,,,,-999.0,8.375,0.0,8.375,7.25,nan,6007.73779296875,40000.0,47000.0,nan,6.028349876403809,249.68572998046875,260.4208068847656,264.9998779296875,266.67083740234375,270.3434143066406,5549.06640625,3032.18505859375,1537.826904296875,258.8317565917969,265.5439453125,53.0,339.6063232421875,36.08000183105469,25100.0,0.0,0.0,,,,,,,,,,,,,,,,,,,,,,,,,,,,,,,,,,,,,,,,,,,,,,,,,,,,,,,,,,,,,,,,,,,,,,,,,,,,,,,,,,,,,,,,,,,,,,,,,,,,,,,,,,,,,,,,,,
2017-01-10T15:51,2017-01-10T16:00,48,train,0,2017,1,15,18,2017-01-09T22:00,,,,,,,,,,,-999.0,8.375,0.0,8.375,7.25,nan,6007.73779296875,40000.0,47000.0,nan,6.028349876403809,249.68572998046875,260.4208068847656,264.9998779296875,266.67083740234375,270.3434143066406,5549.06640625,3032.18505859375,1537.826904296875,258.8317565917969,265.5439453125,53.0,339.6063232421875,36.08000183105469,25100.0,0.0,0.0,,,,,,,,,,,,,,,,,,,,,,,,,,,,,,,,,,,,,,,,,,,,,,,,,,,,,,,,,,,,,,,,,,,,,,,,,,,,,,,,,,,,,,,,,,,,,,,,,,,,,,,,,,,,,,,,,,
2017-01-19T11:51,2017-01-19T12:00,48,train,0,2017,1,11,18,2017-01-18T18:00,,,,,,,,,,,-999.0,45.125,45.125,0.0,0.0,1243.2645263671875,1226.784423828125,85400.0,86900.0,1474.30810546875,4.788209438323975,252.53546142578125,265.1335144042969,268.87115478515625,271.72711181640625,275.595458984375,5482.51123046875,2918.813720703125,1400.035400390625,93.6788330078125,268.6539306640625,95.19999694824219,206.6145782470703,522.3200073242188,100.0,0.0,1.8300000429153442,,,,,,,,,,,,,,,,,,,,,,,,,,,,,,,,,,,,,,,,,,,,,,,,,,,,,,,,,,,,,,,,,,,,,,,,,,,,,,,,,,,,,,,,,,,,,,,,,,,,,,,,,,,,,,,,,,
2017-01-19T11:51,2017-01-19T12:00,24,train,0,2017,1,11,18,2017-01-18T18:00,,,,,,,,,,,-999.0,45.125,45.125,0.0,0.0,1243.2645263671875,1226.784423828125,85400.0,86900.0,1474.30810546875,4.788209438323975,252.53546142578125,265.1335144042969,268.87115478515625,271.72711181640625,275.595458984375,5482.51123046875,2918.813720703125,1400.035400390625,93.6788330078125,268.6539306640625,95.19999694824219,206.6145782470703,522.3200073242188,100.0,0.0,1.8300000429153442,,,,,,,,,,,,,,,,,,,,,,,,,,,,,,,,,,,,,,,,,,,,,,,,,,,,,,,,,,,,,,,,,,,,,,,,,,,,,,,,,,,,,,,,,,,,,,,,,,,,,,,,,,,,,,,,,,
2017-01-19T11:51,2017-01-19T12:00,1,train,0,2017,1,11,1,2017-01-19T11:00,,,,,,,,,,,-999.0,40.625,40.625,0.0,0.0,nan,nan,nan,nan,nan,4.035891056060791,252.31822204589844,265.439208984375,269.9066162109375,272.31549072265625,276.1045837402344,5498.98095703125,2937.671875,1413.9766845703125,105.74981689453125,269.6995544433594,95.4000015258789,162.0613555908203,681.3599853515625,8100.0,0.0,0.009999999776482582,,,,,,,,,,,,,,,,,,,,,,,,,,,,,,,,,,,,,,,,,,,,,,,,,,,,,,,,,,,,,,,,,,,,,,,,,,,,,,,,,,,,,,,,,,,,,,,,,,,,,,,,,,,,,,,,,,
2017-01-26T02:54,2017-01-26T03:00,1,train,0,2017,1,2,1,2017-01-26T02:00,,,,,,,,,,,-999.0,18.625,18.625,0.0,0.0,nan,nan,nan,nan,nan,8.1106538772583,252.19871520996094,268.4284362792969,271.85528564453125,273.3927917480469,277.3700256347656,5393.99658203125,2830.173828125,1287.626708984375,-31.19036102294922,270.0146179199219,83.80000305175781,162.97715759277344,725.9199829101562,10500.0,0.0,0.004000000189989805,,,,,,,,,,,,,,,,,,,,,,,,,,,,,,,,,,,,,,,,,,,,,,,,,,,,,,,,,,,,,,,,,,,,,,,,,,,,,,,,,,,,,,,,,,,,,,,,,,,,,,,,,,,,,,,,,,
2017-01-26T02:54,2017-01-26T03:00,24,train,0,2017,1,2,18,2017-01-25T09:00,,,,,,,,,,,-999.0,17.5,17.5,0.0,0.0,nan,nan,nan,nan,nan,6.842632293701172,252.61988830566406,268.7587890625,271.17022705078125,273.2153015136719,277.2450866699219,5403.49462890625,2834.1826171875,1292.9178466796875,-26.234817504882812,269.39898681640625,91.0999984741211,188.30032348632812,631.5999755859375,8800.0,0.0,0.09000000357627869,,,,,,,,,,,,,,,,,,,,,,,,,,,,,,,,,,,,,,,,,,,,,,,,,,,,,,,,,,,,,,,,,,,,,,,,,,,,,,,,,,,,,,,,,,,,,,,,,,,,,,,,,,,,,,,,,,
2017-01-26T02:54,2017-01-26T03:00,48,train,0,2017,1,2,18,2017-01-25T09:00,,,,,,,,,,,-999.0,17.5,17.5,0.0,0.0,nan,nan,nan,nan,nan,6.842632293701172,252.61988830566406,268.7587890625,271.17022705078125,273.2153015136719,277.2450866699219,5403.49462890625,2834.1826171875,1292.9178466796875,-26.234817504882812,269.39898681640625,91.0999984741211,188.30032348632812,631.5999755859375,8800.0,0.0,0.09000000357627869,,,,,,,,,,,,,,,,,,,,,,,,,,,,,,,,,,,,,,,,,,,,,,,,,,,,,,,,,,,,,,,,,,,,,,,,,,,,,,,,,,,,,,,,,,,,,,,,,,,,,,,,,,,,,,,,,,
2017-02-10T01:49,2017-02-10T02:00,48,train,0,2017,2,1,18,2017-02-09T08:00,,,,,,,,,,,-999.0,4.125,4.125,0.875,0.0,nan,3718.869140625,35800.0,61000.0,nan,8.88276481628418,242.27316284179688,252.8938751220703,254.2678985595703,256.42779541015625,260.1839599609375,5150.3466796875,2709.3369140625,1265.127685546875,23.448486328125,252.92996215820312,81.19999694824219,302.4542236328125,0.0,10900.0,0.0,11.789999961853027,,,,,,,,,,,,,,,,,,,,,,,,,,,,,,,,,,,,,,,,,,,,,,,,,,,,,,,,,,,,,,,,,,,,,,,,,,,,,,,,,,,,,,,,,,,,,,,,,,,,,,,,,,,,,,,,,,
2017-02-10T01:49,2017-02-10T02:00,24,train,0,2017,2,1,18,2017-02-09T08:00,,,,,,,,,,,-999.0,4.125,4.125,0.875,0.0,nan,3718.869140625,35800.0,61000.0,nan,8.88276481628418,242.27316284179688,252.8938751220703,254.2678985595703,256.42779541015625,260.1839599609375,5150.3466796875,2709.3369140625,1265.127685546875,23.448486328125,252.92996215820312,81.19999694824219,302.4542236328125,0.0,10900.0,0.0,11.789999961853027,,,,,,,,,,,,,,,,,,,,,,,,,,,,,,,,,,,,,,,,,,,,,,,,,,,,,,,,,,,,,,,,,,,,,,,,,,,,,,,,,,,,,,,,,,,,,,,,,,,,,,,,,,,,,,,,,,
2017-02-10T01:49,2017-02-10T02:00,1,train,0,2017,2,1,1,2017-02-10T01:00,,,,,,,,,,,-999.0,5.0,2.0,5.0,0.0,nan,nan,nan,nan,nan,9.69485855102539,241.51644897460938,252.05123901367188,253.53187561035156,254.97113037109375,258.7131042480469,5141.43212890625,2709.18896484375,1267.72998046875,31.398345947265625,251.3976287841797,77.4000015258789,230.45260620117188,0.0,12100.0,0.0,0.0020000000949949026,,,,,,,,,,,,,,,,,,,,,,,,,,,,,,,,,,,,,,,,,,,,,,,,,,,,,,,,,,,,,,,,,,,,,,,,,,,,,,,,,,,,,,,,,,,,,,,,,,,,,,,,,,,,,,,,,,
2017-03-06T14:53,2017-03-06T15:00,1,train,0,2017,3,14,1,2017-03-06T14:00,,,,,,,,,,,-999.0,0.0,0.0,0.0,0.0,nan,nan,nan,nan,nan,0.5501404404640198,247.42227172851562,262.81622314453125,268.120361328125,267.7276611328125,271.15338134765625,5549.146484375,3036.511474609375,1521.7642822265625,235.0869140625,267.3370361328125,32.29999923706055,228.24057006835938,314.55999755859375,41800.0,0.0,0.0,,,,,,,,,,,,,,,,,,,,,,,,,,,,,,,,,,,,,,,,,,,,,,,,,,,,,,,,,,,,,,,,,,,,,,,,,,,,,,,,,,,,,,,,,,,,,,,,,,,,,,,,,,,,,,,,,,
2017-03-06T14:53,2017-03-06T15:00,48,train,0,2017,3,14,18,2017-03-05T21:00,,,,,,,,,,,-999.0,0.0,0.0,0.0,0.0,nan,nan,nan,nan,nan,0.48360541462898254,247.04010009765625,263.1878356933594,267.23681640625,267.4779052734375,270.86663818359375,5559.92578125,3045.64453125,1533.1185302734375,247.84226989746094,267.0108337402344,26.200000762939453,228.11676025390625,267.5199890136719,49300.0,0.0,0.0,,,,,,,,,,,,,,,,,,,,,,,,,,,,,,,,,,,,,,,,,,,,,,,,,,,,,,,,,,,,,,,,,,,,,,,,,,,,,,,,,,,,,,,,,,,,,,,,,,,,,,,,,,,,,,,,,,
2017-03-06T14:53,2017-03-06T15:00,24,train,0,2017,3,14,18,2017-03-05T21:00,,,,,,,,,,,-999.0,0.0,0.0,0.0,0.0,nan,nan,nan,nan,nan,0.48360541462898254,247.04010009765625,263.1878356933594,267.23681640625,267.4779052734375,270.86663818359375,5559.92578125,3045.64453125,1533.1185302734375,247.84226989746094,267.0108337402344,26.200000762939453,228.11676025390625,267.5199890136719,49300.0,0.0,0.0,,,,,,,,,,,,,,,,,,,,,,,,,,,,,,,,,,,,,,,,,,,,,,,,,,,,,,,,,,,,,,,,,,,,,,,,,,,,,,,,,,,,,,,,,,,,,,,,,,,,,,,,,,,,,,,,,,
2017-04-12T05:53,2017-04-12T06:00,1,train,0,2017,4,5,1,2017-04-12T05:00,,,,,,,,,,,-999.0,23.375,22.0,14.25,23.375,nan,nan,nan,nan,nan,3.078883647918701,256.36102294921875,272.8157958984375,282.7123718261719,286.52203369140625,290.3670654296875,5715.7490234375,3108.7490234375,1526.57470703125,158.38150024414062,282.4356994628906,77.80000305175781,140.05528259277344,3150.0,11500.0,0.0,0.0,,,,,,,,,,,,,,,,,,,,,,,,,,,,,,,,,,,,,,,,,,,,,,,,,,,,,,,,,,,,,,,,,,,,,,,,,,,,,,,,,,,,,,,,,,,,,,,,,,,,,,,,,,,,,,,,,,
2017-04-12T05:53,2017-04-12T06:00,24,train,0,2017,4,5,18,2017-04-11T12:00,,,,,,,,,,,-999.0,100.0,0.625,7.5,100.0,9001.4091796875,nan,nan,nan,12613.447265625,2.437054395675659,256.2261962890625,272.76812744140625,282.2362976074219,286.3865966796875,290.1729736328125,5706.34423828125,3102.475830078125,1522.5037841796875,156.2247314453125,281.6675109863281,71.69999694824219,160.381591796875,3201.840087890625,13800.0,0.0,8.229999542236328,,,,,,,,,,,,,,,,,,,,,,,,,,,,,,,,,,,,,,,,,,,,,,,,,,,,,,,,,,,,,,,,,,,,,,,,,,,,,,,,,,,,,,,,,,,,,,,,,,,,,,,,,,,,,,,,,,
2017-04-12T05:53,2017-04-12T06:00,48,train,0,2017,4,5,18,2017-04-11T12:00,,,,,,,,,,,-999.0,100.0,0.625,7.5,100.0,9001.4091796875,nan,nan,nan,12613.447265625,2.437054395675659,256.2261962890625,272.76812744140625,282.2362976074219,286.3865966796875,290.1729736328125,5706.34423828125,3102.475830078125,1522.5037841796875,156.2247314453125,281.6675109863281,71.69999694824219,160.381591796875,3201.840087890625,13800.0,0.0,8.229999542236328,,,,,,,,,,,,,,,,,,,,,,,,,,,,,,,,,,,,,,,,,,,,,,,,,,,,,,,,,,,,,,,,,,,,,,,,,,,,,,,,,,,,,,,,,,,,,,,,,,,,,,,,,,,,,,,,,,
2017-07-04T01:49,2017-07-04T02:00,48,train,0,2017,7,1,18,2017-07-03T08:00,,,,,,,,,,,-999.0,6.125,6.125,0.0,0.0,nan,nan,nan,nan,nan,6.600474834442139,259.8661804199219,275.73321533203125,282.68988037109375,287.4545593261719,291.645751953125,5722.75390625,3079.603515625,1490.5081787109375,115.11119842529297,284.115234375,89.19999694824219,379.4070739746094,3967.494384765625,10000.0,0.0,0.10999999940395355,,,,,,,,,,,,,,,,,,,,,,,,,,,,,,,,,,,,,,,,,,,,,,,,,,,,,,,,,,,,,,,,,,,,,,,,,,,,,,,,,,,,,,,,,,,,,,,,,,,,,,,,,,,,,,,,,,
2017-07-04T01:49,2017-07-04T02:00,24,train,0,2017,7,1,18,2017-07-03T08:00,,,,,,,,,,,-999.0,6.125,6.125,0.0,0.0,nan,nan,nan,nan,nan,6.600474834442139,259.8661804199219,275.73321533203125,282.68988037109375,287.4545593261719,291.645751953125,5722.75390625,3079.603515625,1490.5081787109375,115.11119842529297,284.115234375,89.19999694824219,379.4070739746094,3967.494384765625,10000.0,0.0,0.10999999940395355,,,,,,,,,,,,,,,,,,,,,,,,,,,,,,,,,,,,,,,,,,,,,,,,,,,,,,,,,,,,,,,,,,,,,,,,,,,,,,,,,,,,,,,,,,,,,,,,,,,,,,,,,,,,,,,,,,
2017-07-04T01:49,2017-07-04T02:00,1,train,0,2017,7,1,1,2017-07-04T01:00,,,,,,,,,,,-999.0,0.0,0.0,0.0,0.0,nan,nan,nan,nan,nan,3.893908739089966,259.99658203125,275.2750244140625,284.159423828125,289.15533447265625,293.33441162109375,5725.2109375,3085.587890625,1495.1529541015625,115.56881713867188,285.1023254394531,71.0,462.38885498046875,3819.270751953125,15200.0,0.0,0.0,,,,,,,,,,,,,,,,,,,,,,,,,,,,,,,,,,,,,,,,,,,,,,,,,,,,,,,,,,,,,,,,,,,,,,,,,,,,,,,,,,,,,,,,,,,,,,,,,,,,,,,,,,,,,,,,,,
2017-05-13T13:52,2017-05-13T14:00,24,train,1,2017,5,13,,,,,,,,,,,,,,,,,,,,,,,,,,,,,,,,,,,,,,,,,,,,,,,,,,,,,,,,,,,,,,,,,,,,,,,,,,,,,,,,,,,,,,,,,,,,,,,,,,,,,,,,,,,,,,,,,,,,,,,,,,,,,,,,,,,,,,,,,,,,,,,,,,,,,,,,,
2017-05-13T13:52,2017-05-13T14:00,1,train,1,2017,5,13,,,,,,,,,,,,,,,,,,,,,,,,,,,,,,,,,,,,,,,,,,,,,,,,,,,,,,,,,,,,,,,,,,,,,,,,,,,,,,,,,,,,,,,,,,,,,,,,,,,,,,,,,,,,,,,,,,,,,,,,,,,,,,,,,,,,,,,,,,,,,,,,,,,,,,,,,
2017-09-15T08:52,2017-09-15T09:00,1,train,0,2017,9,8,1,2017-09-15T08:00,,,,,,,,,,,-999.0,22.25,22.25,0.0,0.0,1295.2763671875,1286.8372802734375,83700.0,87300.0,1834.4306640625,2.4806971549987793,262.4324951171875,278.0745544433594,285.8133544921875,289.9809875488281,294.22064208984375,5783.28515625,3115.538330078125,1508.4178466796875,118.18954467773438,285.719970703125,91.19999694824219,383.0966491699219,4106.71826171875,100.0,0.0,0.00800000037997961,,,,,,,,,,,,,,,,,,,,,,,,,,,,,,,,,,,,,,,,,,,,,,,,,,,,,,,,,,,,,,,,,,,,,,,,,,,,,,,,,,,,,,,,,,,,,,,,,,,,,,,,,,,,,,,,,,
2017-09-15T08:52,2017-09-15T09:00,48,train,0,2017,9,8,18,2017-09-14T15:00,,,,,,,,,,,-999.0,8.375,8.375,0.25,0.0,1295.66796875,nan,nan,nan,nan,1.877644658088684,262.2137451171875,277.44403076171875,286.4790344238281,290.85516357421875,295.0715026855469,5787.9072265625,3125.900390625,1518.303955078125,126.5097885131836,283.73858642578125,72.9000015258789,138.49667358398438,4033.7119140625,8900.0,0.0,0.6299999952316284,,,,,,,,,,,,,,,,,,,,,,,,,,,,,,,,,,,,,,,,,,,,,,,,,,,,,,,,,,,,,,,,,,,,,,,,,,,,,,,,,,,,,,,,,,,,,,,,,,,,,,,,,,,,,,,,,,
2017-09-15T08:52,2017-09-15T09:00,24,train,0,2017,9,8,18,2017-09-14T15:00,,,,,,,,,,,-999.0,8.375,8.375,0.25,0.0,1295.66796875,nan,nan,nan,nan,1.877644658088684,262.2137451171875,277.44403076171875,286.4790344238281,290.85516357421875,295.0715026855469,5787.9072265625,3125.900390625,1518.303955078125,126.5097885131836,283.73858642578125,72.9000015258789,138.49667358398438,4033.7119140625,8900.0,0.0,0.6299999952316284,,,,,,,,,,,,,,,,,,,,,,,,,,,,,,,,,,,,,,,,,,,,,,,,,,,,,,,,,,,,,,,,,,,,,,,,,,,,,,,,,,,,,,,,,,,,,,,,,,,,,,,,,,,,,,,,,,
2017-05-13T13:52,2017-05-13T14:00,48,train,1,2017,5,13,,,,,,,,,,,,,,,,,,,,,,,,,,,,,,,,,,,,,,,,,,,,,,,,,,,,,,,,,,,,,,,,,,,,,,,,,,,,,,,,,,,,,,,,,,,,,,,,,,,,,,,,,,,,,,,,,,,,,,,,,,,,,,,,,,,,,,,,,,,,,,,,,,,,,,,,,
2017-10-28T13:51,2017-10-28T14:00,24,train,0,2017,10,13,18,2017-10-27T20:00,,,,,,,,,,,-999.0,29.875,0.0,0.0,29.875,10753.333984375,nan,nan,nan,11844.8037109375,5.235383033752441,257.91461181640625,275.05670166015625,283.05517578125,285.1383361816406,289.07049560546875,5718.93603515625,3091.784912109375,1501.3150634765625,135.68173217773438,282.6519470214844,56.400001525878906,160.42288208007812,3518.719970703125,22900.0,0.0,0.0,,,,,,,,,,,,,,,,,,,,,,,,,,,,,,,,,,,,,,,,,,,,,,,,,,,,,,,,,,,,,,,,,,,,,,,,,,,,,,,,,,,,,,,,,,,,,,,,,,,,,,,,,,,,,,,,,,
2017-10-28T13:51,2017-10-28T14:00,48,train,0,2017,10,13,18,2017-10-27T20:00,,,,,,,,,,,-999.0,29.875,0.0,0.0,29.875,10753.333984375,nan,nan,nan,11844.8037109375,5.235383033752441,257.91461181640625,275.05670166015625,283.05517578125,285.1383361816406,289.07049560546875,5718.93603515625,3091.784912109375,1501.3150634765625,135.68173217773438,282.6519470214844,56.400001525878906,160.42288208007812,3518.719970703125,22900.0,0.0,0.0,,,,,,,,,,,,,,,,,,,,,,,,,,,,,,,,,,,,,,,,,,,,,,,,,,,,,,,,,,,,,,,,,,,,,,,,,,,,,,,,,,,,,,,,,,,,,,,,,,,,,,,,,,,,,,,,,,
2017-10-28T13:51,2017-10-28T14:00,1,train,0,2017,10,13,1,2017-10-28T13:00,,,,,,,,,,,-999.0,5.5,5.5,0.0,0.0,nan,nan,nan,nan,nan,4.784971237182617,258.2064514160156,275.5469970703125,283.21441650390625,284.68145751953125,288.2325744628906,5708.73779296875,3076.69970703125,1484.3787841796875,120.48326110839844,282.0447082519531,55.5,165.5244140625,3581.280029296875,23300.0,0.0,0.0,,,,,,,,,,,,,,,,,,,,,,,,,,,,,,,,,,,,,,,,,,,,,,,,,,,,,,,,,,,,,,,,,,,,,,,,,,,,,,,,,,,,,,,,,,,,,,,,,,,,,,,,,,,,,,,,,,
2017-11-11T12:47,2017-11-11T13:00,1,train,1,2017,11,12,1,2017-11-11T12:00,,,,,,,,,,,-999.0,2.5,0.5,0.0,2.5,nan,nan,nan,nan,nan,7.566083908081055,248.33468627929688,262.83917236328125,264.64959716796875,263.6375427246094,267.03399658203125,5525.8837890625,3004.5947265625,1501.4832763671875,226.4976348876953,262.70562744140625,55.0,187.7224884033203,0.0,22800.0,0.0,0.0010000000474974513,,,,,,,,,,,,,,,,,,,,,,,,,,,,,,,,,,,,,,,,,,,,,,,,,,,,,,,,,,,,,,,,,,,,,,,,,,,,,,,,,,,,,,,,,,,,,,,,,,,,,,,,,,,,,,,,,,
2017-11-11T12:47,2017-11-11T13:00,24,train,1,2017,11,12,18,2017-11-10T19:00,,,,,,,,,,,-999.0,1.125,0.625,0.0,1.125,nan,nan,nan,nan,nan,7.954294204711914,249.00161743164062,262.8665771484375,262.6495361328125,262.4129638671875,265.95294189453125,5530.2060546875,3001.80859375,1505.2205810546875,234.99160766601562,261.3221435546875,58.20000076293945,231.7215576171875,0.0,20900.0,0.0,0.009999999776482582,,,,,,,,,,,,,,,,,,,,,,,,,,,,,,,,,,,,,,,,,,,,,,,,,,,,,,,,,,,,,,,,,,,,,,,,,,,,,,,,,,,,,,,,,,,,,,,,,,,,,,,,,,,,,,,,,,
2017-11-11T12:47,2017-11-11T13:00,48,train,1,2017,11,12,18,2017-11-10T19:00,,,,,,,,,,,-999.0,1.125,0.625,0.0,1.125,nan,nan,nan,nan,nan,7.954294204711914,249.00161743164062,262.8665771484375,262.6495361328125,262.4129638671875,265.95294189453125,5530.2060546875,3001.80859375,1505.2205810546875,234.99160766601562,261.3221435546875,58.20000076293945,231.7215576171875,0.0,20900.0,0.0,0.009999999776482582,,,,,,,,,,,,,,,,,,,,,,,,,,,,,,,,,,,,,,,,,,,,,,,,,,,,,,,,,,,,,,,,,,,,,,,,,,,,,,,,,,,,,,,,,,,,,,,,,,,,,,,,,,,,,,,,,,
2017-11-23T09:50,2017-11-23T10:00,1,train,1,2017,11,9,1,2017-11-23T09:00,,,,,,,,,,,-999.0,5.0,5.0,0.0,0.0,nan,nan,nan,nan,nan,7.165207386016846,252.76190185546875,266.7466125488281,268.32073974609375,268.598876953125,272.237060546875,5487.7451171875,2922.815673828125,1397.480224609375,97.6356201171875,267.02545166015625,51.70000076293945,213.62332153320312,269.6000061035156,24500.0,0.0,0.0020000000949949026,,,,,,,,,,,,,,,,,,,,,,,,,,,,,,,,,,,,,,,,,,,,,,,,,,,,,,,,,,,,,,,,,,,,,,,,,,,,,,,,,,,,,,,,,,,,,,,,,,,,,,,,,,,,,,,,,,
2017-11-23T09:50,2017-11-23T10:00,48,train,1,2017,11,9,18,2017-11-22T16:00,,,,,,,,,,,-999.0,0.5,0.5,0.0,0.0,nan,nan,nan,nan,nan,7.223470687866211,252.965087890625,266.4925842285156,268.5333557128906,268.92822265625,272.5899658203125,5491.5341796875,2927.788818359375,1403.0240478515625,101.61553955078125,266.4813232421875,53.0,152.2081298828125,185.75999450683594,23800.0,0.0,6.96999979019165,,,,,,,,,,,,,,,,,,,,,,,,,,,,,,,,,,,,,,,,,,,,,,,,,,,,,,,,,,,,,,,,,,,,,,,,,,,,,,,,,,,,,,,,,,,,,,,,,,,,,,,,,,,,,,,,,,
2017-11-23T09:50,2017-11-23T10:00,24,train,1,2017,11,9,18,2017-11-22T16:00,,,,,,,,,,,-999.0,0.5,0.5,0.0,0.0,nan,nan,nan,nan,nan,7.223470687866211,252.965087890625,266.4925842285156,268.5333557128906,268.92822265625,272.5899658203125,5491.5341796875,2927.788818359375,1403.0240478515625,101.61553955078125,266.4813232421875,53.0,152.2081298828125,185.75999450683594,23800.0,0.0,6.96999979019165,,,,,,,,,,,,,,,,,,,,,,,,,,,,,,,,,,,,,,,,,,,,,,,,,,,,,,,,,,,,,,,,,,,,,,,,,,,,,,,,,,,,,,,,,,,,,,,,,,,,,,,,,,,,,,,,,,
2017-12-06T19:52,2017-12-06T20:00,1,train,0,2017,12,19,1,2017-12-06T19:00,,,,,,,,,,,-999.0,2.5,2.5,0.0,0.0,nan,nan,nan,nan,nan,4.427112102508545,251.2667236328125,262.86346435546875,267.93133544921875,272.698974609375,276.86407470703125,5432.48193359375,2888.3251953125,1381.91455078125,76.45834350585938,269.2974853515625,79.0999984741211,353.04107666015625,612.1599731445312,12300.0,0.0,0.0,,,,,,,,,,,,,,,,,,,,,,,,,,,,,,,,,,,,,,,,,,,,,,,,,,,,,,,,,,,,,,,,,,,,,,,,,,,,,,,,,,,,,,,,,,,,,,,,,,,,,,,,,,,,,,,,,,
2017-12-06T19:52,2017-12-06T20:00,24,train,0,2017,12,19,18,2017-12-06T02:00,,,,,,,,,,,-999.0,0.0,0.0,0.0,0.0,nan,nan,nan,nan,nan,6.066709995269775,251.32260131835938,263.7380065917969,267.6729431152344,272.0881652832031,276.2399597167969,5429.02734375,2881.9267578125,1373.543212890625,69.13575744628906,268.391845703125,62.599998474121094,352.1283264160156,474.32000732421875,19000.0,0.0,16.770000457763672,,,,,,,,,,,,,,,,,,,,,,,,,,,,,,,,,,,,,,,,,,,,,,,,,,,,,,,,,,,,,,,,,,,,,,,,,,,,,,,,,,,,,,,,,,,,,,,,,,,,,,,,,,,,,,,,,,
2017-12-06T19:52,2017-12-06T20:00,48,train,0,2017,12,19,18,2017-12-06T02:00,,,,,,,,,,,-999.0,0.0,0.0,0.0,0.0,nan,nan,nan,nan,nan,6.066709995269775,251.32260131835938,263.7380065917969,267.6729431152344,272.0881652832031,276.2399597167969,5429.02734375,2881.9267578125,1373.543212890625,69.13575744628906,268.391845703125,62.599998474121094,352.1283264160156,474.32000732421875,19000.0,0.0,16.770000457763672,,,,,,,,,,,,,,,,,,,,,,,,,,,,,,,,,,,,,,,,,,,,,,,,,,,,,,,,,,,,,,,,,,,,,,,,,,,,,,,,,,,,,,,,,,,,,,,,,,,,,,,,,,,,,,,,,,
2017-12-29T02:53,2017-12-29T03:00,24,train,1,2017,12,2,18,2017-12-28T09:00,,,,,,,,,,,-999.0,0.5,0.5,0.0,0.0,nan,nan,nan,nan,nan,4.845759391784668,235.51475524902344,252.59725952148438,255.72552490234375,256.03033447265625,259.177734375,5278.72216796875,2877.40087890625,1425.5810546875,189.1560821533203,254.00547790527344,66.80000305175781,399.4847106933594,0.0,16400.0,0.0,0.019999999552965164,,,,,,,,,,,,,,,,,,,,,,,,,,,,,,,,,,,,,,,,,,,,,,,,,,,,,,,,,,,,,,,,,,,,,,,,,,,,,,,,,,,,,,,,,,,,,,,,,,,,,,,,,,,,,,,,,,
2017-12-29T02:53,2017-12-29T03:00,48,train,1,2017,12,2,18,2017-12-28T09:00,,,,,,,,,,,-999.0,0.5,0.5,0.0,0.0,nan,nan,nan,nan,nan,4.845759391784668,235.51475524902344,252.59725952148438,255.72552490234375,256.03033447265625,259.177734375,5278.72216796875,2877.40087890625,1425.5810546875,189.1560821533203,254.00547790527344,66.80000305175781,399.4847106933594,0.0,16400.0,0.0,0.019999999552965164,,,,,,,,,,,,,,,,,,,,,,,,,,,,,,,,,,,,,,,,,,,,,,,,,,,,,,,,,,,,,,,,,,,,,,,,,,,,,,,,,,,,,,,,,,,,,,,,,,,,,,,,,,,,,,,,,,
2017-12-29T02:53,2017-12-29T03:00,1,train,1,2017,12,2,1,2017-12-29T02:00,,,,,,,,,,,-999.0,1.125,1.125,0.0,0.0,nan,nan,nan,nan,nan,5.695314407348633,235.2565155029297,253.86920166015625,256.4903564453125,255.34906005859375,258.481201171875,5292.38818359375,2883.69677734375,1424.6512451171875,188.28448486328125,254.0575408935547,63.5,403.9300537109375,0.0,18100.0,0.0,0.0020000000949949026,,,,,,,,,,,,,,,,,,,,,,,,,,,,,,,,,,,,,,,,,,,,,,,,,,,,,,,,,,,,,,,,,,,,,,,,,,,,,,,,,,,,,,,,,,,,,,,,,,,,,,,,,,,,,,,,,,
2018-01-08T03:55,2018-01-08T04:00,1,train,0,2018,1,3,1,2018-01-08T03:00,,,,,,,,,,,-999.0,16.5,16.5,6.125,2.25,nan,1226.257080078125,58400.0,87100.0,nan,5.877655506134033,248.22726440429688,262.4024658203125,262.3563537597656,264.20745849609375,267.8382873535156,5439.7255859375,2910.84033203125,1417.273681640625,141.82484436035156,261.62225341796875,82.30000305175781,228.7100067138672,0.0,2800.0,9.999999747378752e-05,0.2290000021457672,,,,,,,,,,,,,,,,,,,,,,,,,,,,,,,,,,,,,,,,,,,,,,,,,,,,,,,,,,,,,,,,,,,,,,,,,,,,,,,,,,,,,,,,,,,,,,,,,,,,,,,,,,,,,,,,,,
2018-01-08T03:55,2018-01-08T04:00,24,train,0,2018,1,3,18,2018-01-07T10:00,,,,,,,,,,,-999.0,5.5,5.5,4.125,2.0,nan,1226.364501953125,46200.0,87100.0,nan,7.825512886047363,248.00833129882812,262.1539611816406,262.7591247558594,264.9748840332031,268.7960510253906,5440.6650390625,2916.34375,1422.041259765625,143.86456298828125,262.35687255859375,80.0,237.76243591308594,0.0,1500.0,0.00019999999494757503,0.23999999463558197,,,,,,,,,,,,,,,,,,,,,,,,,,,,,,,,,,,,,,,,,,,,,,,,,,,,,,,,,,,,,,,,,,,,,,,,,,,,,,,,,,,,,,,,,,,,,,,,,,,,,,,,,,,,,,,,,,
2018-01-08T03:55,2018-01-08T04:00,48,train,0,2018,1,3,18,2018-01-07T10:00,,,,,,,,,,,-999.0,5.5,5.5,4.125,2.0,nan,1226.364501953125,46200.0,87100.0,nan,7.825512886047363,248.00833129882812,262.1539611816406,262.7591247558594,264.9748840332031,268.7960510253906,5440.6650390625,2916.34375,1422.041259765625,143.86456298828125,262.35687255859375,80.0,237.76243591308594,0.0,1500.0,0.00019999999494757503,0.23999999463558197,,,,,,,,,,,,,,,,,,,,,,,,,,,,,,,,,,,,,,,,,,,,,,,,,,,,,,,,,,,,,,,,,,,,,,,,,,,,,,,,,,,,,,,,,,,,,,,,,,,,,,,,,,,,,,,,,,
2018-01-18T00:54,2018-01-18T01:00,48,train,0,2018,1,0,18,2018-01-17T07:00,,,,,,,,,,,-999.0,21.375,21.375,0.0,0.0,nan,nan,nan,nan,nan,2.218491315841675,248.13072204589844,257.93267822265625,263.85247802734375,267.01995849609375,270.9063415527344,5402.74951171875,2896.12841796875,1413.96337890625,134.54879760742188,264.21575927734375,85.69999694824219,168.43124389648438,0.0,9700.0,0.0,4.619999885559082,,,,,,,,,,,,,,,,,,,,,,,,,,,,,,,,,,,,,,,,,,,,,,,,,,,,,,,,,,,,,,,,,,,,,,,,,,,,,,,,,,,,,,,,,,,,,,,,,,,,,,,,,,,,,,,,,,
2018-01-18T00:54,2018-01-18T01:00,1,train,0,2018,1,0,1,2018-01-18T00:00,,,,,,,,,,,-999.0,40.875,40.875,0.0,0.0,nan,nan,nan,nan,nan,1.733617901802063,247.74429321289062,258.30413818359375,263.8048400878906,267.4300842285156,271.26959228515625,5418.0244140625,2910.4609375,1428.3759765625,147.47100830078125,264.6239929199219,88.5999984741211,154.510986328125,0.0,9000.0,0.0,0.023000000044703484,,,,,,,,,,,,,,,,,,,,,,,,,,,,,,,,,,,,,,,,,,,,,,,,,,,,,,,,,,,,,,,,,,,,,,,,,,,,,,,,,,,,,,,,,,,,,,,,,,,,,,,,,,,,,,,,,,
2018-01-18T00:54,2018-01-18T01:00,24,train,0,2018,1,0,18,2018-01-17T07:00,,,,,,,,,,,-999.0,21.375,21.375,0.0,0.0,nan,nan,nan,nan,nan,2.218491315841675,248.13072204589844,257.93267822265625,263.85247802734375,267.01995849609375,270.9063415527344,5402.74951171875,2896.12841796875,1413.96337890625,134.54879760742188,264.21575927734375,85.69999694824219,168.43124389648438,0.0,9700.0,0.0,4.619999885559082,,,,,,,,,,,,,,,,,,,,,,,,,,,,,,,,,,,,,,,,,,,,,,,,,,,,,,,,,,,,,,,,,,,,,,,,,,,,,,,,,,,,,,,,,,,,,,,,,,,,,,,,,,,,,,,,,,
2018-01-26T13:54,2018-01-26T14:00,1,train,0,2018,1,13,1,2018-01-26T13:00,,,,,,,,,,,-999.0,0.0,0.0,0.0,0.0,nan,nan,nan,nan,nan,7.941708564758301,243.47145080566406,256.53582763671875,259.79547119140625,260.346435546875,263.74041748046875,5449.9375,2986.207763671875,1517.290771484375,265.2862243652344,259.52801513671875,45.70000076293945,210.9023895263672,0.0,29200.0,0.0,0.0,,,,,,,,,,,,,,,,,,,,,,,,,,,,,,,,,,,,,,,,,,,,,,,,,,,,,,,,,,,,,,,,,,,,,,,,,,,,,,,,,,,,,,,,,,,,,,,,,,,,,,,,,,,,,,,,,,
2018-01-26T13:54,2018-01-26T14:00,24,train,0,2018,1,13,18,2018-01-25T20:00,,,,,,,,,,,-999.0,0.0,0.0,0.0,0.0,nan,nan,nan,nan,nan,5.586611747741699,243.15371704101562,255.21351623535156,258.907470703125,260.15216064453125,263.38287353515625,5448.974609375,2989.82958984375,1527.7220458984375,276.9403381347656,258.674072265625,49.20000076293945,241.79681396484375,0.0,26700.0,0.0,0.0,,,,,,,,,,,,,,,,,,,,,,,,,,,,,,,,,,,,,,,,,,,,,,,,,,,,,,,,,,,,,,,,,,,,,,,,,,,,,,,,,,,,,,,,,,,,,,,,,,,,,,,,,,,,,,,,,,
2018-01-26T13:54,2018-01-26T14:00,48,train,0,2018,1,13,18,2018-01-25T20:00,,,,,,,,,,,-999.0,0.0,0.0,0.0,0.0,nan,nan,nan,nan,nan,5.586611747741699,243.15371704101562,255.21351623535156,258.907470703125,260.15216064453125,263.38287353515625,5448.974609375,2989.82958984375,1527.7220458984375,276.9403381347656,258.674072265625,49.20000076293945,241.79681396484375,0.0,26700.0,0.0,0.0,,,,,,,,,,,,,,,,,,,,,,,,,,,,,,,,,,,,,,,,,,,,,,,,,,,,,,,,,,,,,,,,,,,,,,,,,,,,,,,,,,,,,,,,,,,,,,,,,,,,,,,,,,,,,,,,,,
2018-03-03T02:54,2018-03-03T03:00,24,train,0,2018,3,2,18,2018-03-02T09:00,,,,,,,,,,,-999.0,66.0,0.0,37.375,66.0,6249.6884765625,7218.783203125,33700.0,39300.0,10116.7568359375,5.0942912101745605,252.49319458007812,266.814697265625,270.76129150390625,273.14813232421875,277.1209716796875,5477.4052734375,2916.658447265625,1386.8975830078125,72.99806213378906,269.11492919921875,58.70000076293945,393.47943115234375,591.280029296875,20500.0,0.0,7.710000038146973,,,,,,,,,,,,,,,,,,,,,,,,,,,,,,,,,,,,,,,,,,,,,,,,,,,,,,,,,,,,,,,,,,,,,,,,,,,,,,,,,,,,,,,,,,,,,,,,,,,,,,,,,,,,,,,,,,
2018-03-03T02:54,2018-03-03T03:00,48,train,0,2018,3,2,18,2018-03-02T09:00,,,,,,,,,,,-999.0,66.0,0.0,37.375,66.0,6249.6884765625,7218.783203125,33700.0,39300.0,10116.7568359375,5.0942912101745605,252.49319458007812,266.814697265625,270.76129150390625,273.14813232421875,277.1209716796875,5477.4052734375,2916.658447265625,1386.8975830078125,72.99806213378906,269.11492919921875,58.70000076293945,393.47943115234375,591.280029296875,20500.0,0.0,7.710000038146973,,,,,,,,,,,,,,,,,,,,,,,,,,,,,,,,,,,,,,,,,,,,,,,,,,,,,,,,,,,,,,,,,,,,,,,,,,,,,,,,,,,,,,,,,,,,,,,,,,,,,,,,,,,,,,,,,,
2018-03-19T19:51,2018-03-19T20:00,24,train,0,2018,3,19,18,2018-03-19T02:00,,,,,,,,,,,-999.0,0.0,0.0,0.0,0.0,nan,nan,nan,nan,nan,9.313043594360352,243.76611328125,256.7789306640625,259.32159423828125,262.47906494140625,266.537109375,5276.9921875,2814.474365234375,1344.7113037109375,83.25425720214844,259.95416259765625,70.69999694824219,372.1490478515625,0.0,16100.0,0.0,0.0,,,,,,,,,,,,,,,,,,,,,,,,,,,,,,,,,,,,,,,,,,,,,,,,,,,,,,,,,,,,,,,,,,,,,,,,,,,,,,,,,,,,,,,,,,,,,,,,,,,,,,,,,,,,,,,,,,
2018-03-03T02:54,2018-03-03T03:00,1,train,0,2018,3,2,1,2018-03-03T02:00,,,,,,,,,,,-999.0,90.75,0.0,84.75,90.75,5443.07177734375,3429.0703125,27300.0,65500.0,10091.921875,5.4935736656188965,254.01583862304688,265.57867431640625,270.2987976074219,273.1912536621094,277.1897888183594,5477.15625,2918.948974609375,1393.731201171875,81.13787841796875,269.61187744140625,64.0999984741211,443.9275207519531,664.5599975585938,18100.0,0.0,0.0,,,,,,,,,,,,,,,,,,,,,,,,,,,,,,,,,,,,,,,,,,,,,,,,,,,,,,,,,,,,,,,,,,,,,,,,,,,,,,,,,,,,,,,,,,,,,,,,,,,,,,,,,,,,,,,,,,
2018-03-19T19:51,2018-03-19T20:00,48,train,0,2018,3,19,18,2018-03-19T02:00,,,,,,,,,,,-999.0,0.0,0.0,0.0,0.0,nan,nan,nan,nan,nan,9.313043594360352,243.76611328125,256.7789306640625,259.32159423828125,262.47906494140625,266.537109375,5276.9921875,2814.474365234375,1344.7113037109375,83.25425720214844,259.95416259765625,70.69999694824219,372.1490478515625,0.0,16100.0,0.0,0.0,,,,,,,,,,,,,,,,,,,,,,,,,,,,,,,,,,,,,,,,,,,,,,,,,,,,,,,,,,,,,,,,,,,,,,,,,,,,,,,,,,,,,,,,,,,,,,,,,,,,,,,,,,,,,,,,,,
2018-03-19T19:51,2018-03-19T20:00,1,train,0,2018,3,19,2,2018-03-19T18:00,,,,,,,,,,,-999.0,0.0,0.0,0.0,0.0,nan,nan,nan,nan,nan,9.12377643585205,243.21029663085938,256.881591796875,260.43145751953125,263.6170654296875,267.6524963378906,5283.28564453125,2823.35205078125,1349.9853515625,84.29676818847656,260.989990234375,66.80000305175781,402.80535888671875,0.0,17900.0,0.0,0.0,,,,,,,,,,,,,,,,,,,,,,,,,,,,,,,,,,,,,,,,,,,,,,,,,,,,,,,,,,,,,,,,,,,,,,,,,,,,,,,,,,,,,,,,,,,,,,,,,,,,,,,,,,,,,,,,,,
2018-06-13T11:51,2018-06-13T12:00,1,train,0,2018,6,11,1,2018-06-13T11:00,,,,,,,,,,,-999.0,0.0,0.0,0.0,0.0,nan,nan,nan,nan,nan,7.79480504989624,261.2117614746094,279.59906005859375,288.0802917480469,290.7507019042969,294.9453125,5760.48828125,3094.842529296875,1478.915771484375,86.34996795654297,287.966796875,60.20000076293945,224.2686767578125,4172.16015625,20500.0,0.0,0.0,,,,,,,,,,,,,,,,,,,,,,,,,,,,,,,,,,,,,,,,,,,,,,,,,,,,,,,,,,,,,,,,,,,,,,,,,,,,,,,,,,,,,,,,,,,,,,,,,,,,,,,,,,,,,,,,,,
2018-06-13T11:51,2018-06-13T12:00,48,train,0,2018,6,11,18,2018-06-12T18:00,,,,,,,,,,,-999.0,0.0,0.0,0.0,0.0,nan,nan,nan,nan,nan,6.758678436279297,262.2554626464844,279.6826171875,286.8050231933594,290.512451171875,294.8899230957031,5764.6572265625,3091.0478515625,1478.95654296875,86.61683654785156,287.2559814453125,76.69999694824219,342.2276916503906,4379.41748046875,13400.0,0.0,0.0,,,,,,,,,,,,,,,,,,,,,,,,,,,,,,,,,,,,,,,,,,,,,,,,,,,,,,,,,,,,,,,,,,,,,,,,,,,,,,,,,,,,,,,,,,,,,,,,,,,,,,,,,,,,,,,,,,
2018-06-13T11:51,2018-06-13T12:00,24,train,0,2018,6,11,18,2018-06-12T18:00,,,,,,,,,,,-999.0,0.0,0.0,0.0,0.0,nan,nan,nan,nan,nan,6.758678436279297,262.2554626464844,279.6826171875,286.8050231933594,290.512451171875,294.8899230957031,5764.6572265625,3091.0478515625,1478.95654296875,86.61683654785156,287.2559814453125,76.69999694824219,342.2276916503906,4379.41748046875,13400.0,0.0,0.0,,,,,,,,,,,,,,,,,,,,,,,,,,,,,,,,,,,,,,,,,,,,,,,,,,,,,,,,,,,,,,,,,,,,,,,,,,,,,,,,,,,,,,,,,,,,,,,,,,,,,,,,,,,,,,,,,,
2018-08-21T10:52,2018-08-21T11:00,1,train,0,2018,8,10,1,2018-08-21T10:00,,,,,,,,,,,-999.0,16.5,16.5,0.0,0.0,nan,nan,nan,nan,nan,3.1482081413269043,266.12359619140625,280.1117248535156,284.47760009765625,287.5145263671875,291.27777099609375,5847.68896484375,3157.3251953125,1549.015869140625,167.43331909179688,282.57635498046875,65.0,155.21832275390625,4527.24853515625,27700.0,0.0,0.0,,,,,,,,,,,,,,,,,,,,,,,,,,,,,,,,,,,,,,,,,,,,,,,,,,,,,,,,,,,,,,,,,,,,,,,,,,,,,,,,,,,,,,,,,,,,,,,,,,,,,,,,,,,,,,,,,,
2018-08-21T10:52,2018-08-21T11:00,24,train,0,2018,8,10,23,2018-08-20T12:00,,,,,,,,,,,-999.0,7.75,7.75,0.0,0.0,nan,nan,nan,nan,nan,3.2912213802337646,264.90899658203125,280.2936706542969,284.19488525390625,287.34197998046875,291.3572082519531,5847.6103515625,3163.128173828125,1555.231689453125,173.92156982421875,283.6015930175781,71.9000015258789,96.15345001220703,4441.38525390625,22100.0,0.0,0.0,,,,,,,,,,,,,,,,,,,,,,,,,,,,,,,,,,,,,,,,,,,,,,,,,,,,,,,,,,,,,,,,,,,,,,,,,,,,,,,,,,,,,,,,,,,,,,,,,,,,,,,,,,,,,,,,,,
2018-08-21T10:52,2018-08-21T11:00,48,train,0,2018,8,10,35,2018-08-20T00:00,,,,,,,,,,,-999.0,1.375,1.375,0.0,0.0,nan,nan,nan,nan,nan,3.2943270206451416,265.0330810546875,280.06463623046875,284.33734130859375,287.65277099609375,291.69482421875,5850.3916015625,3162.443115234375,1556.097900390625,173.03111267089844,284.0598449707031,81.4000015258789,169.2087860107422,4534.69970703125,16600.0,0.0,0.0,,,,,,,,,,,,,,,,,,,,,,,,,,,,,,,,,,,,,,,,,,,,,,,,,,,,,,,,,,,,,,,,,,,,,,,,,,,,,,,,,,,,,,,,,,,,,,,,,,,,,,,,,,,,,,,,,,
2018-09-12T22:51,2018-09-12T23:00,1,train,0,2018,9,22,1,2018-09-12T22:00,,,,,,,,,,,-999.0,26.25,26.25,0.0,0.0,nan,nan,nan,nan,nan,2.0907933712005615,263.934326171875,280.63543701171875,285.9417419433594,289.07666015625,293.3918762207031,5903.19091796875,3218.717041015625,1598.7772216796875,207.5189208984375,286.8480529785156,92.0,191.37216186523438,4419.17626953125,12600.0,0.0,0.0,,,,,,,,,,,,,,,,,,,,,,,,,,,,,,,,,,,,,,,,,,,,,,,,,,,,,,,,,,,,,,,,,,,,,,,,,,,,,,,,,,,,,,,,,,,,,,,,,,,,,,,,,,,,,,,,,,
2018-09-12T22:51,2018-09-12T23:00,48,train,0,2018,9,22,35,2018-09-11T12:00,,,,,,,,,,,-999.0,74.125,13.625,52.625,74.125,1246.324951171875,1228.5096435546875,30800.0,89000.0,11854.4140625,2.3473098278045654,263.4535827636719,279.28057861328125,286.89886474609375,290.779541015625,295.05767822265625,5904.76513671875,3225.774169921875,1610.5556640625,214.55697631835938,288.44024658203125,100.0,493.8726501464844,4480.4580078125,0.0,0.0,8.529999732971191,,,,,,,,,,,,,,,,,,,,,,,,,,,,,,,,,,,,,,,,,,,,,,,,,,,,,,,,,,,,,,,,,,,,,,,,,,,,,,,,,,,,,,,,,,,,,,,,,,,,,,,,,,,,,,,,,,
2018-09-12T22:51,2018-09-12T23:00,24,train,0,2018,9,22,23,2018-09-12T00:00,,,,,,,,,,,-999.0,18.375,18.375,0.0,10.875,nan,nan,nan,nan,nan,2.185683250427246,263.3369140625,279.8373107910156,286.3262939453125,290.0733642578125,294.1800231933594,5898.419921875,3216.795654296875,1602.3333740234375,209.43377685546875,287.84246826171875,86.69999694824219,178.4740447998047,4479.65673828125,15100.0,0.0,0.0,,,,,,,,,,,,,,,,,,,,,,,,,,,,,,,,,,,,,,,,,,,,,,,,,,,,,,,,,,,,,,,,,,,,,,,,,,,,,,,,,,,,,,,,,,,,,,,,,,,,,,,,,,,,,,,,,,
2018-09-29T12:50,2018-09-29T13:00,1,train,0,2018,9,12,1,2018-09-29T12:00,,,,,,,,,,,-999.0,24.0,24.0,0.0,0.0,1244.643798828125,1227.6370849609375,87300.0,88100.0,1369.290283203125,9.76149845123291,261.5549011230469,272.0335693359375,278.3043212890625,281.40179443359375,285.54608154296875,5716.6708984375,3088.51416015625,1517.703125,168.0499725341797,278.6071472167969,100.0,318.7108154296875,3136.800048828125,200.0,0.0,0.05000000074505806,,,,,,,,,,,,,,,,,,,,,,,,,,,,,,,,,,,,,,,,,,,,,,,,,,,,,,,,,,,,,,,,,,,,,,,,,,,,,,,,,,,,,,,,,,,,,,,,,,,,,,,,,,,,,,,,,,
2018-09-29T12:50,2018-09-29T13:00,24,train,0,2018,9,12,25,2018-09-28T12:00,,,,,,,,,,,-999.0,24.5,24.5,0.0,0.0,1244.5364990234375,1227.5426025390625,86400.0,88000.0,1480.7738037109375,7.712273120880127,261.0654296875,272.41583251953125,278.02490234375,281.173095703125,285.52569580078125,5705.2412109375,3078.4365234375,1507.9638671875,157.58090209960938,278.4142150878906,100.0,453.721923828125,3139.840087890625,300.0,0.0,0.3199999928474426,,,,,,,,,,,,,,,,,,,,,,,,,,,,,,,,,,,,,,,,,,,,,,,,,,,,,,,,,,,,,,,,,,,,,,,,,,,,,,,,,,,,,,,,,,,,,,,,,,,,,,,,,,,,,,,,,,
2018-09-29T12:50,2018-09-29T13:00,48,train,0,2018,9,12,31,2018-09-28T06:00,,,,,,,,,,,-999.0,19.5,19.5,0.0,0.0,1244.8779296875,1227.679931640625,86400.0,87900.0,1482.7879638671875,8.96428394317627,261.5518493652344,272.5306701660156,279.38348388671875,282.8658447265625,287.3087158203125,5705.67724609375,3075.5087890625,1501.7598876953125,145.8820037841797,279.9437561035156,100.0,433.66595458984375,3144.639892578125,100.0,0.0,0.36000001430511475,,,,,,,,,,,,,,,,,,,,,,,,,,,,,,,,,,,,,,,,,,,,,,,,,,,,,,,,,,,,,,,,,,,,,,,,,,,,,,,,,,,,,,,,,,,,,,,,,,,,,,,,,,,,,,,,,,
2018-10-27T02:56,2018-10-27T03:00,1,train,0,2018,10,2,1,2018-10-27T02:00,,,,,,,,,,,-999.0,0.0,0.0,0.0,0.0,nan,nan,nan,nan,nan,2.950828790664673,254.0400390625,266.62860107421875,269.3893737792969,272.00079345703125,275.72705078125,5555.43994140625,2984.9326171875,1459.6376953125,151.90396118164062,263.62091064453125,31.600000381469727,50.671470642089844,0.0,58300.0,0.0,0.0,,,,,,,,,,,,,,,,,,,,,,,,,,,,,,,,,,,,,,,,,,,,,,,,,,,,,,,,,,,,,,,,,,,,,,,,,,,,,,,,,,,,,,,,,,,,,,,,,,,,,,,,,,,,,,,,,,
2018-10-27T02:56,2018-10-27T03:00,24,train,0,2018,10,2,21,2018-10-26T06:00,,,,,,,,,,,-999.0,44.875,0.0,44.875,20.0,nan,4544.41015625,40100.0,57200.0,nan,4.078567028045654,253.45664978027344,265.0577392578125,268.9002990722656,271.8939208984375,275.6889953613281,5555.162109375,2991.29736328125,1475.1181640625,169.05264282226562,265.9247131347656,39.79999923706055,101.41561889648438,94.31999969482422,47700.0,0.0,0.019999999552965164,,,,,,,,,,,,,,,,,,,,,,,,,,,,,,,,,,,,,,,,,,,,,,,,,,,,,,,,,,,,,,,,,,,,,,,,,,,,,,,,,,,,,,,,,,,,,,,,,,,,,,,,,,,,,,,,,,
2018-10-27T02:56,2018-10-27T03:00,48,train,0,2018,10,2,33,2018-10-25T18:00,,,,,,,,,,,-999.0,1.625,0.0,0.0,1.625,nan,nan,nan,nan,nan,5.092127323150635,252.92092895507812,264.9960021972656,269.04974365234375,271.3659362792969,275.140869140625,5549.744140625,2990.541015625,1473.4141845703125,169.34877014160156,267.4090881347656,25.299999237060547,69.31883239746094,327.5199890136719,74000.0,0.0,0.1899999976158142,,,,,,,,,,,,,,,,,,,,,,,,,,,,,,,,,,,,,,,,,,,,,,,,,,,,,,,,,,,,,,,,,,,,,,,,,,,,,,,,,,,,,,,,,,,,,,,,,,,,,,,,,,,,,,,,,,
2018-11-29T17:56,2018-11-29T18:00,1,train,0,2018,11,17,1,2018-11-29T17:00,,,,,,,,,,,-999.0,90.25,25.375,90.25,70.25,1242.7425537109375,1226.595703125,42800.0,86500.0,6982.96826171875,14.954715728759766,249.02005004882812,263.1678161621094,267.8642272949219,270.73968505859375,274.76324462890625,5397.12451171875,2871.83154296875,1357.8388671875,56.16937255859375,266.2297668457031,94.0,407.0024719238281,144.16000366210938,300.0,0.0,0.035999998450279236,,,,,,,,,,,,,,,,,,,,,,,,,,,,,,,,,,,,,,,,,,,,,,,,,,,,,,,,,,,,,,,,,,,,,,,,,,,,,,,,,,,,,,,,,,,,,,,,,,,,,,,,,,,,,,,,,,
2018-11-29T17:56,2018-11-29T18:00,24,train,0,2018,11,17,24,2018-11-28T18:00,,,,,,,,,,,-999.0,100.0,16.5,97.0,100.0,1242.658203125,1226.5213623046875,30700.0,86300.0,10093.6689453125,12.767664909362793,248.70626831054688,263.4813232421875,266.9560546875,270.01953125,274.0664367675781,5380.07177734375,2849.8984375,1339.0986328125,39.31028747558594,265.4361572265625,93.30000305175781,431.85870361328125,24.959999084472656,100.0,0.0,7.190000057220459,,,,,,,,,,,,,,,,,,,,,,,,,,,,,,,,,,,,,,,,,,,,,,,,,,,,,,,,,,,,,,,,,,,,,,,,,,,,,,,,,,,,,,,,,,,,,,,,,,,,,,,,,,,,,,,,,,
2018-11-29T17:56,2018-11-29T18:00,48,train,0,2018,11,17,36,2018-11-28T06:00,,,,,,,,,,,-999.0,100.0,29.5,95.25,100.0,1242.67724609375,1226.5599365234375,37300.0,86300.0,9769.4150390625,11.653429985046387,248.6579132080078,262.9982604980469,267.00799560546875,270.00927734375,274.0294189453125,5376.185546875,2850.511474609375,1340.2001953125,40.91290283203125,265.68707275390625,93.5999984741211,430.11822509765625,61.439998626708984,100.0,0.0,8.640000343322754,,,,,,,,,,,,,,,,,,,,,,,,,,,,,,,,,,,,,,,,,,,,,,,,,,,,,,,,,,,,,,,,,,,,,,,,,,,,,,,,,,,,,,,,,,,,,,,,,,,,,,,,,,,,,,,,,,
2018-12-10T22:58,2018-12-10T23:00,1,train,0,2018,12,22,1,2018-12-10T22:00,,,,,,,,,,,-999.0,0.875,0.875,0.0,0.0,nan,nan,nan,nan,nan,7.740909576416016,246.046875,259.5229187011719,263.3897705078125,264.0828857421875,267.62896728515625,5413.10400390625,2916.8583984375,1427.951904296875,155.0665283203125,262.4879455566406,37.70000076293945,127.36774444580078,0.0,53100.0,0.0,0.0,,,,,,,,,,,,,,,,,,,,,,,,,,,,,,,,,,,,,,,,,,,,,,,,,,,,,,,,,,,,,,,,,,,,,,,,,,,,,,,,,,,,,,,,,,,,,,,,,,,,,,,,,,,,,,,,,,
2018-12-10T22:58,2018-12-10T23:00,24,train,0,2018,12,22,23,2018-12-10T00:00,,,,,,,,,,,-999.0,0.25,0.25,0.0,0.0,nan,nan,nan,nan,nan,6.764675140380859,244.39561462402344,258.8714599609375,262.39306640625,263.926513671875,267.56689453125,5398.42529296875,2913.32568359375,1429.798828125,158.8234100341797,261.412353515625,41.20000076293945,130.365966796875,0.0,48400.0,0.0,0.11999999731779099,,,,,,,,,,,,,,,,,,,,,,,,,,,,,,,,,,,,,,,,,,,,,,,,,,,,,,,,,,,,,,,,,,,,,,,,,,,,,,,,,,,,,,,,,,,,,,,,,,,,,,,,,,,,,,,,,,
2018-12-22T10:52,2018-12-22T11:00,1,train,0,2018,12,10,1,2018-12-22T10:00,,,,,,,,,,,-999.0,46.5,46.5,2.0,0.0,1244.5106201171875,1227.5924072265625,81200.0,85400.0,1793.956298828125,8.952553749084473,252.43800354003906,269.3645935058594,278.4071350097656,282.1158752441406,286.3181457519531,5385.6484375,2812.234130859375,1250.5164794921875,-95.61439514160156,277.7419128417969,99.4000015258789,383.51690673828125,2145.679931640625,0.0,0.0,1.0399999618530273,,,,,,,,,,,,,,,,,,,,,,,,,,,,,,,,,,,,,,,,,,,,,,,,,,,,,,,,,,,,,,,,,,,,,,,,,,,,,,,,,,,,,,,,,,,,,,,,,,,,,,,,,,,,,,,,,,
2018-12-10T22:58,2018-12-10T23:00,48,train,0,2018,12,22,35,2018-12-09T12:00,,,,,,,,,,,-999.0,0.25,0.25,0.0,0.0,nan,nan,nan,nan,nan,7.926661968231201,244.1795196533203,258.43927001953125,261.31439208984375,262.9996032714844,266.7039489746094,5390.11328125,2906.60546875,1427.263427734375,160.31051635742188,260.64178466796875,41.70000076293945,139.37271118164062,0.0,47700.0,0.0,0.44999998807907104,,,,,,,,,,,,,,,,,,,,,,,,,,,,,,,,,,,,,,,,,,,,,,,,,,,,,,,,,,,,,,,,,,,,,,,,,,,,,,,,,,,,,,,,,,,,,,,,,,,,,,,,,,,,,,,,,,
2018-12-22T10:52,2018-12-22T11:00,24,train,0,2018,12,10,23,2018-12-21T12:00,,,,,,,,,,,-999.0,57.875,57.875,11.75,0.0,1244.453857421875,1227.4989013671875,45500.0,85100.0,2421.756103515625,6.848202228546143,252.46046447753906,268.3000183105469,277.44940185546875,281.6390075683594,285.85858154296875,5337.2998046875,2775.24462890625,1221.546142578125,-120.20504760742188,277.0387878417969,99.4000015258789,476.6175231933594,1893.5999755859375,0.0,0.0003000000142492354,78.80000305175781,,,,,,,,,,,,,,,,,,,,,,,,,,,,,,,,,,,,,,,,,,,,,,,,,,,,,,,,,,,,,,,,,,,,,,,,,,,,,,,,,,,,,,,,,,,,,,,,,,,,,,,,,,,,,,,,,,
2018-12-22T10:52,2018-12-22T11:00,48,train,0,2018,12,10,35,2018-12-21T00:00,,,,,,,,,,,-999.0,53.75,53.75,0.0,0.0,1244.333251953125,1227.468505859375,75500.0,85100.0,2418.987548828125,7.719793796539307,250.18458557128906,267.5090026855469,276.78094482421875,280.98858642578125,285.1695251464844,5326.7392578125,2775.435546875,1227.473876953125,-111.27182006835938,276.4427490234375,99.5999984741211,475.93353271484375,1817.1199951171875,0.0,0.00019999999494757503,127.19999694824219,,,,,,,,,,,,,,,,,,,,,,,,,,,,,,,,,,,,,,,,,,,,,,,,,,,,,,,,,,,,,,,,,,,,,,,,,,,,,,,,,,,,,,,,,,,,,,,,,,,,,,,,,,,,,,,,,,
2019-01-06T19:54,2019-01-06T20:00,1,train,0,2019,1,19,1,2019-01-06T19:00,,,,,,,,,,,-999.0,36.75,36.75,0.0,0.0,1242.0511474609375,1226.184326171875,82400.0,86600.0,1903.1153564453125,11.371637344360352,241.24020385742188,254.79583740234375,260.2279052734375,265.42169189453125,269.60711669921875,5272.11083984375,2828.49755859375,1366.9193115234375,100.25552368164062,261.27764892578125,89.69999694824219,479.2086181640625,0.0,900.0,0.0,0.08500000089406967,,,,,,,,,,,,,,,,,,,,,,,,,,,,,,,,,,,,,,,,,,,,,,,,,,,,,,,,,,,,,,,,,,,,,,,,,,,,,,,,,,,,,,,,,,,,,,,,,,,,,,,,,,,,,,,,,,
2019-01-06T19:54,2019-01-06T20:00,24,train,0,2019,1,19,26,2019-01-05T18:00,,,,,,,,,,,-999.0,35.125,35.125,2.25,0.0,1242.0224609375,1226.0887451171875,83700.0,86400.0,1595.0906982421875,14.640469551086426,240.0573272705078,256.1689147949219,260.4627990722656,264.40924072265625,268.59393310546875,5262.63427734375,2820.1376953125,1350.0345458984375,83.74700164794922,260.3072204589844,88.4000015258789,294.4959411621094,0.0,100.0,0.0,2.7699999809265137,,,,,,,,,,,,,,,,,,,,,,,,,,,,,,,,,,,,,,,,,,,,,,,,,,,,,,,,,,,,,,,,,,,,,,,,,,,,,,,,,,,,,,,,,,,,,,,,,,,,,,,,,,,,,,,,,,
2019-02-03T08:56,2019-02-03T09:00,1,train,1,2019,2,8,1,2019-02-03T08:00,,,,,,,,,,,-999.0,31.25,15.625,31.25,2.25,nan,nan,nan,nan,nan,5.877033233642578,250.47750854492188,263.71923828125,263.8082275390625,265.19732666015625,268.7607421875,5454.73095703125,2916.1748046875,1415.20556640625,133.27603149414062,263.80615234375,44.099998474121094,114.37710571289062,0.0,45000.0,0.0,0.0,,,,,,,,,,,,,,,,,,,,,,,,,,,,,,,,,,,,,,,,,,,,,,,,,,,,,,,,,,,,,,,,,,,,,,,,,,,,,,,,,,,,,,,,,,,,,,,,,,,,,,,,,,,,,,,,,,
2019-01-06T19:54,2019-01-06T20:00,48,train,0,2019,1,19,32,2019-01-05T12:00,,,,,,,,,,,-999.0,35.125,35.125,0.0,0.0,1241.969970703125,1226.099609375,82300.0,86500.0,1752.7547607421875,12.815550804138184,240.20068359375,255.18106079101562,259.79766845703125,263.8908386230469,268.0286865234375,5256.01171875,2819.147216796875,1355.03564453125,91.13922119140625,259.8262939453125,87.9000015258789,389.5539245605469,0.0,100.0,9.999999747378752e-05,2.5899999141693115,,,,,,,,,,,,,,,,,,,,,,,,,,,,,,,,,,,,,,,,,,,,,,,,,,,,,,,,,,,,,,,,,,,,,,,,,,,,,,,,,,,,,,,,,,,,,,,,,,,,,,,,,,,,,,,,,,
2019-02-03T08:56,2019-02-03T09:00,24,train,1,2019,2,8,21,2019-02-02T12:00,,,,,,,,,,,-999.0,36.0,3.0,0.25,36.0,nan,nan,nan,nan,nan,7.0634894371032715,252.0402069091797,264.0376892089844,263.82769775390625,265.59869384765625,269.3155212402344,5457.86083984375,2909.14599609375,1406.830322265625,122.37382507324219,263.20458984375,48.599998474121094,152.5980224609375,0.0,40000.0,0.0,2.799999952316284,,,,,,,,,,,,,,,,,,,,,,,,,,,,,,,,,,,,,,,,,,,,,,,,,,,,,,,,,,,,,,,,,,,,,,,,,,,,,,,,,,,,,,,,,,,,,,,,,,,,,,,,,,,,,,,,,,
2019-02-03T08:56,2019-02-03T09:00,48,train,1,2019,2,8,33,2019-02-02T00:00,,,,,,,,,,,-999.0,25.875,0.5,0.0,25.875,10340.4775390625,nan,nan,nan,13452.4013671875,8.048319816589355,251.13906860351562,263.1647033691406,262.3607482910156,263.8864440917969,267.4707336425781,5450.28173828125,2909.483642578125,1413.875,137.2188720703125,261.5560302734375,41.099998474121094,142.43301391601562,0.0,48600.0,0.0,4.519999980926514,,,,,,,,,,,,,,,,,,,,,,,,,,,,,,,,,,,,,,,,,,,,,,,,,,,,,,,,,,,,,,,,,,,,,,,,,,,,,,,,,,,,,,,,,,,,,,,,,,,,,,,,,,,,,,,,,,
2019-04-01T12:51,2019-04-01T13:00,1,train,0,2019,4,12,1,2019-04-01T12:00,,,,,,,,,,,-999.0,20.625,20.625,0.0,0.0,1241.9810791015625,1226.114990234375,85000.0,86500.0,1568.192138671875,17.82731056213379,238.73426818847656,254.17312622070312,260.61212158203125,264.36065673828125,268.4859619140625,5246.90771484375,2824.233154296875,1358.362548828125,97.39604187011719,260.3438720703125,88.9000015258789,262.1183166503906,0.0,100.0,0.0,0.23399999737739563,,,,,,,,,,,,,,,,,,,,,,,,,,,,,,,,,,,,,,,,,,,,,,,,,,,,,,,,,,,,,,,,,,,,,,,,,,,,,,,,,,,,,,,,,,,,,,,,,,,,,,,,,,,,,,,,,,
2019-04-01T12:51,2019-04-01T13:00,24,train,0,2019,4,12,25,2019-03-31T12:00,,,,,,,,,,,-999.0,37.0,37.0,0.0,0.0,1241.7672119140625,1226.0123291015625,83700.0,86400.0,1592.794677734375,16.88199234008789,239.24960327148438,254.0318145751953,259.2487487792969,263.0164489746094,267.1672058105469,5234.416015625,2808.8134765625,1349.26025390625,92.90824890136719,259.03558349609375,87.80000305175781,323.2489013671875,0.0,100.0,0.0,16.84000015258789,,,,,,,,,,,,,,,,,,,,,,,,,,,,,,,,,,,,,,,,,,,,,,,,,,,,,,,,,,,,,,,,,,,,,,,,,,,,,,,,,,,,,,,,,,,,,,,,,,,,,,,,,,,,,,,,,,
2019-04-01T12:51,2019-04-01T13:00,48,train,0,2019,4,12,31,2019-03-31T06:00,,,,,,,,,,,-999.0,37.0,37.0,0.0,0.0,1241.7437744140625,1226.0445556640625,80500.0,86400.0,2004.0599365234375,14.326416969299316,240.34732055664062,252.9407501220703,257.33538818359375,262.27008056640625,266.4344482421875,5237.77392578125,2802.643310546875,1355.5218505859375,102.67401885986328,258.26446533203125,87.30000305175781,516.4749755859375,0.0,100.0,0.0,22.290000915527344,,,,,,,,,,,,,,,,,,,,,,,,,,,,,,,,,,,,,,,,,,,,,,,,,,,,,,,,,,,,,,,,,,,,,,,,,,,,,,,,,,,,,,,,,,,,,,,,,,,,,,,,,,,,,,,,,,
2019-05-03T11:53,2019-05-03T12:00,1,train,0,2019,5,11,1,2019-05-03T11:00,,,,,,,,,,,-999.0,35.875,28.625,35.875,0.0,nan,4672.29296875,49600.0,57300.0,nan,5.083346843719482,259.0194091796875,274.66259765625,280.0482177734375,279.49560546875,282.9455261230469,5709.8935546875,3081.73876953125,1497.8114013671875,151.2530975341797,280.1084899902344,59.900001525878906,99.22406005859375,3336.719970703125,30800.0,0.0,0.0,,,,,,,,,,,,,,,,,,,,,,,,,,,,,,,,,,,,,,,,,,,,,,,,,,,,,,,,,,,,,,,,,,,,,,,,,,,,,,,,,,,,,,,,,,,,,,,,,,,,,,,,,,,,,,,,,,
2019-05-03T11:53,2019-05-03T12:00,24,train,0,2019,5,11,24,2019-05-02T12:00,,,,,,,,,,,-999.0,100.0,40.125,100.0,100.0,6588.10205078125,3375.12353515625,32800.0,67500.0,10413.44921875,4.436151027679443,258.59405517578125,273.20068359375,278.1517333984375,279.9140319824219,283.40069580078125,5699.341796875,3079.88720703125,1504.48681640625,158.92173767089844,279.2361145019531,83.9000015258789,166.4098663330078,3171.43994140625,16400.0,0.0,0.9100000262260437,,,,,,,,,,,,,,,,,,,,,,,,,,,,,,,,,,,,,,,,,,,,,,,,,,,,,,,,,,,,,,,,,,,,,,,,,,,,,,,,,,,,,,,,,,,,,,,,,,,,,,,,,,,,,,,,,,
2019-05-03T11:53,2019-05-03T12:00,48,train,0,2019,5,11,36,2019-05-02T00:00,,,,,,,,,,,-999.0,99.375,49.625,99.375,96.875,7371.4150390625,4665.0654296875,32800.0,57200.0,9184.826171875,5.269854545593262,258.42498779296875,273.9195861816406,279.0127258300781,280.7666015625,284.09002685546875,5691.56103515625,3079.86962890625,1501.550537109375,152.5501251220703,280.2770690917969,86.5,170.0997314453125,3296.47998046875,15300.0,0.0,18.270000457763672,,,,,,,,,,,,,,,,,,,,,,,,,,,,,,,,,,,,,,,,,,,,,,,,,,,,,,,,,,,,,,,,,,,,,,,,,,,,,,,,,,,,,,,,,,,,,,,,,,,,,,,,,,,,,,,,,,
2019-05-31T23:52,2019-06-01T00:00,1,train,0,2019,5,23,1,2019-05-31T23:00,,,,,,,,,,,-999.0,0.0,0.0,0.0,0.0,nan,nan,nan,nan,nan,4.886801242828369,256.99853515625,272.755126953125,279.602783203125,285.1878967285156,289.513916015625,5612.30712890625,3000.926513671875,1433.28466796875,72.36268615722656,280.5369567871094,50.400001525878906,405.79266357421875,3301.60009765625,39500.0,0.0,0.0,,,,,,,,,,,,,,,,,,,,,,,,,,,,,,,,,,,,,,,,,,,,,,,,,,,,,,,,,,,,,,,,,,,,,,,,,,,,,,,,,,,,,,,,,,,,,,,,,,,,,,,,,,,,,,,,,,
2019-05-31T23:52,2019-06-01T00:00,48,train,0,2019,5,23,36,2019-05-30T12:00,,,,,,,,,,,-999.0,0.0,0.0,0.0,0.0,nan,nan,nan,nan,nan,5.82253885269165,257.21502685546875,271.2044677734375,278.8944091796875,283.522216796875,287.8297424316406,5604.390625,2997.054931640625,1432.4925537109375,78.0570297241211,279.26593017578125,59.099998474121094,231.45370483398438,2873.919921875,31300.0,0.0,2.490000009536743,,,,,,,,,,,,,,,,,,,,,,,,,,,,,,,,,,,,,,,,,,,,,,,,,,,,,,,,,,,,,,,,,,,,,,,,,,,,,,,,,,,,,,,,,,,,,,,,,,,,,,,,,,,,,,,,,,
2019-08-21T11:48,2019-08-21T12:00,1,train,0,2019,8,11,1,2019-08-21T11:00,,,,,,,,,,,-999.0,98.0,0.0,95.875,98.0,6986.064453125,6970.91455078125,30700.0,43000.0,10645.8544921875,7.3553266525268555,264.079833984375,279.43133544921875,288.4819030761719,292.357666015625,296.3082275390625,5825.5791015625,3142.915771484375,1526.70556640625,128.89517211914062,288.8509521484375,63.20000076293945,170.6387481689453,4353.0615234375,28300.0,0.0,0.0,,,,,,,,,,,,,,,,,,,,,,,,,,,,,,,,,,,,,,,,,,,,,,,,,,,,,,,,,,,,,,,,,,,,,,,,,,,,,,,,,,,,,,,,,,,,,,,,,,,,,,,,,,,,,,,,,,
2019-05-31T23:52,2019-06-01T00:00,24,train,0,2019,5,23,24,2019-05-31T00:00,,,,,,,,,,,-999.0,0.0,0.0,0.0,0.0,nan,nan,nan,nan,nan,5.151313781738281,255.62167358398438,271.5440368652344,279.002685546875,284.1174621582031,288.4014587402344,5596.97412109375,2992.9794921875,1428.015380859375,71.23406219482422,279.8858947753906,66.0999984741211,324.6337890625,2950.39990234375,26200.0,0.0,0.7400000095367432,,,,,,,,,,,,,,,,,,,,,,,,,,,,,,,,,,,,,,,,,,,,,,,,,,,,,,,,,,,,,,,,,,,,,,,,,,,,,,,,,,,,,,,,,,,,,,,,,,,,,,,,,,,,,,,,,,
2019-08-21T11:48,2019-08-21T12:00,24,train,0,2019,8,11,24,2019-08-20T12:00,,,,,,,,,,,-999.0,100.0,0.0,55.125,100.0,8555.5615234375,6961.0341796875,21400.0,43000.0,12683.1708984375,6.386376857757568,262.3973083496094,278.8192138671875,289.32244873046875,294.10369873046875,298.12481689453125,5823.44677734375,3154.68603515625,1536.5665283203125,133.66873168945312,290.880126953125,59.900001525878906,248.04843139648438,4209.46728515625,30700.0,0.0,0.0,,,,,,,,,,,,,,,,,,,,,,,,,,,,,,,,,,,,,,,,,,,,,,,,,,,,,,,,,,,,,,,,,,,,,,,,,,,,,,,,,,,,,,,,,,,,,,,,,,,,,,,,,,,,,,,,,,
2019-08-21T11:48,2019-08-21T12:00,48,train,0,2019,8,11,36,2019-08-20T00:00,,,,,,,,,,,-999.0,0.0,0.0,0.0,0.0,nan,nan,nan,nan,nan,6.149979114532471,262.2142333984375,278.71014404296875,288.95745849609375,293.95123291015625,298.16796875,5823.5849609375,3158.30712890625,1541.158203125,138.84103393554688,290.65093994140625,65.5999984741211,324.5386657714844,4153.537109375,26600.0,0.0,0.05999999865889549,,,,,,,,,,,,,,,,,,,,,,,,,,,,,,,,,,,,,,,,,,,,,,,,,,,,,,,,,,,,,,,,,,,,,,,,,,,,,,,,,,,,,,,,,,,,,,,,,,,,,,,,,,,,,,,,,,
2019-10-07T20:48,2019-10-07T21:00,1,train,0,2019,10,20,1,2019-10-07T20:00,,,,,,,,,,,4730.2001953125,70.125,61.25,70.125,0.0,nan,3047.396484375,40100.0,70400.0,nan,4.090685844421387,260.84954833984375,274.3761901855469,280.4558410644531,283.882080078125,287.94024658203125,5740.638671875,3095.072265625,1511.8966064453125,149.10670471191406,282.3680419921875,89.30000305175781,373.838134765625,3398.5615234375,14400.0,9.999999747378752e-05,1.1100000143051147,,,,,,,,,,,,,,,,,,,,,,,,,,,,,,,,,,,,,,,,,,,,,,,,,,,,,,,,,,,,,,,,,,,,,,,,,,,,,,,,,,,,,,,,,,,,,,,,,,,,,,,,,,,,,,,,,,
2019-10-07T20:48,2019-10-07T21:00,48,train,0,2019,10,20,33,2019-10-06T12:00,,,,,,,,,,,-999.0,39.875,39.875,35.625,10.375,nan,3387.774658203125,46100.0,67400.0,nan,8.474510192871094,260.5875244140625,273.8779602050781,280.6299743652344,284.703857421875,288.9895324707031,5725.8486328125,3083.91943359375,1504.431640625,141.29751586914062,281.8283996582031,79.4000015258789,341.418212890625,3527.981201171875,18700.0,0.0,29.540000915527344,,,,,,,,,,,,,,,,,,,,,,,,,,,,,,,,,,,,,,,,,,,,,,,,,,,,,,,,,,,,,,,,,,,,,,,,,,,,,,,,,,,,,,,,,,,,,,,,,,,,,,,,,,,,,,,,,,
2019-10-19T16:52,2019-10-19T17:00,1,train,0,2019,10,16,1,2019-10-19T16:00,,,,,,,,,,,-999.0,10.375,10.375,0.0,0.0,nan,nan,nan,nan,nan,6.340339660644531,259.1163024902344,274.0184020996094,276.1485595703125,277.90740966796875,282.1825256347656,5647.306640625,3016.29638671875,1448.11474609375,106.16910552978516,278.37451171875,54.400001525878906,193.05194091796875,3242.309814453125,37000.0,0.0,0.0,,,,,,,,,,,,,,,,,,,,,,,,,,,,,,,,,,,,,,,,,,,,,,,,,,,,,,,,,,,,,,,,,,,,,,,,,,,,,,,,,,,,,,,,,,,,,,,,,,,,,,,,,,,,,,,,,,
2019-10-07T20:48,2019-10-07T21:00,24,train,0,2019,10,20,21,2019-10-07T00:00,,,,,,,,,,,5097.7998046875,98.0,98.0,83.625,71.25,2008.793212890625,2463.36669921875,35000.0,75600.0,9163.181640625,3.930917739868164,260.7738037109375,275.3773193359375,280.19403076171875,282.8386535644531,287.01702880859375,5734.00244140625,3085.9482421875,1496.5440673828125,134.40151977539062,281.040283203125,92.9000015258789,437.2037658691406,3520.22509765625,6500.0,0.0005000000237487257,34.0,,,,,,,,,,,,,,,,,,,,,,,,,,,,,,,,,,,,,,,,,,,,,,,,,,,,,,,,,,,,,,,,,,,,,,,,,,,,,,,,,,,,,,,,,,,,,,,,,,,,,,,,,,,,,,,,,,
2019-10-19T16:52,2019-10-19T17:00,24,train,0,2019,10,16,23,2019-10-18T18:00,,,,,,,,,,,-999.0,1.375,1.375,0.0,0.0,nan,nan,nan,nan,nan,5.962093353271484,259.70465087890625,273.07012939453125,274.5804748535156,277.4045104980469,281.78106689453125,5638.9111328125,3011.184814453125,1451.454345703125,113.05108642578125,276.92913818359375,56.29999923706055,264.4460144042969,3042.504638671875,35000.0,0.0,5.059999942779541,,,,,,,,,,,,,,,,,,,,,,,,,,,,,,,,,,,,,,,,,,,,,,,,,,,,,,,,,,,,,,,,,,,,,,,,,,,,,,,,,,,,,,,,,,,,,,,,,,,,,,,,,,,,,,,,,,
2019-10-19T16:52,2019-10-19T17:00,48,train,0,2019,10,16,35,2019-10-18T06:00,,,,,,,,,,,-999.0,1.125,1.125,0.0,0.0,nan,nan,nan,nan,nan,6.082334995269775,259.41802978515625,273.1415710449219,274.80047607421875,277.5437927246094,281.8329162597656,5637.48046875,3008.901123046875,1448.8875732421875,109.52824401855469,276.90277099609375,56.900001525878906,261.92626953125,3098.121826171875,34300.0,0.0,18.18000030517578,,,,,,,,,,,,,,,,,,,,,,,,,,,,,,,,,,,,,,,,,,,,,,,,,,,,,,,,,,,,,,,,,,,,,,,,,,,,,,,,,,,,,,,,,,,,,,,,,,,,,,,,,,,,,,,,,,
2019-10-31T10:50,2019-10-31T11:00,1,train,0,2019,10,10,1,2019-10-31T10:00,,,,,,,,,,,4582.60009765625,92.25,84.125,92.25,0.0,1245.2669677734375,1285.1953125,53300.0,87000.0,5796.22314453125,7.933609962463379,262.1011657714844,275.91168212890625,282.69512939453125,285.25750732421875,289.21051025390625,5728.01611328125,3070.0810546875,1475.4351806640625,106.0993881225586,282.5919189453125,97.9000015258789,331.4949951171875,3686.39990234375,600.0,0.0007999999797903001,0.8479999899864197,,,,,,,,,,,,,,,,,,,,,,,,,,,,,,,,,,,,,,,,,,,,,,,,,,,,,,,,,,,,,,,,,,,,,,,,,,,,,,,,,,,,,,,,,,,,,,,,,,,,,,,,,,,,,,,,,,
2019-11-13T03:52,2019-11-13T04:00,1,train,0,2019,11,3,1,2019-11-13T03:00,,,,,,,,,,,-999.0,31.25,31.25,0.0,0.0,1241.0020751953125,1225.62109375,83500.0,86200.0,1695.0166015625,16.71426010131836,251.73814392089844,251.93626403808594,254.07400512695312,257.76416015625,261.6968688964844,5263.0712890625,2777.51904296875,1342.61083984375,106.40363311767578,253.25828552246094,81.5,260.8817138671875,0.0,200.0,0.0,0.35100001096725464,,,,,,,,,,,,,,,,,,,,,,,,,,,,,,,,,,,,,,,,,,,,,,,,,,,,,,,,,,,,,,,,,,,,,,,,,,,,,,,,,,,,,,,,,,,,,,,,,,,,,,,,,,,,,,,,,,
2019-10-31T10:50,2019-10-31T11:00,48,train,0,2019,10,10,35,2019-10-30T00:00,,,,,,,,,,,-999.0,43.25,35.625,43.25,25.875,3406.24169921875,3780.57861328125,64100.0,64100.0,4216.5478515625,6.440915584564209,260.8074645996094,275.1351623535156,282.2236328125,285.4278564453125,289.46343994140625,5719.486328125,3073.681640625,1482.4735107421875,113.02117919921875,282.34912109375,87.0999984741211,280.8065490722656,3458.080078125,14900.0,0.0,2.7899999618530273,,,,,,,,,,,,,,,,,,,,,,,,,,,,,,,,,,,,,,,,,,,,,,,,,,,,,,,,,,,,,,,,,,,,,,,,,,,,,,,,,,,,,,,,,,,,,,,,,,,,,,,,,,,,,,,,,,
2019-10-31T10:50,2019-10-31T11:00,24,train,0,2019,10,10,23,2019-10-30T12:00,,,,,,,,,,,5398.60009765625,56.5,35.625,56.5,12.5,3405.888916015625,3042.1015625,49500.0,70200.0,4984.26171875,5.707375526428223,261.3409423828125,274.51422119140625,281.74322509765625,284.448974609375,288.5179443359375,5718.9580078125,3067.5771484375,1481.9822998046875,117.59988403320312,281.41827392578125,95.4000015258789,241.94049072265625,3566.080078125,12200.0,9.999999747378752e-05,2.2799999713897705,,,,,,,,,,,,,,,,,,,,,,,,,,,,,,,,,,,,,,,,,,,,,,,,,,,,,,,,,,,,,,,,,,,,,,,,,,,,,,,,,,,,,,,,,,,,,,,,,,,,,,,,,,,,,,,,,,
2019-11-13T03:52,2019-11-13T04:00,24,train,0,2019,11,3,22,2019-11-12T06:00,,,,,,,,,,,-999.0,31.25,31.25,0.0,0.0,1241.0675048828125,1225.6981201171875,84400.0,85900.0,1534.6689453125,17.92094612121582,252.2037353515625,253.77989196777344,254.92654418945312,258.2806091308594,262.246337890625,5254.06640625,2762.7724609375,1319.1309814453125,77.7999496459961,253.68997192382812,83.4000015258789,342.82843017578125,0.0,100.0,0.0,10.699999809265137,,,,,,,,,,,,,,,,,,,,,,,,,,,,,,,,,,,,,,,,,,,,,,,,,,,,,,,,,,,,,,,,,,,,,,,,,,,,,,,,,,,,,,,,,,,,,,,,,,,,,,,,,,,,,,,,,,
2019-11-13T03:52,2019-11-13T04:00,48,train,0,2019,11,3,34,2019-11-11T18:00,,,,,,,,,,,-999.0,38.125,38.125,0.0,0.0,1241.205810546875,1225.735595703125,84200.0,85700.0,1476.8427734375,15.723363876342773,250.84912109375,253.44161987304688,256.0809326171875,258.9241943359375,262.8741760253906,5222.97705078125,2742.4248046875,1295.8375244140625,50.73606872558594,254.25460815429688,83.5999984741211,247.64141845703125,0.0,100.0,0.0,26.15999984741211,,,,,,,,,,,,,,,,,,,,,,,,,,,,,,,,,,,,,,,,,,,,,,,,,,,,,,,,,,,,,,,,,,,,,,,,,,,,,,,,,,,,,,,,,,,,,,,,,,,,,,,,,,,,,,,,,,
2019-11-25T08:56,2019-11-25T09:00,1,train,0,2019,11,8,1,2019-11-25T08:00,,,,,,,,,,,-999.0,3.125,3.125,0.0,0.0,nan,nan,nan,nan,nan,14.761921882629395,251.74436950683594,266.17791748046875,269.92730712890625,272.3192138671875,276.33837890625,5371.28515625,2811.197265625,1284.408447265625,-30.03173828125,267.1381530761719,94.80000305175781,187.37046813964844,283.1199951171875,12200.0,0.0,0.02800000086426735,,,,,,,,,,,,,,,,,,,,,,,,,,,,,,,,,,,,,,,,,,,,,,,,,,,,,,,,,,,,,,,,,,,,,,,,,,,,,,,,,,,,,,,,,,,,,,,,,,,,,,,,,,,,,,,,,,
2020-01-01T06:57,2020-01-01T07:00,1,train,0,2020,1,6,1,2020-01-01T06:00,,,,,,,,,,,1725.3199462890625,27.875,27.875,2.25,0.0,nan,1226.66455078125,71300.0,85600.0,nan,8.440974235534668,248.16400146484375,256.9632263183594,266.7685546875,271.3755187988281,275.3883361816406,5242.880859375,2766.37890625,1277.2099609375,-10.977630615234375,267.26348876953125,80.5999984741211,376.32098388671875,303.0400085449219,800.0,0.0005000000237487257,1.559999942779541,,,,,,,,,,,,,,,,,,,,,,,,,,,,,,,,,,,,,,,,,,,,,,,,,,,,,,,,,,,,,,,,,,,,,,,,,,,,,,,,,,,,,,,,,,,,,,,,,,,,,,,,,,,,,,,,,,
2019-11-25T08:56,2019-11-25T09:00,24,train,0,2019,11,8,21,2019-11-24T12:00,,,,,,,,,,,-999.0,10.0,10.0,0.0,0.0,1243.046630859375,1226.672119140625,84200.0,85700.0,1468.853759765625,12.696743965148926,251.01107788085938,264.6866455078125,269.4759826660156,271.92205810546875,276.0225830078125,5360.1259765625,2809.531982421875,1289.085205078125,-20.197799682617188,267.4312744140625,94.0999984741211,235.40216064453125,330.239990234375,100.0,0.0,15.220000267028809,,,,,,,,,,,,,,,,,,,,,,,,,,,,,,,,,,,,,,,,,,,,,,,,,,,,,,,,,,,,,,,,,,,,,,,,,,,,,,,,,,,,,,,,,,,,,,,,,,,,,,,,,,,,,,,,,,
2019-11-25T08:56,2019-11-25T09:00,48,train,0,2019,11,8,33,2019-11-24T00:00,,,,,,,,,,,-999.0,10.375,10.375,0.0,0.0,1243.0201416015625,1226.7147216796875,84100.0,85600.0,1468.23046875,10.895243644714355,251.5096893310547,264.11676025390625,269.00872802734375,272.21875,276.2581787109375,5341.63671875,2802.2939453125,1284.061767578125,-24.0205078125,267.0804138183594,94.0,253.10736083984375,276.7200012207031,200.0,0.0,13.760000228881836,,,,,,,,,,,,,,,,,,,,,,,,,,,,,,,,,,,,,,,,,,,,,,,,,,,,,,,,,,,,,,,,,,,,,,,,,,,,,,,,,,,,,,,,,,,,,,,,,,,,,,,,,,,,,,,,,,
2020-01-01T06:57,2020-01-01T07:00,24,train,0,2020,1,6,25,2019-12-31T06:00,,,,,,,,,,,-999.0,32.375,32.375,26.75,0.0,nan,1226.6181640625,75700.0,85300.0,nan,7.5804123878479,250.21469116210938,257.86358642578125,266.8450927734375,271.14263916015625,275.1607360839844,5241.42333984375,2743.0,1251.809814453125,-38.07952880859375,266.43328857421875,90.80000305175781,276.97955322265625,179.9199981689453,1600.0,0.0003000000142492354,26.219999313354492,,,,,,,,,,,,,,,,,,,,,,,,,,,,,,,,,,,,,,,,,,,,,,,,,,,,,,,,,,,,,,,,,,,,,,,,,,,,,,,,,,,,,,,,,,,,,,,,,,,,,,,,,,,,,,,,,,
2020-01-01T06:57,2020-01-01T07:00,48,train,0,2020,1,6,31,2019-12-31T00:00,,,,,,,,,,,-999.0,27.875,27.875,5.5,0.0,1360.9267578125,1226.603271484375,82600.0,85300.0,nan,9.551898002624512,251.07211303710938,258.435302734375,266.4473876953125,270.5712890625,274.65234375,5244.0361328125,2741.59814453125,1249.153076171875,-39.93859100341797,265.93048095703125,92.9000015258789,245.00079345703125,97.04000091552734,2600.0,0.0003000000142492354,32.29999923706055,,,,,,,,,,,,,,,,,,,,,,,,,,,,,,,,,,,,,,,,,,,,,,,,,,,,,,,,,,,,,,,,,,,,,,,,,,,,,,,,,,,,,,,,,,,,,,,,,,,,,,,,,,,,,,,,,,
2020-01-10T07:59,2020-01-10T08:00,1,train,0,2020,1,7,1,2020-01-10T07:00,,,,,,,,,,,-999.0,0.875,0.875,0.0,0.0,nan,nan,nan,nan,nan,12.579503059387207,252.10906982421875,266.6123962402344,271.1773986816406,270.2159118652344,272.9686584472656,5624.302734375,3069.34228515625,1534.21875,235.05340576171875,269.77239990234375,33.29999923706055,290.1661071777344,693.52001953125,60000.0,0.0,0.0,,,,,,,,,,,,,,,,,,,,,,,,,,,,,,,,,,,,,,,,,,,,,,,,,,,,,,,,,,,,,,,,,,,,,,,,,,,,,,,,,,,,,,,,,,,,,,,,,,,,,,,,,,,,,,,,,,
2020-01-10T07:59,2020-01-10T08:00,24,train,0,2020,1,7,26,2020-01-09T06:00,,,,,,,,,,,-999.0,97.0,0.0,11.125,97.0,9097.4248046875,nan,nan,nan,11275.912109375,12.366936683654785,251.1685028076172,265.5570068359375,270.58648681640625,270.21002197265625,273.1116943359375,5621.3388671875,3076.35498046875,1547.892578125,249.028076171875,268.89654541015625,45.20000076293945,255.67381286621094,554.7999877929688,43800.0,0.0,0.3799999952316284,,,,,,,,,,,,,,,,,,,,,,,,,,,,,,,,,,,,,,,,,,,,,,,,,,,,,,,,,,,,,,,,,,,,,,,,,,,,,,,,,,,,,,,,,,,,,,,,,,,,,,,,,,,,,,,,,,
2020-01-10T07:59,2020-01-10T08:00,48,train,0,2020,1,7,32,2020-01-09T00:00,,,,,,,,,,,-999.0,100.0,0.0,0.875,100.0,8753.7421875,nan,nan,nan,9791.8466796875,12.33910083770752,251.00692749023438,265.1916198730469,270.5186462402344,270.1630859375,273.0433654785156,5615.90234375,3073.748046875,1546.2093505859375,248.07601928710938,268.68377685546875,43.5,249.90670776367188,522.0800170898438,45800.0,0.0,0.39800000190734863,,,,,,,,,,,,,,,,,,,,,,,,,,,,,,,,,,,,,,,,,,,,,,,,,,,,,,,,,,,,,,,,,,,,,,,,,,,,,,,,,,,,,,,,,,,,,,,,,,,,,,,,,,,,,,,,,,
2020-01-19T04:53,2020-01-19T05:00,1,train,0,2020,1,4,1,2020-01-19T04:00,,,,,,,,,,,4485.7998046875,54.375,54.375,19.0,0.0,1242.1507568359375,1226.2406005859375,45800.0,86400.0,1707.2977294921875,10.93139362335205,246.296142578125,261.4876708984375,263.23553466796875,264.5941162109375,268.3067932128906,5353.541015625,2840.22021484375,1344.7694091796875,65.36255645751953,261.7405090332031,81.80000305175781,280.2099609375,0.0,500.0,0.0005000000237487257,0.7900000214576721,,,,,,,,,,,,,,,,,,,,,,,,,,,,,,,,,,,,,,,,,,,,,,,,,,,,,,,,,,,,,,,,,,,,,,,,,,,,,,,,,,,,,,,,,,,,,,,,,,,,,,,,,,,,,,,,,,
2020-01-19T04:53,2020-01-19T05:00,24,train,0,2020,1,4,23,2020-01-18T06:00,,,,,,,,,,,4559.2001953125,58.75,58.75,57.625,0.0,1633.455322265625,1226.37451171875,49200.0,86500.0,5793.36083984375,10.912861824035645,246.675537109375,263.75653076171875,264.61444091796875,266.3149108886719,270.09942626953125,5370.05712890625,2849.1826171875,1342.283203125,52.885040283203125,262.687255859375,84.80000305175781,290.958740234375,0.0,400.0,0.0007999999797903001,9.960000038146973,,,,,,,,,,,,,,,,,,,,,,,,,,,,,,,,,,,,,,,,,,,,,,,,,,,,,,,,,,,,,,,,,,,,,,,,,,,,,,,,,,,,,,,,,,,,,,,,,,,,,,,,,,,,,,,,,,
2020-01-19T04:53,2020-01-19T05:00,48,train,0,2020,1,4,35,2020-01-17T18:00,,,,,,,,,,,2444.800048828125,100.0,65.25,100.0,95.5,1464.4129638671875,1226.434814453125,39900.0,86500.0,8207.4140625,10.635577201843262,246.95155334472656,263.438720703125,264.9000549316406,266.8918762207031,270.7234191894531,5370.4443359375,2848.7001953125,1343.1669921875,52.91858673095703,263.20294189453125,87.19999694824219,391.5056457519531,0.0,600.0,0.0006000000284984708,10.130000114440918,,,,,,,,,,,,,,,,,,,,,,,,,,,,,,,,,,,,,,,,,,,,,,,,,,,,,,,,,,,,,,,,,,,,,,,,,,,,,,,,,,,,,,,,,,,,,,,,,,,,,,,,,,,,,,,,,,
2020-01-28T05:51,2020-01-28T06:00,1,train,0,2020,1,5,1,2020-01-28T05:00,,,,,,,,,,,-999.0,17.625,17.625,3.625,0.0,nan,nan,nan,nan,nan,9.255419731140137,245.70388793945312,261.171142578125,265.78729248046875,269.40875244140625,273.4482116699219,5319.470703125,2816.0810546875,1317.289306640625,24.451797485351562,265.5255126953125,92.30000305175781,174.30560302734375,39.439998626708984,12200.0,0.0,0.004999999888241291,,,,,,,,,,,,,,,,,,,,,,,,,,,,,,,,,,,,,,,,,,,,,,,,,,,,,,,,,,,,,,,,,,,,,,,,,,,,,,,,,,,,,,,,,,,,,,,,,,,,,,,,,,,,,,,,,,
2020-01-28T05:51,2020-01-28T06:00,24,train,0,2020,1,5,24,2020-01-27T06:00,,,,,,,,,,,-999.0,33.75,33.75,0.875,0.0,1242.7098388671875,1237.95654296875,85700.0,85700.0,1287.063720703125,7.718294620513916,245.0789794921875,259.9855041503906,265.8916320800781,269.49456787109375,273.52392578125,5298.517578125,2801.56787109375,1307.0047607421875,15.353946685791016,265.34161376953125,91.9000015258789,218.97271728515625,10.239999771118164,1200.0,0.0,5.269999980926514,,,,,,,,,,,,,,,,,,,,,,,,,,,,,,,,,,,,,,,,,,,,,,,,,,,,,,,,,,,,,,,,,,,,,,,,,,,,,,,,,,,,,,,,,,,,,,,,,,,,,,,,,,,,,,,,,,
2020-01-28T05:51,2020-01-28T06:00,48,train,0,2020,1,5,36,2020-01-26T18:00,,,,,,,,,,,-999.0,37.875,37.875,24.25,0.0,1242.7567138671875,1226.54052734375,84400.0,85900.0,1466.7679443359375,8.522814750671387,245.71188354492188,259.6634826660156,266.0549621582031,269.8859558105469,273.9124755859375,5292.7568359375,2794.92578125,1299.88427734375,8.747272491455078,265.746826171875,93.0999984741211,232.661865234375,72.55999755859375,200.0,0.0,9.319999694824219,,,,,,,,,,,,,,,,,,,,,,,,,,,,,,,,,,,,,,,,,,,,,,,,,,,,,,,,,,,,,,,,,,,,,,,,,,,,,,,,,,,,,,,,,,,,,,,,,,,,,,,,,,,,,,,,,,
2020-02-24T17:53,2020-02-24T18:00,1,train,0,2020,2,17,1,2020-02-24T17:00,,,,,,,,,,,-999.0,0.0,0.0,0.0,0.0,nan,nan,nan,nan,nan,6.775848865509033,250.96401977539062,267.9485168457031,274.0491943359375,278.2813720703125,282.4046630859375,5536.60693359375,2973.69921875,1434.446044921875,104.42051696777344,275.85418701171875,49.70000076293945,418.2001647949219,1677.52001953125,42600.0,0.0,0.0,,,,,,,,,,,,,,,,,,,,,,,,,,,,,,,,,,,,,,,,,,,,,,,,,,,,,,,,,,,,,,,,,,,,,,,,,,,,,,,,,,,,,,,,,,,,,,,,,,,,,,,,,,,,,,,,,,
2020-02-24T17:53,2020-02-24T18:00,24,train,0,2020,2,17,24,2020-02-23T18:00,,,,,,,,,,,-999.0,0.0,0.0,0.0,0.0,nan,nan,nan,nan,nan,9.481954574584961,251.02639770507812,268.02410888671875,274.209716796875,278.71466064453125,282.9261474609375,5525.31640625,2963.82763671875,1422.899658203125,91.8173828125,275.57366943359375,59.70000076293945,386.4117126464844,1598.0,32100.0,0.0,0.0,,,,,,,,,,,,,,,,,,,,,,,,,,,,,,,,,,,,,,,,,,,,,,,,,,,,,,,,,,,,,,,,,,,,,,,,,,,,,,,,,,,,,,,,,,,,,,,,,,,,,,,,,,,,,,,,,,
2020-02-24T17:53,2020-02-24T18:00,48,train,0,2020,2,17,36,2020-02-23T06:00,,,,,,,,,,,-999.0,0.0,0.0,0.0,0.0,nan,nan,nan,nan,nan,10.27491283416748,250.36788940429688,267.1778869628906,273.95623779296875,278.4951171875,282.79736328125,5505.9443359375,2953.596923828125,1414.8619384765625,85.29400634765625,275.42816162109375,67.0999984741211,299.5035095214844,1661.0400390625,26300.0,0.0,0.0,,,,,,,,,,,,,,,,,,,,,,,,,,,,,,,,,,,,,,,,,,,,,,,,,,,,,,,,,,,,,,,,,,,,,,,,,,,,,,,,,,,,,,,,,,,,,,,,,,,,,,,,,,,,,,,,,,
2020-03-23T14:47,2020-03-23T15:00,1,train,0,2020,3,14,1,2020-03-23T14:00,,,,,,,,,,,-999.0,1.375,1.375,0.0,0.0,nan,nan,nan,nan,nan,8.322662353515625,249.35789489746094,262.83099365234375,264.7166442871094,266.47845458984375,270.7197570800781,5573.267578125,3042.95458984375,1542.170654296875,259.05377197265625,265.1116943359375,92.19999694824219,285.05731201171875,0.0,14700.0,0.0,0.0,,,,,,,,,,,,,,,,,,,,,,,,,,,,,,,,,,,,,,,,,,,,,,,,,,,,,,,,,,,,,,,,,,,,,,,,,,,,,,,,,,,,,,,,,,,,,,,,,,,,,,,,,,,,,,,,,,
2020-03-23T14:47,2020-03-23T15:00,24,train,0,2020,3,14,21,2020-03-22T18:00,,,,,,,,,,,-999.0,17.625,5.25,17.625,0.0,nan,3270.080322265625,61300.0,68000.0,nan,6.98895788192749,249.08645629882812,260.9399719238281,264.03216552734375,266.17413330078125,270.42388916015625,5572.943359375,3049.3544921875,1555.27197265625,275.74761962890625,264.52435302734375,95.80000305175781,304.7788391113281,0.0,12200.0,0.0,0.0,,,,,,,,,,,,,,,,,,,,,,,,,,,,,,,,,,,,,,,,,,,,,,,,,,,,,,,,,,,,,,,,,,,,,,,,,,,,,,,,,,,,,,,,,,,,,,,,,,,,,,,,,,,,,,,,,,
2020-03-23T14:47,2020-03-23T15:00,48,train,0,2020,3,14,33,2020-03-22T06:00,,,,,,,,,,,-999.0,75.0,2.75,75.0,45.125,5059.57861328125,1226.501953125,46300.0,88700.0,10004.68359375,7.138485431671143,249.48074340820312,262.140380859375,264.1314697265625,266.266357421875,270.52203369140625,5577.05029296875,3045.434814453125,1548.55029296875,267.224365234375,264.72015380859375,95.69999694824219,308.7808532714844,0.0,12200.0,0.0,0.009999999776482582,,,,,,,,,,,,,,,,,,,,,,,,,,,,,,,,,,,,,,,,,,,,,,,,,,,,,,,,,,,,,,,,,,,,,,,,,,,,,,,,,,,,,,,,,,,,,,,,,,,,,,,,,,,,,,,,,,
2020-05-17T14:48,2020-05-17T15:00,1,train,0,2020,5,14,1,2020-05-17T14:00,,,,,,,,,,,-999.0,18.625,0.0,17.0,18.625,nan,nan,nan,nan,nan,4.798739433288574,257.24884033203125,270.85791015625,277.747802734375,282.7841796875,287.36505126953125,5714.7451171875,3113.9697265625,1553.8814697265625,203.10255432128906,282.26446533203125,69.80000305175781,621.4903564453125,2417.679931640625,26700.0,0.0,0.0,,,,,,,,,,,,,,,,,,,,,,,,,,,,,,,,,,,,,,,,,,,,,,,,,,,,,,,,,,,,,,,,,,,,,,,,,,,,,,,,,,,,,,,,,,,,,,,,,,,,,,,,,,,,,,,,,,
2020-05-17T14:48,2020-05-17T15:00,24,train,0,2020,5,14,21,2020-05-16T18:00,,,,,,,,,,,-999.0,100.0,1.375,100.0,100.0,6626.77880859375,6799.67822265625,35100.0,43100.0,12682.3017578125,5.840753555297852,256.4809875488281,270.5210266113281,277.64776611328125,282.98516845703125,287.62225341796875,5697.28564453125,3099.412109375,1541.13037109375,189.5655517578125,281.8075866699219,78.0999984741211,427.2308349609375,2573.840087890625,21500.0,0.0,0.0,,,,,,,,,,,,,,,,,,,,,,,,,,,,,,,,,,,,,,,,,,,,,,,,,,,,,,,,,,,,,,,,,,,,,,,,,,,,,,,,,,,,,,,,,,,,,,,,,,,,,,,,,,,,,,,,,,
2020-07-16T12:54,2020-07-16T13:00,1,train,1,2020,7,12,1,2020-07-16T12:00,,,,,,,,,,,-999.0,33.125,33.125,0.0,0.0,nan,nan,nan,nan,nan,2.733520984649658,264.57159423828125,281.2279968261719,283.36553955078125,286.9720153808594,291.28607177734375,5890.3486328125,3202.49853515625,1593.12353515625,211.60333251953125,286.2129211425781,94.19999694824219,338.4654541015625,4521.96826171875,13500.0,0.0,0.0,,,,,,,,,,,,,,,,,,,,,,,,,,,,,,,,,,,,,,,,,,,,,,,,,,,,,,,,,,,,,,,,,,,,,,,,,,,,,,,,,,,,,,,,,,,,,,,,,,,,,,,,,,,,,,,,,,
2020-05-17T14:48,2020-05-17T15:00,48,train,0,2020,5,14,33,2020-05-16T06:00,,,,,,,,,,,-999.0,100.0,5.5,12.5,100.0,8889.1259765625,nan,nan,nan,11847.1875,7.052452564239502,256.1280517578125,270.05633544921875,277.16546630859375,282.52496337890625,287.1661376953125,5697.513671875,3103.66357421875,1548.209716796875,198.63587951660156,280.55950927734375,91.0999984741211,369.3472595214844,2683.840087890625,15300.0,0.0,4.25,,,,,,,,,,,,,,,,,,,,,,,,,,,,,,,,,,,,,,,,,,,,,,,,,,,,,,,,,,,,,,,,,,,,,,,,,,,,,,,,,,,,,,,,,,,,,,,,,,,,,,,,,,,,,,,,,,
2020-07-16T12:54,2020-07-16T13:00,24,train,1,2020,7,12,25,2020-07-15T12:00,,,,,,,,,,,-999.0,100.0,12.5,0.0,100.0,9340.17578125,9021.701171875,27200.0,32800.0,12796.89453125,3.2739672660827637,264.28985595703125,279.74920654296875,283.773681640625,285.9446716308594,290.207275390625,5881.80078125,3202.21630859375,1597.6279296875,220.9982147216797,285.0660400390625,95.0999984741211,456.5643005371094,4389.87939453125,13000.0,0.0,1.8700000047683716,,,,,,,,,,,,,,,,,,,,,,,,,,,,,,,,,,,,,,,,,,,,,,,,,,,,,,,,,,,,,,,,,,,,,,,,,,,,,,,,,,,,,,,,,,,,,,,,,,,,,,,,,,,,,,,,,,
2020-07-16T12:54,2020-07-16T13:00,48,train,1,2020,7,12,31,2020-07-15T06:00,,,,,,,,,,,-999.0,100.0,5.875,0.0,100.0,9169.3876953125,9013.9765625,28900.0,32800.0,13268.73046875,3.033550977706909,263.3721618652344,280.2059326171875,284.3995666503906,286.22906494140625,290.4044494628906,5888.30419921875,3210.9716796875,1602.79150390625,224.5836181640625,285.3528137207031,84.5,450.0630798339844,4384.0498046875,17400.0,0.0,0.3199999928474426,,,,,,,,,,,,,,,,,,,,,,,,,,,,,,,,,,,,,,,,,,,,,,,,,,,,,,,,,,,,,,,,,,,,,,,,,,,,,,,,,,,,,,,,,,,,,,,,,,,,,,,,,,,,,,,,,,
2020-09-01T12:50,2020-09-01T13:00,1,train,0,2020,9,12,1,2020-09-01T12:00,,,,,,,,,,,-999.0,11.125,11.125,0.0,0.0,nan,nan,nan,nan,nan,4.879847526550293,263.33428955078125,277.63653564453125,282.2935791015625,286.5787048339844,290.55694580078125,5818.47021484375,3143.203369140625,1552.995361328125,178.42800903320312,285.3920593261719,79.30000305175781,305.11431884765625,4401.6943359375,19100.0,0.0,0.0,,,,,,,,,,,,,,,,,,,,,,,,,,,,,,,,,,,,,,,,,,,,,,,,,,,,,,,,,,,,,,,,,,,,,,,,,,,,,,,,,,,,,,,,,,,,,,,,,,,,,,,,,,,,,,,,,,
2020-09-01T12:50,2020-09-01T13:00,24,train,0,2020,9,12,25,2020-08-31T12:00,,,,,,,,,,,-999.0,0.0,0.0,0.0,0.0,nan,nan,nan,nan,nan,4.6754655838012695,262.5445861816406,275.9400939941406,282.8814392089844,286.9578857421875,291.16119384765625,5815.5126953125,3153.555908203125,1566.615966796875,193.1844024658203,285.24981689453125,65.9000015258789,305.9573059082031,3977.140869140625,27600.0,0.0,0.0,,,,,,,,,,,,,,,,,,,,,,,,,,,,,,,,,,,,,,,,,,,,,,,,,,,,,,,,,,,,,,,,,,,,,,,,,,,,,,,,,,,,,,,,,,,,,,,,,,,,,,,,,,,,,,,,,,
2020-09-01T12:50,2020-09-01T13:00,48,train,0,2020,9,12,31,2020-08-31T06:00,,,,,,,,,,,-999.0,0.0,0.0,0.0,0.0,nan,nan,nan,nan,nan,6.018902778625488,262.46728515625,276.6469421386719,282.65185546875,286.3818664550781,290.74237060546875,5814.2763671875,3148.80078125,1559.837646484375,186.80294799804688,284.3006591796875,71.5999984741211,311.5024108886719,4133.0546875,23300.0,0.0,0.0,,,,,,,,,,,,,,,,,,,,,,,,,,,,,,,,,,,,,,,,,,,,,,,,,,,,,,,,,,,,,,,,,,,,,,,,,,,,,,,,,,,,,,,,,,,,,,,,,,,,,,,,,,,,,,,,,,
2020-10-01T17:54,2020-10-01T18:00,1,train,0,2020,10,17,1,2020-10-01T17:00,,,,,,,,,1,2020-10-01T17:00,-999.0,3.125,3.125,0.0,0.0,nan,nan,nan,nan,nan,5.032112121582031,259.6349182128906,270.3165283203125,280.16510009765625,286.58404541015625,291.14178466796875,5616.16259765625,3012.27734375,1450.1826171875,88.31130981445312,283.70281982421875,79.4000015258789,971.50439453125,2365.810791015625,19800.0,0.0,0.0,,,,,,,,,,,,,,,,,,,,,,,,,,,,,,,,,,,,,,,,,,,,,,,,,,,,,,,,,,,,,,,,,,,,,,,,,,,,,,,,,,,,,,,,,,,,26.0,,,88886.0,884.0,16274.0,42.0,49.0,,61.0,,6.0,,7.0,7.0,68.0,1300.0,277.1499938964844,274.8800048828125,85.0,1.0,11.100000381469727,13.800000190734863
2020-10-01T17:54,2020-10-01T18:00,24,train,0,2020,10,17,24,2020-09-30T18:00,,,,,,,,,24,2020-09-30T18:00,-999.0,0.625,0.625,0.0,0.0,nan,nan,nan,nan,nan,4.196473121643066,259.25244140625,269.65509033203125,279.73321533203125,286.1255798339844,290.733642578125,5601.33349609375,2999.92236328125,1440.5887451171875,81.89573669433594,283.2938232421875,75.69999694824219,976.080810546875,2257.09033203125,21700.0,0.0,2.200000047683716,,,,,,,,,,,,,,,,,,,,,,,,,,,,,,,,,,,,,,,,,,,,,,,,,,,,,,,,,,,,,,,,,,,,,,,,,,,,,,,,,,,,,,,,,,,,23.0,,,88886.0,796.0,201.0,44.0,51.0,,65.0,,54.0,,54.0,54.0,72.0,1169.0,276.58001708984375,274.82000732421875,90.0,0.0,10.699999809265137,13.699999809265137
2020-10-01T17:54,2020-10-01T18:00,48,train,0,2020,10,17,36,2020-09-30T06:00,,,,,,,,,48,2020-09-29T18:00,-999.0,0.0,0.0,0.0,0.0,nan,nan,nan,nan,nan,5.637024402618408,260.058837890625,269.28204345703125,279.30523681640625,285.67254638671875,290.20361328125,5609.298828125,3003.152099609375,1445.5130615234375,89.06004333496094,282.96087646484375,75.19999694824219,833.3837890625,2372.47998046875,21800.0,0.0,111.27999877929688,,,,,,,,,,,,,,,,,,,,,,,,,,,,,,,,,,,,,,,,,,,,,,,,,,,,,,,,,,,,,,,,,,,,,,,,,,,,,,,,,,,,,,,,,,,,35.0,,,88889.0,33.0,9984.0,54.0,65.0,,85.0,,43.0,,43.0,43.0,24.0,1617.0,277.0299987792969,274.08001708984375,81.0,7.0,10.699999809265137,14.899999618530273
2020-10-21T12:50,2020-10-21T13:00,1,train,0,2020,10,12,1,2020-10-21T12:00,,,,,,,,,1,2020-10-21T12:00,-999.0,43.5,43.5,0.875,1.375,1485.067138671875,nan,nan,nan,nan,6.258454322814941,259.85186767578125,275.2757873535156,282.3177490234375,283.09710693359375,286.4374084472656,5803.2353515625,3163.079345703125,1571.1634521484375,209.99856567382812,281.40045166015625,96.5999984741211,356.55322265625,3691.360107421875,12200.0,0.0,0.019999999552965164,,,,,,,,,,,,,,,,,,,,,,,,,,,,,,,,,,,,,,,,,,,,,,,,,,,,,,,,,,,,,,,,,,,,,,,,,,,,,,,,,,,,,,,,,,,,71.0,,,0.0,0.0,209.0,92.0,95.0,,98.0,,89.0,,100.0,100.0,0.0,221.0,275.3999938964844,275.47998046875,100.0,12.0,11.800000190734863,13.699999809265137
2020-10-21T12:50,2020-10-21T13:00,24,train,0,2020,10,12,25,2020-10-20T12:00,,,,,,,,,24,2020-10-20T13:00,-999.0,62.75,62.75,0.0,56.25,1244.9986572265625,1227.75732421875,84300.0,88600.0,11973.32421875,6.659119129180908,258.8861999511719,275.1922607421875,281.8607177734375,282.7039794921875,286.4288330078125,5794.33203125,3153.298828125,1561.791748046875,200.64529418945312,280.27947998046875,100.0,428.9404602050781,3666.239990234375,100.0,0.0,8.5600004196167,,,,,,,,,,,,,,,,,,,,,,,,,,,,,,,,,,,,,,,,,,,,,,,,,,,,,,,,,,,,,,,,,,,,,,,,,,,,,,,,,,,,,,,,,,,,75.0,,,0.0,0.0,256.0,100.0,100.0,,100.0,,77.0,,86.0,98.0,0.0,224.0,275.91998291015625,275.83001708984375,100.0,19.0,12.199999809265137,13.699999809265137
2020-10-21T12:50,2020-10-21T13:00,48,train,0,2020,10,12,31,2020-10-20T06:00,,,,,,,,,36,2020-10-20T01:00,-999.0,78.625,50.625,0.0,78.625,1245.2607421875,1227.9090576171875,85700.0,88500.0,12547.943359375,5.987232208251953,259.2479553222656,275.98333740234375,282.4605407714844,284.56121826171875,288.4246520996094,5786.72265625,3145.97509765625,1552.5081787109375,184.5391845703125,282.23577880859375,100.0,447.6055603027344,3701.1201171875,200.0,0.0,9.609999656677246,,,,,,,,,,,,,,,,,,,,,,,,,,,,,,,,,,,,,,,,,,,,,,,,,,,,,,,,,,,,,,,,,,,,,,,,,,,,,,,,,,,,,,,,,,,,70.0,,,0.0,0.0,154.0,91.0,94.0,,94.0,,79.0,,91.0,100.0,2.0,173.0,274.19000244140625,274.3299865722656,100.0,26.0,10.600000381469727,12.0
2020-11-16T23:55,2020-11-17T00:00,1,train,0,2020,11,23,1,2020-11-16T23:00,,,,,,,,,1,2020-11-16T23:00,-999.0,13.875,13.875,0.0,0.0,1772.9315185546875,nan,nan,nan,nan,12.774081230163574,246.8496551513672,260.52789306640625,267.9354248046875,273.45159912109375,277.69610595703125,5380.2255859375,2874.14306640625,1377.3603515625,75.3233642578125,268.9107360839844,91.30000305175781,620.1106567382812,559.3599853515625,13000.0,0.0,0.006000000052154064,,,,,,,,,,,,,,,,,,,,,,,,,,,,,,,,,,,,,,,,,,,,,,,,,,,,,,,,,,,,,,,,,,,,,,,,,,,,,,,,,,,,,,,,,,,,67.0,,,0.0,0.0,0.0,63.0,77.0,,83.0,,78.0,,78.0,78.0,19.0,673.0,265.489990234375,265.19000244140625,98.0,12.0,16.799999237060547,19.799999237060547
2020-11-16T23:55,2020-11-17T00:00,24,train,0,2020,11,23,24,2020-11-16T00:00,,,,,,,,,24,2020-11-16T00:00,-999.0,8.375,8.375,0.0,0.0,1243.08740234375,1238.2584228515625,83800.0,86200.0,1606.299560546875,13.193702697753906,245.45278930664062,261.069580078125,267.0583801269531,272.0554504394531,276.255859375,5357.2880859375,2858.1943359375,1359.8642578125,62.98309326171875,267.5875549316406,94.69999694824219,475.351806640625,350.8800048828125,300.0,0.0,41.939998626708984,,,,,,,,,,,,,,,,,,,,,,,,,,,,,,,,,,,,,,,,,,,,,,,,,,,,,,,,,,,,,,,,,,,,,,,,,,,,,,,,,,,,,,,,,,,,69.0,,,0.0,0.0,0.0,87.0,88.0,,91.0,,81.0,,82.0,84.0,20.0,785.0,265.08001708984375,264.2699890136719,93.0,23.0,17.200000762939453,20.0
2020-11-16T23:55,2020-11-17T00:00,48,train,0,2020,11,23,36,2020-11-15T12:00,,,,,,,,,48,2020-11-15T00:00,-999.0,14.25,14.25,0.0,0.0,1242.96240234375,1226.634033203125,82200.0,86300.0,1769.371337890625,12.321662902832031,245.389892578125,259.6425476074219,266.71905517578125,271.74383544921875,275.86102294921875,5332.228515625,2839.15283203125,1346.693115234375,52.855743408203125,267.3518981933594,93.5999984741211,580.4522094726562,313.44000244140625,100.0,9.999999747378752e-05,35.150001525878906,,,,,,,,,,,,,,,,,,,,,,,,,,,,,,,,,,,,,,,,,,,,,,,,,,,,,,,,,,,,,,,,,,,,,,,,,,,,,,,,,,,,,,,,,,,,74.0,,,184.0,32.0,9856.0,94.0,94.0,,95.0,,55.0,,55.0,55.0,23.0,800.0,266.6199951171875,264.6099853515625,86.0,12.0,16.399999618530273,20.200000762939453
2020-12-07T18:59,2020-12-07T19:00,1,train,1,2020,12,18,1,2020-12-07T18:00,,,,,,,,,1,2020-12-07T18:00,-999.0,0.0,1.0,0.0,0.0,nan,1342.0697021484375,nan,84800.0,nan,4.729689598083496,250.5476837158203,266.2196044921875,265.41351318359375,267.0691833496094,271.1623840332031,5394.4658203125,2845.287841796875,1324.763671875,27.492137908935547,266.7357177734375,80.4000015258789,259.23455810546875,324.8800048828125,18900.0,0.0,0.0,,,,,,,,,,,,,,,,,,,,,,,,,,,,,,,,,,,,,,,,,,,,,,,,,,,,,,,,,,,,,,,,,,,,,,,,,,,,,,,,,,,,,,,,,,,,63.0,,,88886.0,1920.0,16274.0,7.0,7.0,,9.0,,8.0,,8.0,8.0,0.0,244.0,259.8600158691406,259.3699951171875,94.0,0.0,8.399999618530273,8.699999809265137
2020-12-07T18:59,2020-12-07T19:00,24,train,1,2020,12,18,25,2020-12-06T18:00,,,,,,,,,24,2020-12-06T19:00,-999.0,0.0,24.0,1.0,3.0,nan,1341.3138427734375,nan,84800.0,nan,6.2658891677856445,249.819091796875,266.60205078125,264.64398193359375,266.9084777832031,270.95672607421875,5386.94921875,2838.51904296875,1322.73046875,24.473007202148438,265.6341247558594,93.19999694824219,305.2878723144531,155.60000610351562,13100.0,0.0,0.4399999976158142,,,,,,,,,,,,,,,,,,,,,,,,,,,,,,,,,,,,,,,,,,,,,,,,,,,,,,,,,,,,,,,,,,,,,,,,,,,,,,,,,,,,,,,,,,,,57.0,,,88888.0,1296.0,201.0,70.0,70.0,,70.0,,62.0,,62.0,62.0,0.0,218.0,259.55999755859375,259.489990234375,97.0,3.0,10.399999618530273,11.600000381469727
2020-12-07T18:59,2020-12-07T19:00,48,train,1,2020,12,18,43,2020-12-06T00:00,,,,,,,,,36,2020-12-06T07:00,-999.0,0.0,26.0,100.0,0.0,nan,1341.16064453125,nan,84900.0,nan,6.058074951171875,248.89886474609375,265.19281005859375,263.73187255859375,266.0010986328125,270.09649658203125,5378.6064453125,2837.14208984375,1327.600830078125,35.25714111328125,264.82196044921875,91.5999984741211,305.52020263671875,26.239999771118164,13700.0,0.0,30.93000030517578,,,,,,,,,,,,,,,,,,,,,,,,,,,,,,,,,,,,,,,,,,,,,,,,,,,,,,,,,,,,,,,,,,,,,,,,,,,,,,,,,,,,,,,,,,,,66.0,,,32.0,32.0,201.0,59.0,60.0,,62.0,,53.0,,54.0,54.0,1.0,235.0,260.55999755859375,259.8500061035156,93.0,2.0,9.199999809265137,9.0
2020-12-19T02:55,2020-12-19T03:00,1,train,0,2020,12,2,1,2020-12-19T02:00,,,,,,,,,1,2020-12-19T02:00,-999.0,0.0,0.0,0.0,0.0,nan,nan,nan,nan,nan,3.7441515922546387,248.97625732421875,262.129638671875,265.5729675292969,266.0426330566406,269.55657958984375,5502.98828125,2980.47509765625,1477.1671142578125,194.84864807128906,261.4690856933594,45.29999923706055,51.07395935058594,0.0,43100.0,0.0,0.0,,,,,,,,,,,,,,,,,,,,,,,,,,,,,,,,,,,,,,,,,,,,,,,,,,,,,,,,,,,,,,,,,,,,,,,,,,,,,,,,,,,,,,,,,,,,10.0,,,88888.0,6304.0,16274.0,0.0,0.0,,0.0,,6.0,,6.0,6.0,0.0,82.0,256.66998291015625,251.989990234375,67.0,1.0,8.0,8.0
2020-12-19T02:55,2020-12-19T03:00,24,train,0,2020,12,2,21,2020-12-18T06:00,,,,,,,,,24,2020-12-18T03:00,-999.0,0.0,0.0,0.0,0.0,nan,nan,nan,nan,nan,4.417391777038574,247.37130737304688,261.4749755859375,265.6480712890625,265.5538330078125,269.13311767578125,5495.5595703125,2985.020263671875,1484.1544189453125,203.98110961914062,261.81732177734375,40.400001525878906,84.03839111328125,0.0,50100.0,0.0,0.0,,,,,,,,,,,,,,,,,,,,,,,,,,,,,,,,,,,,,,,,,,,,,,,,,,,,,,,,,,,,,,,,,,,,,,,,,,,,,,,,,,,,,,,,,,,,5.0,,,88888.0,6296.0,201.0,1.0,1.0,,3.0,,52.0,,52.0,52.0,0.0,71.0,256.489990234375,250.8800048828125,61.0,0.0,8.399999618530273,8.399999618530273
2020-12-19T02:55,2020-12-19T03:00,48,train,0,2020,12,2,45,2020-12-17T06:00,,,,,,,,,45,2020-12-17T06:00,-999.0,0.0,0.0,0.0,1.0,nan,nan,nan,nan,nan,4.278781890869141,247.5167999267578,261.086181640625,264.7357482910156,264.535888671875,268.029296875,5490.091796875,2981.984619140625,1484.468505859375,207.95599365234375,260.54736328125,43.70000076293945,78.20051574707031,0.0,45900.0,0.0,13.930000305175781,,,,,,,,,,,,,,,,,,,,,,,,,,,,,,,,,,,,,,,,,,,,,,,,,,,,,,,,,,,,,,,,,,,,,,,,,,,,,,,,,,,,,,,,,,,,3.0,,,88888.0,88888.0,9856.0,21.0,21.0,,23.0,,59.0,,59.0,59.0,0.0,113.0,257.07000732421875,250.75997924804688,57.0,0.0,10.0,10.0
2020-12-29T20:54,2020-12-29T21:00,1,train,0,2020,12,20,1,2020-12-29T20:00,,,,,,,,,1,2020-12-29T20:00,-999.0,0.0,24.0,0.0,0.0,nan,1340.231201171875,nan,86100.0,nan,12.96972942352295,239.65740966796875,253.84617614746094,256.3177490234375,260.2201232910156,264.3648681640625,5336.353515625,2901.20703125,1451.4969482421875,204.73355102539062,255.43138122558594,81.0,278.9884948730469,0.0,16400.0,0.0,0.013000000268220901,,,,,,,,,,,,,,,,,,,,,,,,,,,,,,,,,,,,,,,,,,,,,,,,,,,,,,,,,,,,,,,,,,,,,,,,,,,,,,,,,,,,,,,,,,,,55.0,,,88888.0,192.0,256.0,31.0,34.0,,43.0,,74.0,,74.0,74.0,2.0,548.0,253.7899932861328,250.9199981689453,78.0,1.0,18.0,20.5
2020-12-29T20:54,2020-12-29T21:00,24,train,0,2020,12,20,21,2020-12-29T00:00,,,,,,,,,24,2020-12-28T21:00,-999.0,0.0,7.0,0.0,0.0,nan,1340.171142578125,nan,86000.0,nan,15.292572021484375,238.8592071533203,253.91458129882812,255.94659423828125,259.7384338378906,263.8786926269531,5320.7158203125,2889.43017578125,1439.8865966796875,195.08026123046875,255.17471313476562,74.19999694824219,328.1246032714844,0.0,20900.0,0.0,1.4759999513626099,,,,,,,,,,,,,,,,,,,,,,,,,,,,,,,,,,,,,,,,,,,,,,,,,,,,,,,,,,,,,,,,,,,,,,,,,,,,,,,,,,,,,,,,,,,,44.0,,,88888.0,760.0,201.0,20.0,20.0,,20.0,,61.0,,61.0,61.0,0.0,577.0,253.3199920654297,249.97000122070312,73.0,0.0,18.799999237060547,21.299999237060547
2020-12-29T20:54,2020-12-29T21:00,48,train,0,2020,12,20,45,2020-12-28T00:00,,,,,,,,,45,2020-12-28T00:00,-999.0,0.0,2.0,0.0,0.0,nan,1339.9859619140625,nan,85700.0,nan,17.31443977355957,240.25540161132812,255.24948120117188,256.5710754394531,259.2550354003906,263.3236389160156,5313.06884765625,2868.74609375,1413.0018310546875,167.04640197753906,254.6265869140625,69.19999694824219,313.4000244140625,0.0,24100.0,0.0,3.619999885559082,,,,,,,,,,,,,,,,,,,,,,,,,,,,,,,,,,,,,,,,,,,,,,,,,,,,,,,,,,,,,,,,,,,,,,,,,,,,,,,,,,,,,,,,,,,,14.0,,,88888.0,88888.0,9856.0,8.0,8.0,,9.0,,47.0,,47.0,47.0,0.0,683.0,254.5699920654297,249.75,66.0,0.0,18.0,20.899999618530273
2021-01-06T04:59,2021-01-06T05:00,1,train,0,2021,1,4,1,2021-01-06T04:00,,,,,,,,,1,2021-01-06T04:00,-999.0,0.0,100.0,100.0,0.0,1461.236083984375,1341.91943359375,68800.0,85600.0,nan,5.373133182525635,249.5044708251953,264.10516357421875,267.4566650390625,269.4376220703125,273.4324645996094,5444.107421875,2911.83349609375,1395.753662109375,96.54823303222656,266.4457702636719,93.69999694824219,223.60433959960938,272.6400146484375,6400.0,0.0,0.36800000071525574,,,,,,,,,,,,,,,,,,,,,,,,,,,,,,,,,,,,,,,,,,,,,,,,,,,,,,,,,,,,,,,,,,,,,,,,,,,,,,,,,,,,,,,,,,,,96.0,,,0.0,0.0,209.0,78.0,94.0,,98.0,,78.0,,78.0,79.0,0.0,153.0,263.239990234375,261.8799743652344,89.0,12.0,10.0,10.5
2021-01-06T04:59,2021-01-06T05:00,24,train,0,2021,1,4,23,2021-01-05T06:00,,,,,,,,,24,2021-01-05T05:00,-999.0,0.0,100.0,100.0,100.0,1341.495361328125,1341.456787109375,52400.0,85600.0,8600.93359375,4.0856757164001465,250.09115600585938,265.233642578125,264.6978759765625,267.3702697753906,271.43084716796875,5445.4267578125,2899.0712890625,1390.519775390625,95.89525604248047,263.505859375,91.19999694824219,176.39547729492188,0.0,100.0,0.0,0.07999999821186066,,,,,,,,,,,,,,,,,,,,,,,,,,,,,,,,,,,,,,,,,,,,,,,,,,,,,,,,,,,,,,,,,,,,,,,,,,,,,,,,,,,,,,,,,,,,85.0,,,32.0,32.0,201.0,89.0,90.0,,91.0,,61.0,,67.0,72.0,0.0,176.0,263.22998046875,261.3999938964844,86.0,5.0,10.800000190734863,11.300000190734863
2021-01-06T04:59,2021-01-06T05:00,48,train,0,2021,1,4,47,2021-01-04T06:00,,,,,,,,,36,2021-01-04T17:00,-999.0,0.0,100.0,100.0,0.0,1341.533447265625,1341.49169921875,45500.0,85800.0,6462.93701171875,2.6364002227783203,248.4619598388672,265.4180908203125,263.3915100097656,266.83819580078125,270.8776550292969,5452.912109375,2920.58935546875,1409.2388916015625,117.90554809570312,263.4644775390625,90.80000305175781,139.27450561523438,0.0,400.0,0.0,0.15000000596046448,,,,,,,,,,,,,,,,,,,,,,,,,,,,,,,,,,,,,,,,,,,,,,,,,,,,,,,,,,,,,,,,,,,,,,,,,,,,,,,,,,,,,,,,,,,,91.0,,,0.0,0.0,256.0,81.0,82.0,,85.0,,70.0,,70.0,75.0,0.0,171.0,263.3599853515625,260.489990234375,80.0,13.0,11.199999809265137,11.699999809265137
2021-01-12T00:56,2021-01-12T01:00,1,train,0,2021,1,0,1,2021-01-12T00:00,,,,,,,,,1,2021-01-12T00:00,-999.0,0.0,100.0,100.0,0.0,nan,1342.284912109375,nan,86200.0,nan,4.334729194641113,241.94178771972656,257.36517333984375,267.4400329589844,270.20654296875,273.91845703125,5398.6826171875,2939.12646484375,1445.99267578125,157.1240692138672,266.9025573730469,50.29999923706055,143.806396484375,347.2799987792969,38200.0,0.0,0.0,,,,,,,,,,,,,,,,,,,,,,,,,,,,,,,,,,,,,,,,,,,,,,,,,,,,,,,,,,,,,,,,,,,,,,,,,,,,,,,,,,,,,,,,,,,,67.0,,,0.0,0.0,402.0,53.0,69.0,,81.0,,65.0,,65.0,65.0,0.0,114.0,262.80999755859375,261.1100158691406,86.0,1.0,8.399999618530273,8.899999618530273
2021-01-12T00:56,2021-01-12T01:00,24,train,0,2021,1,0,25,2021-01-11T00:00,,,,,,,,,24,2021-01-11T01:00,-999.0,0.0,100.0,100.0,0.0,nan,2420.25537109375,nan,75100.0,nan,5.134307384490967,241.37054443359375,257.18115234375,266.1907958984375,269.19390869140625,272.92120361328125,5400.484375,2944.343994140625,1455.2073974609375,170.23458862304688,265.82916259765625,76.5999984741211,141.4443817138672,180.24000549316406,19500.0,0.0,0.25,,,,,,,,,,,,,,,,,,,,,,,,,,,,,,,,,,,,,,,,,,,,,,,,,,,,,,,,,,,,,,,,,,,,,,,,,,,,,,,,,,,,,,,,,,,,64.0,,,30.0,32.0,201.0,70.0,70.0,,81.0,,54.0,,54.0,54.0,0.0,103.0,262.96002197265625,261.07000732421875,87.0,7.0,8.0,8.100000381469727
2021-01-12T00:56,2021-01-12T01:00,48,train,0,2021,1,0,43,2021-01-10T06:00,,,,,,,,,36,2021-01-10T13:00,-999.0,0.0,100.0,100.0,0.0,nan,2867.598388671875,nan,70800.0,nan,4.629651069641113,241.52587890625,257.5588684082031,265.4588928222656,268.110107421875,271.85009765625,5406.17578125,2946.813720703125,1458.7025146484375,176.75247192382812,265.13153076171875,73.80000305175781,150.12258911132812,79.36000061035156,21000.0,0.0,0.36000001430511475,,,,,,,,,,,,,,,,,,,,,,,,,,,,,,,,,,,,,,,,,,,,,,,,,,,,,,,,,,,,,,,,,,,,,,,,,,,,,,,,,,,,,,,,,,,,57.0,,,1070.0,616.0,201.0,0.0,0.0,,20.0,,55.0,,55.0,56.0,1.0,115.0,262.4100036621094,259.79998779296875,81.0,10.0,8.399999618530273,8.399999618530273
2021-01-23T07:52,2021-01-23T08:00,24,train,0,2021,1,7,26,2021-01-22T06:00,,,,,,,,,,,-999.0,0.0,100.0,6.0,0.0,nan,1340.0535888671875,84800.0,84600.0,nan,11.922811508178711,239.07737731933594,252.74371337890625,257.02471923828125,260.42230224609375,264.3203430175781,5177.92529296875,2752.2587890625,1302.2550048828125,51.389461517333984,254.83172607421875,78.5,289.8285827636719,0.0,13200.0,0.0,4.566999912261963,,,,,,,,,,,,,,,,,,,,,,,,,,,,,,,,,,,,,,,,,,,,,,,,,,,,,,,,,,,,,,,,,,,,,,,,,,,,,,,,,,,,,,,,,,,,,,,,,,,,,,,,,,,,,,,,,,
2021-01-17T12:53,2021-01-17T13:00,1,train,0,2021,1,12,1,2021-01-17T12:00,,,,,,,,,1,2021-01-17T12:00,-999.0,100.0,100.0,62.0,0.0,1341.798828125,1341.6951904296875,77900.0,83400.0,1865.0916748046875,15.276470184326172,241.9076690673828,259.4591979980469,266.75537109375,271.42071533203125,275.47650146484375,5172.3115234375,2695.86962890625,1203.826416015625,-86.72950744628906,265.83917236328125,92.9000015258789,435.18853759765625,185.36000061035156,0.0,9.999999747378752e-05,0.15000000596046448,,,,,,,,,,,,,,,,,,,,,,,,,,,,,,,,,,,,,,,,,,,,,,,,,,,,,,,,,,,,,,,,,,,,,,,,,,,,,,,,,,,,,,,,,,,,96.0,,,0.0,0.0,209.0,75.0,88.0,,97.0,,85.0,,94.0,94.0,2.0,605.0,264.07000732421875,262.96002197265625,92.0,33.0,18.799999237060547,22.0
2021-01-17T12:53,2021-01-17T13:00,24,train,0,2021,1,12,25,2021-01-16T12:00,,,,,,,,,24,2021-01-16T13:00,-999.0,100.0,100.0,16.0,0.0,1341.6239013671875,1341.5445556640625,74000.0,83200.0,6649.8388671875,11.433516502380371,242.4250946044922,259.483642578125,266.0155334472656,270.5970764160156,274.6125793457031,5155.97998046875,2677.986328125,1185.4747314453125,-103.85406494140625,264.739013671875,92.30000305175781,433.06292724609375,11.920000076293945,100.0,0.0003000000142492354,61.560001373291016,,,,,,,,,,,,,,,,,,,,,,,,,,,,,,,,,,,,,,,,,,,,,,,,,,,,,,,,,,,,,,,,,,,,,,,,,,,,,,,,,,,,,,,,,,,,93.0,,,0.0,0.0,0.0,94.0,96.0,,96.0,,86.0,,94.0,100.0,2.0,499.0,263.8600158691406,262.83001708984375,93.0,21.0,16.399999618530273,18.799999237060547
2021-01-23T07:52,2021-01-23T08:00,1,train,0,2021,1,7,1,2021-01-23T07:00,,,,,,,,,1,2021-01-23T07:00,-999.0,0.0,10.0,100.0,0.0,nan,1340.40673828125,nan,84800.0,nan,11.288046836853027,238.89761352539062,252.45870971679688,259.27423095703125,262.7305908203125,266.6495361328125,5204.896484375,2782.54150390625,1328.1199951171875,72.52628326416016,257.575439453125,80.0,294.0082702636719,0.0,16100.0,0.0,0.04769999906420708,,,,,,,,,,,,,,,,,,,,,,,,,,,,,,,,,,,,,,,,,,,,,,,,,,,,,,,,,,,,,,,,,,,,,,,,,,,,,,,,,,,,,,,,,,,,80.0,,,0.0,0.0,256.0,70.0,72.0,,81.0,,71.0,,71.0,71.0,0.0,245.0,255.77999877929688,253.989990234375,86.0,4.0,14.399999618530273,16.5
2021-01-23T07:52,2021-01-23T08:00,48,train,0,2021,1,7,44,2021-01-21T12:00,,,,,,,,,,,-999.0,0.0,100.0,84.0,0.0,nan,1340.2960205078125,84200.0,84600.0,nan,9.450834274291992,236.33837890625,251.79476928710938,258.5153503417969,261.79486083984375,265.6740417480469,5163.2353515625,2759.558349609375,1306.502685546875,51.98040008544922,256.8043212890625,78.0999984741211,292.6949768066406,0.0,14200.0,0.0,10.289999961853027,,,,,,,,,,,,,,,,,,,,,,,,,,,,,,,,,,,,,,,,,,,,,,,,,,,,,,,,,,,,,,,,,,,,,,,,,,,,,,,,,,,,,,,,,,,,,,,,,,,,,,,,,,,,,,,,,,
2021-01-17T12:53,2021-01-17T13:00,48,train,0,2021,1,12,43,2021-01-15T18:00,,,,,,,,,36,2021-01-16T01:00,-999.0,100.0,100.0,100.0,0.0,1341.594482421875,1341.5313720703125,78200.0,83700.0,1701.4842529296875,10.880805015563965,240.3612518310547,257.2087707519531,265.997802734375,270.1553955078125,274.2027587890625,5160.916015625,2710.201416015625,1221.2744140625,-64.47725677490234,264.450439453125,91.9000015258789,387.9100341796875,0.0,100.0,9.999999747378752e-05,66.41000366210938,,,,,,,,,,,,,,,,,,,,,,,,,,,,,,,,,,,,,,,,,,,,,,,,,,,,,,,,,,,,,,,,,,,,,,,,,,,,,,,,,,,,,,,,,,,,95.0,,,0.0,0.0,0.0,87.0,90.0,,90.0,,71.0,,72.0,81.0,4.0,554.0,265.70001220703125,263.489990234375,86.0,18.0,16.799999237060547,20.0
2021-01-28T21:56,2021-01-28T22:00,1,train,0,2021,1,21,1,2021-01-28T21:00,,,,,,,,,1,2021-01-28T21:00,-999.0,0.0,53.0,3.0,0.0,1340.6466064453125,1340.2789306640625,84100.0,85400.0,1538.2508544921875,10.271317481994629,241.21176147460938,255.29832458496094,257.6233825683594,261.4324035644531,265.39385986328125,5283.994140625,2830.0830078125,1374.4427490234375,116.51872253417969,256.29412841796875,79.0999984741211,294.4038391113281,0.0,2300.0,0.0,0.16200000047683716,,,,,,,,,,,,,,,,,,,,,,,,,,,,,,,,,,,,,,,,,,,,,,,,,,,,,,,,,,,,,,,,,,,,,,,,,,,,,,,,,,,,,,,,,,,,87.0,,,88886.0,360.0,0.0,30.0,30.0,,34.0,,81.0,,86.0,88.0,2.0,381.0,254.6800079345703,253.239990234375,90.0,9.0,13.199999809265137,14.699999809265137
2021-01-28T21:56,2021-01-28T22:00,24,train,0,2021,1,21,22,2021-01-28T00:00,,,,,,,,,24,2021-01-27T22:00,-999.0,0.0,100.0,12.0,0.0,nan,1340.0482177734375,84800.0,85000.0,nan,11.356559753417969,240.8993682861328,255.45974731445312,257.0127868652344,259.9974365234375,263.913818359375,5273.8701171875,2821.82275390625,1364.6175537109375,110.02679443359375,255.3036651611328,81.5,286.2362976074219,0.0,8200.0,0.0,0.6600000262260437,,,,,,,,,,,,,,,,,,,,,,,,,,,,,,,,,,,,,,,,,,,,,,,,,,,,,,,,,,,,,,,,,,,,,,,,,,,,,,,,,,,,,,,,,,,,79.0,,,30.0,32.0,209.0,37.0,37.0,,37.0,,60.0,,60.0,60.0,1.0,303.0,253.9099884033203,252.4299774169922,86.0,7.0,14.0,15.600000381469727
2021-01-28T21:56,2021-01-28T22:00,48,train,0,2021,1,21,46,2021-01-27T00:00,,,,,,,,,36,2021-01-27T10:00,-999.0,0.0,7.0,34.0,0.0,nan,1339.9140625,nan,85000.0,nan,10.224320411682129,241.00762939453125,255.61068725585938,256.144287109375,258.6904296875,262.55316162109375,5269.1044921875,2817.0546875,1360.75390625,108.53683471679688,254.31996154785156,75.5999984741211,284.3547058105469,0.0,18600.0,0.0,6.800000190734863,,,,,,,,,,,,,,,,,,,,,,,,,,,,,,,,,,,,,,,,,,,,,,,,,,,,,,,,,,,,,,,,,,,,,,,,,,,,,,,,,,,,,,,,,,,,75.0,,,30.0,32.0,209.0,40.0,40.0,,43.0,,53.0,,53.0,53.0,1.0,259.0,253.8000030517578,251.88998413085938,84.0,5.0,14.0,15.600000381469727
2021-02-08T21:53,2021-02-08T22:00,1,train,0,2021,2,21,1,2021-02-08T21:00,,,,,,,,,1,2021-02-08T21:00,-999.0,0.0,1.0,0.0,0.0,nan,1340.3895263671875,nan,86200.0,nan,7.8553338050842285,239.82766723632812,255.11007690429688,257.8919677734375,260.947021484375,264.8790283203125,5362.46044921875,2915.10546875,1455.227294921875,201.12979125976562,256.53045654296875,67.9000015258789,176.458740234375,0.0,24200.0,0.0,0.0,,,,,,,,,,,,,,,,,,,,,,,,,,,,,,,,,,,,,,,,,,,,,,,,,,,,,,,,,,,,,,,,,,,,,,,,,,,,,,,,,,,,,,,,,,,,20.0,,,88886.0,832.0,16274.0,5.0,6.0,,7.0,,9.0,,9.0,9.0,0.0,210.0,253.6799774169922,249.58999633789062,71.0,0.0,12.399999618530273,14.100000381469727
2021-02-08T21:53,2021-02-08T22:00,24,train,0,2021,2,21,22,2021-02-08T00:00,,,,,,,,,24,2021-02-07T22:00,-999.0,0.0,3.0,0.0,0.0,nan,1340.043701171875,nan,86000.0,nan,9.874824523925781,239.99520874023438,255.09710693359375,256.2408752441406,258.9698486328125,262.98175048828125,5345.8017578125,2899.11083984375,1443.6260986328125,196.01376342773438,254.57025146484375,68.80000305175781,198.84120178222656,0.0,23700.0,0.0,2.700000047683716,,,,,,,,,,,,,,,,,,,,,,,,,,,,,,,,,,,,,,,,,,,,,,,,,,,,,,,,,,,,,,,,,,,,,,,,,,,,,,,,,,,,,,,,,,,,19.0,,,88886.0,784.0,256.0,2.0,3.0,,15.0,,55.0,,55.0,55.0,0.0,208.0,253.239990234375,249.5500030517578,71.0,1.0,13.199999809265137,15.300000190734863
2021-02-08T21:53,2021-02-08T22:00,48,train,0,2021,2,21,46,2021-02-07T00:00,,,,,,,,,36,2021-02-07T10:00,-999.0,0.0,9.0,0.0,0.0,nan,1339.9871826171875,nan,85900.0,nan,10.954120635986328,238.27011108398438,253.8501739501953,256.17950439453125,258.9092102050781,262.8271484375,5313.79296875,2883.225830078125,1431.5716552734375,186.02313232421875,254.23362731933594,73.9000015258789,187.70896911621094,0.0,20800.0,0.0,5.75,,,,,,,,,,,,,,,,,,,,,,,,,,,,,,,,,,,,,,,,,,,,,,,,,,,,,,,,,,,,,,,,,,,,,,,,,,,,,,,,,,,,,,,,,,,,38.0,,,88886.0,1055.0,256.0,11.0,12.0,,13.0,,42.0,,42.0,42.0,0.0,182.0,253.7799835205078,249.9299774169922,73.0,1.0,12.399999618530273,14.5
2021-02-24T01:55,2021-02-24T02:00,1,train,0,2021,2,1,1,2021-02-24T01:00,,,,,,,,,1,2021-02-24T01:00,-999.0,0.0,8.0,100.0,0.0,4521.7841796875,1341.9569091796875,52100.0,84600.0,5920.2421875,10.922216415405273,243.76644897460938,260.0475158691406,267.9078674316406,272.3579406738281,276.4355163574219,5290.1357421875,2809.9013671875,1308.6015625,10.519706726074219,266.60906982421875,88.0,267.2893371582031,297.9200134277344,13100.0,0.0,0.0010000000474974513,,,,,,,,,,,,,,,,,,,,,,,,,,,,,,,,,,,,,,,,,,,,,,,,,,,,,,,,,,,,,,,,,,,,,,,,,,,,,,,,,,,,,,,,,,,,92.0,,,0.0,0.0,209.0,76.0,84.0,,100.0,,86.0,,93.0,100.0,1.0,339.0,264.65997314453125,264.5199890136719,100.0,22.0,12.800000190734863,14.600000381469727
2021-02-24T01:55,2021-02-24T02:00,24,train,0,2021,2,1,26,2021-02-23T00:00,,,,,,,,,24,2021-02-23T02:00,-999.0,0.0,81.0,100.0,0.0,4653.22509765625,1341.8458251953125,42200.0,84500.0,7708.32958984375,9.616183280944824,243.28952026367188,259.6381530761719,267.831787109375,271.58184814453125,275.5480651855469,5277.4765625,2798.11572265625,1297.2158203125,1.270355224609375,266.45538330078125,91.5,277.8422546386719,273.760009765625,2900.0,9.999999747378752e-05,2.880000114440918,,,,,,,,,,,,,,,,,,,,,,,,,,,,,,,,,,,,,,,,,,,,,,,,,,,,,,,,,,,,,,,,,,,,,,,,,,,,,,,,,,,,,,,,,,,,91.0,,,0.0,0.0,0.0,84.0,84.0,,87.0,,73.0,,73.0,73.0,1.0,368.0,264.20001220703125,263.8599853515625,98.0,23.0,13.199999809265137,15.100000381469727
2021-02-24T01:55,2021-02-24T02:00,48,train,0,2021,2,1,44,2021-02-22T06:00,,,,,,,,,36,2021-02-22T14:00,1905.3199462890625,100.0,100.0,100.0,0.0,1342.0419921875,1341.8509521484375,70400.0,84200.0,1868.2774658203125,11.117582321166992,243.1270751953125,260.5221862792969,267.26123046875,271.84844970703125,275.90570068359375,5262.09033203125,2774.748046875,1275.2181396484375,-20.743377685546875,266.8301696777344,93.9000015258789,479.8511047363281,335.1199951171875,300.0,0.0005000000237487257,17.56999969482422,,,,,,,,,,,,,,,,,,,,,,,,,,,,,,,,,,,,,,,,,,,,,,,,,,,,,,,,,,,,,,,,,,,,,,,,,,,,,,,,,,,,,,,,,,,,89.0,,,32.0,32.0,0.0,93.0,93.0,,94.0,,73.0,,81.0,84.0,4.0,428.0,264.7200012207031,264.2599792480469,96.0,31.0,13.199999809265137,15.100000381469727
2021-03-31T13:56,2021-03-31T14:00,1,train,1,2021,3,13,1,2021-03-31T13:00,2,2021-03-31T12:00,,,,,,,1,2021-03-31T13:00,-999.0,0.0,0.0,0.0,79.0,10761.564453125,2317.13818359375,nan,25100.0,10967.283203125,8.884847640991211,257.1627197265625,274.1583251953125,280.79144287109375,281.9178161621094,285.5989685058594,5684.75537109375,3066.04833984375,1485.206787109375,131.26544189453125,279.23284912109375,61.0,194.64352416992188,3276.080078125,30500.0,0.0,0.0,20000.150390625,0.0,0.0,0.0,0.0,24135.099609375,0.0,0.0,252.10763549804688,271.9112243652344,285.9042053222656,289.79241943359375,296.4947509765625,5715.57177734375,3134.322021484375,1546.985595703125,831.8638305664062,161.13528442382812,297.93634033203125,35.20000076293945,48.599998474121094,934.9801025390625,2978.719970703125,,,,,,,,,,,,,,,,,,,,,,,,,,,,,,,,,,,,,,,,,,,,,,,,,,,,,,,,,,,,,,,,,,,,,56.0,,,88888.0,5336.0,16274.0,4.0,4.0,,13.0,,2.0,,2.0,3.0,0.0,239.0,275.72998046875,272.0099792480469,76.0,0.0,14.0,16.600000381469727
2021-03-31T13:56,2021-03-31T14:00,24,train,1,2021,3,13,26,2021-03-30T12:00,26,2021-03-30T12:00,,,,,,,24,2021-03-30T14:00,-999.0,0.0,0.0,1.0,2.0,7535.24609375,7946.75439453125,37000.0,36700.0,8536.353515625,8.310449600219727,257.4151611328125,272.4908142089844,279.9969482421875,281.7884521484375,285.63543701171875,5683.2880859375,3070.0908203125,1496.9241943359375,145.51705932617188,278.42718505859375,69.80000305175781,243.77371215820312,3021.919921875,24800.0,0.0,0.0,20000.123046875,0.0,0.0,0.0,0.0,24134.8125,0.0,0.0,251.73989868164062,272.2579345703125,285.4491271972656,289.48736572265625,296.1581115722656,5716.62939453125,3134.37841796875,1547.843505859375,833.8026733398438,163.83963012695312,297.70001220703125,35.0,48.29999923706055,942.6307373046875,3017.280029296875,,,,,,,,,,,,,,,,,,,,,,,,,,,,,,,,,,,,,,,,,,,,,,,,,,,,,,,,,,,,,,,,,,,,,49.0,,,88888.0,5120.0,256.0,29.0,31.0,,37.0,,33.0,,34.0,36.0,0.0,260.0,275.41998291015625,272.8799743652344,83.0,0.0,14.399999618530273,15.800000190734863
2021-03-31T13:56,2021-03-31T14:00,48,train,1,2021,3,13,44,2021-03-29T18:00,50,2021-03-29T12:00,,,,,,,36,2021-03-30T02:00,-999.0,0.0,1.0,3.0,73.0,7408.9599609375,106.19031524658203,32400.0,34800.0,11439.19921875,9.391912460327148,257.21051025390625,271.76214599609375,279.374267578125,281.0498962402344,285.03887939453125,5674.2373046875,3063.48779296875,1494.5823974609375,145.98837280273438,277.70599365234375,78.4000015258789,311.35552978515625,2884.239990234375,19600.0,0.0,0.0,8222.1455078125,0.0,99.0,100.0,0.0,24135.00390625,0.0,0.0,253.27383422851562,272.1453552246094,285.8292541503906,288.7811584472656,295.4437255859375,5711.751953125,3125.68896484375,1538.5347900390625,824.1687622070312,155.954345703125,296.74530029296875,37.099998474121094,50.70000076293945,844.889404296875,3001.43994140625,,,,,,,,,,,,,,,,,,,,,,,,,,,,,,,,,,,,,,,,,,,,,,,,,,,,,,,,,,,,,,,,,,,,,43.0,,,88888.0,6032.0,256.0,31.0,31.0,,31.0,,38.0,,38.0,39.0,0.0,269.0,274.6300048828125,272.2799987792969,83.0,0.0,12.800000190734863,15.0
2021-06-25T23:55,2021-06-26T00:00,1,train,1,2021,6,23,1,2021-06-25T23:00,6,2021-06-25T18:00,,,1,2021-06-25T23:00,,,1,2021-06-25T23:00,-999.0,0.0,0.0,1.0,63.0,nan,1539.5771484375,nan,85500.0,nan,4.08109188079834,264.41497802734375,281.4079284667969,287.6044006347656,289.5157470703125,293.8607177734375,5885.955078125,3204.281982421875,1579.3392333984375,186.03416442871094,285.61578369140625,79.5,91.88893127441406,4328.412109375,18500.0,0.0,0.0,20000.14453125,0.0,0.0,7.099999904632568,0.0,24134.884765625,0.0,0.0,258.5855712890625,276.3763122558594,283.6487121582031,288.0010986328125,287.18511962890625,5765.5859375,3127.56298828125,1530.03515625,819.6643676757812,157.82266235351562,286.66168212890625,92.19999694824219,59.400001525878906,88.86150360107422,3608.9599609375,,,,,,,,,,,,,,,,,,,,,,,7428.55615234375,9.0,43.0,95.0,9.0,15400.0,263.6247253417969,281.45947265625,286.8973083496094,289.2835998535156,293.9403076171875,5877.17431640625,3198.872314453125,1575.92578125,860.6812133789062,186.0988311767578,289.63287353515625,87.16100311279297,85.80387115478516,416.7296447753906,4320.0,0.0,0.0,,,,,,,,,,,,,,,,,,,,,,,,71.0,,,30.0,32.0,465.0,25.0,27.0,,39.0,,21.0,,21.0,21.0,2.0,164.0,282.239990234375,281.82000732421875,99.0,5.0,8.399999618530273,9.100000381469727
2021-06-25T23:55,2021-06-26T00:00,24,train,1,2021,6,23,24,2021-06-25T00:00,24,2021-06-25T00:00,,,21,2021-06-25T03:00,,,24,2021-06-25T00:00,-999.0,0.0,4.0,100.0,69.0,nan,1394.186767578125,39800.0,87100.0,nan,3.6067745685577393,263.1617431640625,279.953369140625,286.3375549316406,289.8407897949219,294.3017883300781,5878.37060546875,3208.7421875,1592.524658203125,200.36700439453125,286.39434814453125,90.69999694824219,236.51051330566406,4150.462890625,13700.0,0.0,0.0,20000.125,0.0,0.0,5.0,0.0,24135.041015625,0.0,0.0,258.72149658203125,276.5589904785156,283.6889953613281,288.2789001464844,287.2855224609375,5768.6845703125,3127.581787109375,1530.1697998046875,819.3790283203125,156.9604949951172,286.7294616699219,92.4000015258789,57.70000076293945,97.9695816040039,3656.0,,,,,,,,,,,,,,,,,,,,,,,6592.5087890625,16.0,100.0,100.0,16.0,15000.0,262.8807067871094,280.2483215332031,286.8535461425781,288.7608642578125,292.9845275878906,5882.13037109375,3209.17431640625,1590.285888671875,874.42919921875,202.2213134765625,289.2928771972656,89.0,86.92889404296875,361.2308349609375,4200.0,0.0,0.0,,,,,,,,,,,,,,,,,,,,,,,,72.0,,,30.0,32.0,384.0,42.0,45.0,,53.0,,36.0,,36.0,36.0,3.0,171.0,282.82000732421875,282.3700256347656,97.0,4.0,8.399999618530273,8.800000190734863
2021-06-25T23:55,2021-06-26T00:00,48,train,1,2021,6,23,48,2021-06-24T00:00,48,2021-06-24T00:00,,,45,2021-06-24T03:00,,,48,2021-06-24T00:00,-999.0,0.0,4.0,0.0,100.0,8982.6396484375,1345.235107421875,30400.0,87500.0,14180.5,4.953258037567139,264.1615295410156,280.493408203125,287.34130859375,290.05767822265625,294.2235107421875,5891.34619140625,3211.11328125,1591.2962646484375,196.75418090820312,287.3414611816406,91.69999694824219,165.65130615234375,4335.92138671875,13300.0,0.0,0.10000000149011612,20000.1171875,0.0,0.0,0.0,0.0,24135.15625,0.0,0.0,258.70562744140625,276.7982482910156,284.8299865722656,288.77081298828125,288.99078369140625,5772.94482421875,3130.77880859375,1528.94921875,816.4953002929688,151.04246520996094,287.8555603027344,83.5999984741211,68.0999984741211,10.79590129852295,3716.9599609375,,,,,,,,,,,,,,,,,,,,,,,nan,22.0,0.0,58.0,21.0,14700.0,264.2171325683594,280.8668518066406,286.9019775390625,289.45062255859375,293.90765380859375,5893.24755859375,3213.349853515625,1592.536865234375,875.3976440429688,201.08360290527344,290.0238342285156,89.09234619140625,88.94336700439453,386.6930847167969,4380.0,0.0,0.0,,,,,,,,,,,,,,,,,,,,,,,,57.0,,,88888.0,4232.0,8495.0,75.0,77.0,,85.0,,48.0,,54.0,58.0,0.0,201.0,282.1000061035156,280.8699951171875,93.0,13.0,9.199999809265137,9.300000190734863
2021-08-09T08:53,2021-08-09T09:00,1,train,0,2021,8,8,1,2021-08-09T08:00,3,2021-08-09T06:00,,,1,2021-08-09T08:00,,,1,2021-08-09T08:00,-999.0,0.0,64.0,28.0,0.0,nan,1345.1180419921875,nan,87500.0,nan,5.1328535079956055,264.0045471191406,278.471923828125,286.90570068359375,290.2755126953125,294.45709228515625,5875.6220703125,3198.615966796875,1584.83251953125,191.94728088378906,286.4115905761719,93.5,175.5482940673828,4195.6240234375,12200.0,0.0,0.0,7572.8984375,0.699999988079071,99.0,93.0999984741211,0.0,24134.748046875,0.0,0.0,260.8887939453125,276.260498046875,285.9866638183594,288.4052429199219,293.609375,5792.85546875,3142.9375,1536.0379638671875,821.699462890625,156.01144409179688,294.82745361328125,54.0,66.5,613.2158203125,3749.280029296875,,,,,,,,,,,,,,,,,,,,,,,nan,34.0,7.0,21.0,23.0,10200.0,263.1056823730469,278.386474609375,287.9709167480469,289.72076416015625,293.36474609375,5865.259765625,3192.386962890625,1577.3397216796875,857.9479370117188,186.1886444091797,288.7841796875,92.21472930908203,90.00385284423828,154.38095092773438,4160.16845703125,0.0,0.0,,,,,,,,,,,,,,,,,,,,,,,,82.0,,,0.0,0.0,465.0,72.0,75.0,,89.0,,28.0,,30.0,32.0,1.0,153.0,283.97998046875,283.95001220703125,100.0,8.0,7.199999809265137,7.599999904632568
2021-08-09T08:53,2021-08-09T09:00,24,train,0,2021,8,8,21,2021-08-08T12:00,21,2021-08-08T12:00,,,24,2021-08-08T09:00,,,24,2021-08-08T09:00,-999.0,0.0,0.0,9.0,100.0,11963.05078125,1345.072509765625,nan,87500.0,13964.0234375,4.357484817504883,263.7428283691406,277.9277648925781,287.3533935546875,289.9073486328125,293.85626220703125,5868.91357421875,3198.108154296875,1584.5819091796875,193.8461456298828,286.5439758300781,90.0,144.4105987548828,4046.052734375,13700.0,0.0,2.7799999713897705,7941.306640625,0.30000001192092896,100.0,100.0,0.0,24135.1328125,0.0,0.0,260.7255554199219,276.6568603515625,285.9419250488281,288.26580810546875,293.28717041015625,5792.966796875,3144.53564453125,1536.07470703125,822.2378540039062,157.50222778320312,294.71533203125,52.29999923706055,65.0999984741211,586.177490234375,3680.47998046875,,,,,,,,,,,,,,,,,,,,,,,nan,39.0,3.0,84.0,39.0,10100.0,263.95306396484375,278.2508544921875,286.7361145019531,289.2653503417969,292.7660217285156,5866.8154296875,3194.87939453125,1581.54931640625,864.0980224609375,193.43177795410156,288.62158203125,93.01476287841797,90.4925537109375,177.0963134765625,4103.99169921875,0.0,2.5,,,,,,,,,,,,,,,,,,,,,,,,85.0,,,0.0,0.0,256.0,85.0,86.0,,95.0,,67.0,,76.0,80.0,14.0,149.0,283.8699951171875,283.9800109863281,100.0,11.0,7.599999904632568,8.0
2021-08-09T08:53,2021-08-09T09:00,48,train,0,2021,8,8,45,2021-08-07T12:00,45,2021-08-07T12:00,,,48,2021-08-07T09:00,,,45,2021-08-07T12:00,-999.0,0.0,1.0,5.0,9.0,12945.3427734375,1345.6064453125,nan,87400.0,13470.5966796875,3.7936034202575684,264.395263671875,277.73455810546875,287.905517578125,289.9576721191406,293.86962890625,5862.3466796875,3191.701171875,1576.64501953125,185.20274353027344,286.8405456542969,89.4000015258789,114.44529724121094,3959.491455078125,13900.0,0.0,3.130000114440918,824.4454956054688,0.800000011920929,100.0,100.0,0.0,24134.6796875,0.0,0.0,260.555419921875,277.2875061035156,285.51544189453125,288.2709045410156,292.7413635253906,5795.01416015625,3144.1318359375,1534.8790283203125,821.2656860351562,157.45541381835938,294.10906982421875,55.0,67.30000305175781,563.91552734375,3739.199951171875,,,,,,,,,,,,,,,,,,,,,,,897.8353881835938,67.0,0.0,68.0,53.0,6500.0,263.0585021972656,278.32415771484375,286.33050537109375,289.6785888671875,293.3540344238281,5863.61328125,3192.6796875,1580.1317138671875,862.6586303710938,190.88784790039062,289.177490234375,93.789306640625,94.9857406616211,190.03053283691406,4124.6640625,0.0,8.875,,,,,,,,,,,,,,,,,,,,,,,,82.0,,,8.0,8.0,0.0,83.0,84.0,,86.0,,62.0,,64.0,65.0,18.0,132.0,283.989990234375,283.75,100.0,0.0,7.599999904632568,7.599999904632568
2021-09-01T16:54,2021-09-01T17:00,1,train,1,2021,9,16,1,2021-09-01T16:00,5,2021-09-01T12:00,,,1,2021-09-01T16:00,,,1,2021-09-01T16:00,-999.0,0.0,0.0,100.0,100.0,7865.17919921875,7425.88916015625,32400.0,39800.0,10349.283203125,4.124763488769531,262.45220947265625,275.7806701660156,282.97601318359375,288.28057861328125,292.841796875,5711.58203125,3057.7900390625,1467.95654296875,90.50436401367188,285.7962341308594,62.400001525878906,386.3379211425781,3652.74853515625,29600.0,0.0,0.0,3334.83203125,100.0,99.4000015258789,99.80000305175781,0.0,24134.892578125,4.800000169780105e-06,0.0,261.2283935546875,277.1332092285156,287.72412109375,294.6995544433594,299.6397399902344,5810.67822265625,3153.083984375,1540.024658203125,816.4022216796875,134.16334533691406,298.89813232421875,34.70000076293945,36.400001525878906,128.505859375,3730.56005859375,,,,,,,,,,,,,,,,,,,,,,,6957.6845703125,3.0,72.0,100.0,3.0,24907.326171875,261.576416015625,276.25811767578125,283.0370178222656,287.7253112792969,292.6317138671875,5710.15576171875,3057.081298828125,1464.7476806640625,757.2003173828125,88.2254638671875,288.63555908203125,70.0160140991211,64.54014587402344,574.0980834960938,3725.17578125,0.0,0.0,,,,,,,,,,,,,,,,,,,,,,,,87.0,,,1766.0,1768.0,16274.0,8.0,13.0,,28.0,,12.0,,12.0,12.0,2.0,546.0,280.3800048828125,276.9599914550781,78.0,1.0,7.599999904632568,9.800000190734863
2021-09-01T16:54,2021-09-01T17:00,24,train,1,2021,9,16,23,2021-08-31T18:00,23,2021-08-31T18:00,,,26,2021-08-31T15:00,,,24,2021-08-31T17:00,-999.0,0.0,0.0,89.0,92.0,7574.12939453125,7051.166015625,28500.0,41800.0,11276.5546875,5.715773582458496,261.8408203125,275.443115234375,283.06103515625,288.89154052734375,293.46112060546875,5712.43505859375,3061.96630859375,1473.1986083984375,94.43598937988281,285.6676330566406,65.0,370.0760498046875,3484.2412109375,27800.0,0.0,0.0,20000.015625,0.0,5.0,0.0,0.0,24135.06640625,0.0,0.0,261.817138671875,277.608642578125,288.86297607421875,295.81585693359375,302.2421875,5809.3056640625,3151.469482421875,1538.614501953125,812.7606201171875,128.0101318359375,302.17236328125,25.299999237060547,28.899999618530273,604.7835083007812,3802.56005859375,,,,,,,,,,,,,,,,,,,,,,,7727.6142578125,4.0,21.0,99.0,4.0,25400.0,261.68902587890625,275.8138732910156,282.22930908203125,287.6167907714844,292.5026550292969,5707.45751953125,3057.181396484375,1468.077392578125,761.4701538085938,94.22251892089844,288.6041259765625,69.38341522216797,62.094181060791016,606.5359497070312,3640.10986328125,0.0,0.0,,,,,,,,,,,,,,,,,,,,,,,,84.0,,,30.0,32.0,201.0,20.0,29.0,,32.0,,47.0,,47.0,47.0,1.0,624.0,280.3500061035156,276.95001220703125,78.0,0.0,7.199999809265137,9.600000381469727
2021-09-01T16:54,2021-09-01T17:00,48,train,1,2021,9,16,47,2021-08-30T18:00,47,2021-08-30T18:00,,,50,2021-08-30T15:00,,,36,2021-08-31T05:00,-999.0,0.0,2.0,0.0,100.0,8622.8349609375,330.8949890136719,26800.0,34200.0,11705.1865234375,6.1485161781311035,261.20977783203125,276.3306884765625,283.7902526855469,290.1805114746094,294.79986572265625,5722.95263671875,3074.402099609375,1483.93994140625,100.58734893798828,286.6055603027344,70.5999984741211,528.722412109375,3774.755126953125,24200.0,0.0,2.6600000858306885,6315.21240234375,0.0,95.5999984741211,15.699999809265137,0.0,24134.8515625,0.0,0.0,261.55963134765625,277.0084228515625,289.2001037597656,296.1512756347656,302.3653259277344,5812.1923828125,3151.084716796875,1538.6070556640625,811.6188354492188,125.90228271484375,302.0208740234375,30.100000381469727,31.5,170.6819305419922,3852.9599609375,,,,,,,,,,,,,,,,,,,,,,,nan,19.0,0.0,0.0,19.0,27300.09765625,260.91949462890625,276.0149230957031,281.73931884765625,288.4058837890625,293.3371887207031,5717.0322265625,3069.7275390625,1485.2728271484375,777.2777099609375,109.01912689208984,289.4304504394531,65.68608856201172,60.70982360839844,966.6129150390625,3664.26708984375,0.0,7.6875,,,,,,,,,,,,,,,,,,,,,,,,76.0,,,30.0,32.0,457.0,28.0,32.0,,35.0,,42.0,,45.0,46.0,5.0,836.0,280.84002685546875,277.2099914550781,78.0,0.0,7.599999904632568,9.899999618530273
2021-09-18T16:54,2021-09-18T17:00,1,train,0,2021,9,16,1,2021-09-18T16:00,5,2021-09-18T12:00,5,2021-09-18T12:00,1,2021-09-18T16:00,,,1,2021-09-18T16:00,-999.0,2.0,7.0,0.0,0.0,nan,nan,nan,nan,nan,2.425788402557373,261.7169494628906,275.94696044921875,286.15576171875,291.9617004394531,296.603759765625,5793.80859375,3134.5068359375,1533.67626953125,142.7545166015625,289.4318542480469,78.5999984741211,811.4949340820312,3875.59765625,20000.0,0.0,0.0,15682.6171875,3.299999952316284,18.0,0.0,23.600000381469727,11713.765625,0.00023039999359752983,3.1875,252.8472137451172,270.23748779296875,280.4840393066406,284.60784912109375,288.9312744140625,5652.3564453125,3068.24853515625,1499.6968994140625,797.608642578125,139.41156005859375,288.9083251953125,91.0,85.0,393.0079040527344,2618.56005859375,20000.162109375,28.0,0.0,0.0,24100.0,262.1000061035156,277.1000061035156,286.70001220703125,292.29998779296875,296.70001220703125,5800.775390625,3135.5068359375,1528.1922607421875,805.9844970703125,131.7522430419922,290.989990234375,83.69999694824219,88.0,449.1199951171875,3909.11572265625,0.0,0.3125,nan,58.0,0.0,0.0,58.0,16600.0,261.53143310546875,276.579833984375,285.7522277832031,291.14111328125,296.0668640136719,5793.1572265625,3135.521240234375,1531.5863037109375,813.636474609375,140.851318359375,292.6084899902344,84.01992797851562,84.7932357788086,841.3858642578125,3878.300537109375,2.9999999242136255e-05,0.0625,,,,,,,,,,,,,,,,,,,,,,,,27.0,,,88886.0,656.0,16274.0,33.0,34.0,,49.0,,11.0,,11.0,11.0,464.0,759.0,283.70001220703125,283.3899841308594,98.0,6.0,4.400000095367432,6.0
2021-09-18T16:54,2021-09-18T17:00,24,train,0,2021,9,16,23,2021-09-17T18:00,23,2021-09-17T18:00,23,2021-09-17T18:00,26,2021-09-17T15:00,,,24,2021-09-17T17:00,-999.0,23.0,31.0,0.0,0.0,nan,nan,nan,nan,nan,1.073432207107544,261.7881164550781,275.792724609375,286.10601806640625,291.74444580078125,296.4057312011719,5794.35302734375,3135.44873046875,1533.311279296875,143.16937255859375,289.3912048339844,84.0,860.9837646484375,3906.32177734375,17400.0,0.0,0.0,556.7265625,5.0,93.0,0.0,23.0,20305.08203125,0.00015439999697264284,2.1875,253.75096130371094,270.825439453125,280.9296569824219,285.12310791015625,289.91644287109375,5653.47998046875,3067.9755859375,1497.2080078125,793.8727416992188,133.9539794921875,289.6022033691406,88.30000305175781,82.69999694824219,436.1669921875,2675.0400390625,1197.332275390625,60.0,21.0,0.0,500.0,262.6000061035156,276.79998779296875,287.1000061035156,291.5,295.79998779296875,5793.7822265625,3129.396728515625,1517.52001953125,796.4135131835938,127.14674377441406,288.95001220703125,100.0,100.0,73.5999984741211,3658.0595703125,0.000699999975040555,4.3125,nan,36.0,0.0,58.0,36.0,18500.0,261.3922119140625,276.02996826171875,285.4260559082031,290.90240478515625,295.85443115234375,5792.1630859375,3133.1181640625,1532.6712646484375,815.9122314453125,144.140625,292.49517822265625,81.0,82.30294799804688,883.4578857421875,3990.0,3.9999998989515007e-05,0.25,,,,,,,,,,,,,,,,,,,,,,,,38.0,,,88888.0,496.0,457.0,62.0,65.0,,77.0,,37.0,,37.0,37.0,402.0,733.0,283.5799865722656,283.8700256347656,100.0,9.0,4.800000190734863,6.300000190734863
2021-09-18T16:54,2021-09-18T17:00,48,train,0,2021,9,16,47,2021-09-16T18:00,47,2021-09-16T18:00,47,2021-09-16T18:00,50,2021-09-16T15:00,,,36,2021-09-17T05:00,-999.0,19.0,27.0,0.0,0.0,nan,nan,nan,nan,nan,1.1127192974090576,261.6633605957031,276.321533203125,286.2304992675781,292.0772399902344,296.7459716796875,5800.28515625,3141.0224609375,1540.00732421875,147.607666015625,289.6722106933594,80.30000305175781,1043.15771484375,4037.8125,19200.0,0.0,0.0,963.0053100585938,1.2999999523162842,100.0,0.0,4.099999904632568,24134.931640625,3.9200000173877925e-05,3.8125,252.4281005859375,270.8382873535156,280.3497314453125,285.5228271484375,290.1961364746094,5640.28955078125,3061.721435546875,1490.853271484375,788.5785522460938,127.58722686767578,289.6589660644531,82.80000305175781,71.5999984741211,428.82513427734375,2721.43994140625,20000.095703125,31.0,0.0,0.0,0.0,261.20001220703125,277.6000061035156,286.3999938964844,291.5,295.79998779296875,5796.87939453125,3129.405517578125,1521.203857421875,800.5902709960938,126.63277435302734,289.7799987792969,99.0,100.0,605.6799926757812,4235.40185546875,0.0,0.0625,nan,31.0,0.0,0.0,31.0,19700.0,261.1879577636719,276.37799072265625,286.0752868652344,291.5872802734375,296.5884094238281,5802.8291015625,3142.087890625,1539.0595703125,820.6390991210938,147.48056030273438,293.3390808105469,79.2412109375,80.50003814697266,1051.7366943359375,4111.4306640625,1.9999999494757503e-05,0.875,,,,,,,,,,,,,,,,,,,,,,,,40.0,,,88888.0,1240.0,384.0,67.0,73.0,,76.0,,38.0,,42.0,44.0,486.0,779.0,283.7799987792969,283.67999267578125,100.0,8.0,5.199999809265137,6.599999904632568
2021-10-05T04:50,2021-10-05T05:00,1,train,0,2021,10,4,1,2021-10-05T04:00,5,2021-10-05T00:00,5,2021-10-05T00:00,1,2021-10-05T04:00,,,1,2021-10-05T04:00,-999.0,0.0,53.0,94.0,100.0,nan,1675.6146240234375,nan,83700.0,nan,3.2834997177124023,260.6607666015625,275.2511901855469,280.67657470703125,282.6060791015625,286.4621887207031,5773.314453125,3124.1416015625,1536.856201171875,177.49366760253906,279.6429138183594,87.5999984741211,88.9453353881836,3586.414306640625,14800.0,0.0,0.0,1794.92822265625,100.0,100.0,100.0,0.0,22057.939453125,0.00018479999562259763,0.6875,259.50286865234375,273.5821533203125,280.0498962402344,284.181640625,284.99652099609375,5683.89306640625,3054.66259765625,1470.0740966796875,769.9610595703125,116.53504180908203,284.55621337890625,85.5,67.9000015258789,313.5086364746094,3127.679931640625,3574.94287109375,45.0,62.0,89.0,2400.0,261.29998779296875,275.8999938964844,280.20001220703125,282.5,286.70001220703125,5775.2568359375,3125.13427734375,1532.2171630859375,834.8289184570312,187.3877716064453,279.510009765625,99.69999694824219,96.0,71.19999694824219,3628.045166015625,0.0,0.0,nan,58.0,100.0,65.0,0.0,17100.0,260.6309814453125,275.1305236816406,281.4021911621094,282.0201416015625,285.6456604003906,5767.568359375,3122.202392578125,1532.8203125,833.7799072265625,177.05609130859375,280.8981628417969,83.1405029296875,71.88302612304688,145.42922973632812,3509.40087890625,0.0,0.0,,,,,,,,,,,,,,,,,,,,,,,,94.0,,,0.0,0.0,209.0,83.0,88.0,,88.0,,82.0,,82.0,82.0,0.0,126.0,275.69000244140625,274.6499938964844,92.0,5.0,6.0,6.400000095367432
2021-10-05T04:50,2021-10-05T05:00,24,train,0,2021,10,4,23,2021-10-04T06:00,23,2021-10-04T06:00,23,2021-10-04T06:00,26,2021-10-04T03:00,,,24,2021-10-04T05:00,-999.0,0.0,61.0,100.0,100.0,8481.119140625,2313.4296875,nan,77400.0,10889.2353515625,2.875269651412964,260.50048828125,275.08514404296875,280.5646057128906,282.04461669921875,286.0250244140625,5774.9541015625,3128.72998046875,1541.0810546875,183.33197021484375,279.62347412109375,91.4000015258789,87.84445190429688,3581.3212890625,13500.0,0.0,0.0,1550.91162109375,100.0,100.0,100.0,0.0,24135.126953125,1.9999999949504854e-06,0.0,258.6924743652344,273.26971435546875,280.8924255371094,286.2437744140625,284.97845458984375,5686.09619140625,3061.44580078125,1482.917236328125,778.9971923828125,121.80462646484375,284.68426513671875,80.9000015258789,49.79999923706055,161.08224487304688,3086.39990234375,3064.090087890625,6.0,62.0,27.0,24100.0,261.0,275.79998779296875,281.1000061035156,283.8999938964844,288.1000061035156,5772.74365234375,3125.3544921875,1534.05322265625,833.5767822265625,190.8551788330078,281.5199890136719,81.5999984741211,79.0,145.27999877929688,3712.9599609375,0.0,0.0,2892.180908203125,100.0,100.0,100.0,0.0,14800.0,260.41412353515625,274.3829650878906,280.9241638183594,281.7450256347656,285.06549072265625,5770.97314453125,3128.377197265625,1541.1461181640625,842.4760131835938,187.439453125,281.2488098144531,88.70237731933594,83.38937377929688,131.2742919921875,3343.293212890625,0.0,0.625,,,,,,,,,,,,,,,,,,,,,,,,95.0,,,0.0,0.0,0.0,91.0,91.0,,91.0,,77.0,,79.0,83.0,0.0,118.0,276.27996826171875,274.9700012207031,91.0,14.0,6.0,6.0
2021-10-05T04:50,2021-10-05T05:00,48,train,0,2021,10,4,47,2021-10-03T06:00,47,2021-10-03T06:00,47,2021-10-03T06:00,50,2021-10-03T03:00,,,36,2021-10-03T17:00,-999.0,0.0,100.0,84.0,100.0,1391.874267578125,1343.8165283203125,32400.0,87000.0,11504.6298828125,3.6874780654907227,260.6173095703125,274.9388427734375,280.5111999511719,281.5467834472656,285.3571472167969,5765.90087890625,3122.17333984375,1533.962890625,177.67037963867188,279.911376953125,97.4000015258789,98.94804382324219,3451.18603515625,12200.0,0.0,34.93000030517578,1180.9991455078125,100.0,100.0,100.0,0.0,24135.1796875,0.0,0.0,257.0211181640625,272.4660339355469,280.7462463378906,286.66888427734375,285.4954833984375,5681.00927734375,3059.434326171875,1482.719970703125,778.57080078125,121.9233169555664,285.24053955078125,78.19999694824219,45.5,190.66336059570312,2864.159912109375,2215.2939453125,70.0,20.0,68.0,24100.0,259.70001220703125,275.79998779296875,280.6000061035156,283.70001220703125,287.8999938964844,5761.296875,3115.3798828125,1525.339111328125,825.162353515625,182.95567321777344,280.44000244140625,95.4000015258789,92.0,35.52000045776367,3525.1201171875,0.0,0.0625,1087.5152587890625,100.0,100.0,100.0,29.0,8900.0,260.3360595703125,275.47894287109375,281.16412353515625,281.7513122558594,284.6465759277344,5772.39892578125,3124.652099609375,1533.475830078125,833.2674560546875,177.58888244628906,281.42431640625,94.01033782958984,93.30245208740234,142.60791015625,3610.0,7.999999797903001e-05,18.625,,,,,,,,,,,,,,,,,,,,,,,,96.0,,,0.0,0.0,256.0,99.0,99.0,,99.0,,78.0,,88.0,98.0,0.0,101.0,276.09002685546875,275.17999267578125,93.0,30.0,6.400000095367432,6.800000190734863
2021-10-17T02:59,2021-10-17T03:00,1,train,0,2021,10,2,1,2021-10-17T02:00,3,2021-10-17T00:00,3,2021-10-17T00:00,1,2021-10-17T02:00,,,1,2021-10-17T02:00,4350.2001953125,38.0,100.0,100.0,28.0,1344.25048828125,1344.1431884765625,48700.0,85500.0,6346.39501953125,4.196147441864014,260.56683349609375,274.76873779296875,282.1192626953125,286.33905029296875,290.624755859375,5620.61376953125,2974.90185546875,1385.3271484375,14.293533325195312,282.3142395019531,99.0999984741211,338.4544677734375,3272.547119140625,500.0,9.999999747378752e-05,0.9670000076293945,8176.83837890625,0.0,4.599999904632568,100.0,0.0,24134.71875,0.0,0.0,258.884033203125,274.361572265625,284.7153625488281,287.327880859375,284.3406982421875,5720.662109375,3095.56005859375,1502.861328125,793.0022583007812,136.2324676513672,284.040771484375,84.80000305175781,48.70000076293945,137.14865112304688,3267.0400390625,2471.8701171875,88.0,95.0,0.0,18800.0,262.1000061035156,276.1000061035156,283.29998779296875,286.29998779296875,290.6000061035156,5640.23876953125,2986.144287109375,1389.4373779296875,682.4292602539062,20.207828521728516,282.6999816894531,90.30000305175781,91.0,587.280029296875,3629.438720703125,9.999999747378752e-05,30.375,821.5626220703125,100.0,92.0,1.0,100.0,4100.0,261.23577880859375,274.6812744140625,282.23834228515625,286.211669921875,290.6285400390625,5629.24560546875,2986.258056640625,1398.43603515625,691.6199951171875,27.037109375,286.0846252441406,98.0775146484375,97.79523468017578,482.3955383300781,3256.96142578125,0.00033000000985339284,2.5625,,,,,,,,,,,,,,,,,,,,,,,,96.0,,,0.0,0.0,209.0,72.0,83.0,,100.0,,83.0,,92.0,100.0,26.0,346.0,280.3299865722656,279.8800048828125,97.0,75.0,11.600000381469727,14.0
2021-10-17T02:59,2021-10-17T03:00,24,train,0,2021,10,2,21,2021-10-16T06:00,21,2021-10-16T06:00,21,2021-10-16T06:00,24,2021-10-16T03:00,,,24,2021-10-16T03:00,-999.0,0.0,100.0,100.0,100.0,2561.672607421875,1343.8331298828125,30300.0,85500.0,9528.8017578125,11.589104652404785,260.203125,274.7490234375,281.9136962890625,285.6442565917969,289.8848876953125,5609.5390625,2973.642333984375,1388.673095703125,21.97472381591797,280.611572265625,82.30000305175781,333.51080322265625,3290.156005859375,17200.0,0.0,25.059999465942383,12571.2119140625,0.0,0.0,100.0,0.0,24134.861328125,0.0,0.0,259.0752258300781,273.9559631347656,283.6807556152344,286.1966857910156,284.4766845703125,5719.89111328125,3094.5888671875,1506.3724365234375,799.6475219726562,143.27134704589844,283.61468505859375,80.19999694824219,56.20000076293945,34.233551025390625,3216.0,1197.0198974609375,60.0,6.0,0.0,100.0,262.1000061035156,277.1000061035156,284.6000061035156,289.0,293.29998779296875,5629.44970703125,2971.747314453125,1371.6134033203125,657.4380493164062,-6.809171676635742,285.5299987792969,100.0,100.0,1220.1600341796875,3727.343505859375,0.0020000000949949026,10.6875,2199.9736328125,100.0,73.0,0.0,72.0,13200.0,260.4330749511719,275.11572265625,281.6594543457031,286.17962646484375,290.5681457519531,5609.68896484375,2967.5634765625,1382.426025390625,676.9219970703125,11.765731811523438,285.5372009277344,88.83771514892578,87.59886169433594,559.7599487304688,3401.7958984375,0.00013000000035390258,8.0625,,,,,,,,,,,,,,,,,,,,,,,,96.0,,,0.0,0.0,0.0,100.0,100.0,,100.0,,86.0,,93.0,100.0,39.0,375.0,280.3800048828125,279.71002197265625,96.0,80.0,12.399999618530273,15.699999809265137
2021-10-17T02:59,2021-10-17T03:00,48,train,0,2021,10,2,45,2021-10-15T06:00,45,2021-10-15T06:00,45,2021-10-15T06:00,48,2021-10-15T03:00,,,45,2021-10-15T06:00,5291.0,0.0,100.0,100.0,100.0,2323.661865234375,1344.107177734375,34500.0,85500.0,8007.2509765625,8.166328430175781,260.60296630859375,275.01336669921875,282.97265625,286.91253662109375,291.16973876953125,5627.396484375,2981.5087890625,1391.575439453125,19.366729736328125,282.55841064453125,83.4000015258789,287.40667724609375,3443.81103515625,2900.0,0.0017000000225380063,24.979999542236328,9526.4189453125,0.0,0.0,100.0,0.0,24135.130859375,0.0,0.0,259.75,273.4822082519531,283.13336181640625,286.40069580078125,284.3406982421875,5717.06689453125,3090.9169921875,1505.0382080078125,798.527099609375,142.5404052734375,283.65313720703125,73.5,45.599998474121094,63.93236541748047,3138.8798828125,3256.133056640625,76.0,94.0,0.0,14200.0,260.70001220703125,274.5,279.3999938964844,284.20001220703125,288.5,5604.86767578125,2961.301513671875,1379.2587890625,678.57275390625,20.7800235748291,281.0799865722656,94.9000015258789,96.0,383.1199951171875,3288.0,0.00019999999494757503,17.9375,2854.875244140625,100.0,96.0,0.0,14.0,14500.0,261.62109375,273.8843688964844,282.2153015136719,286.93365478515625,291.3315734863281,5626.31396484375,2979.47509765625,1395.9541015625,688.822509765625,25.940147399902344,285.8990783691406,89.21195983886719,88.08651733398438,476.06298828125,3181.6884765625,1.9999999494757503e-05,3.25,,,,,,,,,,,,,,,,,,,,,,,,91.0,,,88.0,24.0,6400.0,89.0,91.0,,95.0,,72.0,,73.0,81.0,28.0,290.0,279.9100036621094,279.2599792480469,96.0,2.2860000133514404,11.600000381469727,15.199999809265137
2021-10-29T05:50,2021-10-29T06:00,1,train,0,2021,10,5,1,2021-10-29T05:00,6,2021-10-29T00:00,6,2021-10-29T00:00,1,2021-10-29T05:00,,,1,2021-10-29T05:00,-999.0,0.0,0.0,0.0,0.0,nan,nan,nan,nan,nan,2.345952033996582,256.50921630859375,272.641357421875,277.7330322265625,277.82232666015625,281.54193115234375,5640.099609375,3031.893310546875,1460.846923828125,120.9898681640625,272.85845947265625,49.5,56.171905517578125,1267.0400390625,37300.0,0.0,0.0,2175.36376953125,100.0,100.0,100.0,0.0,24135.23828125,4.640000042854808e-05,0.0625,256.303955078125,269.1666259765625,279.8071594238281,283.65936279296875,285.58270263671875,5601.1982421875,3006.38916015625,1439.969482421875,740.2291259765625,86.7015609741211,285.02716064453125,77.0999984741211,75.9000015258789,145.07852172851562,2471.52001953125,20000.17578125,7.0,0.0,0.0,24100.0,257.1000061035156,273.20001220703125,276.5,274.6000061035156,278.70001220703125,5643.85205078125,3034.65283203125,1463.99072265625,786.541015625,148.60670471191406,270.4399719238281,61.599998474121094,60.0,139.1999969482422,763.6799926757812,0.0,0.0,nan,0.0,0.0,0.0,0.0,34400.0,256.8960266113281,272.2159729003906,279.9189758300781,277.8359375,280.57159423828125,5638.4296875,3034.6875,1460.81982421875,770.6156005859375,122.67984771728516,273.6418762207031,55.05834197998047,47.72237014770508,137.68081665039062,2320.0,0.0,0.0,,,,,,,,,,,,,,,,,,,,,,,,8.0,,,88888.0,4720.0,16209.0,0.0,0.0,,0.0,,1.0,,1.0,1.0,0.0,114.0,270.17999267578125,264.8399963378906,68.0,1.0,8.0,8.100000381469727
2021-10-29T05:50,2021-10-29T06:00,24,train,0,2021,10,5,24,2021-10-28T06:00,24,2021-10-28T06:00,24,2021-10-28T06:00,21,2021-10-28T09:00,,,24,2021-10-28T06:00,-999.0,0.0,0.0,0.0,0.0,nan,nan,nan,nan,nan,2.269646167755127,257.7891540527344,272.2522277832031,275.7274475097656,276.10772705078125,280.0478820800781,5639.849609375,3031.490966796875,1465.029296875,131.357666015625,273.1000671386719,63.70000076293945,68.70547485351562,1300.47998046875,28700.0,0.0,0.0,3922.5029296875,7.400000095367432,100.0,11.199999809265137,0.0,24134.91796875,0.0,0.0,256.0148010253906,269.6649169921875,279.47430419921875,284.6351318359375,285.5116882324219,5598.638671875,3006.38818359375,1441.2021484375,741.4505004882812,86.10350036621094,284.98846435546875,84.0,67.5999984741211,110.4308090209961,2414.56005859375,19999.853515625,2.0,16.0,0.0,24100.0,258.6000061035156,272.1000061035156,276.20001220703125,276.70001220703125,280.79998779296875,5638.48486328125,3028.216552734375,1464.0545654296875,782.3308715820312,146.7912139892578,273.4700012207031,56.20000076293945,56.0,140.24000549316406,2813.43994140625,0.0,0.0,nan,3.0,0.0,0.0,3.0,15200.0,256.18780517578125,272.7650451660156,276.85614013671875,274.79296875,278.8111877441406,5644.408203125,3033.97119140625,1463.8865966796875,782.4153442382812,135.5586395263672,272.7243347167969,83.0,82.14945983886719,159.81825256347656,1760.0,0.0,0.0,,,,,,,,,,,,,,,,,,,,,,,,11.0,,,88886.0,3624.0,256.0,7.0,7.0,,9.0,,51.0,,53.0,54.0,0.0,110.0,270.239990234375,265.42999267578125,70.0,0.0,8.399999618530273,8.600000381469727
2021-10-29T05:50,2021-10-29T06:00,48,train,0,2021,10,5,48,2021-10-27T06:00,48,2021-10-27T06:00,48,2021-10-27T06:00,45,2021-10-27T09:00,,,48,2021-10-27T06:00,-999.0,0.0,0.0,0.0,0.0,nan,1343.093994140625,nan,86400.0,nan,0.9176640510559082,258.1003723144531,272.0284118652344,275.2772216796875,274.5224609375,278.6298828125,5636.5361328125,3030.779296875,1465.2880859375,136.25816345214844,271.9183044433594,67.5999984741211,48.975929260253906,1123.0400390625,26200.0,0.0,0.8299999833106995,5067.361328125,5.0,100.0,100.0,0.0,24135.078125,0.0,0.0,256.32440185546875,270.38201904296875,280.74517822265625,285.427978515625,285.6221618652344,5605.912109375,3009.34375,1440.71630859375,738.5072021484375,82.93019104003906,285.1172180175781,88.19999694824219,57.70000076293945,161.01763916015625,2537.280029296875,20000.18359375,1.0,0.0,0.0,24100.0,258.20001220703125,273.0,276.3999938964844,278.79998779296875,282.8999938964844,5645.2109375,3033.40771484375,1467.019287109375,781.6988525390625,148.35008239746094,275.5799865722656,16.0,17.0,178.24000549316406,3003.360107421875,0.0,0.0,nan,1.0,0.0,0.0,1.0,16800.0,256.89764404296875,272.40423583984375,275.78485107421875,274.559326171875,278.3130187988281,5646.7451171875,3043.986328125,1476.060546875,796.05078125,150.826904296875,272.90960693359375,81.7388687133789,77.91567993164062,141.17343139648438,1780.0,0.0,0.0,,,,,,,,,,,,,,,,,,,,,,,,10.0,,,88888.0,4952.0,9856.0,23.0,23.0,,24.0,,62.0,,62.0,62.0,0.0,120.0,270.1499938964844,265.1300048828125,68.0,0.0,8.0,8.100000381469727
2021-11-21T14:52,2021-11-21T15:00,1,train,0,2021,11,14,1,2021-11-21T14:00,3,2021-11-21T12:00,3,2021-11-21T12:00,1,2021-11-21T14:00,,,1,2021-11-21T14:00,-999.0,0.0,5.0,5.0,0.0,nan,3707.657470703125,nan,64200.0,nan,4.383101940155029,249.6403045654297,263.73187255859375,269.8555603027344,273.212158203125,277.1752624511719,5567.4443359375,3027.477294921875,1509.316650390625,201.8456268310547,271.6663513183594,81.0,351.47613525390625,1083.8399658203125,17300.0,0.0,0.017999999225139618,16502.91015625,72.0999984741211,98.0,73.30000305175781,83.80000305175781,24134.783203125,0.0,0.3125,252.15806579589844,266.43511962890625,276.19549560546875,280.04864501953125,285.0894775390625,5542.1337890625,2985.605224609375,1440.1612548828125,749.7890014648438,103.31465148925781,284.9986267089844,70.4000015258789,91.4000015258789,426.0412292480469,1938.719970703125,3211.686767578125,84.0,86.0,1.0,24100.0,250.1999969482422,264.8999938964844,269.6000061035156,273.3999938964844,277.5,5575.60498046875,3030.474365234375,1509.27392578125,837.2398681640625,210.12210083007812,272.0400085449219,70.5999984741211,75.0,331.9200134277344,1009.760009765625,0.0,0.0,nan,45.0,100.0,7.0,0.0,20700.0,249.96835327148438,264.1053466796875,269.6432800292969,272.6026916503906,276.4591369628906,5571.06884765625,3028.2236328125,1511.061279296875,839.1146850585938,206.83575439453125,273.42376708984375,77.31338500976562,68.39759826660156,197.33456420898438,770.0,0.0,0.0,,,,,,,,,,,,,,,,,,,,,,,,84.0,,,0.0,0.0,16209.0,49.0,50.0,,70.0,,11.0,,13.0,22.0,0.0,332.0,266.0299987792969,264.3299865722656,89.0,4.0,9.600000381469727,10.0
2021-11-21T14:52,2021-11-21T15:00,24,train,0,2021,11,14,21,2021-11-20T18:00,21,2021-11-20T18:00,21,2021-11-20T18:00,24,2021-11-20T15:00,,,24,2021-11-20T15:00,-999.0,0.0,13.0,100.0,100.0,5349.1416015625,1810.7838134765625,39700.0,81800.0,8776.5576171875,6.45968770980835,249.666259765625,263.6981201171875,269.52947998046875,273.6481628417969,277.76129150390625,5562.3212890625,3022.010009765625,1507.125244140625,197.81297302246094,270.59796142578125,83.80000305175781,383.61004638671875,918.47998046875,5000.0,0.0,0.07999999821186066,821.8817138671875,32.5,100.0,100.0,16.899999618530273,12301.6708984375,0.00016320000577252358,1.25,251.46168518066406,266.7982177734375,276.3182067871094,280.7964172363281,286.4346923828125,5542.75390625,2988.219970703125,1441.81884765625,750.2807006835938,100.12085723876953,286.1919250488281,77.0999984741211,91.80000305175781,372.4707336425781,1987.52001953125,19999.939453125,48.0,32.0,0.0,200.0,250.3000030517578,264.8999938964844,268.6000061035156,272.5,276.5,5567.98046875,3018.77587890625,1500.7003173828125,830.4873046875,200.2533721923828,270.70001220703125,97.9000015258789,100.0,464.1600036621094,804.47998046875,0.0006000000284984708,0.75,3408.609375,29.0,100.0,100.0,13.0,10700.0,249.9219512939453,263.4169921875,269.6827697753906,272.76348876953125,276.79974365234375,5563.2880859375,3023.560546875,1509.7999267578125,837.3048706054688,204.91555786132812,274.07159423828125,90.29261779785156,90.34835815429688,415.78753662109375,850.0,3.9999998989515007e-05,0.375,,,,,,,,,,,,,,,,,,,,,,,,87.0,,,0.0,0.0,201.0,80.0,81.0,,89.0,,42.0,,42.0,42.0,0.0,358.0,266.2799987792969,265.1199951171875,91.0,19.0,9.600000381469727,10.0
2021-11-21T14:52,2021-11-21T15:00,48,train,0,2021,11,14,45,2021-11-19T18:00,45,2021-11-19T18:00,45,2021-11-19T18:00,48,2021-11-19T15:00,,,45,2021-11-19T18:00,-999.0,0.0,3.0,97.0,80.0,5955.9072265625,2187.66796875,nan,78000.0,8843.80859375,6.849212169647217,249.1825714111328,264.41070556640625,270.07037353515625,273.8644104003906,277.8424377441406,5567.23681640625,3027.724609375,1508.71923828125,198.23867797851562,271.117431640625,85.0,386.5611877441406,995.3599853515625,16700.0,0.0,0.9700000286102295,981.9208374023438,94.5999984741211,100.0,100.0,34.599998474121094,24135.052734375,3.51999988197349e-05,0.125,252.3259735107422,267.5201416015625,276.2501220703125,281.07562255859375,286.60626220703125,5559.205078125,2996.842529296875,1449.497802734375,757.6196899414062,107.40444946289062,286.3800048828125,70.9000015258789,89.0999984741211,273.0299377441406,1997.5999755859375,1448.385986328125,90.0,79.0,2.0,3300.0,251.0,265.3999938964844,269.70001220703125,271.5,275.5,5572.9111328125,3020.389404296875,1500.1888427734375,832.0740356445312,204.37115478515625,269.9100036621094,90.30000305175781,93.0,249.9199981689453,682.8800048828125,9.999999747378752e-05,0.3125,5044.96484375,89.0,100.0,70.0,1.0,18400.0,248.8660430908203,263.596435546875,270.4830322265625,273.08050537109375,277.06634521484375,5564.15771484375,3027.45849609375,1511.728759765625,837.9200439453125,205.150634765625,274.2611389160156,81.77056884765625,80.36631774902344,398.51611328125,880.0,0.0,2.6875,,,,,,,,,,,,,,,,,,,,,,,,85.0,,,104.0,24.0,8960.0,89.0,89.0,,92.0,,63.0,,63.0,63.0,1.0,512.0,266.1000061035156,264.44000244140625,88.0,0.0,10.800000190734863,11.300000190734863
2021-12-12T13:59,2021-12-12T14:00,1,train,0,2021,12,13,1,2021-12-12T13:00,2,2021-12-12T12:00,2,2021-12-12T12:00,1,2021-12-12T13:00,,,1,2021-12-12T13:00,-999.0,0.0,0.0,0.0,0.0,nan,1835.90478515625,nan,79800.0,nan,16.50591278076172,247.60069274902344,259.68182373046875,264.61834716796875,270.1044006347656,274.24859619140625,5352.6904296875,2844.41650390625,1361.468994140625,75.12150573730469,264.5622863769531,71.4000015258789,570.4733276367188,0.0,22600.0,0.0,0.0,19999.802734375,0.0,0.0,30.200000762939453,0.0,24135.212890625,0.0,0.0,256.53839111328125,274.9623718261719,279.9400634765625,280.3368225097656,284.16851806640625,5750.58447265625,3139.825927734375,1555.5498046875,861.7543334960938,216.4609375,285.3290710449219,77.0,80.19999694824219,455.6207275390625,3374.39990234375,19999.833984375,8.0,0.0,0.0,24100.0,248.8000030517578,262.0,263.0,267.70001220703125,271.70001220703125,5355.16845703125,2835.83203125,1350.8262939453125,693.081298828125,69.76887512207031,265.010009765625,89.5999984741211,92.0,892.239990234375,0.0,0.0,1.0,nan,10.0,0.0,0.0,10.0,23300.0,247.29763793945312,258.713134765625,264.145751953125,269.9681091308594,274.35888671875,5351.97314453125,2849.118896484375,1368.9486083984375,707.5442504882812,82.924072265625,269.7614440917969,71.67130279541016,63.893524169921875,836.7518920898438,240.0,0.0,0.0,,,,,,,,,,,,,,,,,,,,,,,,35.0,,,88888.0,272.0,0.0,49.0,59.0,,63.0,,59.0,,59.0,59.0,2.0,835.0,261.1100158691406,259.30999755859375,87.0,2.0,21.600000381469727,25.299999237060547
2021-12-12T13:59,2021-12-12T14:00,24,train,0,2021,12,13,26,2021-12-11T12:00,26,2021-12-11T12:00,26,2021-12-11T12:00,23,2021-12-11T15:00,,,24,2021-12-11T14:00,-999.0,92.0,92.0,0.0,0.0,nan,1341.479736328125,nan,85100.0,nan,13.695223808288574,247.46669006347656,257.4874572753906,263.75262451171875,269.24017333984375,273.43963623046875,5323.33349609375,2827.5927734375,1350.9908447265625,71.24957275390625,263.8507080078125,89.69999694824219,700.7022094726562,0.0,13700.0,0.0,23.989999771118164,19999.86328125,0.0,0.0,5.0,2.9000000953674316,24135.150390625,0.0,0.0,257.0003967285156,274.98406982421875,276.92022705078125,281.732177734375,285.13372802734375,5748.74609375,3134.222900390625,1552.38623046875,859.5536499023438,211.6709442138672,286.20880126953125,78.30000305175781,70.4000015258789,442.50909423828125,3437.919921875,20000.150390625,6.0,0.0,0.0,0.0,248.60000610351562,261.29998779296875,262.29998779296875,266.8999938964844,270.8999938964844,5354.3740234375,2831.851806640625,1350.359130859375,694.5322265625,71.77440643310547,264.0799865722656,98.4000015258789,100.0,719.2000122070312,0.0,0.0,4.9375,nan,81.0,0.0,0.0,81.0,21400.0,245.96463012695312,256.61346435546875,263.3757019042969,269.389404296875,273.7581787109375,5320.23779296875,2837.491455078125,1363.7333984375,703.8800048828125,82.2542724609375,269.0473327636719,75.0,68.41999816894531,995.0624389648438,120.0,0.0,9.4375,,,,,,,,,,,,,,,,,,,,,,,,35.0,,,88886.0,328.0,256.0,36.0,37.0,,46.0,,45.0,,47.0,59.0,3.0,823.0,261.20001220703125,259.739990234375,89.0,2.0,21.600000381469727,25.0
2021-12-12T13:59,2021-12-12T14:00,48,train,0,2021,12,13,44,2021-12-10T18:00,50,2021-12-10T12:00,50,2021-12-10T12:00,47,2021-12-10T15:00,,,36,2021-12-11T02:00,-999.0,37.0,46.0,0.0,0.0,nan,1341.3177490234375,nan,85000.0,nan,15.245743751525879,248.33251953125,259.4961853027344,263.4481201171875,268.88336181640625,273.0161437988281,5340.572265625,2828.338134765625,1347.9124755859375,67.14640808105469,263.4008483886719,87.5999984741211,609.2802124023438,0.0,14400.0,0.0,21.780000686645508,19999.888671875,0.0,0.0,30.0,0.0,24134.837890625,0.0,0.0,256.97564697265625,274.26690673828125,279.1950988769531,281.14923095703125,284.6751708984375,5746.46923828125,3132.03662109375,1551.444091796875,858.5726318359375,211.76429748535156,285.7147216796875,74.0,71.30000305175781,420.5970764160156,3290.239990234375,19999.931640625,0.0,0.0,0.0,24100.0,248.60000610351562,263.79998779296875,263.0,267.5,271.5,5379.10595703125,2847.227294921875,1354.4407958984375,697.1614990234375,74.4985122680664,264.75,84.69999694824219,86.0,596.6400146484375,0.0,0.0,0.375,nan,54.0,0.0,0.0,54.0,21200.0,247.50914001464844,259.2748718261719,263.19122314453125,268.9415283203125,273.3215026855469,5342.53955078125,2835.3837890625,1354.6077880859375,695.6546020507812,74.2152099609375,268.37542724609375,74.65300750732422,68.23081970214844,713.3457641601562,40.0,0.0,15.25,,,,,,,,,,,,,,,,,,,,,,,,37.0,,,88888.0,16.0,256.0,29.0,30.0,,32.0,,47.0,,49.0,60.0,3.0,804.0,262.57000732421875,259.7200012207031,80.0,6.0,20.799999237060547,24.200000762939453
2021-12-30T16:57,2021-12-30T17:00,1,train,1,2021,12,16,1,2021-12-30T16:00,5,2021-12-30T12:00,5,2021-12-30T12:00,1,2021-12-30T16:00,,,1,2021-12-30T16:00,-999.0,0.0,3.0,100.0,0.0,nan,1342.4554443359375,nan,85800.0,nan,4.270749568939209,247.4005889892578,263.41094970703125,270.2475891113281,272.5653076171875,276.5210876464844,5456.7509765625,2938.30908203125,1415.9227294921875,109.76771545410156,271.7633056640625,89.4000015258789,316.73541259765625,1092.719970703125,15100.0,0.0,0.007000000216066837,19999.865234375,0.0,0.0,5.0,0.0,24135.109375,0.0,0.0,258.4529113769531,278.04498291015625,287.99761962890625,289.5180969238281,286.3950500488281,5810.19091796875,3165.31494140625,1556.1650390625,839.194091796875,179.56910705566406,285.2987365722656,88.19999694824219,28.799999237060547,188.48211669921875,3892.320068359375,20000.111328125,66.0,8.0,0.0,24100.0,248.10000610351562,263.8999938964844,270.5,275.29998779296875,279.3999938964844,5456.7724609375,2932.51513671875,1404.339599609375,727.3577270507812,105.68994903564453,273.30999755859375,79.80000305175781,84.0,329.6000061035156,1184.47998046875,0.0,0.0,816.897216796875,100.0,100.0,0.0,100.0,5900.0,247.95816040039062,262.6280822753906,270.1236877441406,272.39019775390625,276.31500244140625,5453.67626953125,2935.25830078125,1413.082275390625,741.4475708007812,110.24568176269531,273.07745361328125,98.36178588867188,98.6103515625,480.6757507324219,740.0,0.0,0.0,,,,,,,,,,,,,,,,,,,,,,,,79.0,,,32.0,32.0,16209.0,56.0,58.0,,59.0,,20.0,,22.0,24.0,1.0,317.0,266.44000244140625,266.5899963378906,100.0,2.0,8.399999618530273,8.100000381469727
2021-12-30T16:57,2021-12-30T17:00,24,train,1,2021,12,16,23,2021-12-29T18:00,23,2021-12-29T18:00,23,2021-12-29T18:00,26,2021-12-29T15:00,,,24,2021-12-29T17:00,-999.0,0.0,2.0,100.0,0.0,nan,1342.911865234375,56300.0,85800.0,nan,3.183148145675659,247.18890380859375,263.4083251953125,268.9554443359375,272.2751770019531,276.2174072265625,5451.5126953125,2934.5751953125,1414.8682861328125,109.81035614013672,270.1934814453125,93.80000305175781,306.17340087890625,850.7999877929688,13300.0,0.0,0.0,20000.177734375,0.0,0.0,5.0,0.0,24135.1796875,0.0,0.0,259.10650634765625,278.1483459472656,286.947021484375,288.36163330078125,286.4640197753906,5807.75537109375,3160.85302734375,1553.114013671875,838.6436157226562,180.64678955078125,285.58087158203125,91.30000305175781,36.0,202.72642517089844,3910.239990234375,3193.3623046875,58.0,7.0,0.0,24100.0,247.39999389648438,263.70001220703125,270.79998779296875,274.8999938964844,279.0,5457.3203125,2937.494384765625,1408.56005859375,732.2774047851562,109.07328796386719,272.5199890136719,79.9000015258789,82.0,249.9199981689453,1084.1600341796875,0.0,0.0,794.5723266601562,100.0,100.0,0.0,100.0,200.0,247.1383514404297,262.8957214355469,269.0986022949219,272.05340576171875,276.08837890625,5451.22314453125,2931.804443359375,1413.6414794921875,743.8975830078125,112.13937377929688,272.3058166503906,99.43893432617188,98.21650695800781,452.3496398925781,630.0,0.0,0.0,,,,,,,,,,,,,,,,,,,,,,,,77.0,,,30.0,32.0,256.0,53.0,53.0,,56.0,,62.0,,62.0,62.0,1.0,323.0,266.739990234375,266.8999938964844,99.0,4.0,8.399999618530273,8.5
2021-12-30T16:57,2021-12-30T17:00,48,train,1,2021,12,16,47,2021-12-28T18:00,47,2021-12-28T18:00,47,2021-12-28T18:00,50,2021-12-28T15:00,,,36,2021-12-29T05:00,-999.0,0.0,5.0,100.0,0.0,nan,1342.821044921875,nan,85900.0,nan,3.020979881286621,247.53350830078125,264.0912170410156,269.4607849121094,272.30810546875,276.22430419921875,5465.025390625,2942.81298828125,1421.689697265625,115.40399169921875,271.160400390625,88.30000305175781,314.2727966308594,1003.3599853515625,15700.0,0.0,0.7099999785423279,20000.0,0.0,0.0,5.300000190734863,0.0,24135.1015625,0.0,0.0,259.8490905761719,277.6727294921875,286.48565673828125,288.5430603027344,286.6987609863281,5814.2890625,3160.759765625,1557.21435546875,843.4483032226562,185.0609130859375,285.37298583984375,88.5,33.29999923706055,117.75050354003906,4030.39990234375,20000.05859375,55.0,8.0,0.0,24100.0,247.8000030517578,264.79998779296875,269.79998779296875,274.5,278.6000061035156,5472.767578125,2945.11181640625,1412.2457275390625,737.390869140625,117.54167938232422,272.5,70.80000305175781,73.0,288.32000732421875,1081.43994140625,0.0,0.0,852.7223510742188,100.0,100.0,0.0,100.0,6100.0,249.0895538330078,265.44512939453125,268.352783203125,271.66119384765625,275.77783203125,5474.384765625,2943.741943359375,1415.931640625,747.814697265625,113.82987213134766,272.1552734375,96.45459747314453,97.38565826416016,482.8252258300781,610.0,0.0,0.625,,,,,,,,,,,,,,,,,,,,,,,,74.0,,,30.0,32.0,201.0,89.0,90.0,,90.0,,70.0,,72.0,74.0,1.0,308.0,266.4700012207031,266.3899841308594,99.0,4.0,8.800000190734863,8.399999618530273
2022-01-08T20:53,2022-01-08T21:00,1,train,0,2022,1,20,1,2022-01-08T20:00,3,2022-01-08T18:00,3,2022-01-08T18:00,1,2022-01-08T20:00,,,1,2022-01-08T20:00,-999.0,0.0,0.0,0.0,0.0,nan,nan,nan,nan,nan,3.642770767211914,249.78646850585938,260.70953369140625,263.6866760253906,263.55682373046875,267.147216796875,5522.1943359375,3002.779541015625,1512.295654296875,240.12161254882812,262.69061279296875,25.5,81.32345581054688,0.0,71400.0,0.0,0.0,527.506103515625,100.0,100.0,100.0,100.0,4062.804931640625,0.0013271999778226018,3.625,250.60708618164062,267.3833312988281,275.40948486328125,278.9511413574219,283.56414794921875,5540.26171875,2992.954833984375,1447.4466552734375,759.237548828125,115.18476867675781,283.3325500488281,86.69999694824219,100.0,2108.5458984375,1870.239990234375,20000.056640625,4.0,0.0,0.0,24100.0,249.6999969482422,261.3999938964844,263.79998779296875,264.1000061035156,268.1000061035156,5527.88916015625,3006.822265625,1513.005859375,861.9111938476562,259.7620544433594,260.92999267578125,46.29999923706055,27.0,66.31999969482422,0.0,0.0,0.0,7319.02099609375,1.0,0.0,100.0,1.0,31812.552734375,249.88748168945312,260.59466552734375,263.6075439453125,262.33984375,265.2325439453125,5517.85498046875,2996.712890625,1507.845458984375,855.8983154296875,243.39402770996094,260.7873840332031,60.0,30.735628128051758,70.525390625,0.0,0.0,0.0,,,,,,,,,,,,,,,,,,,,,,,,6.0,,,88886.0,4360.0,16274.0,0.0,0.0,,0.0,,8.0,,8.0,10.0,0.0,102.0,256.3899841308594,247.00997924804688,43.0,0.0,9.600000381469727,9.399999618530273
2022-01-08T20:53,2022-01-08T21:00,24,train,0,2022,1,20,21,2022-01-08T00:00,21,2022-01-08T00:00,21,2022-01-08T00:00,24,2022-01-07T21:00,,,24,2022-01-07T21:00,-999.0,0.0,0.0,0.0,0.0,nan,nan,nan,nan,nan,3.1666946411132812,248.99417114257812,260.5240478515625,262.73974609375,263.1946105957031,267.0206298828125,5511.85986328125,2994.055908203125,1506.40869140625,236.35047912597656,262.1234130859375,30.899999618530273,71.87248229980469,0.0,62800.0,0.0,0.25999999046325684,537.4617919921875,91.80000305175781,100.0,100.0,100.0,23858.666015625,3.559999822755344e-05,3.375,250.5636749267578,265.3236083984375,274.624755859375,279.0594482421875,284.04364013671875,5543.1396484375,3001.252197265625,1463.455078125,776.2462768554688,131.39227294921875,283.8004150390625,86.0,99.5,1650.5831298828125,1627.6800537109375,20000.015625,1.0,0.0,0.0,24100.0,249.60000610351562,260.3999938964844,264.29998779296875,264.6000061035156,268.6000061035156,5514.357421875,2997.416748046875,1504.7529296875,852.5676879882812,252.82861328125,260.82000732421875,30.100000381469727,16.0,66.31999969482422,0.0,0.0,0.0,nan,1.0,1.0,2.0,1.0,28312.552734375,248.7446746826172,260.260009765625,263.05780029296875,261.00506591796875,264.0758056640625,5511.3583984375,2996.2216796875,1508.5888671875,858.8312377929688,248.51663208007812,259.7774353027344,64.0,38.876827239990234,88.32061004638672,0.0,0.0,0.625,,,,,,,,,,,,,,,,,,,,,,,,6.0,,,88886.0,4136.0,201.0,0.0,0.0,,0.0,,55.0,,55.0,55.0,0.0,105.0,255.62997436523438,248.3000030517578,53.0,0.0,9.199999809265137,9.5
2022-01-08T20:53,2022-01-08T21:00,48,train,0,2022,1,20,45,2022-01-07T00:00,45,2022-01-07T00:00,45,2022-01-07T00:00,48,2022-01-06T21:00,,,45,2022-01-07T00:00,-999.0,0.0,0.0,0.0,0.0,nan,nan,nan,nan,nan,3.45175838470459,250.51611328125,260.69000244140625,263.7181396484375,264.20654296875,268.021240234375,5505.0693359375,2977.967041015625,1487.6695556640625,213.8888702392578,261.9364013671875,28.100000381469727,83.17292022705078,0.0,67300.0,0.0,8.390000343322754,471.0185852050781,100.0,100.0,100.0,100.0,5720.33740234375,0.0006871999939903617,1.125,250.8826141357422,266.2435302734375,274.8680725097656,278.6167907714844,283.1327819824219,5561.1533203125,3009.27294921875,1466.224609375,778.9522094726562,135.8506317138672,283.0619812011719,87.5,99.80000305175781,1706.436767578125,1824.800048828125,19999.82421875,0.0,4.0,0.0,24100.0,251.1999969482422,262.20001220703125,265.20001220703125,265.5,269.3999938964844,5533.55322265625,3002.002197265625,1501.4971923828125,847.849609375,245.2701873779297,261.3399963378906,34.70000076293945,18.0,66.55999755859375,0.0,0.0,0.0,nan,3.0,56.0,6.0,3.0,27512.552734375,249.60508728027344,260.71600341796875,263.56402587890625,261.64599609375,264.97808837890625,5505.123046875,2977.731689453125,1488.346435546875,837.5216064453125,224.38156127929688,260.526611328125,65.00247955322266,43.618804931640625,84.11387634277344,0.0,0.0,5.0,,,,,,,,,,,,,,,,,,,,,,,,23.0,,,88888.0,2072.0,9755.0,0.0,0.0,,1.0,,45.0,,45.0,45.0,0.0,159.0,255.5399932861328,250.5299835205078,65.0,0.0,10.800000190734863,10.800000190734863
2022-01-17T06:55,2022-01-17T07:00,1,holdout_baserate,0,2022,1,6,1,2022-01-17T06:00,1,2022-01-17T06:00,1,2022-01-17T06:00,1,2022-01-17T06:00,,,1,2022-01-17T06:00,-999.0,0.0,100.0,100.0,100.0,1341.277099609375,1341.3077392578125,25200.0,85700.0,11776.4345703125,9.700172424316406,251.56817626953125,265.7174377441406,265.0129699707031,266.44000244140625,270.153076171875,5469.2080078125,2915.64208984375,1400.590087890625,109.26338195800781,262.056396484375,89.80000305175781,239.6476593017578,0.0,100.0,0.0,0.003000000026077032,4078.878662109375,5.0,99.5999984741211,3.700000047683716,0.0,24134.65625,0.0,0.0,250.38002014160156,267.91522216796875,272.9570007324219,276.5766296386719,276.54083251953125,5704.06103515625,3150.87060546875,1604.71923828125,923.91064453125,289.7044982910156,275.64984130859375,71.9000015258789,76.0,34.20353698730469,1509.280029296875,1195.5408935546875,100.0,100.0,100.0,0.0,252.5,266.1000061035156,261.3999938964844,264.29998779296875,268.20001220703125,5465.36669921875,2905.802001953125,1393.51318359375,743.572998046875,134.64112854003906,261.4100036621094,98.30000305175781,100.0,278.0799865722656,0.0,9.999999747378752e-05,0.0625,2370.27783203125,62.0,100.0,100.0,31.0,2900.0,253.6265106201172,263.92095947265625,266.38287353515625,265.6660461425781,268.6409912109375,5463.796875,2907.175048828125,1397.028564453125,738.5973510742188,113.91413879394531,264.3466796875,82.73055267333984,83.6734390258789,256.42626953125,0.0,9.999999747378752e-05,0.0625,,,,,,,,,,,,,,,,,,,,,,,,98.0,,,32.0,32.0,16274.0,22.0,24.0,,55.0,,4.0,,4.0,5.0,0.0,215.0,258.8999938964844,257.29998779296875,88.0,11.0,16.799999237060547,18.0
2022-01-17T06:55,2022-01-17T07:00,24,holdout_baserate,0,2022,1,6,25,2022-01-16T06:00,25,2022-01-16T06:00,25,2022-01-16T06:00,22,2022-01-16T09:00,,,24,2022-01-16T07:00,-999.0,0.0,100.0,100.0,100.0,1341.189697265625,1341.2020263671875,26800.0,85600.0,11595.326171875,10.685172080993652,252.48904418945312,266.6678161621094,263.1681823730469,265.59613037109375,269.3744201660156,5464.978515625,2903.8466796875,1392.078125,103.55563354492188,261.2210998535156,89.0,278.270263671875,0.0,0.0,9.999999747378752e-05,0.03999999910593033,16883.412109375,5.0,100.0,41.29999923706055,0.0,24134.72265625,0.0,0.0,250.23626708984375,268.2074890136719,273.86627197265625,277.5059509277344,276.993408203125,5711.056640625,3151.87939453125,1606.4320068359375,922.9752807617188,286.8741760253906,274.5522155761719,71.9000015258789,76.0999984741211,9.988689422607422,1908.9599609375,1195.49365234375,100.0,100.0,100.0,0.0,251.89999389648438,268.1000061035156,260.70001220703125,265.29998779296875,269.29998779296875,5480.13525390625,2913.2138671875,1401.46044921875,749.3541259765625,141.4573974609375,263.3900146484375,96.19999694824219,100.0,445.44000244140625,0.0,0.0007999999797903001,0.375,1957.7427978515625,100.0,100.0,100.0,61.0,9300.0,251.8336181640625,265.56549072265625,265.16058349609375,266.0335693359375,268.9390869140625,5476.53662109375,2917.666259765625,1403.310791015625,746.458740234375,119.72488403320312,265.03997802734375,86.60449981689453,91.92024993896484,346.40753173828125,0.0,9.999999747378752e-06,0.0,,,,,,,,,,,,,,,,,,,,,,,,98.0,,,32.0,32.0,201.0,62.0,65.0,,75.0,,47.0,,47.0,47.0,1.0,291.0,258.77996826171875,257.239990234375,88.0,10.0,16.399999618530273,18.0
2022-01-17T06:55,2022-01-17T07:00,48,holdout_baserate,0,2022,1,6,43,2022-01-15T12:00,49,2022-01-15T06:00,49,2022-01-15T06:00,46,2022-01-15T09:00,,,36,2022-01-15T19:00,-999.0,0.0,100.0,100.0,100.0,1341.2669677734375,1341.344482421875,26800.0,85500.0,11238.1435546875,11.147534370422363,251.4084930419922,265.9394836425781,265.153076171875,265.98974609375,269.6685485839844,5458.8203125,2905.591796875,1387.376953125,96.66183471679688,261.7981872558594,87.80000305175781,227.90472412109375,0.0,200.0,0.0,0.0,4734.63037109375,0.0,100.0,0.0,0.0,24135.033203125,0.0,0.0,250.18670654296875,268.23944091796875,275.16943359375,278.0938720703125,276.4931335449219,5704.1826171875,3149.20458984375,1602.9139404296875,916.9732055664062,281.76434326171875,275.36346435546875,79.4000015258789,46.79999923706055,10.7055025100708,2058.39990234375,2954.33203125,35.0,100.0,100.0,24100.0,252.0,267.1000061035156,264.3999938964844,264.6000061035156,268.5,5484.8466796875,2931.020263671875,1407.5887451171875,756.942138671875,150.9240264892578,261.7200012207031,15.899999618530273,11.0,204.63999938964844,0.0,0.0,0.0,2242.8623046875,64.0,98.0,99.0,64.0,10700.0,251.2581787109375,264.81903076171875,266.33050537109375,265.60284423828125,268.5445556640625,5465.20751953125,2916.6357421875,1401.5858154296875,744.0997924804688,118.54486846923828,263.77093505859375,80.03313446044922,93.5735092163086,315.54974365234375,0.0,0.0,0.0,,,,,,,,,,,,,,,,,,,,,,,,93.0,,,32.0,32.0,256.0,64.0,65.0,,72.0,,41.0,,41.0,41.0,0.0,222.0,259.2099914550781,256.97998046875,85.0,8.0,15.600000381469727,17.200000762939453
2022-01-25T22:53,2022-01-25T23:00,1,train,0,2022,1,22,1,2022-01-25T22:00,5,2022-01-25T18:00,5,2022-01-25T18:00,1,2022-01-25T22:00,,,1,2022-01-25T22:00,-999.0,91.0,100.0,0.0,0.0,nan,1340.79638671875,nan,85300.0,nan,7.789582252502441,242.00469970703125,253.56982421875,259.798583984375,264.74688720703125,268.80908203125,5285.13720703125,2831.4140625,1377.520263671875,114.55366516113281,259.72955322265625,87.0999984741211,347.4392395019531,0.0,13800.0,0.0,0.00800000037997961,19999.939453125,0.0,0.0,0.0,0.0,24135.0078125,0.0,0.0,250.23553466796875,268.69268798828125,278.1805419921875,279.79840087890625,279.56591796875,5711.60546875,3153.919921875,1596.7325439453125,905.0894775390625,265.02471923828125,277.1640319824219,85.0999984741211,35.099998474121094,10.110807418823242,2515.840087890625,1195.2918701171875,64.0,0.0,0.0,100.0,241.8000030517578,254.60000610351562,259.79998779296875,264.5,268.3999938964844,5296.5205078125,2834.580810546875,1380.464111328125,730.7957153320312,116.82547760009766,262.5299987792969,95.80000305175781,100.0,793.280029296875,0.0,0.0006000000284984708,1.8125,1308.9100341796875,100.0,0.0,0.0,90.0,17300.0,241.69924926757812,252.5810089111328,259.9150390625,265.5906982421875,269.8799743652344,5292.83349609375,2841.578369140625,1392.7744140625,742.0552978515625,129.46653747558594,263.9053649902344,78.0,77.32667541503906,1128.3699951171875,0.0,0.0,0.0625,,,,,,,,,,,,,,,,,,,,,,,,89.0,,,0.0,0.0,256.0,59.0,89.0,,98.0,,82.0,,87.0,87.0,7.0,558.0,257.9700012207031,257.27996826171875,93.0,15.0,15.199999809265137,16.200000762939453
2022-01-25T22:53,2022-01-25T23:00,24,train,0,2022,1,22,23,2022-01-25T00:00,23,2022-01-25T00:00,23,2022-01-25T00:00,26,2022-01-24T21:00,,,24,2022-01-24T23:00,-999.0,100.0,100.0,0.0,0.0,1456.93017578125,1340.910888671875,81500.0,85000.0,1693.6497802734375,5.135141372680664,241.82371520996094,253.74981689453125,259.5234680175781,264.4102783203125,268.4096984863281,5281.515625,2825.957275390625,1374.09716796875,111.33208465576172,258.7366943359375,80.19999694824219,386.8136291503906,0.0,2200.0,9.999999747378752e-05,4.369999885559082,20000.017578125,0.0,0.0,0.0,0.0,24135.076171875,0.0,0.0,250.6201934814453,268.77398681640625,277.7374267578125,280.01934814453125,280.04302978515625,5715.95263671875,3157.18896484375,1601.6180419921875,910.308837890625,269.41015625,277.373779296875,83.30000305175781,31.799999237060547,10.113311767578125,2479.679931640625,20000.015625,37.0,0.0,0.0,100.0,241.39999389648438,256.70001220703125,258.20001220703125,262.8999938964844,266.79998779296875,5287.0126953125,2824.908447265625,1366.0570068359375,720.3765869140625,107.61711120605469,260.6600036621094,96.9000015258789,100.0,708.47998046875,0.0,0.00039999998989515007,3.1875,1001.7615356445312,100.0,0.0,0.0,100.0,2400.0,241.65118408203125,254.37533569335938,258.295166015625,263.4769287109375,267.7950439453125,5276.35986328125,2820.904296875,1372.5545654296875,726.7945556640625,115.1434326171875,263.41424560546875,89.0,87.93779754638672,825.8724365234375,0.0,9.999999747378752e-05,3.0625,,,,,,,,,,,,,,,,,,,,,,,,87.0,,,30.0,32.0,201.0,56.0,56.0,,56.0,,52.0,,52.0,55.0,5.0,441.0,257.989990234375,256.79998779296875,90.0,8.0,14.800000190734863,15.899999618530273
2022-01-25T22:53,2022-01-25T23:00,48,train,0,2022,1,22,47,2022-01-24T00:00,47,2022-01-24T00:00,47,2022-01-24T00:00,50,2022-01-23T21:00,,,36,2022-01-24T11:00,-999.0,0.0,100.0,0.0,0.0,nan,1340.5867919921875,nan,85300.0,nan,9.021939277648926,243.25405883789062,256.29229736328125,258.68792724609375,262.814453125,266.8046569824219,5305.05712890625,2834.51708984375,1374.530029296875,111.74551391601562,257.202392578125,79.5,233.37403869628906,0.0,13600.0,0.0,3.5899999141693115,20000.041015625,0.0,0.0,0.0,0.0,24134.947265625,0.0,0.0,250.4503173828125,268.9613037109375,278.0744934082031,279.8336486816406,279.7403869628906,5715.5791015625,3154.587646484375,1596.789306640625,905.2074584960938,264.8724670410156,277.3734130859375,90.5,35.5,10.103141784667969,2554.8798828125,20000.134765625,23.0,0.0,0.0,100.0,242.8000030517578,256.20001220703125,258.6000061035156,263.29998779296875,267.20001220703125,5303.095703125,2836.001953125,1376.706298828125,730.0469360351562,118.21656036376953,260.9599914550781,97.30000305175781,100.0,587.3599853515625,0.0,0.00019999999494757503,0.8125,nan,69.0,0.0,0.0,69.0,16300.0,243.0834197998047,255.83624267578125,259.5363464355469,263.98638916015625,268.2661437988281,5302.81591796875,2832.4833984375,1374.353759765625,726.26171875,111.46137237548828,262.3802490234375,79.0155029296875,79.59156036376953,545.5177001953125,0.0,0.0,2.625,,,,,,,,,,,,,,,,,,,,,,,,88.0,,,30.0,32.0,256.0,58.0,59.0,,61.0,,51.0,,52.0,52.0,5.0,373.0,257.9700012207031,256.70001220703125,89.0,9.0,13.600000381469727,14.199999809265137
2022-02-03T21:57,2022-02-03T22:00,1,holdout_baserate,0,2022,2,21,1,2022-02-03T21:00,4,2022-02-03T18:00,4,2022-02-03T18:00,1,2022-02-03T21:00,,,1,2022-02-03T21:00,2955.0,100.0,100.0,100.0,100.0,1342.5001220703125,1342.429931640625,42600.0,86700.0,10714.462890625,1.3999273777008057,253.51112365722656,267.8765869140625,270.320068359375,272.4727783203125,276.4742736816406,5600.6572265625,3029.18359375,1494.8126220703125,180.3616180419922,270.3052062988281,97.30000305175781,329.70770263671875,875.0399780273438,100.0,0.0003000000142492354,1.1369999647140503,690.3997192382812,100.0,0.0,100.0,100.0,24134.87890625,0.0,0.0,255.8617401123047,272.2977600097656,278.2402038574219,278.0982360839844,283.127685546875,5687.22607421875,3080.5771484375,1516.846923828125,825.4022827148438,183.63687133789062,283.33929443359375,76.69999694824219,99.0,206.03176879882812,2833.919921875,1230.4649658203125,100.0,100.0,100.0,800.0,254.0,267.79998779296875,268.5,273.29998779296875,277.29998779296875,5595.3798828125,3018.197021484375,1487.6544189453125,815.7550659179688,187.81324768066406,270.9800109863281,100.0,100.0,290.0,848.0,0.0006000000284984708,1.5625,880.265380859375,100.0,100.0,100.0,100.0,700.0,254.45455932617188,267.4585876464844,269.5682678222656,271.42279052734375,275.5447082519531,5598.10888671875,3022.46875,1492.123046875,821.7966918945312,187.4070281982422,272.265625,98.0,98.93952178955078,456.81158447265625,620.0,0.0006000000284984708,1.6875,,,,,,,,,,,,,,,,,,,,,,,,97.0,,,0.0,0.0,209.0,80.0,90.0,,100.0,,100.0,,100.0,100.0,1.0,229.0,266.96002197265625,266.91998291015625,100.0,73.0,9.600000381469727,9.399999618530273
2022-02-03T21:57,2022-02-03T22:00,24,holdout_baserate,0,2022,2,21,22,2022-02-03T00:00,22,2022-02-03T00:00,22,2022-02-03T00:00,25,2022-02-02T21:00,,,24,2022-02-02T22:00,-999.0,18.0,100.0,100.0,96.0,1573.8154296875,1342.6119384765625,42500.0,87000.0,11060.4150390625,3.4055919647216797,253.4466552734375,267.5508728027344,270.7357177734375,272.7353820800781,276.7376708984375,5592.353515625,3018.864501953125,1484.37841796875,170.2950439453125,270.8999938964844,97.5,319.1595458984375,964.239990234375,6300.0,0.0,11.399999618530273,554.5813598632812,100.0,5.0,72.80000305175781,76.80000305175781,24134.9609375,0.0,0.0,255.5500030517578,271.8562316894531,278.4804382324219,277.9708251953125,282.20172119140625,5684.52197265625,3081.85986328125,1519.7073974609375,827.4561767578125,187.22015380859375,282.550048828125,80.0,99.4000015258789,419.47357177734375,2573.1201171875,1265.0899658203125,100.0,100.0,13.0,2800.0,253.60000610351562,268.29998779296875,269.1000061035156,272.6000061035156,276.70001220703125,5595.95166015625,3020.382568359375,1485.80517578125,814.9036254882812,190.90322875976562,270.6300048828125,97.0999984741211,100.0,138.63999938964844,793.4400024414062,9.999999747378752e-05,0.5625,896.3211669921875,100.0,100.0,100.0,95.0,1000.0,253.12857055664062,267.4180908203125,269.8665466308594,271.0853576660156,275.2371826171875,5590.455078125,3020.43896484375,1487.2113037109375,817.4295654296875,183.5764923095703,271.9462585449219,98.47010040283203,98.65863800048828,435.0511779785156,570.0,0.0002699999895412475,9.75,,,,,,,,,,,,,,,,,,,,,,,,97.0,,,32.0,32.0,0.0,79.0,79.0,,79.0,,86.0,,100.0,100.0,0.0,189.0,267.1300048828125,267.20001220703125,100.0,65.0,10.800000190734863,10.899999618530273
2022-02-03T21:57,2022-02-03T22:00,48,holdout_baserate,0,2022,2,21,46,2022-02-02T00:00,46,2022-02-02T00:00,46,2022-02-02T00:00,49,2022-02-01T21:00,,,36,2022-02-02T10:00,-999.0,0.0,26.0,100.0,100.0,3883.4599609375,1342.7110595703125,30400.0,86500.0,11099.47265625,3.8945534229278564,254.0704803466797,267.8944091796875,272.5125732421875,274.9080810546875,278.7982482910156,5595.623046875,3020.390380859375,1479.4395751953125,158.6116943359375,272.3944091796875,92.0999984741211,343.8505554199219,1195.8399658203125,3000.0,9.999999747378752e-05,10.789999961853027,20000.00390625,0.0,4.699999809265137,54.599998474121094,0.0,24134.87109375,0.0,0.0,255.6923065185547,271.9422607421875,277.2209167480469,278.8686218261719,279.3197326660156,5680.3212890625,3073.136474609375,1511.9827880859375,821.6972045898438,181.51983642578125,278.4205627441406,92.80000305175781,76.5999984741211,56.182552337646484,2600.159912109375,1230.17724609375,100.0,92.0,3.0,4100.0,255.0,268.20001220703125,267.70001220703125,271.3999938964844,275.3999938964844,5578.62060546875,3003.05615234375,1472.368408203125,804.9237060546875,183.90989685058594,269.32000732421875,97.4000015258789,100.0,173.9199981689453,592.0,9.999999747378752e-05,0.4375,864.408447265625,94.0,100.0,100.0,93.0,2200.0,254.43402099609375,268.044189453125,272.1482238769531,271.9093322753906,275.8570556640625,5593.806640625,3016.926025390625,1474.736328125,800.9060668945312,164.67025756835938,272.203857421875,98.34056091308594,97.4814224243164,393.777099609375,610.0,9.000000136438757e-05,8.125,,,,,,,,,,,,,,,,,,,,,,,,95.0,,,32.0,32.0,256.0,88.0,88.0,,88.0,,83.0,,91.0,91.0,1.0,157.0,266.3500061035156,266.3899841308594,100.0,58.0,10.0,9.899999618530273
2022-02-13T09:51,2022-02-13T10:00,1,holdout_baserate,0,2022,2,9,1,2022-02-13T09:00,4,2022-02-13T06:00,4,2022-02-13T06:00,1,2022-02-13T09:00,,,1,2022-02-13T09:00,-999.0,0.0,0.0,100.0,0.0,6830.505859375,4437.384765625,52500.0,57000.0,7939.57861328125,11.506202697753906,245.74533081054688,260.21929931640625,260.96722412109375,261.8681640625,265.64520263671875,5403.5673828125,2904.119140625,1419.2529296875,152.25814819335938,258.53448486328125,55.79999923706055,145.6620330810547,0.0,33300.0,0.0,0.0,20000.060546875,63.900001525878906,1.7000000476837158,5.0,0.0,24134.943359375,0.0,0.0,253.2204132080078,266.23638916015625,278.20013427734375,283.9339294433594,283.93670654296875,5596.7451171875,3022.804931640625,1476.1705322265625,778.6668701171875,131.59556579589844,284.2959289550781,61.20000076293945,40.70000076293945,373.8264465332031,2074.39990234375,3659.151611328125,35.0,100.0,0.0,24100.0,246.39999389648438,259.79998779296875,261.79998779296875,260.5,264.3999938964844,5398.2626953125,2900.075439453125,1415.7357177734375,773.3872680664062,175.8315887451172,258.30999755859375,84.5,88.0,166.8000030517578,0.0,0.0,0.0,2878.282470703125,44.0,100.0,0.0,44.0,16700.0,246.6384735107422,258.0390625,261.14276123046875,259.23681640625,263.01275634765625,5402.3349609375,2908.162109375,1430.8848876953125,786.6256713867188,176.03305053710938,258.945556640625,82.17977905273438,78.33425903320312,242.8192901611328,0.0,0.0,0.0,,,,,,,,,,,,,,,,,,,,,,,,96.0,,,0.0,0.0,209.0,46.0,46.0,,67.0,,66.0,,66.0,66.0,0.0,138.0,256.27996826171875,252.91000366210938,75.0,0.0,12.399999618530273,12.899999618530273
2022-02-13T09:51,2022-02-13T10:00,24,holdout_baserate,0,2022,2,9,22,2022-02-12T12:00,22,2022-02-12T12:00,22,2022-02-12T12:00,25,2022-02-12T09:00,,,24,2022-02-12T10:00,-999.0,0.0,0.0,100.0,0.0,4038.373291015625,3440.44775390625,37000.0,65000.0,7960.33740234375,7.80610466003418,246.3249053955078,258.42181396484375,259.34320068359375,260.9053955078125,264.71307373046875,5388.41650390625,2891.63232421875,1416.419189453125,155.58392333984375,259.291259765625,58.900001525878906,125.8921890258789,0.0,31200.0,0.0,1.840000033378601,19999.66015625,5.400000095367432,0.0,5.0,0.0,24134.876953125,0.0,0.0,253.41343688964844,267.72991943359375,277.88494873046875,283.3607482910156,283.4434814453125,5596.24365234375,3022.101806640625,1475.607177734375,779.2662963867188,133.50161743164062,283.86083984375,66.5,43.599998474121094,395.50140380859375,2018.4000244140625,1195.116455078125,16.0,67.0,0.0,100.0,246.60000610351562,259.5,262.1000061035156,259.5,263.3999938964844,5392.390625,2898.38671875,1412.5504150390625,772.302978515625,174.87387084960938,257.2900085449219,97.0999984741211,100.0,166.24000549316406,0.0,0.0,0.0,2314.019775390625,100.0,100.0,1.0,100.0,6700.0,245.6617431640625,258.32928466796875,259.86279296875,256.030029296875,259.6273193359375,5382.63818359375,2885.39794921875,1408.6654052734375,770.3847045898438,164.14437866210938,255.24209594726562,84.01891326904297,90.89045715332031,198.65196228027344,0.0,0.0,1.0,,,,,,,,,,,,,,,,,,,,,,,,90.0,,,30.0,32.0,256.0,66.0,70.0,,75.0,,52.0,,55.0,56.0,0.0,157.0,256.1000061035156,252.72000122070312,73.0,1.0,12.399999618530273,12.5
2022-02-13T09:51,2022-02-13T10:00,48,holdout_baserate,0,2022,2,9,46,2022-02-11T12:00,46,2022-02-11T12:00,46,2022-02-11T12:00,49,2022-02-11T09:00,,,36,2022-02-11T22:00,-999.0,0.0,0.0,100.0,0.0,4538.3349609375,4213.228515625,39600.0,59000.0,7864.40576171875,8.059576034545898,245.5130615234375,257.737060546875,258.1670227050781,258.31011962890625,261.9438781738281,5360.41162109375,2880.67578125,1409.205078125,157.2390899658203,257.3509521484375,52.5,120.16036224365234,0.0,36500.0,0.0,4.239999771118164,19999.68359375,4.900000095367432,15.300000190734863,6.0,0.0,24135.001953125,0.0,0.0,253.80923461914062,268.9018249511719,277.99969482421875,283.66595458984375,283.49884033203125,5605.74755859375,3025.48974609375,1476.799560546875,779.78759765625,133.0591278076172,283.8212890625,62.5,41.29999923706055,367.6867370605469,1991.0400390625,3383.472412109375,68.0,100.0,0.0,24100.0,246.39999389648438,258.79998779296875,263.29998779296875,261.1000061035156,265.0,5381.296875,2890.78271484375,1407.2891845703125,763.3074951171875,168.83811950683594,258.6400146484375,74.69999694824219,73.0,167.1199951171875,0.0,0.0,0.0,2854.476806640625,84.0,100.0,0.0,84.0,9200.0,244.4952392578125,256.72943115234375,258.9687805175781,252.41087341308594,255.4658660888672,5351.7109375,2881.591796875,1413.92138671875,779.9678344726562,181.71604919433594,250.60650634765625,77.38861846923828,79.04203796386719,150.03695678710938,0.0,0.0,0.8125,,,,,,,,,,,,,,,,,,,,,,,,86.0,,,32.0,32.0,256.0,67.0,71.0,,74.0,,52.0,,52.0,53.0,0.0,146.0,256.0799865722656,252.14999389648438,73.0,0.0,12.0,12.5
2022-02-21T10:53,2022-02-21T11:00,1,train,0,2022,2,10,1,2022-02-21T10:00,5,2022-02-21T06:00,5,2022-02-21T06:00,1,2022-02-21T10:00,,,1,2022-02-21T10:00,-999.0,0.0,0.0,0.0,0.0,nan,2043.479248046875,nan,79000.0,nan,12.336893081665039,251.0490264892578,265.15985107421875,270.42578125,273.5196533203125,277.21966552734375,5528.015625,2982.47119140625,1460.932861328125,149.52911376953125,267.256103515625,63.900001525878906,306.97247314453125,402.55999755859375,26900.0,0.0,0.0,15679.9375,36.900001525878906,0.0,0.0,23.700000762939453,24135.111328125,9.60000033956021e-06,0.125,253.8249053955078,266.4394836425781,271.6806945800781,277.18798828125,283.4083557128906,5646.763671875,3088.486328125,1548.979736328125,868.4166259765625,227.14158630371094,285.24261474609375,65.4000015258789,88.80000305175781,1490.4635009765625,1340.800048828125,19999.9296875,7.0,0.0,3.0,2600.0,251.60000610351562,267.20001220703125,267.3999938964844,270.6000061035156,274.6000061035156,5529.00244140625,2976.535400390625,1446.093994140625,780.6737060546875,160.0579376220703,268.2300109863281,78.80000305175781,84.0,459.0400085449219,424.6400146484375,0.0003000000142492354,0.3125,7832.51171875,41.0,45.0,100.0,0.0,34200.0,250.9675750732422,264.024169921875,269.19000244140625,272.50323486328125,275.650146484375,5508.59619140625,2977.226806640625,1460.0284423828125,788.0462036132812,156.0565185546875,269.175537109375,56.40953063964844,46.03915786743164,339.1175537109375,150.0,0.0,0.0,,,,,,,,,,,,,,,,,,,,,,,,61.0,,,0.0,0.0,16274.0,37.0,37.0,,47.0,,0.0,,0.0,0.0,0.0,258.0,264.53997802734375,261.04998779296875,77.0,1.0,18.0,20.0
2022-02-21T10:53,2022-02-21T11:00,24,train,0,2022,2,10,23,2022-02-20T12:00,23,2022-02-20T12:00,23,2022-02-20T12:00,26,2022-02-20T09:00,,,24,2022-02-20T11:00,-999.0,0.0,33.0,0.0,81.0,9534.021484375,1503.9600830078125,nan,84500.0,10899.7626953125,13.281354904174805,250.6007843017578,265.9044189453125,269.56732177734375,272.6434326171875,276.5522155761719,5526.294921875,2979.18701171875,1453.54150390625,144.41983032226562,266.89520263671875,76.4000015258789,285.31170654296875,342.1600036621094,19200.0,0.0,0.0,19999.962890625,5.0,0.0,0.0,15.100000381469727,24134.8515625,0.0,0.0625,253.5206298828125,265.8022766113281,274.2880554199219,276.8824462890625,283.0160827636719,5640.79833984375,3089.416015625,1552.9915771484375,872.0003662109375,231.7000274658203,284.8046875,61.70000076293945,82.0,1276.7322998046875,1707.8399658203125,20000.068359375,16.0,0.0,5.0,100.0,252.39999389648438,266.6000061035156,267.3999938964844,268.79998779296875,272.79998779296875,5535.53369140625,2976.89208984375,1443.1103515625,781.6512451171875,162.37644958496094,267.05999755859375,96.19999694824219,100.0,284.7200012207031,243.52000427246094,0.0010999999940395355,2.5,nan,59.0,0.0,33.0,0.0,26600.0,249.63905334472656,266.12091064453125,270.081298828125,271.59149169921875,274.5587463378906,5528.76416015625,2987.54296875,1459.68408203125,787.9432983398438,156.2206573486328,269.64093017578125,65.0064697265625,59.99847412109375,340.4803466796875,220.0,0.0,0.0625,,,,,,,,,,,,,,,,,,,,,,,,70.0,,,0.0,0.0,201.0,72.0,75.0,,75.0,,49.0,,50.0,52.0,0.0,240.0,264.6600036621094,261.3500061035156,78.0,3.0,18.0,20.100000381469727
2022-02-21T10:53,2022-02-21T11:00,48,train,0,2022,2,10,47,2022-02-19T12:00,47,2022-02-19T12:00,47,2022-02-19T12:00,50,2022-02-19T09:00,,,36,2022-02-19T23:00,-999.0,0.0,100.0,0.0,23.0,1461.947509765625,1341.8895263671875,82100.0,86000.0,10853.4658203125,14.223949432373047,250.9166259765625,267.048828125,269.3978576660156,272.35113525390625,276.330078125,5510.64599609375,2962.00927734375,1434.812255859375,125.13456726074219,267.28741455078125,90.19999694824219,319.6089782714844,408.32000732421875,12700.0,0.0,4.010000228881836,19999.712890625,5.400000095367432,0.0,0.4000000059604645,48.29999923706055,24135.3125,8.000000093488779e-07,0.3125,254.43533325195312,266.4140319824219,272.8208312988281,276.7596740722656,282.8432312011719,5661.71923828125,3094.641357421875,1555.7373046875,876.3887329101562,236.35850524902344,284.6505432128906,62.79999923706055,83.80000305175781,1390.8768310546875,1276.9599609375,20000.0234375,2.0,6.0,16.0,24100.0,253.39999389648438,266.8999938964844,267.3999938964844,270.29998779296875,274.29998779296875,5528.20947265625,2968.489013671875,1434.24951171875,770.0161743164062,149.2360382080078,267.2900085449219,59.099998474121094,58.0,325.760009765625,279.0400085449219,0.0,0.0,3034.199462890625,84.0,0.0,99.0,78.0,19700.0,250.43814086914062,266.60009765625,268.5621643066406,270.2304382324219,273.71893310546875,5506.37939453125,2960.03955078125,1437.051513671875,769.3099365234375,138.27566528320312,269.1606140136719,76.44660949707031,74.08332824707031,385.6458435058594,150.0,0.0,3.375,,,,,,,,,,,,,,,,,,,,,,,,67.0,,,32.0,32.0,201.0,63.0,66.0,,66.0,,38.0,,38.0,38.0,0.0,261.0,264.91998291015625,261.3799743652344,76.0,3.0,18.399999618530273,21.600000381469727
2022-03-02T09:52,2022-03-02T10:00,1,holdout_baserate,0,2022,3,9,1,2022-03-02T09:00,4,2022-03-02T06:00,4,2022-03-02T06:00,1,2022-03-02T09:00,3,2022-03-02T06:00,1,2022-03-02T09:00,-999.0,0.0,100.0,0.0,0.0,nan,1341.0283203125,nan,85000.0,nan,13.847583770751953,241.61776733398438,259.4390869140625,263.46600341796875,266.0873107910156,270.12969970703125,5309.16015625,2843.519287109375,1352.9437255859375,74.64757537841797,261.2303466796875,87.19999694824219,243.59788513183594,0.0,12200.0,0.0,0.10939999669790268,1511.53515625,98.0,71.19999694824219,0.0,5.599999904632568,24134.908203125,1.2800000149582047e-05,0.625,249.73016357421875,266.9184875488281,274.73980712890625,280.84368896484375,281.8817443847656,5597.5478515625,3050.441650390625,1508.71923828125,818.9129028320312,173.21221923828125,282.27862548828125,81.5,73.69999694824219,179.50784301757812,1728.0,20000.0546875,50.0,4.0,0.0,0.0,241.89999389648438,261.5,261.3999938964844,263.79998779296875,267.70001220703125,5327.689453125,2850.6171875,1353.24462890625,704.3138427734375,92.73733520507812,261.510009765625,97.0,100.0,238.8800048828125,0.0,0.0005000000237487257,1.375,912.964111328125,100.0,0.0,0.0,100.0,6500.0,240.998291015625,258.57830810546875,263.04034423828125,264.62713623046875,268.85498046875,5310.5625,2850.644775390625,1363.8118896484375,710.985107421875,91.98081970214844,264.24981689453125,90.0,89.5094223022461,362.6688232421875,0.0,1.9999999494757503e-05,0.1875,5306.8515625,2841.41552734375,1354.34716796875,699.7017822265625,87.066650390625,240.8392791748047,259.3194580078125,263.5712890625,266.0885009765625,270.3610534667969,46.64097595214844,93.15278625488281,93.9202651977539,89.42282104492188,,,,266.965087890625,,101095.0,93321.5625,,4.576214790344238,80.0,,,0.0,0.0,256.0,60.0,70.0,,73.0,,68.0,,68.0,68.0,0.0,225.0,259.19000244140625,258.6299743652344,95.0,5.0,18.799999237060547,20.5
2022-03-02T09:52,2022-03-02T10:00,24,holdout_baserate,0,2022,3,9,22,2022-03-01T12:00,22,2022-03-01T12:00,22,2022-03-01T12:00,25,2022-03-01T09:00,21,2022-03-01T12:00,24,2022-03-01T10:00,-999.0,0.0,100.0,0.0,0.0,1341.0919189453125,1340.9381103515625,85000.0,85000.0,1385.25,14.09326457977295,241.74484252929688,259.67681884765625,263.58233642578125,265.19384765625,269.14794921875,5308.89453125,2843.142578125,1350.036376953125,72.39251708984375,260.737060546875,88.80000305175781,237.7930908203125,0.0,300.0,0.0,8.470000267028809,555.0553588867188,100.0,11.899999618530273,0.0,12.300000190734863,24135.005859375,8.000000093488779e-07,1.0625,249.44093322753906,266.7456970214844,275.6557922363281,279.0665283203125,281.9152526855469,5593.4130859375,3045.8125,1502.1004638671875,812.7835083007812,170.79518127441406,282.0540771484375,88.0999984741211,99.9000015258789,555.2088012695312,1885.760009765625,20000.064453125,43.0,0.0,0.0,0.0,242.5,261.5,262.6000061035156,263.6000061035156,267.5,5328.33984375,2849.376953125,1346.03271484375,697.035400390625,86.43931579589844,261.2300109863281,97.0999984741211,100.0,202.39999389648438,0.0,0.0006000000284984708,2.1875,793.4030151367188,100.0,0.0,0.0,100.0,100.0,240.91171264648438,258.7307434082031,262.5263366699219,264.42669677734375,268.6605529785156,5298.19677734375,2840.836181640625,1353.5386962890625,701.9659423828125,82.51875305175781,263.7574462890625,91.0,96.60016632080078,416.81439208984375,0.0,0.0,4.625,5307.54296875,2838.806640625,1350.37158203125,694.331787109375,80.972412109375,241.33827209472656,259.6072692871094,264.2969970703125,266.4971618652344,270.8082275390625,40.20860290527344,81.767578125,93.20051574707031,87.05461883544922,,,,267.4237976074219,,101018.0,93258.859375,,4.316499710083008,80.0,,,32.0,32.0,256.0,57.0,60.0,,66.0,,68.0,,78.0,80.0,0.0,244.0,259.739990234375,259.6399841308594,100.0,4.0,18.0,20.100000381469727
2022-03-02T09:52,2022-03-02T10:00,48,holdout_baserate,0,2022,3,9,46,2022-02-28T12:00,46,2022-02-28T12:00,46,2022-02-28T12:00,49,2022-02-28T09:00,45,2022-02-28T12:00,36,2022-02-28T22:00,-999.0,0.0,3.0,0.0,0.0,nan,1341.0147705078125,nan,85000.0,nan,12.236289978027344,241.66525268554688,260.083740234375,263.8165588378906,265.9066162109375,269.8772277832031,5314.82421875,2845.02734375,1350.185302734375,70.50119018554688,261.7878723144531,74.0,188.00979614257812,0.0,20700.0,0.0,8.489999771118164,940.7985229492188,36.099998474121094,100.0,0.0,37.599998474121094,24135.224609375,2.4000000848900527e-06,0.25,249.02000427246094,266.367431640625,274.4217529296875,277.5307312011719,283.5772399902344,5578.49267578125,3038.597412109375,1499.532958984375,814.92236328125,172.82302856445312,284.3764343261719,73.30000305175781,97.30000305175781,900.4761962890625,1731.6800537109375,20000.087890625,44.0,0.0,0.0,0.0,243.1999969482422,261.3999938964844,261.1000061035156,262.70001220703125,266.6000061035156,5325.5390625,2843.9619140625,1348.030029296875,701.5897216796875,94.57635498046875,259.9800109863281,97.5,100.0,314.9599914550781,0.0,0.0003000000142492354,1.0,793.125,100.0,0.0,0.0,100.0,200.0,241.28868103027344,259.80755615234375,263.8393249511719,262.7310791015625,266.9097900390625,5313.751953125,2847.876220703125,1353.7576904296875,703.0044555664062,84.23213195800781,262.0269470214844,89.51252746582031,96.12265014648438,313.7523193359375,0.0,0.0,4.8125,5314.48828125,2846.556884765625,1357.798095703125,699.5848999023438,84.308837890625,241.1156463623047,259.88568115234375,264.86572265625,267.25103759765625,271.52099609375,43.156097412109375,87.38587951660156,93.06273651123047,89.87289428710938,,,,267.95867919921875,,101057.0625,93312.859375,,4.919772148132324,63.0,,,0.0,0.0,201.0,67.0,68.0,,68.0,,64.0,,65.0,65.0,0.0,207.0,259.94000244140625,259.8299865722656,97.0,3.0,16.799999237060547,18.100000381469727
2022-03-16T14:55,2022-03-16T15:00,1,train,1,2022,3,14,1,2022-03-16T14:00,3,2022-03-16T12:00,3,2022-03-16T12:00,1,2022-03-16T14:00,3,2022-03-16T12:00,1,2022-03-16T14:00,-999.0,0.0,41.0,0.0,0.0,nan,1343.0191650390625,nan,86600.0,nan,3.994401454925537,248.4423828125,262.523681640625,270.2867126464844,273.3905334472656,277.46490478515625,5513.6728515625,3001.162109375,1484.83935546875,178.08358764648438,272.778076171875,71.0,427.05194091796875,1253.6800537109375,24100.0,0.0,0.0,2148.010009765625,46.099998474121094,100.0,100.0,0.0,24134.857421875,0.0,0.0,253.75465393066406,272.118896484375,282.4570617675781,283.1770324707031,289.61456298828125,5689.2060546875,3097.26904296875,1510.3997802734375,811.7240600585938,155.64566040039062,290.3056945800781,61.599998474121094,87.0999984741211,1046.9901123046875,2949.60009765625,19999.89453125,43.0,0.0,0.0,24100.0,248.10000610351562,262.70001220703125,268.8999938964844,273.79998779296875,277.8999938964844,5519.39111328125,3004.71240234375,1487.3304443359375,814.48291015625,182.38343811035156,273.04998779296875,73.5,78.0,417.8399963378906,1165.43994140625,0.0,0.125,897.4544067382812,99.0,0.0,0.0,99.0,9900.0,248.74514770507812,262.3475341796875,270.5997009277344,272.12628173828125,276.44476318359375,5515.9912109375,3002.09765625,1485.3433837890625,814.0858764648438,183.12631225585938,273.3701171875,96.6196060180664,96.32002258300781,385.6363830566406,770.0,0.0,0.0,5522.18359375,3003.8603515625,1487.9755859375,815.13330078125,183.226318359375,248.83499145507812,262.56787109375,270.05682373046875,274.0086669921875,278.8351745605469,38.58343505859375,51.059974670410156,71.2853012084961,56.344207763671875,,,,276.3595275878906,,102264.25,94652.171875,,6.705465793609619,27.0,,,88888.0,1344.0,16209.0,17.0,17.0,,24.0,,15.0,,15.0,15.0,1.0,398.0,268.27996826171875,266.9800109863281,90.0,3.0,12.399999618530273,12.399999618530273
2022-03-16T14:55,2022-03-16T15:00,24,train,1,2022,3,14,21,2022-03-15T18:00,21,2022-03-15T18:00,21,2022-03-15T18:00,24,2022-03-15T15:00,21,2022-03-15T18:00,24,2022-03-15T15:00,-999.0,0.0,0.0,0.0,0.0,nan,1342.211669921875,nan,86500.0,nan,7.951406478881836,247.66433715820312,262.56927490234375,270.03955078125,273.5849914550781,277.7711181640625,5514.8271484375,3003.044677734375,1485.688720703125,179.096923828125,271.0497131347656,80.5,333.28961181640625,987.2000122070312,19200.0,0.0,10.569999694824219,1420.0233154296875,43.400001525878906,5.0,100.0,0.0,24134.927734375,0.0,0.0,254.34214782714844,273.5522766113281,279.3619384765625,284.8617248535156,291.603759765625,5682.63037109375,3086.905517578125,1504.3199462890625,804.1119995117188,143.93096923828125,292.3814392089844,54.900001525878906,78.5,1284.598388671875,3156.9599609375,20000.013671875,8.0,2.0,0.0,24100.0,248.5,263.3999938964844,270.79998779296875,271.79998779296875,275.8999938964844,5518.53564453125,2997.68310546875,1478.991943359375,809.9407958984375,177.9842987060547,271.0699768066406,70.0,73.0,249.9199981689453,861.760009765625,0.0,0.0,nan,26.0,0.0,0.0,26.0,16300.0,248.29360961914062,261.66522216796875,270.85601806640625,272.4751281738281,276.93524169921875,5508.7626953125,3002.81298828125,1484.36962890625,812.7025146484375,183.1757049560547,274.67529296875,86.3523178100586,91.24609375,492.9476013183594,860.0,0.0,2.625,5527.45703125,3004.638427734375,1486.03955078125,812.4571533203125,180.693115234375,248.6400146484375,262.7568359375,270.50390625,274.10540771484375,278.70050048828125,25.438581466674805,43.41386413574219,65.81473541259766,55.03653335571289,,,,276.1983947753906,,102236.9375,94609.5859375,,5.761582374572754,24.0,,,88888.0,416.0,0.0,43.0,50.0,,52.0,,53.0,,53.0,53.0,2.0,426.0,267.2200012207031,266.6299743652344,96.0,0.0,12.800000190734863,13.300000190734863
2022-03-16T14:55,2022-03-16T15:00,48,train,1,2022,3,14,45,2022-03-14T18:00,45,2022-03-14T18:00,45,2022-03-14T18:00,48,2022-03-14T15:00,45,2022-03-14T18:00,45,2022-03-14T18:00,-999.0,100.0,100.0,0.0,0.0,nan,1342.290283203125,nan,86300.0,nan,10.777410507202148,252.46351623535156,265.53363037109375,269.4026794433594,273.3810729980469,277.64971923828125,5536.8837890625,2986.003662109375,1461.9521484375,152.3980712890625,269.7401123046875,99.0999984741211,371.31121826171875,787.8400268554688,12200.0,0.0,16.219999313354492,1397.4432373046875,100.0,70.30000305175781,100.0,0.0,24134.68359375,1.6000000186977559e-06,0.0,253.86732482910156,273.78875732421875,278.99871826171875,284.31866455078125,290.7880554199219,5678.7998046875,3081.367919921875,1500.05908203125,801.05810546875,142.28294372558594,291.07958984375,59.20000076293945,79.0999984741211,1084.25732421875,3155.360107421875,19999.88671875,35.0,0.0,0.0,24100.0,250.39999389648438,263.29998779296875,267.20001220703125,271.6000061035156,275.70001220703125,5508.9375,2990.379638671875,1476.5509033203125,809.2020263671875,179.90557861328125,270.8999938964844,77.69999694824219,83.0,370.3999938964844,835.6799926757812,0.0,0.0625,794.6836547851562,100.0,0.0,29.0,100.0,100.0,252.90277099609375,265.34466552734375,267.9215087890625,271.23345947265625,275.6097106933594,5532.505859375,2978.00634765625,1455.73974609375,788.0064697265625,154.89999389648438,271.30987548828125,98.9853515625,97.27122497558594,467.6555480957031,480.0,0.0,9.8125,5521.55078125,3002.96337890625,1484.593994140625,811.6242065429688,180.11474609375,248.24009704589844,263.0118408203125,270.0675354003906,273.9528503417969,278.6502685546875,17.473159790039062,46.04141616821289,69.4159927368164,56.65972900390625,,,,276.0770263671875,,102224.125,94612.359375,,5.953382968902588,62.0,,,72.0,24.0,8960.0,74.0,74.0,,75.0,,55.0,,55.0,55.0,6.0,504.0,268.55999755859375,268.22998046875,98.0,0.0,14.399999618530273,14.800000190734863
2022-03-30T15:53,2022-03-30T16:00,1,holdout_baserate,0,2022,3,15,1,2022-03-30T15:00,4,2022-03-30T12:00,4,2022-03-30T12:00,1,2022-03-30T15:00,3,2022-03-30T12:00,1,2022-03-30T15:00,-999.0,0.0,0.0,0.0,4.0,nan,nan,nan,nan,nan,10.367779731750488,251.40658569335938,263.5578918457031,265.797607421875,268.40765380859375,272.58099365234375,5480.22802734375,2940.137939453125,1432.2398681640625,140.05091857910156,266.7784118652344,51.79999923706055,316.9197998046875,332.1600036621094,38100.0,0.0,0.0,882.2120361328125,10.399999618530273,100.0,50.099998474121094,17.299999237060547,17197.228515625,9.519999730400741e-05,1.9375,249.38999938964844,266.32598876953125,275.94256591796875,281.19256591796875,287.2747802734375,5449.27197265625,2906.788818359375,1363.1827392578125,671.7471313476562,20.44434356689453,286.70660400390625,72.19999694824219,81.4000015258789,1006.2127685546875,1806.0799560546875,19999.87890625,2.0,0.0,0.0,24100.0,251.60000610351562,264.29998779296875,264.70001220703125,266.8999938964844,270.8999938964844,5480.75390625,2934.545166015625,1425.2791748046875,769.116943359375,145.7993927001953,266.7900085449219,59.900001525878906,73.0,243.36000061035156,202.24000549316406,0.0,0.0,nan,5.0,0.0,0.0,5.0,26100.0,251.44363403320312,262.8800354003906,265.53314208984375,267.3102722167969,271.96826171875,5469.9619140625,2931.355224609375,1427.0908203125,769.2910766601562,141.75051879882812,268.775390625,67.32132720947266,63.47848892211914,459.4024353027344,90.0,0.0,0.0,5466.1796875,2935.78662109375,1435.608154296875,779.8900146484375,163.4736328125,250.727783203125,261.84832763671875,264.071533203125,267.4688720703125,271.9807434082031,20.10799789428711,52.6364631652832,45.907222747802734,35.901123046875,,,,270.32342529296875,,102084.5625,94286.609375,,3.3537397384643555,35.0,,,88888.0,7096.0,16274.0,1.0,1.0,,2.0,,16.0,,16.0,16.0,0.0,441.0,261.9800109863281,256.83001708984375,65.0,0.0,13.600000381469727,15.100000381469727
2022-03-30T15:53,2022-03-30T16:00,24,holdout_baserate,0,2022,3,15,22,2022-03-29T18:00,22,2022-03-29T18:00,22,2022-03-29T18:00,25,2022-03-29T15:00,21,2022-03-29T18:00,24,2022-03-29T16:00,-999.0,0.0,0.0,0.0,1.0,nan,nan,nan,nan,nan,8.30408763885498,251.0500946044922,263.536865234375,262.95367431640625,266.32159423828125,270.5115966796875,5475.93701171875,2933.75244140625,1436.08935546875,150.84027099609375,264.1788635253906,57.599998474121094,325.20458984375,0.0,33200.0,0.0,0.035999998450279236,1001.4468994140625,5.0,100.0,34.099998474121094,0.0,12890.5859375,0.00013359999866224825,1.9375,249.67703247070312,266.63897705078125,276.7298278808594,281.9464111328125,288.01641845703125,5457.587890625,2912.64892578125,1366.437744140625,673.2211303710938,20.145156860351562,287.4925231933594,69.5999984741211,79.0,1001.69384765625,1892.6400146484375,19999.888671875,2.0,0.0,4.0,24100.0,251.6999969482422,263.6000061035156,265.0,265.8999938964844,269.79998779296875,5478.77294921875,2933.806396484375,1427.7451171875,773.7560424804688,151.9201202392578,265.77001953125,55.79999923706055,66.0,242.8800048828125,46.08000183105469,0.0,0.0,nan,74.0,4.0,97.0,74.0,20100.0,251.2620849609375,263.441650390625,263.31341552734375,264.8944091796875,269.5279846191406,5477.529296875,2932.218994140625,1432.199462890625,780.39013671875,156.12937927246094,266.2906494140625,78.02753448486328,74.73426818847656,460.1250915527344,0.0,0.0,0.9375,5458.76171875,2930.946533203125,1431.08349609375,776.4522705078125,161.510009765625,250.55906677246094,261.65777587890625,264.0412292480469,266.9087219238281,271.3958740234375,21.94341278076172,52.83021926879883,45.810977935791016,35.598655700683594,,,,269.8371887207031,,102053.1875,94239.75,,3.101328134536743,70.0,,,88888.0,6368.0,201.0,0.0,0.0,,0.0,,43.0,,44.0,47.0,0.0,450.0,261.8699951171875,256.30999755859375,64.0,0.0,13.600000381469727,14.699999809265137
2022-03-30T15:53,2022-03-30T16:00,48,holdout_baserate,0,2022,3,15,46,2022-03-28T18:00,46,2022-03-28T18:00,46,2022-03-28T18:00,49,2022-03-28T15:00,45,2022-03-28T18:00,36,2022-03-29T04:00,-999.0,0.0,0.0,0.0,100.0,8559.662109375,424.584228515625,nan,32000.0,10506.94921875,6.971987724304199,252.31744384765625,263.74652099609375,263.394287109375,266.3677978515625,270.6324157714844,5483.2607421875,2936.005126953125,1435.848876953125,149.60018920898438,264.9908447265625,57.70000076293945,330.1604309082031,48.79999923706055,33100.0,0.0,1.6419999599456787,1106.2576904296875,99.69999694824219,100.0,100.0,0.0,8906.625,0.00026000000070780516,1.25,249.82559204101562,265.9267272949219,276.5767517089844,281.7467346191406,287.234619140625,5447.41357421875,2905.041015625,1361.3486328125,668.3561401367188,16.539257049560547,286.642333984375,70.19999694824219,77.0999984741211,834.4656982421875,1836.800048828125,19999.81640625,0.0,14.0,0.0,24100.0,252.39999389648438,264.29998779296875,261.70001220703125,265.79998779296875,269.79998779296875,5476.8515625,2928.563720703125,1423.7620849609375,770.8030395507812,149.56280517578125,265.5899963378906,63.79999923706055,73.0,319.3599853515625,18.719999313354492,0.0,0.0,nan,93.0,0.0,0.0,93.0,15000.09765625,252.176025390625,262.86553955078125,263.482666015625,263.75946044921875,268.3923034667969,5480.5537109375,2936.578125,1437.705078125,787.2181396484375,164.49464416503906,265.01007080078125,90.59058380126953,81.85570526123047,412.4601135253906,0.0,0.0,4.3125,5469.7109375,2935.58251953125,1431.6552734375,777.7967529296875,163.422119140625,250.6059112548828,262.59503173828125,264.51318359375,266.57952880859375,271.09271240234375,21.040306091308594,45.3080940246582,47.170352935791016,36.335243225097656,,,,269.5362243652344,,102090.0,94258.90625,,3.1133010387420654,46.0,,,88888.0,5800.0,201.0,0.0,0.0,,0.0,,39.0,,40.0,42.0,0.0,428.0,261.989990234375,255.8599853515625,60.0,0.0,13.199999809265137,14.600000381469727
2022-04-14T15:59,2022-04-14T16:00,1,holdout_baserate,0,2022,4,15,1,2022-04-14T15:00,4,2022-04-14T12:00,4,2022-04-14T12:00,1,2022-04-14T15:00,3,2022-04-14T12:00,1,2022-04-14T15:00,-999.0,0.0,49.0,2.0,47.0,nan,1343.2269287109375,nan,85900.0,nan,6.759765625,259.5476989746094,275.4341735839844,279.9453125,278.8170166015625,282.95465087890625,5656.6923828125,3020.07373046875,1425.544189453125,75.15872955322266,278.7808837890625,100.0,304.0904541015625,3361.919921875,12200.0,0.0,0.03799999877810478,19999.921875,0.0,0.0,0.0,0.0,24135.212890625,0.0,0.0,254.3212127685547,272.1877136230469,280.5805358886719,287.1805419921875,293.875732421875,5698.416015625,3104.05126953125,1529.888427734375,824.6611938476562,159.34547424316406,294.75616455078125,44.20000076293945,61.20000076293945,1512.3519287109375,2913.60009765625,20000.041015625,37.0,10.0,0.0,24100.0,259.8999938964844,275.5,279.3999938964844,283.29998779296875,287.5,5657.076171875,3016.6904296875,1416.8935546875,718.5587158203125,88.68125915527344,282.0,80.30000305175781,87.0,298.55999755859375,3374.239990234375,0.0,0.0,895.738037109375,56.0,42.0,86.0,56.0,7600.0,259.5375061035156,275.30511474609375,281.68115234375,278.57635498046875,282.73138427734375,5657.1591796875,3020.537109375,1424.7047119140625,730.1948852539062,75.19139099121094,280.00653076171875,94.11935424804688,93.84867858886719,332.8667297363281,3370.0,0.0,0.0,5658.84765625,3022.6474609375,1428.502197265625,739.9839477539062,105.81201171875,259.4565734863281,274.2579345703125,280.58990478515625,275.5390930175781,279.8157653808594,91.58528137207031,94.27604675292969,98.53215789794922,93.67790985107422,,,,277.86865234375,,101249.25,93729.59375,,25.097091674804688,93.0,,,0.0,0.0,209.0,78.0,85.0,,87.0,,77.0,,84.0,88.0,1.0,240.0,274.32000732421875,274.3899841308594,100.0,14.0,10.800000190734863,12.100000381469727
2022-04-14T15:59,2022-04-14T16:00,24,holdout_baserate,0,2022,4,15,22,2022-04-13T18:00,22,2022-04-13T18:00,22,2022-04-13T18:00,25,2022-04-13T15:00,21,2022-04-13T18:00,24,2022-04-13T16:00,-999.0,0.0,57.0,100.0,100.0,6343.01025390625,1343.3853759765625,nan,85800.0,14045.021484375,6.376139163970947,259.58258056640625,274.75482177734375,281.036865234375,279.9610595703125,284.0318603515625,5652.73828125,3012.13623046875,1418.7554931640625,65.86509704589844,280.47589111328125,100.0,304.83154296875,3289.199951171875,12200.0,0.0,11.199999809265137,20000.08203125,0.0,0.0,0.10000000149011612,0.0,24135.07421875,0.0,0.0,254.92999267578125,272.2088928222656,280.7618103027344,287.3948974609375,294.0448913574219,5705.15478515625,3105.94970703125,1532.2939453125,826.68505859375,161.02468872070312,294.9150390625,41.599998474121094,57.400001525878906,1548.476806640625,2904.320068359375,2204.124755859375,55.0,66.0,3.0,3000.0,260.3999938964844,275.0,279.5,278.79998779296875,283.0,5654.1865234375,3015.800048828125,1421.2176513671875,733.2208251953125,100.96968078613281,275.8800048828125,98.5,99.0,140.8000030517578,3334.39990234375,0.0024999999441206455,2.9375,1453.4462890625,100.0,100.0,0.0,56.0,7000.0,260.6156005859375,274.4729919433594,282.27252197265625,280.2848815917969,283.9920654296875,5652.2158203125,3011.993408203125,1419.8931884765625,720.51220703125,65.40409088134766,281.11981201171875,95.24549865722656,95.76519775390625,309.6494140625,3250.0,7.000000186963007e-05,9.625,5656.16015625,3013.81005859375,1423.770263671875,732.7655639648438,98.3037109375,260.001708984375,274.60076904296875,280.58905029296875,275.8369140625,279.944091796875,93.43336486816406,98.5181884765625,98.32923126220703,95.46698760986328,,,,277.28668212890625,,101166.75,93666.296875,,26.280973434448242,92.0,,,30.0,32.0,384.0,72.0,74.0,,78.0,,42.0,,57.0,73.0,2.0,228.0,275.5199890136719,275.29998779296875,100.0,20.0,10.399999618530273,10.899999618530273
2022-04-14T15:59,2022-04-14T16:00,48,holdout_baserate,0,2022,4,15,46,2022-04-12T18:00,46,2022-04-12T18:00,46,2022-04-12T18:00,49,2022-04-12T15:00,45,2022-04-12T18:00,36,2022-04-13T04:00,-999.0,0.0,100.0,4.0,100.0,1342.8759765625,1342.7509765625,74100.0,86000.0,13884.72265625,7.070629119873047,259.4776306152344,275.1888427734375,275.92852783203125,276.6153259277344,280.719970703125,5648.1171875,3009.595947265625,1431.39697265625,89.01731872558594,272.8980407714844,100.0,291.5403747558594,1266.4000244140625,100.0,0.0,46.5,4899.66357421875,82.30000305175781,0.0,0.0,0.0,24135.1875,0.0,0.0,254.00839233398438,271.9772033691406,281.09002685546875,287.761474609375,294.3603210449219,5703.43359375,3107.40380859375,1534.742919921875,827.7998046875,160.90147399902344,295.1043701171875,47.599998474121094,64.5,1820.1629638671875,2859.52001953125,1196.61865234375,57.0,18.0,32.0,100.0,260.6000061035156,276.8999938964844,278.1000061035156,279.3999938964844,283.6000061035156,5647.61865234375,3006.64404296875,1412.23046875,722.5879516601562,88.04988861083984,276.3299865722656,100.0,100.0,69.44000244140625,3504.800048828125,0.0,4.125,1113.8233642578125,100.0,100.0,91.0,58.0,6600.0,260.184814453125,274.3134460449219,278.36749267578125,275.93414306640625,279.82989501953125,5655.1005859375,3016.438232421875,1431.1046142578125,744.6824340820312,93.59762573242188,275.6517639160156,95.27906799316406,96.89620971679688,341.7240905761719,3240.0,7.000000186963007e-05,30.1875,5657.8046875,3021.36328125,1435.357421875,748.685791015625,115.109130859375,259.0225830078125,275.0247802734375,278.3865966796875,275.5596923828125,279.565185546875,86.92241668701172,98.6485595703125,97.36845397949219,96.64051055908203,,,,276.6589660644531,,101399.875,93865.4296875,,22.94209861755371,92.0,,,30.0,31.0,457.0,53.0,58.0,,69.0,,42.0,,55.0,72.0,5.0,184.0,273.53997802734375,273.6499938964844,100.0,16.0,10.0,11.300000190734863
2022-04-29T15:55,2022-04-29T16:00,1,holdout_baserate,0,2022,4,15,1,2022-04-29T15:00,4,2022-04-29T12:00,4,2022-04-29T12:00,1,2022-04-29T15:00,3,2022-04-29T12:00,1,2022-04-29T15:00,-999.0,0.0,3.0,0.0,0.0,nan,nan,nan,nan,nan,10.660813331604004,245.75929260253906,261.75592041015625,267.15850830078125,272.4443664550781,276.8270263671875,5415.1953125,2914.5322265625,1410.325927734375,111.47515869140625,268.74273681640625,83.5999984741211,396.2234802246094,625.5999755859375,17900.0,0.0,0.04100000113248825,5983.2646484375,76.5999984741211,32.099998474121094,100.0,0.0,24134.865234375,8.000000093488779e-07,0.0,253.75831604003906,272.40252685546875,280.89105224609375,286.6921081542969,292.4142761230469,5738.58203125,3147.382568359375,1569.294921875,863.7149658203125,200.20733642578125,293.3028259277344,57.5,72.30000305175781,587.6448364257812,3048.320068359375,20000.03515625,3.0,8.0,0.0,24100.0,246.5,261.29998779296875,265.6000061035156,271.20001220703125,275.20001220703125,5420.578125,2914.341552734375,1413.4129638671875,746.7162475585938,111.71478271484375,270.9100036621094,62.20000076293945,70.0,366.0799865722656,836.0,0.0,0.0,nan,89.0,5.0,0.0,73.0,26538.455078125,245.70703125,261.2667236328125,266.50421142578125,272.4158630371094,277.20318603515625,5422.255859375,2922.92138671875,1422.143798828125,755.000732421875,123.9918212890625,273.5890197753906,67.7295913696289,62.75212860107422,780.622314453125,750.0,0.0,0.0,5416.3125,2915.2421875,1413.90673828125,748.5283813476562,121.87255859375,245.66590881347656,261.2003173828125,265.4749755859375,271.98309326171875,276.409423828125,91.28107452392578,85.20893859863281,53.49347686767578,47.014957427978516,,,,274.66485595703125,,101552.875,93903.2734375,,7.687551021575928,51.0,,,88888.0,376.0,209.0,90.0,93.0,,95.0,,68.0,,68.0,68.0,3.0,762.0,265.6299743652344,262.96002197265625,80.0,2.0,16.399999618530273,19.0
2022-04-29T15:55,2022-04-29T16:00,24,holdout_baserate,0,2022,4,15,22,2022-04-28T18:00,22,2022-04-28T18:00,22,2022-04-28T18:00,25,2022-04-28T15:00,21,2022-04-28T18:00,24,2022-04-28T16:00,-999.0,100.0,100.0,6.0,0.0,1342.016845703125,1341.675048828125,63000.0,85700.0,1567.537841796875,11.029757499694824,246.03533935546875,261.68634033203125,266.06707763671875,270.5249938964844,274.79241943359375,5406.85498046875,2906.305908203125,1403.7164306640625,108.63165283203125,267.20465087890625,98.4000015258789,394.3099060058594,398.0799865722656,300.0,9.999999747378752e-05,0.5099999904632568,2052.867431640625,60.099998474121094,87.9000015258789,100.0,0.0,24134.916015625,2.4000000848900527e-06,0.0625,253.75433349609375,272.3853759765625,281.381591796875,287.0616149902344,292.86578369140625,5739.8359375,3146.77392578125,1568.523193359375,862.1032104492188,197.3730010986328,293.3759765625,61.099998474121094,71.0999984741211,668.8876342773438,3047.360107421875,20000.013671875,19.0,24.0,0.0,20400.0,246.10000610351562,262.1000061035156,265.0,270.6000061035156,274.6000061035156,5409.75927734375,2903.1455078125,1401.8712158203125,737.302001953125,102.94237518310547,270.22003173828125,69.69999694824219,80.0,323.44000244140625,729.760009765625,0.0,0.0,952.2259521484375,100.0,65.0,0.0,100.0,6700.0,246.463623046875,261.4388122558594,265.5610656738281,270.33978271484375,274.941162109375,5414.1337890625,2911.561279296875,1408.7366943359375,745.4334716796875,116.2078857421875,270.6434020996094,91.28937530517578,87.30615234375,663.3463134765625,380.0,4.999999873689376e-05,0.375,5408.5390625,2904.037109375,1406.107666015625,743.4403076171875,119.630859375,245.47618103027344,261.37127685546875,264.43902587890625,270.7435302734375,275.13482666015625,88.9870376586914,93.59046173095703,59.6443977355957,52.109222412109375,,,,273.0251770019531,,101523.0,93841.1796875,,7.7455949783325195,66.0,,,30.0,32.0,201.0,85.0,87.0,,89.0,,50.0,,50.0,52.0,2.0,709.0,264.6099853515625,263.0199890136719,87.0,3.0,16.799999237060547,19.399999618530273
2022-05-11T11:55,2022-05-11T12:00,1,train,0,2022,5,11,1,2022-05-11T11:00,6,2022-05-11T06:00,6,2022-05-11T06:00,1,2022-05-11T11:00,0,2022-05-11T12:00,1,2022-05-11T11:00,-999.0,0.0,0.0,0.0,0.0,nan,nan,nan,nan,nan,1.2510571479797363,261.0966796875,277.120849609375,282.937255859375,283.739013671875,287.30804443359375,5841.498046875,3179.02392578125,1586.9998779296875,224.6588592529297,281.8731689453125,22.100000381469727,116.20189666748047,4170.31982421875,77200.0,0.0,0.0,20000.1328125,0.0,5.0,5.0,0.0,24135.123046875,0.0,0.0,259.98126220703125,275.93487548828125,286.7560729980469,293.39666748046875,300.7772521972656,5795.4580078125,3147.987548828125,1539.55810546875,818.689697265625,138.4219970703125,302.33587646484375,32.5,46.599998474121094,1658.636474609375,3662.56005859375,20000.001953125,0.0,0.0,0.0,24100.0,261.70001220703125,277.0,282.3999938964844,282.8999938964844,287.1000061035156,5849.95263671875,3188.170166015625,1595.7177734375,898.0018310546875,249.3793182373047,282.3599853515625,31.5,31.0,183.83999633789062,4128.0,0.0,0.0,nan,0.0,0.0,0.0,0.0,54600.0,261.3062438964844,276.9189758300781,283.44818115234375,283.23785400390625,285.1566467285156,5845.23828125,3180.532958984375,1587.5250244140625,885.448486328125,229.7159423828125,283.1583251953125,37.00291061401367,18.72916603088379,211.76956176757812,4290.0,0.0,0.0,5854.296875,3191.958251953125,1598.97021484375,895.3526611328125,246.32958984375,261.28692626953125,276.4135437011719,283.80926513671875,283.0915222167969,286.4366455078125,7.242273330688477,17.360652923583984,29.31049156188965,41.76729202270508,,,,283.7996520996094,,102971.625,95519.0,,4.7810282707214355,6.0,,,88888.0,88888.0,16209.0,0.0,0.0,,0.0,,0.0,,0.0,0.0,0.0,233.0,277.53997802734375,264.25,37.0,0.0,9.199999809265137,9.199999809265137
2022-04-29T15:55,2022-04-29T16:00,48,holdout_baserate,0,2022,4,15,46,2022-04-27T18:00,46,2022-04-27T18:00,46,2022-04-27T18:00,49,2022-04-27T15:00,45,2022-04-27T18:00,36,2022-04-28T04:00,-999.0,100.0,100.0,4.0,0.0,1341.8592529296875,1341.59716796875,83200.0,85700.0,1704.943115234375,9.740942001342773,247.60513305664062,260.1080322265625,265.6471252441406,269.79608154296875,274.1333312988281,5396.08544921875,2894.921875,1396.06689453125,103.86648559570312,266.5604553222656,97.30000305175781,397.87615966796875,298.55999755859375,100.0,0.0,22.770000457763672,6181.7138671875,77.4000015258789,0.0,100.0,0.0,24134.83203125,0.0,0.0,254.37277221679688,273.1226501464844,281.7806701660156,288.54058837890625,294.9954833984375,5747.685546875,3144.54052734375,1569.108642578125,860.5291748046875,192.15843200683594,295.95849609375,42.5,56.5,1828.36474609375,3139.52001953125,19999.92578125,15.0,9.0,0.0,0.0,246.60000610351562,261.3999938964844,265.0,269.0,273.0,5406.77294921875,2897.478759765625,1398.14453125,736.807861328125,101.09257507324219,267.1499938964844,97.69999694824219,100.0,363.6000061035156,258.0799865722656,0.00019999999494757503,0.25,913.6909790039062,100.0,0.0,0.0,100.0,10743.833984375,247.46084594726562,259.4703369140625,265.2034912109375,269.0578308105469,273.5877380371094,5398.208984375,2896.14013671875,1396.9500732421875,736.1021118164062,109.3536376953125,269.2296142578125,93.12303161621094,89.50792694091797,556.0415649414062,160.0,0.0,15.625,5394.8359375,2899.82373046875,1399.76904296875,736.5591430664062,112.330810546875,245.72669982910156,260.728271484375,264.76751708984375,271.03875732421875,275.4390869140625,87.4795913696289,91.55171203613281,58.27477264404297,51.06354522705078,,,,273.6149597167969,,101417.5625,93767.015625,,7.222387790679932,77.0,,,30.0,32.0,457.0,76.0,78.0,,83.0,,41.0,,41.0,43.0,3.0,594.0,264.65997314453125,263.40997314453125,89.0,3.0,16.0,18.600000381469727
2022-05-11T11:55,2022-05-11T12:00,48,train,0,2022,5,11,48,2022-05-09T12:00,48,2022-05-09T12:00,48,2022-05-09T12:00,45,2022-05-09T15:00,48,2022-05-09T12:00,48,2022-05-09T12:00,-999.0,0.0,0.0,0.0,0.0,nan,nan,nan,nan,nan,1.469402551651001,260.7398376464844,274.7067565917969,280.94805908203125,281.6005859375,285.50262451171875,5820.3349609375,3175.69140625,1593.884765625,241.48440551757812,280.1536865234375,33.79999923706055,159.29505920410156,3578.800048828125,58500.0,0.0,0.0,20000.173828125,0.0,82.0999984741211,5.0,0.0,24135.005859375,0.0,0.0,260.3916015625,276.0047912597656,286.81610107421875,293.296142578125,300.6861267089844,5789.53759765625,3142.296630859375,1532.6456298828125,811.8112182617188,131.7967529296875,302.04766845703125,33.599998474121094,47.70000076293945,1561.9410400390625,3563.840087890625,20000.056640625,0.0,0.0,0.0,24100.0,260.8999938964844,276.70001220703125,282.6000061035156,285.8999938964844,290.20001220703125,5848.390625,3191.4296875,1602.1416015625,899.5614624023438,253.730224609375,285.19000244140625,12.399999618530273,10.0,265.5199890136719,4064.0,0.0,0.0,nan,0.0,0.0,92.0,0.0,48900.0,260.9522705078125,275.5566101074219,280.4446105957031,281.2186584472656,283.8645324707031,5836.24609375,3184.4990234375,1602.55029296875,906.7871704101562,255.22933959960938,281.9979248046875,41.439453125,28.535343170166016,232.09857177734375,3870.0,0.0,0.0,5834.2109375,3176.058349609375,1585.013671875,887.0293579101562,240.7001953125,261.6341552734375,276.50433349609375,282.7761535644531,281.156494140625,285.1544189453125,4.86274528503418,6.413844108581543,44.456825256347656,53.904075622558594,,,,282.9251403808594,,102932.0625,95436.84375,,4.314367771148682,7.0,,,88886.0,88886.0,9856.0,11.0,11.0,,11.0,,33.0,,33.0,33.0,0.0,429.0,277.3799743652344,267.1099853515625,47.0,0.0,10.399999618530273,10.399999618530273
2022-05-11T11:55,2022-05-11T12:00,24,train,0,2022,5,11,24,2022-05-10T12:00,24,2022-05-10T12:00,24,2022-05-10T12:00,21,2022-05-10T15:00,24,2022-05-10T12:00,24,2022-05-10T12:00,-999.0,0.0,0.0,0.0,84.0,nan,2202.84912109375,nan,26300.0,nan,1.568135142326355,260.7823486328125,276.0636901855469,281.83184814453125,282.795654296875,286.80474853515625,5836.955078125,3182.74755859375,1595.001220703125,236.3561553955078,281.4305419921875,40.29999923706055,118.7701644897461,3950.9599609375,50100.0,0.0,0.0,20000.16015625,0.0,5.0,5.0,0.0,24135.31640625,0.0,0.0,260.0718078613281,275.7718505859375,286.6855773925781,293.1850280761719,300.66766357421875,5793.36474609375,3147.735595703125,1538.5999755859375,818.0836791992188,138.3144989013672,302.088134765625,33.099998474121094,47.79999923706055,1603.707275390625,3513.1201171875,20000.10546875,2.0,0.0,0.0,24100.0,261.20001220703125,276.6000061035156,282.0,282.1000061035156,286.3999938964844,5840.1259765625,3181.11279296875,1589.571533203125,893.7783203125,243.8207244873047,281.6499938964844,25.799999237060547,25.0,183.1999969482422,3997.43994140625,0.0,0.0,nan,0.0,0.0,0.0,0.0,52300.0,261.317138671875,275.4259033203125,282.6316833496094,282.83343505859375,285.45037841796875,5842.068359375,3188.5576171875,1600.427734375,900.0709838867188,245.96401977539062,283.245849609375,38.476776123046875,24.716798782348633,212.11631774902344,3900.0,0.0,0.0,5855.03125,3191.884033203125,1597.718994140625,898.7825317382812,253.380615234375,261.48834228515625,276.7669677734375,283.5287780761719,280.96038818359375,284.68560791015625,7.964398384094238,12.000656127929688,42.88572311401367,50.42826461791992,,,,283.0732421875,,103074.9375,95560.203125,,5.095226287841797,7.0,,,88888.0,88888.0,16201.0,3.0,3.0,,13.0,,10.0,,11.0,11.0,0.0,237.0,278.21002197265625,264.8699951171875,37.0,0.0,8.800000190734863,8.399999618530273
2022-05-23T00:53,2022-05-23T01:00,1,holdout_baserate,0,2022,5,0,1,2022-05-23T00:00,1,2022-05-23T00:00,1,2022-05-23T00:00,1,2022-05-23T00:00,0,2022-05-23T00:00,1,2022-05-23T00:00,5986.2001953125,0.0,21.0,100.0,0.0,nan,1344.927734375,45600.0,86500.0,nan,9.055418968200684,263.10595703125,279.0604248046875,287.27301025390625,291.1842041015625,295.6905517578125,5785.98779296875,3114.142578125,1496.518798828125,101.52659606933594,286.7957763671875,96.80000305175781,327.5407409667969,4211.35986328125,12200.0,0.00019999999494757503,0.07699999958276749,422.2561950683594,100.0,14.899999618530273,38.099998474121094,99.9000015258789,24135.16796875,0.0,0.0,257.6255798339844,276.5798034667969,287.6888732910156,285.5755920410156,290.1718444824219,5693.673828125,3062.6865234375,1449.5546875,733.5467529296875,73.40437316894531,289.63525390625,87.0,99.19999694824219,724.3865356445312,3488.47998046875,20000.099609375,37.0,8.0,0.0,24100.0,264.20001220703125,279.1000061035156,286.20001220703125,291.29998779296875,295.70001220703125,5796.64111328125,3121.9453125,1501.4600830078125,781.4396362304688,108.5025405883789,288.6499938964844,94.9000015258789,95.0,446.7200012207031,4041.1201171875,0.0,1.375,880.7618408203125,68.0,84.0,4.0,68.0,13600.0,263.78375244140625,277.9526672363281,287.86090087890625,290.40875244140625,295.0151672363281,5792.95703125,3125.803955078125,1508.598388671875,788.912841796875,114.98565673828125,290.7338562011719,90.0,88.91243743896484,494.2027282714844,3880.0,0.0,0.0,5789.64453125,3121.24267578125,1504.49072265625,782.7930908203125,114.117919921875,262.5028991699219,278.232666015625,287.9725646972656,291.687744140625,296.11962890625,78.15914154052734,85.81048583984375,85.31149291992188,86.16251373291016,,,,291.96099853515625,,101375.375,94165.15625,,37.0719108581543,88.0,,,30.0,32.0,11154.0,66.0,75.0,,87.0,,10.0,,13.0,21.0,45.0,324.0,283.02001953125,283.19000244140625,100.0,35.0,14.800000190734863,17.200000762939453
2022-05-23T00:53,2022-05-23T01:00,24,holdout_baserate,0,2022,5,0,25,2022-05-22T00:00,25,2022-05-22T00:00,25,2022-05-22T00:00,22,2022-05-22T03:00,24,2022-05-22T00:00,24,2022-05-22T01:00,-999.0,0.0,77.0,100.0,97.0,1345.346435546875,1345.253173828125,86100.0,86600.0,14684.0068359375,6.341945171356201,262.9316101074219,277.70458984375,287.84490966796875,292.0248718261719,296.49755859375,5785.29296875,3116.514404296875,1500.9598388671875,105.15782165527344,288.2476806640625,98.5999984741211,361.8768005371094,4189.27978515625,300.0,0.0,0.029999999329447746,431.02166748046875,100.0,81.5999984741211,24.0,100.0,24135.16796875,0.0,0.0,258.29443359375,276.8648681640625,288.1419982910156,285.9639587402344,290.594970703125,5701.96142578125,3067.77783203125,1452.4871826171875,735.6435546875,74.76535034179688,290.2579650878906,84.4000015258789,100.0,705.2874755859375,3521.280029296875,6092.6435546875,25.0,95.0,93.0,24100.0,263.70001220703125,279.79998779296875,287.29998779296875,288.79998779296875,293.1000061035156,5787.447265625,3103.759765625,1479.973876953125,765.0856323242188,93.89579010009766,285.8900146484375,97.19999694824219,98.0,444.79998779296875,4353.27978515625,0.0,6.4375,797.650634765625,100.0,60.0,26.0,100.0,0.0,262.47967529296875,277.976806640625,286.8432312011719,290.0130615234375,294.56463623046875,5790.47265625,3123.82080078125,1510.3839111328125,791.7987060546875,117.8564224243164,289.832763671875,99.93644714355469,96.60054016113281,560.1397094726562,3990.0,0.0003100000030826777,8.6875,5798.42578125,3124.854248046875,1505.402099609375,783.2887573242188,116.322021484375,263.2915954589844,278.4310302734375,288.49578857421875,290.96588134765625,295.17236328125,80.16899108886719,73.81033325195312,92.43165588378906,94.79273986816406,,,,291.189453125,,101403.0625,94175.390625,,35.97018814086914,84.0,,,32.0,32.0,384.0,79.0,82.0,,88.0,,42.0,,46.0,49.0,203.0,328.0,283.95001220703125,283.3699645996094,97.0,46.0,13.600000381469727,15.800000190734863
2022-05-23T00:53,2022-05-23T01:00,48,holdout_baserate,0,2022,5,0,43,2022-05-21T06:00,49,2022-05-21T00:00,49,2022-05-21T00:00,46,2022-05-21T03:00,48,2022-05-21T00:00,36,2022-05-21T13:00,2701.800048828125,100.0,100.0,78.0,100.0,1345.011962890625,1344.89599609375,28500.0,86500.0,10675.1572265625,7.243041038513184,263.5135803222656,277.946533203125,285.1592712402344,289.3516540527344,293.85980224609375,5778.2587890625,3106.99951171875,1499.7393798828125,112.88760375976562,286.2265930175781,100.0,437.4825134277344,4227.83984375,0.0,9.999999747378752e-05,14.619999885559082,431.1042175292969,100.0,100.0,100.0,100.0,24135.162109375,5.160000000614673e-05,0.1875,257.46209716796875,276.183349609375,286.22442626953125,285.9996032714844,290.45526123046875,5694.06640625,3063.61474609375,1458.4666748046875,745.4525756835938,84.40593719482422,290.03863525390625,85.9000015258789,100.0,757.6160278320312,3456.159912109375,7474.6591796875,39.0,99.0,100.0,24100.0,263.6000061035156,279.79998779296875,285.6000061035156,288.6000061035156,292.8999938964844,5783.16650390625,3097.325439453125,1473.603515625,760.9226684570312,102.23091125488281,284.260009765625,93.0,91.0,350.3999938964844,4306.080078125,0.0,5.0625,830.2591552734375,100.0,100.0,59.0,100.0,3100.0,263.1648864746094,277.9898681640625,284.6962890625,287.84619140625,292.62335205078125,5787.732421875,3114.74609375,1507.0811767578125,794.8269653320312,123.38401794433594,288.2721862792969,98.25460052490234,97.1640396118164,551.9669799804688,4130.0,1.9999999494757503e-05,7.0625,5798.48828125,3120.391845703125,1496.03076171875,772.18359375,104.01318359375,263.29058837890625,279.3385009765625,288.8822021484375,291.9677429199219,296.08685302734375,70.95366668701172,85.84790802001953,86.3243408203125,91.59942626953125,,,,291.8994140625,,101248.875,94046.65625,,35.50539016723633,88.0,,,0.0,0.0,256.0,99.0,99.0,,99.0,,56.0,,61.0,68.0,87.0,293.0,283.3999938964844,283.32000732421875,98.0,50.0,14.0,16.899999618530273
2022-06-04T00:55,2022-06-04T01:00,1,holdout_baserate,0,2022,6,0,1,2022-06-04T00:00,1,2022-06-04T00:00,1,2022-06-04T00:00,1,2022-06-04T00:00,0,2022-06-04T00:00,1,2022-06-04T00:00,-999.0,0.0,56.0,89.0,0.0,nan,2775.1884765625,nan,72300.0,nan,3.585254669189453,255.92462158203125,271.54156494140625,282.49267578125,285.6482238769531,289.79034423828125,5620.0927734375,3021.27685546875,1443.820068359375,80.16090393066406,281.48748779296875,85.5999984741211,144.28515625,2801.780029296875,15700.0,0.0,0.0,7316.17236328125,40.599998474121094,66.69999694824219,0.0,0.0,24134.880859375,0.0,0.0,258.59930419921875,276.700927734375,287.1060485839844,288.9913024902344,290.22540283203125,5745.134765625,3112.61669921875,1504.29248046875,786.5733032226562,120.28005981445312,289.7268981933594,96.80000305175781,88.5,32.405921936035156,3517.280029296875,2469.716552734375,94.0,89.0,0.0,9400.0,256.20001220703125,271.5,281.8999938964844,286.5,290.79998779296875,5625.359375,3022.44873046875,1449.3162841796875,742.8958129882812,90.1427001953125,283.0899963378906,93.0,89.0,222.0800018310547,2607.360107421875,0.00039999998989515007,1.5625,3875.577392578125,16.0,100.0,0.0,7.0,13200.0,255.6649169921875,271.2969665527344,282.91046142578125,285.2001037597656,288.9251708984375,5623.62890625,3026.85595703125,1450.2340087890625,742.8018798828125,86.63973999023438,284.6029968261719,93.0,89.5422592163086,35.67509841918945,2750.0,0.0,0.0,5620.6015625,3019.470458984375,1442.681396484375,738.5121459960938,82.856689453125,255.80294799804688,271.78424072265625,281.505126953125,284.6973876953125,289.29571533203125,73.30258178710938,84.13886260986328,95.05565643310547,93.4747314453125,,,,285.3040771484375,,100961.6875,93701.890625,,20.434202194213867,73.0,,,30.0,32.0,209.0,22.0,24.0,,55.0,,71.0,,74.0,81.0,138.0,145.0,278.3700256347656,278.6099853515625,100.0,28.0,6.800000190734863,7.300000190734863
2022-06-04T00:55,2022-06-04T01:00,48,holdout_baserate,0,2022,6,0,43,2022-06-02T06:00,49,2022-06-02T00:00,49,2022-06-02T00:00,46,2022-06-02T03:00,48,2022-06-02T00:00,36,2022-06-02T13:00,-999.0,0.0,0.0,23.0,0.0,4108.94775390625,3951.404541015625,59800.0,62100.0,4404.62060546875,3.794703483581543,256.0294494628906,270.552734375,281.74505615234375,285.926025390625,290.1136474609375,5593.43017578125,2997.90478515625,1426.006103515625,64.10945129394531,281.4152526855469,86.69999694824219,424.8289489746094,2652.2431640625,15200.0,0.0,21.6200008392334,20000.140625,19.299999237060547,0.0,0.4000000059604645,8.100000381469727,24135.146484375,0.0,0.125,259.0731201171875,276.3277587890625,287.3023986816406,289.2498779296875,289.9700012207031,5764.654296875,3128.695068359375,1517.533935546875,800.0728149414062,133.9367218017578,289.57659912109375,98.5,93.69999694824219,29.127811431884766,3581.919921875,1304.5550537109375,64.0,2.0,0.0,24100.0,256.79998779296875,272.70001220703125,281.70001220703125,284.8999938964844,289.20001220703125,5595.5712890625,2990.343017578125,1415.4730224609375,712.1452026367188,65.50787353515625,281.57000732421875,97.4000015258789,98.0,642.4000244140625,2892.639892578125,0.0,0.1875,1071.695556640625,96.0,100.0,0.0,60.0,10300.0,256.4144592285156,270.7205810546875,280.8090515136719,285.06707763671875,289.0816650390625,5585.01953125,2990.015869140625,1420.255615234375,716.3525390625,60.16250228881836,285.1025390625,96.0,96.10084533691406,527.5872192382812,2620.0,0.00013000000035390258,25.625,5617.72265625,3008.548095703125,1428.01611328125,724.3801879882812,70.614501953125,256.79150390625,272.45050048828125,281.74810791015625,283.9918212890625,288.2777099609375,71.33727264404297,87.56878662109375,98.92762756347656,96.51229095458984,,,,284.93536376953125,,100820.375,93546.40625,,20.9952335357666,59.0,,,32.0,32.0,384.0,46.0,46.0,,59.0,,48.0,,52.0,53.0,41.0,193.0,277.65997314453125,277.84002685546875,100.0,9.0,8.0,8.199999809265137
2022-06-04T00:55,2022-06-04T01:00,24,holdout_baserate,0,2022,6,0,25,2022-06-03T00:00,25,2022-06-03T00:00,25,2022-06-03T00:00,22,2022-06-03T03:00,24,2022-06-03T00:00,24,2022-06-03T01:00,-999.0,0.0,0.0,0.0,0.0,nan,nan,nan,nan,nan,3.575073480606079,256.666748046875,271.068115234375,281.72198486328125,286.09869384765625,290.274658203125,5617.5634765625,3017.20751953125,1444.679443359375,81.14183807373047,281.5435791015625,84.5999984741211,419.81768798828125,2740.5947265625,16000.0,0.0,0.3799999952316284,20000.1015625,42.099998474121094,4.699999809265137,0.0,58.79999923706055,24135.162109375,7.239999831654131e-05,0.1875,258.4466552734375,276.2300109863281,287.0533447265625,288.1258850097656,289.9877014160156,5753.14892578125,3121.643798828125,1513.86669921875,798.3721313476562,134.32666015625,289.8999938964844,99.0999984741211,95.9000015258789,145.49517822265625,3532.800048828125,1926.5107421875,69.0,20.0,0.0,24100.0,257.20001220703125,272.29998779296875,282.79998779296875,286.70001220703125,290.8999938964844,5618.142578125,3011.867919921875,1429.9356689453125,722.5474853515625,69.14393615722656,283.1700134277344,97.0,96.0,345.44000244140625,2882.39990234375,9.999999747378752e-05,3.0625,1154.90283203125,83.0,0.0,0.0,37.0,10300.0,256.1217956542969,270.9721374511719,281.03021240234375,285.4207458496094,289.8063049316406,5611.46142578125,3019.146484375,1445.667724609375,741.5478515625,83.72294616699219,285.1595153808594,93.84012603759766,93.86134338378906,425.087890625,2680.0,0.0001900000061141327,11.3125,5618.15234375,3014.412353515625,1434.29736328125,728.0765380859375,70.261474609375,256.291015625,272.3177490234375,282.0584716796875,285.84112548828125,290.2196960449219,67.32579803466797,83.01952362060547,93.05427551269531,93.32845306396484,,,,286.2193298339844,,100815.8125,93573.625,,19.52090072631836,51.0,,,88888.0,640.0,384.0,44.0,45.0,,63.0,,39.0,,39.0,39.0,91.0,236.0,278.04998779296875,278.22003173828125,100.0,17.0,8.399999618530273,8.899999618530273
2022-06-17T12:49,2022-06-17T13:00,1,holdout_baserate,0,2022,6,12,1,2022-06-17T12:00,1,2022-06-17T12:00,1,2022-06-17T12:00,1,2022-06-17T12:00,0,2022-06-17T12:00,1,2022-06-17T12:00,-999.0,0.0,2.0,0.0,0.0,nan,nan,nan,nan,nan,6.226781845092773,261.9523620605469,276.2052917480469,287.9659423828125,292.92950439453125,297.39044189453125,5675.63720703125,3020.97509765625,1410.52294921875,19.039093017578125,289.2664489746094,78.30000305175781,570.7697143554688,3703.941162109375,19900.0,0.0,0.0,20000.15625,0.0,0.0,12.300000190734863,0.0,24135.08203125,0.0,0.0,263.59600830078125,282.9350280761719,296.2021789550781,300.7291259765625,307.9182434082031,5940.591796875,3249.614990234375,1599.3763427734375,858.6287231445312,161.5190887451172,309.65802001953125,23.799999237060547,32.20000076293945,1218.13134765625,4571.83984375,19999.826171875,24.0,1.0,0.0,14300.0,262.70001220703125,276.1000061035156,286.20001220703125,291.0,295.3999938964844,5680.61767578125,3017.73583984375,1411.461181640625,691.874755859375,15.576078414916992,288.3599853515625,96.80000305175781,99.0,881.2000122070312,3683.840087890625,0.0,0.0625,nan,20.0,0.0,0.0,20.0,18300.0,261.77178955078125,276.731689453125,286.99676513671875,291.29974365234375,295.853515625,5679.4306640625,3024.41943359375,1413.703125,694.4158935546875,23.87670135498047,292.3401184082031,81.0,84.0246810913086,621.345947265625,3670.0,0.0,0.0,5683.69921875,3028.0419921875,1415.7490234375,694.3037109375,29.4541015625,262.121826171875,276.3706970214844,288.30755615234375,290.660888671875,294.97393798828125,73.57664489746094,73.2503433227539,89.80366516113281,83.7076644897461,,,,293.0809326171875,,100316.125,93171.0703125,,24.375709533691406,49.0,,,88888.0,608.0,209.0,31.0,33.0,,38.0,,37.0,,37.0,37.0,661.0,515.0,283.57000732421875,283.80999755859375,100.0,14.0,14.0,16.700000762939453
2022-06-17T12:49,2022-06-17T13:00,24,holdout_baserate,0,2022,6,12,25,2022-06-16T12:00,25,2022-06-16T12:00,25,2022-06-16T12:00,22,2022-06-16T15:00,24,2022-06-16T12:00,24,2022-06-16T13:00,-999.0,0.0,8.0,0.0,0.0,nan,1394.760498046875,nan,85300.0,nan,8.320650100708008,262.563232421875,276.46112060546875,287.8042907714844,292.838134765625,297.34185791015625,5685.1943359375,3028.595703125,1416.33203125,23.422988891601562,288.6745910644531,89.0999984741211,498.49713134765625,3614.416748046875,14700.0,0.0,8.869999885559082,20000.1796875,0.0,0.0,17.299999237060547,0.0,24135.03515625,0.0,0.0,264.58331298828125,282.97760009765625,296.4891662597656,301.4527282714844,308.7362365722656,5939.21533203125,3249.510009765625,1597.803466796875,856.0369262695312,157.13352966308594,310.38299560546875,22.899999618530273,30.5,1322.32568359375,4486.56005859375,19999.947265625,20.0,2.0,0.0,24100.0,263.29998779296875,276.79998779296875,286.6000061035156,290.8999938964844,295.20001220703125,5677.8447265625,3010.576416015625,1402.274658203125,683.4177856445312,13.921906471252441,289.20001220703125,83.5999984741211,90.0,792.8800048828125,3858.719970703125,0.0,0.0,1195.979736328125,72.0,1.0,0.0,72.0,14900.0,261.0454406738281,276.4549865722656,287.2635803222656,291.78955078125,296.35357666015625,5677.19580078125,3025.48828125,1413.4609375,692.2486572265625,21.024169921875,292.4291687011719,88.15341186523438,90.13113403320312,662.9823608398438,3570.0,0.00039000000106170774,1.1875,5697.8515625,3029.75,1412.8935546875,691.934326171875,27.315673828125,263.29205322265625,276.83685302734375,288.8310241699219,290.3162841796875,294.6822509765625,64.54358673095703,77.0963363647461,92.66883087158203,86.20923614501953,,,,292.8856506347656,,100301.9375,93155.6484375,,23.7236328125,42.0,,,88888.0,816.0,0.0,67.0,70.0,,74.0,,63.0,,68.0,73.0,429.0,621.0,283.16998291015625,283.1000061035156,100.0,20.0,15.199999809265137,18.0
2022-07-01T00:59,2022-07-01T01:00,1,holdout_baserate,0,2022,7,0,1,2022-07-01T00:00,1,2022-07-01T00:00,1,2022-07-01T00:00,1,2022-07-01T00:00,0,2022-07-01T00:00,1,2022-07-01T00:00,-999.0,0.0,0.0,0.0,0.0,nan,nan,nan,nan,nan,4.874244689941406,262.3534240722656,277.04827880859375,284.77484130859375,288.9282531738281,293.18743896484375,5803.32421875,3138.95947265625,1538.672607421875,156.39859008789062,283.1475830078125,53.900001525878906,121.99537658691406,3979.81640625,35700.0,0.0,0.0,20000.015625,0.0,0.0,0.0,0.0,24135.1640625,0.0,0.0,259.6202087402344,272.9131164550781,278.4663391113281,283.1182556152344,285.2588806152344,5710.45751953125,3089.857421875,1523.709716796875,826.5786743164062,172.9132843017578,283.79998779296875,92.5999984741211,76.5999984741211,10.396302223205566,3036.320068359375,20000.154296875,3.0,0.0,0.0,24100.0,262.79998779296875,276.79998779296875,284.0,288.3999938964844,292.70001220703125,5804.15185546875,3139.80615234375,1542.5623779296875,831.1077270507812,164.0186004638672,285.0899963378906,83.5999984741211,78.0,109.76000213623047,3861.760009765625,0.0,0.0,nan,0.0,0.0,0.0,0.0,25200.0,262.2450256347656,277.7022705078125,283.81256103515625,288.723876953125,293.2638854980469,5808.28076171875,3144.58642578125,1544.36083984375,834.1065063476562,162.9417724609375,287.08197021484375,69.0,57.85624313354492,479.7679138183594,4040.0,0.0,0.0,5802.40234375,3138.977783203125,1542.625,832.564453125,168.663818359375,262.5333251953125,276.5760498046875,283.0116882324219,289.0048828125,293.84674072265625,66.72059631347656,65.86035919189453,52.39136505126953,56.72132110595703,,,,288.34808349609375,,102005.25,94734.078125,,22.656373977661133,39.0,,,88886.0,2832.0,16274.0,1.0,2.0,,21.0,,6.0,,6.0,6.0,0.0,118.0,280.5999755859375,276.30999755859375,76.0,0.0,8.0,8.199999809265137
2022-06-17T12:49,2022-06-17T13:00,48,holdout_baserate,0,2022,6,12,43,2022-06-15T18:00,49,2022-06-15T12:00,49,2022-06-15T12:00,46,2022-06-15T15:00,48,2022-06-15T12:00,36,2022-06-16T01:00,-999.0,0.0,4.0,0.0,0.0,nan,1574.40283203125,nan,83600.0,nan,8.43689250946045,261.15643310546875,275.78857421875,287.2447509765625,292.10150146484375,296.64208984375,5684.9404296875,3036.5859375,1428.6748046875,39.205360412597656,288.3328552246094,84.69999694824219,520.5199584960938,3529.326171875,16300.0,0.0,1.5,20000.140625,0.0,0.0,5.0,0.0,24134.99609375,0.0,0.0,263.6353759765625,283.5096740722656,296.75775146484375,301.9224548339844,309.1571350097656,5948.896484375,3256.425048828125,1602.7384033203125,860.3301391601562,160.6534423828125,310.90234375,20.700000762939453,27.299999237060547,1385.891357421875,4582.240234375,19999.880859375,11.0,0.0,0.0,24100.0,262.79998779296875,276.70001220703125,284.8999938964844,289.79998779296875,294.20001220703125,5690.41015625,3022.293701171875,1414.537109375,698.3927001953125,26.79912567138672,287.4200134277344,96.30000305175781,99.0,541.4400024414062,3971.840087890625,0.0,0.125,nan,3.0,0.0,0.0,3.0,19100.0,261.17169189453125,275.9225158691406,287.2965393066406,291.47039794921875,296.07470703125,5678.05322265625,3026.951904296875,1420.52490234375,700.98193359375,32.29704284667969,292.25054931640625,79.6151351928711,81.4002456665039,564.132080078125,3620.0,0.0,5.625,5702.3828125,3027.96240234375,1415.452880859375,693.51416015625,27.9130859375,264.5543212890625,275.5966796875,288.6851501464844,291.24932861328125,295.2578125,79.41162109375,67.10264587402344,84.55043029785156,82.43201446533203,,,,293.4642333984375,,100311.25,93174.8671875,,22.227596282958984,25.0,,,88886.0,120.0,201.0,91.0,91.0,,95.0,,46.0,,53.0,54.0,323.0,551.0,283.05999755859375,283.1299743652344,100.0,19.0,13.600000381469727,17.0
2022-07-01T00:59,2022-07-01T01:00,24,holdout_baserate,0,2022,7,0,25,2022-06-30T00:00,25,2022-06-30T00:00,25,2022-06-30T00:00,22,2022-06-30T03:00,24,2022-06-30T00:00,24,2022-06-30T01:00,-999.0,0.0,0.0,96.0,29.0,12198.19140625,4236.61962890625,nan,61300.0,13066.3603515625,5.504237651824951,261.7783508300781,276.52874755859375,284.33837890625,289.0040283203125,293.36328125,5811.12353515625,3152.302001953125,1555.5362548828125,173.258544921875,282.93170166015625,54.0,147.1161651611328,3810.377685546875,35400.0,0.0,0.0,19999.8515625,0.0,0.0,0.0,0.0,24135.013671875,0.0,0.0,260.98388671875,272.7488098144531,278.53741455078125,282.8061218261719,285.1087951660156,5721.61083984375,3094.3515625,1527.690673828125,831.2493896484375,178.1408233642578,283.4999694824219,91.9000015258789,78.0,10.344436645507812,2997.43994140625,19999.87890625,11.0,43.0,43.0,24100.0,262.5,277.5,284.29998779296875,286.20001220703125,290.5,5802.27099609375,3141.732421875,1536.4996337890625,828.6337890625,161.74169921875,283.4700012207031,92.19999694824219,85.0,146.55999755859375,3765.760009765625,0.0,0.0,nan,0.0,0.0,100.0,0.0,29500.0,263.11785888671875,277.8798522949219,283.29449462890625,288.16668701171875,292.8655700683594,5813.59765625,3149.415771484375,1549.6572265625,840.9486694335938,171.17282104492188,286.5074768066406,62.030364990234375,55.3215217590332,561.135009765625,3950.0,0.0,0.0,5805.05078125,3139.42529296875,1536.367919921875,825.6480102539062,161.035888671875,262.14080810546875,278.133056640625,283.1907043457031,289.32781982421875,294.18341064453125,50.25285339355469,59.68730926513672,49.37419891357422,54.966983795166016,,,,289.76611328125,,101910.0625,94643.0234375,,20.973487854003906,42.0,,,88888.0,1800.0,384.0,15.0,15.0,,29.0,,31.0,,31.0,31.0,0.0,107.0,281.1000061035156,276.3999938964844,71.0,4.0,8.399999618530273,8.699999809265137
2022-07-01T00:59,2022-07-01T01:00,48,holdout_baserate,0,2022,7,0,43,2022-06-29T06:00,49,2022-06-29T00:00,49,2022-06-29T00:00,46,2022-06-29T03:00,48,2022-06-29T00:00,36,2022-06-29T13:00,-999.0,0.0,0.0,100.0,100.0,7669.56591796875,7193.5029296875,30400.0,41700.0,12483.599609375,4.915297508239746,262.5150451660156,277.7843017578125,285.2436218261719,290.59442138671875,294.98077392578125,5831.908203125,3169.749267578125,1566.9476318359375,177.9683837890625,284.6111145019531,57.79999923706055,155.55380249023438,3913.3505859375,32100.0,0.0,0.0,19999.91796875,0.0,0.0,0.0,0.0,24134.708984375,0.0,0.0,259.3407897949219,273.5448913574219,278.4255676269531,283.10223388671875,285.2355651855469,5713.2392578125,3092.083740234375,1523.313232421875,826.8410034179688,173.22906494140625,283.62335205078125,91.69999694824219,75.80000305175781,10.343917846679688,3192.800048828125,19999.83203125,13.0,15.0,4.0,24100.0,263.0,278.6000061035156,286.0,288.3999938964844,292.70001220703125,5823.1884765625,3151.381591796875,1543.3258056640625,831.8185424804688,165.5155029296875,284.5199890136719,71.4000015258789,55.0,147.52000427246094,4099.2001953125,0.0,0.0,11394.4677734375,0.0,0.0,0.0,0.0,28100.0,262.3990783691406,278.622802734375,286.0850830078125,289.89483642578125,294.56170654296875,5836.9423828125,3173.334716796875,1557.53466796875,843.3716430664062,170.68865966796875,287.9643859863281,64.03036499023438,54.79248046875,253.44076538085938,3950.0,0.0,3.1875,5812.921875,3148.83837890625,1543.950439453125,830.765625,164.587646484375,262.58831787109375,277.536376953125,284.18426513671875,290.25250244140625,294.8720397949219,74.84046936035156,54.314483642578125,50.797950744628906,58.07962417602539,,,,290.195068359375,,101956.1875,94691.671875,,23.316631317138672,27.0,,,88886.0,3408.0,384.0,19.0,26.0,,30.0,,35.0,,35.0,35.0,0.0,144.0,281.6499938964844,277.94000244140625,77.0,4.0,8.0,8.199999809265137
2022-07-16T00:57,2022-07-16T01:00,1,holdout_baserate,0,2022,7,0,1,2022-07-16T00:00,1,2022-07-16T00:00,1,2022-07-16T00:00,1,2022-07-16T00:00,0,2022-07-16T00:00,1,2022-07-16T00:00,-999.0,0.0,0.0,0.0,0.0,nan,nan,nan,nan,nan,3.9050490856170654,262.0143127441406,274.57073974609375,285.5011901855469,291.5250549316406,295.920166015625,5789.2880859375,3142.07568359375,1552.51904296875,165.46820068359375,285.1991271972656,66.30000305175781,852.1138916015625,3428.22314453125,25800.0,0.0,0.0,20000.09375,0.0,0.0,5.0,0.0,24134.986328125,0.0,0.0,264.50531005859375,283.7396240234375,295.50360107421875,298.8197326660156,294.2435607910156,5915.9326171875,3214.336181640625,1562.08544921875,825.0430908203125,141.48028564453125,293.4488220214844,44.5,20.0,70.5309066772461,4642.39990234375,20000.19921875,4.0,0.0,0.0,24100.0,262.1000061035156,274.5,284.8999938964844,289.5,293.8999938964844,5795.6865234375,3143.30908203125,1554.7940673828125,840.2936401367188,169.0133056640625,286.7799987792969,78.9000015258789,77.0,227.52000427246094,3797.13525390625,0.0,0.0,nan,11.0,0.0,0.0,11.0,29400.0,262.17974853515625,273.6775207519531,285.7592468261719,292.2504577636719,296.4451904296875,5789.2646484375,3142.714599609375,1555.49853515625,837.4754638671875,166.32992553710938,289.66180419921875,62.0,48.29875946044922,1829.4886474609375,3500.0,0.0,0.0,5790.57421875,3140.63916015625,1552.982666015625,837.206298828125,169.376708984375,261.9520263671875,274.0816650390625,284.79583740234375,291.29180908203125,296.09442138671875,31.729768753051758,59.56293869018555,48.592079162597656,57.11500549316406,,,,290.2851867675781,,102014.3125,94760.296875,,14.730732917785645,7.0,,,88886.0,2880.0,16274.0,5.0,6.0,,36.0,,5.0,,5.0,5.0,7.0,253.0,280.80999755859375,278.55999755859375,87.0,0.0,8.0,8.399999618530273
2022-07-16T00:57,2022-07-16T01:00,24,holdout_baserate,0,2022,7,0,25,2022-07-15T00:00,25,2022-07-15T00:00,25,2022-07-15T00:00,22,2022-07-15T03:00,24,2022-07-15T00:00,24,2022-07-15T01:00,-999.0,0.0,0.0,0.0,0.0,nan,nan,nan,nan,nan,4.2769670486450195,260.4954833984375,274.29095458984375,284.8252868652344,290.7913818359375,295.1725158691406,5785.5263671875,3146.78662109375,1559.15625,175.8040771484375,284.1902770996094,54.29999923706055,484.1033935546875,3526.544189453125,35000.0,0.0,0.0,19999.9921875,0.0,0.0,5.0,0.0,24134.94921875,0.0,0.0,264.70001220703125,284.25177001953125,295.8113098144531,299.0952453613281,295.02166748046875,5920.50244140625,3215.744140625,1562.749267578125,824.3135375976562,138.9161834716797,294.28326416015625,41.900001525878906,22.299999237060547,89.28443145751953,4655.83984375,19999.9921875,3.0,0.0,0.0,24100.0,261.0,275.20001220703125,284.29998779296875,287.3999938964844,291.70001220703125,5787.62744140625,3139.6572265625,1548.6114501953125,838.3949584960938,167.15611267089844,284.32000732421875,84.80000305175781,80.0,186.24000549316406,3865.919921875,0.0,0.375,nan,0.0,0.0,0.0,0.0,38000.0,260.860107421875,273.1661376953125,284.5362548828125,291.0284423828125,295.6092834472656,5783.37841796875,3144.266357421875,1561.0499267578125,846.5242309570312,177.35894775390625,288.66754150390625,52.0,44.125633239746094,1459.829833984375,3190.0,0.0,0.0,5788.09765625,3139.8564453125,1549.74267578125,834.146240234375,166.6943359375,261.49603271484375,275.21563720703125,284.88470458984375,291.05596923828125,295.9525146484375,30.416767120361328,59.02269744873047,49.55430221557617,55.917537689208984,,,,290.39849853515625,,101983.0,94732.765625,,15.912393569946289,18.0,,,88888.0,6080.0,256.0,33.0,35.0,,37.0,,50.0,,50.0,50.0,4.0,232.0,280.71002197265625,278.1200256347656,84.0,0.0,8.800000190734863,9.199999809265137
2022-07-16T00:57,2022-07-16T01:00,48,holdout_baserate,0,2022,7,0,43,2022-07-14T06:00,49,2022-07-14T00:00,49,2022-07-14T00:00,46,2022-07-14T03:00,48,2022-07-14T00:00,36,2022-07-14T13:00,-999.0,0.0,0.0,0.0,0.0,nan,nan,nan,nan,nan,3.7866506576538086,261.5056457519531,272.7347412109375,285.114501953125,291.25335693359375,295.6895446777344,5795.65869140625,3151.775390625,1566.78515625,184.07281494140625,284.7767333984375,52.70000076293945,1020.7384033203125,3288.60888671875,36700.0,0.0,0.6800000071525574,19999.978515625,0.0,0.0,5.0,0.0,24134.935546875,0.0,0.0,264.8999938964844,284.632568359375,295.729736328125,299.6742248535156,295.17071533203125,5922.85400390625,3215.343017578125,1560.4281005859375,820.541748046875,134.91758728027344,294.23724365234375,40.20000076293945,21.799999237060547,124.99647521972656,4814.240234375,20000.08203125,11.0,0.0,6.0,24100.0,261.1000061035156,276.20001220703125,284.29998779296875,287.0,291.29998779296875,5796.7607421875,3142.82177734375,1549.11328125,840.3102416992188,173.08673095703125,283.4700012207031,86.9000015258789,68.0,266.0799865722656,3944.320068359375,0.0,0.125,nan,0.0,0.0,0.0,0.0,36800.0,261.358642578125,272.8978576660156,284.18310546875,290.70489501953125,295.3739929199219,5788.65478515625,3145.0537109375,1562.8841552734375,849.1029663085938,180.5248260498047,288.6203308105469,53.0,45.510013580322266,1360.018798828125,3060.0,0.0,7.1875,5790.77734375,3140.67578125,1548.5185546875,833.7365112304688,166.420654296875,261.9603271484375,274.8726806640625,284.38690185546875,290.784912109375,295.62890625,42.32664489746094,71.50804138183594,58.42076873779297,64.69170379638672,,,,290.7501220703125,,101976.125,94728.296875,,16.217226028442383,21.0,,,88888.0,888.0,384.0,37.0,39.0,,39.0,,39.0,,39.0,39.0,4.0,397.0,280.90997314453125,278.30999755859375,83.0,2.0,9.199999809265137,9.600000381469727
2022-07-31T06:52,2022-07-31T07:00,1,holdout_baserate,0,2022,7,6,1,2022-07-31T06:00,1,2022-07-31T06:00,1,2022-07-31T06:00,1,2022-07-31T06:00,0,2022-07-31T06:00,1,2022-07-31T06:00,-999.0,0.0,1.0,0.0,0.0,nan,1344.5263671875,nan,87000.0,nan,10.198814392089844,263.39630126953125,279.1020812988281,285.6679382324219,288.308349609375,292.3867492675781,5827.29150390625,3152.66796875,1543.2354736328125,157.11947631835938,283.8753662109375,84.0,207.45803833007812,4081.686767578125,16100.0,0.0,0.0,19999.861328125,0.0,0.0,0.0,0.0,24134.837890625,0.0,0.0,265.0784606933594,280.682373046875,286.6365966796875,291.4911804199219,292.28826904296875,5877.806640625,3190.504638671875,1569.191162109375,849.9178466796875,180.7598419189453,293.4548645019531,64.0,61.79999923706055,234.33799743652344,4499.52001953125,19999.806640625,23.0,0.0,0.0,24100.0,263.29998779296875,279.8999938964844,284.0,287.6000061035156,291.8999938964844,5833.89892578125,3154.5830078125,1537.1195068359375,826.3833618164062,165.19691467285156,284.9100036621094,96.69999694824219,98.0,308.0799865722656,4299.83984375,0.0,1.0,nan,1.0,0.0,0.0,1.0,14400.0,263.5101318359375,279.1820983886719,285.1833801269531,288.12237548828125,291.40576171875,5834.3935546875,3155.5341796875,1545.806396484375,833.2258911132812,162.62698364257812,285.398681640625,85.01618194580078,80.53669738769531,235.0758514404297,4280.0,0.0,0.0,5832.62109375,3153.1259765625,1540.082763671875,830.1932983398438,170.026611328125,263.39715576171875,279.9664001464844,283.8809814453125,287.15057373046875,291.3967590332031,30.624347686767578,71.36101531982422,88.14002227783203,93.75668334960938,,,,286.6780090332031,,102028.3125,94726.109375,,20.11764144897461,33.0,,,88888.0,184.0,256.0,75.0,85.0,,89.0,,78.0,,78.0,78.0,0.0,181.0,280.8899841308594,280.7599792480469,100.0,4.0,12.800000190734863,13.600000381469727
2022-07-31T06:52,2022-07-31T07:00,24,holdout_baserate,0,2022,7,6,25,2022-07-30T06:00,25,2022-07-30T06:00,25,2022-07-30T06:00,22,2022-07-30T09:00,24,2022-07-30T06:00,24,2022-07-30T07:00,-999.0,0.0,0.0,0.0,0.0,nan,nan,nan,nan,nan,8.058347702026367,263.3655090332031,278.32049560546875,285.05877685546875,288.8284912109375,292.9603576660156,5824.6376953125,3151.06884765625,1548.4039306640625,162.18182373046875,283.9401550292969,80.5,197.30722045898438,4108.310546875,17700.0,0.0,0.0,19999.98046875,0.0,0.0,0.0,0.0,24134.998046875,0.0,0.0,264.6223449707031,280.5276184082031,288.3999938964844,291.86810302734375,292.1033935546875,5879.68505859375,3191.7744140625,1571.3887939453125,849.0695190429688,180.41909790039062,293.2158203125,67.4000015258789,54.900001525878906,274.058837890625,4510.39990234375,19999.9453125,38.0,1.0,0.0,0.0,264.3999938964844,280.0,286.8999938964844,286.70001220703125,290.8999938964844,5832.232421875,3152.76123046875,1530.614013671875,821.8423461914062,157.8366241455078,284.4100036621094,99.80000305175781,100.0,307.0400085449219,4229.43994140625,0.00039999998989515007,1.1875,1081.2911376953125,43.0,0.0,0.0,43.0,12300.0,264.047607421875,278.7619323730469,283.2493896484375,286.7966003417969,290.7166748046875,5825.60791015625,3149.7802734375,1545.87060546875,837.692138671875,168.91653442382812,285.9551086425781,93.42293548583984,90.69412994384766,365.63336181640625,4170.0,0.0,0.0625,5828.5703125,3150.728271484375,1538.855712890625,826.8086547851562,165.287353515625,264.11505126953125,279.220703125,284.4373474121094,288.041748046875,292.28924560546875,33.15440368652344,74.69856262207031,83.34466552734375,91.13690185546875,,,,286.6524658203125,,101968.75,94671.546875,,21.024269104003906,31.0,,,88886.0,640.0,256.0,62.0,62.0,,63.0,,59.0,,59.0,59.0,1.0,162.0,281.0299987792969,280.91998291015625,100.0,4.0,12.399999618530273,13.199999809265137
2022-07-31T06:52,2022-07-31T07:00,48,holdout_baserate,0,2022,7,6,43,2022-07-29T12:00,49,2022-07-29T06:00,49,2022-07-29T06:00,46,2022-07-29T09:00,48,2022-07-29T06:00,36,2022-07-29T19:00,-999.0,0.0,0.0,0.0,0.0,nan,1344.3033447265625,nan,87100.0,nan,6.661107540130615,264.28472900390625,279.0345458984375,284.10723876953125,287.86895751953125,292.04144287109375,5834.2490234375,3152.092529296875,1547.2630615234375,163.22434997558594,283.2957458496094,80.4000015258789,261.8957214355469,4492.41015625,17700.0,0.0,0.0,20000.033203125,0.0,0.0,0.0,0.0,24135.251953125,0.0,0.0,264.7966003417969,280.35711669921875,288.6485290527344,292.424560546875,292.210205078125,5881.89990234375,3191.568603515625,1571.8883056640625,848.3486938476562,179.11109924316406,293.2911071777344,66.5,51.29999923706055,274.0458068847656,4554.72021484375,19999.9453125,45.0,2.0,0.0,0.0,264.3999938964844,279.79998779296875,287.29998779296875,286.29998779296875,290.6000061035156,5838.22509765625,3151.8720703125,1536.6416015625,826.7696533203125,162.67271423339844,284.1199951171875,99.80000305175781,100.0,352.4800109863281,4563.2001953125,9.999999747378752e-05,0.5,968.46826171875,46.0,0.0,0.0,46.0,12900.0,263.9320373535156,278.3359680175781,283.6329040527344,286.1901550292969,290.2593994140625,5829.91650390625,3150.1103515625,1546.1224365234375,838.4877319335938,170.4045867919922,285.5198059082031,91.4852294921875,90.58731842041016,274.30047607421875,4390.0,0.0,0.3125,5824.98828125,3148.76611328125,1535.948486328125,823.0689086914062,161.022705078125,263.8114013671875,279.2532043457031,284.76580810546875,288.374755859375,292.67474365234375,27.745983123779297,70.42524719238281,79.06430053710938,88.14796447753906,,,,286.8099365234375,,101915.375,94636.640625,,19.119121551513672,20.0,,,88886.0,912.0,256.0,34.0,34.0,,34.0,,60.0,,61.0,61.0,1.0,161.0,280.9999694824219,281.2099914550781,100.0,4.0,11.199999809265137,12.0
2022-08-11T12:47,2022-08-11T13:00,1,holdout_baserate,0,2022,8,12,1,2022-08-11T12:00,1,2022-08-11T12:00,1,2022-08-11T12:00,1,2022-08-11T12:00,0,2022-08-11T12:00,1,2022-08-11T12:00,-999.0,0.0,78.0,0.0,100.0,nan,1694.178955078125,nan,83000.0,nan,0.8019943237304688,263.417724609375,279.55010986328125,283.8546142578125,288.710693359375,293.1068115234375,5763.38525390625,3089.02587890625,1485.56298828125,99.03328704833984,286.01214599609375,86.0999984741211,464.4188232421875,4200.1943359375,15600.0,0.0,0.0,20000.134765625,0.0,5.0,0.0,0.0,24135.17578125,0.0,0.0,264.5199890136719,281.5458068847656,295.2200012207031,301.6017150878906,308.9618225097656,5879.1806640625,3192.839599609375,1547.24072265625,806.0460205078125,107.27359008789062,311.64202880859375,17.5,26.899999618530273,1363.0853271484375,4283.35986328125,20000.02734375,40.0,0.0,2.0,13700.0,263.0,281.20001220703125,284.20001220703125,289.20001220703125,293.5,5771.54541015625,3098.96484375,1492.5618896484375,778.6659545898438,111.47113800048828,287.0199890136719,88.9000015258789,91.0,147.36000061035156,4058.39990234375,0.0,0.0625,nan,73.0,0.0,100.0,0.0,17300.0,263.1414794921875,279.575439453125,283.9210205078125,288.6507873535156,292.9930114746094,5767.7138671875,3097.514892578125,1491.893798828125,779.45654296875,107.24252319335938,289.4441223144531,81.6011962890625,80.04070281982422,475.1297607421875,4080.0,0.0,0.0,5771.48046875,3097.967041015625,1490.23193359375,777.6259155273438,115.763427734375,263.27862548828125,279.64093017578125,284.47601318359375,288.5760498046875,292.29656982421875,15.405783653259277,82.6761474609375,78.61653900146484,79.29097747802734,,,,289.94622802734375,,101363.1875,94118.09375,,19.315507888793945,72.0,,,88888.0,1232.0,16209.0,16.0,17.0,,19.0,,3.0,,3.0,3.0,9.0,529.0,281.4700012207031,280.91998291015625,98.0,3.0,4.400000095367432,4.400000095367432
2022-08-11T12:47,2022-08-11T13:00,24,holdout_baserate,0,2022,8,12,25,2022-08-10T12:00,25,2022-08-10T12:00,25,2022-08-10T12:00,22,2022-08-10T15:00,24,2022-08-10T12:00,24,2022-08-10T13:00,-999.0,0.0,6.0,26.0,100.0,nan,8050.93310546875,nan,36800.0,nan,1.8283075094223022,262.59149169921875,278.8819274902344,284.4012145996094,289.7950744628906,294.22119140625,5766.275390625,3101.0986328125,1497.2900390625,109.15469360351562,286.9017333984375,79.30000305175781,552.3589477539062,4058.43115234375,18800.0,0.0,0.20000000298023224,19999.8515625,0.0,0.0,4.5,0.0,24135.009765625,0.0,0.0,264.5783386230469,281.9174499511719,295.6880798339844,302.907958984375,310.10797119140625,5879.6630859375,3188.1474609375,1542.4775390625,798.8839721679688,97.3197250366211,313.5914611816406,15.800000190734863,24.600000381469727,2309.451904296875,4395.35986328125,1197.1064453125,43.0,0.0,58.0,100.0,263.20001220703125,280.29998779296875,283.79998779296875,288.20001220703125,292.5,5758.94873046875,3085.4794921875,1478.0609130859375,766.5236206054688,103.23490142822266,286.2799987792969,99.30000305175781,100.0,264.7200012207031,4115.2001953125,0.0,0.0,nan,4.0,97.0,100.0,4.0,17500.0,262.7369384765625,278.8515625,284.1141052246094,288.62396240234375,293.23883056640625,5765.1064453125,3100.3544921875,1495.4361572265625,783.5925903320312,112.0648422241211,289.6039123535156,82.26356506347656,82.58605194091797,529.56396484375,4030.0,0.0,0.0,5770.8515625,3097.6923828125,1491.719482421875,777.824462890625,114.78759765625,263.0647888183594,279.8084716796875,284.36346435546875,289.3758544921875,293.0575256347656,14.184833526611328,86.30892181396484,74.22051239013672,82.15464782714844,,,,290.55963134765625,,101350.8125,94124.0234375,,18.602109909057617,63.0,,,30.0,32.0,256.0,44.0,44.0,,44.0,,55.0,,63.0,68.0,9.0,518.0,281.52996826171875,281.04998779296875,98.0,0.0,5.199999809265137,5.300000190734863
2022-08-11T12:47,2022-08-11T13:00,48,holdout_baserate,0,2022,8,12,43,2022-08-09T18:00,49,2022-08-09T12:00,49,2022-08-09T12:00,46,2022-08-09T15:00,48,2022-08-09T12:00,36,2022-08-10T01:00,-999.0,0.0,1.0,0.0,100.0,nan,8100.4501953125,32400.0,36600.0,nan,1.5658444166183472,262.9288330078125,278.0433654785156,284.7569580078125,289.70556640625,294.15814208984375,5766.255859375,3104.041015625,1498.483154296875,112.13113403320312,287.3109130859375,75.5999984741211,413.0580139160156,3873.1728515625,21100.0,0.0,0.20000000298023224,19999.962890625,0.0,0.4000000059604645,0.0,0.0,24135.005859375,0.0,0.0,264.6737060546875,282.0623779296875,296.02374267578125,303.32373046875,310.5237731933594,5879.9990234375,3187.517822265625,1540.4539794921875,796.0250244140625,93.81929779052734,313.8999938964844,15.0,23.200000762939453,2364.77099609375,4408.0,20000.099609375,37.0,1.0,22.0,24100.0,263.79998779296875,279.3999938964844,286.29998779296875,289.3999938964844,293.70001220703125,5765.39599609375,3089.38818359375,1476.8433837890625,762.15673828125,102.37059020996094,287.8999938964844,86.9000015258789,89.0,265.9200134277344,4225.1201171875,0.0,0.0,nan,5.0,0.0,100.0,5.0,20200.0,262.19287109375,278.4544982910156,284.42474365234375,288.51812744140625,293.27789306640625,5762.57568359375,3103.1689453125,1496.6185302734375,785.3433837890625,114.20285034179688,289.78912353515625,77.17292785644531,77.65904235839844,541.4476318359375,3850.0,0.0,0.4375,5771.7734375,3095.517822265625,1488.76025390625,774.260986328125,110.6728515625,263.0997314453125,280.17694091796875,284.4251708984375,289.11614990234375,293.2947998046875,9.753144264221191,85.10482788085938,88.73372650146484,87.7298355102539,,,,291.1263427734375,,101306.3125,94078.2109375,,17.841176986694336,67.0,,,32.0,32.0,256.0,49.0,53.0,,56.0,,59.0,,69.0,74.0,10.0,589.0,281.8500061035156,281.72998046875,99.0,0.0,6.0,6.099999904632568
2022-08-22T16:53,2022-08-22T17:00,1,train,0,2022,8,16,1,2022-08-22T16:00,5,2022-08-22T12:00,5,2022-08-22T12:00,1,2022-08-22T16:00,0,2022-08-22T18:00,1,2022-08-22T16:00,-999.0,0.0,37.0,7.0,80.0,nan,7476.81689453125,nan,40000.0,nan,5.375982284545898,262.5005187988281,278.70745849609375,285.64617919921875,291.4618835449219,296.1260070800781,5797.6845703125,3131.19482421875,1522.752197265625,129.41737365722656,288.4963073730469,88.5,525.466064453125,3965.613037109375,15000.0,0.0,0.0,1128.2647705078125,95.9000015258789,0.0,5.0,15.600000381469727,24134.943359375,1.2000000424450263e-05,0.25,267.11944580078125,280.5280456542969,285.6485595703125,290.7872314453125,297.41131591796875,5852.62353515625,3148.281982421875,1529.4088134765625,811.9947509765625,136.43606567382812,297.4371643066406,63.70000076293945,85.4000015258789,1060.3187255859375,4767.52001953125,1271.0126953125,43.0,79.0,69.0,24100.0,263.5,279.3999938964844,284.8999938964844,290.20001220703125,294.5,5802.39013671875,3133.341552734375,1519.869873046875,803.0016479492188,125.97826385498047,288.95001220703125,93.0999984741211,100.0,547.8400268554688,3969.29150390625,0.0,0.0,5679.70263671875,34.0,94.0,72.0,34.0,17300.0,262.381591796875,278.68475341796875,286.3428039550781,290.4533996582031,295.34130859375,5800.55810546875,3136.214599609375,1525.9686279296875,808.8292236328125,134.02218627929688,291.96600341796875,83.80574035644531,85.8700180053711,518.3838500976562,3970.31591796875,0.0,0.0,5800.20703125,3133.1494140625,1523.784423828125,805.68896484375,137.751708984375,262.92071533203125,277.9627685546875,285.85479736328125,291.0811767578125,295.892822265625,69.38184356689453,96.0295181274414,80.7149658203125,70.63957977294922,,,,293.6318664550781,,101633.5,94403.234375,,34.62565994262695,94.0,,,0.0,0.0,402.0,61.0,73.0,,88.0,,65.0,,65.0,65.0,108.0,632.0,283.3899841308594,283.21002197265625,100.0,1.0,7.199999809265137,8.399999618530273
2022-08-22T16:53,2022-08-22T17:00,48,train,0,2022,8,16,47,2022-08-20T18:00,47,2022-08-20T18:00,47,2022-08-20T18:00,50,2022-08-20T15:00,48,2022-08-20T18:00,36,2022-08-21T05:00,-999.0,0.0,2.0,100.0,99.0,10804.9072265625,6128.54833984375,39700.0,47900.0,12467.763671875,5.1496992111206055,262.8048095703125,278.1227111816406,286.9130859375,292.81781005859375,297.5393371582031,5804.5107421875,3140.09814453125,1529.615478515625,133.27471923828125,289.6014099121094,74.69999694824219,496.87493896484375,3909.11376953125,21800.0,0.0,0.0,1448.32470703125,100.0,0.0,0.0,1.0,24134.90625,0.0,0.0,267.1600036621094,280.11553955078125,285.7007751464844,291.4507751464844,297.2786865234375,5843.9580078125,3141.076171875,1525.259521484375,806.7756958007812,130.3456268310547,297.03900146484375,60.900001525878906,76.5,595.32470703125,4639.68017578125,19999.81640625,2.0,26.0,17.0,24100.0,262.8999938964844,279.0,286.70001220703125,291.5,295.8999938964844,5815.498046875,3143.4453125,1528.715576171875,809.7742919921875,131.1383056640625,289.9599914550781,67.4000015258789,69.0,447.44000244140625,3990.239013671875,0.0,0.0,9995.005859375,4.0,0.0,100.0,4.0,24900.0,263.45806884765625,278.3129577636719,286.62884521484375,291.8424072265625,296.9526062011719,5806.638671875,3136.502197265625,1526.4796142578125,807.79931640625,132.54884338378906,293.62469482421875,69.24273681640625,68.12823486328125,645.7382202148438,4030.561767578125,0.0,0.125,5811.10546875,3140.005859375,1527.964599609375,805.7559204101562,133.728515625,263.68316650390625,279.27886962890625,286.575439453125,293.80462646484375,298.6554870605469,38.66535568237305,80.07538604736328,55.34614944458008,49.793128967285156,,,,296.5468444824219,,101577.0,94377.71875,,25.20425796508789,88.0,,,30.0,32.0,384.0,41.0,50.0,,63.0,,41.0,,44.0,46.0,7.0,649.0,283.5199890136719,281.6499938964844,88.0,2.0,8.0,10.199999809265137
2022-08-22T16:53,2022-08-22T17:00,24,train,0,2022,8,16,23,2022-08-21T18:00,23,2022-08-21T18:00,23,2022-08-21T18:00,26,2022-08-21T15:00,24,2022-08-21T18:00,24,2022-08-21T17:00,-999.0,0.0,25.0,37.0,95.0,nan,1622.53564453125,nan,84100.0,nan,5.505768299102783,262.91241455078125,278.451904296875,285.4560852050781,291.3236083984375,296.00506591796875,5802.43896484375,3134.685791015625,1525.0003662109375,132.2078857421875,288.2381591796875,89.0,483.9028625488281,3944.853759765625,14700.0,0.0,0.0,5324.68115234375,66.69999694824219,0.0,1.2999999523162842,24.299999237060547,24135.0390625,3.2000000373955118e-06,0.25,267.3619384765625,280.139404296875,286.15350341796875,290.30584716796875,296.9757385253906,5848.44921875,3143.9501953125,1527.6871337890625,811.0023193359375,136.5675048828125,297.29254150390625,63.5,87.5999984741211,1111.8465576171875,4757.43994140625,1197.218017578125,52.0,48.0,66.0,0.0,263.6000061035156,280.1000061035156,285.5,290.0,294.3999938964844,5799.9580078125,3126.372802734375,1512.314453125,795.3557739257812,121.97359466552734,287.80999755859375,99.9000015258789,100.0,353.20001220703125,4109.15234375,9.999999747378752e-05,2.0625,4651.1904296875,10.0,100.0,100.0,10.0,21600.0,263.51422119140625,277.509765625,285.755859375,290.9590148925781,295.9685974121094,5800.27880859375,3135.074462890625,1524.45703125,808.229736328125,134.8988494873047,292.32647705078125,74.29573822021484,74.49839782714844,616.5078735351562,3774.808837890625,0.0,0.0,5799.10546875,3130.70947265625,1519.1083984375,799.3388671875,129.462158203125,263.2934265136719,279.4937744140625,285.823486328125,292.49383544921875,297.3332214355469,51.054931640625,86.48137664794922,64.03961181640625,57.698726654052734,,,,294.757568359375,,101541.0625,94335.34375,,30.534805297851562,90.0,,,30.0,32.0,384.0,58.0,65.0,,83.0,,37.0,,39.0,39.0,28.0,604.0,283.3199768066406,282.2699890136719,92.0,4.0,7.599999904632568,9.399999618530273
2022-09-02T21:55,2022-09-02T22:00,1,holdout_baserate,0,2022,9,21,1,2022-09-02T21:00,4,2022-09-02T18:00,4,2022-09-02T18:00,1,2022-09-02T21:00,3,2022-09-02T18:00,1,2022-09-02T21:00,-999.0,0.0,0.0,0.0,0.0,nan,nan,nan,nan,nan,1.2113697528839111,264.47271728515625,280.30731201171875,284.47735595703125,289.32562255859375,293.93963623046875,5875.427734375,3184.486572265625,1574.187255859375,186.47390747070312,286.6133728027344,75.5,417.45501708984375,4615.97509765625,21000.0,0.0,0.0,19999.9609375,0.0,0.0,0.4000000059604645,0.0,24135.09765625,0.0,0.0,260.08807373046875,275.4055480957031,284.9355163574219,288.330810546875,290.8236083984375,5739.4111328125,3100.13330078125,1498.0892333984375,785.06689453125,118.92402648925781,290.5335693359375,90.5999984741211,88.9000015258789,334.5241394042969,3432.9599609375,20000.107421875,5.0,0.0,0.0,24100.0,265.5,279.8999938964844,284.0,289.6000061035156,294.0,5883.7578125,3188.2236328125,1579.5283203125,865.5779418945312,196.19357299804688,288.0,74.0,74.0,496.9599914550781,4731.66845703125,0.0,0.0,nan,1.0,0.0,0.0,1.0,28300.0,264.61859130859375,279.89764404296875,285.1009521484375,289.3615417480469,294.253173828125,5881.0166015625,3188.24072265625,1579.285888671875,866.95947265625,193.8985595703125,290.20562744140625,64.0,58.7183837890625,624.3431396484375,4680.28955078125,0.0,0.0,5884.2734375,3190.683837890625,1580.592041015625,869.367431640625,204.107177734375,264.91143798828125,280.651611328125,284.21319580078125,289.3296813964844,294.1708679199219,28.756668090820312,68.01409149169922,52.53125762939453,48.76115036010742,,,,292.3785400390625,,102419.9375,95128.359375,,17.066978454589844,7.0,,,88886.0,5472.0,16274.0,7.0,7.0,,8.0,,7.0,,7.0,7.0,0.0,378.0,281.3500061035156,277.489990234375,77.0,0.0,4.800000190734863,5.0
2022-09-02T21:55,2022-09-02T22:00,24,holdout_baserate,0,2022,9,21,22,2022-09-02T00:00,22,2022-09-02T00:00,22,2022-09-02T00:00,25,2022-09-01T21:00,21,2022-09-02T00:00,24,2022-09-01T22:00,-999.0,0.0,0.0,0.0,0.0,nan,nan,nan,nan,nan,0.9576020240783691,264.2315673828125,279.84698486328125,284.4072265625,289.6900634765625,294.30902099609375,5885.779296875,3197.271240234375,1589.326904296875,201.15545654296875,286.7546691894531,68.5,422.67791748046875,4605.9580078125,25400.0,0.0,0.0,20000.123046875,0.20000000298023224,0.0,0.0,0.0,24134.90234375,0.0,0.0,259.9036865234375,276.021728515625,285.981689453125,288.5422058105469,291.17205810546875,5743.55078125,3102.22900390625,1496.4423828125,782.4813842773438,115.90613555908203,290.8683166503906,90.19999694824219,87.0,361.22967529296875,3496.9599609375,20000.07421875,0.0,0.0,0.0,24100.0,264.8999938964844,279.20001220703125,284.5,289.79998779296875,294.20001220703125,5886.81591796875,3194.98095703125,1582.0205078125,867.3504028320312,200.9779815673828,288.239990234375,76.30000305175781,77.0,311.3599853515625,4662.97119140625,0.0,0.0,nan,0.0,0.0,1.0,0.0,26200.548828125,264.2508850097656,279.0372619628906,285.531982421875,289.2932434082031,294.1697082519531,5887.666015625,3199.1884765625,1591.762939453125,878.2597045898438,206.110595703125,290.3775634765625,67.38899230957031,61.433448791503906,551.2664184570312,4633.93896484375,0.0,0.0,5882.98046875,3188.824951171875,1580.095458984375,867.6078491210938,201.67626953125,265.00518798828125,280.72894287109375,284.37054443359375,289.8671569824219,294.71343994140625,27.85393524169922,64.253662109375,51.039794921875,47.601253509521484,,,,292.71026611328125,,102391.1875,95106.1640625,,16.157794952392578,10.0,,,88886.0,3296.0,201.0,16.0,26.0,,29.0,,49.0,,50.0,50.0,0.0,335.0,281.78997802734375,277.8999938964844,76.0,0.0,5.199999809265137,5.199999809265137
2022-09-02T21:55,2022-09-02T22:00,48,holdout_baserate,0,2022,9,21,46,2022-09-01T00:00,46,2022-09-01T00:00,46,2022-09-01T00:00,49,2022-08-31T21:00,45,2022-09-01T00:00,36,2022-09-01T10:00,-999.0,0.0,1.0,0.0,0.0,nan,nan,nan,nan,nan,2.2218079566955566,263.66107177734375,278.3725280761719,285.18695068359375,290.5255126953125,295.11431884765625,5871.39404296875,3191.39892578125,1587.07080078125,198.1071319580078,287.6015930175781,71.19999694824219,471.6139831542969,4479.8359375,23500.0,0.0,2.6600000858306885,20000.173828125,0.0,0.0,0.0,0.0,24134.70703125,0.0,0.0,259.7099914550781,276.1552429199219,286.3852233886719,288.4052429199219,290.6651306152344,5743.82958984375,3100.82373046875,1494.506591796875,779.7379150390625,113.58578491210938,290.1000061035156,91.4000015258789,83.5999984741211,239.09754943847656,3537.60009765625,20000.041015625,1.0,0.0,0.0,24100.0,265.0,280.29998779296875,284.79998779296875,289.79998779296875,294.1000061035156,5881.2109375,3189.7724609375,1577.5579833984375,863.3275146484375,196.2319793701172,288.1199951171875,69.5999984741211,69.0,311.0400085449219,4587.04052734375,0.0,0.0,nan,2.0,0.0,0.0,0.0,23511.673828125,263.8862609863281,277.28533935546875,285.8673095703125,290.09716796875,294.8341064453125,5871.62744140625,3191.254638671875,1586.266357421875,870.8406372070312,199.09982299804688,290.88494873046875,71.05770874023438,63.984798431396484,573.4834594726562,4500.56396484375,0.0,1.75,5878.7890625,3185.252197265625,1576.761962890625,864.8089599609375,198.525390625,264.526123046875,280.28997802734375,283.919921875,289.87225341796875,294.7733459472656,28.003005981445312,58.3842887878418,49.23298645019531,45.59726333618164,,,,292.6275634765625,,102355.1875,95078.765625,,14.006613731384277,10.0,,,88886.0,1408.0,457.0,17.0,21.0,,34.0,,39.0,,39.0,39.0,0.0,315.0,282.739990234375,278.53997802734375,76.0,0.0,6.0,6.800000190734863
2022-09-13T00:52,2022-09-13T01:00,1,holdout_baserate,0,2022,9,0,1,2022-09-13T00:00,1,2022-09-13T00:00,1,2022-09-13T00:00,1,2022-09-13T00:00,0,2022-09-13T00:00,1,2022-09-13T00:00,-999.0,0.0,69.0,0.0,0.0,nan,1991.3731689453125,nan,80000.0,nan,0.9428319931030273,265.1717834472656,279.29949951171875,286.7605285644531,291.991943359375,296.321533203125,5769.78955078125,3084.316162109375,1473.698974609375,75.79621124267578,286.41009521484375,89.5,399.09375,4288.626953125,12700.0,0.0,0.0,3825.51953125,62.5,100.0,100.0,0.0,24135.095703125,0.0,0.0,263.4806823730469,279.8132019042969,293.6746520996094,299.11749267578125,296.3460998535156,5804.970703125,3123.9619140625,1488.9171142578125,751.7090454101562,65.27100372314453,295.49786376953125,69.5999984741211,34.70000076293945,134.8240509033203,4122.56005859375,2353.943359375,57.0,13.0,0.0,24100.0,265.5,278.70001220703125,286.5,291.0,295.3999938964844,5770.2998046875,3083.94775390625,1471.388916015625,752.6526489257812,79.55778503417969,287.70001220703125,90.0,83.0,147.83999633789062,4247.03125,0.0,0.0,nan,13.0,0.0,0.0,1.0,13700.0,265.29888916015625,278.71112060546875,286.69671630859375,291.6361083984375,295.8194274902344,5772.39404296875,3087.404052734375,1477.047119140625,756.9180908203125,80.4759521484375,289.1043701171875,88.0,83.03691101074219,238.89596557617188,4306.5732421875,0.0,0.0,5770.3984375,3083.608154296875,1476.137451171875,754.853271484375,86.38818359375,265.2713623046875,278.24041748046875,286.8050537109375,292.45806884765625,296.8836975097656,69.88563537597656,78.84738159179688,71.1678237915039,80.12190246582031,,,,290.6701354980469,,101030.5625,93858.59375,,29.712778091430664,57.0,,,88888.0,864.0,402.0,56.0,70.0,,79.0,,64.0,,64.0,64.0,62.0,232.0,283.67999267578125,283.30999755859375,100.0,5.0,4.800000190734863,4.900000095367432
2022-09-13T00:52,2022-09-13T01:00,24,holdout_baserate,0,2022,9,0,25,2022-09-12T00:00,25,2022-09-12T00:00,25,2022-09-12T00:00,22,2022-09-12T03:00,24,2022-09-12T00:00,24,2022-09-12T01:00,-999.0,90.0,91.0,0.0,0.0,nan,1345.289794921875,nan,86400.0,nan,2.572549343109131,264.5522766113281,277.7356262207031,287.09637451171875,291.8599853515625,296.17633056640625,5766.2724609375,3088.909423828125,1478.2069091796875,82.5990219116211,287.53753662109375,92.69999694824219,429.4241027832031,4161.3896484375,13100.0,0.0,0.03999999910593033,4163.146484375,5.0,100.0,100.0,0.0,24135.1640625,0.0,0.0,263.50018310546875,279.8257141113281,292.76715087890625,297.2191162109375,294.4095458984375,5806.09814453125,3128.705322265625,1493.84765625,759.0975341796875,77.4150390625,293.6189880371094,86.5,44.79999923706055,42.593196868896484,4063.679931640625,20000.138671875,35.0,1.0,0.0,100.0,265.0,279.8999938964844,286.70001220703125,290.70001220703125,295.1000061035156,5775.35400390625,3084.995361328125,1471.4063720703125,752.1817016601562,79.14566040039062,287.9200134277344,100.0,100.0,36.31999969482422,4400.6650390625,0.0,0.0625,nan,63.0,0.0,52.0,0.0,16700.0,264.80401611328125,277.62530517578125,286.9057312011719,292.57965087890625,296.8915710449219,5770.92919921875,3090.377685546875,1481.8662109375,760.4305419921875,84.44857025146484,290.23809814453125,83.04092407226562,75.760498046875,607.6980590820312,4244.0556640625,0.0,2.0,5773.0703125,3082.397705078125,1474.5654296875,752.7850341796875,84.064453125,265.5754089355469,278.07073974609375,287.1593017578125,292.67901611328125,297.1055908203125,69.88761138916016,76.65377044677734,70.44398498535156,78.89276123046875,,,,291.73529052734375,,100998.4375,93831.5078125,,28.017314910888672,51.0,,,88886.0,1208.0,256.0,63.0,66.0,,87.0,,56.0,,58.0,58.0,44.0,162.0,283.3999938964844,283.47998046875,100.0,3.0,6.0,6.0
2022-09-13T00:52,2022-09-13T01:00,48,holdout_baserate,0,2022,9,0,43,2022-09-11T06:00,49,2022-09-11T00:00,49,2022-09-11T00:00,46,2022-09-11T03:00,48,2022-09-11T00:00,36,2022-09-11T13:00,-999.0,0.0,97.0,0.0,93.0,2121.89453125,2025.5194091796875,76700.0,79700.0,2588.62451171875,1.5649091005325317,263.89178466796875,278.1124267578125,286.5213623046875,291.6090087890625,295.9521179199219,5763.1806640625,3087.60595703125,1478.4267578125,84.13970184326172,286.3497009277344,82.9000015258789,287.1889343261719,4111.22119140625,16300.0,0.0,0.15000000596046448,3396.38916015625,100.0,100.0,100.0,4.0,24135.146484375,0.0,0.0,263.7811279296875,278.6014099121094,292.28192138671875,296.39935302734375,296.8568420410156,5803.5576171875,3127.875244140625,1496.3680419921875,763.4525756835938,80.31012725830078,296.2225036621094,74.80000305175781,48.400001525878906,77.24964904785156,3970.39990234375,20000.166015625,9.0,0.0,8.0,24100.0,265.1000061035156,278.5,286.3999938964844,290.70001220703125,295.0,5776.013671875,3089.2646484375,1477.6822509765625,758.9179077148438,85.0614013671875,287.1199951171875,100.0,98.0,36.400001525878906,4284.02197265625,0.0,0.0,4470.8515625,86.0,4.0,100.0,0.0,16900.0,263.28961181640625,277.0762939453125,287.04327392578125,292.25360107421875,296.49420166015625,5766.89599609375,3097.98193359375,1490.8846435546875,769.8511962890625,94.59923553466797,290.15606689453125,83.0,72.58092498779297,158.0276641845703,3984.366455078125,0.0,0.75,5775.15234375,3091.33447265625,1480.600341796875,757.7832641601562,88.03662109375,265.125,278.3106689453125,287.28302001953125,293.33837890625,297.69647216796875,73.62226104736328,79.98758697509766,67.29322052001953,80.41056823730469,,,,291.4756774902344,,101040.4375,93875.328125,,32.73403549194336,59.0,,,30.0,32.0,384.0,51.0,54.0,,66.0,,41.0,,41.0,41.0,17.0,172.0,283.15997314453125,283.1499938964844,100.0,4.0,6.400000095367432,6.5
2022-09-23T09:50,2022-09-23T10:00,1,holdout_baserate,0,2022,9,9,1,2022-09-23T09:00,4,2022-09-23T06:00,4,2022-09-23T06:00,1,2022-09-23T09:00,3,2022-09-23T06:00,1,2022-09-23T09:00,-999.0,100.0,100.0,0.0,0.0,1342.862548828125,1342.735107421875,84200.0,85500.0,1574.8675537109375,11.318046569824219,252.80972290039062,269.0724182128906,273.75958251953125,276.7702331542969,281.0050354003906,5502.853515625,2932.2666015625,1384.713623046875,55.372344970703125,272.9273986816406,99.69999694824219,349.4788513183594,1271.578125,0.0,0.0,0.014999999664723873,3191.01806640625,5.5,80.69999694824219,100.0,0.0,15541.548828125,4.479999915929511e-05,0.0625,258.9931335449219,274.3815002441406,284.4862976074219,288.06158447265625,290.97723388671875,5743.201171875,3114.831787109375,1518.974609375,807.3670043945312,145.82525634765625,291.26824951171875,49.900001525878906,49.5,328.1854553222656,3280.0,19999.97265625,45.0,1.0,0.0,0.0,252.1999969482422,271.0,270.6000061035156,275.3999938964844,279.5,5500.3779296875,2929.06494140625,1373.8031005859375,696.1911010742188,58.12287521362305,272.8999938964844,99.30000305175781,100.0,462.55999755859375,1142.719970703125,0.0007999999797903001,1.625,826.870849609375,100.0,0.0,0.0,100.0,3500.0,252.31314086914062,269.2489318847656,271.8792724609375,276.18505859375,280.623046875,5497.8115234375,2929.968505859375,1389.0150146484375,709.672119140625,64.9508056640625,275.8033447265625,97.6016845703125,94.72746276855469,653.5632934570312,1145.09228515625,0.0,0.0,5494.79296875,2922.34228515625,1378.033935546875,697.6395874023438,60.48876953125,253.4403076171875,268.239501953125,272.4498291015625,276.7694091796875,281.0723876953125,60.476131439208984,94.14918518066406,88.64453887939453,83.890869140625,,,,277.46435546875,,100783.8125,93306.8125,,12.304277420043945,92.0,,,0.0,0.0,209.0,80.0,100.0,,100.0,,73.0,,73.0,73.0,3.0,440.0,270.15997314453125,270.45001220703125,100.0,7.0,16.399999618530273,18.5
2022-09-23T09:50,2022-09-23T10:00,24,holdout_baserate,0,2022,9,9,22,2022-09-22T12:00,22,2022-09-22T12:00,22,2022-09-22T12:00,25,2022-09-22T09:00,21,2022-09-22T12:00,24,2022-09-22T10:00,-999.0,100.0,100.0,0.0,0.0,1342.7130126953125,1342.507568359375,83000.0,85400.0,1714.19140625,11.311429023742676,251.99740600585938,268.686767578125,271.9639892578125,275.198974609375,279.45196533203125,5489.0185546875,2922.5126953125,1383.1229248046875,59.95719909667969,271.3928527832031,98.69999694824219,370.68939208984375,1041.318115234375,0.0,0.0,23.790000915527344,3645.771728515625,67.30000305175781,100.0,100.0,0.0,24135.240234375,0.0,0.0,259.4599914550781,274.1093444824219,284.3811340332031,286.5767517089844,292.941650390625,5743.955078125,3115.250244140625,1522.7493896484375,813.1973266601562,150.5486297607422,294.1327209472656,39.0,51.79999923706055,714.6525268554688,3229.280029296875,20000.15625,45.0,0.0,0.0,0.0,253.0,269.79998779296875,271.70001220703125,274.29998779296875,278.3999938964844,5500.08837890625,2927.4453125,1375.875244140625,700.2159423828125,63.183189392089844,271.6099853515625,99.30000305175781,100.0,371.8399963378906,944.1599731445312,0.0003000000142492354,1.0,837.1840209960938,100.0,0.0,0.0,100.0,3600.0,251.79466247558594,267.6765441894531,271.2004089355469,274.8745422363281,279.3251953125,5486.90478515625,2921.483154296875,1386.89208984375,710.2959594726562,68.70735168457031,274.4724426269531,97.1036376953125,94.42182159423828,585.591552734375,920.0,0.0,23.625,5494.1171875,2922.6328125,1382.1767578125,701.2273559570312,62.965087890625,253.16983032226562,267.7046813964844,272.12762451171875,277.2532653808594,281.53045654296875,65.82823181152344,96.83335876464844,85.4204330444336,81.12362670898438,,,,277.87445068359375,,100802.1875,93344.0078125,,12.272777557373047,90.0,,,0.0,0.0,0.0,91.0,91.0,,91.0,,63.0,,64.0,64.0,1.0,412.0,270.27996826171875,270.0400085449219,100.0,11.0,16.0,19.299999237060547
2022-09-23T09:50,2022-09-23T10:00,48,holdout_baserate,0,2022,9,9,46,2022-09-21T12:00,46,2022-09-21T12:00,46,2022-09-21T12:00,49,2022-09-21T09:00,45,2022-09-21T12:00,36,2022-09-21T22:00,-999.0,100.0,100.0,0.0,0.0,1342.5599365234375,1342.488525390625,84200.0,85500.0,1572.763671875,11.919289588928223,251.2166748046875,267.82403564453125,271.7122802734375,274.9463806152344,279.1278076171875,5482.271484375,2923.4560546875,1386.298583984375,66.33555603027344,271.12322998046875,98.5,351.81610107421875,1000.8443603515625,0.0,0.0,27.8700008392334,5436.931640625,7.900000095367432,98.5999984741211,100.0,0.0,24134.91015625,0.0,0.0,259.2577819824219,274.2015380859375,284.26800537109375,286.1903076171875,292.84521484375,5735.13916015625,3109.714111328125,1517.063720703125,808.9380493164062,146.51309204101562,293.9420471191406,43.900001525878906,61.20000076293945,775.45263671875,3233.760009765625,20000.17578125,49.0,0.0,0.0,0.0,253.5,268.5,271.1000061035156,274.1000061035156,278.20001220703125,5493.923828125,2917.96142578125,1370.8963623046875,696.0300903320312,59.506187438964844,271.2599792480469,99.30000305175781,100.0,248.47999572753906,890.5599975585938,0.0003000000142492354,0.9375,826.548095703125,100.0,0.0,0.0,100.0,3400.0,251.37118530273438,267.3818054199219,270.94537353515625,274.5533447265625,279.0411071777344,5486.7607421875,2929.079345703125,1393.5146484375,717.68701171875,76.593994140625,274.2552185058594,97.34075164794922,95.39772033691406,566.7216796875,894.6920776367188,0.0,20.6875,5497.3125,2930.92529296875,1388.27587890625,706.7763061523438,67.443603515625,253.02691650390625,267.9705810546875,272.149169921875,277.69281005859375,281.9537048339844,63.69834899902344,96.36719512939453,82.25732421875,77.86062622070312,,,,278.36810302734375,,100841.6875,93388.125,,12.118253707885742,91.0,,,0.0,0.0,256.0,85.0,90.0,,92.0,,58.0,,63.0,67.0,1.0,383.0,270.3899841308594,270.4200134277344,100.0,12.0,15.199999809265137,17.299999237060547
2022-10-04T04:51,2022-10-04T05:00,1,train,0,2022,10,4,1,2022-10-04T04:00,5,2022-10-04T00:00,5,2022-10-04T00:00,1,2022-10-04T04:00,0,2022-10-04T06:00,1,2022-10-04T04:00,-999.0,0.0,0.0,0.0,0.0,nan,nan,nan,nan,nan,3.1002063751220703,259.2249755859375,276.02691650390625,280.681884765625,280.5849304199219,284.1135559082031,5758.2275390625,3121.432373046875,1533.811279296875,182.28594970703125,275.3868408203125,22.399999618530273,48.7786865234375,3626.239990234375,76800.0,0.0,0.0,19999.88671875,0.0,0.0,0.0,0.0,24134.9296875,0.0,0.0,262.31817626953125,280.5307922363281,286.41278076171875,287.9590148925781,287.5127868652344,5833.87451171875,3162.368896484375,1546.0870361328125,833.951904296875,171.5328369140625,285.8934631347656,82.5,61.5,10.410842895507812,4208.0,6470.521484375,1.0,13.0,51.0,24100.0,259.0,275.5,279.0,280.0,284.20001220703125,5760.61083984375,3125.099365234375,1539.6441650390625,849.3402099609375,207.60365295410156,276.8099670410156,50.29999923706055,44.0,35.119998931884766,3500.159912109375,0.0,0.0,7720.333984375,0.0,40.0,96.0,0.0,48500.0,259.5398864746094,275.5952453613281,281.451171875,281.3548889160156,283.5428466796875,5752.75,3118.77685546875,1531.645751953125,835.1883544921875,181.9259033203125,277.0504455566406,41.458282470703125,34.6390495300293,70.0360107421875,3541.220458984375,0.0,0.0,5763.36328125,3127.035888671875,1540.869384765625,847.3967895507812,206.56201171875,259.7694091796875,275.24871826171875,280.99237060546875,279.19891357421875,282.8033447265625,20.755130767822266,1.9209651947021484,47.74925994873047,71.6129379272461,,,,274.8326721191406,,102511.375,95001.015625,,5.766146659851074,52.0,,,88888.0,4608.0,16274.0,0.0,0.0,,0.0,,6.0,,6.0,6.0,0.0,87.0,271.8799743652344,263.6100158691406,53.0,0.0,5.599999904632568,5.599999904632568
2022-10-04T04:51,2022-10-04T05:00,24,train,0,2022,10,4,23,2022-10-03T06:00,23,2022-10-03T06:00,23,2022-10-03T06:00,26,2022-10-03T03:00,24,2022-10-03T06:00,24,2022-10-03T05:00,-999.0,0.0,0.0,0.0,0.0,nan,nan,nan,nan,nan,0.9215663075447083,258.9247131347656,274.78607177734375,278.2314758300781,279.75531005859375,283.3880615234375,5749.822265625,3122.03369140625,1543.9385986328125,197.75741577148438,275.8702087402344,32.70000076293945,129.69491577148438,3415.46728515625,60100.0,0.0,0.0,19999.892578125,0.0,0.0,0.0,0.0,24134.623046875,0.0,0.0,262.33831787109375,280.0523681640625,286.6727294921875,288.46270751953125,287.6700439453125,5836.80419921875,3162.769287109375,1548.7364501953125,835.4937744140625,172.38462829589844,285.9200744628906,80.5,56.0,10.495170593261719,4312.31982421875,19999.984375,0.0,0.0,0.0,24100.0,259.0,275.6000061035156,280.3999938964844,282.70001220703125,286.8999938964844,5757.1240234375,3126.2294921875,1539.1741943359375,843.6007690429688,203.3118896484375,279.54998779296875,14.100000381469727,20.0,35.439998626708984,3484.320068359375,0.0,0.0,nan,0.0,0.0,49.0,0.0,44400.0,258.3409423828125,274.51568603515625,278.42132568359375,279.9646911621094,283.1853942871094,5748.83984375,3121.44189453125,1545.426025390625,854.3739013671875,203.03297424316406,276.363037109375,45.7757453918457,41.727134704589844,123.52894592285156,3390.0,0.0,0.0,5755.4140625,3122.644775390625,1538.59326171875,844.7366943359375,201.882080078125,259.5245056152344,274.6083984375,280.8323669433594,280.0545654296875,283.7646484375,24.72613525390625,3.939889907836914,51.784088134765625,74.75809478759766,,,,275.277587890625,,102445.5625,94957.515625,,5.6219096183776855,32.0,,,88886.0,4496.0,256.0,0.0,0.0,,0.0,,51.0,,51.0,53.0,0.0,84.0,271.6300048828125,263.8299865722656,56.0,0.0,5.199999809265137,5.199999809265137
2022-10-13T02:52,2022-10-13T03:00,1,train,0,2022,10,2,1,2022-10-13T02:00,3,2022-10-13T00:00,3,2022-10-13T00:00,1,2022-10-13T02:00,3,2022-10-13T00:00,1,2022-10-13T02:00,-999.0,0.0,0.0,100.0,100.0,8215.1650390625,6003.69189453125,nan,48100.0,9708.80859375,7.957191467285156,258.05352783203125,276.0975341796875,281.9107666015625,284.5240173339844,288.59661865234375,5720.01123046875,3086.401123046875,1497.3583984375,130.03756713867188,279.0013427734375,66.30000305175781,178.83056640625,3598.744384765625,25600.0,0.0,0.0,8764.4462890625,0.10000000149011612,5.599999904632568,100.0,0.0,24135.33203125,0.0,0.0,258.8670654296875,274.7047119140625,281.26806640625,285.1766662597656,287.4266662597656,5767.98046875,3134.83251953125,1551.5714111328125,847.3101806640625,189.419189453125,287.2195129394531,94.0,92.5,31.08464241027832,3555.0400390625,5607.39013671875,1.0,94.0,98.0,24100.0,258.0,276.8999938964844,280.1000061035156,283.20001220703125,287.3999938964844,5729.61083984375,3094.68310546875,1504.3311767578125,806.01220703125,150.0644073486328,280.32000732421875,84.5,82.0,261.0400085449219,3661.78857421875,0.0,0.0,5667.056640625,0.0,90.0,100.0,0.0,25700.0,257.47418212890625,276.43804931640625,281.6129150390625,285.0856628417969,288.7401123046875,5722.82421875,3093.17041015625,1505.0052490234375,802.676513671875,139.7715606689453,281.5098876953125,67.0,56.852840423583984,222.48086547851562,3620.0,0.0,0.0,5724.1015625,3092.612060546875,1504.51953125,802.9259033203125,147.9306640625,257.7093200683594,275.8580322265625,280.8319091796875,285.1005859375,289.04278564453125,8.773658752441406,49.30390930175781,57.506385803222656,67.69117736816406,,,,282.4656982421875,,101734.3125,94411.2734375,,10.256325721740723,81.0,,,32.0,32.0,16209.0,14.0,14.0,,25.0,,6.0,,6.0,9.0,0.0,167.0,276.78997802734375,272.6600036621094,73.0,0.0,12.0,12.800000190734863
2022-10-04T04:51,2022-10-04T05:00,48,train,0,2022,10,4,47,2022-10-02T06:00,47,2022-10-02T06:00,47,2022-10-02T06:00,50,2022-10-02T03:00,48,2022-10-02T06:00,36,2022-10-02T17:00,-999.0,0.0,0.0,0.0,0.0,nan,nan,nan,nan,nan,1.2391853332519531,258.28143310546875,274.07769775390625,278.7958984375,279.7495422363281,283.4406433105469,5729.1923828125,3106.609375,1530.1781005859375,184.12271118164062,275.78839111328125,32.70000076293945,104.0360107421875,3284.128662109375,60200.0,0.0,0.009999999776482582,20000.15625,0.0,0.0,0.0,0.0,24135.138671875,0.0,0.0,262.25030517578125,279.3697814941406,286.5525817871094,288.54217529296875,287.33221435546875,5832.26171875,3159.60009765625,1547.327880859375,834.231689453125,171.8496551513672,285.67974853515625,78.30000305175781,51.5,10.423032760620117,4264.9599609375,20000.076171875,0.0,0.0,31.0,24100.0,258.6000061035156,275.20001220703125,280.3999938964844,283.3999938964844,287.70001220703125,5753.923828125,3124.451416015625,1538.233642578125,841.6644897460938,201.02099609375,280.1000061035156,8.300000190734863,9.0,35.52000045776367,3437.99365234375,0.0,0.0,nan,0.0,0.0,0.0,0.0,50000.0,257.9771728515625,274.0577087402344,278.7967224121094,279.0759582519531,282.41278076171875,5727.330078125,3108.25390625,1531.6142578125,841.4183349609375,191.49264526367188,276.2127990722656,41.0,45.27372741699219,174.68995666503906,3271.86279296875,0.0,0.0,5747.08203125,3117.75439453125,1533.689453125,838.9136352539062,195.08203125,258.74810791015625,274.705078125,280.4857482910156,280.70989990234375,284.05694580078125,25.60474395751953,6.392502784729004,52.18672561645508,74.331787109375,,,,277.664306640625,,102373.0625,94893.921875,,6.250100135803223,32.0,,,88886.0,7392.0,256.0,0.0,0.0,,0.0,,51.0,,51.0,52.0,0.0,85.0,271.47998046875,264.32000732421875,58.0,0.0,5.599999904632568,5.599999904632568
2022-10-13T02:52,2022-10-13T03:00,24,train,0,2022,10,2,21,2022-10-12T06:00,21,2022-10-12T06:00,21,2022-10-12T06:00,24,2022-10-12T03:00,21,2022-10-12T06:00,24,2022-10-12T03:00,-999.0,0.0,1.0,100.0,100.0,9965.556640625,6055.2685546875,nan,47800.0,11750.4013671875,9.460999488830566,257.669677734375,275.1145324707031,281.7248229980469,283.792236328125,287.87615966796875,5717.62109375,3091.73486328125,1505.81884765625,142.02801513671875,278.5655822753906,73.30000305175781,207.502197265625,3507.181884765625,21300.0,0.0,0.0,6451.9365234375,0.0,100.0,100.0,0.0,24134.939453125,0.0,0.0,259.3782653808594,275.416259765625,281.78680419921875,286.0962829589844,287.7068176269531,5781.01708984375,3141.152587890625,1555.0123291015625,849.1160278320312,189.76431274414062,286.88531494140625,95.4000015258789,85.5999984741211,19.288414001464844,3677.60009765625,8429.3232421875,0.0,18.0,54.0,24100.0,258.20001220703125,276.29998779296875,280.5,282.6000061035156,286.79998779296875,5728.396484375,3094.627685546875,1506.6016845703125,809.8416748046875,154.10894775390625,279.57000732421875,81.30000305175781,80.0,343.8399963378906,3613.1201171875,0.0,0.0,6469.70654296875,0.0,63.0,91.0,0.0,22700.0,257.1051025390625,275.1620178222656,280.6116027832031,284.3025207519531,288.1981201171875,5717.298828125,3092.19287109375,1508.9644775390625,808.7237548828125,147.52976989746094,281.0953674316406,71.19253540039062,64.29751586914062,269.0789794921875,3430.0,0.0,0.0,5727.78125,3098.626220703125,1510.053955078125,808.6190185546875,153.970947265625,257.75933837890625,275.6734924316406,281.6083984375,284.7395324707031,288.919189453125,9.0115327835083,35.782371520996094,55.227783203125,68.0933609008789,,,,281.7325134277344,,101802.0625,94476.4140625,,9.192843437194824,62.0,,,30.0,32.0,384.0,19.0,19.0,,23.0,,39.0,,39.0,39.0,0.0,165.0,277.22998046875,272.7200012207031,73.0,0.0,11.600000381469727,12.600000381469727
2022-10-22T06:54,2022-10-22T07:00,1,holdout_baserate,0,2022,10,6,1,2022-10-22T06:00,1,2022-10-22T06:00,1,2022-10-22T06:00,1,2022-10-22T06:00,0,2022-10-22T06:00,1,2022-10-22T06:00,-999.0,0.0,0.0,0.0,0.0,nan,nan,nan,nan,nan,8.53367805480957,257.8637390136719,274.4042663574219,279.87469482421875,281.7208251953125,285.24114990234375,5712.375,3084.010498046875,1506.6832275390625,153.81820678710938,276.72637939453125,33.099998474121094,150.59071350097656,3406.8798828125,59400.0,0.0,0.0,20000.14453125,0.0,0.0,0.0,0.0,24134.7734375,0.0,0.0,257.0,272.3009033203125,284.5649108886719,288.9790344238281,288.2500305175781,5688.97265625,3079.87939453125,1495.964599609375,783.4413452148438,119.20275115966797,287.72406005859375,77.4000015258789,55.400001525878906,78.31092071533203,2933.43994140625,19999.90625,0.0,0.0,0.0,24100.0,257.6000061035156,274.5,280.8999938964844,280.79998779296875,285.0,5708.03662109375,3080.298828125,1499.3441162109375,805.98486328125,165.86331176757812,276.15997314453125,53.900001525878906,40.0,142.8800048828125,3296.800048828125,0.0,0.0,nan,0.0,11.0,0.0,0.0,34600.0,258.01727294921875,274.3052062988281,279.3702392578125,281.3282470703125,283.6341552734375,5710.8525390625,3080.58740234375,1504.5,809.8280639648438,156.37689208984375,275.9591064453125,53.60460662841797,43.33879852294922,148.0843048095703,3320.0,0.0,0.0,5713.44140625,3086.642578125,1508.125,814.445068359375,169.771728515625,257.66265869140625,274.09820556640625,279.1654968261719,280.8319091796875,284.8039855957031,13.197694778442383,31.98446273803711,47.09962463378906,61.67936706542969,,,,275.26300048828125,,102014.5625,94588.0625,,9.339485168457031,25.0,,,88888.0,5080.0,16274.0,0.0,0.0,,0.0,,4.0,,4.0,4.0,0.0,129.0,272.65997314453125,265.72998046875,60.0,0.0,10.800000190734863,12.100000381469727
2022-10-13T02:52,2022-10-13T03:00,48,train,0,2022,10,2,45,2022-10-11T06:00,45,2022-10-11T06:00,45,2022-10-11T06:00,48,2022-10-11T03:00,45,2022-10-11T06:00,45,2022-10-11T06:00,-999.0,0.0,0.0,0.0,100.0,10553.8017578125,88.41838836669922,nan,35000.0,12321.943359375,11.678054809570312,257.3360900878906,274.97235107421875,281.39703369140625,283.31072998046875,287.42041015625,5692.16015625,3070.069091796875,1486.474609375,124.988525390625,278.0945129394531,61.599998474121094,221.98776245117188,3422.459716796875,28800.0,0.0,0.0,6166.4853515625,0.20000000298023224,100.0,100.0,0.8999999761581421,24134.8125,0.0,0.0,258.3471374511719,274.61016845703125,281.46392822265625,285.6346435546875,287.474609375,5769.27783203125,3136.994140625,1553.923828125,849.1715698242188,190.30686950683594,287.12939453125,96.30000305175781,87.0999984741211,58.74006652832031,3473.280029296875,19999.875,4.0,19.0,18.0,100.0,258.20001220703125,276.29998779296875,279.20001220703125,282.3999938964844,286.6000061035156,5710.04443359375,3075.574951171875,1491.8216552734375,795.7094116210938,140.02557373046875,280.0,99.5999984741211,100.0,342.55999755859375,3682.719970703125,0.0,0.75,7271.2919921875,0.0,95.0,100.0,0.0,23300.0,257.209716796875,274.5977783203125,280.716064453125,283.1146545410156,287.0130615234375,5689.66796875,3066.12548828125,1487.6658935546875,788.8109741210938,129.64022827148438,280.15155029296875,70.15391540527344,62.85121154785156,259.08673095703125,3390.0,0.0,0.0,5728.76953125,3095.87939453125,1507.738037109375,806.52978515625,152.162109375,258.3414306640625,275.95843505859375,281.18048095703125,284.674560546875,288.89068603515625,6.515216827392578,37.72962951660156,56.5392951965332,68.31836700439453,,,,280.76251220703125,,101789.5625,94465.34375,,8.253031730651855,65.0,,,88888.0,880.0,9751.0,21.0,21.0,,22.0,,47.0,,47.0,47.0,0.0,149.0,276.6299743652344,272.41998291015625,74.0,0.0,10.399999618530273,11.300000190734863
2022-10-22T06:54,2022-10-22T07:00,24,holdout_baserate,0,2022,10,6,25,2022-10-21T06:00,25,2022-10-21T06:00,25,2022-10-21T06:00,22,2022-10-21T09:00,24,2022-10-21T06:00,24,2022-10-21T07:00,-999.0,0.0,0.0,6.0,0.0,nan,nan,nan,nan,nan,9.358356475830078,257.185302734375,273.2477722167969,279.68463134765625,281.87841796875,285.6135559082031,5702.5224609375,3085.30908203125,1512.097900390625,159.86801147460938,276.93609619140625,38.900001525878906,168.75965881347656,3215.679931640625,51900.0,0.0,0.0,19999.861328125,0.0,0.0,0.0,0.0,24135.013671875,0.0,0.0,256.8329162597656,272.3717346191406,284.43829345703125,289.4725646972656,287.90655517578125,5695.0556640625,3084.031494140625,1500.011962890625,787.1940307617188,122.85643768310547,287.4643859863281,79.5,49.70000076293945,118.48064422607422,2962.8798828125,20000.15234375,0.0,4.0,0.0,24100.0,257.79998779296875,273.70001220703125,280.8999938964844,278.79998779296875,283.0,5704.94287109375,3081.67822265625,1501.8499755859375,812.319580078125,170.43807983398438,275.2200012207031,71.0,63.0,179.9199981689453,3193.1201171875,0.0,0.0,nan,0.0,100.0,1.0,0.0,29900.0,257.68328857421875,273.124267578125,279.686279296875,281.0059509277344,283.76654052734375,5706.93017578125,3085.30810546875,1512.735107421875,817.39208984375,164.98141479492188,276.4078369140625,61.07415008544922,47.98565673828125,157.1699676513672,3100.0,0.0,0.0,5707.88671875,3083.565185546875,1505.064697265625,811.807861328125,166.710205078125,257.5184326171875,274.1802062988281,278.8194580078125,280.9807434082031,284.9244384765625,16.41992950439453,33.819122314453125,48.4370231628418,65.17832946777344,,,,274.637451171875,,101982.125,94558.40625,,9.897578239440918,18.0,,,88888.0,4856.0,201.0,10.0,11.0,,11.0,,52.0,,52.0,53.0,0.0,134.0,272.8700256347656,265.7599792480469,58.0,1.0,10.800000190734863,12.100000381469727
2022-10-22T06:54,2022-10-22T07:00,48,holdout_baserate,0,2022,10,6,43,2022-10-20T12:00,49,2022-10-20T06:00,49,2022-10-20T06:00,46,2022-10-20T09:00,48,2022-10-20T06:00,36,2022-10-20T19:00,-999.0,0.0,0.0,61.0,4.0,nan,7716.72216796875,nan,38000.0,nan,9.374324798583984,258.2324523925781,273.98004150390625,279.3927917480469,281.04095458984375,284.7748718261719,5699.0,3074.8447265625,1499.412109375,148.39895629882812,276.0527648925781,45.099998474121094,184.9624481201172,3435.0400390625,44700.0,0.0,0.0,19999.994140625,1.2000000476837158,0.0,0.0,0.0,24134.98828125,0.0,0.0,256.9052429199219,272.2377624511719,284.7052307128906,289.4907531738281,288.27392578125,5700.5185546875,3088.76953125,1504.6114501953125,791.2371826171875,127.40775299072266,287.957275390625,78.4000015258789,54.70000076293945,189.8386688232422,2945.60009765625,19999.890625,0.0,7.0,0.0,24100.0,258.70001220703125,274.70001220703125,279.29998779296875,280.1000061035156,284.29998779296875,5712.84521484375,3084.76904296875,1503.099609375,811.4580688476562,171.15386962890625,275.2900085449219,75.80000305175781,57.0,218.8000030517578,3278.239990234375,0.0,0.0,nan,0.0,0.0,0.0,0.0,33900.0,258.5313720703125,273.4539794921875,279.10968017578125,280.2784423828125,283.15899658203125,5701.49609375,3077.396728515625,1506.098876953125,812.2930297851562,160.2975616455078,276.0823669433594,57.026695251464844,44.412166595458984,197.90301513671875,3180.0,0.0,0.0,5701.8203125,3078.8330078125,1505.269775390625,811.9085083007812,166.9892578125,258.016845703125,274.0199279785156,278.1122741699219,281.05743408203125,284.8712158203125,12.790732383728027,47.48244857788086,48.54399871826172,66.73639678955078,,,,274.748779296875,,101979.1875,94564.296875,,9.157602310180664,25.0,,,88888.0,4960.0,201.0,22.0,22.0,,22.0,,35.0,,35.0,35.0,0.0,144.0,272.1099853515625,266.32000732421875,64.0,0.0,10.800000190734863,12.800000190734863
2022-11-01T18:49,2022-11-01T19:00,1,holdout_baserate,0,2022,11,18,1,2022-11-01T18:00,1,2022-11-01T18:00,1,2022-11-01T18:00,1,2022-11-01T18:00,0,2022-11-01T18:00,1,2022-11-01T18:00,-999.0,50.0,50.0,0.0,0.0,nan,1344.1739501953125,nan,86300.0,nan,1.7992346286773682,257.17578125,272.46929931640625,281.47283935546875,286.62762451171875,291.052001953125,5661.1259765625,3047.6318359375,1468.3592529296875,100.8531494140625,283.8533935546875,90.0,497.24981689453125,2933.919921875,14400.0,0.0,0.0,20000.201171875,0.0,0.0,42.400001525878906,0.0,24135.087890625,0.0,0.0,255.12815856933594,272.98529052734375,280.0591125488281,285.0679931640625,287.8755187988281,5737.27783203125,3133.11474609375,1563.5330810546875,862.2607421875,204.76284790039062,286.7677001953125,75.5,63.29999923706055,52.04227066040039,3089.760009765625,1343.757568359375,54.0,0.0,2.0,12900.0,257.6000061035156,272.6000061035156,282.29998779296875,286.79998779296875,291.0,5664.29443359375,3049.931884765625,1468.2310791015625,760.4671020507812,99.97501373291016,284.3900146484375,94.9000015258789,98.0,145.67999267578125,2954.39990234375,9.999999747378752e-05,0.125,1030.3214111328125,100.0,0.0,51.0,100.0,15000.0,256.9675598144531,272.32330322265625,281.2245178222656,286.2802734375,291.1066589355469,5666.8759765625,3055.28857421875,1476.851806640625,772.0760498046875,110.58516693115234,286.56829833984375,88.1749267578125,85.77143096923828,648.9554443359375,2890.0,0.0,0.0,5667.890625,3056.553955078125,1476.141845703125,770.4589233398438,110.918701171875,256.983154296875,272.6136169433594,281.77764892578125,286.5725402832031,291.11456298828125,74.35718536376953,91.82678985595703,78.50939178466797,69.8802261352539,,,,289.02679443359375,,101302.8125,94048.15625,,20.526142120361328,58.0,,,0.0,0.0,209.0,83.0,88.0,,95.0,,66.0,,66.0,66.0,23.0,447.0,278.92999267578125,278.9599914550781,100.0,1.0,6.400000095367432,7.599999904632568
2022-11-01T18:49,2022-11-01T19:00,24,holdout_baserate,0,2022,11,18,25,2022-10-31T18:00,25,2022-10-31T18:00,25,2022-10-31T18:00,22,2022-10-31T21:00,24,2022-10-31T18:00,24,2022-10-31T19:00,-999.0,100.0,100.0,8.0,0.0,1344.2457275390625,1344.207763671875,85200.0,86400.0,1585.543701171875,6.177136421203613,257.06903076171875,271.8482360839844,281.4295349121094,285.618408203125,290.0079345703125,5666.490234375,3059.47412109375,1481.4853515625,116.59342956542969,282.1476745605469,100.0,351.8546142578125,2969.1494140625,100.0,9.999999747378752e-05,0.07999999821186066,19999.875,7.699999809265137,0.0,0.4000000059604645,0.0,24134.890625,0.0,0.0,255.1499786376953,271.2746276855469,279.38641357421875,284.8583679199219,287.87908935546875,5727.3505859375,3129.26904296875,1562.618408203125,861.9859619140625,205.0069122314453,287.0045471191406,73.5,67.30000305175781,131.52369689941406,2606.56005859375,20000.109375,20.0,14.0,0.0,24100.0,256.70001220703125,274.20001220703125,280.8999938964844,286.29998779296875,290.6000061035156,5673.45263671875,3059.551513671875,1475.0135498046875,769.155517578125,107.74777221679688,284.70001220703125,83.80000305175781,90.0,485.20001220703125,3241.43994140625,0.0,0.1875,1080.888671875,62.0,0.0,68.0,62.0,14600.0,256.78753662109375,272.6087951660156,280.9499206542969,285.6728820800781,290.4100036621094,5661.849609375,3053.06689453125,1475.3250732421875,771.6212768554688,110.95852661132812,286.0911865234375,89.2322006225586,87.7748794555664,506.8746643066406,2990.0,0.0,0.0625,5667.2421875,3055.3486328125,1475.317138671875,770.6432495117188,111.535400390625,257.4818115234375,272.67840576171875,281.1656188964844,286.2477722167969,290.826904296875,81.81929779052734,93.64312744140625,75.55734252929688,66.3398666381836,,,,288.347412109375,,101323.4375,94058.578125,,20.954137802124023,74.0,,,30.0,32.0,201.0,84.0,85.0,,93.0,,46.0,,47.0,47.0,18.0,339.0,278.5899963378906,278.70001220703125,100.0,10.0,8.0,9.5
2022-11-11T21:49,2022-11-11T22:00,1,holdout_baserate,0,2022,11,21,1,2022-11-11T21:00,4,2022-11-11T18:00,4,2022-11-11T18:00,1,2022-11-11T21:00,3,2022-11-11T18:00,1,2022-11-11T21:00,-999.0,0.0,50.0,2.0,91.0,1585.632080078125,1392.2496337890625,52700.0,85900.0,nan,7.870084762573242,262.4631042480469,276.1409912109375,282.4355773925781,286.9339904785156,291.26287841796875,5728.45458984375,3071.05029296875,1476.4755859375,100.95923614501953,281.9889221191406,95.30000305175781,364.69622802734375,3624.56005859375,12200.0,0.0,0.0,20000.0859375,0.0,0.0,0.0,0.0,24135.03125,0.0,0.0,255.0535125732422,274.5571594238281,285.53973388671875,288.643310546875,287.1824645996094,5796.51123046875,3186.185302734375,1594.1451416015625,879.7276000976562,219.94259643554688,286.7064208984375,93.5999984741211,55.400001525878906,284.7259826660156,3398.39990234375,1232.5848388671875,55.0,100.0,97.0,8100.0,262.6000061035156,276.20001220703125,281.6000061035156,285.3999938964844,289.70001220703125,5728.28466796875,3070.975341796875,1473.54443359375,768.9757690429688,109.02738952636719,282.69000244140625,99.69999694824219,100.0,649.4400024414062,3560.9599609375,0.0005000000237487257,1.6875,2608.9765625,37.0,100.0,100.0,37.0,15900.0,262.32391357421875,274.9679260253906,282.31829833984375,286.4784240722656,291.0460205078125,5714.9111328125,3064.94921875,1472.229736328125,765.1598510742188,99.51577758789062,285.6295166015625,85.55532836914062,86.4983139038086,478.37396240234375,3350.0,2.9999999242136255e-05,0.0,5725.4453125,3073.7939453125,1476.80712890625,770.0376586914062,109.44189453125,262.23663330078125,277.130615234375,281.24053955078125,287.28717041015625,291.80035400390625,14.838293075561523,89.63837432861328,69.21556854248047,70.53976440429688,,,,287.0164794921875,,101283.9375,94027.1328125,,18.279727935791016,94.0,,,0.0,0.0,209.0,51.0,62.0,,77.0,,65.0,,65.0,65.0,1.0,319.0,279.17999267578125,278.46002197265625,96.0,16.0,13.600000381469727,15.0
2022-11-01T18:49,2022-11-01T19:00,48,holdout_baserate,0,2022,11,18,43,2022-10-31T00:00,49,2022-10-30T18:00,49,2022-10-30T18:00,46,2022-10-30T21:00,48,2022-10-30T18:00,36,2022-10-31T07:00,-999.0,0.0,2.0,0.0,100.0,nan,1344.1431884765625,nan,86500.0,nan,5.401315689086914,256.60040283203125,272.00970458984375,281.5368957519531,286.685791015625,291.17889404296875,5674.849609375,3067.978271484375,1490.187744140625,123.2926025390625,283.3419494628906,88.69999694824219,393.7344665527344,3017.760009765625,14600.0,0.0,0.0,19999.986328125,30.399999618530273,0.0,5.0,0.0,24134.748046875,0.0,0.0,254.13412475585938,270.9920349121094,278.9374084472656,284.04254150390625,287.33856201171875,5720.7841796875,3126.116455078125,1562.6441650390625,863.432861328125,208.0343475341797,286.29461669921875,71.0999984741211,72.0,137.9687042236328,2544.47998046875,20000.107421875,32.0,5.0,8.0,24100.0,256.5,272.8999938964844,281.1000061035156,285.3999938964844,289.70001220703125,5683.66162109375,3070.840576171875,1489.597900390625,785.3447875976562,127.78305053710938,283.20001220703125,97.5,100.0,145.36000061035156,3021.43994140625,0.0,0.375,907.4705810546875,93.0,0.0,78.0,93.0,12600.0,257.6153564453125,272.98577880859375,281.01806640625,285.28057861328125,289.9679260253906,5693.46240234375,3076.70947265625,1496.963134765625,793.0828857421875,131.27317810058594,285.5926208496094,94.1734619140625,92.93103790283203,483.8408508300781,3070.0,0.0,0.125,5686.09765625,3065.959716796875,1486.0087890625,780.9647827148438,122.127685546875,258.2196044921875,272.5417785644531,281.258056640625,286.0662841796875,290.67755126953125,73.322998046875,93.24433898925781,80.08866882324219,70.60198211669922,,,,288.4269714355469,,101452.125,94173.21875,,19.478666305541992,79.0,,,30.0,32.0,201.0,85.0,88.0,,95.0,,48.0,,48.0,48.0,15.0,340.0,278.9599914550781,278.9800109863281,100.0,6.0,7.599999904632568,8.899999618530273
2022-11-11T21:49,2022-11-11T22:00,24,holdout_baserate,0,2022,11,21,22,2022-11-11T00:00,22,2022-11-11T00:00,22,2022-11-11T00:00,25,2022-11-10T21:00,21,2022-11-11T00:00,24,2022-11-10T22:00,5979.39990234375,0.0,100.0,46.0,91.0,1344.2314453125,1344.164794921875,34600.0,86400.0,1584.6630859375,9.237167358398438,262.11395263671875,275.42291259765625,281.8966064453125,286.10809326171875,290.3558654785156,5722.1376953125,3068.670166015625,1475.716552734375,103.82151794433594,281.4825439453125,96.5,337.30352783203125,3469.360107421875,1400.0,0.0,0.05000000074505806,19999.88671875,0.0,0.0,0.0,0.0,24135.0625,0.0,0.0,255.17056274414062,273.92425537109375,285.12921142578125,288.2296447753906,287.3658447265625,5792.9794921875,3186.07080078125,1594.5826416015625,881.4208374023438,221.67193603515625,286.87646484375,95.5,56.900001525878906,307.5035400390625,3310.39990234375,1196.8321533203125,43.0,100.0,100.0,0.0,262.5,276.1000061035156,280.0,284.79998779296875,289.1000061035156,5723.9208984375,3068.83056640625,1469.0394287109375,766.5671997070312,108.3633804321289,282.1800231933594,99.80000305175781,100.0,483.1199951171875,3405.919921875,0.00039999998989515007,0.9375,2570.946533203125,100.0,100.0,95.0,20.0,15400.0,261.825927734375,274.5357666015625,281.5120849609375,285.74786376953125,290.01690673828125,5717.09765625,3066.05029296875,1474.87890625,770.46923828125,106.19878387451172,284.3822021484375,86.0053939819336,85.19288635253906,433.5956726074219,3450.0,4.999999873689376e-05,0.125,5730.6328125,3078.432373046875,1480.915771484375,774.6793823242188,115.130615234375,262.36865234375,277.7735595703125,281.36236572265625,286.70068359375,291.0689697265625,9.278114318847656,93.84246063232422,77.23915100097656,79.67845153808594,,,,286.3870849609375,,101357.9375,94087.3203125,,17.27757453918457,96.0,,,0.0,0.0,201.0,85.0,85.0,,86.0,,58.0,,58.0,58.0,1.0,345.0,278.739990234375,278.82000732421875,100.0,18.0,13.199999809265137,14.800000190734863
2022-11-11T21:49,2022-11-11T22:00,48,holdout_baserate,0,2022,11,21,46,2022-11-10T00:00,46,2022-11-10T00:00,46,2022-11-10T00:00,49,2022-11-09T21:00,45,2022-11-10T00:00,36,2022-11-10T10:00,-999.0,41.0,58.0,80.0,100.0,1585.2862548828125,1344.2066650390625,37000.0,86300.0,nan,7.4503889083862305,261.7879638671875,275.7597961425781,282.169921875,286.34686279296875,290.61639404296875,5719.5380859375,3062.161865234375,1471.9862060546875,98.38290405273438,281.7581787109375,96.69999694824219,335.3583679199219,3791.280029296875,12200.0,0.0,0.11999999731779099,19999.892578125,0.0,0.0,4.699999809265137,0.0,24134.904296875,0.0,0.0,254.53941345214844,273.69000244140625,285.260009765625,287.80780029296875,287.8934631347656,5789.23291015625,3181.874267578125,1589.712158203125,876.5642700195312,217.0697479248047,287.3783264160156,95.0999984741211,63.29999923706055,329.7352600097656,3261.1201171875,1196.83056640625,47.0,100.0,71.0,0.0,262.6000061035156,276.29998779296875,283.1000061035156,284.8999938964844,289.20001220703125,5734.140625,3071.07080078125,1472.24609375,768.4239501953125,114.83683013916016,282.0199890136719,99.69999694824219,100.0,346.32000732421875,3617.760009765625,0.00039999998989515007,0.5625,2230.837158203125,100.0,100.0,100.0,29.0,11100.0,261.7817077636719,274.8103332519531,281.88140869140625,285.6078186035156,289.78558349609375,5715.44873046875,3062.51123046875,1473.5423583984375,768.241455078125,104.6468505859375,284.7738037109375,90.0,92.05167388916016,425.0523376464844,3490.0,9.000000136438757e-05,0.5625,5727.4296875,3072.639404296875,1474.56591796875,769.2548217773438,110.9365234375,261.7505798339844,277.24993896484375,281.4786376953125,286.07379150390625,290.44805908203125,47.93690872192383,95.30418395996094,80.900146484375,80.9501724243164,,,,286.0986328125,,101297.125,94041.703125,,23.845176696777344,94.0,,,32.0,32.0,201.0,73.0,76.0,,81.0,,50.0,,50.0,50.0,0.0,270.0,278.6099853515625,278.2699890136719,99.0,30.0,12.800000190734863,14.0
2022-11-21T21:49,2022-11-21T22:00,1,holdout_baserate,0,2022,11,21,1,2022-11-21T21:00,4,2022-11-21T18:00,4,2022-11-21T18:00,1,2022-11-21T21:00,3,2022-11-21T18:00,1,2022-11-21T21:00,-999.0,0.0,0.0,67.0,0.0,nan,5213.79736328125,nan,51700.0,nan,10.412713050842285,247.9745330810547,260.777099609375,266.57220458984375,269.1347961425781,272.962646484375,5450.708984375,2932.692626953125,1433.6256103515625,142.37132263183594,263.6798095703125,62.900001525878906,314.3207092285156,0.0,27600.0,0.0,0.0,19999.919921875,5.0,0.0,0.0,0.0,24135.216796875,7.999999979801942e-06,0.4375,243.42140197753906,262.32806396484375,273.326904296875,278.7764587402344,282.7782897949219,5396.97607421875,2902.450927734375,1381.562255859375,696.2998046875,53.30884552001953,281.8270263671875,71.4000015258789,67.69999694824219,954.9652709960938,1402.56005859375,1195.76416015625,9.0,100.0,30.0,0.0,248.6999969482422,262.29998779296875,265.6000061035156,265.8999938964844,269.8999938964844,5450.01171875,2923.85498046875,1420.495361328125,766.0741577148438,147.00436401367188,263.44000244140625,98.30000305175781,100.0,1462.0799560546875,0.0,0.0,0.1875,5235.98828125,0.0,100.0,6.0,0.0,30500.0,248.31298828125,261.1793212890625,266.0544128417969,268.2838134765625,272.2630615234375,5450.32080078125,2929.486328125,1430.054443359375,769.2262573242188,144.55174255371094,266.63031005859375,60.489776611328125,53.22710418701172,367.2593994140625,0.0,0.0,0.0,5448.07421875,2929.2607421875,1430.854736328125,771.0419921875,154.504150390625,247.69210815429688,259.74774169921875,265.714599609375,267.94061279296875,272.11114501953125,59.272003173828125,57.83240509033203,58.50799560546875,55.88471221923828,,,,267.67852783203125,,101931.375,94150.0390625,,6.5886149406433105,59.0,,,670.0,672.0,16165.0,16.0,26.0,,48.0,,13.0,,13.0,13.0,0.0,335.0,261.17999267578125,257.52996826171875,74.0,0.0,17.200000762939453,18.100000381469727
2022-11-21T21:49,2022-11-21T22:00,24,holdout_baserate,0,2022,11,21,22,2022-11-21T00:00,22,2022-11-21T00:00,22,2022-11-21T00:00,25,2022-11-20T21:00,21,2022-11-21T00:00,24,2022-11-20T22:00,-999.0,0.0,0.0,10.0,0.0,4389.64306640625,4709.041015625,45500.0,55300.0,6999.3271484375,10.625404357910156,248.50265502929688,260.73016357421875,266.5321044921875,269.1973876953125,273.13995361328125,5442.35400390625,2930.779296875,1431.24658203125,139.7538299560547,263.58966064453125,57.70000076293945,319.471923828125,0.0,31600.0,0.0,0.0,829.4812622070312,5.099999904632568,93.5999984741211,0.0,1.600000023841858,24134.787109375,0.0,0.75,242.68211364746094,261.83905029296875,272.5423889160156,277.8377990722656,282.1070861816406,5396.88916015625,2912.637451171875,1391.8629150390625,709.5935668945312,68.28540802001953,281.311767578125,74.19999694824219,73.30000305175781,1013.3558349609375,1298.8800048828125,3989.329833984375,3.0,97.0,2.0,24100.0,248.89999389648438,262.5,267.20001220703125,266.79998779296875,270.79998779296875,5446.150390625,2921.987060546875,1417.013916015625,760.333740234375,140.97703552246094,264.1700134277344,72.80000305175781,73.0,1296.0,0.0,0.0,0.0,5059.23388671875,0.0,89.0,0.0,0.0,27002.6328125,248.19151306152344,260.55755615234375,266.13031005859375,267.9142150878906,271.7033996582031,5439.9375,2927.286865234375,1429.7989501953125,769.4085693359375,146.0203857421875,266.31048583984375,64.83821868896484,59.43043899536133,360.89776611328125,0.0,0.0,0.0,5446.88671875,2929.28515625,1432.609375,772.0709228515625,153.980224609375,247.4124755859375,260.17950439453125,265.3089599609375,268.64141845703125,272.8052062988281,63.40714645385742,57.939453125,55.66838836669922,55.166351318359375,,,,267.8691711425781,,101926.9375,94154.984375,,6.516439437866211,53.0,,,88888.0,3248.0,201.0,14.0,15.0,,20.0,,58.0,,58.0,58.0,0.0,372.0,261.6199951171875,257.6499938964844,72.0,1.0,17.600000381469727,19.299999237060547
2022-12-01T03:49,2022-12-01T04:00,1,holdout_baserate,0,2022,12,3,1,2022-12-01T03:00,4,2022-12-01T00:00,4,2022-12-01T00:00,1,2022-12-01T03:00,3,2022-12-01T00:00,1,2022-12-01T03:00,-999.0,100.0,100.0,0.0,0.0,1461.43701171875,1341.9923095703125,nan,84700.0,1567.3052978515625,15.082049369812012,250.06692504882812,264.0211181640625,268.15301513671875,273.06170654296875,277.1947021484375,5374.2197265625,2834.306640625,1323.454345703125,18.812362670898438,267.3909912109375,94.5,411.7142639160156,420.32000732421875,12200.0,0.0,0.10899999737739563,19999.9140625,0.0,0.0,0.0,0.0,24134.98828125,0.0,0.0,248.5864715576172,266.12176513671875,274.43377685546875,277.0775451660156,276.80584716796875,5557.412109375,3020.8115234375,1479.2138671875,796.1492309570312,160.42608642578125,276.2008056640625,90.5,69.19999694824219,64.65581512451172,1931.0400390625,1195.9996337890625,55.0,14.0,0.0,0.0,249.3000030517578,263.29998779296875,268.8999938964844,273.6000061035156,277.70001220703125,5367.162109375,2830.934326171875,1322.1226806640625,649.1693725585938,17.850000381469727,270.5400085449219,99.19999694824219,100.0,605.280029296875,780.1599731445312,0.003000000026077032,3.75,1064.9775390625,100.0,0.0,0.0,100.0,16000.0,249.99635314941406,263.2597961425781,267.7571105957031,273.62017822265625,277.99456787109375,5378.15185546875,2843.8857421875,1333.31298828125,662.43505859375,28.962921142578125,272.59649658203125,86.35314178466797,79.43562316894531,707.87841796875,680.0,0.0,0.0,5391.66015625,2844.262451171875,1321.31494140625,645.8177490234375,13.362060546875,250.14901733398438,265.7460632324219,269.93682861328125,274.9480895996094,279.090087890625,63.381229400634766,79.19485473632812,86.29549407958984,90.98262023925781,,,,274.4168701171875,,100179.0,92690.265625,,8.5076904296875,89.0,,,0.0,0.0,256.0,90.0,100.0,,100.0,,84.0,,89.0,89.0,17.0,602.0,266.20001220703125,265.80999755859375,95.0,30.0,19.200000762939453,20.5
2022-11-21T21:49,2022-11-21T22:00,48,holdout_baserate,0,2022,11,21,46,2022-11-20T00:00,46,2022-11-20T00:00,46,2022-11-20T00:00,49,2022-11-19T21:00,45,2022-11-20T00:00,36,2022-11-20T10:00,-999.0,0.0,0.0,16.0,1.0,4165.248046875,4250.2890625,37000.0,58700.0,7856.48583984375,9.996658325195312,247.9651641845703,261.67547607421875,267.1695861816406,270.06048583984375,273.9288635253906,5424.02197265625,2914.517822265625,1410.03759765625,114.04312896728516,264.14422607421875,66.30000305175781,332.2589111328125,0.0,25300.0,0.0,1.5299999713897705,1252.2828369140625,1.7000000476837158,91.0999984741211,0.0,0.0,24134.841796875,4.399999852466863e-06,0.1875,243.73886108398438,262.0561218261719,272.90447998046875,278.6094970703125,282.6287536621094,5404.32470703125,2907.492431640625,1386.846435546875,702.3687744140625,59.77718734741211,281.76861572265625,74.80000305175781,70.5,855.6851806640625,1359.3599853515625,6137.00537109375,41.0,100.0,6.0,24100.0,248.8000030517578,262.29998779296875,267.29998779296875,267.29998779296875,271.29998779296875,5420.24462890625,2900.99755859375,1394.7080078125,736.2400512695312,114.96331787109375,264.47998046875,71.30000305175781,72.0,1149.280029296875,0.0,0.0,0.0,5929.47412109375,0.0,22.0,17.0,0.0,26800.0,248.0880889892578,262.584716796875,266.76519775390625,269.53363037109375,273.3401794433594,5423.48681640625,2906.783447265625,1403.3343505859375,739.4232177734375,111.90547180175781,267.3468017578125,65.07400512695312,60.05717468261719,357.8489990234375,0.0,0.0,2.0,5436.26171875,2921.9931640625,1421.9833984375,760.5845947265625,141.525390625,247.8515625,260.3323974609375,265.9034423828125,269.0531005859375,273.2026062011719,61.14707946777344,54.832618713378906,53.80099868774414,53.70072555541992,,,,268.6685791015625,,101760.6875,94008.015625,,6.024297714233398,47.0,,,88888.0,2920.0,201.0,27.0,29.0,,38.0,,48.0,,48.0,48.0,0.0,398.0,261.7599792480469,257.5,70.0,1.0,16.799999237060547,18.5
2022-12-01T03:49,2022-12-01T04:00,48,holdout_baserate,0,2022,12,3,46,2022-11-29T06:00,46,2022-11-29T06:00,46,2022-11-29T06:00,49,2022-11-29T03:00,45,2022-11-29T06:00,36,2022-11-29T16:00,-999.0,100.0,100.0,84.0,0.0,1341.9627685546875,1341.8172607421875,39500.0,84800.0,7003.2158203125,15.086631774902344,250.48355102539062,263.20025634765625,266.4916076660156,271.2465515136719,275.3842468261719,5376.0751953125,2836.34228515625,1334.59912109375,35.93681335449219,266.11566162109375,93.4000015258789,438.36053466796875,227.1199951171875,100.0,0.00019999999494757503,51.90999984741211,19999.853515625,0.0,0.10000000149011612,5.0,0.0,24135.14453125,0.0,0.0,251.26449584960938,267.68243408203125,275.42535400390625,277.77105712890625,277.3612060546875,5587.3427734375,3034.530517578125,1487.827880859375,802.6080932617188,165.38143920898438,276.6318054199219,89.9000015258789,64.0,38.59075164794922,2042.56005859375,19999.984375,49.0,0.0,0.0,0.0,249.8000030517578,260.70001220703125,266.70001220703125,271.5,275.6000061035156,5337.87939453125,2828.306640625,1330.4664306640625,662.9027099609375,34.270999908447266,268.69000244140625,98.80000305175781,100.0,661.6799926757812,494.8800048828125,0.002199999988079071,4.1875,1006.7523193359375,100.0,38.0,0.0,100.0,3000.0,249.85614013671875,263.56707763671875,266.590087890625,272.1055603027344,276.4444580078125,5384.58837890625,2850.21826171875,1348.00146484375,680.6904296875,49.53578186035156,271.26092529296875,91.04969787597656,86.00885009765625,760.51953125,470.0,9.999999747378752e-05,27.75,5386.6171875,2851.203369140625,1337.092529296875,664.7149658203125,34.96240234375,249.38450622558594,262.661376953125,268.8151550292969,273.68804931640625,277.85906982421875,15.407940864562988,77.02986907958984,85.55290222167969,90.2329330444336,,,,273.66986083984375,,100421.8125,92894.734375,,5.384342193603516,79.0,,,30.0,32.0,0.0,66.0,67.0,,69.0,,75.0,,75.0,77.0,15.0,553.0,265.5199890136719,264.3800048828125,93.0,30.0,18.0,20.100000381469727
2022-12-10T21:53,2022-12-10T22:00,1,holdout_baserate,0,2022,12,21,1,2022-12-10T21:00,4,2022-12-10T18:00,4,2022-12-10T18:00,1,2022-12-10T21:00,3,2022-12-10T18:00,1,2022-12-10T21:00,-999.0,0.0,0.0,0.0,0.0,nan,nan,nan,nan,nan,1.5469681024551392,248.37908935546875,266.53887939453125,268.27996826171875,268.63348388671875,272.553466796875,5591.6044921875,3057.807373046875,1529.69091796875,233.06346130371094,263.933349609375,37.0,97.23091888427734,0.0,53900.0,0.0,0.0,20000.048828125,5.0,0.0,4.800000190734863,6.300000190734863,24135.353515625,0.0,0.0,247.6512451171875,261.1040954589844,269.28173828125,271.07891845703125,273.2822570800781,5412.99951171875,2917.906982421875,1408.2515869140625,738.5038452148438,115.91492462158203,272.7259826660156,85.30000305175781,63.900001525878906,10.43464469909668,68.31999969482422,20000.150390625,8.0,0.0,0.0,24100.0,248.39999389648438,266.70001220703125,266.70001220703125,268.29998779296875,272.29998779296875,5594.30126953125,3059.527099609375,1530.097412109375,870.0098266601562,253.5604248046875,265.57000732421875,81.5999984741211,88.0,67.5999984741211,15.199999809265137,0.0,0.0,nan,0.0,0.0,0.0,0.0,44400.0,248.23434448242188,266.418212890625,268.67431640625,267.69482421875,271.4649658203125,5589.162109375,3057.19189453125,1527.57861328125,864.1036376953125,238.93215942382812,266.823486328125,45.7764778137207,39.90166473388672,166.2786102294922,0.0,0.0,0.0,5595.4453125,3060.0458984375,1526.949951171875,863.618408203125,247.23779296875,248.33782958984375,266.65277099609375,269.4112854003906,267.782470703125,272.1622314453125,5.928136825561523,32.595497131347656,52.98677444458008,45.15978240966797,,,,268.4791259765625,,103143.75,95292.6484375,,2.540679931640625,8.0,,,88888.0,2792.0,16209.0,0.0,0.0,,0.0,,7.0,,7.0,7.0,0.0,122.0,261.1000061035156,255.4199981689453,62.0,0.0,8.800000190734863,8.5
2022-12-01T03:49,2022-12-01T04:00,24,holdout_baserate,0,2022,12,3,22,2022-11-30T06:00,22,2022-11-30T06:00,22,2022-11-30T06:00,25,2022-11-30T03:00,21,2022-11-30T06:00,24,2022-11-30T04:00,-999.0,100.0,100.0,0.0,0.0,1341.97998046875,1341.864990234375,80800.0,84600.0,1867.6788330078125,13.635437965393066,250.63995361328125,263.4847717285156,267.20721435546875,272.2448425292969,276.3660888671875,5358.888671875,2819.83203125,1315.025634765625,12.79644775390625,266.8043212890625,94.0,428.3914489746094,336.8800048828125,100.0,0.0,51.900001525878906,19999.849609375,0.0,0.0,0.0,0.0,24135.173828125,0.0,0.0,248.83033752441406,266.6730651855469,275.0377197265625,277.2886962890625,276.8882751464844,5565.712890625,3026.40771484375,1482.642333984375,798.53759765625,162.5938720703125,276.2686462402344,92.0999984741211,67.30000305175781,56.18913269042969,1986.4000244140625,1196.0594482421875,65.0,0.0,0.0,0.0,250.0,263.5,268.79998779296875,273.3999938964844,277.5,5361.7802734375,2823.927490234375,1313.3944091796875,640.8753051757812,8.223640441894531,271.2900085449219,99.0,100.0,664.8800048828125,894.8800048828125,0.0024999999441206455,5.0625,985.3638916015625,100.0,0.0,0.0,100.0,5500.0,249.30194091796875,260.7944641113281,267.4914245605469,272.9377136230469,277.240234375,5350.94873046875,2829.519775390625,1332.3411865234375,662.7984619140625,32.282806396484375,272.33807373046875,93.02171325683594,89.14019012451172,634.846435546875,630.0,0.00019999999494757503,27.625,5396.4921875,2849.52099609375,1323.345458984375,647.0484008789062,13.994384765625,249.9752960205078,265.3505859375,270.46649169921875,275.15228271484375,279.304931640625,58.153079986572266,85.56901550292969,91.53076934814453,93.51445770263672,,,,275.3114013671875,,100160.875,92689.3515625,,8.28242301940918,84.0,,,0.0,0.0,201.0,89.0,90.0,,90.0,,69.0,,71.0,74.0,13.0,613.0,266.1399841308594,264.6399841308594,90.0,30.0,19.200000762939453,19.799999237060547
2022-12-10T21:53,2022-12-10T22:00,24,holdout_baserate,0,2022,12,21,22,2022-12-10T00:00,22,2022-12-10T00:00,22,2022-12-10T00:00,25,2022-12-09T21:00,21,2022-12-10T00:00,24,2022-12-09T22:00,-999.0,0.0,0.0,0.0,3.0,nan,nan,nan,nan,nan,1.5541660785675049,247.93060302734375,265.573486328125,265.9097900390625,267.3817443847656,271.28369140625,5579.5927734375,3050.89794921875,1533.113525390625,243.08343505859375,262.26336669921875,56.900001525878906,103.22791290283203,0.0,22100.0,0.0,0.0,19999.876953125,0.0,0.0,100.0,0.30000001192092896,24134.90234375,0.0,0.0,247.0438995361328,260.25140380859375,268.0736083984375,270.9920959472656,273.7712707519531,5406.3583984375,2916.3515625,1411.2149658203125,743.7363891601562,119.99027252197266,273.0918884277344,74.19999694824219,66.5,9.944273948669434,124.63999938964844,20000.041015625,0.0,0.0,0.0,24100.0,248.1999969482422,266.3999938964844,267.70001220703125,268.5,272.5,5589.67822265625,3055.053955078125,1528.1495361328125,867.8946533203125,252.89602661132812,265.5199890136719,25.899999618530273,24.0,209.9199981689453,7.840000152587891,0.0,0.0,nan,4.0,0.0,0.0,0.0,19900.0,248.1682586669922,265.624267578125,266.14361572265625,267.03607177734375,270.68682861328125,5583.32177734375,3052.642578125,1534.5863037109375,874.3991088867188,251.08944702148438,266.7179870605469,76.39602661132812,76.5662612915039,98.74873352050781,0.0,0.0,0.0,5593.26953125,3060.412353515625,1528.41748046875,865.4818725585938,248.501220703125,248.0989532470703,266.41497802734375,269.11474609375,267.96771240234375,272.41290283203125,6.515524864196777,12.648054122924805,38.91256332397461,35.35749435424805,,,,268.6337585449219,,103149.6875,95319.9375,,2.013674736022949,9.0,,,88886.0,6240.0,384.0,0.0,0.0,,0.0,,38.0,,38.0,38.0,0.0,134.0,261.3699951171875,251.70999145507812,43.0,0.0,9.600000381469727,9.699999809265137
2022-12-20T15:52,2022-12-20T16:00,1,holdout_baserate,0,2022,12,15,1,2022-12-20T15:00,4,2022-12-20T12:00,4,2022-12-20T12:00,1,2022-12-20T15:00,3,2022-12-20T12:00,1,2022-12-20T15:00,-999.0,0.0,5.0,0.0,0.0,nan,1341.2928466796875,nan,86600.0,nan,8.748676300048828,244.47381591796875,259.99029541015625,264.52880859375,267.2633972167969,271.38140869140625,5469.5673828125,2977.94775390625,1485.079833984375,201.27487182617188,264.5313720703125,86.9000015258789,315.8641357421875,0.0,15300.0,0.0,0.0,2028.3026123046875,100.0,100.0,100.0,5.400000095367432,17566.697265625,0.00011680000170599669,1.875,255.83050537109375,271.0140686035156,279.7960510253906,284.89581298828125,284.445556640625,5661.58447265625,3060.83642578125,1493.6009521484375,792.0626831054688,138.827880859375,284.30377197265625,91.30000305175781,68.0999984741211,236.89154052734375,2521.1201171875,19999.98828125,36.0,0.0,0.0,24100.0,244.6999969482422,259.20001220703125,266.5,264.8999938964844,268.8999938964844,5478.03515625,2987.0546875,1488.067626953125,834.497314453125,215.18582153320312,263.8699951171875,85.5999984741211,92.0,207.1199951171875,0.0,0.0,0.25,793.8099365234375,100.0,0.0,0.0,100.0,2100.0,244.52993774414062,259.6886291503906,264.93182373046875,266.11090087890625,270.6748046875,5474.48193359375,2983.515380859375,1489.72900390625,833.3353881835938,212.72073364257812,266.947509765625,92.70055389404297,91.32032012939453,432.5816955566406,0.0,1.9999999494757503e-05,0.0625,5475.08203125,2984.282958984375,1491.59912109375,834.5947265625,223.87255859375,244.20912170410156,259.5491638183594,265.0463562011719,265.3475341796875,269.477783203125,46.965824127197266,81.03909301757812,96.15501403808594,84.78900909423828,,,,267.0555419921875,,102922.875,94996.453125,,5.081508159637451,51.0,,,88888.0,184.0,256.0,52.0,54.0,,56.0,,62.0,,62.0,62.0,0.0,277.0,261.0899963378906,260.3599853515625,97.0,2.0,12.399999618530273,13.699999809265137
2022-12-10T21:53,2022-12-10T22:00,48,holdout_baserate,0,2022,12,21,46,2022-12-09T00:00,46,2022-12-09T00:00,46,2022-12-09T00:00,49,2022-12-08T21:00,45,2022-12-09T00:00,36,2022-12-09T10:00,-999.0,0.0,0.0,0.0,0.0,nan,nan,nan,nan,nan,2.6251931190490723,246.89743041992188,264.0323486328125,267.69989013671875,267.28448486328125,271.026611328125,5568.9892578125,3055.810791015625,1538.68359375,250.32269287109375,262.6304931640625,23.5,42.61028289794922,0.0,74900.0,0.0,0.0,19999.71484375,0.0,0.0,0.0,0.0,24134.880859375,0.0,0.0,246.1175537109375,259.9664001464844,267.83953857421875,271.62225341796875,273.75225830078125,5401.1669921875,2914.903564453125,1411.5518798828125,743.720458984375,118.94941711425781,272.910400390625,74.19999694824219,54.29999923706055,9.913216590881348,97.12000274658203,19999.984375,0.0,0.0,0.0,24100.0,247.5,266.0,267.5,270.0,274.0,5578.03759765625,3052.767578125,1526.1290283203125,863.4044189453125,251.31967163085938,267.57000732421875,6.199999809265137,3.0,328.239990234375,322.239990234375,0.0,0.0,nan,0.0,0.0,55.0,0.0,53200.0,246.70541381835938,264.0767517089844,268.1417541503906,265.67486572265625,269.30841064453125,5569.6611328125,3056.73779296875,1537.714599609375,877.7139892578125,258.2158203125,264.9850158691406,38.0,29.14394760131836,140.8486328125,0.0,0.0,0.0,5592.80078125,3061.846923828125,1532.872314453125,872.3114624023438,254.513427734375,248.10865783691406,266.1460266113281,266.58258056640625,268.2829895019531,272.7557373046875,4.708724021911621,36.58846664428711,74.55355072021484,59.9227409362793,,,,270.1626281738281,,103237.8125,95400.421875,,3.027798652648926,23.0,,,88886.0,6368.0,457.0,11.0,11.0,,11.0,,38.0,,38.0,38.0,0.0,124.0,261.8299865722656,251.489990234375,43.0,0.0,10.800000190734863,10.899999618530273
2022-12-29T08:49,2022-12-29T09:00,1,train,0,2022,12,8,1,2022-12-29T08:00,3,2022-12-29T06:00,3,2022-12-29T06:00,1,2022-12-29T08:00,3,2022-12-29T06:00,1,2022-12-29T08:00,-999.0,0.0,0.0,100.0,22.0,nan,7276.09130859375,nan,40200.0,nan,7.965073585510254,256.3867492675781,271.30694580078125,275.8072204589844,277.29559326171875,280.3994140625,5667.015625,3061.049560546875,1504.63623046875,172.82479858398438,273.08905029296875,49.29999923706055,154.31088256835938,1300.239990234375,39400.0,0.0,0.0,1367.14794921875,99.0,100.0,79.0,0.5,22315.666015625,5.360000068321824e-05,0.5,251.95147705078125,267.861083984375,277.48272705078125,282.6309509277344,283.6382141113281,5612.1435546875,3045.4140625,1492.23876953125,796.4364624023438,146.45103454589844,283.67095947265625,81.0999984741211,83.9000015258789,145.1373291015625,2181.760009765625,6375.447265625,4.0,66.0,76.0,24100.0,255.6999969482422,271.79998779296875,276.0,278.3999938964844,282.6000061035156,5665.396484375,3057.544189453125,1498.853759765625,813.1494750976562,195.05528259277344,274.7200012207031,62.79999923706055,60.0,69.76000213623047,2575.679931640625,0.0,0.0,5803.09130859375,0.0,100.0,100.0,0.0,24300.0,255.43026733398438,270.610595703125,275.529296875,274.8827819824219,276.9955749511719,5649.4892578125,3051.55419921875,1496.5361328125,814.7330322265625,175.01797485351562,270.93341064453125,56.155738830566406,63.513916015625,99.2926254272461,420.0,0.0,0.0,5662.0625,3058.846435546875,1500.965087890625,820.4324951171875,194.274169921875,255.56832885742188,271.0657958984375,275.45220947265625,273.6292724609375,276.3879699707031,34.83906555175781,28.57109832763672,58.30203628540039,75.70464324951172,,,,269.41046142578125,,102393.375,94733.671875,,9.37700366973877,98.0,,,88888.0,4760.0,16274.0,8.0,8.0,,10.0,,11.0,,11.0,11.0,0.0,103.0,268.260009765625,262.5199890136719,63.0,0.0,12.0,12.100000381469727
2022-12-20T15:52,2022-12-20T16:00,24,holdout_baserate,0,2022,12,15,22,2022-12-19T18:00,22,2022-12-19T18:00,22,2022-12-19T18:00,25,2022-12-19T15:00,21,2022-12-19T18:00,24,2022-12-19T16:00,-999.0,0.0,100.0,0.0,0.0,nan,1341.1607666015625,nan,86600.0,nan,7.447243690490723,244.59271240234375,258.3519287109375,263.4784851074219,266.248779296875,270.24920654296875,5444.62060546875,2963.8984375,1478.2569580078125,198.82850646972656,263.466552734375,92.19999694824219,314.2481384277344,0.0,12200.0,0.0,0.25,1903.8212890625,100.0,100.0,100.0,3.200000047683716,11149.9736328125,0.0003032000095117837,1.9375,256.52978515625,270.8272399902344,279.3909912109375,283.05889892578125,284.0442810058594,5655.43359375,3052.556396484375,1484.98974609375,786.0545043945312,135.7076873779297,283.9286804199219,92.0,80.80000305175781,398.2840270996094,2468.639892578125,20000.1640625,39.0,0.0,0.0,0.0,244.89999389648438,258.70001220703125,266.3999938964844,264.6000061035156,268.5,5468.953125,2980.79443359375,1485.89599609375,831.7009887695312,212.61972045898438,262.95001220703125,97.0999984741211,100.0,284.4800109863281,0.0,0.0,0.0625,793.7841186523438,100.0,0.0,0.0,100.0,200.0,244.20480346679688,258.3008728027344,264.2633972167969,266.12811279296875,270.2990417480469,5450.00048828125,2968.169677734375,1480.416015625,823.58154296875,203.52163696289062,266.1541442871094,93.77667236328125,95.9019775390625,420.9404602050781,0.0,0.0,0.875,5472.74609375,2978.84130859375,1486.85498046875,829.114013671875,216.927001953125,244.41397094726562,260.66314697265625,264.8441467285156,265.96990966796875,270.0648498535156,40.30569076538086,78.36546325683594,95.74229431152344,86.17667388916016,,,,267.6631164550781,,102817.125,94913.2890625,,5.15995454788208,66.0,,,30.0,32.0,201.0,27.0,27.0,,31.0,,48.0,,49.0,52.0,0.0,290.0,261.3599853515625,260.7300109863281,97.0,1.0,12.800000190734863,14.100000381469727
2022-12-20T15:52,2022-12-20T16:00,48,holdout_baserate,0,2022,12,15,46,2022-12-18T18:00,46,2022-12-18T18:00,46,2022-12-18T18:00,49,2022-12-18T15:00,45,2022-12-18T18:00,36,2022-12-19T04:00,-999.0,0.0,30.0,1.0,0.0,nan,1341.36279296875,nan,86700.0,nan,7.8814616203308105,243.2638702392578,259.06268310546875,264.80859375,267.30224609375,271.38055419921875,5456.34375,2980.675537109375,1487.388671875,204.40216064453125,264.92059326171875,93.69999694824219,334.6412353515625,40.400001525878906,12500.0,0.0,1.0499999523162842,1882.43017578125,100.0,100.0,100.0,3.0999999046325684,24135.015625,5.599999894911889e-06,0.3125,255.75531005859375,270.66278076171875,279.78619384765625,284.4826354980469,284.3419189453125,5648.25927734375,3048.1953125,1481.3585205078125,780.5770874023438,127.96137237548828,284.0776672363281,75.0999984741211,68.80000305175781,243.48617553710938,2505.43994140625,19999.890625,32.0,0.0,0.0,24100.0,244.89999389648438,260.3999938964844,263.3999938964844,266.8999938964844,270.8999938964844,5491.3447265625,2999.424072265625,1501.874755859375,845.4750366210938,227.36065673828125,265.7200012207031,88.4000015258789,92.0,409.6000061035156,38.560001373291016,0.0,0.0,805.279296875,100.0,0.0,0.0,100.0,3213.275634765625,243.36746215820312,258.776123046875,264.49383544921875,265.73614501953125,269.93682861328125,5455.6328125,2976.719970703125,1485.0118408203125,828.16162109375,208.31114196777344,265.76409912109375,93.87212371826172,95.83602142333984,393.5796203613281,0.0,0.0,0.75,5465.81640625,2972.821533203125,1481.633056640625,823.928955078125,213.32421875,244.54563903808594,260.2225341796875,264.52001953125,265.543701171875,269.40032958984375,43.200801849365234,84.86614227294922,94.24906921386719,84.79476165771484,,,,266.76788330078125,,102781.25,94868.890625,,5.280396938323975,66.0,,,30.0,32.0,201.0,32.0,32.0,,34.0,,47.0,,48.0,51.0,0.0,283.0,261.80999755859375,261.17999267578125,96.0,1.0,12.399999618530273,13.699999809265137
2022-12-29T08:49,2022-12-29T09:00,24,train,0,2022,12,8,21,2022-12-28T12:00,21,2022-12-28T12:00,21,2022-12-28T12:00,24,2022-12-28T09:00,21,2022-12-28T12:00,24,2022-12-28T09:00,-999.0,0.0,0.0,0.0,100.0,7959.802734375,7929.3740234375,26800.0,36600.0,12614.57421875,7.943095684051514,256.047119140625,270.8299560546875,275.10736083984375,276.2263488769531,279.4505615234375,5652.45703125,3053.773681640625,1499.319091796875,171.0484619140625,272.84906005859375,50.70000076293945,151.13824462890625,1266.800048828125,38000.0,0.0,1.25,1573.5718994140625,100.0,100.0,95.30000305175781,0.0,24135.330078125,0.0,0.0,252.22927856445312,267.5165100097656,276.3673400878906,282.2627258300781,283.7608337402344,5608.1318359375,3045.629638671875,1495.3643798828125,801.6495361328125,151.4876251220703,283.69207763671875,79.5999984741211,74.30000305175781,377.6849365234375,2104.639892578125,7807.8154296875,1.0,48.0,74.0,24100.0,257.1000061035156,270.6000061035156,276.0,277.79998779296875,282.0,5660.11181640625,3051.4013671875,1493.5118408203125,809.869873046875,191.171630859375,274.4800109863281,31.899999618530273,30.0,141.1199951171875,2459.360107421875,0.0,0.0,7500.35986328125,0.0,94.0,100.0,0.0,26300.0,256.28009033203125,270.638916015625,276.04766845703125,274.709228515625,277.24420166015625,5653.3349609375,3054.25830078125,1495.2608642578125,813.1115112304688,172.66429138183594,270.5486145019531,58.65066909790039,57.02801513671875,109.79161071777344,360.0,0.0,1.0,5663.07421875,3058.133056640625,1500.2578125,821.04248046875,194.783447265625,256.08099365234375,271.4920959472656,274.70452880859375,273.58148193359375,276.350341796875,34.252044677734375,32.59603500366211,59.47124481201172,74.98081970214844,,,,268.84637451171875,,102405.25,94740.8125,,9.325582504272461,94.0,,,30.0,32.0,256.0,18.0,19.0,,21.0,,70.0,,70.0,71.0,0.0,114.0,267.92999267578125,262.010009765625,63.0,1.0,12.399999618530273,12.5
2022-12-29T08:49,2022-12-29T09:00,48,train,0,2022,12,8,45,2022-12-27T12:00,45,2022-12-27T12:00,45,2022-12-27T12:00,48,2022-12-27T09:00,45,2022-12-27T12:00,45,2022-12-27T12:00,-999.0,0.0,0.0,100.0,100.0,7669.853515625,7411.38623046875,34600.0,39300.0,10159.1826171875,10.042162895202637,255.76873779296875,271.38372802734375,275.3949279785156,276.65155029296875,279.9966125488281,5649.3486328125,3045.81591796875,1486.85009765625,156.00665283203125,272.04119873046875,48.70000076293945,160.27734375,1139.6800537109375,40000.0,0.0,1.909999966621399,3645.911865234375,82.80000305175781,99.0999984741211,100.0,1.7999999523162842,24135.095703125,0.0,0.0,251.38784790039062,267.0856018066406,276.934814453125,282.134521484375,283.79302978515625,5604.18212890625,3045.115966796875,1493.2904052734375,799.09326171875,149.66693115234375,283.7784729003906,71.0,75.0999984741211,176.75718688964844,2218.080078125,5160.50732421875,0.0,99.0,21.0,24100.0,256.70001220703125,271.6000061035156,277.20001220703125,278.79998779296875,282.8999938964844,5658.16455078125,3045.1826171875,1481.45849609375,794.9352416992188,172.27801513671875,275.1700134277344,36.599998474121094,32.0,296.6400146484375,2810.080078125,0.0,0.0,8938.19140625,0.0,38.0,79.0,0.0,21300.0,255.9607391357422,271.5508117675781,275.9758605957031,273.62188720703125,275.9642333984375,5649.830078125,3045.3837890625,1484.7940673828125,803.962890625,164.03793334960938,269.11004638671875,65.71211242675781,64.40728759765625,134.89724731445312,150.0,0.0,3.875,5657.51953125,3053.424072265625,1491.729736328125,812.3909301757812,187.07763671875,255.8527374267578,271.5091552734375,275.2698974609375,273.18475341796875,276.0731506347656,43.16817855834961,37.35247802734375,59.3380126953125,73.93360900878906,,,,268.6611328125,,102308.3125,94635.296875,,10.73923397064209,73.0,,,176.0,176.0,9088.0,54.0,54.0,,56.0,,46.0,,46.0,46.0,0.0,119.0,264.239990234375,260.96002197265625,76.0,0.0,12.399999618530273,12.399999618530273
2023-01-07T17:53,2023-01-07T18:00,1,train,0,2023,1,17,1,2023-01-07T17:00,6,2023-01-07T12:00,6,2023-01-07T12:00,1,2023-01-07T17:00,0,2023-01-07T18:00,1,2023-01-07T17:00,-999.0,0.0,1.0,0.0,0.0,nan,1341.404541015625,nan,85800.0,nan,8.678762435913086,244.75772094726562,260.26226806640625,265.7574157714844,269.1763916015625,273.3208312988281,5400.033203125,2914.97021484375,1414.2999267578125,124.06428527832031,266.0137939453125,87.0,297.86199951171875,214.24000549316406,15700.0,0.0,0.0010000000474974513,1674.10791015625,100.0,100.0,100.0,0.0,24135.123046875,4.160000025876798e-05,0.0,253.00523376464844,269.7034606933594,277.0986633300781,282.0663146972656,283.8230285644531,5598.32421875,3017.896240234375,1462.2982177734375,767.8648071289062,117.92265319824219,283.50079345703125,58.400001525878906,59.099998474121094,161.7429656982422,2173.280029296875,20000.015625,35.0,3.0,0.0,0.0,244.5,261.0,268.3999938964844,267.20001220703125,271.20001220703125,5406.6435546875,2921.301513671875,1410.72998046875,753.2112426757812,129.66551208496094,265.4200134277344,96.0,100.0,364.8800048828125,0.0,0.0003000000142492354,3.1875,793.9287109375,100.0,53.0,19.0,100.0,2400.0,244.13035583496094,260.00640869140625,264.993896484375,267.8096008300781,272.3758544921875,5395.67236328125,2916.572265625,1414.1630859375,755.7968139648438,131.1062469482422,267.8893737792969,94.73982238769531,95.73041534423828,424.33514404296875,0.0,9.999999747378752e-06,0.0,5402.85546875,2919.291259765625,1413.273193359375,754.2501220703125,135.00341796875,244.16172790527344,260.2442626953125,264.943115234375,268.8132629394531,273.16094970703125,83.42179870605469,85.66790771484375,76.17817687988281,65.95296478271484,,,,270.78521728515625,,101696.75,93961.375,,6.937158584594727,67.0,,,0.0,0.0,209.0,78.0,83.0,,89.0,,64.0,,68.0,68.0,1.0,334.0,262.3399963378906,261.95001220703125,96.0,2.0,12.800000190734863,13.699999809265137
2023-01-07T17:53,2023-01-07T18:00,24,train,0,2023,1,17,24,2023-01-06T18:00,24,2023-01-06T18:00,24,2023-01-06T18:00,21,2023-01-06T21:00,24,2023-01-06T18:00,24,2023-01-06T18:00,-999.0,0.0,1.0,8.0,1.0,6231.56787109375,1341.189697265625,nan,85800.0,6855.9697265625,10.959936141967773,243.897216796875,260.7425537109375,264.52099609375,267.77166748046875,271.9328308105469,5396.345703125,2912.98291015625,1413.3145751953125,127.93412780761719,265.4488220214844,75.19999694824219,285.4869079589844,120.80000305175781,21300.0,0.0,1.5099999904632568,1593.3475341796875,100.0,88.19999694824219,100.0,0.0,24134.9609375,0.0,0.0,252.69068908691406,269.5813293457031,276.62774658203125,282.347900390625,283.6129150390625,5600.919921875,3022.07861328125,1467.1121826171875,772.8619995117188,124.08031463623047,283.3279724121094,59.70000076293945,57.5,162.1073455810547,2149.760009765625,19999.947265625,41.0,2.0,0.0,0.0,245.10000610351562,260.70001220703125,266.3999938964844,266.70001220703125,270.70001220703125,5404.3466796875,2914.1884765625,1408.0771484375,752.1484985351562,129.76808166503906,264.9700012207031,96.19999694824219,100.0,242.9600067138672,0.0,0.0003000000142492354,2.25,851.6110229492188,100.0,100.0,97.0,100.0,6500.0,243.70501708984375,260.6912841796875,262.7131042480469,266.48663330078125,271.0308837890625,5382.3759765625,2903.354736328125,1404.307861328125,750.0029296875,126.81680297851562,266.6742248535156,93.0,93.97625732421875,472.7770690917969,0.0,0.0,1.5,5399.52734375,2910.174072265625,1405.70751953125,748.4000244140625,130.136962890625,244.30718994140625,261.00634765625,263.3411865234375,268.411865234375,272.7587585449219,71.10362243652344,90.71595764160156,74.08358764648438,63.74296951293945,,,,270.11102294921875,,101647.0,93888.625,,6.353046417236328,85.0,,,32.0,32.0,201.0,81.0,81.0,,81.0,,56.0,,57.0,58.0,2.0,428.0,262.58001708984375,261.6499938964844,95.0,4.0,13.600000381469727,14.100000381469727
2023-01-07T17:53,2023-01-07T18:00,48,train,0,2023,1,17,48,2023-01-05T18:00,48,2023-01-05T18:00,48,2023-01-05T18:00,45,2023-01-05T21:00,48,2023-01-05T18:00,48,2023-01-05T18:00,-999.0,0.0,10.0,100.0,100.0,7056.92919921875,1341.60498046875,nan,85700.0,9467.1787109375,6.831526756286621,245.00247192382812,259.36279296875,265.1901550292969,269.4806823730469,273.66363525390625,5384.7265625,2895.2783203125,1406.2630615234375,116.93270111083984,266.1941833496094,88.80000305175781,303.6195983886719,237.27999877929688,15300.0,0.0,6.559999942779541,3567.8515625,39.29999923706055,100.0,100.0,0.0,24135.166015625,0.0,0.0,252.17529296875,269.2358703613281,276.9179992675781,282.2520446777344,284.0810546875,5596.7783203125,3027.42333984375,1470.089111328125,775.991943359375,126.65425872802734,283.6846923828125,62.70000076293945,60.29999923706055,233.6431884765625,2245.760009765625,1195.747314453125,42.0,100.0,94.0,0.0,246.0,259.70001220703125,263.29998779296875,268.0,272.0,5399.7333984375,2897.97802734375,1404.29931640625,745.4244995117188,121.55060577392578,266.07000732421875,96.69999694824219,100.0,281.3599853515625,91.68000030517578,9.999999747378752e-05,1.8125,943.616455078125,100.0,100.0,100.0,100.0,11819.1416015625,244.98709106445312,258.6662292480469,263.9525146484375,269.0394592285156,273.56890869140625,5378.95703125,2890.91748046875,1408.834716796875,748.9830932617188,124.85057067871094,269.233154296875,93.0,89.92613983154297,685.6531982421875,160.0,1.9999999494757503e-05,7.6875,5396.578125,2905.267822265625,1406.788818359375,745.9195556640625,124.5107421875,244.54849243164062,260.90814208984375,263.72589111328125,269.72406005859375,274.111572265625,73.8863754272461,100.05780029296875,73.63628387451172,64.75083923339844,,,,271.3144836425781,,101563.1875,93859.7734375,,6.577733993530273,88.0,,,72.0,32.0,8960.0,85.0,85.0,,86.0,,51.0,,51.0,51.0,9.0,759.0,263.3399963378906,262.7099914550781,96.0,7.0,14.399999618530273,14.800000190734863
2023-01-17T17:47,2023-01-17T18:00,1,train,1,2023,1,17,1,2023-01-17T17:00,6,2023-01-17T12:00,6,2023-01-17T12:00,1,2023-01-17T17:00,0,2023-01-17T18:00,1,2023-01-17T17:00,-999.0,0.0,0.0,0.0,0.0,nan,nan,nan,nan,nan,7.711213111877441,254.42652893066406,271.533935546875,275.4608154296875,275.25897216796875,279.22607421875,5470.3115234375,2882.67626953125,1320.2669677734375,-11.359169006347656,276.1961669921875,57.099998474121094,276.0552978515625,2707.199951171875,33700.0,0.0,0.0,821.395751953125,30.399999618530273,100.0,0.0,30.700000762939453,24135.0,4.5600001612911e-05,2.6875,240.38475036621094,260.2501220703125,271.68603515625,274.8941650390625,278.296142578125,5223.21728515625,2756.2646484375,1242.6541748046875,563.8117065429688,-68.39886474609375,276.9422607421875,92.19999694824219,82.5999984741211,534.021728515625,1033.760009765625,19999.953125,13.0,0.0,2.0,24100.0,255.0,272.20001220703125,273.6000061035156,277.6000061035156,281.79998779296875,5473.599609375,2880.829833984375,1317.5296630859375,634.2987670898438,13.788093566894531,274.989990234375,76.5,79.0,250.0800018310547,2727.199951171875,0.0,0.0625,774.5262451171875,97.0,0.0,0.0,97.0,3500.0,254.89352416992188,271.4407653808594,275.66082763671875,272.021484375,276.21832275390625,5467.3359375,2880.14306640625,1316.38671875,639.131591796875,-7.838226318359375,271.08392333984375,99.05743408203125,93.9450454711914,295.2096862792969,440.0,0.0,0.0,5470.4296875,2880.631103515625,1320.273193359375,643.8392333984375,19.10302734375,254.5175018310547,271.20819091796875,274.3299560546875,271.30157470703125,275.66815185546875,13.38290023803711,94.9528579711914,80.07676696777344,73.23656463623047,,,,271.87030029296875,,100260.4375,92678.3828125,,8.41202163696289,20.0,0.0,7620.0,88888.0,6160.0,16209.0,8.0,8.0,9.0,9.0,10.0,7.0,7.0,8.0,13.0,0.0,216.0,270.3800048828125,265.7300109863281,71.0,1.0,20.0,21.600000381469727
2023-01-17T17:47,2023-01-17T18:00,24,train,1,2023,1,17,24,2023-01-16T18:00,24,2023-01-16T18:00,24,2023-01-16T18:00,21,2023-01-16T21:00,24,2023-01-16T18:00,24,2023-01-16T18:00,-999.0,0.0,0.0,68.0,0.0,nan,6403.93896484375,nan,44100.0,nan,8.30270004272461,253.78807067871094,271.91302490234375,274.72186279296875,275.4778747558594,279.5362854003906,5479.8408203125,2892.068603515625,1329.4818115234375,-2.9080886840820312,275.4273681640625,65.69999694824219,278.7693176269531,2823.199951171875,27100.0,0.0,0.44999998807907104,515.3699951171875,51.099998474121094,100.0,0.0,52.400001525878906,20854.41015625,8.399999933317304e-05,4.625,239.97637939453125,259.9940490722656,270.0802307128906,275.1288757324219,280.0089416503906,5213.341796875,2750.200927734375,1241.66748046875,565.6683959960938,-69.90656280517578,278.4665222167969,86.5,92.0999984741211,1210.699951171875,812.0,20000.0078125,9.0,2.0,0.0,24100.0,255.10000610351562,272.8999938964844,273.70001220703125,275.20001220703125,279.29998779296875,5474.17138671875,2877.201171875,1310.4390869140625,632.5836181640625,8.744953155517578,272.4800109863281,64.69999694824219,68.0,210.72000122070312,1077.760009765625,0.0,0.0,nan,34.0,2.0,62.0,34.0,15800.0,253.7578125,271.3316345214844,276.183837890625,272.3372497558594,276.5224609375,5472.62890625,2888.898681640625,1327.275146484375,648.0805053710938,1.773590087890625,271.51190185546875,87.49462890625,79.89804077148438,311.9075622558594,510.0,0.0,0.5,5475.3828125,2883.394775390625,1324.886962890625,651.59716796875,27.073974609375,254.71014404296875,271.5559997558594,274.1711120605469,271.06585693359375,275.67034912109375,9.001898765563965,86.88204193115234,79.20800018310547,70.28253936767578,,,,271.689453125,,100370.6875,92761.9921875,,7.81572151184082,57.0,0.0,7620.0,32.0,32.0,256.0,40.0,40.0,40.0,40.0,41.0,53.0,53.0,53.0,53.0,0.0,234.0,269.91998291015625,267.0899963378906,80.0,1.0,14.800000190734863,16.0
2023-01-17T17:47,2023-01-17T18:00,48,train,1,2023,1,17,48,2023-01-15T18:00,48,2023-01-15T18:00,48,2023-01-15T18:00,45,2023-01-15T21:00,48,2023-01-15T18:00,48,2023-01-15T18:00,-999.0,0.0,4.0,0.0,100.0,7882.0244140625,1342.494384765625,30300.0,84600.0,9750.146484375,6.917419910430908,254.04273986816406,270.3918762207031,272.75311279296875,273.75933837890625,277.8453369140625,5443.0625,2856.97265625,1303.130615234375,-23.194076538085938,274.0335693359375,89.19999694824219,288.6407165527344,2439.1201171875,14800.0,0.0,9.15999984741211,371.7366638183594,99.0999984741211,27.100000381469727,0.0,65.0999984741211,7189.22314453125,0.00033760000951588154,7.9375,240.53302001953125,259.5091552734375,270.2269287109375,275.528076171875,280.31927490234375,5201.603515625,2735.818359375,1229.6907958984375,553.0863647460938,-83.19722747802734,278.5316467285156,82.4000015258789,85.5,1596.893798828125,830.5599975585938,19999.849609375,14.0,0.0,0.0,0.0,255.60000610351562,271.29998779296875,275.8999938964844,279.3999938964844,283.5,5477.11181640625,2877.61376953125,1312.95556640625,624.5316162109375,9.291226387023926,275.5899963378906,100.0,97.0,139.0399932861328,2483.360107421875,0.0,0.0625,824.7435302734375,100.0,0.0,4.0,100.0,3200.0,253.9635772705078,270.203369140625,273.5994873046875,271.14813232421875,275.38763427734375,5461.37060546875,2875.19677734375,1322.7550048828125,649.0560913085938,4.7664337158203125,270.40423583984375,99.0,95.63713073730469,282.051513671875,330.0,0.0,11.75,5467.5546875,2875.484130859375,1317.80224609375,643.8959350585938,20.301513671875,254.62950134277344,270.950927734375,274.74786376953125,270.68212890625,275.2084655761719,48.620662689208984,92.04254913330078,80.19295501708984,72.1325912475586,,,,271.1441650390625,,100288.1875,92673.71875,,10.258267402648926,68.0,,,72.0,32.0,8960.0,71.0,71.0,,73.0,,55.0,,55.0,55.0,0.0,276.0,265.8299865722656,264.30999755859375,90.0,1.0,12.0,11.899999618530273
2023-01-25T20:55,2023-01-25T21:00,1,train,0,2023,1,20,1,2023-01-25T20:00,3,2023-01-25T18:00,3,2023-01-25T18:00,1,2023-01-25T20:00,3,2023-01-25T18:00,1,2023-01-25T20:00,-999.0,0.0,100.0,100.0,83.0,1341.3353271484375,1341.3189697265625,42500.0,86000.0,8195.66796875,6.074471473693848,255.0380401611328,262.97235107421875,264.3519287109375,266.1080322265625,270.1580810546875,5507.0537109375,2952.724609375,1446.10888671875,162.65591430664062,262.4149169921875,90.4000015258789,298.7220458984375,0.0,300.0,0.0,0.3109999895095825,141.0450439453125,100.0,0.0,0.0,81.69999694824219,58.764556884765625,6.4000000747910235e-06,0.125,247.09466552734375,264.6138916015625,266.266845703125,270.17474365234375,273.7892761230469,5560.2080078125,3039.481201171875,1517.4600830078125,852.6588745117188,230.66209411621094,274.4584045410156,97.9000015258789,98.69999694824219,444.7331237792969,337.2799987792969,1195.78271484375,98.0,87.0,88.0,100.0,255.89999389648438,262.5,261.1000061035156,265.70001220703125,269.70001220703125,5511.662109375,2955.743408203125,1456.4599609375,803.6249389648438,186.5700225830078,264.05999755859375,97.5999984741211,100.0,449.6000061035156,0.0,0.0003000000142492354,1.1875,1061.872314453125,70.0,91.0,97.0,67.0,1900.0,255.5294647216797,262.48760986328125,263.98736572265625,265.50653076171875,269.551513671875,5506.203125,2952.431396484375,1452.5892333984375,797.1636962890625,175.58253479003906,266.4260559082031,88.0,92.00030517578125,392.08465576171875,0.0,0.00011999999696854502,1.0625,5516.7265625,2958.67431640625,1455.018798828125,801.6488037109375,192.326171875,255.3021240234375,262.7119140625,263.45635986328125,264.57745361328125,268.88507080078125,94.99971771240234,93.88518524169922,93.71646881103516,82.63249206542969,,,,266.51885986328125,,102448.625,94549.65625,,10.55824089050293,95.0,0.0,7620.0,0.0,0.0,209.0,57.0,67.0,84.0,88.0,97.0,79.0,89.0,93.0,100.0,0.0,363.0,261.54998779296875,259.9800109863281,89.0,22.0,19.200000762939453,20.799999237060547
2023-01-25T20:55,2023-01-25T21:00,48,train,0,2023,1,20,45,2023-01-24T00:00,45,2023-01-24T00:00,45,2023-01-24T00:00,48,2023-01-23T21:00,45,2023-01-24T00:00,45,2023-01-24T00:00,-999.0,0.0,100.0,100.0,95.0,6286.1201171875,1341.0596923828125,26800.0,86000.0,10191.134765625,6.796224117279053,254.29132080078125,261.7598876953125,263.123779296875,264.5358581542969,268.56109619140625,5495.625,2950.212890625,1453.406982421875,175.35769653320312,260.92462158203125,89.0,309.3236389160156,0.0,12200.0,0.0,1.8700000047683716,988.9273681640625,100.0,0.0,0.0,27.5,24134.9140625,8.000000093488779e-07,0.0,247.1407012939453,265.3179931640625,267.2435302734375,271.3224792480469,274.753173828125,5571.5546875,3047.21435546875,1525.0667724609375,857.715576171875,232.05487060546875,274.9492492675781,92.30000305175781,97.0999984741211,284.8899841308594,641.9199829101562,1227.8848876953125,99.0,97.0,100.0,8400.0,256.29998779296875,263.3999938964844,260.6000061035156,261.29998779296875,265.20001220703125,5499.78955078125,2942.888916015625,1439.5364990234375,796.7644653320312,184.65794372558594,259.32000732421875,96.4000015258789,100.0,202.55999755859375,0.0,0.0,0.0,nan,68.0,79.0,75.0,54.0,12300.0,254.749267578125,262.47674560546875,263.07464599609375,263.9026184082031,268.3110046386719,5504.53857421875,2952.635986328125,1455.1929931640625,803.4483032226562,183.0808563232422,264.716552734375,85.841064453125,89.15642547607422,355.140380859375,0.0,0.0,2.9375,5506.22265625,2951.491943359375,1450.518798828125,797.127197265625,186.11865234375,255.1145782470703,262.612060546875,263.027099609375,265.3916931152344,269.7070617675781,99.98301696777344,86.04798889160156,85.36382293701172,76.73629760742188,,,,266.8074951171875,,102371.625,94500.5078125,,9.900155067443848,97.0,,,704.0,24.0,6678.0,42.0,46.0,,57.0,,70.0,,72.0,72.0,1.0,347.0,261.41998291015625,258.3600158691406,78.0,0.0,13.199999809265137,14.300000190734863
2023-01-25T20:55,2023-01-25T21:00,24,train,0,2023,1,20,21,2023-01-25T00:00,21,2023-01-25T00:00,21,2023-01-25T00:00,24,2023-01-24T21:00,21,2023-01-25T00:00,24,2023-01-24T21:00,-999.0,100.0,100.0,100.0,100.0,1564.0426025390625,1341.2344970703125,32400.0,86000.0,9280.6669921875,6.934028148651123,255.05130004882812,262.55450439453125,264.1691589355469,265.76776123046875,269.7840881347656,5515.2158203125,2955.71337890625,1453.80517578125,170.78829956054688,262.10516357421875,90.0999984741211,321.6990051269531,0.0,1700.0,9.999999747378752e-05,0.949999988079071,1096.1473388671875,100.0,0.0,0.0,65.80000305175781,24134.94140625,0.0,0.0625,247.31565856933594,264.3664245605469,267.0391540527344,270.66729736328125,274.435546875,5567.09375,3045.51953125,1522.4580078125,856.3856201171875,233.32037353515625,274.91241455078125,89.0999984741211,96.0999984741211,386.51934814453125,398.8800048828125,1195.5728759765625,100.0,100.0,100.0,0.0,255.10000610351562,263.79998779296875,259.8999938964844,264.8999938964844,268.79998779296875,5506.052734375,2944.340576171875,1445.86767578125,795.2736206054688,178.18389892578125,263.05999755859375,97.9000015258789,100.0,359.8399963378906,0.0,9.999999747378752e-05,0.875,nan,95.0,100.0,31.0,52.0,9100.0,254.8624267578125,262.4686584472656,263.4755859375,264.81732177734375,269.16204833984375,5512.9052734375,2959.9677734375,1458.35302734375,805.248779296875,184.28399658203125,265.6189880371094,85.18569946289062,91.24935150146484,393.10089111328125,0.0,1.9999999494757503e-05,0.5625,5515.39453125,2960.03564453125,1457.220458984375,804.1795043945312,195.095703125,254.89112854003906,262.72021484375,263.530029296875,264.44329833984375,268.80340576171875,99.65084075927734,88.89921569824219,88.8103256225586,76.93585968017578,,,,266.2875061035156,,102486.5,94586.4140625,,10.065971374511719,97.0,0.0,7620.0,32.0,32.0,256.0,54.0,54.0,55.0,63.0,67.0,79.0,82.0,84.0,86.0,0.0,356.0,261.2200012207031,258.8599853515625,84.0,11.0,17.200000762939453,18.799999237060547
2023-02-11T16:56,2023-02-11T17:00,1,train,0,2023,2,16,1,2023-02-11T16:00,5,2023-02-11T12:00,5,2023-02-11T12:00,1,2023-02-11T16:00,0,2023-02-11T18:00,1,2023-02-11T16:00,-999.0,0.0,0.0,0.0,0.0,nan,nan,nan,nan,nan,13.042703628540039,245.69993591308594,259.9013671875,262.2812805175781,266.0170593261719,270.2372131347656,5419.34130859375,2924.31982421875,1440.3880615234375,164.75448608398438,262.303955078125,61.5,325.46478271484375,0.0,30300.0,0.0,0.0,20000.052734375,0.0,3.700000047683716,3.799999952316284,0.0,24135.224609375,0.0,0.0,252.87969970703125,270.8955078125,279.2724914550781,279.93572998046875,281.7388610839844,5743.02294921875,3161.96826171875,1595.866455078125,902.9655151367188,262.9462585449219,280.7652587890625,56.900001525878906,19.100000381469727,37.10353088378906,2774.080078125,20000.158203125,21.0,0.0,0.0,24100.0,247.0,260.79998779296875,262.29998779296875,263.29998779296875,267.29998779296875,5419.50048828125,2912.5859375,1424.278564453125,776.7620849609375,160.70970153808594,262.0400085449219,92.9000015258789,96.0,401.5199890136719,0.0,0.0,0.0625,nan,17.0,0.0,0.0,17.0,20505.705078125,245.2745361328125,259.07733154296875,262.7557067871094,265.2047119140625,269.84124755859375,5412.8330078125,2922.205322265625,1440.4398193359375,788.0642700195312,169.28085327148438,266.384765625,77.61778259277344,72.2981185913086,462.1496276855469,0.0,0.0,0.0,5436.48046875,2926.5478515625,1442.631103515625,788.855224609375,174.123779296875,246.96363830566406,260.540771484375,262.3871154785156,266.82110595703125,271.29736328125,10.517522811889648,49.54398727416992,54.99472427368164,45.84593200683594,,,,269.0330810546875,,102209.375,94378.890625,,2.859044313430786,32.0,0.0,7620.0,88888.0,88.0,16209.0,0.0,0.0,0.0,0.0,0.0,18.0,18.0,19.0,19.0,1.0,571.0,259.55999755859375,255.989990234375,74.0,1.0,36.0,38.79999923706055
2023-03-08T10:54,2023-03-08T11:00,1,train,0,2023,3,10,1,2023-03-08T10:00,5,2023-03-08T06:00,5,2023-03-08T06:00,1,2023-03-08T10:00,0,2023-03-08T12:00,1,2023-03-08T10:00,-999.0,28.0,100.0,0.0,0.0,1387.0189208984375,1341.63037109375,82000.0,85900.0,1871.9171142578125,10.92714786529541,247.8768310546875,262.6073913574219,266.63916015625,268.30401611328125,272.2387390136719,5443.841796875,2927.781005859375,1418.81689453125,124.48187255859375,266.2364501953125,92.9000015258789,357.9889831542969,248.8800048828125,10300.0,0.0,0.09300000220537186,4693.83544921875,16.200000762939453,100.0,100.0,5.599999904632568,24135.021484375,0.0,1.5,253.58599853515625,270.8593444824219,281.9673767089844,285.16412353515625,290.2012023925781,5559.0244140625,2968.410888671875,1393.5714111328125,689.4822387695312,30.1825008392334,289.4480895996094,72.9000015258789,75.69999694824219,1096.6126708984375,2629.1201171875,1195.7510986328125,50.0,12.0,0.0,0.0,247.3000030517578,263.70001220703125,265.70001220703125,268.8999938964844,272.8999938964844,5447.7158203125,2929.6513671875,1420.259521484375,758.8561401367188,146.54486083984375,266.1600036621094,98.4000015258789,100.0,502.6400146484375,105.12000274658203,0.00019999999494757503,0.375,851.2456665039062,100.0,0.0,1.0,100.0,4000.0,248.0111846923828,263.322021484375,266.7607727050781,266.5220031738281,270.360595703125,5457.2216796875,2936.1083984375,1426.166259765625,764.6188354492188,137.28164672851562,265.9576721191406,92.71551513671875,94.9927978515625,358.7230224609375,0.0,2.9999999242136255e-05,0.1875,5461.94140625,2944.745849609375,1427.282470703125,763.7666015625,153.322509765625,247.7962188720703,263.1173095703125,268.3031921386719,266.29290771484375,269.30157470703125,89.21198272705078,92.21587371826172,93.6896743774414,89.35610961914062,,,,265.79193115234375,,102053.25,94188.578125,,9.529863357543945,90.0,0.0,7620.0,0.0,0.0,209.0,64.0,85.0,94.0,94.0,94.0,74.0,74.0,74.0,74.0,0.0,179.0,262.760009765625,261.9700012207031,92.0,8.0,34.0,39.20000076293945
2023-03-08T10:54,2023-03-08T11:00,24,train,0,2023,3,10,23,2023-03-07T12:00,23,2023-03-07T12:00,23,2023-03-07T12:00,26,2023-03-07T09:00,24,2023-03-07T12:00,24,2023-03-07T11:00,-999.0,0.0,100.0,100.0,1.0,1568.7119140625,1341.723876953125,74000.0,86000.0,2057.342041015625,9.35059642791748,246.454345703125,262.9783020019531,267.0657958984375,269.3231201171875,273.26690673828125,5426.65185546875,2915.807861328125,1404.030517578125,106.87547302246094,266.6824645996094,91.9000015258789,357.3487548828125,309.8399963378906,5500.0,0.0,0.9940000176429749,2179.39794921875,99.9000015258789,100.0,100.0,5.599999904632568,24134.939453125,5.6400000175926834e-05,0.625,253.82138061523438,270.4830017089844,281.4566345214844,284.35589599609375,288.1196594238281,5560.6376953125,2971.787841796875,1400.457763671875,697.318603515625,41.091251373291016,287.11065673828125,77.0999984741211,76.80000305175781,923.6410522460938,2542.39990234375,1296.9630126953125,74.0,37.0,0.0,1400.0,247.39999389648438,263.70001220703125,265.29998779296875,268.6000061035156,272.6000061035156,5440.42529296875,2922.333251953125,1412.6099853515625,751.8148803710938,140.51495361328125,266.2099914550781,92.19999694824219,98.0,501.8399963378906,113.44000244140625,0.0003000000142492354,0.6875,805.7618408203125,100.0,100.0,21.0,100.0,600.0,246.68740844726562,262.5585632324219,267.1800537109375,268.9642333984375,272.8526611328125,5430.38720703125,2920.113037109375,1409.47509765625,745.2696533203125,116.45144653320312,268.00982666015625,94.45443725585938,95.8740234375,394.081298828125,10.0,7.999999797903001e-05,2.0,5454.8046875,2932.624267578125,1418.957275390625,755.970703125,142.826416015625,248.35977172851562,262.9342346191406,267.4930419921875,267.13037109375,270.5301818847656,93.2618408203125,97.32815551757812,94.64592742919922,88.97975158691406,,,,266.33758544921875,,101906.1875,94078.0234375,,9.649150848388672,88.0,28.0,7640.0,864.0,448.0,nan,,,,,,,,,,0.0,190.0,263.54998779296875,262.17999267578125,90.0,22.0,33.599998474121094,39.599998474121094
2023-02-11T16:56,2023-02-11T17:00,24,train,0,2023,2,16,23,2023-02-10T18:00,23,2023-02-10T18:00,23,2023-02-10T18:00,26,2023-02-10T15:00,24,2023-02-10T18:00,24,2023-02-10T17:00,-999.0,0.0,1.0,0.0,0.0,nan,1340.90869140625,nan,85800.0,nan,14.432600975036621,246.32489013671875,259.4479675292969,262.05731201171875,265.02392578125,269.212158203125,5404.890625,2909.022705078125,1424.0616455078125,151.36207580566406,261.4239501953125,67.0999984741211,305.2181091308594,0.0,26500.0,0.0,6.460000038146973,20000.115234375,0.0,0.0,0.0,0.0,24135.09765625,0.0,0.0,253.05499267578125,270.914306640625,279.161865234375,279.9765319824219,281.88031005859375,5742.9970703125,3159.96826171875,1595.33984375,902.3272094726562,262.1172790527344,280.9770202636719,59.099998474121094,19.700000762939453,46.06569290161133,2735.0400390625,20000.03515625,22.0,0.0,0.0,24100.0,246.89999389648438,261.6000061035156,262.29998779296875,263.29998779296875,267.29998779296875,5416.8603515625,2910.820556640625,1418.779052734375,770.8939208984375,156.02537536621094,261.9599914550781,85.80000305175781,86.0,401.67999267578125,0.0,0.0,0.25,nan,10.0,0.0,0.0,10.0,20500.0,246.59645080566406,258.9646301269531,262.25531005859375,263.52044677734375,268.04095458984375,5403.4013671875,2908.3740234375,1422.191162109375,772.8139038085938,156.49302673339844,264.268798828125,77.5654296875,69.62630462646484,413.7052917480469,0.0,0.0,3.125,5434.234375,2926.003662109375,1437.899658203125,784.526123046875,170.759033203125,246.74720764160156,260.4775390625,263.24737548828125,266.3681640625,270.84088134765625,12.556535720825195,40.041473388671875,57.94377899169922,47.51974868774414,,,,268.3671875,,102173.0,94341.046875,,2.6202027797698975,16.0,0.0,7620.0,88888.0,1656.0,256.0,9.0,11.0,11.0,11.0,15.0,50.0,50.0,51.0,59.0,0.0,528.0,259.0299987792969,254.9600067138672,71.0,0.0,40.400001525878906,45.20000076293945
2023-02-11T16:56,2023-02-11T17:00,48,train,0,2023,2,16,47,2023-02-09T18:00,47,2023-02-09T18:00,47,2023-02-09T18:00,50,2023-02-09T15:00,48,2023-02-09T18:00,36,2023-02-10T05:00,-999.0,0.0,100.0,0.0,0.0,nan,1340.7200927734375,nan,85600.0,nan,14.905475616455078,245.42721557617188,257.8549499511719,260.60040283203125,263.56732177734375,267.7509765625,5364.2216796875,2881.5625,1405.2713623046875,140.2973175048828,259.5111999511719,89.5999984741211,314.4078674316406,0.0,12200.0,0.0,28.059999465942383,20000.1796875,0.0,0.0,0.0,0.0,24134.775390625,0.0,0.0,252.7728271484375,270.7456359863281,279.61614990234375,280.3946228027344,281.6502685546875,5743.5556640625,3161.399658203125,1595.164306640625,901.12548828125,260.7449035644531,280.8328552246094,58.20000076293945,17.700000762939453,69.18474578857422,2737.919921875,19999.841796875,2.0,0.0,0.0,24100.0,245.60000610351562,258.79998779296875,258.8999938964844,262.3999938964844,266.29998779296875,5364.42626953125,2871.6572265625,1399.2490234375,754.535400390625,141.2047882080078,260.8099670410156,84.0999984741211,85.0,488.6400146484375,0.0,0.0,0.0625,938.7108764648438,100.0,0.0,0.0,100.0,13000.0,245.41390991210938,257.0853271484375,259.85528564453125,262.2427673339844,266.7861328125,5360.5068359375,2882.627685546875,1408.8487548828125,764.021484375,150.582763671875,262.70623779296875,91.0,89.10836029052734,470.381591796875,0.0,0.0,11.75,5408.26953125,2906.925537109375,1419.736083984375,769.453369140625,158.3515625,246.81097412109375,259.8444519042969,261.72186279296875,265.30206298828125,269.65032958984375,11.314558029174805,38.90690231323242,63.36045837402344,52.088409423828125,,,,267.2179870605469,,102025.75,94172.65625,,2.1573429107666016,22.0,0.0,7620.0,88888.0,2800.0,201.0,1.0,1.0,1.0,1.0,2.0,44.0,44.0,44.0,44.0,0.0,626.0,258.1299743652344,254.48001098632812,74.0,0.0,40.400001525878906,48.400001525878906
2023-03-08T10:54,2023-03-08T11:00,48,train,0,2023,3,10,47,2023-03-06T12:00,47,2023-03-06T12:00,47,2023-03-06T12:00,50,2023-03-06T09:00,48,2023-03-06T12:00,36,2023-03-06T23:00,-999.0,99.0,100.0,78.0,100.0,1387.3157958984375,1341.8243408203125,74000.0,86000.0,9800.1123046875,9.275012016296387,246.3402099609375,263.31146240234375,267.5861511230469,269.8628845214844,273.890869140625,5433.79052734375,2921.085693359375,1406.835205078125,107.14335632324219,266.94561767578125,93.69999694824219,352.8063659667969,355.760009765625,900.0,0.0,3.059999942779541,1789.007080078125,99.80000305175781,100.0,100.0,2.5,6982.22119140625,0.000454399996669963,0.3125,254.25047302246094,270.00067138671875,279.2181396484375,283.22381591796875,288.19464111328125,5554.09619140625,2966.44677734375,1402.5953369140625,703.3988647460938,47.916404724121094,287.55438232421875,76.0999984741211,85.5999984741211,1141.474853515625,2376.0,1195.7598876953125,84.0,60.0,0.0,100.0,247.8000030517578,263.6000061035156,265.6000061035156,268.3999938964844,272.3999938964844,5436.634765625,2917.825439453125,1406.994384765625,746.7977294921875,133.2091827392578,265.7799987792969,98.19999694824219,100.0,501.5199890136719,46.560001373291016,0.0005000000237487257,2.375,834.7022705078125,100.0,85.0,72.0,100.0,2200.0,246.44406127929688,263.27288818359375,267.8515625,268.31854248046875,272.052734375,5440.0205078125,2925.515869140625,1410.9814453125,746.4248657226562,116.8438949584961,267.57159423828125,94.93717956542969,95.63756561279297,378.66937255859375,0.0,4.999999873689376e-05,4.25,5449.578125,2928.988037109375,1414.08251953125,748.87060546875,133.89208984375,248.2454833984375,263.5980529785156,268.2116394042969,267.9638671875,271.3797302246094,82.62930297851562,97.70228576660156,93.43477630615234,88.19331359863281,,,,266.84490966796875,,101790.6875,93987.96875,,9.77389907836914,89.0,0.0,7620.0,0.0,0.0,201.0,82.0,86.0,88.0,88.0,89.0,56.0,56.0,56.0,56.0,0.0,189.0,263.5099792480469,262.2699890136719,90.0,21.0,35.20000076293945,40.0
2023-03-27T11:47,2023-03-27T12:00,1,train,0,2023,3,11,1,2023-03-27T11:00,6,2023-03-27T06:00,6,2023-03-27T06:00,1,2023-03-27T11:00,0,2023-03-27T12:00,1,2023-03-27T11:00,-999.0,0.0,0.0,0.0,0.0,nan,1387.2562255859375,nan,85500.0,nan,13.946032524108887,246.06472778320312,264.23529052734375,268.54608154296875,271.5358581542969,275.6073303222656,5471.38671875,2954.8330078125,1436.3514404296875,131.85031127929688,267.8763732910156,70.69999694824219,229.542724609375,494.8800048828125,23000.0,0.0,0.0,5088.76513671875,46.5,0.5,5.0,41.900001525878906,24135.19140625,2.080000012938399e-05,0.8125,255.11700439453125,266.3827209472656,272.8780212402344,278.5379943847656,284.9280090332031,5644.70849609375,3066.782470703125,1533.8472900390625,850.05224609375,205.54708862304688,287.4000244140625,56.79999923706055,84.0999984741211,1344.21484375,1489.280029296875,20000.0859375,33.0,0.0,2.0,24100.0,246.0,265.3999938964844,266.5,269.79998779296875,273.8999938964844,5473.53515625,2951.25048828125,1423.690185546875,760.3590698242188,136.00425720214844,267.5,95.30000305175781,97.0,324.9599914550781,312.1600036621094,0.0,2.25,nan,13.0,5.0,0.0,13.0,14300.0,245.88365173339844,263.677490234375,268.8070068359375,270.86883544921875,274.97637939453125,5460.07275390625,2947.92041015625,1430.4676513671875,762.7415161132812,130.57571411132812,269.9952392578125,88.1502914428711,84.60189056396484,274.1586608886719,270.0,0.0,0.0,5470.0078125,2950.312744140625,1428.015380859375,761.340576171875,138.81787109375,245.98658752441406,264.082763671875,268.60498046875,270.66259765625,274.8572998046875,6.639686584472656,51.68782424926758,76.72624206542969,77.63599395751953,,,,271.6077880859375,,101727.5625,94030.21875,,3.6274375915527344,57.0,0.0,7620.0,0.0,0.0,256.0,49.0,59.0,59.0,62.0,65.0,63.0,63.0,63.0,63.0,0.0,215.0,264.6300048828125,262.489990234375,86.0,2.0,28.399999618530273,32.400001525878906
2023-03-27T11:47,2023-03-27T12:00,48,train,0,2023,3,11,48,2023-03-25T12:00,48,2023-03-25T12:00,48,2023-03-25T12:00,45,2023-03-25T15:00,48,2023-03-25T12:00,48,2023-03-25T12:00,-999.0,0.0,100.0,0.0,0.0,nan,1341.4722900390625,nan,85600.0,nan,15.642570495605469,243.2677001953125,263.255615234375,266.2961730957031,268.9242858886719,273.0007629394531,5405.73388671875,2908.368408203125,1397.152587890625,104.640380859375,264.6876220703125,92.0999984741211,303.1552429199219,4.559999942779541,12200.0,0.0,30.079999923706055,1154.3436279296875,100.0,0.0,1.2999999523162842,39.5,24135.05859375,1.2000000424450263e-06,0.375,254.93101501464844,267.14031982421875,273.119140625,277.75433349609375,284.0301513671875,5643.72021484375,3061.31005859375,1526.8626708984375,844.5965576171875,201.8640594482422,285.16644287109375,57.79999923706055,83.0999984741211,1434.6383056640625,1468.1600341796875,19999.923828125,44.0,20.0,0.0,0.0,244.60000610351562,264.5,269.1000061035156,267.3999938964844,271.3999938964844,5450.6142578125,2940.699951171875,1415.5037841796875,756.6282348632812,136.78530883789062,264.8999938964844,98.5,100.0,366.55999755859375,0.0,0.0,3.625,793.993408203125,100.0,4.0,0.0,100.0,200.0,244.6295928955078,264.4192810058594,266.6714172363281,268.62164306640625,272.861328125,5434.5986328125,2927.24951171875,1408.048828125,746.4712524414062,117.52259063720703,268.09002685546875,95.0,95.46134185791016,398.924560546875,0.0,0.0,16.625,5442.06640625,2933.988037109375,1415.5576171875,750.6666259765625,129.150634765625,244.71658325195312,263.6934509277344,267.8555908203125,269.9920959472656,274.2935791015625,7.672516822814941,62.6488151550293,86.68099975585938,81.60025024414062,,,,270.84051513671875,,101624.3125,93912.375,,3.7611265182495117,61.0,,,416.0,32.0,9856.0,49.0,49.0,,49.0,,39.0,,39.0,39.0,3.0,412.0,264.6600036621094,262.8500061035156,86.0,4.0,36.0,38.79999923706055
2023-03-27T11:47,2023-03-27T12:00,24,train,0,2023,3,11,24,2023-03-26T12:00,24,2023-03-26T12:00,24,2023-03-26T12:00,21,2023-03-26T15:00,24,2023-03-26T12:00,24,2023-03-26T12:00,-999.0,0.0,0.0,0.0,1.0,nan,nan,nan,nan,nan,11.317733764648438,245.66232299804688,264.388916015625,268.1012268066406,270.24951171875,274.3320617675781,5457.66162109375,2945.578857421875,1426.9853515625,126.01763153076172,267.01171875,56.20000076293945,185.40933227539062,366.1600036621094,33700.0,0.0,3.2799999713897705,20000.173828125,5.0,0.0,4.800000190734863,45.400001525878906,24134.650390625,3.999999989900971e-06,0.4375,254.84576416015625,266.664794921875,272.6791687011719,278.12359619140625,284.5480041503906,5643.03759765625,3065.6083984375,1532.7408447265625,850.009765625,206.61709594726562,286.85595703125,51.900001525878906,78.0999984741211,1294.1424560546875,1471.52001953125,20000.00390625,45.0,32.0,0.0,0.0,245.5,265.0,269.1000061035156,268.0,272.0,5466.3818359375,2943.86181640625,1414.9111328125,754.156982421875,133.28170776367188,265.6199951171875,98.5,100.0,325.44000244140625,22.239999771118164,9.999999747378752e-05,2.375,852.4649047851562,100.0,92.0,0.0,100.0,6200.0,245.7021942138672,263.8885192871094,268.708740234375,268.7637634277344,272.9509582519531,5458.0986328125,2948.259765625,1427.6552734375,764.3688354492188,135.13613891601562,268.78485107421875,95.00494384765625,93.5644760131836,400.43389892578125,80.0,0.0,0.75,5468.93359375,2949.96728515625,1426.696533203125,760.2536010742188,137.578857421875,245.50265502929688,264.42730712890625,268.3200378417969,270.5438232421875,274.9818115234375,6.832086563110352,57.716766357421875,83.89710998535156,81.19094848632812,,,,271.26226806640625,,101718.6875,94031.6953125,,3.918586015701294,57.0,0.0,7620.0,0.0,0.0,256.0,55.0,61.0,71.0,71.0,71.0,61.0,62.0,63.0,68.0,1.0,279.0,264.7300109863281,262.739990234375,86.0,3.0,31.600000381469727,35.599998474121094
2023-05-20T13:53,2023-05-20T14:00,1,train,0,2023,5,13,1,2023-05-20T13:00,2,2023-05-20T12:00,2,2023-05-20T12:00,1,2023-05-20T13:00,3,2023-05-20T12:00,1,2023-05-20T13:00,-999.0,0.0,3.0,30.0,100.0,nan,7747.63525390625,nan,38100.0,nan,5.351832866668701,259.55072021484375,275.7694091796875,281.1463623046875,284.15594482421875,288.72235107421875,5747.14501953125,3110.920654296875,1521.0023193359375,157.22181701660156,282.4715576171875,77.5999984741211,335.5422058105469,3510.4677734375,20600.0,0.0,0.0,1821.4722900390625,92.9000015258789,13.100000381469727,100.0,0.0,24135.271484375,8.000000093488779e-07,0.0,252.1829833984375,269.1019592285156,278.4735412597656,285.0948486328125,291.7388916015625,5610.806640625,3036.1533203125,1479.9393310546875,780.1639404296875,119.97328186035156,292.03143310546875,46.29999923706055,62.599998474121094,1904.107666015625,2110.39990234375,9070.4384765625,19.0,0.0,62.0,24100.0,260.0,275.8999938964844,279.29998779296875,284.29998779296875,288.6000061035156,5757.3623046875,3118.978515625,1531.01025390625,830.835205078125,171.50686645507812,284.2900085449219,80.69999694824219,92.0,436.3999938964844,3588.639892578125,0.0,0.0,12203.5,4.0,62.0,65.0,4.0,25800.0,259.53411865234375,275.2451171875,281.3688049316406,283.8006591796875,288.7326965332031,5752.26513671875,3118.95458984375,1531.0272216796875,831.383544921875,171.31192016601562,286.297607421875,68.43509674072266,71.59465789794922,452.4063415527344,3440.0,0.0,0.0,5759.65234375,3119.733642578125,1529.638671875,828.7239990234375,170.32177734375,259.186279296875,276.3067932128906,279.39654541015625,285.5269775390625,290.22625732421875,8.109907150268555,77.67024230957031,66.88129425048828,56.949745178222656,,,,289.43438720703125,,101999.8125,94693.890625,,12.355795860290527,90.0,0.0,7620.0,5064.0,4632.0,16209.0,10.0,11.0,14.0,16.0,25.0,8.0,8.0,8.0,8.0,2.0,624.0,278.6099853515625,276.2200012207031,85.0,0.0,14.0,14.800000190734863
2023-07-07T12:50,2023-07-07T13:00,1,train,0,2023,7,12,1,2023-07-07T12:00,1,2023-07-07T12:00,1,2023-07-07T12:00,1,2023-07-07T12:00,0,2023-07-07T12:00,1,2023-07-07T12:00,-999.0,0.0,0.0,0.0,0.0,nan,nan,nan,nan,nan,3.7149410247802734,265.0215759277344,279.54351806640625,291.2161560058594,295.71588134765625,300.00738525390625,5813.451171875,3130.5712890625,1501.2374267578125,91.1065673828125,293.004638671875,68.5999984741211,424.9336853027344,4187.15283203125,25500.0,0.0,0.0,20000.056640625,0.0,17.899999618530273,0.0,0.0,24135.009765625,0.0,0.0,260.36474609375,279.4844970703125,293.438232421875,296.8287658691406,304.1822814941406,5804.0263671875,3153.913818359375,1519.213134765625,786.7772216796875,97.84331512451172,305.070068359375,39.400001525878906,53.5,1195.7332763671875,3827.840087890625,19999.986328125,7.0,0.0,0.0,24100.0,265.20001220703125,280.20001220703125,291.5,297.20001220703125,301.70001220703125,5818.1787109375,3135.379150390625,1505.374755859375,770.3937377929688,85.96928405761719,295.79998779296875,70.0999984741211,73.0,1129.3599853515625,4156.64013671875,0.0,0.0,nan,0.0,1.0,26.0,0.0,20900.0,265.2591552734375,279.5862121582031,291.27459716796875,295.4656066894531,299.6331481933594,5815.95947265625,3135.318359375,1505.4449462890625,774.072265625,93.61878204345703,296.0622863769531,77.18453216552734,70.80824279785156,320.9457702636719,4050.0,0.0,0.0,5817.55078125,3137.30322265625,1507.27490234375,775.644775390625,103.265380859375,264.96820068359375,279.62908935546875,291.3778381347656,295.1959533691406,299.1322937011719,69.78897094726562,62.64133834838867,74.21979522705078,84.15689086914062,,,,295.67181396484375,,101216.75,94263.609375,,32.88460159301758,27.0,0.0,7620.0,88888.0,1888.0,16274.0,3.0,6.0,11.0,24.0,38.0,8.0,8.0,8.0,8.0,927.0,471.0,288.8399963378906,285.8500061035156,83.0,1.0,7.599999904632568,8.0
2023-05-20T13:53,2023-05-20T14:00,48,train,0,2023,5,13,44,2023-05-18T18:00,50,2023-05-18T12:00,50,2023-05-18T12:00,47,2023-05-18T15:00,45,2023-05-18T18:00,36,2023-05-19T02:00,-999.0,0.0,76.0,99.0,100.0,1343.8543701171875,1343.6923828125,nan,86900.0,12600.63671875,8.893954277038574,260.16900634765625,275.2965393066406,279.42645263671875,282.4748229980469,287.02374267578125,5740.40966796875,3110.47265625,1522.676025390625,164.8205108642578,279.3647766113281,99.0999984741211,345.2922668457031,3475.679931640625,1900.0,0.0,0.0,5967.8427734375,72.69999694824219,52.20000076293945,34.29999923706055,0.0,24134.8984375,0.0,0.0,253.26177978515625,269.37933349609375,278.822509765625,285.24713134765625,292.4965515136719,5614.1298828125,3032.69287109375,1475.6092529296875,775.3921508789062,114.69271850585938,293.5999755859375,42.0,60.599998474121094,2063.7451171875,2177.60009765625,1268.091064453125,48.0,100.0,100.0,24100.0,258.5,275.20001220703125,279.8999938964844,281.6000061035156,285.79998779296875,5729.85400390625,3095.8603515625,1507.8299560546875,813.4532470703125,163.63839721679688,280.6300048828125,91.30000305175781,100.0,342.7200012207031,3376.800048828125,0.0,0.0625,3807.9892578125,66.0,100.0,100.0,66.0,16100.0,259.7533874511719,275.7589111328125,278.4849853515625,281.8968200683594,286.6395263671875,5743.5966796875,3111.6171875,1523.8548583984375,829.1616821289062,170.59303283691406,283.9809875488281,86.04603576660156,89.76907348632812,530.8272705078125,3470.0,0.0,0.0,5754.33984375,3118.63330078125,1528.760498046875,828.9920043945312,171.390380859375,259.501953125,275.68060302734375,279.6072082519531,285.0542907714844,289.8642578125,33.13901901245117,68.95494842529297,68.63687133789062,57.78965759277344,,,,288.97320556640625,,102010.8125,94688.9453125,,14.282100677490234,91.0,0.0,7620.0,32.0,32.0,256.0,45.0,45.0,47.0,52.0,68.0,45.0,47.0,47.0,47.0,2.0,550.0,277.9800109863281,275.2699890136719,84.0,3.0,22.0,24.0
2023-05-20T13:53,2023-05-20T14:00,24,train,0,2023,5,13,26,2023-05-19T12:00,26,2023-05-19T12:00,26,2023-05-19T12:00,23,2023-05-19T15:00,21,2023-05-19T18:00,24,2023-05-19T14:00,-999.0,0.0,25.0,100.0,100.0,8306.9208984375,1343.795654296875,26800.0,86900.0,12010.6142578125,6.719093322753906,259.2856140136719,275.74908447265625,278.74951171875,282.6424255371094,287.2276611328125,5738.404296875,3103.260986328125,1522.0611572265625,163.15542602539062,279.8549499511719,92.5,371.64813232421875,3587.840087890625,13300.0,0.0,0.0,1960.739990234375,100.0,98.30000305175781,100.0,0.0,24134.93359375,0.0,0.0,252.87924194335938,269.32012939453125,278.31964111328125,284.7341613769531,291.0305480957031,5616.189453125,3037.119140625,1478.598388671875,779.43212890625,119.95053100585938,290.97320556640625,53.79999923706055,66.30000305175781,1196.240478515625,2347.360107421875,3057.619140625,25.0,100.0,100.0,24100.0,259.3999938964844,275.3999938964844,280.1000061035156,283.29998779296875,287.6000061035156,5745.6220703125,3110.1826171875,1521.399169921875,823.5323486328125,169.9475555419922,282.5899963378906,73.0,78.0,389.0400085449219,3472.159912109375,0.0,0.0,6734.7890625,16.0,100.0,100.0,16.0,19200.0,259.0290832519531,275.71173095703125,280.4316711425781,283.1048889160156,288.0959777832031,5740.361328125,3107.68505859375,1521.72412109375,823.981201171875,163.83526611328125,285.2696838378906,80.35186004638672,82.38272094726562,467.2442932128906,3530.0,0.0,0.0,5756.86328125,3116.116455078125,1528.236572265625,826.6141357421875,168.256591796875,259.2292785644531,276.2276306152344,279.5562744140625,285.57568359375,290.34478759765625,22.44671630859375,83.8710708618164,70.35555267333984,59.9394645690918,,,,289.61566162109375,,101968.3125,94661.078125,,15.664894104003906,91.0,0.0,7620.0,32.0,32.0,256.0,36.0,36.0,39.0,46.0,59.0,33.0,33.0,33.0,33.0,3.0,550.0,277.45001220703125,275.3999938964844,85.0,2.0,21.200000762939453,22.799999237060547
2023-09-12T11:48,2023-09-12T12:00,1,train,0,2023,9,11,1,2023-09-12T11:00,6,2023-09-12T06:00,6,2023-09-12T06:00,1,2023-09-12T11:00,0,2023-09-12T12:00,1,2023-09-12T11:00,-999.0,0.0,100.0,0.0,0.0,1344.9224853515625,1344.9580078125,86300.0,86800.0,1474.1781005859375,1.8530687093734741,263.220458984375,277.640380859375,285.1629943847656,288.7166748046875,292.9792175292969,5791.29248046875,3124.287353515625,1516.220703125,130.8191375732422,285.9752197265625,100.0,221.07046508789062,3971.360107421875,200.0,0.0,0.0,663.6655883789062,38.400001525878906,28.600000381469727,100.0,49.900001525878906,24134.978515625,1.8400000044493936e-05,0.9375,259.1439208984375,275.65283203125,285.3609313964844,289.59088134765625,296.4903564453125,5765.9912109375,3126.8916015625,1523.1907958984375,807.9796752929688,135.2412872314453,297.3193054199219,65.80000305175781,92.69999694824219,1094.5064697265625,3498.39990234375,1197.41650390625,61.0,0.0,0.0,200.0,263.5,277.79998779296875,285.6000061035156,288.3999938964844,292.70001220703125,5795.70703125,3123.9970703125,1514.610595703125,801.021728515625,134.8498992919922,286.03997802734375,99.80000305175781,100.0,147.44000244140625,4104.31982421875,9.999999747378752e-05,0.75,897.6055297851562,61.0,0.0,0.0,61.0,6500.0,263.3691101074219,277.89361572265625,285.6907653808594,288.3580322265625,292.4340515136719,5792.4912109375,3124.381591796875,1515.2664794921875,800.6865234375,130.91107177734375,288.8759765625,96.28701782226562,96.44718170166016,335.5042419433594,4000.0,0.0,0.0,5794.92578125,3127.561279296875,1520.094482421875,807.2905883789062,145.85009765625,263.07403564453125,278.084716796875,284.544677734375,287.81072998046875,291.83636474609375,51.88859558105469,98.36145782470703,99.22250366210938,97.95494079589844,,,,288.859619140625,,101739.0,94662.15625,,25.13370132446289,85.0,0.0,7620.0,0.0,0.0,209.0,75.0,84.0,86.0,86.0,87.0,77.0,88.0,95.0,100.0,9.0,169.0,282.70001220703125,282.6299743652344,100.0,5.0,4.0,4.0
2023-09-12T11:48,2023-09-12T12:00,24,train,0,2023,9,11,24,2023-09-11T12:00,24,2023-09-11T12:00,24,2023-09-11T12:00,21,2023-09-11T15:00,24,2023-09-11T12:00,24,2023-09-11T12:00,-999.0,0.0,100.0,0.0,0.0,1344.8994140625,1344.851318359375,77100.0,86900.0,2587.236083984375,1.383163332939148,262.99481201171875,276.72283935546875,284.7447814941406,288.33111572265625,292.5662536621094,5784.5947265625,3125.46826171875,1523.62646484375,141.26510620117188,285.6037292480469,100.0,197.02606201171875,3828.0,600.0,0.0,41.900001525878906,1543.6068115234375,26.600000381469727,67.69999694824219,92.4000015258789,3.0,24135.015625,8.000000093488779e-07,0.0625,259.17950439453125,275.88006591796875,284.39617919921875,290.6542663574219,297.71148681640625,5764.66845703125,3129.09423828125,1525.0655517578125,809.7125244140625,134.77101135253906,300.3829040527344,47.29999923706055,74.80000305175781,1412.7926025390625,3483.52001953125,19999.98828125,44.0,10.0,6.0,100.0,263.8999938964844,277.5,284.1000061035156,288.0,292.29998779296875,5792.82177734375,3122.995361328125,1516.0440673828125,804.1012573242188,140.61532592773438,285.6199951171875,99.80000305175781,100.0,147.27999877929688,3905.43994140625,0.0,0.5625,1128.8955078125,93.0,0.0,96.0,53.0,6500.0,262.74835205078125,276.6600646972656,284.7005310058594,287.93994140625,291.6806640625,5787.6572265625,3129.11572265625,1526.3543701171875,813.0642700195312,145.50198364257812,288.04638671875,96.57177734375,94.8042984008789,338.466064453125,3773.970947265625,0.0,11.0625,5792.82421875,3126.207275390625,1521.68017578125,808.2778930664062,145.607421875,263.54327392578125,276.9311828613281,284.4007873535156,288.31707763671875,292.450927734375,72.46247863769531,99.17593383789062,98.07088470458984,98.07559204101562,,,,289.433349609375,,101729.0625,94659.265625,,26.316980361938477,82.0,0.0,7620.0,0.0,0.0,256.0,100.0,100.0,100.0,100.0,100.0,73.0,90.0,100.0,100.0,5.0,143.0,282.0899963378906,281.8899841308594,99.0,11.0,5.199999809265137,5.599999904632568
2023-07-07T12:50,2023-07-07T13:00,24,train,0,2023,7,12,25,2023-07-06T12:00,25,2023-07-06T12:00,25,2023-07-06T12:00,22,2023-07-06T15:00,24,2023-07-06T12:00,24,2023-07-06T13:00,-999.0,0.0,0.0,0.0,100.0,10589.5419921875,2234.937744140625,nan,26600.0,11665.4501953125,4.047199726104736,265.0732421875,278.8194580078125,290.5388488769531,295.63848876953125,300.00250244140625,5818.208984375,3135.7646484375,1511.73486328125,102.74964141845703,292.46014404296875,75.30000305175781,501.8046875,4160.44189453125,21800.0,0.0,0.0,20000.03515625,0.0,5.0,0.0,0.0,24134.92578125,0.0,0.0,259.7981262207031,279.802001953125,293.8643798828125,297.4357604980469,304.8187561035156,5807.111328125,3154.483154296875,1518.053466796875,784.2404174804688,93.96430969238281,305.69171142578125,38.0,51.400001525878906,1200.66455078125,3899.199951171875,20000.1171875,7.0,2.0,0.0,0.0,265.79998779296875,280.5,290.5,293.6000061035156,298.0,5824.111328125,3133.375,1504.70166015625,777.1126708984375,92.26234436035156,291.6199951171875,100.0,96.0,150.16000366210938,4357.60009765625,0.0,0.375,nan,0.0,0.0,0.0,0.0,19100.0,264.72198486328125,279.32122802734375,290.7019958496094,295.51458740234375,300.0321044921875,5817.09228515625,3135.145263671875,1509.721923828125,779.1371459960938,98.2643814086914,296.2562561035156,80.23268127441406,76.78582000732422,740.8865356445312,4200.0,0.0,1.6875,5819.4375,3137.196044921875,1507.93310546875,778.0537109375,106.37451171875,264.77862548828125,279.79388427734375,290.6441650390625,294.74957275390625,298.5007629394531,77.14008331298828,70.11940002441406,75.97532653808594,83.36884307861328,,,,295.9811706542969,,101249.3125,94296.71875,,36.41325759887695,57.0,47.0,10478.0,32.0,32.0,256.0,31.0,31.0,32.0,38.0,44.0,47.0,50.0,51.0,55.0,632.0,564.0,288.8899841308594,285.72998046875,82.0,5.0,7.599999904632568,8.0
2023-07-07T12:50,2023-07-07T13:00,48,train,0,2023,7,12,43,2023-07-05T18:00,49,2023-07-05T12:00,49,2023-07-05T12:00,46,2023-07-05T15:00,48,2023-07-05T12:00,36,2023-07-06T01:00,-999.0,0.0,0.0,0.0,0.0,nan,nan,nan,nan,nan,3.9039149284362793,264.4586181640625,278.6947937011719,289.7242431640625,294.9605407714844,299.4294738769531,5820.88134765625,3139.64208984375,1518.497802734375,111.72637939453125,291.9117126464844,77.30000305175781,567.5510864257812,4227.669921875,20800.0,0.0,3.8399999141693115,7388.125,0.0,97.5,100.0,0.0,24135.22265625,0.0,0.0,259.9911804199219,280.33343505859375,294.4535827636719,296.6390686035156,303.9252624511719,5815.54638671875,3158.33056640625,1519.8143310546875,787.3303833007812,98.73368835449219,304.7605285644531,40.29999923706055,55.20000076293945,1187.5555419921875,3994.56005859375,19999.8671875,36.0,4.0,1.0,0.0,265.29998779296875,279.79998779296875,289.70001220703125,292.0,296.3999938964844,5819.0810546875,3123.583740234375,1495.70556640625,772.3966674804688,92.85706329345703,290.04998779296875,99.9000015258789,100.0,188.39999389648438,4730.72021484375,9.999999747378752e-05,0.0625,nan,16.0,2.0,7.0,16.0,15900.0,264.43060302734375,279.4482116699219,289.33056640625,293.60809326171875,298.39727783203125,5812.68701171875,3130.6787109375,1506.6978759765625,780.019287109375,101.14741516113281,295.1849670410156,87.93968963623047,89.765625,705.731689453125,4230.0,0.0,2.25,5819.34375,3134.404541015625,1504.676025390625,775.45751953125,104.715576171875,264.81500244140625,280.15350341796875,290.2520751953125,294.4108581542969,297.6644287109375,62.11055374145508,78.34048461914062,82.48424530029297,88.56723022460938,,,,295.871826171875,,101223.875,94267.8125,,35.25751876831055,63.0,0.0,7620.0,32.0,32.0,256.0,49.0,49.0,52.0,60.0,69.0,49.0,53.0,55.0,56.0,502.0,574.0,288.5799865722656,285.7699890136719,82.0,3.0,8.0,8.800000190734863
2023-09-12T11:48,2023-09-12T12:00,48,train,0,2023,9,11,48,2023-09-10T12:00,48,2023-09-10T12:00,48,2023-09-10T12:00,45,2023-09-10T15:00,48,2023-09-10T12:00,48,2023-09-10T12:00,-999.0,0.0,100.0,3.0,0.0,1474.044921875,1393.787841796875,81200.0,86500.0,11401.4716796875,2.340562343597412,262.552001953125,276.40325927734375,284.6451416015625,288.21624755859375,292.3526611328125,5794.5263671875,3138.29150390625,1535.682861328125,154.40170288085938,285.75018310546875,99.5999984741211,276.6748962402344,3674.080078125,12200.0,0.0,48.52000045776367,1071.4962158203125,72.30000305175781,4.599999904632568,36.5,62.900001525878906,24134.87890625,5.599999894911889e-06,0.0625,259.3080139160156,276.00335693359375,284.88055419921875,291.34576416015625,298.3883056640625,5767.9267578125,3126.686767578125,1522.6002197265625,805.4030151367188,128.70343017578125,300.77392578125,48.400001525878906,75.0999984741211,1630.071533203125,3563.360107421875,1197.0947265625,43.0,0.0,57.0,200.0,263.1000061035156,276.0,284.0,286.79998779296875,291.1000061035156,5797.08837890625,3130.709716796875,1532.7886962890625,823.980712890625,163.47909545898438,284.9800109863281,99.5999984741211,100.0,146.9600067138672,4148.0,0.0,0.125,1079.358154296875,100.0,0.0,100.0,53.0,6700.0,262.271240234375,276.0932312011719,283.6304016113281,286.72149658203125,290.1745300292969,5791.0771484375,3134.2138671875,1535.45458984375,825.34912109375,159.79209899902344,286.6982421875,96.21552276611328,94.12271118164062,288.9468994140625,3750.0,0.0,14.5,5784.3515625,3119.205322265625,1516.365966796875,804.040771484375,142.802978515625,262.87823486328125,276.52191162109375,284.1407775878906,287.4964294433594,291.72467041015625,62.27927017211914,98.21807861328125,98.08606719970703,97.02549743652344,,,,288.8538513183594,,101696.0,94632.0390625,,24.786041259765625,78.0,,,8.0,8.0,128.0,80.0,81.0,,82.0,,56.0,,70.0,81.0,12.0,166.0,281.8399963378906,281.5899963378906,98.0,17.0,6.800000190734863,7.199999809265137
2023-10-10T12:51,2023-10-10T13:00,1,train,0,2023,10,12,1,2023-10-10T12:00,1,2023-10-10T12:00,1,2023-10-10T12:00,1,2023-10-10T12:00,0,2023-10-10T12:00,1,2023-10-10T12:00,-999.0,0.0,0.0,0.0,0.0,nan,nan,nan,nan,nan,4.360104560852051,253.03762817382812,265.1276550292969,274.7242126464844,279.90118408203125,283.9563903808594,5508.8837890625,2938.64794921875,1408.129150390625,77.21835327148438,275.8274841308594,61.29999923706055,686.8209838867188,1618.719970703125,30400.0,0.0,0.0,19999.841796875,0.0,0.0,0.0,0.0,24135.0234375,0.0,0.0,261.1634521484375,278.68701171875,288.859619140625,293.2955322265625,300.0911865234375,5855.90380859375,3192.511962890625,1577.6864013671875,855.7899780273438,176.32662963867188,302.5367431640625,27.899999618530273,41.599998474121094,1138.84228515625,4143.2001953125,20000.171875,1.0,2.0,0.0,24100.0,252.89999389648438,263.8999938964844,273.6000061035156,278.70001220703125,282.8999938964844,5505.97314453125,2934.349853515625,1408.2513427734375,722.6694946289062,77.46459197998047,276.8399963378906,71.69999694824219,76.0,467.9200134277344,1515.3599853515625,0.0,0.0,nan,0.0,42.0,2.0,0.0,26600.0,252.8414306640625,264.5985412597656,274.66326904296875,279.77764892578125,283.7438659667969,5507.5634765625,2938.16162109375,1409.2154541015625,721.6644287109375,78.9359130859375,279.54229736328125,67.11080932617188,59.540103912353516,733.6466064453125,1590.0,0.0,0.0,5505.81640625,2936.418212890625,1408.437255859375,721.5428466796875,79.779052734375,252.59681701660156,264.60699462890625,274.4996337890625,279.1932373046875,283.216796875,44.42687225341797,66.04740142822266,60.27001190185547,80.43721008300781,,,,276.7593078613281,,100956.875,93763.65625,,8.90369987487793,42.0,0.0,7620.0,88888.0,3184.0,16209.0,15.0,18.0,25.0,36.0,41.0,7.0,7.0,7.0,7.0,1.0,356.0,271.46002197265625,266.6199951171875,70.0,0.0,11.199999809265137,12.399999618530273
2023-10-10T12:51,2023-10-10T13:00,24,train,0,2023,10,12,25,2023-10-09T12:00,25,2023-10-09T12:00,25,2023-10-09T12:00,22,2023-10-09T15:00,24,2023-10-09T12:00,24,2023-10-09T13:00,-999.0,0.0,20.0,49.0,98.0,nan,2474.5458984375,nan,74400.0,nan,4.958037376403809,253.10162353515625,263.89111328125,273.9461669921875,278.70111083984375,282.83929443359375,5496.6005859375,2945.97265625,1417.452880859375,91.13581848144531,274.4041442871094,77.0,397.19293212890625,1444.9599609375,20400.0,0.0,0.029999999329447746,19999.822265625,0.0,0.0,0.0,0.0,24135.236328125,0.0,0.0,261.2172546386719,278.35455322265625,288.90948486328125,293.7847595214844,300.6299743652344,5856.865234375,3192.9091796875,1578.2147216796875,855.743408203125,175.31199645996094,303.113037109375,25.100000381469727,37.400001525878906,1183.33642578125,4150.240234375,19999.853515625,2.0,49.0,36.0,24100.0,254.3000030517578,265.3999938964844,273.5,278.1000061035156,282.29998779296875,5508.30322265625,2939.158447265625,1409.607666015625,725.3225708007812,81.3243408203125,276.0199890136719,82.5,84.0,467.20001220703125,1468.9599609375,0.0,0.0,nan,2.0,88.0,98.0,0.0,21700.0,253.55104064941406,263.9033203125,273.798828125,278.92779541015625,282.8405456542969,5502.013671875,2944.864013671875,1417.0704345703125,731.3258666992188,90.1646728515625,278.7364196777344,75.10369873046875,69.00346374511719,517.3380126953125,1520.0,0.0,0.625,5506.9609375,2936.677001953125,1410.232177734375,723.7648315429688,81.548828125,252.72129821777344,265.740966796875,273.94488525390625,279.39410400390625,283.45477294921875,25.399852752685547,64.4740219116211,55.680660247802734,77.48234558105469,,,,277.01800537109375,,100971.25,93772.6796875,,8.07198715209961,57.0,0.0,7620.0,32.0,32.0,256.0,26.0,32.0,33.0,35.0,36.0,41.0,41.0,41.0,45.0,3.0,558.0,271.4700012207031,267.22998046875,72.0,1.0,13.600000381469727,14.800000190734863
2023-10-10T12:51,2023-10-10T13:00,48,train,0,2023,10,12,43,2023-10-08T18:00,49,2023-10-08T12:00,49,2023-10-08T12:00,46,2023-10-08T15:00,48,2023-10-08T12:00,36,2023-10-09T01:00,-999.0,0.0,0.0,100.0,100.0,6530.1220703125,5719.14306640625,nan,48600.0,9734.5400390625,5.739173889160156,253.30850219726562,264.3360900878906,273.5657958984375,278.39141845703125,282.52215576171875,5515.36669921875,2948.587890625,1422.0673828125,95.78097534179688,274.3996276855469,80.0,416.3303527832031,1472.6400146484375,18800.0,0.0,2.180000066757202,20000.125,0.0,0.0,0.0,0.0,24135.12890625,0.0,0.0,261.5254821777344,278.6651916503906,288.88006591796875,293.6356506347656,300.4687805175781,5859.458984375,3194.009765625,1578.6943359375,856.2119750976562,176.35443115234375,302.94976806640625,23.299999237060547,34.900001525878906,1102.829833984375,4171.35986328125,7126.158203125,0.0,95.0,89.0,24100.0,253.1999969482422,264.70001220703125,272.70001220703125,277.29998779296875,281.3999938964844,5493.52294921875,2931.15966796875,1404.2579345703125,721.9803466796875,78.42020416259766,274.6199951171875,87.4000015258789,88.0,291.20001220703125,1325.1199951171875,0.0,0.0,nan,0.0,0.0,1.0,0.0,22300.0,253.38037109375,263.7251892089844,273.8533020019531,278.85455322265625,282.66571044921875,5503.70068359375,2946.362060546875,1420.8065185546875,735.1181640625,94.37017822265625,278.8555908203125,72.98997497558594,68.30916595458984,577.2825927734375,1520.0,0.0,0.0,5502.4140625,2938.428466796875,1410.69189453125,724.4315795898438,82.286865234375,252.2943878173828,265.90887451171875,273.89471435546875,279.3519287109375,283.4560546875,27.10130500793457,68.00234985351562,51.884056091308594,75.12406921386719,,,,276.7768859863281,,100983.0,93784.828125,,9.943787574768066,57.0,0.0,7620.0,32.0,32.0,256.0,44.0,48.0,52.0,55.0,56.0,48.0,48.0,48.0,52.0,9.0,629.0,271.2099914550781,266.7099914550781,71.0,1.0,12.800000190734863,14.0
2023-11-04T06:52,2023-11-04T07:00,1,train,0,2023,11,6,1,2023-11-04T06:00,1,2023-11-04T06:00,1,2023-11-04T06:00,1,2023-11-04T06:00,0,2023-11-04T06:00,1,2023-11-04T06:00,-999.0,0.0,0.0,10.0,0.0,nan,4742.83935546875,45700.0,56100.0,nan,10.182404518127441,251.5390625,266.34893798828125,277.1704406738281,280.507080078125,284.4870300292969,5585.5166015625,3037.006591796875,1492.61962890625,155.64967346191406,274.56396484375,52.099998474121094,373.6443176269531,1974.56005859375,37400.0,0.0,0.0,1676.598876953125,100.0,100.0,5.0,54.79999923706055,24134.974609375,1.9999999494757503e-05,0.9375,260.72998046875,274.42437744140625,282.0794677734375,281.75750732421875,285.4703369140625,5500.498046875,2857.499755859375,1264.5513916015625,563.3302001953125,-86.31853485107422,283.81646728515625,91.9000015258789,97.5999984741211,995.8143920898438,3083.0400390625,19999.92578125,5.0,39.0,11.0,24100.0,253.89999389648438,267.70001220703125,276.6000061035156,277.8999938964844,282.1000061035156,5594.1015625,3034.968994140625,1490.174072265625,804.492919921875,164.29962158203125,274.6600036621094,66.0,62.0,698.3200073242188,1885.280029296875,0.0,0.0,6916.63671875,0.0,61.0,66.0,0.0,34600.0,252.10023498535156,265.7733154296875,276.9927673339844,279.95343017578125,283.25140380859375,5586.75927734375,3041.0126953125,1499.4569091796875,808.7796630859375,164.9112548828125,276.7686767578125,56.0,39.25111770629883,319.14031982421875,1970.0,0.0,0.0,5592.2578125,3040.270751953125,1496.077392578125,805.0376586914062,163.214599609375,251.56996154785156,267.15521240234375,277.4559020996094,279.5483093261719,283.2455749511719,64.2612533569336,37.53826141357422,42.254215240478516,54.30619430541992,,,,277.763427734375,,101928.5625,94687.5234375,,10.44265365600586,58.0,0.0,7620.0,32.0,32.0,16209.0,15.0,17.0,36.0,49.0,72.0,3.0,3.0,3.0,4.0,0.0,175.0,270.5,264.0299987792969,60.0,2.0,27.600000381469727,35.599998474121094
2023-11-14T21:51,2023-11-14T22:00,1,train,0,2023,11,21,1,2023-11-14T21:00,4,2023-11-14T18:00,4,2023-11-14T18:00,1,2023-11-14T21:00,3,2023-11-14T18:00,1,2023-11-14T21:00,-999.0,0.0,65.0,0.0,0.0,nan,1341.90087890625,nan,86700.0,nan,10.665736198425293,246.97634887695312,262.3984680175781,268.0107421875,270.42327880859375,274.60992431640625,5507.7861328125,3005.6708984375,1494.1295166015625,196.75106811523438,266.3427734375,89.5999984741211,235.9525146484375,263.8399963378906,12200.0,0.0,0.0020000000949949026,364.8046875,60.5,43.099998474121094,17.700000762939453,76.9000015258789,23767.48828125,5.439999949885532e-05,0.9375,258.8747863769531,272.4075012207031,278.7166748046875,282.5679931640625,287.1880798339844,5744.53515625,3126.17431640625,1552.2498779296875,854.8786010742188,201.95616149902344,287.62371826171875,90.5,96.9000015258789,741.67919921875,3038.239990234375,20000.08984375,48.0,0.0,0.0,0.0,248.6999969482422,262.3999938964844,267.8999938964844,270.20001220703125,274.20001220703125,5513.82958984375,3005.479248046875,1495.0565185546875,830.3255615234375,203.53599548339844,268.3999938964844,98.5999984741211,100.0,510.239990234375,449.760009765625,0.00019999999494757503,0.625,836.0352783203125,100.0,0.0,0.0,100.0,3300.0,247.62606811523438,261.8481140136719,267.9254455566406,270.22503662109375,274.66729736328125,5516.1826171875,3010.9443359375,1500.8388671875,835.16650390625,206.9134979248047,270.5775146484375,96.085205078125,97.3096923828125,472.1025085449219,370.0,0.0,0.0,5498.55859375,3000.25,1495.86669921875,830.111328125,207.101318359375,246.42318725585938,260.9700622558594,267.89727783203125,270.3294677734375,274.850830078125,53.281463623046875,93.50057220458984,96.98612976074219,84.67133331298828,,,,272.4539794921875,,102616.0,95086.5546875,,6.900577545166016,82.0,0.0,7620.0,832.0,432.0,nan,,,,,,,,,,1.0,305.0,264.44000244140625,263.4700012207031,93.0,7.0,26.0,28.0
2023-11-04T06:52,2023-11-04T07:00,24,train,0,2023,11,6,25,2023-11-03T06:00,25,2023-11-03T06:00,25,2023-11-03T06:00,22,2023-11-03T09:00,24,2023-11-03T06:00,24,2023-11-03T07:00,-999.0,0.0,0.0,2.0,0.0,nan,4202.55859375,45600.0,60200.0,nan,11.520782470703125,252.3130645751953,267.4248962402344,275.10064697265625,278.2330322265625,282.1917724609375,5592.193359375,3037.070556640625,1491.92333984375,161.13827514648438,273.0367126464844,56.29999923706055,319.8832092285156,1294.0799560546875,32400.0,0.0,0.0,1468.60400390625,100.0,100.0,5.0,84.5,17346.79296875,0.00021240000205580145,1.125,260.7845458984375,274.0434875488281,280.27679443359375,280.8530578613281,283.39300537109375,5507.345703125,2863.831298828125,1276.3704833984375,578.7061157226562,-66.58537292480469,281.9339904785156,91.69999694824219,96.19999694824219,877.4494018554688,3048.800048828125,7704.5537109375,17.0,98.0,46.0,24100.0,253.8000030517578,267.0,275.70001220703125,277.29998779296875,281.5,5584.18408203125,3025.525146484375,1481.1988525390625,797.73583984375,158.5177001953125,274.2799987792969,58.400001525878906,54.0,523.5999755859375,2013.1199951171875,0.0,0.0,5856.64453125,0.0,90.0,44.0,0.0,25100.0,252.11376953125,266.9124755859375,274.266357421875,277.7950134277344,281.0132141113281,5587.9765625,3037.162353515625,1495.28076171875,810.6763305664062,168.40016174316406,274.9411315917969,68.14056396484375,56.84982681274414,335.1592712402344,1680.0,0.0,0.0,5592.6796875,3039.604736328125,1496.90771484375,808.6204833984375,169.08935546875,251.9080810546875,267.06842041015625,276.21771240234375,278.52435302734375,282.19488525390625,58.523475646972656,38.319156646728516,46.45952224731445,57.026493072509766,,,,276.2120361328125,,102009.4375,94736.328125,,9.790802955627441,78.0,0.0,7620.0,32.0,32.0,256.0,32.0,33.0,43.0,53.0,71.0,58.0,59.0,59.0,65.0,0.0,193.0,270.25,264.8800048828125,66.0,3.0,26.799999237060547,34.79999923706055
2023-11-04T06:52,2023-11-04T07:00,48,train,0,2023,11,6,43,2023-11-02T12:00,49,2023-11-02T06:00,49,2023-11-02T06:00,46,2023-11-02T09:00,48,2023-11-02T06:00,36,2023-11-02T19:00,-999.0,0.0,0.0,4.0,0.0,6514.14111328125,3412.829833984375,42500.0,66600.0,7181.6962890625,12.079804420471191,252.32208251953125,266.24688720703125,273.09759521484375,277.08355712890625,281.22784423828125,5584.6865234375,3031.91650390625,1494.59228515625,170.25906372070312,271.959228515625,68.30000305175781,344.93975830078125,1127.52001953125,23700.0,0.0,0.0,1397.6761474609375,100.0,99.80000305175781,32.70000076293945,57.5,24135.107421875,0.0001016000023810193,1.0625,260.1061096191406,274.3517150878906,279.9731140136719,280.99969482421875,284.2219543457031,5514.69384765625,2872.753662109375,1286.129150390625,587.7145385742188,-59.24415588378906,282.7813720703125,91.0999984741211,96.80000305175781,936.0394897460938,3083.360107421875,20000.1015625,91.0,100.0,26.0,24100.0,254.39999389648438,266.29998779296875,273.20001220703125,276.70001220703125,280.79998779296875,5569.99365234375,3007.215087890625,1471.490234375,790.5999755859375,152.4195556640625,273.8800048828125,62.20000076293945,60.0,571.6799926757812,1474.56005859375,0.0,0.0,5003.310546875,4.0,99.0,29.0,0.0,24700.0,251.76011657714844,265.8504333496094,272.6963806152344,277.05950927734375,280.4591369628906,5578.32177734375,3030.084228515625,1494.887939453125,813.40380859375,172.9871063232422,274.3982849121094,68.20500946044922,58.30018615722656,350.5618896484375,1380.0,0.0,0.0,5586.3828125,3032.84326171875,1488.705322265625,800.6643676757812,161.178955078125,252.4258270263672,266.27508544921875,276.6271057128906,278.4593200683594,282.20831298828125,61.29506301879883,37.171573638916016,47.27006530761719,57.714935302734375,,,,276.4677734375,,101905.5625,94640.109375,,10.141362190246582,74.0,0.0,7620.0,32.0,32.0,256.0,36.0,37.0,50.0,61.0,78.0,62.0,62.0,62.0,62.0,0.0,200.0,270.17999267578125,264.25,63.0,4.0,28.0,37.599998474121094
2023-11-14T21:51,2023-11-14T22:00,24,train,0,2023,11,21,22,2023-11-14T00:00,22,2023-11-14T00:00,22,2023-11-14T00:00,25,2023-11-13T21:00,21,2023-11-14T00:00,24,2023-11-13T22:00,-999.0,100.0,100.0,0.0,0.0,1342.04296875,1341.916748046875,84300.0,86700.0,1708.361572265625,7.097756862640381,244.60812377929688,260.5667419433594,266.7292785644531,270.83856201171875,275.0796813964844,5479.4326171875,2994.42626953125,1495.14453125,200.20364379882812,267.2955322265625,94.30000305175781,377.43609619140625,406.3999938964844,100.0,0.0,0.6800000071525574,383.91802978515625,100.0,92.30000305175781,66.69999694824219,21.899999618530273,24134.904296875,1.5999999959603883e-05,0.25,259.2982177734375,272.6994323730469,278.58026123046875,282.73052978515625,287.1769104003906,5739.83056640625,3121.0380859375,1550.5870361328125,853.6115112304688,200.5616912841797,287.56256103515625,91.30000305175781,77.19999694824219,646.275390625,3030.239990234375,20000.01953125,47.0,0.0,0.0,0.0,244.10000610351562,261.1000061035156,267.5,270.20001220703125,274.20001220703125,5480.0263671875,2995.137451171875,1487.5343017578125,823.0615234375,195.9591064453125,268.5199890136719,98.30000305175781,100.0,414.0799865722656,468.32000732421875,0.0,0.875,825.3887329101562,100.0,0.0,0.0,100.0,3200.0,244.98304748535156,259.7247009277344,266.4959716796875,270.3831787109375,274.8276672363281,5480.634765625,2995.052001953125,1494.45166015625,829.5588989257812,202.8684539794922,270.6676025390625,96.09922790527344,97.52401733398438,579.6536865234375,380.0,0.0,1.0625,5494.56640625,2997.802490234375,1492.932373046875,827.137939453125,202.340576171875,246.29319763183594,261.5772705078125,266.8280029296875,271.11273193359375,275.688232421875,45.235809326171875,94.16295623779297,83.25955200195312,72.93033599853516,,,,273.1820068359375,,102544.0,95052.2578125,,6.418901443481445,89.0,0.0,7620.0,32.0,32.0,201.0,61.0,65.0,66.0,66.0,69.0,48.0,48.0,49.0,51.0,1.0,293.0,264.1000061035156,263.5,95.0,1.0,22.0,24.0
2023-11-14T21:51,2023-11-14T22:00,48,train,0,2023,11,21,46,2023-11-13T00:00,46,2023-11-13T00:00,46,2023-11-13T00:00,49,2023-11-12T21:00,45,2023-11-13T00:00,36,2023-11-13T10:00,-999.0,100.0,100.0,0.0,0.0,1341.9263916015625,1341.809814453125,84000.0,86500.0,1707.042724609375,7.566656112670898,242.11329650878906,259.1319885253906,266.13092041015625,270.0159912109375,274.1725158691406,5442.537109375,2967.0205078125,1473.4615478515625,182.49917602539062,266.4944763183594,93.5,372.9355773925781,279.67999267578125,0.0,0.0,3.7300000190734863,5006.3173828125,0.0,5.0,100.0,7.900000095367432,24134.84375,4.800000169780105e-06,0.0625,259.75274658203125,270.53192138671875,277.7719421386719,281.74755859375,286.1077880859375,5741.65673828125,3113.9111328125,1553.75244140625,859.5830078125,208.359619140625,286.1286926269531,92.4000015258789,80.0999984741211,426.9107971191406,2575.52001953125,20000.0546875,45.0,0.0,0.0,0.0,243.10000610351562,261.3999938964844,267.20001220703125,268.6000061035156,272.6000061035156,5463.544921875,2976.9765625,1472.028564453125,811.0804443359375,186.41778564453125,266.7400207519531,98.30000305175781,100.0,367.9200134277344,195.0399932861328,0.00019999999494757503,0.5625,794.2744140625,100.0,0.0,0.0,100.0,100.0,241.75123596191406,258.9787902832031,266.1898193359375,269.78179931640625,274.04376220703125,5439.2978515625,2967.495361328125,1473.769287109375,809.7098388671875,184.9461212158203,269.9399719238281,97.0,98.68464660644531,494.7271728515625,270.0,0.0,2.3125,5482.9140625,2989.41259765625,1489.405517578125,822.780029296875,197.253173828125,243.32286071777344,261.0453796386719,266.6871337890625,271.47235107421875,276.0339050292969,49.79182434082031,96.8348617553711,83.605712890625,73.32555389404297,,,,273.2691345214844,,102471.25,94995.7734375,,6.542044162750244,87.0,0.0,7620.0,32.0,32.0,201.0,72.0,73.0,76.0,76.0,79.0,53.0,53.0,53.0,53.0,1.0,383.0,263.8299865722656,263.0199890136719,95.0,5.0,23.600000381469727,25.600000381469727
2023-11-26T17:49,2023-11-26T18:00,1,train,0,2023,11,17,1,2023-11-26T17:00,6,2023-11-26T12:00,6,2023-11-26T12:00,1,2023-11-26T17:00,0,2023-11-26T18:00,1,2023-11-26T17:00,-999.0,0.0,0.0,4.0,97.0,nan,631.5507202148438,nan,31100.0,nan,4.464199542999268,249.6142578125,265.93017578125,271.20159912109375,273.17193603515625,277.12176513671875,5544.62890625,3002.46435546875,1473.0150146484375,161.8396453857422,271.86859130859375,47.099998474121094,294.79510498046875,1109.3599853515625,42700.0,0.0,0.0,9386.15234375,0.0,64.5,100.0,0.0,24135.02734375,0.0,0.0,256.07513427734375,271.74481201171875,279.27911376953125,280.2272033691406,278.6904296875,5648.13818359375,3045.096435546875,1476.0145263671875,783.2005004882812,144.5187225341797,278.0318908691406,58.099998474121094,7.699999809265137,18.216957092285156,2807.679931640625,19999.9765625,11.0,4.0,3.0,24100.0,250.1999969482422,266.1000061035156,269.5,273.20001220703125,277.29998779296875,5542.4326171875,2998.027587890625,1467.775390625,796.1661987304688,170.7032928466797,271.0799865722656,62.400001525878906,60.0,330.0799865722656,862.239990234375,0.0,0.0,nan,1.0,31.0,93.0,1.0,26002.8203125,249.63729858398438,265.70684814453125,270.4144287109375,272.27362060546875,276.6268310546875,5537.0390625,2995.245361328125,1466.612548828125,795.4479370117188,161.69422912597656,273.9501953125,68.45755767822266,65.31669616699219,401.06243896484375,820.0,0.0,0.0,5544.55078125,3002.345703125,1473.656005859375,800.8880615234375,171.637939453125,249.8086395263672,265.5074157714844,270.8550720214844,273.1566162109375,277.606689453125,82.46326446533203,31.63928985595703,49.6104621887207,41.11534881591797,,,,276.07232666015625,,102099.375,94705.359375,,7.510486602783203,48.0,40.0,7752.0,88888.0,1672.0,16274.0,0.0,0.0,0.0,4.0,12.0,6.0,7.0,7.0,8.0,0.0,407.0,266.6299743652344,259.7300109863281,58.0,0.0,14.399999618530273,15.199999809265137
2023-11-26T17:49,2023-11-26T18:00,48,train,0,2023,11,17,48,2023-11-24T18:00,48,2023-11-24T18:00,48,2023-11-24T18:00,45,2023-11-24T21:00,48,2023-11-24T18:00,48,2023-11-24T18:00,-999.0,0.0,0.0,100.0,100.0,6510.32470703125,5820.09912109375,37000.0,48100.0,8857.990234375,6.194088935852051,249.46865844726562,265.73297119140625,270.1659240722656,272.6625671386719,276.8593444824219,5546.2763671875,3007.5517578125,1480.0047607421875,171.07984924316406,269.8775634765625,62.79999923706055,315.0203857421875,804.7999877929688,29400.0,0.0,0.0,6272.57763671875,0.0,99.9000015258789,94.9000015258789,0.0,24134.68359375,0.0,0.0,255.97406005859375,271.6382141113281,279.390380859375,279.483642578125,278.8950500488281,5641.97705078125,3039.601806640625,1470.3973388671875,777.9379272460938,140.34893798828125,278.2635803222656,61.70000076293945,15.600000381469727,10.496070861816406,2779.360107421875,7616.5830078125,11.0,93.0,76.0,24100.0,250.1999969482422,265.70001220703125,270.6000061035156,275.20001220703125,279.29998779296875,5538.2666015625,2995.3623046875,1466.796630859375,790.8576049804688,163.66566467285156,273.3500061035156,44.099998474121094,38.0,418.7200012207031,1187.199951171875,0.0,0.0,7765.15966796875,33.0,100.0,100.0,1.0,27307.171875,249.23126220703125,265.5423278808594,268.5281982421875,270.5999450683594,275.12530517578125,5530.3466796875,2994.83544921875,1471.927001953125,805.7493286132812,174.36309814453125,271.9337158203125,66.03042602539062,65.44132232666016,452.87115478515625,570.0,0.0,0.0,5544.94921875,3006.231201171875,1476.42333984375,804.1583251953125,173.39208984375,249.8197021484375,265.9252624511719,269.97283935546875,273.77386474609375,278.322509765625,76.93406677246094,32.18866729736328,44.645774841308594,36.72048568725586,,,,277.27960205078125,,102105.8125,94725.015625,,7.721920967102051,66.0,,,3304.0,1128.0,9856.0,11.0,19.0,,27.0,,49.0,,49.0,49.0,0.0,486.0,266.5,258.8899841308594,55.0,0.0,12.399999618530273,13.600000381469727
2023-12-04T21:52,2023-12-04T22:00,24,train,0,2023,12,21,22,2023-12-04T00:00,22,2023-12-04T00:00,22,2023-12-04T00:00,25,2023-12-03T21:00,21,2023-12-04T00:00,24,2023-12-03T22:00,-999.0,100.0,100.0,0.0,0.0,1342.156494140625,1342.0135498046875,75600.0,85100.0,2489.832763671875,4.322789669036865,244.99798583984375,260.6935729980469,267.8916931152344,270.52032470703125,274.5187072753906,5356.72119140625,2853.09033203125,1350.446533203125,54.544677734375,267.788818359375,94.9000015258789,381.3245849609375,480.55999755859375,200.0,9.999999747378752e-05,25.049999237060547,1132.468505859375,10.100000381469727,75.5999984741211,0.0,34.20000076293945,24134.970703125,1.2800000149582047e-05,3.0,245.91281127929688,263.6698303222656,271.4193420410156,276.9781494140625,281.33770751953125,5476.5439453125,2961.808837890625,1445.4359130859375,765.12939453125,125.88987731933594,280.9804382324219,78.9000015258789,79.9000015258789,996.6847534179688,1232.800048828125,1262.933349609375,89.0,0.0,0.0,4100.0,244.6999969482422,263.6000061035156,267.20001220703125,271.6000061035156,275.6000061035156,5363.2646484375,2853.110595703125,1346.967041015625,679.1389770507812,58.51456069946289,268.8500061035156,95.5999984741211,100.0,908.6400146484375,519.6799926757812,9.999999747378752e-05,0.3125,1080.7042236328125,100.0,0.0,0.0,95.0,2500.0,244.84178161621094,262.13818359375,266.6897888183594,269.1336364746094,273.20782470703125,5357.7333984375,2851.4208984375,1347.557373046875,683.994140625,54.88092041015625,268.61834716796875,91.05316162109375,95.28298950195312,362.5230712890625,60.0,7.000000186963007e-05,22.125,5362.27734375,2853.84423828125,1348.005859375,679.931884765625,59.369384765625,244.69789123535156,262.9775390625,268.42791748046875,269.91058349609375,273.7707824707031,62.7548828125,100.06326293945312,97.60195922851562,94.10185241699219,,,,270.445068359375,,100739.6875,93320.078125,,7.467026710510254,96.0,0.0,7620.0,0.0,0.0,0.0,88.0,89.0,96.0,96.0,99.0,82.0,91.0,98.0,100.0,4.0,208.0,264.77996826171875,263.5099792480469,93.0,25.0,10.800000190734863,11.600000381469727
2023-11-26T17:49,2023-11-26T18:00,24,train,0,2023,11,17,24,2023-11-25T18:00,24,2023-11-25T18:00,24,2023-11-25T18:00,21,2023-11-25T21:00,24,2023-11-25T18:00,24,2023-11-25T18:00,-999.0,0.0,0.0,100.0,100.0,8194.830078125,5814.27294921875,nan,48100.0,9324.5419921875,5.520426273345947,249.02151489257812,265.49273681640625,270.2252197265625,272.7606201171875,276.8557434082031,5537.91015625,2999.152099609375,1472.1998291015625,163.20855712890625,270.03131103515625,63.5,303.2487487792969,825.2000122070312,28900.0,0.0,0.0,20000.162109375,0.0,100.0,100.0,0.0,24135.111328125,0.0,0.0,256.47491455078125,271.46124267578125,279.81378173828125,280.249755859375,278.83831787109375,5645.033203125,3041.96630859375,1473.3997802734375,779.5140991210938,140.81918334960938,278.1676940917969,59.20000076293945,10.0,10.835539817810059,2737.919921875,5432.65869140625,3.0,89.0,85.0,24100.0,249.3000030517578,266.0,270.70001220703125,274.79998779296875,278.8999938964844,5540.41796875,2998.1083984375,1469.0155029296875,793.6881713867188,169.97315979003906,273.0400085449219,53.79999923706055,51.0,290.8800048828125,1164.47998046875,0.0,0.0,8050.51806640625,0.0,97.0,100.0,0.0,31602.99609375,249.25381469726562,265.30145263671875,269.9774169921875,271.7337951660156,276.0875244140625,5538.205078125,3000.84814453125,1474.970947265625,805.1337280273438,172.52066040039062,273.27972412109375,59.457557678222656,57.793270111083984,421.7356262207031,760.0,0.0,0.0,5541.76171875,2998.671875,1470.53271484375,798.2748413085938,168.2470703125,249.57176208496094,265.8275146484375,270.2471923828125,273.52301025390625,277.9669494628906,72.55390930175781,33.9291877746582,47.4257698059082,39.87405014038086,,,,276.98187255859375,,102039.5,94655.03125,,7.223556041717529,56.0,0.0,7620.0,88888.0,3544.0,201.0,5.0,6.0,7.0,10.0,14.0,39.0,39.0,39.0,39.0,0.0,430.0,266.1600036621094,259.32000732421875,57.0,1.0,14.800000190734863,16.0
2023-12-04T21:52,2023-12-04T22:00,48,train,0,2023,12,21,46,2023-12-03T00:00,46,2023-12-03T00:00,46,2023-12-03T00:00,49,2023-12-02T21:00,45,2023-12-03T00:00,36,2023-12-03T10:00,-999.0,73.0,100.0,4.0,0.0,1342.1346435546875,1341.9088134765625,73400.0,85100.0,2489.554443359375,3.5577831268310547,244.45501708984375,260.476318359375,267.9056396484375,269.99017333984375,274.02880859375,5343.0732421875,2846.277587890625,1343.318359375,48.34590148925781,267.96160888671875,95.19999694824219,350.5520324707031,510.1600036621094,1900.0,9.999999747378752e-05,31.510000228881836,1077.1014404296875,63.5,0.0,0.0,49.400001525878906,15236.43359375,0.00010879999899771065,3.8125,247.2156982421875,261.63714599609375,272.10321044921875,277.4585266113281,282.2499084472656,5482.43603515625,2964.297607421875,1445.52099609375,763.873779296875,122.75596618652344,281.8602600097656,77.19999694824219,81.0,903.6858520507812,1304.0,1262.879150390625,100.0,98.0,0.0,5300.0,245.5,262.3999938964844,266.3999938964844,270.79998779296875,274.79998779296875,5354.0,2844.408203125,1341.62939453125,675.7708129882812,57.844844818115234,267.8699951171875,97.0,100.0,135.1999969482422,368.4800109863281,0.0,0.625,1089.448974609375,100.0,15.0,0.0,60.0,2800.0,245.40866088867188,260.7859191894531,267.43157958984375,268.59466552734375,272.5900573730469,5357.86865234375,2850.59423828125,1346.5472412109375,682.8911743164062,55.68499755859375,268.1619567871094,90.0,94.41511535644531,345.816162109375,30.0,5.999999848427251e-05,22.0625,5364.89453125,2850.727783203125,1345.241943359375,677.407470703125,56.42529296875,245.26161193847656,262.627197265625,267.9183349609375,270.15753173828125,274.05877685546875,83.61852264404297,99.32457733154297,97.22041320800781,95.30631256103516,,,,270.6598205566406,,100697.0,93288.0078125,,7.693504810333252,97.0,0.0,7620.0,0.0,0.0,0.0,95.0,98.0,100.0,100.0,100.0,82.0,88.0,92.0,94.0,2.0,182.0,264.6000061035156,263.5199890136719,91.0,24.0,12.800000190734863,13.600000381469727
2023-12-04T21:52,2023-12-04T22:00,1,train,0,2023,12,21,1,2023-12-04T21:00,4,2023-12-04T18:00,4,2023-12-04T18:00,1,2023-12-04T21:00,3,2023-12-04T18:00,1,2023-12-04T21:00,-999.0,100.0,100.0,0.0,0.0,1342.096435546875,1341.9664306640625,81300.0,85200.0,1871.6414794921875,4.382884979248047,245.0816650390625,261.3245849609375,267.4481201171875,271.46697998046875,275.335693359375,5360.30517578125,2856.701171875,1357.2803955078125,57.68119812011719,267.55560302734375,94.69999694824219,434.8425598144531,446.79998779296875,200.0,0.0,0.04399999976158142,5471.48291015625,58.70000076293945,1.7000000476837158,0.0,9.5,17242.626953125,7.760000153211877e-05,1.3125,244.2855682373047,263.2002258300781,272.4925537109375,278.439208984375,281.6299133300781,5473.8125,2963.74755859375,1442.13134765625,758.6290893554688,117.11222076416016,281.1861267089844,83.0,75.19999694824219,727.3994140625,1363.0400390625,1761.0108642578125,97.0,10.0,0.0,1800.0,245.10000610351562,261.70001220703125,268.8999938964844,273.6000061035156,277.70001220703125,5366.6005859375,2858.614990234375,1355.140869140625,682.351806640625,62.03212356567383,270.6400146484375,92.80000305175781,95.0,555.0399780273438,795.6799926757812,0.0003000000142492354,1.6875,794.3651733398438,100.0,0.0,0.0,100.0,200.0,244.0810546875,262.012451171875,267.69049072265625,270.6848449707031,274.60845947265625,5359.17822265625,2857.117431640625,1353.6383056640625,686.30712890625,56.86407470703125,270.6119384765625,97.67036437988281,99.35431671142578,353.3819885253906,370.0,3.9999998989515007e-05,0.125,5360.2890625,2850.97705078125,1347.309814453125,679.4161987304688,59.3310546875,245.15670776367188,262.14508056640625,268.222412109375,269.8109130859375,273.7083435058594,90.34803009033203,99.56069946289062,98.39774322509766,95.1186294555664,,,,270.45697021484375,,100730.375,93299.90625,,8.287901878356934,98.0,0.0,7620.0,0.0,0.0,209.0,68.0,90.0,100.0,100.0,100.0,95.0,100.0,100.0,100.0,2.0,252.0,264.6000061035156,263.92999267578125,95.0,30.0,16.399999618530273,17.600000381469727
2023-12-12T00:59,2023-12-12T01:00,1,train,0,2023,12,0,1,2023-12-12T00:00,1,2023-12-12T00:00,1,2023-12-12T00:00,1,2023-12-12T00:00,0,2023-12-12T00:00,1,2023-12-12T00:00,-999.0,100.0,100.0,0.0,0.0,1341.9078369140625,1341.7388916015625,79600.0,85200.0,2050.143310546875,11.115739822387695,247.90496826171875,258.03656005859375,265.6885070800781,270.254150390625,274.41375732421875,5338.0849609375,2852.170654296875,1364.00390625,76.27286529541016,265.7467041015625,91.30000305175781,453.8146667480469,170.0800018310547,0.0,0.0,0.7200000286102295,7233.1083984375,1.7000000476837158,100.0,100.0,0.0,24134.935546875,0.0,0.0,257.5513000488281,272.4882507324219,281.5909118652344,287.07977294921875,285.53448486328125,5684.06201171875,3068.797607421875,1483.4808349609375,777.2794189453125,118.06090545654297,284.84747314453125,89.69999694824219,57.5,60.43534469604492,2974.39990234375,1331.9278564453125,63.0,0.0,0.0,600.0,248.10000610351562,259.1000061035156,264.8999938964844,269.79998779296875,273.79998779296875,5346.611328125,2857.162353515625,1365.68603515625,702.6817016601562,77.99584197998047,267.1600036621094,92.0999984741211,95.0,498.1600036621094,259.5199890136719,0.0015999999595806003,2.375,806.0657958984375,100.0,0.0,0.0,100.0,706.8878173828125,247.64967346191406,257.3199462890625,265.7731018066406,270.58209228515625,274.87457275390625,5344.81884765625,2869.669921875,1381.69287109375,717.1444091796875,93.66812896728516,270.0980224609375,96.92324829101562,96.16529846191406,678.486572265625,290.0,3.9999998989515007e-05,0.125,5353.921875,2856.6025390625,1364.63623046875,699.43359375,75.887939453125,249.05502319335938,257.39825439453125,266.2555236816406,270.89593505859375,275.0700378417969,73.66327667236328,95.64783477783203,94.53902435302734,90.42955017089844,,,,271.54583740234375,,100952.1875,93534.03125,,6.377630233764648,92.0,0.0,7620.0,0.0,0.0,256.0,94.0,100.0,100.0,100.0,100.0,100.0,100.0,100.0,100.0,4.0,400.0,262.6299743652344,261.0799865722656,89.0,21.0,38.79999923706055,42.0
2023-12-12T00:59,2023-12-12T01:00,24,train,0,2023,12,0,25,2023-12-11T00:00,25,2023-12-11T00:00,25,2023-12-11T00:00,22,2023-12-11T03:00,24,2023-12-11T00:00,24,2023-12-11T01:00,-999.0,100.0,100.0,0.0,0.0,1341.5516357421875,1341.35595703125,82900.0,85300.0,1701.5330810546875,12.83676528930664,246.6700439453125,258.0843505859375,263.91912841796875,267.8862609863281,272.0157470703125,5340.845703125,2859.7421875,1374.819091796875,94.84474182128906,263.53948974609375,91.0999984741211,356.8648681640625,0.0,0.0,0.0,43.93000030517578,7011.8359375,0.0,97.5,100.0,0.0,24135.185546875,0.0,0.0,257.99066162109375,272.7889709472656,282.0513916015625,287.32647705078125,285.54522705078125,5683.55419921875,3071.269287109375,1486.690185546875,779.787109375,119.52937316894531,284.86566162109375,86.19999694824219,54.400001525878906,90.37267303466797,3033.760009765625,1195.4852294921875,70.0,0.0,0.0,0.0,247.10000610351562,259.79998779296875,262.6000061035156,267.6000061035156,271.6000061035156,5343.57958984375,2855.16845703125,1366.5958251953125,709.068603515625,89.24756622314453,265.1700134277344,98.30000305175781,100.0,494.32000732421875,0.0,0.002300000051036477,5.0,824.5247802734375,100.0,0.0,0.0,100.0,2700.0,247.78271484375,257.06951904296875,263.5014953613281,267.75555419921875,272.1408996582031,5343.33154296875,2858.61962890625,1377.0350341796875,719.212646484375,98.33392333984375,267.426025390625,95.0,95.97953033447266,652.935791015625,0.0,3.9999998989515007e-05,30.375,5359.51171875,2855.523193359375,1365.093017578125,703.0147094726562,82.37890625,249.2917022705078,258.0813293457031,265.0302429199219,269.64666748046875,273.83026123046875,68.02737426757812,93.39527893066406,94.6493148803711,89.30956268310547,,,,270.6963806152344,,101031.8125,93579.0078125,,5.782079696655273,87.0,0.0,7620.0,32.0,32.0,256.0,70.0,70.0,70.0,71.0,78.0,80.0,84.0,86.0,89.0,3.0,390.0,261.75,259.83001708984375,86.0,19.0,42.79999923706055,46.0
2023-12-12T00:59,2023-12-12T01:00,48,train,0,2023,12,0,43,2023-12-10T06:00,49,2023-12-10T00:00,49,2023-12-10T00:00,46,2023-12-10T03:00,48,2023-12-10T00:00,36,2023-12-10T13:00,-999.0,100.0,100.0,0.0,0.0,1341.5244140625,1341.285888671875,81100.0,85000.0,1700.2867431640625,14.39543342590332,246.01589965820312,259.0928039550781,263.759033203125,267.8103332519531,271.8306884765625,5312.0166015625,2830.843505859375,1343.4783935546875,63.475830078125,263.00946044921875,90.5,365.59814453125,0.0,100.0,9.999999747378752e-05,90.26000213623047,7525.50341796875,0.0,63.599998474121094,100.0,0.0,24134.904296875,0.0,0.0,257.65020751953125,272.98516845703125,282.705810546875,286.8832092285156,284.66424560546875,5686.7919921875,3076.146240234375,1490.4791259765625,784.3462524414062,125.89724731445312,284.17041015625,90.4000015258789,54.79999923706055,154.94667053222656,3049.760009765625,1195.2586669921875,68.0,3.0,0.0,0.0,244.39999389648438,262.3999938964844,261.6000061035156,266.20001220703125,270.20001220703125,5295.61572265625,2795.10400390625,1302.61767578125,648.5765380859375,31.916828155517578,264.1899719238281,98.30000305175781,100.0,396.4800109863281,0.0,0.0027000000700354576,5.4375,851.4833374023438,100.0,0.0,0.0,100.0,4025.212646484375,246.122314453125,257.4531555175781,262.9532775878906,267.1829833984375,271.525634765625,5320.4111328125,2845.688232421875,1362.39599609375,706.4071044921875,85.64227294921875,266.7426452636719,93.0188980102539,92.68333435058594,565.2623291015625,0.0,3.9999998989515007e-05,69.25,5334.2421875,2838.950439453125,1355.043212890625,693.4059448242188,73.27197265625,249.7123565673828,258.16717529296875,264.5328369140625,269.5074462890625,273.7158203125,71.921875,96.75759887695312,91.79359436035156,86.01615905761719,,,,270.3335266113281,,100915.0625,93465.828125,,5.6282477378845215,72.0,0.0,7620.0,32.0,32.0,0.0,80.0,80.0,80.0,80.0,80.0,72.0,72.0,72.0,74.0,4.0,373.0,261.8800048828125,259.25,83.0,19.0,50.0,55.599998474121094
2023-12-19T21:55,2023-12-19T22:00,24,train,0,2023,12,21,22,2023-12-19T00:00,22,2023-12-19T00:00,22,2023-12-19T00:00,25,2023-12-18T21:00,21,2023-12-19T00:00,24,2023-12-18T22:00,-999.0,0.0,4.0,0.0,0.0,nan,1341.4525146484375,85700.0,85700.0,nan,9.319363594055176,250.79644775390625,259.4610595703125,265.5086975097656,268.83551025390625,272.89129638671875,5405.9560546875,2901.54150390625,1408.004638671875,118.79165649414062,263.98248291015625,82.0999984741211,264.7905578613281,0.0,15100.0,0.0,3.490000009536743,1220.810546875,100.0,1.7000000476837158,5.0,27.200000762939453,24135.23046875,8.000000093488779e-07,0.0625,258.0498046875,272.51165771484375,276.3424377441406,278.6268615722656,281.1309509277344,5749.107421875,3130.00634765625,1561.3897705078125,873.7203369140625,231.64915466308594,281.7769775390625,87.0,89.30000305175781,333.0382080078125,2984.800048828125,20000.171875,50.0,0.0,0.0,0.0,252.10000610351562,261.20001220703125,267.8999938964844,266.79998779296875,270.70001220703125,5424.39306640625,2900.383056640625,1392.30419921875,734.4114379882812,112.49073791503906,264.67999267578125,97.0,100.0,453.8399963378906,0.0,0.00019999999494757503,0.25,875.85595703125,100.0,0.0,0.0,100.0,2200.0,250.4713897705078,258.2481384277344,264.4338684082031,268.0811767578125,272.5434265136719,5393.58984375,2894.44970703125,1406.843505859375,747.5630493164062,123.5858154296875,268.1094970703125,95.02134704589844,94.47978973388672,492.6780700683594,20.0,7.999999797903001e-05,15.0,5421.67578125,2897.9208984375,1403.36767578125,740.188232421875,117.833740234375,252.9224853515625,260.03778076171875,265.72760009765625,270.2743835449219,274.56756591796875,31.724700927734375,98.76701354980469,85.68418884277344,78.21154022216797,,,,271.79437255859375,,101479.8125,94016.453125,,5.27664041519165,79.0,0.0,7620.0,0.0,0.0,201.0,72.0,72.0,72.0,72.0,75.0,58.0,58.0,58.0,58.0,2.0,407.0,262.75,260.30999755859375,81.0,3.0,24.799999237060547,26.799999237060547
2023-12-19T21:55,2023-12-19T22:00,48,train,0,2023,12,21,46,2023-12-18T00:00,46,2023-12-18T00:00,46,2023-12-18T00:00,49,2023-12-17T21:00,45,2023-12-18T00:00,36,2023-12-18T10:00,1739.239990234375,0.0,41.0,0.0,0.0,nan,1341.8968505859375,76000.0,85600.0,nan,7.875400066375732,252.42454528808594,257.6407165527344,266.70208740234375,271.07415771484375,275.22552490234375,5399.5732421875,2885.30078125,1393.1640625,101.78557586669922,266.0514831542969,83.19999694824219,254.05050659179688,219.9199981689453,800.0,0.00039999998989515007,206.1300048828125,1139.698974609375,100.0,5.0,5.0,73.30000305175781,24134.943359375,8.799999704933725e-06,0.125,258.4778747558594,273.701171875,275.0006103515625,277.60601806640625,281.8370361328125,5754.7294921875,3128.501953125,1555.5906982421875,871.8096313476562,230.66769409179688,282.08740234375,80.5,90.0,302.83416748046875,3245.60009765625,19999.8125,48.0,0.0,0.0,0.0,250.8000030517578,261.70001220703125,261.79998779296875,264.20001220703125,268.20001220703125,5405.3427734375,2887.016845703125,1389.962890625,739.9421997070312,123.01922607421875,262.34002685546875,97.0,100.0,600.3200073242188,0.0,0.00039999998989515007,0.9375,837.7357788085938,100.0,0.0,0.0,100.0,2100.0,252.0704345703125,256.96630859375,265.8021240234375,269.4830322265625,273.92987060546875,5381.671875,2873.568603515625,1382.5,719.9644775390625,95.9397201538086,269.244384765625,94.6383056640625,93.19286346435547,518.02685546875,150.0,0.00013000000035390258,85.1875,5415.68359375,2894.126708984375,1396.973876953125,734.589111328125,113.05615234375,252.11439514160156,261.25543212890625,265.4520263671875,269.9722900390625,274.21905517578125,50.898712158203125,91.69268798828125,81.70482635498047,74.14131164550781,,,,271.1214599609375,,101438.625,93964.984375,,5.428790092468262,72.0,0.0,7620.0,0.0,0.0,256.0,84.0,85.0,88.0,88.0,91.0,57.0,57.0,57.0,57.0,2.0,301.0,262.7099914550781,260.29998779296875,82.0,4.0,25.200000762939453,27.200000762939453
2023-12-19T21:55,2023-12-19T22:00,1,train,0,2023,12,21,1,2023-12-19T21:00,4,2023-12-19T18:00,4,2023-12-19T18:00,1,2023-12-19T21:00,3,2023-12-19T18:00,1,2023-12-19T21:00,-999.0,0.0,35.0,0.0,0.0,nan,1341.5389404296875,nan,85900.0,nan,8.643918991088867,251.23345947265625,260.6481628417969,266.13671875,269.8023986816406,273.92449951171875,5438.81103515625,2921.98193359375,1423.4036865234375,129.3388214111328,264.61712646484375,82.69999694824219,271.9039001464844,0.0,15100.0,0.0,0.026000000536441803,324.40924072265625,100.0,100.0,5.0,32.29999923706055,24134.669921875,0.0,0.0625,257.9732971191406,271.733154296875,277.6632385253906,278.4798583984375,280.56500244140625,5745.541015625,3130.590087890625,1562.1575927734375,872.0310668945312,231.4276885986328,281.2789306640625,94.80000305175781,98.80000305175781,374.0585632324219,2855.199951171875,19999.83203125,43.0,0.0,0.0,0.0,251.6999969482422,260.70001220703125,264.8999938964844,267.5,271.5,5434.26318359375,2915.375732421875,1407.70166015625,749.906005859375,127.94833374023438,265.67999267578125,96.80000305175781,100.0,670.3200073242188,32.47999954223633,0.00039999998989515007,0.6875,853.7328491210938,100.0,0.0,0.0,100.0,6500.0,251.07464599609375,260.86181640625,265.10723876953125,269.158935546875,273.73602294921875,5440.79345703125,2925.88330078125,1429.688232421875,768.2913208007812,140.34561157226562,269.8160400390625,95.64375305175781,93.97679901123047,598.4402465820312,250.0,0.0,0.0,5425.359375,2909.747314453125,1411.324462890625,747.25830078125,124.436279296875,251.8053436279297,259.8816833496094,266.4539794921875,270.38519287109375,274.73187255859375,47.05817413330078,92.09819030761719,85.43955993652344,76.21802520751953,,,,271.8279113769531,,101581.75,94108.15625,,5.633816242218018,79.0,0.0,7620.0,0.0,0.0,256.0,52.0,64.0,73.0,73.0,74.0,74.0,74.0,74.0,74.0,2.0,394.0,263.29998779296875,261.03997802734375,84.0,6.0,19.600000381469727,21.299999237060547
2023-12-26T14:55,2023-12-26T15:00,1,train,0,2023,12,14,1,2023-12-26T14:00,3,2023-12-26T12:00,3,2023-12-26T12:00,1,2023-12-26T14:00,3,2023-12-26T12:00,1,2023-12-26T14:00,-999.0,0.0,10.0,0.0,1.0,nan,1343.1319580078125,nan,87000.0,nan,8.220842361450195,257.50457763671875,270.38079833984375,276.0399475097656,278.0185546875,281.4496765136719,5685.25,3081.351806640625,1527.6202392578125,192.66915893554688,275.8181457519531,73.0999984741211,159.04238891601562,2621.43994140625,22600.0,0.0,0.0,20000.134765625,0.0,0.0,27.399999618530273,0.0,24134.68359375,0.0,0.0,257.3076171875,273.2120361328125,280.64239501953125,280.9588623046875,283.95257568359375,5717.73388671875,3110.497314453125,1531.6317138671875,835.3536376953125,191.162841796875,284.36663818359375,61.599998474121094,42.20000076293945,48.23958206176758,3119.52001953125,20000.12890625,26.0,0.0,0.0,24100.0,257.1000061035156,271.70001220703125,275.5,278.79998779296875,283.0,5691.6240234375,3089.782958984375,1536.742919921875,850.0050659179688,217.20803833007812,276.54998779296875,94.0,94.0,298.0799865722656,1989.9200439453125,0.0,0.25,744.7715454101562,95.0,0.0,25.0,95.0,3100.0,257.44976806640625,271.0620422363281,275.8851318359375,277.0281982421875,279.51165771484375,5685.4638671875,3082.097900390625,1528.083984375,842.906982421875,198.89691162109375,276.51910400390625,97.0588607788086,96.74442291259766,253.29000854492188,2380.0,0.0,0.0,5692.47265625,3088.102783203125,1533.60986328125,847.293212890625,212.713623046875,257.22174072265625,271.71160888671875,275.61199951171875,276.6663818359375,279.63232421875,6.644874572753906,79.05326080322266,90.88145446777344,89.59954833984375,,,,277.80877685546875,,102617.625,95228.6171875,,8.861837387084961,58.0,68.0,7988.0,0.0,0.0,256.0,61.0,66.0,68.0,68.0,72.0,55.0,55.0,55.0,55.0,0.0,135.0,271.41998291015625,268.78997802734375,82.0,0.0,13.199999809265137,14.800000190734863
2024-01-02T02:54,2024-01-02T03:00,1,train,1,2024,1,2,1,2024-01-02T02:00,3,2024-01-02T00:00,3,2024-01-02T00:00,1,2024-01-02T02:00,3,2024-01-02T00:00,1,2024-01-02T02:00,-999.0,0.0,42.0,0.0,0.0,nan,1556.956787109375,nan,83400.0,nan,7.093217849731445,246.8854217529297,262.23773193359375,265.23468017578125,264.8375244140625,268.6714782714844,5420.15576171875,2909.506103515625,1402.75390625,121.29572296142578,263.11016845703125,51.29999923706055,143.85630798339844,0.0,38600.0,0.0,0.0,2598.33349609375,100.0,100.0,98.19999694824219,0.0,24135.10546875,0.0,0.0,258.66143798828125,267.8139343261719,278.7602844238281,283.56646728515625,281.67999267578125,5624.533203125,3022.534912109375,1470.25439453125,772.1663208007812,123.41118621826172,281.2997131347656,69.69999694824219,35.79999923706055,179.1313934326172,2057.43994140625,19999.845703125,21.0,0.0,0.0,24100.0,247.10000610351562,262.0,265.6000061035156,266.0,269.8999938964844,5424.09130859375,2911.057861328125,1402.53564453125,747.4386596679688,142.53744506835938,262.0199890136719,92.30000305175781,82.0,133.9199981689453,0.0,0.0,0.0,793.3776245117188,92.0,0.0,0.0,88.0,700.0006713867188,247.0623779296875,262.33465576171875,264.48052978515625,263.52972412109375,267.38922119140625,5430.203125,2917.741455078125,1412.6961669921875,759.7850341796875,138.07550048828125,261.120361328125,77.18653869628906,88.93083190917969,118.28052520751953,0.0,9.999999747378752e-06,0.0625,5432.3046875,2915.56103515625,1404.539794921875,753.052001953125,150.998291015625,247.4187469482422,262.1473693847656,267.4591064453125,261.7729187011719,265.731689453125,38.92831039428711,11.747905731201172,87.13128662109375,90.22479248046875,,,,261.7232971191406,,101972.875,94244.25,,3.807837724685669,41.0,0.0,7620.0,88888.0,2432.0,16274.0,1.0,1.0,2.0,2.0,3.0,6.0,6.0,6.0,6.0,0.0,129.0,260.4800109863281,251.3599853515625,46.0,0.0,14.399999618530273,15.199999809265137
2023-12-26T14:55,2023-12-26T15:00,48,train,0,2023,12,14,45,2023-12-24T18:00,45,2023-12-24T18:00,45,2023-12-24T18:00,48,2023-12-24T15:00,45,2023-12-24T18:00,45,2023-12-24T18:00,-999.0,0.0,10.0,0.0,35.0,9211.552734375,1343.013671875,nan,87000.0,10042.9697265625,8.391863822937012,256.85540771484375,269.69464111328125,275.40472412109375,278.1500244140625,281.82257080078125,5679.0361328125,3084.71728515625,1532.760498046875,198.7588653564453,275.6272277832031,90.69999694824219,313.1767272949219,2730.239990234375,14000.0,0.0,0.4099999964237213,735.387451171875,100.0,0.0,5.0,33.20000076293945,24135.166015625,0.0,0.0,257.6382141113281,272.5662841796875,279.6060791015625,278.56207275390625,284.2666320800781,5715.28173828125,3104.3544921875,1530.56640625,839.5164184570312,195.3286895751953,284.8976745605469,75.30000305175781,100.0,272.7146301269531,3001.60009765625,19999.935546875,34.0,0.0,2.0,0.0,256.70001220703125,272.0,274.70001220703125,276.0,280.1000061035156,5686.60107421875,3088.961181640625,1527.286865234375,845.3615112304688,212.26840209960938,273.9599914550781,99.30000305175781,100.0,337.8399963378906,2908.159912109375,0.0003000000142492354,4.25,795.38818359375,100.0,0.0,100.0,100.0,300.0,256.202392578125,270.6217041015625,275.04522705078125,276.0830383300781,279.2645263671875,5682.65478515625,3089.259765625,1533.11181640625,850.05029296875,207.477294921875,275.685546875,98.00377655029297,96.09747314453125,363.97607421875,2630.0,0.0,0.0,5692.03125,3092.86376953125,1540.525146484375,855.101806640625,220.271728515625,257.11590576171875,271.54205322265625,273.9896240234375,277.61529541015625,279.6529541015625,8.184544563293457,92.41548156738281,79.24730682373047,92.49641418457031,,,,276.656005859375,,102704.875,95317.1640625,,8.630350112915039,77.0,,,72.0,24.0,8832.0,77.0,77.0,,78.0,,54.0,,54.0,54.0,0.0,124.0,270.70001220703125,268.4800109863281,84.0,0.0,13.600000381469727,13.600000381469727
2023-12-26T14:55,2023-12-26T15:00,24,train,0,2023,12,14,21,2023-12-25T18:00,21,2023-12-25T18:00,21,2023-12-25T18:00,24,2023-12-25T15:00,21,2023-12-25T18:00,24,2023-12-25T15:00,-999.0,0.0,0.0,0.0,100.0,9564.71875,1342.945556640625,nan,87000.0,10108.439453125,5.77117395401001,256.771484375,269.9228820800781,274.5771484375,277.5201110839844,281.133544921875,5672.2734375,3076.421875,1528.56689453125,196.31878662109375,273.9864196777344,86.0999984741211,147.9587860107422,2315.360107421875,15400.0,0.0,0.0,15716.7373046875,52.20000076293945,0.0,5.0,27.600000381469727,24135.001953125,8.000000093488779e-07,0.0,257.9412841796875,272.82080078125,280.16619873046875,278.759521484375,284.701416015625,5717.556640625,3106.134765625,1530.608642578125,837.638916015625,192.56346130371094,285.2478942871094,75.5999984741211,98.4000015258789,65.69876098632812,3055.0400390625,20000.041015625,30.0,0.0,22.0,24100.0,257.5,272.70001220703125,274.70001220703125,278.1000061035156,282.29998779296875,5687.1123046875,3083.650390625,1526.742431640625,841.3450927734375,210.14891052246094,275.8800048828125,97.4000015258789,99.0,257.1199951171875,2982.080078125,0.0,1.4375,8773.99609375,2.0,0.0,100.0,2.0,15400.0,256.7252197265625,268.59442138671875,275.2913818359375,276.3594665527344,278.9512939453125,5669.73828125,3075.74462890625,1530.26171875,845.3383178710938,204.5869903564453,275.32568359375,87.13719177246094,81.17325592041016,114.24774169921875,2000.0,0.0,0.0,5695.34375,3091.677978515625,1539.187255859375,853.571044921875,219.237060546875,257.33966064453125,271.30419921875,274.9798889160156,277.041015625,279.4903564453125,6.753303527832031,84.49813842773438,88.69356536865234,88.76426696777344,,,,277.3547058105469,,102701.5,95304.4296875,,8.297876358032227,79.0,0.0,7620.0,32.0,32.0,0.0,52.0,52.0,52.0,52.0,52.0,53.0,53.0,53.0,53.0,0.0,151.0,271.8899841308594,269.1199951171875,82.0,3.0,13.199999809265137,14.0
2024-01-02T02:54,2024-01-02T03:00,24,train,1,2024,1,2,21,2024-01-01T06:00,21,2024-01-01T06:00,21,2024-01-01T06:00,24,2024-01-01T03:00,21,2024-01-01T06:00,24,2024-01-01T03:00,-999.0,0.0,0.0,0.0,9.0,nan,nan,nan,nan,nan,5.482312202453613,246.20437622070312,261.5400390625,265.0845642089844,265.59686279296875,269.37939453125,5415.27685546875,2910.62451171875,1409.16650390625,127.23639678955078,263.9085998535156,39.900001525878906,116.74485778808594,0.0,50100.0,0.0,0.0,2935.431640625,100.0,100.0,100.0,0.0,24134.9375,0.0,0.0,258.6200256347656,267.3231201171875,278.2091064453125,283.1069641113281,281.2435302734375,5626.5576171875,3026.71533203125,1473.29541015625,776.3328247070312,128.14781188964844,280.855712890625,73.5,37.5,135.2625274658203,2174.56005859375,19999.87109375,22.0,0.0,0.0,24100.0,247.60000610351562,262.20001220703125,266.79998779296875,268.29998779296875,272.29998779296875,5425.6220703125,2910.763916015625,1399.6822509765625,739.61962890625,134.68194580078125,263.19000244140625,54.5,36.0,134.72000122070312,0.0,0.0,0.0,758.905029296875,77.0,0.0,0.0,77.0,7500.29296875,245.92892456054688,261.19989013671875,265.91546630859375,262.76025390625,266.45947265625,5413.97265625,2912.501220703125,1408.4031982421875,754.4724731445312,134.77236938476562,260.9476318359375,84.11062622070312,86.68771362304688,125.13484954833984,0.0,0.0,0.0625,5429.9921875,2914.02587890625,1404.767578125,752.2637939453125,147.010986328125,247.5847625732422,261.8914794921875,266.35992431640625,263.2843017578125,267.24639892578125,35.97366714477539,18.95553970336914,72.75575256347656,80.68548583984375,,,,262.3973388671875,,101904.25,94223.3671875,,3.714996337890625,20.0,0.0,7620.0,88888.0,3376.0,457.0,0.0,0.0,0.0,0.0,0.0,41.0,41.0,41.0,41.0,0.0,122.0,260.66998291015625,253.6799774169922,56.0,0.0,14.0,15.199999809265137
2024-01-02T02:54,2024-01-02T03:00,48,train,1,2024,1,2,45,2023-12-31T06:00,45,2023-12-31T06:00,45,2023-12-31T06:00,48,2023-12-31T03:00,45,2023-12-31T06:00,45,2023-12-31T06:00,-999.0,0.0,0.0,86.0,88.0,nan,7225.1591796875,nan,38700.0,nan,6.453065395355225,247.4349365234375,262.0126953125,267.67974853515625,267.1927490234375,270.7916564941406,5427.85009765625,2916.6513671875,1406.561279296875,118.67897033691406,266.2306823730469,31.299999237060547,125.1897964477539,247.1199951171875,61500.0,0.0,0.0,3566.5986328125,77.5999984741211,100.0,100.0,0.0,24134.935546875,0.0,0.0,258.8508605957031,268.9320068359375,278.80841064453125,283.5335998535156,281.3758544921875,5622.76513671875,3027.669921875,1473.164794921875,774.7449340820312,126.6384048461914,281.0683898925781,73.5,37.5,164.1395721435547,2120.320068359375,20000.140625,20.0,7.0,0.0,24100.0,247.8000030517578,262.6000061035156,267.5,269.6000061035156,273.6000061035156,5430.6533203125,2911.12451171875,1399.4345703125,736.6248779296875,131.24435424804688,263.8299865722656,41.29999923706055,22.0,66.4800033569336,0.0,0.0,0.0,nan,75.0,49.0,98.0,75.0,7801.890625,247.60000610351562,262.05291748046875,268.20574951171875,263.50341796875,267.147216796875,5430.6552734375,2917.669921875,1406.605224609375,748.7643432617188,127.4722900390625,261.8063049316406,85.88866424560547,83.71958923339844,133.80430603027344,0.0,0.0,0.3125,5432.29296875,2913.043701171875,1403.7490234375,751.1500244140625,145.4755859375,247.84994506835938,262.22662353515625,265.88995361328125,263.507568359375,267.4301452636719,30.034027099609375,26.066720962524414,68.18768310546875,78.36890411376953,,,,262.5578308105469,,101880.875,94198.3203125,,3.793938159942627,23.0,,,88888.0,1456.0,9037.0,14.0,14.0,,17.0,,51.0,,51.0,51.0,0.0,136.0,260.760009765625,253.6599884033203,55.0,0.0,16.0,17.200000762939453
2024-01-07T17:49,2024-01-07T18:00,1,train,0,2024,1,17,1,2024-01-07T17:00,6,2024-01-07T12:00,6,2024-01-07T12:00,1,2024-01-07T17:00,0,2024-01-07T18:00,1,2024-01-07T17:00,-999.0,0.0,100.0,100.0,0.0,1341.364501953125,1341.4281005859375,45300.0,84900.0,8226.5107421875,2.803267478942871,245.63955688476562,261.13690185546875,263.930419921875,265.54058837890625,269.57098388671875,5325.2255859375,2828.42822265625,1326.36376953125,44.60908889770508,263.00213623046875,93.80000305175781,226.3214111328125,0.0,400.0,0.00019999999494757503,0.9490000009536743,1015.7047729492188,100.0,0.0,0.0,5.699999809265137,24134.81640625,1.9999999494757503e-05,0.25,243.33363342285156,260.15447998046875,266.8603515625,272.4019470214844,278.0133056640625,5456.9658203125,2980.652587890625,1478.6080322265625,809.9478149414062,180.59213256835938,278.1793212890625,75.0,85.5,805.25830078125,723.52001953125,1260.00390625,100.0,100.0,1.0,2800.0,246.1999969482422,261.5,261.70001220703125,263.0,267.0,5330.92919921875,2827.52734375,1325.2685546875,677.8073120117188,66.30447387695312,260.07000732421875,88.9000015258789,98.0,165.9199981689453,0.0,9.999999747378752e-05,1.9375,1776.994140625,61.0,100.0,0.0,57.0,1500.0,246.73397827148438,261.2174377441406,265.6781005859375,264.8575439453125,268.9458923339844,5325.83251953125,2826.943603515625,1323.1683349609375,667.1956787109375,43.85203170776367,265.44256591796875,88.0,88.66400909423828,335.03460693359375,0.0,0.0001500000071246177,0.8125,5325.90234375,2824.120849609375,1316.685791015625,667.217529296875,63.881103515625,246.0812225341797,262.10748291015625,264.0821533203125,262.40509033203125,266.3765563964844,99.91773986816406,96.32720184326172,92.90249633789062,85.58553314208984,,,,263.0098876953125,,100852.3125,93208.859375,,8.312820434570312,92.0,0.0,7620.0,32.0,32.0,209.0,69.0,86.0,100.0,100.0,100.0,97.0,100.0,100.0,100.0,0.0,284.0,260.1299743652344,257.5899963378906,83.0,69.0,13.199999809265137,14.399999618530273
2024-01-07T17:49,2024-01-07T18:00,24,train,0,2024,1,17,24,2024-01-06T18:00,24,2024-01-06T18:00,24,2024-01-06T18:00,21,2024-01-06T21:00,24,2024-01-06T18:00,24,2024-01-06T18:00,-999.0,100.0,100.0,100.0,0.0,3063.7958984375,1341.140625,36900.0,84900.0,8285.7421875,2.278862476348877,246.08168029785156,260.38519287109375,262.94268798828125,265.15582275390625,269.21697998046875,5319.1181640625,2811.67431640625,1320.740478515625,41.39833068847656,261.4324951171875,92.0999984741211,327.3231201171875,0.0,1400.0,0.00019999999494757503,11.4399995803833,19999.880859375,14.800000190734863,0.0,0.0,5.699999809265137,24135.10546875,3.2000000373955118e-06,0.3125,243.68679809570312,260.2127380371094,266.9882507324219,272.5212097167969,277.51336669921875,5459.8017578125,2980.44140625,1477.143798828125,808.4613647460938,179.27444458007812,277.214111328125,77.80000305175781,74.80000305175781,488.94268798828125,734.4000244140625,1292.0252685546875,100.0,100.0,27.0,1000.0,247.0,261.1000061035156,258.1000061035156,260.79998779296875,264.70001220703125,5317.0771484375,2803.755615234375,1306.3768310546875,665.0538330078125,53.95472717285156,258.79998779296875,84.19999694824219,94.0,199.1999969482422,0.0,0.0005000000237487257,5.9375,1840.2142333984375,100.0,100.0,0.0,27.0,800.0,246.56500244140625,261.35589599609375,264.17181396484375,264.49908447265625,268.6586608886719,5315.54443359375,2806.285400390625,1304.99658203125,652.6467895507812,27.327850341796875,264.8173522949219,87.32733154296875,87.48751831054688,379.45458984375,0.0,0.00031999999191612005,16.375,5326.15625,2821.155029296875,1313.71337890625,663.0983276367188,58.22998046875,246.16781616210938,262.03790283203125,264.70037841796875,262.8646240234375,266.942138671875,99.67902374267578,96.75462341308594,94.311279296875,86.9068832397461,,,,263.25537109375,,100792.375,93156.640625,,8.287196159362793,97.0,0.0,7620.0,30.0,32.0,201.0,76.0,76.0,87.0,88.0,88.0,100.0,100.0,100.0,100.0,0.0,297.0,258.95001220703125,256.78997802734375,84.0,67.0,14.800000190734863,16.0
2024-01-07T17:49,2024-01-07T18:00,48,train,0,2024,1,17,48,2024-01-05T18:00,48,2024-01-05T18:00,48,2024-01-05T18:00,45,2024-01-05T21:00,48,2024-01-05T18:00,48,2024-01-05T18:00,-999.0,0.0,100.0,100.0,100.0,1560.6357421875,1384.8104248046875,34500.0,84300.0,8680.638671875,3.399367094039917,247.05870056152344,259.38629150390625,261.521728515625,263.7572326660156,267.753173828125,5293.6845703125,2797.890625,1313.025634765625,39.10014343261719,259.74365234375,89.5,348.996337890625,0.0,900.0,0.0003000000142492354,27.989999771118164,1178.3704833984375,98.19999694824219,0.0,0.0,5.400000095367432,24134.984375,6.000000212225132e-06,0.125,243.58433532714844,260.329345703125,266.7366638183594,272.6391296386719,277.6279296875,5464.306640625,2983.244140625,1481.8377685546875,813.3206176757812,184.44760131835938,277.8912048339844,72.4000015258789,74.4000015258789,694.4351806640625,749.4400024414062,1433.457275390625,100.0,100.0,3.0,900.0,247.10000610351562,259.1000061035156,258.5,261.5,265.3999938964844,5303.5,2797.341552734375,1311.7529296875,668.8583984375,58.274391174316406,258.92999267578125,82.69999694824219,86.0,235.67999267578125,0.0,0.0003000000142492354,4.5625,1856.5748291015625,100.0,100.0,100.0,27.0,900.0,247.45068359375,260.7375183105469,262.92840576171875,263.391357421875,267.5603332519531,5293.38818359375,2784.240966796875,1292.248779296875,642.556396484375,19.750152587890625,263.6381530761719,87.0159683227539,86.46643829345703,377.7587890625,0.0,0.0003499999875202775,21.125,5323.06640625,2817.126220703125,1318.919189453125,671.2083740234375,67.00439453125,246.99635314941406,261.221923828125,262.4893798828125,262.5254211425781,266.63629150390625,100.71763610839844,94.99015808105469,92.66159057617188,84.1327133178711,,,,263.30670166015625,,100906.75,93255.03125,,7.753353118896484,96.0,,,192.0,32.0,768.0,66.0,66.0,,72.0,,92.0,,100.0,100.0,0.0,304.0,258.6199951171875,256.2799987792969,84.0,74.0,17.200000762939453,18.399999618530273
2024-01-13T05:47,2024-01-13T06:00,1,train,0,2024,1,5,1,2024-01-13T05:00,6,2024-01-13T00:00,6,2024-01-13T00:00,1,2024-01-13T05:00,0,2024-01-13T06:00,1,2024-01-13T05:00,-999.0,100.0,100.0,100.0,100.0,1341.6644287109375,1341.6845703125,26800.0,86000.0,10956.0068359375,8.179384231567383,253.51589965820312,263.56500244140625,267.1444091796875,268.93408203125,272.85052490234375,5495.20458984375,2937.4306640625,1421.70654296875,123.55685424804688,264.4331970214844,91.5999984741211,335.0173645019531,0.0,0.0,0.0,0.004999999888241291,19999.98828125,0.0,6.800000190734863,81.5999984741211,0.0,24134.7578125,0.0,0.0,254.84054565429688,270.25750732421875,279.0095520019531,280.5731201171875,274.85369873046875,5681.55517578125,3088.004150390625,1527.968017578125,833.6292114257812,196.96759033203125,273.6422119140625,95.30000305175781,42.400001525878906,52.811546325683594,2514.719970703125,1195.9556884765625,100.0,100.0,82.0,200.0,254.10000610351562,264.8999938964844,266.0,268.3999938964844,272.3999938964844,5486.44580078125,2923.104248046875,1411.2025146484375,751.0250854492188,131.07057189941406,266.1400146484375,98.5999984741211,100.0,914.719970703125,102.72000122070312,0.00019999999494757503,3.3125,2978.205078125,72.0,92.0,100.0,69.0,7300.0,253.60874938964844,263.0518798828125,269.2684020996094,269.08831787109375,272.7678527832031,5486.72216796875,2930.74462890625,1413.204833984375,746.9521484375,118.93362426757812,268.54962158203125,90.85099029541016,92.66130828857422,301.1769714355469,70.0,0.0,0.0,5493.80078125,2945.630859375,1420.20361328125,758.56005859375,145.469970703125,253.86802673339844,264.30853271484375,267.6792297363281,267.09844970703125,270.5699768066406,49.940155029296875,64.39359283447266,95.65011596679688,85.73046875,,,,267.81207275390625,,101784.375,94220.59375,,8.256868362426758,89.0,0.0,7620.0,0.0,0.0,1233.0,53.0,54.0,71.0,80.0,92.0,23.0,29.0,30.0,34.0,0.0,149.0,264.3799743652344,260.28997802734375,73.0,17.0,35.20000076293945,38.0
2024-01-13T05:47,2024-01-13T06:00,24,train,0,2024,1,5,24,2024-01-12T06:00,24,2024-01-12T06:00,24,2024-01-12T06:00,21,2024-01-12T09:00,24,2024-01-12T06:00,24,2024-01-12T06:00,-999.0,100.0,100.0,83.0,100.0,1341.67919921875,1341.5828857421875,19600.0,85800.0,12715.876953125,6.715715408325195,257.2124328613281,262.25262451171875,266.3809814453125,269.3307189941406,273.22991943359375,5472.4580078125,2916.30224609375,1406.323974609375,108.88261413574219,264.8072204589844,92.0,357.5378112792969,29.1200008392334,0.0,0.0,0.05000000074505806,17073.3125,0.0,100.0,0.20000000298023224,0.0,24134.80078125,0.0,0.0,255.1121826171875,269.84246826171875,278.4318542480469,279.8106384277344,275.5453186035156,5676.92333984375,3085.74267578125,1526.3193359375,833.5046997070312,197.49212646484375,274.37335205078125,92.69999694824219,43.400001525878906,24.3404598236084,2496.9599609375,1195.826416015625,71.0,100.0,100.0,0.0,255.3000030517578,263.8999938964844,265.20001220703125,267.6000061035156,271.6000061035156,5471.14453125,2931.962158203125,1415.0140380859375,756.6303100585938,134.94155883789062,265.3299865722656,98.69999694824219,100.0,407.20001220703125,0.0,0.0,2.375,2484.76220703125,85.0,100.0,100.0,85.0,6300.0,253.01071166992188,264.5079040527344,268.8612976074219,267.8735656738281,271.0626220703125,5495.86962890625,2950.617919921875,1421.9058837890625,758.3897094726562,130.91883850097656,267.5233154296875,91.48479461669922,96.8278579711914,317.03125,10.0,9.999999747378752e-06,0.0625,5490.3359375,2944.92724609375,1418.092041015625,756.285400390625,142.762939453125,254.20301818847656,264.5974426269531,268.49969482421875,267.09295654296875,270.7144470214844,40.86082077026367,45.93765640258789,98.68995666503906,88.55520629882812,,,,267.4090576171875,,101756.9375,94185.328125,,7.284658432006836,98.0,0.0,7620.0,29.0,32.0,0.0,65.0,65.0,66.0,67.0,71.0,78.0,78.0,78.0,78.0,0.0,177.0,263.8999938964844,260.8799743652344,79.0,15.0,32.0,34.79999923706055
2024-01-13T05:47,2024-01-13T06:00,48,train,0,2024,1,5,48,2024-01-11T06:00,48,2024-01-11T06:00,48,2024-01-11T06:00,45,2024-01-11T09:00,48,2024-01-11T06:00,48,2024-01-11T06:00,-999.0,0.0,100.0,100.0,100.0,1341.6397705078125,1341.5599365234375,25200.0,85800.0,12167.7431640625,7.257002353668213,253.26901245117188,264.747314453125,267.4605712890625,268.53643798828125,272.319580078125,5483.32958984375,2927.705078125,1403.56103515625,105.88156127929688,263.97161865234375,91.30000305175781,276.4493408203125,0.0,0.0,0.0,3.390000104904175,20000.1484375,0.0,7.099999904632568,1.2000000476837158,0.0,24134.927734375,0.0,0.0,254.64419555664062,270.7304992675781,278.69281005859375,280.58050537109375,276.02069091796875,5678.77294921875,3090.827880859375,1528.1060791015625,834.8739624023438,197.32884216308594,274.93365478515625,93.0999984741211,31.200000762939453,39.36375427246094,2656.159912109375,1195.791015625,57.0,100.0,100.0,0.0,253.3000030517578,264.6000061035156,264.5,267.70001220703125,271.70001220703125,5478.10009765625,2945.70166015625,1422.98486328125,764.81787109375,147.07125854492188,265.6499938964844,98.5,100.0,407.3599853515625,27.200000762939453,0.00039999998989515007,0.5,3593.748779296875,58.0,100.0,100.0,58.0,8005.36181640625,251.06948852539062,265.89288330078125,270.75433349609375,267.50775146484375,270.6496887207031,5501.60986328125,2968.662353515625,1433.271728515625,768.8094482421875,140.60122680664062,266.96221923828125,86.9523696899414,92.70762634277344,263.07745361328125,0.0,0.0,1.3125,5486.98828125,2934.8212890625,1406.412109375,744.202392578125,130.05078125,253.26962280273438,264.9665832519531,268.1582336425781,267.5855712890625,271.01885986328125,33.23139953613281,50.719078063964844,92.86160278320312,87.35760498046875,,,,267.0394287109375,,101602.6875,94042.1484375,,7.902402877807617,97.0,,,136.0,32.0,6528.0,67.0,68.0,,70.0,,76.0,,82.0,83.0,4.0,255.0,263.75,260.29998779296875,75.0,35.0,35.599998474121094,41.20000076293945
2024-01-18T06:56,2024-01-18T07:00,1,train,0,2024,1,6,1,2024-01-18T06:00,1,2024-01-18T06:00,1,2024-01-18T06:00,1,2024-01-18T06:00,0,2024-01-18T06:00,1,2024-01-18T06:00,-999.0,100.0,100.0,0.0,0.0,1340.41748046875,1340.148193359375,nan,85000.0,1589.2911376953125,12.145505905151367,236.00723266601562,250.2954864501953,256.18475341796875,260.4500732421875,264.3257141113281,5167.31396484375,2772.005859375,1336.149169921875,93.291015625,254.30230712890625,77.0999984741211,389.65118408203125,0.0,12200.0,0.0,0.009999999776482582,1346.8580322265625,100.0,5.0,0.0,43.20000076293945,24135.076171875,5.599999894911889e-06,0.4375,250.88037109375,267.7931213378906,276.814697265625,282.26898193359375,286.70263671875,5462.078125,2895.8564453125,1341.568603515625,647.634033203125,-4.502031326293945,285.3748779296875,76.69999694824219,74.69999694824219,1117.697998046875,2072.159912109375,20000.0625,10.0,0.0,0.0,16100.0,236.0,251.8000030517578,253.6999969482422,257.70001220703125,261.6000061035156,5166.97607421875,2766.95703125,1330.59814453125,697.5726928710938,97.3225326538086,254.5399932861328,91.9000015258789,96.0,429.67999267578125,0.0,0.0,0.0,815.23291015625,63.0,0.0,0.0,63.0,6300.0,235.6017608642578,249.57406616210938,256.11083984375,260.38763427734375,264.2290954589844,5164.83837890625,2774.227783203125,1340.903076171875,701.4317626953125,99.2886962890625,258.28497314453125,74.84154510498047,78.12142181396484,429.6083068847656,0.0,0.0,0.0625,5151.08984375,2760.501220703125,1329.936767578125,692.70751953125,97.016845703125,234.94410705566406,249.17417907714844,255.6142578125,259.02630615234375,262.97747802734375,59.09443283081055,93.07911682128906,83.23001098632812,81.18455505371094,,,,259.4884338378906,,101252.4375,93497.078125,,2.249295473098755,70.0,0.0,7620.0,0.0,0.0,256.0,78.0,90.0,92.0,93.0,93.0,68.0,68.0,68.0,68.0,0.0,242.0,251.02999877929688,249.73001098632812,88.0,1.0,36.0,42.400001525878906
2024-01-23T11:48,2024-01-23T12:00,1,train,0,2024,1,11,1,2024-01-23T11:00,6,2024-01-23T06:00,6,2024-01-23T06:00,1,2024-01-23T11:00,0,2024-01-23T12:00,1,2024-01-23T11:00,-999.0,0.0,58.0,0.0,0.0,nan,1341.2218017578125,nan,86000.0,nan,17.726980209350586,254.84756469726562,269.287353515625,266.5169372558594,267.6337585449219,271.7376403808594,5594.0703125,3010.57080078125,1477.47021484375,180.03709411621094,263.99273681640625,89.5,220.11058044433594,0.0,12200.0,0.0,0.009999999776482582,8865.99609375,8.199999809265137,44.70000076293945,100.0,18.700000762939453,24134.875,0.0,0.0,258.2317810058594,273.297119140625,280.9712829589844,281.133056640625,285.73321533203125,5844.9423828125,3225.188720703125,1643.818359375,948.859619140625,299.7451171875,287.7507629394531,69.30000305175781,90.30000305175781,608.55908203125,3250.719970703125,1195.605712890625,51.0,0.0,5.0,0.0,255.5,270.29998779296875,268.3999938964844,263.79998779296875,267.70001220703125,5601.388671875,3009.705810546875,1457.549560546875,807.4891357421875,192.71664428710938,261.8999938964844,98.30000305175781,100.0,281.1199951171875,0.0,0.0005000000237487257,4.0625,793.9019165039062,100.0,0.0,48.0,100.0,4400.0,254.25119018554688,268.7897033691406,265.96343994140625,266.93560791015625,271.4947509765625,5596.3359375,3016.9853515625,1482.72705078125,825.1453247070312,196.35189819335938,267.2633056640625,92.31832885742188,94.7158203125,441.4734802246094,0.0,0.0,0.0625,5584.53125,3005.46923828125,1475.681884765625,820.9736328125,206.57080078125,253.94281005859375,269.5054931640625,263.09228515625,266.652099609375,271.12567138671875,43.38189697265625,91.1242904663086,91.15184783935547,82.39190673828125,,,,268.52288818359375,,102615.9375,95000.84375,,8.643567085266113,94.0,35.0,9628.0,0.0,0.0,0.0,67.0,84.0,84.0,84.0,84.0,66.0,66.0,66.0,66.0,0.0,177.0,260.7699890136719,259.5899963378906,90.0,3.0,34.400001525878906,40.79999923706055
2024-01-18T06:56,2024-01-18T07:00,24,train,0,2024,1,6,25,2024-01-17T06:00,25,2024-01-17T06:00,25,2024-01-17T06:00,22,2024-01-17T09:00,24,2024-01-17T06:00,24,2024-01-17T07:00,-999.0,100.0,100.0,0.0,0.0,1340.196044921875,1339.9737548828125,79400.0,85000.0,2175.171630859375,11.414850234985352,236.65733337402344,250.4436492919922,255.42160034179688,259.0394287109375,262.847900390625,5169.2646484375,2770.427734375,1334.64013671875,94.63274383544922,253.3295135498047,79.0999984741211,351.1383056640625,0.0,5400.0,0.0,1.149999976158142,1393.83203125,100.0,94.30000305175781,4.300000190734863,5.800000190734863,20642.087890625,0.0001188000023830682,0.5,251.83184814453125,268.43182373046875,275.9591369628906,281.1559143066406,286.02593994140625,5457.37890625,2888.060302734375,1336.594970703125,645.1039428710938,-4.847156047821045,284.9295654296875,72.5999984741211,80.4000015258789,1714.709228515625,1923.52001953125,20000.103515625,15.0,0.0,0.0,0.0,237.60000610351562,252.0,253.60000610351562,258.1000061035156,261.8999938964844,5162.4521484375,2758.859130859375,1320.6546630859375,687.0180053710938,86.35974884033203,255.67999267578125,97.5999984741211,100.0,574.1599731445312,0.0,0.0006000000284984708,1.125,1073.7626953125,100.0,1.0,0.0,100.0,16900.0,235.71151733398438,247.46888732910156,254.90234375,258.939208984375,262.7037048339844,5141.154296875,2761.94921875,1335.58740234375,699.4622192382812,101.36026000976562,257.36492919921875,75.51156616210938,80.29776000976562,444.742431640625,0.0,0.0,0.8125,5152.234375,2760.285888671875,1330.375244140625,692.951416015625,96.686767578125,234.44239807128906,249.83053588867188,255.02040100097656,259.44390869140625,263.2993469238281,57.54012680053711,92.78058624267578,79.94823455810547,78.20833587646484,,,,260.1049499511719,,101221.125,93477.609375,,2.1382150650024414,74.0,0.0,7620.0,0.0,0.0,256.0,79.0,80.0,81.0,81.0,82.0,69.0,70.0,70.0,73.0,0.0,271.0,252.0699920654297,250.2100067138672,85.0,2.0,36.400001525878906,43.20000076293945
2024-01-23T11:48,2024-01-23T12:00,24,train,0,2024,1,11,24,2024-01-22T12:00,24,2024-01-22T12:00,24,2024-01-22T12:00,21,2024-01-22T15:00,24,2024-01-22T12:00,24,2024-01-22T12:00,-999.0,0.0,100.0,0.0,9.0,1341.464599609375,1341.3292236328125,85100.0,86000.0,1566.0780029296875,14.029985427856445,254.4455108642578,267.8524475097656,265.1482849121094,267.2665710449219,271.34814453125,5580.0771484375,3005.41015625,1481.720458984375,187.78851318359375,263.1447448730469,91.30000305175781,213.950927734375,0.0,0.0,0.0,0.4399999976158142,19999.9921875,5.0,5.0,54.599998474121094,5.900000095367432,24135.015625,0.0,0.0,259.15032958984375,272.96368408203125,280.0118103027344,281.1449279785156,285.17840576171875,5843.14892578125,3224.775634765625,1646.8583984375,952.5072631835938,304.0502624511719,287.2091064453125,72.69999694824219,90.69999694824219,530.4682006835938,3194.080078125,1195.68994140625,51.0,0.0,14.0,0.0,255.60000610351562,269.8999938964844,264.8999938964844,264.20001220703125,268.20001220703125,5593.72412109375,3001.2802734375,1453.800537109375,804.1890258789062,190.27108764648438,262.3900146484375,98.30000305175781,100.0,320.239990234375,0.0,0.0005000000237487257,4.8125,851.5237426757812,100.0,0.0,3.0,100.0,5900.0,254.2148895263672,267.92279052734375,263.9102783203125,266.403076171875,270.75469970703125,5577.86328125,3004.968505859375,1477.252197265625,821.7578125,194.5208740234375,266.67022705078125,93.01683044433594,98.31968688964844,470.8851013183594,0.0,0.0,0.25,5581.23828125,3004.47412109375,1478.195068359375,823.206298828125,209.002685546875,254.15188598632812,267.962646484375,263.14398193359375,266.687255859375,271.1134033203125,61.71392822265625,92.79594421386719,94.16145324707031,85.82227325439453,,,,268.3123779296875,,102663.3125,95035.234375,,9.24399471282959,92.0,35.0,9204.0,0.0,0.0,256.0,72.0,77.0,79.0,79.0,79.0,47.0,48.0,49.0,54.0,0.0,230.0,261.5,259.66998291015625,88.0,5.0,32.79999923706055,37.20000076293945
2024-01-23T11:48,2024-01-23T12:00,48,train,0,2024,1,11,48,2024-01-21T12:00,48,2024-01-21T12:00,48,2024-01-21T12:00,45,2024-01-21T15:00,48,2024-01-21T12:00,48,2024-01-21T12:00,-999.0,0.0,100.0,0.0,0.0,1341.5902099609375,1341.439208984375,83900.0,86000.0,1704.16943359375,16.05877113342285,254.190673828125,268.8814392089844,266.47198486328125,267.81158447265625,271.86407470703125,5569.0537109375,2994.61376953125,1463.3914794921875,166.2107391357422,263.923583984375,90.80000305175781,256.52703857421875,0.0,0.0,0.0,2.4200000762939453,19999.986328125,0.0,16.399999618530273,78.5999984741211,0.0,24135.314453125,0.0,0.0,258.98175048828125,273.0146179199219,277.83270263671875,282.29034423828125,286.2744140625,5836.0146484375,3221.409912109375,1645.1395263671875,950.2684936523438,298.6994323730469,288.2047119140625,73.0999984741211,83.30000305175781,413.01446533203125,3195.679931640625,1195.604248046875,59.0,66.0,68.0,0.0,254.5,270.79998779296875,261.20001220703125,264.8999938964844,268.8999938964844,5584.80615234375,2995.475830078125,1444.86962890625,793.7308959960938,178.883544921875,262.8599853515625,98.4000015258789,100.0,361.5199890136719,0.0,0.00039999998989515007,6.1875,834.9238891601562,100.0,1.0,0.0,100.0,3300.0,254.50140380859375,267.5159912109375,264.96173095703125,267.4512023925781,271.62115478515625,5566.15576171875,2988.726318359375,1466.2274169921875,807.9513549804688,180.01626586914062,267.458251953125,93.71334075927734,97.36742401123047,426.1145324707031,0.0,9.999999747378752e-06,1.0625,5581.67578125,3004.559814453125,1477.103271484375,822.135986328125,208.294921875,254.20933532714844,268.2275390625,263.59552001953125,266.53631591796875,270.91046142578125,61.25410079956055,89.21466827392578,94.29017639160156,86.25978088378906,,,,267.94024658203125,,102658.9375,95015.5625,,9.195514678955078,87.0,,,64.0,32.0,9216.0,85.0,86.0,,87.0,,46.0,,46.0,46.0,1.0,261.0,261.510009765625,259.3999938964844,85.0,1.0,31.600000381469727,36.79999923706055
2024-01-18T06:56,2024-01-18T07:00,48,train,0,2024,1,6,43,2024-01-16T12:00,49,2024-01-16T06:00,49,2024-01-16T06:00,46,2024-01-16T09:00,48,2024-01-16T06:00,36,2024-01-16T19:00,-999.0,100.0,100.0,0.0,0.0,1340.1990966796875,1339.869384765625,82400.0,84800.0,2290.955810546875,11.834590911865234,236.90646362304688,247.68032836914062,254.6040496826172,258.4904479980469,262.333251953125,5136.41455078125,2746.413330078125,1320.520751953125,87.16069030761719,253.64599609375,82.5,382.27880859375,0.0,100.0,0.0,11.890000343322754,622.3033447265625,100.0,36.599998474121094,4.599999904632568,100.0,24134.98828125,9.60000033956021e-06,0.6875,251.5784149169922,267.577392578125,277.10211181640625,281.1948547363281,286.4123229980469,5454.75830078125,2888.01708984375,1334.2900390625,641.3329467773438,-9.455968856811523,285.2777099609375,84.0,95.9000015258789,1546.759765625,2109.1201171875,20000.078125,17.0,0.0,0.0,0.0,237.0,250.10000610351562,254.1999969482422,258.6000061035156,262.5,5148.28076171875,2746.86279296875,1315.5416259765625,680.43115234375,79.66548919677734,256.3699951171875,97.5999984741211,100.0,631.280029296875,0.0,0.0007999999797903001,1.125,nan,100.0,0.0,0.0,100.0,17200.0,236.4683837890625,247.04611206054688,254.35601806640625,257.8558044433594,261.60382080078125,5133.1787109375,2745.09130859375,1321.318359375,687.4278564453125,91.91180419921875,256.3215637207031,76.60499572753906,79.69998168945312,441.615478515625,0.0,0.0,14.375,5135.6171875,2746.93115234375,1321.7841796875,685.2750244140625,89.447998046875,234.07943725585938,248.34912109375,254.70790100097656,259.1817626953125,263.0074157714844,68.13858032226562,92.827392578125,80.99446105957031,80.86902618408203,,,,259.50396728515625,,101132.5,93384.3125,,2.1396450996398926,77.0,0.0,7620.0,0.0,0.0,256.0,94.0,94.0,94.0,94.0,94.0,78.0,78.0,78.0,82.0,0.0,338.0,252.0800018310547,250.00997924804688,84.0,1.0,36.79999923706055,44.400001525878906
2024-01-28T22:56,2024-01-28T23:00,1,train,0,2024,1,22,1,2024-01-28T22:00,5,2024-01-28T18:00,5,2024-01-28T18:00,1,2024-01-28T22:00,0,2024-01-29T00:00,1,2024-01-28T22:00,-999.0,0.0,100.0,100.0,0.0,1342.286376953125,1342.283447265625,52400.0,85500.0,1387.6177978515625,0.8854678273200989,252.70159912109375,266.0810852050781,269.8476867675781,271.4185791015625,275.3778381347656,5472.89404296875,2914.638427734375,1382.91845703125,74.45646667480469,268.9679260253906,95.9000015258789,47.310176849365234,669.1199951171875,600.0,0.00019999999494757503,1.027999997138977,20000.052734375,0.0,0.0,97.69999694824219,0.0,24135.201171875,0.0,0.0,255.98907470703125,273.7120361328125,284.3388977050781,287.812255859375,282.5111389160156,5780.42919921875,3171.6357421875,1583.5457763671875,873.365966796875,219.68490600585938,282.5266418457031,93.19999694824219,31.700000762939453,300.84490966796875,3250.719970703125,3187.331298828125,100.0,100.0,1.0,24100.0,253.3000030517578,265.3999938964844,271.5,273.0,277.1000061035156,5471.39453125,2909.83349609375,1381.877685546875,709.35888671875,87.7239990234375,268.989990234375,92.19999694824219,83.0,67.36000061035156,541.760009765625,0.0,0.0,919.1260986328125,77.0,100.0,1.0,77.0,1800.0,253.21359252929688,266.1010437011719,271.1527099609375,270.8627624511719,274.85662841796875,5479.86572265625,2918.669189453125,1385.0277099609375,714.3034057617188,79.09294128417969,270.53094482421875,94.16160583496094,97.08112335205078,125.13388061523438,360.0,0.00013000000035390258,0.6875,5471.96875,2910.93017578125,1377.272216796875,710.55712890625,89.4921875,251.96957397460938,265.777099609375,270.1943359375,269.875,274.0945739746094,93.64863586425781,92.34658813476562,96.5612564086914,96.50395202636719,,,,270.0621643066406,,101133.0,93680.125,,12.790918350219727,96.0,0.0,7620.0,32.0,32.0,465.0,67.0,92.0,92.0,92.0,96.0,73.0,83.0,89.0,90.0,0.0,128.0,267.6600036621094,264.30999755859375,76.0,18.0,7.199999809265137,7.599999904632568
2024-01-28T22:56,2024-01-28T23:00,24,train,0,2024,1,22,23,2024-01-28T00:00,23,2024-01-28T00:00,23,2024-01-28T00:00,26,2024-01-27T21:00,24,2024-01-28T00:00,24,2024-01-27T23:00,-999.0,0.0,100.0,100.0,0.0,1342.025390625,1342.0887451171875,48800.0,85600.0,1569.80615234375,2.8328089714050293,253.62030029296875,265.33740234375,269.0237121582031,271.18096923828125,275.15350341796875,5480.44140625,2920.564453125,1392.6177978515625,86.05912017822266,267.43292236328125,94.5999984741211,214.73794555664062,430.7200012207031,100.0,9.999999747378752e-05,0.4300000071525574,8772.48046875,0.0,0.0,100.0,0.0,24134.818359375,0.0,0.0,255.5819854736328,274.02264404296875,283.8203430175781,287.60968017578125,282.92529296875,5779.96484375,3172.94970703125,1585.411376953125,876.5662841796875,222.56356811523438,282.97857666015625,91.4000015258789,33.20000076293945,303.1293640136719,3297.280029296875,1196.0174560546875,100.0,100.0,0.0,0.0,253.8000030517578,265.8999938964844,269.6000061035156,271.29998779296875,275.29998779296875,5478.64306640625,2907.561279296875,1381.7642822265625,713.681640625,90.30765533447266,268.28997802734375,98.80000305175781,90.0,136.24000549316406,434.0799865722656,0.0,0.1875,nan,30.0,100.0,0.0,26.0,13200.0,254.21139526367188,265.7201843261719,268.7400207519531,270.33612060546875,274.43280029296875,5486.19091796875,2919.777099609375,1392.97998046875,726.2710571289062,91.68428039550781,269.7822265625,89.02134704589844,89.40257263183594,244.19557189941406,240.0,9.999999747378752e-06,0.0,5473.828125,2911.925048828125,1381.834228515625,713.706787109375,90.0419921875,253.3877410888672,265.516357421875,268.8840637207031,270.96600341796875,275.16644287109375,96.0785903930664,97.5486068725586,98.75939178466797,98.03202056884766,,,,271.30810546875,,101136.875,93713.046875,,12.807622909545898,95.0,0.0,7620.0,0.0,0.0,256.0,95.0,97.0,99.0,99.0,100.0,72.0,82.0,91.0,100.0,0.0,148.0,266.44000244140625,263.95001220703125,84.0,19.0,10.399999618530273,11.199999809265137
2024-01-28T22:56,2024-01-28T23:00,48,train,0,2024,1,22,47,2024-01-27T00:00,47,2024-01-27T00:00,47,2024-01-27T00:00,50,2024-01-26T21:00,48,2024-01-27T00:00,36,2024-01-27T11:00,-999.0,0.0,100.0,100.0,100.0,1341.98876953125,1342.0269775390625,32400.0,85800.0,9402.7646484375,3.6820075511932373,253.49774169921875,266.32318115234375,267.9177551269531,270.8758544921875,275.0278015136719,5494.6591796875,2934.6611328125,1407.9400634765625,100.98931121826172,266.8306884765625,94.0999984741211,139.71945190429688,340.55999755859375,100.0,0.0,0.0,9412.09765625,0.0,0.0,100.0,0.0,24135.0078125,0.0,0.0,255.83961486816406,273.7398376464844,284.373779296875,288.0770568847656,283.0740966796875,5773.2060546875,3166.5595703125,1578.184814453125,868.0654907226562,214.15780639648438,283.1251525878906,92.4000015258789,31.700000762939453,311.1894226074219,3246.719970703125,1196.0908203125,100.0,100.0,37.0,100.0,254.6999969482422,265.70001220703125,270.1000061035156,271.1000061035156,275.20001220703125,5505.39453125,2933.2158203125,1398.583251953125,730.5094604492188,105.4049072265625,268.510009765625,98.80000305175781,100.0,172.39999389648438,467.3599853515625,0.0,0.0,930.2156982421875,88.0,100.0,7.0,88.0,10100.0,254.0614471435547,266.1317138671875,268.7723693847656,271.07159423828125,275.3238525390625,5501.07177734375,2939.34814453125,1410.19873046875,743.1448974609375,108.65611267089844,270.707275390625,93.29314422607422,93.83572387695312,365.1535949707031,390.0,0.0,0.0625,5485.21875,2913.182373046875,1384.847900390625,719.2334594726562,96.44140625,254.5194091796875,265.75262451171875,267.1434020996094,270.6463623046875,274.78173828125,88.61087036132812,93.96955871582031,96.622802734375,93.89680480957031,,,,271.4241943359375,,101212.0,93778.515625,,12.412251472473145,95.0,0.0,7620.0,0.0,0.0,256.0,95.0,95.0,95.0,95.0,96.0,72.0,82.0,89.0,97.0,0.0,148.0,266.0899963378906,264.0,86.0,9.0,11.600000381469727,12.399999618530273
2024-02-06T20:57,2024-02-06T21:00,24,train,0,2024,2,20,21,2024-02-06T00:00,21,2024-02-06T00:00,21,2024-02-06T00:00,24,2024-02-05T21:00,21,2024-02-06T00:00,24,2024-02-05T21:00,-999.0,0.0,73.0,0.0,0.0,1568.5118408203125,1498.523681640625,nan,85000.0,nan,2.477661371231079,248.73464965820312,263.24603271484375,265.9809875488281,269.97418212890625,274.1435546875,5516.578125,2985.434326171875,1484.674072265625,188.3363494873047,266.8280944824219,95.4000015258789,330.99383544921875,331.8399963378906,12200.0,0.0,0.0,20000.1484375,0.0,5.0,4.900000095367432,0.0,24135.109375,0.0,0.0,250.91543579101562,267.36737060546875,278.3986511230469,279.3973388671875,281.8472900390625,5642.224609375,3092.832763671875,1537.666015625,845.3516235351562,201.8048095703125,280.8296203613281,88.19999694824219,81.80000305175781,58.733219146728516,2343.679931640625,20000.064453125,1.0,0.0,0.0,24100.0,248.5,265.20001220703125,264.79998779296875,269.0,273.0,5522.8818359375,2985.550048828125,1476.275390625,815.2282104492188,191.00595092773438,267.0400085449219,90.30000305175781,93.0,410.55999755859375,241.27999877929688,0.0,0.0,1135.0660400390625,96.0,0.0,0.0,96.0,16001.623046875,248.69772338867188,263.6464538574219,266.2742919921875,269.62762451171875,274.2841796875,5519.78466796875,2985.470947265625,1482.3460693359375,819.649169921875,190.67660522460938,270.6199645996094,86.0,87.1248550415039,475.9465026855469,370.0,0.0,0.0,5525.8515625,2986.51171875,1473.0791015625,809.136474609375,186.6318359375,249.20223999023438,265.33892822265625,266.12506103515625,270.365478515625,274.680419921875,22.165699005126953,82.80339813232422,65.8799819946289,62.64202880859375,,,,269.6808166503906,,102373.3125,92135.453125,,4.8219075202941895,49.0,0.0,7620.0,88886.0,336.0,201.0,10.0,10.0,11.0,11.0,14.0,49.0,49.0,49.0,49.0,0.0,353.0,265.0199890136719,260.6600036621094,72.0,0.0,11.199999809265137,12.0
2024-02-06T20:57,2024-02-06T21:00,48,train,0,2024,2,20,45,2024-02-05T00:00,45,2024-02-05T00:00,45,2024-02-05T00:00,48,2024-02-04T21:00,45,2024-02-05T00:00,45,2024-02-05T00:00,-999.0,0.0,100.0,0.0,0.0,1341.8082275390625,1341.8831787109375,86600.0,86600.0,1436.595703125,2.7643840312957764,248.18667602539062,264.29168701171875,265.5419006347656,269.3214111328125,273.61517333984375,5518.4951171875,2983.7373046875,1480.6219482421875,184.46356201171875,265.9908447265625,94.4000015258789,303.52862548828125,208.16000366210938,400.0,0.0,0.019999999552965164,19999.734375,0.0,5.0,4.900000095367432,0.0,24135.2421875,0.0,0.0,251.1346893310547,267.9937438964844,278.3506774902344,279.81842041015625,282.24072265625,5645.3916015625,3092.675048828125,1537.0816650390625,844.4669189453125,200.01840209960938,280.86572265625,89.5999984741211,74.5999984741211,10.255927085876465,2366.8798828125,19999.984375,1.0,0.0,0.0,24100.0,248.8000030517578,263.79998779296875,264.70001220703125,269.8999938964844,273.8999938964844,5516.56298828125,2990.921142578125,1480.95947265625,818.0991821289062,196.08010864257812,267.7900085449219,76.69999694824219,74.0,411.5199890136719,357.1199951171875,0.0,0.0,964.2440795898438,100.0,0.0,0.0,100.0,14035.513671875,248.30996704101562,264.893310546875,265.52691650390625,268.9073486328125,273.55010986328125,5520.66552734375,2985.259521484375,1480.3721923828125,819.70166015625,190.77345275878906,269.8511962890625,90.49281311035156,91.95178985595703,496.704345703125,250.0,0.0,0.0,5528.99609375,2987.07080078125,1473.358154296875,808.90478515625,185.80419921875,248.7229461669922,266.29150390625,266.51849365234375,270.6544494628906,274.97235107421875,11.823264122009277,85.7621841430664,66.53678894042969,63.421016693115234,,,,270.025634765625,,102353.5625,92133.5625,,4.844847202301025,57.0,,,632.0,632.0,8960.0,43.0,43.0,,43.0,,49.0,,49.0,49.0,0.0,425.0,264.9700012207031,260.3600158691406,71.0,0.0,12.800000190734863,14.0
2024-02-06T20:57,2024-02-06T21:00,1,train,0,2024,2,20,1,2024-02-06T20:00,3,2024-02-06T18:00,3,2024-02-06T18:00,1,2024-02-06T20:00,3,2024-02-06T18:00,1,2024-02-06T20:00,-999.0,0.0,0.0,0.0,0.0,nan,nan,nan,nan,nan,4.064671993255615,248.6214599609375,265.1583251953125,267.14141845703125,270.46356201171875,274.7275390625,5525.7216796875,2988.57470703125,1472.942626953125,171.48866271972656,267.03607177734375,81.30000305175781,223.03436279296875,370.4800109863281,18100.0,0.0,0.0,15758.5302734375,15.899999618530273,5.0,33.900001525878906,55.900001525878906,24134.892578125,0.0,0.0,250.79229736328125,267.59100341796875,278.5561828613281,277.8459777832031,281.1644287109375,5640.8154296875,3090.43603515625,1533.5716552734375,843.8641967773438,202.5238494873047,280.8661193847656,84.5,90.69999694824219,103.10387420654297,2377.43994140625,20000.111328125,11.0,0.0,0.0,24100.0,248.89999389648438,265.6000061035156,265.79998779296875,270.79998779296875,274.79998779296875,5522.3271484375,2983.150146484375,1472.2867431640625,806.8963012695312,185.36207580566406,268.65997314453125,85.9000015258789,85.0,412.3999938964844,489.760009765625,0.0,0.0,nan,0.0,0.0,0.0,0.0,22900.0,248.7379608154297,265.2313537597656,267.1234130859375,270.37371826171875,274.9525451660156,5523.6572265625,2989.390625,1472.24560546875,808.1825561523438,176.9178466796875,271.05621337890625,72.12890625,69.13653564453125,425.908935546875,430.0,0.0,0.0,5527.765625,2986.36474609375,1469.541015625,805.45361328125,182.947998046875,248.99769592285156,265.8147888183594,266.5151062011719,270.4647521972656,274.72735595703125,19.746826171875,83.06048583984375,65.35966491699219,62.73701477050781,,,,269.7483825683594,,102329.1875,92106.421875,,4.895776748657227,27.0,0.0,7620.0,88888.0,224.0,16274.0,16.0,21.0,32.0,37.0,38.0,7.0,7.0,7.0,9.0,0.0,360.0,264.9599914550781,260.80999755859375,74.0,0.0,11.600000381469727,12.399999618530273
2024-02-19T13:51,2024-02-19T14:00,1,train,0,2024,2,13,1,2024-02-19T13:00,2,2024-02-19T12:00,2,2024-02-19T12:00,1,2024-02-19T13:00,3,2024-02-19T12:00,1,2024-02-19T13:00,-999.0,100.0,100.0,0.0,0.0,1340.4033203125,1340.2303466796875,84800.0,85300.0,1636.2158203125,11.989192008972168,246.45867919921875,255.41213989257812,255.47427368164062,260.227294921875,264.2821044921875,5307.78759765625,2820.296875,1372.598388671875,121.87850952148438,255.57798767089844,85.30000305175781,363.6835632324219,0.0,3300.0,0.0,0.08500000089406967,15744.841796875,42.0,5.0,34.0,26.299999237060547,24135.0625,8.000000093488779e-07,0.0,251.42710876464844,270.9375305175781,277.87847900390625,279.3021240234375,285.1528015136719,5762.94970703125,3190.35888671875,1625.7781982421875,936.7150268554688,290.50604248046875,287.6283874511719,63.599998474121094,92.4000015258789,1024.8292236328125,2859.840087890625,19999.8203125,19.0,0.0,0.0,0.0,246.6999969482422,257.70001220703125,253.5,258.1000061035156,262.0,5317.16357421875,2816.427734375,1363.7877197265625,730.0811767578125,126.93991088867188,255.7899932861328,97.19999694824219,100.0,430.9599914550781,0.0,9.999999747378752e-05,0.4375,792.8276977539062,100.0,0.0,0.0,100.0,600.0,246.0706329345703,254.00146484375,255.63836669921875,259.7825927734375,264.1658630371094,5303.90283203125,2824.654541015625,1377.6419677734375,740.453369140625,133.85784912109375,260.0899658203125,86.64568328857422,82.77510833740234,544.71240234375,0.0,4.999999873689376e-05,0.125,5326.6328125,2828.541748046875,1372.902587890625,739.38134765625,144.928955078125,246.7818603515625,256.99749755859375,254.55743408203125,258.496337890625,262.4400634765625,4.035724639892578,66.59746551513672,77.50141906738281,70.85910034179688,,,,258.19183349609375,,101922.25,91265.796875,,1.5341026782989502,64.0,0.0,7620.0,0.0,0.0,256.0,51.0,61.0,63.0,66.0,68.0,55.0,55.0,55.0,55.0,1.0,584.0,252.38998413085938,249.89999389648438,79.0,1.0,40.0,43.20000076293945
2024-03-02T23:47,2024-03-03T00:00,1,train,0,2024,3,23,1,2024-03-02T23:00,6,2024-03-02T18:00,6,2024-03-02T18:00,1,2024-03-02T23:00,0,2024-03-03T00:00,1,2024-03-02T23:00,2457.39990234375,86.0,86.0,100.0,100.0,6869.33447265625,1343.0494384765625,30400.0,87200.0,9525.865234375,8.222375869750977,252.40625,267.0299987792969,274.60150146484375,277.23724365234375,280.8153076171875,5653.685546875,3088.5947265625,1547.4149169921875,219.6020965576172,273.9149169921875,94.9000015258789,323.7794494628906,1957.3599853515625,4900.0,0.0003000000142492354,1.7769999504089355,1127.700439453125,5.5,100.0,94.30000305175781,52.29999923706055,13773.56640625,0.00011919999815290794,5.6875,243.7608642578125,261.65838623046875,271.8870849609375,277.28082275390625,280.1767272949219,5331.68994140625,2845.3828125,1327.6717529296875,646.578369140625,8.732812881469727,279.2527160644531,94.69999694824219,82.0999984741211,396.04400634765625,1154.4000244140625,3249.48974609375,100.0,100.0,100.0,9700.0,252.8000030517578,267.29998779296875,273.8999938964844,278.29998779296875,282.5,5650.15966796875,3080.0810546875,1534.0255126953125,848.4080200195312,217.55581665039062,275.6600036621094,95.5999984741211,94.0,428.0,2082.56005859375,0.0005000000237487257,6.6875,5290.1259765625,100.0,100.0,100.0,51.0,11000.0,253.8259735107422,266.42919921875,274.26385498046875,277.18511962890625,279.6319885253906,5650.63232421875,3080.8876953125,1541.69091796875,856.8101806640625,216.86627197265625,275.28729248046875,86.0,92.77082824707031,269.1408996582031,1800.0,4.999999873689376e-05,0.5625,5652.2109375,3080.583740234375,1539.235595703125,855.123779296875,221.1728515625,253.0940399169922,267.139404296875,273.99969482421875,276.24151611328125,279.8974304199219,99.78298950195312,96.76757049560547,91.47161102294922,92.39222717285156,,,,274.39788818359375,,102724.25,92678.15625,,15.939040184020996,96.0,0.0,7620.0,0.0,0.0,209.0,87.0,87.0,88.0,88.0,90.0,85.0,90.0,95.0,100.0,0.0,149.0,271.33001708984375,270.69000244140625,93.0,62.0,26.0,28.0
2024-03-02T23:47,2024-03-03T00:00,24,train,0,2024,3,23,24,2024-03-02T00:00,24,2024-03-02T00:00,24,2024-03-02T00:00,21,2024-03-02T03:00,24,2024-03-02T00:00,24,2024-03-02T00:00,5003.39990234375,0.0,100.0,100.0,100.0,1342.9892578125,1342.9727783203125,30400.0,87100.0,9838.2548828125,6.985564231872559,252.25152587890625,268.1405944824219,273.6536560058594,276.6535339355469,280.47711181640625,5652.77978515625,3083.845703125,1540.290283203125,213.11705017089844,273.3764343261719,98.19999694824219,255.5927734375,1439.3599853515625,100.0,0.0006000000284984708,2.109999895095825,1052.45458984375,8.0,100.0,100.0,40.79999923706055,24134.908203125,2.5600000299164094e-05,1.4375,245.21542358398438,261.52239990234375,271.41680908203125,276.89678955078125,279.62225341796875,5324.708984375,2839.649169921875,1323.9822998046875,644.025146484375,6.864375114440918,278.68341064453125,96.4000015258789,83.4000015258789,309.3164978027344,1096.0,1455.685302734375,100.0,100.0,24.0,1800.0,252.1999969482422,266.8999938964844,273.5,277.1000061035156,281.20001220703125,5652.9853515625,3085.8740234375,1540.4486083984375,857.383056640625,225.98565673828125,274.6099853515625,96.4000015258789,96.0,427.3599853515625,2076.0,0.00139999995008111,7.0,2607.67138671875,65.0,100.0,100.0,28.0,7500.0,252.34536743164062,267.23138427734375,274.3616638183594,276.7659912109375,279.7952880859375,5651.18310546875,3085.357666015625,1542.21337890625,857.9586181640625,217.1494598388672,275.2943115234375,88.19758605957031,93.44062805175781,338.4183044433594,1910.0,0.00023999999393709004,1.6875,5650.984375,3083.976806640625,1540.402099609375,857.193115234375,222.961669921875,252.27015686035156,267.6899719238281,274.12060546875,275.93035888671875,279.9123229980469,95.30384826660156,96.11338806152344,93.91216278076172,89.83184051513672,,,,274.666748046875,,102775.8125,92708.5625,,15.637533187866211,95.0,0.0,7620.0,0.0,0.0,256.0,93.0,93.0,93.0,93.0,94.0,80.0,93.0,99.0,99.0,0.0,157.0,271.3899841308594,270.0199890136719,92.0,72.0,25.600000381469727,29.200000762939453
2024-02-19T13:51,2024-02-19T14:00,24,train,0,2024,2,13,26,2024-02-18T12:00,26,2024-02-18T12:00,26,2024-02-18T12:00,23,2024-02-18T15:00,21,2024-02-18T18:00,24,2024-02-18T14:00,-999.0,0.0,100.0,0.0,0.0,nan,1339.791259765625,nan,85100.0,nan,15.230607986450195,247.41152954101562,257.92724609375,254.6083221435547,257.28118896484375,261.31475830078125,5315.0888671875,2816.19775390625,1358.322021484375,112.11097717285156,252.76071166992188,83.19999694824219,301.8979797363281,0.0,15500.0,0.0,2.9000000953674316,7126.62109375,0.0,100.0,100.0,1.7000000476837158,24135.1328125,0.0,0.0,252.0458984375,270.6386413574219,277.7038879394531,280.322998046875,286.4151916503906,5765.05615234375,3189.197509765625,1626.0091552734375,935.4720458984375,286.9508972167969,288.9584045410156,54.5,78.19999694824219,1145.2901611328125,2806.719970703125,19999.908203125,31.0,0.0,0.0,0.0,247.0,258.79998779296875,252.0,256.70001220703125,260.5,5331.87841796875,2824.97607421875,1361.4461669921875,731.336669921875,130.74098205566406,254.64999389648438,96.4000015258789,100.0,306.239990234375,0.0,0.0003000000142492354,1.0,nan,100.0,0.0,0.0,100.0,15900.0,246.83041381835938,255.8836212158203,255.16322326660156,256.41412353515625,260.65338134765625,5306.6123046875,2820.355712890625,1366.209716796875,734.9002075195312,130.1427001953125,256.3486022949219,84.40411376953125,79.96429443359375,431.68402099609375,0.0,0.0,1.9375,5319.26171875,2824.91259765625,1367.69775390625,734.4454345703125,140.522705078125,246.09649658203125,257.23480224609375,254.53311157226562,258.3173828125,262.24810791015625,3.975841522216797,60.52982711791992,75.69530487060547,69.656494140625,,,,257.8924560546875,,101860.5,91201.6875,,1.4068748950958252,57.0,0.0,7620.0,32.0,32.0,201.0,50.0,56.0,63.0,63.0,63.0,43.0,44.0,46.0,58.0,1.0,490.0,253.38998413085938,249.5500030517578,72.0,2.0,42.0,46.0
2024-02-19T13:51,2024-02-19T14:00,48,train,0,2024,2,13,44,2024-02-17T18:00,50,2024-02-17T12:00,50,2024-02-17T12:00,47,2024-02-17T15:00,45,2024-02-17T18:00,36,2024-02-18T02:00,-999.0,0.0,100.0,0.0,0.0,nan,1339.7567138671875,nan,85100.0,nan,16.0230712890625,249.18238830566406,258.82781982421875,254.7467041015625,257.1607360839844,261.1890869140625,5341.70556640625,2828.083984375,1367.5594482421875,119.78898620605469,252.56483459472656,82.9000015258789,298.717041015625,0.0,14100.0,0.0,3.700000047683716,20000.130859375,9.899999618530273,0.30000001192092896,7.5,5.300000190734863,24134.728515625,0.0,0.0,251.68426513671875,271.26763916015625,275.7801513671875,280.59002685546875,286.87274169921875,5759.35546875,3182.74951171875,1619.4755859375,930.2969970703125,280.8101501464844,289.2595520019531,53.79999923706055,80.4000015258789,1376.3150634765625,2879.840087890625,19999.9140625,20.0,0.0,0.0,0.0,248.5,260.20001220703125,253.60000610351562,258.1000061035156,262.0,5343.8095703125,2825.1025390625,1358.56298828125,724.7681884765625,121.41188049316406,255.67999267578125,97.5,100.0,432.0799865722656,0.0,9.999999747378752e-05,0.6875,834.0067138671875,100.0,0.0,0.0,100.0,10000.0,248.44007873535156,257.55694580078125,255.47340393066406,256.564208984375,260.87896728515625,5336.8056640625,2831.6240234375,1372.9908447265625,741.15478515625,134.85238647460938,256.60394287109375,86.31477355957031,91.15740203857422,443.9237060546875,0.0,0.0,5.375,5311.421875,2821.907470703125,1365.2177734375,730.409423828125,134.9873046875,245.5972137451172,256.68841552734375,255.18881225585938,258.85205078125,262.79852294921875,4.854485511779785,65.32017517089844,77.2984390258789,70.73697662353516,,,,258.33709716796875,,101774.875,91140.265625,,1.4679720401763916,57.0,0.0,7620.0,32.0,32.0,201.0,26.0,26.0,26.0,26.0,27.0,43.0,43.0,45.0,56.0,1.0,671.0,254.66000366210938,250.3599853515625,68.0,0.0,41.599998474121094,50.0
2024-03-02T23:47,2024-03-03T00:00,48,train,0,2024,3,23,48,2024-03-01T00:00,48,2024-03-01T00:00,48,2024-03-01T00:00,45,2024-03-01T03:00,48,2024-03-01T00:00,48,2024-03-01T00:00,-999.0,100.0,100.0,52.0,100.0,1343.11474609375,1343.045166015625,56900.0,87300.0,1721.103759765625,8.481804847717285,251.6328582763672,267.224365234375,274.10272216796875,276.91851806640625,280.6304016113281,5668.9736328125,3106.78076171875,1563.939208984375,237.1588134765625,273.8330078125,97.4000015258789,332.074462890625,2055.0400390625,100.0,0.0,1.840000033378601,3912.3056640625,42.0,100.0,0.0,40.5,24134.974609375,8.000000093488779e-07,1.375,241.00961303710938,260.57159423828125,270.8868103027344,276.5216064453125,279.2088317871094,5325.6728515625,2853.207763671875,1341.019775390625,662.1568603515625,25.762500762939453,278.328125,93.5,77.9000015258789,404.41619873046875,1061.760009765625,1196.4405517578125,82.0,66.0,74.0,100.0,251.89999389648438,269.0,273.6000061035156,276.0,280.20001220703125,5663.68603515625,3092.033447265625,1547.1412353515625,866.372802734375,237.1658477783203,273.7300109863281,99.9000015258789,100.0,296.0,1772.3199462890625,0.000699999975040555,4.125,2928.282958984375,82.0,100.0,99.0,30.0,10000.0,251.14984130859375,268.1795349121094,274.775146484375,277.3858642578125,280.40289306640625,5662.5888671875,3097.45458984375,1550.9595947265625,865.5321044921875,223.19271850585938,275.9349365234375,88.0,94.50983428955078,340.8705139160156,1970.0,5.999999848427251e-05,1.6875,5646.6640625,3081.840576171875,1538.220458984375,855.84375,223.962158203125,252.11785888671875,267.37042236328125,273.78546142578125,275.12591552734375,278.8534240722656,99.82088470458984,97.2541275024414,94.50114440917969,92.16107940673828,,,,274.0572204589844,,102784.6875,92694.890625,,15.042741775512695,95.0,,,64.0,32.0,2688.0,96.0,97.0,,98.0,,67.0,,87.0,100.0,1.0,150.0,271.1300048828125,269.65997314453125,91.0,75.0,25.200000762939453,27.600000381469727
2024-03-14T13:50,2024-03-14T14:00,1,train,0,2024,3,13,1,2024-03-14T13:00,2,2024-03-14T12:00,2,2024-03-14T12:00,1,2024-03-14T13:00,3,2024-03-14T12:00,1,2024-03-14T13:00,-999.0,0.0,0.0,5.0,97.0,nan,474.9547424316406,nan,32000.0,nan,3.4472053050994873,251.02874755859375,266.8783874511719,274.248046875,275.7789306640625,279.469970703125,5549.8017578125,2996.15478515625,1457.23681640625,134.7560577392578,275.6771545410156,76.0,247.01263427734375,1842.0799560546875,21400.0,0.0,0.0,4854.41552734375,0.0,100.0,100.0,0.0,24134.7421875,0.0,0.0,254.11465454101562,271.14508056640625,281.10870361328125,285.919921875,292.4960021972656,5645.412109375,3053.517333984375,1482.295166015625,779.4336547851562,117.40462493896484,292.81610107421875,46.20000076293945,60.79999923706055,1243.703857421875,2720.800048828125,19999.81640625,13.0,5.0,0.0,24100.0,250.6999969482422,266.8999938964844,274.6000061035156,278.20001220703125,282.3999938964844,5555.3095703125,3001.938232421875,1462.0361328125,776.933837890625,147.58714294433594,276.07000732421875,95.30000305175781,96.0,178.0800018310547,1769.280029296875,0.0,0.0,nan,0.0,0.0,95.0,0.0,19200.0,251.08596801757812,267.20709228515625,274.27227783203125,275.5325927734375,278.82745361328125,5552.8818359375,2998.41796875,1459.2767333984375,777.0643310546875,138.70359802246094,276.485595703125,79.2669677734375,76.61424255371094,158.55740356445312,1720.0,0.0,0.0,5552.00390625,2999.37109375,1461.578125,779.877685546875,143.745361328125,250.85902404785156,266.57916259765625,273.59722900390625,276.48193359375,280.7080078125,18.372800827026367,94.14546966552734,66.66699981689453,61.04590606689453,0.1945343017578125,-0.05506420135498047,-0.30263805389404297,276.8214111328125,272.4583740234375,101709.875,91800.1796875,0.875,9.779534339904785,69.0,0.0,7620.0,0.0,0.0,209.0,60.0,66.0,67.0,70.0,73.0,55.0,55.0,55.0,55.0,0.0,178.0,271.41998291015625,268.20001220703125,77.0,1.0,11.600000381469727,12.399999618530273
2024-03-28T11:47,2024-03-28T12:00,1,train,0,2024,3,11,1,2024-03-28T11:00,6,2024-03-28T06:00,6,2024-03-28T06:00,1,2024-03-28T11:00,0,2024-03-28T12:00,1,2024-03-28T11:00,6303.0,0.0,78.0,100.0,100.0,3468.150146484375,1343.4080810546875,22300.0,86200.0,11984.4091796875,4.681434631347656,256.8133544921875,270.4259948730469,278.6596374511719,279.9126281738281,283.71771240234375,5619.388671875,3020.910888671875,1454.10302734375,110.23809051513672,277.89483642578125,88.9000015258789,259.99468994140625,2607.52001953125,13500.0,0.00019999999494757503,1.8990000486373901,19999.8828125,4.300000190734863,67.69999694824219,90.19999694824219,9.0,24135.091796875,0.0,0.4375,248.7504119873047,265.7418212890625,276.32220458984375,282.8296813964844,289.495361328125,5386.9990234375,2854.10009765625,1317.510498046875,624.3868408203125,-30.267749786376953,289.003173828125,36.70000076293945,43.599998474121094,2380.62451171875,1656.3199462890625,2459.811767578125,100.0,100.0,72.0,12300.0,258.20001220703125,270.29998779296875,279.29998779296875,283.1000061035156,287.29998779296875,5634.1806640625,3019.36572265625,1456.5819091796875,758.584716796875,124.08828735351562,279.32000732421875,100.0,95.0,70.72000122070312,2462.39990234375,0.0003000000142492354,3.0625,795.7481689453125,100.0,100.0,100.0,92.0,1800.0,256.91925048828125,269.7952880859375,277.6563415527344,279.1688537597656,281.9920349121094,5613.25830078125,3017.9716796875,1459.3853759765625,767.63525390625,120.52006530761719,276.52392578125,88.02268981933594,99.09669494628906,66.19120788574219,2290.0,0.0003000000142492354,2.125,5623.72265625,3018.96240234375,1461.600830078125,769.76318359375,126.118896484375,257.92242431640625,269.3750915527344,277.1322021484375,279.854248046875,283.87969970703125,74.38128662109375,98.18685150146484,94.84107971191406,94.9723129272461,0.300689697265625,0.14472198486328125,0.1750650405883789,278.60589599609375,277.94635009765625,101510.25,91705.78125,11.75,19.203229904174805,97.0,0.0,7620.0,0.0,0.0,209.0,73.0,83.0,92.0,97.0,100.0,79.0,85.0,92.0,99.0,1.0,125.0,274.8600158691406,273.5199890136719,90.0,87.0,10.800000190734863,11.600000381469727
2024-03-28T11:47,2024-03-28T12:00,24,train,0,2024,3,11,24,2024-03-27T12:00,24,2024-03-27T12:00,24,2024-03-27T12:00,21,2024-03-27T15:00,24,2024-03-27T12:00,24,2024-03-27T12:00,3567.0,0.0,52.0,100.0,100.0,3820.898681640625,3135.037109375,25200.0,69100.0,11978.7236328125,3.530775547027588,257.46002197265625,269.51983642578125,276.4952392578125,279.71612548828125,283.5963134765625,5630.177734375,3025.61962890625,1471.864501953125,131.77423095703125,276.4892578125,85.4000015258789,131.84548950195312,2149.760009765625,11500.0,0.00019999999494757503,15.899999618530273,19999.921875,5.0,66.4000015258789,72.0999984741211,0.800000011920929,24135.232421875,0.0,0.125,249.37449645996094,263.6075439453125,274.7476806640625,281.3620300292969,288.3270568847656,5381.66943359375,2853.0546875,1326.031982421875,636.660400390625,-14.784812927246094,287.8344421386719,39.0,46.5,2424.487548828125,1501.760009765625,1914.9754638671875,100.0,100.0,100.0,7800.0,258.20001220703125,269.6000061035156,277.3999938964844,280.5,284.70001220703125,5623.51953125,3023.37255859375,1468.0191650390625,776.507080078125,138.0033416748047,277.29998779296875,99.0999984741211,95.0,70.23999786376953,2157.919921875,0.0006000000284984708,6.3125,3068.930419921875,69.0,98.0,100.0,31.0,4500.0,257.9000244140625,269.25048828125,276.7183837890625,279.2359313964844,282.4764404296875,5621.54443359375,3022.490966796875,1468.6583251953125,777.5349731445312,130.9876708984375,276.87896728515625,88.30988311767578,93.31007385253906,66.62960815429688,2240.0,0.0007600000244565308,10.375,5629.66015625,3024.158935546875,1463.009521484375,771.5281982421875,128.779052734375,258.0115966796875,270.1393127441406,277.542724609375,279.64227294921875,283.478515625,82.15631866455078,98.92257690429688,95.17822265625,93.0910415649414,0.32991504669189453,-0.32017993927001953,-0.0123748779296875,276.588623046875,276.2148132324219,101531.6875,91723.9453125,9.625,20.081558227539062,96.0,0.0,7620.0,0.0,0.0,256.0,95.0,100.0,100.0,100.0,100.0,86.0,100.0,100.0,100.0,2.0,114.0,274.07000732421875,272.77996826171875,91.0,56.0,10.399999618530273,11.199999809265137
2024-03-28T11:47,2024-03-28T12:00,48,train,0,2024,3,11,48,2024-03-26T12:00,48,2024-03-26T12:00,48,2024-03-26T12:00,45,2024-03-26T15:00,48,2024-03-26T12:00,48,2024-03-26T12:00,-999.0,0.0,100.0,100.0,100.0,1390.684326171875,1343.315185546875,23700.0,86500.0,11797.2353515625,2.8600611686706543,255.36892700195312,270.5137634277344,276.2294006347656,278.5511169433594,282.46636962890625,5632.2109375,3040.18896484375,1483.257568359375,144.55592346191406,276.279296875,96.19999694824219,104.1955337524414,2378.239990234375,12200.0,0.0,11.65999984741211,20000.142578125,5.0,75.80000305175781,80.0999984741211,0.0,24134.919921875,0.0,0.0,248.8233184814453,262.1618347167969,275.12054443359375,281.65667724609375,288.2546691894531,5378.99853515625,2862.394775390625,1336.6297607421875,646.5343017578125,-5.08384370803833,288.1214294433594,35.400001525878906,42.20000076293945,2791.783447265625,1548.0,1196.6314697265625,100.0,100.0,100.0,600.0,258.8999938964844,271.6000061035156,276.20001220703125,279.5,283.70001220703125,5653.66796875,3030.3505859375,1470.0816650390625,781.147216796875,142.63491821289062,276.4700012207031,100.0,100.0,34.880001068115234,2354.719970703125,0.001500000013038516,9.375,795.552490234375,100.0,100.0,96.0,100.0,0.0,257.30364990234375,270.07720947265625,276.362548828125,277.4706726074219,281.09881591796875,5633.0478515625,3026.908447265625,1468.946044921875,781.691650390625,135.01458740234375,275.5450439453125,91.37382507324219,98.56306457519531,67.110107421875,2390.0,1.9999999494757503e-05,1.25,5622.53125,3025.497314453125,1459.99951171875,768.771484375,125.80810546875,256.34088134765625,271.35009765625,277.38262939453125,279.6317138671875,283.71771240234375,101.83026123046875,97.29144287109375,96.45333862304688,97.48236846923828,-0.26313304901123047,-0.2760133743286133,0.09103012084960938,276.88262939453125,276.76092529296875,101508.25,91701.46875,46.75,18.04969596862793,95.0,,,16.0,16.0,640.0,92.0,93.0,,94.0,,69.0,,81.0,96.0,1.0,125.0,273.739990234375,272.30999755859375,91.0,45.0,14.399999618530273,15.199999809265137
2024-05-01T15:49,2024-05-01T16:00,1,train,1,2024,5,15,1,2024-05-01T15:00,4,2024-05-01T12:00,4,2024-05-01T12:00,1,2024-05-01T15:00,3,2024-05-01T12:00,1,2024-05-01T15:00,-999.0,100.0,100.0,0.0,0.0,1343.718017578125,1343.6556396484375,84800.0,86100.0,1580.9224853515625,1.4190940856933594,257.4332580566406,273.0114440917969,277.1892395019531,279.68756103515625,283.9584655761719,5634.97119140625,3019.001953125,1445.186279296875,99.46562957763672,278.406494140625,100.0,329.7223815917969,3052.0,0.0,0.0,0.0,283.297119140625,100.0,100.0,100.0,77.5999984741211,10383.8525390625,0.0002576000115368515,4.9375,250.78550720214844,264.6856994628906,273.2515869140625,277.6925048828125,282.2669677734375,5477.4189453125,2927.501220703125,1393.01220703125,709.0567016601562,67.94671630859375,281.80242919921875,95.19999694824219,99.5999984741211,703.1896362304688,1431.0400390625,1267.6827392578125,76.0,0.0,0.0,18900.0,257.1000061035156,273.20001220703125,278.5,283.1000061035156,287.29998779296875,5634.75439453125,3019.892822265625,1447.66650390625,749.818603515625,108.78804779052734,281.3799743652344,94.4000015258789,100.0,299.20001220703125,3038.719970703125,9.999999747378752e-05,0.125,870.1707763671875,100.0,6.0,21.0,100.0,9600.0,257.40423583984375,272.6507263183594,277.39727783203125,279.1103820800781,283.75665283203125,5635.90478515625,3022.65576171875,1448.6085205078125,759.4583129882812,107.94876098632812,280.6602478027344,96.6348648071289,98.21430969238281,384.2706604003906,2950.0,0.0,0.0,5638.046875,3023.916748046875,1452.11328125,762.800537109375,122.0771484375,257.4473876953125,272.03240966796875,277.00213623046875,278.67962646484375,282.6778564453125,38.97258758544922,100.10200500488281,97.28876495361328,94.43037414550781,0.06929874420166016,-0.041790008544921875,-0.2033987045288086,279.8528747558594,278.6341247558594,101448.125,91630.453125,0.0,12.528341293334961,92.0,0.0,7620.0,32.0,32.0,465.0,86.0,86.0,86.0,86.0,88.0,34.0,39.0,41.0,49.0,5.0,477.0,276.1499938964844,274.9599914550781,90.0,0.0,6.400000095367432,6.800000190734863
2024-03-14T13:50,2024-03-14T14:00,24,train,0,2024,3,13,26,2024-03-13T12:00,26,2024-03-13T12:00,26,2024-03-13T12:00,23,2024-03-13T15:00,21,2024-03-13T18:00,24,2024-03-13T14:00,-999.0,0.0,1.0,100.0,100.0,7410.833984375,5872.36962890625,37000.0,47700.0,10566.587890625,4.984728813171387,250.04022216796875,266.2014465332031,273.312744140625,275.59814453125,279.3563537597656,5537.7890625,2989.33740234375,1456.3922119140625,135.47628784179688,274.90618896484375,85.5,338.5072937011719,1619.760009765625,16400.0,0.0,0.14000000059604645,4852.01708984375,0.0,100.0,100.0,0.0,24135.173828125,0.0,0.0,254.1699981689453,271.6109924316406,279.59307861328125,285.8211364746094,292.4123229980469,5644.1416015625,3052.412353515625,1483.5543212890625,781.7888793945312,119.90718841552734,292.7208557128906,46.5,61.20000076293945,1474.395751953125,2759.52001953125,20000.130859375,36.0,3.0,1.0,400.0,251.0,267.6000061035156,272.5,276.20001220703125,280.29998779296875,5550.01904296875,2992.7431640625,1453.4910888671875,773.6356811523438,141.87197875976562,273.8699951171875,99.30000305175781,100.0,292.239990234375,1243.6800537109375,9.999999747378752e-05,0.3125,6045.42626953125,19.0,100.0,92.0,2.0,18100.0,249.69879150390625,267.0886535644531,273.5714416503906,275.0675048828125,278.7163391113281,5546.328125,2997.066650390625,1461.559814453125,780.4139404296875,141.94113159179688,276.2176208496094,81.18852233886719,79.04212951660156,330.476806640625,1560.0,0.0,0.0,5553.5390625,2998.725341796875,1462.138671875,782.150146484375,148.8994140625,251.27854919433594,266.57958984375,273.37872314453125,275.2781982421875,279.3643798828125,11.627431869506836,99.32167053222656,70.69639587402344,65.87796020507812,0.11165809631347656,0.09588336944580078,-0.16655445098876953,275.52392578125,272.25927734375,101796.0625,91839.953125,16.75,9.600027084350586,67.0,0.0,7620.0,0.0,0.0,256.0,56.0,59.0,61.0,61.0,61.0,45.0,45.0,45.0,48.0,1.0,339.0,271.1000061035156,268.27996826171875,80.0,2.0,15.199999809265137,16.399999618530273
2024-03-14T13:50,2024-03-14T14:00,48,train,0,2024,3,13,44,2024-03-12T18:00,50,2024-03-12T12:00,50,2024-03-12T12:00,47,2024-03-12T15:00,45,2024-03-12T18:00,36,2024-03-13T02:00,-999.0,69.0,69.0,0.0,1.0,nan,1342.87109375,nan,86200.0,nan,6.699018955230713,250.71676635742188,265.5313720703125,273.41595458984375,276.8313903808594,280.49285888671875,5531.6884765625,2986.220703125,1454.584716796875,131.75726318359375,274.6219482421875,95.0999984741211,388.09130859375,1456.8800048828125,12700.0,0.0,1.9500000476837158,5032.45458984375,1.2999999523162842,100.0,100.0,0.0,24135.087890625,0.0,0.0,253.80044555664062,271.0733642578125,279.55438232421875,286.1744079589844,292.92071533203125,5649.4716796875,3057.477783203125,1490.0548095703125,787.776123046875,125.20118713378906,293.3888854980469,40.5,54.0,1574.248779296875,2639.0400390625,20000.140625,34.0,8.0,7.0,0.0,250.5,267.70001220703125,273.5,273.1000061035156,277.1000061035156,5548.63818359375,2992.60986328125,1451.73291015625,777.80419921875,139.86788940429688,271.1199951171875,97.30000305175781,100.0,251.52000427246094,868.9600219726562,0.00019999999494757503,0.5,817.9943237304688,100.0,30.0,36.0,100.0,3100.0,250.4662322998047,266.68084716796875,272.66229248046875,275.73248291015625,279.1890563964844,5537.59423828125,2991.640625,1455.2689208984375,774.2896118164062,135.2323455810547,275.97418212890625,96.93363952636719,98.75967407226562,393.6565856933594,1390.0,0.0,0.0,5546.6796875,2990.244873046875,1458.3115234375,778.334228515625,144.029052734375,251.02589416503906,266.6065979003906,272.2476806640625,276.00311279296875,279.8240966796875,7.727142333984375,99.65524291992188,75.30783081054688,70.51924133300781,-0.0628509521484375,0.44050025939941406,-0.06048870086669922,276.62237548828125,272.5915222167969,101743.25,91790.03125,6.0,7.727115631103516,86.0,0.0,7620.0,32.0,16.0,201.0,40.0,42.0,42.0,42.0,43.0,42.0,42.0,42.0,44.0,1.0,366.0,270.92999267578125,268.3600158691406,81.0,2.0,17.200000762939453,18.799999237060547
2024-05-24T15:48,2024-05-24T16:00,1,train,0,2024,5,15,1,2024-05-24T15:00,4,2024-05-24T12:00,4,2024-05-24T12:00,1,2024-05-24T15:00,3,2024-05-24T12:00,1,2024-05-24T15:00,-999.0,0.0,1.0,0.0,0.0,nan,nan,nan,nan,nan,7.069910526275635,256.769287109375,271.72357177734375,284.0607604980469,290.69171142578125,295.1988830566406,5618.1494140625,3007.31298828125,1428.8917236328125,54.04838562011719,287.140869140625,55.5,1269.8714599609375,2714.719970703125,34100.0,0.0,0.0,2131.714599609375,54.900001525878906,0.0,4.5,0.0,24135.078125,0.0,0.0,252.40878295898438,270.1269226074219,279.25054931640625,285.8032531738281,292.4666748046875,5651.044921875,3071.447265625,1512.17724609375,810.716064453125,148.95721435546875,293.2312927246094,43.5,57.70000076293945,1914.922607421875,2277.280029296875,20000.19140625,9.0,1.0,0.0,24100.0,257.3999938964844,272.0,283.3999938964844,289.0,293.3999938964844,5608.46435546875,2995.156982421875,1421.3194580078125,709.4713134765625,34.73486328125,288.20001220703125,55.0,61.0,1364.239990234375,2588.47998046875,0.0,0.0,nan,22.0,0.0,0.0,22.0,40700.0,256.7952880859375,270.90863037109375,283.7408447265625,290.7393493652344,295.5741271972656,5611.58984375,3005.000244140625,1428.661376953125,715.6058349609375,52.65825653076172,291.0202941894531,48.96173858642578,42.30898666381836,1765.8018798828125,2630.0,0.0,0.0,5611.4453125,2999.334716796875,1423.64892578125,710.6239624023438,46.589599609375,257.015625,270.8226318359375,283.79217529296875,290.7859191894531,295.03485107421875,69.7237548828125,52.58784866333008,37.55498504638672,36.80943298339844,0.6876077651977539,0.9539041519165039,0.9668073654174805,291.14520263671875,277.39520263671875,100570.25,91086.59375,2.5,14.309947967529297,23.0,0.0,7620.0,88888.0,1016.0,16274.0,13.0,17.0,21.0,26.0,34.0,14.0,14.0,14.0,14.0,73.0,1112.0,280.8799743652344,275.05999755859375,67.0,0.0,30.0,33.0
2024-07-07T11:50,2024-07-07T12:00,1,train,0,2024,7,11,1,2024-07-07T11:00,6,2024-07-07T06:00,6,2024-07-07T06:00,1,2024-07-07T11:00,0,2024-07-07T12:00,1,2024-07-07T11:00,-999.0,0.0,0.0,0.0,0.0,nan,1394.171630859375,nan,86300.0,nan,6.9592719078063965,265.189208984375,279.7208557128906,288.811767578125,292.2353515625,296.51605224609375,5828.9013671875,3142.225830078125,1522.099609375,122.16659545898438,288.8946228027344,71.30000305175781,194.64491271972656,4458.13427734375,23600.0,0.0,0.0,19999.8515625,1.5,0.0,0.10000000149011612,0.0,24134.91796875,0.0,0.0,261.366943359375,275.63116455078125,280.0849914550781,286.6576232910156,293.85760498046875,5739.9560546875,3084.329345703125,1502.42919921875,798.6952514648438,134.54177856445312,295.6289367675781,39.400001525878906,57.599998474121094,1834.2747802734375,3704.9599609375,19999.8828125,31.0,0.0,0.0,24100.0,265.20001220703125,280.29998779296875,287.3999938964844,291.70001220703125,296.1000061035156,5825.27294921875,3138.130859375,1516.893798828125,795.7238159179688,120.33548736572266,290.1399841308594,93.69999694824219,96.0,400.9599914550781,4460.47998046875,0.0,1.75,nan,31.0,0.0,0.0,31.0,16000.0,265.2004089355469,279.809326171875,288.42535400390625,291.66259765625,295.65435791015625,5825.28515625,3138.464599609375,1519.619140625,796.9299926757812,120.12193298339844,291.978515625,86.53048706054688,79.19293212890625,363.1102294921875,4460.0,0.0,0.0,5835.3203125,3140.03076171875,1520.885986328125,800.0911865234375,133.663818359375,265.7352294921875,280.37396240234375,287.99981689453125,291.26885986328125,295.7618408203125,36.027259826660156,67.77525329589844,87.82878112792969,91.96981048583984,0.2909574508666992,0.8026018142700195,0.3559904098510742,291.4945373535156,290.0882873535156,101623.5,92074.890625,0.0,19.24555015563965,30.0,0.0,7620.0,0.0,0.0,209.0,76.0,77.0,77.0,77.0,79.0,66.0,66.0,66.0,66.0,21.0,0.0,285.2599792480469,284.30999755859375,95.0,3.0,7.199999809265137,7.699999809265137
2024-05-01T15:49,2024-05-01T16:00,24,train,1,2024,5,15,22,2024-04-30T18:00,22,2024-04-30T18:00,22,2024-04-30T18:00,25,2024-04-30T15:00,21,2024-04-30T18:00,24,2024-04-30T16:00,-999.0,100.0,100.0,44.0,0.0,1343.8123779296875,1343.6873779296875,82200.0,86100.0,1901.3365478515625,2.5690836906433105,256.45452880859375,272.7172546386719,277.79931640625,279.417236328125,283.44879150390625,5626.01953125,3018.983154296875,1448.46044921875,102.89411926269531,279.5713195800781,100.0,388.4384460449219,3041.280029296875,100.0,0.0,5.010000228881836,306.5216979980469,100.0,100.0,92.19999694824219,99.9000015258789,5573.77783203125,0.0007512000156566501,8.3125,251.26234436035156,265.6420593261719,273.09649658203125,277.4112243652344,282.1518249511719,5473.806640625,2919.218505859375,1384.07373046875,701.010009765625,60.37515640258789,281.6840515136719,95.0,99.0999984741211,1103.669189453125,1362.719970703125,20000.1328125,42.0,0.0,0.0,500.0,257.1000061035156,272.5,276.79998779296875,281.5,285.70001220703125,5626.666015625,3015.0576171875,1445.4012451171875,751.726318359375,109.17681121826172,279.3800048828125,98.30000305175781,100.0,218.16000366210938,2859.840087890625,0.0,0.0625,875.085205078125,100.0,100.0,100.0,100.0,6100.0,256.41326904296875,271.84466552734375,278.23931884765625,278.7993469238281,283.0494384765625,5628.7294921875,3021.132080078125,1451.90869140625,761.14501953125,110.83670806884766,279.8077087402344,96.76866149902344,99.08004760742188,359.3769226074219,2800.0,0.0,8.5625,5632.90234375,3026.525146484375,1451.907958984375,758.8123779296875,114.1201171875,256.8401794433594,271.39373779296875,277.63262939453125,280.3976745605469,284.4637451171875,69.2130126953125,98.5506820678711,95.03056335449219,92.0649185180664,0.1981182098388672,-0.02607250213623047,-0.1886730194091797,282.04315185546875,280.35565185546875,101329.0625,91589.5234375,1.5,14.109861373901367,91.0,0.0,7620.0,30.0,32.0,201.0,56.0,63.0,68.0,72.0,72.0,49.0,52.0,52.0,56.0,3.0,366.0,275.239990234375,274.3399963378906,92.0,1.0,6.800000190734863,7.199999809265137
2024-05-01T15:49,2024-05-01T16:00,48,train,1,2024,5,15,46,2024-04-29T18:00,46,2024-04-29T18:00,46,2024-04-29T18:00,49,2024-04-29T15:00,45,2024-04-29T18:00,36,2024-04-30T04:00,-999.0,100.0,100.0,36.0,84.0,1343.28271484375,1343.3424072265625,82200.0,86100.0,1893.6676025390625,1.0581626892089844,257.6155090332031,272.3372497558594,274.7834167480469,277.2906799316406,281.6064758300781,5618.29248046875,3008.649169921875,1446.875,109.5093002319336,276.00860595703125,100.0,351.6662902832031,2913.280029296875,0.0,0.0,11.630000114440918,228.45057678222656,100.0,100.0,0.4000000059604645,96.0999984741211,6716.998046875,0.000541199988219887,5.8125,251.62847900390625,265.04754638671875,273.0655517578125,277.1610107421875,281.9356384277344,5475.14208984375,2923.575439453125,1390.8026123046875,708.9552612304688,68.75996398925781,281.471435546875,94.19999694824219,96.9000015258789,1166.5736083984375,1327.6800537109375,1635.6776123046875,54.0,0.0,0.0,24100.0,258.6000061035156,274.0,279.20001220703125,284.6000061035156,288.79998779296875,5654.453125,3035.2646484375,1456.3626708984375,755.1180419921875,119.82414245605469,284.19000244140625,75.0,85.0,532.0,3157.280029296875,0.0,0.0,1075.8966064453125,100.0,37.0,0.0,100.0,16000.0,255.86947631835938,271.40362548828125,275.74249267578125,279.9790954589844,284.821044921875,5621.220703125,3022.716064453125,1460.839111328125,772.9306030273438,121.71118927001953,281.71429443359375,88.0,87.39501953125,618.1104125976562,2500.0,0.0,9.1875,5633.04296875,3023.741943359375,1451.69677734375,763.7794189453125,122.140869140625,257.04547119140625,272.15911865234375,276.55084228515625,278.8749084472656,283.0968017578125,48.90092086791992,89.20630645751953,91.36848449707031,85.6611099243164,-0.047069549560546875,-0.1249685287475586,-0.17205429077148438,280.52239990234375,278.36614990234375,101459.875,91635.296875,0.25,11.96585464477539,91.0,0.0,7620.0,32.0,32.0,457.0,30.0,31.0,33.0,34.0,39.0,35.0,38.0,39.0,44.0,4.0,375.0,275.47998046875,274.2699890136719,90.0,4.0,7.599999904632568,8.0
2024-05-24T15:48,2024-05-24T16:00,24,train,0,2024,5,15,22,2024-05-23T18:00,22,2024-05-23T18:00,22,2024-05-23T18:00,25,2024-05-23T15:00,21,2024-05-23T18:00,24,2024-05-23T16:00,-999.0,0.0,5.0,0.0,0.0,nan,nan,nan,nan,nan,8.720797538757324,257.0652770996094,272.5871887207031,283.44268798828125,290.1292724609375,294.6762390136719,5624.568359375,3009.638671875,1432.767333984375,59.06877517700195,286.013427734375,62.099998474121094,1119.4779052734375,2935.360107421875,29800.0,0.0,0.05000000074505806,6066.494140625,78.5999984741211,0.0,5.0,0.0,24135.19921875,0.0,0.0,253.03834533691406,269.2709045410156,279.4613952636719,286.10711669921875,292.8285217285156,5646.0810546875,3068.1484375,1509.7227783203125,807.5092163085938,144.983154296875,293.7047119140625,42.29999923706055,57.400001525878906,2147.4189453125,2300.47998046875,19999.9921875,13.0,6.0,0.0,24100.0,258.1000061035156,273.0,281.79998779296875,287.5,291.79998779296875,5612.7333984375,2989.065673828125,1414.85693359375,706.3982543945312,35.75425720214844,286.80999755859375,66.4000015258789,75.0,707.280029296875,2707.679931640625,0.0,0.125,nan,23.0,0.0,0.0,23.0,35700.0,258.0188903808594,272.59783935546875,282.4599914550781,289.3458557128906,294.21441650390625,5624.673828125,3003.38818359375,1428.8856201171875,719.1262817382812,56.773223876953125,289.93505859375,54.646240234375,48.8504524230957,1447.465576171875,2800.0,0.0,3.0,5614.6875,2998.14013671875,1422.00341796875,708.99072265625,45.292724609375,256.86419677734375,272.61431884765625,283.6525573730469,290.681640625,294.89508056640625,13.14540958404541,52.498252868652344,37.847564697265625,37.08632278442383,0.5721187591552734,0.5469083786010742,0.8315286636352539,291.15936279296875,277.75311279296875,100556.0625,91083.484375,0.0,11.623025894165039,15.0,0.0,7620.0,32.0,32.0,209.0,22.0,33.0,38.0,41.0,48.0,57.0,57.0,57.0,59.0,38.0,904.0,280.7599792480469,275.1100158691406,68.0,1.0,28.399999618530273,30.5
2024-07-07T11:50,2024-07-07T12:00,24,train,0,2024,7,11,24,2024-07-06T12:00,24,2024-07-06T12:00,24,2024-07-06T12:00,21,2024-07-06T15:00,24,2024-07-06T12:00,24,2024-07-06T12:00,-999.0,0.0,0.0,0.0,0.0,nan,nan,nan,nan,nan,4.555044174194336,265.3396911621094,280.2247619628906,288.17523193359375,292.99945068359375,297.5196838378906,5835.87158203125,3145.80859375,1527.644775390625,124.9355239868164,289.62896728515625,81.4000015258789,400.1338195800781,4648.716796875,18300.0,0.0,9.899999618530273,19999.80859375,1.100000023841858,4.300000190734863,4.599999904632568,0.0,24135.228515625,0.0,0.0,262.2535400390625,276.062744140625,279.95721435546875,286.5719299316406,293.7729797363281,5739.947265625,3086.02197265625,1501.9697265625,798.5261840820312,134.6869354248047,295.40985107421875,40.400001525878906,58.900001525878906,1795.79443359375,3663.0400390625,19999.802734375,36.0,1.0,0.0,0.0,265.8999938964844,280.29998779296875,288.6000061035156,293.1000061035156,297.5,5825.94287109375,3134.169921875,1511.1590576171875,785.7894287109375,109.50576782226562,290.760009765625,100.0,96.0,149.9199981689453,4464.64013671875,0.0,0.25,nan,9.0,0.0,100.0,9.0,16600.0,265.563720703125,279.7327880859375,288.13177490234375,292.26397705078125,296.7657165527344,5838.5048828125,3146.5556640625,1530.720947265625,808.3590087890625,130.1119842529297,292.7735595703125,84.27943420410156,79.17282104492188,463.0284118652344,4620.0,0.0,6.6875,5833.12109375,3140.230224609375,1517.784423828125,794.66015625,126.87353515625,265.588134765625,281.0353088378906,288.2259521484375,292.4815673828125,296.8327331542969,21.979761123657227,74.938232421875,86.14395141601562,88.59025573730469,-0.004498481750488281,0.23650360107421875,0.10853958129882812,293.325439453125,290.762939453125,101531.9375,92008.9921875,5.75,19.898305892944336,28.0,0.0,7620.0,0.0,0.0,209.0,57.0,57.0,57.0,57.0,57.0,67.0,71.0,73.0,81.0,12.0,0.0,285.4800109863281,284.3500061035156,93.0,2.0,9.199999809265137,9.199999809265137
2024-05-24T15:48,2024-05-24T16:00,48,train,0,2024,5,15,46,2024-05-22T18:00,46,2024-05-22T18:00,46,2024-05-22T18:00,49,2024-05-22T15:00,45,2024-05-22T18:00,36,2024-05-23T04:00,-999.0,0.0,14.0,0.0,0.0,nan,2284.935791015625,nan,76500.0,nan,8.846179008483887,258.20526123046875,271.03387451171875,283.0625,289.59307861328125,294.1688232421875,5616.42333984375,3000.35546875,1427.043212890625,56.652313232421875,285.0009765625,71.5999984741211,1263.3638916015625,2508.320068359375,23800.0,0.0,11.670000076293945,2322.93603515625,100.0,0.0,0.0,0.0,24135.236328125,4.0000000467443897e-07,0.0625,253.6871337890625,269.22430419921875,280.345703125,286.5757141113281,291.9857177734375,5650.0498046875,3070.021484375,1509.4664306640625,805.552001953125,142.51449584960938,291.8999938964844,56.79999923706055,58.0,276.3915100097656,2310.56005859375,20000.021484375,15.0,0.0,0.0,24100.0,260.3999938964844,275.3999938964844,281.29998779296875,286.79998779296875,291.1000061035156,5623.35302734375,2975.658203125,1400.1734619140625,693.6325073242188,22.199478149414062,284.8699951171875,70.69999694824219,76.0,958.4000244140625,3538.239990234375,0.0,0.0,nan,34.0,0.0,0.0,34.0,32500.0,258.7588806152344,270.6472473144531,282.5816345214844,289.4872131347656,294.280517578125,5617.04296875,2998.5166015625,1426.52685546875,716.2330322265625,55.718746185302734,289.602783203125,58.0,52.552913665771484,1716.2662353515625,2510.0,0.0,3.625,5630.04296875,3009.86865234375,1429.1689453125,714.5698852539062,49.952880859375,258.37823486328125,273.22479248046875,284.23028564453125,291.28497314453125,295.5658264160156,32.435401916503906,53.01227569580078,38.08243179321289,36.487998962402344,0.2723884582519531,0.36017894744873047,0.6486606597900391,291.84588623046875,278.28338623046875,100612.5625,91146.15625,0.0,11.814959526062012,15.0,0.0,7620.0,32.0,32.0,256.0,38.0,45.0,53.0,57.0,69.0,40.0,40.0,40.0,43.0,44.0,888.0,281.30999755859375,275.7300109863281,68.0,2.0,24.399999618530273,26.799999237060547
2024-07-07T11:50,2024-07-07T12:00,48,train,0,2024,7,11,48,2024-07-05T12:00,48,2024-07-05T12:00,48,2024-07-05T12:00,45,2024-07-05T15:00,48,2024-07-05T12:00,48,2024-07-05T12:00,-999.0,0.0,11.0,0.0,0.0,nan,1345.1470947265625,nan,86800.0,nan,6.1319193840026855,264.52288818359375,279.8915710449219,286.99053955078125,291.97857666015625,296.5490417480469,5823.6787109375,3139.94970703125,1525.4365234375,126.92851257324219,288.3681335449219,89.4000015258789,425.0828857421875,4521.65087890625,14700.0,0.0,47.060001373291016,8331.9033203125,4.199999809265137,33.400001525878906,100.0,0.0,24135.15625,0.0,0.0,261.8432312011719,275.67755126953125,280.1810302734375,286.7987060546875,293.90155029296875,5742.05078125,3090.239501953125,1503.74951171875,799.6862182617188,135.35240173339844,295.3486022949219,41.70000076293945,60.79999923706055,1703.80810546875,3700.800048828125,19999.828125,45.0,0.0,0.0,24100.0,265.8999938964844,280.29998779296875,289.3999938964844,292.3999938964844,296.79998779296875,5820.07666015625,3128.065673828125,1501.50537109375,777.6163330078125,104.34526824951172,290.82000732421875,93.5999984741211,96.0,228.9600067138672,4512.9599609375,0.0,1.0625,nan,55.0,0.0,37.0,55.0,13700.0,266.1429138183594,280.2220764160156,288.0616455078125,291.1076965332031,295.8775634765625,5828.884765625,3136.767578125,1517.197509765625,797.222412109375,120.64459991455078,291.6607971191406,92.0,88.97265625,469.81915283203125,4520.0,0.0,10.375,5830.23828125,3129.96923828125,1507.11181640625,786.92626953125,120.353759765625,265.6130065917969,282.2152099609375,287.26141357421875,291.5836181640625,296.0553283691406,17.186107635498047,75.36158752441406,86.56832122802734,90.13619995117188,-0.15976238250732422,0.35639476776123047,0.29860401153564453,292.0570068359375,289.6507568359375,101460.625,91922.4296875,0.0,17.738523483276367,48.0,,,88888.0,32.0,9984.0,39.0,39.0,,39.0,,45.0,,45.0,45.0,24.0,0.0,284.92999267578125,284.3500061035156,95.0,11.0,9.199999809265137,9.699999809265137
2024-08-21T11:53,2024-08-21T12:00,1,train,0,2024,8,11,1,2024-08-21T11:00,6,2024-08-21T06:00,6,2024-08-21T06:00,1,2024-08-21T11:00,0,2024-08-21T12:00,1,2024-08-21T11:00,-999.0,0.0,8.0,0.0,0.0,nan,1343.7698974609375,nan,86400.0,nan,1.8874242305755615,258.0195617675781,273.1947021484375,278.37725830078125,283.2009582519531,287.5381774902344,5657.646484375,3035.322509765625,1468.8583984375,111.46206665039062,280.5643310546875,90.69999694824219,453.4452209472656,3163.196044921875,14300.0,0.0,0.0,20000.0078125,0.0,0.0,5.0,0.0,24134.787109375,0.0,0.0,264.76812744140625,281.76031494140625,283.09765625,289.53582763671875,296.5130310058594,5863.884765625,3166.5048828125,1550.182373046875,839.5311889648438,168.91403198242188,299.4188232421875,30.100000381469727,46.29999923706055,1507.4410400390625,4601.60009765625,19999.96484375,50.0,0.0,0.0,24100.0,258.70001220703125,272.5,279.8999938964844,284.1000061035156,288.3999938964844,5658.4375,3035.907470703125,1465.8468017578125,765.2280883789062,112.11585998535156,281.54998779296875,97.5,93.0,71.19999694824219,2443.287841796875,0.0,0.8125,891.7515869140625,95.0,0.0,0.0,95.0,12700.0,257.88726806640625,273.2013244628906,277.8297119140625,282.7356262207031,287.2964782714844,5654.900390625,3032.72509765625,1467.9736328125,771.8021850585938,114.52415466308594,283.3612976074219,93.8891830444336,93.43867492675781,466.2430725097656,3051.874755859375,0.0,0.0,5653.37109375,3031.6728515625,1465.3662109375,767.1031494140625,115.146728515625,258.33648681640625,272.40435791015625,278.9424743652344,283.16510009765625,287.55816650390625,25.73720932006836,93.21984100341797,92.62662506103516,87.4605484008789,-0.11420249938964844,-0.07380294799804688,0.15206527709960938,283.399169921875,281.69580078125,101395.8125,91693.015625,2.75,13.141046524047852,71.0,0.0,7620.0,0.0,0.0,209.0,55.0,59.0,66.0,82.0,99.0,64.0,67.0,69.0,73.0,16.0,0.0,277.21002197265625,276.3699951171875,96.0,4.0,8.0,8.0
2024-08-21T11:53,2024-08-21T12:00,24,train,0,2024,8,11,24,2024-08-20T12:00,24,2024-08-20T12:00,24,2024-08-20T12:00,21,2024-08-20T15:00,24,2024-08-20T12:00,24,2024-08-20T12:00,-999.0,0.0,95.0,0.0,0.0,nan,1343.6884765625,nan,86400.0,nan,4.471612930297852,256.62176513671875,268.9281005859375,278.39190673828125,282.6796875,286.92718505859375,5629.7138671875,3028.56787109375,1468.718017578125,118.91232299804688,279.8780822753906,95.4000015258789,342.7459411621094,2375.52880859375,12200.0,0.0,0.019999999552965164,20000.03125,0.0,0.0,0.30000001192092896,0.0,24134.955078125,0.0,0.0,264.5660095214844,282.1294250488281,283.5177307128906,289.82843017578125,296.77764892578125,5866.0546875,3169.0224609375,1550.8427734375,839.458740234375,168.18296813964844,300.01409912109375,29.5,45.5,1444.8358154296875,4598.56005859375,1196.6778564453125,78.0,3.0,0.0,100.0,257.79998779296875,273.29998779296875,278.8999938964844,283.6000061035156,287.79998779296875,5654.7109375,3029.498779296875,1458.1876220703125,759.0562133789062,107.56243133544922,281.1200256347656,99.69999694824219,100.0,143.83999633789062,3084.0419921875,0.00019999999494757503,0.875,808.4990234375,96.0,0.0,0.0,96.0,3200.0,257.351318359375,270.115966796875,279.2916259765625,283.28436279296875,287.48028564453125,5639.00927734375,3029.609130859375,1466.8414306640625,767.7362060546875,112.9102783203125,283.3227844238281,99.0,96.32745361328125,475.1987609863281,2382.39794921875,0.0,1.5,5658.6484375,3038.167236328125,1465.1318359375,763.6768798828125,109.92333984375,258.23150634765625,271.43035888671875,280.26025390625,284.22344970703125,288.3919677734375,63.30432891845703,97.5408935546875,94.72055053710938,95.43048095703125,-0.001129150390625,-0.15094470977783203,0.22398662567138672,283.98114013671875,283.7554626464844,101319.5625,91665.375,17.75,15.723417282104492,78.0,0.0,7620.0,0.0,0.0,209.0,93.0,95.0,95.0,96.0,97.0,63.0,71.0,77.0,92.0,10.0,0.0,276.04998779296875,275.8699951171875,97.0,1.0,10.0,10.199999809265137
2024-08-21T11:53,2024-08-21T12:00,48,train,0,2024,8,11,48,2024-08-19T12:00,48,2024-08-19T12:00,48,2024-08-19T12:00,45,2024-08-19T15:00,48,2024-08-19T12:00,48,2024-08-19T12:00,-999.0,0.0,100.0,0.0,0.0,2548.190673828125,1392.8077392578125,71900.0,85700.0,3115.593994140625,1.5847035646438599,256.76739501953125,269.52593994140625,278.4230041503906,282.71942138671875,287.01605224609375,5624.82958984375,3016.41552734375,1455.17724609375,104.27788543701172,279.4688720703125,98.5,222.33006286621094,2390.941162109375,12200.0,0.0,17.920000076293945,20000.033203125,0.0,0.0,4.800000190734863,0.0,24135.01171875,0.0,0.0,264.62225341796875,281.5218505859375,283.998291015625,290.5443420410156,297.6531982421875,5860.126953125,3165.039306640625,1549.0833740234375,835.8485107421875,162.69241333007812,300.03228759765625,30.799999237060547,46.400001525878906,1532.0184326171875,4582.080078125,19999.888671875,22.0,0.0,0.0,0.0,260.20001220703125,273.8999938964844,279.8999938964844,283.79998779296875,288.0,5683.96923828125,3044.66455078125,1466.482666015625,766.5523071289062,119.38370513916016,280.96002197265625,99.5,92.0,70.95999908447266,3367.52001953125,0.0,0.0,944.1954956054688,100.0,0.0,0.0,76.0,8900.0,257.76898193359375,270.842041015625,278.7738342285156,282.3549499511719,286.80914306640625,5641.22900390625,3023.6259765625,1459.9398193359375,762.9291381835938,108.03962707519531,282.6153869628906,97.0,97.59896087646484,373.5628662109375,2455.8779296875,1.9999999494757503e-05,11.125,5655.83203125,3033.420166015625,1462.144775390625,762.038330078125,108.77685546875,258.02642822265625,273.3640441894531,279.80499267578125,283.78741455078125,288.1575927734375,14.395120620727539,87.08643341064453,91.70459747314453,87.3670425415039,-0.17261409759521484,0.08930778503417969,0.15525150299072266,284.35455322265625,282.3311767578125,101306.875,91641.7421875,12.25,12.424739837646484,73.0,,,48.0,32.0,3968.0,87.0,87.0,,88.0,,53.0,,56.0,56.0,9.0,0.0,276.67999267578125,276.19000244140625,96.0,11.0,11.600000381469727,11.699999809265137
2024-09-06T02:56,2024-09-06T03:00,1,train,0,2024,9,2,1,2024-09-06T02:00,3,2024-09-06T00:00,3,2024-09-06T00:00,1,2024-09-06T02:00,3,2024-09-06T00:00,1,2024-09-06T02:00,-999.0,0.0,0.0,0.0,0.0,nan,nan,nan,nan,nan,5.212735176086426,259.6836242675781,276.59686279296875,284.20294189453125,287.1290283203125,291.04815673828125,5826.154296875,3177.590576171875,1580.76025390625,203.51075744628906,282.53472900390625,68.5,134.19830322265625,3898.3232421875,24400.0,0.0,0.0,2953.233154296875,100.0,67.9000015258789,5.0,7.099999904632568,24135.142578125,0.0,0.1875,260.2564392089844,274.4517517089844,281.6617431640625,287.62774658203125,287.667724609375,5647.99560546875,3008.22802734375,1425.5333251953125,718.0556030273438,57.443782806396484,286.93505859375,83.0999984741211,61.29999923706055,111.68177795410156,3310.8798828125,20000.07421875,16.0,0.0,0.0,100.0,260.1000061035156,277.3999938964844,284.6000061035156,284.5,288.70001220703125,5837.162109375,3185.470458984375,1584.2841796875,878.4481811523438,218.59194946289062,282.7699890136719,99.5,100.0,185.60000610351562,3919.09619140625,0.0,0.0625,nan,0.0,0.0,0.0,0.0,20100.0,259.76947021484375,276.9654541015625,284.0696105957031,287.06109619140625,290.03790283203125,5830.70263671875,3182.9580078125,1584.55419921875,875.228515625,210.2085418701172,284.63800048828125,75.66191864013672,65.84847259521484,104.89292907714844,3839.92529296875,0.0,0.0,5833.63671875,3185.245849609375,1587.504150390625,878.1970825195312,220.92822265625,259.90728759765625,276.7743835449219,284.1416931152344,286.16607666015625,290.23406982421875,27.48000717163086,61.082923889160156,71.50066375732422,88.90791320800781,0.026267051696777344,0.15076351165771484,0.28949928283691406,283.9553527832031,282.0178527832031,102667.25,92938.25,0.0,12.874021530151367,3.0,0.0,7620.0,88888.0,88888.0,16274.0,8.0,8.0,8.0,8.0,8.0,8.0,8.0,8.0,8.0,0.0,0.0,279.760009765625,275.92999267578125,77.0,0.0,11.199999809265137,10.5
2024-09-06T02:56,2024-09-06T03:00,24,train,0,2024,9,2,21,2024-09-05T06:00,21,2024-09-05T06:00,21,2024-09-05T06:00,24,2024-09-05T03:00,21,2024-09-05T06:00,24,2024-09-05T03:00,-999.0,0.0,0.0,0.0,0.0,nan,nan,nan,nan,nan,4.91954231262207,259.4915771484375,277.0505676269531,284.3460998535156,287.6454772949219,291.4622497558594,5837.1171875,3189.292236328125,1592.8338623046875,214.49530029296875,282.2867126464844,62.0,115.78699493408203,3923.62744140625,28900.0,0.0,0.0,2815.285888671875,100.0,100.0,0.4000000059604645,1.899999976158142,24135.171875,0.0,0.0625,259.4314270019531,273.66229248046875,282.2875671386719,286.8375549316406,287.0523376464844,5651.369140625,3018.90966796875,1436.2962646484375,728.869384765625,70.90174865722656,286.40557861328125,92.80000305175781,58.599998474121094,137.02915954589844,3172.320068359375,19999.97265625,1.0,0.0,0.0,24100.0,259.70001220703125,276.6000061035156,285.1000061035156,285.70001220703125,290.0,5844.55517578125,3196.6689453125,1593.788818359375,886.4385375976562,225.933837890625,282.1800231933594,89.30000305175781,79.0,147.1999969482422,3749.999267578125,0.0,0.125,nan,0.0,0.0,0.0,0.0,37500.0,260.0568542480469,276.5606994628906,284.8306884765625,288.0793151855469,290.59344482421875,5837.3056640625,3191.76953125,1594.391845703125,883.28076171875,218.17083740234375,284.41998291015625,51.845855712890625,38.4619255065918,139.6663360595703,3780.0,0.0,0.0,5839.94921875,3190.37451171875,1592.258056640625,883.872314453125,226.37939453125,259.7033386230469,277.05987548828125,283.66619873046875,286.21917724609375,290.4041748046875,23.366918563842773,64.69075775146484,64.8612289428711,83.39601135253906,0.06241321563720703,0.2752828598022461,0.36560916900634766,284.0799560546875,281.1737060546875,102736.9375,92992.9921875,0.0,11.715215682983398,6.0,0.0,7620.0,32.0,32.0,402.0,19.0,19.0,19.0,20.0,23.0,30.0,30.0,30.0,30.0,0.0,0.0,279.97003173828125,274.6299743652344,70.0,0.0,12.0,11.300000190734863
2024-09-06T02:56,2024-09-06T03:00,48,train,0,2024,9,2,45,2024-09-04T06:00,45,2024-09-04T06:00,45,2024-09-04T06:00,48,2024-09-04T03:00,45,2024-09-04T06:00,45,2024-09-04T06:00,-999.0,0.0,0.0,0.0,0.0,nan,nan,nan,nan,nan,6.021665096282959,259.5894470214844,276.38836669921875,285.1749267578125,287.22607421875,290.9820251464844,5838.7744140625,3198.07666015625,1600.6055908203125,223.79684448242188,281.89556884765625,50.79999923706055,139.61082458496094,3758.270751953125,38700.0,0.0,0.0,2923.80029296875,100.0,100.0,100.0,2.0999999046325684,24135.177734375,3.9200000173877925e-05,0.1875,259.20001220703125,274.8920593261719,282.2451477050781,286.3051452636719,287.09356689453125,5658.76953125,3021.176513671875,1428.807861328125,722.0487670898438,64.57886505126953,286.478759765625,71.0,67.69999694824219,220.2857666015625,3317.280029296875,19999.814453125,0.0,0.0,0.0,24100.0,260.5,277.20001220703125,285.0,285.70001220703125,290.0,5844.73583984375,3199.366943359375,1598.080078125,890.5805053710938,230.86651611328125,282.7300109863281,79.69999694824219,75.0,147.27999877929688,3853.387939453125,0.0,0.0625,nan,0.0,0.0,0.0,0.0,32000.0,259.49420166015625,275.64892578125,284.3152160644531,286.9295349121094,289.3402099609375,5828.822265625,3194.041015625,1599.593017578125,890.3560180664062,227.7421875,283.68780517578125,58.26543045043945,42.52558517456055,153.01242065429688,3578.86328125,0.0,0.0,5843.41796875,3192.62060546875,1594.6435546875,884.5776977539062,226.3369140625,259.8607177734375,277.1773681640625,284.3958740234375,286.79327392578125,290.8763427734375,7.067439079284668,53.25611877441406,65.0897445678711,85.56163024902344,-0.0695028305053711,0.13500404357910156,0.2969532012939453,284.50506591796875,281.66131591796875,102731.0625,92997.109375,0.0,10.304591178894043,6.0,,,88888.0,88888.0,7373.0,25.0,26.0,,27.0,,46.0,,46.0,46.0,0.0,0.0,280.1000061035156,276.239990234375,76.0,0.0,11.600000381469727,10.899999618530273
2024-09-23T02:53,2024-09-23T03:00,1,train,0,2024,9,2,1,2024-09-23T02:00,3,2024-09-23T00:00,3,2024-09-23T00:00,1,2024-09-23T02:00,3,2024-09-23T00:00,1,2024-09-23T02:00,-999.0,0.0,7.0,0.0,0.0,nan,nan,nan,nan,nan,4.066400051116943,261.3741149902344,277.26885986328125,278.9501953125,282.7290344238281,286.89080810546875,5753.58203125,3098.41943359375,1514.97509765625,152.228515625,277.7349548339844,89.5999984741211,240.71983337402344,3859.2255859375,13500.0,0.0,0.0,4626.38525390625,52.599998474121094,5.0,0.0,27.200000762939453,24135.095703125,7.03999976394698e-05,0.5625,254.0539093017578,270.33984375,281.34478759765625,284.93701171875,287.27764892578125,5639.50341796875,3052.2822265625,1481.4127197265625,777.9125366210938,121.44155883789062,287.10186767578125,98.5,78.5,380.9409484863281,2634.56005859375,20000.099609375,18.0,0.0,0.0,600.0,261.6000061035156,278.20001220703125,277.29998779296875,280.79998779296875,285.0,5756.4365234375,3098.881103515625,1512.4742431640625,820.5069580078125,169.31216430664062,278.5799865722656,98.9000015258789,100.0,219.44000244140625,3828.619140625,0.0,0.25,nan,0.0,0.0,100.0,0.0,17500.0,261.4135437011719,277.5253601074219,278.81170654296875,282.5871276855469,286.1699523925781,5756.275390625,3101.190673828125,1518.259033203125,821.3641357421875,160.10122680664062,280.03680419921875,79.50930786132812,72.98571014404297,231.23422241210938,3900.0,0.0,0.0,5756.99609375,3101.58203125,1518.263671875,822.6638793945312,173.2734375,261.14263916015625,278.06488037109375,277.92291259765625,282.33465576171875,286.5804443359375,2.581427574157715,80.45368957519531,77.37870025634766,87.65104675292969,-0.02091503143310547,0.4948701858520508,0.2279825210571289,279.76617431640625,278.39117431640625,102100.375,92317.015625,0.0,11.582479476928711,37.0,84.0,9080.0,32.0,32.0,256.0,16.0,16.0,16.0,16.0,17.0,73.0,73.0,73.0,73.0,1.0,0.0,275.59002685546875,272.6000061035156,81.0,3.0,9.600000381469727,9.699999809265137
2024-09-15T05:51,2024-09-15T06:00,1,train,0,2024,9,5,1,2024-09-15T05:00,6,2024-09-15T00:00,6,2024-09-15T00:00,1,2024-09-15T05:00,0,2024-09-15T06:00,1,2024-09-15T05:00,-999.0,0.0,0.0,0.0,0.0,nan,nan,nan,nan,nan,4.17797327041626,262.669189453125,278.5171813964844,285.54278564453125,289.33612060546875,293.0769348144531,5872.0458984375,3204.33544921875,1600.00732421875,215.59825134277344,283.7066955566406,50.900001525878906,177.45408630371094,4157.29541015625,39000.0,0.0,0.0,19999.990234375,0.0,0.0,5.0,0.0,24135.001953125,0.0,0.0,261.6300048828125,278.5269470214844,284.7080993652344,284.10809326171875,280.4180908203125,5823.046875,3154.008056640625,1553.148193359375,847.8284301757812,201.3646240234375,279.28790283203125,83.30000305175781,24.200000762939453,82.90446472167969,4228.31982421875,19999.984375,3.0,0.0,0.0,24100.0,262.8999938964844,279.1000061035156,284.79998779296875,289.8999938964844,294.29998779296875,5880.31640625,3208.8935546875,1603.1793212890625,889.1029052734375,224.13742065429688,286.2499694824219,62.099998474121094,59.0,228.63999938964844,4199.40234375,0.0,0.0,nan,13.0,0.0,0.0,13.0,33300.0,262.48382568359375,278.1612243652344,285.43890380859375,290.038818359375,292.4175109863281,5871.18115234375,3205.55322265625,1603.7987060546875,889.167724609375,220.0136260986328,286.03375244140625,54.72308349609375,52.674339294433594,99.70068359375,4123.73388671875,0.0,0.0,5881.2109375,3213.5029296875,1609.747314453125,896.064208984375,233.505615234375,262.69354248046875,278.2600402832031,284.7738952636719,289.30389404296875,293.1305847167969,29.034818649291992,57.47627258300781,72.7602310180664,92.10674285888672,0.10665416717529297,-0.0942831039428711,0.09135150909423828,286.0577697753906,284.5890197753906,102791.3125,93104.6875,0.0,14.142850875854492,23.0,0.0,7620.0,88888.0,88888.0,16209.0,8.0,9.0,9.0,9.0,10.0,8.0,9.0,9.0,11.0,0.0,0.0,281.0400085449219,276.6999816894531,72.0,0.0,4.800000190734863,4.900000095367432
2024-09-15T05:51,2024-09-15T06:00,24,train,0,2024,9,5,24,2024-09-14T06:00,24,2024-09-14T06:00,24,2024-09-14T06:00,21,2024-09-14T09:00,24,2024-09-14T06:00,24,2024-09-14T06:00,-999.0,0.0,0.0,0.0,0.0,nan,nan,nan,nan,nan,2.693450450897217,262.5038757324219,278.03179931640625,284.88690185546875,289.67730712890625,293.3843994140625,5871.4951171875,3206.216796875,1607.176513671875,221.43978881835938,284.37017822265625,64.30000305175781,607.1927490234375,4146.23046875,25300.0,0.0,0.0,19999.97265625,0.0,0.0,0.0,0.0,24134.8046875,0.0,0.0,262.15692138671875,278.46990966796875,284.053466796875,284.1934509277344,281.6299133300781,5826.9033203125,3155.334716796875,1556.2972412109375,852.1142578125,203.2036590576172,280.1065673828125,79.5,28.799999237060547,79.04722595214844,4280.7998046875,19999.990234375,49.0,0.0,0.0,24100.0,262.8999938964844,278.79998779296875,285.0,289.1000061035156,293.3999938964844,5876.92333984375,3206.289306640625,1602.015380859375,887.5259399414062,224.64389038085938,286.7699890136719,89.19999694824219,89.0,149.27999877929688,4211.03955078125,0.0,0.0625,nan,0.0,0.0,0.0,0.0,22100.0,262.3870849609375,277.7527770996094,284.7902526855469,290.15203857421875,293.7389221191406,5872.72705078125,3207.042724609375,1609.30908203125,894.1263427734375,223.0420684814453,286.7550048828125,67.32754516601562,67.40489196777344,149.0223388671875,4111.8505859375,0.0,2.1875,5882.15625,3212.777099609375,1607.4404296875,891.7972412109375,228.357666015625,262.4086608886719,278.72747802734375,284.9644775390625,289.785888671875,293.4983215332031,14.83216667175293,71.94587707519531,77.62691497802734,93.56868743896484,0.18753814697265625,-0.04982185363769531,0.03878021240234375,285.1850280761719,284.4350280761719,102726.25,93063.3984375,0.0,15.233020782470703,45.0,0.0,7620.0,32.0,32.0,209.0,15.0,16.0,16.0,17.0,20.0,52.0,56.0,58.0,61.0,4.0,0.0,281.6099853515625,278.52996826171875,82.0,0.0,4.800000190734863,4.800000190734863
2024-09-15T05:51,2024-09-15T06:00,48,train,0,2024,9,5,48,2024-09-13T06:00,48,2024-09-13T06:00,48,2024-09-13T06:00,45,2024-09-13T09:00,48,2024-09-13T06:00,48,2024-09-13T06:00,-999.0,0.0,0.0,0.0,2.0,nan,nan,nan,nan,nan,3.64971661567688,262.1469421386719,277.385009765625,284.2137756347656,288.17498779296875,291.9393310546875,5857.6923828125,3196.119140625,1599.884765625,218.78610229492188,284.3624572753906,81.69999694824219,284.10528564453125,4028.159912109375,16800.0,0.0,0.0,20000.03125,0.0,0.0,5.0,0.0,24134.978515625,0.0,0.0,262.7699890136719,278.2876892089844,283.7874755859375,283.8274841308594,281.1374816894531,5823.9345703125,3150.22607421875,1551.718505859375,848.1292114257812,200.69752502441406,280.1000061035156,83.9000015258789,34.5,110.63227844238281,4287.83984375,1234.3118896484375,57.0,0.0,0.0,17200.0,263.1000061035156,278.5,284.8999938964844,288.29998779296875,292.6000061035156,5873.23486328125,3202.10498046875,1598.490966796875,886.382080078125,223.12591552734375,286.5199890136719,97.80000305175781,100.0,354.4800109863281,4160.18310546875,9.999999747378752e-05,0.5,nan,8.0,0.0,0.0,0.0,14600.0,262.35174560546875,277.4683837890625,284.30206298828125,288.56170654296875,291.3689880371094,5864.4384765625,3203.29931640625,1605.432861328125,892.3642578125,225.06846618652344,286.0404357910156,82.30502319335938,83.71980285644531,137.87396240234375,4022.539306640625,0.0,0.25,5875.75,3209.6005859375,1603.989501953125,888.5015258789062,224.3310546875,262.36883544921875,279.05279541015625,285.4173889160156,290.14666748046875,294.31060791015625,8.25955581665039,49.66545104980469,66.37669372558594,83.24594116210938,0.05743408203125,0.04704570770263672,0.1096963882446289,285.6667785644531,282.6980285644531,102678.875,93027.171875,0.0,12.232460975646973,55.0,,,88.0,80.0,0.0,74.0,74.0,,75.0,,60.0,,66.0,69.0,23.0,0.0,281.8799743652344,279.510009765625,86.0,3.0,5.599999904632568,5.699999809265137
2024-10-02T10:53,2024-10-02T11:00,1,train,1,2024,10,10,1,2024-10-02T10:00,5,2024-10-02T06:00,5,2024-10-02T06:00,1,2024-10-02T10:00,0,2024-10-02T12:00,1,2024-10-02T10:00,-999.0,0.0,0.0,3.0,0.0,nan,nan,nan,nan,nan,3.59305739402771,260.1738586425781,276.52349853515625,278.89892578125,281.2449951171875,285.18743896484375,5718.96337890625,3066.81884765625,1485.544677734375,128.86366271972656,276.4433898925781,75.0999984741211,112.60333251953125,3845.568115234375,20400.0,0.0,0.0,2783.878662109375,98.5,100.0,100.0,0.0,24134.880859375,0.0,0.0,261.7020263671875,274.6337585449219,280.840576171875,282.931640625,288.042236328125,5683.8427734375,3035.92822265625,1452.7293701171875,753.3912353515625,100.19125366210938,288.20001220703125,67.80000305175781,76.19999694824219,481.00390625,3255.360107421875,6904.5927734375,20.0,68.0,0.0,24100.0,260.20001220703125,277.1000061035156,279.3999938964844,283.0,287.20001220703125,5730.74267578125,3075.087890625,1493.67724609375,797.3474731445312,157.05813598632812,277.27996826171875,80.69999694824219,55.0,219.9199981689453,3936.320068359375,0.0,0.0,nan,1.0,95.0,0.0,0.0,16400.0,259.92071533203125,276.65478515625,279.1622009277344,281.2779235839844,284.3267517089844,5726.7236328125,3073.113525390625,1491.6561279296875,796.9522094726562,139.1901092529297,278.60345458984375,83.04013061523438,77.11365509033203,134.0896759033203,3920.0,0.0,0.0,5728.53125,3071.944091796875,1490.49462890625,798.2127075195312,154.61572265625,259.60223388671875,276.95745849609375,279.22393798828125,279.76287841796875,283.82861328125,5.975163459777832,39.657474517822266,93.01856231689453,94.13259887695312,-0.1455841064453125,-0.09719181060791016,0.030610084533691406,279.59442138671875,278.83758544921875,101896.3125,92037.671875,0.0,10.02006721496582,65.0,0.0,7620.0,0.0,0.0,16209.0,24.0,24.0,31.0,47.0,51.0,9.0,9.0,9.0,9.0,0.0,0.0,275.3399963378906,269.30999755859375,63.0,0.0,8.0,7.599999904632568
2024-10-02T10:53,2024-10-02T11:00,24,train,1,2024,10,10,23,2024-10-01T12:00,23,2024-10-01T12:00,23,2024-10-01T12:00,26,2024-10-01T09:00,24,2024-10-01T12:00,24,2024-10-01T11:00,-999.0,0.0,1.0,100.0,0.0,nan,1343.3936767578125,39700.0,86600.0,nan,5.5717949867248535,260.0838623046875,276.1588134765625,277.8623046875,280.1542053222656,284.224365234375,5719.7880859375,3069.79541015625,1493.482177734375,140.55430603027344,276.1073913574219,83.80000305175781,146.69322204589844,3792.61865234375,16200.0,0.0,0.0,2905.888427734375,100.0,100.0,100.0,5.900000095367432,24135.017578125,4.0000000467443897e-07,0.0,261.3334655761719,274.14300537109375,280.8658142089844,282.7157897949219,288.9925842285156,5687.85888671875,3040.766357421875,1460.8927001953125,762.5584106445312,107.22505950927734,288.92193603515625,70.0999984741211,94.0999984741211,751.97607421875,3216.0,19999.958984375,49.0,42.0,0.0,0.0,260.0,276.8999938964844,278.70001220703125,279.20001220703125,283.3999938964844,5724.34423828125,3068.812744140625,1487.839599609375,798.7762451171875,153.32470703125,276.8999938964844,100.0,100.0,217.9199981689453,3938.39990234375,9.999999747378752e-05,0.25,921.4354248046875,30.0,100.0,0.0,30.0,10900.0,260.05352783203125,276.51898193359375,277.8168029785156,279.85137939453125,283.4566650390625,5720.998046875,3070.156494140625,1493.7333984375,801.9077758789062,145.4384002685547,278.54730224609375,91.37541961669922,87.37406158447266,150.3509521484375,3830.0,0.0,0.0,5724.921875,3069.22802734375,1486.56640625,794.5746459960938,151.81396484375,259.5446472167969,277.1986083984375,279.5491943359375,279.4647521972656,283.60418701171875,4.724701881408691,38.44080352783203,96.54344940185547,95.42985534667969,0.019873619079589844,-0.11850738525390625,-0.011579513549804688,279.484130859375,278.8245849609375,101854.0625,91990.0859375,0.125,9.421828269958496,58.0,0.0,7620.0,30.0,32.0,256.0,37.0,38.0,39.0,39.0,40.0,67.0,67.0,67.0,68.0,0.0,0.0,275.52996826171875,269.9100036621094,66.0,0.0,9.199999809265137,9.199999809265137
2024-10-02T10:53,2024-10-02T11:00,48,train,1,2024,10,10,47,2024-09-30T12:00,47,2024-09-30T12:00,47,2024-09-30T12:00,50,2024-09-30T09:00,48,2024-09-30T12:00,36,2024-09-30T23:00,-999.0,0.0,0.0,100.0,0.0,nan,7045.4921875,nan,41900.0,nan,4.299224853515625,260.1264953613281,275.80902099609375,278.1947326660156,280.073486328125,284.135986328125,5728.47900390625,3078.8671875,1502.929443359375,151.16236877441406,276.5660095214844,62.70000076293945,90.4426040649414,3813.4892578125,28100.0,0.0,0.7200000286102295,19999.884765625,0.0,65.5999984741211,96.69999694824219,31.100000381469727,24134.974609375,0.0,0.0,261.4325256347656,274.4205017089844,279.5736999511719,283.3478088378906,289.9401550292969,5691.306640625,3052.96923828125,1472.7918701171875,776.474853515625,120.18775177001953,290.5,52.599998474121094,73.19999694824219,1188.516845703125,3272.9599609375,6894.1884765625,41.0,96.0,1.0,24100.0,259.20001220703125,275.8999938964844,281.20001220703125,284.3999938964844,288.6000061035156,5719.81689453125,3069.990966796875,1486.66943359375,787.3077392578125,148.93252563476562,277.77001953125,66.5999984741211,29.0,181.75999450683594,3774.39990234375,0.0,0.0,nan,29.0,100.0,0.0,29.0,11500.0,259.86505126953125,275.7349548339844,278.1225891113281,279.7904968261719,283.2799072265625,5728.4033203125,3080.067626953125,1502.91943359375,811.1079711914062,155.70361328125,278.5826110839844,89.90262603759766,83.15265655517578,94.76902770996094,3720.0,0.0,0.0,5733.6484375,3074.541748046875,1490.621826171875,796.9166259765625,153.193115234375,260.29345703125,277.383056640625,279.9677734375,279.7884521484375,283.9630432128906,5.023341178894043,36.20003128051758,90.36996459960938,90.03718566894531,-0.11602020263671875,0.023485183715820312,0.0917043685913086,279.4143371582031,278.0078125,101869.125,92023.328125,0.0,8.35250473022461,53.0,0.0,7620.0,32.0,32.0,256.0,29.0,30.0,32.0,32.0,34.0,70.0,74.0,74.0,74.0,0.0,0.0,275.7300109863281,269.1300048828125,62.0,0.0,8.800000190734863,8.800000190734863
2024-09-23T02:53,2024-09-23T03:00,24,train,0,2024,9,2,21,2024-09-22T06:00,21,2024-09-22T06:00,21,2024-09-22T06:00,24,2024-09-22T03:00,21,2024-09-22T06:00,24,2024-09-22T03:00,-999.0,100.0,100.0,0.0,100.0,1343.7359619140625,1343.8316650390625,85600.0,86900.0,1581.7047119140625,2.706155300140381,260.1872863769531,276.54266357421875,278.3140563964844,282.41278076171875,286.5947265625,5742.896484375,3095.48779296875,1515.4078369140625,154.71826171875,278.54986572265625,100.0,353.4141540527344,3747.24658203125,100.0,0.0,0.0,2380.91064453125,100.0,100.0,0.0,3.0999999046325684,24134.98828125,1.6000000186977559e-06,0.25,253.9302978515625,270.5592041015625,281.5147399902344,285.1800537109375,287.42156982421875,5643.86962890625,3052.2841796875,1482.2764892578125,778.438720703125,122.532470703125,287.1864013671875,93.4000015258789,65.69999694824219,274.0092468261719,2554.8798828125,20000.125,23.0,5.0,0.0,200.0,261.1000061035156,277.3999938964844,278.6000061035156,280.8999938964844,285.1000061035156,5756.22705078125,3098.6953125,1510.34765625,817.7533569335938,167.26988220214844,278.4700012207031,99.5999984741211,100.0,299.5199890136719,3911.863037109375,0.0,0.75,11152.62890625,0.0,0.0,21.0,0.0,16100.0,260.1145324707031,276.3120422363281,278.69659423828125,282.0491638183594,286.168701171875,5740.9921875,3095.135498046875,1514.557861328125,819.141845703125,159.29820251464844,280.43450927734375,84.0,77.49980926513672,220.1434783935547,3752.873046875,0.0,0.0,5754.84375,3101.5615234375,1512.4326171875,816.35791015625,166.6796875,260.8812561035156,278.2460632324219,278.25067138671875,282.44598388671875,286.6253662109375,10.824563026428223,77.68828582763672,80.45745849609375,89.50232696533203,0.029920578002929688,-0.005406379699707031,0.09218978881835938,279.86553955078125,278.86553955078125,102020.4375,92249.5,0.0,11.86181354522705,41.0,0.0,7620.0,32.0,32.0,402.0,26.0,27.0,31.0,33.0,35.0,35.0,35.0,35.0,35.0,3.0,0.0,275.8500061035156,273.33001708984375,83.0,3.0,8.399999618530273,8.100000381469727
2024-09-23T02:53,2024-09-23T03:00,48,train,0,2024,9,2,45,2024-09-21T06:00,45,2024-09-21T06:00,45,2024-09-21T06:00,48,2024-09-21T03:00,45,2024-09-21T06:00,45,2024-09-21T06:00,-999.0,100.0,100.0,0.0,39.0,1343.7509765625,1343.6959228515625,84500.0,87000.0,1726.2227783203125,3.4032235145568848,260.5699157714844,276.822509765625,277.6679382324219,282.40533447265625,286.5982360839844,5753.1865234375,3103.55908203125,1523.68505859375,163.65577697753906,277.99578857421875,100.0,401.7091064453125,3801.180419921875,100.0,0.0,0.05000000074505806,19999.8828125,18.700000762939453,3.299999952316284,0.0,22.0,24135.23046875,3.5999998999614036e-06,0.0,255.0409698486328,270.786865234375,280.87713623046875,284.2510070800781,287.0570983886719,5657.01171875,3059.761474609375,1484.03173828125,782.6719970703125,125.76115417480469,286.72564697265625,98.4000015258789,93.19999694824219,136.45213317871094,2758.8798828125,1196.59375,51.0,8.0,0.0,0.0,262.20001220703125,278.1000061035156,278.20001220703125,280.29998779296875,284.5,5769.35693359375,3109.726318359375,1519.35009765625,827.9612426757812,180.2429962158203,277.8999938964844,99.5999984741211,100.0,219.36000061035156,3978.640625,9.999999747378752e-05,0.75,nan,1.0,0.0,41.0,1.0,15800.0,260.423095703125,276.3846130371094,277.7019958496094,282.0935363769531,286.2104187011719,5749.93310546875,3101.6357421875,1524.3424072265625,829.6382446289062,169.9462127685547,280.75677490234375,85.0,80.93413543701172,306.09393310546875,3790.93896484375,0.0,0.0,5760.4921875,3105.90869140625,1518.421142578125,821.81640625,171.462890625,260.7171630859375,277.8555908203125,278.41326904296875,282.7532958984375,286.9369201660156,3.2046031951904297,73.96774291992188,78.89507293701172,87.9394302368164,0.08386516571044922,0.3510417938232422,0.25513553619384766,280.73602294921875,279.64227294921875,102089.9375,92301.4375,0.0,8.635720252990723,34.0,,,376.0,72.0,9789.0,68.0,70.0,,70.0,,45.0,,45.0,45.0,3.0,0.0,276.16998291015625,273.2099914550781,81.0,0.0,8.800000190734863,8.600000381469727
2024-11-03T08:51,2024-11-03T09:00,24,train,1,2024,11,8,21,2024-11-02T12:00,21,2024-11-02T12:00,21,2024-11-02T12:00,24,2024-11-02T09:00,21,2024-11-02T12:00,24,2024-11-02T09:00,-999.0,0.0,0.0,0.0,0.0,nan,1194.440673828125,nan,nan,nan,5.665628433227539,249.93087768554688,265.6337585449219,269.230224609375,269.8002624511719,273.8169860839844,5586.5546875,3046.709716796875,1522.120361328125,221.70285034179688,267.6521301269531,50.900001525878906,109.54206848144531,458.0799865722656,38000.0,0.0,0.0,20000.19140625,0.0,0.0,3.700000047683716,0.0,24135.19140625,0.0,0.0,258.72381591796875,275.0931701660156,283.8523864746094,287.8987121582031,287.6456604003906,5791.39013671875,3156.47998046875,1565.575927734375,854.984130859375,195.32830810546875,288.6890563964844,68.19999694824219,57.70000076293945,198.78173828125,3514.239990234375,19999.939453125,40.0,0.0,0.0,24100.0,250.89999389648438,265.8999938964844,270.79998779296875,270.5,274.6000061035156,5588.5244140625,3047.478515625,1518.0108642578125,848.6646118164062,229.84786987304688,265.9900207519531,72.0,39.0,290.55999755859375,79.83999633789062,0.0,0.25,837.7291259765625,100.0,0.0,0.0,100.0,7100.0,250.18875122070312,265.38580322265625,268.25,267.927490234375,272.61151123046875,5583.03955078125,3043.3779296875,1519.872314453125,858.7305297851562,231.2553253173828,269.3446044921875,94.66209411621094,95.12906646728516,427.2710876464844,180.0,0.0,0.0,5603.4453125,3059.042724609375,1526.896728515625,861.4727172851562,242.729736328125,251.82830810546875,266.2560729980469,270.48876953125,268.83538818359375,272.98773193359375,11.130629539489746,15.531710624694824,80.08312225341797,89.388671875,-0.35052490234375,0.5555810928344727,0.35536956787109375,267.013916015625,266.134765625,103096.625,92756.2734375,0.0,3.356419563293457,26.0,0.0,7620.0,32.0,32.0,209.0,11.0,11.0,11.0,11.0,11.0,65.0,65.0,65.0,65.0,1.0,0.0,264.6700134277344,258.0799865722656,58.0,1.0,15.600000381469727,15.300000190734863
2024-11-03T08:51,2024-11-03T09:00,1,train,1,2024,11,8,1,2024-11-03T08:00,3,2024-11-03T06:00,3,2024-11-03T06:00,1,2024-11-03T08:00,3,2024-11-03T06:00,1,2024-11-03T08:00,-999.0,0.0,0.0,0.0,0.0,nan,1691.6807861328125,nan,83300.0,nan,6.027322769165039,251.56103515625,265.66461181640625,269.3305358886719,270.02825927734375,273.9175109863281,5595.7890625,3053.21240234375,1527.513671875,226.1297149658203,268.076416015625,63.79999923706055,130.2474822998047,526.0800170898438,27300.0,0.0,0.0,19999.990234375,0.0,0.0,3.700000047683716,0.0,24135.140625,0.0,0.0,258.7129211425781,275.009033203125,283.7996826171875,287.9395751953125,287.5650329589844,5790.45703125,3155.484619140625,1564.6851806640625,854.4649047851562,194.88662719726562,288.6097412109375,68.5,61.099998474121094,198.01332092285156,3507.0400390625,19999.974609375,31.0,0.0,0.0,24100.0,250.89999389648438,266.1000061035156,270.8999938964844,268.5,272.5,5601.29052734375,3059.050537109375,1526.1591796875,860.9326171875,238.21694946289062,266.6600036621094,85.80000305175781,87.0,174.0800018310547,183.1999969482422,0.0,0.0,935.3864135742188,100.0,0.0,0.0,100.0,13600.0,251.9080047607422,266.03533935546875,269.2120056152344,268.8613586425781,273.0784912109375,5596.51611328125,3049.318603515625,1520.9154052734375,856.20068359375,227.14024353027344,269.7144470214844,90.59320068359375,92.53892517089844,346.99627685546875,230.0,0.0,0.0,5604.9609375,3057.40966796875,1527.64404296875,863.1013793945312,245.45556640625,252.0461883544922,266.28607177734375,269.94384765625,268.5185546875,272.56488037109375,6.382818222045898,20.88052749633789,85.15715789794922,93.48977661132812,-0.021628379821777344,0.22757816314697266,0.3498687744140625,266.9476623535156,266.21136474609375,103131.8125,92774.5625,0.0,3.41456937789917,33.0,0.0,7620.0,88888.0,1248.0,16209.0,0.0,0.0,0.0,0.0,1.0,2.0,2.0,2.0,2.0,0.0,0.0,265.91998291015625,257.46002197265625,51.0,2.0,17.600000381469727,17.700000762939453
2024-11-03T08:51,2024-11-03T09:00,48,train,1,2024,11,8,45,2024-11-01T12:00,45,2024-11-01T12:00,45,2024-11-01T12:00,48,2024-11-01T09:00,45,2024-11-01T12:00,45,2024-11-01T12:00,-999.0,0.0,0.0,0.0,0.0,nan,1194.400146484375,nan,nan,nan,5.992433547973633,251.06863403320312,266.6340026855469,268.44561767578125,269.4061584472656,273.4554748535156,5592.7490234375,3043.1728515625,1516.8642578125,217.0825958251953,267.27447509765625,51.099998474121094,119.53437042236328,402.55999755859375,37800.0,0.0,5.949999809265137,20000.11328125,0.0,0.0,0.0,0.0,24134.771484375,0.0,0.0,257.975830078125,275.0486145019531,284.9039306640625,288.1644287109375,288.09991455078125,5793.78369140625,3161.547607421875,1567.5694580078125,855.6719360351562,195.5199432373047,289.1373596191406,73.4000015258789,55.400001525878906,237.81434631347656,3488.639892578125,19999.89453125,33.0,0.0,0.0,24100.0,252.6999969482422,267.1000061035156,271.8999938964844,272.1000061035156,276.1000061035156,5602.814453125,3045.788330078125,1509.2252197265625,837.9032592773438,224.13629150390625,267.489990234375,36.900001525878906,23.0,138.55999755859375,311.0400085449219,0.0,0.0,893.828369140625,100.0,0.0,0.0,100.0,10400.0,252.38916015625,266.1365966796875,267.0611572265625,267.7238464355469,272.4784851074219,5587.87744140625,3038.264404296875,1514.609375,855.0304565429688,226.8855743408203,269.115234375,91.85005950927734,93.21455383300781,458.3357849121094,140.0,0.0,7.9375,5585.328125,3051.157958984375,1523.33935546875,857.6585083007812,237.569580078125,248.15423583984375,265.7629089355469,269.7755432128906,269.4945068359375,273.759765625,2.5219945907592773,18.610782623291016,77.43590545654297,88.23477172851562,-0.49671459197998047,0.7851324081420898,0.43155574798583984,267.4876708984375,266.4775390625,103010.9375,92712.0625,0.0,3.258754253387451,23.0,,,88888.0,768.0,9750.0,18.0,18.0,,19.0,,42.0,,42.0,42.0,0.0,0.0,264.54998779296875,258.55999755859375,62.0,0.0,14.0,13.699999809265137
2024-11-20T00:57,2024-11-20T01:00,24,train,1,2024,11,0,25,2024-11-19T00:00,25,2024-11-19T00:00,25,2024-11-19T00:00,22,2024-11-19T03:00,24,2024-11-19T00:00,24,2024-11-19T01:00,-999.0,0.0,0.0,0.0,0.0,nan,nan,nan,nan,nan,5.944037437438965,258.4754943847656,270.767578125,275.64593505859375,276.2877197265625,280.262939453125,5567.8984375,2969.10546875,1409.364501953125,73.46035766601562,273.5691833496094,83.5,155.86737060546875,2640.320068359375,16300.0,0.0,0.0,587.589111328125,100.0,100.0,100.0,100.0,9755.46875,0.0002800000074785203,0.625,257.18841552734375,270.2723388671875,277.9225769042969,282.25750732421875,287.2139587402344,5606.1455078125,3003.4404296875,1441.3050537109375,745.2073364257812,92.2992172241211,286.78094482421875,86.80000305175781,99.5999984741211,1493.2061767578125,2394.719970703125,20000.099609375,34.0,1.0,0.0,24100.0,257.8999938964844,271.3999938964844,277.6000061035156,279.79998779296875,284.0,5570.0986328125,2971.728271484375,1403.9725341796875,714.4417724609375,90.1859359741211,275.0,82.0999984741211,76.0,255.0399932861328,2677.919921875,0.0,0.0,795.0319213867188,100.0,0.0,0.0,100.0,200.0,256.6867370605469,270.67047119140625,276.4840087890625,275.51751708984375,279.47808837890625,5567.94970703125,2974.156494140625,1412.8798828125,728.7807006835938,80.94073486328125,274.5272521972656,99.0,95.17813873291016,359.45965576171875,1840.0,0.0,0.0,5573.46875,2970.851318359375,1406.298095703125,724.8409423828125,93.532470703125,257.83544921875,270.573974609375,276.58270263671875,274.50146484375,278.572509765625,32.723228454589844,73.35272216796875,92.64598083496094,91.205078125,0.03290843963623047,0.6664447784423828,0.5177545547485352,273.373291015625,272.97027587890625,101159.8125,91181.28125,,8.19461727142334,43.0,0.0,7620.0,30.0,32.0,209.0,72.0,72.0,72.0,72.0,74.0,57.0,57.0,57.0,57.0,0.0,0.0,270.8899841308594,267.55999755859375,77.0,1.0,18.399999618530273,18.399999618530273
2024-11-20T00:57,2024-11-20T01:00,1,train,1,2024,11,0,1,2024-11-20T00:00,1,2024-11-20T00:00,1,2024-11-20T00:00,1,2024-11-20T00:00,0,2024-11-20T00:00,1,2024-11-20T00:00,-999.0,0.0,9.0,0.0,0.0,nan,nan,nan,nan,nan,7.821044445037842,257.92767333984375,271.57781982421875,276.2808837890625,276.90167236328125,281.0135498046875,5566.4853515625,2962.77001953125,1398.534912109375,59.86651611328125,274.10760498046875,82.4000015258789,181.6461639404297,2745.919921875,16800.0,0.0,0.0,598.29541015625,100.0,100.0,100.0,100.0,24134.974609375,6.55999974696897e-05,0.125,257.2797546386719,270.58612060546875,278.61505126953125,282.61834716796875,287.7625732421875,5602.32421875,2999.40087890625,1434.3414306640625,736.8709716796875,82.875,287.2854919433594,83.9000015258789,99.4000015258789,1493.2188720703125,2464.320068359375,20000.08203125,32.0,0.0,0.0,24100.0,257.8999938964844,272.29998779296875,276.6000061035156,278.0,282.20001220703125,5568.1806640625,2963.19970703125,1396.3265380859375,710.9999389648438,79.99159240722656,272.1700134277344,88.4000015258789,78.0,253.44000244140625,1029.9200439453125,0.0,0.0,786.1841430664062,90.0,0.0,0.0,90.0,6200.0,258.2938232421875,271.68414306640625,276.903076171875,275.323974609375,279.4560546875,5574.61083984375,2967.5498046875,1402.00634765625,718.9630737304688,70.18572998046875,274.3097839355469,97.07637023925781,94.21832275390625,377.4204406738281,1420.0,0.0,0.0,5570.1875,2969.275390625,1405.025146484375,720.9807739257812,89.32080078125,258.41925048828125,270.3327941894531,277.7193603515625,274.998779296875,278.8033447265625,29.567655563354492,65.62608337402344,88.0458755493164,89.19707489013672,0.11980533599853516,0.8941135406494141,0.7075681686401367,272.973876953125,272.43939208984375,101109.625,91134.125,,7.746468544006348,44.0,0.0,7620.0,88888.0,632.0,16274.0,2.0,2.0,3.0,4.0,6.0,5.0,5.0,5.0,7.0,0.0,0.0,271.6300048828125,266.9100036621094,72.0,2.0,18.399999618530273,18.399999618530273
2024-11-20T00:57,2024-11-20T01:00,48,train,1,2024,11,0,43,2024-11-18T06:00,49,2024-11-18T00:00,49,2024-11-18T00:00,46,2024-11-18T03:00,48,2024-11-18T00:00,36,2024-11-18T13:00,-999.0,0.0,0.0,0.0,0.0,nan,nan,nan,nan,nan,7.3273210525512695,257.1087646484375,271.24969482421875,274.7143859863281,275.6722717285156,279.67913818359375,5557.56640625,2953.556640625,1395.87158203125,61.17926025390625,272.78961181640625,79.4000015258789,194.53506469726562,1252.800048828125,18100.0,0.0,4.550000190734863,466.5058288574219,100.0,100.0,100.0,100.0,8012.59521484375,0.00045200000749900937,1.4375,256.4497375488281,270.0138244628906,278.6977844238281,282.50994873046875,287.10723876953125,5603.04541015625,3007.721923828125,1444.858154296875,747.1880493164062,94.24793243408203,286.7225646972656,89.0,100.0,1632.6407470703125,2384.47998046875,20000.109375,38.0,0.0,0.0,24100.0,256.8999938964844,271.0,275.8999938964844,277.0,281.20001220703125,5561.708984375,2959.75146484375,1397.2774658203125,714.2896728515625,87.46831512451172,271.8900146484375,89.5,84.0,214.0800018310547,988.0,0.0,0.0,744.091064453125,86.0,0.0,0.0,86.0,3100.0,256.9520263671875,271.08062744140625,276.402587890625,274.1319580078125,278.03131103515625,5562.357421875,2954.867919921875,1394.7919921875,712.7728881835938,65.61593627929688,272.8565673828125,98.48057556152344,94.31974792480469,342.9974670410156,710.0,0.0,1.5,5569.03515625,2966.288330078125,1405.03125,726.0354614257812,96.618896484375,258.5279541015625,270.711181640625,275.51116943359375,273.78228759765625,277.7787780761719,32.59281539916992,66.1062240600586,93.29817199707031,92.39176940917969,0.24947738647460938,0.57391357421875,0.5334568023681641,272.6314392089844,272.2994384765625,101203.3125,91189.5625,,7.806415557861328,45.0,0.0,7620.0,32.0,32.0,201.0,61.0,61.0,61.0,61.0,63.0,57.0,57.0,57.0,58.0,0.0,0.0,270.17999267578125,266.5299987792969,77.0,0.0,17.200000762939453,17.299999237060547
2024-12-03T17:59,2024-12-03T18:00,1,train,0,2024,12,17,1,2024-12-03T17:00,6,2024-12-03T12:00,6,2024-12-03T12:00,1,2024-12-03T17:00,0,2024-12-03T18:00,1,2024-12-03T17:00,-999.0,0.0,21.0,4.0,0.0,nan,1340.99755859375,nan,86000.0,nan,7.008698463439941,239.09902954101562,252.97238159179688,260.9125061035156,266.265625,270.5528564453125,5312.349609375,2885.6728515625,1426.6123046875,159.21539306640625,262.1247863769531,88.0,345.7995300292969,0.0,15300.0,0.0,0.009999999776482582,7182.95556640625,76.69999694824219,96.19999694824219,100.0,1.7999999523162842,24134.919921875,0.0,0.25,254.7510223388672,265.3681945800781,273.8966064453125,278.0970458984375,281.7618103027344,5621.98828125,3040.11669921875,1508.8492431640625,824.2686157226562,183.095703125,281.41796875,89.9000015258789,69.0999984741211,20.157678604125977,1608.1600341796875,19999.94921875,43.0,0.0,0.0,0.0,238.8000030517578,253.1999969482422,260.29998779296875,265.20001220703125,269.1000061035156,5315.9111328125,2886.51953125,1426.7879638671875,775.321044921875,156.04641723632812,263.4599914550781,96.5,100.0,446.239990234375,0.0,0.00019999999494757503,1.125,1153.1834716796875,100.0,11.0,0.0,100.0,19601.283203125,238.2424774169922,252.8284912109375,260.6428527832031,266.6058654785156,271.2026062011719,5314.5009765625,2892.797607421875,1433.91162109375,781.1942749023438,167.19558715820312,267.3946838378906,79.32847595214844,77.47685241699219,920.6995239257812,0.0,0.0,0.0625,5317.1328125,2890.417236328125,1429.318359375,775.9017333984375,161.84765625,238.8617706298828,254.01312255859375,260.80743408203125,266.88275146484375,270.9927978515625,64.88418579101562,100.18656921386719,68.71282958984375,64.6565170288086,0.040599822998046875,0.32152748107910156,0.38389015197753906,266.7500305175781,262.3018798828125,102072.0625,91729.015625,,3.756883144378662,90.0,0.0,7620.0,0.0,0.0,209.0,76.0,80.0,87.0,87.0,90.0,70.0,73.0,81.0,85.0,7.0,0.0,259.47998046875,258.16998291015625,92.0,4.0,9.600000381469727,11.199999809265137
2024-12-03T17:59,2024-12-03T18:00,24,train,0,2024,12,17,24,2024-12-02T18:00,24,2024-12-02T18:00,24,2024-12-02T18:00,21,2024-12-02T21:00,24,2024-12-02T18:00,24,2024-12-02T18:00,-999.0,30.0,35.0,12.0,0.0,nan,1341.005615234375,nan,85900.0,nan,7.937013626098633,238.85203552246094,252.74368286132812,260.3110046386719,265.6002197265625,269.7970886230469,5299.1298828125,2875.5732421875,1421.3834228515625,156.5953369140625,261.4550476074219,90.30000305175781,368.66357421875,0.0,14200.0,0.0,0.27000001072883606,5852.18505859375,71.9000015258789,67.9000015258789,100.0,6.5,24134.93359375,0.0,0.0625,254.64892578125,266.040283203125,273.3709411621094,278.4869384765625,282.3188171386719,5627.60009765625,3046.6337890625,1514.100830078125,829.1869506835938,187.1952362060547,282.0098571777344,87.80000305175781,72.5999984741211,26.70592498779297,1551.8399658203125,1195.5313720703125,58.0,8.0,0.0,0.0,239.0,253.8000030517578,261.0,265.79998779296875,269.79998779296875,5306.17919921875,2881.71142578125,1422.45068359375,769.2616577148438,150.3194580078125,264.2200012207031,96.19999694824219,100.0,801.4400024414062,0.0,0.00039999998989515007,1.6875,1275.9222412109375,100.0,3.0,0.0,100.0,15814.7373046875,239.0542449951172,253.01995849609375,260.2218322753906,266.27099609375,270.86114501953125,5301.71826171875,2878.19140625,1424.4169921875,772.5322265625,158.64215087890625,266.6268005371094,80.97917175292969,77.44926452636719,1138.32568359375,0.0,9.999999747378752e-06,0.5,5310.76171875,2881.43505859375,1422.14404296875,769.9673461914062,157.272216796875,239.29571533203125,254.45115661621094,260.3589782714844,266.25469970703125,270.375244140625,70.80335235595703,100.64448547363281,72.79396057128906,68.55876159667969,0.033631324768066406,0.1964273452758789,0.3171234130859375,266.1927490234375,262.33087158203125,102025.75,91667.515625,,3.795485496520996,84.0,0.0,7620.0,32.0,32.0,209.0,84.0,84.0,84.0,85.0,89.0,57.0,57.0,57.0,58.0,7.0,0.0,259.20001220703125,258.1000061035156,91.0,3.0,9.199999809265137,10.699999809265137
2024-12-03T17:59,2024-12-03T18:00,48,train,0,2024,12,17,48,2024-12-01T18:00,48,2024-12-01T18:00,48,2024-12-01T18:00,45,2024-12-01T21:00,48,2024-12-01T18:00,48,2024-12-01T18:00,-999.0,0.0,13.0,100.0,0.0,nan,1341.243896484375,85500.0,86000.0,nan,6.772799015045166,237.54757690429688,253.02212524414062,261.82794189453125,266.6003723144531,270.8194580078125,5301.908203125,2890.8583984375,1429.7890625,160.5258331298828,263.0797424316406,86.80000305175781,328.3056945800781,0.0,15700.0,0.0,0.9599999785423279,2183.8271484375,54.5,100.0,100.0,7.599999904632568,24135.11328125,0.0,0.125,254.33522033691406,268.290771484375,272.2236328125,277.5362243652344,281.2889404296875,5637.68017578125,3055.163818359375,1516.0687255859375,834.06201171875,194.23538208007812,281.3079833984375,79.30000305175781,83.0999984741211,115.34959411621094,1378.239990234375,1195.591552734375,56.0,12.0,0.0,0.0,238.3000030517578,252.60000610351562,261.3999938964844,266.29998779296875,270.20001220703125,5290.857421875,2873.572998046875,1414.9893798828125,760.651123046875,141.55812072753906,264.5,96.9000015258789,100.0,655.6799926757812,0.0,0.00019999999494757503,2.625,1585.7994384765625,100.0,12.0,0.0,100.0,17500.0,236.89797973632812,250.9229736328125,260.86517333984375,266.62152099609375,271.2164001464844,5279.9248046875,2873.87255859375,1423.104248046875,769.9332275390625,157.25941467285156,267.25152587890625,82.87442779541016,81.51927185058594,1335.97802734375,0.0,0.0,0.6875,5311.18359375,2878.480712890625,1416.75732421875,763.6561279296875,150.6171875,239.3246307373047,254.73013305664062,260.84759521484375,266.4427490234375,270.54791259765625,50.19695281982422,99.98097229003906,79.58478546142578,74.57064819335938,-0.09457874298095703,0.22394943237304688,0.4308958053588867,266.3813171386719,263.3331298828125,101938.375,91592.296875,,3.629990577697754,85.0,,,88.0,32.0,9856.0,89.0,93.0,,95.0,,57.0,,57.0,57.0,16.0,128.0,259.7300109863281,258.66998291015625,91.0,6.0,9.199999809265137,10.699999809265137
2024-12-22T16:59,2024-12-22T17:00,24,holdout_webcam,1,2024,12,16,23,2024-12-21T18:00,23,2024-12-21T18:00,23,2024-12-21T18:00,26,2024-12-21T15:00,24,2024-12-21T18:00,24,2024-12-21T17:00,-999.0,0.0,0.0,0.0,0.0,nan,1339.5869140625,nan,86200.0,nan,8.52935791015625,240.22247314453125,249.85385131835938,253.74160766601562,254.90476989746094,258.8836669921875,5290.43603515625,2874.127197265625,1439.896484375,212.39486694335938,253.85308837890625,65.19999694824219,306.58392333984375,0.0,27700.0,0.0,0.2529999911785126,741.0054931640625,100.0,0.0,69.5999984741211,37.5,19616.8515625,8.399999933317304e-05,0.75,251.8873291015625,263.34906005859375,271.1788330078125,275.8114318847656,281.480224609375,5574.3603515625,3027.75390625,1511.07958984375,832.6162719726562,194.89068603515625,281.76434326171875,79.0,98.5999984741211,1692.202880859375,1209.43994140625,20000.02734375,16.0,0.0,0.0,24100.0,240.1999969482422,251.0,254.60000610351562,254.10000610351562,257.8999938964844,5284.2373046875,2870.332763671875,1426.503173828125,800.64501953125,207.0928192138672,253.08999633789062,73.0999984741211,80.0,348.55999755859375,0.0,0.0,0.0625,791.9180908203125,100.0,0.0,0.0,100.0,10100.0,240.4671173095703,249.48104858398438,254.4608917236328,253.24423217773438,257.5126953125,5287.7421875,2871.99755859375,1437.4197998046875,810.6138916015625,217.26278686523438,253.63699340820312,84.08877563476562,90.30355072021484,389.4216003417969,0.0,0.0,1.4375,5308.7421875,2878.7021484375,1439.37744140625,808.5948486328125,220.886962890625,242.12710571289062,250.3108367919922,255.33059692382812,255.3138885498047,259.2705993652344,17.782390594482422,39.888118743896484,73.81341552734375,64.75765991210938,-0.14688777923583984,1.3738584518432617,0.3425025939941406,256.0621643066406,249.98580932617188,102946.5,92090.9921875,,0.9652071595191956,25.0,0.0,7620.0,88888.0,16.0,209.0,12.0,12.0,12.0,15.0,17.0,46.0,46.0,46.0,46.0,0.0,0.0,250.5600128173828,246.35000610351562,69.0,0.0,21.600000381469727,23.399999618530273
2024-12-22T16:59,2024-12-22T17:00,1,holdout_webcam,1,2024,12,16,1,2024-12-22T16:00,5,2024-12-22T12:00,5,2024-12-22T12:00,1,2024-12-22T16:00,0,2024-12-22T18:00,1,2024-12-22T16:00,-999.0,0.0,0.0,0.0,0.0,nan,1339.90283203125,nan,86300.0,nan,9.203615188598633,240.3953094482422,250.87611389160156,253.97952270507812,255.38531494140625,259.41693115234375,5302.4912109375,2882.7060546875,1446.0836181640625,216.0219268798828,254.28567504882812,61.29999923706055,325.8538818359375,0.0,30400.0,0.0,0.0,800.2003784179688,100.0,0.0,5.0,13.199999809265137,21466.939453125,7.680000271648169e-05,0.5625,251.80014038085938,264.2351379394531,272.2577819824219,276.7680969238281,282.4944763183594,5574.56884765625,3027.38134765625,1506.6007080078125,825.8855590820312,185.77227783203125,282.645263671875,76.69999694824219,94.30000305175781,1745.89013671875,1358.0799560546875,19999.80078125,10.0,0.0,0.0,24100.0,240.8000030517578,250.6999969482422,253.60000610351562,253.60000610351562,257.3999938964844,5291.47119140625,2874.2548828125,1432.651123046875,808.4352416992188,216.2265625,252.57000732421875,68.9000015258789,75.0,307.760009765625,0.0,0.0,0.0,792.3025512695312,100.0,0.0,0.0,100.0,4100.0,240.94171142578125,249.7708740234375,254.243408203125,254.21697998046875,258.5954284667969,5288.76416015625,2870.573974609375,1437.9776611328125,809.6005249023438,214.92250061035156,255.00222778320312,85.09898376464844,81.41954040527344,395.40325927734375,0.0,0.0,0.0,5308.26953125,2879.74755859375,1442.215576171875,812.623046875,224.03955078125,242.3607635498047,250.6417236328125,254.1416473388672,255.57814025878906,259.59991455078125,18.827457427978516,51.3619270324707,76.04035949707031,67.4129638671875,-0.24300670623779297,1.3529443740844727,0.4867267608642578,256.23052978515625,250.78948974609375,102986.875,92145.8671875,,1.0456358194351196,34.0,0.0,7620.0,88888.0,88.0,16209.0,0.0,0.0,0.0,0.0,1.0,19.0,19.0,20.0,20.0,0.0,0.0,250.2899932861328,245.9199981689453,67.0,0.0,22.0,23.5
2024-12-22T16:59,2024-12-22T17:00,48,holdout_webcam,1,2024,12,16,47,2024-12-20T18:00,47,2024-12-20T18:00,47,2024-12-20T18:00,50,2024-12-20T15:00,48,2024-12-20T18:00,36,2024-12-21T05:00,-999.0,0.0,100.0,0.0,0.0,1339.8382568359375,1339.5263671875,nan,86000.0,1432.6475830078125,9.75566577911377,239.30157470703125,251.01419067382812,252.19369506835938,254.31863403320312,258.33599853515625,5272.68994140625,2856.66552734375,1423.254638671875,197.3594207763672,251.5769805908203,82.9000015258789,313.8829345703125,0.0,15300.0,0.0,3.299999952316284,1589.41162109375,100.0,0.0,4.900000095367432,25.5,24134.880859375,4.800000169780105e-06,0.4375,253.74603271484375,265.5873107910156,271.0572204589844,276.601318359375,282.10382080078125,5611.33203125,3053.0966796875,1529.8109130859375,850.0526733398438,210.6882781982422,282.14410400390625,72.80000305175781,84.0,1471.281005859375,1307.0400390625,20000.19921875,22.0,0.0,0.0,24100.0,239.10000610351562,251.60000610351562,254.1999969482422,253.60000610351562,257.29998779296875,5279.00341796875,2854.83251953125,1416.393310546875,791.98095703125,198.25265502929688,252.38999938964844,77.19999694824219,84.0,196.72000122070312,0.0,0.0,0.0625,792.0897827148438,100.0,0.0,0.0,100.0,10600.0,239.25767517089844,249.95606994628906,252.59686279296875,253.05816650390625,257.454345703125,5269.43408203125,2854.39208984375,1424.453369140625,800.3718872070312,206.8582763671875,253.6614227294922,84.42892456054688,91.60026550292969,433.9922180175781,0.0,0.0,2.625,5288.7734375,2874.65087890625,1435.509765625,804.500244140625,216.756591796875,240.15687561035156,249.50865173339844,255.2460479736328,255.4579620361328,259.3826904296875,26.045551300048828,41.019840240478516,73.39251708984375,65.57611083984375,-0.19364166259765625,1.7259654998779297,0.5355901718139648,256.07611083984375,250.202880859375,102881.8125,92039.3515625,,0.8981684446334839,36.0,0.0,7620.0,32.0,32.0,201.0,21.0,21.0,22.0,25.0,28.0,47.0,47.0,49.0,51.0,1.0,0.0,249.9199981689453,246.22000122070312,70.0,0.0,22.0,23.5
2025-01-09T08:57,2025-01-09T09:00,24,train,0,2025,1,8,21,2025-01-08T12:00,21,2025-01-08T12:00,21,2025-01-08T12:00,24,2025-01-08T09:00,21,2025-01-08T12:00,24,2025-01-08T09:00,-999.0,0.0,100.0,82.0,0.0,4615.09423828125,1339.76220703125,55300.0,84000.0,7852.03466796875,18.154905319213867,242.0988311767578,259.6214599609375,258.6490478515625,259.5322265625,263.41265869140625,5175.1376953125,2697.533447265625,1214.31396484375,-49.99609375,254.33474731445312,80.0,286.3482971191406,0.0,2600.0,9.999999747378752e-05,2.2200000286102295,708.2118530273438,99.69999694824219,0.0,0.0,71.30000305175781,23040.34375,2.879999919969123e-05,1.625,253.00469970703125,268.3675537109375,276.3140563964844,280.6440734863281,286.0391540527344,5568.52978515625,2989.05322265625,1440.2412109375,748.6350708007812,99.16646575927734,285.6248474121094,80.0,97.69999694824219,1613.441650390625,1987.199951171875,20000.0078125,59.0,48.0,0.0,9800.0,242.3000030517578,261.1000061035156,253.39999389648438,258.20001220703125,262.1000061035156,5203.427734375,2716.946044921875,1217.3505859375,583.4833984375,-4.555202960968018,253.3800048828125,94.0,98.0,270.239990234375,0.0,0.0,1.0625,2445.769287109375,100.0,86.0,42.0,100.0,2800.0,241.70028686523438,259.2452392578125,258.435302734375,256.5583190917969,260.4573059082031,5175.5576171875,2703.135009765625,1218.412353515625,582.576416015625,-37.43196105957031,253.91412353515625,80.4716796875,82.1612777709961,333.13580322265625,0.0,5.999999848427251e-05,3.125,5197.64453125,2717.194091796875,1218.47216796875,579.8807373046875,-12.058837890625,242.06304931640625,260.8165588378906,260.7283935546875,257.49169921875,261.29986572265625,81.78114318847656,87.49037170410156,90.22882080078125,90.30233764648438,1.618027687072754,3.775670051574707,1.3264827728271484,255.33364868164062,252.7239990234375,99886.1875,89377.7734375,,5.299324035644531,85.0,0.0,7620.0,32.0,32.0,209.0,82.0,85.0,93.0,97.0,99.0,69.0,74.0,74.0,79.0,0.0,0.0,255.27999877929688,251.8699951171875,74.0,9.0,41.20000076293945,42.79999923706055
2025-01-09T08:57,2025-01-09T09:00,48,train,0,2025,1,8,45,2025-01-07T12:00,45,2025-01-07T12:00,45,2025-01-07T12:00,48,2025-01-07T09:00,45,2025-01-07T12:00,45,2025-01-07T12:00,-999.0,0.0,100.0,100.0,0.0,6451.92333984375,1339.958740234375,82600.0,83800.0,7194.33935546875,15.320460319519043,240.6815185546875,258.3268737792969,259.2872009277344,260.25054931640625,264.1168212890625,5171.8134765625,2713.60693359375,1232.3878173828125,-33.06211853027344,255.64862060546875,83.5999984741211,286.9407958984375,0.0,9300.0,0.0,4.960000038146973,1101.6837158203125,100.0,92.5,100.0,2.0,24134.9375,2.6399999114801176e-05,0.1875,254.5832977294922,267.1739196777344,276.49090576171875,281.361572265625,286.57928466796875,5585.87255859375,2999.452880859375,1449.452392578125,757.2958984375,106.40953063964844,286.1533203125,70.30000305175781,85.5999984741211,1972.480224609375,2096.9599609375,20000.126953125,53.0,22.0,0.0,9000.0,241.8000030517578,259.3999938964844,251.39999389648438,256.70001220703125,260.5,5187.2578125,2715.85595703125,1226.427490234375,596.587646484375,7.373062610626221,251.00999450683594,92.5,95.0,308.9599914550781,0.0,0.0,0.4375,933.5587158203125,100.0,99.0,0.0,100.0,11000.0,240.7288055419922,258.3984375,259.2833251953125,257.3063659667969,261.1245422363281,5173.3837890625,2715.50146484375,1232.020263671875,594.0367431640625,-24.518875122070312,254.87213134765625,83.07666778564453,86.44773864746094,334.0860290527344,0.0,9.999999747378752e-06,4.8125,5194.76953125,2714.310546875,1214.857666015625,574.9741821289062,-18.101806640625,242.02301025390625,261.17010498046875,261.36895751953125,258.060791015625,261.8660583496094,64.32232666015625,88.24425506591797,88.68882751464844,89.1145248413086,2.9918251037597656,3.7095413208007812,1.134730339050293,255.9178924560547,253.28700256347656,99807.0625,89333.328125,,5.041390419006348,85.0,,,136.0,24.0,9472.0,77.0,80.0,,87.0,,55.0,,55.0,55.0,0.0,0.0,255.14999389648438,251.5399932861328,71.0,0.0,38.79999923706055,40.0
2025-01-24T20:48,2025-01-24T21:00,24,train,0,2025,1,20,21,2025-01-24T00:00,21,2025-01-24T00:00,21,2025-01-24T00:00,24,2025-01-23T21:00,21,2025-01-24T00:00,24,2025-01-23T21:00,-999.0,0.0,5.0,0.0,0.0,nan,1340.1658935546875,nan,85400.0,nan,11.701194763183594,240.05044555664062,250.63751220703125,255.62283325195312,260.14068603515625,264.237548828125,5231.6962890625,2824.209228515625,1384.1435546875,141.51138305664062,254.87509155273438,71.19999694824219,252.80625915527344,0.0,22500.0,0.0,0.07999999821186066,4426.3544921875,0.0,100.0,5.0,0.0,24134.75390625,0.0,0.0,255.4145050048828,273.3358459472656,285.8834228515625,289.379638671875,283.005615234375,5628.5234375,3031.481201171875,1441.8460693359375,727.8933715820312,71.388671875,282.2123718261719,77.80000305175781,28.899999618530273,193.96791076660156,3057.60009765625,19999.953125,1.0,0.0,0.0,24100.0,240.1999969482422,252.89999389648438,253.8000030517578,258.29998779296875,262.20001220703125,5241.166015625,2827.43603515625,1383.46875,749.2630004882812,145.57925415039062,255.63999938964844,78.19999694824219,80.0,348.0,0.0,0.0,0.0,941.4931030273438,100.0,0.0,0.0,100.0,14801.6875,240.64939880371094,251.2408905029297,253.65065002441406,257.99432373046875,262.39434814453125,5232.982421875,2820.117431640625,1380.584716796875,748.2577514648438,145.77484130859375,257.92523193359375,84.0,84.73089599609375,482.7634582519531,0.0,0.0,0.5625,5244.04296875,2829.258544921875,1391.0654296875,754.2633056640625,156.269775390625,240.93115234375,250.4913330078125,254.72720336914062,259.99041748046875,264.0751037597656,21.848827362060547,75.7080307006836,68.56990814208984,65.87640380859375,0.50048828125,1.1551227569580078,0.5897321701049805,259.1251220703125,254.19485473632812,102053.625,91450.53125,,1.3264100551605225,66.0,0.0,7620.0,32.0,32.0,209.0,71.0,75.0,78.0,78.0,78.0,50.0,51.0,51.0,52.0,1.0,0.0,252.6999969482422,251.00997924804688,88.0,0.0,18.399999618530273,19.600000381469727
2025-01-09T08:57,2025-01-09T09:00,1,train,0,2025,1,8,1,2025-01-09T08:00,3,2025-01-09T06:00,3,2025-01-09T06:00,1,2025-01-09T08:00,3,2025-01-09T06:00,1,2025-01-09T08:00,-999.0,0.0,100.0,98.0,0.0,1340.43505859375,1339.9180908203125,76500.0,84000.0,1764.2315673828125,17.616374969482422,242.09751892089844,259.5845947265625,259.563232421875,260.6785583496094,264.5322570800781,5193.99072265625,2720.02392578125,1235.2822265625,-32.517547607421875,255.4761199951172,81.19999694824219,288.0264587402344,0.0,1800.0,0.0,0.13300000131130219,809.3079833984375,100.0,0.0,0.0,16.299999237060547,24134.943359375,2.0400000721565448e-05,0.5625,252.7344207763672,267.8703918457031,277.0683288574219,281.21014404296875,286.8738098144531,5563.8359375,2986.642333984375,1435.5361328125,742.2294311523438,91.12471771240234,286.4366455078125,74.30000305175781,95.0999984741211,1853.1986083984375,2040.47998046875,4834.5380859375,93.0,84.0,0.0,1000.0,242.0,261.0,251.1999969482422,255.60000610351562,259.3999938964844,5193.65185546875,2713.12744140625,1224.6995849609375,597.2772827148438,1.0178593397140503,251.47000122070312,76.5,79.0,193.83999633789062,0.0,0.00019999999494757503,1.5,792.3360595703125,100.0,16.0,0.0,100.0,800.0,241.53958129882812,258.239013671875,258.25091552734375,258.2845764160156,262.1966552734375,5184.38623046875,2719.24560546875,1243.9068603515625,606.2432861328125,-9.044906616210938,256.33355712890625,82.26126861572266,81.86961364746094,368.73992919921875,0.0,4.999999873689376e-05,0.1875,5197.79296875,2717.045654296875,1223.548095703125,585.5146484375,-7.9296875,242.3596649169922,260.4695129394531,259.4987487792969,258.0941467285156,261.8724670410156,77.23177337646484,84.04722595214844,89.48600769042969,89.62242126464844,2.055858612060547,4.588068962097168,1.3154296875,256.05859375,253.56997680664062,99949.0625,89450.9453125,,4.9540486335754395,89.0,0.0,7620.0,0.0,0.0,0.0,26.0,27.0,43.0,68.0,82.0,76.0,76.0,79.0,85.0,0.0,0.0,253.52999877929688,250.72000122070312,79.0,8.0,43.20000076293945,45.70000076293945
2025-01-24T20:48,2025-01-24T21:00,48,train,0,2025,1,20,45,2025-01-23T00:00,45,2025-01-23T00:00,45,2025-01-23T00:00,48,2025-01-22T21:00,45,2025-01-23T00:00,45,2025-01-23T00:00,-999.0,100.0,100.0,0.0,0.0,1340.4306640625,1340.2430419921875,82900.0,85000.0,1688.0224609375,7.744100570678711,237.52899169921875,248.93328857421875,255.30087280273438,260.39471435546875,264.479736328125,5184.4453125,2794.46337890625,1363.9954833984375,122.63628387451172,255.50811767578125,84.0999984741211,408.0766296386719,0.0,300.0,0.0,0.6899999976158142,8243.8984375,0.0,86.9000015258789,100.0,0.0,24135.03515625,0.0,0.0,255.8702392578125,273.0644226074219,285.9925842285156,288.5885009765625,282.5278625488281,5632.29638671875,3031.486083984375,1441.46728515625,728.6795654296875,74.47058868408203,281.8217468261719,84.5999984741211,32.70000076293945,198.3089141845703,3021.919921875,19999.951171875,40.0,0.0,0.0,0.0,241.3000030517578,253.10000610351562,253.10000610351562,257.79998779296875,261.6000061035156,5243.0029296875,2829.431640625,1379.836181640625,746.9912719726562,144.738525390625,255.4600067138672,97.30000305175781,100.0,308.0,0.0,0.0,0.3125,897.8780517578125,100.0,0.0,0.0,100.0,5600.0,236.89767456054688,249.7579345703125,253.31884765625,259.10198974609375,263.43243408203125,5185.67724609375,2788.431396484375,1363.159423828125,728.9362182617188,126.76979064941406,258.8468017578125,83.0,80.5504379272461,879.1130981445312,0.0,2.9999999242136255e-05,0.4375,5239.07421875,2827.082763671875,1384.473388671875,750.775634765625,156.146484375,240.79464721679688,251.08047485351562,254.27981567382812,258.52313232421875,262.5040283203125,12.78381061553955,73.61940002441406,82.90797424316406,78.38788604736328,0.196380615234375,1.2584733963012695,0.5984411239624023,258.05987548828125,254.76443481445312,102066.1875,91405.609375,,1.2046796083450317,75.0,,,368.0,24.0,9058.0,55.0,55.0,,55.0,,53.0,,53.0,53.0,4.0,0.0,253.8599853515625,252.4199981689453,88.0,0.0,17.200000762939453,18.299999237060547
2025-01-24T20:48,2025-01-24T21:00,1,train,0,2025,1,20,1,2025-01-24T20:00,3,2025-01-24T18:00,3,2025-01-24T18:00,1,2025-01-24T20:00,3,2025-01-24T18:00,1,2025-01-24T20:00,-999.0,0.0,0.0,0.0,0.0,nan,1340.2696533203125,nan,85500.0,nan,13.828445434570312,240.16802978515625,250.17861938476562,256.1857604980469,260.87017822265625,264.923828125,5235.4658203125,2829.14501953125,1390.753173828125,147.6172332763672,255.46963500976562,65.80000305175781,279.87811279296875,0.0,26000.0,0.0,0.0020000000949949026,4291.93603515625,27.5,93.5999984741211,88.19999694824219,0.0,24135.119140625,0.0,0.0,254.8494110107422,272.08612060546875,286.0949401855469,289.75634765625,283.4920654296875,5634.11572265625,3036.949951171875,1445.64794921875,730.6529541015625,73.61167907714844,282.76336669921875,78.80000305175781,24.0,202.3699493408203,2915.840087890625,20000.1015625,1.0,0.0,0.0,24100.0,241.10000610351562,251.89999389648438,255.3000030517578,259.8999938964844,263.79998779296875,5242.70654296875,2828.468017578125,1392.836669921875,754.68115234375,148.1591339111328,257.45001220703125,80.80000305175781,84.0,581.1199951171875,0.0,0.0,0.1875,nan,63.0,0.0,0.0,63.0,25587.767578125,240.7069091796875,249.5780029296875,255.3497314453125,261.00811767578125,265.4454345703125,5236.453125,2830.9443359375,1396.7320556640625,757.8392944335938,154.36944580078125,260.80950927734375,67.0,63.426143646240234,698.997314453125,0.0,0.0,0.0,5245.11328125,2831.66455078125,1395.046630859375,756.4758911132812,156.461669921875,241.02053833007812,250.48947143554688,254.93751525878906,260.81109619140625,264.8856506347656,19.649141311645508,85.84581756591797,62.066505432128906,59.55043411254883,0.6139631271362305,1.158238410949707,0.7389774322509766,260.0174560546875,253.9207000732422,102045.8125,91481.34375,,1.3906431198120117,71.0,0.0,7620.0,0.0,0.0,209.0,40.0,48.0,58.0,59.0,61.0,69.0,69.0,69.0,69.0,0.0,0.0,252.239990234375,250.32998657226562,83.0,0.0,19.200000762939453,21.0
2025-02-10T17:49,2025-02-10T18:00,48,train,0,2025,2,17,48,2025-02-08T18:00,48,2025-02-08T18:00,48,2025-02-08T18:00,45,2025-02-08T21:00,42,2025-02-09T00:00,48,2025-02-08T18:00,-999.0,0.0,4.0,0.0,0.0,nan,1340.1929931640625,nan,85900.0,nan,13.513959884643555,236.6480255126953,251.79754638671875,256.61260986328125,260.6749267578125,264.8509216308594,5271.28515625,2876.5068359375,1428.675048828125,182.49737548828125,256.4254150390625,79.80000305175781,297.3460998535156,0.0,19400.0,0.0,8.960000038146973,1693.37255859375,100.0,100.0,100.0,23.899999618530273,24135.1015625,0.0,0.0,250.68280029296875,268.0340576171875,276.4606628417969,280.75958251953125,282.89923095703125,5612.50439453125,3050.634765625,1501.3265380859375,809.2447509765625,162.8325653076172,282.61541748046875,96.19999694824219,82.0999984741211,74.5555648803711,2083.0400390625,19999.80859375,23.0,0.0,0.0,0.0,239.5,252.39999389648438,254.60000610351562,257.5,261.29998779296875,5280.4423828125,2861.1982421875,1410.806884765625,778.17333984375,173.16026306152344,255.74000549316406,97.0999984741211,100.0,391.3599853515625,0.0,0.00019999999494757503,1.5625,822.0179443359375,100.0,0.0,0.0,100.0,5300.0,240.19119262695312,249.45016479492188,253.10244750976562,257.55401611328125,262.1400146484375,5258.31201171875,2859.0009765625,1424.357177734375,792.9569702148438,194.285888671875,258.3951721191406,88.00326538085938,88.13372039794922,525.4091796875,0.0,2.9999999242136255e-05,8.875,5286.5546875,2871.3740234375,1421.739990234375,784.7529296875,185.6943359375,238.74591064453125,252.83563232421875,254.6792755126953,260.3349609375,264.4114685058594,47.02821350097656,79.49424743652344,55.00394821166992,49.091064453125,0.4453582763671875,1.0839815139770508,0.6126461029052734,260.85540771484375,252.5655517578125,102426.4375,91809.5,,1.8601469993591309,59.0,,,568.0,328.0,8960.0,42.0,42.0,,43.0,,45.0,,45.0,45.0,3.0,0.0,254.38998413085938,251.9299774169922,80.0,0.0,22.0,24.600000381469727
2025-02-10T17:49,2025-02-10T18:00,1,train,0,2025,2,17,1,2025-02-10T17:00,6,2025-02-10T12:00,6,2025-02-10T12:00,1,2025-02-10T17:00,0,2025-02-10T18:00,1,2025-02-10T17:00,-999.0,100.0,100.0,0.0,0.0,1340.607421875,1340.4755859375,83500.0,86000.0,1812.6424560546875,10.781777381896973,239.392333984375,251.55360412597656,256.461181640625,261.5174560546875,265.79766845703125,5294.4326171875,2881.070068359375,1438.1494140625,190.11924743652344,257.58673095703125,89.0999984741211,393.8490295410156,0.0,2700.0,0.0,0.08900000154972076,1722.12255859375,95.5999984741211,9.600000381469727,28.299999237060547,16.600000381469727,24134.96484375,7.199999799922807e-06,1.75,250.8122100830078,268.1705627441406,277.2568054199219,281.681396484375,283.3993225097656,5611.29638671875,3051.1416015625,1497.3140869140625,803.1561279296875,154.4114990234375,282.93109130859375,93.30000305175781,84.5999984741211,37.261539459228516,2151.52001953125,19999.87890625,32.0,0.0,0.0,0.0,240.3000030517578,252.5,255.10000610351562,260.0,263.8999938964844,5297.3994140625,2876.998779296875,1430.404052734375,791.9118041992188,183.49114990234375,258.3800048828125,97.0,100.0,532.47998046875,0.0,0.0003000000142492354,2.5625,878.5617065429688,100.0,3.0,0.0,100.0,4800.0,238.90994262695312,251.30889892578125,256.3902587890625,262.0322265625,266.6666259765625,5288.96728515625,2881.53662109375,1441.6297607421875,800.075439453125,193.1753692626953,263.4133605957031,86.0,80.78673553466797,850.360595703125,0.0,2.9999999242136255e-05,0.125,5299.23828125,2878.905029296875,1436.87548828125,794.8902587890625,190.74609375,239.93919372558594,252.31202697753906,256.09161376953125,262.4503173828125,266.59698486328125,61.62678146362305,99.2938232421875,62.35017776489258,56.22256851196289,0.5719537734985352,0.6994667053222656,0.6781339645385742,262.86175537109375,256.27325439453125,102480.5625,91933.625,,2.3447368144989014,86.0,0.0,7620.0,0.0,0.0,209.0,81.0,91.0,93.0,93.0,93.0,66.0,67.0,73.0,75.0,7.0,8.0,254.760009765625,252.87997436523438,85.0,4.0,24.0,26.899999618530273
2025-02-10T17:49,2025-02-10T18:00,24,train,0,2025,2,17,24,2025-02-09T18:00,24,2025-02-09T18:00,24,2025-02-09T18:00,21,2025-02-09T21:00,24,2025-02-09T18:00,24,2025-02-09T18:00,-999.0,100.0,100.0,0.0,0.0,1340.4576416015625,1340.268310546875,85400.0,85800.0,1453.848876953125,12.148641586303711,238.22459411621094,251.9813232421875,255.58349609375,260.01788330078125,264.2174072265625,5278.9189453125,2871.22216796875,1427.1444091796875,182.8002166748047,255.88571166992188,87.0,332.5267333984375,0.0,1400.0,0.0,1.0,2263.350830078125,100.0,53.400001525878906,38.29999923706055,34.599998474121094,24134.939453125,8.000000093488779e-07,1.4375,250.79263305664062,267.4453125,277.1779479980469,281.2500915527344,283.1698303222656,5605.65478515625,3048.86865234375,1497.776611328125,803.9364624023438,156.10964965820312,282.5848388671875,94.0,84.80000305175781,26.84947395324707,2082.080078125,19999.822265625,8.0,0.0,0.0,0.0,238.8000030517578,253.0,254.5,259.29998779296875,263.20001220703125,5288.60546875,2872.58056640625,1422.17626953125,785.349365234375,176.89425659179688,257.5,97.19999694824219,100.0,392.8800048828125,0.0,0.0,0.0625,961.1420288085938,100.0,0.0,0.0,100.0,16600.0,239.2728729248047,252.8511199951172,253.5570526123047,258.5327453613281,263.1578369140625,5284.07421875,2868.6328125,1423.9923095703125,790.7067260742188,187.16989135742188,259.53887939453125,85.08466339111328,83.6576156616211,586.2391357421875,0.0,0.0,0.125,5290.78515625,2872.19970703125,1424.217529296875,784.6130981445312,183.06298828125,239.43051147460938,252.94700622558594,255.19676208496094,261.4827880859375,265.50604248046875,50.530155181884766,92.4833755493164,58.289241790771484,52.20084762573242,0.3777322769165039,0.8948869705200195,0.6961097717285156,262.0469970703125,254.45213317871094,102388.125,91819.9453125,,2.0867042541503906,65.0,0.0,7620.0,32.0,32.0,209.0,69.0,71.0,71.0,71.0,72.0,57.0,58.0,58.0,62.0,3.0,0.0,252.7899932861328,250.6999969482422,82.0,0.0,25.600000381469727,29.399999618530273
2025-03-02T16:54,2025-03-02T17:00,1,holdout_webcam,0,2025,3,16,1,2025-03-02T16:00,5,2025-03-02T12:00,5,2025-03-02T12:00,1,2025-03-02T16:00,0,2025-03-02T18:00,1,2025-03-02T16:00,-999.0,0.0,2.0,0.0,0.0,nan,1339.4417724609375,nan,84700.0,nan,17.461896896362305,237.56576538085938,251.64617919921875,252.77099609375,255.74525451660156,259.7763671875,5167.845703125,2758.158203125,1320.403076171875,89.7306900024414,251.0613555908203,65.80000305175781,295.6866760253906,0.0,27300.0,0.0,0.0,19999.908203125,5.0,75.80000305175781,0.0,0.0,24134.958984375,0.0,0.0,247.4623260498047,265.95257568359375,273.8965148925781,278.1695251464844,284.2789001464844,5598.49365234375,3065.037353515625,1528.0107421875,843.5709228515625,199.9834747314453,284.2308654785156,61.400001525878906,77.0,99.36773681640625,1650.719970703125,19999.9453125,34.0,0.0,0.0,7100.0,237.5,253.39999389648438,247.8000030517578,252.39999389648438,256.20001220703125,5175.19921875,2755.277587890625,1311.692138671875,692.1569213867188,98.63384246826172,251.17999267578125,84.80000305175781,95.0,227.1199951171875,0.0,0.0,0.1875,792.0869140625,100.0,0.0,0.0,100.0,15300.5283203125,237.21978759765625,250.82684326171875,251.23580932617188,254.5532989501953,258.8953857421875,5163.1484375,2759.081298828125,1325.2947998046875,700.8692016601562,102.729248046875,255.0015411376953,87.08349609375,81.60350799560547,443.798095703125,0.0,0.0,0.0,5183.96875,2768.4599609375,1330.425537109375,699.7633666992188,107.6748046875,238.5712127685547,250.87042236328125,253.02755737304688,257.4868469238281,261.3358154296875,21.211788177490234,64.89311981201172,56.12104415893555,52.174468994140625,1.2156343460083008,2.0901803970336914,0.615748405456543,257.48236083984375,249.46502685546875,101412.4375,90753.28125,,1.0584485530853271,63.0,0.0,7620.0,416.0,224.0,209.0,20.0,22.0,25.0,27.0,31.0,69.0,69.0,72.0,72.0,2.0,0.0,248.5,245.1999969482422,74.0,1.0,28.799999237060547,32.400001525878906
2025-03-02T16:54,2025-03-02T17:00,24,holdout_webcam,0,2025,3,16,23,2025-03-01T18:00,23,2025-03-01T18:00,23,2025-03-01T18:00,26,2025-03-01T15:00,24,2025-03-01T18:00,24,2025-03-01T17:00,-999.0,0.0,4.0,0.0,0.0,1339.680419921875,1339.216064453125,nan,84600.0,1428.43896484375,13.717994689941406,236.57240295410156,250.6141815185547,251.86277770996094,254.23094177246094,258.16168212890625,5145.6826171875,2749.647705078125,1314.1044921875,87.4301528930664,251.1892547607422,69.69999694824219,290.97760009765625,0.0,12100.0,0.0,6.730000019073486,5476.43017578125,77.4000015258789,76.30000305175781,0.0,0.0,24135.32421875,0.0,0.0,248.2054443359375,265.72271728515625,272.8959045410156,278.49395751953125,284.34979248046875,5603.9912109375,3066.669189453125,1528.7197265625,845.12744140625,201.0227508544922,284.5054931640625,62.29999923706055,78.0,197.51589965820312,1482.239990234375,20000.169921875,22.0,0.0,0.0,0.0,237.10000610351562,253.3000030517578,249.1999969482422,252.0,255.6999969482422,5167.89111328125,2754.9267578125,1307.37890625,688.130615234375,92.63056182861328,250.02999877929688,95.69999694824219,100.0,227.60000610351562,0.0,9.999999747378752e-05,0.25,791.652099609375,100.0,0.0,0.0,100.0,4600.0,236.70220947265625,250.824951171875,251.8114776611328,251.50865173339844,255.7000274658203,5148.60400390625,2751.831298828125,1313.2969970703125,693.2042236328125,97.83002471923828,251.23532104492188,84.37116241455078,90.24937438964844,377.0054016113281,0.0,9.999999747378752e-06,3.4375,5171.83203125,2759.468017578125,1317.606689453125,691.084228515625,103.357666015625,238.4705047607422,251.3478546142578,252.54757690429688,255.28887939453125,259.1338195800781,15.414413452148438,65.99598693847656,61.232017517089844,56.94260787963867,1.2705411911010742,2.0194311141967773,0.4148130416870117,255.5479278564453,247.84776306152344,101359.375,90647.7890625,,0.9822737574577332,39.0,0.0,7620.0,32.0,32.0,209.0,46.0,48.0,48.0,50.0,54.0,44.0,44.0,44.0,48.0,1.0,0.0,249.13998413085938,245.4300079345703,70.0,0.0,29.600000381469727,33.20000076293945
2025-03-02T16:54,2025-03-02T17:00,48,holdout_webcam,0,2025,3,16,47,2025-02-28T18:00,47,2025-02-28T18:00,47,2025-02-28T18:00,50,2025-02-28T15:00,48,2025-02-28T18:00,36,2025-03-01T05:00,-999.0,0.0,1.0,0.0,0.0,nan,1339.4185791015625,nan,84600.0,nan,12.891530990600586,239.00274658203125,250.44554138183594,252.90972900390625,255.5867919921875,259.548095703125,5154.2802734375,2749.007080078125,1312.035400390625,81.30799102783203,252.89598083496094,61.5,288.10089111328125,0.0,30300.0,0.0,10.84000015258789,2682.807861328125,64.30000305175781,100.0,93.0,0.0,24135.173828125,0.0,0.0,247.90428161621094,265.86212158203125,273.51220703125,279.29254150390625,284.50897216796875,5604.0283203125,3063.8759765625,1526.6295166015625,840.649658203125,195.40023803710938,284.4290466308594,64.69999694824219,74.5999984741211,231.94512939453125,1569.5999755859375,20000.005859375,25.0,0.0,0.0,6000.0,238.60000610351562,251.60000610351562,249.8000030517578,251.5,255.1999969482422,5163.2666015625,2746.427734375,1302.298828125,683.8543701171875,90.90424346923828,249.83999633789062,84.4000015258789,90.0,381.8399963378906,0.0,0.0,0.1875,791.6165161132812,100.0,0.0,0.0,100.0,7100.0,239.07945251464844,250.36349487304688,252.97499084472656,251.8990020751953,256.1192321777344,5155.9501953125,2751.002685546875,1311.283935546875,689.5496826171875,94.00907135009766,251.52658081054688,84.58010864257812,89.54248046875,365.4129943847656,0.0,0.0,8.3125,5145.47265625,2747.18896484375,1306.2841796875,679.6859741210938,91.3525390625,235.63771057128906,251.56932067871094,252.47402954101562,255.50259399414062,259.3299865722656,18.868183135986328,50.739990234375,57.23765563964844,53.83887481689453,0.688507080078125,2.209170341491699,0.5622844696044922,255.49761962890625,247.55517578125,101200.1875,90495.9375,,0.9085290431976318,31.0,0.0,7620.0,32.0,32.0,201.0,28.0,29.0,31.0,32.0,35.0,42.0,42.0,44.0,45.0,1.0,0.0,249.39999389648438,244.7799835205078,66.0,0.0,28.799999237060547,32.099998474121094
2025-04-05T14:51,2025-04-05T15:00,1,train,0,2025,4,14,1,2025-04-05T14:00,3,2025-04-05T12:00,3,2025-04-05T12:00,1,2025-04-05T14:00,3,2025-04-05T12:00,1,2025-04-05T14:00,-999.0,0.0,100.0,100.0,100.0,3448.7529296875,3243.168701171875,32400.0,68700.0,9283.7724609375,6.237255573272705,258.677978515625,268.0094909667969,276.61175537109375,274.817138671875,278.5933532714844,5696.2529296875,3088.611328125,1536.802978515625,213.70846557617188,274.09869384765625,40.900001525878906,142.07879638671875,2373.280029296875,49400.0,0.0,0.0,2159.38134765625,99.4000015258789,0.0,1.2000000476837158,0.0,24135.01953125,0.0,0.0,253.23683166503906,271.4249267578125,279.9567565917969,286.2685852050781,292.58721923828125,5619.634765625,3033.35009765625,1465.1531982421875,762.0756225585938,98.9418716430664,292.51251220703125,50.400001525878906,65.69999694824219,1153.394287109375,2741.43994140625,1196.1585693359375,87.0,99.0,100.0,400.0,258.0,268.20001220703125,274.8999938964844,270.79998779296875,274.79998779296875,5703.83251953125,3088.513427734375,1535.5421142578125,863.1735229492188,232.36378479003906,268.9900207519531,98.5,99.0,292.79998779296875,540.9600219726562,0.0,0.0625,3352.323974609375,11.0,100.0,100.0,1.0,24200.0,258.8641357421875,265.854248046875,276.9931945800781,274.2366638183594,277.1414794921875,5687.92919921875,3078.415771484375,1536.2010498046875,852.1412963867188,218.24891662597656,274.26385498046875,70.79412841796875,55.29597473144531,292.4659118652344,1780.0,0.0,0.0,5703.859375,3085.798828125,1534.937744140625,854.2137451171875,232.26220703125,258.91217041015625,268.8544006347656,277.73004150390625,270.54144287109375,274.54400634765625,93.55647277832031,14.219252586364746,75.6041488647461,69.0794906616211,-0.13962173461914062,0.3857851028442383,0.13826560974121094,271.4217529296875,267.2030029296875,102956.4375,92692.90625,,12.9951753616333,88.0,0.0,7620.0,824.0,824.0,16274.0,20.0,20.0,29.0,40.0,66.0,8.0,8.0,8.0,8.0,0.0,0.0,272.3399963378906,262.82000732421875,49.0,4.0,18.399999618530273,18.600000381469727
2025-06-03T01:48,2025-06-03T02:00,1,train,0,2025,6,1,1,2025-06-03T01:00,2,2025-06-03T00:00,2,2025-06-03T00:00,1,2025-06-03T01:00,3,2025-06-03T00:00,1,2025-06-03T01:00,-999.0,0.0,0.0,0.0,0.0,nan,nan,nan,nan,nan,5.090095520019531,250.1155548095703,267.1002502441406,279.26275634765625,284.73358154296875,288.928466796875,5566.4326171875,3021.294921875,1469.411865234375,118.86102294921875,277.5062255859375,59.20000076293945,578.0990600585938,2233.43994140625,32000.0,0.0,0.0,3285.057373046875,3.5999999046325684,100.0,100.0,1.100000023841858,24134.923828125,0.0,0.3125,258.1844787597656,275.94158935546875,284.053466796875,287.2992858886719,287.0721435546875,5733.67919921875,3101.29833984375,1501.296142578125,790.0980224609375,130.6332244873047,286.6232604980469,97.0,86.4000015258789,33.99552536010742,3478.39990234375,20000.140625,1.0,0.0,0.0,24100.0,250.6999969482422,266.20001220703125,278.70001220703125,283.3999938964844,287.6000061035156,5582.7607421875,3033.1318359375,1483.5611572265625,785.3392944335938,130.40980529785156,280.2099914550781,86.5999984741211,86.0,107.19999694824219,2153.43994140625,0.0,0.0,nan,0.0,0.0,0.0,0.0,41200.0,250.07083129882812,267.04974365234375,279.56292724609375,285.4933776855469,289.5607604980469,5577.2431640625,3031.71240234375,1478.7645263671875,777.7175903320312,123.92575073242188,282.4515686035156,48.120391845703125,43.666900634765625,659.8577270507812,2210.0,0.0,0.0,5588.9453125,3036.694580078125,1484.60888671875,785.3046875,130.247802734375,250.8583221435547,267.677734375,278.92242431640625,284.6178283691406,289.12750244140625,24.121334075927734,48.58757019042969,50.04532241821289,68.61726379394531,0.3194847106933594,0.5928716659545898,0.4546394348144531,278.94830322265625,274.66705322265625,101571.875,91904.3515625,,7.731539249420166,15.0,0.0,7620.0,88886.0,2680.0,16274.0,0.0,0.0,3.0,8.0,26.0,6.0,6.0,6.0,6.0,6.0,0.0,275.0400085449219,271.6099853515625,79.0,0.0,10.800000190734863,11.800000190734863
2025-04-05T14:51,2025-04-05T15:00,24,train,0,2025,4,14,21,2025-04-04T18:00,21,2025-04-04T18:00,21,2025-04-04T18:00,24,2025-04-04T15:00,21,2025-04-04T18:00,24,2025-04-04T15:00,-999.0,0.0,46.0,100.0,100.0,7295.5595703125,1458.9256591796875,25200.0,85900.0,12723.5703125,8.250675201416016,258.3018798828125,267.2164306640625,274.6647033691406,273.15777587890625,277.3128662109375,5691.8828125,3080.3984375,1537.127685546875,220.99371337890625,271.8673095703125,58.20000076293945,299.1150817871094,1110.719970703125,32700.0,0.0,0.0,2063.864990234375,98.5999984741211,0.0,1.2000000476837158,0.0,24135.0546875,0.0,0.0,253.04705810546875,270.89276123046875,280.1572570800781,286.9272155761719,293.1568603515625,5621.45947265625,3036.614990234375,1470.8017578125,766.687255859375,102.44499969482422,292.89996337890625,44.599998474121094,52.79999923706055,569.3966064453125,2384.159912109375,3799.576171875,88.0,100.0,65.0,24100.0,258.6000061035156,266.8999938964844,276.20001220703125,274.6000061035156,278.70001220703125,5698.57958984375,3083.279541015625,1533.0955810546875,854.1132202148438,229.67425537109375,271.4700012207031,55.20000076293945,37.0,140.32000732421875,922.5599975585938,0.0,0.0,5255.189453125,73.0,97.0,100.0,6.0,19800.0,258.30084228515625,269.84228515625,273.61944580078125,272.50048828125,276.92822265625,5699.53076171875,3079.9375,1535.662353515625,859.2100830078125,223.62840270996094,274.3095397949219,79.38703155517578,74.73318481445312,331.12823486328125,1250.0,0.0,0.0,5703.1875,3086.317626953125,1534.1796875,855.49462890625,232.5224609375,258.1295471191406,269.111328125,277.3563232421875,270.64422607421875,274.9350280761719,81.00548553466797,16.152450561523438,72.97576904296875,64.88479614257812,0.23416805267333984,0.5102252960205078,0.1023406982421875,271.79254150390625,266.91754150390625,102961.875,92702.3515625,,14.056766510009766,91.0,59.0,9364.0,62.0,64.0,209.0,27.0,30.0,36.0,44.0,52.0,53.0,53.0,53.0,53.0,0.0,0.0,270.6499938964844,264.1499938964844,61.0,10.0,17.200000762939453,17.399999618530273
2025-04-05T14:51,2025-04-05T15:00,48,train,0,2025,4,14,45,2025-04-03T18:00,45,2025-04-03T18:00,45,2025-04-03T18:00,48,2025-04-03T15:00,45,2025-04-03T18:00,45,2025-04-03T18:00,-999.0,0.0,1.0,100.0,100.0,4241.08447265625,1342.716064453125,23700.0,87000.0,12691.123046875,7.5800275802612305,257.0544128417969,267.328857421875,274.2847900390625,272.80352783203125,276.86041259765625,5677.45849609375,3071.779541015625,1524.7152099609375,209.14450073242188,270.25823974609375,70.0,233.66160583496094,859.2000122070312,24300.0,0.0,0.550000011920929,1970.4061279296875,100.0,0.0,0.0,0.0,24134.7109375,1.2000000424450263e-06,0.125,252.89244079589844,271.0586853027344,280.20867919921875,286.23004150390625,291.8091125488281,5619.470703125,3034.46875,1466.3812255859375,762.4844970703125,99.68827819824219,291.3775939941406,60.5,68.5999984741211,282.2950134277344,2539.679931640625,3243.848876953125,97.0,100.0,100.0,24100.0,258.5,266.8999938964844,274.79998779296875,271.79998779296875,275.8999938964844,5693.1240234375,3077.3818359375,1534.2945556640625,859.6929931640625,234.2155303955078,270.3299865722656,77.30000305175781,75.0,176.55999755859375,747.52001953125,0.0,0.0,1486.86279296875,77.0,100.0,100.0,13.0,600.0,259.34991455078125,270.6482849121094,271.31964111328125,270.63385009765625,274.8984680175781,5686.85791015625,3062.1630859375,1518.1190185546875,846.906982421875,211.63711547851562,272.208740234375,92.20478820800781,90.61851501464844,321.7174987792969,600.0,0.0007200000109151006,0.875,5703.3828125,3082.839599609375,1529.21044921875,851.7658081054688,228.35400390625,258.7493896484375,269.14276123046875,277.31982421875,270.76153564453125,275.1168518066406,83.82525634765625,12.966670036315918,70.93297576904297,61.47920608520508,0.07937431335449219,0.19652366638183594,0.052204132080078125,272.63079833984375,266.44329833984375,102887.5,92650.4453125,,12.425769805908203,91.0,,,1368.0,920.0,9472.0,31.0,35.0,,46.0,,46.0,,50.0,56.0,1.0,0.0,270.5999755859375,264.52996826171875,63.0,0.2540000081062317,17.200000762939453,17.399999618530273
2025-06-26T13:59,2025-06-26T14:00,1,train,0,2025,6,13,1,2025-06-26T13:00,2,2025-06-26T12:00,2,2025-06-26T12:00,1,2025-06-26T13:00,3,2025-06-26T12:00,1,2025-06-26T13:00,-999.0,0.0,1.0,0.0,0.0,nan,nan,nan,nan,nan,1.004657506942749,265.4369201660156,276.3409423828125,282.961181640625,287.37969970703125,292.019287109375,5811.7666015625,3141.650146484375,1551.1627197265625,176.36691284179688,285.9441833496094,75.0,537.7409057617188,4012.464599609375,21900.0,0.0,0.0,20000.0859375,0.0,0.0,0.30000001192092896,0.0,24135.27734375,0.0,0.0,262.1709899902344,279.0970764160156,284.50927734375,291.25030517578125,298.0988464355469,5859.97314453125,3186.01171875,1576.0040283203125,859.933837890625,184.117431640625,301.4442443847656,40.099998474121094,63.29999923706055,1759.5079345703125,4308.16015625,1466.131103515625,56.0,0.0,0.0,11300.0,264.70001220703125,277.29998779296875,282.6000061035156,287.70001220703125,292.0,5810.10888671875,3137.32470703125,1543.8095703125,834.2935791015625,171.94882202148438,286.53997802734375,87.5999984741211,93.0,350.8800048828125,4182.56005859375,0.00019999999494757503,0.0625,nan,0.0,12.0,0.0,0.0,31800.0,264.83447265625,277.2754821777344,282.7254943847656,287.0071716308594,292.0366516113281,5809.1435546875,3140.282958984375,1546.92919921875,841.0560913085938,174.74026489257812,289.27325439453125,60.13831329345703,59.78178405761719,641.9467163085938,3930.0,0.0,0.0,5814.16015625,3138.907958984375,1551.161865234375,844.4253540039062,183.55810546875,265.3104248046875,276.7938232421875,281.87603759765625,287.8017578125,292.4010009765625,18.098670959472656,66.22286987304688,51.95770263671875,47.22294998168945,0.2966032028198242,-0.4112110137939453,-0.1913166046142578,289.8389892578125,280.4952392578125,102193.6875,92540.4296875,,22.511259078979492,24.0,0.0,7620.0,88888.0,3424.0,16209.0,7.0,7.0,12.0,14.0,20.0,6.0,6.0,6.0,6.0,1.0,0.0,281.5299987792969,275.28997802734375,64.0,0.0,6.800000190734863,7.199999809265137
2025-06-03T01:48,2025-06-03T02:00,24,train,0,2025,6,1,26,2025-06-02T00:00,26,2025-06-02T00:00,26,2025-06-02T00:00,23,2025-06-02T03:00,21,2025-06-02T06:00,24,2025-06-02T02:00,-999.0,0.0,0.0,0.0,0.0,nan,nan,nan,nan,nan,4.479809284210205,251.04591369628906,268.31109619140625,278.2789001464844,283.66082763671875,287.8944396972656,5586.79736328125,3030.342041015625,1478.76025390625,128.27476501464844,277.47784423828125,78.69999694824219,460.0322265625,2157.1201171875,18800.0,0.0,1.690000057220459,8489.9375,3.299999952316284,73.80000305175781,100.0,2.799999952316284,24135.29296875,0.0,0.0,258.7821960449219,275.57305908203125,284.3501281738281,286.88494873046875,287.24371337890625,5735.32568359375,3100.35302734375,1502.5762939453125,791.035888671875,131.78546142578125,286.55059814453125,97.0999984741211,85.5,12.704593658447266,3524.800048828125,20000.064453125,10.0,0.0,0.0,24100.0,250.6999969482422,269.20001220703125,277.6000061035156,281.5,285.70001220703125,5595.72412109375,3036.80078125,1480.444091796875,787.153076171875,131.1606903076172,278.3499755859375,88.4000015258789,78.0,478.0799865722656,2514.080078125,0.0,0.75,nan,0.0,34.0,0.0,0.0,26100.0,250.93606567382812,267.9017028808594,278.1511535644531,284.13970947265625,288.31158447265625,5586.431640625,3031.351318359375,1482.8565673828125,784.8809204101562,131.42984008789062,281.3591003417969,68.0,59.99089431762695,1036.0362548828125,2040.0,0.0,2.625,5590.99609375,3035.404541015625,1482.380859375,785.46484375,132.83984375,251.43519592285156,268.37890625,277.8411560058594,283.4920654296875,287.95135498046875,21.157207489013672,64.30001831054688,62.186195373535156,77.46916198730469,0.28948211669921875,0.39084434509277344,0.3106546401977539,278.705810546875,275.830810546875,101608.1875,91902.53125,,8.514945030212402,17.0,0.0,7620.0,30.0,32.0,402.0,26.0,26.0,29.0,30.0,36.0,42.0,42.0,42.0,42.0,2.0,0.0,275.33001708984375,271.67999267578125,78.0,2.0,10.399999618530273,11.0
2025-06-03T01:48,2025-06-03T02:00,48,train,0,2025,6,1,44,2025-06-01T06:00,50,2025-06-01T00:00,50,2025-06-01T00:00,47,2025-06-01T03:00,45,2025-06-01T06:00,36,2025-06-01T14:00,-999.0,0.0,0.0,0.0,0.0,nan,nan,nan,nan,nan,5.5930986404418945,252.42483520507812,269.8044128417969,278.1177978515625,283.5133056640625,287.6709899902344,5615.6416015625,3042.396484375,1487.144287109375,134.8214111328125,277.4096984863281,81.80000305175781,350.6776123046875,2627.108642578125,17200.0,0.0,8.010000228881836,1425.1405029296875,100.0,100.0,100.0,17.5,24134.802734375,2.5600000299164094e-05,0.25,259.0331726074219,275.0635070800781,283.39410400390625,286.4378662109375,287.6343688964844,5737.51220703125,3101.633056640625,1503.72412109375,794.8895263671875,136.3947296142578,287.55633544921875,87.5,90.4000015258789,133.9888458251953,3456.320068359375,4406.02734375,17.0,59.0,0.0,24100.0,249.0,268.79998779296875,277.1000061035156,282.1000061035156,286.3999938964844,5584.6708984375,3034.80078125,1480.77734375,786.1728515625,128.72959899902344,279.1600036621094,84.80000305175781,79.0,528.5599975585938,2263.840087890625,0.0,0.125,nan,0.0,0.0,0.0,0.0,21900.0,252.87387084960938,269.9591369628906,277.6527099609375,283.7552185058594,287.9556579589844,5614.73486328125,3039.356201171875,1487.1168212890625,790.2037353515625,134.63229370117188,280.88494873046875,72.18101501464844,64.43953704833984,970.1356811523438,2060.0,0.0,4.125,5597.33984375,3039.05517578125,1488.2265625,791.064208984375,137.872802734375,251.53738403320312,268.56158447265625,277.79156494140625,283.83099365234375,288.17779541015625,16.96481704711914,68.65482330322266,58.076263427734375,75.03861999511719,0.10640621185302734,0.3373250961303711,0.2641029357910156,279.3273010253906,275.7648010253906,101668.0,91952.3828125,,9.043837547302246,30.0,0.0,7620.0,30.0,32.0,384.0,25.0,26.0,31.0,40.0,50.0,41.0,41.0,41.0,41.0,6.0,0.0,275.57000732421875,272.30999755859375,80.0,3.0,10.399999618530273,11.0
2025-06-26T13:59,2025-06-26T14:00,24,train,0,2025,6,13,26,2025-06-25T12:00,26,2025-06-25T12:00,26,2025-06-25T12:00,23,2025-06-25T15:00,21,2025-06-25T18:00,24,2025-06-25T14:00,-999.0,0.0,0.0,4.0,0.0,nan,nan,nan,nan,nan,1.5418709516525269,264.0502014160156,277.35174560546875,281.1005859375,285.42974853515625,290.11334228515625,5808.41357421875,3143.601318359375,1555.8525390625,186.1036834716797,285.082763671875,66.30000305175781,478.98773193359375,4000.62255859375,27000.0,0.0,0.0,20000.158203125,0.30000001192092896,0.0,0.0,0.0,24135.150390625,0.0,0.0,262.8110046386719,279.44183349609375,287.23797607421875,294.19415283203125,301.3426818847656,5864.23095703125,3188.555908203125,1580.8489990234375,858.0006103515625,175.50697326660156,303.76861572265625,31.700000762939453,48.900001525878906,2395.842041015625,4333.27978515625,19999.853515625,0.0,4.0,0.0,24100.0,265.0,278.0,281.8999938964844,287.70001220703125,292.0,5806.53955078125,3132.513427734375,1541.783447265625,833.7216796875,174.661865234375,287.3599853515625,59.70000076293945,64.0,596.8800048828125,4236.7998046875,0.0,0.0,nan,17.0,3.0,7.0,17.0,23200.0,264.256591796875,277.68743896484375,280.2257995605469,285.5390625,290.6242370605469,5806.6142578125,3139.49462890625,1552.159912109375,850.59375,186.62905883789062,288.09136962890625,72.34590148925781,73.20646667480469,861.0105590820312,4030.0,0.0,0.0,5810.95703125,3139.031494140625,1548.3408203125,842.217529296875,182.23828125,265.245849609375,276.4078369140625,281.6319885253906,287.2507019042969,291.7901916503906,17.233186721801758,72.30226135253906,59.138511657714844,53.79872131347656,0.312164306640625,-0.5273151397705078,-0.2635974884033203,289.30474853515625,281.21099853515625,102170.0625,92511.6796875,,21.177814483642578,50.0,0.0,7620.0,30.0,32.0,209.0,25.0,26.0,27.0,29.0,33.0,41.0,41.0,41.0,41.0,0.0,0.0,281.6400146484375,274.8999938964844,63.0,1.0,6.400000095367432,6.800000190734863
2025-06-26T13:59,2025-06-26T14:00,48,train,0,2025,6,13,44,2025-06-24T18:00,50,2025-06-24T12:00,50,2025-06-24T12:00,47,2025-06-24T15:00,45,2025-06-24T18:00,36,2025-06-25T02:00,-999.0,0.0,4.0,0.0,100.0,nan,1534.5848388671875,nan,29400.0,nan,1.3660132884979248,264.6314697265625,274.9584045410156,281.8812255859375,285.7379150390625,290.3486633300781,5798.1416015625,3139.54296875,1554.03515625,186.45260620117188,284.5392150878906,84.0999984741211,469.3825988769531,3694.07666015625,17500.0,0.0,8.630000114440918,19999.921875,16.600000381469727,0.0,5.0,0.0,24135.26953125,0.0,0.0,262.9107666015625,279.3487243652344,286.27783203125,292.9130554199219,299.9605407714844,5864.43603515625,3189.468017578125,1580.0484619140625,859.427490234375,179.6231231689453,302.029052734375,39.5,59.70000076293945,2007.18310546875,4307.2001953125,19999.88671875,0.0,7.0,0.0,24100.0,263.1000061035156,276.1000061035156,282.1000061035156,287.79998779296875,292.1000061035156,5798.0439453125,3135.55078125,1551.1658935546875,842.6351318359375,184.04144287109375,287.5400085449219,60.29999923706055,64.0,543.4400024414062,4011.52001953125,0.0,0.0,nan,5.0,66.0,3.0,5.0,24700.0,263.93426513671875,275.96343994140625,281.8210144042969,284.87164306640625,289.92669677734375,5798.2880859375,3136.44482421875,1549.0811767578125,847.0184936523438,185.787109375,287.3079833984375,69.92443084716797,73.70564270019531,546.064208984375,3800.0,0.0,7.5,5811.21875,3146.87646484375,1548.4873046875,840.6344604492188,180.743408203125,264.00775146484375,277.8519287109375,282.7931213378906,287.30841064453125,291.7420959472656,21.681785583496094,70.04834747314453,67.224853515625,61.630165100097656,0.579925537109375,-0.13750171661376953,-0.20863056182861328,288.7467041015625,282.8717041015625,102159.25,92499.515625,,20.06171989440918,45.0,55.0,8718.0,32.0,32.0,256.0,20.0,24.0,29.0,30.0,42.0,47.0,47.0,47.0,47.0,0.0,0.0,282.1499938964844,275.42999267578125,63.0,1.0,7.199999809265137,7.699999809265137
2025-07-16T06:55,2025-07-16T07:00,1,train,0,2025,7,6,1,2025-07-16T06:00,1,2025-07-16T06:00,1,2025-07-16T06:00,1,2025-07-16T06:00,0,2025-07-16T06:00,1,2025-07-16T06:00,-999.0,0.0,0.0,0.0,0.0,nan,nan,nan,nan,nan,5.226163864135742,264.5943298339844,281.8481750488281,290.17791748046875,294.19659423828125,298.2355651855469,5876.97607421875,3177.95947265625,1550.541748046875,141.47921752929688,288.2049865722656,57.099998474121094,170.15406799316406,4721.97509765625,32600.0,0.0,0.0,19999.8046875,0.0,0.0,0.0,0.0,24135.302734375,0.0,0.0,266.6542053222656,280.5792236328125,288.7899475097656,288.7492370605469,290.46539306640625,5892.837890625,3197.62353515625,1572.035400390625,855.2232055664062,192.86166381835938,292.0847473144531,70.19999694824219,42.79999923706055,301.59100341796875,4668.0,19999.810546875,0.0,0.0,0.0,24100.0,264.70001220703125,283.1000061035156,290.5,296.0,300.3999938964844,5881.49560546875,3181.071044921875,1552.600341796875,821.8875732421875,145.85140991210938,291.8399963378906,74.69999694824219,62.0,455.5199890136719,4698.8798828125,0.0,0.0,nan,0.0,0.0,0.0,0.0,28900.0,264.3502197265625,281.7221984863281,290.7225036621094,295.478515625,298.6678466796875,5880.712890625,3181.3896484375,1553.9798583984375,824.2132568359375,141.4775848388672,291.150146484375,60.529170989990234,56.63222885131836,109.15953063964844,4700.0,0.0,0.0,5882.1171875,3183.055908203125,1555.570556640625,826.9699096679688,155.506103515625,265.0450134277344,281.3297119140625,290.537353515625,295.1255187988281,299.54986572265625,48.89890670776367,57.005706787109375,53.946170806884766,70.28271484375,-0.05599021911621094,0.565281867980957,0.42557334899902344,290.51495361328125,285.10870361328125,101875.6875,92356.7890625,,22.735578536987305,19.0,0.0,7620.0,0.0,0.0,16209.0,31.0,31.0,32.0,32.0,33.0,10.0,10.0,11.0,14.0,54.0,0.0,286.2799987792969,282.7400207519531,79.0,0.0,6.400000095367432,6.800000190734863
2025-07-16T06:55,2025-07-16T07:00,24,train,0,2025,7,6,25,2025-07-15T06:00,25,2025-07-15T06:00,25,2025-07-15T06:00,22,2025-07-15T09:00,24,2025-07-15T06:00,24,2025-07-15T07:00,-999.0,0.0,0.0,0.0,0.0,nan,nan,nan,nan,nan,3.458007574081421,264.2987976074219,280.808837890625,290.4217224121094,296.01153564453125,300.298583984375,5874.7529296875,3183.17822265625,1558.5562744140625,146.197998046875,289.15704345703125,58.79999923706055,474.9477233886719,4547.29296875,31500.0,0.0,0.0,20000.083984375,0.0,0.0,0.0,0.0,24134.845703125,0.0,0.0,266.27197265625,280.73553466796875,288.5376892089844,288.5435791015625,289.79998779296875,5896.2451171875,3197.181640625,1571.5047607421875,855.5789794921875,194.59515380859375,291.2427978515625,63.79999923706055,38.5,301.329833984375,4757.919921875,19999.97265625,2.0,0.0,0.0,24100.0,265.5,282.29998779296875,290.3999938964844,292.79998779296875,297.1000061035156,5883.5107421875,3180.91552734375,1546.725830078125,821.322998046875,141.0469512939453,290.1400146484375,96.0999984741211,97.0,190.0,4722.39990234375,0.0,0.0,nan,0.0,0.0,0.0,0.0,27400.0,265.57513427734375,281.2845153808594,289.4953918457031,294.9631042480469,299.0307922363281,5881.439453125,3181.60009765625,1556.439697265625,828.6424560546875,145.72515869140625,291.61383056640625,64.0,60.917205810546875,401.2015075683594,4670.0,0.0,0.0,5886.73046875,3184.72802734375,1556.569580078125,826.138427734375,153.103759765625,265.25701904296875,281.9728698730469,290.69793701171875,296.3126525878906,300.6868896484375,38.600032806396484,56.063934326171875,50.97808837890625,64.91488647460938,0.06555366516113281,0.03369426727294922,0.12634849548339844,292.1272888183594,285.3772888183594,101845.6875,92355.9453125,,22.47647476196289,17.0,0.0,7620.0,30.0,32.0,209.0,34.0,34.0,34.0,34.0,35.0,71.0,76.0,76.0,76.0,11.0,0.0,286.34002685546875,283.3899841308594,82.0,1.0,6.0,6.400000095367432
2025-07-16T06:55,2025-07-16T07:00,48,train,0,2025,7,6,43,2025-07-14T12:00,49,2025-07-14T06:00,49,2025-07-14T06:00,46,2025-07-14T09:00,48,2025-07-14T06:00,36,2025-07-14T19:00,-999.0,0.0,0.0,0.0,0.0,nan,nan,nan,nan,nan,3.4552526473999023,264.9398193359375,279.9935302734375,290.95135498046875,296.2882995605469,300.46771240234375,5876.365234375,3186.71044921875,1562.35791015625,149.54408264160156,289.72442626953125,59.900001525878906,798.6834106445312,4523.27978515625,30600.0,0.0,1.4900000095367432,20000.140625,0.0,0.0,0.0,0.0,24134.904296875,0.0,0.0,265.7626953125,281.1935119628906,287.91888427734375,287.6292724609375,290.10772705078125,5890.8359375,3193.19189453125,1568.7454833984375,854.231201171875,193.2157745361328,291.65386962890625,69.30000305175781,63.20000076293945,343.5024108886719,4645.1201171875,19999.955078125,2.0,0.0,0.0,24100.0,264.70001220703125,283.29998779296875,290.3999938964844,294.29998779296875,298.70001220703125,5884.90673828125,3180.8837890625,1549.743896484375,822.8467407226562,144.912353515625,290.78997802734375,73.69999694824219,63.0,74.4000015258789,4769.27978515625,0.0,0.0,nan,0.0,0.0,0.0,0.0,28000.0,265.7239990234375,280.5885009765625,289.2459716796875,295.0896911621094,298.9703674316406,5877.82763671875,3184.304931640625,1562.6160888671875,835.0809936523438,153.03517150878906,291.3975830078125,63.594383239746094,57.18988800048828,375.31097412109375,4590.0,0.0,8.9375,5883.48046875,3179.96826171875,1553.231689453125,823.8488159179688,151.662109375,265.885986328125,281.36248779296875,290.3502197265625,295.67254638671875,299.9879150390625,48.63699722290039,62.8301887512207,57.282936096191406,73.27362823486328,0.016654014587402344,0.33963680267333984,0.19202232360839844,291.52923583984375,286.87298583984375,101830.3125,92324.2265625,,24.01862335205078,8.0,0.0,7620.0,32.0,32.0,256.0,32.0,32.0,32.0,32.0,35.0,67.0,70.0,70.0,70.0,5.0,0.0,286.6199645996094,282.7699890136719,78.0,1.0,6.400000095367432,6.800000190734863
2025-08-14T06:54,2025-08-14T07:00,1,train,0,2025,8,6,1,2025-08-14T06:00,1,2025-08-14T06:00,1,2025-08-14T06:00,1,2025-08-14T06:00,0,2025-08-14T06:00,1,2025-08-14T06:00,-999.0,0.0,0.0,0.0,0.0,nan,1345.1915283203125,nan,86400.0,nan,6.835534572601318,265.3265380859375,279.7014465332031,288.7375183105469,292.77496337890625,297.08575439453125,5796.9013671875,3104.086181640625,1481.67529296875,78.45899963378906,288.1727294921875,87.0999984741211,193.63829040527344,4525.9404296875,14800.0,0.0,0.0,20000.06640625,0.0,0.699999988079071,0.0,0.0,24135.029296875,0.0,0.0,262.52386474609375,280.5956115722656,293.302001953125,294.3238220214844,294.3189392089844,5864.705078125,3197.20849609375,1558.249755859375,826.0244140625,152.13925170898438,295.25750732421875,74.19999694824219,54.70000076293945,266.4676818847656,4106.39990234375,3611.551025390625,17.0,52.0,0.0,24100.0,266.1000061035156,280.0,289.79998779296875,294.79998779296875,299.20001220703125,5802.11572265625,3113.43310546875,1487.82958984375,758.8587646484375,84.88755798339844,291.260009765625,85.4000015258789,81.0,111.68000030517578,4335.18603515625,0.0,0.0,nan,2.0,2.0,59.0,0.0,15100.0,265.67694091796875,279.862060546875,289.1419372558594,293.0809020996094,296.8439025878906,5805.0673828125,3111.99609375,1487.1348876953125,761.3106689453125,82.61869049072266,290.79498291015625,86.58349609375,76.66462707519531,153.42852783203125,4410.0,0.0,0.0,5803.55078125,3112.285888671875,1486.72509765625,761.6002807617188,94.244384765625,266.401611328125,279.47540283203125,289.0546875,292.62298583984375,297.064208984375,93.05740356445312,85.00604248046875,92.59513854980469,95.87405395507812,0.26122093200683594,0.4744882583618164,0.3339529037475586,291.0049743652344,290.7237243652344,101153.625,91659.15625,,34.94173812866211,66.0,49.0,8704.0,0.0,0.0,16209.0,44.0,45.0,53.0,62.0,75.0,11.0,11.0,12.0,15.0,282.0,0.0,285.59002685546875,285.2699890136719,96.0,3.0,10.399999618530273,10.899999618530273
2025-09-18T15:47,2025-09-18T16:00,1,holdout_webcam,0,2025,9,15,1,2025-09-18T15:00,4,2025-09-18T12:00,4,2025-09-18T12:00,1,2025-09-18T15:00,3,2025-09-18T12:00,1,2025-09-18T15:00,-999.0,0.0,6.0,0.0,14.0,nan,nan,nan,nan,nan,1.7869853973388672,260.3053894042969,278.2817077636719,285.6042785644531,290.99749755859375,295.6643371582031,5751.095703125,3096.2568359375,1487.511474609375,98.62789154052734,288.77716064453125,68.5,578.2716064453125,3885.494140625,25000.0,0.0,0.0,20000.220703125,0.0,0.0,0.0,0.0,24135.00390625,0.0,0.0,263.2099914550781,283.20086669921875,294.7108459472656,297.3808288574219,303.45379638671875,5928.5703125,3238.621826171875,1596.3839111328125,860.6618041992188,173.55027770996094,304.0773010253906,21.0,24.600000381469727,715.9957885742188,4548.0,20000.09375,3.0,0.0,0.0,24100.0,260.29998779296875,278.79998779296875,286.5,292.1000061035156,296.5,5756.36083984375,3099.66064453125,1492.511474609375,772.33642578125,103.23985290527344,291.17999267578125,58.5,61.0,989.2000122070312,3957.10693359375,0.0,0.0,nan,0.0,66.0,89.0,0.0,30000.0,260.1114196777344,278.1430358886719,285.8167724609375,290.07659912109375,294.9532165527344,5754.03955078125,3100.159912109375,1492.351806640625,777.9332275390625,105.70010375976562,291.7046203613281,61.464202880859375,60.17020034790039,620.1683349609375,3846.366943359375,0.0,0.0,5762.125,3111.458984375,1498.935791015625,784.5369873046875,119.72265625,260.3022766113281,278.2135009765625,285.90142822265625,290.48248291015625,295.09820556640625,73.24848175048828,42.098297119140625,50.75690460205078,46.325748443603516,0.060996055603027344,-0.03919219970703125,-0.1569204330444336,292.308349609375,280.089599609375,101425.25,91883.28125,,20.54786491394043,39.0,0.0,7620.0,88886.0,3704.0,16274.0,1.0,3.0,14.0,14.0,21.0,11.0,11.0,11.0,11.0,0.0,0.0,284.8199768066406,277.3599853515625,59.0,0.0,4.400000095367432,5.400000095367432
2025-08-14T06:54,2025-08-14T07:00,24,train,0,2025,8,6,25,2025-08-13T06:00,25,2025-08-13T06:00,25,2025-08-13T06:00,22,2025-08-13T09:00,24,2025-08-13T06:00,24,2025-08-13T07:00,-999.0,0.0,0.0,0.0,100.0,9974.2734375,1345.249755859375,26800.0,86500.0,11070.8623046875,5.8074846267700195,264.899169921875,279.48211669921875,288.3961486816406,292.6448059082031,296.92730712890625,5795.72216796875,3111.48193359375,1490.3984375,88.0901870727539,287.8821105957031,85.80000305175781,225.1997833251953,4232.57275390625,15400.0,0.0,14.029999732971191,20000.029296875,0.0,4.5,0.0,0.0,24134.9921875,0.0,0.0,262.6351318359375,280.87530517578125,293.24530029296875,293.058837890625,293.6224670410156,5872.06298828125,3198.884033203125,1556.3204345703125,825.8538208007812,154.00315856933594,294.5509948730469,77.30000305175781,64.5,249.5189666748047,4108.7998046875,19999.84375,38.0,7.0,0.0,0.0,266.1000061035156,280.5,289.0,292.1000061035156,296.5,5792.4375,3094.799072265625,1465.55322265625,741.6392822265625,69.1441879272461,289.20001220703125,100.0,100.0,448.3999938964844,4418.8798828125,0.00019999999494757503,1.4375,830.7573852539062,85.0,11.0,87.0,85.0,3400.0,264.4468994140625,280.4551696777344,288.53375244140625,292.1193542480469,296.4111022949219,5797.4326171875,3108.279052734375,1481.8702392578125,757.9346923828125,78.98020935058594,291.6010437011719,98.0,95.36956787109375,451.43719482421875,4311.92578125,2.9999999242136255e-05,4.0,5811.0234375,3120.44482421875,1489.550048828125,762.1602783203125,92.947021484375,265.77099609375,280.435546875,289.97454833984375,293.87530517578125,298.36053466796875,74.80899047851562,84.58644104003906,83.73867797851562,89.36483764648438,0.7534675598144531,0.22106361389160156,0.1550741195678711,291.1722412109375,290.1097412109375,101147.625,91675.734375,,32.95856857299805,83.0,65.0,9592.0,32.0,32.0,209.0,54.0,54.0,58.0,71.0,89.0,61.0,67.0,69.0,74.0,258.0,0.0,285.94000244140625,285.3999938964844,97.0,8.0,9.199999809265137,9.800000190734863
2025-08-14T06:54,2025-08-14T07:00,48,train,0,2025,8,6,43,2025-08-12T12:00,49,2025-08-12T06:00,49,2025-08-12T06:00,46,2025-08-12T09:00,48,2025-08-12T06:00,36,2025-08-12T19:00,-999.0,0.0,19.0,56.0,100.0,9930.6884765625,1345.2818603515625,26800.0,86500.0,10689.89453125,4.320892810821533,264.17559814453125,278.9138488769531,288.5988464355469,293.0689392089844,297.37664794921875,5792.44140625,3111.75732421875,1491.517578125,89.57096099853516,288.70013427734375,83.69999694824219,259.4764709472656,4169.20458984375,16400.0,0.0,5.039999961853027,20000.09375,0.0,0.0,0.0,0.0,24134.96875,0.0,0.0,262.57879638671875,281.208740234375,292.4459228515625,294.2336730957031,294.7159118652344,5870.9169921875,3195.95458984375,1557.429931640625,826.1961059570312,151.7742462158203,295.67449951171875,73.4000015258789,56.099998474121094,245.625244140625,4231.2001953125,1197.3203125,23.0,4.0,100.0,0.0,264.8999938964844,281.0,290.29998779296875,293.3999938964844,297.79998779296875,5794.78076171875,3103.18359375,1471.1966552734375,744.1976318359375,67.72661590576172,290.5299987792969,100.0,100.0,229.1199951171875,4324.9599609375,0.00019999999494757503,0.6875,1490.6783447265625,69.0,100.0,100.0,35.0,12300.0,265.0205078125,279.1136779785156,287.83245849609375,291.633056640625,295.95684814453125,5791.01220703125,3102.704345703125,1482.82421875,761.2013549804688,83.95440673828125,291.3296813964844,96.45932006835938,93.6123275756836,274.8887939453125,4260.0,5.999999848427251e-05,9.5625,5813.21875,3120.599853515625,1487.36328125,758.245849609375,88.279052734375,265.19659423828125,280.73150634765625,290.7520751953125,294.546875,299.1562805175781,77.21035766601562,74.60091400146484,77.05089569091797,92.93449401855469,-0.0457916259765625,0.461273193359375,0.35703086853027344,290.53857421875,289.44482421875,101082.0625,91622.2734375,,34.27571487426758,66.0,0.0,7620.0,30.0,32.0,256.0,38.0,38.0,42.0,57.0,71.0,66.0,74.0,76.0,82.0,179.0,0.0,285.9599914550781,285.4100036621094,96.0,12.0,8.800000190734863,9.399999618530273
2025-09-18T15:47,2025-09-18T16:00,24,holdout_webcam,0,2025,9,15,22,2025-09-17T18:00,22,2025-09-17T18:00,22,2025-09-17T18:00,25,2025-09-17T15:00,21,2025-09-17T18:00,24,2025-09-17T16:00,-999.0,0.0,0.0,13.0,100.0,nan,467.6944885253906,nan,33600.0,nan,1.3933016061782837,260.082763671875,276.90618896484375,285.65380859375,291.252197265625,295.85211181640625,5751.58251953125,3102.4326171875,1496.4525146484375,109.06221771240234,289.0631408691406,56.5,541.533447265625,3690.857177734375,33400.0,0.0,0.019999999552965164,19999.83984375,0.0,0.0,0.0,0.0,24134.900390625,0.0,0.0,263.26849365234375,282.70184326171875,294.7831115722656,296.88311767578125,303.37567138671875,5924.845703125,3235.4072265625,1593.9761962890625,858.7437744140625,172.03831481933594,303.8428039550781,19.799999237060547,24.0,768.3145751953125,4550.39990234375,20000.171875,4.0,8.0,1.0,24100.0,259.8999938964844,277.20001220703125,285.3999938964844,291.0,295.3999938964844,5752.9716796875,3099.349609375,1492.6339111328125,775.423828125,105.94734954833984,289.95001220703125,60.70000076293945,62.0,723.9199829101562,3781.98095703125,0.0,0.0,nan,0.0,24.0,87.0,0.0,36900.0,260.267578125,278.08001708984375,285.2414855957031,290.56072998046875,295.5525207519531,5756.55078125,3101.875,1496.3941650390625,782.1845703125,109.6756591796875,292.0693664550781,52.2984619140625,50.689903259277344,737.8976440429688,3928.507568359375,0.0,0.0,5759.3359375,3108.348876953125,1498.62939453125,783.982177734375,118.92041015625,260.0760498046875,277.73638916015625,285.792236328125,290.7869567871094,295.3624267578125,64.73696899414062,39.20167922973633,48.921119689941406,43.9468994140625,-0.1659393310546875,-0.30596923828125,-0.29684925079345703,292.5546569824219,279.9609069824219,101412.625,91875.6484375,,19.487672805786133,36.0,0.0,7620.0,88886.0,3160.0,402.0,2.0,6.0,7.0,7.0,12.0,34.0,35.0,35.0,35.0,0.0,0.0,284.6000061035156,278.1600036621094,65.0,1.0,4.0,5.300000190734863
2025-09-18T15:47,2025-09-18T16:00,48,holdout_webcam,0,2025,9,15,46,2025-09-16T18:00,46,2025-09-16T18:00,46,2025-09-16T18:00,49,2025-09-16T15:00,45,2025-09-16T18:00,36,2025-09-17T04:00,-999.0,0.0,0.0,8.0,100.0,nan,398.1922607421875,nan,33900.0,nan,1.0909137725830078,260.06683349609375,277.87939453125,285.26153564453125,291.5724182128906,296.251953125,5759.39208984375,3108.12744140625,1507.907470703125,118.05377197265625,289.412353515625,49.900001525878906,841.0352172851562,3916.755859375,38900.0,0.0,0.0,19999.86328125,0.0,0.0,0.0,0.0,24135.138671875,0.0,0.0,263.5042724609375,282.3218078613281,295.1927795410156,297.4727783203125,304.102783203125,5923.73486328125,3234.547119140625,1592.317138671875,856.6978759765625,168.72634887695312,304.6000061035156,16.5,20.100000381469727,822.2426147460938,4562.240234375,9072.34375,4.0,28.0,51.0,24100.0,259.70001220703125,279.3999938964844,284.3999938964844,290.0,294.3999938964844,5755.46630859375,3096.43310546875,1489.6473388671875,776.0324096679688,107.54811096191406,289.07000732421875,44.099998474121094,44.0,655.4400024414062,3990.579345703125,0.0,0.0,nan,1.0,77.0,100.0,0.0,30300.0,259.73248291015625,277.23406982421875,285.13079833984375,290.65374755859375,295.6862487792969,5754.734375,3108.781494140625,1505.298095703125,790.6492309570312,118.51673126220703,292.3372802734375,60.64461898803711,59.998477935791016,817.4593505859375,3677.069091796875,0.0,0.0,5763.1875,3104.645263671875,1501.206787109375,786.534423828125,121.249755859375,260.69012451171875,278.3466796875,284.72802734375,290.98663330078125,295.5419921875,29.29855728149414,52.280067443847656,44.757049560546875,41.07765579223633,0.049567222595214844,-0.16792011260986328,-0.22320556640625,292.75946044921875,278.66571044921875,101443.5625,91915.546875,,15.36980152130127,53.0,0.0,7620.0,88886.0,2296.0,384.0,11.0,16.0,21.0,24.0,30.0,34.0,34.0,34.0,36.0,0.0,0.0,284.04998779296875,278.5999755859375,69.0,1.0,3.200000047683716,4.599999904632568
2025-10-15T16:59,2025-10-15T17:00,1,train,0,2025,10,16,1,2025-10-15T16:00,5,2025-10-15T12:00,5,2025-10-15T12:00,1,2025-10-15T16:00,0,2025-10-15T18:00,1,2025-10-15T16:00,-999.0,0.0,2.0,100.0,100.0,6224.23876953125,1342.55126953125,37000.0,86000.0,8247.6552734375,12.857463836669922,255.13949584960938,272.4936828613281,274.866455078125,276.66632080078125,281.06005859375,5602.57275390625,3001.2041015625,1439.23876953125,103.21635437011719,273.2809143066406,80.5999984741211,300.5499267578125,1318.3472900390625,17900.0,0.0,0.0,20000.150390625,0.0,0.0,0.0,0.0,24134.787109375,0.0,0.0,257.15655517578125,273.9015808105469,283.5698547363281,287.34271240234375,291.52301025390625,5733.0107421875,3109.82373046875,1523.659912109375,816.3516845703125,151.97650146484375,290.25921630859375,49.0,51.20000076293945,23.591045379638672,3242.080078125,5506.322265625,7.0,100.0,88.0,24100.0,254.60000610351562,274.0,272.6000061035156,274.6000061035156,278.70001220703125,5598.21826171875,2995.3359375,1426.8763427734375,750.8589477539062,108.36907196044922,272.3800048828125,91.19999694824219,94.0,331.5199890136719,1062.624267578125,0.0,0.1875,4330.13330078125,38.0,100.0,62.0,38.0,17427.404296875,255.47360229492188,272.18389892578125,274.47039794921875,276.5482177734375,281.331787109375,5603.27099609375,3001.06103515625,1440.131103515625,759.262451171875,110.05699157714844,277.1149597167969,81.79145050048828,79.07197570800781,465.5868835449219,1105.8486328125,0.0,0.0,5589.72265625,2985.015869140625,1429.3017578125,748.139404296875,109.131591796875,255.22869873046875,272.6856384277344,272.04229736328125,277.82806396484375,281.99224853515625,11.901982307434082,81.35723114013672,59.46780014038086,55.2951774597168,-0.08275985717773438,1.2385082244873047,0.5108909606933594,278.32366943359375,271.03472900390625,101320.8125,91441.46875,,8.367622375488281,88.0,0.0,7620.0,0.0,0.0,209.0,54.0,58.0,63.0,65.0,66.0,68.0,68.0,69.0,69.0,1.0,0.0,269.45001220703125,268.08001708984375,89.0,0.0,22.799999237060547,25.899999618530273
2025-10-15T16:59,2025-10-15T17:00,24,train,0,2025,10,16,23,2025-10-14T18:00,23,2025-10-14T18:00,23,2025-10-14T18:00,26,2025-10-14T15:00,24,2025-10-14T18:00,24,2025-10-14T17:00,-999.0,0.0,15.0,100.0,100.0,9166.7978515625,1342.560546875,nan,86000.0,10172.2353515625,10.584367752075195,254.1958465576172,272.42437744140625,272.5096130371094,276.0198974609375,280.4516296386719,5588.8681640625,2993.70166015625,1440.3067626953125,109.433349609375,272.86871337890625,90.0,346.4090576171875,1268.0634765625,13800.0,0.0,0.0,20000.095703125,0.0,0.0,0.0,0.0,24134.982421875,0.0,0.0,257.09625244140625,274.2777404785156,283.9277648925781,287.6783447265625,291.84832763671875,5733.74951171875,3107.99755859375,1520.18994140625,812.5613403320312,147.36203002929688,290.31182861328125,44.400001525878906,43.70000076293945,10.573448181152344,3306.719970703125,19999.875,34.0,27.0,41.0,24100.0,254.8000030517578,272.8999938964844,270.3999938964844,273.1000061035156,277.20001220703125,5583.3583984375,2977.038818359375,1418.338134765625,746.2416381835938,108.66893768310547,271.84002685546875,86.0,91.0,287.8399963378906,979.52001953125,0.0,0.4375,1188.144775390625,100.0,90.0,100.0,100.0,19300.0,254.4494171142578,272.69390869140625,270.1470947265625,275.65313720703125,280.42864990234375,5584.0634765625,2987.085205078125,1439.77734375,763.76806640625,115.75637817382812,276.3926696777344,78.56946563720703,76.29390716552734,689.2289428710938,1020.0,0.0,0.0625,5582.80078125,2979.687255859375,1427.858154296875,745.4596557617188,105.089111328125,254.99166870117188,272.5830078125,271.8236083984375,278.4201354980469,282.6024169921875,10.284423828125,86.31973266601562,59.28529739379883,55.992897033691406,0.22691631317138672,0.5796241760253906,0.3613147735595703,278.6815185546875,271.65582275390625,101272.5,91404.1328125,,8.058694839477539,71.0,0.0,7620.0,30.0,32.0,209.0,62.0,62.0,62.0,63.0,66.0,44.0,44.0,44.0,44.0,2.0,0.0,269.25,268.1000061035156,91.0,2.0,22.799999237060547,25.899999618530273
2025-10-15T16:59,2025-10-15T17:00,48,train,0,2025,10,16,47,2025-10-13T18:00,47,2025-10-13T18:00,47,2025-10-13T18:00,50,2025-10-13T15:00,48,2025-10-13T18:00,36,2025-10-14T05:00,-999.0,0.0,13.0,100.0,100.0,6915.69580078125,1342.37841796875,34600.0,85900.0,9049.3896484375,11.867612838745117,252.56655883789062,269.8223571777344,271.5289306640625,275.65423583984375,280.04864501953125,5547.482421875,2975.471923828125,1432.3839111328125,108.60539245605469,271.5810546875,89.19999694824219,338.9186706542969,1071.36669921875,14100.0,0.0,3.2899999618530273,20000.1796875,0.0,0.0,0.0,0.0,24134.66015625,0.0,0.0,256.5800476074219,274.8109130859375,283.8309631347656,288.55096435546875,292.6509704589844,5733.2099609375,3111.03515625,1520.2259521484375,811.125244140625,143.48875427246094,291.2654724121094,47.0,47.20000076293945,10.644834518432617,3379.679931640625,19999.865234375,32.0,3.0,1.0,19100.0,256.29998779296875,271.5,269.20001220703125,272.0,276.1000061035156,5551.2119140625,2956.80322265625,1406.0311279296875,736.5047607421875,100.76631927490234,271.05999755859375,79.5,91.0,247.60000610351562,860.1599731445312,0.0,1.0,6752.48779296875,38.0,81.0,100.0,38.0,20500.0,252.74676513671875,269.8481140136719,270.7185974121094,275.7919921875,280.615966796875,5549.6591796875,2976.353271484375,1438.1129150390625,761.4391479492188,116.94087219238281,276.8617248535156,76.21820831298828,73.50748443603516,647.4347534179688,1042.6072998046875,0.0,0.875,5582.07421875,2976.617431640625,1428.736083984375,747.4201049804688,107.777099609375,256.5218811035156,270.8524169921875,271.7301025390625,278.00250244140625,282.16949462890625,34.127471923828125,83.07123565673828,60.21449279785156,57.01065444946289,-0.19270801544189453,0.6998662948608398,0.3746166229248047,278.4326171875,271.4981384277344,101311.75,91430.46875,,8.872748374938965,72.0,0.0,7620.0,30.0,32.0,201.0,79.0,79.0,80.0,80.0,81.0,43.0,43.0,45.0,46.0,2.0,0.0,269.45001220703125,267.8699951171875,91.0,3.0,22.399999618530273,25.5
2025-11-05T16:52,2025-11-05T17:00,1,holdout_webcam,0,2025,11,16,1,2025-11-05T16:00,5,2025-11-05T12:00,5,2025-11-05T12:00,1,2025-11-05T16:00,0,2025-11-05T18:00,1,2025-11-05T16:00,-999.0,31.0,31.0,57.0,0.0,nan,1342.5,48800.0,85800.0,nan,6.3119988441467285,253.0255126953125,265.192626953125,271.47607421875,275.13568115234375,279.4041748046875,5499.798828125,2940.396484375,1413.054931640625,95.35076904296875,272.9212341308594,92.5,407.0492248535156,1278.0,13700.0,0.0,0.6269999742507935,3489.244384765625,88.30000305175781,100.0,100.0,0.0,24135.185546875,0.0,0.0,257.79010009765625,275.5202941894531,291.78509521484375,289.95037841796875,292.23358154296875,5694.46728515625,3070.177734375,1453.1192626953125,726.6071166992188,61.88106155395508,291.5904235839844,62.400001525878906,52.099998474121094,634.4449462890625,3297.43994140625,3439.01318359375,100.0,100.0,99.0,600.0,254.10000610351562,264.79998779296875,268.8999938964844,273.70001220703125,277.79998779296875,5498.47998046875,2927.462158203125,1407.43505859375,734.4636840820312,97.8368148803711,271.3399658203125,92.30000305175781,95.0,369.760009765625,902.0800170898438,0.0010000000474974513,0.375,1053.4652099609375,60.0,100.0,9.0,60.0,12800.0,252.91087341308594,264.21539306640625,271.5279541015625,274.31182861328125,278.6329345703125,5495.1220703125,2929.78857421875,1407.5418701171875,731.3031005859375,93.52725219726562,274.7275085449219,93.98483276367188,91.33309173583984,413.27685546875,910.0,2.9999999242136255e-05,0.4375,5486.64453125,2921.442138671875,1396.951904296875,720.2694702148438,88.984375,254.03175354003906,264.14141845703125,271.8202209472656,274.5309753417969,278.64898681640625,62.55331039428711,74.18222045898438,84.4207763671875,88.24913787841797,0.5545196533203125,-0.13541793823242188,-0.1607980728149414,274.4568786621094,271.879638671875,101098.25,91139.7265625,,10.271380424499512,93.0,0.0,7620.0,0.0,0.0,209.0,68.0,76.0,84.0,87.0,91.0,63.0,63.0,68.0,73.0,1.0,0.0,267.8199768066406,266.2699890136719,90.0,33.0,6.800000190734863,8.800000190734863
2025-11-05T16:52,2025-11-05T17:00,24,holdout_webcam,0,2025,11,16,23,2025-11-04T18:00,23,2025-11-04T18:00,23,2025-11-04T18:00,26,2025-11-04T15:00,24,2025-11-04T18:00,24,2025-11-04T17:00,4655.0,0.0,10.0,88.0,90.0,4387.74365234375,2472.618896484375,32400.0,74300.0,9367.8408203125,7.02901554107666,253.441162109375,264.2978515625,270.7534484863281,276.7275085449219,281.0904541015625,5493.2646484375,2936.19921875,1418.0819091796875,100.02633666992188,272.6944274902344,72.69999694824219,603.0079956054688,1234.9599609375,3400.0,9.999999747378752e-05,0.10999999940395355,3978.4775390625,6.900000095367432,100.0,100.0,0.0,24135.240234375,0.0,0.0,257.59332275390625,276.5509338378906,290.771240234375,289.3107604980469,291.943115234375,5692.34423828125,3067.500732421875,1448.9967041015625,725.3665771484375,61.181373596191406,291.2789306640625,64.19999694824219,56.599998474121094,630.4500122070312,3408.639892578125,6665.80517578125,100.0,100.0,84.0,600.0,254.10000610351562,265.3999938964844,269.29998779296875,273.20001220703125,277.29998779296875,5495.00390625,2920.29248046875,1395.76318359375,723.5912475585938,90.9996566772461,270.7300109863281,92.69999694824219,93.0,830.4000244140625,808.1599731445312,0.000699999975040555,2.0625,2919.601806640625,29.0,83.0,64.0,29.0,4200.0,252.52630615234375,263.3132019042969,271.1389465332031,274.96441650390625,279.50347900390625,5481.89453125,2930.0556640625,1413.0787353515625,736.5371704101562,100.27154541015625,275.10003662109375,95.159423828125,90.35502624511719,471.9732360839844,950.0,0.0001900000061141327,1.375,5486.88671875,2919.09716796875,1393.251953125,716.0176391601562,83.649658203125,253.88677978515625,264.6268310546875,271.9693603515625,274.9287109375,279.19635009765625,84.76054382324219,71.52188110351562,78.3321533203125,75.83329010009766,0.355255126953125,0.186614990234375,-0.17646026611328125,274.5818786621094,271.0418701171875,101031.0,91075.8125,,10.847711563110352,95.0,0.0,7620.0,30.0,32.0,209.0,33.0,34.0,34.0,42.0,57.0,57.0,57.0,57.0,57.0,1.0,0.0,268.2599792480469,266.2200012207031,86.0,18.0,6.800000190734863,8.899999618530273
2025-11-05T16:52,2025-11-05T17:00,48,holdout_webcam,0,2025,11,16,47,2025-11-03T18:00,47,2025-11-03T18:00,47,2025-11-03T18:00,50,2025-11-03T15:00,48,2025-11-03T18:00,36,2025-11-04T05:00,-999.0,0.0,11.0,100.0,0.0,nan,1417.8631591796875,42400.0,84900.0,nan,7.022669792175293,251.74685668945312,263.97637939453125,270.0086364746094,275.54559326171875,279.8084716796875,5480.720703125,2932.1337890625,1415.2236328125,100.16351318359375,271.36358642578125,88.30000305175781,422.1361389160156,1035.8399658203125,2400.0,9.999999747378752e-05,18.93000030517578,3297.27099609375,93.30000305175781,100.0,100.0,0.0,24134.984375,0.0,0.0,257.18701171875,274.1719665527344,290.0119934082031,287.94415283203125,291.9696044921875,5685.76220703125,3065.342041015625,1454.685791015625,735.1751098632812,71.27359008789062,291.37957763671875,65.69999694824219,66.5999984741211,687.8956909179688,3163.199951171875,1888.651123046875,100.0,100.0,10.0,24100.0,253.6999969482422,265.79998779296875,270.29998779296875,274.6000061035156,278.70001220703125,5500.451171875,2929.8447265625,1404.995361328125,729.9353637695312,91.12109375,271.8999938964844,74.80000305175781,66.0,614.8800048828125,988.6400146484375,0.0,0.0,4529.77001953125,43.0,100.0,100.0,25.0,8900.0,252.4507293701172,263.53363037109375,270.388916015625,275.52801513671875,280.1357116699219,5480.322265625,2930.70556640625,1412.56591796875,736.3591918945312,98.94091796875,275.7972106933594,83.98088073730469,79.93472290039062,783.7683715820312,1010.0,7.000000186963007e-05,13.4375,5486.2421875,2920.089599609375,1396.384765625,720.5009765625,88.36474609375,253.70777893066406,263.05914306640625,271.6939697265625,274.72344970703125,278.96612548828125,63.465370178222656,77.14769744873047,76.34915924072266,75.06865692138672,0.2964630126953125,0.04179573059082031,-0.13646888732910156,274.37103271484375,270.5306091308594,101096.8125,91130.90625,,10.818400382995605,94.0,0.0,7620.0,30.0,32.0,201.0,54.0,63.0,67.0,73.0,83.0,57.0,57.0,59.0,61.0,1.0,0.0,267.8999938964844,266.70001220703125,90.0,25.0,8.399999618530273,10.5
2025-11-24T05:50,2025-11-24T06:00,1,train,0,2025,11,5,1,2025-11-24T05:00,6,2025-11-24T00:00,6,2025-11-24T00:00,1,2025-11-24T05:00,0,2025-11-24T06:00,1,2025-11-24T05:00,-999.0,0.0,33.0,0.0,0.0,nan,1341.809814453125,nan,85600.0,nan,5.065824031829834,242.95114135742188,258.26019287109375,267.25872802734375,271.2227478027344,275.13397216796875,5359.91455078125,2890.469482421875,1395.9752197265625,102.67047882080078,266.80987548828125,85.5999984741211,188.97076416015625,332.7200012207031,14500.0,0.0,0.0,439.1045227050781,100.0,7.599999904632568,100.0,79.5999984741211,10804.611328125,0.00030720001086592674,7.5625,253.80532836914062,268.589111328125,277.3868103027344,280.61077880859375,285.1925964355469,5519.1494140625,2937.55322265625,1380.1561279296875,686.7991333007812,38.4782829284668,284.4665222167969,90.80000305175781,100.0,1099.3970947265625,2153.1201171875,20000.033203125,42.0,3.0,0.0,24100.0,242.8000030517578,258.8999938964844,268.29998779296875,272.0,276.1000061035156,5366.7666015625,2890.607177734375,1391.6322021484375,722.5446166992188,101.9112319946289,268.6700134277344,89.80000305175781,86.0,67.36000061035156,491.67999267578125,0.0,0.125,838.407958984375,89.0,0.0,0.0,68.0,13400.0,242.74905395507812,259.46038818359375,267.5237121582031,270.8909912109375,274.5836181640625,5365.56298828125,2892.857421875,1396.292236328125,728.8328247070312,102.07772064208984,269.429443359375,88.63502502441406,92.8093032836914,105.73137664794922,190.0,0.0,0.0,5366.46484375,2890.3427734375,1393.35009765625,726.4356079101562,104.658935546875,241.81101989746094,259.1533203125,267.54278564453125,270.40045166015625,274.502685546875,95.18031311035156,98.64875030517578,91.63164520263672,90.46382141113281,0.16945648193359375,0.4113492965698242,0.20325469970703125,269.0533447265625,268.335205078125,101305.5625,91189.640625,,7.239229202270508,83.0,0.0,7620.0,0.0,0.0,209.0,80.0,91.0,95.0,95.0,95.0,79.0,79.0,79.0,79.0,0.0,0.0,264.69000244140625,263.7200012207031,94.0,2.0,7.199999809265137,7.599999904632568
2025-11-24T05:50,2025-11-24T06:00,24,train,0,2025,11,5,24,2025-11-23T06:00,24,2025-11-23T06:00,24,2025-11-23T06:00,21,2025-11-23T09:00,24,2025-11-23T06:00,24,2025-11-23T06:00,-999.0,0.0,95.0,100.0,0.0,nan,1341.9227294921875,nan,85500.0,nan,4.711981296539307,242.38983154296875,259.05267333984375,268.037353515625,271.4919738769531,275.458740234375,5353.240234375,2883.240478515625,1383.1015625,87.74110412597656,267.921875,86.69999694824219,162.59251403808594,506.1600036621094,15100.0,0.0,0.6399999856948853,556.1063842773438,100.0,5.0,29.200000762939453,71.5,21815.42578125,8.320000051753595e-05,6.3125,253.85716247558594,269.076416015625,277.2172546386719,280.4931640625,285.2740783691406,5521.541015625,2939.322509765625,1383.1639404296875,690.7267456054688,42.3493766784668,284.457275390625,87.9000015258789,99.4000015258789,1474.0975341796875,2160.47998046875,19999.826171875,43.0,6.0,0.0,24100.0,242.5,259.6000061035156,266.70001220703125,270.79998779296875,274.79998779296875,5365.7734375,2885.4677734375,1385.6573486328125,719.903076171875,96.38995361328125,267.760009765625,90.5999984741211,92.0,245.44000244140625,351.8399963378906,0.0,0.5625,804.6657104492188,100.0,100.0,0.0,100.0,1400.0,242.4348602294922,258.56927490234375,267.3479919433594,270.483154296875,274.2161560058594,5344.283203125,2880.2890625,1382.89794921875,716.32763671875,91.29701232910156,269.0196533203125,89.7666015625,96.07182312011719,156.9690704345703,130.0,1.9999999494757503e-05,2.625,5367.91015625,2891.798828125,1393.286865234375,725.3326416015625,102.0966796875,242.5981903076172,258.9681396484375,267.8963928222656,271.0094909667969,275.1363525390625,92.78953552246094,99.13038635253906,89.66553497314453,90.26164245605469,0.008378982543945312,0.3753833770751953,0.23044967651367188,268.80072021484375,268.1534423828125,101275.125,91171.078125,,7.39787483215332,82.0,0.0,7620.0,0.0,0.0,209.0,80.0,82.0,87.0,91.0,93.0,63.0,64.0,64.0,65.0,0.0,0.0,264.8799743652344,263.989990234375,93.0,3.0,8.0,8.399999618530273
2025-11-24T05:50,2025-11-24T06:00,48,train,0,2025,11,5,48,2025-11-22T06:00,48,2025-11-22T06:00,48,2025-11-22T06:00,45,2025-11-22T09:00,48,2025-11-22T06:00,48,2025-11-22T06:00,-999.0,0.0,36.0,100.0,0.0,nan,1341.8743896484375,nan,85500.0,nan,4.804231643676758,242.1022491455078,259.5726623535156,266.8790283203125,270.33746337890625,274.30010986328125,5357.72509765625,2880.778564453125,1382.1895751953125,88.89812469482422,265.85614013671875,81.5,140.09335327148438,185.0399932861328,14900.0,0.0,1.2200000286102295,769.2432861328125,100.0,5.0,33.099998474121094,92.9000015258789,24134.974609375,9.60000033956021e-06,2.4375,253.5713653564453,268.0736083984375,277.27471923828125,280.4449157714844,285.2065734863281,5516.572265625,2940.988525390625,1386.579345703125,693.7734375,45.41190719604492,284.3919982910156,86.5,98.30000305175781,1373.7772216796875,2065.1201171875,1815.818603515625,57.0,26.0,0.0,24100.0,242.5,258.6000061035156,267.29998779296875,270.29998779296875,274.29998779296875,5355.85400390625,2876.39013671875,1382.8165283203125,717.8856811523438,97.2466812133789,266.20001220703125,89.0999984741211,86.0,135.60000610351562,112.31999969482422,0.0,0.125,941.609130859375,99.0,100.0,0.0,51.0,2900.0,241.8388671875,259.20330810546875,266.90972900390625,270.3263244628906,273.94482421875,5343.6455078125,2876.638671875,1379.6004638671875,713.7186889648438,88.33329010009766,268.43670654296875,86.20063781738281,94.77608489990234,225.11268615722656,50.0,9.000000136438757e-05,2.9375,5372.703125,2889.606201171875,1393.403564453125,726.8847045898438,104.948974609375,242.9281005859375,259.191650390625,267.4324951171875,270.3675537109375,274.52490234375,97.10824584960938,89.22156524658203,91.47916412353516,93.46500396728516,0.18931293487548828,0.3920173645019531,0.3069801330566406,266.6807861328125,266.0516357421875,101312.875,91190.234375,,7.270193099975586,87.0,,,72.0,32.0,2816.0,95.0,95.0,,96.0,,75.0,,83.0,89.0,0.0,0.0,264.05999755859375,263.04998779296875,94.0,42.0,11.199999809265137,12.100000381469727
2025-12-13T16:57,2025-12-13T17:00,1,holdout_webcam,0,2025,12,16,1,2025-12-13T16:00,5,2025-12-13T12:00,5,2025-12-13T12:00,1,2025-12-13T16:00,0,2025-12-13T18:00,1,2025-12-13T16:00,-999.0,0.0,6.0,100.0,0.0,nan,4596.77783203125,nan,55300.0,nan,3.7372705936431885,239.25509643554688,255.15542602539062,262.936767578125,267.57708740234375,271.53948974609375,5302.4501953125,2862.787353515625,1390.8990478515625,117.18408203125,264.7789306640625,76.9000015258789,487.6439514160156,17.200000762939453,21000.0,0.0,0.0,20000.025390625,0.0,0.10000000149011612,5.0,0.0,24134.79296875,0.0,0.0,253.89813232421875,269.2245178222656,278.7987365722656,281.6650695800781,284.5844421386719,5703.89697265625,3127.114990234375,1565.8858642578125,870.0112915039062,222.1343994140625,283.1601867675781,86.4000015258789,69.80000305175781,18.800302505493164,2547.199951171875,2703.904052734375,63.0,98.0,0.0,24100.0,239.5,254.89999389648438,261.79998779296875,266.79998779296875,270.79998779296875,5311.97265625,2867.244384765625,1394.4844970703125,739.2413940429688,122.74734497070312,265.0299987792969,82.4000015258789,89.0,494.239990234375,0.0,0.0,0.0,nan,36.0,97.0,0.0,17.0,18400.0,239.7152099609375,254.96707153320312,262.7237854003906,266.88726806640625,271.0926513671875,5302.6044921875,2864.167236328125,1391.613525390625,736.0850219726562,120.7458724975586,268.00732421875,82.0,81.14805603027344,511.94732666015625,0.0,0.0,0.0,5301.7265625,2859.7412109375,1386.5615234375,731.153564453125,115.96875,239.10623168945312,255.6399688720703,261.8446350097656,267.3304138183594,271.50537109375,99.51213836669922,93.76441192626953,72.079833984375,66.28938293457031,-0.002880096435546875,0.03163433074951172,-0.0373382568359375,267.26129150390625,263.11505126953125,101493.625,91222.484375,,4.871214866638184,80.0,0.0,7620.0,272.0,272.0,16209.0,32.0,42.0,52.0,68.0,87.0,20.0,20.0,21.0,21.0,2.0,0.0,260.0,258.6399841308594,88.0,2.0,9.199999809265137,11.0
2025-12-13T16:57,2025-12-13T17:00,24,holdout_webcam,0,2025,12,16,23,2025-12-12T18:00,23,2025-12-12T18:00,23,2025-12-12T18:00,26,2025-12-12T15:00,24,2025-12-12T18:00,24,2025-12-12T17:00,-999.0,0.0,5.0,95.0,0.0,5537.8125,3041.4306640625,59600.0,68400.0,8094.33984375,7.923995018005371,238.81680297851562,255.16998291015625,262.60345458984375,267.254638671875,271.3567199707031,5296.89453125,2858.68017578125,1386.750244140625,113.51798248291016,263.323974609375,77.4000015258789,371.9142150878906,0.0,20400.0,0.0,0.12999999523162842,20000.0234375,0.0,6.400000095367432,0.0,0.0,24134.955078125,0.0,0.0,253.7894744873047,269.3446960449219,278.6531677246094,281.5882568359375,284.6547546386719,5702.33447265625,3125.2353515625,1564.1109619140625,868.7061767578125,220.72769165039062,283.2050476074219,86.0999984741211,70.19999694824219,19.4548397064209,2546.080078125,5995.0673828125,18.0,58.0,0.0,24100.0,238.1999969482422,255.8000030517578,262.20001220703125,267.20001220703125,271.20001220703125,5307.19384765625,2869.607177734375,1392.426025390625,736.0616455078125,119.00141143798828,265.45001220703125,85.4000015258789,89.0,494.6400146484375,0.0,0.0,0.0,4032.01220703125,79.0,100.0,0.0,45.0,20000.0,237.94879150390625,255.39588928222656,262.1307373046875,266.6573486328125,271.1127014160156,5293.33203125,2857.080810546875,1383.9586181640625,730.1345825195312,114.32978820800781,267.5914306640625,79.01728820800781,78.82878112792969,629.5884399414062,0.0,0.0,0.4375,5299.42578125,2854.34033203125,1382.2236328125,725.9601440429688,110.645263671875,239.5216827392578,255.61380004882812,262.2384033203125,267.46929931640625,271.65032958984375,99.82756042480469,82.93453979492188,69.91439819335938,65.43148040771484,0.23781490325927734,0.028657913208007812,-0.11274051666259766,267.427001953125,262.81475830078125,101419.625,91158.2265625,,4.72275972366333,75.0,0.0,7620.0,30.0,32.0,209.0,50.0,54.0,54.0,60.0,72.0,58.0,58.0,58.0,58.0,2.0,0.0,260.0299987792969,258.46002197265625,89.0,2.0,8.399999618530273,10.199999809265137
2026-01-02T08:51,2026-01-02T09:00,24,train,0,2026,1,8,21,2026-01-01T12:00,21,2026-01-01T12:00,21,2026-01-01T12:00,24,2026-01-01T09:00,21,2026-01-01T12:00,24,2026-01-01T09:00,-999.0,100.0,100.0,0.0,0.0,1339.711181640625,1339.4451904296875,81500.0,83800.0,1790.077392578125,10.205070495605469,241.1422119140625,245.84356689453125,252.01950073242188,255.77560424804688,259.5758056640625,5069.27685546875,2666.427734375,1251.06298828125,28.614059448242188,250.37831115722656,80.19999694824219,370.428466796875,0.0,200.0,0.0,2.0199999809265137,19999.92578125,0.0,1.2999999523162842,96.9000015258789,0.0,24135.080078125,0.0,0.0,254.5703125,268.9378662109375,275.8165588378906,275.7499694824219,274.2549743652344,5554.25341796875,2970.78515625,1419.98681640625,735.8750610351562,107.75556182861328,274.15057373046875,70.0999984741211,61.20000076293945,95.92198944091797,2164.800048828125,1578.3349609375,60.0,1.0,0.0,1900.0,241.60000610351562,246.89999389648438,251.5,255.60000610351562,259.5,5083.6044921875,2665.96728515625,1251.592529296875,623.8768920898438,31.40537452697754,252.44000244140625,82.69999694824219,86.0,378.32000732421875,0.0,9.999999747378752e-05,1.0,806.7022094726562,100.0,2.0,0.0,100.0,14400.0,240.95285034179688,244.95664978027344,251.67529296875,254.61019897460938,258.267333984375,5071.32373046875,2671.786865234375,1257.400146484375,631.3555297851562,39.96192932128906,252.8133544921875,77.22415161132812,84.23027801513672,408.9653625488281,0.0,0.0,1.0,5061.12109375,2665.853271484375,1251.819580078125,626.181884765625,40.57275390625,241.07896423339844,245.02313232421875,251.78558349609375,254.1043243408203,258.004638671875,40.39793014526367,72.37808990478516,82.57028198242188,88.0800552368164,2.506068229675293,1.9298133850097656,0.48534107208251953,249.67649841308594,246.8541717529297,100535.375,89873.78125,,1.1418095827102661,63.0,0.0,7620.0,0.0,0.0,256.0,100.0,100.0,100.0,100.0,100.0,71.0,72.0,72.0,75.0,0.0,0.0,247.25,245.14999389648438,81.0,2.0,24.0,26.100000381469727
2025-12-13T16:57,2025-12-13T17:00,48,holdout_webcam,0,2025,12,16,47,2025-12-11T18:00,47,2025-12-11T18:00,47,2025-12-11T18:00,50,2025-12-11T15:00,48,2025-12-11T18:00,36,2025-12-12T05:00,-999.0,0.0,100.0,100.0,0.0,nan,1341.2015380859375,62800.0,85400.0,nan,4.4456024169921875,237.15109252929688,252.99481201171875,261.9003601074219,267.1220703125,271.18463134765625,5255.11279296875,2841.90625,1379.41796875,110.9852294921875,263.6275634765625,89.0999984741211,539.5580444335938,0.0,15300.0,0.0,3.9600000381469727,20000.056640625,0.0,0.0,0.0,0.0,24134.712890625,0.0,0.0,254.1300048828125,269.8248291015625,278.68829345703125,280.8738708496094,284.3204345703125,5704.86865234375,3126.485595703125,1562.042724609375,867.8722534179688,220.9032440185547,282.9801025390625,89.5999984741211,79.30000305175781,15.210685729980469,2666.080078125,2704.418212890625,99.0,100.0,0.0,24100.0,239.6999969482422,254.89999389648438,262.6000061035156,267.3999938964844,271.3999938964844,5298.01708984375,2857.248779296875,1382.18896484375,725.2796020507812,108.8741683959961,265.3399963378906,81.5,81.0,447.9200134277344,0.0,0.0,0.0,nan,100.0,100.0,0.0,76.0,17900.0,236.86917114257812,253.67730712890625,261.19671630859375,266.2441711425781,270.6413879394531,5254.2490234375,2840.415771484375,1377.671875,724.9271850585938,111.52734375,267.05780029296875,82.24128723144531,83.3741683959961,759.4719848632812,0.0,0.0,3.25,5277.265625,2842.92138671875,1371.74365234375,716.886474609375,102.78125,238.3734588623047,255.17408752441406,262.04888916015625,266.9005126953125,271.09100341796875,98.87602996826172,81.90837097167969,73.58040618896484,68.07723236083984,0.21378612518310547,0.24769115447998047,-0.03427886962890625,266.92327880859375,262.78619384765625,101319.875,91046.2734375,,4.555935382843018,67.0,0.0,7620.0,32.0,32.0,256.0,61.0,66.0,66.0,67.0,74.0,54.0,54.0,56.0,59.0,0.0,0.0,259.90997314453125,258.42999267578125,88.0,4.0,7.599999904632568,9.399999618530273
2026-01-02T08:51,2026-01-02T09:00,1,train,0,2026,1,8,1,2026-01-02T08:00,3,2026-01-02T06:00,3,2026-01-02T06:00,1,2026-01-02T08:00,3,2026-01-02T06:00,1,2026-01-02T08:00,-999.0,0.0,63.0,0.0,0.0,nan,1339.49560546875,nan,84000.0,nan,12.509536743164062,239.01438903808594,246.30821228027344,253.45877075195312,255.71934509277344,259.47979736328125,5067.7763671875,2683.16357421875,1261.83935546875,36.5880126953125,249.60154724121094,70.5999984741211,313.5323791503906,0.0,18100.0,0.0,0.00019999999494757503,19999.890625,1.2000000476837158,0.4000000059604645,100.0,0.4000000059604645,24134.9921875,0.0,0.0,254.58998107910156,268.6444396972656,275.9729309082031,275.5836486816406,273.9972229003906,5550.56884765625,2969.291748046875,1418.116943359375,733.8673706054688,106.76109313964844,273.9507751464844,72.9000015258789,58.20000076293945,118.98666381835938,212.16000366210938,20000.015625,29.0,0.0,0.0,4600.0,240.89999389648438,246.10000610351562,249.89999389648438,254.0,257.79998779296875,5073.14208984375,2674.5224609375,1261.1297607421875,637.5496826171875,48.08603286743164,250.6199951171875,88.9000015258789,93.0,337.760009765625,0.0,0.0,0.125,nan,16.0,0.0,0.0,1.0,24500.0,238.1674041748047,245.86117553710938,253.8064727783203,256.07305908203125,259.43206787109375,5056.81689453125,2678.964111328125,1260.0228271484375,628.35986328125,34.84178161621094,251.90492248535156,53.908363342285156,63.29615783691406,333.2251892089844,0.0,0.0,0.0,5066.484375,2675.791015625,1258.08154296875,629.933349609375,43.0322265625,240.90330505371094,245.44483947753906,252.5386505126953,255.2151336669922,259.080810546875,53.35285949707031,69.72149658203125,75.39239501953125,85.21128845214844,2.259547233581543,1.92108154296875,0.5463533401489258,249.5011444091797,246.48593139648438,100572.875,89936.328125,,1.2681440114974976,52.0,0.0,7620.0,0.0,0.0,209.0,17.0,20.0,21.0,21.0,21.0,66.0,66.0,66.0,66.0,0.0,0.0,246.5,244.8599853515625,87.0,1.0,22.399999618530273,24.100000381469727
2026-01-02T08:51,2026-01-02T09:00,48,train,0,2026,1,8,45,2025-12-31T12:00,45,2025-12-31T12:00,45,2025-12-31T12:00,48,2025-12-31T09:00,45,2025-12-31T12:00,45,2025-12-31T12:00,-999.0,0.0,1.0,100.0,0.0,nan,1338.8560791015625,nan,84000.0,nan,16.837038040161133,241.96502685546875,251.2999725341797,251.97097778320312,253.6080322265625,257.36688232421875,5117.921875,2696.47119140625,1262.0299072265625,34.016746520996094,247.9464111328125,53.70000076293945,217.83169555664062,0.0,35200.0,0.0,6.389999866485596,20000.12109375,0.0,5.0,96.5,0.0,24135.123046875,0.0,0.0,254.68780517578125,268.8038024902344,276.7198181152344,277.1986999511719,274.97247314453125,5558.6435546875,2973.237548828125,1421.9063720703125,734.5928955078125,103.94268798828125,274.819091796875,70.9000015258789,50.70000076293945,76.40493774414062,2148.159912109375,20000.142578125,7.0,5.0,0.0,4000.0,240.60000610351562,251.5,247.60000610351562,251.60000610351562,255.39999389648438,5087.70361328125,2679.8232421875,1243.6134033203125,625.8961791992188,35.527530670166016,248.19000244140625,89.80000305175781,91.0,297.0400085449219,0.0,0.0,0.1875,nan,64.0,17.0,0.0,64.0,19000.0,241.6159210205078,250.89077758789062,251.64730834960938,251.7772216796875,255.41355895996094,5115.68359375,2695.55322265625,1264.3507080078125,642.5125732421875,46.759803771972656,249.47125244140625,71.7025146484375,70.700927734375,289.4561767578125,0.0,0.0,4.0,5051.67578125,2656.518310546875,1240.44384765625,615.85693359375,30.590087890625,239.3238525390625,247.00387573242188,251.09585571289062,253.54042053222656,257.47406005859375,17.77213478088379,89.59762573242188,90.8250503540039,90.4893798828125,2.2652931213378906,2.583322525024414,0.7691307067871094,251.56239318847656,248.71734619140625,100392.875,89726.03125,,0.9086787700653076,52.0,,,416.0,264.0,9856.0,40.0,40.0,,41.0,,56.0,,56.0,56.0,0.0,0.0,247.3100128173828,244.37997436523438,76.0,0.0,25.600000381469727,27.799999237060547
2026-01-17T02:56,2026-01-17T03:00,1,train,0,2026,1,2,1,2026-01-17T02:00,3,2026-01-17T00:00,3,2026-01-17T00:00,1,2026-01-17T02:00,3,2026-01-17T00:00,1,2026-01-17T02:00,-999.0,0.0,0.0,63.0,0.0,nan,6887.06640625,nan,40200.0,nan,7.73689079284668,244.97329711914062,259.960205078125,264.0752258300781,265.24029541015625,268.7060241699219,5368.978515625,2874.947265625,1383.185546875,106.32735443115234,260.83831787109375,24.600000381469727,125.6468505859375,0.0,72800.0,0.0,0.0,3021.0107421875,75.80000305175781,100.0,100.0,0.0,24134.91015625,0.0,0.0,246.54556274414062,265.1054992675781,274.0481262207031,279.4086608886719,281.5618591308594,5485.70263671875,2963.357421875,1430.6956787109375,743.8925170898438,100.76228332519531,280.9546203613281,92.69999694824219,80.5999984741211,37.390438079833984,1544.47998046875,19999.880859375,17.0,11.0,2.0,24100.0,245.5,260.79998779296875,264.0,267.29998779296875,271.29998779296875,5383.1513671875,2888.522705078125,1393.33740234375,736.67822265625,143.80313110351562,260.2699890136719,44.79999923706055,24.0,99.27999877929688,0.0,0.0,0.0,5480.2783203125,9.0,100.0,0.0,9.0,23300.0,245.01763916015625,259.9544982910156,263.8564758300781,262.78179931640625,265.559326171875,5363.4287109375,2871.719970703125,1380.350830078125,728.4481811523438,112.09040832519531,257.768310546875,47.83799362182617,57.968326568603516,75.52155303955078,0.0,0.0,0.0,5376.83203125,2878.169189453125,1387.593505859375,736.7648315429688,132.523193359375,245.17442321777344,260.6769714355469,263.0655517578125,262.8343811035156,266.821533203125,86.75244140625,19.552173614501953,53.931156158447266,82.94684600830078,-0.34676456451416016,0.11577606201171875,0.36105918884277344,255.41896057128906,250.5235137939453,101652.75,91273.9375,,4.135814666748047,73.0,0.0,7620.0,4352.0,3032.0,16209.0,0.0,0.0,5.0,8.0,14.0,6.0,6.0,6.0,6.0,0.0,0.0,256.989990234375,248.13998413085938,46.0,1.0,10.0,10.5
2026-01-17T02:56,2026-01-17T03:00,24,train,0,2026,1,2,21,2026-01-16T06:00,21,2026-01-16T06:00,21,2026-01-16T06:00,24,2026-01-16T03:00,21,2026-01-16T06:00,24,2026-01-16T03:00,-999.0,0.0,0.0,94.0,83.0,6297.59228515625,6386.3916015625,nan,43300.0,8646.642578125,5.759642124176025,244.90234375,259.2275695800781,263.65216064453125,265.0518798828125,268.6145935058594,5375.23486328125,2884.457763671875,1397.332763671875,122.51715087890625,260.68450927734375,25.399999618530273,89.2291259765625,0.0,71500.0,0.0,0.28999999165534973,19999.89453125,38.099998474121094,6.400000095367432,14.399999618530273,5.900000095367432,24134.955078125,0.0,0.0625,247.0234832763672,264.71746826171875,274.25592041015625,279.9730529785156,281.51715087890625,5479.6630859375,2958.35205078125,1426.1256103515625,738.0264892578125,94.02487182617188,280.7593994140625,89.69999694824219,71.30000305175781,31.889362335205078,1562.239990234375,3142.746826171875,11.0,73.0,35.0,24100.0,244.8000030517578,259.3999938964844,265.5,268.1000061035156,272.1000061035156,5369.22998046875,2872.122314453125,1378.2947998046875,719.5250854492188,126.1154556274414,263.2300109863281,42.900001525878906,11.0,66.0,0.0,0.0,0.0,7215.81884765625,2.0,100.0,65.0,0.0,51900.0,245.46597290039062,259.54931640625,264.03253173828125,262.7211608886719,264.99847412109375,5376.9599609375,2881.609130859375,1393.313232421875,740.7530517578125,127.25227355957031,258.05865478515625,34.44134521484375,33.02247619628906,36.27388000488281,0.0,0.0,2.0,5380.1015625,2884.37646484375,1397.2119140625,747.0406494140625,144.3740234375,245.18557739257812,260.0423583984375,262.7613525390625,262.288818359375,266.171142578125,74.49549865722656,16.592281341552734,42.078887939453125,73.01725769042969,-0.47418975830078125,0.5783319473266602,0.4094114303588867,255.8397674560547,249.35411071777344,101802.25,91389.1953125,,3.688467025756836,76.0,0.0,7620.0,30.0,32.0,209.0,11.0,14.0,21.0,24.0,34.0,52.0,52.0,52.0,52.0,0.0,0.0,257.1199951171875,248.57998657226562,48.0,5.0,10.800000190734863,11.699999809265137
2026-01-17T02:56,2026-01-17T03:00,48,train,0,2026,1,2,45,2026-01-15T06:00,45,2026-01-15T06:00,45,2026-01-15T06:00,48,2026-01-15T03:00,45,2026-01-15T06:00,45,2026-01-15T06:00,-999.0,0.0,0.0,100.0,0.0,6132.87255859375,4675.361328125,nan,55000.0,8006.19677734375,8.636159896850586,243.59930419921875,259.3738708496094,262.91156005859375,264.74853515625,268.46832275390625,5347.5390625,2858.0283203125,1372.857177734375,97.73258972167969,259.3344421386719,25.899999618530273,140.11257934570312,0.0,70700.0,0.0,6.980000019073486,19999.6484375,5.0,5.0,100.0,0.0,24135.0625,0.0,0.0,246.20138549804688,263.98614501953125,274.8562316894531,280.6039733886719,279.9592590332031,5480.3564453125,2962.017822265625,1430.619384765625,741.5166625976562,98.19087219238281,278.80908203125,91.9000015258789,54.29999923706055,10.144475936889648,1629.5999755859375,2025.1956787109375,100.0,100.0,0.0,24100.0,243.89999389648438,257.79998779296875,263.0,267.3999938964844,271.3999938964844,5333.33984375,2848.71240234375,1376.0592041015625,719.7236938476562,122.10621643066406,262.95001220703125,57.900001525878906,10.0,800.8800048828125,0.0,0.0,0.0,6460.55712890625,0.0,100.0,0.0,0.0,32500.0,244.24363708496094,259.1495361328125,263.04638671875,262.23297119140625,265.0809326171875,5344.73681640625,2854.00830078125,1367.797607421875,718.001220703125,102.06576538085938,256.5722351074219,47.533905029296875,50.07151794433594,133.6058349609375,0.0,0.0,7.5,5347.83203125,2858.48291015625,1379.023193359375,730.0523681640625,127.228271484375,244.26089477539062,258.431884765625,262.02001953125,262.22406005859375,266.2960205078125,93.78912353515625,24.500417709350586,43.818843841552734,67.8868179321289,-0.7373809814453125,0.2586517333984375,0.33371925354003906,258.4895935058594,251.1761016845703,101594.875,91181.5,,3.9071149826049805,81.0,,,1888.0,496.0,8960.0,1.0,5.0,,31.0,,63.0,,63.0,63.0,0.0,0.0,256.47998046875,251.1999969482422,62.0,0.0,11.600000381469727,12.600000381469727
2026-01-30T16:55,2026-01-30T17:00,1,train,0,2026,1,16,1,2026-01-30T16:00,5,2026-01-30T12:00,5,2026-01-30T12:00,1,2026-01-30T16:00,0,2026-01-30T18:00,1,2026-01-30T16:00,-999.0,0.0,3.0,0.0,0.0,nan,1339.736328125,nan,84800.0,nan,11.56658935546875,236.6635284423828,253.25494384765625,255.5538330078125,255.99050903320312,259.90753173828125,5189.357421875,2775.9130859375,1321.049560546875,82.58259582519531,255.52719116210938,70.5999984741211,293.0044860839844,0.0,24400.0,0.0,0.0010000000474974513,1157.0972900390625,58.900001525878906,100.0,100.0,1.100000023841858,24135.318359375,1.6000000186977559e-06,0.1875,247.8148193359375,266.12353515625,274.9913330078125,279.8911437988281,285.1529541015625,5397.56005859375,2865.5849609375,1324.7252197265625,636.13427734375,-11.300000190734863,284.040283203125,71.9000015258789,83.0,896.106201171875,1675.52001953125,19999.888671875,15.0,2.0,0.0,13600.0,236.10000610351562,253.6999969482422,259.3999938964844,253.39999389648438,257.1000061035156,5192.3173828125,2781.93798828125,1315.68896484375,689.3348999023438,105.01065063476562,250.64999389648438,78.9000015258789,80.0,308.7200012207031,0.0,0.0,0.0,791.5687866210938,100.0,39.0,0.0,100.0,1000.0,237.2627716064453,253.00180053710938,256.10272216796875,252.42091369628906,256.466552734375,5191.64111328125,2777.44921875,1320.932373046875,693.9334716796875,93.31903076171875,251.92437744140625,83.11654663085938,79.05368041992188,337.19122314453125,0.0,0.0,0.0625,5209.74609375,2793.190185546875,1327.706787109375,695.70458984375,108.919921875,236.1221160888672,254.08212280273438,258.7559814453125,254.6176300048828,258.4521484375,78.9475326538086,75.18278503417969,66.52002716064453,61.700965881347656,0.2040414810180664,1.1707439422607422,0.4930458068847656,254.5745086669922,248.09129333496094,101473.25,90723.125,,3.0025687217712402,53.0,0.0,7620.0,456.0,456.0,465.0,29.0,37.0,46.0,54.0,71.0,51.0,59.0,61.0,61.0,0.0,0.0,250.8199920654297,246.1199951171875,66.0,0.0,27.200000762939453,29.5
2026-01-30T16:55,2026-01-30T17:00,24,train,0,2026,1,16,23,2026-01-29T18:00,23,2026-01-29T18:00,23,2026-01-29T18:00,26,2026-01-29T15:00,24,2026-01-29T18:00,24,2026-01-29T17:00,-999.0,0.0,13.0,58.0,0.0,nan,1339.5894775390625,nan,84900.0,nan,7.645485877990723,236.22268676757812,252.22463989257812,253.8691864013672,254.73330688476562,258.6374206542969,5176.81884765625,2773.12646484375,1324.009765625,90.71916198730469,255.47181701660156,82.69999694824219,309.5028381347656,0.0,18200.0,0.0,0.25,955.3935546875,100.0,100.0,100.0,3.200000047683716,24135.236328125,3.9200000173877925e-05,0.375,247.20547485351562,265.091552734375,274.0395812988281,279.4618835449219,284.00494384765625,5394.625,2868.603515625,1332.94482421875,646.375244140625,1.3095624446868896,283.0355529785156,76.4000015258789,63.70000076293945,1163.627685546875,1452.47998046875,19999.818359375,23.0,0.0,0.0,11400.0,234.6999969482422,253.1999969482422,259.20001220703125,253.3000030517578,257.1000061035156,5184.35595703125,2780.47900390625,1316.5030517578125,690.3012084960938,103.81864929199219,250.6999969482422,82.80000305175781,87.0,308.6400146484375,0.0,0.0,0.0625,791.805419921875,100.0,6.0,0.0,100.0,12800.255859375,236.97134399414062,251.9215545654297,256.5753173828125,252.52040100097656,256.4847412109375,5189.90234375,2781.351318359375,1326.71728515625,698.830810546875,99.62296295166016,252.0172119140625,84.41826629638672,90.52192687988281,331.15826416015625,0.0,0.0,0.6875,5202.05859375,2789.001220703125,1322.93359375,691.935546875,105.88232421875,236.09091186523438,253.40467834472656,258.8680114746094,253.93893432617188,257.81573486328125,80.50634765625,74.6328125,67.47267150878906,62.410865783691406,-0.11548423767089844,1.3760461807250977,0.5079669952392578,254.34738159179688,247.8518829345703,101427.25,90671.15625,,2.843390464782715,47.0,0.0,7620.0,30.0,32.0,209.0,52.0,59.0,61.0,66.0,69.0,46.0,46.0,46.0,47.0,0.0,0.0,250.73001098632812,246.72000122070312,71.0,2.0,26.0,28.299999237060547
2026-02-18T05:55,2026-02-18T06:00,1,train,0,2026,2,5,1,2026-02-18T05:00,6,2026-02-18T00:00,6,2026-02-18T00:00,1,2026-02-18T05:00,0,2026-02-18T06:00,1,2026-02-18T05:00,-999.0,100.0,100.0,0.0,0.0,1342.2264404296875,1342.0567626953125,83300.0,85700.0,1708.156005859375,11.301871299743652,248.2369384765625,264.49822998046875,268.0567932128906,272.2345275878906,276.2878112792969,5448.6337890625,2915.454833984375,1403.88720703125,100.05043029785156,267.88525390625,94.5,443.189453125,498.0799865722656,100.0,0.0,0.05400000140070915,2032.401123046875,96.9000015258789,41.400001525878906,5.0,1.100000023841858,24134.904296875,0.0,0.0,252.45046997070312,269.7225341796875,277.1279296875,281.3974304199219,283.52752685546875,5585.34912109375,3010.563720703125,1457.8765869140625,764.7505493164062,116.31800079345703,283.11572265625,89.5999984741211,73.69999694824219,327.4889221191406,1910.4000244140625,1195.832763671875,52.0,0.0,0.0,0.0,248.8000030517578,265.0,267.3999938964844,272.29998779296875,276.3999938964844,5450.62158203125,2911.30078125,1399.0904541015625,729.5233154296875,103.54885864257812,269.7900085449219,98.5999984741211,100.0,457.1199951171875,664.3200073242188,0.0015999999595806003,8.75,1038.695068359375,99.0,0.0,0.0,99.0,12400.0,248.24551391601562,263.2883605957031,267.6431884765625,272.1771240234375,276.0735168457031,5447.3134765625,2915.374755859375,1406.531982421875,737.7918090820312,105.81765747070312,271.56207275390625,94.06201171875,92.34481811523438,479.96600341796875,510.0,0.0,0.0,5449.73828125,2911.919677734375,1405.6962890625,736.6795654296875,110.84326171875,248.99560546875,263.554443359375,267.6573486328125,272.0462646484375,276.24267578125,14.51894474029541,83.82786560058594,91.80443572998047,90.69012451171875,2.720017433166504,1.7860832214355469,0.7811069488525391,270.71533203125,270.125244140625,101389.0625,91306.46875,,4.813343048095703,88.0,0.0,7620.0,0.0,0.0,209.0,94.0,95.0,95.0,95.0,96.0,75.0,75.0,75.0,75.0,3.0,0.0,265.29998779296875,265.3399963378906,100.0,4.0,20.799999237060547,22.5
2026-01-30T16:55,2026-01-30T17:00,48,train,0,2026,1,16,47,2026-01-28T18:00,47,2026-01-28T18:00,47,2026-01-28T18:00,50,2026-01-28T15:00,48,2026-01-28T18:00,36,2026-01-29T05:00,-999.0,0.0,67.0,100.0,0.0,4605.51904296875,1339.643798828125,nan,84800.0,5734.36376953125,8.439643859863281,235.4945068359375,252.79074096679688,255.4868621826172,255.58401489257812,259.48175048828125,5177.5869140625,2775.279296875,1320.570556640625,82.71745300292969,256.12860107421875,81.0999984741211,303.27294921875,0.0,18800.0,0.0,1.159999966621399,1064.6754150390625,1.2999999523162842,100.0,5.0,1.100000023841858,13787.0966796875,0.00015439999697264284,0.625,245.54115295410156,264.052001953125,274.3237609863281,279.8524169921875,284.5278015136719,5387.69482421875,2874.103271484375,1343.2181396484375,655.9124145507812,9.075655937194824,283.33056640625,74.5999984741211,80.19999694824219,1053.61474609375,1514.719970703125,19999.828125,18.0,37.0,0.0,10700.0,235.10000610351562,253.0,257.79998779296875,254.5,258.29998779296875,5198.3408203125,2792.57177734375,1328.760009765625,700.7647094726562,113.8784408569336,250.47999572753906,82.0,83.0,196.9600067138672,0.0,0.0,0.0,4910.0732421875,100.0,100.0,0.0,100.0,6300.0,235.3267822265625,252.727783203125,257.1089782714844,252.69818115234375,256.6507873535156,5182.10009765625,2780.174072265625,1322.911376953125,694.021484375,93.1634292602539,251.91287231445312,84.5540771484375,82.61390686035156,329.09783935546875,0.0,1.9999999494757503e-05,3.125,5198.234375,2789.99267578125,1325.312744140625,695.43115234375,110.390625,235.89456176757812,253.505126953125,258.45404052734375,253.40245056152344,257.2825622558594,83.60623931884766,79.73640441894531,70.38800811767578,64.47772216796875,0.1792001724243164,1.1584997177124023,0.5294218063354492,253.84414672851562,247.6148223876953,101488.5,90717.625,,2.9712305068969727,69.0,0.0,7620.0,64.0,64.0,256.0,24.0,28.0,28.0,32.0,36.0,45.0,45.0,47.0,48.0,0.0,0.0,251.00997924804688,246.57998657226562,67.0,2.0,26.0,28.299999237060547
2026-02-18T05:55,2026-02-18T06:00,24,train,0,2026,2,5,24,2026-02-17T06:00,24,2026-02-17T06:00,24,2026-02-17T06:00,21,2026-02-17T09:00,24,2026-02-17T06:00,24,2026-02-17T06:00,-999.0,0.0,100.0,0.0,0.0,1341.860107421875,1341.787353515625,84500.0,85800.0,1566.9407958984375,11.541370391845703,249.10836791992188,264.4117736816406,266.3922424316406,269.9725036621094,274.04986572265625,5457.81005859375,2921.23486328125,1411.7412109375,114.38592529296875,265.39306640625,91.19999694824219,291.5792236328125,115.19999694824219,200.0,0.0,1.9600000381469727,1938.5621337890625,96.80000305175781,93.0,5.0,0.5,24134.95703125,0.0,0.0,252.78265380859375,269.79034423828125,276.5594787597656,281.218994140625,283.120849609375,5584.8623046875,3007.58349609375,1455.447998046875,762.9893188476562,115.35353088378906,282.74493408203125,91.19999694824219,71.0,274.22747802734375,1900.47998046875,19999.986328125,49.0,0.0,0.0,0.0,249.5,265.8999938964844,265.1000061035156,270.1000061035156,274.1000061035156,5456.0498046875,2911.750244140625,1396.1722412109375,732.4505615234375,106.25770568847656,267.760009765625,97.9000015258789,100.0,502.7200012207031,352.6400146484375,0.00039999998989515007,3.8125,806.1555786132812,100.0,0.0,0.0,100.0,200.0,248.09317016601562,264.10693359375,266.57867431640625,270.3841247558594,274.71759033203125,5462.021484375,2927.247314453125,1415.249755859375,750.5267333984375,118.9515151977539,269.97625732421875,96.53667449951172,96.31289672851562,464.62823486328125,270.0,0.0,0.6875,5459.81640625,2924.69091796875,1411.413818359375,739.0260009765625,111.55615234375,248.5897979736328,263.9889221191406,269.23687744140625,272.848388671875,277.08856201171875,25.634838104248047,82.92723083496094,91.79080963134766,91.00941467285156,1.885162353515625,1.2453126907348633,0.4278573989868164,269.50140380859375,268.84515380859375,101391.5,91337.296875,,5.061049938201904,81.0,0.0,7620.0,30.0,32.0,209.0,64.0,68.0,68.0,68.0,68.0,61.0,63.0,64.0,66.0,2.0,0.0,264.16998291015625,264.1600036621094,100.0,4.0,18.0,19.200000762939453
2026-03-15T19:55,2026-03-15T20:00,24,train,0,2026,3,19,26,2026-03-14T18:00,26,2026-03-14T18:00,26,2026-03-14T18:00,23,2026-03-14T21:00,21,2026-03-15T00:00,24,2026-03-14T20:00,-999.0,0.0,76.0,100.0,100.0,9539.0068359375,2546.163330078125,56800.0,74600.0,12081.7763671875,5.634865760803223,252.5402069091797,265.0159912109375,265.2371826171875,270.5238342285156,274.936279296875,5594.5927734375,3029.53271484375,1526.1011962890625,227.4823455810547,266.87457275390625,72.4000015258789,422.57135009765625,341.44000244140625,23100.0,0.0,6.150000095367432,20000.15625,5.0,0.0,1.7000000476837158,0.0,24135.31640625,0.0,0.0,253.18820190429688,267.64617919921875,273.3523254394531,277.45751953125,280.86199951171875,5623.6181640625,3046.929443359375,1509.647216796875,827.591064453125,187.39736938476562,279.67730712890625,75.5,72.69999694824219,30.727188110351562,1591.3599853515625,2573.673828125,79.0,26.0,9.0,24100.0,253.1999969482422,267.3999938964844,264.0,269.5,273.6000061035156,5606.33154296875,3034.420166015625,1523.552490234375,862.1771850585938,231.6243133544922,268.1700134277344,56.5,52.0,672.6400146484375,414.7200012207031,0.0,0.0625,10060.8955078125,92.0,36.0,100.0,3.0,28000.4140625,253.2280731201172,265.0826416015625,264.4788513183594,269.4183349609375,274.32794189453125,5602.6689453125,3035.344482421875,1530.6888427734375,870.446044921875,242.09490966796875,271.5467529296875,65.0,62.2885627746582,619.702392578125,510.0,0.0,0.625,5615.390625,3042.0771484375,1522.966552734375,861.6572265625,241.376708984375,253.33445739746094,267.44189453125,265.90972900390625,269.54608154296875,273.801025390625,99.69923400878906,72.27214813232422,68.7181625366211,62.398231506347656,-0.054848670959472656,0.35834503173828125,-0.22051239013671875,270.21954345703125,264.77606201171875,103070.6875,92756.71875,,11.523477554321289,74.0,71.0,9172.0,30.0,32.0,209.0,29.0,35.0,44.0,59.0,82.0,54.0,54.0,54.0,54.0,1.0,0.0,263.7599792480469,256.95001220703125,57.0,9.0,17.600000381469727,18.899999618530273
2026-04-06T11:57,2026-04-06T12:00,1,train,0,2026,4,11,1,2026-04-06T11:00,6,2026-04-06T06:00,6,2026-04-06T06:00,1,2026-04-06T11:00,0,2026-04-06T12:00,1,2026-04-06T11:00,2231.0,100.0,100.0,0.0,0.0,1341.835693359375,1341.710693359375,73500.0,85100.0,2248.045654296875,12.393194198608398,245.08807373046875,258.1612243652344,264.9405822753906,270.2922058105469,274.4830017089844,5337.98046875,2846.47900390625,1365.865966796875,79.32839965820312,266.47210693359375,96.4000015258789,646.9452514648438,276.32000732421875,100.0,0.0005000000237487257,0.14800000190734863,19999.90625,0.0,0.0,0.0,0.0,24134.98046875,0.0,0.0,253.6779327392578,273.4778137207031,286.74578857421875,290.69580078125,296.9057922363281,5765.29296875,3160.326171875,1566.588623046875,848.0453491210938,175.95159912109375,298.85552978515625,36.099998474121094,45.79999923706055,816.218994140625,3234.239990234375,1195.473388671875,82.0,0.0,0.0,100.0,245.89999389648438,261.70001220703125,264.0,268.6000061035156,272.6000061035156,5340.49169921875,2827.8203125,1345.867431640625,685.7265014648438,61.92409133911133,265.9100036621094,98.0,100.0,999.5999755859375,66.87999725341797,0.00019999999494757503,1.5,852.8519897460938,100.0,2.0,0.0,100.0,9400.0,244.92652893066406,258.0000305175781,264.8297119140625,270.5060119628906,274.8677673339844,5329.943359375,2841.800537109375,1361.954345703125,698.7547607421875,74.21044921875,270.2325439453125,95.2452163696289,88.87885284423828,1025.05517578125,310.0,9.999999747378752e-06,0.0625,5327.11328125,2838.214111328125,1358.506591796875,695.6630859375,73.959716796875,243.9921417236328,256.77020263671875,264.87005615234375,270.316162109375,274.3355712890625,84.44755554199219,95.19456481933594,82.79410552978516,80.27142333984375,1.4260635375976562,1.0299015045166016,0.7012548446655273,269.4346008300781,267.4346008300781,100937.4375,90807.453125,,5.402951717376709,91.0,0.0,7620.0,0.0,0.0,0.0,72.0,87.0,100.0,100.0,100.0,83.0,87.0,90.0,93.0,17.0,0.0,261.9100036621094,262.1399841308594,100.0,14.0,40.400001525878906,44.099998474121094
2026-02-18T05:55,2026-02-18T06:00,48,train,0,2026,2,5,48,2026-02-16T06:00,48,2026-02-16T06:00,48,2026-02-16T06:00,45,2026-02-16T09:00,48,2026-02-16T06:00,48,2026-02-16T06:00,-999.0,0.0,3.0,0.0,0.0,nan,1194.4281005859375,nan,nan,nan,10.578081130981445,248.65017700195312,264.17822265625,267.38623046875,269.90069580078125,273.846435546875,5466.5693359375,2932.1064453125,1419.93359375,121.82817077636719,264.7311706542969,76.19999694824219,208.48390197753906,17.1200008392334,19100.0,0.0,1.340000033378601,2029.679931640625,97.4000015258789,100.0,100.0,5.699999809265137,24134.962890625,0.0,0.0,252.9176788330078,269.93914794921875,276.6361389160156,281.0118103027344,283.4329528808594,5575.28857421875,2994.6513671875,1443.2872314453125,750.745849609375,102.99315643310547,282.966552734375,87.4000015258789,76.4000015258789,317.6308898925781,1892.3199462890625,20000.158203125,41.0,0.0,0.0,0.0,248.8000030517578,268.20001220703125,267.1000061035156,268.1000061035156,272.1000061035156,5472.57470703125,2920.1640625,1397.5782470703125,737.3494262695312,114.79051208496094,265.4800109863281,98.80000305175781,100.0,364.4800109863281,0.6399999856948853,0.0,0.8125,835.2345581054688,100.0,0.0,0.0,100.0,3500.0,247.1678009033203,263.4861145019531,264.50537109375,268.6306457519531,272.906005859375,5431.08544921875,2902.873046875,1402.2802734375,742.1305541992188,114.00980377197266,268.2139892578125,94.66838073730469,95.088623046875,480.08306884765625,10.0,0.0,2.4375,5486.515625,2938.486572265625,1417.309814453125,746.8287353515625,119.934814453125,249.09921264648438,265.9589538574219,268.9487609863281,272.60284423828125,276.6629943847656,14.16466236114502,88.790283203125,94.30392456054688,91.2054672241211,1.0895967483520508,0.3270444869995117,0.20749282836914062,270.706298828125,270.0453186035156,101493.0625,91415.453125,,5.1702375411987305,80.0,,,72.0,32.0,5888.0,72.0,72.0,,74.0,,62.0,,62.0,62.0,6.0,0.0,263.8899841308594,264.08001708984375,100.0,6.0,16.399999618530273,17.700000762939453
2026-03-15T19:55,2026-03-15T20:00,48,train,0,2026,3,19,44,2026-03-14T00:00,50,2026-03-13T18:00,50,2026-03-13T18:00,47,2026-03-13T21:00,45,2026-03-14T00:00,36,2026-03-14T08:00,-999.0,0.0,100.0,100.0,4.0,2766.881103515625,2147.722900390625,52900.0,78400.0,4190.8701171875,6.687516212463379,252.60946655273438,266.8536071777344,265.9830017089844,269.56622314453125,273.8520812988281,5594.8994140625,3027.2841796875,1511.7310791015625,212.19464111328125,265.1988525390625,70.0,347.1972961425781,85.68000030517578,10000.0,0.0,17.979999542236328,19999.818359375,5.0,5.0,5.0,0.0,24135.150390625,0.0,0.0,253.45925903320312,268.5784912109375,272.6986999511719,277.50872802734375,280.9687194824219,5619.255859375,3039.705078125,1501.20703125,819.5256958007812,179.03494262695312,279.94573974609375,75.5999984741211,70.5,66.78720092773438,1401.9200439453125,2153.188232421875,92.0,77.0,2.0,24100.0,253.89999389648438,267.0,264.1000061035156,269.5,273.6000061035156,5594.119140625,3024.362548828125,1511.9879150390625,850.366943359375,219.90557861328125,267.760009765625,68.0999984741211,64.0,672.6400146484375,351.3599853515625,0.0,0.4375,2361.78662109375,100.0,100.0,87.0,0.0,21007.537109375,253.27264404296875,266.79937744140625,265.54278564453125,268.1019287109375,272.7668151855469,5595.87646484375,3027.23095703125,1513.7381591796875,854.1143798828125,225.8034210205078,269.36724853515625,65.13494873046875,59.36956024169922,442.67449951171875,180.0,9.999999747378752e-06,10.4375,5607.0,3036.168701171875,1520.332763671875,858.6015625,238.2373046875,253.39254760742188,267.50238037109375,266.2640686035156,269.49920654296875,273.7855224609375,100.11614990234375,59.45688247680664,61.49424743652344,57.135902404785156,-0.2666339874267578,0.39257144927978516,-0.19878673553466797,269.77130126953125,263.2223205566406,103038.875,92714.9140625,,10.953286170959473,80.0,55.0,8750.0,30.0,32.0,201.0,39.0,49.0,62.0,72.0,89.0,50.0,50.0,50.0,50.0,1.0,0.0,264.0199890136719,256.94000244140625,55.0,10.0,18.0,19.299999237060547
2026-03-15T19:55,2026-03-15T20:00,1,train,0,2026,3,19,1,2026-03-15T19:00,2,2026-03-15T18:00,2,2026-03-15T18:00,1,2026-03-15T19:00,3,2026-03-15T18:00,1,2026-03-15T19:00,-999.0,0.0,35.0,100.0,5.0,nan,2171.935302734375,52900.0,78200.0,nan,6.415767192840576,252.1311492919922,265.37451171875,265.76318359375,269.16650390625,273.523193359375,5595.13037109375,3031.2265625,1518.3701171875,222.8206787109375,265.47930908203125,82.0,328.4958801269531,127.27999877929688,3800.0,9.999999747378752e-05,0.054999999701976776,20000.142578125,0.0,0.0,5.0,0.0,24135.220703125,0.0,0.0,253.32781982421875,268.7945556640625,272.9249267578125,277.47491455078125,280.73492431640625,5626.3076171875,3044.451171875,1507.00830078125,825.056884765625,184.96255493164062,279.7932434082031,78.4000015258789,73.30000305175781,136.61326599121094,1449.5999755859375,1196.181640625,93.0,80.0,0.0,0.0,253.0,267.0,262.3999938964844,267.79998779296875,271.79998779296875,5609.05517578125,3039.293212890625,1526.6986083984375,869.058349609375,240.01275634765625,266.44000244140625,97.9000015258789,100.0,367.3599853515625,149.27999877929688,9.999999747378752e-05,0.375,2442.126220703125,70.0,97.0,19.0,20.0,4500.0,253.66030883789062,265.38507080078125,265.1602783203125,268.8141784667969,273.68804931640625,5591.45458984375,3025.82666015625,1515.53369140625,855.7056274414062,227.23971557617188,270.48779296875,77.0,75.70909118652344,535.4993896484375,360.0,0.0,0.125,5614.0703125,3039.283447265625,1520.850341796875,860.196044921875,240.838134765625,253.17929077148438,267.7495422363281,265.8283996582031,269.13824462890625,273.36956787109375,97.36488342285156,62.21354293823242,66.24291229248047,60.62685012817383,0.10719680786132812,0.4561300277709961,-0.2740621566772461,269.64410400390625,264.0888366699219,103076.375,92750.40625,,11.022924423217773,81.0,0.0,7620.0,62.0,64.0,16274.0,42.0,46.0,54.0,78.0,82.0,7.0,7.0,7.0,7.0,1.0,0.0,263.6300048828125,258.1299743652344,64.0,15.0,18.0,19.399999618530273
2026-04-06T11:57,2026-04-06T12:00,48,train,0,2026,4,11,48,2026-04-04T12:00,48,2026-04-04T12:00,48,2026-04-04T12:00,45,2026-04-04T15:00,48,2026-04-04T12:00,48,2026-04-04T12:00,-999.0,100.0,100.0,0.0,0.0,1341.8023681640625,1341.6756591796875,80900.0,84800.0,1864.5018310546875,13.086462020874023,246.27597045898438,260.46453857421875,265.1849670410156,270.45550537109375,274.53875732421875,5333.5380859375,2825.32568359375,1338.513916015625,47.861000061035156,265.32464599609375,93.4000015258789,488.3992919921875,107.76000213623047,100.0,0.0,19.850000381469727,19999.875,0.0,0.0,0.0,0.0,24135.2109375,0.0,0.0,254.1209716796875,273.2479248046875,286.603759765625,290.5692138671875,296.839599609375,5759.24609375,3154.1455078125,1561.2947998046875,843.2069702148438,171.0342559814453,298.72369384765625,39.70000076293945,51.5,841.0405883789062,3179.199951171875,1195.394775390625,59.0,0.0,0.0,0.0,245.8000030517578,264.6000061035156,262.3999938964844,267.20001220703125,271.20001220703125,5359.7470703125,2848.646240234375,1341.602294921875,685.01416015625,62.93889236450195,265.2900085449219,97.9000015258789,100.0,493.0400085449219,0.0,0.0012000000569969416,9.375,1012.1451416015625,100.0,1.0,0.0,100.0,11600.0,247.94447326660156,258.74139404296875,265.6817321777344,271.20947265625,275.4761962890625,5333.7119140625,2820.478759765625,1337.2769775390625,672.0721435546875,46.863807678222656,270.65045166015625,93.0523681640625,89.3585433959961,1101.6092529296875,380.0,1.9999999494757503e-05,4.875,5339.73046875,2832.719482421875,1347.989013671875,686.3587646484375,65.78173828125,246.40928649902344,260.17059326171875,264.2484130859375,269.8544616699219,273.86322021484375,61.71626281738281,96.58999633789062,79.80791473388672,77.80770874023438,1.6820955276489258,1.404921531677246,0.7294158935546875,269.011474609375,266.605224609375,100817.75,90683.28125,,4.8531575202941895,85.0,,,120.0,32.0,9856.0,84.0,85.0,,86.0,,30.0,,30.0,30.0,14.0,0.0,262.7699890136719,262.66998291015625,98.0,19.0,35.599998474121094,38.400001525878906
2026-04-06T11:57,2026-04-06T12:00,24,train,0,2026,4,11,24,2026-04-05T12:00,24,2026-04-05T12:00,24,2026-04-05T12:00,21,2026-04-05T15:00,24,2026-04-05T12:00,24,2026-04-05T12:00,-999.0,100.0,100.0,0.0,0.0,1341.602294921875,1341.50439453125,82600.0,85000.0,1701.34619140625,15.467061042785645,243.9309844970703,261.40228271484375,264.1297302246094,269.23095703125,273.42626953125,5335.6982421875,2839.50732421875,1350.99658203125,63.31681442260742,264.1834716796875,91.5,386.2645263671875,0.0,100.0,0.0,10.960000038146973,19999.869140625,0.0,0.0,0.0,0.0,24134.9921875,0.0,0.0,253.87115478515625,274.0035705566406,286.5389709472656,290.7189636230469,297.1689758300781,5764.67041015625,3159.466064453125,1566.065673828125,848.54931640625,175.99874877929688,299.0482482910156,35.900001525878906,46.900001525878906,913.1640625,3315.360107421875,1195.7552490234375,67.0,0.0,0.0,100.0,244.6999969482422,262.1000061035156,263.0,267.70001220703125,271.70001220703125,5326.25634765625,2819.49853515625,1332.92822265625,675.0977172851562,53.801177978515625,265.6499938964844,97.4000015258789,100.0,798.3200073242188,27.520000457763672,0.0010999999940395355,9.8125,1003.6729125976562,100.0,0.0,0.0,100.0,13600.0,244.7719268798828,259.37945556640625,263.1980285644531,268.92352294921875,273.358642578125,5327.033203125,2831.582275390625,1352.244873046875,693.25439453125,69.8613510131836,268.56591796875,89.69398498535156,84.80982208251953,862.3104248046875,70.0,9.999999747378752e-06,6.625,5332.0078125,2833.140625,1349.151123046875,688.3218383789062,68.7998046875,244.7756805419922,260.1880798339844,263.88916015625,269.4899597167969,273.48095703125,59.85974884033203,96.18108367919922,80.82515716552734,78.44496154785156,1.85986328125,1.3626375198364258,0.7097816467285156,268.76776123046875,266.33026123046875,100853.5625,90702.96875,,4.770380020141602,86.0,0.0,7620.0,0.0,0.0,0.0,100.0,100.0,100.0,100.0,100.0,66.0,69.0,73.0,80.0,11.0,0.0,262.0299987792969,262.04998779296875,99.0,13.0,37.20000076293945,40.900001525878906
2026-04-20T12:56,2026-04-20T13:00,1,train,0,2026,4,12,1,2026-04-20T12:00,1,2026-04-20T12:00,1,2026-04-20T12:00,1,2026-04-20T12:00,0,2026-04-20T12:00,1,2026-04-20T12:00,-999.0,100.0,100.0,0.0,0.0,2046.91064453125,1341.62939453125,nan,86000.0,nan,7.622466564178467,240.96006774902344,254.28067016601562,264.0000915527344,269.774658203125,274.0685729980469,5342.3359375,2901.7333984375,1431.1478271484375,151.60531616210938,265.67724609375,93.5999984741211,756.0958862304688,158.0,13300.0,0.0,0.0020000000949949026,19999.82421875,0.0,0.0,5.0,0.0,24135.0078125,0.0,0.0,255.21804809570312,272.64337158203125,283.1539306640625,289.406982421875,296.29718017578125,5674.2998046875,3072.861083984375,1484.54150390625,773.135986328125,101.95812225341797,298.8449401855469,43.79999923706055,65.9000015258789,1358.9896240234375,2996.800048828125,20000.099609375,39.0,0.0,0.0,100.0,240.8000030517578,255.1999969482422,264.1000061035156,269.20001220703125,273.20001220703125,5339.86669921875,2900.14453125,1429.091552734375,767.5064086914062,140.05140686035156,267.20001220703125,97.9000015258789,100.0,811.52001953125,265.44000244140625,0.0010999999940395355,1.1875,1066.279296875,100.0,0.0,0.0,100.0,15300.0,241.28482055664062,253.61138916015625,264.22296142578125,269.96832275390625,274.5636291503906,5343.75341796875,2904.435546875,1434.909912109375,773.3153686523438,154.6417236328125,270.48895263671875,88.20551300048828,84.98298645019531,1053.5374755859375,350.0,0.0,0.0,5343.06640625,2897.74853515625,1423.8935546875,761.94873046875,140.884521484375,241.80654907226562,254.6831512451172,264.15435791015625,270.01861572265625,274.173095703125,55.343849182128906,89.02886962890625,75.16571044921875,71.16361999511719,0.9013137817382812,0.64288330078125,0.6724214553833008,270.1499938964844,266.3374938964844,101781.75,91588.203125,,3.953819751739502,72.0,0.0,7620.0,0.0,0.0,209.0,69.0,77.0,83.0,83.0,85.0,62.0,62.0,62.0,62.0,31.0,192.0,262.4700012207031,261.1199951171875,89.0,3.0,22.0,23.600000381469727
2026-04-20T12:56,2026-04-20T13:00,24,train,0,2026,4,12,25,2026-04-19T12:00,25,2026-04-19T12:00,25,2026-04-19T12:00,22,2026-04-19T15:00,24,2026-04-19T12:00,24,2026-04-19T13:00,-999.0,100.0,100.0,0.0,0.0,1567.2816162109375,1341.4979248046875,nan,86000.0,1861.4681396484375,9.655556678771973,240.8668670654297,254.49911499023438,263.4302978515625,269.13067626953125,273.42779541015625,5347.806640625,2905.71044921875,1436.14501953125,157.97528076171875,265.0704040527344,95.0,630.2847900390625,68.31999969482422,12800.0,0.0,25.010000228881836,19999.806640625,5.0,0.0,5.0,0.0,24134.87890625,0.0,0.0,255.29302978515625,272.6026306152344,283.57269287109375,290.1426086425781,297.1381530761719,5677.1552734375,3073.028076171875,1484.7635498046875,771.8291625976562,99.24752807617188,298.4964294433594,40.70000076293945,58.400001525878906,1592.73291015625,3003.360107421875,1195.6529541015625,62.0,0.0,0.0,0.0,240.1999969482422,255.8000030517578,262.29998779296875,267.20001220703125,271.20001220703125,5333.93017578125,2895.98193359375,1421.5517578125,764.9667358398438,141.27943420410156,265.3800048828125,97.5,100.0,361.5199890136719,0.0,0.0,0.5,1034.5677490234375,100.0,0.0,0.0,100.0,14900.0,240.4848175048828,253.40142822265625,262.66839599609375,268.1964111328125,272.7665710449219,5334.2607421875,2899.999755859375,1435.20166015625,777.8958740234375,161.03866577148438,268.7547912597656,88.49748992919922,86.52957916259766,884.5026245117188,80.0,9.999999747378752e-06,16.0,5341.1328125,2896.651611328125,1418.69580078125,758.54541015625,139.076416015625,241.38223266601562,255.4523162841797,264.04107666015625,269.255126953125,273.40362548828125,44.025428771972656,77.66234588623047,81.5673599243164,76.17815399169922,1.348952293395996,1.4673423767089844,0.5969791412353516,269.2312927246094,266.2000427246094,101762.8125,91535.34375,,3.5424294471740723,59.0,0.0,7620.0,0.0,0.0,209.0,60.0,60.0,63.0,68.0,75.0,59.0,64.0,66.0,73.0,21.0,80.0,262.6499938964844,261.1299743652344,88.0,2.0,22.799999237060547,24.799999237060547
2026-04-20T12:56,2026-04-20T13:00,48,train,0,2026,4,12,43,2026-04-18T18:00,49,2026-04-18T12:00,49,2026-04-18T12:00,46,2026-04-18T15:00,48,2026-04-18T12:00,36,2026-04-19T01:00,-999.0,100.0,100.0,0.0,0.0,nan,1341.7528076171875,nan,85800.0,nan,7.945080757141113,239.93536376953125,255.73928833007812,264.7825622558594,270.41748046875,274.7281494140625,5332.578125,2899.1103515625,1419.77197265625,135.03518676757812,266.1879577636719,96.0999984741211,483.274658203125,241.1199951171875,12200.0,0.0,27.559999465942383,19999.818359375,4.300000190734863,78.80000305175781,5.0,0.0,24135.1640625,0.0,0.0,255.1116943359375,272.8030090332031,283.0645751953125,289.3545837402344,296.4161376953125,5676.1123046875,3070.563720703125,1484.33251953125,773.5384521484375,103.33509063720703,297.4159240722656,36.900001525878906,52.79999923706055,1553.2664794921875,3019.52001953125,1195.773193359375,54.0,0.0,0.0,0.0,241.1999969482422,253.5,262.3999938964844,267.29998779296875,271.29998779296875,5324.66064453125,2888.924072265625,1418.71728515625,761.646484375,136.66748046875,265.7799987792969,96.0999984741211,100.0,404.32000732421875,46.720001220703125,0.0003000000142492354,0.9375,1091.0074462890625,100.0,39.0,0.0,100.0,12000.0,241.13388061523438,254.95639038085938,265.25213623046875,270.59588623046875,275.03515625,5326.6484375,2891.18798828125,1413.578369140625,749.91259765625,129.9130859375,270.78118896484375,90.061279296875,90.1910400390625,968.067138671875,400.0,9.999999747378752e-06,25.125,5341.33984375,2898.898193359375,1416.721923828125,755.285400390625,134.618896484375,241.4716033935547,256.0516052246094,264.6183776855469,269.6841735839844,273.8004150390625,56.85221862792969,85.04728698730469,84.19095611572266,78.7020263671875,1.3082094192504883,1.435551643371582,0.525761604309082,269.5575866699219,267.0888366699219,101705.625,91499.0,,4.142679691314697,59.0,0.0,7620.0,0.0,0.0,256.0,100.0,100.0,100.0,100.0,100.0,59.0,65.0,68.0,72.0,31.0,192.0,263.6499938964844,261.2599792480469,83.0,8.0,23.200000762939453,25.299999237060547
2026-05-18T13:54,2026-05-18T14:00,1,train,0,2026,5,13,1,2026-05-18T13:00,2,2026-05-18T12:00,2,2026-05-18T12:00,1,2026-05-18T13:00,3,2026-05-18T12:00,1,2026-05-18T13:00,-999.0,0.0,9.0,80.0,26.0,nan,6667.681640625,nan,44600.0,nan,3.5136406421661377,260.6905212402344,275.58892822265625,284.15936279296875,286.44915771484375,290.4559326171875,5801.8466796875,3159.286865234375,1561.564697265625,189.692626953125,286.3645324707031,75.5999984741211,319.31353759765625,3585.43994140625,21600.0,0.0,0.012000000104308128,2496.185791015625,48.900001525878906,96.4000015258789,98.0,0.0,24134.87890625,0.0,0.0,258.4324951171875,268.39959716796875,278.5328369140625,285.1928405761719,292.1595458984375,5652.2626953125,3051.215576171875,1501.501708984375,802.09033203125,141.99978637695312,293.3409118652344,36.0,49.79999923706055,2401.45654296875,2080.800048828125,2353.76904296875,62.0,56.0,1.0,7200.0,261.29998779296875,277.0,283.8999938964844,283.5,287.70001220703125,5802.810546875,3152.445068359375,1546.63623046875,844.600341796875,183.63734436035156,281.739990234375,96.30000305175781,99.0,183.83999633789062,3657.60009765625,0.0006000000284984708,2.4375,8184.91357421875,5.0,67.0,100.0,0.0,22400.0,260.7125244140625,275.04595947265625,284.518798828125,285.401611328125,289.4068603515625,5797.697265625,3153.54296875,1558.3057861328125,850.5379638671875,189.33184814453125,286.9107360839844,74.25729370117188,66.76338195800781,365.6727600097656,3560.0,0.0,0.0,5813.0703125,3160.0478515625,1558.549072265625,852.9970092773438,198.86328125,262.24053955078125,276.68890380859375,284.1619873046875,284.1582336425781,288.4671325683594,67.89546203613281,66.18082427978516,76.02537536621094,73.76158142089844,-0.366180419921875,0.2956123352050781,0.15677356719970703,285.61859130859375,281.33734130859375,102396.9375,92648.2265625,,25.608558654785156,80.0,0.0,7620.0,822.0,624.0,16209.0,12.0,20.0,31.0,42.0,76.0,16.0,16.0,16.0,16.0,1.0,375.0,281.20001220703125,276.8999938964844,74.0,37.0,14.5,15.699999809265137
2026-05-18T13:54,2026-05-18T14:00,48,train,0,2026,5,13,44,2026-05-16T18:00,50,2026-05-16T12:00,50,2026-05-16T12:00,47,2026-05-16T15:00,45,2026-05-16T18:00,44,2026-05-16T18:00,-999.0,0.0,36.0,100.0,93.0,7767.7001953125,2831.61669921875,37100.0,73000.0,8373.0927734375,4.277853965759277,260.9440002441406,274.2095947265625,282.31561279296875,283.78143310546875,288.1692810058594,5800.47705078125,3159.333740234375,1569.7899169921875,208.09463500976562,284.3937072753906,76.9000015258789,312.6792297363281,3375.919921875,20900.0,0.0,8.109999656677246,1737.28662109375,99.4000015258789,100.0,84.9000015258789,0.0,24134.60546875,0.0,0.0,257.92999267578125,269.13812255859375,278.0961608886719,284.7268981933594,291.42327880859375,5650.90673828125,3052.099609375,1495.8653564453125,797.0143432617188,137.66815185546875,291.901123046875,46.70000076293945,63.5,1815.5238037109375,2306.8798828125,20000.12109375,15.0,44.0,0.0,24100.0,263.20001220703125,274.3999938964844,281.79998779296875,285.0,289.20001220703125,5797.587890625,3151.5859375,1562.5706787109375,860.284423828125,205.14512634277344,282.9100036621094,75.5,70.0,146.24000549316406,3420.47998046875,0.0,0.0625,12109.6533203125,9.0,41.0,0.0,9.0,20900.0,259.8482666015625,275.0469970703125,282.76129150390625,284.1438293457031,289.00341796875,5805.26318359375,3164.201904296875,1569.5015869140625,867.05224609375,208.16229248046875,287.19189453125,77.01254272460938,78.2109375,497.71234130859375,3460.0,0.0,1.3125,5816.11328125,3162.51025390625,1565.15283203125,859.5400390625,200.10693359375,261.8061828613281,275.65606689453125,282.98388671875,286.96209716796875,291.51812744140625,81.75007629394531,52.01913070678711,59.02586364746094,52.37342071533203,0.2889842987060547,0.05009746551513672,-0.4025096893310547,289.407958984375,280.782958984375,102396.8125,92715.265625,,22.788991928100586,58.0,,,,,,,,,,,,,,,0.0,773.0,281.5,272.6000061035156,53.0,6.0,9.600000381469727,10.300000190734863
2026-05-18T13:54,2026-05-18T14:00,24,train,0,2026,5,13,26,2026-05-17T12:00,26,2026-05-17T12:00,26,2026-05-17T12:00,23,2026-05-17T15:00,21,2026-05-17T18:00,24,2026-05-17T14:00,4134.2001953125,0.0,100.0,100.0,100.0,3165.800048828125,2722.11474609375,30400.0,74000.0,14125.1923828125,5.581297874450684,261.5249938964844,274.61431884765625,282.231689453125,284.0073547363281,288.2255859375,5808.40966796875,3163.232421875,1574.599365234375,210.19940185546875,283.3487243652344,78.4000015258789,280.13800048828125,3561.60009765625,11600.0,0.00019999999494757503,0.20000000298023224,1963.3116455078125,100.0,77.9000015258789,72.30000305175781,0.0,24135.248046875,0.0,0.0,257.6763610839844,269.0025634765625,278.4942932128906,285.19915771484375,292.0706481933594,5653.32421875,3051.468505859375,1497.5382080078125,797.8408203125,137.5318145751953,292.7974853515625,39.79999923706055,55.599998474121094,2239.361328125,2150.719970703125,2859.77392578125,13.0,99.0,100.0,24100.0,261.29998779296875,275.79998779296875,282.8999938964844,284.3999938964844,288.6000061035156,5800.65380859375,3155.013671875,1556.39794921875,854.7529907226562,201.929443359375,282.7799987792969,75.9000015258789,78.0,223.36000061035156,3561.760009765625,0.0,0.0,3322.210693359375,37.0,100.0,0.0,2.0,18800.0,261.7779235839844,275.1802978515625,283.20196533203125,284.0000305175781,288.0374755859375,5801.86669921875,3153.90185546875,1560.98095703125,856.4715576171875,198.25332641601562,285.144287109375,81.0999526977539,73.23869323730469,341.8269348144531,3520.0,0.0,0.0,5816.54296875,3163.12451171875,1561.130859375,856.134765625,198.75830078125,261.1930847167969,277.07122802734375,283.9073486328125,285.47119140625,290.030029296875,49.941246032714844,76.78128051757812,72.1404037475586,63.74441146850586,0.3038330078125,0.003307342529296875,-0.12543201446533203,287.2989501953125,281.7989501953125,102408.4375,92694.5078125,,24.694427490234375,58.0,0.0,7620.0,30.0,32.0,209.0,38.0,40.0,45.0,54.0,74.0,44.0,45.0,45.0,45.0,0.0,489.0,282.20001220703125,274.70001220703125,59.0,5.0,14.100000381469727,15.199999809265137
