valid_utc,model_valid_utc,target_lead_h,split,is_undercast,year,month,hour_utc,lead_hrrr,meta_init_hrrr,lead_gfs,meta_init_gfs,lead_nam,meta_init_nam,lead_rap,meta_init_rap,lead_ecmwf,meta_init_ecmwf,lead_nbm,meta_init_nbm,cloud_top_hrrr,boundary_layer_cloud_layer_hrrr,low_cloud_layer_percent_hrrr,middle_cloud_layer_percent_hrrr,high_cloud_layer_percent_hrrr,cloud_ceiling_m_hrrr,cloud_base_m_hrrr,cloud_top_pres_hrrr,cloud_base_pres_hrrr,cloud_top_hgt_hrrr,wind_10m_day_max_hrrr,tmp_500mb_hrrr,tmp_700mb_hrrr,tmp_850mb_hrrr,tmp_925mb_hrrr,tmp_1000mb_hrrr,hgt_500mb_hrrr,hgt_700mb_hrrr,hgt_850mb_hrrr,hgt_1000mb_hrrr,tmp_2m_hrrr,rh_2m_hrrr,hpbl_surface_hrrr,hgt_0C_iso_hrrr,vis_surface_hrrr,prate_surface_hrrr,apcp_surface_hrrr,cloud_ceiling_gfs,low_cloud_layer_percent_gfs,middle_cloud_layer_percent_gfs,high_cloud_layer_percent_gfs,boundary_layer_cloud_layer_gfs,vis_surface_gfs,prate_surface_gfs,apcp_surface_gfs,tmp_500mb_gfs,tmp_700mb_gfs,tmp_850mb_gfs,tmp_925mb_gfs,tmp_1000mb_gfs,hgt_500mb_gfs,hgt_700mb_gfs,hgt_850mb_gfs,hgt_925mb_gfs,hgt_1000mb_gfs,tmp_2m_gfs,rh_2m_gfs,rh_925mb_gfs,hpbl_surface_gfs,hgt_0C_iso_gfs,cloud_ceiling_nam,low_cloud_layer_percent_nam,middle_cloud_layer_percent_nam,high_cloud_layer_percent_nam,vis_surface_nam,tmp_500mb_nam,tmp_700mb_nam,tmp_850mb_nam,tmp_925mb_nam,tmp_1000mb_nam,hgt_500mb_nam,hgt_700mb_nam,hgt_850mb_nam,hgt_925mb_nam,hgt_1000mb_nam,tmp_2m_nam,rh_2m_nam,rh_925mb_nam,hpbl_surface_nam,hgt_0C_iso_nam,prate_surface_nam,apcp_surface_nam,cloud_ceiling_m_rap,low_cloud_layer_percent_rap,middle_cloud_layer_percent_rap,high_cloud_layer_percent_rap,boundary_layer_cloud_layer_rap,vis_surface_rap,tmp_500mb_rap,tmp_700mb_rap,tmp_850mb_rap,tmp_925mb_rap,tmp_1000mb_rap,hgt_500mb_rap,hgt_700mb_rap,hgt_850mb_rap,hgt_925mb_rap,hgt_1000mb_rap,tmp_2m_rap,rh_2m_rap,rh_925mb_rap,hpbl_surface_rap,hgt_0C_iso_rap,prate_surface_rap,apcp_surface_rap,hgt_500mb_ecmwf,hgt_700mb_ecmwf,hgt_850mb_ecmwf,hgt_925mb_ecmwf,hgt_1000mb_ecmwf,tmp_500mb_ecmwf,tmp_700mb_ecmwf,tmp_850mb_ecmwf,tmp_925mb_ecmwf,tmp_1000mb_ecmwf,rh_700mb_ecmwf,rh_850mb_ecmwf,rh_925mb_ecmwf,rh_1000mb_ecmwf,vvel_700mb_ecmwf,vvel_850mb_ecmwf,vvel_925mb_ecmwf,tmp_2m_ecmwf,dpt_2m_ecmwf,mslp_ecmwf,sp_surface_ecmwf,cape_ecmwf,tcwv_ecmwf,tcdc_surface_nbm,tcdc_high_cloud_nbm,cdcb_high_cloud_nbm,cloud_ceiling_m_nbm,cloud_base_m_nbm,vis_surface_nbm,ceil_prob_below_152m_nbm,ceil_prob_below_305m_nbm,ceil_prob_below_610m_nbm,ceil_prob_below_914m_nbm,ceil_prob_below_2012m_nbm,vis_prob_below_1609m_nbm,vis_prob_below_3219m_nbm,vis_prob_below_4828m_nbm,vis_prob_below_8047m_nbm,cape_surface_nbm,mixing_height_nbm,tmp_2m_nbm,dpt_2m_nbm,rh_2m_nbm,apcp_surface_nbm,wind_10m_nbm,gust_surface_nbm
2014-09-07T22:48,2014-09-07T23:00,48,train,0,2014,9,22,,,,,,,,,,,,,,,,,,,,,,,,,,,,,,,,,,,,,,,,,,,,,,,,,,,,,,,,,,,,,,,,,,,,,,,,,,,,,,,,,,,,,,,,,,,,,,,,,,,,,,,,,,,,,,,,,,,,,,,,,,,,,,,,,,,,,,,,,,,,,,,,,,,,,,,,,
2014-09-07T22:48,2014-09-07T23:00,24,train,0,2014,9,22,,,,,,,,,,,,,,,,,,,,,,,,,,,,,,,,,,,,,,,,,,,,,,,,,,,,,,,,,,,,,,,,,,,,,,,,,,,,,,,,,,,,,,,,,,,,,,,,,,,,,,,,,,,,,,,,,,,,,,,,,,,,,,,,,,,,,,,,,,,,,,,,,,,,,,,,,
2014-09-17T23:50,2014-09-18T00:00,1,train,0,2014,9,23,1,2014-09-17T23:00,,,,,,,,,,,-999.0,23.375,23.375,4.125,0.0,1816.0977783203125,2014.7568359375,72000.0,79400.0,3130.558837890625,3.934351682662964,256.49798583984375,269.1465759277344,278.78265380859375,284.257568359375,288.4441223144531,5612.0703125,3019.4208984375,1462.5394287109375,107.94477844238281,281.0276184082031,,0.0,,11600.0,0.0,0.019999999552965164,,,,,,,,,,,,,,,,,,,,,,,,,,,,,,,,,,,,,,,,,,,,,,,,,,,,,,,,,,,,,,,,,,,,,,,,,,,,,,,,,,,,,,,,,,,,,,,,,,,,,,,,,,,,,,,,,,
2014-09-07T22:48,2014-09-07T23:00,1,train,0,2014,9,22,1,2014-09-07T22:00,,,,,,,,,,,-999.0,0.25,0.25,0.0,0.0,nan,nan,nan,nan,nan,9.212404251098633,262.1607360839844,275.6305847167969,282.29913330078125,287.04327392578125,291.5234375,5768.294921875,3115.495361328125,1527.8690185546875,154.42599487304688,284.27618408203125,,238.3125,,14200.0,0.0,0.0,,,,,,,,,,,,,,,,,,,,,,,,,,,,,,,,,,,,,,,,,,,,,,,,,,,,,,,,,,,,,,,,,,,,,,,,,,,,,,,,,,,,,,,,,,,,,,,,,,,,,,,,,,,,,,,,,,
2014-09-17T23:50,2014-09-18T00:00,48,train,0,2014,9,23,,,,,,,,,,,,,,,,,,,,,,,,,,,,,,,,,,,,,,,,,,,,,,,,,,,,,,,,,,,,,,,,,,,,,,,,,,,,,,,,,,,,,,,,,,,,,,,,,,,,,,,,,,,,,,,,,,,,,,,,,,,,,,,,,,,,,,,,,,,,,,,,,,,,,,,,,
2014-09-17T23:50,2014-09-18T00:00,24,train,0,2014,9,23,,,,,,,,,,,,,,,,,,,,,,,,,,,,,,,,,,,,,,,,,,,,,,,,,,,,,,,,,,,,,,,,,,,,,,,,,,,,,,,,,,,,,,,,,,,,,,,,,,,,,,,,,,,,,,,,,,,,,,,,,,,,,,,,,,,,,,,,,,,,,,,,,,,,,,,,,
2014-09-29T13:55,2014-09-29T14:00,24,train,0,2014,9,13,,,,,,,,,,,,,,,,,,,,,,,,,,,,,,,,,,,,,,,,,,,,,,,,,,,,,,,,,,,,,,,,,,,,,,,,,,,,,,,,,,,,,,,,,,,,,,,,,,,,,,,,,,,,,,,,,,,,,,,,,,,,,,,,,,,,,,,,,,,,,,,,,,,,,,,,,
2014-09-29T13:55,2014-09-29T14:00,48,train,0,2014,9,13,,,,,,,,,,,,,,,,,,,,,,,,,,,,,,,,,,,,,,,,,,,,,,,,,,,,,,,,,,,,,,,,,,,,,,,,,,,,,,,,,,,,,,,,,,,,,,,,,,,,,,,,,,,,,,,,,,,,,,,,,,,,,,,,,,,,,,,,,,,,,,,,,,,,,,,,,
2014-10-13T03:56,2014-10-13T04:00,48,train,0,2014,10,3,,,,,,,,,,,,,,,,,,,,,,,,,,,,,,,,,,,,,,,,,,,,,,,,,,,,,,,,,,,,,,,,,,,,,,,,,,,,,,,,,,,,,,,,,,,,,,,,,,,,,,,,,,,,,,,,,,,,,,,,,,,,,,,,,,,,,,,,,,,,,,,,,,,,,,,,,
2014-10-13T03:56,2014-10-13T04:00,1,train,0,2014,10,3,1,2014-10-13T03:00,,,,,,,,,,,-999.0,0.0,0.0,0.0,0.0,nan,nan,nan,nan,nan,4.9675374031066895,257.64324951171875,273.91229248046875,278.5153503417969,280.65899658203125,284.4747314453125,5747.681640625,3123.2998046875,1547.7236328125,199.94903564453125,277.30010986328125,,0.0,,20000.0,0.0,0.0,,,,,,,,,,,,,,,,,,,,,,,,,,,,,,,,,,,,,,,,,,,,,,,,,,,,,,,,,,,,,,,,,,,,,,,,,,,,,,,,,,,,,,,,,,,,,,,,,,,,,,,,,,,,,,,,,,
2014-10-13T03:56,2014-10-13T04:00,24,train,0,2014,10,3,,,,,,,,,,,,,,,,,,,,,,,,,,,,,,,,,,,,,,,,,,,,,,,,,,,,,,,,,,,,,,,,,,,,,,,,,,,,,,,,,,,,,,,,,,,,,,,,,,,,,,,,,,,,,,,,,,,,,,,,,,,,,,,,,,,,,,,,,,,,,,,,,,,,,,,,,
2014-09-29T13:55,2014-09-29T14:00,1,train,0,2014,9,13,1,2014-09-29T13:00,,,,,,,,,,,-999.0,23.125,0.0,5.0,23.125,nan,nan,nan,nan,nan,4.181082248687744,259.7359924316406,277.25567626953125,284.64666748046875,289.3359680175781,293.920654296875,5764.818359375,3113.21435546875,1513.895751953125,130.34449768066406,287.37432861328125,,398.8125,,16900.0,0.0,0.0,,,,,,,,,,,,,,,,,,,,,,,,,,,,,,,,,,,,,,,,,,,,,,,,,,,,,,,,,,,,,,,,,,,,,,,,,,,,,,,,,,,,,,,,,,,,,,,,,,,,,,,,,,,,,,,,,,
2014-10-28T08:57,2014-10-28T09:00,1,train,0,2014,10,8,1,2014-10-28T08:00,,,,,,,,,,,-999.0,26.125,22.625,26.125,0.625,nan,nan,nan,nan,nan,3.355982780456543,258.2186279296875,272.78497314453125,279.595703125,281.0086669921875,285.00738525390625,5668.9091796875,3046.344482421875,1471.3443603515625,122.00281524658203,276.77667236328125,,0.0,,18900.0,0.0,0.0,,,,,,,,,,,,,,,,,,,,,,,,,,,,,,,,,,,,,,,,,,,,,,,,,,,,,,,,,,,,,,,,,,,,,,,,,,,,,,,,,,,,,,,,,,,,,,,,,,,,,,,,,,,,,,,,,,
2014-11-19T08:50,2014-11-19T09:00,1,train,0,2014,11,8,1,2014-11-19T08:00,,,,,,,,,,,-999.0,35.375,35.375,5.0,0.0,1285.472412109375,1225.9776611328125,73700.0,86300.0,2936.830810546875,11.912769317626953,234.69754028320312,249.86392211914062,257.4570617675781,262.0133972167969,265.9818420410156,5157.3505859375,2775.9462890625,1334.273681640625,86.303955078125,258.312255859375,,470.3125,,10000.0,0.0,0.029999999329447746,,,,,,,,,,,,,,,,,,,,,,,,,,,,,,,,,,,,,,,,,,,,,,,,,,,,,,,,,,,,,,,,,,,,,,,,,,,,,,,,,,,,,,,,,,,,,,,,,,,,,,,,,,,,,,,,,,
2014-10-28T08:57,2014-10-28T09:00,24,train,0,2014,10,8,,,,,,,,,,,,,,,,,,,,,,,,,,,,,,,,,,,,,,,,,,,,,,,,,,,,,,,,,,,,,,,,,,,,,,,,,,,,,,,,,,,,,,,,,,,,,,,,,,,,,,,,,,,,,,,,,,,,,,,,,,,,,,,,,,,,,,,,,,,,,,,,,,,,,,,,,
2014-10-28T08:57,2014-10-28T09:00,48,train,0,2014,10,8,,,,,,,,,,,,,,,,,,,,,,,,,,,,,,,,,,,,,,,,,,,,,,,,,,,,,,,,,,,,,,,,,,,,,,,,,,,,,,,,,,,,,,,,,,,,,,,,,,,,,,,,,,,,,,,,,,,,,,,,,,,,,,,,,,,,,,,,,,,,,,,,,,,,,,,,,
2014-11-19T08:50,2014-11-19T09:00,48,train,0,2014,11,8,,,,,,,,,,,,,,,,,,,,,,,,,,,,,,,,,,,,,,,,,,,,,,,,,,,,,,,,,,,,,,,,,,,,,,,,,,,,,,,,,,,,,,,,,,,,,,,,,,,,,,,,,,,,,,,,,,,,,,,,,,,,,,,,,,,,,,,,,,,,,,,,,,,,,,,,,
2014-11-19T08:50,2014-11-19T09:00,24,train,0,2014,11,8,,,,,,,,,,,,,,,,,,,,,,,,,,,,,,,,,,,,,,,,,,,,,,,,,,,,,,,,,,,,,,,,,,,,,,,,,,,,,,,,,,,,,,,,,,,,,,,,,,,,,,,,,,,,,,,,,,,,,,,,,,,,,,,,,,,,,,,,,,,,,,,,,,,,,,,,,
2014-12-04T00:53,2014-12-04T01:00,1,train,0,2014,12,0,1,2014-12-04T00:00,,,,,,,,,,,2301.39990234375,42.125,42.125,0.0,0.0,1389.0531005859375,1226.877685546875,71400.0,86800.0,2509.41552734375,15.698413848876953,247.55062866210938,260.6622314453125,268.0098876953125,272.74420166015625,276.745361328125,5388.49853515625,2883.51953125,1382.652099609375,82.9469223022461,269.55426025390625,,0.0,,400.0,0.0008999999845400453,1.0470000505447388,,,,,,,,,,,,,,,,,,,,,,,,,,,,,,,,,,,,,,,,,,,,,,,,,,,,,,,,,,,,,,,,,,,,,,,,,,,,,,,,,,,,,,,,,,,,,,,,,,,,,,,,,,,,,,,,,,
2014-12-04T00:53,2014-12-04T01:00,48,train,0,2014,12,0,,,,,,,,,,,,,,,,,,,,,,,,,,,,,,,,,,,,,,,,,,,,,,,,,,,,,,,,,,,,,,,,,,,,,,,,,,,,,,,,,,,,,,,,,,,,,,,,,,,,,,,,,,,,,,,,,,,,,,,,,,,,,,,,,,,,,,,,,,,,,,,,,,,,,,,,,
2014-12-04T00:53,2014-12-04T01:00,24,train,0,2014,12,0,,,,,,,,,,,,,,,,,,,,,,,,,,,,,,,,,,,,,,,,,,,,,,,,,,,,,,,,,,,,,,,,,,,,,,,,,,,,,,,,,,,,,,,,,,,,,,,,,,,,,,,,,,,,,,,,,,,,,,,,,,,,,,,,,,,,,,,,,,,,,,,,,,,,,,,,,
2014-12-11T21:47,2014-12-11T22:00,48,train,0,2014,12,21,,,,,,,,,,,,,,,,,,,,,,,,,,,,,,,,,,,,,,,,,,,,,,,,,,,,,,,,,,,,,,,,,,,,,,,,,,,,,,,,,,,,,,,,,,,,,,,,,,,,,,,,,,,,,,,,,,,,,,,,,,,,,,,,,,,,,,,,,,,,,,,,,,,,,,,,,
2014-12-11T21:47,2014-12-11T22:00,24,train,0,2014,12,21,,,,,,,,,,,,,,,,,,,,,,,,,,,,,,,,,,,,,,,,,,,,,,,,,,,,,,,,,,,,,,,,,,,,,,,,,,,,,,,,,,,,,,,,,,,,,,,,,,,,,,,,,,,,,,,,,,,,,,,,,,,,,,,,,,,,,,,,,,,,,,,,,,,,,,,,,
2014-12-11T21:47,2014-12-11T22:00,1,train,0,2014,12,21,1,2014-12-11T21:00,,,,,,,,,,,-999.0,66.5,66.5,0.0,0.0,1363.62353515625,1226.7027587890625,70900.0,86200.0,1980.0367431640625,3.907949924468994,245.94003295898438,259.58648681640625,266.6945495605469,270.86871337890625,274.92352294921875,5318.1240234375,2818.607421875,1321.3468017578125,26.860015869140625,267.8794250488281,,0.0,,5300.0,9.999999747378752e-05,0.25099998712539673,,,,,,,,,,,,,,,,,,,,,,,,,,,,,,,,,,,,,,,,,,,,,,,,,,,,,,,,,,,,,,,,,,,,,,,,,,,,,,,,,,,,,,,,,,,,,,,,,,,,,,,,,,,,,,,,,,
2014-12-19T08:54,2014-12-19T09:00,24,train,0,2014,12,8,,,,,,,,,,,,,,,,,,,,,,,,,,,,,,,,,,,,,,,,,,,,,,,,,,,,,,,,,,,,,,,,,,,,,,,,,,,,,,,,,,,,,,,,,,,,,,,,,,,,,,,,,,,,,,,,,,,,,,,,,,,,,,,,,,,,,,,,,,,,,,,,,,,,,,,,,
2014-12-27T17:56,2014-12-27T18:00,24,train,1,2014,12,17,,,,,,,,,,,,,,,,,,,,,,,,,,,,,,,,,,,,,,,,,,,,,,,,,,,,,,,,,,,,,,,,,,,,,,,,,,,,,,,,,,,,,,,,,,,,,,,,,,,,,,,,,,,,,,,,,,,,,,,,,,,,,,,,,,,,,,,,,,,,,,,,,,,,,,,,,
2014-12-27T17:56,2014-12-27T18:00,48,train,1,2014,12,17,,,,,,,,,,,,,,,,,,,,,,,,,,,,,,,,,,,,,,,,,,,,,,,,,,,,,,,,,,,,,,,,,,,,,,,,,,,,,,,,,,,,,,,,,,,,,,,,,,,,,,,,,,,,,,,,,,,,,,,,,,,,,,,,,,,,,,,,,,,,,,,,,,,,,,,,,
2014-12-19T08:54,2014-12-19T09:00,48,train,0,2014,12,8,,,,,,,,,,,,,,,,,,,,,,,,,,,,,,,,,,,,,,,,,,,,,,,,,,,,,,,,,,,,,,,,,,,,,,,,,,,,,,,,,,,,,,,,,,,,,,,,,,,,,,,,,,,,,,,,,,,,,,,,,,,,,,,,,,,,,,,,,,,,,,,,,,,,,,,,,
2014-12-27T17:56,2014-12-27T18:00,1,train,1,2014,12,17,1,2014-12-27T17:00,,,,,,,,,,,-999.0,13.125,13.125,0.0,0.0,nan,nan,nan,nan,nan,9.255640983581543,253.04794311523438,269.4306945800781,272.75115966796875,275.0145263671875,278.98724365234375,5596.2529296875,3017.7314453125,1473.636474609375,149.66436767578125,273.81060791015625,,0.0,,12800.0,0.0,0.0,,,,,,,,,,,,,,,,,,,,,,,,,,,,,,,,,,,,,,,,,,,,,,,,,,,,,,,,,,,,,,,,,,,,,,,,,,,,,,,,,,,,,,,,,,,,,,,,,,,,,,,,,,,,,,,,,,
2014-12-19T08:54,2014-12-19T09:00,1,train,0,2014,12,8,4,2014-12-19T05:00,,,,,,,,,,,-999.0,19.25,19.25,4.25,6.125,nan,4311.80419921875,45900.0,58000.0,nan,9.392877578735352,250.14041137695312,264.9075927734375,265.63970947265625,267.59210205078125,271.40252685546875,5410.8447265625,2864.719482421875,1354.552978515625,58.41924285888672,264.557373046875,,0.0,,10000.0,0.0,0.00800000037997961,,,,,,,,,,,,,,,,,,,,,,,,,,,,,,,,,,,,,,,,,,,,,,,,,,,,,,,,,,,,,,,,,,,,,,,,,,,,,,,,,,,,,,,,,,,,,,,,,,,,,,,,,,,,,,,,,,
2015-02-10T22:55,2015-02-10T23:00,24,train,1,2015,2,22,,,,,,,,,,,,,,,,,,,,,,,,,,,,,,,,,,,,,,,,,,,,,,,,,,,,,,,,,,,,,,,,,,,,,,,,,,,,,,,,,,,,,,,,,,,,,,,,,,,,,,,,,,,,,,,,,,,,,,,,,,,,,,,,,,,,,,,,,,,,,,,,,,,,,,,,,
2015-02-10T22:55,2015-02-10T23:00,1,train,1,2015,2,22,1,2015-02-10T22:00,,,,,,,,,,,-999.0,5.625,5.625,0.0,0.0,nan,nan,nan,nan,nan,8.092241287231445,249.13815307617188,264.3738098144531,266.1864013671875,266.9771728515625,270.67559814453125,5471.423828125,2940.63818359375,1427.843505859375,137.78358459472656,264.546630859375,,0.0,,13500.0,0.0,0.0020000000949949026,,,,,,,,,,,,,,,,,,,,,,,,,,,,,,,,,,,,,,,,,,,,,,,,,,,,,,,,,,,,,,,,,,,,,,,,,,,,,,,,,,,,,,,,,,,,,,,,,,,,,,,,,,,,,,,,,,
2015-01-12T16:50,2015-01-12T17:00,24,train,0,2015,1,16,,,,,,,,,,,,,,,,,,,,,,,,,,,,,,,,,,,,,,,,,,,,,,,,,,,,,,,,,,,,,,,,,,,,,,,,,,,,,,,,,,,,,,,,,,,,,,,,,,,,,,,,,,,,,,,,,,,,,,,,,,,,,,,,,,,,,,,,,,,,,,,,,,,,,,,,,
2015-01-12T16:50,2015-01-12T17:00,48,train,0,2015,1,16,,,,,,,,,,,,,,,,,,,,,,,,,,,,,,,,,,,,,,,,,,,,,,,,,,,,,,,,,,,,,,,,,,,,,,,,,,,,,,,,,,,,,,,,,,,,,,,,,,,,,,,,,,,,,,,,,,,,,,,,,,,,,,,,,,,,,,,,,,,,,,,,,,,,,,,,,
2015-01-12T16:50,2015-01-12T17:00,1,train,0,2015,1,16,1,2015-01-12T16:00,,,,,,,,,,,4637.7998046875,100.0,35.875,100.0,100.0,2241.365478515625,1226.8465576171875,31500.0,87700.0,11249.98828125,11.883079528808594,253.2377166748047,265.6670227050781,268.5114440917969,270.9501953125,274.6536560058594,5547.5205078125,2980.8828125,1461.10107421875,158.72543334960938,269.94805908203125,,0.0,,1000.0,0.00039999998989515007,0.9520000219345093,,,,,,,,,,,,,,,,,,,,,,,,,,,,,,,,,,,,,,,,,,,,,,,,,,,,,,,,,,,,,,,,,,,,,,,,,,,,,,,,,,,,,,,,,,,,,,,,,,,,,,,,,,,,,,,,,,
2015-02-10T22:55,2015-02-10T23:00,48,train,1,2015,2,22,,,,,,,,,,,,,,,,,,,,,,,,,,,,,,,,,,,,,,,,,,,,,,,,,,,,,,,,,,,,,,,,,,,,,,,,,,,,,,,,,,,,,,,,,,,,,,,,,,,,,,,,,,,,,,,,,,,,,,,,,,,,,,,,,,,,,,,,,,,,,,,,,,,,,,,,,
2015-04-10T06:52,2015-04-10T07:00,1,train,0,2015,4,6,1,2015-04-10T06:00,,,,,,,,,,,5355.7998046875,67.125,51.0,58.25,67.125,1243.4661865234375,1226.868896484375,34000.0,87800.0,9411.0859375,10.544754981994629,259.49481201171875,273.6461181640625,273.969970703125,272.7198791503906,276.3791809082031,5673.3095703125,3039.630859375,1471.466552734375,146.02102661132812,269.998046875,,126.1875,,100.0,0.00019999999494757503,0.5879999995231628,,,,,,,,,,,,,,,,,,,,,,,,,,,,,,,,,,,,,,,,,,,,,,,,,,,,,,,,,,,,,,,,,,,,,,,,,,,,,,,,,,,,,,,,,,,,,,,,,,,,,,,,,,,,,,,,,,
2015-04-10T06:52,2015-04-10T07:00,24,train,0,2015,4,6,,,,,,,,,,,,,,,,,,,,,,,,,,,,,,,,,,,,,,,,,,,,,,,,,,,,,,,,,,,,,,,,,,,,,,,,,,,,,,,,,,,,,,,,,,,,,,,,,,,,,,,,,,,,,,,,,,,,,,,,,,,,,,,,,,,,,,,,,,,,,,,,,,,,,,,,,
2015-04-10T06:52,2015-04-10T07:00,48,train,0,2015,4,6,,,,,,,,,,,,,,,,,,,,,,,,,,,,,,,,,,,,,,,,,,,,,,,,,,,,,,,,,,,,,,,,,,,,,,,,,,,,,,,,,,,,,,,,,,,,,,,,,,,,,,,,,,,,,,,,,,,,,,,,,,,,,,,,,,,,,,,,,,,,,,,,,,,,,,,,,
2015-06-02T15:48,2015-06-02T16:00,1,train,0,2015,6,15,1,2015-06-02T15:00,,,,,,,,,,,-999.0,87.75,87.75,5.0,54.625,1291.5345458984375,1283.48876953125,80000.0,87500.0,2239.0068359375,3.63173770904541,260.93475341796875,273.6292724609375,275.04278564453125,278.174072265625,282.6884765625,5722.72265625,3083.22265625,1515.7799072265625,176.17921447753906,277.14788818359375,,251.4375,,300.0,0.0,0.0,,,,,,,,,,,,,,,,,,,,,,,,,,,,,,,,,,,,,,,,,,,,,,,,,,,,,,,,,,,,,,,,,,,,,,,,,,,,,,,,,,,,,,,,,,,,,,,,,,,,,,,,,,,,,,,,,,
2015-06-02T15:48,2015-06-02T16:00,24,train,0,2015,6,15,,,,,,,,,,,,,,,,,,,,,,,,,,,,,,,,,,,,,,,,,,,,,,,,,,,,,,,,,,,,,,,,,,,,,,,,,,,,,,,,,,,,,,,,,,,,,,,,,,,,,,,,,,,,,,,,,,,,,,,,,,,,,,,,,,,,,,,,,,,,,,,,,,,,,,,,,
2015-06-02T15:48,2015-06-02T16:00,48,train,0,2015,6,15,,,,,,,,,,,,,,,,,,,,,,,,,,,,,,,,,,,,,,,,,,,,,,,,,,,,,,,,,,,,,,,,,,,,,,,,,,,,,,,,,,,,,,,,,,,,,,,,,,,,,,,,,,,,,,,,,,,,,,,,,,,,,,,,,,,,,,,,,,,,,,,,,,,,,,,,,
2015-06-29T05:47,2015-06-29T06:00,1,train,0,2015,6,5,1,2015-06-29T05:00,,,,,,,,,,,-999.0,64.625,64.625,0.0,0.0,nan,nan,nan,nan,nan,7.6902618408203125,259.60333251953125,275.5762023925781,279.22186279296875,282.228759765625,286.3904724121094,5640.80029296875,2997.1455078125,1413.3212890625,54.401832580566406,279.67962646484375,,0.0,,8300.0,0.0,0.0,,,,,,,,,,,,,,,,,,,,,,,,,,,,,,,,,,,,,,,,,,,,,,,,,,,,,,,,,,,,,,,,,,,,,,,,,,,,,,,,,,,,,,,,,,,,,,,,,,,,,,,,,,,,,,,,,,
2015-06-29T05:47,2015-06-29T06:00,48,train,0,2015,6,5,,,,,,,,,,,,,,,,,,,,,,,,,,,,,,,,,,,,,,,,,,,,,,,,,,,,,,,,,,,,,,,,,,,,,,,,,,,,,,,,,,,,,,,,,,,,,,,,,,,,,,,,,,,,,,,,,,,,,,,,,,,,,,,,,,,,,,,,,,,,,,,,,,,,,,,,,
2015-06-29T05:47,2015-06-29T06:00,24,train,0,2015,6,5,,,,,,,,,,,,,,,,,,,,,,,,,,,,,,,,,,,,,,,,,,,,,,,,,,,,,,,,,,,,,,,,,,,,,,,,,,,,,,,,,,,,,,,,,,,,,,,,,,,,,,,,,,,,,,,,,,,,,,,,,,,,,,,,,,,,,,,,,,,,,,,,,,,,,,,,,
2015-09-07T15:50,2015-09-07T16:00,1,train,0,2015,9,15,1,2015-09-07T15:00,,,,,,,,,,,-999.0,6.375,0.875,0.0,6.375,nan,nan,nan,nan,nan,10.642035484313965,266.13641357421875,281.5429382324219,290.2568054199219,295.6717529296875,300.5056457519531,5843.900390625,3145.02099609375,1513.8564453125,101.18006896972656,293.96380615234375,,411.25,,11900.0,0.0,0.00800000037997961,,,,,,,,,,,,,,,,,,,,,,,,,,,,,,,,,,,,,,,,,,,,,,,,,,,,,,,,,,,,,,,,,,,,,,,,,,,,,,,,,,,,,,,,,,,,,,,,,,,,,,,,,,,,,,,,,,
2015-09-07T15:50,2015-09-07T16:00,24,train,0,2015,9,15,,,,,,,,,,,,,,,,,,,,,,,,,,,,,,,,,,,,,,,,,,,,,,,,,,,,,,,,,,,,,,,,,,,,,,,,,,,,,,,,,,,,,,,,,,,,,,,,,,,,,,,,,,,,,,,,,,,,,,,,,,,,,,,,,,,,,,,,,,,,,,,,,,,,,,,,,
2015-09-07T15:50,2015-09-07T16:00,48,train,0,2015,9,15,,,,,,,,,,,,,,,,,,,,,,,,,,,,,,,,,,,,,,,,,,,,,,,,,,,,,,,,,,,,,,,,,,,,,,,,,,,,,,,,,,,,,,,,,,,,,,,,,,,,,,,,,,,,,,,,,,,,,,,,,,,,,,,,,,,,,,,,,,,,,,,,,,,,,,,,,
2015-10-16T19:49,2015-10-16T20:00,1,train,0,2015,10,19,1,2015-10-16T19:00,,,,,,,,,,,-999.0,28.625,28.625,0.0,0.0,1367.5330810546875,1358.39697265625,82800.0,85600.0,1624.283203125,11.737853050231934,246.55828857421875,264.242919921875,272.6314392089844,277.56390380859375,281.93511962890625,5460.3505859375,2947.38525390625,1419.9061279296875,97.57777404785156,274.8547668457031,,458.4375,,8800.0,0.0,0.029999999329447746,,,,,,,,,,,,,,,,,,,,,,,,,,,,,,,,,,,,,,,,,,,,,,,,,,,,,,,,,,,,,,,,,,,,,,,,,,,,,,,,,,,,,,,,,,,,,,,,,,,,,,,,,,,,,,,,,,
2015-10-16T19:49,2015-10-16T20:00,48,train,0,2015,10,19,,,,,,,,,,,,,,,,,,,,,,,,,,,,,,,,,,,,,,,,,,,,,,,,,,,,,,,,,,,,,,,,,,,,,,,,,,,,,,,,,,,,,,,,,,,,,,,,,,,,,,,,,,,,,,,,,,,,,,,,,,,,,,,,,,,,,,,,,,,,,,,,,,,,,,,,,
2015-10-16T19:49,2015-10-16T20:00,24,train,0,2015,10,19,,,,,,,,,,,,,,,,,,,,,,,,,,,,,,,,,,,,,,,,,,,,,,,,,,,,,,,,,,,,,,,,,,,,,,,,,,,,,,,,,,,,,,,,,,,,,,,,,,,,,,,,,,,,,,,,,,,,,,,,,,,,,,,,,,,,,,,,,,,,,,,,,,,,,,,,,
2015-11-04T13:55,2015-11-04T14:00,1,train,0,2015,11,13,1,2015-11-04T13:00,,,,,,,,,,,-999.0,0.0,0.0,0.0,0.0,nan,nan,nan,nan,nan,10.209107398986816,256.0971984863281,272.4547424316406,279.3775329589844,281.732421875,285.68243408203125,5742.88818359375,3136.80712890625,1563.947509765625,214.3577880859375,280.57769775390625,,171.3125,,25900.0,0.0,0.0,,,,,,,,,,,,,,,,,,,,,,,,,,,,,,,,,,,,,,,,,,,,,,,,,,,,,,,,,,,,,,,,,,,,,,,,,,,,,,,,,,,,,,,,,,,,,,,,,,,,,,,,,,,,,,,,,,
2015-11-04T13:55,2015-11-04T14:00,24,train,0,2015,11,13,,,,,,,,,,,,,,,,,,,,,,,,,,,,,,,,,,,,,,,,,,,,,,,,,,,,,,,,,,,,,,,,,,,,,,,,,,,,,,,,,,,,,,,,,,,,,,,,,,,,,,,,,,,,,,,,,,,,,,,,,,,,,,,,,,,,,,,,,,,,,,,,,,,,,,,,,
2015-11-04T13:55,2015-11-04T14:00,48,train,0,2015,11,13,,,,,,,,,,,,,,,,,,,,,,,,,,,,,,,,,,,,,,,,,,,,,,,,,,,,,,,,,,,,,,,,,,,,,,,,,,,,,,,,,,,,,,,,,,,,,,,,,,,,,,,,,,,,,,,,,,,,,,,,,,,,,,,,,,,,,,,,,,,,,,,,,,,,,,,,,
2015-11-18T13:59,2015-11-18T14:00,1,train,0,2015,11,13,1,2015-11-18T13:00,,,,,,,,,,,-999.0,6.125,6.125,0.0,0.0,nan,nan,nan,nan,nan,7.401068210601807,259.13604736328125,274.65460205078125,278.0094299316406,277.96600341796875,281.0010986328125,5795.08154296875,3168.0380859375,1591.2696533203125,255.69723510742188,275.11541748046875,,0.0,,49300.0,0.0,0.0,,,,,,,,,,,,,,,,,,,,,,,,,,,,,,,,,,,,,,,,,,,,,,,,,,,,,,,,,,,,,,,,,,,,,,,,,,,,,,,,,,,,,,,,,,,,,,,,,,,,,,,,,,,,,,,,,,
2015-11-18T13:59,2015-11-18T14:00,24,train,0,2015,11,13,,,,,,,,,,,,,,,,,,,,,,,,,,,,,,,,,,,,,,,,,,,,,,,,,,,,,,,,,,,,,,,,,,,,,,,,,,,,,,,,,,,,,,,,,,,,,,,,,,,,,,,,,,,,,,,,,,,,,,,,,,,,,,,,,,,,,,,,,,,,,,,,,,,,,,,,,
2015-11-18T13:59,2015-11-18T14:00,48,train,0,2015,11,13,,,,,,,,,,,,,,,,,,,,,,,,,,,,,,,,,,,,,,,,,,,,,,,,,,,,,,,,,,,,,,,,,,,,,,,,,,,,,,,,,,,,,,,,,,,,,,,,,,,,,,,,,,,,,,,,,,,,,,,,,,,,,,,,,,,,,,,,,,,,,,,,,,,,,,,,,
2015-11-30T03:57,2015-11-30T04:00,24,train,1,2015,11,3,,,,,,,,,,,,,,,,,,,,,,,,,,,,,,,,,,,,,,,,,,,,,,,,,,,,,,,,,,,,,,,,,,,,,,,,,,,,,,,,,,,,,,,,,,,,,,,,,,,,,,,,,,,,,,,,,,,,,,,,,,,,,,,,,,,,,,,,,,,,,,,,,,,,,,,,,
2015-11-30T03:57,2015-11-30T04:00,1,train,1,2015,11,3,2,2015-11-30T02:00,,,,,,,,,,,-999.0,0.25,0.25,0.0,0.0,nan,nan,nan,nan,nan,5.499569416046143,249.14431762695312,260.5361022949219,263.7020568847656,265.0392761230469,268.8003845214844,5506.68408203125,2983.2958984375,1493.85693359375,217.22116088867188,262.6947021484375,,0.0,,14700.0,0.0,0.0020000000949949026,,,,,,,,,,,,,,,,,,,,,,,,,,,,,,,,,,,,,,,,,,,,,,,,,,,,,,,,,,,,,,,,,,,,,,,,,,,,,,,,,,,,,,,,,,,,,,,,,,,,,,,,,,,,,,,,,,
2015-11-30T03:57,2015-11-30T04:00,48,train,1,2015,11,3,,,,,,,,,,,,,,,,,,,,,,,,,,,,,,,,,,,,,,,,,,,,,,,,,,,,,,,,,,,,,,,,,,,,,,,,,,,,,,,,,,,,,,,,,,,,,,,,,,,,,,,,,,,,,,,,,,,,,,,,,,,,,,,,,,,,,,,,,,,,,,,,,,,,,,,,,
2015-12-09T14:55,2015-12-09T15:00,1,train,1,2015,12,14,1,2015-12-09T14:00,,,,,,,,,,,-999.0,8.125,8.125,6.75,7.75,nan,nan,nan,nan,nan,8.07323169708252,255.4037628173828,270.2431640625,271.8095397949219,272.9817810058594,276.8637390136719,5594.82958984375,3005.332763671875,1456.9739990234375,139.447021484375,271.8677978515625,,0.0,,9800.0,0.0,0.0,,,,,,,,,,,,,,,,,,,,,,,,,,,,,,,,,,,,,,,,,,,,,,,,,,,,,,,,,,,,,,,,,,,,,,,,,,,,,,,,,,,,,,,,,,,,,,,,,,,,,,,,,,,,,,,,,,
2015-12-09T14:55,2015-12-09T15:00,24,train,1,2015,12,14,,,,,,,,,,,,,,,,,,,,,,,,,,,,,,,,,,,,,,,,,,,,,,,,,,,,,,,,,,,,,,,,,,,,,,,,,,,,,,,,,,,,,,,,,,,,,,,,,,,,,,,,,,,,,,,,,,,,,,,,,,,,,,,,,,,,,,,,,,,,,,,,,,,,,,,,,
2015-12-09T14:55,2015-12-09T15:00,48,train,1,2015,12,14,,,,,,,,,,,,,,,,,,,,,,,,,,,,,,,,,,,,,,,,,,,,,,,,,,,,,,,,,,,,,,,,,,,,,,,,,,,,,,,,,,,,,,,,,,,,,,,,,,,,,,,,,,,,,,,,,,,,,,,,,,,,,,,,,,,,,,,,,,,,,,,,,,,,,,,,,
2015-12-17T12:50,2015-12-17T13:00,1,train,0,2015,12,12,1,2015-12-17T12:00,,,,,,,,,,,-999.0,64.875,37.25,49.625,64.875,8354.5380859375,8926.29296875,22600.0,31500.0,11822.0478515625,7.910774230957031,255.45355224609375,274.0291748046875,274.7243347167969,274.70166015625,278.40106201171875,5614.85546875,3007.64599609375,1438.987060546875,107.94353485107422,272.1139831542969,,0.0,,10000.0,0.0,0.0,,,,,,,,,,,,,,,,,,,,,,,,,,,,,,,,,,,,,,,,,,,,,,,,,,,,,,,,,,,,,,,,,,,,,,,,,,,,,,,,,,,,,,,,,,,,,,,,,,,,,,,,,,,,,,,,,,
2015-12-17T12:50,2015-12-17T13:00,24,train,0,2015,12,12,,,,,,,,,,,,,,,,,,,,,,,,,,,,,,,,,,,,,,,,,,,,,,,,,,,,,,,,,,,,,,,,,,,,,,,,,,,,,,,,,,,,,,,,,,,,,,,,,,,,,,,,,,,,,,,,,,,,,,,,,,,,,,,,,,,,,,,,,,,,,,,,,,,,,,,,,
2015-12-17T12:50,2015-12-17T13:00,48,train,0,2015,12,12,,,,,,,,,,,,,,,,,,,,,,,,,,,,,,,,,,,,,,,,,,,,,,,,,,,,,,,,,,,,,,,,,,,,,,,,,,,,,,,,,,,,,,,,,,,,,,,,,,,,,,,,,,,,,,,,,,,,,,,,,,,,,,,,,,,,,,,,,,,,,,,,,,,,,,,,,
2015-12-25T11:49,2015-12-25T12:00,1,train,0,2015,12,11,1,2015-12-25T11:00,,,,,,,,,,,-999.0,0.0,0.0,0.0,0.0,nan,nan,nan,nan,nan,11.82515811920166,258.4122619628906,272.4205322265625,278.70648193359375,279.5768737792969,283.0357666015625,5674.35546875,3058.99755859375,1489.0869140625,145.3563690185547,275.21673583984375,,0.0,,37700.0,0.0,0.0,,,,,,,,,,,,,,,,,,,,,,,,,,,,,,,,,,,,,,,,,,,,,,,,,,,,,,,,,,,,,,,,,,,,,,,,,,,,,,,,,,,,,,,,,,,,,,,,,,,,,,,,,,,,,,,,,,
2015-12-25T11:49,2015-12-25T12:00,48,train,0,2015,12,11,,,,,,,,,,,,,,,,,,,,,,,,,,,,,,,,,,,,,,,,,,,,,,,,,,,,,,,,,,,,,,,,,,,,,,,,,,,,,,,,,,,,,,,,,,,,,,,,,,,,,,,,,,,,,,,,,,,,,,,,,,,,,,,,,,,,,,,,,,,,,,,,,,,,,,,,,
2015-12-25T11:49,2015-12-25T12:00,24,train,0,2015,12,11,,,,,,,,,,,,,,,,,,,,,,,,,,,,,,,,,,,,,,,,,,,,,,,,,,,,,,,,,,,,,,,,,,,,,,,,,,,,,,,,,,,,,,,,,,,,,,,,,,,,,,,,,,,,,,,,,,,,,,,,,,,,,,,,,,,,,,,,,,,,,,,,,,,,,,,,,
2016-01-05T12:56,2016-01-05T13:00,1,train,0,2016,1,12,1,2016-01-05T12:00,,,,,,,,,,,-999.0,0.0,0.0,0.0,0.0,nan,nan,nan,nan,nan,6.403799533843994,248.2466583251953,257.8363037109375,260.4337158203125,260.0966796875,262.97320556640625,5469.4326171875,2961.93994140625,1489.3173828125,234.38555908203125,258.07147216796875,,0.0,,36800.0,0.0,0.0,,,,,,,,,,,,,,,,,,,,,,,,,,,,,,,,,,,,,,,,,,,,,,,,,,,,,,,,,,,,,,,,,,,,,,,,,,,,,,,,,,,,,,,,,,,,,,,,,,,,,,,,,,,,,,,,,,
2016-01-05T12:56,2016-01-05T13:00,24,train,0,2016,1,12,,,,,,,,,,,,,,,,,,,,,,,,,,,,,,,,,,,,,,,,,,,,,,,,,,,,,,,,,,,,,,,,,,,,,,,,,,,,,,,,,,,,,,,,,,,,,,,,,,,,,,,,,,,,,,,,,,,,,,,,,,,,,,,,,,,,,,,,,,,,,,,,,,,,,,,,,
2016-01-05T12:56,2016-01-05T13:00,48,train,0,2016,1,12,,,,,,,,,,,,,,,,,,,,,,,,,,,,,,,,,,,,,,,,,,,,,,,,,,,,,,,,,,,,,,,,,,,,,,,,,,,,,,,,,,,,,,,,,,,,,,,,,,,,,,,,,,,,,,,,,,,,,,,,,,,,,,,,,,,,,,,,,,,,,,,,,,,,,,,,,
2016-01-23T14:47,2016-01-23T15:00,1,train,0,2016,1,14,1,2016-01-23T14:00,,,,,,,,,,,-999.0,100.0,0.0,76.0,100.0,6577.9560546875,5997.091796875,25600.0,46300.0,10397.201171875,4.781185626983643,251.23504638671875,261.11041259765625,264.0144958496094,265.1026611328125,268.9837646484375,5429.4296875,2905.30322265625,1408.4287109375,131.84254455566406,263.61102294921875,,116.375,,28700.0,0.0,0.0,,,,,,,,,,,,,,,,,,,,,,,,,,,,,,,,,,,,,,,,,,,,,,,,,,,,,,,,,,,,,,,,,,,,,,,,,,,,,,,,,,,,,,,,,,,,,,,,,,,,,,,,,,,,,,,,,,
2016-01-23T14:47,2016-01-23T15:00,48,train,0,2016,1,14,,,,,,,,,,,,,,,,,,,,,,,,,,,,,,,,,,,,,,,,,,,,,,,,,,,,,,,,,,,,,,,,,,,,,,,,,,,,,,,,,,,,,,,,,,,,,,,,,,,,,,,,,,,,,,,,,,,,,,,,,,,,,,,,,,,,,,,,,,,,,,,,,,,,,,,,,
2016-01-23T14:47,2016-01-23T15:00,24,train,0,2016,1,14,,,,,,,,,,,,,,,,,,,,,,,,,,,,,,,,,,,,,,,,,,,,,,,,,,,,,,,,,,,,,,,,,,,,,,,,,,,,,,,,,,,,,,,,,,,,,,,,,,,,,,,,,,,,,,,,,,,,,,,,,,,,,,,,,,,,,,,,,,,,,,,,,,,,,,,,,
2016-02-08T18:53,2016-02-08T19:00,1,train,0,2016,2,18,1,2016-02-08T18:00,,,,,,,,,,,-999.0,100.0,0.5,100.0,100.0,4021.75537109375,1457.86572265625,22400.0,83900.0,11322.3564453125,6.73185396194458,252.09547424316406,262.0062255859375,263.43353271484375,266.0203552246094,270.0865173339844,5387.720703125,2844.440673828125,1349.6953125,67.08554077148438,262.522216796875,,247.375,,15600.0,0.0,0.0,,,,,,,,,,,,,,,,,,,,,,,,,,,,,,,,,,,,,,,,,,,,,,,,,,,,,,,,,,,,,,,,,,,,,,,,,,,,,,,,,,,,,,,,,,,,,,,,,,,,,,,,,,,,,,,,,,
2016-02-08T18:53,2016-02-08T19:00,24,train,0,2016,2,18,,,,,,,,,,,,,,,,,,,,,,,,,,,,,,,,,,,,,,,,,,,,,,,,,,,,,,,,,,,,,,,,,,,,,,,,,,,,,,,,,,,,,,,,,,,,,,,,,,,,,,,,,,,,,,,,,,,,,,,,,,,,,,,,,,,,,,,,,,,,,,,,,,,,,,,,,
2016-02-08T18:53,2016-02-08T19:00,48,train,0,2016,2,18,,,,,,,,,,,,,,,,,,,,,,,,,,,,,,,,,,,,,,,,,,,,,,,,,,,,,,,,,,,,,,,,,,,,,,,,,,,,,,,,,,,,,,,,,,,,,,,,,,,,,,,,,,,,,,,,,,,,,,,,,,,,,,,,,,,,,,,,,,,,,,,,,,,,,,,,,
2016-02-25T17:52,2016-02-25T18:00,1,train,0,2016,2,17,1,2016-02-25T17:00,,,,,,,,,,,-999.0,37.875,37.875,4.125,0.0,1244.5728759765625,nan,nan,nan,nan,7.619116306304932,252.29019165039062,269.4072570800781,278.07891845703125,281.9892272949219,286.1551818847656,5342.16455078125,2777.76953125,1218.8125,-127.48806762695312,276.9290771484375,,0.0,,10000.0,0.0,0.004000000189989805,,,,,,,,,,,,,,,,,,,,,,,,,,,,,,,,,,,,,,,,,,,,,,,,,,,,,,,,,,,,,,,,,,,,,,,,,,,,,,,,,,,,,,,,,,,,,,,,,,,,,,,,,,,,,,,,,,
2016-02-25T17:52,2016-02-25T18:00,24,train,0,2016,2,17,,,,,,,,,,,,,,,,,,,,,,,,,,,,,,,,,,,,,,,,,,,,,,,,,,,,,,,,,,,,,,,,,,,,,,,,,,,,,,,,,,,,,,,,,,,,,,,,,,,,,,,,,,,,,,,,,,,,,,,,,,,,,,,,,,,,,,,,,,,,,,,,,,,,,,,,,
2016-02-25T17:52,2016-02-25T18:00,48,train,0,2016,2,17,,,,,,,,,,,,,,,,,,,,,,,,,,,,,,,,,,,,,,,,,,,,,,,,,,,,,,,,,,,,,,,,,,,,,,,,,,,,,,,,,,,,,,,,,,,,,,,,,,,,,,,,,,,,,,,,,,,,,,,,,,,,,,,,,,,,,,,,,,,,,,,,,,,,,,,,,
2016-03-16T21:54,2016-03-16T22:00,1,train,1,2016,3,21,1,2016-03-16T21:00,,,,,,,,,,,-999.0,100.0,46.25,78.875,100.0,1244.5643310546875,1227.4720458984375,21200.0,87100.0,11910.2333984375,5.012752056121826,254.4999542236328,273.0294494628906,276.32244873046875,280.3898010253906,284.6790771484375,5575.23046875,2975.661865234375,1408.0361328125,59.442848205566406,277.26080322265625,,196.0625,,100.0,0.0,0.0,,,,,,,,,,,,,,,,,,,,,,,,,,,,,,,,,,,,,,,,,,,,,,,,,,,,,,,,,,,,,,,,,,,,,,,,,,,,,,,,,,,,,,,,,,,,,,,,,,,,,,,,,,,,,,,,,,
2016-03-16T21:54,2016-03-16T22:00,24,train,1,2016,3,21,,,,,,,,,,,,,,,,,,,,,,,,,,,,,,,,,,,,,,,,,,,,,,,,,,,,,,,,,,,,,,,,,,,,,,,,,,,,,,,,,,,,,,,,,,,,,,,,,,,,,,,,,,,,,,,,,,,,,,,,,,,,,,,,,,,,,,,,,,,,,,,,,,,,,,,,,
2016-03-16T21:54,2016-03-16T22:00,48,train,1,2016,3,21,,,,,,,,,,,,,,,,,,,,,,,,,,,,,,,,,,,,,,,,,,,,,,,,,,,,,,,,,,,,,,,,,,,,,,,,,,,,,,,,,,,,,,,,,,,,,,,,,,,,,,,,,,,,,,,,,,,,,,,,,,,,,,,,,,,,,,,,,,,,,,,,,,,,,,,,,
2016-05-01T21:57,2016-05-01T22:00,1,train,0,2016,5,21,1,2016-05-01T21:00,,,,,,,,,,,-999.0,76.375,76.375,57.875,0.0,1244.16650390625,1227.3165283203125,66200.0,88000.0,3097.846923828125,6.067789554595947,255.9700164794922,266.9693603515625,272.8907470703125,277.4034118652344,281.7577819824219,5623.3388671875,3030.875244140625,1496.86669921875,168.8622589111328,274.7681579589844,,234.5625,,0.0,9.999999747378752e-05,0.36000001430511475,,,,,,,,,,,,,,,,,,,,,,,,,,,,,,,,,,,,,,,,,,,,,,,,,,,,,,,,,,,,,,,,,,,,,,,,,,,,,,,,,,,,,,,,,,,,,,,,,,,,,,,,,,,,,,,,,,
2016-05-01T21:57,2016-05-01T22:00,48,train,0,2016,5,21,,,,,,,,,,,,,,,,,,,,,,,,,,,,,,,,,,,,,,,,,,,,,,,,,,,,,,,,,,,,,,,,,,,,,,,,,,,,,,,,,,,,,,,,,,,,,,,,,,,,,,,,,,,,,,,,,,,,,,,,,,,,,,,,,,,,,,,,,,,,,,,,,,,,,,,,,
2016-05-01T21:57,2016-05-01T22:00,24,train,0,2016,5,21,,,,,,,,,,,,,,,,,,,,,,,,,,,,,,,,,,,,,,,,,,,,,,,,,,,,,,,,,,,,,,,,,,,,,,,,,,,,,,,,,,,,,,,,,,,,,,,,,,,,,,,,,,,,,,,,,,,,,,,,,,,,,,,,,,,,,,,,,,,,,,,,,,,,,,,,,
2016-05-22T15:52,2016-05-22T16:00,1,train,0,2016,5,15,1,2016-05-22T15:00,,,,,,,,,,,-999.0,32.0,11.625,32.0,12.25,5678.25732421875,6769.96533203125,39500.0,42800.0,7189.9140625,7.801327228546143,255.4224090576172,269.6060791015625,282.2942199707031,288.31927490234375,292.8961486816406,5613.66796875,3033.172607421875,1461.6959228515625,96.51181030273438,287.05938720703125,,1339.5,,22500.0,0.0,0.0,,,,,,,,,,,,,,,,,,,,,,,,,,,,,,,,,,,,,,,,,,,,,,,,,,,,,,,,,,,,,,,,,,,,,,,,,,,,,,,,,,,,,,,,,,,,,,,,,,,,,,,,,,,,,,,,,,
2016-05-22T15:52,2016-05-22T16:00,24,train,0,2016,5,15,,,,,,,,,,,,,,,,,,,,,,,,,,,,,,,,,,,,,,,,,,,,,,,,,,,,,,,,,,,,,,,,,,,,,,,,,,,,,,,,,,,,,,,,,,,,,,,,,,,,,,,,,,,,,,,,,,,,,,,,,,,,,,,,,,,,,,,,,,,,,,,,,,,,,,,,,
2016-05-22T15:52,2016-05-22T16:00,48,train,0,2016,5,15,,,,,,,,,,,,,,,,,,,,,,,,,,,,,,,,,,,,,,,,,,,,,,,,,,,,,,,,,,,,,,,,,,,,,,,,,,,,,,,,,,,,,,,,,,,,,,,,,,,,,,,,,,,,,,,,,,,,,,,,,,,,,,,,,,,,,,,,,,,,,,,,,,,,,,,,,
2016-07-16T09:53,2016-07-16T10:00,1,train,0,2016,7,9,1,2016-07-16T09:00,,,,,,,,,,,-999.0,17.625,17.625,0.0,0.0,nan,nan,nan,nan,nan,9.421896934509277,263.1123046875,278.2886047363281,285.82110595703125,289.08551025390625,293.1931457519531,5771.6474609375,3098.83837890625,1491.8289794921875,104.68421173095703,285.8670349121094,,0.0,,8500.0,0.0,0.0,,,,,,,,,,,,,,,,,,,,,,,,,,,,,,,,,,,,,,,,,,,,,,,,,,,,,,,,,,,,,,,,,,,,,,,,,,,,,,,,,,,,,,,,,,,,,,,,,,,,,,,,,,,,,,,,,,
2016-07-16T09:53,2016-07-16T10:00,48,train,0,2016,7,9,,,,,,,,,,,,,,,,,,,,,,,,,,,,,,,,,,,,,,,,,,,,,,,,,,,,,,,,,,,,,,,,,,,,,,,,,,,,,,,,,,,,,,,,,,,,,,,,,,,,,,,,,,,,,,,,,,,,,,,,,,,,,,,,,,,,,,,,,,,,,,,,,,,,,,,,,
2016-07-16T09:53,2016-07-16T10:00,24,train,0,2016,7,9,,,,,,,,,,,,,,,,,,,,,,,,,,,,,,,,,,,,,,,,,,,,,,,,,,,,,,,,,,,,,,,,,,,,,,,,,,,,,,,,,,,,,,,,,,,,,,,,,,,,,,,,,,,,,,,,,,,,,,,,,,,,,,,,,,,,,,,,,,,,,,,,,,,,,,,,,
2016-09-12T09:49,2016-09-12T10:00,1,train,0,2016,9,9,1,2016-09-12T09:00,,,,,,,,,,,-999.0,5.5,5.5,0.0,0.0,nan,nan,nan,nan,nan,3.8359062671661377,261.37554931640625,274.8255615234375,281.31280517578125,283.71600341796875,287.4936828613281,5761.0361328125,3116.89599609375,1535.186279296875,174.3188934326172,280.63580322265625,56.70000076293945,147.90762329101562,3566.794921875,21600.0,0.0,0.0,,,,,,,,,,,,,,,,,,,,,,,,,,,,,,,,,,,,,,,,,,,,,,,,,,,,,,,,,,,,,,,,,,,,,,,,,,,,,,,,,,,,,,,,,,,,,,,,,,,,,,,,,,,,,,,,,,
2016-09-12T09:49,2016-09-12T10:00,24,train,0,2016,9,9,,,,,,,,,,,,,,,,,,,,,,,,,,,,,,,,,,,,,,,,,,,,,,,,,,,,,,,,,,,,,,,,,,,,,,,,,,,,,,,,,,,,,,,,,,,,,,,,,,,,,,,,,,,,,,,,,,,,,,,,,,,,,,,,,,,,,,,,,,,,,,,,,,,,,,,,,
2016-09-12T09:49,2016-09-12T10:00,48,train,0,2016,9,9,,,,,,,,,,,,,,,,,,,,,,,,,,,,,,,,,,,,,,,,,,,,,,,,,,,,,,,,,,,,,,,,,,,,,,,,,,,,,,,,,,,,,,,,,,,,,,,,,,,,,,,,,,,,,,,,,,,,,,,,,,,,,,,,,,,,,,,,,,,,,,,,,,,,,,,,,
2016-10-01T02:58,2016-10-01T03:00,1,train,0,2016,10,2,1,2016-10-01T02:00,,,,,,,,,,,-999.0,0.0,0.0,0.0,0.0,nan,nan,nan,nan,nan,3.8836729526519775,264.3796081542969,278.5941162109375,284.25067138671875,284.92138671875,288.2781982421875,5880.7109375,3200.5634765625,1597.089111328125,228.51881408691406,280.7353210449219,29.100000381469727,147.76075744628906,4291.3857421875,45500.0,0.0,0.0,,,,,,,,,,,,,,,,,,,,,,,,,,,,,,,,,,,,,,,,,,,,,,,,,,,,,,,,,,,,,,,,,,,,,,,,,,,,,,,,,,,,,,,,,,,,,,,,,,,,,,,,,,,,,,,,,,
2016-10-01T02:58,2016-10-01T03:00,48,train,0,2016,10,2,,,,,,,,,,,,,,,,,,,,,,,,,,,,,,,,,,,,,,,,,,,,,,,,,,,,,,,,,,,,,,,,,,,,,,,,,,,,,,,,,,,,,,,,,,,,,,,,,,,,,,,,,,,,,,,,,,,,,,,,,,,,,,,,,,,,,,,,,,,,,,,,,,,,,,,,,
2016-10-01T02:58,2016-10-01T03:00,24,train,0,2016,10,2,,,,,,,,,,,,,,,,,,,,,,,,,,,,,,,,,,,,,,,,,,,,,,,,,,,,,,,,,,,,,,,,,,,,,,,,,,,,,,,,,,,,,,,,,,,,,,,,,,,,,,,,,,,,,,,,,,,,,,,,,,,,,,,,,,,,,,,,,,,,,,,,,,,,,,,,,
2016-10-15T19:57,2016-10-15T20:00,1,train,0,2016,10,19,1,2016-10-15T19:00,,,,,,,,,,,-999.0,0.25,0.0,0.0,0.25,nan,nan,nan,nan,nan,3.352452278137207,260.868408203125,275.6968994140625,279.7703857421875,280.9029846191406,285.2659606933594,5787.49951171875,3144.592529296875,1556.607666015625,205.36834716796875,280.2640380859375,55.900001525878906,330.7789001464844,3667.0400390625,22900.0,0.0,0.0,,,,,,,,,,,,,,,,,,,,,,,,,,,,,,,,,,,,,,,,,,,,,,,,,,,,,,,,,,,,,,,,,,,,,,,,,,,,,,,,,,,,,,,,,,,,,,,,,,,,,,,,,,,,,,,,,,
2016-10-15T19:57,2016-10-15T20:00,24,train,0,2016,10,19,,,,,,,,,,,,,,,,,,,,,,,,,,,,,,,,,,,,,,,,,,,,,,,,,,,,,,,,,,,,,,,,,,,,,,,,,,,,,,,,,,,,,,,,,,,,,,,,,,,,,,,,,,,,,,,,,,,,,,,,,,,,,,,,,,,,,,,,,,,,,,,,,,,,,,,,,
2016-10-15T19:57,2016-10-15T20:00,48,train,0,2016,10,19,,,,,,,,,,,,,,,,,,,,,,,,,,,,,,,,,,,,,,,,,,,,,,,,,,,,,,,,,,,,,,,,,,,,,,,,,,,,,,,,,,,,,,,,,,,,,,,,,,,,,,,,,,,,,,,,,,,,,,,,,,,,,,,,,,,,,,,,,,,,,,,,,,,,,,,,,
2016-10-31T23:56,2016-11-01T00:00,24,train,1,2016,10,23,,,,,,,,,,,,,,,,,,,,,,,,,,,,,,,,,,,,,,,,,,,,,,,,,,,,,,,,,,,,,,,,,,,,,,,,,,,,,,,,,,,,,,,,,,,,,,,,,,,,,,,,,,,,,,,,,,,,,,,,,,,,,,,,,,,,,,,,,,,,,,,,,,,,,,,,,
2016-10-31T23:56,2016-11-01T00:00,48,train,1,2016,10,23,,,,,,,,,,,,,,,,,,,,,,,,,,,,,,,,,,,,,,,,,,,,,,,,,,,,,,,,,,,,,,,,,,,,,,,,,,,,,,,,,,,,,,,,,,,,,,,,,,,,,,,,,,,,,,,,,,,,,,,,,,,,,,,,,,,,,,,,,,,,,,,,,,,,,,,,,
2016-11-16T18:57,2016-11-16T19:00,1,train,0,2016,11,18,1,2016-11-16T18:00,,,,,,,,,,,-999.0,69.125,69.125,0.0,0.0,1244.833251953125,1227.6954345703125,76400.0,86600.0,2504.0810546875,2.6167497634887695,254.36924743652344,270.57794189453125,278.098876953125,282.1744079589844,286.3360290527344,5524.3359375,2932.83203125,1372.34326171875,22.26428985595703,279.03875732421875,100.0,541.9417724609375,2294.66162109375,100.0,0.00019999999494757503,0.3700000047683716,,,,,,,,,,,,,,,,,,,,,,,,,,,,,,,,,,,,,,,,,,,,,,,,,,,,,,,,,,,,,,,,,,,,,,,,,,,,,,,,,,,,,,,,,,,,,,,,,,,,,,,,,,,,,,,,,,
2016-10-31T23:56,2016-11-01T00:00,1,train,1,2016,10,23,3,2016-10-31T21:00,,,,,,,,,,,-999.0,0.875,0.875,0.0,0.0,nan,nan,nan,nan,nan,1.4518109560012817,251.81637573242188,268.56585693359375,271.8367004394531,273.0636291503906,276.9176940917969,5614.02001953125,3043.164794921875,1503.526611328125,187.38597106933594,270.4512939453125,71.19999694824219,113.10391998291016,797.760009765625,14500.0,0.0,0.0020000000949949026,,,,,,,,,,,,,,,,,,,,,,,,,,,,,,,,,,,,,,,,,,,,,,,,,,,,,,,,,,,,,,,,,,,,,,,,,,,,,,,,,,,,,,,,,,,,,,,,,,,,,,,,,,,,,,,,,,
2016-11-16T18:57,2016-11-16T19:00,24,train,0,2016,11,18,,,,,,,,,,,,,,,,,,,,,,,,,,,,,,,,,,,,,,,,,,,,,,,,,,,,,,,,,,,,,,,,,,,,,,,,,,,,,,,,,,,,,,,,,,,,,,,,,,,,,,,,,,,,,,,,,,,,,,,,,,,,,,,,,,,,,,,,,,,,,,,,,,,,,,,,,
2016-11-16T18:57,2016-11-16T19:00,48,train,0,2016,11,18,,,,,,,,,,,,,,,,,,,,,,,,,,,,,,,,,,,,,,,,,,,,,,,,,,,,,,,,,,,,,,,,,,,,,,,,,,,,,,,,,,,,,,,,,,,,,,,,,,,,,,,,,,,,,,,,,,,,,,,,,,,,,,,,,,,,,,,,,,,,,,,,,,,,,,,,,
2016-11-29T23:58,2016-11-30T00:00,1,train,0,2016,11,23,1,2016-11-29T23:00,,,,,,,,,,,5319.0,86.375,86.375,44.875,28.125,nan,1805.137451171875,39400.0,81300.0,nan,7.2094035148620605,254.3060302734375,270.2998352050781,276.6695556640625,278.4967346191406,282.3650207519531,5589.1474609375,2997.835693359375,1437.0927734375,100.10955047607422,275.84405517578125,91.5,457.50311279296875,2483.679931640625,4700.0,0.0010999999940395355,4.960000038146973,,,,,,,,,,,,,,,,,,,,,,,,,,,,,,,,,,,,,,,,,,,,,,,,,,,,,,,,,,,,,,,,,,,,,,,,,,,,,,,,,,,,,,,,,,,,,,,,,,,,,,,,,,,,,,,,,,
2016-11-29T23:58,2016-11-30T00:00,24,train,0,2016,11,23,,,,,,,,,,,,,,,,,,,,,,,,,,,,,,,,,,,,,,,,,,,,,,,,,,,,,,,,,,,,,,,,,,,,,,,,,,,,,,,,,,,,,,,,,,,,,,,,,,,,,,,,,,,,,,,,,,,,,,,,,,,,,,,,,,,,,,,,,,,,,,,,,,,,,,,,,
2016-11-29T23:58,2016-11-30T00:00,48,train,0,2016,11,23,,,,,,,,,,,,,,,,,,,,,,,,,,,,,,,,,,,,,,,,,,,,,,,,,,,,,,,,,,,,,,,,,,,,,,,,,,,,,,,,,,,,,,,,,,,,,,,,,,,,,,,,,,,,,,,,,,,,,,,,,,,,,,,,,,,,,,,,,,,,,,,,,,,,,,,,,
2016-12-31T17:57,2016-12-31T18:00,1,train,0,2016,12,17,1,2016-12-31T17:00,,,,,,,,,,,-999.0,58.75,0.0,58.75,30.875,nan,nan,nan,nan,nan,2.405611276626587,246.92430114746094,257.60784912109375,263.1514892578125,266.64813232421875,270.67413330078125,5363.9560546875,2874.68505859375,1393.16552734375,117.35076141357422,265.49871826171875,70.5,470.1064147949219,30.479999542236328,16300.0,0.0,0.0,,,,,,,,,,,,,,,,,,,,,,,,,,,,,,,,,,,,,,,,,,,,,,,,,,,,,,,,,,,,,,,,,,,,,,,,,,,,,,,,,,,,,,,,,,,,,,,,,,,,,,,,,,,,,,,,,,
2016-12-31T17:57,2016-12-31T18:00,24,train,0,2016,12,17,,,,,,,,,,,,,,,,,,,,,,,,,,,,,,,,,,,,,,,,,,,,,,,,,,,,,,,,,,,,,,,,,,,,,,,,,,,,,,,,,,,,,,,,,,,,,,,,,,,,,,,,,,,,,,,,,,,,,,,,,,,,,,,,,,,,,,,,,,,,,,,,,,,,,,,,,
2016-12-31T17:57,2016-12-31T18:00,48,train,0,2016,12,17,,,,,,,,,,,,,,,,,,,,,,,,,,,,,,,,,,,,,,,,,,,,,,,,,,,,,,,,,,,,,,,,,,,,,,,,,,,,,,,,,,,,,,,,,,,,,,,,,,,,,,,,,,,,,,,,,,,,,,,,,,,,,,,,,,,,,,,,,,,,,,,,,,,,,,,,,
2017-01-09T17:49,2017-01-09T18:00,1,train,0,2017,1,17,1,2017-01-09T17:00,,,,,,,,,,,-999.0,23.625,0.0,23.625,0.0,nan,nan,nan,nan,nan,3.6445393562316895,235.29420471191406,249.91552734375,257.47320556640625,259.9833679199219,263.7515869140625,5340.31494140625,2950.525390625,1507.388427734375,266.1734619140625,260.1781005859375,41.20000076293945,294.96209716796875,0.0,34300.0,0.0,0.0,,,,,,,,,,,,,,,,,,,,,,,,,,,,,,,,,,,,,,,,,,,,,,,,,,,,,,,,,,,,,,,,,,,,,,,,,,,,,,,,,,,,,,,,,,,,,,,,,,,,,,,,,,,,,,,,,,
2017-01-09T17:49,2017-01-09T18:00,24,train,0,2017,1,17,,,,,,,,,,,,,,,,,,,,,,,,,,,,,,,,,,,,,,,,,,,,,,,,,,,,,,,,,,,,,,,,,,,,,,,,,,,,,,,,,,,,,,,,,,,,,,,,,,,,,,,,,,,,,,,,,,,,,,,,,,,,,,,,,,,,,,,,,,,,,,,,,,,,,,,,,
2017-01-09T17:49,2017-01-09T18:00,48,train,0,2017,1,17,,,,,,,,,,,,,,,,,,,,,,,,,,,,,,,,,,,,,,,,,,,,,,,,,,,,,,,,,,,,,,,,,,,,,,,,,,,,,,,,,,,,,,,,,,,,,,,,,,,,,,,,,,,,,,,,,,,,,,,,,,,,,,,,,,,,,,,,,,,,,,,,,,,,,,,,,
2017-01-18T18:49,2017-01-18T19:00,1,train,0,2017,1,18,1,2017-01-18T18:00,,,,,,,,,,,-999.0,64.0,64.0,0.0,0.0,1243.02880859375,1226.648681640625,81200.0,87300.0,1961.71728515625,4.800259113311768,253.29612731933594,266.5219421386719,266.83172607421875,269.3731689453125,273.37652587890625,5511.5048828125,2943.5966796875,1423.3392333984375,122.6068115234375,267.5037536621094,95.9000015258789,357.3349609375,340.4800109863281,7600.0,0.0,0.18000000715255737,,,,,,,,,,,,,,,,,,,,,,,,,,,,,,,,,,,,,,,,,,,,,,,,,,,,,,,,,,,,,,,,,,,,,,,,,,,,,,,,,,,,,,,,,,,,,,,,,,,,,,,,,,,,,,,,,,
2017-01-18T18:49,2017-01-18T19:00,48,train,0,2017,1,18,,,,,,,,,,,,,,,,,,,,,,,,,,,,,,,,,,,,,,,,,,,,,,,,,,,,,,,,,,,,,,,,,,,,,,,,,,,,,,,,,,,,,,,,,,,,,,,,,,,,,,,,,,,,,,,,,,,,,,,,,,,,,,,,,,,,,,,,,,,,,,,,,,,,,,,,,
2017-01-18T18:49,2017-01-18T19:00,24,train,0,2017,1,18,,,,,,,,,,,,,,,,,,,,,,,,,,,,,,,,,,,,,,,,,,,,,,,,,,,,,,,,,,,,,,,,,,,,,,,,,,,,,,,,,,,,,,,,,,,,,,,,,,,,,,,,,,,,,,,,,,,,,,,,,,,,,,,,,,,,,,,,,,,,,,,,,,,,,,,,,
2017-01-25T12:53,2017-01-25T13:00,1,train,0,2017,1,12,1,2017-01-25T12:00,,,,,,,,,,,-999.0,27.625,27.625,0.5,0.0,nan,nan,nan,nan,nan,5.000551700592041,255.3862762451172,271.7424011230469,270.6544189453125,272.367919921875,276.36199951171875,5430.21484375,2823.158447265625,1274.214599609375,-51.62440490722656,269.86138916015625,90.5999984741211,347.6363525390625,704.719970703125,9000.0,0.0,0.004999999888241291,,,,,,,,,,,,,,,,,,,,,,,,,,,,,,,,,,,,,,,,,,,,,,,,,,,,,,,,,,,,,,,,,,,,,,,,,,,,,,,,,,,,,,,,,,,,,,,,,,,,,,,,,,,,,,,,,,
2017-01-25T12:53,2017-01-25T13:00,24,train,0,2017,1,12,,,,,,,,,,,,,,,,,,,,,,,,,,,,,,,,,,,,,,,,,,,,,,,,,,,,,,,,,,,,,,,,,,,,,,,,,,,,,,,,,,,,,,,,,,,,,,,,,,,,,,,,,,,,,,,,,,,,,,,,,,,,,,,,,,,,,,,,,,,,,,,,,,,,,,,,,
2017-01-25T12:53,2017-01-25T13:00,48,train,0,2017,1,12,,,,,,,,,,,,,,,,,,,,,,,,,,,,,,,,,,,,,,,,,,,,,,,,,,,,,,,,,,,,,,,,,,,,,,,,,,,,,,,,,,,,,,,,,,,,,,,,,,,,,,,,,,,,,,,,,,,,,,,,,,,,,,,,,,,,,,,,,,,,,,,,,,,,,,,,,
2017-02-07T05:56,2017-02-07T06:00,1,train,0,2017,2,5,1,2017-02-07T05:00,,,,,,,,,,,-999.0,9.125,9.125,3.375,0.0,nan,1226.2435302734375,65700.0,87300.0,nan,2.9705679416656494,247.72598266601562,260.4703674316406,260.93048095703125,263.89208984375,267.607421875,5410.0654296875,2898.63330078125,1417.47802734375,144.78753662109375,260.8602294921875,86.5,294.41326904296875,0.0,4700.0,0.0,0.19300000369548798,,,,,,,,,,,,,,,,,,,,,,,,,,,,,,,,,,,,,,,,,,,,,,,,,,,,,,,,,,,,,,,,,,,,,,,,,,,,,,,,,,,,,,,,,,,,,,,,,,,,,,,,,,,,,,,,,,
2017-02-07T05:56,2017-02-07T06:00,24,train,0,2017,2,5,,,,,,,,,,,,,,,,,,,,,,,,,,,,,,,,,,,,,,,,,,,,,,,,,,,,,,,,,,,,,,,,,,,,,,,,,,,,,,,,,,,,,,,,,,,,,,,,,,,,,,,,,,,,,,,,,,,,,,,,,,,,,,,,,,,,,,,,,,,,,,,,,,,,,,,,,
2017-02-07T05:56,2017-02-07T06:00,48,train,0,2017,2,5,,,,,,,,,,,,,,,,,,,,,,,,,,,,,,,,,,,,,,,,,,,,,,,,,,,,,,,,,,,,,,,,,,,,,,,,,,,,,,,,,,,,,,,,,,,,,,,,,,,,,,,,,,,,,,,,,,,,,,,,,,,,,,,,,,,,,,,,,,,,,,,,,,,,,,,,,
2017-03-02T20:51,2017-03-02T21:00,1,train,0,2017,3,20,1,2017-03-02T20:00,,,,,,,,,,,-999.0,5.875,5.875,0.0,0.0,nan,nan,nan,nan,nan,15.255232810974121,242.2423095703125,257.755126953125,259.56317138671875,262.8271789550781,266.78887939453125,5227.66748046875,2760.12939453125,1287.5999755859375,25.632827758789062,258.7715148925781,87.19999694824219,400.4808349609375,0.0,10000.0,0.0,0.024000000208616257,,,,,,,,,,,,,,,,,,,,,,,,,,,,,,,,,,,,,,,,,,,,,,,,,,,,,,,,,,,,,,,,,,,,,,,,,,,,,,,,,,,,,,,,,,,,,,,,,,,,,,,,,,,,,,,,,,
2017-03-02T20:51,2017-03-02T21:00,24,train,0,2017,3,20,,,,,,,,,,,,,,,,,,,,,,,,,,,,,,,,,,,,,,,,,,,,,,,,,,,,,,,,,,,,,,,,,,,,,,,,,,,,,,,,,,,,,,,,,,,,,,,,,,,,,,,,,,,,,,,,,,,,,,,,,,,,,,,,,,,,,,,,,,,,,,,,,,,,,,,,,
2017-03-02T20:51,2017-03-02T21:00,48,train,0,2017,3,20,,,,,,,,,,,,,,,,,,,,,,,,,,,,,,,,,,,,,,,,,,,,,,,,,,,,,,,,,,,,,,,,,,,,,,,,,,,,,,,,,,,,,,,,,,,,,,,,,,,,,,,,,,,,,,,,,,,,,,,,,,,,,,,,,,,,,,,,,,,,,,,,,,,,,,,,,
2017-04-10T02:55,2017-04-10T03:00,1,train,0,2017,4,2,1,2017-04-10T02:00,,,,,,,,,,,-999.0,20.875,20.875,18.625,0.0,2815.94970703125,nan,nan,nan,3522.25732421875,2.6955857276916504,256.9501953125,270.9771728515625,280.07867431640625,283.82757568359375,287.599609375,5671.3359375,3066.88720703125,1497.37548828125,143.75648498535156,279.9906005859375,41.29999923706055,110.73771667480469,2750.719970703125,32200.0,0.0,0.0,,,,,,,,,,,,,,,,,,,,,,,,,,,,,,,,,,,,,,,,,,,,,,,,,,,,,,,,,,,,,,,,,,,,,,,,,,,,,,,,,,,,,,,,,,,,,,,,,,,,,,,,,,,,,,,,,,
2017-04-10T02:55,2017-04-10T03:00,48,train,0,2017,4,2,,,,,,,,,,,,,,,,,,,,,,,,,,,,,,,,,,,,,,,,,,,,,,,,,,,,,,,,,,,,,,,,,,,,,,,,,,,,,,,,,,,,,,,,,,,,,,,,,,,,,,,,,,,,,,,,,,,,,,,,,,,,,,,,,,,,,,,,,,,,,,,,,,,,,,,,,
2017-04-10T02:55,2017-04-10T03:00,24,train,0,2017,4,2,,,,,,,,,,,,,,,,,,,,,,,,,,,,,,,,,,,,,,,,,,,,,,,,,,,,,,,,,,,,,,,,,,,,,,,,,,,,,,,,,,,,,,,,,,,,,,,,,,,,,,,,,,,,,,,,,,,,,,,,,,,,,,,,,,,,,,,,,,,,,,,,,,,,,,,,,
2017-05-11T10:54,2017-05-11T11:00,1,train,1,2017,5,10,1,2017-05-11T10:00,,,,,,,,,,,-999.0,39.0,39.0,0.0,0.0,1243.92041015625,1227.2021484375,85000.0,87800.0,1623.91455078125,2.2806313037872314,252.4706573486328,267.4935607910156,272.0652770996094,275.7797546386719,279.88134765625,5576.033203125,3005.86669921875,1470.114990234375,146.36715698242188,273.2893981933594,100.0,311.1372985839844,1224.47998046875,100.0,0.0,0.007000000216066837,,,,,,,,,,,,,,,,,,,,,,,,,,,,,,,,,,,,,,,,,,,,,,,,,,,,,,,,,,,,,,,,,,,,,,,,,,,,,,,,,,,,,,,,,,,,,,,,,,,,,,,,,,,,,,,,,,
2017-05-11T10:54,2017-05-11T11:00,48,train,1,2017,5,10,,,,,,,,,,,,,,,,,,,,,,,,,,,,,,,,,,,,,,,,,,,,,,,,,,,,,,,,,,,,,,,,,,,,,,,,,,,,,,,,,,,,,,,,,,,,,,,,,,,,,,,,,,,,,,,,,,,,,,,,,,,,,,,,,,,,,,,,,,,,,,,,,,,,,,,,,
2017-05-11T10:54,2017-05-11T11:00,24,train,1,2017,5,10,,,,,,,,,,,,,,,,,,,,,,,,,,,,,,,,,,,,,,,,,,,,,,,,,,,,,,,,,,,,,,,,,,,,,,,,,,,,,,,,,,,,,,,,,,,,,,,,,,,,,,,,,,,,,,,,,,,,,,,,,,,,,,,,,,,,,,,,,,,,,,,,,,,,,,,,,
2017-06-18T03:55,2017-06-18T04:00,1,train,1,2017,6,3,1,2017-06-18T03:00,,,,,,,,,,,-999.0,21.75,21.75,0.0,0.0,nan,nan,nan,nan,nan,2.919339895248413,264.53173828125,280.2734680175781,288.5398864746094,291.6615295410156,295.6243591308594,5807.9541015625,3121.30078125,1496.5811767578125,97.5561294555664,288.9827575683594,88.69999694824219,169.8336944580078,4384.4091796875,9600.0,0.0,0.0,,,,,,,,,,,,,,,,,,,,,,,,,,,,,,,,,,,,,,,,,,,,,,,,,,,,,,,,,,,,,,,,,,,,,,,,,,,,,,,,,,,,,,,,,,,,,,,,,,,,,,,,,,,,,,,,,,
2017-06-18T03:55,2017-06-18T04:00,24,train,1,2017,6,3,,,,,,,,,,,,,,,,,,,,,,,,,,,,,,,,,,,,,,,,,,,,,,,,,,,,,,,,,,,,,,,,,,,,,,,,,,,,,,,,,,,,,,,,,,,,,,,,,,,,,,,,,,,,,,,,,,,,,,,,,,,,,,,,,,,,,,,,,,,,,,,,,,,,,,,,,
2017-06-18T03:55,2017-06-18T04:00,48,train,1,2017,6,3,,,,,,,,,,,,,,,,,,,,,,,,,,,,,,,,,,,,,,,,,,,,,,,,,,,,,,,,,,,,,,,,,,,,,,,,,,,,,,,,,,,,,,,,,,,,,,,,,,,,,,,,,,,,,,,,,,,,,,,,,,,,,,,,,,,,,,,,,,,,,,,,,,,,,,,,,
2017-09-12T09:51,2017-09-12T10:00,1,train,0,2017,9,9,2,2017-09-12T08:00,,,,,,,,,,,-999.0,2.25,2.25,0.0,0.0,nan,nan,nan,nan,nan,1.7602941989898682,263.58251953125,279.49334716796875,288.52484130859375,291.33795166015625,295.0419921875,5816.537109375,3139.25830078125,1522.2216796875,129.01136779785156,286.4913635253906,48.29999923706055,87.65132141113281,4229.654296875,27300.0,0.0,0.0,,,,,,,,,,,,,,,,,,,,,,,,,,,,,,,,,,,,,,,,,,,,,,,,,,,,,,,,,,,,,,,,,,,,,,,,,,,,,,,,,,,,,,,,,,,,,,,,,,,,,,,,,,,,,,,,,,
2017-10-20T02:51,2017-10-20T03:00,1,train,0,2017,10,2,1,2017-10-20T02:00,,,,,,,,,,,-999.0,2.0,0.875,0.0,2.0,nan,nan,nan,nan,nan,5.064970970153809,259.78668212890625,275.6899108886719,280.9322204589844,286.3395690917969,290.4618225097656,5691.7138671875,3041.5009765625,1464.369384765625,95.05146789550781,282.0941467285156,65.69999694824219,468.68994140625,4120.16015625,17300.0,0.0,0.0,,,,,,,,,,,,,,,,,,,,,,,,,,,,,,,,,,,,,,,,,,,,,,,,,,,,,,,,,,,,,,,,,,,,,,,,,,,,,,,,,,,,,,,,,,,,,,,,,,,,,,,,,,,,,,,,,,
2017-09-12T09:51,2017-09-12T10:00,48,train,0,2017,9,9,,,,,,,,,,,,,,,,,,,,,,,,,,,,,,,,,,,,,,,,,,,,,,,,,,,,,,,,,,,,,,,,,,,,,,,,,,,,,,,,,,,,,,,,,,,,,,,,,,,,,,,,,,,,,,,,,,,,,,,,,,,,,,,,,,,,,,,,,,,,,,,,,,,,,,,,,
2017-09-12T09:51,2017-09-12T10:00,24,train,0,2017,9,9,,,,,,,,,,,,,,,,,,,,,,,,,,,,,,,,,,,,,,,,,,,,,,,,,,,,,,,,,,,,,,,,,,,,,,,,,,,,,,,,,,,,,,,,,,,,,,,,,,,,,,,,,,,,,,,,,,,,,,,,,,,,,,,,,,,,,,,,,,,,,,,,,,,,,,,,,
2017-10-20T02:51,2017-10-20T03:00,48,train,0,2017,10,2,,,,,,,,,,,,,,,,,,,,,,,,,,,,,,,,,,,,,,,,,,,,,,,,,,,,,,,,,,,,,,,,,,,,,,,,,,,,,,,,,,,,,,,,,,,,,,,,,,,,,,,,,,,,,,,,,,,,,,,,,,,,,,,,,,,,,,,,,,,,,,,,,,,,,,,,,
2017-10-20T02:51,2017-10-20T03:00,24,train,0,2017,10,2,,,,,,,,,,,,,,,,,,,,,,,,,,,,,,,,,,,,,,,,,,,,,,,,,,,,,,,,,,,,,,,,,,,,,,,,,,,,,,,,,,,,,,,,,,,,,,,,,,,,,,,,,,,,,,,,,,,,,,,,,,,,,,,,,,,,,,,,,,,,,,,,,,,,,,,,,
2017-11-10T09:55,2017-11-10T10:00,1,train,0,2017,11,9,1,2017-11-10T09:00,,,,,,,,,,,1633.4000244140625,25.125,25.125,10.0,0.0,1287.768798828125,1226.5926513671875,76500.0,86800.0,1582.204833984375,8.589627265930176,256.0584716796875,259.8240051269531,264.4449157714844,268.4961853027344,272.5857238769531,5406.0947265625,2862.7451171875,1374.4482421875,88.52197265625,265.22845458984375,88.4000015258789,508.88775634765625,0.0,900.0,0.00039999998989515007,2.049999952316284,,,,,,,,,,,,,,,,,,,,,,,,,,,,,,,,,,,,,,,,,,,,,,,,,,,,,,,,,,,,,,,,,,,,,,,,,,,,,,,,,,,,,,,,,,,,,,,,,,,,,,,,,,,,,,,,,,
2017-11-10T09:55,2017-11-10T10:00,24,train,0,2017,11,9,,,,,,,,,,,,,,,,,,,,,,,,,,,,,,,,,,,,,,,,,,,,,,,,,,,,,,,,,,,,,,,,,,,,,,,,,,,,,,,,,,,,,,,,,,,,,,,,,,,,,,,,,,,,,,,,,,,,,,,,,,,,,,,,,,,,,,,,,,,,,,,,,,,,,,,,,
2017-11-21T14:57,2017-11-21T15:00,1,train,0,2017,11,14,1,2017-11-21T14:00,,,,,,,,,,,-999.0,0.0,0.0,0.0,0.0,nan,nan,nan,nan,nan,7.136683940887451,252.010986328125,268.0418395996094,275.53790283203125,278.0588073730469,281.92181396484375,5543.44921875,2982.00439453125,1434.97705078125,104.03832244873047,275.47357177734375,50.70000076293945,256.2362365722656,2113.280029296875,25700.0,0.0,0.0,,,,,,,,,,,,,,,,,,,,,,,,,,,,,,,,,,,,,,,,,,,,,,,,,,,,,,,,,,,,,,,,,,,,,,,,,,,,,,,,,,,,,,,,,,,,,,,,,,,,,,,,,,,,,,,,,,
2017-11-10T09:55,2017-11-10T10:00,48,train,0,2017,11,9,,,,,,,,,,,,,,,,,,,,,,,,,,,,,,,,,,,,,,,,,,,,,,,,,,,,,,,,,,,,,,,,,,,,,,,,,,,,,,,,,,,,,,,,,,,,,,,,,,,,,,,,,,,,,,,,,,,,,,,,,,,,,,,,,,,,,,,,,,,,,,,,,,,,,,,,,
2017-11-21T14:57,2017-11-21T15:00,24,train,0,2017,11,14,,,,,,,,,,,,,,,,,,,,,,,,,,,,,,,,,,,,,,,,,,,,,,,,,,,,,,,,,,,,,,,,,,,,,,,,,,,,,,,,,,,,,,,,,,,,,,,,,,,,,,,,,,,,,,,,,,,,,,,,,,,,,,,,,,,,,,,,,,,,,,,,,,,,,,,,,
2017-11-21T14:57,2017-11-21T15:00,48,train,0,2017,11,14,,,,,,,,,,,,,,,,,,,,,,,,,,,,,,,,,,,,,,,,,,,,,,,,,,,,,,,,,,,,,,,,,,,,,,,,,,,,,,,,,,,,,,,,,,,,,,,,,,,,,,,,,,,,,,,,,,,,,,,,,,,,,,,,,,,,,,,,,,,,,,,,,,,,,,,,,
2017-12-04T22:54,2017-12-04T23:00,1,train,0,2017,12,22,1,2017-12-04T22:00,,,,,,,,,,,-999.0,98.625,0.25,98.375,98.625,4980.6396484375,6088.34326171875,40000.0,47000.0,9238.34765625,3.1372194290161133,251.78765869140625,266.8642272949219,270.3309631347656,272.0697021484375,275.8674621582031,5629.37646484375,3071.26171875,1541.155517578125,232.49996948242188,269.5729064941406,77.4000015258789,122.14798736572266,656.47998046875,12700.0,0.0,0.0,,,,,,,,,,,,,,,,,,,,,,,,,,,,,,,,,,,,,,,,,,,,,,,,,,,,,,,,,,,,,,,,,,,,,,,,,,,,,,,,,,,,,,,,,,,,,,,,,,,,,,,,,,,,,,,,,,
2017-12-27T03:51,2017-12-27T04:00,1,train,0,2017,12,3,1,2017-12-27T03:00,,,,,,,,,,,-999.0,9.125,9.125,0.0,0.0,1240.88916015625,nan,nan,nan,1698.4530029296875,2.498993158340454,236.70265197753906,244.37973022460938,250.31784057617188,254.58343505859375,258.2919006347656,5189.7646484375,2822.558349609375,1421.091552734375,205.32708740234375,251.1443634033203,78.69999694824219,379.6815185546875,0.0,9700.0,0.0,0.0020000000949949026,,,,,,,,,,,,,,,,,,,,,,,,,,,,,,,,,,,,,,,,,,,,,,,,,,,,,,,,,,,,,,,,,,,,,,,,,,,,,,,,,,,,,,,,,,,,,,,,,,,,,,,,,,,,,,,,,,
2017-12-04T22:54,2017-12-04T23:00,48,train,0,2017,12,22,,,,,,,,,,,,,,,,,,,,,,,,,,,,,,,,,,,,,,,,,,,,,,,,,,,,,,,,,,,,,,,,,,,,,,,,,,,,,,,,,,,,,,,,,,,,,,,,,,,,,,,,,,,,,,,,,,,,,,,,,,,,,,,,,,,,,,,,,,,,,,,,,,,,,,,,,
2017-12-04T22:54,2017-12-04T23:00,24,train,0,2017,12,22,,,,,,,,,,,,,,,,,,,,,,,,,,,,,,,,,,,,,,,,,,,,,,,,,,,,,,,,,,,,,,,,,,,,,,,,,,,,,,,,,,,,,,,,,,,,,,,,,,,,,,,,,,,,,,,,,,,,,,,,,,,,,,,,,,,,,,,,,,,,,,,,,,,,,,,,,
2017-12-27T03:51,2017-12-27T04:00,48,train,0,2017,12,3,,,,,,,,,,,,,,,,,,,,,,,,,,,,,,,,,,,,,,,,,,,,,,,,,,,,,,,,,,,,,,,,,,,,,,,,,,,,,,,,,,,,,,,,,,,,,,,,,,,,,,,,,,,,,,,,,,,,,,,,,,,,,,,,,,,,,,,,,,,,,,,,,,,,,,,,,
2017-12-27T03:51,2017-12-27T04:00,24,train,0,2017,12,3,,,,,,,,,,,,,,,,,,,,,,,,,,,,,,,,,,,,,,,,,,,,,,,,,,,,,,,,,,,,,,,,,,,,,,,,,,,,,,,,,,,,,,,,,,,,,,,,,,,,,,,,,,,,,,,,,,,,,,,,,,,,,,,,,,,,,,,,,,,,,,,,,,,,,,,,,
2018-01-07T04:56,2018-01-07T05:00,24,train,1,2018,1,4,,,,,,,,,,,,,,,,,,,,,,,,,,,,,,,,,,,,,,,,,,,,,,,,,,,,,,,,,,,,,,,,,,,,,,,,,,,,,,,,,,,,,,,,,,,,,,,,,,,,,,,,,,,,,,,,,,,,,,,,,,,,,,,,,,,,,,,,,,,,,,,,,,,,,,,,,
2018-01-07T04:56,2018-01-07T05:00,1,train,1,2018,1,4,1,2018-01-07T04:00,,,,,,,,,,,-999.0,0.5,0.5,0.0,0.0,nan,nan,nan,nan,nan,11.943427085876465,240.7960662841797,250.18756103515625,250.344970703125,249.94256591796875,253.29823303222656,5211.8076171875,2793.06005859375,1365.6026611328125,152.2923583984375,247.55841064453125,53.20000076293945,206.00115966796875,0.0,24400.0,0.0,0.0010000000474974513,,,,,,,,,,,,,,,,,,,,,,,,,,,,,,,,,,,,,,,,,,,,,,,,,,,,,,,,,,,,,,,,,,,,,,,,,,,,,,,,,,,,,,,,,,,,,,,,,,,,,,,,,,,,,,,,,,
2018-01-17T04:51,2018-01-17T05:00,1,train,0,2018,1,4,1,2018-01-17T04:00,,,,,,,,,,,-999.0,6.625,6.625,0.25,0.0,nan,1226.47509765625,43100.0,88200.0,nan,2.0927529335021973,246.43896484375,257.823974609375,263.4556884765625,266.46099853515625,270.18878173828125,5470.056640625,2979.6552734375,1498.095947265625,222.06271362304688,264.558837890625,88.5999984741211,239.83428955078125,0.0,3300.0,9.999999747378752e-05,0.3310000002384186,,,,,,,,,,,,,,,,,,,,,,,,,,,,,,,,,,,,,,,,,,,,,,,,,,,,,,,,,,,,,,,,,,,,,,,,,,,,,,,,,,,,,,,,,,,,,,,,,,,,,,,,,,,,,,,,,,
2018-01-07T04:56,2018-01-07T05:00,48,train,1,2018,1,4,,,,,,,,,,,,,,,,,,,,,,,,,,,,,,,,,,,,,,,,,,,,,,,,,,,,,,,,,,,,,,,,,,,,,,,,,,,,,,,,,,,,,,,,,,,,,,,,,,,,,,,,,,,,,,,,,,,,,,,,,,,,,,,,,,,,,,,,,,,,,,,,,,,,,,,,,
2018-01-17T04:51,2018-01-17T05:00,48,train,0,2018,1,4,,,,,,,,,,,,,,,,,,,,,,,,,,,,,,,,,,,,,,,,,,,,,,,,,,,,,,,,,,,,,,,,,,,,,,,,,,,,,,,,,,,,,,,,,,,,,,,,,,,,,,,,,,,,,,,,,,,,,,,,,,,,,,,,,,,,,,,,,,,,,,,,,,,,,,,,,
2018-01-17T04:51,2018-01-17T05:00,24,train,0,2018,1,4,,,,,,,,,,,,,,,,,,,,,,,,,,,,,,,,,,,,,,,,,,,,,,,,,,,,,,,,,,,,,,,,,,,,,,,,,,,,,,,,,,,,,,,,,,,,,,,,,,,,,,,,,,,,,,,,,,,,,,,,,,,,,,,,,,,,,,,,,,,,,,,,,,,,,,,,,
2018-01-25T12:53,2018-01-25T13:00,1,train,1,2018,1,12,1,2018-01-25T12:00,,,,,,,,,,,-999.0,0.625,0.625,0.0,0.0,nan,nan,nan,nan,nan,10.339351654052734,237.19760131835938,253.36859130859375,257.6933288574219,258.3863830566406,261.7846374511719,5286.9853515625,2868.454345703125,1411.72119140625,167.61917114257812,255.9055633544922,62.900001525878906,191.3069610595703,0.0,18200.0,0.0,0.0,,,,,,,,,,,,,,,,,,,,,,,,,,,,,,,,,,,,,,,,,,,,,,,,,,,,,,,,,,,,,,,,,,,,,,,,,,,,,,,,,,,,,,,,,,,,,,,,,,,,,,,,,,,,,,,,,,
2018-01-25T12:53,2018-01-25T13:00,24,train,1,2018,1,12,,,,,,,,,,,,,,,,,,,,,,,,,,,,,,,,,,,,,,,,,,,,,,,,,,,,,,,,,,,,,,,,,,,,,,,,,,,,,,,,,,,,,,,,,,,,,,,,,,,,,,,,,,,,,,,,,,,,,,,,,,,,,,,,,,,,,,,,,,,,,,,,,,,,,,,,,
2018-01-25T12:53,2018-01-25T13:00,48,train,1,2018,1,12,,,,,,,,,,,,,,,,,,,,,,,,,,,,,,,,,,,,,,,,,,,,,,,,,,,,,,,,,,,,,,,,,,,,,,,,,,,,,,,,,,,,,,,,,,,,,,,,,,,,,,,,,,,,,,,,,,,,,,,,,,,,,,,,,,,,,,,,,,,,,,,,,,,,,,,,,
2018-03-01T11:56,2018-03-01T12:00,1,train,0,2018,3,11,1,2018-03-01T11:00,,,,,,,,,,,-999.0,26.75,26.75,0.0,0.0,nan,nan,nan,nan,nan,2.5999743938446045,247.4564971923828,264.5033874511719,270.9569091796875,274.79510498046875,278.769775390625,5456.5615234375,2930.15380859375,1408.260986328125,92.79296875,271.2972412109375,93.9000015258789,211.4265899658203,921.280029296875,8300.0,0.0,0.008999999612569809,,,,,,,,,,,,,,,,,,,,,,,,,,,,,,,,,,,,,,,,,,,,,,,,,,,,,,,,,,,,,,,,,,,,,,,,,,,,,,,,,,,,,,,,,,,,,,,,,,,,,,,,,,,,,,,,,,
2018-03-01T11:56,2018-03-01T12:00,48,train,0,2018,3,11,,,,,,,,,,,,,,,,,,,,,,,,,,,,,,,,,,,,,,,,,,,,,,,,,,,,,,,,,,,,,,,,,,,,,,,,,,,,,,,,,,,,,,,,,,,,,,,,,,,,,,,,,,,,,,,,,,,,,,,,,,,,,,,,,,,,,,,,,,,,,,,,,,,,,,,,,
2018-03-01T11:56,2018-03-01T12:00,24,train,0,2018,3,11,,,,,,,,,,,,,,,,,,,,,,,,,,,,,,,,,,,,,,,,,,,,,,,,,,,,,,,,,,,,,,,,,,,,,,,,,,,,,,,,,,,,,,,,,,,,,,,,,,,,,,,,,,,,,,,,,,,,,,,,,,,,,,,,,,,,,,,,,,,,,,,,,,,,,,,,,
2018-03-18T04:53,2018-03-18T05:00,1,train,0,2018,3,4,1,2018-03-18T04:00,,,,,,,,,,,-999.0,0.0,0.0,0.0,0.0,nan,nan,nan,nan,nan,4.946237087249756,243.5174560546875,255.02223205566406,258.9506530761719,260.63763427734375,264.19879150390625,5241.466796875,2784.35205078125,1322.3521728515625,65.73773193359375,257.6101379394531,38.5,149.04693603515625,0.0,34600.0,0.0,0.0,,,,,,,,,,,,,,,,,,,,,,,,,,,,,,,,,,,,,,,,,,,,,,,,,,,,,,,,,,,,,,,,,,,,,,,,,,,,,,,,,,,,,,,,,,,,,,,,,,,,,,,,,,,,,,,,,,
2018-06-06T14:53,2018-06-06T15:00,1,train,0,2018,6,14,1,2018-06-06T14:00,,,,,,,,,,,-999.0,41.0,41.0,0.0,0.0,1371.1640625,1476.9713134765625,77000.0,84600.0,2501.070068359375,3.0186338424682617,256.65118408203125,268.804443359375,277.39306640625,282.6951904296875,287.1735534667969,5582.85009765625,2990.28369140625,1436.367431640625,88.6002197265625,280.3531494140625,94.0,647.4727783203125,2157.365478515625,8400.0,0.0,0.009999999776482582,,,,,,,,,,,,,,,,,,,,,,,,,,,,,,,,,,,,,,,,,,,,,,,,,,,,,,,,,,,,,,,,,,,,,,,,,,,,,,,,,,,,,,,,,,,,,,,,,,,,,,,,,,,,,,,,,,
2018-03-18T04:53,2018-03-18T05:00,48,train,0,2018,3,4,,,,,,,,,,,,,,,,,,,,,,,,,,,,,,,,,,,,,,,,,,,,,,,,,,,,,,,,,,,,,,,,,,,,,,,,,,,,,,,,,,,,,,,,,,,,,,,,,,,,,,,,,,,,,,,,,,,,,,,,,,,,,,,,,,,,,,,,,,,,,,,,,,,,,,,,,
2018-03-18T04:53,2018-03-18T05:00,24,train,0,2018,3,4,,,,,,,,,,,,,,,,,,,,,,,,,,,,,,,,,,,,,,,,,,,,,,,,,,,,,,,,,,,,,,,,,,,,,,,,,,,,,,,,,,,,,,,,,,,,,,,,,,,,,,,,,,,,,,,,,,,,,,,,,,,,,,,,,,,,,,,,,,,,,,,,,,,,,,,,,
2018-06-06T14:53,2018-06-06T15:00,24,train,0,2018,6,14,,,,,,,,,,,,,,,,,,,,,,,,,,,,,,,,,,,,,,,,,,,,,,,,,,,,,,,,,,,,,,,,,,,,,,,,,,,,,,,,,,,,,,,,,,,,,,,,,,,,,,,,,,,,,,,,,,,,,,,,,,,,,,,,,,,,,,,,,,,,,,,,,,,,,,,,,
2018-06-06T14:53,2018-06-06T15:00,48,train,0,2018,6,14,,,,,,,,,,,,,,,,,,,,,,,,,,,,,,,,,,,,,,,,,,,,,,,,,,,,,,,,,,,,,,,,,,,,,,,,,,,,,,,,,,,,,,,,,,,,,,,,,,,,,,,,,,,,,,,,,,,,,,,,,,,,,,,,,,,,,,,,,,,,,,,,,,,,,,,,,
2018-08-17T20:49,2018-08-17T21:00,1,train,0,2018,8,20,1,2018-08-17T20:00,,,,,,,,,,,-999.0,44.25,3.375,44.25,1.125,nan,4277.0908203125,46200.0,60900.0,nan,3.352680206298828,264.90716552734375,279.22613525390625,288.27301025390625,293.2546691894531,297.84002685546875,5840.953125,3151.70751953125,1531.399169921875,128.5662384033203,291.20159912109375,90.69999694824219,593.9520874023438,4449.64453125,13900.0,0.0,0.0,,,,,,,,,,,,,,,,,,,,,,,,,,,,,,,,,,,,,,,,,,,,,,,,,,,,,,,,,,,,,,,,,,,,,,,,,,,,,,,,,,,,,,,,,,,,,,,,,,,,,,,,,,,,,,,,,,
2018-08-17T20:49,2018-08-17T21:00,24,train,0,2018,8,20,21,2018-08-17T00:00,,,,,,,,,,,-999.0,84.75,73.5,83.875,84.75,1246.44384765625,1241.1689453125,20000.0,87800.0,13105.2705078125,5.325920581817627,265.39019775390625,279.0435791015625,288.12481689453125,292.3154296875,296.7666015625,5827.50390625,3140.1435546875,1520.359375,119.65159606933594,289.5224304199219,100.0,480.4178771972656,4268.31982421875,100.0,0.00019999999494757503,5.199999809265137,,,,,,,,,,,,,,,,,,,,,,,,,,,,,,,,,,,,,,,,,,,,,,,,,,,,,,,,,,,,,,,,,,,,,,,,,,,,,,,,,,,,,,,,,,,,,,,,,,,,,,,,,,,,,,,,,,
2018-09-10T21:49,2018-09-10T22:00,1,train,0,2018,9,21,1,2018-09-10T21:00,,,,,,,,,,,-999.0,23.75,18.625,23.75,17.5,1244.8360595703125,1227.6866455078125,37500.0,88800.0,1481.9293212890625,8.336271286010742,263.857177734375,276.3065185546875,279.8955078125,281.80657958984375,286.1203918457031,5836.9501953125,3166.14013671875,1574.117919921875,217.69537353515625,279.3115539550781,100.0,371.9056091308594,3861.781005859375,0.0,0.0,0.019999999552965164,,,,,,,,,,,,,,,,,,,,,,,,,,,,,,,,,,,,,,,,,,,,,,,,,,,,,,,,,,,,,,,,,,,,,,,,,,,,,,,,,,,,,,,,,,,,,,,,,,,,,,,,,,,,,,,,,,
2018-08-17T20:49,2018-08-17T21:00,48,train,0,2018,8,20,,,,,,,,,,,,,,,,,,,,,,,,,,,,,,,,,,,,,,,,,,,,,,,,,,,,,,,,,,,,,,,,,,,,,,,,,,,,,,,,,,,,,,,,,,,,,,,,,,,,,,,,,,,,,,,,,,,,,,,,,,,,,,,,,,,,,,,,,,,,,,,,,,,,,,,,,
2018-09-10T21:49,2018-09-10T22:00,48,train,0,2018,9,21,,,,,,,,,,,,,,,,,,,,,,,,,,,,,,,,,,,,,,,,,,,,,,,,,,,,,,,,,,,,,,,,,,,,,,,,,,,,,,,,,,,,,,,,,,,,,,,,,,,,,,,,,,,,,,,,,,,,,,,,,,,,,,,,,,,,,,,,,,,,,,,,,,,,,,,,,
2018-09-10T21:49,2018-09-10T22:00,24,train,0,2018,9,21,22,2018-09-10T00:00,,,,,,,,,,,4839.39990234375,100.0,31.25,100.0,100.0,1244.826171875,1227.7061767578125,25600.0,88900.0,11817.0546875,6.383752822875977,263.5902099609375,276.22747802734375,279.4310302734375,282.7569885253906,287.25677490234375,5839.34765625,3169.12158203125,1579.6153564453125,218.39727783203125,279.47320556640625,100.0,431.5177001953125,3858.802490234375,100.0,0.0003000000142492354,1.1100000143051147,,,,,,,,,,,,,,,,,,,,,,,,,,,,,,,,,,,,,,,,,,,,,,,,,,,,,,,,,,,,,,,,,,,,,,,,,,,,,,,,,,,,,,,,,,,,,,,,,,,,,,,,,,,,,,,,,,
2018-09-28T14:54,2018-09-28T15:00,1,train,1,2018,9,14,1,2018-09-28T14:00,,,,,,,,,,,-999.0,14.0,2.25,14.0,0.0,nan,nan,nan,nan,nan,3.5933263301849365,263.8022766113281,275.4555358886719,278.201904296875,281.7215576171875,286.1886291503906,5744.4697265625,3085.68017578125,1503.788330078125,147.8303680419922,279.1812744140625,99.0,383.1249694824219,3647.138916015625,12200.0,0.0,0.0,,,,,,,,,,,,,,,,,,,,,,,,,,,,,,,,,,,,,,,,,,,,,,,,,,,,,,,,,,,,,,,,,,,,,,,,,,,,,,,,,,,,,,,,,,,,,,,,,,,,,,,,,,,,,,,,,,
2018-09-28T14:54,2018-09-28T15:00,24,train,1,2018,9,14,21,2018-09-27T18:00,,,,,,,,,,,-999.0,44.0,0.25,3.875,44.0,nan,nan,nan,nan,nan,3.4484357833862305,262.0260314941406,274.9698486328125,278.7669982910156,282.62225341796875,287.1936950683594,5746.033203125,3091.01806640625,1511.1654052734375,153.91207885742188,280.2967529296875,73.19999694824219,475.5726013183594,3748.4423828125,22900.0,0.0,0.7799999713897705,,,,,,,,,,,,,,,,,,,,,,,,,,,,,,,,,,,,,,,,,,,,,,,,,,,,,,,,,,,,,,,,,,,,,,,,,,,,,,,,,,,,,,,,,,,,,,,,,,,,,,,,,,,,,,,,,,
2018-09-28T14:54,2018-09-28T15:00,48,train,1,2018,9,14,,,,,,,,,,,,,,,,,,,,,,,,,,,,,,,,,,,,,,,,,,,,,,,,,,,,,,,,,,,,,,,,,,,,,,,,,,,,,,,,,,,,,,,,,,,,,,,,,,,,,,,,,,,,,,,,,,,,,,,,,,,,,,,,,,,,,,,,,,,,,,,,,,,,,,,,,
2018-10-24T11:47,2018-10-24T12:00,1,train,0,2018,10,11,1,2018-10-24T11:00,,,,,,,,,,,3328.0,78.5,39.25,78.5,0.0,1472.713134765625,1226.9385986328125,49400.0,87200.0,6484.47607421875,6.031681060791016,243.48880004882812,261.6848449707031,269.71624755859375,273.2138671875,277.18988037109375,5423.3115234375,2932.988525390625,1419.50341796875,113.76738739013672,271.03973388671875,88.4000015258789,390.3975524902344,889.5999755859375,700.0,0.0006000000284984708,1.7200000286102295,,,,,,,,,,,,,,,,,,,,,,,,,,,,,,,,,,,,,,,,,,,,,,,,,,,,,,,,,,,,,,,,,,,,,,,,,,,,,,,,,,,,,,,,,,,,,,,,,,,,,,,,,,,,,,,,,,
2018-10-24T11:47,2018-10-24T12:00,24,train,0,2018,10,11,24,2018-10-23T12:00,,,,,,,,,,,2522.39990234375,88.25,35.625,88.25,0.0,1243.4591064453125,1226.8724365234375,46000.0,87300.0,7315.86376953125,3.274686336517334,242.86483764648438,260.90185546875,269.76654052734375,273.596923828125,277.67767333984375,5415.81689453125,2932.039306640625,1421.3572998046875,115.94255065917969,270.4652099609375,97.4000015258789,510.00787353515625,791.8400268554688,400.0,0.0003000000142492354,31.350000381469727,,,,,,,,,,,,,,,,,,,,,,,,,,,,,,,,,,,,,,,,,,,,,,,,,,,,,,,,,,,,,,,,,,,,,,,,,,,,,,,,,,,,,,,,,,,,,,,,,,,,,,,,,,,,,,,,,,
2018-10-24T11:47,2018-10-24T12:00,48,train,0,2018,10,11,,,,,,,,,,,,,,,,,,,,,,,,,,,,,,,,,,,,,,,,,,,,,,,,,,,,,,,,,,,,,,,,,,,,,,,,,,,,,,,,,,,,,,,,,,,,,,,,,,,,,,,,,,,,,,,,,,,,,,,,,,,,,,,,,,,,,,,,,,,,,,,,,,,,,,,,,
2018-11-25T22:52,2018-11-25T23:00,1,train,0,2018,11,22,1,2018-11-25T22:00,,,,,,,,,,,-999.0,85.0,85.0,0.0,0.0,1474.705078125,nan,nan,nan,nan,3.095409870147705,250.2472381591797,264.15771484375,271.6697998046875,275.6265869140625,279.5307312011719,5476.37890625,2936.35302734375,1415.431884765625,98.44358825683594,272.7347412109375,94.69999694824219,268.04803466796875,1147.280029296875,12200.0,0.0,0.006000000052154064,,,,,,,,,,,,,,,,,,,,,,,,,,,,,,,,,,,,,,,,,,,,,,,,,,,,,,,,,,,,,,,,,,,,,,,,,,,,,,,,,,,,,,,,,,,,,,,,,,,,,,,,,,,,,,,,,,
2018-11-25T22:52,2018-11-25T23:00,24,train,0,2018,11,22,23,2018-11-25T00:00,,,,,,,,,,,2199.199951171875,93.0,93.0,7.25,0.0,1243.7474365234375,1227.175537109375,74900.0,87100.0,2674.3056640625,1.9753847122192383,248.13601684570312,262.97705078125,272.05682373046875,275.54278564453125,279.4287414550781,5457.46923828125,2931.968505859375,1409.921630859375,95.18245697021484,272.6869201660156,99.30000305175781,476.8765563964844,1140.56005859375,100.0,0.00019999999494757503,5.039999961853027,,,,,,,,,,,,,,,,,,,,,,,,,,,,,,,,,,,,,,,,,,,,,,,,,,,,,,,,,,,,,,,,,,,,,,,,,,,,,,,,,,,,,,,,,,,,,,,,,,,,,,,,,,,,,,,,,,
2018-11-25T22:52,2018-11-25T23:00,48,train,0,2018,11,22,,,,,,,,,,,,,,,,,,,,,,,,,,,,,,,,,,,,,,,,,,,,,,,,,,,,,,,,,,,,,,,,,,,,,,,,,,,,,,,,,,,,,,,,,,,,,,,,,,,,,,,,,,,,,,,,,,,,,,,,,,,,,,,,,,,,,,,,,,,,,,,,,,,,,,,,,
2018-12-09T14:58,2018-12-09T15:00,1,train,0,2018,12,14,1,2018-12-09T14:00,,,,,,,,,,,-999.0,47.375,5.0,47.375,0.0,5670.294921875,nan,nan,nan,6393.04638671875,7.5227437019348145,243.25909423828125,259.0928955078125,262.75,265.08526611328125,268.64459228515625,5429.18115234375,2951.640625,1466.42236328125,194.62274169921875,264.19256591796875,62.099998474121094,231.17611694335938,0.0,29200.0,0.0,0.0010000000474974513,,,,,,,,,,,,,,,,,,,,,,,,,,,,,,,,,,,,,,,,,,,,,,,,,,,,,,,,,,,,,,,,,,,,,,,,,,,,,,,,,,,,,,,,,,,,,,,,,,,,,,,,,,,,,,,,,,
2018-12-09T14:58,2018-12-09T15:00,24,train,0,2018,12,14,21,2018-12-08T18:00,,,,,,,,,,,-999.0,8.625,0.5,8.625,0.0,nan,nan,nan,nan,nan,8.312612533569336,243.0496826171875,258.1757507324219,262.2869873046875,264.7344665527344,268.385986328125,5430.5810546875,2958.23193359375,1476.9268798828125,207.51498413085938,263.6437683105469,66.5999984741211,242.59756469726562,0.0,25800.0,0.0,0.5799999833106995,,,,,,,,,,,,,,,,,,,,,,,,,,,,,,,,,,,,,,,,,,,,,,,,,,,,,,,,,,,,,,,,,,,,,,,,,,,,,,,,,,,,,,,,,,,,,,,,,,,,,,,,,,,,,,,,,,
2018-12-09T14:58,2018-12-09T15:00,48,train,0,2018,12,14,,,,,,,,,,,,,,,,,,,,,,,,,,,,,,,,,,,,,,,,,,,,,,,,,,,,,,,,,,,,,,,,,,,,,,,,,,,,,,,,,,,,,,,,,,,,,,,,,,,,,,,,,,,,,,,,,,,,,,,,,,,,,,,,,,,,,,,,,,,,,,,,,,,,,,,,,
2018-12-21T08:54,2018-12-21T09:00,1,train,0,2018,12,8,1,2018-12-21T08:00,,,,,,,,,,,4704.2001953125,48.125,48.125,38.75,12.75,1244.2354736328125,1227.3251953125,37400.0,87300.0,7781.7021484375,9.311417579650879,260.6246032714844,272.400146484375,277.0987548828125,277.89208984375,281.59149169921875,5634.3095703125,2997.896484375,1433.454345703125,93.66157531738281,275.8427734375,99.5999984741211,260.6521301269531,2637.840087890625,100.0,0.00019999999494757503,1.6419999599456787,,,,,,,,,,,,,,,,,,,,,,,,,,,,,,,,,,,,,,,,,,,,,,,,,,,,,,,,,,,,,,,,,,,,,,,,,,,,,,,,,,,,,,,,,,,,,,,,,,,,,,,,,,,,,,,,,,
2018-12-21T08:54,2018-12-21T09:00,24,train,0,2018,12,8,21,2018-12-20T12:00,,,,,,,,,,,-999.0,100.0,58.5,100.0,100.0,1244.22607421875,1227.3797607421875,24100.0,87300.0,11891.095703125,6.663970470428467,259.46856689453125,272.0157470703125,277.56890869140625,278.37078857421875,281.90869140625,5623.45361328125,2999.11083984375,1431.57958984375,91.3041763305664,275.86407470703125,99.5999984741211,239.98899841308594,2798.0,100.0,0.00019999999494757503,2.200000047683716,,,,,,,,,,,,,,,,,,,,,,,,,,,,,,,,,,,,,,,,,,,,,,,,,,,,,,,,,,,,,,,,,,,,,,,,,,,,,,,,,,,,,,,,,,,,,,,,,,,,,,,,,,,,,,,,,,
2019-01-04T10:47,2019-01-04T11:00,1,train,0,2019,1,10,1,2019-01-04T10:00,,,,,,,,,,,-999.0,6.625,6.625,0.0,0.0,nan,nan,nan,nan,nan,9.26155948638916,251.3363037109375,264.46484375,268.07879638671875,270.70355224609375,274.4080810546875,5449.5615234375,2905.64501953125,1388.3896484375,86.33556365966797,268.0816650390625,85.80000305175781,181.101806640625,430.0,14800.0,0.0,0.004999999888241291,,,,,,,,,,,,,,,,,,,,,,,,,,,,,,,,,,,,,,,,,,,,,,,,,,,,,,,,,,,,,,,,,,,,,,,,,,,,,,,,,,,,,,,,,,,,,,,,,,,,,,,,,,,,,,,,,,
2018-12-21T08:54,2018-12-21T09:00,48,train,0,2018,12,8,,,,,,,,,,,,,,,,,,,,,,,,,,,,,,,,,,,,,,,,,,,,,,,,,,,,,,,,,,,,,,,,,,,,,,,,,,,,,,,,,,,,,,,,,,,,,,,,,,,,,,,,,,,,,,,,,,,,,,,,,,,,,,,,,,,,,,,,,,,,,,,,,,,,,,,,,
2019-01-04T10:47,2019-01-04T11:00,24,train,0,2019,1,10,23,2019-01-03T12:00,,,,,,,,,,,-999.0,7.875,7.875,0.0,0.0,1361.4644775390625,nan,nan,nan,nan,10.951820373535156,249.99607849121094,264.78533935546875,266.8568115234375,269.4883728027344,273.3316955566406,5433.609375,2890.175537109375,1376.3233642578125,78.26465606689453,266.5212707519531,89.5,237.16615295410156,190.0,13400.0,0.0,0.6000000238418579,,,,,,,,,,,,,,,,,,,,,,,,,,,,,,,,,,,,,,,,,,,,,,,,,,,,,,,,,,,,,,,,,,,,,,,,,,,,,,,,,,,,,,,,,,,,,,,,,,,,,,,,,,,,,,,,,,
2019-01-04T10:47,2019-01-04T11:00,48,train,0,2019,1,10,,,,,,,,,,,,,,,,,,,,,,,,,,,,,,,,,,,,,,,,,,,,,,,,,,,,,,,,,,,,,,,,,,,,,,,,,,,,,,,,,,,,,,,,,,,,,,,,,,,,,,,,,,,,,,,,,,,,,,,,,,,,,,,,,,,,,,,,,,,,,,,,,,,,,,,,,
2019-01-30T18:54,2019-01-30T19:00,1,train,0,2019,1,18,1,2019-01-30T18:00,,,,,,,,,,,-999.0,25.875,25.875,0.0,0.0,1241.5972900390625,1225.9495849609375,85100.0,85800.0,1563.5758056640625,8.824978828430176,237.8654022216797,248.84938049316406,256.71905517578125,262.2355651855469,266.3351135253906,5125.50390625,2730.2822265625,1297.028076171875,51.12047576904297,257.8938293457031,86.30000305175781,556.4893798828125,0.0,5600.0,0.0,0.17800000309944153,,,,,,,,,,,,,,,,,,,,,,,,,,,,,,,,,,,,,,,,,,,,,,,,,,,,,,,,,,,,,,,,,,,,,,,,,,,,,,,,,,,,,,,,,,,,,,,,,,,,,,,,,,,,,,,,,,
2019-03-24T18:48,2019-03-24T19:00,1,train,0,2019,3,18,1,2019-03-24T18:00,,,,,,,,,,,-999.0,0.5,0.0,0.0,0.5,nan,nan,nan,nan,nan,11.683490753173828,250.33499145507812,265.87261962890625,270.25,274.18927001953125,278.4569091796875,5482.19580078125,2940.7431640625,1413.4124755859375,98.90519714355469,270.17449951171875,73.4000015258789,294.86724853515625,755.9199829101562,23000.0,0.0,0.0,,,,,,,,,,,,,,,,,,,,,,,,,,,,,,,,,,,,,,,,,,,,,,,,,,,,,,,,,,,,,,,,,,,,,,,,,,,,,,,,,,,,,,,,,,,,,,,,,,,,,,,,,,,,,,,,,,
2019-01-30T18:54,2019-01-30T19:00,24,train,0,2019,1,18,25,2019-01-29T18:00,,,,,,,,,,,-999.0,0.0,0.0,0.0,0.0,nan,nan,nan,nan,nan,12.202824592590332,235.80657958984375,248.45538330078125,256.76617431640625,261.70208740234375,265.7718505859375,5108.82080078125,2730.08984375,1294.618896484375,51.06041717529297,257.11578369140625,60.400001525878906,483.5527038574219,0.0,30900.0,0.0,17.889999389648438,,,,,,,,,,,,,,,,,,,,,,,,,,,,,,,,,,,,,,,,,,,,,,,,,,,,,,,,,,,,,,,,,,,,,,,,,,,,,,,,,,,,,,,,,,,,,,,,,,,,,,,,,,,,,,,,,,
2019-01-30T18:54,2019-01-30T19:00,48,train,0,2019,1,18,,,,,,,,,,,,,,,,,,,,,,,,,,,,,,,,,,,,,,,,,,,,,,,,,,,,,,,,,,,,,,,,,,,,,,,,,,,,,,,,,,,,,,,,,,,,,,,,,,,,,,,,,,,,,,,,,,,,,,,,,,,,,,,,,,,,,,,,,,,,,,,,,,,,,,,,,
2019-03-24T18:48,2019-03-24T19:00,24,train,0,2019,3,18,25,2019-03-23T18:00,,,,,,,,,,,-999.0,86.125,7.0,63.5,86.125,6744.4853515625,7069.5927734375,37400.0,40000.0,8726.7958984375,11.704358100891113,250.85525512695312,265.98687744140625,269.6520690917969,273.90118408203125,278.2223815917969,5464.6796875,2922.129638671875,1396.578125,84.84652709960938,270.14703369140625,94.30000305175781,388.9498596191406,752.3200073242188,13000.0,0.0,0.07999999821186066,,,,,,,,,,,,,,,,,,,,,,,,,,,,,,,,,,,,,,,,,,,,,,,,,,,,,,,,,,,,,,,,,,,,,,,,,,,,,,,,,,,,,,,,,,,,,,,,,,,,,,,,,,,,,,,,,,
2019-03-24T18:48,2019-03-24T19:00,48,train,0,2019,3,18,,,,,,,,,,,,,,,,,,,,,,,,,,,,,,,,,,,,,,,,,,,,,,,,,,,,,,,,,,,,,,,,,,,,,,,,,,,,,,,,,,,,,,,,,,,,,,,,,,,,,,,,,,,,,,,,,,,,,,,,,,,,,,,,,,,,,,,,,,,,,,,,,,,,,,,,,
2019-04-30T14:54,2019-04-30T15:00,1,train,0,2019,4,14,1,2019-04-30T14:00,,,,,,,,,,,-999.0,90.5,90.5,0.0,0.0,1243.425537109375,1226.94287109375,73200.0,88000.0,2973.12841796875,1.4418805837631226,255.69346618652344,264.6201171875,269.12799072265625,272.2839660644531,276.60931396484375,5581.70703125,3011.180908203125,1490.8623046875,183.75930786132812,270.3459777832031,98.5999984741211,414.6613464355469,782.6400146484375,100.0,0.0,0.05000000074505806,,,,,,,,,,,,,,,,,,,,,,,,,,,,,,,,,,,,,,,,,,,,,,,,,,,,,,,,,,,,,,,,,,,,,,,,,,,,,,,,,,,,,,,,,,,,,,,,,,,,,,,,,,,,,,,,,,
2019-04-30T14:54,2019-04-30T15:00,24,train,0,2019,4,14,21,2019-04-29T18:00,,,,,,,,,,,-999.0,99.75,99.75,96.625,0.0,1243.363525390625,1281.255126953125,46100.0,87200.0,6470.2529296875,6.155571460723877,253.850830078125,268.4772033691406,270.46319580078125,272.23553466796875,276.15899658203125,5598.46728515625,3023.166259765625,1483.2620849609375,170.25010681152344,270.13934326171875,98.0,437.0719299316406,750.5599975585938,400.0,9.999999747378752e-05,6.679999828338623,,,,,,,,,,,,,,,,,,,,,,,,,,,,,,,,,,,,,,,,,,,,,,,,,,,,,,,,,,,,,,,,,,,,,,,,,,,,,,,,,,,,,,,,,,,,,,,,,,,,,,,,,,,,,,,,,,
2019-05-29T20:49,2019-05-29T21:00,1,train,1,2019,5,20,1,2019-05-29T20:00,,,,,,,,,,,-999.0,35.375,35.375,0.0,0.0,1244.8380126953125,1227.6673583984375,84300.0,87000.0,1626.564453125,2.8617327213287354,261.0622253417969,275.22930908203125,278.0626220703125,281.8555908203125,286.23101806640625,5628.8134765625,2988.578125,1409.264892578125,51.86711883544922,279.344970703125,100.0,516.2396240234375,3510.39990234375,0.0,0.0,0.0,,,,,,,,,,,,,,,,,,,,,,,,,,,,,,,,,,,,,,,,,,,,,,,,,,,,,,,,,,,,,,,,,,,,,,,,,,,,,,,,,,,,,,,,,,,,,,,,,,,,,,,,,,,,,,,,,,
2019-04-30T14:54,2019-04-30T15:00,48,train,0,2019,4,14,,,,,,,,,,,,,,,,,,,,,,,,,,,,,,,,,,,,,,,,,,,,,,,,,,,,,,,,,,,,,,,,,,,,,,,,,,,,,,,,,,,,,,,,,,,,,,,,,,,,,,,,,,,,,,,,,,,,,,,,,,,,,,,,,,,,,,,,,,,,,,,,,,,,,,,,,
2019-05-29T20:49,2019-05-29T21:00,24,train,1,2019,5,20,21,2019-05-29T00:00,,,,,,,,,,,-999.0,29.875,24.0,0.0,29.875,11187.4306640625,5727.181640625,45900.0,49300.0,11337.64453125,2.552035093307495,261.07220458984375,273.97076416015625,280.57989501953125,285.51544189453125,289.9370422363281,5621.810546875,2984.367919921875,1408.9013671875,41.951480865478516,283.154052734375,95.4000015258789,613.3807373046875,3348.800048828125,12700.0,0.0,0.4300000071525574,,,,,,,,,,,,,,,,,,,,,,,,,,,,,,,,,,,,,,,,,,,,,,,,,,,,,,,,,,,,,,,,,,,,,,,,,,,,,,,,,,,,,,,,,,,,,,,,,,,,,,,,,,,,,,,,,,
2019-05-29T20:49,2019-05-29T21:00,48,train,1,2019,5,20,,,,,,,,,,,,,,,,,,,,,,,,,,,,,,,,,,,,,,,,,,,,,,,,,,,,,,,,,,,,,,,,,,,,,,,,,,,,,,,,,,,,,,,,,,,,,,,,,,,,,,,,,,,,,,,,,,,,,,,,,,,,,,,,,,,,,,,,,,,,,,,,,,,,,,,,,
2019-08-15T11:52,2019-08-15T12:00,1,train,0,2019,8,11,1,2019-08-15T11:00,,,,,,,,,,,-999.0,1.875,1.875,0.0,0.0,nan,nan,nan,nan,nan,3.5530338287353516,260.40496826171875,275.61907958984375,283.1790466308594,286.586669921875,290.5052795410156,5752.650390625,3106.826171875,1517.2681884765625,143.23269653320312,285.07183837890625,78.5999984741211,168.43373107910156,3620.0712890625,19400.0,0.0,0.0,,,,,,,,,,,,,,,,,,,,,,,,,,,,,,,,,,,,,,,,,,,,,,,,,,,,,,,,,,,,,,,,,,,,,,,,,,,,,,,,,,,,,,,,,,,,,,,,,,,,,,,,,,,,,,,,,,
2019-10-06T09:58,2019-10-06T10:00,1,train,0,2019,10,9,1,2019-10-06T09:00,,,,,,,,,,,-999.0,4.125,4.125,0.0,0.0,nan,nan,nan,nan,nan,7.303908824920654,262.13311767578125,276.0496520996094,279.7203063964844,280.0810546875,283.2764892578125,5778.671875,3128.0556640625,1543.8359375,195.90444946289062,279.0704345703125,25.299999237060547,87.66830444335938,3670.239990234375,72500.0,0.0,0.0,,,,,,,,,,,,,,,,,,,,,,,,,,,,,,,,,,,,,,,,,,,,,,,,,,,,,,,,,,,,,,,,,,,,,,,,,,,,,,,,,,,,,,,,,,,,,,,,,,,,,,,,,,,,,,,,,,
2019-08-15T11:52,2019-08-15T12:00,24,train,0,2019,8,11,24,2019-08-14T12:00,,,,,,,,,,,-999.0,0.0,0.0,0.0,0.0,nan,nan,nan,nan,nan,2.7229831218719482,259.99176025390625,275.1231384277344,284.17535400390625,288.24090576171875,292.4067687988281,5759.150390625,3117.1015625,1525.852783203125,147.26339721679688,286.14166259765625,76.69999694824219,168.82577514648438,3559.84619140625,20500.0,0.0,0.0,,,,,,,,,,,,,,,,,,,,,,,,,,,,,,,,,,,,,,,,,,,,,,,,,,,,,,,,,,,,,,,,,,,,,,,,,,,,,,,,,,,,,,,,,,,,,,,,,,,,,,,,,,,,,,,,,,
2019-08-15T11:52,2019-08-15T12:00,48,train,0,2019,8,11,,,,,,,,,,,,,,,,,,,,,,,,,,,,,,,,,,,,,,,,,,,,,,,,,,,,,,,,,,,,,,,,,,,,,,,,,,,,,,,,,,,,,,,,,,,,,,,,,,,,,,,,,,,,,,,,,,,,,,,,,,,,,,,,,,,,,,,,,,,,,,,,,,,,,,,,,
2019-10-06T09:58,2019-10-06T10:00,24,train,0,2019,10,9,22,2019-10-05T12:00,,,,,,,,,,,-999.0,95.875,0.0,44.0,95.875,8449.0068359375,6369.6142578125,30800.0,46300.0,9950.2158203125,8.873270034790039,261.7271728515625,274.7261962890625,279.02178955078125,280.3747253417969,283.9915771484375,5781.5478515625,3131.87109375,1557.176513671875,209.57003784179688,279.4266662597656,29.0,155.25189208984375,3625.280029296875,66100.0,0.0,0.0,,,,,,,,,,,,,,,,,,,,,,,,,,,,,,,,,,,,,,,,,,,,,,,,,,,,,,,,,,,,,,,,,,,,,,,,,,,,,,,,,,,,,,,,,,,,,,,,,,,,,,,,,,,,,,,,,,
2019-10-06T09:58,2019-10-06T10:00,48,train,0,2019,10,9,,,,,,,,,,,,,,,,,,,,,,,,,,,,,,,,,,,,,,,,,,,,,,,,,,,,,,,,,,,,,,,,,,,,,,,,,,,,,,,,,,,,,,,,,,,,,,,,,,,,,,,,,,,,,,,,,,,,,,,,,,,,,,,,,,,,,,,,,,,,,,,,,,,,,,,,,
2019-10-18T13:53,2019-10-18T14:00,1,train,0,2019,10,13,1,2019-10-18T13:00,,,,,,,,,,,-999.0,57.125,57.125,5.875,0.0,1243.6552734375,1227.099853515625,82000.0,86200.0,1781.3349609375,14.665393829345703,255.86358642578125,269.7806396484375,271.9542236328125,276.3260498046875,280.568359375,5481.9345703125,2882.201904296875,1342.6802978515625,15.656600952148438,272.34051513671875,99.5,426.4795837402344,1085.6180419921875,100.0,0.0003000000142492354,1.0399999618530273,,,,,,,,,,,,,,,,,,,,,,,,,,,,,,,,,,,,,,,,,,,,,,,,,,,,,,,,,,,,,,,,,,,,,,,,,,,,,,,,,,,,,,,,,,,,,,,,,,,,,,,,,,,,,,,,,,
2019-10-18T13:53,2019-10-18T14:00,24,train,0,2019,10,13,26,2019-10-17T12:00,,,,,,,,,,,-999.0,45.625,45.625,12.25,0.0,1243.7252197265625,1238.866455078125,83400.0,85800.0,1614.1563720703125,12.358546257019043,256.079345703125,269.57293701171875,272.3088684082031,276.589111328125,280.8185119628906,5465.5458984375,2867.002197265625,1327.155517578125,-2.2296600341796875,272.686767578125,99.5,421.333251953125,1136.2484130859375,300.0,0.0003000000142492354,48.810001373291016,,,,,,,,,,,,,,,,,,,,,,,,,,,,,,,,,,,,,,,,,,,,,,,,,,,,,,,,,,,,,,,,,,,,,,,,,,,,,,,,,,,,,,,,,,,,,,,,,,,,,,,,,,,,,,,,,,
2019-10-30T00:51,2019-10-30T01:00,1,train,1,2019,10,0,1,2019-10-30T00:00,,,,,,,,,,,-999.0,27.0,27.0,0.0,0.0,nan,nan,nan,nan,nan,6.597626686096191,260.39349365234375,277.57525634765625,281.9058532714844,282.07708740234375,285.60577392578125,5788.3271484375,3142.32177734375,1545.876708984375,186.57460021972656,280.93658447265625,58.599998474121094,66.7857437133789,3803.52001953125,31700.0,0.0,0.0,,,,,,,,,,,,,,,,,,,,,,,,,,,,,,,,,,,,,,,,,,,,,,,,,,,,,,,,,,,,,,,,,,,,,,,,,,,,,,,,,,,,,,,,,,,,,,,,,,,,,,,,,,,,,,,,,,
2019-10-18T13:53,2019-10-18T14:00,48,train,0,2019,10,13,,,,,,,,,,,,,,,,,,,,,,,,,,,,,,,,,,,,,,,,,,,,,,,,,,,,,,,,,,,,,,,,,,,,,,,,,,,,,,,,,,,,,,,,,,,,,,,,,,,,,,,,,,,,,,,,,,,,,,,,,,,,,,,,,,,,,,,,,,,,,,,,,,,,,,,,,
2019-10-30T00:51,2019-10-30T01:00,24,train,1,2019,10,0,25,2019-10-29T00:00,,,,,,,,,,,-999.0,25.375,25.375,0.0,0.0,nan,nan,nan,nan,nan,7.905267715454102,259.8405456542969,276.72296142578125,280.7237854003906,282.18927001953125,285.8481750488281,5783.7587890625,3142.62744140625,1553.070556640625,194.68995666503906,280.76910400390625,66.0,155.9578857421875,3733.1201171875,25600.0,0.0,0.0,,,,,,,,,,,,,,,,,,,,,,,,,,,,,,,,,,,,,,,,,,,,,,,,,,,,,,,,,,,,,,,,,,,,,,,,,,,,,,,,,,,,,,,,,,,,,,,,,,,,,,,,,,,,,,,,,,
2019-11-12T00:55,2019-11-12T01:00,1,train,0,2019,11,0,1,2019-11-12T00:00,,,,,,,,,,,-999.0,100.0,67.75,100.0,99.375,1243.030517578125,1226.718505859375,46000.0,87500.0,9583.630859375,5.276003837585449,252.1388702392578,268.07781982421875,270.5670166015625,270.29693603515625,273.974853515625,5549.56103515625,2978.1279296875,1440.06103515625,132.97406005859375,267.6829833984375,94.5,431.50665283203125,370.6400146484375,200.0,0.0,1.3960000276565552,,,,,,,,,,,,,,,,,,,,,,,,,,,,,,,,,,,,,,,,,,,,,,,,,,,,,,,,,,,,,,,,,,,,,,,,,,,,,,,,,,,,,,,,,,,,,,,,,,,,,,,,,,,,,,,,,,
2019-10-30T00:51,2019-10-30T01:00,48,train,1,2019,10,0,,,,,,,,,,,,,,,,,,,,,,,,,,,,,,,,,,,,,,,,,,,,,,,,,,,,,,,,,,,,,,,,,,,,,,,,,,,,,,,,,,,,,,,,,,,,,,,,,,,,,,,,,,,,,,,,,,,,,,,,,,,,,,,,,,,,,,,,,,,,,,,,,,,,,,,,,
2019-11-12T00:55,2019-11-12T01:00,24,train,0,2019,11,0,25,2019-11-11T00:00,,,,,,,,,,,3294.60009765625,100.0,78.0,100.0,100.0,1243.1771240234375,1226.8599853515625,27200.0,87600.0,12068.1552734375,4.798489570617676,252.35818481445312,267.7760925292969,271.1959533691406,272.02374267578125,275.95050048828125,5552.794921875,2982.61865234375,1442.059814453125,130.02133178710938,269.1246032714844,92.5,311.8108825683594,592.7999877929688,800.0,0.0005000000237487257,12.260000228881836,,,,,,,,,,,,,,,,,,,,,,,,,,,,,,,,,,,,,,,,,,,,,,,,,,,,,,,,,,,,,,,,,,,,,,,,,,,,,,,,,,,,,,,,,,,,,,,,,,,,,,,,,,,,,,,,,,
2019-11-23T13:53,2019-11-23T14:00,1,train,0,2019,11,13,1,2019-11-23T13:00,,,,,,,,,,,-999.0,0.0,0.0,0.0,0.0,nan,nan,nan,nan,nan,14.760920524597168,253.4696044921875,266.67694091796875,267.0826416015625,268.0644836425781,271.9593505859375,5468.58544921875,2900.8955078125,1378.4112548828125,80.439208984375,265.27642822265625,46.400001525878906,171.9103546142578,0.0,43700.0,0.0,0.0,,,,,,,,,,,,,,,,,,,,,,,,,,,,,,,,,,,,,,,,,,,,,,,,,,,,,,,,,,,,,,,,,,,,,,,,,,,,,,,,,,,,,,,,,,,,,,,,,,,,,,,,,,,,,,,,,,
2019-11-12T00:55,2019-11-12T01:00,48,train,0,2019,11,0,,,,,,,,,,,,,,,,,,,,,,,,,,,,,,,,,,,,,,,,,,,,,,,,,,,,,,,,,,,,,,,,,,,,,,,,,,,,,,,,,,,,,,,,,,,,,,,,,,,,,,,,,,,,,,,,,,,,,,,,,,,,,,,,,,,,,,,,,,,,,,,,,,,,,,,,,
2019-11-23T13:53,2019-11-23T14:00,24,train,0,2019,11,13,26,2019-11-22T12:00,,,,,,,,,,,-999.0,36.5,0.25,1.875,36.5,nan,nan,nan,nan,nan,19.500755310058594,253.4307403564453,267.32916259765625,267.1533203125,267.8746337890625,271.7998046875,5461.6689453125,2889.04833984375,1364.9786376953125,65.322509765625,263.14886474609375,78.5999984741211,222.65567016601562,0.0,18600.0,0.0,14.710000038146973,,,,,,,,,,,,,,,,,,,,,,,,,,,,,,,,,,,,,,,,,,,,,,,,,,,,,,,,,,,,,,,,,,,,,,,,,,,,,,,,,,,,,,,,,,,,,,,,,,,,,,,,,,,,,,,,,,
2019-12-28T12:47,2019-12-28T13:00,1,train,0,2019,12,12,1,2019-12-28T12:00,,,,,,,,,,,-999.0,37.0,37.0,0.0,0.0,1243.039794921875,1226.704345703125,84700.0,87400.0,1606.9095458984375,13.526729583740234,248.61160278320312,264.0977478027344,267.36553955078125,270.3084411621094,274.498046875,5478.52734375,2953.4091796875,1437.4703369140625,138.3722686767578,267.07513427734375,93.80000305175781,299.57708740234375,271.3599853515625,0.0,0.0,0.2290000021457672,,,,,,,,,,,,,,,,,,,,,,,,,,,,,,,,,,,,,,,,,,,,,,,,,,,,,,,,,,,,,,,,,,,,,,,,,,,,,,,,,,,,,,,,,,,,,,,,,,,,,,,,,,,,,,,,,,
2019-11-23T13:53,2019-11-23T14:00,48,train,0,2019,11,13,,,,,,,,,,,,,,,,,,,,,,,,,,,,,,,,,,,,,,,,,,,,,,,,,,,,,,,,,,,,,,,,,,,,,,,,,,,,,,,,,,,,,,,,,,,,,,,,,,,,,,,,,,,,,,,,,,,,,,,,,,,,,,,,,,,,,,,,,,,,,,,,,,,,,,,,,
2019-12-28T12:47,2019-12-28T13:00,24,train,0,2019,12,12,25,2019-12-27T12:00,,,,,,,,,,,-999.0,28.75,28.75,0.0,0.0,1242.9140625,1226.6837158203125,84600.0,87300.0,1605.7965087890625,13.857970237731934,248.5964813232422,263.5838928222656,266.6553955078125,269.9437255859375,274.07501220703125,5459.5712890625,2938.3798828125,1427.5709228515625,130.9736328125,266.4472961425781,93.30000305175781,385.2279357910156,181.9199981689453,100.0,0.0,20.170000076293945,,,,,,,,,,,,,,,,,,,,,,,,,,,,,,,,,,,,,,,,,,,,,,,,,,,,,,,,,,,,,,,,,,,,,,,,,,,,,,,,,,,,,,,,,,,,,,,,,,,,,,,,,,,,,,,,,,
2020-01-09T10:50,2020-01-09T11:00,1,train,0,2020,1,10,1,2020-01-09T10:00,,,,,,,,,,,-999.0,21.125,21.125,0.0,0.0,1241.213623046875,1225.6990966796875,87100.0,87800.0,1407.0665283203125,17.120243072509766,243.14871215820312,253.6883544921875,257.4658203125,258.297607421875,261.75445556640625,5371.0205078125,2925.807861328125,1469.006591796875,222.33554077148438,254.8309326171875,77.5999984741211,171.4861297607422,0.0,4900.0,0.0,0.06300000101327896,,,,,,,,,,,,,,,,,,,,,,,,,,,,,,,,,,,,,,,,,,,,,,,,,,,,,,,,,,,,,,,,,,,,,,,,,,,,,,,,,,,,,,,,,,,,,,,,,,,,,,,,,,,,,,,,,,
2019-12-28T12:47,2019-12-28T13:00,48,train,0,2019,12,12,,,,,,,,,,,,,,,,,,,,,,,,,,,,,,,,,,,,,,,,,,,,,,,,,,,,,,,,,,,,,,,,,,,,,,,,,,,,,,,,,,,,,,,,,,,,,,,,,,,,,,,,,,,,,,,,,,,,,,,,,,,,,,,,,,,,,,,,,,,,,,,,,,,,,,,,,
2020-01-09T10:50,2020-01-09T11:00,24,train,0,2020,1,10,23,2020-01-08T12:00,,,,,,,,,,,-999.0,5.0,5.0,0.0,0.0,nan,nan,nan,nan,nan,17.094043731689453,244.38040161132812,254.23516845703125,257.1817626953125,257.3979797363281,260.6904602050781,5378.75634765625,2924.239990234375,1466.34765625,222.24560546875,253.81138610839844,76.80000305175781,217.66888427734375,0.0,19100.0,0.0,9.368000030517578,,,,,,,,,,,,,,,,,,,,,,,,,,,,,,,,,,,,,,,,,,,,,,,,,,,,,,,,,,,,,,,,,,,,,,,,,,,,,,,,,,,,,,,,,,,,,,,,,,,,,,,,,,,,,,,,,,
2020-01-18T05:55,2020-01-18T06:00,1,train,0,2020,1,5,1,2020-01-18T05:00,,,,,,,,,,,-999.0,8.375,8.375,0.0,0.0,nan,nan,nan,nan,nan,6.207553863525391,246.46961975097656,259.00372314453125,260.9554748535156,259.3363342285156,261.7100830078125,5487.46875,2992.28369140625,1511.2335205078125,257.47247314453125,256.71075439453125,53.400001525878906,86.74264526367188,0.0,33100.0,0.0,0.0,,,,,,,,,,,,,,,,,,,,,,,,,,,,,,,,,,,,,,,,,,,,,,,,,,,,,,,,,,,,,,,,,,,,,,,,,,,,,,,,,,,,,,,,,,,,,,,,,,,,,,,,,,,,,,,,,,
2020-01-09T10:50,2020-01-09T11:00,48,train,0,2020,1,10,,,,,,,,,,,,,,,,,,,,,,,,,,,,,,,,,,,,,,,,,,,,,,,,,,,,,,,,,,,,,,,,,,,,,,,,,,,,,,,,,,,,,,,,,,,,,,,,,,,,,,,,,,,,,,,,,,,,,,,,,,,,,,,,,,,,,,,,,,,,,,,,,,,,,,,,,
2020-01-27T10:49,2020-01-27T11:00,1,train,0,2020,1,10,1,2020-01-27T10:00,,,,,,,,,,,-999.0,35.625,35.625,12.0,0.0,nan,nan,nan,nan,nan,11.499062538146973,243.34716796875,259.90191650390625,267.527099609375,271.5421447753906,275.575927734375,5278.5576171875,2799.78369140625,1299.35009765625,3.7174072265625,266.7179870605469,93.19999694824219,214.2470245361328,217.27999877929688,12200.0,0.0,0.22699999809265137,,,,,,,,,,,,,,,,,,,,,,,,,,,,,,,,,,,,,,,,,,,,,,,,,,,,,,,,,,,,,,,,,,,,,,,,,,,,,,,,,,,,,,,,,,,,,,,,,,,,,,,,,,,,,,,,,,
2020-01-18T05:55,2020-01-18T06:00,24,train,0,2020,1,5,24,2020-01-17T06:00,,,,,,,,,,,-999.0,0.25,0.25,0.0,0.0,nan,nan,nan,nan,nan,6.5145182609558105,246.4371337890625,259.81982421875,260.5126953125,259.6295471191406,262.58306884765625,5495.69140625,2995.388671875,1513.4658203125,257.6456298828125,258.4715270996094,35.70000076293945,123.13240814208984,0.0,56300.0,0.0,0.07000000029802322,,,,,,,,,,,,,,,,,,,,,,,,,,,,,,,,,,,,,,,,,,,,,,,,,,,,,,,,,,,,,,,,,,,,,,,,,,,,,,,,,,,,,,,,,,,,,,,,,,,,,,,,,,,,,,,,,,
2020-01-18T05:55,2020-01-18T06:00,48,train,0,2020,1,5,,,,,,,,,,,,,,,,,,,,,,,,,,,,,,,,,,,,,,,,,,,,,,,,,,,,,,,,,,,,,,,,,,,,,,,,,,,,,,,,,,,,,,,,,,,,,,,,,,,,,,,,,,,,,,,,,,,,,,,,,,,,,,,,,,,,,,,,,,,,,,,,,,,,,,,,,
2020-02-20T12:47,2020-02-20T13:00,1,train,0,2020,2,12,1,2020-02-20T12:00,,,,,,,,,,,-999.0,1.625,1.625,0.0,0.0,nan,nan,nan,nan,nan,12.32706356048584,236.39743041992188,248.9336700439453,252.80287170410156,255.99313354492188,259.7228698730469,5266.0244140625,2879.755126953125,1453.256591796875,226.70852661132812,253.3556671142578,77.5999984741211,294.672119140625,0.0,18500.0,0.0,0.0,,,,,,,,,,,,,,,,,,,,,,,,,,,,,,,,,,,,,,,,,,,,,,,,,,,,,,,,,,,,,,,,,,,,,,,,,,,,,,,,,,,,,,,,,,,,,,,,,,,,,,,,,,,,,,,,,,
2020-01-27T10:49,2020-01-27T11:00,24,train,0,2020,1,10,23,2020-01-26T12:00,,,,,,,,,,,-999.0,38.375,20.875,38.375,0.0,4426.8037109375,1226.6741943359375,81700.0,85800.0,6949.55419921875,10.015427589416504,243.33663940429688,258.7646484375,266.8822021484375,271.0409240722656,275.0245361328125,5265.1484375,2790.71533203125,1295.877197265625,4.670906066894531,266.59698486328125,91.19999694824219,230.35633850097656,204.8000030517578,3100.0,9.999999747378752e-05,5.289999961853027,,,,,,,,,,,,,,,,,,,,,,,,,,,,,,,,,,,,,,,,,,,,,,,,,,,,,,,,,,,,,,,,,,,,,,,,,,,,,,,,,,,,,,,,,,,,,,,,,,,,,,,,,,,,,,,,,,
2020-01-27T10:49,2020-01-27T11:00,48,train,0,2020,1,10,,,,,,,,,,,,,,,,,,,,,,,,,,,,,,,,,,,,,,,,,,,,,,,,,,,,,,,,,,,,,,,,,,,,,,,,,,,,,,,,,,,,,,,,,,,,,,,,,,,,,,,,,,,,,,,,,,,,,,,,,,,,,,,,,,,,,,,,,,,,,,,,,,,,,,,,,
2020-03-20T13:51,2020-03-20T14:00,1,train,0,2020,3,13,1,2020-03-20T13:00,,,,,,,,,,,-999.0,99.75,41.75,69.375,99.75,1245.037109375,1239.9600830078125,22700.0,87000.0,12240.96875,11.31705093383789,260.10308837890625,275.44091796875,281.77325439453125,282.38836669921875,285.9878234863281,5662.6455078125,3022.073974609375,1429.006103515625,69.96726989746094,280.5622863769531,99.69999694824219,296.05560302734375,3446.719970703125,200.0,9.999999747378752e-05,0.4269999861717224,,,,,,,,,,,,,,,,,,,,,,,,,,,,,,,,,,,,,,,,,,,,,,,,,,,,,,,,,,,,,,,,,,,,,,,,,,,,,,,,,,,,,,,,,,,,,,,,,,,,,,,,,,,,,,,,,,
2020-02-20T12:47,2020-02-20T13:00,24,train,0,2020,2,12,25,2020-02-19T12:00,,,,,,,,,,,-999.0,4.5,4.5,0.0,0.0,1240.5455322265625,1236.12158203125,85800.0,87100.0,1559.270263671875,14.218364715576172,235.90501403808594,248.78219604492188,251.16696166992188,253.52786254882812,257.34698486328125,5247.259765625,2863.5849609375,1440.7088623046875,222.13638305664062,250.02963256835938,80.30000305175781,266.5404968261719,0.0,500.0,0.0,1.1100000143051147,,,,,,,,,,,,,,,,,,,,,,,,,,,,,,,,,,,,,,,,,,,,,,,,,,,,,,,,,,,,,,,,,,,,,,,,,,,,,,,,,,,,,,,,,,,,,,,,,,,,,,,,,,,,,,,,,,
2020-02-20T12:47,2020-02-20T13:00,48,train,0,2020,2,12,,,,,,,,,,,,,,,,,,,,,,,,,,,,,,,,,,,,,,,,,,,,,,,,,,,,,,,,,,,,,,,,,,,,,,,,,,,,,,,,,,,,,,,,,,,,,,,,,,,,,,,,,,,,,,,,,,,,,,,,,,,,,,,,,,,,,,,,,,,,,,,,,,,,,,,,,
2020-03-20T13:51,2020-03-20T14:00,24,train,0,2020,3,13,26,2020-03-19T12:00,,,,,,,,,,,-999.0,100.0,59.875,24.5,100.0,8315.271484375,6295.2021484375,24100.0,46000.0,12566.9267578125,9.953716278076172,259.72027587890625,275.47442626953125,280.48089599609375,280.63214111328125,284.1722412109375,5658.3037109375,3018.07763671875,1426.6474609375,73.697509765625,280.02789306640625,94.5999984741211,410.36236572265625,3466.56005859375,12200.0,0.0,2.569999933242798,,,,,,,,,,,,,,,,,,,,,,,,,,,,,,,,,,,,,,,,,,,,,,,,,,,,,,,,,,,,,,,,,,,,,,,,,,,,,,,,,,,,,,,,,,,,,,,,,,,,,,,,,,,,,,,,,,
2020-03-20T13:51,2020-03-20T14:00,48,train,0,2020,3,13,,,,,,,,,,,,,,,,,,,,,,,,,,,,,,,,,,,,,,,,,,,,,,,,,,,,,,,,,,,,,,,,,,,,,,,,,,,,,,,,,,,,,,,,,,,,,,,,,,,,,,,,,,,,,,,,,,,,,,,,,,,,,,,,,,,,,,,,,,,,,,,,,,,,,,,,,
2020-05-13T21:50,2020-05-13T22:00,1,train,0,2020,5,21,1,2020-05-13T21:00,,,,,,,,,,,-999.0,0.0,0.0,0.0,0.0,nan,nan,nan,nan,nan,8.773277282714844,247.09181213378906,260.3166198730469,271.20184326171875,277.5107116699219,282.0743713378906,5493.80712890625,2992.25244140625,1485.9700927734375,171.10043334960938,273.888916015625,49.20000076293945,1043.936767578125,1291.126953125,42100.0,0.0,0.0,,,,,,,,,,,,,,,,,,,,,,,,,,,,,,,,,,,,,,,,,,,,,,,,,,,,,,,,,,,,,,,,,,,,,,,,,,,,,,,,,,,,,,,,,,,,,,,,,,,,,,,,,,,,,,,,,,
2020-07-14T12:51,2020-07-14T13:00,1,train,0,2020,7,12,1,2020-07-14T12:00,,,,,,,,,,,9489.400390625,96.625,39.875,78.25,96.625,1245.7967529296875,1228.2423095703125,24100.0,87900.0,11172.9716796875,4.115391254425049,259.3485412597656,274.66363525390625,284.883544921875,288.5767822265625,292.85296630859375,5730.5693359375,3095.36328125,1497.02685546875,116.39178466796875,285.6107482910156,100.0,462.68682861328125,3385.565673828125,0.0,0.000699999975040555,2.680000066757202,,,,,,,,,,,,,,,,,,,,,,,,,,,,,,,,,,,,,,,,,,,,,,,,,,,,,,,,,,,,,,,,,,,,,,,,,,,,,,,,,,,,,,,,,,,,,,,,,,,,,,,,,,,,,,,,,,
2020-05-13T21:50,2020-05-13T22:00,24,train,0,2020,5,21,22,2020-05-13T00:00,,,,,,,,,,,-999.0,0.0,0.0,0.0,0.0,nan,nan,nan,nan,nan,9.382343292236328,246.6420135498047,260.55609130859375,269.9071044921875,276.1002502441406,280.65496826171875,5500.66748046875,3001.4443359375,1497.1220703125,186.18768310546875,273.04229736328125,57.900001525878906,810.1085815429688,1188.7559814453125,32900.0,0.0,0.0,,,,,,,,,,,,,,,,,,,,,,,,,,,,,,,,,,,,,,,,,,,,,,,,,,,,,,,,,,,,,,,,,,,,,,,,,,,,,,,,,,,,,,,,,,,,,,,,,,,,,,,,,,,,,,,,,,
2020-05-13T21:50,2020-05-13T22:00,48,train,0,2020,5,21,,,,,,,,,,,,,,,,,,,,,,,,,,,,,,,,,,,,,,,,,,,,,,,,,,,,,,,,,,,,,,,,,,,,,,,,,,,,,,,,,,,,,,,,,,,,,,,,,,,,,,,,,,,,,,,,,,,,,,,,,,,,,,,,,,,,,,,,,,,,,,,,,,,,,,,,,
2020-07-14T12:51,2020-07-14T13:00,24,train,0,2020,7,12,25,2020-07-13T12:00,,,,,,,,,,,8434.2001953125,91.375,33.375,91.375,87.125,1245.833251953125,1240.6812744140625,30700.0,87600.0,9595.080078125,4.082559585571289,259.3592529296875,274.81201171875,284.74237060546875,288.48065185546875,292.74078369140625,5732.25390625,3094.657958984375,1497.35595703125,116.50382232666016,286.05084228515625,100.0,436.6907653808594,3400.641357421875,400.0,0.0032999999821186066,105.12000274658203,,,,,,,,,,,,,,,,,,,,,,,,,,,,,,,,,,,,,,,,,,,,,,,,,,,,,,,,,,,,,,,,,,,,,,,,,,,,,,,,,,,,,,,,,,,,,,,,,,,,,,,,,,,,,,,,,,
2020-07-14T12:51,2020-07-14T13:00,48,train,0,2020,7,12,,,,,,,,,,,,,,,,,,,,,,,,,,,,,,,,,,,,,,,,,,,,,,,,,,,,,,,,,,,,,,,,,,,,,,,,,,,,,,,,,,,,,,,,,,,,,,,,,,,,,,,,,,,,,,,,,,,,,,,,,,,,,,,,,,,,,,,,,,,,,,,,,,,,,,,,,
2020-08-24T10:55,2020-08-24T11:00,1,train,0,2020,8,10,1,2020-08-24T10:00,,,,,,,,,,,-999.0,24.75,1.125,24.75,0.0,nan,nan,nan,nan,nan,4.742343902587891,261.6575927734375,277.7987365722656,289.5536804199219,292.92138671875,296.83782958984375,5801.11474609375,3144.98291015625,1527.8994140625,129.38809204101562,289.3957824707031,58.099998474121094,139.99514770507812,3817.48974609375,33300.0,0.0,0.0,,,,,,,,,,,,,,,,,,,,,,,,,,,,,,,,,,,,,,,,,,,,,,,,,,,,,,,,,,,,,,,,,,,,,,,,,,,,,,,,,,,,,,,,,,,,,,,,,,,,,,,,,,,,,,,,,,
2020-08-24T10:55,2020-08-24T11:00,24,train,0,2020,8,10,23,2020-08-23T12:00,,,,,,,,,,,-999.0,25.0,0.875,25.0,8.375,nan,5290.72265625,37500.0,53400.0,nan,4.894106864929199,261.24261474609375,277.6133117675781,288.4805908203125,292.36932373046875,296.38275146484375,5798.39306640625,3146.2431640625,1530.4560546875,134.0721435546875,289.62408447265625,66.5999984741211,252.9290771484375,3845.455078125,26100.0,0.0,2.5199999809265137,,,,,,,,,,,,,,,,,,,,,,,,,,,,,,,,,,,,,,,,,,,,,,,,,,,,,,,,,,,,,,,,,,,,,,,,,,,,,,,,,,,,,,,,,,,,,,,,,,,,,,,,,,,,,,,,,,
2020-08-24T10:55,2020-08-24T11:00,48,train,0,2020,8,10,,,,,,,,,,,,,,,,,,,,,,,,,,,,,,,,,,,,,,,,,,,,,,,,,,,,,,,,,,,,,,,,,,,,,,,,,,,,,,,,,,,,,,,,,,,,,,,,,,,,,,,,,,,,,,,,,,,,,,,,,,,,,,,,,,,,,,,,,,,,,,,,,,,,,,,,,
2020-09-29T12:51,2020-09-29T13:00,1,train,0,2020,9,12,1,2020-09-29T12:00,,,,,,,,,,,-999.0,15.0,15.0,0.0,0.0,nan,nan,nan,nan,nan,7.803388595581055,266.3661193847656,277.760498046875,287.26544189453125,290.33935546875,294.5996398925781,5783.23828125,3098.774169921875,1486.6346435546875,96.89300537109375,287.9806213378906,86.0,294.30316162109375,4493.4130859375,15600.0,0.0,0.0,,,,,,,,,,,,,,,,,,,,,,,,,,,,,,,,,,,,,,,,,,,,,,,,,,,,,,,,,,,,,,,,,,,,,,,,,,,,,,,,,,,,,,,,,,,,,,,,,,,,,,,,,,,,,,,,,,
2020-09-29T12:51,2020-09-29T13:00,48,train,0,2020,9,12,,,,,,,,,,,,,,,,,,,,,,,,,,,,,,,,,,,,,,,,,,,,,,,,,,,,,,,,,,,,,,,,,,,,,,,,,,,,,,,,,,,,,,,,,,,,,,,,,,,,,,,,,,,,,,,,,,,,,,,,,,,,,,,,,,,,,,,,,,,,,,,,,,,,,,,,,
2020-09-29T12:51,2020-09-29T13:00,24,train,0,2020,9,12,25,2020-09-28T12:00,,,,,,,,,,,-999.0,16.75,1.875,0.0,16.75,nan,nan,nan,nan,nan,11.020611763000488,264.62945556640625,278.3218994140625,287.3352966308594,290.96453857421875,295.414306640625,5780.626953125,3105.3408203125,1493.89013671875,101.58055114746094,288.05810546875,74.69999694824219,269.13665771484375,4294.48388671875,20900.0,0.0,1.1699999570846558,,,,,,,,,,,,,,,,,,,,,,,,,,,,,,,,,,,,,,,,,,,,,,,,,,,,,,,,,,,,,,,,,,,,,,,,,,,,,,,,,,,,,,,,,,,,,,,,,,,,,,,,,,,,,,,,,,
2020-10-19T17:56,2020-10-19T18:00,1,train,0,2020,10,17,1,2020-10-19T17:00,,,,,,,,,1,2020-10-19T17:00,-999.0,4.5,3.625,4.5,0.0,nan,nan,nan,nan,nan,2.337148427963257,257.734619140625,274.3670654296875,278.88677978515625,281.8244323730469,286.33447265625,5769.587890625,3146.2626953125,1569.263671875,215.51788330078125,281.5379638671875,83.4000015258789,489.45501708984375,3476.320068359375,17900.0,0.0,0.0,,,,,,,,,,,,,,,,,,,,,,,,,,,,,,,,,,,,,,,,,,,,,,,,,,,,,,,,,,,,,,,,,,,,,,,,,,,,,,,,,,,,,,,,,,,,85.0,,,1768.0,1768.0,16274.0,29.0,35.0,,35.0,,6.0,,6.0,6.0,0.0,401.0,274.67999267578125,274.65997314453125,100.0,1.0,7.5,9.100000381469727
2020-10-19T17:56,2020-10-19T18:00,24,train,0,2020,10,17,24,2020-10-18T18:00,,,,,,,,,24,2020-10-18T18:00,-999.0,100.0,0.875,45.625,100.0,9729.0810546875,6868.8466796875,40200.0,43100.0,12741.53125,4.49344539642334,257.9910888671875,274.2677001953125,279.29913330078125,282.19256591796875,286.47808837890625,5755.4951171875,3129.9140625,1551.9334716796875,197.38900756835938,280.92205810546875,81.80000305175781,443.9360656738281,3415.360107421875,18300.0,0.0,0.0,,,,,,,,,,,,,,,,,,,,,,,,,,,,,,,,,,,,,,,,,,,,,,,,,,,,,,,,,,,,,,,,,,,,,,,,,,,,,,,,,,,,,,,,,,,,72.0,,,30.0,28.0,201.0,61.0,62.0,,72.0,,43.0,,43.0,43.0,0.0,377.0,274.22998046875,273.8899841308594,98.0,4.0,8.699999809265137,10.5
2020-10-19T17:56,2020-10-19T18:00,48,train,0,2020,10,17,,,,,,,,,,,48,2020-10-17T18:00,,,,,,,,,,,,,,,,,,,,,,,,,,,,,,,,,,,,,,,,,,,,,,,,,,,,,,,,,,,,,,,,,,,,,,,,,,,,,,,,,,,,,,,,,,,,,,,,,,,,,,,,,,,,,,,,,,,,,,,79.0,,,104.0,32.0,9856.0,80.0,83.0,,86.0,,64.0,,65.0,67.0,2.0,390.0,273.47998046875,273.28997802734375,100.0,13.0,7.900000095367432,8.699999809265137
2020-11-12T20:53,2020-11-12T21:00,1,train,1,2020,11,20,1,2020-11-12T20:00,,,,,,,,,1,2020-11-12T20:00,-999.0,100.0,10.25,76.25,100.0,8274.779296875,8281.673828125,30700.0,35000.0,10026.65625,7.949625492095947,257.89508056640625,273.62255859375,275.99371337890625,277.19183349609375,281.15008544921875,5662.431640625,3041.4287109375,1474.695556640625,134.98129272460938,275.9530944824219,60.20000076293945,144.2510986328125,3153.60009765625,30500.0,0.0,0.0,,,,,,,,,,,,,,,,,,,,,,,,,,,,,,,,,,,,,,,,,,,,,,,,,,,,,,,,,,,,,,,,,,,,,,,,,,,,,,,,,,,,,,,,,,,,84.0,,,669.0,675.0,16274.0,30.0,34.0,,52.0,,9.0,,9.0,10.0,0.0,220.0,269.6299743652344,266.7599792480469,79.0,2.0,12.0,13.0
2020-11-12T20:53,2020-11-12T21:00,48,train,1,2020,11,20,,,,,,,,,,,45,2020-11-11T00:00,,,,,,,,,,,,,,,,,,,,,,,,,,,,,,,,,,,,,,,,,,,,,,,,,,,,,,,,,,,,,,,,,,,,,,,,,,,,,,,,,,,,,,,,,,,,,,,,,,,,,,,,,,,,,,,,,,,,,,,71.0,,,88886.0,3865.0,9750.0,25.0,25.0,,27.0,,46.0,,46.0,46.0,0.0,347.0,269.2200012207031,267.2300109863281,86.0,0.0,12.399999618530273,12.800000190734863
2020-11-12T20:53,2020-11-12T21:00,24,train,1,2020,11,20,21,2020-11-12T00:00,,,,,,,,,24,2020-11-11T21:00,-999.0,100.0,0.625,27.625,100.0,8393.1865234375,7290.2353515625,24100.0,40100.0,12397.4287109375,8.121337890625,257.95355224609375,273.07916259765625,276.61297607421875,278.4685974121094,282.50775146484375,5654.19140625,3035.41357421875,1470.192626953125,127.11924743652344,276.56085205078125,44.20000076293945,143.93585205078125,2970.39990234375,45500.0,0.0,7.170000076293945,,,,,,,,,,,,,,,,,,,,,,,,,,,,,,,,,,,,,,,,,,,,,,,,,,,,,,,,,,,,,,,,,,,,,,,,,,,,,,,,,,,,,,,,,,,,74.0,,,32.0,32.0,201.0,31.0,31.0,,31.0,,55.0,,55.0,55.0,0.0,236.0,269.8699951171875,266.3399963378906,77.0,3.0,11.600000381469727,12.100000381469727
2020-12-06T21:55,2020-12-06T22:00,1,train,0,2020,12,21,1,2020-12-06T21:00,,,,,,,,,1,2020-12-06T21:00,-999.0,0.0,100.0,100.0,0.0,1341.126953125,1340.80419921875,83900.0,84000.0,1558.578857421875,18.279712677001953,249.2933349609375,265.39593505859375,263.30926513671875,265.5508117675781,269.5833740234375,5342.1044921875,2799.86962890625,1290.925048828125,2.6611404418945312,260.3586120605469,88.19999694824219,274.571533203125,0.0,100.0,0.0,0.1599999964237213,,,,,,,,,,,,,,,,,,,,,,,,,,,,,,,,,,,,,,,,,,,,,,,,,,,,,,,,,,,,,,,,,,,,,,,,,,,,,,,,,,,,,,,,,,,,77.0,,,0.0,0.0,209.0,86.0,92.0,,99.0,,93.0,,95.0,95.0,1.0,373.0,257.6000061035156,257.53997802734375,100.0,17.0,19.200000762939453,22.5
2020-12-06T21:55,2020-12-06T22:00,24,train,0,2020,12,21,22,2020-12-06T00:00,,,,,,,,,24,2020-12-05T22:00,-999.0,0.0,100.0,100.0,0.0,1341.146484375,1340.882080078125,84100.0,84600.0,1457.9364013671875,15.23615837097168,248.60348510742188,264.5369873046875,264.16796875,265.6746826171875,269.65789794921875,5346.8505859375,2812.376953125,1303.183349609375,13.32354736328125,260.9627380371094,88.80000305175781,296.58843994140625,0.0,100.0,0.0,30.829999923706055,,,,,,,,,,,,,,,,,,,,,,,,,,,,,,,,,,,,,,,,,,,,,,,,,,,,,,,,,,,,,,,,,,,,,,,,,,,,,,,,,,,,,,,,,,,,84.0,,,32.0,32.0,256.0,56.0,56.0,,63.0,,65.0,,66.0,67.0,1.0,350.0,258.05999755859375,258.1600036621094,100.0,17.0,18.0,20.5
2020-12-17T20:52,2020-12-17T21:00,1,train,0,2020,12,20,1,2020-12-17T20:00,,,,,,,,,1,2020-12-17T20:00,-999.0,0.0,100.0,80.0,29.0,1341.26318359375,1341.2979736328125,69000.0,85900.0,1385.27099609375,4.246336936950684,248.79153442382812,260.9812316894531,265.07806396484375,264.9844970703125,268.7894592285156,5426.46484375,2917.011962890625,1414.900146484375,134.31776428222656,261.93280029296875,89.5999984741211,231.130859375,0.0,900.0,0.0,0.16200000047683716,,,,,,,,,,,,,,,,,,,,,,,,,,,,,,,,,,,,,,,,,,,,,,,,,,,,,,,,,,,,,,,,,,,,,,,,,,,,,,,,,,,,,,,,,,,,90.0,,,30.0,32.0,256.0,46.0,57.0,,83.0,,92.0,,100.0,100.0,0.0,219.0,257.42999267578125,256.6099853515625,94.0,31.0,12.399999618530273,12.800000190734863
2020-12-06T21:55,2020-12-06T22:00,48,train,0,2020,12,21,46,2020-12-05T00:00,,,,,,,,,36,2020-12-05T10:00,-999.0,0.0,100.0,100.0,0.0,1341.1923828125,1340.9068603515625,55700.0,84500.0,1457.6781005859375,14.226813316345215,250.390625,263.66363525390625,263.4772033691406,265.9514465332031,269.90411376953125,5328.5224609375,2800.860595703125,1297.8734130859375,9.60369873046875,260.9111633300781,88.80000305175781,308.2098388671875,0.0,100.0,9.999999747378752e-05,48.849998474121094,,,,,,,,,,,,,,,,,,,,,,,,,,,,,,,,,,,,,,,,,,,,,,,,,,,,,,,,,,,,,,,,,,,,,,,,,,,,,,,,,,,,,,,,,,,,80.0,,,32.0,32.0,0.0,75.0,77.0,,82.0,,68.0,,68.0,68.0,1.0,331.0,258.53997802734375,258.32000732421875,100.0,17.0,17.600000381469727,20.5
2020-12-17T20:52,2020-12-17T21:00,24,train,0,2020,12,20,21,2020-12-17T00:00,,,,,,,,,24,2020-12-16T21:00,-999.0,0.0,100.0,67.0,6.0,nan,1341.2137451171875,66100.0,85900.0,nan,4.292365074157715,248.34317016601562,262.1993713378906,263.75079345703125,264.5665588378906,268.55401611328125,5425.3037109375,2909.625732421875,1410.6312255859375,130.81027221679688,260.976318359375,88.9000015258789,221.6925811767578,0.0,3000.0,9.999999747378752e-05,14.890000343322754,,,,,,,,,,,,,,,,,,,,,,,,,,,,,,,,,,,,,,,,,,,,,,,,,,,,,,,,,,,,,,,,,,,,,,,,,,,,,,,,,,,,,,,,,,,,87.0,,,32.0,32.0,256.0,75.0,75.0,,82.0,,67.0,,70.0,73.0,0.0,199.0,257.4100036621094,255.4199981689453,85.0,14.0,12.0,12.399999618530273
2020-12-17T20:52,2020-12-17T21:00,48,train,0,2020,12,20,45,2020-12-16T00:00,,,,,,,,,45,2020-12-16T00:00,-999.0,0.0,100.0,100.0,98.0,1562.28857421875,1340.9852294921875,59700.0,85700.0,8229.662109375,4.099741458892822,249.55722045898438,260.72161865234375,262.80902099609375,263.901611328125,267.9130554199219,5405.279296875,2888.82666015625,1394.045166015625,118.84736633300781,259.9522705078125,88.0,303.2802429199219,0.0,1700.0,9.999999747378752e-05,21.3799991607666,,,,,,,,,,,,,,,,,,,,,,,,,,,,,,,,,,,,,,,,,,,,,,,,,,,,,,,,,,,,,,,,,,,,,,,,,,,,,,,,,,,,,,,,,,,,82.0,,,64.0,24.0,3456.0,91.0,91.0,,92.0,,82.0,,95.0,95.0,0.0,306.0,256.05999755859375,255.5500030517578,96.0,0.7620000243186951,13.600000381469727,14.0
2020-12-28T20:53,2020-12-28T21:00,1,train,0,2020,12,20,1,2020-12-28T20:00,,,,,,,,,1,2020-12-28T20:00,-999.0,100.0,100.0,0.0,0.0,1342.4488525390625,1342.3125,80300.0,86000.0,2066.6513671875,10.043367385864258,244.66714477539062,263.8970031738281,270.22784423828125,273.2516784667969,277.18817138671875,5455.943359375,2946.335205078125,1426.3499755859375,115.84346008300781,269.72430419921875,96.19999694824219,357.5609436035156,780.7999877929688,100.0,0.0,0.049300000071525574,,,,,,,,,,,,,,,,,,,,,,,,,,,,,,,,,,,,,,,,,,,,,,,,,,,,,,,,,,,,,,,,,,,,,,,,,,,,,,,,,,,,,,,,,,,,89.0,,,0.0,0.0,209.0,58.0,64.0,,78.0,,75.0,,75.0,75.0,0.0,447.0,266.7599792480469,266.6399841308594,100.0,15.0,15.600000381469727,17.399999618530273
2020-12-28T20:53,2020-12-28T21:00,48,train,0,2020,12,20,45,2020-12-27T00:00,,,,,,,,,45,2020-12-27T00:00,-999.0,100.0,100.0,0.0,0.0,1342.530029296875,1342.302001953125,74000.0,85800.0,2758.427978515625,7.0589470863342285,244.78131103515625,262.6094970703125,269.71417236328125,273.9662170410156,278.0838928222656,5422.2041015625,2917.01904296875,1403.95556640625,93.90376281738281,269.9255065917969,96.5,521.7089233398438,815.6799926757812,0.0,9.999999747378752e-05,5.980000019073486,,,,,,,,,,,,,,,,,,,,,,,,,,,,,,,,,,,,,,,,,,,,,,,,,,,,,,,,,,,,,,,,,,,,,,,,,,,,,,,,,,,,,,,,,,,,85.0,,,96.0,24.0,6912.0,87.0,87.0,,88.0,,71.0,,74.0,79.0,1.0,306.0,267.2300109863281,267.1199951171875,100.0,0.0,14.399999618530273,16.200000762939453
2020-12-28T20:53,2020-12-28T21:00,24,train,0,2020,12,20,21,2020-12-28T00:00,,,,,,,,,24,2020-12-27T21:00,-999.0,100.0,100.0,0.0,0.0,1342.44775390625,1342.326171875,76300.0,85900.0,2502.620849609375,6.808759689331055,244.83938598632812,263.4638671875,269.79779052734375,273.6039123535156,277.6686706542969,5445.22900390625,2935.402587890625,1418.10693359375,106.48944091796875,269.50567626953125,96.0999984741211,394.4102478027344,745.3599853515625,0.0,0.0,2.4100000858306885,,,,,,,,,,,,,,,,,,,,,,,,,,,,,,,,,,,,,,,,,,,,,,,,,,,,,,,,,,,,,,,,,,,,,,,,,,,,,,,,,,,,,,,,,,,,94.0,,,30.0,32.0,0.0,69.0,69.0,,71.0,,79.0,,80.0,82.0,2.0,434.0,266.92999267578125,266.97998046875,100.0,40.0,15.199999809265137,17.0
2021-01-05T16:57,2021-01-05T17:00,1,train,0,2021,1,16,1,2021-01-05T16:00,,,,,,,,,1,2021-01-05T16:00,-999.0,0.0,83.0,57.0,0.0,nan,1342.07421875,nan,85600.0,nan,1.8768430948257446,248.63490295410156,264.40692138671875,267.07305908203125,269.518798828125,273.61834716796875,5442.90234375,2911.812744140625,1394.5906982421875,96.42254638671875,267.5323181152344,98.19999694824219,200.2893829345703,445.3599853515625,12200.0,0.0,0.02199999988079071,,,,,,,,,,,,,,,,,,,,,,,,,,,,,,,,,,,,,,,,,,,,,,,,,,,,,,,,,,,,,,,,,,,,,,,,,,,,,,,,,,,,,,,,,,,,87.0,,,32.0,32.0,849.0,97.0,97.0,,97.0,,31.0,,37.0,37.0,1.0,318.0,262.8599853515625,262.7699890136719,98.0,3.0,6.800000190734863,7.0
2021-01-05T16:57,2021-01-05T17:00,24,train,0,2021,1,16,23,2021-01-04T18:00,,,,,,,,,24,2021-01-04T17:00,-999.0,0.0,100.0,100.0,0.0,nan,1341.8187255859375,52500.0,85700.0,nan,2.739989995956421,248.7499542236328,264.42791748046875,264.417236328125,267.60809326171875,271.75048828125,5443.0390625,2906.307861328125,1396.727294921875,104.56622314453125,264.7152404785156,94.5,222.9503936767578,9.600000381469727,12200.0,0.0,0.0,,,,,,,,,,,,,,,,,,,,,,,,,,,,,,,,,,,,,,,,,,,,,,,,,,,,,,,,,,,,,,,,,,,,,,,,,,,,,,,,,,,,,,,,,,,,83.0,,,32.0,32.0,201.0,68.0,73.0,,78.0,,58.0,,59.0,65.0,1.0,403.0,262.989990234375,262.4700012207031,95.0,4.0,8.399999618530273,8.5
2021-01-05T16:57,2021-01-05T17:00,48,train,0,2021,1,16,47,2021-01-03T18:00,,,,,,,,,36,2021-01-04T05:00,-999.0,0.0,100.0,100.0,0.0,1386.5467529296875,1341.677001953125,nan,85800.0,1458.340087890625,1.7908281087875366,248.3782501220703,262.855224609375,264.9376220703125,267.8484191894531,271.9781494140625,5440.236328125,2915.5224609375,1408.1007080078125,117.93610382080078,265.5107727050781,96.19999694824219,224.02923583984375,137.9199981689453,2400.0,0.0,0.4399999976158142,,,,,,,,,,,,,,,,,,,,,,,,,,,,,,,,,,,,,,,,,,,,,,,,,,,,,,,,,,,,,,,,,,,,,,,,,,,,,,,,,,,,,,,,,,,,86.0,,,30.0,32.0,201.0,68.0,68.0,,78.0,,56.0,,58.0,60.0,0.0,332.0,263.45001220703125,262.17999267578125,90.0,5.0,8.399999618530273,8.5
2021-01-11T08:57,2021-01-11T09:00,1,train,0,2021,1,8,1,2021-01-11T08:00,,,,,,,,,1,2021-01-11T08:00,-999.0,0.0,0.0,10.0,8.0,nan,nan,nan,nan,nan,5.302016258239746,243.88050842285156,260.50054931640625,269.4474792480469,270.50799560546875,273.357421875,5475.5390625,2986.29248046875,1479.47705078125,186.18447875976562,266.59539794921875,19.5,81.03804779052734,298.3999938964844,82200.0,0.0,0.0,,,,,,,,,,,,,,,,,,,,,,,,,,,,,,,,,,,,,,,,,,,,,,,,,,,,,,,,,,,,,,,,,,,,,,,,,,,,,,,,,,,,,,,,,,,,37.0,,,88888.0,3728.0,16209.0,0.0,0.0,,0.0,,1.0,,1.0,1.0,0.0,95.0,261.82000732421875,252.89999389648438,48.0,0.0,9.600000381469727,9.600000381469727
2021-01-11T08:57,2021-01-11T09:00,48,train,0,2021,1,8,45,2021-01-09T12:00,,,,,,,,,45,2021-01-09T12:00,-999.0,0.0,0.0,100.0,93.0,5237.26220703125,4325.87109375,nan,58700.0,6002.74609375,3.644552230834961,243.6676025390625,259.93646240234375,267.7245178222656,268.8739013671875,272.146728515625,5469.109375,2985.842041015625,1484.3912353515625,196.4792938232422,266.07781982421875,32.400001525878906,92.67979431152344,216.32000732421875,60500.0,0.0,0.0,,,,,,,,,,,,,,,,,,,,,,,,,,,,,,,,,,,,,,,,,,,,,,,,,,,,,,,,,,,,,,,,,,,,,,,,,,,,,,,,,,,,,,,,,,,,48.0,,,88888.0,1568.0,6528.0,23.0,24.0,,28.0,,45.0,,45.0,45.0,0.0,114.0,260.20001220703125,254.75,62.0,0.0,10.399999618530273,10.399999618530273
2021-01-11T08:57,2021-01-11T09:00,24,train,0,2021,1,8,21,2021-01-10T12:00,,,,,,,,,24,2021-01-10T09:00,-999.0,0.0,0.0,100.0,100.0,8375.06640625,4739.0673828125,nan,55500.0,9135.2177734375,5.222794055938721,243.89242553710938,260.498291015625,268.002685546875,269.79949951171875,273.07373046875,5475.07666015625,2986.393310546875,1482.7755126953125,191.4986114501953,266.6213684082031,36.099998474121094,123.80303955078125,303.1199951171875,55400.0,0.0,0.0,,,,,,,,,,,,,,,,,,,,,,,,,,,,,,,,,,,,,,,,,,,,,,,,,,,,,,,,,,,,,,,,,,,,,,,,,,,,,,,,,,,,,,,,,,,,51.0,,,88888.0,3160.0,256.0,20.0,20.0,,24.0,,52.0,,52.0,52.0,0.0,97.0,261.6199951171875,255.0699920654297,58.0,0.0,9.199999809265137,8.899999618530273
2021-01-17T00:56,2021-01-17T01:00,1,train,0,2021,1,0,1,2021-01-17T00:00,,,,,,,,,1,2021-01-17T00:00,-999.0,100.0,100.0,0.0,0.0,1342.741943359375,1342.570556640625,79800.0,83600.0,1879.5623779296875,4.547910690307617,248.55718994140625,265.6254577636719,272.0547790527344,275.46881103515625,279.50634765625,5273.27734375,2737.630126953125,1209.0926513671875,-110.44324493408203,271.72369384765625,98.0999984741211,329.17303466796875,1084.719970703125,0.0,0.0,0.006000000052154064,,,,,,,,,,,,,,,,,,,,,,,,,,,,,,,,,,,,,,,,,,,,,,,,,,,,,,,,,,,,,,,,,,,,,,,,,,,,,,,,,,,,,,,,,,,,92.0,,,0.0,0.0,209.0,98.0,100.0,,100.0,,92.0,,93.0,100.0,2.0,282.0,268.65997314453125,268.55999755859375,100.0,22.0,9.600000381469727,10.5
2021-01-22T19:52,2021-01-22T20:00,1,train,0,2021,1,19,1,2021-01-22T19:00,,,,,,,,,,,-999.0,0.0,24.0,7.0,0.0,nan,1341.5546875,82300.0,84700.0,nan,6.049196720123291,238.25794982910156,254.662109375,264.801513671875,269.8005065917969,273.86810302734375,5211.73828125,2789.8544921875,1313.0565185546875,33.12925720214844,265.0474548339844,90.5,382.60919189453125,65.76000213623047,5900.0,0.0,0.2939000129699707,,,,,,,,,,,,,,,,,,,,,,,,,,,,,,,,,,,,,,,,,,,,,,,,,,,,,,,,,,,,,,,,,,,,,,,,,,,,,,,,,,,,,,,,,,,,,,,,,,,,,,,,,,,,,,,,,,
2021-01-17T00:56,2021-01-17T01:00,24,train,0,2021,1,0,25,2021-01-16T00:00,,,,,,,,,24,2021-01-16T01:00,-999.0,100.0,100.0,71.0,0.0,1342.7462158203125,1342.5687255859375,78200.0,83700.0,2064.61279296875,4.303875923156738,247.91000366210938,264.313720703125,272.1143798828125,275.617431640625,279.6930847167969,5272.4482421875,2740.5234375,1216.6937255859375,-100.69377899169922,271.84832763671875,97.80000305175781,456.1726989746094,1111.8399658203125,0.0,0.0,52.810001373291016,,,,,,,,,,,,,,,,,,,,,,,,,,,,,,,,,,,,,,,,,,,,,,,,,,,,,,,,,,,,,,,,,,,,,,,,,,,,,,,,,,,,,,,,,,,,87.0,,,32.0,32.0,256.0,91.0,96.0,,96.0,,88.0,,97.0,100.0,1.0,224.0,268.8999938964844,268.65997314453125,100.0,26.0,10.399999618530273,11.600000381469727
2021-01-17T00:56,2021-01-17T01:00,48,train,0,2021,1,0,43,2021-01-15T06:00,,,,,,,,,36,2021-01-15T13:00,-999.0,100.0,100.0,2.0,0.0,1342.2308349609375,1342.0255126953125,83000.0,84200.0,1569.0858154296875,6.116732597351074,246.13906860351562,261.60400390625,268.7367248535156,273.40948486328125,277.5081787109375,5283.93994140625,2776.96728515625,1269.9873046875,-35.19132995605469,268.1368103027344,95.30000305175781,353.484375,538.0,100.0,0.0,42.0,,,,,,,,,,,,,,,,,,,,,,,,,,,,,,,,,,,,,,,,,,,,,,,,,,,,,,,,,,,,,,,,,,,,,,,,,,,,,,,,,,,,,,,,,,,,93.0,,,32.0,32.0,0.0,86.0,87.0,,89.0,,80.0,,90.0,97.0,3.0,286.0,268.67999267578125,268.42999267578125,100.0,38.0,12.800000190734863,15.199999809265137
2021-01-22T19:52,2021-01-22T20:00,24,train,0,2021,1,19,26,2021-01-21T18:00,,,,,,,,,,,-999.0,89.0,100.0,100.0,0.0,1864.0408935546875,1341.498291015625,59100.0,84500.0,nan,2.0835351943969727,237.1438446044922,254.45449829101562,264.92657470703125,269.6296081542969,273.6923522949219,5183.5322265625,2772.413330078125,1296.210693359375,17.53226661682129,265.728515625,94.0999984741211,663.3318481445312,164.63999938964844,3200.0,9.999999747378752e-05,4.9039998054504395,,,,,,,,,,,,,,,,,,,,,,,,,,,,,,,,,,,,,,,,,,,,,,,,,,,,,,,,,,,,,,,,,,,,,,,,,,,,,,,,,,,,,,,,,,,,,,,,,,,,,,,,,,,,,,,,,,
2021-01-28T09:58,2021-01-28T10:00,1,train,0,2021,1,9,1,2021-01-28T09:00,,,,,,,,,1,2021-01-28T09:00,-999.0,0.0,50.0,2.0,0.0,1341.372802734375,1341.1439208984375,nan,86000.0,1380.5877685546875,4.114727020263672,243.906982421875,259.58978271484375,262.21136474609375,265.89013671875,269.850341796875,5367.77490234375,2877.57861328125,1395.2994384765625,115.32574462890625,260.66796875,76.30000305175781,115.01246643066406,0.0,16100.0,0.0,0.009999999776482582,,,,,,,,,,,,,,,,,,,,,,,,,,,,,,,,,,,,,,,,,,,,,,,,,,,,,,,,,,,,,,,,,,,,,,,,,,,,,,,,,,,,,,,,,,,,93.0,,,0.0,0.0,209.0,78.0,83.0,,91.0,,74.0,,74.0,74.0,0.0,122.0,259.8600158691406,258.6399841308594,90.0,2.0,8.399999618530273,8.199999809265137
2021-01-22T19:52,2021-01-22T20:00,48,train,0,2021,1,19,44,2021-01-21T00:00,,,,,,,,,36,2021-01-21T08:00,-999.0,0.0,6.0,0.0,0.0,nan,1341.1046142578125,nan,84400.0,nan,9.797089576721191,238.68138122558594,252.64547729492188,262.0032958984375,267.4028625488281,271.54278564453125,5167.4765625,2750.782958984375,1290.427734375,23.630491256713867,261.72967529296875,83.5,405.3673095703125,0.0,16500.0,0.0,6.25,,,,,,,,,,,,,,,,,,,,,,,,,,,,,,,,,,,,,,,,,,,,,,,,,,,,,,,,,,,,,,,,,,,,,,,,,,,,,,,,,,,,,,,,,,,,80.0,,,30.0,32.0,201.0,69.0,74.0,,84.0,,52.0,,52.0,52.0,15.0,598.0,262.16998291015625,261.54998779296875,96.0,19.0,10.399999618530273,12.199999809265137
2021-01-28T09:58,2021-01-28T10:00,24,train,0,2021,1,9,22,2021-01-27T12:00,,,,,,,,,24,2021-01-27T10:00,-999.0,0.0,36.0,100.0,0.0,7385.27490234375,1341.281982421875,nan,86000.0,7476.1142578125,5.367651462554932,243.62545776367188,259.141357421875,262.90264892578125,266.6810302734375,270.677734375,5363.5009765625,2876.964111328125,1397.4429931640625,115.9969482421875,261.63751220703125,81.30000305175781,140.86521911621094,0.0,13500.0,0.0,1.100000023841858,,,,,,,,,,,,,,,,,,,,,,,,,,,,,,,,,,,,,,,,,,,,,,,,,,,,,,,,,,,,,,,,,,,,,,,,,,,,,,,,,,,,,,,,,,,,81.0,,,0.0,0.0,256.0,87.0,95.0,,100.0,,70.0,,72.0,73.0,0.0,123.0,258.92999267578125,258.2599792480469,94.0,1.0,8.800000190734863,9.0
2021-01-28T09:58,2021-01-28T10:00,48,train,0,2021,1,9,46,2021-01-26T12:00,,,,,,,,,36,2021-01-26T22:00,-999.0,0.0,100.0,100.0,98.0,1386.5406494140625,1341.47900390625,nan,86000.0,8889.201171875,3.8515267372131348,243.67889404296875,256.9627685546875,264.33856201171875,268.40045166015625,272.2554016113281,5342.8955078125,2870.218017578125,1390.76416015625,109.42108154296875,264.21685791015625,88.5,148.0330047607422,0.0,12200.0,0.0,7.230000019073486,,,,,,,,,,,,,,,,,,,,,,,,,,,,,,,,,,,,,,,,,,,,,,,,,,,,,,,,,,,,,,,,,,,,,,,,,,,,,,,,,,,,,,,,,,,,86.0,,,0.0,0.0,256.0,100.0,100.0,,100.0,,75.0,,77.0,78.0,0.0,133.0,261.3399963378906,259.8399963378906,89.0,9.0,9.199999809265137,9.300000190734863
2021-02-07T06:49,2021-02-07T07:00,1,train,0,2021,2,6,1,2021-02-07T06:00,,,,,,,,,1,2021-02-07T06:00,-999.0,0.0,0.0,0.0,0.0,nan,nan,nan,nan,nan,10.235684394836426,243.427978515625,258.50189208984375,264.252685546875,266.1839904785156,269.95989990234375,5379.5751953125,2912.7763671875,1423.511962890625,146.26719665527344,261.39862060546875,38.0,207.05181884765625,0.0,52900.0,0.0,0.0,,,,,,,,,,,,,,,,,,,,,,,,,,,,,,,,,,,,,,,,,,,,,,,,,,,,,,,,,,,,,,,,,,,,,,,,,,,,,,,,,,,,,,,,,,,,21.0,,,88888.0,5352.0,0.0,62.0,73.0,,75.0,,73.0,,73.0,73.0,0.0,156.0,256.95001220703125,252.86001586914062,69.0,0.0,12.399999618530273,14.100000381469727
2021-02-07T06:49,2021-02-07T07:00,24,train,0,2021,2,6,25,2021-02-06T06:00,,,,,,,,,24,2021-02-06T07:00,-999.0,0.0,0.0,0.0,0.0,nan,nan,nan,nan,nan,10.070226669311523,242.80001831054688,258.25634765625,261.231201171875,262.90435791015625,266.51971435546875,5376.77587890625,2910.7587890625,1429.57421875,163.48207092285156,258.1952209472656,56.099998474121094,171.65963745117188,0.0,32700.0,0.0,1.7999999523162842,,,,,,,,,,,,,,,,,,,,,,,,,,,,,,,,,,,,,,,,,,,,,,,,,,,,,,,,,,,,,,,,,,,,,,,,,,,,,,,,,,,,,,,,,,,,37.0,,,88888.0,640.0,256.0,21.0,26.0,,35.0,,50.0,,52.0,54.0,0.0,143.0,256.6300048828125,253.33999633789062,75.0,4.0,12.399999618530273,14.899999618530273
2021-02-22T10:54,2021-02-22T11:00,1,train,0,2021,2,10,1,2021-02-22T10:00,,,,,,,,,1,2021-02-22T10:00,-999.0,0.0,0.0,100.0,100.0,5111.6767578125,4304.72216796875,34600.0,59000.0,9661.9384765625,6.747835636138916,246.64944458007812,259.9111328125,265.4721984863281,267.5639343261719,270.8050842285156,5455.41650390625,2956.365234375,1463.4447021484375,181.3054962158203,263.05609130859375,39.099998474121094,151.61831665039062,0.0,51600.0,0.0,0.0,,,,,,,,,,,,,,,,,,,,,,,,,,,,,,,,,,,,,,,,,,,,,,,,,,,,,,,,,,,,,,,,,,,,,,,,,,,,,,,,,,,,,,,,,,,,84.0,,,2224.0,2088.0,16274.0,0.0,0.0,,11.0,,3.0,,3.0,3.0,0.0,128.0,259.16998291015625,252.989990234375,59.0,0.0,10.800000190734863,11.699999809265137
2021-02-07T06:49,2021-02-07T07:00,48,train,0,2021,2,6,43,2021-02-05T12:00,,,,,,,,,36,2021-02-05T19:00,-999.0,0.0,0.0,0.0,0.0,nan,nan,nan,nan,nan,9.723736763000488,242.81002807617188,259.8710021972656,265.0116271972656,265.12969970703125,268.4740295410156,5392.0751953125,2916.751953125,1418.71435546875,142.0199737548828,261.98931884765625,36.5,146.37030029296875,0.0,55000.0,0.0,8.90999984741211,,,,,,,,,,,,,,,,,,,,,,,,,,,,,,,,,,,,,,,,,,,,,,,,,,,,,,,,,,,,,,,,,,,,,,,,,,,,,,,,,,,,,,,,,,,,33.0,,,88886.0,5288.0,256.0,24.0,26.0,,27.0,,54.0,,54.0,54.0,0.0,121.0,257.6199951171875,252.14999389648438,63.0,1.0,10.800000190734863,12.399999618530273
2021-02-22T10:54,2021-02-22T11:00,24,train,0,2021,2,10,23,2021-02-21T12:00,,,,,,,,,24,2021-02-21T11:00,-999.0,0.0,6.0,100.0,100.0,5396.0556640625,3479.675537109375,30300.0,65000.0,10372.908203125,7.377932071685791,246.65780639648438,258.45556640625,263.5936279296875,265.6490783691406,268.9281005859375,5434.953125,2943.5185546875,1459.802001953125,185.9429931640625,262.07965087890625,43.5,201.07962036132812,0.0,46500.0,0.0,0.019999999552965164,,,,,,,,,,,,,,,,,,,,,,,,,,,,,,,,,,,,,,,,,,,,,,,,,,,,,,,,,,,,,,,,,,,,,,,,,,,,,,,,,,,,,,,,,,,,83.0,,,1064.0,1064.0,201.0,7.0,9.0,,31.0,,56.0,,56.0,56.0,0.0,147.0,259.19000244140625,253.7100067138672,63.0,0.0,11.199999809265137,12.100000381469727
2021-02-22T10:54,2021-02-22T11:00,48,train,0,2021,2,10,47,2021-02-20T12:00,,,,,,,,,36,2021-02-20T23:00,-999.0,0.0,0.0,100.0,100.0,6235.30029296875,4224.427734375,37000.0,59000.0,10337.9365234375,7.2408037185668945,246.19244384765625,259.0343322753906,263.1848449707031,265.097412109375,268.3624572753906,5428.60205078125,2939.13818359375,1453.369140625,180.17037963867188,260.7503967285156,50.900001525878906,193.6813201904297,0.0,38000.0,0.0,1.590000033378601,,,,,,,,,,,,,,,,,,,,,,,,,,,,,,,,,,,,,,,,,,,,,,,,,,,,,,,,,,,,,,,,,,,,,,,,,,,,,,,,,,,,,,,,,,,,78.0,,,32.0,32.0,201.0,23.0,24.0,,42.0,,58.0,,58.0,58.0,0.0,150.0,258.989990234375,253.5299835205078,63.0,0.0,11.199999809265137,12.100000381469727
2021-03-27T19:56,2021-03-27T20:00,1,train,1,2021,3,19,1,2021-03-27T19:00,2,2021-03-27T18:00,,,,,,,1,2021-03-27T19:00,-999.0,51.0,54.0,0.0,0.0,nan,1342.61962890625,nan,86500.0,nan,1.7882881164550781,250.28939819335938,266.566650390625,270.7147521972656,275.602294921875,279.98175048828125,5555.7890625,3004.608154296875,1478.053466796875,157.48916625976562,273.2361755371094,88.30000305175781,438.8297119140625,1309.43994140625,16000.0,0.0,0.0,19999.814453125,7.0,0.0,3.5999999046325684,5.900000095367432,24135.173828125,0.0,0.0,250.5175323486328,266.8584899902344,271.04669189453125,277.810791015625,282.0584716796875,5555.15478515625,2999.929931640625,1476.367919921875,796.452880859375,156.3565216064453,279.1322021484375,58.099998474121094,55.29999923706055,1094.880859375,1248.3199462890625,,,,,,,,,,,,,,,,,,,,,,,,,,,,,,,,,,,,,,,,,,,,,,,,,,,,,,,,,,,,,,,,,,,,,38.0,,,88885.0,488.0,465.0,45.0,48.0,,52.0,,56.0,,56.0,56.0,2.0,664.0,269.3900146484375,266.95001220703125,84.0,1.0,6.400000095367432,7.0
2021-03-27T19:56,2021-03-27T20:00,24,train,1,2021,3,19,26,2021-03-26T18:00,26,2021-03-26T18:00,,,,,,,24,2021-03-26T20:00,-999.0,0.0,3.0,0.0,0.0,nan,1342.3514404296875,nan,86400.0,nan,6.094306468963623,250.03143310546875,266.89581298828125,270.353271484375,274.57855224609375,278.87432861328125,5543.529296875,2991.11669921875,1462.67529296875,144.65267944335938,271.6163024902344,86.0,298.385986328125,1075.8399658203125,16900.0,0.0,17.06999969482422,20000.328125,41.79999923706055,0.0,9.300000190734863,18.799999237060547,24134.966796875,8.000000093488779e-07,0.0,251.1214599609375,266.9179992675781,270.6152648925781,277.3052673339844,281.60302734375,5563.4873046875,3005.79638671875,1481.2218017578125,802.4065551757812,163.24293518066406,278.6585388183594,62.400001525878906,62.0,1028.259765625,1202.56005859375,,,,,,,,,,,,,,,,,,,,,,,,,,,,,,,,,,,,,,,,,,,,,,,,,,,,,,,,,,,,,,,,,,,,,44.0,,,88888.0,640.0,256.0,56.0,56.0,,57.0,,52.0,,52.0,52.0,3.0,543.0,268.66998291015625,266.5899963378906,86.0,1.0,7.599999904632568,7.900000095367432
2021-03-27T19:56,2021-03-27T20:00,48,train,1,2021,3,19,44,2021-03-26T00:00,50,2021-03-25T18:00,,,,,,,36,2021-03-26T08:00,-999.0,0.0,2.0,0.0,100.0,9775.5,1342.2454833984375,nan,86300.0,10987.0908203125,6.317816257476807,250.42848205566406,267.6213684082031,269.72625732421875,273.63397216796875,277.8586120605469,5546.3662109375,2990.6025390625,1461.5809326171875,143.99264526367188,270.8813171386719,86.0,309.02996826171875,963.3599853515625,16900.0,0.0,19.3799991607666,1454.8792724609375,95.5,5.5,0.0,99.5999984741211,24135.05859375,8.000000093488779e-07,0.0,250.58914184570312,266.9634094238281,269.1880187988281,275.7823181152344,280.0580749511719,5566.4384765625,3004.40966796875,1479.2325439453125,804.0503540039062,168.40602111816406,276.8633728027344,65.0999984741211,67.0,975.6422119140625,1050.4000244140625,,,,,,,,,,,,,,,,,,,,,,,,,,,,,,,,,,,,,,,,,,,,,,,,,,,,,,,,,,,,,,,,,,,,,48.0,,,88888.0,176.0,256.0,51.0,52.0,,57.0,,39.0,,40.0,41.0,4.0,498.0,267.90997314453125,266.5899963378906,92.0,0.0,7.599999904632568,7.900000095367432
2021-06-22T23:59,2021-06-23T00:00,1,train,1,2021,6,23,1,2021-06-22T23:00,6,2021-06-22T18:00,,,1,2021-06-22T23:00,,,1,2021-06-22T23:00,7300.60009765625,0.0,5.0,100.0,100.0,6988.634765625,1343.884521484375,26800.0,85900.0,10638.322265625,6.56959342956543,263.6600341796875,274.1206970214844,281.0355224609375,284.5694274902344,288.9080810546875,5661.13818359375,3010.72412109375,1422.989013671875,58.11180114746094,281.3402404785156,94.5999984741211,354.5456237792969,3165.970703125,12400.0,0.0,0.17000000178813934,1898.486328125,77.0,100.0,100.0,85.9000015258789,24135.1484375,3.440000000409782e-05,4.0625,264.80609130859375,273.65557861328125,279.5473937988281,282.8892517089844,287.14031982421875,5660.99951171875,3006.5126953125,1425.11767578125,726.6495361328125,73.1753158569336,282.50665283203125,98.5999984741211,97.5,247.6308135986328,3235.52001953125,,,,,,,,,,,,,,,,,,,,,,,1843.8089599609375,86.0,100.0,100.0,86.0,12900.0,263.0989990234375,273.11090087890625,280.7677917480469,284.15032958984375,288.7107849121094,5657.392578125,3011.601806640625,1429.987060546875,728.9758911132812,69.2690200805664,284.1474914550781,93.09979248046875,90.98059844970703,482.30853271484375,2980.0,3.9999998989515007e-05,0.5,,,,,,,,,,,,,,,,,,,,,,,,99.0,,,0.0,0.0,209.0,61.0,72.0,,83.0,,80.0,,81.0,82.0,4.0,249.0,277.52996826171875,277.19000244140625,100.0,74.0,9.199999809265137,9.5
2021-06-22T23:59,2021-06-23T00:00,24,train,1,2021,6,23,24,2021-06-22T00:00,24,2021-06-22T00:00,,,21,2021-06-22T03:00,,,24,2021-06-22T00:00,6542.60009765625,0.0,0.0,100.0,100.0,4750.1298828125,1391.3143310546875,28500.0,85500.0,11332.4326171875,6.584774971008301,263.0644836425781,274.1853942871094,280.37841796875,284.1910400390625,288.48626708984375,5660.47412109375,3008.48681640625,1428.794677734375,67.01769256591797,281.1806335449219,83.30000305175781,234.2472686767578,3225.3662109375,17000.0,0.0,16.270000457763672,951.2927856445312,34.900001525878906,100.0,100.0,79.0999984741211,24135.021484375,2.080000012938399e-05,3.25,262.9022216796875,272.8963928222656,279.24822998046875,283.0191955566406,287.27093505859375,5660.947265625,3009.578369140625,1428.0048828125,729.4739379882812,75.71755981445312,282.6365661621094,98.30000305175781,96.5,237.0277099609375,2972.159912109375,,,,,,,,,,,,,,,,,,,,,,,2512.923583984375,71.0,100.0,100.0,71.0,16800.0,261.6341552734375,275.9856262207031,278.7180480957031,283.3437805175781,288.0028381347656,5665.2099609375,3021.683349609375,1439.6065673828125,742.3492431640625,80.44082641601562,283.1809387207031,83.0,80.67964172363281,555.8735961914062,3470.0,0.0,2.375,,,,,,,,,,,,,,,,,,,,,,,,95.0,,,30.0,32.0,256.0,78.0,82.0,,93.0,,53.0,,53.0,53.0,3.0,279.0,275.8899841308594,275.92999267578125,100.0,30.0,10.800000190734863,11.699999809265137
2021-06-22T23:59,2021-06-23T00:00,48,train,1,2021,6,23,48,2021-06-21T00:00,48,2021-06-21T00:00,,,45,2021-06-21T03:00,,,48,2021-06-21T00:00,-999.0,0.0,0.0,0.0,100.0,8023.87451171875,1426.60693359375,25200.0,85200.0,12607.234375,6.199280738830566,261.4625549316406,276.34234619140625,280.47100830078125,285.8345947265625,290.24029541015625,5672.45556640625,3023.5419921875,1442.974365234375,71.40934753417969,281.0821228027344,82.5999984741211,342.5337829589844,3741.988525390625,16700.0,0.0,15.539999961853027,988.4039306640625,13.899999618530273,100.0,100.0,2.5999999046325684,24134.96484375,4.0000000467443897e-07,0.0,260.8608093261719,275.2431335449219,279.5931396484375,285.7750244140625,290.04254150390625,5671.5908203125,3025.79833984375,1444.9803466796875,742.4879760742188,84.05240631103516,285.4281005859375,68.5999984741211,67.19999694824219,457.637939453125,3706.8798828125,,,,,,,,,,,,,,,,,,,,,,,3331.290771484375,83.0,0.0,100.0,83.0,18700.0,261.8110046386719,277.15802001953125,277.435791015625,283.4030456542969,288.0911865234375,5674.77099609375,3021.87939453125,1449.8460693359375,753.7811889648438,90.07527160644531,283.47247314453125,78.06658935546875,77.11766052246094,883.662353515625,3760.0,0.0,7.6875,,,,,,,,,,,,,,,,,,,,,,,,73.0,,,384.0,384.0,9856.0,51.0,51.0,,58.0,,37.0,,37.0,37.0,2.0,297.0,275.78997802734375,275.20001220703125,95.0,55.0,10.800000190734863,11.899999618530273
2021-08-06T05:51,2021-08-06T06:00,1,train,0,2021,8,5,1,2021-08-06T05:00,6,2021-08-06T00:00,,,1,2021-08-06T05:00,,,1,2021-08-06T05:00,-999.0,0.0,0.0,0.0,0.0,nan,1345.4920654296875,nan,87000.0,nan,5.810130596160889,261.35931396484375,277.85333251953125,286.06048583984375,289.3727722167969,293.33563232421875,5809.39013671875,3147.0458984375,1540.73828125,153.1024627685547,285.0419921875,79.19999694824219,181.03829956054688,4065.24365234375,18200.0,0.0,0.0,2949.479248046875,86.4000015258789,0.0,0.0,5.5,24135.05078125,0.0,0.0,261.1141662597656,276.1143798828125,285.4881896972656,288.5482177734375,292.1270446777344,5809.53955078125,3147.279541015625,1542.485107421875,826.1207275390625,163.78390502929688,287.79998779296875,94.5999984741211,88.0999984741211,52.691131591796875,4147.2001953125,,,,,,,,,,,,,,,,,,,,,,,nan,52.0,0.0,0.0,52.0,14700.0,261.63885498046875,276.6632080078125,285.9485778808594,290.19390869140625,293.21661376953125,5808.181640625,3146.46142578125,1544.438720703125,827.5194091796875,156.9355010986328,286.48675537109375,81.2833251953125,74.55477905273438,102.01710510253906,3990.151123046875,0.0,0.0,,,,,,,,,,,,,,,,,,,,,,,,25.0,,,88886.0,728.0,11154.0,17.0,18.0,,27.0,,11.0,,14.0,19.0,157.0,115.0,281.4800109863281,281.4800109863281,100.0,3.0,6.800000190734863,7.599999904632568
2021-08-06T05:51,2021-08-06T06:00,24,train,0,2021,8,5,24,2021-08-05T06:00,24,2021-08-05T06:00,,,21,2021-08-05T09:00,,,24,2021-08-05T06:00,-999.0,0.0,0.0,0.0,0.0,nan,1344.8023681640625,nan,87100.0,nan,5.604488372802734,260.9731750488281,277.80657958984375,286.226806640625,290.4883117675781,294.549560546875,5811.50244140625,3150.94091796875,1545.22021484375,154.16944885253906,285.5409851074219,82.9000015258789,336.33599853515625,4009.5517578125,16600.0,0.0,0.0,19999.92578125,2.299999952316284,0.0,0.0,0.0,24134.732421875,0.0,0.0,260.8284912109375,277.7114562988281,285.9115905761719,288.15789794921875,291.31494140625,5812.44970703125,3149.98779296875,1543.4619140625,826.2409057617188,165.25772094726562,286.5221862792969,96.5999984741211,87.80000305175781,34.39633560180664,4102.56005859375,,,,,,,,,,,,,,,,,,,,,,,nan,2.0,0.0,0.0,1.0,14100.0,261.5909423828125,277.70904541015625,286.90313720703125,290.4316101074219,293.4783935546875,5810.7998046875,3150.0029296875,1539.74560546875,821.12939453125,148.9156036376953,287.1916198730469,85.14166259765625,74.69351196289062,151.9491424560547,3893.780517578125,0.0,3.1875,,,,,,,,,,,,,,,,,,,,,,,,39.0,,,88888.0,792.0,256.0,63.0,63.0,,67.0,,60.0,,66.0,71.0,5.0,153.0,281.8500061035156,281.5899963378906,99.0,4.0,8.0,9.199999809265137
2021-08-06T05:51,2021-08-06T06:00,48,train,0,2021,8,5,48,2021-08-04T06:00,48,2021-08-04T06:00,,,45,2021-08-04T09:00,,,48,2021-08-04T06:00,-999.0,0.0,0.0,0.0,100.0,9425.8037109375,911.6270141601562,23700.0,32100.0,11825.734375,3.8764166831970215,262.41888427734375,279.37786865234375,286.8419189453125,290.3787841796875,294.4559631347656,5841.1416015625,3168.177490234375,1553.426513671875,160.11436462402344,286.0135803222656,75.30000305175781,254.8572998046875,4259.89990234375,20300.0,0.0,0.029999999329447746,19999.96875,0.0,0.0,0.0,0.0,24134.994140625,0.0,0.0,262.0077819824219,277.4226989746094,286.24609375,288.5482177734375,290.9187316894531,5816.2978515625,3154.641845703125,1546.810302734375,829.2470703125,168.805908203125,285.79998779296875,92.30000305175781,74.9000015258789,23.322044372558594,3980.0,,,,,,,,,,,,,,,,,,,,,,,829.9900512695312,78.0,0.0,0.0,78.0,3200.0,261.3321838378906,279.44537353515625,286.13665771484375,289.46087646484375,292.8894348144531,5810.6015625,3138.4443359375,1524.588623046875,807.2357788085938,133.75074768066406,288.2408752441406,96.3409423828125,93.46553039550781,323.7868347167969,4254.7861328125,0.0,38.75,,,,,,,,,,,,,,,,,,,,,,,,54.0,,,88888.0,208.0,4128.0,94.0,94.0,,96.0,,62.0,,67.0,68.0,28.0,123.0,281.8500061035156,282.05999755859375,100.0,19.0,7.199999809265137,8.0
2021-08-30T07:49,2021-08-30T08:00,1,train,0,2021,8,7,1,2021-08-30T07:00,2,2021-08-30T06:00,,,1,2021-08-30T07:00,,,1,2021-08-30T07:00,-999.0,0.0,100.0,0.0,6.0,1345.4952392578125,1345.344970703125,85400.0,86700.0,1594.9544677734375,10.103321075439453,264.7499694824219,280.64044189453125,288.9980163574219,292.108154296875,296.072021484375,5827.205078125,3137.234619140625,1509.0537109375,106.95661926269531,288.974365234375,98.80000305175781,301.4173278808594,4395.74267578125,100.0,0.0,0.02500000037252903,19974.3984375,15.5,20.5,82.30000305175781,47.5,24103.2265625,0.0,0.0,265.013916015625,281.4288635253906,288.9444274902344,289.0556945800781,293.1211853027344,5825.3017578125,3131.991455078125,1499.048095703125,775.932861328125,112.48756408691406,288.2680358886719,98.30000305175781,95.19999694824219,39.35341262817383,4310.56005859375,,,,,,,,,,,,,,,,,,,,,,,3015.818115234375,74.0,47.0,97.0,74.0,9700.0,264.47308349609375,280.5713195800781,289.19769287109375,290.56402587890625,293.8604736328125,5817.97265625,3128.515625,1499.6876220703125,777.166748046875,102.0810775756836,289.226806640625,92.0,96.56132507324219,201.82382202148438,4324.65576171875,0.0,0.0,,,,,,,,,,,,,,,,,,,,,,,,83.0,,,0.0,0.0,256.0,95.0,100.0,,100.0,,87.0,,87.0,87.0,120.0,203.0,284.6399841308594,284.3999938964844,100.0,4.0,10.0,11.699999809265137
2021-08-30T07:49,2021-08-30T08:00,24,train,0,2021,8,7,26,2021-08-29T06:00,26,2021-08-29T06:00,,,23,2021-08-29T09:00,,,24,2021-08-29T08:00,-999.0,0.0,8.0,7.0,18.0,nan,1345.33056640625,nan,86700.0,nan,7.763851165771484,264.51104736328125,279.1932373046875,289.12823486328125,292.35491943359375,296.28887939453125,5815.15673828125,3133.620361328125,1509.073974609375,109.219482421875,288.4002990722656,92.30000305175781,253.86380004882812,4193.3271484375,12400.0,0.0,0.05999999865889549,11159.5703125,17.399999618530273,33.099998474121094,100.0,30.899999618530273,24104.814453125,0.0,0.0,265.08343505859375,280.4607238769531,289.1619873046875,289.7283935546875,293.7642822265625,5824.48486328125,3132.3251953125,1503.33837890625,778.8319702148438,114.38956451416016,288.9358215332031,98.4000015258789,95.5,40.0799674987793,4352.9599609375,,,,,,,,,,,,,,,,,,,,,,,5288.4521484375,34.0,0.0,100.0,34.0,12700.0,264.37847900390625,280.4327697753906,289.3319396972656,291.07513427734375,294.5978088378906,5821.8291015625,3134.77734375,1508.04931640625,783.9765625,108.26642608642578,289.58160400390625,91.77583312988281,94.68920135498047,243.4652557373047,4376.93701171875,0.0,0.0,,,,,,,,,,,,,,,,,,,,,,,,86.0,,,0.0,0.0,0.0,92.0,93.0,,96.0,,70.0,,75.0,77.0,32.0,236.0,284.3900146484375,284.6399841308594,100.0,9.0,10.399999618530273,12.899999618530273
2021-08-30T07:49,2021-08-30T08:00,48,train,0,2021,8,7,44,2021-08-28T12:00,50,2021-08-28T06:00,,,47,2021-08-28T09:00,,,36,2021-08-28T20:00,-999.0,0.0,0.0,6.0,100.0,10535.3857421875,1345.2548828125,nan,86600.0,11346.5517578125,8.351293563842773,264.8165283203125,279.3708801269531,289.12744140625,292.135009765625,296.12744140625,5817.953125,3133.374267578125,1508.8990478515625,109.11799621582031,288.4830322265625,86.5,222.42942810058594,4180.80126953125,15100.0,0.0,0.27000001072883606,4642.302734375,16.899999618530273,77.19999694824219,60.20000076293945,25.799999237060547,24135.126953125,0.0,0.0,265.0848388671875,281.61224365234375,288.7699279785156,289.78387451171875,293.8858337402344,5820.859375,3130.696044921875,1497.9906005859375,774.3890380859375,109.83965301513672,289.0768737792969,98.0999984741211,95.30000305175781,54.59001541137695,4282.8798828125,,,,,,,,,,,,,,,,,,,,,,,nan,13.0,44.0,54.0,13.0,13200.0,264.00244140625,280.02069091796875,289.06768798828125,291.197021484375,294.6867370605469,5826.59716796875,3141.261474609375,1516.3619384765625,792.3497314453125,117.02070617675781,289.64471435546875,90.32978057861328,92.23397064208984,223.85401916503906,4335.2646484375,0.0,3.0625,,,,,,,,,,,,,,,,,,,,,,,,80.0,,,0.0,0.0,256.0,81.0,81.0,,90.0,,66.0,,72.0,75.0,94.0,243.0,284.75,284.5,99.0,7.0,10.399999618530273,12.800000190734863
2021-09-17T12:54,2021-09-17T13:00,1,train,0,2021,9,12,1,2021-09-17T12:00,1,2021-09-17T12:00,1,2021-09-17T12:00,1,2021-09-17T12:00,,,1,2021-09-17T12:00,-999.0,0.0,49.0,0.0,0.0,nan,1345.190185546875,nan,87700.0,nan,3.282339096069336,263.0308532714844,279.2825622558594,284.7113952636719,286.8778381347656,290.48248291015625,5890.18798828125,3208.961669921875,1603.56298828125,223.42747497558594,286.168212890625,90.5999984741211,236.82318115234375,4524.64013671875,14300.0,0.0,0.0,20000.05859375,0.0,0.0,0.0,0.0,24134.970703125,0.0,0.0,263.0820007324219,279.0854797363281,284.52520751953125,286.0400695800781,291.0591735839844,5888.4501953125,3208.29296875,1606.3316650390625,896.5802612304688,236.49356079101562,287.95233154296875,74.80000305175781,80.4000015258789,263.8638610839844,4464.31982421875,19999.984375,40.0,0.0,0.0,24100.0,263.29998779296875,279.8999938964844,284.6000061035156,288.8999938964844,293.20001220703125,5891.1875,3207.14697265625,1602.8585205078125,889.472900390625,234.58006286621094,287.7400207519531,87.30000305175781,91.0,269.6000061035156,4594.39990234375,0.0,0.0,nan,56.0,0.0,0.0,2.0,14300.0,262.86376953125,279.23919677734375,284.012451171875,287.14642333984375,289.8135070800781,5890.017578125,3209.845703125,1605.8946533203125,895.1368408203125,229.04994201660156,287.8418273925781,89.82395935058594,85.41737365722656,168.97027587890625,4509.734375,0.0,0.0,,,,,,,,,,,,,,,,,,,,,,,,12.0,,,88888.0,808.0,209.0,50.0,51.0,,54.0,,54.0,,54.0,54.0,0.0,246.0,280.5400085449219,278.91998291015625,91.0,0.0,6.800000190734863,7.599999904632568
2021-09-17T12:54,2021-09-17T13:00,24,train,0,2021,9,12,25,2021-09-16T12:00,25,2021-09-16T12:00,25,2021-09-16T12:00,22,2021-09-16T15:00,,,24,2021-09-16T13:00,-999.0,0.0,0.0,0.0,0.0,nan,nan,nan,nan,nan,3.5264639854431152,262.2514343261719,279.0451965332031,284.46240234375,287.24871826171875,291.1729736328125,5882.04931640625,3206.3916015625,1604.1634521484375,224.12319946289062,285.6361083984375,74.5,212.2225341796875,4420.13525390625,22000.0,0.0,0.0,20000.126953125,0.0,0.0,0.0,0.0,24135.017578125,0.0,0.0,262.47344970703125,279.03759765625,285.1318664550781,286.1456604003906,291.0699768066406,5887.84228515625,3210.772705078125,1609.2618408203125,897.242431640625,237.0697479248047,287.9427185058594,76.30000305175781,80.80000305175781,243.48855590820312,4415.83984375,19999.99609375,7.0,0.0,0.0,24100.0,262.79998779296875,280.20001220703125,284.0,287.79998779296875,292.1000061035156,5888.17529296875,3204.298828125,1598.45068359375,887.0399780273438,231.14044189453125,286.1400146484375,87.4000015258789,86.0,227.67999267578125,4516.0,0.0,0.0,nan,6.0,0.0,0.0,0.0,20500.0,261.98907470703125,279.5929870605469,283.2686767578125,286.577880859375,289.6135559082031,5886.986328125,3210.528076171875,1607.6702880859375,898.9268798828125,233.10421752929688,287.33349609375,76.69129943847656,75.7410888671875,324.069091796875,4432.2490234375,0.0,0.0,,,,,,,,,,,,,,,,,,,,,,,,30.0,,,88888.0,1112.0,256.0,55.0,55.0,,57.0,,46.0,,49.0,52.0,4.0,266.0,280.52996826171875,280.0899963378906,98.0,2.0,6.800000190734863,7.599999904632568
2021-10-03T15:58,2021-10-03T16:00,1,train,0,2021,10,15,1,2021-10-03T15:00,4,2021-10-03T12:00,4,2021-10-03T12:00,1,2021-10-03T15:00,,,1,2021-10-03T15:00,-999.0,0.0,25.0,1.0,0.0,nan,1344.04150390625,nan,86500.0,nan,5.466344833374023,259.90594482421875,273.0358581542969,281.7503662109375,284.48846435546875,288.5104675292969,5699.8408203125,3067.072265625,1483.97802734375,122.30504608154297,283.57867431640625,91.9000015258789,403.95843505859375,3141.3798828125,14200.0,0.0,0.012000000104308128,785.3134765625,100.0,99.4000015258789,34.900001525878906,98.4000015258789,142.58120727539062,0.00011760000052163377,2.5,260.30999755859375,274.1246032714844,282.3699035644531,282.5129089355469,286.759521484375,5700.11865234375,3064.99609375,1478.994873046875,776.9102783203125,124.26887512207031,282.62420654296875,99.69999694824219,99.9000015258789,104.7680435180664,3267.679931640625,1268.769775390625,81.0,96.0,0.0,4300.0,259.6000061035156,274.29998779296875,280.8999938964844,284.29998779296875,288.6000061035156,5703.3046875,3069.357177734375,1480.298828125,778.8277587890625,130.34933471679688,282.1199951171875,98.0,100.0,344.79998779296875,3274.768310546875,0.001500000013038516,5.9375,947.8104858398438,96.0,1.0,89.0,96.0,12700.0,259.763671875,273.22161865234375,282.4189758300781,284.005859375,287.96087646484375,5700.2333984375,3071.041748046875,1485.2587890625,780.9747314453125,124.36793518066406,285.73419189453125,95.0,97.80747985839844,410.8791809082031,3081.521240234375,0.0,0.0,,,,,,,,,,,,,,,,,,,,,,,,97.0,,,0.0,0.0,209.0,80.0,94.0,,100.0,,68.0,,80.0,88.0,3.0,271.0,276.8699951171875,276.7699890136719,100.0,23.0,6.400000095367432,8.399999618530273
2021-09-17T12:54,2021-09-17T13:00,48,train,0,2021,9,12,43,2021-09-15T18:00,49,2021-09-15T12:00,37,2021-09-16T00:00,46,2021-09-15T15:00,,,36,2021-09-16T01:00,-999.0,0.0,39.0,0.0,0.0,nan,1344.74365234375,nan,87800.0,nan,4.585296630859375,261.815185546875,277.2336730957031,284.19830322265625,287.35650634765625,291.57025146484375,5876.876953125,3207.876953125,1607.98876953125,228.63864135742188,285.2547302246094,97.5999984741211,350.26629638671875,4331.09423828125,12200.0,0.0,35.540000915527344,1429.6484375,63.599998474121094,0.0,0.0,17.200000762939453,24134.91015625,0.0,0.0,262.1979675292969,278.382080078125,285.24786376953125,285.9832458496094,290.7721862792969,5882.52294921875,3204.399658203125,1605.93212890625,893.9595947265625,233.90797424316406,287.60589599609375,88.5,93.19999694824219,205.53277587890625,4471.2001953125,19999.9609375,36.0,0.0,0.0,0.0,262.79998779296875,278.20001220703125,285.0,288.3999938964844,292.70001220703125,5886.626953125,3207.806884765625,1600.8367919921875,887.9111328125,231.17971801757812,286.780029296875,99.80000305175781,100.0,311.20001220703125,4552.47998046875,9.999999747378752e-05,0.8125,nan,9.0,0.0,0.0,2.0,15500.0,261.2899169921875,278.1864929199219,283.767578125,286.566162109375,290.2073669433594,5869.322265625,3204.82568359375,1602.471923828125,893.40185546875,227.7477569580078,287.7917175292969,86.65856170654297,86.03890228271484,348.6050720214844,4262.39794921875,0.0,28.3125,,,,,,,,,,,,,,,,,,,,,,,,40.0,,,88888.0,104.0,256.0,70.0,70.0,,71.0,,52.0,,58.0,59.0,2.0,335.0,280.25,280.25,100.0,6.0,7.599999904632568,8.5
2021-10-03T15:58,2021-10-03T16:00,24,train,0,2021,10,15,22,2021-10-02T18:00,22,2021-10-02T18:00,22,2021-10-02T18:00,25,2021-10-02T15:00,,,24,2021-10-02T16:00,3554.199951171875,100.0,100.0,100.0,1.0,1344.41259765625,1344.26611328125,60100.0,86600.0,2300.180908203125,4.8333740234375,258.99627685546875,273.22308349609375,281.6351318359375,283.7378234863281,287.7027587890625,5702.74365234375,3077.08544921875,1493.4288330078125,132.83944702148438,283.3780822753906,100.0,422.9675598144531,3134.77490234375,100.0,0.0003000000142492354,14.029999732971191,785.300537109375,100.0,81.69999694824219,4.099999904632568,100.0,146.50531005859375,3.1200001103570685e-05,0.5,260.3629455566406,273.4310302734375,281.5423583984375,282.68267822265625,286.9531555175781,5708.5205078125,3073.2529296875,1490.09130859375,789.1425170898438,136.03736877441406,282.8161315917969,99.5,99.69999694824219,121.06585693359375,3131.679931640625,1305.88232421875,65.0,81.0,44.0,13600.0,260.3999938964844,273.0,282.6000061035156,285.8999938964844,290.20001220703125,5708.08447265625,3070.958251953125,1485.6602783203125,779.9511108398438,132.9722900390625,284.3399963378906,95.4000015258789,99.0,304.1600036621094,3028.328125,0.00019999999494757503,1.25,1072.634765625,100.0,100.0,0.0,83.0,4000.0,259.0398254394531,273.48974609375,281.6317443847656,283.2685546875,286.8724670410156,5702.2841796875,3073.587646484375,1490.1015625,787.4267578125,131.1278076171875,283.70184326171875,97.13680267333984,98.26679992675781,319.1546325683594,3142.0712890625,0.0004299999854993075,24.0,,,,,,,,,,,,,,,,,,,,,,,,97.0,,,32.0,32.0,201.0,89.0,90.0,,95.0,,68.0,,77.0,92.0,3.0,238.0,277.19000244140625,277.3500061035156,100.0,40.0,6.0,7.699999809265137
2021-10-03T15:58,2021-10-03T16:00,48,train,0,2021,10,15,46,2021-10-01T18:00,46,2021-10-01T18:00,46,2021-10-01T18:00,49,2021-10-01T15:00,,,36,2021-10-02T04:00,-999.0,0.0,100.0,100.0,49.0,1471.7325439453125,1344.1075439453125,63500.0,86600.0,4301.875,3.6250457763671875,259.6414489746094,274.0018310546875,281.25872802734375,283.4208679199219,287.14862060546875,5712.943359375,3082.490478515625,1497.058349609375,136.65708923339844,282.3505859375,95.69999694824219,245.59042358398438,3260.432861328125,8200.0,9.999999747378752e-05,30.8700008392334,785.6818237304688,100.0,94.9000015258789,100.0,82.69999694824219,111.83648681640625,2.8000000384054147e-05,0.5625,260.96026611328125,274.2631530761719,282.0096435546875,284.3917541503906,288.6855163574219,5716.7109375,3072.621826171875,1485.53564453125,781.2084350585938,124.1729965209961,284.52764892578125,99.69999694824219,99.69999694824219,113.16027069091797,3275.199951171875,1306.2606201171875,77.0,70.0,24.0,19100.0,260.20001220703125,274.70001220703125,282.1000061035156,286.5,290.79998779296875,5723.29248046875,3079.008544921875,1487.6072998046875,780.55419921875,132.13943481445312,284.80999755859375,94.80000305175781,99.0,347.44000244140625,3351.36083984375,9.999999747378752e-05,0.375,865.2760009765625,100.0,85.0,21.0,100.0,6000.62548828125,259.30487060546875,273.8709716796875,281.0262145996094,281.62042236328125,285.33489990234375,5712.490234375,3082.564453125,1498.306884765625,798.3477172851562,143.32177734375,282.022216796875,96.8030014038086,98.80909729003906,316.3596496582031,3225.098876953125,3.9999998989515007e-05,12.8125,,,,,,,,,,,,,,,,,,,,,,,,96.0,,,32.0,32.0,201.0,90.0,90.0,,95.0,,60.0,,71.0,84.0,4.0,256.0,276.9200134277344,276.58001708984375,100.0,18.0,6.0,8.0
2021-10-15T11:56,2021-10-15T12:00,1,train,0,2021,10,11,1,2021-10-15T11:00,6,2021-10-15T06:00,6,2021-10-15T06:00,1,2021-10-15T11:00,,,1,2021-10-15T11:00,-999.0,0.0,59.0,0.0,6.0,nan,1845.0335693359375,nan,81400.0,nan,3.8523354530334473,262.8893127441406,278.51849365234375,283.1600341796875,286.81689453125,290.89984130859375,5744.21484375,3077.373046875,1476.4739990234375,96.86771392822266,283.214111328125,86.30000305175781,115.6617431640625,4010.719970703125,15600.0,0.0,0.0,1066.1522216796875,37.900001525878906,100.0,100.0,59.900001525878906,1735.416259765625,0.0,0.0625,263.4202575683594,278.38861083984375,282.9072570800781,285.51446533203125,289.7737121582031,5746.0439453125,3081.762451171875,1481.5301513671875,773.8358154296875,115.25872039794922,285.52154541015625,95.69999694824219,95.19999694824219,59.173439025878906,3768.47998046875,19999.876953125,26.0,42.0,2.0,24100.0,263.8999938964844,279.3999938964844,282.70001220703125,287.5,291.79998779296875,5748.69921875,3080.206787109375,1480.803955078125,771.58544921875,115.60449981689453,283.9700012207031,90.0,87.0,305.2799987792969,3863.360107421875,0.0,0.125,nan,39.0,72.0,17.0,25.0,11500.0,262.746337890625,278.875732421875,283.27459716796875,286.4920654296875,290.2766418457031,5745.98388671875,3080.201904296875,1479.544921875,771.206787109375,102.57766723632812,285.12103271484375,89.29437255859375,87.18096160888672,103.78707885742188,3970.0,0.0,0.0,,,,,,,,,,,,,,,,,,,,,,,,67.0,,,0.0,0.0,209.0,84.0,84.0,,85.0,,73.0,,73.0,73.0,3.0,121.0,279.79998779296875,279.3699951171875,96.0,1.0,5.599999904632568,6.0
2021-10-15T11:56,2021-10-15T12:00,24,train,0,2021,10,11,24,2021-10-14T12:00,24,2021-10-14T12:00,24,2021-10-14T12:00,21,2021-10-14T15:00,,,24,2021-10-14T12:00,-999.0,0.0,100.0,2.0,100.0,1344.548095703125,1344.32373046875,85200.0,86500.0,9154.859375,3.568457841873169,261.80596923828125,277.9476623535156,282.56134033203125,286.29498291015625,290.4151611328125,5739.48828125,3082.056396484375,1482.8975830078125,105.41609191894531,283.26702880859375,100.0,291.06243896484375,3890.719970703125,100.0,0.0,0.3799999952316284,920.1802978515625,37.20000076293945,96.69999694824219,86.69999694824219,34.900001525878906,15607.537109375,0.0,0.0,263.2078857421875,277.59600830078125,282.8702087402344,285.6773986816406,289.9454345703125,5742.4306640625,3079.895751953125,1478.115478515625,770.2965698242188,111.4698715209961,285.6000061035156,95.69999694824219,95.5,80.83594512939453,3828.320068359375,5242.24072265625,45.0,70.0,9.0,24100.0,262.79998779296875,279.20001220703125,282.70001220703125,287.20001220703125,291.5,5743.0302734375,3077.377685546875,1470.86328125,762.1763916015625,104.28642272949219,283.9200134277344,93.80000305175781,92.0,223.36000061035156,3902.39990234375,0.0,0.25,1114.0762939453125,100.0,80.0,83.0,40.0,10500.0,261.31048583984375,279.0697937011719,282.2166748046875,286.492919921875,290.25439453125,5741.82177734375,3084.44775390625,1482.989013671875,775.3615112304688,106.99976348876953,285.9139709472656,92.18084716796875,93.20835876464844,169.1133270263672,3900.0,0.0,0.8125,,,,,,,,,,,,,,,,,,,,,,,,84.0,,,0.0,0.0,256.0,80.0,90.0,,100.0,,58.0,,59.0,65.0,1.0,118.0,279.8800048828125,279.6100158691406,97.0,14.0,6.0,6.400000095367432
2021-10-15T11:56,2021-10-15T12:00,48,train,0,2021,10,11,48,2021-10-13T12:00,48,2021-10-13T12:00,48,2021-10-13T12:00,45,2021-10-13T15:00,,,48,2021-10-13T12:00,-999.0,0.0,100.0,98.0,0.0,3158.786865234375,1344.2684326171875,63400.0,86500.0,4308.82568359375,2.495615005493164,262.32794189453125,276.02197265625,282.2281188964844,286.3211669921875,290.5281982421875,5736.001953125,3080.2392578125,1486.6864013671875,113.61309814453125,282.89166259765625,94.30000305175781,96.76151275634766,3629.60009765625,12300.0,0.0,0.49000000953674316,1331.000732421875,19.5,100.0,100.0,69.5,24135.16796875,0.0,0.0625,263.2805480957031,276.7677307128906,282.8343505859375,285.886474609375,290.1537170410156,5732.79443359375,3073.038818359375,1474.1695556640625,766.419921875,107.31053161621094,285.82940673828125,95.4000015258789,94.80000305175781,58.9898796081543,3640.639892578125,1196.9393310546875,65.0,30.0,8.0,0.0,263.20001220703125,277.20001220703125,282.3999938964844,286.79998779296875,291.1000061035156,5730.5673828125,3072.04052734375,1474.11767578125,766.0770263671875,108.5664291381836,284.04998779296875,99.5999984741211,100.0,108.4000015258789,3785.280029296875,0.0,0.3125,807.9918212890625,100.0,100.0,68.0,98.0,2800.0,261.9056396484375,276.3182373046875,281.85113525390625,285.6775207519531,289.6004638671875,5739.7646484375,3080.423095703125,1488.447509765625,782.5632934570312,117.21332550048828,285.0122375488281,96.43230438232422,97.68846130371094,215.51492309570312,3770.0,9.999999747378752e-06,0.25,,,,,,,,,,,,,,,,,,,,,,,,87.0,,,8.0,8.0,0.0,85.0,87.0,,89.0,,69.0,,69.0,71.0,6.0,133.0,279.989990234375,279.6199951171875,96.0,10.0,6.0,6.0
2021-10-27T15:54,2021-10-27T16:00,1,train,0,2021,10,15,1,2021-10-27T15:00,4,2021-10-27T12:00,4,2021-10-27T12:00,1,2021-10-27T15:00,,,1,2021-10-27T15:00,-999.0,100.0,100.0,0.0,71.0,1343.173828125,1343.157470703125,83500.0,86000.0,1890.624267578125,6.669426441192627,258.78314208984375,272.2714538574219,277.49041748046875,279.9390563964844,284.2572021484375,5609.4375,2991.814453125,1422.4434814453125,77.007568359375,274.8846740722656,100.0,335.1280517578125,2689.48095703125,100.0,0.0,0.027000000700354576,1788.2861328125,79.69999694824219,5.0,81.5999984741211,34.099998474121094,24135.01953125,0.0,0.0625,259.618408203125,272.3629150390625,276.42596435546875,278.7823486328125,282.9557189941406,5609.28955078125,2983.09326171875,1415.34716796875,727.5205688476562,84.7183609008789,278.47296142578125,83.19999694824219,80.30000305175781,344.7301940917969,2655.840087890625,19999.87890625,17.0,24.0,1.0,24100.0,260.29998779296875,272.5,274.1000061035156,275.29998779296875,279.3999938964844,5609.55078125,2983.354736328125,1415.457275390625,737.9347534179688,93.26768493652344,272.6199951171875,64.19999694824219,59.0,468.1600036621094,1099.52001953125,0.0,0.0625,1105.240966796875,71.0,33.0,66.0,70.0,14700.0,259.04718017578125,272.4858093261719,278.69915771484375,278.73760986328125,283.3027038574219,5610.6748046875,2992.713623046875,1420.56494140625,730.2603759765625,77.49581909179688,279.0506591796875,89.82508850097656,86.5842056274414,390.39691162109375,2860.0,0.0,0.0,,,,,,,,,,,,,,,,,,,,,,,,87.0,,,0.0,0.0,209.0,67.0,83.0,,96.0,,68.0,,68.0,68.0,0.0,388.0,271.30999755859375,269.6299743652344,88.0,3.0,15.199999809265137,17.799999237060547
2021-10-27T15:54,2021-10-27T16:00,24,train,0,2021,10,15,22,2021-10-26T18:00,22,2021-10-26T18:00,22,2021-10-26T18:00,25,2021-10-26T15:00,,,24,2021-10-26T16:00,-999.0,100.0,100.0,0.0,0.0,1343.0875244140625,1343.1064453125,69000.0,85900.0,3446.63818359375,5.615925312042236,258.8563537597656,272.8179016113281,277.09869384765625,279.3049621582031,283.53912353515625,5614.7783203125,2987.271728515625,1416.2294921875,70.10846710205078,274.4097595214844,100.0,367.057373046875,2706.2080078125,100.0,0.0,21.68000030517578,1348.24462890625,100.0,5.400000095367432,68.5,96.30000305175781,24134.849609375,2.2399999579647556e-05,0.125,259.89276123046875,271.27020263671875,276.7906188964844,277.24407958984375,281.38751220703125,5602.08740234375,2975.5078125,1407.033447265625,719.5325317382812,80.28277587890625,276.82110595703125,91.80000305175781,89.69999694824219,256.697021484375,2652.639892578125,19999.98828125,32.0,23.0,7.0,24100.0,259.0,272.8999938964844,276.5,276.1000061035156,280.20001220703125,5621.8203125,2994.809814453125,1420.1085205078125,739.6443481445312,96.24126434326172,272.6300048828125,89.5,88.0,424.6400146484375,1101.760009765625,0.0,0.9375,1075.7862548828125,59.0,0.0,3.0,59.0,14100.0,258.80389404296875,273.1102600097656,278.6913146972656,278.8279724121094,283.3070068359375,5615.47021484375,2991.98388671875,1415.9404296875,725.6895751953125,72.90653991699219,279.327880859375,91.50030517578125,87.77435302734375,398.9127502441406,3032.8115234375,0.0,24.625,,,,,,,,,,,,,,,,,,,,,,,,89.0,,,32.0,32.0,256.0,83.0,83.0,,89.0,,73.0,,76.0,87.0,0.0,341.0,270.8899841308594,270.40997314453125,95.0,12.0,15.199999809265137,18.200000762939453
2021-10-27T15:54,2021-10-27T16:00,48,train,0,2021,10,15,46,2021-10-25T18:00,46,2021-10-25T18:00,46,2021-10-25T18:00,49,2021-10-25T15:00,,,36,2021-10-26T04:00,6071.0,100.0,100.0,13.0,0.0,1342.9578857421875,1342.8900146484375,39600.0,86000.0,3107.729248046875,5.987357139587402,258.27972412109375,272.8953857421875,277.413330078125,278.3854064941406,282.5619201660156,5613.93701171875,2992.196533203125,1420.1280517578125,76.64810180664062,273.1445617675781,99.80000305175781,334.6941223144531,1319.3717041015625,0.0,0.0010999999940395355,55.810001373291016,8719.8466796875,3.200000047683716,0.0,100.0,26.5,24135.146484375,0.0,0.0,260.1268310546875,271.6252746582031,277.2716064453125,279.7250671386719,283.9214782714844,5601.154296875,2977.693359375,1412.847412109375,723.332275390625,78.44636535644531,279.6327819824219,76.30000305175781,71.19999694824219,328.3397216796875,2594.239990234375,1776.7886962890625,38.0,4.0,86.0,1600.0,260.70001220703125,272.0,272.79998779296875,273.5,277.6000061035156,5604.97314453125,2976.015380859375,1406.5841064453125,732.6760864257812,86.4312973022461,270.52001953125,74.5999984741211,71.0,373.5199890136719,777.280029296875,0.0006000000284984708,0.6875,1517.77880859375,100.0,48.0,100.0,34.0,14500.0,258.7962646484375,272.8143615722656,278.36456298828125,276.85284423828125,281.3456115722656,5619.54833984375,2990.06103515625,1416.956298828125,729.8849487304688,78.33529663085938,277.1237487792969,90.56202697753906,87.9688720703125,392.18951416015625,2916.37158203125,9.999999747378752e-06,26.4375,,,,,,,,,,,,,,,,,,,,,,,,73.0,,,32.0,32.0,256.0,45.0,47.0,,50.0,,46.0,,47.0,51.0,0.0,337.0,271.44000244140625,270.3999938964844,95.0,48.0,14.399999618530273,17.799999237060547
2021-11-19T11:53,2021-11-19T12:00,1,train,0,2021,11,11,1,2021-11-19T11:00,6,2021-11-19T06:00,6,2021-11-19T06:00,1,2021-11-19T11:00,,,1,2021-11-19T11:00,-999.0,28.0,32.0,0.0,0.0,nan,1341.84912109375,nan,85800.0,nan,8.074968338012695,247.5914306640625,257.33294677734375,265.94140625,271.7001953125,275.8624267578125,5392.5234375,2903.948486328125,1419.19970703125,127.67125701904297,266.8094482421875,87.5,636.3406982421875,333.1199951171875,14600.0,0.0,0.0,1177.1378173828125,76.30000305175781,0.0,0.0,81.80000305175781,7099.18359375,1.4399999599845614e-05,0.625,246.96255493164062,258.0826416015625,265.4111633300781,270.4626159667969,274.5022277832031,5386.3720703125,2891.45166015625,1406.9093017578125,741.8636474609375,118.97490692138672,270.0137023925781,90.9000015258789,87.80000305175781,476.83978271484375,294.55999755859375,19999.80078125,31.0,0.0,0.0,100.0,248.5,260.29998779296875,265.70001220703125,270.5,274.5,5407.24609375,2894.563232421875,1404.20166015625,739.3392944335938,112.05496215820312,267.9599914550781,98.80000305175781,100.0,732.7999877929688,383.0400085449219,0.001500000013038516,0.4375,1341.7921142578125,88.0,0.0,0.0,87.0,18700.0,247.09707641601562,257.228759765625,265.54864501953125,271.3749694824219,275.669921875,5383.2294921875,2898.37841796875,1413.61962890625,748.5317993164062,123.80109405517578,271.1959228515625,81.0550537109375,75.00373840332031,843.33349609375,460.0,0.0,0.0,,,,,,,,,,,,,,,,,,,,,,,,72.0,,,0.0,0.0,256.0,63.0,73.0,,75.0,,62.0,,62.0,62.0,13.0,593.0,264.6199951171875,263.4700012207031,89.0,4.0,15.199999809265137,16.899999618530273
2021-11-19T11:53,2021-11-19T12:00,24,train,0,2021,11,11,24,2021-11-18T12:00,24,2021-11-18T12:00,24,2021-11-18T12:00,21,2021-11-18T15:00,,,24,2021-11-18T12:00,-999.0,25.0,51.0,0.0,0.0,nan,1341.8154296875,nan,85600.0,nan,10.024420738220215,248.18670654296875,258.1370849609375,265.74932861328125,271.16851806640625,275.31280517578125,5390.0712890625,2891.3154296875,1404.69482421875,114.73811340332031,265.8963317871094,90.0,478.2562561035156,194.8000030517578,12700.0,0.0,13.050000190734863,1228.328125,77.0,0.0,0.0,38.70000076293945,5067.6748046875,6.799999937356915e-06,0.75,247.82142639160156,260.0220642089844,265.0662841796875,269.82061767578125,273.85467529296875,5396.72705078125,2892.09326171875,1402.839599609375,739.1488037109375,117.8075942993164,269.350830078125,90.30000305175781,87.69999694824219,486.45965576171875,191.1999969482422,19999.921875,39.0,0.0,0.0,100.0,247.8000030517578,261.6000061035156,265.1000061035156,270.0,274.1000061035156,5404.50439453125,2889.012451171875,1399.2802734375,735.605224609375,110.02729797363281,268.21002197265625,98.5,100.0,730.719970703125,420.4800109863281,0.0008999999845400453,4.5,1421.5494384765625,98.0,0.0,0.0,98.0,16700.0,247.09840393066406,255.60415649414062,265.5664367675781,271.2827453613281,275.7369079589844,5378.322265625,2891.354248046875,1412.230712890625,747.206787109375,123.7744140625,271.12939453125,83.77693176269531,80.29119110107422,928.7760009765625,450.0,0.0,8.6875,,,,,,,,,,,,,,,,,,,,,,,,65.0,,,0.0,0.0,201.0,61.0,67.0,,73.0,,72.0,,80.0,88.0,6.0,485.0,264.3699951171875,263.05999755859375,91.0,5.0,14.800000190734863,16.5
2021-12-10T23:56,2021-12-11T00:00,1,train,0,2021,12,23,1,2021-12-10T23:00,6,2021-12-10T18:00,6,2021-12-10T18:00,1,2021-12-10T23:00,,,1,2021-12-10T23:00,-999.0,0.0,2.0,5.0,4.0,nan,1342.482666015625,nan,86300.0,nan,7.226312160491943,252.64654541015625,269.75946044921875,271.7835998535156,273.409912109375,276.6922912597656,5583.310546875,3012.03955078125,1468.5662841796875,150.82418823242188,270.5518798828125,79.80000305175781,152.32839965820312,904.3200073242188,17100.0,0.0,0.0,19999.8671875,18.100000381469727,31.899999618530273,93.19999694824219,85.5999984741211,15717.6845703125,0.0,0.0625,252.86962890625,269.6767883300781,272.447509765625,267.66009521484375,271.0956115722656,5590.2900390625,3015.489990234375,1473.30908203125,799.0657958984375,183.97801208496094,266.8524475097656,96.5,93.30000305175781,21.994020462036133,0.0,19999.87890625,26.0,13.0,8.0,3000.0,251.89999389648438,270.29998779296875,271.20001220703125,275.20001220703125,279.29998779296875,5588.7021484375,3017.314208984375,1467.361328125,789.9615478515625,176.0866241455078,272.70001220703125,97.4000015258789,100.0,375.5199890136719,1112.1600341796875,0.0003000000142492354,1.625,nan,80.0,17.0,39.0,0.0,18300.0,252.87112426757812,269.72015380859375,270.71514892578125,273.1496276855469,275.28399658203125,5583.89013671875,3012.830078125,1471.4293212890625,796.453369140625,159.7296600341797,270.4427490234375,75.23795318603516,79.17152404785156,144.07626342773438,340.0,0.0,0.0,,,,,,,,,,,,,,,,,,,,,,,,79.0,,,0.0,0.0,209.0,66.0,80.0,,86.0,,72.0,,72.0,72.0,0.0,132.0,265.0899963378906,263.65997314453125,89.0,4.0,11.600000381469727,12.5
2021-11-19T11:53,2021-11-19T12:00,48,train,0,2021,11,11,48,2021-11-17T12:00,48,2021-11-17T12:00,48,2021-11-17T12:00,45,2021-11-17T15:00,,,48,2021-11-17T12:00,-999.0,0.0,15.0,0.0,0.0,nan,1341.598388671875,nan,85500.0,nan,11.911165237426758,247.8434600830078,259.41888427734375,265.50390625,270.2977600097656,274.4229431152344,5389.2900390625,2889.25146484375,1398.23486328125,108.82078552246094,264.44793701171875,87.0,291.4444274902344,0.0,13000.0,0.0,17.579999923706055,1359.927734375,66.19999694824219,0.0,0.0,69.0999984741211,19287.990234375,8.000000093488779e-07,1.0625,249.3856201171875,261.96636962890625,264.8614196777344,269.0471496582031,273.05963134765625,5405.92236328125,2890.91357421875,1397.623046875,734.7169799804688,115.19243621826172,268.5209655761719,92.0999984741211,89.80000305175781,385.6726379394531,64.0,19999.818359375,43.0,0.0,0.0,0.0,247.0,261.29998779296875,263.6000061035156,268.3999938964844,272.3999938964844,5382.20751953125,2876.240478515625,1379.15234375,719.5733032226562,97.32083892822266,266.34002685546875,98.19999694824219,100.0,547.280029296875,134.0800018310547,0.0006000000284984708,3.125,1216.4931640625,100.0,0.0,0.0,100.0,15400.0,246.54010009765625,257.9278564453125,265.2807312011719,270.51934814453125,274.84063720703125,5379.009765625,2886.048828125,1399.6484375,736.12744140625,111.6499252319336,269.7590026855469,85.6709976196289,83.22476959228516,611.1640014648438,240.0,0.0,14.5625,,,,,,,,,,,,,,,,,,,,,,,,70.0,,,136.0,32.0,8960.0,67.0,67.0,,68.0,,41.0,,41.0,41.0,14.0,600.0,265.5099792480469,263.78997802734375,86.0,66.0,14.800000190734863,16.899999618530273
2021-12-10T23:56,2021-12-11T00:00,24,train,0,2021,12,23,24,2021-12-10T00:00,24,2021-12-10T00:00,24,2021-12-10T00:00,21,2021-12-10T03:00,,,24,2021-12-10T00:00,-999.0,0.0,1.0,38.0,67.0,nan,6841.4951171875,nan,42100.0,nan,7.527997970581055,252.8188934326172,269.4012451171875,271.9400329589844,274.0433654785156,277.46478271484375,5584.9384765625,3014.84619140625,1472.9398193359375,153.5321044921875,270.15374755859375,77.80000305175781,174.04420471191406,842.8800048828125,18500.0,0.0,1.4299999475479126,19999.86328125,8.5,14.899999618530273,97.0999984741211,68.5999984741211,24134.9140625,0.0,0.0,252.8562469482422,269.9093017578125,272.4150085449219,268.4164123535156,271.79949951171875,5593.4736328125,3017.181396484375,1474.3450927734375,799.345947265625,182.6485137939453,267.5106506347656,94.30000305175781,90.30000305175781,23.028732299804688,8.960000038146973,20000.14453125,30.0,35.0,16.0,24100.0,252.6999969482422,269.8999938964844,271.8999938964844,274.6000061035156,278.70001220703125,5584.66796875,3015.067138671875,1462.3031005859375,786.0515747070312,170.4176788330078,271.489990234375,92.69999694824219,94.0,332.4800109863281,925.1199951171875,0.0,0.75,nan,3.0,14.0,100.0,1.0,16200.0,252.72894287109375,268.619140625,272.162109375,273.362548828125,275.9359436035156,5574.7744140625,3009.01171875,1467.1600341796875,790.60693359375,152.953125,269.430908203125,73.42826843261719,82.11038208007812,301.281494140625,210.0,0.0,0.5625,,,,,,,,,,,,,,,,,,,,,,,,75.0,,,0.0,0.0,201.0,79.0,79.0,,79.0,,53.0,,53.0,53.0,0.0,119.0,265.5899963378906,263.489990234375,85.0,3.0,11.199999809265137,11.399999618530273
2021-12-10T23:56,2021-12-11T00:00,48,train,0,2021,12,23,48,2021-12-09T00:00,48,2021-12-09T00:00,48,2021-12-09T00:00,45,2021-12-09T03:00,,,48,2021-12-09T00:00,-999.0,0.0,100.0,100.0,100.0,1342.761962890625,1342.5283203125,85000.0,86200.0,10695.44140625,7.1577911376953125,252.21282958984375,269.83245849609375,271.7476501464844,274.842529296875,278.3651428222656,5578.712890625,3005.3857421875,1466.456298828125,143.6451873779297,271.2911682128906,95.5999984741211,245.6854248046875,1020.0,200.0,0.0,6.25,5314.28564453125,49.400001525878906,84.0999984741211,49.5,72.5999984741211,24134.974609375,0.0,0.0625,253.5751495361328,270.6534118652344,272.52813720703125,270.21978759765625,274.0456237792969,5594.85107421875,3013.86962890625,1469.0238037109375,792.45849609375,170.5526885986328,269.8716125488281,92.4000015258789,89.9000015258789,41.024757385253906,272.0,20000.078125,25.0,15.0,0.0,24100.0,252.89999389648438,271.0,271.29998779296875,273.1000061035156,277.20001220703125,5579.24462890625,3002.899658203125,1453.3759765625,780.6458740234375,161.6248016357422,270.239990234375,91.0,91.0,174.8800048828125,733.760009765625,0.0,0.25,nan,64.0,100.0,100.0,35.0,14100.0,252.80413818359375,270.0690612792969,272.08966064453125,274.1033935546875,276.6427001953125,5575.8291015625,3000.798095703125,1460.151123046875,782.1158447265625,142.09344482421875,271.38372802734375,82.45382690429688,89.68436431884766,212.41049194335938,490.0,0.0,3.8125,,,,,,,,,,,,,,,,,,,,,,,,76.0,,,128.0,32.0,9856.0,95.0,95.0,,96.0,,58.0,,58.0,58.0,0.0,121.0,263.7300109863281,261.989990234375,88.0,9.0,11.199999809265137,11.199999809265137
2021-12-28T03:57,2021-12-28T04:00,1,train,0,2021,12,3,1,2021-12-28T03:00,4,2021-12-28T00:00,4,2021-12-28T00:00,1,2021-12-28T03:00,,,1,2021-12-28T03:00,-999.0,0.0,0.0,100.0,100.0,7348.30322265625,1418.156982421875,32300.0,84700.0,9229.6884765625,6.249671459197998,249.50848388671875,262.9013671875,269.19805908203125,269.78814697265625,273.5630798339844,5427.4560546875,2897.64794921875,1380.75439453125,83.1861343383789,265.6298828125,64.5999984741211,137.6861114501953,155.60000610351562,26500.0,0.0,0.0,6318.54296875,32.099998474121094,100.0,100.0,49.900001525878906,9829.2314453125,0.0,0.0,249.4999237060547,262.42156982421875,268.7604064941406,267.0350646972656,271.0336608886719,5428.90771484375,2894.274169921875,1379.1297607421875,715.3062133789062,100.49410247802734,266.4945373535156,95.9000015258789,95.5999984741211,67.63806915283203,0.0,1195.5577392578125,38.0,100.0,100.0,900.0,249.10000610351562,263.0,266.29998779296875,268.0,272.0,5428.529296875,2896.494384765625,1378.528564453125,718.6464233398438,101.46804809570312,265.010009765625,98.30000305175781,100.0,134.55999755859375,0.0,0.0,0.0,6636.1220703125,25.0,100.0,100.0,25.0,16100.0,249.18380737304688,262.4385070800781,269.40179443359375,268.9126892089844,272.2823486328125,5422.6201171875,2894.461181640625,1379.150146484375,712.9197998046875,85.18138122558594,264.907958984375,67.32617950439453,81.63787078857422,92.07429504394531,0.0,0.0,0.0,,,,,,,,,,,,,,,,,,,,,,,,91.0,,,32.0,32.0,16274.0,20.0,20.0,,30.0,,6.0,,6.0,6.0,0.0,138.0,262.4599914550781,259.8800048828125,82.0,2.0,11.199999809265137,11.300000190734863
2021-12-28T03:57,2021-12-28T04:00,24,train,0,2021,12,3,22,2021-12-27T06:00,22,2021-12-27T06:00,22,2021-12-27T06:00,25,2021-12-27T03:00,,,24,2021-12-27T04:00,-999.0,0.0,100.0,100.0,100.0,2818.474365234375,2873.973388671875,34500.0,70300.0,8792.888671875,6.577718734741211,248.70953369140625,262.5343322753906,268.4078369140625,269.68408203125,273.4959411621094,5426.5810546875,2898.60791015625,1384.79541015625,88.18902587890625,265.93365478515625,66.19999694824219,146.952880859375,194.0,25900.0,0.0,0.012000000104308128,1395.6651611328125,91.30000305175781,100.0,28.0,40.599998474121094,6206.72705078125,0.0,0.0,248.9501953125,262.4442138671875,269.0227966308594,267.3370056152344,271.3285827636719,5434.50634765625,2902.2236328125,1384.9521484375,720.1050415039062,104.55792999267578,266.7955017089844,97.9000015258789,98.0999984741211,49.68330001831055,0.0,2406.302734375,86.0,100.0,76.0,24100.0,249.5,263.1000061035156,268.0,269.1000061035156,273.1000061035156,5426.09765625,2892.763427734375,1376.7962646484375,714.235107421875,99.24899291992188,266.3399963378906,73.9000015258789,75.0,207.27999877929688,132.9600067138672,0.0,0.0,7075.72607421875,17.0,100.0,100.0,1.0,19500.0,249.1417236328125,263.8849182128906,268.8226318359375,268.49798583984375,271.58026123046875,5430.904296875,2899.244140625,1381.712890625,716.7450561523438,88.49681091308594,265.7152099609375,73.39464569091797,75.00727844238281,145.7660369873047,0.0,0.0,0.1875,,,,,,,,,,,,,,,,,,,,,,,,87.0,,,30.0,32.0,201.0,19.0,19.0,,28.0,,49.0,,49.0,49.0,0.0,126.0,262.489990234375,259.6499938964844,82.0,1.0,11.600000381469727,11.699999809265137
2022-01-08T02:57,2022-01-08T03:00,1,train,0,2022,1,2,1,2022-01-08T02:00,3,2022-01-08T00:00,3,2022-01-08T00:00,1,2022-01-08T02:00,,,1,2022-01-08T02:00,-999.0,0.0,100.0,100.0,0.0,1340.5008544921875,1340.3232421875,48700.0,85100.0,6334.46533203125,13.953817367553711,234.37118530273438,253.72708129882812,257.5799560546875,261.19732666015625,265.2149963378906,5218.2587890625,2810.205078125,1355.9700927734375,103.59353637695312,256.03228759765625,83.4000015258789,266.4625549316406,0.0,100.0,0.0,0.16500000655651093,784.73876953125,82.80000305175781,98.0,0.0,100.0,223.59860229492188,4.479999915929511e-05,0.5,234.48907470703125,254.63719177246094,255.10369873046875,260.3145446777344,264.2142639160156,5212.8203125,2801.314697265625,1350.4415283203125,712.8587646484375,113.94538879394531,259.9891357421875,90.0,89.19999694824219,673.0753173828125,0.0,19999.935546875,44.0,50.0,0.0,0.0,234.60000610351562,255.89999389648438,254.3000030517578,258.8999938964844,262.79998779296875,5214.6796875,2799.091796875,1341.993896484375,706.2423706054688,102.50651550292969,256.4599914550781,97.4000015258789,100.0,431.760009765625,0.0,0.00019999999494757503,2.25,804.253662109375,100.0,52.0,0.0,100.0,4100.0,234.59803771972656,253.48928833007812,257.50787353515625,260.7170104980469,264.87298583984375,5213.2421875,2806.751708984375,1353.260498046875,712.3341064453125,104.582275390625,259.99493408203125,85.42205047607422,86.07563018798828,450.39910888671875,0.0,2.9999999242136255e-05,0.1875,,,,,,,,,,,,,,,,,,,,,,,,89.0,,,0.0,0.0,209.0,89.0,96.0,,100.0,,87.0,,87.0,88.0,1.0,422.0,254.5500030517578,253.2100067138672,90.0,10.0,18.799999237060547,20.5
2021-12-28T03:57,2021-12-28T04:00,48,train,0,2021,12,3,46,2021-12-26T06:00,46,2021-12-26T06:00,46,2021-12-26T06:00,49,2021-12-26T03:00,,,36,2021-12-26T16:00,-999.0,0.0,8.0,100.0,100.0,7238.67431640625,3172.357666015625,45400.0,67700.0,8801.603515625,6.8780131340026855,249.97409057617188,263.4361267089844,269.8050537109375,270.95062255859375,274.4593200683594,5445.2158203125,2906.83447265625,1391.1688232421875,90.90927124023438,266.6602783203125,28.5,152.91259765625,310.0799865722656,66400.0,0.0,1.340000033378601,861.4693603515625,47.099998474121094,100.0,100.0,21.899999618530273,10043.923828125,0.0,0.0,249.92999267578125,263.02081298828125,270.96136474609375,267.0926208496094,271.03094482421875,5469.23388671875,2933.5458984375,1409.7095947265625,740.1473388671875,125.33019256591797,266.4030456542969,96.5,95.4000015258789,24.800716400146484,0.0,2276.256591796875,61.0,42.0,22.0,24100.0,250.89999389648438,265.0,271.1000061035156,272.5,276.6000061035156,5465.275390625,2910.933349609375,1389.2119140625,718.5335693359375,102.97277069091797,268.5799865722656,63.900001525878906,45.0,172.9600067138672,478.239990234375,0.0,0.0,2855.861328125,100.0,100.0,56.0,0.0,23626.3515625,249.29225158691406,264.42388916015625,267.2069396972656,268.276611328125,271.22381591796875,5433.06982421875,2891.83154296875,1382.7144775390625,719.115234375,90.68476104736328,266.7240905761719,66.41839599609375,58.63671875,244.6988525390625,0.0,0.0,9.5,,,,,,,,,,,,,,,,,,,,,,,,84.0,,,30.0,32.0,457.0,7.0,7.0,,18.0,,48.0,,48.0,50.0,0.0,107.0,263.1199951171875,256.7200012207031,61.0,1.0,11.199999809265137,11.600000381469727
2022-01-08T02:57,2022-01-08T03:00,24,train,0,2022,1,2,21,2022-01-07T06:00,21,2022-01-07T06:00,21,2022-01-07T06:00,24,2022-01-07T03:00,,,24,2022-01-07T03:00,-999.0,0.0,100.0,100.0,0.0,4551.34716796875,1340.0391845703125,45300.0,85100.0,6274.52685546875,12.784280776977539,234.3250732421875,252.11019897460938,257.0849609375,259.6007080078125,263.4728698730469,5202.09912109375,2799.61767578125,1351.0206298828125,103.17149353027344,254.51922607421875,81.0,232.5071563720703,0.0,12200.0,0.0,7.03000020980835,784.6195678710938,81.30000305175781,25.399999618530273,0.0,100.0,203.16339111328125,5.4799998906673864e-05,0.5,234.08546447753906,254.31640625,256.1155700683594,261.2279052734375,265.1391296386719,5204.1689453125,2795.332275390625,1344.537841796875,704.1355590820312,103.04113006591797,260.77789306640625,91.0999984741211,90.0999984741211,749.7088623046875,0.0,1195.0325927734375,58.0,24.0,0.0,0.0,235.1999969482422,256.6000061035156,254.89999389648438,259.5,263.3999938964844,5224.59228515625,2805.043701171875,1337.752197265625,700.5270385742188,95.4453125,257.2200012207031,97.0999984741211,100.0,389.760009765625,0.0,0.0005000000237487257,4.8125,821.567626953125,100.0,15.0,0.0,100.0,3400.0,234.3417205810547,251.76380920410156,256.0766906738281,256.8253173828125,260.8018798828125,5191.02685546875,2796.971435546875,1347.2894287109375,713.0680541992188,110.6072998046875,255.9377899169922,84.80606079101562,92.30493927001953,395.5860900878906,0.0,9.999999747378752e-06,6.125,,,,,,,,,,,,,,,,,,,,,,,,85.0,,,32.0,32.0,201.0,76.0,76.0,,80.0,,64.0,,69.0,70.0,1.0,376.0,254.27999877929688,252.97000122070312,89.0,15.0,18.799999237060547,20.5
2022-01-08T02:57,2022-01-08T03:00,48,train,0,2022,1,2,45,2022-01-06T06:00,45,2022-01-06T06:00,45,2022-01-06T06:00,48,2022-01-06T03:00,,,45,2022-01-06T06:00,-999.0,0.0,100.0,100.0,0.0,1340.3564453125,1340.1976318359375,48600.0,84900.0,6231.484375,12.232743263244629,235.93353271484375,253.2644805908203,257.34320068359375,260.2440490722656,264.1964111328125,5202.44677734375,2785.13916015625,1333.27783203125,82.03703308105469,255.35629272460938,84.0999984741211,272.4816589355469,0.0,100.0,0.0,4.96999979019165,784.5198974609375,81.4000015258789,99.30000305175781,0.0,100.0,221.87269592285156,5.360000068321824e-05,0.625,234.70233154296875,254.0843963623047,255.43247985839844,260.3042907714844,264.2001037597656,5196.6201171875,2781.350341796875,1331.1148681640625,692.9592895507812,94.06179809570312,259.7991638183594,91.4000015258789,90.5,677.16796875,0.0,1194.932861328125,57.0,6.0,0.0,0.0,234.8000030517578,255.10000610351562,253.60000610351562,258.1000061035156,262.0,5201.8984375,2790.566650390625,1328.1292724609375,694.3252563476562,92.37422180175781,256.0400085449219,96.9000015258789,100.0,346.7200012207031,0.0,0.0007999999797903001,5.25,886.190185546875,100.0,0.0,0.0,100.0,9900.0,235.82955932617188,252.73654174804688,255.23829650878906,257.243896484375,261.2861328125,5188.3525390625,2778.732421875,1331.1785888671875,697.6876220703125,94.27239990234375,256.37677001953125,84.07009887695312,89.45066833496094,417.978271484375,0.0,9.999999747378752e-06,5.6875,,,,,,,,,,,,,,,,,,,,,,,,84.0,,,136.0,24.0,9640.0,79.0,82.0,,86.0,,65.0,,65.0,65.0,2.0,543.0,254.87997436523438,252.9399871826172,86.0,0.0,18.399999618530273,20.600000381469727
2022-01-16T00:54,2022-01-16T01:00,1,holdout_baserate,0,2022,1,0,1,2022-01-16T00:00,1,2022-01-16T00:00,1,2022-01-16T00:00,1,2022-01-16T00:00,,,1,2022-01-16T00:00,-999.0,0.0,0.0,0.0,0.0,nan,nan,nan,nan,nan,13.431234359741211,240.0072784423828,253.099609375,255.7152099609375,254.26278686523438,257.78509521484375,5284.51171875,2860.0830078125,1409.004638671875,177.07003784179688,252.84156799316406,27.600000381469727,222.32289123535156,0.0,67900.0,0.0,0.0,19999.724609375,0.6000000238418579,0.0,0.0,5.199999809265137,24134.794921875,0.0,0.0,240.57203674316406,252.5445098876953,255.91322326660156,249.97793579101562,253.7531280517578,5287.09521484375,2863.16796875,1417.6851806640625,790.7022705078125,215.76995849609375,250.09368896484375,80.30000305175781,79.0,151.94578552246094,0.0,19999.982421875,14.0,0.0,0.0,24100.0,239.89999389648438,253.10000610351562,256.8999938964844,255.89999389648438,259.79998779296875,5285.78271484375,2858.7412109375,1409.6590576171875,780.874267578125,207.69337463378906,250.35000610351562,49.5,32.0,271.44000244140625,0.0,0.0,0.0,nan,10.0,0.0,0.0,10.0,28800.0,239.53619384765625,253.02967834472656,257.88153076171875,251.2769775390625,253.7837371826172,5291.9638671875,2869.760986328125,1417.527099609375,785.5811767578125,192.86289978027344,248.5354766845703,61.502288818359375,51.95100021362305,236.04425048828125,0.0,0.0,0.0,,,,,,,,,,,,,,,,,,,,,,,,12.0,,,88888.0,5808.0,16274.0,4.0,4.0,,5.0,,8.0,,8.0,10.0,0.0,159.0,248.11001586914062,239.9600067138672,48.0,0.0,17.600000381469727,19.200000762939453
2022-01-16T00:54,2022-01-16T01:00,24,holdout_baserate,0,2022,1,0,25,2022-01-15T00:00,25,2022-01-15T00:00,25,2022-01-15T00:00,22,2022-01-15T03:00,,,24,2022-01-15T01:00,-999.0,0.0,0.0,0.0,0.0,nan,nan,nan,nan,nan,11.78411865234375,239.1300048828125,252.11106872558594,255.29122924804688,254.4674072265625,258.0964050292969,5288.8125,2870.76513671875,1423.6656494140625,192.24105834960938,252.556640625,28.600000381469727,219.75338745117188,0.0,66300.0,0.0,0.0,20000.04296875,4.099999904632568,0.0,0.6000000238418579,5.300000190734863,24134.900390625,0.0,0.0,239.68357849121094,253.3357391357422,255.70175170898438,250.7552947998047,254.54568481445312,5289.71044921875,2863.41943359375,1414.5404052734375,787.65234375,210.9218292236328,250.91378784179688,84.5999984741211,83.80000305175781,164.45547485351562,0.0,19999.84375,13.0,0.0,0.0,24100.0,238.6999969482422,254.8000030517578,257.29998779296875,255.1999969482422,259.0,5294.115234375,2862.561767578125,1406.0628662109375,777.45556640625,203.58749389648438,251.74000549316406,41.20000076293945,35.0,310.32000732421875,0.0,0.0,0.0,nan,58.0,0.0,0.0,58.0,19300.0,239.42807006835938,251.9205322265625,256.47369384765625,250.3009033203125,252.75828552246094,5286.74658203125,2869.920654296875,1423.921630859375,795.1175537109375,203.81253051757812,246.241943359375,64.84831237792969,66.03079223632812,280.1513366699219,0.0,0.0,0.0,,,,,,,,,,,,,,,,,,,,,,,,11.0,,,88886.0,6024.0,457.0,5.0,5.0,,10.0,,43.0,,43.0,43.0,0.0,163.0,247.58999633789062,240.26998901367188,51.0,1.0,17.600000381469727,19.299999237060547
2022-01-16T00:54,2022-01-16T01:00,48,holdout_baserate,0,2022,1,0,43,2022-01-14T06:00,49,2022-01-14T00:00,49,2022-01-14T00:00,46,2022-01-14T03:00,,,36,2022-01-14T13:00,-999.0,0.0,0.0,0.0,0.0,nan,nan,nan,nan,nan,11.773479461669922,236.80874633789062,252.9267578125,254.20590209960938,252.98690795898438,256.6282958984375,5268.1875,2855.73974609375,1407.7147216796875,180.2073211669922,251.40223693847656,33.20000076293945,225.28013610839844,0.0,59400.0,0.0,0.0,19999.892578125,4.099999904632568,0.0,0.0,5.5,24134.9765625,0.0,0.0,240.09877014160156,253.6195831298828,254.39991760253906,250.4853973388672,254.2760009765625,5277.87841796875,2844.010009765625,1397.8118896484375,774.3803100585938,198.2245330810547,250.55026245117188,87.0999984741211,86.80000305175781,199.54730224609375,0.0,19999.912109375,23.0,0.0,0.0,24100.0,239.10000610351562,253.6999969482422,255.0,252.8000030517578,256.5,5265.7548828125,2830.74462890625,1381.7625732421875,758.6160888671875,183.30068969726562,248.92999267578125,53.70000076293945,48.0,346.55999755859375,0.0,0.0,0.0,nan,81.0,0.0,0.0,81.0,12600.0,236.59994506835938,251.49758911132812,256.34454345703125,248.6991729736328,251.18679809570312,5263.77783203125,2856.9677734375,1410.444091796875,783.6597900390625,194.1375732421875,245.17210388183594,68.25042724609375,75.82209777832031,296.5237121582031,0.0,0.0,0.1875,,,,,,,,,,,,,,,,,,,,,,,,22.0,,,88888.0,88888.0,384.0,15.0,15.0,,15.0,,48.0,,48.0,49.0,0.0,174.0,245.8100128173828,240.3100128173828,61.0,1.0,16.399999618530273,18.0
2022-01-25T06:55,2022-01-25T07:00,1,holdout_baserate,0,2022,1,6,1,2022-01-25T06:00,1,2022-01-25T06:00,1,2022-01-25T06:00,1,2022-01-25T06:00,,,1,2022-01-25T06:00,-999.0,0.0,88.0,100.0,0.0,1341.10498046875,1341.009765625,71000.0,85000.0,1828.6328125,8.978761672973633,242.97683715820312,255.04190063476562,261.01934814453125,264.64044189453125,268.4013671875,5272.42919921875,2807.5888671875,1343.8958740234375,77.63627624511719,259.7791748046875,81.9000015258789,313.9721984863281,0.0,800.0,9.999999747378752e-05,0.2680000066757202,784.7708129882812,100.0,100.0,0.0,95.0,175.09901428222656,5.919999966863543e-05,0.25,243.1578369140625,254.57423400878906,260.3409118652344,262.7217712402344,266.647705078125,5280.1767578125,2808.003662109375,1346.9622802734375,699.4703369140625,94.8799057006836,262.28192138671875,93.9000015258789,93.9000015258789,153.61412048339844,0.0,1640.926513671875,81.0,76.0,0.0,3600.0,243.8000030517578,254.89999389648438,258.79998779296875,262.5,266.3999938964844,5280.6875,2801.549072265625,1343.4666748046875,698.5021362304688,95.91509246826172,259.45001220703125,88.19999694824219,92.0,438.79998779296875,0.0,0.0,0.25,999.5589599609375,98.0,100.0,0.0,26.0,3300.0,243.01718139648438,254.46058654785156,261.97900390625,263.9757385253906,267.162841796875,5275.35595703125,2807.9326171875,1344.7379150390625,693.0733032226562,81.81102752685547,262.13037109375,78.866455078125,86.22987365722656,228.83518981933594,0.0,7.000000186963007e-05,0.25,,,,,,,,,,,,,,,,,,,,,,,,97.0,,,0.0,0.0,209.0,100.0,100.0,,100.0,,83.0,,93.0,98.0,0.0,225.0,257.15997314453125,256.67999267578125,94.0,27.0,14.399999618530273,15.699999809265137
2022-01-25T06:55,2022-01-25T07:00,24,holdout_baserate,0,2022,1,6,25,2022-01-24T06:00,25,2022-01-24T06:00,25,2022-01-24T06:00,22,2022-01-24T09:00,,,24,2022-01-24T07:00,-999.0,0.0,100.0,100.0,0.0,3319.380859375,1340.859130859375,62600.0,85000.0,4018.955322265625,8.546431541442871,242.98318481445312,255.23060607910156,260.7325439453125,263.9039001464844,267.7110900878906,5274.0224609375,2806.079345703125,1341.190673828125,76.53683471679688,259.68426513671875,85.69999694824219,295.0770263671875,0.0,3600.0,9.999999747378752e-05,1.2100000381469727,784.7489013671875,100.0,100.0,0.0,96.0,174.91888427734375,7.400000322377309e-05,0.375,242.94187927246094,255.9044952392578,260.64752197265625,263.2789306640625,267.22100830078125,5286.92578125,2810.06982421875,1345.3529052734375,696.408935546875,90.48784637451172,262.8077087402344,94.30000305175781,94.19999694824219,136.77256774902344,0.0,1687.6220703125,100.0,100.0,0.0,1800.0,244.10000610351562,257.3999938964844,259.0,263.29998779296875,267.29998779296875,5277.90966796875,2798.67724609375,1335.142333984375,688.2548828125,82.44803619384766,260.3399963378906,87.19999694824219,90.0,484.4800109863281,0.0,9.999999747378752e-05,0.5625,nan,100.0,100.0,0.0,33.0,9700.0,243.07691955566406,254.20755004882812,260.90203857421875,263.1568298339844,266.33343505859375,5272.69873046875,2809.85791015625,1347.1732177734375,697.9213256835938,86.75601196289062,260.41741943359375,74.330322265625,87.56646728515625,324.43231201171875,0.0,2.9999999242136255e-05,0.9375,,,,,,,,,,,,,,,,,,,,,,,,92.0,,,0.0,0.0,0.0,91.0,92.0,,94.0,,86.0,,95.0,95.0,0.0,218.0,256.94000244140625,256.2300109863281,93.0,41.0,14.800000190734863,15.699999809265137
2022-01-25T06:55,2022-01-25T07:00,48,holdout_baserate,0,2022,1,6,43,2022-01-23T12:00,49,2022-01-23T06:00,49,2022-01-23T06:00,46,2022-01-23T09:00,,,36,2022-01-23T19:00,-999.0,0.0,100.0,100.0,0.0,5032.4521484375,1340.703857421875,45300.0,85100.0,6751.51171875,8.502339363098145,242.91754150390625,254.62371826171875,258.7979736328125,261.3147277832031,265.00823974609375,5270.73486328125,2804.16357421875,1346.9881591796875,91.28296661376953,257.20794677734375,79.80000305175781,258.7587890625,0.0,4300.0,0.0,1.6799999475479126,784.3859252929688,100.0,100.0,0.0,99.80000305175781,153.05020141601562,8.959999831859022e-05,0.4375,243.21510314941406,255.1219482421875,260.625244140625,262.9102783203125,266.851318359375,5286.201171875,2814.34326171875,1352.323974609375,703.8308715820312,98.76893615722656,262.49237060546875,94.19999694824219,94.19999694824219,143.97836303710938,0.0,2354.209228515625,100.0,100.0,0.0,900.0,243.6999969482422,256.5,260.1000061035156,263.79998779296875,267.79998779296875,5284.37890625,2805.9892578125,1347.583251953125,699.2005615234375,96.65723419189453,260.8599853515625,86.5999984741211,88.0,984.9600219726562,0.0,0.0003000000142492354,0.8125,2353.531982421875,100.0,100.0,0.0,27.0,5600.0,242.92401123046875,255.6174774169922,258.98681640625,260.5399475097656,263.2956237792969,5272.37353515625,2803.880859375,1344.298583984375,700.3289794921875,90.88138580322266,257.4991455078125,71.33549499511719,84.36474609375,138.56060791015625,0.0,3.9999998989515007e-05,2.125,,,,,,,,,,,,,,,,,,,,,,,,92.0,,,0.0,0.0,0.0,94.0,94.0,,94.0,,91.0,,100.0,100.0,0.0,274.0,256.4700012207031,255.48001098632812,89.0,36.0,13.600000381469727,14.399999618530273
2022-02-03T00:58,2022-02-03T01:00,1,holdout_baserate,0,2022,2,0,1,2022-02-03T00:00,1,2022-02-03T00:00,1,2022-02-03T00:00,1,2022-02-03T00:00,,,1,2022-02-03T00:00,-999.0,0.0,23.0,100.0,100.0,5825.41357421875,1342.7509765625,34600.0,86800.0,10556.2509765625,13.550566673278809,253.23526000976562,268.4870910644531,273.94256591796875,275.8316650390625,279.69354248046875,5624.1982421875,3059.517333984375,1512.6617431640625,188.0042724609375,271.79443359375,91.4000015258789,258.124755859375,1103.1199951171875,12200.0,0.0,0.0,785.197021484375,85.0,100.0,100.0,79.0,169.0150604248047,0.0,0.0,254.23951721191406,268.25360107421875,274.5080261230469,271.647216796875,275.0585632324219,5630.8701171875,3065.89501953125,1519.957763671875,842.5043334960938,218.04547119140625,271.2684020996094,98.5999984741211,98.9000015258789,154.04542541503906,486.7200012207031,5124.52734375,20.0,100.0,100.0,24100.0,254.39999389648438,269.1000061035156,274.3999938964844,273.70001220703125,277.79998779296875,5637.9482421875,3065.181884765625,1517.8243408203125,841.658935546875,214.22764587402344,271.19000244140625,94.69999694824219,96.0,293.67999267578125,879.8400268554688,0.0,0.0625,4051.645751953125,29.0,100.0,100.0,29.0,12200.0,253.89122009277344,267.2716064453125,274.410888671875,274.0018310546875,277.700927734375,5618.38720703125,3058.830322265625,1516.8643798828125,837.783935546875,200.05593872070312,272.9921875,84.0,88.75984191894531,365.5262451171875,1350.0,0.0,0.0,,,,,,,,,,,,,,,,,,,,,,,,88.0,,,30.0,32.0,16274.0,20.0,21.0,,21.0,,7.0,,7.0,9.0,0.0,184.0,268.7200012207031,265.8500061035156,82.0,1.0,17.200000762939453,19.0
2022-02-03T00:58,2022-02-03T01:00,24,holdout_baserate,0,2022,2,0,25,2022-02-02T00:00,25,2022-02-02T00:00,25,2022-02-02T00:00,22,2022-02-02T03:00,,,24,2022-02-02T01:00,-999.0,0.0,0.0,4.0,52.0,7205.35791015625,5430.60791015625,30400.0,51000.0,10982.880859375,11.097147941589355,252.82489013671875,267.79486083984375,273.75811767578125,274.38360595703125,277.78533935546875,5627.541015625,3066.769775390625,1523.94921875,205.16514587402344,270.0538024902344,56.0,235.16822814941406,832.239990234375,33100.0,0.0,0.0,1734.86962890625,30.100000381469727,100.0,100.0,33.400001525878906,5743.51806640625,0.0,0.0,253.07742309570312,268.3250427246094,274.1060791015625,271.3551025390625,274.2513427734375,5628.8701171875,3063.92724609375,1518.47412109375,839.8233032226562,217.23089599609375,270.409423828125,96.19999694824219,90.80000305175781,109.57186889648438,354.239990234375,5120.46435546875,25.0,100.0,100.0,24100.0,254.10000610351562,269.20001220703125,273.70001220703125,274.8999938964844,279.0,5630.3857421875,3060.881103515625,1511.5709228515625,833.9617309570312,208.194580078125,272.3399963378906,95.80000305175781,96.0,335.1199951171875,1057.1199951171875,0.0,0.125,5293.18408203125,2.0,100.0,100.0,2.0,19900.0,253.58108520507812,267.6123352050781,274.6330871582031,273.3091125488281,276.05792236328125,5624.35009765625,3063.3271484375,1518.994873046875,839.37060546875,204.34120178222656,270.1288146972656,70.08200073242188,69.02788543701172,223.44586181640625,300.0,0.0,0.0,,,,,,,,,,,,,,,,,,,,,,,,85.0,,,32.0,32.0,256.0,41.0,41.0,,43.0,,54.0,,54.0,54.0,0.0,175.0,268.54998779296875,264.8899841308594,75.0,1.0,15.600000381469727,17.5
2022-02-12T12:54,2022-02-12T13:00,1,holdout_baserate,0,2022,2,12,1,2022-02-12T12:00,1,2022-02-12T12:00,1,2022-02-12T12:00,1,2022-02-12T12:00,,,1,2022-02-12T12:00,-999.0,0.0,100.0,100.0,0.0,1580.743408203125,1508.0008544921875,45400.0,83800.0,6611.486328125,10.17125129699707,248.6893768310547,264.7790222167969,273.28997802734375,278.5633544921875,282.670654296875,5442.94921875,2914.00244140625,1383.079833984375,57.485084533691406,273.3160400390625,82.19999694824219,577.859375,1387.280029296875,17000.0,0.0,0.0,951.4336547851562,100.0,98.0999984741211,10.199999809265137,100.0,24135.06640625,1.9999999949504854e-06,0.0,248.43869018554688,264.955078125,272.7470397949219,276.2989196777344,280.434814453125,5439.6708984375,2915.49951171875,1384.4649658203125,702.3060302734375,65.33543395996094,275.5273742675781,92.4000015258789,91.0,486.7104797363281,1324.47998046875,20000.185546875,11.0,15.0,0.0,24100.0,248.6999969482422,265.1000061035156,272.1000061035156,275.8999938964844,280.0,5441.28759765625,2912.679931640625,1380.50341796875,701.4945678710938,63.43608474731445,272.8900146484375,87.5999984741211,90.0,463.8399963378906,1140.47998046875,0.0,0.0,nan,66.0,100.0,0.0,38.0,22700.0,248.3825225830078,264.28363037109375,273.2588195800781,279.03338623046875,283.00067138671875,5442.7158203125,2917.2548828125,1388.150146484375,703.1102905273438,62.804107666015625,275.4544677734375,70.74142456054688,64.53939819335938,674.6953735351562,1390.0,0.0,0.0,,,,,,,,,,,,,,,,,,,,,,,,91.0,,,0.0,0.0,209.0,53.0,53.0,,64.0,,48.0,,48.0,48.0,0.0,451.0,270.5099792480469,269.70001220703125,93.0,7.0,18.399999618530273,20.600000381469727
2022-02-03T00:58,2022-02-03T01:00,48,holdout_baserate,0,2022,2,0,43,2022-02-01T06:00,49,2022-02-01T00:00,49,2022-02-01T00:00,46,2022-02-01T03:00,,,36,2022-02-01T13:00,-999.0,0.0,3.0,2.0,100.0,nan,1342.3984375,nan,87000.0,nan,11.229229927062988,252.80593872070312,268.0460205078125,273.2044372558594,273.17352294921875,276.8473815917969,5642.29541015625,3077.079345703125,1534.611083984375,218.7742156982422,269.21783447265625,78.80000305175781,227.7581787109375,706.1599731445312,17800.0,0.0,0.019999999552965164,4815.6181640625,18.600000381469727,100.0,100.0,5.099999904632568,6541.4384765625,4.0800001443130895e-05,0.0,254.8378448486328,268.0389404296875,274.416259765625,271.515625,273.75848388671875,5620.583984375,3061.818115234375,1517.9390869140625,839.0336303710938,217.59164428710938,269.83612060546875,92.9000015258789,83.19999694824219,57.27946472167969,267.20001220703125,4757.68017578125,34.0,98.0,99.0,17800.0,255.8000030517578,268.3999938964844,271.70001220703125,275.0,279.1000061035156,5636.44677734375,3056.33984375,1513.2509765625,835.7607421875,209.3133087158203,272.4599914550781,95.4000015258789,96.0,422.7200012207031,1075.3599853515625,0.0,0.8125,4976.35009765625,39.0,100.0,100.0,39.0,10600.0,252.8256072998047,267.6683654785156,272.72467041015625,272.7313232421875,276.2809753417969,5639.689453125,3074.7919921875,1535.144775390625,860.2977905273438,224.94493103027344,271.5240173339844,84.0,93.24919128417969,333.4437561035156,510.0,0.0,0.0625,,,,,,,,,,,,,,,,,,,,,,,,90.0,,,32.0,32.0,256.0,40.0,41.0,,45.0,,63.0,,63.0,65.0,0.0,186.0,267.16998291015625,265.8799743652344,90.0,5.0,14.800000190734863,17.200000762939453
2022-02-12T12:54,2022-02-12T13:00,24,holdout_baserate,0,2022,2,12,25,2022-02-11T12:00,25,2022-02-11T12:00,25,2022-02-11T12:00,22,2022-02-11T15:00,,,24,2022-02-11T13:00,-999.0,100.0,100.0,36.0,95.0,1342.89306640625,1342.67236328125,78000.0,85000.0,8846.041015625,8.246851921081543,249.2974853515625,264.3478698730469,272.6647644042969,276.61334228515625,280.77764892578125,5436.630859375,2910.54541015625,1380.32763671875,59.795684814453125,272.498291015625,98.69999694824219,418.7391357421875,1204.6400146484375,100.0,0.0,0.8600000143051147,785.1739501953125,100.0,100.0,100.0,100.0,96.7608413696289,1.2399999832268804e-05,0.1875,248.0227508544922,263.7347717285156,271.8189697265625,275.7218322753906,279.8475036621094,5429.4189453125,2906.488037109375,1382.3240966796875,702.4491577148438,66.78262329101562,275.0111389160156,97.0999984741211,96.4000015258789,1047.334228515625,1180.0,1196.2786865234375,86.0,98.0,16.0,100.0,247.60000610351562,264.29998779296875,271.6000061035156,275.79998779296875,279.8999938964844,5427.4052734375,2901.18798828125,1376.82568359375,697.9498901367188,62.073089599609375,272.7799987792969,99.19999694824219,100.0,617.4400024414062,1123.6800537109375,0.0006000000284984708,1.0625,2817.753662109375,68.0,100.0,100.0,64.0,13300.0,247.41656494140625,264.04022216796875,271.9146728515625,275.3029479980469,279.31243896484375,5425.57568359375,2906.4921875,1380.2335205078125,701.9754028320312,65.30611419677734,274.4539489746094,91.63015747070312,92.20702362060547,372.6411437988281,1040.0,0.0,1.6875,,,,,,,,,,,,,,,,,,,,,,,,85.0,,,0.0,0.0,0.0,82.0,87.0,,95.0,,72.0,,79.0,85.0,1.0,481.0,270.7599792480469,270.2799987792969,96.0,10.0,17.200000762939453,19.799999237060547
2022-02-12T12:54,2022-02-12T13:00,48,holdout_baserate,0,2022,2,12,43,2022-02-10T18:00,49,2022-02-10T12:00,49,2022-02-10T12:00,46,2022-02-10T15:00,,,36,2022-02-11T01:00,-999.0,62.0,100.0,100.0,100.0,1713.4952392578125,1342.3822021484375,45400.0,85400.0,8809.10546875,7.075567722320557,249.03042602539062,263.8694152832031,271.602294921875,275.2478942871094,279.33026123046875,5420.57861328125,2896.76318359375,1371.417236328125,55.49560546875,271.1741027832031,96.19999694824219,413.0584716796875,1004.3200073242188,2300.0,9.999999747378752e-05,5.300000190734863,785.3468017578125,100.0,88.4000015258789,29.899999618530273,100.0,34.94793701171875,2.080000012938399e-05,0.1875,245.1748809814453,262.30743408203125,270.4246826171875,273.982666015625,278.08563232421875,5396.3623046875,2893.7578125,1375.1466064453125,699.339599609375,67.85343933105469,273.3847351074219,98.69999694824219,98.5999984741211,196.6564483642578,935.6799926757812,1195.9112548828125,100.0,100.0,1.0,100.0,250.0,264.0,270.6000061035156,275.20001220703125,279.29998779296875,5423.9345703125,2892.814697265625,1372.3367919921875,695.2333374023438,63.83753204345703,272.3299865722656,99.0999984741211,100.0,560.1599731445312,1055.6800537109375,0.0013000000035390258,2.625,4423.8388671875,22.0,100.0,0.0,22.0,14400.0,248.93650817871094,264.3265380859375,270.44342041015625,274.1806640625,278.24298095703125,5422.802734375,2893.57080078125,1370.9683837890625,696.2255859375,60.103065490722656,273.0551452636719,88.35985565185547,87.9766845703125,425.2606201171875,790.0,0.0,2.625,,,,,,,,,,,,,,,,,,,,,,,,91.0,,,0.0,0.0,0.0,73.0,76.0,,80.0,,71.0,,74.0,80.0,2.0,369.0,271.0199890136719,269.8999938964844,92.0,14.0,15.199999809265137,16.899999618530273
2022-02-20T15:56,2022-02-20T16:00,1,holdout_baserate,0,2022,2,15,1,2022-02-20T15:00,4,2022-02-20T12:00,4,2022-02-20T12:00,1,2022-02-20T15:00,,,1,2022-02-20T15:00,-999.0,0.0,0.0,2.0,1.0,nan,nan,nan,nan,nan,3.8855807781219482,249.0044708251953,260.20196533203125,258.5363464355469,260.43292236328125,264.48004150390625,5436.8017578125,2921.076416015625,1446.1485595703125,187.8417510986328,261.67388916015625,49.5,357.9490966796875,0.0,40300.0,0.0,0.0,19999.904296875,4.099999904632568,5.0,5.0,1.399999976158142,24135.255859375,0.0,0.0,250.20925903320312,261.5257873535156,255.3936309814453,260.9017028808594,265.0790710449219,5453.1669921875,2924.807861328125,1449.541259765625,811.6079711914062,210.97727966308594,263.0137023925781,46.0,39.5,668.3468627929688,0.0,20000.04296875,4.0,0.0,0.0,24100.0,249.6999969482422,261.79998779296875,256.20001220703125,261.1000061035156,265.0,5452.78515625,2925.79931640625,1443.9012451171875,803.2918701171875,209.40151977539062,260.42999267578125,33.400001525878906,31.0,396.3999938964844,0.0,0.0,0.0,nan,2.0,0.0,1.0,2.0,34500.625,250.2180938720703,260.6083984375,257.4466857910156,258.5668640136719,263.0838928222656,5448.90234375,2924.541015625,1449.375244140625,812.5567626953125,203.3006134033203,260.9295654296875,56.0,54.756595611572266,464.6991271972656,0.0,0.0,0.0,,,,,,,,,,,,,,,,,,,,,,,,25.0,,,88888.0,3896.0,16209.0,11.0,13.0,,24.0,,18.0,,18.0,18.0,0.0,360.0,255.58999633789062,247.13998413085938,48.0,1.0,11.600000381469727,12.5
2022-02-20T15:56,2022-02-20T16:00,24,holdout_baserate,0,2022,2,15,22,2022-02-19T18:00,22,2022-02-19T18:00,22,2022-02-19T18:00,25,2022-02-19T15:00,,,24,2022-02-19T16:00,-999.0,0.0,1.0,59.0,15.0,nan,6378.1552734375,nan,43900.0,nan,7.577315807342529,248.3488006591797,260.9434814453125,258.2248840332031,259.8393249511719,263.9517517089844,5437.966796875,2915.012451171875,1438.013671875,179.74331665039062,259.99920654296875,50.099998474121094,350.8184814453125,0.0,39600.0,0.0,2.4200000762939453,20000.166015625,2.5999999046325684,1.600000023841858,0.0,17.299999237060547,24135.2421875,0.0,0.0,249.86277770996094,261.5045166015625,255.58990478515625,260.7539978027344,264.898681640625,5452.501953125,2922.390380859375,1446.3140869140625,808.5208740234375,208.29507446289062,262.6793212890625,47.70000076293945,41.599998474121094,625.8018188476562,0.0,19999.94140625,5.0,0.0,0.0,24100.0,249.0,261.79998779296875,257.1000061035156,261.79998779296875,265.70001220703125,5455.12646484375,2924.860595703125,1443.0225830078125,800.6921997070312,204.99273681640625,261.0400085449219,33.20000076293945,26.0,397.67999267578125,0.0,0.0,0.0,nan,17.0,33.0,0.0,15.0,27993.66015625,248.5712890625,262.0957336425781,256.402587890625,255.85092163085938,260.23004150390625,5434.31982421875,2905.287109375,1431.2705078125,798.5004272460938,190.2089385986328,257.4734191894531,65.1078109741211,60.889095306396484,391.1092224121094,0.0,0.0,4.3125,,,,,,,,,,,,,,,,,,,,,,,,32.0,,,88888.0,2368.0,201.0,15.0,15.0,,15.0,,44.0,,46.0,51.0,0.0,357.0,255.62997436523438,246.6300048828125,46.0,2.0,12.800000190734863,14.100000381469727
2022-02-20T15:56,2022-02-20T16:00,48,holdout_baserate,0,2022,2,15,46,2022-02-18T18:00,46,2022-02-18T18:00,46,2022-02-18T18:00,49,2022-02-18T15:00,,,36,2022-02-19T04:00,-999.0,0.0,44.0,20.0,4.0,nan,2714.00146484375,nan,71900.0,nan,5.912877559661865,248.11322021484375,260.63641357421875,260.6051940917969,261.7322082519531,265.6120300292969,5433.029296875,2917.7294921875,1431.8123779296875,167.30514526367188,262.5823669433594,47.29999923706055,321.22314453125,0.0,42500.0,0.0,10.319999694824219,20000.099609375,2.5,5.0,2.0,21.200000762939453,24135.353515625,0.0,0.0,249.63418579101562,261.1650695800781,255.38609313964844,260.9389343261719,265.0863342285156,5448.2265625,2920.199951171875,1447.9747314453125,809.9266357421875,209.22523498535156,262.9648132324219,49.5,44.0,662.09423828125,0.0,19999.892578125,9.0,15.0,0.0,24100.0,249.3000030517578,260.5,257.70001220703125,262.29998779296875,266.20001220703125,5445.90380859375,2929.392333984375,1445.235107421875,801.5764770507812,205.1771240234375,261.54998779296875,32.900001525878906,25.0,398.4800109863281,0.0,0.0,0.0,4631.734375,24.0,100.0,78.0,14.0,31710.89453125,247.461181640625,261.2999572753906,260.56854248046875,258.2218322753906,262.29754638671875,5431.74609375,2916.39453125,1428.2723388671875,787.0557861328125,176.16571044921875,259.8134765625,60.47392272949219,53.298126220703125,294.0970153808594,0.0,0.0,6.5,,,,,,,,,,,,,,,,,,,,,,,,26.0,,,88888.0,2016.0,201.0,0.0,0.0,,0.0,,33.0,,34.0,35.0,0.0,337.0,255.6599884033203,247.0699920654297,46.0,3.0,12.0,13.300000190734863
2022-03-01T00:54,2022-03-01T01:00,1,holdout_baserate,0,2022,3,0,1,2022-03-01T00:00,1,2022-03-01T00:00,1,2022-03-01T00:00,1,2022-03-01T00:00,0,2022-03-01T00:00,1,2022-03-01T00:00,-999.0,0.0,0.0,6.0,30.0,nan,8045.193359375,nan,33800.0,nan,11.848967552185059,245.7579345703125,253.6557159423828,257.72589111328125,258.88641357421875,262.5283203125,5344.8857421875,2881.86767578125,1426.7664794921875,180.31333923339844,254.6790313720703,18.100000381469727,213.2997589111328,0.0,85000.0,0.0,0.0,20000.193359375,0.0,100.0,100.0,3.9000000953674316,24134.873046875,0.0,0.0,245.4316864013672,254.12570190429688,256.362060546875,256.35498046875,259.9721984863281,5357.96533203125,2892.77099609375,1438.8267822265625,802.723876953125,213.54840087890625,256.1538391113281,76.30000305175781,68.0,124.17945861816406,0.0,20000.03515625,3.0,0.0,0.0,24100.0,246.1999969482422,254.6999969482422,257.20001220703125,255.39999389648438,259.20001220703125,5358.365234375,2889.40478515625,1428.0308837890625,798.1922607421875,202.71112060546875,252.6999969482422,83.0999984741211,83.0,235.36000061035156,0.0,0.0,0.0,7409.583984375,0.0,0.0,97.0,0.0,37600.0,246.011474609375,253.6909942626953,257.23974609375,258.1698913574219,261.76385498046875,5352.27587890625,2886.896240234375,1433.902587890625,796.1983032226562,192.83602905273438,254.4840850830078,47.37995910644531,39.242774963378906,161.56027221679688,0.0,0.0,0.0,5349.02734375,2881.002197265625,1430.445068359375,795.64794921875,205.256103515625,245.68629455566406,253.01193237304688,256.08343505859375,256.94866943359375,260.8447265625,15.529011726379395,24.24405288696289,58.627559661865234,79.16844940185547,,,,255.50559997558594,,102724.8125,94567.984375,,1.0643744468688965,73.0,,,88886.0,5816.0,16274.0,9.0,10.0,,14.0,,15.0,,15.0,15.0,0.0,131.0,250.97998046875,244.6799774169922,56.0,0.0,14.399999618530273,15.300000190734863
2022-03-01T00:54,2022-03-01T01:00,24,holdout_baserate,0,2022,3,0,25,2022-02-28T00:00,25,2022-02-28T00:00,25,2022-02-28T00:00,22,2022-02-28T03:00,24,2022-02-28T00:00,24,2022-02-28T01:00,-999.0,0.0,0.0,100.0,21.0,nan,6117.3095703125,nan,44800.0,nan,11.397563934326172,243.98623657226562,253.70703125,257.2864990234375,257.86688232421875,261.4634704589844,5341.638671875,2887.20263671875,1433.584228515625,189.89920043945312,253.7361602783203,34.70000076293945,205.8329315185547,0.0,57300.0,0.0,0.5600000023841858,1034.49267578125,4.099999904632568,100.0,99.80000305175781,5.099999904632568,24135.005859375,0.0,0.0,245.01002502441406,254.09068298339844,256.2856750488281,255.12564086914062,258.62261962890625,5353.90478515625,2890.02197265625,1436.0419921875,801.5878295898438,215.4608154296875,254.7830047607422,85.19999694824219,78.69999694824219,114.1655044555664,0.0,20000.18359375,3.0,0.0,0.0,24100.0,245.10000610351562,255.10000610351562,257.20001220703125,254.39999389648438,258.20001220703125,5343.423828125,2886.476318359375,1421.5426025390625,793.86376953125,198.5907745361328,251.6199951171875,73.80000305175781,70.0,234.63999938964844,0.0,0.0,0.0,2857.054931640625,62.0,89.0,86.0,62.0,11522.814453125,244.4949951171875,253.67279052734375,258.0096435546875,254.3867950439453,257.6921691894531,5339.9130859375,2883.62890625,1427.60595703125,792.6641235351562,194.8153533935547,252.59605407714844,74.0,72.53065490722656,197.80294799804688,0.0,0.0,0.1875,5352.3671875,2883.421630859375,1429.705322265625,794.953369140625,204.716552734375,245.63479614257812,253.4246826171875,256.6790466308594,256.8634033203125,260.6461181640625,14.388147354125977,20.34261703491211,60.20405960083008,77.52507781982422,,,,255.43650817871094,,102729.6875,94569.734375,,1.0251322984695435,72.0,,,30.0,32.0,201.0,11.0,11.0,,13.0,,48.0,,48.0,48.0,0.0,137.0,251.0399932861328,246.39999389648438,65.0,0.0,14.399999618530273,15.699999809265137
2022-03-01T00:54,2022-03-01T01:00,48,holdout_baserate,0,2022,3,0,43,2022-02-27T06:00,49,2022-02-27T00:00,49,2022-02-27T00:00,46,2022-02-27T03:00,48,2022-02-27T00:00,36,2022-02-27T13:00,-999.0,0.0,0.0,83.0,79.0,nan,7074.69384765625,nan,39000.0,nan,11.659396171569824,245.8275604248047,252.93605041503906,256.81524658203125,257.3930969238281,260.98468017578125,5327.705078125,2870.01025390625,1420.0128173828125,178.6708221435547,253.51251220703125,46.29999923706055,220.2501220703125,0.0,42400.0,0.0,3.640000104904175,15710.5771484375,2.0,100.0,97.30000305175781,5.099999904632568,24135.171875,0.0,0.0,246.3404083251953,254.1823272705078,256.8075256347656,254.6675262451172,258.1068420410156,5362.02880859375,2895.11767578125,1436.988037109375,802.1785888671875,217.22874450683594,254.26153564453125,84.4000015258789,77.0,115.3328628540039,0.0,6910.91357421875,2.0,59.0,0.0,24100.0,245.5,254.1999969482422,256.29998779296875,253.60000610351562,257.3999938964844,5331.4755859375,2878.760498046875,1419.591552734375,793.9984130859375,200.5081329345703,250.72999572753906,72.80000305175781,69.0,233.83999633789062,0.0,0.0,0.0,nan,77.0,65.0,79.0,77.0,9012.1181640625,245.7102508544922,252.57131958007812,257.5494384765625,254.49075317382812,257.7654724121094,5325.7578125,2869.281982421875,1419.6201171875,785.2958374023438,187.6822509765625,252.7244873046875,76.562744140625,80.5406494140625,199.08055114746094,0.0,0.0,4.375,5363.40625,2890.437744140625,1434.49853515625,799.4208984375,208.74951171875,245.73068237304688,254.15884399414062,256.6726989746094,256.968994140625,260.8717956542969,13.246904373168945,28.938949584960938,54.371395111083984,73.8458023071289,,,,255.86688232421875,,102773.4375,94612.5234375,,1.060823917388916,72.0,,,32.0,32.0,457.0,25.0,25.0,,25.0,,49.0,,49.0,50.0,0.0,152.0,250.38998413085938,246.5,70.0,0.0,15.600000381469727,17.200000762939453
2022-03-15T06:50,2022-03-15T07:00,1,holdout_baserate,0,2022,3,6,1,2022-03-15T06:00,1,2022-03-15T06:00,1,2022-03-15T06:00,1,2022-03-15T06:00,0,2022-03-15T06:00,1,2022-03-15T06:00,-999.0,0.0,4.0,0.0,5.0,nan,1777.929443359375,nan,81900.0,nan,9.407537460327148,249.05752563476562,263.2454833984375,270.41168212890625,273.80731201171875,277.73028564453125,5525.958984375,2997.5625,1479.9794921875,170.96954345703125,268.3096923828125,80.30000305175781,335.87530517578125,566.6400146484375,16800.0,0.0,0.0,785.1895141601562,100.0,49.400001525878906,17.100000381469727,100.0,79.81806182861328,0.00014000000373926014,0.4375,248.78668212890625,262.2098083496094,270.5007019042969,272.312744140625,276.3299560546875,5516.5205078125,2992.83056640625,1473.7117919921875,799.427978515625,172.0317840576172,272.2689514160156,98.80000305175781,98.5999984741211,137.10406494140625,646.239990234375,1264.407470703125,56.0,4.0,0.0,1900.0,249.3000030517578,262.79998779296875,270.6000061035156,272.1000061035156,276.1000061035156,5527.197265625,2993.09228515625,1474.28173828125,804.3594970703125,175.70851135253906,270.2200012207031,94.19999694824219,100.0,752.239990234375,729.6799926757812,0.00039999998989515007,0.4375,2751.9404296875,48.0,100.0,100.0,1.0,9600.0,249.05596923828125,261.94561767578125,269.1690979003906,273.2384033203125,276.813720703125,5511.9814453125,2991.090576171875,1479.53466796875,806.8781127929688,174.96322631835938,269.72552490234375,67.04154205322266,73.62537384033203,217.20001220703125,230.0,2.9999999242136255e-05,0.0,5521.49609375,2995.025146484375,1480.517578125,806.140380859375,176.2578125,248.9456787109375,262.0289306640625,269.83978271484375,274.2604675292969,278.00732421875,92.17387390136719,88.59486389160156,69.76025390625,72.14461517333984,,,,272.5703125,,102173.125,94548.3671875,,10.437878608703613,86.0,,,0.0,0.0,209.0,69.0,74.0,,75.0,,79.0,,79.0,79.0,0.0,332.0,266.52996826171875,265.8899841308594,95.0,12.0,16.799999237060547,17.700000762939453
2022-03-15T06:50,2022-03-15T07:00,24,holdout_baserate,0,2022,3,6,25,2022-03-14T06:00,25,2022-03-14T06:00,25,2022-03-14T06:00,22,2022-03-14T09:00,24,2022-03-14T06:00,24,2022-03-14T07:00,-999.0,100.0,100.0,15.0,0.0,1342.5684814453125,1342.3011474609375,76900.0,86600.0,2514.547607421875,8.164125442504883,248.5126953125,262.8262634277344,271.0370788574219,273.73822021484375,277.54534912109375,5524.35400390625,3003.640625,1481.448974609375,172.6324005126953,270.572021484375,96.69999694824219,373.3952331542969,907.52001953125,100.0,0.00019999999494757503,1.0399999618530273,785.3094482421875,100.0,96.80000305175781,100.0,100.0,104.4831314086914,0.0001576000067871064,0.5,249.21038818359375,263.3235168457031,270.2239990234375,272.4840087890625,276.54815673828125,5518.4560546875,2985.422607421875,1468.4049072265625,794.026611328125,166.1347198486328,272.39215087890625,98.4000015258789,98.0999984741211,352.2877197265625,670.239990234375,1195.9195556640625,88.0,99.0,34.0,300.0,249.5,264.1000061035156,270.0,272.0,276.1000061035156,5521.54638671875,2985.85400390625,1465.1923828125,795.8875732421875,168.029541015625,269.8999938964844,99.5,100.0,512.3200073242188,680.47998046875,0.002199999988079071,5.6875,816.786865234375,100.0,30.0,77.0,100.0,400.0,248.59912109375,261.8629150390625,268.79290771484375,271.5705871582031,275.11651611328125,5511.4853515625,2998.573974609375,1485.64404296875,815.6495361328125,185.71006774902344,270.50323486328125,91.8205795288086,96.46772003173828,234.41302490234375,350.0,0.00026000000070780516,0.75,5523.15625,2997.328125,1483.874267578125,811.0252075195312,182.945068359375,248.9246368408203,262.14422607421875,269.62152099609375,273.19317626953125,277.07220458984375,88.99504852294922,92.99820709228516,82.69567108154297,82.61637115478516,,,,273.3455810546875,,102273.625,94608.4375,,10.587357521057129,96.0,,,0.0,0.0,0.0,90.0,92.0,,94.0,,79.0,,79.0,81.0,0.0,330.0,267.55999755859375,267.54998779296875,100.0,49.0,17.200000762939453,18.5
2022-03-15T06:50,2022-03-15T07:00,48,holdout_baserate,0,2022,3,6,43,2022-03-13T12:00,49,2022-03-13T06:00,49,2022-03-13T06:00,46,2022-03-13T09:00,48,2022-03-13T06:00,36,2022-03-13T19:00,3188.39990234375,75.0,100.0,42.0,64.0,1388.5675048828125,1342.273193359375,45700.0,86700.0,11191.5849609375,9.148282051086426,248.8459930419922,263.3665771484375,271.40936279296875,273.21368408203125,276.9958801269531,5540.50537109375,3013.3173828125,1489.4423828125,180.8773956298828,270.21173095703125,94.0,342.46734619140625,855.1199951171875,500.0,0.0005000000237487257,4.260000228881836,865.0726318359375,100.0,100.0,100.0,100.0,19465.5234375,1.6000000186977559e-06,0.0,249.2313690185547,264.1273193359375,270.5185241699219,274.82916259765625,278.869873046875,5514.52490234375,2980.155517578125,1461.31689453125,784.6102294921875,151.31378173828125,274.4741516113281,94.80000305175781,91.5999984741211,1155.93310546875,1069.5999755859375,1196.25537109375,52.0,74.0,69.0,100.0,250.1999969482422,264.79998779296875,271.29998779296875,272.70001220703125,276.79998779296875,5530.45947265625,2990.870849609375,1466.9898681640625,795.3284912109375,168.92462158203125,271.2699890136719,100.0,100.0,566.239990234375,892.0,0.0026000000070780516,4.0,885.41259765625,100.0,47.0,74.0,100.0,4800.0,248.83587646484375,263.1796875,271.8597717285156,272.98175048828125,276.1565246582031,5538.92822265625,3013.07666015625,1490.273681640625,814.5347290039062,182.93301391601562,271.7921142578125,90.33892822265625,93.94174194335938,97.28433990478516,580.0,0.00013000000035390258,3.0,5522.04296875,2990.895263671875,1477.3544921875,803.7282104492188,174.90478515625,249.31080627441406,262.037353515625,269.9863586425781,273.4715576171875,277.64678955078125,87.29376983642578,84.98896789550781,77.43035888671875,80.60731506347656,,,,272.52996826171875,,102179.0625,94532.28125,,10.296661376953125,92.0,,,0.0,0.0,0.0,95.0,97.0,,100.0,,86.0,,89.0,93.0,1.0,303.0,267.22998046875,267.3399963378906,100.0,41.0,15.600000381469727,17.299999237060547
2022-03-29T09:52,2022-03-29T10:00,1,holdout_baserate,0,2022,3,9,1,2022-03-29T09:00,4,2022-03-29T06:00,4,2022-03-29T06:00,1,2022-03-29T09:00,3,2022-03-29T06:00,1,2022-03-29T09:00,-999.0,0.0,25.0,14.0,94.0,1340.517578125,1340.167724609375,82800.0,85200.0,1684.2686767578125,14.433219909667969,241.2759552001953,256.39434814453125,258.6480407714844,260.74462890625,264.579345703125,5276.1923828125,2825.08642578125,1356.096435546875,96.59456634521484,255.68362426757812,80.5999984741211,221.79940795898438,0.0,1800.0,0.0,0.09000000357627869,784.5731201171875,72.9000015258789,84.19999694824219,74.5,96.19999694824219,720.857177734375,1.680000059423037e-05,0.25,241.6043701171875,256.00616455078125,255.50180053710938,259.013671875,262.8946228027344,5266.474609375,2815.001220703125,1348.4677734375,713.0022583007812,117.11972045898438,258.6000061035156,86.9000015258789,86.4000015258789,546.913818359375,0.0,19999.84765625,50.0,2.0,0.0,13400.0,241.8000030517578,256.3999938964844,256.6000061035156,256.1000061035156,260.0,5272.8232421875,2819.6865234375,1342.8876953125,711.9375610351562,111.43212890625,253.1300048828125,91.19999694824219,95.0,196.9600067138672,0.0,0.0,0.25,792.746826171875,94.0,6.0,0.0,94.0,700.0,241.36691284179688,255.59169006347656,258.44384765625,260.1269836425781,264.15264892578125,5277.04541015625,2827.270263671875,1358.4189453125,717.5848388671875,107.29581451416016,258.92950439453125,83.0,83.00006103515625,367.85247802734375,0.0,4.999999873689376e-05,0.1875,5257.99609375,2811.534423828125,1341.354248046875,702.768310546875,106.1650390625,241.7266387939453,254.9190216064453,257.8125305175781,259.29901123046875,263.35150146484375,78.49234008789062,82.41972351074219,79.60151672363281,70.84810638427734,,,,260.16015625,,101455.8125,93456.65625,,4.088712215423584,87.0,,,0.0,0.0,209.0,68.0,79.0,,86.0,,63.0,,63.0,63.0,0.0,284.0,252.75,251.5599822998047,88.0,4.0,19.200000762939453,21.200000762939453
2022-03-29T09:52,2022-03-29T10:00,24,holdout_baserate,0,2022,3,9,22,2022-03-28T12:00,22,2022-03-28T12:00,22,2022-03-28T12:00,25,2022-03-28T09:00,21,2022-03-28T12:00,24,2022-03-28T10:00,-999.0,0.0,100.0,100.0,100.0,1340.216552734375,1339.8406982421875,nan,85000.0,5321.142578125,14.456119537353516,239.619140625,255.83139038085938,257.00628662109375,258.9511413574219,262.90325927734375,5247.85302734375,2808.578369140625,1345.32568359375,94.89839172363281,254.30079650878906,83.0999984741211,252.34600830078125,0.0,12200.0,0.0,2.986999988555908,784.5408935546875,78.19999694824219,90.5,30.5,100.0,543.6315307617188,1.9999999494757503e-05,0.25,241.00001525878906,256.7908630371094,254.9808807373047,259.71221923828125,263.5922546386719,5268.978515625,2813.384521484375,1348.2510986328125,711.7684936523438,114.28462219238281,259.32672119140625,85.5999984741211,85.5999984741211,605.4338989257812,0.0,19999.873046875,49.0,3.0,0.0,0.0,241.60000610351562,256.20001220703125,257.3999938964844,256.79998779296875,260.6000061035156,5267.32421875,2814.206298828125,1337.1676025390625,704.5546264648438,103.91931915283203,254.27000427246094,96.4000015258789,100.0,197.44000244140625,0.0,0.00039999998989515007,0.625,837.0870971679688,100.0,100.0,0.0,100.0,14300.0,239.21337890625,254.60568237304688,255.28018188476562,257.39178466796875,261.5408935546875,5241.05908203125,2807.398193359375,1348.5164794921875,715.2694091796875,108.71389770507812,256.78857421875,84.07361602783203,85.65213775634766,429.33197021484375,0.0,0.0,4.375,5257.15625,2808.2431640625,1338.471435546875,702.4036254882812,106.908203125,241.82745361328125,254.8027801513672,257.07208251953125,258.721923828125,262.855224609375,78.81942749023438,83.98057556152344,80.34754180908203,71.08255004882812,,,,259.5795593261719,,101450.5625,93430.234375,,4.029524803161621,84.0,,,30.0,31.0,201.0,75.0,82.0,,92.0,,58.0,,66.0,74.0,0.0,304.0,253.1699981689453,251.1800079345703,86.0,5.0,18.399999618530273,19.600000381469727
2022-04-13T00:58,2022-04-13T01:00,1,holdout_baserate,0,2022,4,0,1,2022-04-13T00:00,1,2022-04-13T00:00,1,2022-04-13T00:00,1,2022-04-13T00:00,0,2022-04-13T00:00,1,2022-04-13T00:00,-999.0,0.0,0.0,8.0,7.0,nan,nan,nan,nan,nan,3.8048148155212402,251.44219970703125,262.94219970703125,275.7063293457031,281.14080810546875,285.1758117675781,5535.5478515625,2996.188232421875,1468.1419677734375,135.63528442382812,273.22235107421875,52.599998474121094,404.0323181152344,1735.43994140625,37400.0,0.0,0.0,17345.724609375,0.6000000238418579,16.100000381469727,100.0,0.0,24135.154296875,4.0000000467443897e-07,0.0,252.29403686523438,263.0367431640625,274.47821044921875,279.02972412109375,282.8723449707031,5546.78173828125,2996.516845703125,1471.985107421875,784.09375,141.87234497070312,278.04754638671875,65.0,58.900001525878906,563.038818359375,1607.199951171875,20000.02734375,3.0,3.0,30.0,24100.0,252.5,263.20001220703125,275.0,279.1000061035156,283.29998779296875,5539.396484375,2991.95703125,1466.030517578125,779.3844604492188,129.84921264648438,275.739990234375,61.599998474121094,59.0,1501.5999755859375,1676.0,0.0,0.0,7398.0986328125,1.0,0.0,85.0,1.0,43800.0,252.11181640625,262.7189025878906,275.74456787109375,282.2198486328125,286.5843505859375,5546.50390625,3007.17919921875,1479.015625,787.65771484375,141.8763427734375,278.5608215332031,46.18601989746094,31.962665557861328,1969.2734375,1750.0,0.0,0.0,5522.3671875,2991.342529296875,1466.294677734375,777.0723876953125,130.539306640625,250.3175506591797,262.5472717285156,274.91058349609375,280.991943359375,285.44439697265625,40.08623504638672,46.7847785949707,36.19523620605469,38.435829162597656,,,,280.4824523925781,,101577.5,94165.5625,,5.985573768615723,26.0,,,88886.0,6520.0,16274.0,15.0,17.0,,18.0,,6.0,,6.0,7.0,2.0,378.0,270.21002197265625,266.0,72.0,0.0,14.800000190734863,16.0
2022-03-29T09:52,2022-03-29T10:00,48,holdout_baserate,0,2022,3,9,46,2022-03-27T12:00,46,2022-03-27T12:00,46,2022-03-27T12:00,49,2022-03-27T09:00,45,2022-03-27T12:00,36,2022-03-27T22:00,-999.0,0.0,100.0,99.0,0.0,1340.2213134765625,1339.7266845703125,nan,85000.0,1354.57275390625,14.770214080810547,237.53170776367188,254.76190185546875,256.33380126953125,258.0130310058594,261.92242431640625,5223.3603515625,2800.829833984375,1341.287109375,95.20368194580078,253.39479064941406,80.19999694824219,247.7352294921875,0.0,12700.0,0.0,12.020000457763672,784.5404052734375,77.5,88.4000015258789,5.0,100.0,643.6142578125,1.5600000551785342e-05,0.25,240.45863342285156,256.5306701660156,255.0918731689453,259.4371337890625,263.3113708496094,5258.26708984375,2811.618896484375,1344.103759765625,707.9718627929688,111.12312316894531,259.01605224609375,86.9000015258789,86.69999694824219,574.043212890625,0.0,5195.26025390625,51.0,38.0,0.0,12100.0,240.60000610351562,256.20001220703125,257.8999938964844,256.3999938964844,260.20001220703125,5248.8369140625,2808.019775390625,1331.1141357421875,699.0247802734375,96.1158676147461,253.32000732421875,93.4000015258789,97.0,270.239990234375,0.0,0.0,0.375,803.3876342773438,100.0,79.0,0.0,100.0,13300.0,237.53134155273438,253.9188690185547,255.6093292236328,256.35711669921875,260.4516906738281,5218.9365234375,2798.02099609375,1337.727783203125,705.8539428710938,101.55313110351562,255.5637969970703,83.0384292602539,88.45565032958984,397.025634765625,0.0,0.0,9.5,5257.83984375,2810.157470703125,1338.76025390625,699.524169921875,102.16162109375,241.36944580078125,255.40174865722656,258.1820068359375,259.5921325683594,263.667236328125,78.30039978027344,81.02860260009766,81.16670989990234,73.8126449584961,,,,260.36785888671875,,101400.5,93405.15625,,4.203003883361816,80.0,,,30.0,32.0,201.0,43.0,44.0,,50.0,,39.0,,39.0,40.0,0.0,276.0,253.95999145507812,251.5399932861328,82.0,7.0,18.0,19.600000381469727
2022-04-13T00:58,2022-04-13T01:00,24,holdout_baserate,0,2022,4,0,25,2022-04-12T00:00,25,2022-04-12T00:00,25,2022-04-12T00:00,22,2022-04-12T03:00,24,2022-04-12T00:00,24,2022-04-12T01:00,-999.0,0.0,0.0,0.0,4.0,8739.3544921875,nan,nan,nan,9686.2158203125,4.878342151641846,252.87078857421875,264.23931884765625,273.9051208496094,278.87322998046875,282.9655456542969,5555.6923828125,2996.646484375,1471.158447265625,143.45689392089844,272.229736328125,79.19999694824219,438.58795166015625,1168.719970703125,18200.0,0.0,5.389999866485596,1146.930419921875,0.0,82.9000015258789,100.0,0.0,24135.0546875,0.0,0.0,252.93553161621094,265.7396240234375,273.2496337890625,278.0796203613281,281.925048828125,5567.32421875,3000.46142578125,1473.4368896484375,788.6421508789062,148.59580993652344,277.3659973144531,68.0999984741211,62.70000076293945,1135.1583251953125,1484.1600341796875,19999.953125,11.0,15.0,6.0,24100.0,252.60000610351562,263.8999938964844,273.29998779296875,278.0,282.1000061035156,5535.71923828125,2982.777587890625,1457.2791748046875,773.5726928710938,126.61585998535156,274.8599853515625,73.0,71.0,571.52001953125,1469.9200439453125,0.0,0.0,7626.5673828125,0.0,3.0,99.0,0.0,20300.0,252.61196899414062,264.4975891113281,272.85302734375,277.8855285644531,281.9945983886719,5558.39892578125,2999.38037109375,1476.1541748046875,793.6866455078125,152.1805419921875,275.73797607421875,76.0,63.778343200683594,494.05670166015625,1390.0,0.0,8.0,5527.41015625,2985.84033203125,1459.370849609375,770.9855346679688,125.67138671875,251.08949279785156,264.33245849609375,274.5107421875,280.528564453125,284.9918212890625,29.173566818237305,50.119014739990234,41.28642654418945,44.40937423706055,,,,279.361328125,,101523.0625,94103.078125,,5.988383769989014,37.0,,,88886.0,6208.0,457.0,2.0,4.0,,11.0,,30.0,,30.0,30.0,0.0,385.0,270.3899841308594,266.27996826171875,75.0,0.0,16.399999618530273,18.899999618530273
2022-04-13T00:58,2022-04-13T01:00,48,holdout_baserate,0,2022,4,0,43,2022-04-11T06:00,49,2022-04-11T00:00,49,2022-04-11T00:00,46,2022-04-11T03:00,48,2022-04-11T00:00,36,2022-04-11T13:00,-999.0,0.0,4.0,0.0,100.0,8181.4208984375,1342.77734375,nan,86400.0,9793.6796875,6.282582759857178,250.9847869873047,262.3197937011719,273.5906066894531,278.14581298828125,282.2823486328125,5523.98828125,2992.009765625,1470.888916015625,146.96951293945312,272.291015625,87.30000305175781,461.54248046875,1179.0400390625,14100.0,0.0,23.56999969482422,1243.344482421875,0.0,9.5,100.0,0.0,24135.19140625,0.0,0.0,254.2646026611328,267.5726318359375,273.2852478027344,277.5452575683594,281.3665771484375,5562.708984375,2987.803955078125,1459.15087890625,774.6702880859375,135.7711944580078,276.52630615234375,76.9000015258789,69.69999694824219,1118.97900390625,1474.719970703125,19999.90234375,2.0,0.0,5.0,24100.0,251.39999389648438,262.8999938964844,272.5,277.20001220703125,281.29998779296875,5511.427734375,2973.83544921875,1453.21826171875,771.5073852539062,125.81961059570312,274.0400085449219,72.69999694824219,71.0,517.760009765625,1379.0400390625,0.0,0.0,7321.51220703125,0.0,12.0,93.0,0.0,17400.0,252.26739501953125,265.56719970703125,273.7911376953125,278.73541259765625,282.7603759765625,5569.80078125,3006.894775390625,1476.072265625,790.8204956054688,147.0859375,276.8332824707031,82.0,72.72370147705078,526.3563842773438,1520.0,0.0,4.625,5526.0078125,2988.871337890625,1460.838134765625,771.5846557617188,125.794921875,250.63058471679688,263.4752197265625,274.8678894042969,280.75787353515625,285.11639404296875,13.694039344787598,52.673973083496094,46.325618743896484,51.65763854980469,,,,279.11419677734375,,101517.75,94105.6875,,5.698960781097412,51.0,,,88886.0,1040.0,457.0,1.0,3.0,,8.0,,44.0,,44.0,44.0,9.0,326.0,270.95001220703125,267.69000244140625,77.0,0.0,15.600000381469727,18.0
2022-04-28T03:47,2022-04-28T04:00,1,holdout_baserate,0,2022,4,3,1,2022-04-28T03:00,4,2022-04-28T00:00,4,2022-04-28T00:00,1,2022-04-28T03:00,3,2022-04-28T00:00,1,2022-04-28T03:00,1917.800048828125,100.0,100.0,100.0,0.0,1461.2962646484375,1341.873046875,48700.0,85300.0,5965.1796875,13.537007331848145,244.00833129882812,262.3557434082031,267.664306640625,271.33294677734375,275.47320556640625,5374.3017578125,2880.4248046875,1369.390380859375,68.16740417480469,266.4868469238281,91.80000305175781,367.302734375,283.760009765625,800.0,0.00039999998989515007,1.6770000457763672,785.1919555664062,81.80000305175781,100.0,0.0,100.0,138.06777954101562,0.00032640001154504716,5.5625,244.85147094726562,262.1742858886719,267.1562194824219,271.7362060546875,275.8013610839844,5370.04833984375,2864.73046875,1356.458251953125,688.2894897460938,62.279258728027344,271.11944580078125,96.4000015258789,94.80000305175781,985.4175415039062,461.2799987792969,20000.115234375,97.0,96.0,0.0,700.0,244.60000610351562,262.20001220703125,266.29998779296875,270.70001220703125,274.79998779296875,5374.64306640625,2872.93359375,1364.322509765625,698.752197265625,71.81099700927734,267.7699890136719,90.30000305175781,91.0,501.0400085449219,353.44000244140625,0.0006000000284984708,3.1875,876.9818725585938,100.0,100.0,0.0,100.0,1800.0,243.8289031982422,262.1014709472656,266.8438415527344,270.840087890625,275.11773681640625,5377.82421875,2883.14306640625,1373.947021484375,707.9195556640625,76.33108520507812,270.2373962402344,95.68606567382812,92.94500732421875,573.2691040039062,310.0,0.0001900000061141327,0.8125,5375.38671875,2875.58203125,1364.620849609375,697.9165649414062,74.22998046875,244.5994415283203,262.0003662109375,267.27850341796875,271.17205810546875,275.3057861328125,97.30277252197266,88.64738464355469,90.19992065429688,89.29955291748047,,,,271.54522705078125,,101021.375,93370.921875,,8.983943939208984,96.0,,,0.0,0.0,0.0,77.0,83.0,,94.0,,91.0,,99.0,100.0,0.0,430.0,264.6299743652344,264.41998291015625,100.0,50.0,20.0,22.200000762939453
2022-04-28T03:47,2022-04-28T04:00,24,holdout_baserate,0,2022,4,3,22,2022-04-27T06:00,22,2022-04-27T06:00,22,2022-04-27T06:00,25,2022-04-27T03:00,21,2022-04-27T06:00,24,2022-04-27T04:00,-999.0,100.0,100.0,100.0,0.0,1341.8804931640625,1341.7347412109375,56000.0,85200.0,1566.8681640625,13.419538497924805,242.5220489501953,261.58770751953125,266.87054443359375,270.13885498046875,274.26715087890625,5346.9443359375,2863.771484375,1357.2080078125,61.06742858886719,265.5162048339844,92.80000305175781,356.8841247558594,133.9199981689453,0.0,0.0,21.31999969482422,785.0877075195312,80.69999694824219,66.4000015258789,0.0,100.0,394.59637451171875,4.160000025876798e-05,1.125,243.0308074951172,260.8310546875,265.26104736328125,270.17352294921875,274.2135314941406,5334.02783203125,2846.28369140625,1346.7586669921875,682.9468994140625,60.71367263793945,269.4512634277344,92.4000015258789,90.0999984741211,1017.2084350585938,209.75999450683594,19999.8984375,75.0,46.0,0.0,1700.0,243.5,261.20001220703125,266.20001220703125,271.0,275.1000061035156,5346.32861328125,2854.656494140625,1352.3504638671875,686.2014770507812,59.53282928466797,268.29998779296875,90.5999984741211,92.0,549.760009765625,435.5199890136719,0.00019999999494757503,2.875,835.6556396484375,100.0,94.0,0.0,100.0,3500.0,242.66754150390625,261.17901611328125,265.95391845703125,270.1798095703125,274.54364013671875,5343.77392578125,2865.5439453125,1361.85693359375,698.0137329101562,69.921875,269.6349182128906,94.88300323486328,93.57026672363281,619.712646484375,220.0,1.9999999494757503e-05,20.375,5365.5078125,2872.66259765625,1364.761474609375,696.95654296875,71.963134765625,243.61636352539062,261.4443664550781,267.5177917480469,271.6454162597656,275.8428955078125,91.55127716064453,92.43904113769531,89.70953369140625,86.10760498046875,,,,272.05322265625,,100955.5625,93329.7734375,,8.865120887756348,96.0,,,32.0,32.0,256.0,78.0,79.0,,91.0,,64.0,,64.0,64.0,2.0,497.0,264.20001220703125,264.1399841308594,100.0,29.0,18.799999237060547,21.700000762939453
2022-05-10T11:57,2022-05-10T12:00,1,train,0,2022,5,11,1,2022-05-10T11:00,6,2022-05-10T06:00,6,2022-05-10T06:00,1,2022-05-10T11:00,0,2022-05-10T12:00,1,2022-05-10T11:00,-999.0,0.0,0.0,0.0,0.0,nan,nan,nan,nan,nan,1.6560959815979004,259.8564453125,273.06915283203125,279.2854919433594,281.6733703613281,285.3727111816406,5799.14794921875,3171.95654296875,1600.015869140625,251.68238830566406,278.7608642578125,30.799999237060547,228.86737060546875,3254.56005859375,62900.0,0.0,0.0,20000.12109375,0.0,0.0,3.9000000953674316,0.0,24134.767578125,0.0,0.0,260.000732421875,273.29486083984375,277.0037536621094,280.53375244140625,285.4837646484375,5804.06884765625,3173.4541015625,1606.3360595703125,916.3692016601562,268.7922668457031,282.6000061035156,41.099998474121094,40.900001525878906,428.03607177734375,3214.239990234375,19999.904296875,0.0,0.0,0.0,24100.0,260.1000061035156,273.29998779296875,277.5,278.79998779296875,283.0,5801.916015625,3172.9560546875,1602.9022216796875,915.7633056640625,271.2601318359375,278.57000732421875,39.20000076293945,42.0,300.4800109863281,3207.679931640625,0.0,0.0,nan,0.0,0.0,1.0,0.0,54600.0,259.770751953125,272.98919677734375,279.71923828125,281.1233825683594,283.6625671386719,5804.2626953125,3173.34814453125,1602.0634765625,907.26123046875,257.676513671875,281.7626037597656,36.97602844238281,26.442235946655273,294.32244873046875,3160.0,0.0,0.0,5811.01953125,3183.078857421875,1608.781982421875,915.9054565429688,273.605224609375,260.64813232421875,273.1853942871094,279.3123779296875,279.46820068359375,283.390869140625,22.110694885253906,39.738685607910156,34.577613830566406,42.51805877685547,,,,281.4449462890625,,103360.9375,95785.921875,,6.917111873626709,7.0,,,88888.0,6704.0,16209.0,0.0,0.0,,0.0,,1.0,,1.0,1.0,0.0,353.0,274.8399963378906,264.44000244140625,45.0,0.0,12.0,12.800000190734863
2022-04-28T03:47,2022-04-28T04:00,48,holdout_baserate,0,2022,4,3,46,2022-04-26T06:00,46,2022-04-26T06:00,46,2022-04-26T06:00,49,2022-04-26T03:00,45,2022-04-26T06:00,36,2022-04-26T16:00,2085.0,0.0,24.0,100.0,0.0,nan,1341.7056884765625,59400.0,85100.0,nan,11.287914276123047,243.3470916748047,259.7019958496094,266.67303466796875,270.8473205566406,274.9954833984375,5318.51953125,2846.69970703125,1348.6656494140625,54.780364990234375,265.9056091308594,87.5999984741211,367.6241760253906,192.32000732421875,500.0,0.0006000000284984708,33.0,873.6834716796875,65.5999984741211,98.5999984741211,0.0,78.5999984741211,1050.8968505859375,2.2399999579647556e-05,0.75,242.3572998046875,261.33868408203125,266.13690185546875,270.57867431640625,274.6286926269531,5335.662109375,2855.604248046875,1352.5550537109375,686.742919921875,63.50324249267578,269.86212158203125,95.69999694824219,93.9000015258789,734.7890625,265.760009765625,19999.884765625,99.0,59.0,0.0,400.0,245.1999969482422,263.20001220703125,266.29998779296875,270.8999938964844,275.0,5326.41845703125,2823.8603515625,1318.689208984375,652.7640380859375,27.51791000366211,268.34002685546875,87.4000015258789,90.0,661.280029296875,441.6000061035156,0.0008999999845400453,3.625,1036.770263671875,100.0,82.0,0.0,100.0,1100.0,243.56451416015625,258.7240905761719,265.67694091796875,270.2528381347656,274.58343505859375,5314.4208984375,2851.0341796875,1357.2454833984375,693.5242919921875,67.70123291015625,269.6774597167969,92.78761291503906,90.95744323730469,708.3522338867188,230.0,0.00026000000070780516,21.8125,5357.66015625,2874.581298828125,1368.394775390625,698.123779296875,70.50439453125,243.5530548095703,261.290283203125,268.0655212402344,272.81219482421875,276.948974609375,88.92081451416016,92.3231201171875,92.80107116699219,91.91991424560547,,,,273.2289123535156,,100922.9375,93331.328125,,8.679933547973633,95.0,,,0.0,0.0,256.0,83.0,84.0,,89.0,,43.0,,43.0,43.0,2.0,428.0,264.53997802734375,264.3800048828125,99.0,45.0,18.399999618530273,21.700000762939453
2022-05-10T11:57,2022-05-10T12:00,24,train,0,2022,5,11,24,2022-05-09T12:00,24,2022-05-09T12:00,24,2022-05-09T12:00,21,2022-05-09T15:00,24,2022-05-09T12:00,24,2022-05-09T12:00,-999.0,0.0,0.0,0.0,0.0,nan,nan,nan,nan,nan,1.3491424322128296,258.40570068359375,272.0244445800781,278.45867919921875,279.80548095703125,283.8431396484375,5794.5859375,3179.94677734375,1611.8643798828125,269.76214599609375,277.50860595703125,50.79999923706055,346.5621032714844,3025.919921875,39000.0,0.0,0.0,20000.11328125,0.0,0.0,0.0,0.0,24134.78125,0.0,0.0,258.8258056640625,272.7557678222656,276.91680908203125,279.1368103027344,284.1168212890625,5791.57861328125,3171.227783203125,1604.0762939453125,916.6257934570312,272.183837890625,281.3999938964844,44.29999923706055,44.900001525878906,437.2897033691406,3083.52001953125,19999.951171875,1.0,0.0,0.0,24100.0,259.79998779296875,273.20001220703125,278.29998779296875,278.20001220703125,282.29998779296875,5807.875,3178.9033203125,1608.1842041015625,921.3176879882812,275.0961608886719,278.010009765625,37.70000076293945,40.0,259.67999267578125,3198.56005859375,0.0,0.0,nan,0.0,0.0,0.0,0.0,44700.0,259.853515625,272.419189453125,279.61163330078125,279.5283508300781,283.0379638671875,5803.412109375,3179.693115234375,1609.873291015625,917.1473388671875,270.0733642578125,280.8536376953125,44.78038024902344,38.70897674560547,333.0482177734375,3050.0,0.0,0.0,5811.95703125,3179.3642578125,1608.550537109375,917.0147705078125,275.31982421875,259.95526123046875,273.36297607421875,278.828857421875,279.3173828125,282.9787902832031,16.64617919921875,41.886474609375,41.243133544921875,49.54346466064453,,,,281.39373779296875,,103385.5,95804.609375,,6.724288463592529,6.0,,,88888.0,6704.0,201.0,13.0,14.0,,16.0,,22.0,,23.0,25.0,0.0,350.0,275.2300109863281,264.6100158691406,46.0,0.0,11.199999809265137,11.699999809265137
2022-05-10T11:57,2022-05-10T12:00,48,train,0,2022,5,11,48,2022-05-08T12:00,48,2022-05-08T12:00,48,2022-05-08T12:00,45,2022-05-08T15:00,48,2022-05-08T12:00,48,2022-05-08T12:00,-999.0,0.0,0.0,0.0,0.0,nan,nan,nan,nan,nan,2.860867738723755,259.4356689453125,272.630859375,278.7498779296875,279.8194885253906,283.84454345703125,5813.3662109375,3192.8310546875,1623.1014404296875,280.66375732421875,277.1879577636719,36.599998474121094,327.3017272949219,3129.919921875,54800.0,0.0,0.0,20000.123046875,0.0,0.0,24.799999237060547,0.0,24134.95703125,0.0,0.0,259.30999755859375,273.0282897949219,277.83575439453125,280.60833740234375,285.59747314453125,5809.22509765625,3181.946044921875,1611.8272705078125,920.4874267578125,272.4029541015625,282.7034606933594,50.0,51.599998474121094,385.9056396484375,3155.840087890625,19999.951171875,0.0,0.0,0.0,24100.0,258.6000061035156,273.79998779296875,278.5,279.3999938964844,283.5,5822.12548828125,3191.81103515625,1617.6422119140625,928.710205078125,282.5285949707031,279.260009765625,42.0,44.0,220.8800048828125,3325.760009765625,0.0,0.0,nan,0.0,0.0,66.0,0.0,45000.0,259.707763671875,272.665771484375,279.7586975097656,279.2943115234375,282.4841003417969,5818.4384765625,3194.7705078125,1623.0775146484375,930.267333984375,283.8304748535156,280.452392578125,45.734230041503906,35.794795989990234,323.3558349609375,3130.0,0.0,0.0,5825.703125,3185.260498046875,1608.65478515625,916.341064453125,274.606201171875,260.1325988769531,274.45147705078125,279.3800048828125,279.3307189941406,282.9610900878906,15.525203704833984,34.79612731933594,40.065895080566406,49.26076126098633,,,,281.37835693359375,,103371.9375,95788.28125,,6.156807899475098,10.0,,,88888.0,5272.0,9856.0,9.0,9.0,,9.0,,30.0,,30.0,30.0,0.0,510.0,276.17999267578125,265.989990234375,47.0,0.0,11.199999809265137,11.300000190734863
2022-05-21T18:56,2022-05-21T19:00,1,holdout_baserate,0,2022,5,18,1,2022-05-21T18:00,1,2022-05-21T18:00,1,2022-05-21T18:00,1,2022-05-21T18:00,0,2022-05-21T18:00,1,2022-05-21T18:00,-999.0,0.0,3.0,0.0,0.0,nan,nan,nan,nan,nan,4.856804847717285,260.9807434082031,283.4488525390625,291.00079345703125,294.6393127441406,299.1005859375,5831.7470703125,3152.822265625,1512.220947265625,98.35133361816406,293.3149108886719,84.9000015258789,414.60040283203125,4357.759765625,16500.0,0.0,0.0,20000.12890625,28.399999618530273,0.0,0.0,0.0,24134.853515625,1.6000000186977559e-06,0.0,261.0141296386719,284.07464599609375,290.9290771484375,298.1920166015625,302.68829345703125,5838.92333984375,3159.940185546875,1521.2725830078125,787.5625610351562,111.66956329345703,299.1986999511719,59.79999923706055,61.0,1261.1849365234375,4364.64013671875,20000.025390625,6.0,0.0,0.0,24100.0,261.70001220703125,283.6000061035156,292.0,297.6000061035156,302.1000061035156,5832.7431640625,3152.31640625,1510.963134765625,774.2587890625,95.361083984375,296.8599853515625,73.19999694824219,80.0,1134.56005859375,4347.68017578125,0.0,0.0,nan,30.0,0.0,17.0,30.0,20100.0,260.9237976074219,283.2783203125,290.6716003417969,294.0257873535156,298.9317321777344,5834.58056640625,3157.987548828125,1517.9876708984375,790.0133666992188,107.46785736083984,296.5537414550781,78.0,79.7276840209961,468.48358154296875,4340.0,0.0,0.0,5839.8046875,3159.643310546875,1520.61962890625,791.579833984375,117.454833984375,261.27154541015625,283.367431640625,290.37493896484375,295.4199523925781,300.1701354980469,25.82166862487793,85.51960754394531,68.91060638427734,61.01865768432617,,,,298.3984069824219,,101354.75,94214.046875,,28.30646324157715,26.0,,,88886.0,1048.0,465.0,61.0,66.0,,69.0,,73.0,,73.0,73.0,2481.0,874.0,289.30999755859375,286.91998291015625,86.0,1.0,8.899999618530273,10.600000381469727
2022-05-21T18:56,2022-05-21T19:00,24,holdout_baserate,0,2022,5,18,25,2022-05-20T18:00,25,2022-05-20T18:00,25,2022-05-20T18:00,22,2022-05-20T21:00,24,2022-05-20T18:00,24,2022-05-20T19:00,-999.0,0.0,4.0,0.0,69.0,nan,2388.07421875,nan,25700.0,nan,4.741497993469238,260.24285888671875,282.53155517578125,290.39215087890625,295.66632080078125,300.2252502441406,5843.67919921875,3167.949462890625,1534.8021240234375,120.26539611816406,293.5892333984375,78.0,669.312255859375,4362.240234375,20400.0,0.0,0.0,19999.970703125,30.100000381469727,0.0,1.600000023841858,0.0,24135.314453125,1.9999999949504854e-06,0.0,259.9177551269531,282.331787109375,291.0986328125,298.6933288574219,303.15521240234375,5835.44580078125,3162.449951171875,1531.7562255859375,797.4881591796875,120.88565826416016,299.6868896484375,54.29999923706055,55.0,1727.365234375,4316.7998046875,20000.091796875,7.0,0.0,0.0,24100.0,260.20001220703125,282.6000061035156,289.79998779296875,295.8999938964844,300.29998779296875,5836.919921875,3160.9599609375,1522.720703125,791.2286376953125,105.91803741455078,295.3599853515625,73.0,81.0,673.4400024414062,4346.72021484375,0.0,0.0,nan,3.0,1.0,99.0,3.0,23100.0,260.6354675292969,282.74420166015625,290.4410095214844,294.7592468261719,299.798095703125,5836.32421875,3164.391845703125,1528.8095703125,800.3076782226562,115.69053649902344,297.24041748046875,72.11625671386719,76.99798583984375,714.0537719726562,4290.0,0.0,0.0625,5836.98828125,3159.16357421875,1521.0068359375,788.478759765625,111.9248046875,260.6724853515625,283.95574951171875,290.96728515625,297.1937255859375,301.80780029296875,16.332639694213867,76.0665283203125,58.456275939941406,52.49175262451172,,,,301.36151123046875,,101274.625,94163.28125,,25.74999237060547,15.0,,,88886.0,968.0,384.0,28.0,39.0,,46.0,,35.0,,36.0,36.0,2234.0,941.0,289.25,286.1399841308594,83.0,5.0,10.100000381469727,12.300000190734863
2022-06-02T21:51,2022-06-02T22:00,1,holdout_baserate,0,2022,6,21,1,2022-06-02T21:00,4,2022-06-02T18:00,4,2022-06-02T18:00,1,2022-06-02T21:00,3,2022-06-02T18:00,1,2022-06-02T21:00,-999.0,51.0,56.0,0.0,100.0,9335.322265625,1344.506103515625,nan,86000.0,11326.5712890625,1.6489921808242798,261.0098876953125,276.8260803222656,281.99853515625,287.00927734375,291.462890625,5678.619140625,3024.295166015625,1432.863037109375,55.936851501464844,283.9106140136719,94.0999984741211,481.9378662109375,3828.917724609375,12900.0,0.0,0.0,1566.447998046875,83.5999984741211,5.0,100.0,65.19999694824219,24130.78515625,2.1600000764010474e-05,0.125,261.2425842285156,275.9117431640625,283.24176025390625,289.6417541503906,293.9492492675781,5676.99365234375,3021.16748046875,1432.8978271484375,720.3941040039062,56.95768737792969,289.39862060546875,73.80000305175781,71.5,535.9389038085938,3772.800048828125,1196.8919677734375,33.0,10.0,100.0,100.0,261.1000061035156,277.8999938964844,283.0,287.20001220703125,291.5,5684.69140625,3028.1708984375,1432.170654296875,722.9019775390625,61.9504280090332,284.5199890136719,99.80000305175781,100.0,71.68000030517578,3846.239990234375,0.0,0.25,1388.923583984375,98.0,0.0,100.0,98.0,14900.0,261.2286071777344,276.18780517578125,281.37322998046875,286.89471435546875,291.6137390136719,5681.27880859375,3028.644775390625,1440.4403076171875,733.99365234375,66.58446502685547,287.1975402832031,88.0,87.63105773925781,815.866455078125,3750.0,0.0,0.0,5679.171875,3021.60498046875,1434.3759765625,728.4901123046875,68.086669921875,261.37628173828125,276.7389831542969,280.9682922363281,287.2369384765625,291.7532043457031,19.962844848632812,95.45854187011719,70.61903381347656,66.38380432128906,,,,288.6561279296875,,100801.0625,93580.0234375,,18.64504623413086,93.0,,,0.0,0.0,209.0,75.0,88.0,,100.0,,75.0,,75.0,75.0,19.0,424.0,279.8499755859375,279.92999267578125,100.0,2.0,6.0,6.0
2022-05-21T18:56,2022-05-21T19:00,48,holdout_baserate,0,2022,5,18,43,2022-05-20T00:00,49,2022-05-19T18:00,49,2022-05-19T18:00,46,2022-05-19T21:00,48,2022-05-19T18:00,36,2022-05-20T07:00,-999.0,0.0,6.0,0.0,0.0,nan,1658.04638671875,nan,83900.0,nan,6.029702186584473,260.9218444824219,281.59600830078125,290.27996826171875,296.2008972167969,300.902587890625,5850.73828125,3172.95263671875,1540.9703369140625,126.10612487792969,293.3352966308594,84.0,561.6485595703125,4439.52001953125,17100.0,0.0,0.07000000029802322,1711.9525146484375,80.69999694824219,5.699999809265137,0.0,0.0,24135.013671875,1.0800000382005237e-05,0.0,260.8760070800781,281.6846618652344,290.14447021484375,297.3439025878906,301.92523193359375,5852.349609375,3167.31298828125,1538.5941162109375,807.0552978515625,131.612060546875,298.6000061035156,58.70000076293945,60.0,1323.0362548828125,4442.8798828125,20000.173828125,1.0,0.0,0.0,24100.0,261.6000061035156,284.29998779296875,289.1000061035156,294.6000061035156,299.0,5852.58642578125,3167.180908203125,1526.157470703125,797.5390625,110.52349090576172,292.8800048828125,84.9000015258789,89.0,739.6799926757812,4437.43994140625,0.0,0.0,1462.9925537109375,61.0,18.0,73.0,32.0,17800.0,262.6294860839844,279.4360656738281,289.4081726074219,294.79486083984375,299.731689453125,5837.8857421875,3172.61669921875,1548.55078125,820.265625,137.20452880859375,296.11956787109375,83.03851318359375,81.66605377197266,815.8419799804688,3980.0,0.0003699999942909926,3.0,5844.40234375,3161.13916015625,1517.84521484375,782.3402099609375,103.529052734375,261.7052307128906,283.793701171875,291.5665283203125,298.70361328125,303.30419921875,25.837495803833008,76.49234008789062,55.27267837524414,49.993980407714844,,,,301.85205078125,,101208.3125,94110.3046875,,26.91095542907715,25.0,,,88886.0,544.0,384.0,69.0,77.0,,81.0,,40.0,,41.0,41.0,2786.0,906.0,289.8800048828125,286.54998779296875,81.0,3.0,10.5,13.199999809265137
2022-06-02T21:51,2022-06-02T22:00,24,holdout_baserate,0,2022,6,21,22,2022-06-02T00:00,22,2022-06-02T00:00,22,2022-06-02T00:00,25,2022-06-01T21:00,21,2022-06-02T00:00,24,2022-06-01T22:00,-999.0,69.0,71.0,0.0,3.0,1735.319580078125,1344.45751953125,nan,86000.0,nan,1.832499623298645,261.32525634765625,276.51995849609375,282.41766357421875,286.483642578125,290.88970947265625,5678.24755859375,3027.6142578125,1437.56396484375,62.330726623535156,283.972900390625,97.0,456.94659423828125,3744.950927734375,12200.0,0.0,9.779999732971191,1138.822509765625,86.69999694824219,54.20000076293945,100.0,84.0999984741211,24134.982421875,0.0,0.0,261.2479248046875,276.7123107910156,281.8677978515625,288.1138000488281,292.401123046875,5676.73046875,3022.552734375,1433.6956787109375,725.4177856445312,63.80387496948242,288.01470947265625,74.9000015258789,74.9000015258789,723.7930908203125,3721.1201171875,20000.01953125,28.0,2.0,33.0,0.0,261.79998779296875,277.1000061035156,281.20001220703125,286.0,290.29998779296875,5684.60595703125,3026.91796875,1431.7158203125,725.8694458007812,64.14722442626953,283.30999755859375,99.69999694824219,100.0,261.2799987792969,3845.280029296875,0.0,0.125,1230.08935546875,83.0,0.0,100.0,56.0,12100.0,261.54669189453125,277.250244140625,282.1087646484375,286.8230895996094,291.50225830078125,5679.830078125,3024.783203125,1431.646484375,724.874755859375,56.94593048095703,286.9524230957031,89.0,87.8773422241211,558.6591186523438,3780.0,0.0,19.0625,5681.5703125,3023.933837890625,1433.1064453125,724.7864379882812,63.09814453125,261.6133728027344,276.70562744140625,282.05780029296875,288.00396728515625,292.591796875,12.159672737121582,95.22384643554688,72.79605102539062,67.45919036865234,,,,289.8028564453125,,100738.3125,93524.1875,,17.859737396240234,93.0,,,30.0,32.0,256.0,73.0,82.0,,89.0,,47.0,,48.0,48.0,7.0,303.0,281.8599853515625,281.54998779296875,97.0,4.0,5.300000190734863,5.400000095367432
2022-06-02T21:51,2022-06-02T22:00,48,holdout_baserate,0,2022,6,21,46,2022-06-01T00:00,46,2022-06-01T00:00,46,2022-06-01T00:00,49,2022-05-31T21:00,45,2022-06-01T00:00,36,2022-06-01T10:00,-999.0,6.0,20.0,0.0,100.0,9786.728515625,1344.5072021484375,25200.0,85900.0,11678.3203125,2.2419590950012207,260.44921875,275.70623779296875,282.298095703125,284.7127685546875,288.9943542480469,5669.30078125,3020.7548828125,1431.4437255859375,63.32986068725586,283.42718505859375,100.0,399.9988708496094,3640.792236328125,12200.0,0.0,10.800000190734863,858.988037109375,68.0999984741211,100.0,100.0,100.0,24134.87109375,4.0000000467443897e-07,0.0625,261.37396240234375,276.6428527832031,283.36260986328125,286.9026184082031,291.18585205078125,5680.37841796875,3022.724609375,1427.245849609375,719.4944458007812,59.130062103271484,286.8013000488281,88.5,88.4000015258789,383.0376281738281,3800.9599609375,19999.82421875,35.0,3.0,17.0,100.0,262.1000061035156,278.6000061035156,282.1000061035156,286.5,290.79998779296875,5687.41796875,3025.173095703125,1426.1124267578125,718.824951171875,62.131439208984375,283.9100036621094,99.5,100.0,144.8000030517578,3936.639892578125,0.0,0.0,4481.24169921875,41.0,5.0,100.0,41.0,16400.0,260.70574951171875,275.7678527832031,281.9479064941406,286.3543701171875,291.05474853515625,5670.9716796875,3018.53955078125,1432.97607421875,727.4098510742188,63.067344665527344,287.1054992675781,86.0,86.48844909667969,534.8856201171875,3780.0,0.0,11.875,5683.83203125,3024.2294921875,1429.1376953125,720.543701171875,58.585205078125,261.15576171875,277.33111572265625,282.2501220703125,288.0682678222656,292.62139892578125,23.602510452270508,98.92112731933594,77.3926010131836,71.05856323242188,,,,289.1142578125,,100709.625,93498.265625,,21.059446334838867,72.0,,,30.0,32.0,384.0,59.0,69.0,,82.0,,34.0,,35.0,35.0,3.0,309.0,279.30999755859375,279.3399963378906,100.0,4.0,6.800000190734863,6.800000190734863
2022-06-16T03:56,2022-06-16T04:00,1,holdout_baserate,0,2022,6,3,1,2022-06-16T03:00,4,2022-06-16T00:00,4,2022-06-16T00:00,1,2022-06-16T03:00,3,2022-06-16T00:00,1,2022-06-16T03:00,-999.0,0.0,50.0,0.0,0.0,nan,1344.6915283203125,nan,87100.0,nan,4.920007228851318,264.7096862792969,276.9162902832031,284.27459716796875,288.21160888671875,292.2057189941406,5815.939453125,3143.243408203125,1548.1259765625,165.83599853515625,283.430908203125,88.0999984741211,162.89276123046875,4078.948974609375,14100.0,0.0,0.0,20000.021484375,0.0,61.5,5.599999904632568,0.0,24134.830078125,0.0,0.0,264.3390808105469,277.0769958496094,284.20135498046875,286.9368896484375,289.47821044921875,5818.0029296875,3147.19287109375,1551.1885986328125,839.2654418945312,181.14724731445312,284.4884948730469,92.80000305175781,79.30000305175781,20.999704360961914,4097.60009765625,19999.865234375,19.0,11.0,0.0,0.0,264.5,277.8999938964844,284.0,287.5,291.79998779296875,5824.17138671875,3154.111328125,1556.327392578125,845.7666625976562,180.31344604492188,285.3399658203125,99.9000015258789,100.0,546.5599975585938,3952.9599609375,9.999999747378752e-05,0.125,nan,2.0,0.0,0.0,0.0,18500.0,264.205322265625,277.20050048828125,284.7151184082031,289.2513732910156,292.2957763671875,5820.36328125,3148.6513671875,1552.655029296875,838.5385131835938,168.75694274902344,286.249755859375,78.03875732421875,68.26398468017578,116.85416412353516,4210.0,0.0,0.0,5820.0546875,3152.55908203125,1558.03564453125,844.224609375,181.429931640625,264.3037109375,276.46759033203125,284.5782470703125,289.11907958984375,292.97021484375,34.64960861206055,70.05091094970703,67.14698028564453,79.37925720214844,,,,287.11676025390625,,102145.5,94849.703125,,17.760190963745117,14.0,,,88886.0,2768.0,402.0,15.0,15.0,,20.0,,15.0,,15.0,15.0,0.0,129.0,280.66998291015625,279.57000732421875,93.0,2.0,9.199999809265137,9.399999618530273
2022-06-16T03:56,2022-06-16T04:00,24,holdout_baserate,0,2022,6,3,22,2022-06-15T06:00,22,2022-06-15T06:00,22,2022-06-15T06:00,25,2022-06-15T03:00,21,2022-06-15T06:00,24,2022-06-15T04:00,-999.0,0.0,0.0,0.0,100.0,11381.970703125,1344.6400146484375,nan,87200.0,12822.52734375,5.1489949226379395,264.5465393066406,276.3159484863281,283.87152099609375,287.99456787109375,292.056640625,5819.37109375,3150.03759765625,1557.350830078125,176.78533935546875,283.0422058105469,88.4000015258789,165.97254943847656,4044.140869140625,14400.0,0.0,0.0,20000.021484375,0.20000000298023224,4.400000095367432,0.6000000238418579,0.0,24135.1015625,0.0,0.0,265.1766052246094,276.70489501953125,284.6866455078125,286.94012451171875,289.4256591796875,5817.98046875,3147.918212890625,1553.638427734375,841.07080078125,183.04425048828125,284.432373046875,93.30000305175781,78.30000305175781,25.089359283447266,3890.719970703125,1197.135009765625,43.0,70.0,0.0,100.0,264.3999938964844,276.8999938964844,283.0,287.70001220703125,292.0,5810.86962890625,3138.08203125,1540.84619140625,830.4006958007812,166.23020935058594,285.3800048828125,99.9000015258789,100.0,492.6400146484375,4067.840087890625,0.0008999999845400453,1.5625,nan,21.0,0.0,24.0,0.0,20600.0,264.52154541015625,276.0969543457031,283.96923828125,288.032470703125,291.3974914550781,5821.513671875,3153.03369140625,1561.120849609375,849.78955078125,182.9897918701172,285.94281005859375,75.52789306640625,64.95723724365234,312.6895751953125,4000.0,0.0,0.5,5821.15625,3152.569091796875,1552.643310546875,837.503173828125,174.572509765625,264.32537841796875,277.217529296875,285.4085388183594,289.47686767578125,293.09613037109375,26.870685577392578,61.86592102050781,63.3293342590332,80.16686248779297,,,,286.19268798828125,,102065.125,94785.34375,,16.71860122680664,22.0,,,88886.0,5584.0,256.0,30.0,32.0,,37.0,,41.0,,41.0,41.0,0.0,124.0,281.54998779296875,279.22998046875,86.0,1.0,8.800000190734863,9.0
2022-06-16T03:56,2022-06-16T04:00,48,holdout_baserate,0,2022,6,3,46,2022-06-14T06:00,46,2022-06-14T06:00,46,2022-06-14T06:00,49,2022-06-14T03:00,45,2022-06-14T06:00,36,2022-06-14T16:00,-999.0,0.0,0.0,0.0,0.0,nan,nan,nan,nan,nan,4.914729595184326,264.0400390625,276.72808837890625,284.52154541015625,288.794677734375,292.92303466796875,5817.3662109375,3152.224609375,1555.850830078125,172.04501342773438,283.7176208496094,84.0,156.85020446777344,3950.743408203125,16100.0,0.0,0.6899999976158142,20000.0546875,0.0,5.0,1.600000023841858,0.0,24134.93359375,0.0,0.0,264.6337585449219,276.8648376464844,283.8451232910156,287.3982849121094,289.5717468261719,5825.845703125,3152.389404296875,1557.8892822265625,845.8978881835938,187.71890258789062,284.4456481933594,88.5,72.30000305175781,19.420406341552734,4092.0,5267.77490234375,11.0,52.0,0.0,24100.0,264.8999938964844,277.20001220703125,282.29998779296875,285.3999938964844,289.70001220703125,5809.52197265625,3139.635986328125,1543.24462890625,838.7448120117188,176.4470672607422,283.30999755859375,97.19999694824219,100.0,224.16000366210938,3955.360107421875,0.0,0.125,10881.744140625,0.0,0.0,97.0,0.0,18600.0,264.4714660644531,276.3392639160156,284.2457580566406,288.7961730957031,292.2615661621094,5817.93115234375,3153.58056640625,1559.4639892578125,846.9153442382812,178.44313049316406,286.51849365234375,78.03633117675781,70.48625946044922,163.7488555908203,3850.0,0.0,5.375,5821.4921875,3150.637939453125,1555.513671875,841.2235107421875,178.2578125,264.18310546875,276.3363037109375,284.90374755859375,289.244873046875,293.03045654296875,31.661727905273438,67.4683837890625,68.6942138671875,82.48755645751953,,,,287.28045654296875,,102103.3125,94810.6875,,18.489330291748047,23.0,,,88888.0,3096.0,384.0,24.0,25.0,,29.0,,38.0,,38.0,38.0,0.0,120.0,281.760009765625,279.29998779296875,83.0,1.0,8.399999618530273,8.600000381469727
2022-06-29T15:53,2022-06-29T16:00,1,holdout_baserate,0,2022,6,15,1,2022-06-29T15:00,4,2022-06-29T12:00,4,2022-06-29T12:00,1,2022-06-29T15:00,3,2022-06-29T12:00,1,2022-06-29T15:00,-999.0,0.0,2.0,0.0,0.0,nan,nan,nan,nan,nan,4.592833518981934,258.3843994140625,275.2724304199219,283.5006408691406,290.04583740234375,294.81097412109375,5783.796875,3154.00439453125,1566.15185546875,184.66517639160156,287.5028076171875,64.19999694824219,683.8585205078125,3566.0380859375,28400.0,0.0,0.0,20000.1328125,2.299999952316284,0.0,64.5,0.0,24135.0703125,0.0,0.0,258.5888977050781,275.69110107421875,284.58868408203125,291.8924560546875,296.9224548339844,5780.658203125,3150.010498046875,1564.2894287109375,848.7957153320312,180.60415649414062,294.0028381347656,39.79999923706055,41.20000076293945,1949.697998046875,3523.840087890625,19999.95703125,39.0,0.0,1.0,24100.0,258.6000061035156,276.20001220703125,283.70001220703125,289.6000061035156,294.0,5784.1875,3151.19091796875,1562.0074462890625,848.7783203125,175.591552734375,289.3299865722656,64.9000015258789,66.0,1105.52001953125,3521.1201171875,0.0,0.125,nan,6.0,0.0,31.0,6.0,34600.0,258.44439697265625,275.0897521972656,282.92803955078125,289.6814880371094,294.911865234375,5781.6005859375,3152.54443359375,1567.793701171875,856.8389892578125,187.6209259033203,291.7406005859375,56.0,55.215660095214844,1277.678466796875,3480.0,0.0,0.0,5783.6953125,3153.41455078125,1568.3193359375,856.6768188476562,190.010498046875,258.6893310546875,275.1221923828125,282.8909606933594,289.9757080078125,295.0191650390625,12.612849235534668,72.82044982910156,51.62655258178711,43.69289779663086,,,,294.5160217285156,,102221.5625,94963.1875,,14.010890007019043,56.0,,,88885.0,4088.0,16209.0,31.0,44.0,,55.0,,14.0,,14.0,14.0,23.0,1245.0,283.53997802734375,277.7400207519531,68.0,2.0,8.0,9.199999809265137
2022-06-29T15:53,2022-06-29T16:00,24,holdout_baserate,0,2022,6,15,22,2022-06-28T18:00,22,2022-06-28T18:00,22,2022-06-28T18:00,25,2022-06-28T15:00,21,2022-06-28T18:00,24,2022-06-28T16:00,-999.0,0.0,2.0,0.0,100.0,8000.41259765625,8042.92431640625,34700.0,36600.0,9943.6005859375,5.049832344055176,257.9083251953125,274.17950439453125,283.44586181640625,290.143798828125,294.9908447265625,5775.13818359375,3152.7509765625,1569.1708984375,188.01431274414062,287.5096130371094,67.5,832.65625,3496.3623046875,26200.0,0.0,0.0,20000.193359375,0.0,0.4000000059604645,4.900000095367432,0.0,24135.0859375,0.0,0.0,258.72088623046875,275.3302001953125,284.4466857910156,291.788818359375,296.8431396484375,5783.08203125,3150.178466796875,1564.45068359375,849.3986206054688,181.3601531982422,294.0702209472656,38.5,40.29999923706055,1879.6011962890625,3544.47998046875,19999.958984375,29.0,0.0,0.0,400.0,258.79998779296875,276.5,281.8999938964844,286.8999938964844,291.20001220703125,5786.52392578125,3150.0283203125,1559.1004638671875,851.1133422851562,179.28211975097656,285.2799987792969,99.69999694824219,100.0,442.55999755859375,3585.280029296875,0.0,0.1875,nan,19.0,5.0,47.0,19.0,33100.0,257.91619873046875,274.3763732910156,282.8485412597656,289.6916198730469,294.86309814453125,5778.689453125,3153.833740234375,1573.0101318359375,861.9508056640625,193.06698608398438,291.6324157714844,57.35514450073242,56.3142204284668,1471.2738037109375,3390.0,0.0,0.3125,5785.1640625,3153.670654296875,1568.559326171875,856.9230346679688,190.231689453125,258.5938415527344,275.30908203125,282.9226379394531,289.94085693359375,294.98583984375,16.15182876586914,73.5144271850586,53.1904296875,44.8009147644043,,,,294.28271484375,,102230.625,94954.015625,,15.038448333740234,24.0,,,88888.0,2944.0,256.0,15.0,18.0,,32.0,,50.0,,51.0,51.0,22.0,1265.0,283.3799743652344,278.0099792480469,70.0,1.0,7.599999904632568,8.699999809265137
2022-06-29T15:53,2022-06-29T16:00,48,holdout_baserate,0,2022,6,15,46,2022-06-27T18:00,46,2022-06-27T18:00,46,2022-06-27T18:00,49,2022-06-27T15:00,45,2022-06-27T18:00,36,2022-06-28T04:00,-999.0,0.0,1.0,60.0,100.0,8502.2529296875,7278.8681640625,nan,40700.0,9683.17578125,4.048920154571533,257.2056884765625,274.42279052734375,283.65447998046875,290.1642761230469,294.92620849609375,5769.107421875,3149.06982421875,1563.593505859375,182.5467071533203,287.5679931640625,63.0,757.081787109375,3463.42578125,29200.0,0.0,2.130000114440918,19975.623046875,0.5,0.0,33.0,0.0,24135.078125,0.0,0.0,258.510009765625,275.2729187011719,284.5538024902344,291.8841247558594,296.95465087890625,5784.14453125,3150.4873046875,1564.385009765625,848.8368530273438,180.45574951171875,294.1569519042969,42.70000076293945,45.20000076293945,1943.4366455078125,3504.639892578125,1384.814697265625,27.0,12.0,65.0,23700.0,258.79998779296875,276.20001220703125,281.3999938964844,286.8999938964844,291.20001220703125,5784.10302734375,3149.635009765625,1557.483154296875,850.114990234375,180.78631591796875,285.7499694824219,93.0,96.0,597.52001953125,3524.47998046875,0.0,0.1875,8348.203125,25.0,0.0,100.0,25.0,29200.0,257.74273681640625,274.3592834472656,282.33026123046875,288.96136474609375,294.0788269042969,5768.8828125,3147.224853515625,1568.0902099609375,858.67236328125,190.890380859375,290.95404052734375,63.15620422363281,62.099483489990234,1433.122314453125,3380.0,0.0,4.625,5782.7890625,3153.639404296875,1565.542236328125,853.4031372070312,186.646484375,258.24322509765625,274.7934265136719,283.07781982421875,290.14312744140625,295.18109130859375,28.82266616821289,73.80835723876953,53.864620208740234,45.206573486328125,,,,294.41656494140625,,102189.875,94928.25,,15.099246978759766,59.0,,,32.0,32.0,457.0,29.0,37.0,,50.0,,40.0,,41.0,43.0,27.0,1228.0,282.59002685546875,278.5799865722656,75.0,1.0,8.0,9.399999618530273
2022-07-14T12:53,2022-07-14T13:00,1,holdout_baserate,0,2022,7,12,1,2022-07-14T12:00,1,2022-07-14T12:00,1,2022-07-14T12:00,1,2022-07-14T12:00,0,2022-07-14T12:00,1,2022-07-14T12:00,-999.0,0.0,37.0,4.0,0.0,nan,1440.521484375,nan,85800.0,nan,2.735576629638672,259.18865966796875,274.4052734375,284.0167236328125,288.5528564453125,292.9631042480469,5733.8046875,3101.968994140625,1509.4830322265625,132.019775390625,286.68426513671875,89.5999984741211,536.3846435546875,3345.6162109375,14400.0,0.0,0.0,19999.912109375,5.0,34.29999923706055,0.0,0.0,24134.703125,0.0,0.0,259.46063232421875,274.4253234863281,284.8809509277344,291.88702392578125,296.25323486328125,5733.07080078125,3102.145263671875,1508.3177490234375,792.11962890625,125.38143920898438,293.204833984375,51.79999923706055,51.70000076293945,869.807861328125,3290.719970703125,19999.890625,18.0,34.0,0.0,24100.0,259.6000061035156,275.1000061035156,284.20001220703125,288.0,292.29998779296875,5729.779296875,3096.487060546875,1500.968505859375,789.6650390625,122.85661315917969,285.95001220703125,90.5999984741211,94.0,224.9600067138672,3382.8798828125,0.0,0.125,nan,66.0,71.0,0.0,0.0,15600.0,259.1002197265625,274.3253173828125,284.48162841796875,288.6046447753906,292.9976501464844,5731.26806640625,3102.95947265625,1509.72265625,796.7431640625,130.07351684570312,289.22021484375,86.32158660888672,82.85636901855469,244.07720947265625,3300.0,0.00026000000070780516,0.75,5732.93359375,3101.457275390625,1508.7861328125,796.0079956054688,133.0234375,259.79217529296875,274.14422607421875,284.37030029296875,288.82598876953125,292.7511291503906,92.14459228515625,75.9952163696289,71.370361328125,78.50294494628906,,,,289.23553466796875,,101587.25,94320.09375,,25.118818283081055,61.0,,,0.0,0.0,465.0,62.0,64.0,,86.0,,30.0,,34.0,38.0,135.0,373.0,280.8999938964844,280.8799743652344,100.0,17.0,6.0,7.300000190734863
2022-07-14T12:53,2022-07-14T13:00,24,holdout_baserate,0,2022,7,12,25,2022-07-13T12:00,25,2022-07-13T12:00,25,2022-07-13T12:00,22,2022-07-13T15:00,24,2022-07-13T12:00,24,2022-07-13T13:00,-999.0,0.0,19.0,1.0,0.0,nan,nan,nan,nan,nan,2.833767890930176,259.22027587890625,274.1412353515625,283.9374084472656,289.64239501953125,294.2907409667969,5737.05078125,3106.915771484375,1515.6932373046875,135.7625274658203,286.3307189941406,86.19999694824219,495.4987487792969,3316.775634765625,15700.0,0.0,1.0299999713897705,5994.11865234375,31.5,82.69999694824219,0.0,60.70000076293945,19142.291015625,6.839999696239829e-05,0.375,259.0,274.8600769042969,283.8271789550781,287.77081298828125,292.20001220703125,5736.66162109375,3102.26611328125,1509.201171875,798.2952270507812,136.27993774414062,288.1064758300781,95.0999984741211,92.69999694824219,201.79791259765625,3402.39990234375,1197.14697265625,78.0,93.0,17.0,100.0,259.79998779296875,275.70001220703125,282.8999938964844,287.1000061035156,291.3999938964844,5739.83056640625,3093.208740234375,1494.7010498046875,785.676025390625,125.82489776611328,284.9800109863281,99.80000305175781,100.0,264.55999755859375,3480.320068359375,0.0,1.0,nan,59.0,36.0,0.0,1.0,18500.0,258.53729248046875,274.57025146484375,285.0749816894531,288.77630615234375,293.4656066894531,5737.43359375,3108.603515625,1511.7347412109375,798.2490234375,131.9644317626953,290.1933288574219,81.34891510009766,81.4241714477539,494.9347229003906,3370.0,0.0,5.0625,5738.06640625,3100.65283203125,1504.52099609375,792.338134765625,130.7158203125,259.3123779296875,275.008056640625,284.5155334472656,287.86541748046875,292.24456787109375,89.16371154785156,83.8870620727539,78.97354888916016,80.76241302490234,,,,288.7490539550781,,101540.5625,94269.828125,,25.772315979003906,62.0,,,32.0,32.0,256.0,49.0,50.0,,69.0,,54.0,,61.0,63.0,80.0,624.0,281.3799743652344,279.92999267578125,89.0,8.0,5.599999904632568,6.099999904632568
2022-07-14T12:53,2022-07-14T13:00,48,holdout_baserate,0,2022,7,12,43,2022-07-12T18:00,49,2022-07-12T12:00,49,2022-07-12T12:00,46,2022-07-12T15:00,48,2022-07-12T12:00,36,2022-07-13T01:00,-999.0,0.0,8.0,1.0,0.0,nan,nan,nan,nan,nan,1.4475780725479126,258.72259521484375,273.6002197265625,284.491943359375,289.7490539550781,294.3189392089844,5734.6474609375,3112.9794921875,1523.663330078125,144.6708526611328,286.9065246582031,77.0,508.596435546875,3198.36962890625,20300.0,0.0,5.03000020980835,19999.890625,5.0,4.5,0.0,0.0,24135.033203125,0.0,0.0,259.1747741699219,273.7821350097656,284.76531982421875,291.76898193359375,296.21435546875,5740.82177734375,3110.01025390625,1521.123291015625,805.2216186523438,138.41412353515625,293.34844970703125,48.79999923706055,48.599998474121094,1003.2288208007812,3245.43994140625,20000.12890625,10.0,7.0,0.0,24100.0,258.70001220703125,274.70001220703125,283.8999938964844,289.5,293.8999938964844,5729.3125,3100.81396484375,1510.8927001953125,796.8671875,130.20127868652344,288.58001708984375,74.19999694824219,79.0,982.8800048828125,3268.800048828125,0.0,0.0,nan,10.0,10.0,0.0,0.0,32400.0,258.79107666015625,273.078125,283.9449768066406,289.1100769042969,293.99871826171875,5731.9248046875,3110.635986328125,1525.5635986328125,814.2530517578125,148.5912628173828,290.3974304199219,58.45989227294922,54.740909576416016,625.2567749023438,3090.0,0.0,6.8125,5741.1875,3102.281494140625,1506.817138671875,794.7144165039062,131.71435546875,259.34796142578125,275.1570739746094,284.3138427734375,288.6220397949219,293.01123046875,92.843017578125,75.1580810546875,69.40833282470703,75.26212310791016,,,,290.12872314453125,,101555.75,94294.078125,,27.177913665771484,67.0,,,32.0,32.0,256.0,40.0,43.0,,61.0,,55.0,,61.0,61.0,87.0,691.0,281.1399841308594,280.1499938964844,93.0,16.0,6.400000095367432,7.199999809265137
2022-07-29T18:53,2022-07-29T19:00,1,holdout_baserate,0,2022,7,18,1,2022-07-29T18:00,1,2022-07-29T18:00,1,2022-07-29T18:00,1,2022-07-29T18:00,0,2022-07-29T18:00,1,2022-07-29T18:00,-999.0,0.0,3.0,0.0,0.0,nan,nan,nan,nan,nan,6.257580757141113,263.28558349609375,276.0980224609375,286.80535888671875,293.4967346191406,298.1526184082031,5741.89111328125,3078.27978515625,1478.7315673828125,84.4240951538086,289.49713134765625,72.19999694824219,911.4469604492188,4245.8876953125,23400.0,0.0,0.0,19999.896484375,4.0,0.0,0.0,0.0,24134.8125,0.0,0.0,263.66998291015625,273.5327453613281,288.0083312988281,295.57196044921875,300.005126953125,5744.98681640625,3079.403076171875,1479.70361328125,755.2940673828125,84.86742401123047,296.352294921875,37.0,37.0,2406.81103515625,4061.760009765625,20000.087890625,24.0,0.0,0.0,24100.0,262.70001220703125,276.79998779296875,285.5,291.1000061035156,295.3999938964844,5742.7294921875,3078.62109375,1476.35986328125,757.7083740234375,77.3324966430664,289.6600341796875,79.80000305175781,85.0,723.2000122070312,4078.8798828125,0.0,0.0625,nan,24.0,0.0,0.0,23.0,28500.0,263.0475769042969,275.05291748046875,287.1817321777344,294.0852966308594,299.0286560058594,5739.9482421875,3081.128173828125,1480.036376953125,756.7944946289062,83.31269073486328,294.646728515625,64.3477783203125,58.878265380859375,1638.4935302734375,3480.0,0.0,0.0,5738.0,3073.586669921875,1477.206298828125,756.8458251953125,86.55419921875,263.0426025390625,276.14990234375,286.2571716308594,293.3855895996094,298.05474853515625,39.221229553222656,67.5853500366211,48.25077438354492,44.34967041015625,,,,295.4283447265625,,101039.8125,93863.734375,,18.38666534423828,26.0,,,88886.0,400.0,16274.0,15.0,20.0,,64.0,,12.0,,12.0,13.0,69.0,1408.0,284.5899963378906,281.0199890136719,79.0,1.0,11.600000381469727,13.699999809265137
2022-07-29T18:53,2022-07-29T19:00,24,holdout_baserate,0,2022,7,18,25,2022-07-28T18:00,25,2022-07-28T18:00,25,2022-07-28T18:00,22,2022-07-28T21:00,24,2022-07-28T18:00,24,2022-07-28T19:00,-999.0,0.0,14.0,0.0,0.0,nan,2533.9228515625,nan,75000.0,nan,5.3834710121154785,262.99652099609375,275.5310974121094,288.1512756347656,294.6902160644531,299.3773498535156,5747.9609375,3089.58349609375,1485.7222900390625,90.22225189208984,290.9743957519531,63.20000076293945,1331.507080078125,3803.149658203125,29000.0,0.0,2.3499999046325684,1585.6348876953125,61.400001525878906,0.0,0.0,0.0,24135.060546875,0.0,0.0,263.0799865722656,274.55810546875,289.2773742675781,296.86798095703125,301.3017883300781,5750.6103515625,3088.82568359375,1481.62255859375,753.811767578125,81.8451919555664,297.46197509765625,37.0,36.79999923706055,2654.724853515625,3256.9599609375,20000.1796875,3.0,0.0,8.0,24100.0,262.8999938964844,277.70001220703125,286.20001220703125,292.0,296.3999938964844,5751.01220703125,3077.1552734375,1477.006103515625,756.6812744140625,74.87818145751953,291.1600036621094,65.4000015258789,70.0,985.9199829101562,4237.75634765625,0.0,0.0,nan,28.0,0.0,0.0,27.0,29000.0,263.1507568359375,275.0203857421875,286.45684814453125,293.3621520996094,298.28057861328125,5745.8310546875,3082.65234375,1486.018798828125,764.9564208984375,92.0308837890625,293.9122314453125,63.34148025512695,57.72112274169922,1723.9959716796875,4130.0,0.0,17.6875,5742.734375,3076.19482421875,1478.444091796875,756.049072265625,84.3994140625,262.50927734375,276.37066650390625,287.12847900390625,294.27716064453125,298.95782470703125,34.73109817504883,57.48772430419922,41.720664978027344,38.809329986572266,,,,296.6017150878906,,101000.5625,93841.90625,,17.4521541595459,30.0,,,88886.0,840.0,256.0,30.0,40.0,,60.0,,52.0,,52.0,52.0,86.0,1444.0,284.5199890136719,281.7799987792969,83.0,1.0,11.600000381469727,13.899999618530273
2022-07-29T18:53,2022-07-29T19:00,48,holdout_baserate,0,2022,7,18,43,2022-07-28T00:00,49,2022-07-27T18:00,49,2022-07-27T18:00,46,2022-07-27T21:00,48,2022-07-27T18:00,36,2022-07-28T07:00,-999.0,0.0,91.0,85.0,6.0,nan,1345.0445556640625,nan,86400.0,nan,6.728226184844971,262.3495178222656,276.4283447265625,286.6060791015625,291.6618957519531,296.20904541015625,5744.98095703125,3087.27294921875,1481.91064453125,86.67628479003906,287.3310546875,95.69999694824219,421.2622375488281,3895.905517578125,12200.0,0.0,6.039999961853027,1548.79248046875,12.699999809265137,0.0,100.0,0.0,24135.00390625,0.0,0.0,262.7816162109375,274.7007751464844,289.08624267578125,296.6651306152344,301.1172790527344,5763.6123046875,3097.610107421875,1490.7020263671875,763.146728515625,90.9857406616211,297.3440856933594,40.400001525878906,40.5,2432.9052734375,4048.639892578125,20000.130859375,15.0,0.0,13.0,24100.0,263.20001220703125,277.70001220703125,287.0,292.70001220703125,297.0,5743.93359375,3072.03564453125,1467.7176513671875,744.9957275390625,64.67121124267578,291.1000061035156,73.5999984741211,78.0,726.239990234375,4126.55615234375,0.0,0.0,nan,25.0,0.0,3.0,24.0,31500.0,263.5701904296875,273.754150390625,284.81390380859375,291.6656188964844,296.61968994140625,5733.2568359375,3070.049560546875,1482.9345703125,766.5284423828125,97.00990295410156,292.140869140625,60.39606857299805,54.491119384765625,1556.7410888671875,4100.0,0.0,9.5,5756.11328125,3090.601318359375,1479.42822265625,754.1214599609375,81.5048828125,262.78466796875,277.564697265625,287.88165283203125,295.02252197265625,299.70697021484375,64.4366226196289,72.47171020507812,50.825111389160156,47.097068786621094,,,,297.01702880859375,,100969.6875,93821.828125,,23.037065505981445,52.0,,,88886.0,264.0,256.0,37.0,42.0,,64.0,,44.0,,44.0,44.0,98.0,1051.0,283.92999267578125,282.29998779296875,91.0,24.0,10.899999618530273,13.899999618530273
2022-08-10T12:49,2022-08-10T13:00,1,holdout_baserate,0,2022,8,12,1,2022-08-10T12:00,1,2022-08-10T12:00,1,2022-08-10T12:00,1,2022-08-10T12:00,0,2022-08-10T12:00,1,2022-08-10T12:00,-999.0,100.0,100.0,0.0,2.0,1344.634765625,1344.5927734375,82900.0,86900.0,1914.4422607421875,2.225912094116211,268.16375732421875,284.00299072265625,282.6949462890625,286.547607421875,290.9124755859375,5857.103515625,3132.829345703125,1519.0478515625,132.0619659423828,284.2509460449219,100.0,421.27923583984375,5092.38720703125,100.0,0.0,0.0,795.64453125,90.9000015258789,0.0,5.0,72.5999984741211,5711.138671875,4.5600001612911e-05,0.1875,268.510009765625,283.949462890625,283.3534851074219,287.7626037597656,292.1087951660156,5863.7158203125,3139.146484375,1527.97705078125,817.62890625,155.3311767578125,288.29998779296875,97.0999984741211,95.4000015258789,213.85659790039062,5167.2001953125,1197.45751953125,94.0,0.0,0.0,200.0,267.79998779296875,284.3999938964844,284.3999938964844,289.1000061035156,293.3999938964844,5865.359375,3139.339111328125,1527.26904296875,813.0276489257812,151.02772521972656,287.0199890136719,99.9000015258789,100.0,110.16000366210938,5112.29052734375,0.0006000000284984708,0.8125,846.8614501953125,100.0,0.0,74.0,100.0,9100.0,268.0986022949219,284.41644287109375,282.6011962890625,286.328125,290.9280700683594,5864.08740234375,3139.9970703125,1526.0185546875,818.4544067382812,144.78184509277344,287.4580383300781,96.21040344238281,98.14312744140625,561.4429321289062,5090.0,9.999999747378752e-06,0.0,5863.234375,3140.678466796875,1528.6845703125,820.1945190429688,160.8291015625,268.0804443359375,283.7451171875,282.9478759765625,286.3236083984375,290.61968994140625,14.207096099853516,93.32347869873047,96.93350982666016,89.82384490966797,,,,288.521484375,,101905.4375,94604.25,,19.888416290283203,90.0,,,0.0,0.0,209.0,96.0,100.0,,100.0,,61.0,,67.0,70.0,18.0,330.0,280.78997802734375,280.7200012207031,100.0,6.0,5.199999809265137,5.699999809265137
2022-08-10T12:49,2022-08-10T13:00,24,holdout_baserate,0,2022,8,12,25,2022-08-09T12:00,25,2022-08-09T12:00,25,2022-08-09T12:00,22,2022-08-09T15:00,24,2022-08-09T12:00,24,2022-08-09T13:00,-999.0,87.0,87.0,0.0,29.0,1588.9639892578125,1344.645263671875,nan,87000.0,nan,2.775973081588745,267.9859313964844,282.7125549316406,282.9884338378906,286.5869445800781,290.9643859863281,5858.0009765625,3141.775390625,1532.7257080078125,147.67347717285156,285.3287658691406,96.0999984741211,416.053955078125,5004.54296875,12200.0,0.0,1.0800000429153442,785.654052734375,97.5999984741211,0.0,5.699999809265137,99.0,270.795166015625,1.5999999959603883e-05,0.0625,268.7599792480469,283.96978759765625,283.86981201171875,287.2635498046875,291.6988830566406,5862.001953125,3139.413818359375,1529.5120849609375,819.14501953125,157.53636169433594,287.8000183105469,98.9000015258789,98.9000015258789,187.22637939453125,5090.72021484375,1197.401123046875,83.0,0.0,11.0,600.0,268.5,284.6000061035156,283.70001220703125,288.3999938964844,292.70001220703125,5858.9775390625,3129.850830078125,1520.1658935546875,807.9537963867188,151.68324279785156,286.6099853515625,99.80000305175781,100.0,266.3999938964844,5007.4658203125,9.999999747378752e-05,0.9375,839.1396484375,100.0,0.0,98.0,100.0,6000.0,267.6550598144531,283.24224853515625,282.59588623046875,286.2684326171875,290.9583435058594,5854.85107421875,3137.912353515625,1529.27197265625,821.7142333984375,149.1942901611328,287.318603515625,96.56147766113281,98.61312866210938,533.785400390625,4940.0,0.0,0.4375,5865.2734375,3143.579345703125,1530.134765625,819.9378662109375,159.18896484375,267.5958557128906,284.3447265625,283.1133728027344,287.10870361328125,291.4463195800781,7.862099647521973,96.45603942871094,95.4739761352539,88.00904083251953,,,,289.0820007324219,,101893.4375,94598.90625,,18.639863967895508,88.0,,,0.0,0.0,256.0,100.0,100.0,,100.0,,62.0,,82.0,100.0,16.0,309.0,280.6999816894531,280.4599914550781,100.0,4.0,5.599999904632568,5.699999809265137
2022-08-21T13:59,2022-08-21T14:00,1,train,0,2022,8,13,1,2022-08-21T13:00,2,2022-08-21T12:00,2,2022-08-21T12:00,1,2022-08-21T13:00,3,2022-08-21T12:00,1,2022-08-21T13:00,-999.0,0.0,0.0,0.0,8.0,nan,nan,nan,nan,nan,5.354190826416016,262.2607727050781,276.75250244140625,288.9535827636719,293.8475646972656,298.2937316894531,5841.1484375,3184.256103515625,1571.508056640625,172.21621704101562,290.9457092285156,66.5,444.93505859375,3804.79931640625,26900.0,0.0,0.0,19999.99609375,36.79999923706055,32.400001525878906,100.0,0.0,24134.826171875,0.0,0.0,262.2319641113281,276.7033386230469,288.3088073730469,294.5043640136719,299.4476623535156,5844.189453125,3187.832275390625,1574.921875,850.291015625,177.3767547607422,296.10491943359375,57.599998474121094,59.29999923706055,823.722412109375,3719.52001953125,20000.078125,1.0,0.0,0.0,24100.0,262.29998779296875,277.3999938964844,287.79998779296875,293.5,297.79998779296875,5849.51513671875,3192.739501953125,1578.155029296875,853.0120239257812,171.56954956054688,292.91998291015625,84.4000015258789,91.0,504.32000732421875,3762.63525390625,0.0,0.0,nan,0.0,0.0,14.0,0.0,27900.0,262.4122009277344,276.75146484375,289.3021240234375,293.8140563964844,297.8726806640625,5843.173828125,3188.900390625,1574.748291015625,849.373046875,173.84115600585938,295.10845947265625,65.2432861328125,60.18449783325195,533.9931030273438,3699.30126953125,0.0,0.0,5851.9609375,3194.122314453125,1577.298095703125,851.4356689453125,177.45703125,262.3585205078125,277.3529052734375,289.10711669921875,294.330322265625,299.21856689453125,74.19500732421875,59.01484298706055,67.5048828125,61.40658187866211,,,,298.16448974609375,,102074.5625,94860.7109375,,29.12514877319336,20.0,,,88886.0,1112.0,16209.0,11.0,13.0,,15.0,,7.0,,7.0,7.0,524.0,682.0,285.8700256347656,283.5799865722656,87.0,1.0,8.0,9.199999809265137
2022-08-10T12:49,2022-08-10T13:00,48,holdout_baserate,0,2022,8,12,43,2022-08-08T18:00,49,2022-08-08T12:00,49,2022-08-08T12:00,46,2022-08-08T15:00,48,2022-08-08T12:00,36,2022-08-09T01:00,-999.0,68.0,100.0,0.0,40.0,1393.6793212890625,1344.6693115234375,84500.0,87000.0,1738.92431640625,3.523284435272217,267.0220947265625,282.3446350097656,283.48089599609375,287.27215576171875,291.68524169921875,5859.57958984375,3150.61767578125,1537.99462890625,151.31192016601562,285.43255615234375,99.5999984741211,442.97760009765625,4848.8984375,600.0,0.0,33.630001068115234,785.646484375,85.19999694824219,0.0,5.0,91.4000015258789,173.2485809326172,5.279999822960235e-05,0.125,267.92254638671875,285.12884521484375,283.34930419921875,287.3480224609375,291.8970642089844,5870.19140625,3149.12353515625,1533.638916015625,823.6109619140625,161.7188720703125,288.0364685058594,97.9000015258789,97.69999694824219,233.3300018310547,4998.080078125,1197.0469970703125,54.0,1.0,15.0,100.0,268.1000061035156,283.70001220703125,284.6000061035156,287.20001220703125,291.5,5863.7607421875,3142.87109375,1523.4383544921875,813.5911865234375,158.96896362304688,285.510009765625,99.5999984741211,100.0,265.67999267578125,5087.0400390625,0.0,0.0625,1138.328125,89.0,0.0,0.0,89.0,13200.0,267.60699462890625,282.160888671875,283.13165283203125,287.3644714355469,291.847412109375,5858.06298828125,3142.08447265625,1531.938232421875,822.12548828125,149.4286346435547,288.8520202636719,92.1478271484375,96.28031158447266,714.6812133789062,5010.0,0.0,23.0,5865.68359375,3143.562744140625,1525.899658203125,814.4852294921875,151.920654296875,268.03765869140625,284.47418212890625,283.7885437011719,287.83038330078125,292.4290771484375,7.859042167663574,94.62023162841797,95.49496459960938,86.1121597290039,,,,290.0740966796875,,101813.3125,94534.765625,,18.72072410583496,86.0,,,0.0,0.0,256.0,85.0,87.0,,89.0,,56.0,,67.0,73.0,11.0,449.0,280.94000244140625,280.8600158691406,100.0,4.0,6.0,6.0
2022-08-21T13:59,2022-08-21T14:00,24,train,0,2022,8,13,26,2022-08-20T12:00,26,2022-08-20T12:00,26,2022-08-20T12:00,23,2022-08-20T15:00,21,2022-08-20T18:00,24,2022-08-20T14:00,-999.0,0.0,0.0,1.0,100.0,11393.0419921875,2602.953857421875,nan,24900.0,11973.509765625,4.132990837097168,261.931396484375,276.2873840332031,289.4585876464844,294.1065673828125,298.5946044921875,5843.17578125,3192.71826171875,1579.4183349609375,179.6414794921875,291.82720947265625,66.0,459.67755126953125,3697.39990234375,27100.0,0.0,0.0,6074.78564453125,0.0,3.9000000953674316,99.69999694824219,0.0,12329.74609375,0.0001016000023810193,0.25,262.28204345703125,277.11102294921875,288.5806884765625,294.01019287109375,298.68756103515625,5854.11767578125,3192.988037109375,1580.1636962890625,855.3386840820312,183.153564453125,295.10980224609375,71.5999984741211,63.70000076293945,558.0745239257812,3872.47998046875,19999.818359375,2.0,0.0,2.0,24100.0,262.6000061035156,277.70001220703125,287.3999938964844,293.3999938964844,297.79998779296875,5850.11181640625,3185.042724609375,1574.1878662109375,849.9307861328125,170.76742553710938,292.760009765625,75.80000305175781,80.0,671.5999755859375,4031.2509765625,0.0,0.0,9548.0595703125,0.0,0.0,100.0,0.0,26700.0,261.9835510253906,276.7842712402344,289.167236328125,294.14215087890625,298.5914306640625,5842.01416015625,3187.991455078125,1575.8790283203125,849.7537841796875,173.4407501220703,295.8151550292969,66.23219299316406,63.067649841308594,796.0152587890625,3762.844482421875,0.0,0.125,5850.94140625,3195.826904296875,1580.922607421875,854.6290283203125,180.65283203125,262.0238952636719,277.26361083984375,288.9095764160156,294.5645751953125,299.2515869140625,70.96969604492188,63.37786865234375,60.33854293823242,56.764915466308594,,,,298.39569091796875,,102105.3125,94898.859375,,27.68585968017578,48.0,,,88886.0,2464.0,256.0,21.0,22.0,,27.0,,35.0,,35.0,35.0,672.0,783.0,285.80999755859375,283.8799743652344,89.0,1.0,7.199999809265137,8.5
2022-08-21T13:59,2022-08-21T14:00,48,train,0,2022,8,13,44,2022-08-19T18:00,50,2022-08-19T12:00,50,2022-08-19T12:00,47,2022-08-19T15:00,45,2022-08-19T18:00,36,2022-08-20T02:00,-999.0,0.0,0.0,26.0,100.0,10571.7841796875,2180.1396484375,nan,26600.0,12287.7783203125,4.261319637298584,261.6677551269531,276.2964172363281,288.49371337890625,294.4921875,299.12445068359375,5842.2041015625,3192.19189453125,1581.395263671875,180.94363403320312,291.4013366699219,71.19999694824219,735.071044921875,3716.524169921875,23800.0,0.0,0.0,20000.193359375,0.0,5.0,5.300000190734863,0.0,24134.890625,0.0,0.0,262.3299865722656,276.90777587890625,288.4291687011719,295.00811767578125,299.9250793457031,5852.56982421875,3191.128173828125,1578.060546875,852.421142578125,178.8135986328125,296.6822204589844,54.599998474121094,56.29999923706055,948.8001708984375,3858.39990234375,20000.173828125,20.0,0.0,3.0,24100.0,262.3999938964844,277.79998779296875,286.79998779296875,292.5,296.79998779296875,5850.3134765625,3179.55126953125,1568.3402099609375,845.9349365234375,167.89964294433594,291.5999755859375,85.0,89.0,669.9199829101562,4307.51513671875,0.0,0.125,nan,0.0,0.0,0.0,0.0,31300.0,261.77215576171875,276.3853759765625,289.194091796875,294.896728515625,299.54400634765625,5843.65771484375,3191.783203125,1580.0328369140625,853.2713012695312,175.8800811767578,296.15008544921875,60.111602783203125,55.48412322998047,1373.167724609375,3714.24365234375,0.0,0.25,5851.7109375,3192.742431640625,1577.942626953125,850.4260864257812,177.112548828125,262.494384765625,276.99627685546875,289.74493408203125,294.33526611328125,299.02789306640625,70.69731903076172,52.538108825683594,61.116546630859375,57.31980895996094,,,,297.88385009765625,,102076.8125,94871.6015625,,26.333402633666992,43.0,,,88886.0,1808.0,256.0,22.0,25.0,,31.0,,43.0,,43.0,43.0,676.0,837.0,285.5400085449219,283.260009765625,86.0,2.0,7.599999904632568,8.399999618530273
2022-09-01T20:51,2022-09-01T21:00,1,train,0,2022,9,20,1,2022-09-01T20:00,3,2022-09-01T18:00,3,2022-09-01T18:00,1,2022-09-01T20:00,3,2022-09-01T18:00,1,2022-09-01T20:00,-999.0,0.0,38.0,0.0,0.0,nan,1343.584228515625,nan,86300.0,nan,10.96057415008545,263.3282165527344,278.5600891113281,280.2559814453125,284.3710632324219,288.824462890625,5741.55908203125,3060.51318359375,1469.944580078125,99.85163116455078,280.4590148925781,79.30000305175781,292.3371887207031,4229.61962890625,18900.0,0.0,0.0,20000.12890625,5.199999809265137,2.9000000953674316,0.4000000059604645,35.20000076293945,24134.9375,0.0,0.0,263.2138977050781,280.0745849609375,277.87457275390625,284.9055480957031,289.1852111816406,5744.78515625,3060.449951171875,1466.675048828125,768.6400146484375,111.62664031982422,285.471923828125,55.400001525878906,56.20000076293945,1032.8199462890625,4412.0,20000.1953125,34.0,0.0,0.0,200.0,263.3999938964844,279.0,278.3999938964844,282.8999938964844,287.20001220703125,5745.5380859375,3064.63525390625,1472.6229248046875,775.0774536132812,113.65026092529297,280.5400085449219,99.69999694824219,100.0,480.1600036621094,4296.82763671875,0.0010000000474974513,4.875,1391.25634765625,76.0,0.0,0.0,73.0,18400.0,263.24591064453125,279.740478515625,277.76953125,283.7820739746094,288.60015869140625,5742.63916015625,3063.7216796875,1475.154541015625,778.1514892578125,110.79798889160156,284.1619873046875,80.0,76.74507904052734,752.4674682617188,4209.40966796875,0.0,0.0,5743.9609375,3057.926513671875,1469.6279296875,772.6325073242188,118.074462890625,263.5173034667969,279.2489929199219,277.50048828125,283.9982604980469,288.5623779296875,39.011253356933594,96.59403228759766,71.63638305664062,65.4821548461914,,,,285.66937255859375,,101406.4375,94079.296875,,16.577043533325195,29.0,,,88886.0,2872.0,209.0,56.0,59.0,,65.0,,69.0,,69.0,69.0,3.0,611.0,275.5299987792969,274.79998779296875,95.0,0.0,12.800000190734863,15.399999618530273
2022-09-01T20:51,2022-09-01T21:00,24,train,0,2022,9,20,21,2022-09-01T00:00,21,2022-09-01T00:00,21,2022-09-01T00:00,24,2022-08-31T21:00,21,2022-09-01T00:00,24,2022-08-31T21:00,-999.0,0.0,8.0,0.0,0.0,nan,1343.5035400390625,nan,86300.0,nan,12.075777053833008,263.29888916015625,278.5144958496094,278.7806396484375,282.59375,287.03778076171875,5732.80810546875,3056.30419921875,1469.0501708984375,105.01654052734375,278.62945556640625,91.0999984741211,293.31304931640625,4104.875,13900.0,0.0,2.6600000858306885,19992.84375,7.900000095367432,0.0,0.0,6.800000190734863,24134.97265625,0.0,0.0,263.6099853515625,280.2065124511719,278.8236999511719,285.8944396972656,290.29107666015625,5743.06640625,3057.404296875,1468.2664794921875,767.785400390625,109.50465393066406,286.49853515625,51.5,51.70000076293945,1229.9510498046875,4402.8798828125,20000.140625,17.0,0.0,0.0,0.0,263.70001220703125,279.70001220703125,275.29998779296875,280.20001220703125,284.29998779296875,5735.66552734375,3051.008544921875,1453.8167724609375,763.85693359375,107.97516632080078,277.8299865722656,99.5999984741211,100.0,296.1600036621094,4305.96435546875,0.0,3.0625,1324.9805908203125,86.0,0.0,0.0,86.0,19400.0,263.53607177734375,278.2110595703125,276.347412109375,282.40771484375,287.2237854003906,5728.89306640625,3049.45458984375,1468.8475341796875,775.6676635742188,111.92266082763672,282.7435607910156,79.0,74.67707824707031,738.3466796875,4320.04052734375,0.0,1.75,5737.9921875,3052.840087890625,1470.882080078125,771.5813598632812,114.99609375,263.7904357910156,279.0360107421875,278.10577392578125,284.9437561035156,289.5047912597656,39.03633117675781,89.88408660888672,62.46726608276367,58.0742073059082,,,,286.513671875,,101363.875,94065.75,,16.0776309967041,39.0,,,88886.0,712.0,201.0,33.0,38.0,,48.0,,52.0,,52.0,52.0,3.0,612.0,275.5199890136719,274.58001708984375,95.0,4.0,12.0,14.800000190734863
2022-09-01T20:51,2022-09-01T21:00,48,train,0,2022,9,20,45,2022-08-31T00:00,45,2022-08-31T00:00,45,2022-08-31T00:00,48,2022-08-30T21:00,45,2022-08-31T00:00,45,2022-08-31T00:00,-999.0,0.0,0.0,0.0,87.0,11520.5302734375,1343.27978515625,nan,86300.0,12051.123046875,10.680225372314453,262.74224853515625,277.0621337890625,278.0908203125,282.81719970703125,287.3062744140625,5714.4716796875,3044.60888671875,1465.7457275390625,103.81108856201172,278.59368896484375,83.30000305175781,299.2030029296875,3941.34130859375,16500.0,0.0,2.0399999618530273,1062.9354248046875,1.100000023841858,0.0,71.69999694824219,15.899999618530273,24134.744140625,0.0,0.0,264.1700134277344,279.35430908203125,277.4195861816406,284.3495788574219,288.6391906738281,5746.28173828125,3058.00244140625,1466.702392578125,769.9933471679688,114.02671813964844,284.95294189453125,56.79999923706055,57.70000076293945,952.6483154296875,4433.60009765625,19999.9765625,6.0,15.0,3.0,24100.0,263.8999938964844,279.6000061035156,276.3999938964844,281.0,285.20001220703125,5730.30419921875,3045.360595703125,1446.4761962890625,754.0016479492188,95.1522216796875,278.6400146484375,98.69999694824219,100.0,475.8399963378906,4407.77197265625,0.0,0.8125,1274.570556640625,100.0,0.0,65.0,100.0,18915.447265625,262.9690856933594,277.5614013671875,275.7109375,281.9051513671875,286.7018737792969,5707.6748046875,3036.18017578125,1462.9647216796875,771.0874633789062,108.46505737304688,282.1746826171875,78.0,75.91710662841797,802.7486572265625,3550.0,0.0,11.9375,5735.18359375,3054.40283203125,1470.228515625,767.0697631835938,107.468505859375,264.21990966796875,277.5622253417969,279.690673828125,286.4813232421875,291.04315185546875,48.38747024536133,86.362548828125,61.90101623535156,57.0679817199707,,,,287.915283203125,,101277.1875,94017.984375,,16.704025268554688,49.0,,,88891.0,25.0,10368.0,33.0,37.0,,45.0,,37.0,,37.0,37.0,3.0,973.0,276.6499938964844,275.3199768066406,90.0,0.0,10.800000190734863,13.5
2022-09-12T00:50,2022-09-12T01:00,1,holdout_baserate,0,2022,9,0,1,2022-09-12T00:00,1,2022-09-12T00:00,1,2022-09-12T00:00,1,2022-09-12T00:00,0,2022-09-12T00:00,1,2022-09-12T00:00,-999.0,0.0,0.0,13.0,24.0,nan,3277.31005859375,nan,22800.0,nan,2.5743486881256104,265.2030334472656,277.5924072265625,287.20025634765625,292.38677978515625,296.7640380859375,5809.0498046875,3121.601806640625,1514.518310546875,118.66033172607422,286.3233642578125,67.4000015258789,575.760009765625,4420.6552734375,25500.0,0.0,0.0,3723.8974609375,52.099998474121094,100.0,100.0,0.0,24134.771484375,9.60000033956021e-06,0.0,265.8699951171875,277.3580017089844,287.421630859375,290.8594055175781,294.9394226074219,5819.1455078125,3131.204345703125,1524.5194091796875,803.283447265625,137.23825073242188,290.203125,85.30000305175781,80.5,25.862903594970703,4305.27978515625,19999.888671875,19.0,11.0,4.0,24100.0,265.8999938964844,277.29998779296875,287.29998779296875,291.79998779296875,296.20001220703125,5823.90087890625,3135.63330078125,1527.27294921875,805.7824096679688,133.4083251953125,288.2799987792969,91.30000305175781,92.0,73.76000213623047,4355.21435546875,0.0,0.0,4532.517578125,0.0,100.0,88.0,0.0,16000.0,264.835693359375,277.964599609375,287.13128662109375,291.79339599609375,295.9124755859375,5819.2041015625,3133.010986328125,1524.11376953125,803.568359375,128.19859313964844,290.33929443359375,85.0,76.48890686035156,310.8279724121094,4332.4755859375,0.0,0.0,5819.6328125,3133.435791015625,1527.862548828125,806.81298828125,137.91650390625,265.7677917480469,277.85601806640625,287.1746520996094,292.1253662109375,296.5751953125,78.43023681640625,59.865478515625,71.5956802368164,82.93682098388672,,,,291.1072998046875,,101641.4375,94414.609375,,32.317047119140625,87.0,,,30.0,32.0,465.0,21.0,23.0,,41.0,,65.0,,65.0,65.0,31.0,151.0,283.41998291015625,282.489990234375,96.0,3.0,6.0,5.699999809265137
2022-09-12T00:50,2022-09-12T01:00,24,holdout_baserate,0,2022,9,0,25,2022-09-11T00:00,25,2022-09-11T00:00,25,2022-09-11T00:00,22,2022-09-11T03:00,24,2022-09-11T00:00,24,2022-09-11T01:00,-999.0,0.0,0.0,29.0,100.0,9422.7431640625,6651.826171875,26800.0,44800.0,11547.6337890625,3.9048404693603516,265.1804504394531,276.697509765625,287.649169921875,292.76434326171875,297.0050048828125,5813.33984375,3135.30224609375,1529.1209716796875,134.075439453125,286.59149169921875,59.900001525878906,721.8522338867188,4094.913330078125,30500.0,0.0,0.009999999776482582,3439.566162109375,96.69999694824219,100.0,100.0,4.0,24134.802734375,0.0,0.0,266.92193603515625,276.3867492675781,287.82794189453125,290.692626953125,294.8226318359375,5812.60009765625,3126.0478515625,1521.703369140625,799.759765625,134.3455352783203,290.1000061035156,71.80000305175781,68.19999694824219,28.6767578125,4212.7998046875,20000.17578125,9.0,41.0,20.0,24100.0,266.1000061035156,277.5,287.20001220703125,290.6000061035156,294.8999938964844,5816.2060546875,3128.536865234375,1516.1903076171875,797.2030029296875,123.17218780517578,287.69000244140625,94.30000305175781,96.0,148.63999938964844,4387.05859375,0.0,0.0625,5100.390625,2.0,100.0,90.0,0.0,27000.0,265.04705810546875,278.0587158203125,287.1156311035156,293.10357666015625,297.2921447753906,5818.6181640625,3135.52392578125,1528.8209228515625,807.2630615234375,131.25711059570312,290.4571838378906,66.0,56.805660247802734,575.5687255859375,4300.8115234375,0.0,0.0,5819.44921875,3135.495361328125,1525.532470703125,803.9868774414062,133.964111328125,265.1214294433594,277.8786315917969,286.989501953125,292.86614990234375,297.27996826171875,46.77903366088867,74.86876678466797,65.35333251953125,82.26142120361328,,,,291.291015625,,101589.5625,94380.1875,,27.70182228088379,93.0,,,30.0,32.0,384.0,26.0,27.0,,37.0,,38.0,,38.0,38.0,11.0,146.0,283.3700256347656,282.1499938964844,93.0,11.0,6.400000095367432,6.099999904632568
2022-09-12T00:50,2022-09-12T01:00,48,holdout_baserate,0,2022,9,0,43,2022-09-10T06:00,49,2022-09-10T00:00,49,2022-09-10T00:00,46,2022-09-10T03:00,48,2022-09-10T00:00,36,2022-09-10T13:00,-999.0,0.0,90.0,100.0,100.0,3175.416748046875,3328.5771484375,37100.0,68500.0,5379.1787109375,5.658176422119141,264.92816162109375,276.2487487792969,287.1279296875,291.94781494140625,296.1654357910156,5819.0390625,3138.74658203125,1534.25439453125,141.55615234375,286.4002990722656,54.5,294.6580505371094,4255.072265625,34900.0,0.0,0.05000000074505806,6304.5986328125,28.100000381469727,93.69999694824219,100.0,0.0,17874.705078125,2.3599999622092582e-05,0.0,264.82586669921875,276.04315185546875,287.2231750488281,290.4555358886719,294.2532958984375,5807.85888671875,3132.327392578125,1526.1243896484375,804.2339477539062,139.11984252929688,288.80670166015625,91.19999694824219,80.9000015258789,12.387639999389648,4046.8798828125,4205.37890625,14.0,100.0,100.0,24100.0,266.0,277.70001220703125,286.79998779296875,290.5,294.8999938964844,5812.59326171875,3129.5498046875,1520.9276123046875,802.4002685546875,128.82015991210938,287.760009765625,90.30000305175781,96.0,73.27999877929688,3685.795654296875,0.0,0.25,3250.702880859375,54.0,98.0,100.0,0.0,20400.0,265.428955078125,276.56689453125,286.0224304199219,291.5888671875,296.00311279296875,5817.8701171875,3133.437255859375,1533.265380859375,815.1261596679688,141.41229248046875,290.2167663574219,77.0,67.4764633178711,602.3350219726562,4274.763671875,0.0,0.0,5823.1015625,3142.57763671875,1528.66064453125,807.9815063476562,140.017822265625,265.15386962890625,277.9830017089844,287.58538818359375,291.8228759765625,296.09478759765625,50.70399475097656,59.30615234375,74.30155944824219,90.81652069091797,,,,289.87677001953125,,101673.0625,94438.875,,26.796056747436523,75.0,,,30.0,32.0,384.0,30.0,32.0,,37.0,,40.0,,40.0,40.0,64.0,166.0,283.0,282.28997802734375,94.0,6.0,6.400000095367432,6.5
2022-09-22T09:55,2022-09-22T10:00,1,holdout_baserate,0,2022,9,9,1,2022-09-22T09:00,4,2022-09-22T06:00,4,2022-09-22T06:00,1,2022-09-22T09:00,3,2022-09-22T06:00,1,2022-09-22T09:00,-999.0,0.0,3.0,78.0,100.0,7477.65771484375,1344.73974609375,23700.0,85600.0,11331.720703125,11.60383129119873,261.5238952636719,277.10455322265625,287.3212585449219,290.58892822265625,294.61328125,5668.28369140625,3014.037109375,1401.424560546875,12.032379150390625,286.1455993652344,88.19999694824219,287.07159423828125,3676.159912109375,13900.0,0.0,0.00800000037997961,1532.8837890625,16.799999237060547,98.4000015258789,29.0,5.900000095367432,19814.091796875,6.040000153006986e-05,0.8125,261.9800109863281,277.8337097167969,286.6869201660156,287.1069641113281,291.39813232421875,5662.833984375,3006.01513671875,1391.5267333984375,675.4673461914062,14.705499649047852,286.0601806640625,98.0,95.5999984741211,57.01542282104492,3512.47998046875,1197.1295166015625,21.0,78.0,65.0,0.0,261.3999938964844,279.3999938964844,286.29998779296875,289.6000061035156,293.8999938964844,5677.58056640625,3009.508544921875,1386.487060546875,670.1302490234375,10.217812538146973,286.0,99.9000015258789,100.0,305.2799987792969,3805.919921875,0.0006000000284984708,1.1875,4329.42431640625,8.0,100.0,100.0,8.0,13700.0,261.3427734375,277.1318664550781,287.9732666015625,289.051513671875,292.45147705078125,5665.18408203125,3015.25146484375,1400.6973876953125,681.6651000976562,13.624618530273438,285.6402893066406,85.32817840576172,90.91139221191406,226.7425537109375,3526.5693359375,0.0,0.125,5669.0546875,3014.701904296875,1396.70751953125,676.5103759765625,14.382080078125,260.6243591308594,278.58624267578125,288.04876708984375,289.708740234375,293.4896545410156,59.834564208984375,78.66279602050781,78.11677551269531,90.1848373413086,,,,286.4679260253906,,100130.75,93001.28125,,29.785675048828125,99.0,,,0.0,0.0,209.0,90.0,100.0,,100.0,,71.0,,74.0,74.0,112.0,232.0,281.75,281.5899963378906,100.0,24.0,13.600000381469727,14.5
2022-09-22T09:55,2022-09-22T10:00,24,holdout_baserate,0,2022,9,9,22,2022-09-21T12:00,22,2022-09-21T12:00,22,2022-09-21T12:00,25,2022-09-21T09:00,21,2022-09-21T12:00,24,2022-09-21T10:00,-999.0,0.0,33.0,100.0,76.0,nan,1344.6141357421875,39500.0,85500.0,nan,9.315120697021484,261.8350524902344,278.00274658203125,287.28948974609375,289.5171203613281,293.6199951171875,5659.6455078125,3007.438232421875,1390.796875,3.67352294921875,285.020263671875,87.4000015258789,252.29458618164062,3621.53173828125,14600.0,0.0,3.640000104904175,4047.447265625,7.300000190734863,99.4000015258789,100.0,0.0,20396.33203125,7.03999976394698e-05,0.1875,261.6665954589844,277.10125732421875,287.8451232910156,287.7880859375,292.095703125,5662.072265625,3004.10546875,1387.3385009765625,669.2185668945312,7.8277812004089355,286.6128234863281,92.80000305175781,89.4000015258789,50.7938232421875,3629.760009765625,3859.799072265625,34.0,100.0,100.0,24100.0,260.70001220703125,279.3999938964844,286.8999938964844,290.6000061035156,295.0,5667.6220703125,3007.1181640625,1382.44775390625,663.654052734375,4.538187503814697,286.8399963378906,94.9000015258789,96.0,349.2799987792969,3712.15185546875,0.0,0.375,6305.3330078125,22.0,100.0,100.0,12.0,11600.0,261.5367431640625,275.2405700683594,286.0340576171875,288.600341796875,292.504150390625,5651.0146484375,2998.591796875,1396.0587158203125,681.1853637695312,14.902099609375,287.04888916015625,88.033203125,89.87440490722656,364.7706604003906,3480.0,0.00019999999494757503,8.5625,5675.5234375,3015.1669921875,1395.98828125,678.01025390625,15.819091796875,261.58233642578125,278.46246337890625,287.38922119140625,289.5584716796875,293.43829345703125,67.29402923583984,89.57942962646484,80.92829895019531,92.20059204101562,,,,287.4028625488281,,100152.25,93003.859375,,30.786090850830078,100.0,,,88886.0,1118.0,nan,,,,,,,,,,136.0,251.0,281.25,281.07000732421875,100.0,56.0,11.600000381469727,13.0
2022-09-22T09:55,2022-09-22T10:00,48,holdout_baserate,0,2022,9,9,46,2022-09-20T12:00,46,2022-09-20T12:00,46,2022-09-20T12:00,49,2022-09-20T09:00,45,2022-09-20T12:00,36,2022-09-20T22:00,7072.60009765625,0.0,20.0,64.0,100.0,1588.955322265625,1344.593994140625,25200.0,85600.0,11231.015625,9.983613967895508,260.9725646972656,276.1177673339844,285.2159118652344,289.31732177734375,293.51416015625,5660.30322265625,3009.77490234375,1405.8040771484375,24.008331298828125,284.7386474609375,92.80000305175781,398.77239990234375,3576.600830078125,7400.0,0.00039999998989515007,5.630000114440918,1540.0230712890625,43.0,100.0,100.0,2.299999952316284,10950.2841796875,0.00016399999731220305,0.5625,261.4599914550781,276.88763427734375,286.1297607421875,287.5274963378906,291.8160705566406,5653.2294921875,2998.285888671875,1387.974609375,672.010009765625,10.790312767028809,286.5,97.9000015258789,95.9000015258789,75.3150863647461,3548.639892578125,19999.904296875,44.0,9.0,0.0,100.0,259.8999938964844,279.8999938964844,284.70001220703125,289.1000061035156,293.3999938964844,5649.56689453125,2993.58056640625,1373.5623779296875,659.118896484375,-0.9005468487739563,285.6300048828125,99.9000015258789,100.0,651.2000122070312,3780.9599609375,0.0015999999595806003,4.75,857.3230590820312,100.0,100.0,100.0,100.0,1600.0,261.2552795410156,276.04327392578125,284.7994384765625,288.0232849121094,292.054931640625,5648.67333984375,2996.76171875,1393.823486328125,680.834228515625,13.772674560546875,287.2843017578125,95.80839538574219,97.55834197998047,378.3744812011719,3470.0,0.00203999993391335,6.375,5677.44140625,3015.484130859375,1396.537109375,677.2243041992188,13.885009765625,261.23614501953125,278.7445373535156,287.71295166015625,290.188720703125,294.1625671386719,57.13954544067383,81.84503936767578,81.90933990478516,90.55282592773438,,,,288.693115234375,,100139.125,93004.859375,,29.494722366333008,99.0,,,32.0,32.0,256.0,75.0,78.0,,81.0,,46.0,,50.0,55.0,127.0,358.0,281.30999755859375,281.5199890136719,100.0,46.0,12.399999618530273,14.100000381469727
2022-10-03T05:55,2022-10-03T06:00,1,train,0,2022,10,5,1,2022-10-03T05:00,6,2022-10-03T00:00,6,2022-10-03T00:00,1,2022-10-03T05:00,0,2022-10-03T06:00,1,2022-10-03T05:00,-999.0,0.0,0.0,0.0,28.0,nan,503.4213562011719,nan,33100.0,nan,2.9606189727783203,256.22479248046875,274.1318359375,276.33099365234375,275.7753601074219,279.49322509765625,5723.01708984375,3108.5830078125,1535.27001953125,202.40077209472656,271.6748962402344,39.400001525878906,49.355228424072266,1079.52001953125,51300.0,0.0,0.0,20000.185546875,0.0,12.199999809265137,88.4000015258789,0.0,24135.033203125,0.0,0.0,255.94000244140625,273.97918701171875,274.82037353515625,276.1003723144531,278.3770446777344,5729.51171875,3114.1533203125,1543.9569091796875,862.6333618164062,230.5788116455078,273.23699951171875,72.69999694824219,56.5,10.453460693359375,1337.43994140625,19999.875,4.0,0.0,49.0,0.0,256.6000061035156,274.3999938964844,274.79998779296875,273.0,277.1000061035156,5731.85791015625,3113.728515625,1543.351806640625,867.690185546875,229.04750061035156,271.5,99.4000015258789,100.0,215.0399932861328,927.0399780273438,0.0,0.75,nan,1.0,0.0,36.0,1.0,24700.0,256.40972900390625,274.1630859375,276.51837158203125,276.215576171875,278.4273376464844,5726.6689453125,3111.71044921875,1540.1185302734375,856.5930786132812,211.19509887695312,272.89324951171875,67.68719482421875,50.31880569458008,109.42633056640625,1950.0,0.0,0.0,5733.890625,3118.9658203125,1547.0390625,866.7426147460938,234.64404296875,256.05364990234375,273.7674255371094,276.53936767578125,274.69952392578125,278.98516845703125,8.595748901367188,16.431182861328125,68.92024230957031,77.66841888427734,,,,273.5466613769531,,102918.5,95255.8359375,,5.206314563751221,46.0,,,88886.0,7000.0,16274.0,0.0,0.0,,0.0,,0.0,,0.0,0.0,0.0,119.0,269.29998779296875,265.010009765625,72.0,0.0,6.800000190734863,6.800000190734863
2022-10-03T05:55,2022-10-03T06:00,24,train,0,2022,10,5,24,2022-10-02T06:00,24,2022-10-02T06:00,24,2022-10-02T06:00,21,2022-10-02T09:00,24,2022-10-02T06:00,24,2022-10-02T06:00,-999.0,0.0,0.0,0.0,100.0,8730.3974609375,258.22906494140625,nan,34200.0,9257.640625,3.268409013748169,257.0460205078125,272.8853759765625,274.8770751953125,275.36865234375,279.3919677734375,5718.8408203125,3107.816162109375,1543.157958984375,212.91635131835938,272.7211608886719,62.5,139.94927978515625,1240.47998046875,29600.0,0.0,0.009999999776482582,20000.1796875,0.0,4.099999904632568,5.0,0.0,24135.16015625,0.0,0.0,256.3399963378906,273.63385009765625,274.4937438964844,275.7138366699219,277.9238586425781,5730.27294921875,3114.97021484375,1548.216064453125,867.6146850585938,236.56565856933594,273.0,74.0,57.70000076293945,10.682927131652832,1292.6400146484375,20000.015625,5.0,0.0,8.0,0.0,256.5,274.0,276.70001220703125,271.3999938964844,275.3999938964844,5724.82421875,3110.822998046875,1540.6005859375,865.70166015625,227.7720489501953,269.92999267578125,98.69999694824219,100.0,214.63999938964844,685.280029296875,9.999999747378752e-05,0.75,nan,0.0,0.0,81.0,0.0,21400.0,256.65362548828125,273.49346923828125,276.39208984375,275.109375,278.9749755859375,5723.14111328125,3111.020263671875,1542.6337890625,860.9790649414062,216.24746704101562,273.8369140625,74.05598449707031,67.03459167480469,187.6758270263672,2620.0,0.0,0.0,5729.2578125,3112.515625,1539.4833984375,858.368408203125,223.144775390625,256.2745361328125,273.83319091796875,276.7462463378906,276.0527648925781,280.28192138671875,8.557886123657227,12.470059394836426,64.82106018066406,73.47644805908203,,,,273.70037841796875,,102763.0625,95147.609375,,4.697065830230713,46.0,,,88886.0,6944.0,256.0,0.0,0.0,,0.0,,44.0,,44.0,44.0,0.0,115.0,268.94000244140625,264.2699890136719,71.0,0.0,7.599999904632568,8.0
2022-10-03T05:55,2022-10-03T06:00,48,train,0,2022,10,5,48,2022-10-01T06:00,48,2022-10-01T06:00,48,2022-10-01T06:00,45,2022-10-01T09:00,48,2022-10-01T06:00,48,2022-10-01T06:00,-999.0,0.0,0.0,0.0,100.0,nan,228.1913604736328,nan,34400.0,nan,2.276210308074951,256.5721435546875,272.8056640625,275.1412353515625,275.21075439453125,279.1602783203125,5722.50732421875,3111.27734375,1546.565673828125,216.96511840820312,272.4171447753906,59.29999923706055,105.8034439086914,1192.3199462890625,31100.0,0.0,0.9599999785423279,19999.9375,0.0,0.0,3.200000047683716,0.0,24135.310546875,0.0,0.0,257.7803955078125,273.4556579589844,274.72564697265625,275.2256164550781,277.4396667480469,5730.62890625,3114.90625,1547.8992919921875,867.740234375,237.88233947753906,272.43768310546875,71.0,55.400001525878906,10.50474739074707,672.0,20000.087890625,4.0,8.0,6.0,0.0,257.79998779296875,274.1000061035156,274.70001220703125,270.0,274.0,5729.9228515625,3109.070556640625,1539.2845458984375,868.957275390625,232.06765747070312,268.32000732421875,96.69999694824219,100.0,252.0,437.44000244140625,9.999999747378752e-05,0.6875,8943.1201171875,0.0,0.0,100.0,0.0,22200.0,255.76040649414062,272.7004089355469,274.5950622558594,274.1260986328125,278.1036071777344,5709.81298828125,3107.670654296875,1544.6455078125,866.780029296875,224.45037841796875,273.32861328125,71.72189331054688,65.1949691772461,184.41397094726562,1870.0,0.0,0.0,5723.80859375,3109.512939453125,1536.546630859375,855.8441772460938,220.626708984375,256.4032287597656,273.63897705078125,275.8934326171875,276.1227111816406,280.32733154296875,10.02253246307373,16.32478141784668,61.040184020996094,71.01790618896484,,,,275.1739501953125,,102725.5625,95120.6015625,,4.569936275482178,30.0,,,88888.0,5904.0,7040.0,8.0,8.0,,8.0,,56.0,,56.0,56.0,0.0,136.0,267.9999694824219,264.8699951171875,80.0,1.0,10.0,10.0
2022-10-12T00:48,2022-10-12T01:00,1,holdout_baserate,0,2022,10,0,1,2022-10-12T00:00,1,2022-10-12T00:00,1,2022-10-12T00:00,1,2022-10-12T00:00,0,2022-10-12T00:00,1,2022-10-12T00:00,-999.0,0.0,0.0,0.0,0.0,nan,nan,nan,nan,nan,9.460244178771973,256.91094970703125,272.62939453125,281.2857666015625,283.0703125,286.69451904296875,5719.3681640625,3106.271484375,1529.924072265625,174.24349975585938,277.3352966308594,33.70000076293945,175.0486602783203,3125.875732421875,58600.0,0.0,0.0,20000.03125,0.0,0.0,5.0,0.0,24134.958984375,0.0,0.0,256.9667053222656,273.573486328125,279.34588623046875,281.0484313964844,282.6084289550781,5730.34423828125,3110.138916015625,1535.857666015625,838.3810424804688,196.5693817138672,277.574951171875,62.5,45.5,25.15715789794922,3192.0,20000.177734375,2.0,0.0,0.0,24100.0,257.29998779296875,273.6000061035156,280.0,280.79998779296875,285.0,5727.2119140625,3107.98388671875,1526.535888671875,832.9766845703125,185.97421264648438,276.71002197265625,84.9000015258789,71.0,220.0800018310547,3171.672119140625,0.0,0.0,nan,0.0,0.0,1.0,0.0,35200.83203125,256.998046875,272.626708984375,280.8041076660156,283.07806396484375,285.9082336425781,5725.2119140625,3111.687744140625,1535.991943359375,837.4376831054688,182.57369995117188,277.8222961425781,54.189666748046875,40.2913818359375,161.56640625,3060.0,0.0,0.0,5725.26953125,3107.92041015625,1532.15234375,835.2418212890625,186.03564453125,257.1047668457031,272.42999267578125,280.1990966796875,282.4573059082031,286.756591796875,36.029903411865234,21.982128143310547,44.852806091308594,65.02291107177734,,,,278.06298828125,,102221.375,94811.359375,,9.10323715209961,5.0,,,88886.0,2288.0,16165.0,1.0,2.0,,4.0,,5.0,,5.0,7.0,0.0,165.0,273.5199890136719,269.0299987792969,71.0,0.0,11.600000381469727,12.5
2022-10-12T00:48,2022-10-12T01:00,24,holdout_baserate,0,2022,10,0,25,2022-10-11T00:00,25,2022-10-11T00:00,25,2022-10-11T00:00,22,2022-10-11T03:00,24,2022-10-11T00:00,24,2022-10-11T01:00,-999.0,0.0,0.0,0.0,30.0,nan,1505.1663818359375,nan,28400.0,nan,9.375441551208496,256.9809265136719,272.2957763671875,280.1430358886719,282.53759765625,286.3704833984375,5718.0439453125,3104.788818359375,1532.8782958984375,179.46072387695312,276.6820373535156,49.599998474121094,176.27566528320312,3097.984130859375,39200.0,0.0,0.0,20000.02734375,0.0,0.0,0.0,0.0,24134.890625,0.0,0.0,256.9584655761719,273.3285827636719,278.69781494140625,281.0478210449219,282.517822265625,5728.39697265625,3108.988037109375,1537.791259765625,841.496337890625,199.8466339111328,277.480224609375,63.29999923706055,46.5,23.467464447021484,3142.239990234375,20000.05859375,1.0,0.0,0.0,24100.0,256.6000061035156,274.0,279.79998779296875,279.79998779296875,284.0,5726.42822265625,3109.2998046875,1529.2701416015625,837.4918212890625,188.15321350097656,276.75,80.69999694824219,76.0,259.5199890136719,3234.160888671875,0.0,0.0,nan,0.0,0.0,1.0,0.0,25200.0,256.8320617675781,272.51788330078125,279.8694152832031,282.688232421875,285.7748718261719,5729.037109375,3109.83349609375,1537.0684814453125,839.5232543945312,184.64990234375,278.4130554199219,67.07772827148438,59.39142608642578,231.56881713867188,3040.0,0.0,0.0,5721.82421875,3108.340576171875,1533.640869140625,836.8624877929688,186.528564453125,257.1326904296875,272.456787109375,280.04888916015625,282.7734375,287.26129150390625,37.593814849853516,21.406963348388672,44.85572814941406,67.23268127441406,,,,279.6044921875,,102233.1875,94833.84375,,9.68841552734375,8.0,,,88886.0,5000.0,256.0,10.0,10.0,,10.0,,57.0,,57.0,57.0,0.0,161.0,273.70001220703125,269.75,75.0,0.0,10.399999618530273,11.699999809265137
2022-10-12T00:48,2022-10-12T01:00,48,holdout_baserate,0,2022,10,0,43,2022-10-10T06:00,49,2022-10-10T00:00,49,2022-10-10T00:00,46,2022-10-10T03:00,48,2022-10-10T00:00,36,2022-10-10T13:00,-999.0,0.0,0.0,0.0,96.0,nan,1345.9879150390625,nan,29100.0,nan,10.656440734863281,256.5168762207031,272.493408203125,279.5658264160156,282.38525390625,286.3099365234375,5712.83740234375,3104.806884765625,1533.4427490234375,180.1417999267578,276.6851806640625,64.4000015258789,214.58432006835938,3101.9755859375,26700.0,0.0,1.1699999570846558,19999.845703125,0.0,0.0,5.0,0.0,24135.130859375,0.0,0.0,257.0884094238281,273.0489196777344,278.5653076171875,281.232177734375,282.52215576171875,5734.716796875,3111.9814453125,1542.26416015625,845.9494018554688,204.1153106689453,277.5654296875,68.69999694824219,49.20000076293945,25.93674659729004,3088.800048828125,20000.13671875,6.0,0.0,0.0,24100.0,256.79998779296875,274.20001220703125,280.0,279.1000061035156,283.29998779296875,5717.3056640625,3100.877685546875,1519.3736572265625,828.8837280273438,182.3073272705078,275.9800109863281,83.0,75.0,299.760009765625,3239.46826171875,0.0,0.125,nan,0.0,0.0,8.0,0.0,21600.0,256.5647277832031,272.54864501953125,279.4151611328125,282.7535400390625,285.9693908691406,5712.6328125,3101.938720703125,1531.599365234375,833.7115478515625,178.5465545654297,278.73028564453125,73.15391540527344,65.18287658691406,306.0442199707031,3050.0,0.0,0.25,5717.9296875,3101.951171875,1529.14306640625,833.924560546875,185.0263671875,257.23687744140625,272.5265197753906,279.1253967285156,282.05975341796875,286.6474609375,34.350521087646484,29.20777130126953,51.87380599975586,67.00760650634766,,,,279.67486572265625,,102225.875,94800.734375,,9.47147274017334,14.0,,,88886.0,2784.0,201.0,20.0,20.0,,20.0,,50.0,,50.0,51.0,0.0,151.0,272.8699951171875,269.239990234375,77.0,0.0,9.199999809265137,10.5
2022-10-21T05:55,2022-10-21T06:00,1,train,0,2022,10,5,1,2022-10-21T05:00,6,2022-10-21T00:00,6,2022-10-21T00:00,1,2022-10-21T05:00,0,2022-10-21T06:00,1,2022-10-21T05:00,-999.0,0.0,0.0,0.0,0.0,nan,nan,nan,nan,nan,8.434290885925293,251.85264587402344,265.6468505859375,272.1487121582031,276.50640869140625,280.3954772949219,5528.7431640625,2969.77783203125,1444.107421875,122.71490478515625,270.7344970703125,55.79999923706055,290.0452880859375,939.280029296875,33700.0,0.0,0.0,19999.94921875,5.0,4.099999904632568,0.0,0.0,24135.201171875,0.0,0.0,252.39181518554688,265.5054931640625,272.343505859375,275.0634765625,278.8771667480469,5533.07763671875,2971.3935546875,1450.2740478515625,768.739501953125,135.87222290039062,273.8489990234375,69.5999984741211,63.099998474121094,30.343244552612305,1357.43994140625,20000.048828125,9.0,17.0,0.0,24100.0,252.1999969482422,267.29998779296875,271.70001220703125,275.29998779296875,279.5,5537.810546875,2969.17333984375,1445.6771240234375,768.7153930664062,129.99586486816406,272.3199768066406,64.0999984741211,62.0,835.52001953125,1053.43994140625,0.0,0.0,nan,0.0,8.0,0.0,0.0,30700.0,252.10003662109375,264.92840576171875,271.928955078125,276.8488464355469,280.45269775390625,5522.2421875,2961.695556640625,1442.2261962890625,762.3916015625,122.43814086914062,273.4859313964844,60.76167678833008,47.907737731933594,385.0948486328125,1130.0,0.0,0.0,5529.96875,2969.62158203125,1449.338623046875,768.9955444335938,132.05078125,252.36048889160156,265.15679931640625,271.9640808105469,277.05841064453125,281.1151123046875,71.51698303222656,60.67774200439453,51.582061767578125,63.82981872558594,,,,273.30621337890625,,101605.9375,94095.1875,,10.399384498596191,24.0,,,88888.0,3464.0,16274.0,2.0,2.0,,3.0,,4.0,,4.0,4.0,0.0,282.0,269.5099792480469,263.3699951171875,63.0,1.0,12.800000190734863,14.399999618530273
2022-10-21T05:55,2022-10-21T06:00,24,train,0,2022,10,5,24,2022-10-20T06:00,24,2022-10-20T06:00,24,2022-10-20T06:00,21,2022-10-20T09:00,24,2022-10-20T06:00,24,2022-10-20T06:00,-999.0,0.0,0.0,100.0,0.0,4675.9814453125,3525.190185546875,48900.0,65200.0,6050.388671875,10.352005958557129,251.18865966796875,265.1005859375,271.2999267578125,275.99652099609375,280.109619140625,5520.4013671875,2968.2197265625,1445.146484375,125.93885803222656,271.9896240234375,67.0,442.2249450683594,1126.7506103515625,25900.0,0.0,0.0,19999.9375,0.10000000149011612,4.099999904632568,0.0,0.0,24134.974609375,0.0,0.0,253.03060913085938,267.0497131347656,270.91046142578125,273.8043212890625,277.5957336425781,5543.23876953125,2975.428466796875,1450.3533935546875,772.8615112304688,143.0860595703125,272.7193298339844,64.5,58.5,32.49684524536133,711.0399780273438,20000.142578125,1.0,0.0,0.0,24100.0,252.5,268.29998779296875,271.1000061035156,274.8999938964844,279.0,5543.6005859375,2966.55126953125,1440.6646728515625,764.5465087890625,127.81915283203125,271.7699890136719,73.69999694824219,72.0,833.52001953125,968.1599731445312,0.0,0.0,nan,0.0,46.0,0.0,0.0,26200.0,252.53997802734375,265.2650146484375,271.2165222167969,276.69244384765625,280.2608337402344,5536.505859375,2973.855712890625,1453.909423828125,774.9480590820312,135.04891967773438,273.7582092285156,67.53176879882812,53.887325286865234,627.3890380859375,1120.0,0.0,0.0,5523.71875,2962.380859375,1443.532470703125,764.11083984375,128.512939453125,252.45323181152344,265.2093505859375,271.1314697265625,276.6824645996094,280.58123779296875,81.86314392089844,61.16675567626953,53.29380416870117,66.34170532226562,,,,273.6968078613281,,101554.0,94037.6328125,,10.418320655822754,36.0,,,88888.0,2152.0,256.0,20.0,20.0,,23.0,,48.0,,49.0,49.0,0.0,366.0,269.01995849609375,263.5,64.0,2.0,13.600000381469727,15.699999809265137
2022-10-31T03:57,2022-10-31T04:00,1,holdout_baserate,0,2022,10,3,1,2022-10-31T03:00,4,2022-10-31T00:00,4,2022-10-31T00:00,1,2022-10-31T03:00,3,2022-10-31T00:00,1,2022-10-31T03:00,-999.0,0.0,0.0,0.0,1.0,nan,nan,nan,nan,nan,8.035064697265625,258.72576904296875,273.4288024902344,284.6318054199219,287.41796875,290.964111328125,5710.677734375,3093.98828125,1507.6671142578125,139.63870239257812,282.1770324707031,7.199999809265137,180.63204956054688,3224.159912109375,90000.0,0.0,0.0,20000.0,0.0,10.100000381469727,66.19999694824219,0.0,24135.064453125,0.0,0.0,259.1893310546875,273.3304748535156,284.920166015625,282.6272888183594,285.671630859375,5720.81103515625,3099.713134765625,1512.7518310546875,804.57568359375,156.2413787841797,279.9886169433594,44.900001525878906,34.400001525878906,17.14950180053711,3125.43994140625,20000.109375,0.0,3.0,0.0,24100.0,259.6000061035156,273.6000061035156,285.0,287.8999938964844,292.20001220703125,5725.50146484375,3102.7958984375,1515.6094970703125,807.5662841796875,155.52569580078125,284.239990234375,7.300000190734863,7.0,184.9600067138672,3168.9599609375,0.0,0.0,9496.1845703125,0.0,0.0,43.0,0.0,83700.0,258.80078125,273.45599365234375,284.9981994628906,287.4964294433594,289.2278137207031,5714.9794921875,3097.627685546875,1510.830322265625,801.7568969726562,143.01162719726562,280.81768798828125,19.18482208251953,10.026996612548828,94.80316162109375,3150.0,0.0,0.0,5726.2109375,3105.81640625,1519.6435546875,810.6055297851562,153.983642578125,259.2432861328125,273.02911376953125,284.8940124511719,286.98065185546875,290.4042663574219,9.298871040344238,4.6130781173706055,16.39385414123535,47.58189392089844,,,,278.95831298828125,,101795.8125,94502.4609375,,3.3720946311950684,47.0,,,88888.0,6400.0,16274.0,0.0,0.0,,0.0,,6.0,,6.0,6.0,0.0,115.0,276.8500061035156,257.03997802734375,22.0,0.0,10.0,10.399999618530273
2022-10-21T05:55,2022-10-21T06:00,48,train,0,2022,10,5,48,2022-10-19T06:00,48,2022-10-19T06:00,48,2022-10-19T06:00,45,2022-10-19T09:00,48,2022-10-19T06:00,48,2022-10-19T06:00,-999.0,0.0,0.0,83.0,0.0,nan,4358.44091796875,nan,58600.0,nan,10.405333518981934,251.8819122314453,265.885009765625,271.5281066894531,276.1997375488281,280.2933349609375,5535.5810546875,2972.448974609375,1446.6070556640625,125.87612915039062,271.1384582519531,65.5999984741211,332.1490478515625,997.2257080078125,26300.0,0.0,0.05999999865889549,5491.234375,31.700000762939453,91.4000015258789,0.0,0.0,24135.25,0.0,0.0,252.0399932861328,264.3082580566406,271.7048034667969,274.5295715332031,278.42950439453125,5513.57861328125,2957.2080078125,1439.7581787109375,760.5084228515625,128.80528259277344,273.5445861816406,64.5999984741211,59.29999923706055,92.13365173339844,1251.8399658203125,20000.142578125,7.0,17.0,0.0,24100.0,252.6999969482422,267.3999938964844,270.3999938964844,274.1000061035156,278.20001220703125,5518.7958984375,2953.478515625,1427.7735595703125,753.4881591796875,117.30559539794922,271.0299987792969,90.4000015258789,90.0,416.1600036621094,854.4000244140625,0.0,0.0,nan,0.0,100.0,0.0,0.0,20400.0,251.4840087890625,266.24078369140625,270.89434814453125,275.45465087890625,279.42535400390625,5521.8876953125,2964.468505859375,1438.1588134765625,761.4353637695312,121.21630859375,273.60906982421875,76.22933959960938,64.78348541259766,435.3267517089844,1040.0,0.0,0.0,5517.328125,2960.596923828125,1441.028564453125,763.24658203125,128.349609375,251.84767150878906,265.59698486328125,270.388671875,276.2291259765625,280.1479187011719,82.86180114746094,76.02078247070312,58.16383361816406,67.221435546875,,,,274.38653564453125,,101556.375,94029.375,,11.319225311279297,62.0,,,488.0,488.0,9756.0,48.0,51.0,,73.0,,51.0,,51.0,52.0,0.0,347.0,269.72998046875,264.66998291015625,66.0,2.0,11.199999809265137,12.100000381469727
2022-10-31T03:57,2022-10-31T04:00,24,holdout_baserate,0,2022,10,3,22,2022-10-30T06:00,22,2022-10-30T06:00,22,2022-10-30T06:00,25,2022-10-30T03:00,21,2022-10-30T06:00,24,2022-10-30T04:00,-999.0,0.0,0.0,100.0,100.0,9371.7880859375,7554.478515625,nan,39000.0,11038.19921875,7.6812896728515625,258.554931640625,273.23773193359375,283.8519287109375,286.9196472167969,290.57781982421875,5717.4853515625,3102.40576171875,1518.5465087890625,151.65078735351562,281.4074401855469,10.699999809265137,170.99191284179688,3217.43994140625,90000.0,0.0,0.0,19999.935546875,0.0,36.0,61.099998474121094,0.0,24135.150390625,0.0,0.0,259.0711975097656,273.3816223144531,284.13055419921875,282.23834228515625,285.4591064453125,5717.23681640625,3097.013916015625,1511.773193359375,805.6036987304688,157.79856872558594,279.7360534667969,44.400001525878906,34.20000076293945,12.19325065612793,3131.360107421875,20000.0859375,0.0,27.0,37.0,24100.0,259.79998779296875,273.20001220703125,285.1000061035156,288.0,292.29998779296875,5724.4716796875,3099.475830078125,1513.4676513671875,804.990234375,153.40408325195312,284.6199951171875,13.899999618530273,10.0,185.0399932861328,3109.919921875,0.0,0.0,7618.36865234375,0.0,100.0,100.0,0.0,65200.0,258.581298828125,273.00311279296875,284.4918212890625,286.6485290527344,288.6241149902344,5718.1484375,3104.49365234375,1519.555419921875,812.0082397460938,154.41213989257812,280.6914367675781,30.25072479248047,16.347625732421875,92.51444244384766,3100.0,0.0,0.0,5727.17578125,3106.576904296875,1521.288818359375,812.676513671875,157.210205078125,259.2258605957031,272.9363708496094,284.73590087890625,286.3942565917969,289.82354736328125,7.8251752853393555,4.419859886169434,21.38373565673828,53.21473693847656,,,,279.0777587890625,,101835.125,94542.171875,,3.59708833694458,62.0,,,88888.0,6512.0,457.0,1.0,2.0,,2.0,,22.0,,22.0,22.0,0.0,111.0,276.0299987792969,261.19000244140625,32.0,0.0,10.0,10.399999618530273
2022-11-11T02:54,2022-11-11T03:00,1,train,0,2022,11,2,1,2022-11-11T02:00,3,2022-11-11T00:00,3,2022-11-11T00:00,1,2022-11-11T02:00,3,2022-11-11T00:00,1,2022-11-11T02:00,-999.0,0.0,0.0,0.0,69.0,nan,8127.78076171875,nan,36400.0,nan,10.81471061706543,261.5452880859375,277.48809814453125,285.60284423828125,287.7260437011719,291.77325439453125,5772.2001953125,3114.73291015625,1509.436767578125,128.76983642578125,282.04815673828125,44.400001525878906,274.2237243652344,4171.759765625,43900.0,0.0,0.0,10650.27734375,0.0,73.0,97.19999694824219,0.0,24134.935546875,0.0,0.0,261.1619873046875,277.01275634765625,286.0001220703125,284.53125,287.2752990722656,5782.26025390625,3128.361328125,1524.1348876953125,813.3946533203125,161.15255737304688,282.29998779296875,46.20000076293945,36.5,40.505279541015625,3782.080078125,8511.7890625,0.0,47.0,60.0,24100.0,260.79998779296875,277.5,285.29998779296875,286.79998779296875,291.1000061035156,5787.40966796875,3128.07763671875,1523.572265625,816.2938842773438,158.88633728027344,283.260009765625,36.29999923706055,32.0,349.9200134277344,3963.360107421875,0.0,0.0,nan,0.0,0.0,100.0,0.0,46716.48828125,260.7731628417969,277.00433349609375,287.22998046875,287.83343505859375,290.5145263671875,5780.982421875,3128.203125,1521.5560302734375,807.32373046875,141.47906494140625,283.7103271484375,43.13094711303711,35.599666595458984,242.26565551757812,3880.0,0.0,0.0,5782.1640625,3125.73681640625,1522.071533203125,809.0458374023438,151.576416015625,261.20306396484375,276.8104248046875,286.6729736328125,286.97381591796875,290.50396728515625,52.246761322021484,38.61222839355469,31.975570678710938,42.271568298339844,,,,284.2514953613281,,101781.125,94493.5703125,,16.2524356842041,66.0,,,0.0,0.0,16274.0,43.0,49.0,,57.0,,6.0,,6.0,7.0,0.0,212.0,278.46002197265625,267.32000732421875,45.0,0.0,14.800000190734863,16.100000381469727
2022-10-31T03:57,2022-10-31T04:00,48,holdout_baserate,0,2022,10,3,46,2022-10-29T06:00,46,2022-10-29T06:00,46,2022-10-29T06:00,49,2022-10-29T03:00,45,2022-10-29T06:00,36,2022-10-29T16:00,-999.0,0.0,0.0,100.0,100.0,7576.76708984375,7516.9375,34600.0,39100.0,10836.5234375,7.327178001403809,257.978271484375,272.96185302734375,283.18505859375,286.4185791015625,290.24578857421875,5719.087890625,3104.38232421875,1523.410400390625,158.38723754882812,280.07635498046875,20.399999618530273,150.7792205810547,3198.239990234375,80600.0,0.0,0.0,7046.7421875,0.0,100.0,100.0,0.0,24134.93359375,0.0,0.0,258.944580078125,273.4444580078125,283.8298645019531,282.2779235839844,285.2533874511719,5721.26708984375,3103.085205078125,1517.9105224609375,812.7522583007812,165.4420623779297,279.7004089355469,43.20000076293945,32.099998474121094,11.890643119812012,3147.0400390625,6885.54345703125,0.0,52.0,44.0,24100.0,257.6000061035156,272.6000061035156,284.79998779296875,288.29998779296875,292.6000061035156,5722.599609375,3108.629638671875,1525.5191650390625,816.8443603515625,164.89993286132812,285.4999694824219,9.899999618530273,10.0,224.9600067138672,3036.800048828125,0.0,0.0,nan,0.0,25.0,100.0,0.0,55500.0,257.600830078125,272.2917785644531,283.13165283203125,284.9276428222656,287.4620361328125,5710.451171875,3101.0986328125,1521.171142578125,816.9169921875,160.66928100585938,278.80755615234375,35.959625244140625,20.183202743530273,148.1405487060547,3020.0,0.0,0.0,5733.19140625,3110.547607421875,1524.833984375,816.9302978515625,161.7861328125,259.5670471191406,273.09210205078125,284.76165771484375,286.0567321777344,289.664306640625,7.583151817321777,2.6041717529296875,21.934585571289062,51.43031311035156,,,,279.3054504394531,,101887.3125,94592.5,,3.344870090484619,75.0,,,32.0,32.0,457.0,6.0,6.0,,6.0,,27.0,,27.0,27.0,0.0,108.0,276.3500061035156,260.8999938964844,31.0,0.0,10.0,10.399999618530273
2022-11-11T02:54,2022-11-11T03:00,24,train,0,2022,11,2,21,2022-11-10T06:00,21,2022-11-10T06:00,21,2022-11-10T06:00,24,2022-11-10T03:00,21,2022-11-10T06:00,24,2022-11-10T03:00,-999.0,0.0,0.0,0.0,98.0,8938.6982421875,1229.604736328125,28500.0,30100.0,11360.5498046875,10.998754501342773,260.69580078125,276.85162353515625,284.493896484375,286.8320007324219,290.9556884765625,5770.17578125,3120.33447265625,1518.6201171875,142.01022338867188,280.56298828125,45.400001525878906,251.19296264648438,4027.0400390625,42900.0,0.0,0.0,8938.7119140625,0.0,82.5999984741211,100.0,0.0,24134.970703125,0.0,0.0,261.2393798828125,277.1043395996094,285.0897521972656,283.507080078125,286.3719482421875,5779.02490234375,3122.044677734375,1519.3985595703125,811.0886840820312,160.8690643310547,281.5169372558594,49.70000076293945,40.400001525878906,41.78474426269531,3838.56005859375,19999.8125,0.0,27.0,58.0,24100.0,262.0,277.5,285.5,285.6000061035156,289.8999938964844,5783.52880859375,3125.053955078125,1520.876953125,815.5797729492188,158.92311096191406,281.75,31.299999237060547,26.0,264.3999938964844,3826.080078125,0.0,0.0,7557.65576171875,0.0,88.0,99.0,0.0,33525.59375,260.97479248046875,276.23162841796875,285.435302734375,285.5157165527344,288.40460205078125,5771.1494140625,3123.564453125,1521.548095703125,812.4454345703125,149.71286010742188,281.93011474609375,55.323089599609375,49.13080596923828,314.0574645996094,3700.0,0.0,0.0,5781.05859375,3126.5087890625,1521.951171875,810.4671630859375,155.241943359375,260.8912658691406,277.2032470703125,286.148681640625,286.1029052734375,289.3946533203125,50.60270690917969,44.35952377319336,38.451690673828125,49.99198913574219,,,,283.49957275390625,,101827.625,94514.859375,,16.88053321838379,44.0,,,88886.0,5840.0,209.0,26.0,26.0,,28.0,,45.0,,45.0,45.0,0.0,198.0,278.07000732421875,267.03997802734375,44.0,1.0,14.0,14.600000381469727
2022-11-20T21:51,2022-11-20T22:00,1,holdout_baserate,0,2022,11,21,1,2022-11-20T21:00,4,2022-11-20T18:00,4,2022-11-20T18:00,1,2022-11-20T21:00,3,2022-11-20T18:00,1,2022-11-20T21:00,-999.0,0.0,0.0,0.0,0.0,2736.048583984375,nan,nan,nan,3050.20703125,6.212732315063477,236.62521362304688,245.371826171875,259.13836669921875,264.7344970703125,268.80804443359375,5160.4208984375,2802.1318359375,1369.12353515625,121.396484375,257.2584228515625,55.79999923706055,1843.8826904296875,0.0,34600.0,0.0,0.004000000189989805,20000.0078125,3.5999999046325684,0.0,0.0,65.30000305175781,24134.8203125,0.0,0.8125,237.60977172851562,246.21986389160156,258.04034423828125,263.5147399902344,267.4490966796875,5166.21240234375,2800.391845703125,1367.478759765625,721.06591796875,114.80265808105469,262.8796081542969,71.4000015258789,66.0999984741211,1847.5582275390625,0.0,20000.080078125,0.0,1.0,0.0,24100.0,237.60000610351562,246.1999969482422,258.20001220703125,262.70001220703125,266.6000061035156,5156.90185546875,2796.950439453125,1365.5787353515625,720.5643920898438,105.77234649658203,259.5400085449219,62.0,61.0,1392.239990234375,0.0,0.0,0.0625,nan,0.0,0.0,0.0,0.0,34005.796875,235.44781494140625,245.78497314453125,259.4205322265625,265.2847900390625,269.5269775390625,5169.65087890625,2815.514404296875,1380.94384765625,731.205322265625,128.44967651367188,262.7408447265625,55.99723434448242,44.765281677246094,1932.465576171875,0.0,0.0,0.0,5157.03125,2801.21630859375,1362.195068359375,712.0216064453125,101.1806640625,236.1944122314453,247.03506469726562,259.515869140625,265.52294921875,269.66229248046875,73.9786376953125,58.95509338378906,45.420108795166016,44.94563674926758,,,,265.32342529296875,,101285.875,93463.5703125,,2.219221830368042,25.0,,,88886.0,872.0,256.0,48.0,59.0,,68.0,,67.0,,67.0,67.0,6.0,1298.0,255.8800048828125,251.85000610351562,71.0,3.0,18.399999618530273,19.5
2022-11-11T02:54,2022-11-11T03:00,48,train,0,2022,11,2,45,2022-11-09T06:00,45,2022-11-09T06:00,45,2022-11-09T06:00,48,2022-11-09T03:00,45,2022-11-09T06:00,45,2022-11-09T06:00,-999.0,0.0,0.0,5.0,95.0,8175.07177734375,8155.14501953125,nan,36200.0,11239.67578125,10.310558319091797,260.7987976074219,276.5489501953125,285.1378173828125,286.9587097167969,291.05322265625,5769.966796875,3122.27099609375,1521.225830078125,144.9183349609375,281.89886474609375,37.900001525878906,251.92808532714844,3875.43994140625,51800.0,0.0,0.0,7656.30078125,0.0,100.0,100.0,0.0,24134.693359375,0.0,0.0,261.475341796875,277.2418212890625,285.9318542480469,283.3219909667969,286.55975341796875,5775.962890625,3119.749267578125,1514.649658203125,805.683837890625,155.03378295898438,281.6529541015625,50.70000076293945,42.29999923706055,43.52320098876953,3802.39990234375,9717.1982421875,0.0,48.0,88.0,24100.0,261.29998779296875,277.8999938964844,286.0,288.6000061035156,292.8999938964844,5785.923828125,3125.01025390625,1519.3341064453125,809.5948486328125,152.61920166015625,284.7799987792969,6.0,4.0,265.6000061035156,3984.9599609375,0.0,0.0,8940.5087890625,0.0,43.0,99.0,0.0,33000.0,260.64404296875,276.25933837890625,285.4510498046875,285.1447448730469,288.21588134765625,5769.34375,3123.490478515625,1523.31103515625,814.9636840820312,152.638427734375,281.94989013671875,56.0718994140625,50.76508712768555,308.26788330078125,3690.0,0.0,0.0,5779.375,3123.48388671875,1518.057373046875,804.84423828125,149.1376953125,261.11773681640625,277.31158447265625,287.357666015625,286.5644226074219,289.644287109375,33.11538314819336,15.011441230773926,33.28152847290039,46.88640213012695,,,,283.34063720703125,,101740.125,94438.4453125,,11.527464866638184,49.0,,,88888.0,4056.0,9757.0,13.0,13.0,,18.0,,38.0,,38.0,38.0,0.0,143.0,277.32000732421875,266.510009765625,45.0,0.0,13.199999809265137,14.100000381469727
2022-11-20T21:51,2022-11-20T22:00,24,holdout_baserate,0,2022,11,21,22,2022-11-20T00:00,22,2022-11-20T00:00,22,2022-11-20T00:00,25,2022-11-19T21:00,21,2022-11-20T00:00,24,2022-11-19T22:00,-999.0,0.0,0.0,0.0,0.0,1690.498779296875,1194.3743896484375,75700.0,nan,2535.110595703125,6.885161399841309,235.95872497558594,244.88470458984375,257.0105895996094,262.4727783203125,266.4775390625,5134.3017578125,2779.938720703125,1354.748046875,115.14871215820312,255.35162353515625,68.5999984741211,1187.32080078125,0.0,18100.0,0.0,1.149999976158142,19999.974609375,2.5,0.0,0.0,52.29999923706055,24134.9296875,0.0,0.3125,236.42599487304688,246.03546142578125,257.949951171875,263.28997802734375,267.2218322753906,5152.5361328125,2791.67919921875,1359.35986328125,713.4177856445312,107.68146514892578,262.591552734375,67.5,62.0,2356.4404296875,0.0,19999.865234375,56.0,2.0,0.0,24100.0,236.3000030517578,245.60000610351562,258.29998779296875,262.79998779296875,266.70001220703125,5137.46337890625,2776.0615234375,1345.2705078125,700.011474609375,84.8757553100586,259.6300048828125,63.599998474121094,63.0,1763.52001953125,0.0,0.0,0.0,nan,0.0,0.0,0.0,0.0,34303.05859375,235.17466735839844,244.87930297851562,256.5174255371094,262.5289306640625,266.827880859375,5131.85595703125,2777.834716796875,1355.19677734375,712.7250366210938,114.50508117675781,260.418212890625,55.128265380859375,49.509769439697266,1409.5904541015625,0.0,0.0,1.6875,5151.078125,2798.217529296875,1357.355712890625,706.5140380859375,95.129638671875,234.03817749023438,247.32427978515625,259.8030090332031,265.7429504394531,269.891845703125,69.22557830810547,70.15280151367188,52.562068939208984,50.484745025634766,,,,265.5765075683594,,101216.8125,93402.9921875,,2.6043190956115723,59.0,,,32.0,32.0,201.0,38.0,39.0,,41.0,,61.0,,62.0,62.0,10.0,1147.0,256.25,252.6800079345703,75.0,2.0,18.799999237060547,20.399999618530273
2022-11-30T02:51,2022-11-30T03:00,1,train,1,2022,11,2,1,2022-11-30T02:00,3,2022-11-30T00:00,3,2022-11-30T00:00,1,2022-11-30T02:00,3,2022-11-30T00:00,1,2022-11-30T02:00,-999.0,0.0,1.0,4.0,38.0,nan,1662.0355224609375,nan,83200.0,nan,6.520742416381836,253.39337158203125,268.88330078125,269.9076843261719,269.51361083984375,273.4037170410156,5600.8935546875,3025.9755859375,1485.47216796875,180.25523376464844,265.62628173828125,69.69999694824219,122.39230346679688,147.1199951171875,22500.0,0.0,0.0,963.9912719726562,82.80000305175781,84.4000015258789,56.900001525878906,4.800000190734863,9171.166015625,2.4000000848900527e-06,0.0,253.40916442871094,268.6219177246094,268.25811767578125,268.5303649902344,272.76568603515625,5614.80078125,3036.580078125,1497.109375,835.0078125,216.17347717285156,269.2303771972656,90.19999694824219,93.5,302.6554870605469,173.44000244140625,20000.197265625,45.0,34.0,36.0,0.0,253.6999969482422,268.79998779296875,267.79998779296875,267.20001220703125,271.20001220703125,5611.078125,3032.705078125,1486.8529052734375,829.0906982421875,207.31298828125,265.510009765625,98.0,100.0,245.75999450683594,5.920000076293945,9.999999747378752e-05,0.375,nan,15.0,14.0,14.0,2.0,17200.0,253.31932067871094,268.99078369140625,268.65252685546875,268.94549560546875,272.7352600097656,5613.66552734375,3037.7822265625,1496.13818359375,832.3876342773438,200.23727416992188,267.93304443359375,83.05339813232422,80.34117889404297,178.49871826171875,0.0,0.0,0.0,5612.578125,3037.98388671875,1495.989990234375,832.7491455078125,216.24462890625,253.08363342285156,268.1566467285156,269.3804931640625,268.442626953125,271.92352294921875,32.978424072265625,38.28435134887695,86.87605285644531,86.76383972167969,,,,267.6664733886719,,102717.8125,94895.71875,,6.416970729827881,82.0,,,30.0,32.0,16274.0,12.0,12.0,,12.0,,6.0,,6.0,6.0,0.0,165.0,263.3500061035156,262.1000061035156,89.0,3.0,12.0,12.100000381469727
2022-11-20T21:51,2022-11-20T22:00,48,holdout_baserate,0,2022,11,21,46,2022-11-19T00:00,46,2022-11-19T00:00,46,2022-11-19T00:00,49,2022-11-18T21:00,45,2022-11-19T00:00,36,2022-11-19T10:00,-999.0,0.0,0.0,0.0,0.0,1645.696044921875,3966.963134765625,71000.0,nan,3181.420166015625,7.602430820465088,235.6077117919922,244.853271484375,256.5596008300781,262.0797119140625,266.1216125488281,5125.06591796875,2766.12841796875,1343.5654296875,105.16793823242188,255.39894104003906,72.80000305175781,1248.600830078125,0.0,18600.0,0.0,2.319999933242798,1217.1875,81.80000305175781,0.0,0.0,97.5999984741211,7535.64697265625,1.2000000424450263e-05,0.625,236.75704956054688,246.69073486328125,258.15655517578125,263.9355773925781,267.8712158203125,5165.2490234375,2795.862548828125,1363.9888916015625,717.0107421875,109.73409271240234,263.40576171875,74.5,70.4000015258789,1912.8458251953125,0.0,19999.849609375,9.0,8.0,0.0,24100.0,237.60000610351562,246.89999389648438,259.0,263.3999938964844,267.3999938964844,5146.14990234375,2775.83154296875,1341.38525390625,694.5711059570312,78.50888061523438,260.0899963378906,57.599998474121094,56.0,977.4400024414062,0.0,0.0,0.0,1148.0426025390625,31.0,0.0,0.0,31.0,14300.0,234.58563232421875,246.2203826904297,255.80459594726562,261.61865234375,265.8677673339844,5122.6025390625,2767.2734375,1342.8887939453125,702.2180786132812,102.88890075683594,260.0450744628906,74.0,73.27180480957031,1081.565673828125,0.0,9.999999747378752e-06,1.6875,5153.18359375,2801.531005859375,1354.051513671875,701.1317138671875,87.665283203125,232.04164123535156,248.66262817382812,260.71875,266.53271484375,270.6990661621094,69.71902465820312,78.06200408935547,58.11962127685547,55.73475646972656,,,,266.296630859375,,101119.3125,93333.359375,,3.0068044662475586,59.0,,,32.0,32.0,201.0,56.0,56.0,,56.0,,58.0,,58.0,58.0,18.0,973.0,257.04998779296875,252.6199951171875,69.0,1.0,18.0,19.5
2022-11-30T02:51,2022-11-30T03:00,24,train,1,2022,11,2,21,2022-11-29T06:00,21,2022-11-29T06:00,21,2022-11-29T06:00,24,2022-11-29T03:00,21,2022-11-29T06:00,24,2022-11-29T03:00,-999.0,0.0,6.0,100.0,100.0,7224.81103515625,1341.96875,32400.0,86800.0,10381.6552734375,6.386865615844727,252.97323608398438,268.3431091308594,269.4791259765625,270.5079345703125,274.51873779296875,5611.5576171875,3038.88232421875,1502.78271484375,195.83544921875,266.436767578125,83.5999984741211,143.52313232421875,274.7200012207031,14500.0,0.0,0.0,1986.2420654296875,64.19999694824219,100.0,92.80000305175781,18.899999618530273,13502.201171875,8.000000093488779e-07,0.0,252.7891082763672,267.7909851074219,269.09136962890625,268.6612854003906,272.8003845214844,5613.55712890625,3043.0830078125,1506.08447265625,841.6815185546875,222.7471923828125,269.2208251953125,89.9000015258789,91.0999984741211,195.6446075439453,172.8000030517578,5491.75634765625,29.0,100.0,89.0,24100.0,253.1999969482422,268.6000061035156,270.3999938964844,268.1000061035156,272.1000061035156,5615.97412109375,3042.1064453125,1498.32421875,836.2398681640625,216.2352294921875,265.80999755859375,93.19999694824219,92.0,136.63999938964844,51.84000015258789,0.0,0.0,3449.2998046875,58.0,100.0,100.0,58.0,7438.52880859375,253.0355224609375,267.9654846191406,268.1255798339844,268.9030456542969,273.155517578125,5611.13720703125,3037.3486328125,1501.670166015625,838.66357421875,206.80162048339844,268.03814697265625,87.22108459472656,95.0229263305664,324.4004211425781,60.0,0.0,0.0,5611.50390625,3040.087890625,1500.243896484375,835.0675659179688,217.6748046875,252.8954315185547,268.0603332519531,268.94757080078125,269.2156982421875,272.38494873046875,31.046653747558594,46.48143005371094,79.4559326171875,83.98613739013672,,,,267.7659912109375,,102724.75,94920.171875,,6.368940353393555,73.0,,,30.0,32.0,201.0,60.0,60.0,,60.0,,53.0,,53.0,53.0,0.0,191.0,263.94000244140625,261.91998291015625,83.0,0.0,12.800000190734863,12.600000381469727
2022-12-09T12:52,2022-12-09T13:00,1,holdout_baserate,0,2022,12,12,1,2022-12-09T12:00,1,2022-12-09T12:00,1,2022-12-09T12:00,1,2022-12-09T12:00,0,2022-12-09T12:00,1,2022-12-09T12:00,-999.0,0.0,0.0,0.0,0.0,nan,nan,nan,nan,nan,8.867447853088379,248.55581665039062,266.3764953613281,271.2041015625,269.1458740234375,272.50616455078125,5561.9072265625,3019.988037109375,1487.4423828125,185.1209716796875,266.5833435058594,19.200000762939453,208.7720184326172,297.8399963378906,82800.0,0.0,0.0,19999.982421875,0.0,0.0,0.0,0.0,24135.357421875,0.0,0.0,248.2520294189453,266.4100036621094,270.6519470214844,267.149169921875,271.3705749511719,5564.4892578125,3023.181396484375,1493.4189453125,826.5238037109375,211.4385986328125,267.8154602050781,43.900001525878906,41.79999923706055,184.6594696044922,0.0,20000.095703125,7.0,0.0,0.0,24100.0,248.3000030517578,267.5,269.6000061035156,270.20001220703125,274.20001220703125,5565.59228515625,3021.40283203125,1489.140380859375,823.1508178710938,210.31886291503906,266.510009765625,33.099998474121094,16.0,288.32000732421875,159.1999969482422,0.0,0.0,nan,1.0,0.0,0.0,1.0,35200.0,248.69827270507812,265.94970703125,271.73297119140625,267.33428955078125,269.2476501464844,5566.61279296875,3024.517578125,1495.2667236328125,825.4803466796875,198.69046020507812,264.2455139160156,56.70756149291992,30.487375259399414,259.8487548828125,0.0,0.0,0.0,5565.54296875,3021.2939453125,1495.039794921875,825.3841552734375,212.191162109375,247.79176330566406,265.41925048828125,270.94610595703125,268.37109375,270.3846130371094,15.326080322265625,4.116446495056152,26.542205810546875,47.91657257080078,,,,265.7930908203125,,102778.1875,94895.46875,,1.4977755546569824,7.0,,,88888.0,6352.0,16209.0,0.0,0.0,,0.0,,0.0,,0.0,2.0,0.0,172.0,262.95001220703125,249.3099822998047,31.0,0.0,14.399999618530273,15.300000190734863
2022-11-30T02:51,2022-11-30T03:00,48,train,1,2022,11,2,45,2022-11-28T06:00,45,2022-11-28T06:00,45,2022-11-28T06:00,48,2022-11-28T03:00,45,2022-11-28T06:00,45,2022-11-28T06:00,-999.0,0.0,16.0,100.0,100.0,7661.19873046875,1341.88818359375,28500.0,86800.0,11527.9794921875,7.435554504394531,252.9063262939453,268.3797302246094,269.93133544921875,270.0899963378906,274.09942626953125,5618.03173828125,3043.716796875,1507.7449951171875,201.8583221435547,265.8478698730469,86.0,149.26773071289062,186.8800048828125,13000.0,0.0,3.7699999809265137,932.6555786132812,7.699999809265137,100.0,100.0,4.0,24135.044921875,0.0,0.0,252.94308471679688,267.9930114746094,270.51666259765625,269.2940979003906,273.3730163574219,5619.59130859375,3047.4150390625,1510.844970703125,843.4989013671875,223.3269500732422,269.7703552246094,81.19999694824219,79.30000305175781,169.2938232421875,257.9200134277344,5498.2197265625,7.0,100.0,100.0,24100.0,253.5,269.1000061035156,271.79998779296875,271.29998779296875,275.3999938964844,5621.3759765625,3042.809326171875,1499.7320556640625,830.314697265625,213.0012664794922,267.9700012207031,56.099998474121094,40.0,138.0800018310547,384.1600036621094,0.0,0.0,3851.26220703125,56.0,100.0,100.0,56.0,11300.0,252.76104736328125,268.16119384765625,270.58392333984375,268.2328186035156,272.1903076171875,5618.80712890625,3044.7548828125,1506.431640625,840.798095703125,211.08682250976562,267.8006591796875,87.57820129394531,90.33021545410156,242.92965698242188,0.0,0.0,11.5625,5610.55859375,3038.44775390625,1498.02001953125,830.586669921875,212.5361328125,253.05506896972656,268.0929870605469,270.4136962890625,269.52349853515625,272.49871826171875,26.46474838256836,29.037906646728516,85.63203430175781,90.77674865722656,,,,268.733154296875,,102654.5625,94856.015625,,6.126575469970703,73.0,,,88888.0,2568.0,9856.0,35.0,35.0,,36.0,,52.0,,52.0,52.0,0.0,176.0,263.95001220703125,260.32000732421875,74.0,0.0,13.600000381469727,13.699999809265137
2022-12-09T12:52,2022-12-09T13:00,24,holdout_baserate,0,2022,12,12,25,2022-12-08T12:00,25,2022-12-08T12:00,25,2022-12-08T12:00,22,2022-12-08T15:00,24,2022-12-08T12:00,24,2022-12-08T13:00,-999.0,0.0,0.0,0.0,0.0,nan,nan,nan,nan,nan,7.21739387512207,248.3897247314453,265.2137451171875,270.3946533203125,269.54443359375,273.3288879394531,5554.7451171875,3018.59716796875,1492.2034912109375,190.08294677734375,265.91436767578125,25.899999618530273,160.8295440673828,196.0800018310547,70600.0,0.0,0.009999999776482582,20000.021484375,0.0,0.0,0.0,0.0,24135.25,0.0,0.0,248.67172241210938,265.9207458496094,271.77960205078125,267.1421203613281,271.3128356933594,5567.76513671875,3025.058837890625,1494.58984375,825.675537109375,210.52146911621094,267.7008972167969,65.5999984741211,63.5,165.7357635498047,0.0,20000.015625,10.0,0.0,0.0,24100.0,248.8000030517578,266.20001220703125,269.70001220703125,272.5,276.5,5559.861328125,3015.090576171875,1487.345947265625,817.6806640625,206.29119873046875,269.0199890136719,14.199999809265137,7.0,330.1600036621094,545.760009765625,0.0,0.0,nan,11.0,0.0,0.0,11.0,20300.0,248.28170776367188,265.22528076171875,271.8894348144531,267.49139404296875,270.27142333984375,5566.27197265625,3029.019287109375,1501.164306640625,831.3587646484375,204.33871459960938,265.65826416015625,77.98230743408203,54.090274810791016,258.382568359375,0.0,0.0,0.0,5568.046875,3026.126220703125,1495.270751953125,825.1038818359375,213.267578125,248.0352020263672,266.015380859375,271.6577453613281,267.87310791015625,269.81353759765625,15.51892375946045,3.8593215942382812,22.50442886352539,42.85423278808594,,,,265.3446044921875,,102797.6875,94902.53125,,1.4965821504592896,10.0,,,88888.0,6344.0,256.0,5.0,5.0,,5.0,,57.0,,58.0,62.0,0.0,171.0,263.1199951171875,252.01998901367188,40.0,0.0,14.399999618530273,15.300000190734863
2022-12-19T18:52,2022-12-19T19:00,1,holdout_baserate,0,2022,12,18,1,2022-12-19T18:00,1,2022-12-19T18:00,1,2022-12-19T18:00,1,2022-12-19T18:00,0,2022-12-19T18:00,1,2022-12-19T18:00,-999.0,100.0,100.0,0.0,0.0,1341.4403076171875,1341.1956787109375,83200.0,85600.0,1806.4716796875,12.269115447998047,239.13536071777344,254.46163940429688,262.486083984375,267.40826416015625,271.5995788574219,5297.072265625,2868.325927734375,1398.6510009765625,126.61710357666016,262.80645751953125,91.0,463.82562255859375,0.0,5200.0,0.0,0.12700000405311584,898.1066284179688,81.80000305175781,1.5,0.0,100.0,1561.86669921875,3.0800001695752144e-05,0.125,238.8994903564453,254.53390502929688,262.24951171875,268.4243469238281,272.4738464355469,5296.85205078125,2863.61279296875,1398.7296142578125,741.495361328125,123.4716567993164,268.46441650390625,80.0,78.5999984741211,1311.5594482421875,56.31999969482422,20000.021484375,61.0,0.0,0.0,3300.0,238.60000610351562,254.39999389648438,262.70001220703125,267.6000061035156,271.6000061035156,5300.509765625,2868.69091796875,1402.56396484375,745.115234375,123.11365509033203,265.6600036621094,86.9000015258789,91.0,895.4400024414062,29.280000686645508,9.999999747378752e-05,1.0,870.6737060546875,100.0,0.0,0.0,100.0,5200.0,239.03282165527344,253.6841583251953,261.8392639160156,267.6453552246094,272.19384765625,5294.88623046875,2868.708984375,1403.5443115234375,747.7984619140625,131.2704315185547,267.84161376953125,84.14706420898438,81.24748229980469,885.8223876953125,0.0,3.9999998989515007e-05,0.1875,5296.8125,2864.859130859375,1399.820556640625,743.1360473632812,126.10302734375,239.35592651367188,253.33352661132812,262.6158752441406,267.97589111328125,272.331787109375,57.314453125,80.9292221069336,78.78166961669922,69.37248229980469,,,,269.5990295410156,,101589.625,93837.09375,,4.2076849937438965,88.0,,,0.0,0.0,209.0,87.0,96.0,,100.0,,72.0,,72.0,72.0,11.0,758.0,260.239990234375,260.4700012207031,100.0,13.0,17.200000762939453,19.0
2022-12-09T12:52,2022-12-09T13:00,48,holdout_baserate,0,2022,12,12,43,2022-12-07T18:00,49,2022-12-07T12:00,49,2022-12-07T12:00,46,2022-12-07T15:00,48,2022-12-07T12:00,36,2022-12-08T01:00,-999.0,0.0,0.0,0.0,0.0,nan,nan,nan,nan,nan,7.899074077606201,248.17388916015625,265.202880859375,269.8056640625,268.3931579589844,271.98345947265625,5554.1201171875,3019.22607421875,1494.46435546875,196.96534729003906,265.631591796875,18.100000381469727,186.78370666503906,149.75999450683594,85000.0,0.0,8.5600004196167,20000.0703125,0.0,0.0,0.0,0.0,24135.1328125,0.0,0.0,248.1907958984375,266.6600036621094,272.18878173828125,268.2327575683594,272.2659912109375,5581.64013671875,3039.0693359375,1505.975341796875,833.70703125,216.33909606933594,268.64532470703125,63.099998474121094,57.5,131.67071533203125,84.95999908447266,19999.966796875,5.0,0.0,0.0,24100.0,248.6999969482422,265.8999938964844,268.79998779296875,271.29998779296875,275.29998779296875,5554.708984375,3011.951171875,1486.8798828125,820.1503295898438,207.0082244873047,268.25,14.199999809265137,7.0,328.8800048828125,427.20001220703125,0.0,0.0,nan,1.0,0.0,0.0,1.0,34800.0,248.32217407226562,264.76806640625,270.5876159667969,266.5190124511719,267.8755798339844,5554.591796875,3018.04150390625,1495.939453125,828.2483520507812,204.8965301513672,263.0152282714844,57.613922119140625,29.615339279174805,234.1960906982422,0.0,0.0,9.3125,5575.12890625,3028.410888671875,1499.230224609375,828.9705200195312,217.888671875,248.92398071289062,266.25372314453125,271.37506103515625,268.0877990722656,269.392333984375,15.529552459716797,3.418412208557129,21.18764305114746,48.35975646972656,,,,265.02984619140625,,102852.6875,94945.640625,,1.7505370378494263,14.0,,,88888.0,6352.0,256.0,0.0,0.0,,3.0,,51.0,,51.0,55.0,0.0,169.0,262.3399963378906,252.6899871826172,46.0,0.0,14.399999618530273,15.300000190734863
2022-12-19T18:52,2022-12-19T19:00,24,holdout_baserate,0,2022,12,18,25,2022-12-18T18:00,25,2022-12-18T18:00,25,2022-12-18T18:00,22,2022-12-18T21:00,24,2022-12-18T18:00,24,2022-12-18T19:00,-999.0,100.0,100.0,0.0,0.0,1341.162841796875,1341.0830078125,84300.0,85500.0,1695.621337890625,12.275629043579102,238.82638549804688,254.52064514160156,261.7489318847656,265.7889709472656,269.9456481933594,5285.58984375,2859.206298828125,1390.156982421875,123.45793151855469,261.2492370605469,89.30000305175781,380.8475036621094,0.0,100.0,0.0,0.20000000298023224,799.3245239257812,83.30000305175781,3.5,0.0,100.0,838.727294921875,2.6399999114801176e-05,0.125,239.6709442138672,255.5859832763672,262.3076477050781,268.3643798828125,272.412353515625,5306.4921875,2865.4140625,1395.2877197265625,738.0643920898438,120.15462493896484,268.3929443359375,81.69999694824219,80.80000305175781,1177.963134765625,44.47999954223633,19999.8671875,50.0,0.0,0.0,0.0,239.10000610351562,255.60000610351562,260.79998779296875,265.8999938964844,269.79998779296875,5310.75,2871.3349609375,1399.8914794921875,746.8778686523438,127.93531036376953,264.42999267578125,97.0,100.0,493.44000244140625,0.0,0.0010000000474974513,2.125,1394.3695068359375,100.0,42.0,0.0,100.0,17104.28125,239.6831817626953,254.4190216064453,261.422119140625,267.0127258300781,271.51898193359375,5302.9345703125,2872.25390625,1405.840087890625,751.5695190429688,135.7808837890625,267.18988037109375,82.07299041748047,80.97756958007812,813.7268676757812,0.0,0.0,0.1875,5297.56640625,2862.427978515625,1391.66650390625,736.96142578125,122.29345703125,239.31710815429688,254.77072143554688,261.73016357421875,266.97100830078125,271.3462219238281,34.68705368041992,95.18616485595703,86.78057098388672,76.29106140136719,,,,268.3446044921875,,101542.5625,93762.140625,,3.9016995429992676,80.0,,,30.0,32.0,201.0,52.0,52.0,,54.0,,62.0,,63.0,63.0,3.0,625.0,260.66998291015625,260.4599914550781,100.0,8.0,17.200000762939453,19.399999618530273
2022-12-28T12:59,2022-12-28T13:00,1,holdout_baserate,0,2022,12,12,1,2022-12-28T12:00,1,2022-12-28T12:00,1,2022-12-28T12:00,1,2022-12-28T12:00,0,2022-12-28T12:00,1,2022-12-28T12:00,-999.0,0.0,0.0,82.0,100.0,7418.6123046875,3781.366943359375,nan,63000.0,8934.6240234375,5.240007400512695,252.04994201660156,263.37255859375,265.0043640136719,267.04779052734375,270.6788330078125,5504.9970703125,2959.31298828125,1454.013671875,167.32920837402344,263.578857421875,70.9000015258789,154.59140014648438,0.0,22400.0,0.0,0.0,1337.03076171875,59.900001525878906,98.0999984741211,100.0,10.0,24134.814453125,0.0,0.0,252.2209014892578,262.9698181152344,263.2002868652344,264.9594421386719,268.8926086425781,5507.3564453125,2955.274169921875,1455.2423095703125,801.1617431640625,191.43099975585938,265.0996398925781,83.9000015258789,79.5999984741211,72.25540161132812,0.0,19999.8515625,14.0,12.0,3.0,24100.0,252.0,263.79998779296875,264.20001220703125,266.8999938964844,270.8999938964844,5505.15673828125,2951.845947265625,1443.484619140625,787.1234130859375,181.9670867919922,263.9800109863281,78.69999694824219,77.0,134.9600067138672,0.0,0.0,0.0,2699.2861328125,40.0,100.0,100.0,1.0,17600.0,252.40744018554688,263.037109375,264.022216796875,265.58697509765625,269.22528076171875,5501.12255859375,2953.828369140625,1450.5794677734375,795.7332153320312,173.1373748779297,263.6581726074219,73.95406341552734,80.56793212890625,219.7032470703125,0.0,0.0,0.0,5500.15625,2954.069580078125,1454.370361328125,802.2921142578125,195.0498046875,251.89125061035156,262.3313293457031,262.6429443359375,264.43646240234375,268.05657958984375,98.9664535522461,82.74058532714844,80.18265533447266,85.19326782226562,,,,261.9720458984375,,102484.8125,94571.65625,,8.981192588806152,93.0,,,0.0,0.0,16209.0,34.0,37.0,,64.0,,4.0,,5.0,10.0,0.0,168.0,260.16998291015625,257.82000732421875,83.0,8.0,12.399999618530273,12.5
2022-12-19T18:52,2022-12-19T19:00,48,holdout_baserate,0,2022,12,18,43,2022-12-18T00:00,49,2022-12-17T18:00,49,2022-12-17T18:00,46,2022-12-17T21:00,48,2022-12-17T18:00,36,2022-12-18T07:00,-999.0,100.0,100.0,0.0,0.0,1341.3892822265625,1341.26220703125,83200.0,85600.0,1699.3780517578125,12.397136688232422,238.87017822265625,255.77999877929688,262.63623046875,267.1657409667969,271.4068603515625,5307.220703125,2873.08203125,1399.1329345703125,126.6993408203125,262.58245849609375,90.4000015258789,443.2749938964844,0.0,100.0,0.0,2.119999885559082,918.9288940429688,56.20000076293945,74.69999694824219,0.0,86.69999694824219,1847.9588623046875,1.2000000424450263e-05,0.0625,239.55665588378906,256.8997802734375,262.3117370605469,268.2264709472656,272.2562255859375,5306.65771484375,2865.403564453125,1387.823486328125,730.792236328125,113.1924057006836,268.0892639160156,88.0999984741211,85.4000015258789,1004.0355834960938,1.440000057220459,20000.189453125,50.0,4.0,0.0,0.0,241.10000610351562,256.8999938964844,262.5,265.5,269.5,5328.8623046875,2877.11572265625,1396.7293701171875,743.6671142578125,123.58621978759766,263.5299987792969,98.0,100.0,495.20001220703125,0.0,0.0005000000237487257,1.6875,864.3223266601562,100.0,0.0,0.0,100.0,9108.427734375,238.86717224121094,254.86080932617188,262.156005859375,266.70880126953125,271.16119384765625,5311.8759765625,2879.04248046875,1409.228759765625,754.5210571289062,138.00621032714844,266.65911865234375,92.0,92.81085968017578,626.9694213867188,0.0,9.999999747378752e-06,1.5,5296.45703125,2861.65966796875,1392.251220703125,738.9375,125.510009765625,239.2781982421875,254.7809600830078,261.62872314453125,266.4165954589844,270.7627258300781,42.773773193359375,90.58296203613281,86.14772033691406,76.58517456054688,,,,267.7701110839844,,101600.875,93807.4921875,,4.032672882080078,83.0,,,30.0,32.0,201.0,56.0,56.0,,58.0,,53.0,,53.0,53.0,2.0,501.0,260.41998291015625,260.7099914550781,100.0,6.0,16.799999237060547,19.5
2022-12-28T12:59,2022-12-28T13:00,24,holdout_baserate,0,2022,12,12,25,2022-12-27T12:00,25,2022-12-27T12:00,25,2022-12-27T12:00,22,2022-12-27T15:00,24,2022-12-27T12:00,24,2022-12-27T13:00,-999.0,0.0,2.0,100.0,100.0,5146.1484375,3236.31982421875,32400.0,67600.0,9346.2978515625,6.802271842956543,251.3320770263672,262.90460205078125,264.53204345703125,266.9924011230469,270.6286315917969,5507.8408203125,2960.8994140625,1460.968994140625,175.33494567871094,263.7091064453125,71.5,220.16452026367188,0.0,22300.0,0.0,0.30000001192092896,1277.787841796875,81.0999984741211,67.0,100.0,5.099999904632568,24112.642578125,0.0,0.0,251.94996643066406,262.6688232421875,264.042236328125,264.8905944824219,268.69500732421875,5508.1025390625,2957.658935546875,1457.2337646484375,801.5839233398438,192.2996826171875,264.8241882324219,84.0,77.69999694824219,45.49258041381836,0.0,2142.778076171875,42.0,57.0,45.0,12500.0,252.10000610351562,263.1000061035156,262.70001220703125,265.0,269.0,5506.9169921875,2954.383544921875,1453.9544677734375,802.362548828125,191.84588623046875,262.9599914550781,84.69999694824219,88.0,280.7200012207031,0.0,0.0,0.0625,2889.0283203125,76.0,98.0,100.0,0.0,17800.0,252.11830139160156,263.126220703125,263.3289794921875,265.283447265625,268.5672302246094,5507.83837890625,2962.93603515625,1462.980712890625,809.138671875,187.82469177246094,262.32275390625,67.38102722167969,79.65058135986328,163.28195190429688,0.0,0.0,0.125,5501.42578125,2956.2431640625,1457.527587890625,804.6842041015625,196.517333984375,251.5772247314453,262.4273986816406,262.5997009277344,264.9510803222656,268.47821044921875,99.45452880859375,76.24803161621094,72.81632232666016,82.024658203125,,,,263.03558349609375,,102498.9375,94609.640625,,8.983064651489258,96.0,,,0.0,0.0,0.0,67.0,71.0,,77.0,,66.0,,67.0,73.0,0.0,186.0,260.47998046875,257.7799987792969,81.0,18.0,13.199999809265137,14.0
2023-01-06T14:50,2023-01-06T15:00,1,train,0,2023,1,14,1,2023-01-06T14:00,3,2023-01-06T12:00,3,2023-01-06T12:00,1,2023-01-06T14:00,3,2023-01-06T12:00,1,2023-01-06T14:00,-999.0,0.0,54.0,100.0,4.0,nan,1342.2822265625,52600.0,86000.0,nan,2.8620758056640625,243.90277099609375,261.011962890625,269.3769226074219,272.27996826171875,275.8984069824219,5426.8251953125,2936.46484375,1427.0628662109375,126.12103271484375,270.76116943359375,93.0999984741211,270.5408935546875,943.0399780273438,11600.0,0.0,0.08100000023841858,789.36181640625,99.69999694824219,100.0,40.29999923706055,77.69999694824219,872.3412475585938,1.52000002344721e-05,0.0625,243.59744262695312,260.87322998046875,269.4820556640625,272.6244201660156,276.74078369140625,5425.77197265625,2932.600830078125,1422.5067138671875,751.88671875,123.63468933105469,272.9286193847656,91.5,92.9000015258789,321.8359069824219,737.280029296875,1264.9886474609375,100.0,100.0,1.0,2200.0,244.1999969482422,261.1000061035156,270.6000061035156,274.8999938964844,279.0,5434.17578125,2940.81640625,1428.19970703125,751.8507080078125,132.8231658935547,272.2699890136719,92.5999984741211,98.0,372.79998779296875,1045.9200439453125,0.00019999999494757503,0.5,1020.7105712890625,100.0,100.0,5.0,80.0,5200.0,243.70547485351562,260.4885559082031,269.53759765625,271.8366394042969,275.2235412597656,5430.8173828125,2939.880615234375,1431.968994140625,760.28564453125,133.02737426757812,272.2799072265625,95.96442413330078,97.43112182617188,195.2069091796875,630.0,7.000000186963007e-05,0.25,5429.67578125,2938.195556640625,1428.858154296875,757.0681762695312,133.491455078125,244.0141143798828,261.0933532714844,269.81915283203125,271.55975341796875,274.8946533203125,90.22867584228516,92.21004486083984,95.24480438232422,82.03997039794922,,,,273.7431335449219,,101636.1875,93989.03125,,9.665067672729492,96.0,,,0.0,0.0,209.0,85.0,87.0,,88.0,,66.0,,75.0,75.0,0.0,231.0,266.5,266.53997802734375,100.0,10.0,8.800000190734863,8.5
2022-12-28T12:59,2022-12-28T13:00,48,holdout_baserate,0,2022,12,12,43,2022-12-26T18:00,49,2022-12-26T12:00,49,2022-12-26T12:00,46,2022-12-26T15:00,48,2022-12-26T12:00,36,2022-12-27T01:00,-999.0,0.0,2.0,17.0,100.0,4501.3310546875,1341.45458984375,34600.0,86100.0,9291.791015625,7.999328136444092,251.57647705078125,264.65240478515625,264.50653076171875,266.3262939453125,269.9468688964844,5510.5595703125,2955.85009765625,1448.8603515625,163.05056762695312,263.71728515625,80.19999694824219,228.11492919921875,0.0,11800.0,0.0,1.590000033378601,1280.6676025390625,77.30000305175781,96.0,100.0,23.399999618530273,4223.52294921875,1.5999999959603883e-05,0.0625,252.63998413085938,265.1735534667969,266.4246826171875,266.0699462890625,270.0447082519531,5503.255859375,2945.180419921875,1432.59912109375,772.4517211914062,160.00074768066406,266.0771484375,86.0,84.0999984741211,107.3969955444336,0.0,2042.7181396484375,100.0,100.0,0.0,1200.0,251.5,262.70001220703125,263.70001220703125,264.8999938964844,268.8999938964844,5476.79638671875,2930.464111328125,1425.4132080078125,773.868896484375,164.06451416015625,262.5,85.9000015258789,87.0,242.0800018310547,0.0,0.00019999999494757503,0.875,4635.85400390625,22.0,100.0,100.0,1.0,3200.0,250.89004516601562,264.539306640625,266.16094970703125,265.69476318359375,268.63787841796875,5509.4931640625,2958.62890625,1446.20849609375,787.991455078125,165.17098999023438,263.6038818359375,76.85508728027344,79.23646545410156,255.85984802246094,0.0,5.999999848427251e-05,1.375,5489.05078125,2948.73095703125,1456.45166015625,805.4024658203125,198.88037109375,250.78369140625,262.58740234375,261.7157287597656,264.24249267578125,267.78131103515625,97.3381576538086,73.45375061035156,74.00372314453125,81.6480712890625,,,,262.91900634765625,,102540.125,94616.046875,,8.569217681884766,93.0,,,32.0,32.0,0.0,62.0,66.0,,70.0,,68.0,,68.0,73.0,0.0,179.0,259.7799987792969,257.52996826171875,82.0,25.0,12.399999618530273,12.800000190734863
2023-01-06T14:50,2023-01-06T15:00,24,train,0,2023,1,14,21,2023-01-05T18:00,21,2023-01-05T18:00,21,2023-01-05T18:00,24,2023-01-05T15:00,21,2023-01-05T18:00,24,2023-01-05T15:00,-999.0,0.0,100.0,100.0,42.0,nan,1342.25048828125,48800.0,85800.0,nan,1.80482017993927,244.17630004882812,261.1576232910156,269.1233825683594,271.4189758300781,275.30047607421875,5420.2216796875,2924.912841796875,1414.416259765625,115.66062927246094,269.67578125,93.80000305175781,121.78799438476562,771.1199951171875,4600.0,0.0,0.30000001192092896,785.0868530273438,98.19999694824219,100.0,93.5,99.5,243.63673400878906,8.799999704933725e-06,0.0625,244.97714233398438,261.29205322265625,269.3841247558594,272.15252685546875,276.26141357421875,5419.22021484375,2928.90087890625,1418.61376953125,748.2592163085938,121.13749694824219,272.19927978515625,95.5999984741211,96.30000305175781,238.19004821777344,626.719970703125,1196.15771484375,85.0,94.0,17.0,0.0,246.10000610351562,261.3999938964844,269.70001220703125,273.29998779296875,277.3999938964844,5422.72509765625,2927.900146484375,1417.170654296875,744.5817260742188,123.24515533447266,271.19000244140625,96.9000015258789,100.0,211.0399932861328,880.1599731445312,0.0,0.0,1951.9129638671875,79.0,100.0,43.0,28.0,5600.0,243.8708038330078,261.1075744628906,269.3271789550781,271.73065185546875,275.3148498535156,5415.35791015625,2926.304443359375,1417.48681640625,746.3344116210938,118.99342346191406,272.37860107421875,95.0,95.80423736572266,153.0021514892578,630.0,5.999999848427251e-05,0.4375,5423.86328125,2933.67529296875,1422.521728515625,751.5428466796875,129.177978515625,244.61619567871094,261.6455078125,269.23687744140625,271.0623779296875,274.55841064453125,85.51205444335938,96.63313293457031,96.22381591796875,86.63265991210938,,,,273.278076171875,,101573.625,93924.359375,,9.813799858093262,97.0,,,0.0,0.0,256.0,97.0,97.0,,97.0,,80.0,,92.0,94.0,1.0,211.0,265.989990234375,265.92999267578125,100.0,31.0,8.800000190734863,8.600000381469727
2023-01-06T14:50,2023-01-06T15:00,48,train,0,2023,1,14,45,2023-01-04T18:00,45,2023-01-04T18:00,45,2023-01-04T18:00,48,2023-01-04T15:00,45,2023-01-04T18:00,45,2023-01-04T18:00,-999.0,100.0,100.0,100.0,0.0,1342.3087158203125,1342.1859130859375,52500.0,85700.0,7374.76513671875,3.086470603942871,244.6451873779297,259.9195556640625,268.8197326660156,271.5408935546875,275.3235778808594,5395.4423828125,2910.9873046875,1405.7991943359375,108.76943969726562,269.5370178222656,96.9000015258789,393.46343994140625,751.760009765625,300.0,9.999999747378752e-05,9.09000015258789,785.1218872070312,100.0,100.0,0.0,95.5,274.9242248535156,1.680000059423037e-05,0.125,245.33091735839844,260.1709899902344,269.33477783203125,272.0278625488281,276.1178283691406,5414.02099609375,2920.67138671875,1415.2474365234375,744.9805908203125,118.16214752197266,272.0664367675781,95.69999694824219,96.4000015258789,230.20516967773438,608.47998046875,2935.0107421875,90.0,86.0,0.0,24100.0,245.39999389648438,260.0,266.6000061035156,271.3999938964844,275.3999938964844,5388.36083984375,2899.816650390625,1396.2296142578125,729.1871337890625,108.31980895996094,268.9200134277344,87.0,91.0,284.4800109863281,530.719970703125,0.0,0.125,1736.676513671875,100.0,100.0,0.0,52.0,3100.0,246.00991821289062,259.10003662109375,267.5392761230469,270.86669921875,274.4931640625,5388.84033203125,2903.13037109375,1403.6282958984375,736.349853515625,111.63255310058594,271.3388671875,95.31702423095703,94.20392608642578,187.8135986328125,480.0,0.00011000000085914508,10.4375,5417.32421875,2924.696533203125,1414.6982421875,744.192138671875,122.652099609375,245.55137634277344,260.2030334472656,269.73193359375,270.6374816894531,274.07904052734375,98.49972534179688,99.86207580566406,97.5729751586914,86.84066009521484,,,,272.0758056640625,,101510.5,93840.109375,,10.170628547668457,91.0,,,32.0,24.0,384.0,94.0,94.0,,96.0,,79.0,,100.0,100.0,3.0,389.0,265.3999938964844,265.3599853515625,100.0,0.0,10.399999618530273,10.5
2023-01-16T18:52,2023-01-16T19:00,1,train,0,2023,1,18,1,2023-01-16T18:00,1,2023-01-16T18:00,1,2023-01-16T18:00,1,2023-01-16T18:00,0,2023-01-16T18:00,1,2023-01-16T18:00,-999.0,0.0,79.0,100.0,100.0,1571.50439453125,1341.9178466796875,62700.0,85200.0,10367.4033203125,8.488821029663086,254.73773193359375,270.9300537109375,270.71405029296875,269.04669189453125,272.9746398925781,5497.61328125,2904.259521484375,1349.9560546875,34.111328125,269.5719909667969,93.69999694824219,311.2446594238281,754.8800048828125,4500.0,9.999999747378752e-05,0.2669999897480011,1271.2421875,100.0,58.20000076293945,100.0,100.0,1852.4267578125,0.00010720000136643648,0.6875,255.5567626953125,270.6144714355469,271.3037109375,266.7463073730469,270.7305908203125,5501.26513671875,2901.1220703125,1346.9085693359375,683.8092041015625,69.72105407714844,266.15509033203125,93.0,92.30000305175781,215.93101501464844,0.0,1524.461669921875,79.0,71.0,76.0,1300.0,255.39999389648438,271.29998779296875,268.6000061035156,271.79998779296875,275.8999938964844,5500.22705078125,2898.48876953125,1350.66357421875,681.8040771484375,74.31035614013672,269.4800109863281,87.0999984741211,93.0,324.6400146484375,616.719970703125,0.0003000000142492354,1.125,895.6798706054688,100.0,80.0,94.0,100.0,4700.0,254.12673950195312,270.53363037109375,270.88580322265625,267.0865478515625,271.17169189453125,5495.77587890625,2901.916015625,1352.4573974609375,687.94970703125,48.8563232421875,266.35137939453125,93.0,92.08380126953125,353.5061950683594,0.0,4.999999873689376e-05,0.25,5506.81640625,2908.34521484375,1358.649169921875,692.5946044921875,77.011474609375,255.45347595214844,270.0393981933594,270.82659912109375,267.8923645019531,271.56561279296875,98.0516357421875,99.06681060791016,87.10990905761719,81.71659851074219,,,,267.53778076171875,,101076.4375,93307.703125,,16.079700469970703,95.0,0.0,7620.0,32.0,32.0,209.0,81.0,97.0,100.0,100.0,100.0,97.0,100.0,100.0,100.0,0.0,311.0,265.739990234375,264.6099853515625,90.0,52.0,28.799999237060547,31.200000762939453
2023-01-16T18:52,2023-01-16T19:00,24,train,0,2023,1,18,25,2023-01-15T18:00,25,2023-01-15T18:00,25,2023-01-15T18:00,22,2023-01-15T21:00,24,2023-01-15T18:00,24,2023-01-15T19:00,-999.0,0.0,39.0,0.0,100.0,1571.4765625,1342.0478515625,nan,85200.0,10188.94140625,9.209367752075195,254.35916137695312,272.2333984375,269.07177734375,270.03460693359375,274.1400146484375,5508.9189453125,2903.04736328125,1355.095703125,39.72484588623047,269.71832275390625,94.5,326.6730651855469,776.5599975585938,12500.0,0.0,8.619999885559082,784.9248657226562,100.0,100.0,100.0,100.0,727.9486694335938,0.0001055999964592047,0.3125,256.09600830078125,271.10089111328125,270.7174072265625,266.11102294921875,270.0862731933594,5495.84130859375,2891.440185546875,1336.5023193359375,674.745849609375,62.187774658203125,265.4652404785156,92.19999694824219,91.5999984741211,216.21966552734375,0.0,1369.7841796875,92.0,100.0,100.0,500.0,255.8000030517578,272.70001220703125,270.3999938964844,273.6000061035156,277.70001220703125,5499.21240234375,2891.25927734375,1332.6038818359375,659.0765380859375,49.23971939086914,270.40997314453125,88.9000015258789,91.0,326.239990234375,759.8400268554688,0.002099999925121665,3.0625,837.85986328125,100.0,100.0,100.0,100.0,2100.0,255.00558471679688,270.69378662109375,273.22576904296875,270.56396484375,274.8005676269531,5515.41943359375,2918.430419921875,1361.0863037109375,689.3525390625,46.976829528808594,270.1180419921875,97.0,95.10497283935547,387.6015930175781,300.0,0.00022000000171829015,4.625,5515.09765625,2913.085693359375,1355.408447265625,688.54638671875,71.428466796875,255.41468811035156,270.5763244628906,272.65509033203125,268.16595458984375,272.322998046875,97.39491271972656,99.72901153564453,85.84323120117188,79.51874542236328,,,,268.705078125,,100995.1875,93271.4453125,,16.67112922668457,97.0,,,32.0,32.0,0.0,74.0,79.0,,86.0,,93.0,,98.0,100.0,0.0,249.0,263.92999267578125,263.41998291015625,98.0,21.0,16.799999237060547,18.399999618530273
2023-01-16T18:52,2023-01-16T19:00,48,train,0,2023,1,18,43,2023-01-15T00:00,49,2023-01-14T18:00,49,2023-01-14T18:00,46,2023-01-14T21:00,48,2023-01-14T18:00,36,2023-01-15T07:00,-999.0,12.0,95.0,100.0,100.0,1573.169677734375,1342.4736328125,30300.0,85600.0,10001.1650390625,9.523704528808594,254.53887939453125,271.41961669921875,271.8475341796875,272.378173828125,276.44000244140625,5537.8037109375,2944.01953125,1389.820556640625,67.92608642578125,271.3326416015625,95.9000015258789,348.96917724609375,1028.9599609375,12200.0,0.0,0.019999999552965164,784.9738159179688,100.0,39.0,100.0,95.69999694824219,218.1253662109375,8.399999933317304e-05,0.125,255.7364501953125,269.9407958984375,270.2520446777344,267.36309814453125,271.31304931640625,5510.3408203125,2905.88818359375,1359.6322021484375,696.1188354492188,80.55728149414062,266.88763427734375,93.0999984741211,92.30000305175781,206.40794372558594,0.0,8173.779296875,22.0,9.0,83.0,24100.0,254.60000610351562,270.6000061035156,269.3999938964844,273.29998779296875,277.3999938964844,5510.02001953125,2920.37255859375,1372.77880859375,700.54443359375,80.90784454345703,270.4599914550781,76.9000015258789,80.0,413.20001220703125,766.8800048828125,0.0,0.0,806.0469360351562,100.0,22.0,100.0,100.0,3200.0,254.0736846923828,271.1787414550781,273.6452331542969,270.5925598144531,274.94146728515625,5542.33251953125,2949.383544921875,1392.0950927734375,719.4630737304688,78.33659362792969,270.2894287109375,97.20055389404297,96.22001647949219,379.52154541015625,320.0,0.0,0.0,5500.83203125,2909.4521484375,1357.61181640625,694.5126953125,77.9560546875,254.37527465820312,270.9893798828125,269.82965087890625,267.9020690917969,272.03924560546875,86.34446716308594,98.8919677734375,82.74445343017578,75.7074966430664,,,,268.37274169921875,,101046.3125,93305.265625,,15.052247047424316,91.0,,,32.0,32.0,0.0,62.0,62.0,,68.0,,65.0,,65.0,65.0,0.0,217.0,264.5199890136719,263.8699951171875,96.0,21.0,16.0,18.100000381469727
2023-01-24T20:51,2023-01-24T21:00,1,train,0,2023,1,20,1,2023-01-24T20:00,3,2023-01-24T18:00,3,2023-01-24T18:00,1,2023-01-24T20:00,3,2023-01-24T18:00,1,2023-01-24T20:00,-999.0,100.0,100.0,0.0,0.0,1341.66552734375,1341.494873046875,81500.0,85000.0,1864.0450439453125,12.918710708618164,252.24612426757812,259.6529541015625,263.8487854003906,269.241943359375,273.3726806640625,5412.59814453125,2880.944091796875,1396.6458740234375,110.38634490966797,264.31683349609375,92.30000305175781,457.6370544433594,0.0,100.0,0.0,0.05400000140070915,785.013427734375,99.4000015258789,0.0,5.0,100.0,219.29156494140625,9.999999747378752e-05,0.5625,253.04470825195312,258.3246765136719,264.61846923828125,269.84197998046875,273.8614807128906,5415.7802734375,2874.7451171875,1395.786865234375,733.3359985351562,111.8646240234375,269.517822265625,93.69999694824219,92.0,1190.2886962890625,218.55999755859375,1195.7381591796875,78.0,0.0,0.0,100.0,253.8000030517578,259.3999938964844,264.70001220703125,269.5,273.5,5415.8818359375,2868.946533203125,1388.22607421875,725.9190673828125,101.34061431884766,266.8599853515625,98.9000015258789,100.0,1131.199951171875,213.27999877929688,0.0017999999690800905,7.0625,918.4625854492188,100.0,0.0,0.0,100.0,13000.0,252.01087951660156,258.6393127441406,263.95843505859375,269.4139709472656,273.851318359375,5406.93408203125,2882.69580078125,1401.366943359375,740.66748046875,117.20391845703125,269.1142883300781,87.0,86.68110656738281,885.28125,140.0,9.999999747378752e-06,0.0625,5407.65234375,2876.143310546875,1396.72607421875,736.3302612304688,115.90087890625,252.90000915527344,258.1034851074219,263.77435302734375,269.45318603515625,273.7308349609375,52.210994720458984,98.47942352294922,79.40348815917969,73.73162078857422,,,,270.16888427734375,,101448.125,93735.59375,,5.559372425079346,95.0,0.0,7620.0,0.0,0.0,256.0,60.0,75.0,98.0,98.0,98.0,72.0,73.0,73.0,73.0,10.0,506.0,262.57000732421875,261.66998291015625,94.0,31.0,43.20000076293945,46.79999923706055
2023-01-24T20:51,2023-01-24T21:00,24,train,0,2023,1,20,21,2023-01-24T00:00,21,2023-01-24T00:00,21,2023-01-24T00:00,24,2023-01-23T21:00,21,2023-01-24T00:00,24,2023-01-23T21:00,-999.0,100.0,100.0,0.0,0.0,1341.707275390625,1341.6322021484375,79800.0,85400.0,2046.0794677734375,11.755636215209961,251.24337768554688,259.3807678222656,264.19476318359375,269.1910400390625,273.36920166015625,5390.9833984375,2867.870849609375,1386.572265625,100.97913360595703,264.68121337890625,91.9000015258789,530.1206665039062,3.8399999141693115,100.0,9.999999747378752e-05,1.3700000047683716,784.9132690429688,94.5999984741211,0.0,4.400000095367432,100.0,222.6438446044922,8.879999950295314e-05,0.6875,252.92552185058594,258.76544189453125,264.4267272949219,269.80804443359375,273.86041259765625,5410.5908203125,2868.16650390625,1386.982666015625,724.8035278320312,103.4319076538086,269.44140625,93.0,91.0999984741211,1210.1416015625,207.1999969482422,1195.5206298828125,77.0,0.0,0.0,100.0,251.60000610351562,261.20001220703125,263.6000061035156,268.29998779296875,272.29998779296875,5402.423828125,2855.547119140625,1372.0899658203125,712.8336181640625,90.14073181152344,265.6300048828125,98.4000015258789,100.0,895.2000122070312,24.0,0.001500000013038516,9.625,968.11572265625,100.0,0.0,0.0,100.0,7900.0,250.74346923828125,258.6632385253906,263.6866455078125,268.9619140625,273.3228759765625,5383.017578125,2869.803955078125,1391.710693359375,731.9383544921875,109.20945739746094,268.5942077636719,91.0,89.59044647216797,886.2352905273438,60.0,2.9999999242136255e-05,2.5625,5403.44140625,2874.71142578125,1393.93994140625,733.3767700195312,113.311279296875,252.2255401611328,259.15740966796875,263.7784423828125,269.39276123046875,273.6580810546875,32.675994873046875,97.97962188720703,80.34473419189453,73.85938262939453,,,,270.197265625,,101405.6875,93694.53125,,5.168908596038818,94.0,0.0,7620.0,32.0,32.0,256.0,69.0,69.0,69.0,69.0,72.0,66.0,67.0,67.0,67.0,15.0,632.0,262.95001220703125,262.1100158691406,92.0,20.0,40.79999923706055,47.29999923706055
2023-01-24T20:51,2023-01-24T21:00,48,train,0,2023,1,20,45,2023-01-23T00:00,45,2023-01-23T00:00,45,2023-01-23T00:00,48,2023-01-22T21:00,45,2023-01-23T00:00,45,2023-01-23T00:00,-999.0,100.0,100.0,0.0,0.0,1341.62939453125,1341.4622802734375,75800.0,85000.0,2043.410400390625,12.010107040405273,250.25262451171875,258.1282958984375,263.8724060058594,269.07952880859375,273.2418212890625,5362.9599609375,2846.361328125,1371.727783203125,89.74024200439453,264.08575439453125,91.5,608.445068359375,0.0,200.0,9.999999747378752e-05,20.899999618530273,784.8990478515625,97.4000015258789,0.0,3.299999952316284,100.0,204.6899871826172,9.999999747378752e-05,0.5625,252.00225830078125,259.4159240722656,265.0967102050781,270.23895263671875,274.2820739746094,5413.615234375,2877.413818359375,1391.74462890625,728.1573486328125,105.73790740966797,269.879638671875,94.0,92.4000015258789,1144.875732421875,273.9200134277344,1195.564453125,68.0,0.0,0.0,100.0,251.60000610351562,261.3999938964844,263.0,267.70001220703125,271.70001220703125,5382.9931640625,2839.849609375,1358.2611083984375,700.3281860351562,78.8558120727539,265.739990234375,97.5999984741211,100.0,800.7999877929688,40.959999084472656,0.0010000000474974513,10.0,1234.9652099609375,100.0,0.0,0.0,100.0,5700.0,249.94337463378906,256.3647766113281,263.2873229980469,268.8912658691406,273.2823791503906,5353.14990234375,2845.583251953125,1377.0201416015625,717.7782592773438,98.05801391601562,268.38836669921875,86.0,83.88524627685547,1021.0067138671875,30.0,2.9999999242136255e-05,17.375,5388.67578125,2868.506103515625,1390.477294921875,730.7252197265625,111.2783203125,250.72874450683594,259.2197265625,263.44384765625,269.1887512207031,273.41241455078125,33.659141540527344,97.64311981201172,78.94979858398438,73.73529052734375,,,,269.885986328125,,101381.8125,93664.859375,,4.899336338043213,91.0,,,104.0,24.0,9110.0,75.0,75.0,,76.0,,60.0,,60.0,60.0,22.0,654.0,263.54998779296875,262.489990234375,92.0,0.0,40.79999923706055,47.20000076293945
2023-02-08T16:50,2023-02-08T17:00,1,train,0,2023,2,16,1,2023-02-08T16:00,5,2023-02-08T12:00,5,2023-02-08T12:00,1,2023-02-08T16:00,0,2023-02-08T18:00,1,2023-02-08T16:00,-999.0,5.0,53.0,0.0,0.0,nan,1341.8065185546875,nan,86000.0,nan,14.318646430969238,246.481201171875,262.8993225097656,266.66845703125,270.774658203125,275.04681396484375,5431.25341796875,2930.16357421875,1421.0780029296875,123.93458557128906,266.44677734375,95.5999984741211,335.7360534667969,277.0400085449219,12200.0,0.0,0.004999999888241291,917.51904296875,75.5999984741211,0.0,0.0,97.5999984741211,1737.554443359375,3.1200001103570685e-05,0.4375,246.73983764648438,263.1466064453125,265.0116271972656,271.0978088378906,275.24151611328125,5435.2880859375,2927.8525390625,1425.91259765625,761.8692626953125,137.30313110351562,271.3074645996094,90.5999984741211,84.5,1118.85302734375,494.239990234375,19999.892578125,49.0,0.0,0.0,0.0,247.0,263.70001220703125,264.3999938964844,269.5,273.5,5441.4765625,2929.66796875,1417.800048828125,755.3065185546875,127.70870971679688,267.7300109863281,98.5999984741211,100.0,552.47998046875,347.20001220703125,0.000699999975040555,2.9375,1038.976806640625,100.0,0.0,0.0,100.0,14500.0,246.0988311767578,262.18194580078125,265.614501953125,270.9853820800781,275.5400085449219,5430.4521484375,2933.3603515625,1431.03515625,766.6231689453125,136.74208068847656,271.2073669433594,89.73506164550781,86.33119201660156,683.3450927734375,460.0,0.0,0.0,5436.1640625,2935.34912109375,1430.6044921875,765.0929565429688,139.087890625,245.4447479248047,262.4610900878906,265.4526672363281,271.7584228515625,276.20135498046875,40.59432601928711,97.2849349975586,67.2657241821289,59.086708068847656,,,,273.5550842285156,,101731.3125,94071.234375,,4.80615234375,81.0,0.0,7620.0,0.0,0.0,209.0,53.0,60.0,67.0,69.0,72.0,70.0,70.0,74.0,75.0,9.0,654.0,264.25,263.27996826171875,93.0,6.0,37.20000076293945,42.400001525878906
2023-02-08T16:50,2023-02-08T17:00,24,train,0,2023,2,16,23,2023-02-07T18:00,23,2023-02-07T18:00,23,2023-02-07T18:00,26,2023-02-07T15:00,24,2023-02-07T18:00,24,2023-02-07T17:00,-999.0,62.0,88.0,0.0,0.0,nan,1341.606201171875,nan,86000.0,nan,15.18764877319336,245.71026611328125,263.1727294921875,266.92584228515625,269.5957946777344,273.85223388671875,5436.1298828125,2933.94580078125,1421.499267578125,126.33979797363281,265.5364074707031,94.69999694824219,319.08233642578125,134.0800018310547,12200.0,0.0,1.7599999904632568,873.68359375,77.5999984741211,0.0,0.0,99.9000015258789,1251.93359375,3.04000004689442e-05,0.4375,246.6632843017578,263.64013671875,264.7335205078125,270.7182922363281,274.83819580078125,5442.28271484375,2927.92333984375,1422.7869873046875,759.5574951171875,135.90655517578125,270.9085388183594,90.69999694824219,85.5999984741211,979.49169921875,432.0,1195.943115234375,50.0,0.0,0.0,0.0,246.1999969482422,264.29998779296875,263.79998779296875,268.70001220703125,272.70001220703125,5438.6337890625,2924.91943359375,1405.9637451171875,745.39013671875,119.23670196533203,267.0199890136719,98.9000015258789,100.0,407.5199890136719,237.44000244140625,0.0010999999940395355,5.3125,1043.251220703125,90.0,0.0,0.0,90.0,15400.0,245.36155700683594,262.1838684082031,265.59747314453125,269.6087646484375,274.235595703125,5426.7353515625,2932.851806640625,1424.223388671875,762.35400390625,133.40476989746094,269.909423828125,87.81637573242188,82.76351928710938,554.775146484375,260.0,0.0,2.8125,5431.3359375,2930.138671875,1425.560302734375,761.9205322265625,137.73388671875,245.15463256835938,262.00567626953125,264.94403076171875,270.9243469238281,275.3794250488281,53.24497985839844,95.71304321289062,71.56783294677734,62.82307434082031,,,,272.35302734375,,101727.25,94042.390625,,4.644321441650391,79.0,0.0,7620.0,32.0,32.0,201.0,54.0,56.0,61.0,62.0,62.0,52.0,52.0,53.0,57.0,5.0,667.0,264.6099853515625,262.989990234375,88.0,5.0,37.599998474121094,44.20000076293945
2023-03-06T16:54,2023-03-06T17:00,1,train,0,2023,3,16,1,2023-03-06T16:00,5,2023-03-06T12:00,5,2023-03-06T12:00,1,2023-03-06T16:00,0,2023-03-06T18:00,1,2023-03-06T16:00,-999.0,0.0,0.0,0.0,0.0,nan,nan,nan,nan,nan,14.663732528686523,248.28372192382812,261.06866455078125,264.7537536621094,269.5084228515625,273.69549560546875,5397.73046875,2880.00390625,1385.850341796875,91.43290710449219,264.9715576171875,63.099998474121094,442.2126159667969,52.47999954223633,29100.0,0.0,0.0,19999.87890625,5.900000095367432,0.0,0.0,19.600000381469727,24131.35546875,1.6000000186977559e-06,0.0,249.18716430664062,262.91357421875,262.9536437988281,269.4058532714844,273.4306945800781,5385.2587890625,2861.081298828125,1367.867919921875,709.7062377929688,89.45999908447266,269.34844970703125,83.30000305175781,77.80000305175781,1323.4122314453125,193.1199951171875,20000.087890625,3.0,0.0,0.0,24100.0,248.89999389648438,263.20001220703125,261.1000061035156,265.8999938964844,269.8999938964844,5377.62158203125,2853.544677734375,1358.137451171875,704.880859375,80.59635925292969,264.1300048828125,91.5,96.0,723.9199829101562,0.0,0.0,0.0625,nan,2.0,0.0,0.0,2.0,32800.0,248.39187622070312,261.8385925292969,264.54571533203125,269.1962890625,273.6910400390625,5391.4228515625,2871.9150390625,1375.79345703125,715.8367309570312,87.38014221191406,269.5977783203125,58.0,49.28437805175781,656.4752197265625,210.0,0.0,0.0,5381.359375,2866.09423828125,1367.911865234375,705.359130859375,82.546142578125,248.24957275390625,262.2225341796875,265.5465087890625,270.57183837890625,274.80755615234375,2.9719953536987305,35.58384323120117,39.329017639160156,35.81370544433594,,,,272.15594482421875,,101056.1875,93411.6875,,1.6415376663208008,18.0,0.0,7620.0,88888.0,648.0,nan,,,,,,,,,,2.0,702.0,260.7300109863281,256.3699951171875,68.0,0.0,50.0,60.400001525878906
2023-02-08T16:50,2023-02-08T17:00,48,train,0,2023,2,16,47,2023-02-06T18:00,47,2023-02-06T18:00,47,2023-02-06T18:00,50,2023-02-06T15:00,48,2023-02-06T18:00,36,2023-02-07T05:00,-999.0,0.0,3.0,0.0,0.0,nan,1341.446044921875,nan,86000.0,nan,15.95454216003418,246.9994659423828,263.9963684082031,267.1378479003906,269.2467041015625,273.5060729980469,5447.1376953125,2934.02978515625,1417.8399658203125,122.40567016601562,265.0391845703125,82.30000305175781,308.0806579589844,62.0,17900.0,0.0,3.069999933242798,899.2744750976562,87.9000015258789,0.800000011920929,0.0,99.5,1970.50048828125,1.920000067912042e-05,0.25,246.19273376464844,264.7913818359375,264.67401123046875,270.7354736328125,274.8770751953125,5462.85107421875,2942.517333984375,1428.2674560546875,765.1884155273438,141.4481658935547,271.0162048339844,90.5,84.80000305175781,866.52978515625,457.2799987792969,1195.912109375,54.0,0.0,0.0,0.0,247.3000030517578,264.8999938964844,262.79998779296875,267.20001220703125,271.20001220703125,5448.65234375,2931.511474609375,1409.197265625,752.3589477539062,128.93515014648438,265.55999755859375,98.69999694824219,100.0,406.1600036621094,14.079999923706055,0.0010000000474974513,5.5,nan,57.0,0.0,0.0,57.0,18500.0,245.70082092285156,263.72784423828125,266.1834411621094,269.08154296875,273.62921142578125,5436.9208984375,2931.832275390625,1418.546875,757.620361328125,129.0582275390625,269.476318359375,80.99874877929688,75.85530090332031,442.6368103027344,190.0,0.0,1.9375,5437.3515625,2933.28857421875,1423.782958984375,759.6840209960938,135.6171875,246.39535522460938,262.95184326171875,265.338623046875,270.9432373046875,275.36810302734375,21.47649383544922,89.76148986816406,76.50936889648438,66.88263702392578,,,,272.5167541503906,,101689.375,94007.21875,,4.344956398010254,57.0,0.0,7620.0,32.0,32.0,201.0,51.0,51.0,51.0,52.0,52.0,47.0,47.0,49.0,50.0,3.0,636.0,264.30999755859375,262.5299987792969,87.0,5.0,38.0,44.900001525878906
2023-03-06T16:54,2023-03-06T17:00,24,train,0,2023,3,16,23,2023-03-05T18:00,23,2023-03-05T18:00,23,2023-03-05T18:00,26,2023-03-05T15:00,24,2023-03-05T18:00,24,2023-03-05T17:00,-999.0,0.0,3.0,0.0,0.0,nan,1440.99169921875,nan,84400.0,nan,14.677881240844727,248.5703125,262.8101806640625,263.7713623046875,267.3360595703125,271.48321533203125,5402.8515625,2876.6806640625,1378.3426513671875,88.85801696777344,262.83404541015625,77.5999984741211,368.0544128417969,0.0,20600.0,0.0,0.029999999329447746,19999.978515625,4.900000095367432,0.0,0.0,22.399999618530273,24135.2734375,0.0,0.0,250.57652282714844,264.9619445800781,263.43218994140625,269.2022399902344,273.22015380859375,5420.65869140625,2877.8251953125,1374.1734619140625,716.2255249023438,96.47884368896484,269.0278015136719,82.80000305175781,77.4000015258789,1164.92626953125,152.63999938964844,20000.078125,6.0,0.0,0.0,24100.0,249.8000030517578,262.79998779296875,261.29998779296875,266.1000061035156,270.1000061035156,5383.89892578125,2851.360107421875,1359.16650390625,705.4895629882812,82.33590698242188,264.25,90.5999984741211,94.0,804.8800048828125,0.0,0.0,0.5625,nan,24.0,0.0,0.0,24.0,22122.259765625,248.59970092773438,262.88006591796875,263.628662109375,266.913330078125,271.4121398925781,5401.59228515625,2880.130615234375,1381.9879150390625,726.1719360351562,98.53108215332031,267.502685546875,75.0,65.3533706665039,542.1538696289062,0.0,0.0,0.3125,5388.1171875,2869.921875,1368.8037109375,706.315673828125,84.115234375,248.5621795654297,262.9468994140625,265.89459228515625,270.31103515625,274.5896301269531,1.464735984802246,27.670753479003906,42.52627944946289,37.76526641845703,,,,271.31597900390625,,101096.0625,93428.796875,,1.5870239734649658,27.0,0.0,7620.0,88888.0,800.0,256.0,0.0,0.0,0.0,0.0,0.0,39.0,40.0,41.0,48.0,2.0,659.0,260.6000061035156,255.9199981689453,68.0,1.0,49.599998474121094,60.900001525878906
2023-03-06T16:54,2023-03-06T17:00,48,train,0,2023,3,16,47,2023-03-04T18:00,47,2023-03-04T18:00,47,2023-03-04T18:00,50,2023-03-04T15:00,48,2023-03-04T18:00,36,2023-03-05T05:00,-999.0,0.0,6.0,0.0,0.0,nan,1341.0106201171875,nan,85300.0,nan,16.42626953125,246.57522583007812,261.14508056640625,263.87750244140625,266.39752197265625,270.47314453125,5366.3037109375,2864.130859375,1366.0341796875,82.85403442382812,262.06732177734375,86.0999984741211,317.9116516113281,0.0,16500.0,0.0,4.900000095367432,20000.0703125,5.300000190734863,0.0,0.0,23.5,24135.072265625,0.0,0.0625,248.7891082763672,263.1554870605469,263.4867248535156,269.117919921875,273.1174621582031,5409.6494140625,2869.974853515625,1366.796142578125,709.1309204101562,89.60105895996094,269.00885009765625,85.0,79.69999694824219,1184.3560791015625,136.47999572753906,20000.158203125,19.0,0.0,0.0,0.0,248.89999389648438,266.3999938964844,266.5,265.6000061035156,269.6000061035156,5439.673828125,2895.016357421875,1380.25048828125,725.4365234375,99.8313217163086,263.3900146484375,98.19999694824219,100.0,499.0400085449219,0.0,0.00019999999494757503,1.125,900.1223754882812,99.0,0.0,0.0,99.0,14207.3271484375,246.21646118164062,260.2255859375,263.2365417480469,265.19732666015625,269.650634765625,5361.986328125,2867.74951171875,1371.8837890625,719.1304931640625,96.69891357421875,265.2168273925781,91.13993835449219,82.72937774658203,475.5102844238281,0.0,0.0,9.1875,5391.9140625,2872.664306640625,1369.515869140625,706.439453125,83.809326171875,248.18600463867188,262.63238525390625,266.23260498046875,270.4459533691406,274.7252502441406,2.2816381454467773,26.435428619384766,42.927371978759766,38.51903533935547,,,,271.5191650390625,,101082.6875,93431.1875,,1.5996044874191284,12.0,0.0,7620.0,88888.0,648.0,201.0,0.0,0.0,0.0,0.0,0.0,37.0,37.0,38.0,41.0,1.0,685.0,261.5199890136719,256.8399963378906,69.0,1.0,48.400001525878906,58.79999923706055
2023-03-25T10:52,2023-03-25T11:00,1,train,0,2023,3,10,1,2023-03-25T10:00,5,2023-03-25T06:00,5,2023-03-25T06:00,1,2023-03-25T10:00,0,2023-03-25T12:00,1,2023-03-25T10:00,-999.0,0.0,0.0,0.0,78.0,7849.93798828125,1536.013427734375,nan,84300.0,9251.177734375,2.916948080062866,255.59300231933594,266.1014404296875,268.3314208984375,269.6622009277344,273.4252624511719,5557.3291015625,2991.1826171875,1465.072998046875,163.653564453125,262.72698974609375,51.20000076293945,52.24281311035156,0.0,18900.0,0.0,0.0,7744.7822265625,5.0,100.0,90.0999984741211,36.70000076293945,24134.6796875,0.0,0.0,256.0127868652344,265.9476013183594,269.0014343261719,267.6055603027344,271.3229064941406,5553.2685546875,2989.8212890625,1463.436767578125,797.8792114257812,182.3561248779297,267.04150390625,94.80000305175781,90.5,19.766578674316406,0.0,19999.966796875,7.0,0.0,1.0,24100.0,254.0,266.29998779296875,269.20001220703125,271.5,275.6000061035156,5555.5068359375,2995.1552734375,1465.8262939453125,798.1953125,184.0679168701172,266.8299865722656,41.400001525878906,45.0,33.599998474121094,209.60000610351562,0.0,0.0,6532.40576171875,0.0,99.0,100.0,0.0,22100.0,255.1455078125,265.674072265625,269.9700927734375,269.63177490234375,272.7991943359375,5558.68310546875,2994.427001953125,1467.496826171875,800.0719604492188,169.8543701171875,265.1490478515625,56.39142990112305,67.33018493652344,80.16197967529297,0.0,0.0,0.0,5559.48828125,2996.2978515625,1467.4462890625,804.058837890625,188.20849609375,255.1360321044922,265.9991455078125,268.85028076171875,268.099853515625,271.9693603515625,5.868284225463867,31.937387466430664,72.66211700439453,78.61988067626953,,,,267.890625,,102353.9375,94556.953125,,3.3383243083953857,46.0,0.0,7620.0,88888.0,5976.0,16209.0,0.0,0.0,0.0,0.0,0.0,2.0,2.0,2.0,2.0,0.0,109.0,264.47998046875,256.80999755859375,54.0,0.0,8.399999618530273,9.199999809265137
2023-03-25T10:52,2023-03-25T11:00,24,train,0,2023,3,10,23,2023-03-24T12:00,23,2023-03-24T12:00,23,2023-03-24T12:00,26,2023-03-24T09:00,24,2023-03-24T12:00,24,2023-03-24T11:00,-999.0,0.0,0.0,0.0,100.0,7798.29150390625,7809.423828125,nan,37000.0,8545.017578125,3.668550968170166,253.47901916503906,265.6252136230469,269.6907958984375,269.91107177734375,273.6277770996094,5545.06591796875,2994.20849609375,1466.996337890625,165.76834106445312,263.9546813964844,36.599998474121094,29.519775390625,0.0,33300.0,0.0,0.009999999776482582,20000.02734375,5.0,5.0,73.0,32.5,24135.017578125,0.0,0.0,254.6831817626953,265.8581848144531,269.3627014160156,267.1268310546875,270.8456115722656,5553.6806640625,2990.5791015625,1463.459228515625,799.1964111328125,184.83949279785156,266.79998779296875,88.5999984741211,83.19999694824219,62.783111572265625,0.0,7684.66357421875,8.0,65.0,28.0,24100.0,253.89999389648438,266.6000061035156,270.5,271.8999938964844,275.8999938964844,5549.31103515625,2990.9130859375,1460.2403564453125,791.4105224609375,179.71951293945312,268.2300109863281,36.400001525878906,41.0,33.7599983215332,424.9599914550781,0.0,0.0,7192.2578125,0.0,84.0,100.0,0.0,25800.0,254.21156311035156,266.2293395996094,270.58319091796875,267.817138671875,270.49017333984375,5551.7099609375,2991.592041015625,1460.8544921875,794.8079833984375,166.78163146972656,263.0057373046875,50.521724700927734,59.4750862121582,44.72313690185547,0.0,0.0,0.0,5566.38671875,2997.266357421875,1464.787353515625,799.509521484375,183.602783203125,255.0921173095703,266.4516296386719,270.60931396484375,268.115234375,272.0965576171875,6.786653518676758,18.847522735595703,63.24912643432617,73.34346008300781,,,,267.4812927246094,,102298.75,94509.390625,,3.0195884704589844,80.0,0.0,7620.0,7232.0,6592.0,256.0,8.0,8.0,8.0,8.0,13.0,59.0,59.0,59.0,59.0,0.0,103.0,263.8999938964844,257.44000244140625,60.0,0.0,9.600000381469727,10.399999618530273
2023-03-25T10:52,2023-03-25T11:00,48,train,0,2023,3,10,47,2023-03-23T12:00,47,2023-03-23T12:00,47,2023-03-23T12:00,50,2023-03-23T09:00,48,2023-03-23T12:00,36,2023-03-23T23:00,-999.0,0.0,0.0,0.0,100.0,7740.93359375,7801.6484375,30400.0,37000.0,9866.2294921875,1.544481635093689,253.93368530273438,264.92169189453125,269.337646484375,268.8719177246094,272.74871826171875,5535.404296875,2983.02099609375,1459.2545166015625,161.28549194335938,263.81256103515625,33.0,46.58399200439453,0.0,41200.0,0.0,25.90999984741211,6942.34130859375,5.0,100.0,100.0,5.300000190734863,24135.099609375,0.0,0.0,256.0972595214844,266.639404296875,270.4287414550781,267.23516845703125,271.167236328125,5560.7236328125,2992.321044921875,1458.713134765625,793.0216064453125,177.929931640625,267.1000061035156,88.5999984741211,85.30000305175781,43.89094161987305,0.0,7668.283203125,8.0,51.0,100.0,24100.0,253.89999389648438,266.6000061035156,270.8999938964844,272.29998779296875,276.3999938964844,5546.91064453125,2986.986083984375,1454.6136474609375,784.8219604492188,174.21994018554688,268.20001220703125,34.0,34.0,33.68000030517578,419.3599853515625,0.0,0.0,6903.6044921875,0.0,90.0,100.0,0.0,21200.0,255.0032958984375,264.78851318359375,268.95751953125,267.70623779296875,270.8541259765625,5541.6142578125,2984.757568359375,1462.29443359375,798.7826538085938,171.73654174804688,263.7118225097656,58.53951644897461,66.46749877929688,75.44758605957031,0.0,0.0,15.0625,5560.78125,3001.0390625,1469.9384765625,802.673828125,186.172119140625,254.49893188476562,265.78277587890625,271.25640869140625,268.4586181640625,272.30712890625,8.745179176330566,15.967453956604004,62.417911529541016,72.51161193847656,,,,267.34112548828125,,102333.25,94553.609375,,2.7977206707000732,76.0,0.0,7620.0,32.0,32.0,256.0,11.0,11.0,12.0,12.0,14.0,45.0,45.0,45.0,45.0,0.0,123.0,263.8799743652344,257.67999267578125,61.0,0.0,9.199999809265137,10.0
2023-04-28T07:51,2023-04-28T08:00,1,train,0,2023,4,7,1,2023-04-28T07:00,2,2023-04-28T06:00,2,2023-04-28T06:00,1,2023-04-28T07:00,3,2023-04-28T06:00,1,2023-04-28T07:00,-999.0,0.0,0.0,0.0,0.0,nan,nan,nan,nan,nan,3.2528774738311768,251.51766967773438,264.6298828125,273.787109375,277.2257080078125,280.75604248046875,5591.2080078125,3051.794189453125,1522.060791015625,200.00692749023438,270.2423095703125,22.600000381469727,156.9165802001953,861.0399780273438,69400.0,0.0,0.0,19999.900390625,0.0,0.0,0.0,0.0,24135.0234375,0.0,0.0,251.71514892578125,264.37481689453125,272.710693359375,276.7733459472656,276.8641052246094,5583.42138671875,3041.029052734375,1514.5943603515625,831.9262084960938,203.1931610107422,271.8148193359375,86.4000015258789,61.70000076293945,10.228013038635254,741.9199829101562,20000.181640625,1.0,0.0,0.0,24100.0,251.1999969482422,265.1000061035156,273.29998779296875,278.20001220703125,282.29998779296875,5583.103515625,3042.2373046875,1513.6502685546875,829.8524780273438,195.2437286376953,274.5500183105469,65.5999984741211,65.0,141.75999450683594,1535.6800537109375,0.0,0.0,nan,0.0,0.0,0.0,0.0,40400.0,251.64578247070312,264.6712951660156,273.2335510253906,277.7303466796875,280.19537353515625,5582.94921875,3041.46728515625,1514.1422119140625,830.998046875,191.2149658203125,273.4306335449219,50.133567810058594,49.88113021850586,87.72091674804688,1360.0,0.0,0.0,5594.8359375,3045.335693359375,1517.921630859375,835.8670654296875,198.742919921875,252.14718627929688,264.7483825683594,272.5131530761719,277.418701171875,281.50830078125,13.141985893249512,53.6141471862793,58.49625015258789,78.25662231445312,,,,273.135498046875,,102440.5625,94884.46875,,6.2574262619018555,15.0,0.0,7620.0,88888.0,2128.0,16209.0,0.0,0.0,0.0,0.0,0.0,9.0,9.0,9.0,9.0,0.0,152.0,268.969970703125,265.0199890136719,75.0,0.0,3.5999999046325684,4.0
2023-04-28T07:51,2023-04-28T08:00,24,train,0,2023,4,7,26,2023-04-27T06:00,26,2023-04-27T06:00,26,2023-04-27T06:00,23,2023-04-27T09:00,21,2023-04-27T12:00,24,2023-04-27T08:00,-999.0,0.0,0.0,0.0,0.0,nan,nan,nan,nan,nan,3.7237250804901123,249.28585815429688,263.8704528808594,272.55029296875,277.28814697265625,281.31488037109375,5570.40673828125,3044.13232421875,1520.39404296875,198.95513916015625,270.18975830078125,51.70000076293945,308.4562683105469,853.6799926757812,31700.0,0.0,0.3499999940395355,19999.896484375,0.0,0.0,0.0,0.0,24134.666015625,0.0,0.0,251.26368713378906,265.04339599609375,273.02911376953125,276.3599548339844,277.50994873046875,5591.87109375,3047.53955078125,1517.693359375,835.1566772460938,204.9369659423828,272.2791442871094,87.5,66.5,10.335851669311523,648.6400146484375,20000.095703125,7.0,18.0,0.0,24100.0,250.60000610351562,265.79998779296875,272.6000061035156,277.1000061035156,281.20001220703125,5591.80029296875,3047.474853515625,1513.661376953125,832.8176879882812,196.9661865234375,274.6400146484375,48.79999923706055,48.0,216.16000366210938,1392.6400146484375,0.0,0.0,nan,0.0,0.0,0.0,0.0,22900.0,251.10317993164062,264.37701416015625,271.91064453125,276.3828125,279.9953308105469,5587.06982421875,3045.30712890625,1522.498779296875,843.0252075195312,203.91432189941406,273.3236083984375,68.05088806152344,65.26261901855469,282.58709716796875,1170.0,0.0,0.625,5592.234375,3046.874755859375,1517.966796875,834.529052734375,196.214111328125,251.7976531982422,264.551513671875,273.14105224609375,278.1885986328125,281.97222900390625,11.844080924987793,49.43456268310547,51.11620330810547,76.20079040527344,,,,273.30413818359375,,102396.625,94862.4609375,,5.971477031707764,9.0,0.0,7620.0,88888.0,4032.0,256.0,5.0,5.0,5.0,5.0,13.0,68.0,76.0,77.0,77.0,0.0,155.0,269.1100158691406,266.47998046875,81.0,0.0,4.800000190734863,5.199999809265137
2023-07-04T09:53,2023-07-04T10:00,1,train,1,2023,7,9,1,2023-07-04T09:00,4,2023-07-04T06:00,4,2023-07-04T06:00,1,2023-07-04T09:00,3,2023-07-04T06:00,1,2023-07-04T09:00,-999.0,0.0,0.0,35.0,3.0,nan,4215.46484375,nan,61200.0,nan,2.5248255729675293,263.0425109863281,278.1155090332031,288.1098937988281,291.8380432128906,296.05841064453125,5787.314453125,3117.201904296875,1500.457275390625,104.19708251953125,287.35382080078125,80.5,240.86517333984375,3962.0556640625,17900.0,0.0,0.0,3263.3603515625,94.5999984741211,100.0,90.80000305175781,0.8999999761581421,24134.83203125,0.0,0.0625,263.3109436035156,277.80096435546875,288.0623474121094,289.9682922363281,294.16473388671875,5783.3974609375,3112.84912109375,1497.5640869140625,775.4550170898438,110.69474792480469,289.2308044433594,95.5,89.5,21.48494529724121,3920.0,19999.9375,15.0,35.0,4.0,24100.0,263.3999938964844,278.3999938964844,288.20001220703125,292.70001220703125,297.1000061035156,5789.01123046875,3116.86669921875,1500.9459228515625,777.4022216796875,106.9957046508789,289.0799865722656,88.80000305175781,83.0,36.63999938964844,3969.760009765625,0.0,0.0625,797.67724609375,100.0,71.0,3.0,100.0,100.0,262.827880859375,278.0771789550781,287.217041015625,290.59918212890625,294.38824462890625,5782.4560546875,3111.91357421875,1496.3389892578125,776.001708984375,102.56884002685547,289.7284851074219,97.81245422363281,96.82018280029297,141.47657775878906,3990.0,9.999999747378752e-05,0.4375,5779.24609375,3109.696533203125,1495.123291015625,773.114013671875,105.67236328125,263.3917236328125,277.7345275878906,287.684814453125,291.8369445800781,295.9962158203125,86.3232421875,80.4930419921875,84.0993881225586,94.34383392333984,,,,290.4510192871094,,101253.375,94255.15625,,36.286109924316406,83.0,0.0,7620.0,32.0,32.0,11089.0,27.0,31.0,37.0,62.0,93.0,18.0,19.0,19.0,23.0,195.0,139.0,284.8599853515625,283.40997314453125,91.0,7.0,2.0,2.4000000953674316
2023-04-28T07:51,2023-04-28T08:00,48,train,0,2023,4,7,44,2023-04-26T12:00,50,2023-04-26T06:00,50,2023-04-26T06:00,47,2023-04-26T09:00,45,2023-04-26T12:00,36,2023-04-26T20:00,-999.0,0.0,0.0,8.0,0.0,nan,nan,nan,nan,nan,2.9310426712036133,250.40106201171875,264.56396484375,272.20623779296875,276.52886962890625,280.54998779296875,5572.8681640625,3034.6220703125,1510.2977294921875,189.89939880371094,269.5843200683594,38.70000076293945,323.3681945800781,763.2000122070312,37600.0,0.0,9.850000381469727,19999.87890625,0.0,0.0,0.0,5.099999904632568,24135.03125,0.0,0.0,250.53245544433594,264.7967224121094,273.2939147949219,275.0430603027344,275.7375793457031,5581.83935546875,3042.03369140625,1511.5244140625,829.426025390625,203.15744018554688,271.1048583984375,94.9000015258789,78.30000305175781,13.002849578857422,460.79998779296875,20000.01953125,16.0,10.0,0.0,24100.0,250.5,264.6000061035156,272.79998779296875,277.6000061035156,281.79998779296875,5574.64404296875,3038.47216796875,1509.8302001953125,827.4959106445312,193.74485778808594,274.75,51.5,53.0,141.44000244140625,1468.800048828125,0.0,0.0,nan,0.0,0.0,6.0,0.0,21800.0,250.58778381347656,264.21771240234375,271.3723449707031,275.99560546875,279.8075256347656,5570.30908203125,3036.0419921875,1513.900634765625,835.5733642578125,197.35623168945312,273.3751525878906,71.15546417236328,65.66867065429688,290.6663513183594,1090.0,0.0,0.3125,5589.95703125,3051.1376953125,1519.21728515625,835.2420654296875,197.19287109375,250.39825439453125,264.85833740234375,273.8326416015625,278.0821838378906,281.84722900390625,11.643420219421387,40.618751525878906,55.20749282836914,76.32510375976562,,,,273.489013671875,,102438.4375,94873.2421875,,5.845001220703125,17.0,0.0,7620.0,88888.0,3432.0,256.0,1.0,2.0,2.0,2.0,4.0,67.0,73.0,73.0,78.0,0.0,107.0,269.4499816894531,266.6199951171875,82.0,0.0,6.400000095367432,7.199999809265137
2023-07-04T09:53,2023-07-04T10:00,24,train,1,2023,7,9,22,2023-07-03T12:00,22,2023-07-03T12:00,22,2023-07-03T12:00,25,2023-07-03T09:00,21,2023-07-03T12:00,24,2023-07-03T10:00,-999.0,0.0,30.0,100.0,94.0,3529.12255859375,3301.15283203125,60100.0,68500.0,4833.318359375,3.257716417312622,263.0313720703125,277.63494873046875,287.05450439453125,291.03411865234375,295.2969970703125,5783.45751953125,3113.922119140625,1501.1776123046875,107.82093811035156,286.7799072265625,86.0,170.42080688476562,3943.453369140625,15500.0,0.0,21.110000610351562,2607.00634765625,100.0,100.0,100.0,0.0,22566.140625,3.51999988197349e-05,0.25,263.32000732421875,277.65185546875,287.9805603027344,290.00054931640625,294.18408203125,5782.3837890625,3108.96435546875,1494.3544921875,772.599609375,107.85453033447266,289.0999755859375,95.80000305175781,89.0,11.565718650817871,3950.56005859375,1197.57470703125,52.0,61.0,53.0,200.0,263.29998779296875,279.29998779296875,287.5,292.29998779296875,296.6000061035156,5789.33642578125,3114.449462890625,1496.1644287109375,772.9730224609375,104.28779602050781,289.4200134277344,100.0,100.0,73.68000030517578,4063.0400390625,9.999999747378752e-05,0.375,3365.548828125,34.0,94.0,100.0,32.0,12200.0,262.637939453125,278.2854919433594,287.22210693359375,290.9351806640625,294.90924072265625,5785.6796875,3118.448974609375,1502.6708984375,782.729248046875,108.45069885253906,289.66796875,94.15873718261719,91.58120727539062,229.90191650390625,3900.0,0.00011000000085914508,12.875,5784.3125,3111.88427734375,1494.67724609375,772.8349609375,106.31689453125,263.0221862792969,278.43768310546875,287.7797546386719,291.470703125,295.35882568359375,79.1963882446289,83.0522232055664,88.89336395263672,98.00376892089844,,,,289.2869567871094,,101260.9375,94263.65625,,37.06586456298828,78.0,0.0,7620.0,0.0,0.0,256.0,76.0,80.0,82.0,89.0,100.0,79.0,89.0,93.0,100.0,133.0,143.0,284.80999755859375,283.3599853515625,91.0,15.0,2.4000000953674316,2.799999952316284
2023-07-04T09:53,2023-07-04T10:00,48,train,1,2023,7,9,46,2023-07-02T12:00,46,2023-07-02T12:00,46,2023-07-02T12:00,49,2023-07-02T09:00,45,2023-07-02T12:00,36,2023-07-02T22:00,-999.0,0.0,2.0,5.0,69.0,nan,8213.599609375,nan,36100.0,nan,2.8897218704223633,263.2052917480469,277.58502197265625,286.9106140136719,291.0423583984375,295.2928161621094,5786.18701171875,3115.309814453125,1504.812255859375,111.57201385498047,286.11236572265625,87.0,125.96434020996094,4007.28369140625,14000.0,0.0,34.189998626708984,6195.68994140625,16.399999618530273,100.0,100.0,0.0,24135.013671875,0.0,0.0,264.83795166015625,278.5929870605469,286.9069519042969,289.2699279785156,293.4718933105469,5786.6201171875,3102.693115234375,1487.0797119140625,768.1032104492188,104.40987396240234,288.5244445800781,95.80000305175781,89.4000015258789,11.340970039367676,4073.60009765625,1197.27587890625,50.0,36.0,13.0,0.0,264.20001220703125,279.20001220703125,287.8999938964844,290.79998779296875,295.20001220703125,5785.23779296875,3105.955322265625,1487.9173583984375,768.4434204101562,101.72479248046875,286.489990234375,99.9000015258789,90.0,187.1999969482422,4073.43994140625,0.0,0.0,4681.7314453125,43.0,100.0,100.0,11.0,12800.0,263.36492919921875,278.72344970703125,286.86590576171875,290.3155517578125,294.32537841796875,5796.41943359375,3118.06201171875,1502.13916015625,782.9465942382812,109.37261962890625,289.54119873046875,94.00774383544922,94.87306213378906,180.97415161132812,4170.0,0.0,33.8125,5784.30078125,3103.5439453125,1485.241455078125,763.617919921875,98.307373046875,263.9491882324219,278.7093505859375,287.5565185546875,290.74176025390625,294.54962158203125,83.15704345703125,95.87602233886719,97.59484100341797,99.59788513183594,,,,290.13092041015625,,101146.4375,94152.390625,,39.18889236450195,81.0,88.0,8200.0,32.0,32.0,256.0,72.0,79.0,86.0,90.0,100.0,85.0,97.0,100.0,100.0,130.0,116.0,284.75,283.65997314453125,92.0,25.0,4.0,4.400000095367432
2023-09-09T16:59,2023-09-09T17:00,1,train,1,2023,9,16,1,2023-09-09T16:00,5,2023-09-09T12:00,5,2023-09-09T12:00,1,2023-09-09T16:00,0,2023-09-09T18:00,1,2023-09-09T16:00,-999.0,0.0,0.0,1.0,0.0,nan,1394.22509765625,nan,86700.0,nan,6.667348861694336,263.3197937011719,277.75006103515625,287.196044921875,291.45330810546875,296.133544921875,5834.8251953125,3165.848876953125,1553.261474609375,159.41676330566406,290.35626220703125,75.0999984741211,418.6094970703125,3969.593017578125,21900.0,0.0,0.0,19999.810546875,0.0,5.0,84.19999694824219,22.399999618530273,24135.01953125,0.0,0.0625,263.7581787109375,277.893798828125,287.9627990722656,295.1127014160156,299.9327087402344,5837.70263671875,3171.01904296875,1557.427001953125,832.466552734375,159.6123504638672,297.1510009765625,49.900001525878906,51.900001525878906,1353.1173095703125,3931.52001953125,19999.888671875,35.0,2.0,18.0,0.0,263.79998779296875,279.29998779296875,287.8999938964844,290.5,294.79998779296875,5842.03857421875,3171.87744140625,1552.999755859375,834.8317260742188,156.96017456054688,289.0799865722656,99.4000015258789,100.0,228.39999389648438,4026.455078125,0.0,0.1875,830.2954711914062,97.0,8.0,67.0,97.0,3300.0,263.0260314941406,277.716552734375,286.6817932128906,289.7682189941406,294.61993408203125,5834.576171875,3165.31201171875,1551.5599365234375,834.7288818359375,160.9060516357422,290.3223876953125,98.62591552734375,95.55242156982422,476.459716796875,4037.56982421875,0.0,0.0,5843.04296875,3171.922119140625,1557.01416015625,838.0325317382812,167.80859375,263.13330078125,278.5416564941406,286.07470703125,292.10772705078125,296.88311767578125,49.26654052734375,81.28837585449219,73.19429779052734,65.08016967773438,,,,295.18560791015625,,101989.875,94966.1953125,,27.96559715270996,61.0,17.0,10456.0,28.0,32.0,465.0,46.0,48.0,70.0,73.0,81.0,69.0,69.0,69.0,69.0,106.0,454.0,284.9599914550781,283.7300109863281,91.0,4.0,9.600000381469727,10.399999618530273
2023-09-09T16:59,2023-09-09T17:00,24,train,1,2023,9,16,23,2023-09-08T18:00,23,2023-09-08T18:00,23,2023-09-08T18:00,26,2023-09-08T15:00,24,2023-09-08T18:00,24,2023-09-08T17:00,-999.0,100.0,100.0,21.0,100.0,1476.8406982421875,1345.2864990234375,69800.0,87100.0,3541.402099609375,2.7207953929901123,263.1556701660156,277.2711181640625,287.11309814453125,292.0553283691406,296.6500244140625,5830.9873046875,3163.05908203125,1552.135009765625,155.99436950683594,289.880126953125,95.69999694824219,879.6039428710938,3976.431396484375,12700.0,0.0,15.489999771118164,1363.743408203125,24.200000762939453,23.100000381469727,81.30000305175781,33.099998474121094,10785.8486328125,0.00024560000747442245,2.0625,263.8304748535156,278.1770324707031,287.9970397949219,292.8070068359375,296.928955078125,5839.83544921875,3168.8505859375,1552.357666015625,828.9135131835938,159.18629455566406,292.8999938964844,92.19999694824219,82.30000305175781,166.36749267578125,3998.39990234375,5698.62255859375,41.0,50.0,48.0,24100.0,263.1000061035156,278.29998779296875,287.1000061035156,293.0,297.29998779296875,5836.65283203125,3165.714599609375,1548.224853515625,824.7868041992188,154.6471710205078,292.42999267578125,78.0,83.0,554.4000244140625,4076.55224609375,0.0,0.125,nan,25.0,35.0,78.0,25.0,16300.0,263.28192138671875,278.3498229980469,286.79608154296875,290.19921875,295.28460693359375,5842.49462890625,3171.788818359375,1557.5269775390625,840.430908203125,166.29702758789062,292.145263671875,86.0,85.71166229248047,537.6896362304688,4090.0,0.0,1.9375,5845.2734375,3172.348876953125,1553.06787109375,836.25732421875,167.285400390625,262.6948547363281,279.273681640625,286.0758361816406,291.0909423828125,295.9519348144531,53.72393035888672,82.3406753540039,77.32038116455078,68.2989730834961,,,,294.192138671875,,101998.0625,94960.140625,,31.118425369262695,74.0,0.0,7620.0,32.0,32.0,256.0,52.0,58.0,61.0,68.0,75.0,48.0,48.0,48.0,48.0,282.0,573.0,285.5099792480469,284.6199951171875,93.0,17.0,7.199999809265137,8.0
2023-10-09T05:55,2023-10-09T06:00,1,train,0,2023,10,5,1,2023-10-09T05:00,6,2023-10-09T00:00,6,2023-10-09T00:00,1,2023-10-09T05:00,0,2023-10-09T06:00,1,2023-10-09T05:00,-999.0,0.0,0.0,0.0,0.0,nan,nan,nan,nan,nan,6.938113689422607,252.494384765625,264.9361572265625,275.21014404296875,279.44830322265625,283.5967102050781,5445.912109375,2899.6318359375,1362.4306640625,31.948043823242188,273.8055419921875,82.30000305175781,245.1924285888672,1781.4892578125,17000.0,0.0,0.0,20000.02734375,15.399999618530273,43.70000076293945,0.0,4.599999904632568,24135.0078125,0.0,0.0,252.17178344726562,265.26214599609375,274.135498046875,277.7762756347656,281.93450927734375,5447.93603515625,2898.18896484375,1359.954833984375,673.7841186523438,33.26537322998047,276.6332092285156,91.5999984741211,88.30000305175781,108.47306823730469,1697.9200439453125,20000.00390625,6.0,48.0,0.0,0.0,253.39999389648438,266.1000061035156,273.20001220703125,278.0,282.1000061035156,5451.59765625,2899.11669921875,1361.4481201171875,677.2550048828125,31.72893714904785,274.9200134277344,99.4000015258789,100.0,566.6400146484375,1362.719970703125,0.0,1.0625,nan,1.0,0.0,6.0,1.0,15200.0,252.512939453125,265.4288024902344,274.7481689453125,279.3847351074219,283.3690185546875,5442.75390625,2897.32373046875,1358.81787109375,671.583251953125,27.436996459960938,276.74786376953125,84.30411529541016,82.97319030761719,285.3554992675781,1740.0,0.0,0.0,5452.4375,2902.779541015625,1363.9931640625,674.7225341796875,29.925048828125,252.51712036132812,265.34466552734375,275.3875427246094,280.446533203125,284.6139831542969,59.14779281616211,69.86558532714844,73.3272476196289,84.17942810058594,,,,276.50164794921875,,100341.625,93210.59375,,10.230402946472168,57.0,0.0,7620.0,0.0,0.0,256.0,67.0,76.0,77.0,77.0,77.0,71.0,71.0,71.0,71.0,1.0,145.0,271.8299865722656,269.09002685546875,82.0,0.0,22.399999618530273,24.399999618530273
2023-09-09T16:59,2023-09-09T17:00,48,train,1,2023,9,16,47,2023-09-07T18:00,47,2023-09-07T18:00,47,2023-09-07T18:00,50,2023-09-07T15:00,48,2023-09-07T18:00,36,2023-09-08T05:00,-999.0,0.0,53.0,92.0,100.0,nan,1476.0333251953125,nan,85900.0,nan,3.1932806968688965,263.4138488769531,277.39208984375,286.93658447265625,291.62530517578125,296.2523193359375,5835.8818359375,3167.771484375,1557.3236083984375,162.88961791992188,288.8978576660156,96.5,464.1932067871094,3958.689208984375,12200.0,0.0,10.289999961853027,1839.38330078125,46.79999923706055,48.20000076293945,100.0,21.600000381469727,10789.462890625,0.0003163999936077744,0.4375,263.0645446777344,278.58123779296875,288.9302673339844,295.88262939453125,300.3534240722656,5845.283203125,3173.6171875,1554.291015625,825.576171875,151.5672607421875,296.614013671875,73.19999694824219,63.400001525878906,1081.8043212890625,4048.47998046875,1234.8060302734375,68.0,90.0,36.0,10200.0,263.6000061035156,278.20001220703125,287.79998779296875,292.79998779296875,297.1000061035156,5839.7666015625,3166.134765625,1547.241943359375,822.6541137695312,150.96954345703125,290.82000732421875,98.69999694824219,100.0,670.3200073242188,4112.484375,0.00039999998989515007,0.6875,nan,31.0,89.0,100.0,31.0,15500.0,263.3140563964844,279.13427734375,287.8307800292969,290.53094482421875,295.5273742675781,5847.5693359375,3174.100341796875,1553.4022216796875,834.3947143554688,159.58206176757812,292.3243103027344,89.0067138671875,89.06957244873047,504.8789978027344,4135.46435546875,0.0,20.4375,5847.70703125,3172.2568359375,1553.564208984375,832.90771484375,161.606689453125,263.49786376953125,279.5341796875,286.1593017578125,292.6856689453125,297.49835205078125,53.182743072509766,97.80545043945312,73.47234344482422,65.25005340576172,,,,295.619140625,,101921.125,94898.796875,,33.6477165222168,86.0,0.0,7620.0,27.0,32.0,384.0,71.0,71.0,71.0,78.0,83.0,44.0,47.0,48.0,49.0,692.0,573.0,285.75,285.70001220703125,98.0,21.0,6.400000095367432,6.800000190734863
2023-10-09T05:55,2023-10-09T06:00,24,train,0,2023,10,5,24,2023-10-08T06:00,24,2023-10-08T06:00,24,2023-10-08T06:00,21,2023-10-08T09:00,24,2023-10-08T06:00,24,2023-10-08T06:00,-999.0,0.0,3.0,92.0,100.0,8010.056640625,6377.796875,nan,44000.0,8187.92724609375,7.280427932739258,252.5057373046875,265.5171203613281,274.3861389160156,278.71575927734375,282.8709716796875,5455.8271484375,2905.95849609375,1369.2010498046875,40.20867919921875,273.4837341308594,87.0999984741211,272.0234680175781,1734.719970703125,15100.0,0.0,3.3499999046325684,19975.412109375,16.100000381469727,44.5,47.79999923706055,6.0,24134.81640625,0.0,0.0,252.22918701171875,265.3316650390625,273.190673828125,276.58673095703125,280.7334899902344,5441.89892578125,2891.229736328125,1356.1715087890625,672.6557006835938,35.04981231689453,275.45635986328125,91.0,87.80000305175781,73.94853210449219,1362.719970703125,20000.0,32.0,1.0,0.0,24100.0,251.60000610351562,266.79998779296875,273.6000061035156,278.1000061035156,282.29998779296875,5448.990234375,2890.72705078125,1349.680908203125,664.9935302734375,22.010202407836914,274.489990234375,98.30000305175781,99.0,417.6000061035156,1400.0,0.0,1.0625,7446.45556640625,4.0,54.0,90.0,4.0,15500.0,252.2227783203125,264.181640625,273.9617004394531,278.48431396484375,282.4755554199219,5433.51171875,2893.49072265625,1360.4832763671875,675.4862060546875,33.78993225097656,276.15545654296875,85.37139892578125,82.25699615478516,364.97540283203125,1530.0,0.0,1.25,5457.65625,2905.048583984375,1363.968017578125,677.7472534179688,35.459228515625,253.24169921875,265.808837890625,274.4281005859375,279.26409912109375,283.4481201171875,52.475364685058594,76.47492218017578,75.15599060058594,82.49072265625,,,,276.4058837890625,,100406.6875,93247.765625,,9.501256942749023,57.0,0.0,7620.0,32.0,32.0,201.0,56.0,56.0,56.0,56.0,59.0,59.0,59.0,59.0,59.0,1.0,152.0,271.6700134277344,268.489990234375,79.0,1.0,23.200000762939453,24.799999237060547
2023-10-09T05:55,2023-10-09T06:00,48,train,0,2023,10,5,48,2023-10-07T06:00,48,2023-10-07T06:00,48,2023-10-07T06:00,45,2023-10-07T09:00,48,2023-10-07T06:00,48,2023-10-07T06:00,-999.0,0.0,2.0,65.0,0.0,nan,1464.749267578125,nan,84200.0,nan,5.2498064041137695,252.0931396484375,264.60430908203125,273.6247863769531,278.552001953125,282.7091064453125,5461.2001953125,2914.5576171875,1384.080810546875,56.7255859375,273.23828125,86.9000015258789,288.5531921386719,1408.3199462890625,15200.0,0.0,70.06999969482422,1292.7874755859375,95.5999984741211,5.0,9.899999618530273,36.0,24134.7890625,0.0,0.0,253.19117736816406,266.96697998046875,272.1693115234375,277.933349609375,282.091064453125,5447.4501953125,2887.23046875,1352.9625244140625,670.2301025390625,29.635906219482422,277.1564636230469,75.5999984741211,74.5,729.7532348632812,1234.56005859375,19999.994140625,11.0,0.0,0.0,24100.0,252.5,266.3999938964844,272.8999938964844,276.79998779296875,281.0,5447.75830078125,2895.532470703125,1356.421630859375,674.9213256835938,32.921295166015625,273.3299865722656,97.5,98.0,330.55999755859375,1243.3599853515625,0.0,0.4375,nan,2.0,0.0,0.0,2.0,16300.0,251.18124389648438,264.30804443359375,274.0469665527344,278.32763671875,282.4444580078125,5445.7802734375,2906.71533203125,1376.0087890625,691.2279663085938,49.76145935058594,275.93212890625,83.13009643554688,80.38583374023438,316.0960388183594,1542.845703125,0.0,22.6875,5463.08984375,2906.665283203125,1367.342529296875,680.7554321289062,38.82177734375,252.9054718017578,265.8941650390625,275.37030029296875,278.9881591796875,283.2522277832031,50.46006774902344,59.1807975769043,75.94100189208984,83.03710174560547,,,,275.62469482421875,,100450.875,93287.546875,,9.059100151062012,57.0,,,640.0,32.0,6869.0,38.0,38.0,,39.0,,57.0,,57.0,57.0,3.0,168.0,272.08001708984375,268.6499938964844,77.0,4.0,16.399999618530273,17.600000381469727
2023-11-02T21:54,2023-11-02T22:00,1,train,0,2023,11,21,1,2023-11-02T21:00,4,2023-11-02T18:00,4,2023-11-02T18:00,1,2023-11-02T21:00,3,2023-11-02T18:00,1,2023-11-02T21:00,-999.0,0.0,0.0,0.0,0.0,nan,nan,nan,nan,nan,6.6297736167907715,248.69850158691406,260.95086669921875,267.1324462890625,272.2275390625,276.52496337890625,5533.525390625,3023.67333984375,1524.413330078125,224.24017333984375,267.4489440917969,61.900001525878906,201.50094604492188,427.20001220703125,28500.0,0.0,0.0,20000.044921875,3.0,0.0,0.0,1.5,24135.0,0.0,0.0,248.8414306640625,261.4432373046875,266.2085876464844,271.4686279296875,274.324462890625,5537.2763671875,3022.875244140625,1524.6539306640625,858.0294799804688,235.6473846435547,269.954833984375,65.5,55.099998474121094,15.658289909362793,285.760009765625,20000.041015625,0.0,0.0,0.0,24100.0,249.0,262.79998779296875,266.1000061035156,269.8999938964844,273.8999938964844,5536.8056640625,3023.537109375,1523.1888427734375,859.0588989257812,229.1268310546875,267.42999267578125,79.4000015258789,79.0,174.24000549316406,300.9599914550781,0.0,0.0,nan,0.0,0.0,0.0,0.0,28100.0,248.82086181640625,261.5379333496094,266.4049377441406,272.64373779296875,277.2039794921875,5535.28173828125,3022.0634765625,1524.60107421875,857.0530395507812,225.54620361328125,272.3440856933594,65.0,51.93748092651367,837.8214721679688,680.0,0.0,0.0,5530.625,3019.631103515625,1522.50439453125,854.71630859375,226.48291015625,248.23739624023438,261.7559814453125,266.265869140625,272.6365051269531,277.26239013671875,46.98341369628906,72.81426239013672,47.85715866088867,45.09493637084961,,,,273.6672668457031,,102816.9375,95348.03125,,5.194464683532715,57.0,0.0,7620.0,672.0,352.0,16209.0,19.0,26.0,37.0,49.0,53.0,5.0,5.0,5.0,5.0,0.0,169.0,263.6300048828125,259.4700012207031,71.0,0.0,18.0,19.600000381469727
2023-11-02T21:54,2023-11-02T22:00,24,train,0,2023,11,21,22,2023-11-02T00:00,22,2023-11-02T00:00,22,2023-11-02T00:00,25,2023-11-01T21:00,21,2023-11-02T00:00,24,2023-11-01T22:00,-999.0,0.0,10.0,0.0,0.0,nan,1341.8233642578125,nan,87000.0,nan,8.358358383178711,247.87945556640625,260.7593994140625,266.0860900878906,271.1042175292969,275.4337158203125,5526.9365234375,3023.238037109375,1526.0341796875,230.34059143066406,266.6199951171875,87.9000015258789,215.8798065185547,302.3999938964844,14400.0,0.0,0.36000001430511475,19999.90234375,0.0,0.0,0.0,0.0,24135.06640625,0.0,0.0,248.49423217773438,261.6003112792969,266.3218688964844,271.6242370605469,274.3909912109375,5537.46826171875,3025.739990234375,1526.006103515625,859.1307373046875,236.58888244628906,270.0249328613281,62.70000076293945,52.0,15.751421928405762,296.1600036621094,20000.04296875,1.0,0.0,0.0,24100.0,249.0,262.1000061035156,266.29998779296875,270.0,274.0,5533.8662109375,3018.92578125,1513.5228271484375,849.4043579101562,220.10015869140625,267.33001708984375,78.30000305175781,77.0,287.9200134277344,285.44000244140625,0.0,0.0,nan,90.0,0.0,2.0,90.0,17400.0,248.55230712890625,261.02423095703125,265.239990234375,270.9843444824219,275.6165466308594,5528.68310546875,3021.41552734375,1526.9534912109375,862.6218872070312,234.13800048828125,271.3551940917969,82.0,79.42501068115234,783.6124877929688,480.0,0.0,0.0625,5526.04296875,3014.688232421875,1516.78759765625,848.4263916015625,220.08837890625,248.36231994628906,261.5836181640625,266.42926025390625,272.82391357421875,277.3568115234375,44.28745651245117,71.77471160888672,47.214900970458984,47.469520568847656,,,,273.7016906738281,,102743.4375,95279.859375,,5.098188400268555,57.0,0.0,7620.0,32.0,32.0,256.0,34.0,34.0,34.0,36.0,40.0,48.0,48.0,48.0,48.0,0.0,226.0,264.2099914550781,260.2200012207031,73.0,0.0,18.0,19.600000381469727
2023-11-02T21:54,2023-11-02T22:00,48,train,0,2023,11,21,46,2023-11-01T00:00,46,2023-11-01T00:00,46,2023-11-01T00:00,49,2023-10-31T21:00,45,2023-11-01T00:00,36,2023-11-01T10:00,-999.0,0.0,6.0,0.0,0.0,nan,1416.5982666015625,nan,86300.0,nan,6.70609712600708,247.04412841796875,259.3907470703125,265.99957275390625,271.34613037109375,275.61529541015625,5516.63037109375,3019.310546875,1528.073974609375,233.30137634277344,266.721435546875,84.30000305175781,252.13006591796875,316.9599914550781,15700.0,0.0,0.0,20000.126953125,1.0,0.0,0.0,0.0,24135.08984375,0.0,0.0,248.46182250976562,261.3840026855469,266.6757507324219,272.0868835449219,274.85479736328125,5536.3564453125,3023.480224609375,1523.2191162109375,855.0545043945312,231.4657440185547,270.4561462402344,62.5,52.400001525878906,17.632360458374023,362.0799865722656,19999.802734375,2.0,5.0,0.0,24100.0,248.5,262.3999938964844,266.79998779296875,270.79998779296875,274.79998779296875,5528.6357421875,3010.052001953125,1505.030029296875,839.29052734375,209.19007873535156,268.1899719238281,70.19999694824219,72.0,249.36000061035156,418.3999938964844,0.0,0.0,nan,100.0,0.0,0.0,61.0,16700.0,246.8925018310547,259.620849609375,265.5478820800781,270.93536376953125,275.50140380859375,5512.0703125,3012.7470703125,1525.7008056640625,861.26611328125,234.15017700195312,271.2344970703125,83.80751037597656,81.503173828125,611.8185424804688,460.0,0.0,0.0,5523.49609375,3009.055419921875,1509.29638671875,840.5345458984375,211.629150390625,248.3492889404297,261.6036376953125,266.655029296875,273.119384765625,277.6441650390625,37.171302795410156,65.9154052734375,42.82743453979492,45.02165985107422,,,,273.72064208984375,,102638.5625,95177.5078125,,4.648962497711182,57.0,0.0,7620.0,32.0,32.0,384.0,19.0,22.0,22.0,22.0,25.0,35.0,35.0,35.0,35.0,0.0,273.0,264.0,260.1000061035156,72.0,0.0,18.0,19.200000762939453
2023-11-13T08:56,2023-11-13T09:00,24,train,1,2023,11,8,21,2023-11-12T12:00,21,2023-11-12T12:00,21,2023-11-12T12:00,24,2023-11-12T09:00,21,2023-11-12T12:00,24,2023-11-12T09:00,-999.0,0.0,0.0,0.0,0.0,nan,nan,nan,nan,nan,2.7592859268188477,246.42568969726562,259.62969970703125,265.0595703125,267.83489990234375,271.6804504394531,5502.0419921875,3007.03173828125,1513.802978515625,229.98861694335938,263.5550231933594,59.0,83.4998550415039,0.0,31300.0,0.0,0.0,19999.865234375,4.099999904632568,0.0,0.0,5.199999809265137,24134.853515625,0.0,0.0,247.77015686035156,260.3951110839844,265.8794860839844,266.8202819824219,269.0237731933594,5515.673828125,3012.139892578125,1514.572265625,853.5308837890625,243.21847534179688,265.15277099609375,86.5,73.80000305175781,28.450613021850586,0.0,19999.978515625,18.0,0.0,0.0,24100.0,247.89999389648438,260.29998779296875,266.8999938964844,271.1000061035156,275.20001220703125,5515.02001953125,3012.074462890625,1512.039306640625,845.9525146484375,236.431884765625,266.6000061035156,41.900001525878906,44.0,33.7599983215332,174.0800018310547,0.0,0.0,850.2435302734375,73.0,0.0,0.0,73.0,13000.0,246.75205993652344,259.6446533203125,265.002197265625,265.4970397949219,269.6595153808594,5504.39453125,3009.48876953125,1515.43603515625,859.478515625,240.40823364257812,265.2697448730469,88.08473205566406,89.90454864501953,143.46360778808594,0.0,0.0,0.0,5515.6796875,3009.60302734375,1508.644287109375,849.642333984375,236.870361328125,247.5653533935547,260.5806884765625,266.60430908203125,266.5496826171875,270.27337646484375,30.25827407836914,30.746013641357422,72.58876037597656,85.70507049560547,,,,266.86090087890625,,103042.75,95376.625,,3.1016621589660645,21.0,0.0,7620.0,88888.0,32.0,201.0,0.0,0.0,0.0,0.0,0.0,43.0,43.0,43.0,43.0,0.0,125.0,261.8699951171875,255.8099822998047,61.0,0.0,9.600000381469727,10.399999618530273
2023-11-13T08:56,2023-11-13T09:00,48,train,1,2023,11,8,45,2023-11-11T12:00,45,2023-11-11T12:00,45,2023-11-11T12:00,48,2023-11-11T09:00,45,2023-11-11T12:00,45,2023-11-11T12:00,-999.0,0.0,0.0,0.0,0.0,nan,1194.3887939453125,nan,nan,nan,3.636817216873169,246.85150146484375,261.2991027832031,264.8315734863281,266.2703857421875,270.28961181640625,5522.8046875,3015.28271484375,1515.248779296875,233.1276092529297,263.8841857910156,68.4000015258789,86.53941345214844,0.0,24400.0,0.0,0.019999999552965164,19999.8359375,3.0,0.0,0.0,5.0,24134.837890625,0.0,0.0,244.6900177001953,262.64849853515625,268.0757141113281,269.0336608886719,268.9457092285156,5538.3017578125,3033.50830078125,1522.2618408203125,856.0868530273438,245.5235595703125,264.8871154785156,83.30000305175781,47.900001525878906,14.4141845703125,0.0,20000.142578125,13.0,0.0,0.0,24100.0,246.89999389648438,261.29998779296875,267.79998779296875,271.29998779296875,275.3999938964844,5516.6513671875,3017.148193359375,1512.4488525390625,845.8040771484375,233.513671875,267.07000732421875,49.5,36.0,102.63999938964844,245.44000244140625,0.0,0.0,846.9147338867188,100.0,0.0,0.0,100.0,7700.0,246.62062072753906,260.99676513671875,265.25347900390625,265.045654296875,269.47998046875,5520.9853515625,3016.442626953125,1516.08251953125,861.4639892578125,242.08851623535156,265.9024963378906,91.39363861083984,94.62793731689453,347.717529296875,0.0,0.0,0.125,5535.64453125,3022.697509765625,1516.405517578125,855.898193359375,242.559326171875,247.2484893798828,261.5964050292969,267.0845031738281,266.85906982421875,270.6540222167969,27.27895164489746,37.22599411010742,73.56565856933594,86.72798156738281,,,,266.889892578125,,103106.5,95438.2578125,,3.352046251296997,14.0,,,88888.0,2032.0,7296.0,21.0,21.0,,21.0,,50.0,,50.0,50.0,0.0,127.0,261.9100036621094,256.20001220703125,63.0,0.0,11.199999809265137,12.399999618530273
2023-11-13T08:56,2023-11-13T09:00,1,train,1,2023,11,8,1,2023-11-13T08:00,3,2023-11-13T06:00,3,2023-11-13T06:00,1,2023-11-13T08:00,3,2023-11-13T06:00,1,2023-11-13T08:00,-999.0,0.0,56.0,0.0,0.0,nan,1341.744140625,nan,86800.0,nan,1.9366135597229004,246.82901000976562,261.3404846191406,265.91644287109375,265.95709228515625,269.8530578613281,5511.50634765625,3007.927734375,1504.240478515625,222.62217712402344,262.5932312011719,69.5999984741211,78.07875061035156,0.0,17200.0,0.0,0.0,19999.865234375,4.699999809265137,0.0,0.0,5.699999809265137,24134.9296875,0.0,0.0,247.0226593017578,260.9980163574219,265.6551818847656,266.2774963378906,270.215087890625,5511.48388671875,3005.191162109375,1506.1470947265625,846.88525390625,234.0372772216797,266.6282653808594,84.9000015258789,84.30000305175781,82.19992065429688,0.0,20000.05078125,24.0,0.0,0.0,24100.0,247.39999389648438,261.3999938964844,266.29998779296875,269.29998779296875,273.3999938964844,5519.34423828125,3012.6865234375,1509.9093017578125,846.8295288085938,235.86338806152344,264.4000244140625,78.0,64.0,67.44000244140625,0.0,0.0,0.0,948.5667724609375,99.0,0.0,0.0,99.0,13300.0,246.96400451660156,260.510498046875,264.77410888671875,266.161865234375,269.97808837890625,5508.80078125,3007.087890625,1509.60888671875,853.339599609375,233.29010009765625,266.0740966796875,90.16336822509766,93.77269744873047,253.11317443847656,0.0,0.0,0.0,5514.0390625,3009.251220703125,1507.42724609375,846.9176025390625,235.66455078125,247.3611297607422,260.65460205078125,267.17620849609375,266.0565185546875,269.7286376953125,29.998119354248047,36.01750564575195,78.19328308105469,90.89440155029297,,,,266.26141357421875,,103040.1875,95354.578125,,3.331681489944458,25.0,0.0,7620.0,88888.0,24.0,16274.0,0.0,0.0,0.0,0.0,0.0,2.0,2.0,2.0,2.0,0.0,128.0,261.5099792480469,256.7099914550781,67.0,0.0,7.599999904632568,8.0
2023-11-25T12:52,2023-11-25T13:00,1,train,0,2023,11,12,1,2023-11-25T12:00,1,2023-11-25T12:00,1,2023-11-25T12:00,1,2023-11-25T12:00,0,2023-11-25T12:00,1,2023-11-25T12:00,-999.0,0.0,0.0,0.0,0.0,nan,nan,nan,nan,nan,10.151725769042969,251.28802490234375,262.6072082519531,262.874755859375,262.77978515625,266.4309997558594,5499.25,2963.6259765625,1466.1556396484375,192.9352569580078,259.784912109375,47.099998474121094,193.1963653564453,0.0,42100.0,0.0,0.0,19999.96875,4.099999904632568,0.0,0.8999999761581421,49.0,24135.20703125,0.0,0.0,253.45968627929688,263.1033020019531,259.8641662597656,260.4817810058594,264.6307067871094,5504.7080078125,2959.828857421875,1469.35986328125,826.8294677734375,227.03196716308594,261.2201232910156,80.0999984741211,79.0999984741211,265.2840881347656,0.0,19999.9609375,8.0,0.0,0.0,24100.0,251.60000610351562,263.29998779296875,260.70001220703125,258.5,262.29998779296875,5509.4052734375,2968.924560546875,1470.23095703125,831.7843017578125,228.0705108642578,256.70001220703125,88.0999984741211,92.0,166.72000122070312,0.0,0.0,0.0,nan,16.0,0.0,0.0,16.0,20300.0,251.12704467773438,262.74468994140625,263.0739440917969,261.2377014160156,264.65997314453125,5502.0673828125,2968.5869140625,1469.87109375,821.4088134765625,206.35333251953125,259.86846923828125,74.68263244628906,62.56622314453125,215.83767700195312,0.0,0.0,0.0,5492.46875,2956.587646484375,1460.833740234375,820.416259765625,223.40087890625,251.619873046875,262.06048583984375,260.35107421875,259.2357482910156,263.5146179199219,21.807754516601562,44.61772918701172,83.37627410888672,76.43247985839844,,,,260.89764404296875,,102930.875,95076.7578125,,2.6848459243774414,18.0,0.0,7620.0,88888.0,2224.0,16274.0,5.0,5.0,6.0,6.0,7.0,11.0,11.0,11.0,11.0,0.0,174.0,256.1300048828125,249.3300018310547,54.0,0.0,28.399999618530273,34.79999923706055
2023-11-25T12:52,2023-11-25T13:00,24,train,0,2023,11,12,25,2023-11-24T12:00,25,2023-11-24T12:00,25,2023-11-24T12:00,22,2023-11-24T15:00,24,2023-11-24T12:00,24,2023-11-24T13:00,-999.0,0.0,0.0,0.0,0.0,nan,nan,nan,nan,nan,11.6773042678833,249.8824462890625,262.6416320800781,263.3858642578125,263.031494140625,266.5936279296875,5492.1728515625,2962.88818359375,1464.069580078125,190.56948852539062,260.3724670410156,49.20000076293945,206.73599243164062,0.0,39900.0,0.0,0.009999999776482582,20000.193359375,4.099999904632568,0.0,2.0,61.70000076293945,24134.958984375,0.0,0.0,252.03594970703125,262.92999267578125,261.5614318847656,260.1160888671875,264.22039794921875,5506.3349609375,2965.0439453125,1467.726318359375,823.4201049804688,224.51866149902344,260.7569885253906,84.19999694824219,83.5999984741211,213.83419799804688,0.0,19999.98828125,6.0,0.0,0.0,24100.0,250.8000030517578,263.8999938964844,264.8999938964844,261.3999938964844,265.29998779296875,5500.166015625,2962.189208984375,1452.1943359375,806.573974609375,205.02059936523438,258.4800109863281,65.80000305175781,60.0,241.9199981689453,0.0,0.0,0.0,nan,33.0,0.0,0.0,33.0,19200.0,250.64500427246094,262.51422119140625,263.80218505859375,260.5595703125,263.4792175292969,5500.11279296875,2968.457763671875,1470.1339111328125,820.3140869140625,206.91514587402344,258.16949462890625,76.03963470458984,68.2433090209961,217.13633728027344,0.0,0.0,0.25,5493.40234375,2954.902587890625,1459.351806640625,817.2060546875,218.78759765625,251.6432342529297,262.3914794921875,260.7127685546875,260.0592346191406,264.2310791015625,21.879009246826172,36.615028381347656,82.54253387451172,79.04901123046875,,,,261.42279052734375,,102862.25,95031.3828125,,2.7349016666412354,57.0,0.0,7620.0,32.0,32.0,201.0,20.0,21.0,21.0,21.0,23.0,56.0,56.0,57.0,61.0,0.0,187.0,257.04998779296875,250.27999877929688,54.0,0.0,27.200000762939453,32.400001525878906
2023-11-25T12:52,2023-11-25T13:00,48,train,0,2023,11,12,43,2023-11-23T18:00,49,2023-11-23T12:00,49,2023-11-23T12:00,46,2023-11-23T15:00,48,2023-11-23T12:00,36,2023-11-24T01:00,-999.0,0.0,0.0,0.0,0.0,nan,nan,nan,nan,nan,12.549546241760254,250.29383850097656,262.0765686035156,262.1636657714844,262.2918701171875,265.8658752441406,5476.4169921875,2945.73095703125,1452.714599609375,182.77452087402344,259.249755859375,54.20000076293945,216.87840270996094,0.0,35000.0,0.0,0.6499999761581421,19999.943359375,5.0,0.0,0.0,42.599998474121094,24135.02734375,0.0,0.0,252.07672119140625,262.45892333984375,261.2269287109375,260.3748779296875,264.3928527832031,5504.63134765625,2958.2138671875,1465.714599609375,820.6682739257812,221.32162475585938,260.8084716796875,91.30000305175781,87.5999984741211,150.45697021484375,0.0,20000.119140625,10.0,0.0,0.0,200.0,252.5,262.0,260.3999938964844,258.70001220703125,262.6000061035156,5482.064453125,2937.8408203125,1445.2342529296875,806.9742431640625,200.53680419921875,256.8900146484375,97.4000015258789,100.0,201.83999633789062,0.0,0.0,0.0,nan,41.0,0.0,0.0,41.0,17700.0,250.72967529296875,261.5853576660156,262.18536376953125,260.06768798828125,262.82452392578125,5477.2333984375,2946.72216796875,1455.15234375,808.285888671875,195.99362182617188,257.6234130859375,78.37045288085938,71.12157440185547,224.61691284179688,0.0,0.0,1.6875,5483.80859375,2948.031005859375,1455.02685546875,813.240234375,216.00048828125,251.1062774658203,262.2228088378906,260.5955505371094,259.6607666015625,263.60760498046875,17.523094177246094,45.265647888183594,83.77119445800781,91.52161407470703,,,,259.24859619140625,,102843.25,94994.140625,,2.9838151931762695,57.0,0.0,7620.0,32.0,32.0,256.0,17.0,17.0,17.0,17.0,18.0,59.0,59.0,59.0,65.0,0.0,222.0,256.1499938964844,250.13998413085938,60.0,0.0,28.399999618530273,33.599998474121094
2023-12-04T06:50,2023-12-04T07:00,1,train,0,2023,12,6,1,2023-12-04T06:00,1,2023-12-04T06:00,1,2023-12-04T06:00,1,2023-12-04T06:00,0,2023-12-04T06:00,1,2023-12-04T06:00,4946.0,97.0,100.0,100.0,0.0,1342.1634521484375,1342.1988525390625,39500.0,85100.0,7501.138671875,2.991288423538208,247.3614959716797,264.22137451171875,270.1103515625,271.98046875,276.0256042480469,5383.056640625,2861.525146484375,1336.125732421875,29.005512237548828,267.9372863769531,94.30000305175781,320.81787109375,508.55999755859375,200.0,0.00039999998989515007,2.0439999103546143,784.8426513671875,100.0,100.0,0.0,100.0,116.49860382080078,0.0004064000095240772,1.9375,247.654296875,264.3267822265625,268.19366455078125,270.6539001464844,274.70391845703125,5384.79638671875,2858.49853515625,1339.6009521484375,672.0271606445312,48.58390808105469,269.949951171875,97.69999694824219,97.19999694824219,158.282958984375,287.0400085449219,1195.56396484375,80.0,27.0,0.0,800.0,248.8000030517578,265.79998779296875,265.70001220703125,270.1000061035156,274.20001220703125,5395.23291015625,2860.312255859375,1335.606689453125,671.4853515625,45.64656448364258,267.25,98.4000015258789,100.0,550.47998046875,272.9599914550781,9.999999747378752e-05,0.4375,1624.4842529296875,98.0,84.0,0.0,40.0,1900.0,247.79371643066406,265.1476135253906,270.33837890625,271.1300964355469,275.1009826660156,5388.49267578125,2857.724853515625,1330.6114501953125,660.2781982421875,25.761695861816406,270.6207275390625,90.54768371582031,93.62862396240234,315.41436767578125,370.0,0.00022000000171829015,1.625,5399.23046875,2863.7626953125,1339.130615234375,672.6561889648438,52.848876953125,248.20050048828125,265.24456787109375,269.12066650390625,269.3929443359375,273.5316162109375,100.35615539550781,95.39253234863281,97.61515808105469,94.1062240600586,,,,269.9017333984375,,100662.875,93221.15625,,11.537700653076172,95.0,0.0,7620.0,0.0,0.0,209.0,92.0,100.0,100.0,100.0,100.0,93.0,100.0,100.0,100.0,0.0,148.0,265.7300109863281,264.9700012207031,94.0,87.0,20.399999618530273,22.799999237060547
2023-12-04T06:50,2023-12-04T07:00,24,train,0,2023,12,6,25,2023-12-03T06:00,25,2023-12-03T06:00,25,2023-12-03T06:00,22,2023-12-03T09:00,24,2023-12-03T06:00,24,2023-12-03T07:00,4764.0,71.0,100.0,100.0,0.0,1342.1444091796875,1342.214599609375,39500.0,85000.0,7891.59521484375,2.454087972640991,248.18353271484375,264.4953308105469,270.14971923828125,272.1526184082031,276.19317626953125,5382.3994140625,2852.763671875,1327.039306640625,19.125301361083984,267.94427490234375,94.30000305175781,326.20379638671875,505.760009765625,200.0,0.000699999975040555,23.110000610351562,785.0089721679688,100.0,100.0,0.0,100.0,116.22758483886719,0.0003471999953035265,1.8125,247.32247924804688,263.5880126953125,268.33538818359375,271.2113952636719,275.27325439453125,5385.97705078125,2860.24365234375,1343.269287109375,674.6915893554688,49.89334487915039,270.5115051269531,98.0,97.5,172.36618041992188,376.4800109863281,1262.6669921875,100.0,94.0,0.0,500.0,247.0,265.6000061035156,266.29998779296875,270.29998779296875,274.29998779296875,5387.060546875,2852.50927734375,1328.9219970703125,664.2124633789062,40.533592224121094,268.5400085449219,94.69999694824219,100.0,281.9200134277344,472.6400146484375,0.001500000013038516,3.1875,1373.333740234375,100.0,100.0,0.0,58.0,800.0,248.21722412109375,265.3767395019531,268.80364990234375,270.03668212890625,274.08087158203125,5380.54052734375,2846.69140625,1321.0889892578125,654.366455078125,20.9189453125,269.34796142578125,91.04156494140625,93.84253692626953,388.1899719238281,170.0,0.0003699999942909926,11.75,5404.71484375,2864.552734375,1331.31298828125,662.9922485351562,41.534423828125,248.39328002929688,266.007080078125,269.97686767578125,270.1122131347656,274.2184143066406,94.25839233398438,95.18475341796875,97.81763458251953,94.22542572021484,,,,270.24688720703125,,100514.625,93096.921875,,10.90468978881836,100.0,0.0,7620.0,32.0,32.0,0.0,94.0,94.0,94.0,94.0,94.0,100.0,100.0,100.0,100.0,0.0,163.0,265.96002197265625,264.69000244140625,92.0,77.0,20.399999618530273,22.0
2023-12-04T06:50,2023-12-04T07:00,48,train,0,2023,12,6,43,2023-12-02T12:00,49,2023-12-02T06:00,49,2023-12-02T06:00,46,2023-12-02T09:00,48,2023-12-02T06:00,36,2023-12-02T19:00,6500.7998046875,100.0,100.0,100.0,100.0,1342.0909423828125,1342.071533203125,34500.0,85200.0,8824.951171875,3.681370496749878,248.6052703857422,265.94671630859375,270.1103820800781,272.27740478515625,276.3353576660156,5415.87744140625,2875.26220703125,1346.107666015625,33.83821105957031,267.8148193359375,94.9000015258789,345.85113525390625,485.67999267578125,200.0,0.0010999999940395355,29.68000030517578,785.0504760742188,100.0,95.0,0.0,100.0,126.18563842773438,0.00028199999360367656,1.0,248.20822143554688,264.8374938964844,268.89202880859375,271.171142578125,275.23199462890625,5405.02490234375,2873.958740234375,1350.495361328125,681.3456420898438,56.661468505859375,270.5166015625,97.5999984741211,97.19999694824219,147.39373779296875,376.6400146484375,1195.8387451171875,94.0,89.0,0.0,100.0,249.5,266.8999938964844,266.79998779296875,270.6000061035156,274.70001220703125,5423.22509765625,2880.672607421875,1352.3258056640625,686.6139526367188,61.879093170166016,267.8999938964844,98.19999694824219,100.0,552.8800048828125,373.44000244140625,9.999999747378752e-05,2.25,1328.390625,97.0,100.0,69.0,50.0,800.0,249.18238830566406,266.71185302734375,270.90814208984375,272.1803894042969,276.22613525390625,5432.23193359375,2886.62060546875,1352.3524169921875,679.5594482421875,41.804595947265625,271.7814636230469,92.95957946777344,94.79861450195312,309.0244140625,540.0,0.0005600000149570405,4.9375,5399.46484375,2865.011962890625,1337.458984375,668.848388671875,47.16943359375,247.76345825195312,265.18719482421875,269.69671630859375,270.18084716796875,274.2529296875,96.50371551513672,96.98562622070312,98.03177642822266,95.65613555908203,,,,270.48236083984375,,100582.1875,93162.0625,,10.8596773147583,99.0,0.0,7620.0,0.0,0.0,0.0,94.0,95.0,95.0,95.0,95.0,97.0,100.0,100.0,100.0,0.0,187.0,266.4599914550781,265.03997802734375,92.0,67.0,23.200000762939453,25.200000762939453
2023-12-11T11:50,2023-12-11T12:00,1,train,0,2023,12,11,1,2023-12-11T11:00,6,2023-12-11T06:00,6,2023-12-11T06:00,1,2023-12-11T11:00,0,2023-12-11T12:00,1,2023-12-11T11:00,3198.199951171875,0.0,100.0,100.0,100.0,1466.76025390625,1342.91650390625,23700.0,84900.0,11835.8134765625,2.7996490001678467,258.8913269042969,270.8414306640625,274.5994873046875,275.8024597167969,279.7904052734375,5500.01953125,2884.18603515625,1327.166259765625,-7.105289459228516,273.76519775390625,90.80000305175781,62.508914947509766,2056.800048828125,4400.0,0.00039999998989515007,0.6380000114440918,1375.1629638671875,100.0,100.0,100.0,100.0,829.0873413085938,0.00041760000749491155,20.875,259.58868408203125,271.8340148925781,273.9483947753906,274.37420654296875,278.4907531738281,5492.62548828125,2864.22900390625,1306.7000732421875,627.53466796875,-4.8598127365112305,273.3538513183594,97.5999984741211,97.19999694824219,124.1845474243164,2116.639892578125,1574.7823486328125,100.0,100.0,100.0,1900.0,258.79998779296875,272.70001220703125,275.3999938964844,277.70001220703125,281.8999938964844,5506.427734375,2868.446533203125,1309.01171875,624.418701171875,1.3065273761749268,273.2900085449219,96.69999694824219,97.0,138.24000549316406,2515.360107421875,0.0008999999845400453,8.8125,985.701416015625,100.0,97.0,100.0,71.0,7800.0,259.0646667480469,270.44696044921875,274.58612060546875,274.55908203125,278.38201904296875,5488.2958984375,2871.20361328125,1315.954833984375,635.5069580078125,-9.174102783203125,273.40570068359375,95.81855773925781,95.35159301757812,110.44230651855469,1830.0,0.00019999999494757503,1.1875,5494.828125,2868.98681640625,1314.900634765625,632.20166015625,-0.046875,259.38226318359375,270.979736328125,274.8407287597656,275.26568603515625,278.9559326171875,101.29707336425781,94.85648345947266,94.8412094116211,97.2527084350586,,,,273.4263916015625,,100065.1875,92783.484375,,20.264535903930664,97.0,0.0,7620.0,0.0,0.0,209.0,77.0,98.0,99.0,100.0,100.0,83.0,89.0,95.0,100.0,0.0,145.0,269.8799743652344,268.489990234375,88.0,94.0,13.600000381469727,14.800000190734863
2023-12-11T11:50,2023-12-11T12:00,24,train,0,2023,12,11,24,2023-12-10T12:00,24,2023-12-10T12:00,24,2023-12-10T12:00,21,2023-12-10T15:00,24,2023-12-10T12:00,24,2023-12-10T12:00,5699.0,0.0,100.0,100.0,100.0,1342.603515625,1342.599365234375,21000.0,84800.0,12816.7685546875,5.315518379211426,259.3427734375,271.8260803222656,273.6898193359375,275.5245666503906,279.55340576171875,5499.3994140625,2872.463623046875,1314.6776123046875,-19.845245361328125,270.9881896972656,97.5,299.62164306640625,971.52001953125,100.0,0.0010000000474974513,49.34000015258789,785.0985107421875,100.0,100.0,100.0,100.0,209.3048095703125,0.0013279999839141965,24.5625,260.2212829589844,271.9637756347656,275.2347412109375,274.8714599609375,278.9878234863281,5478.9453125,2848.226318359375,1288.9317626953125,607.1141357421875,-26.483938217163086,273.71649169921875,98.5,98.5,150.83106994628906,2025.1199951171875,1664.2637939453125,100.0,100.0,100.0,800.0,260.0,273.0,272.20001220703125,276.1000061035156,280.20001220703125,5487.08544921875,2851.747802734375,1292.6292724609375,612.9808959960938,-11.327898025512695,273.4200134277344,94.5,95.0,173.1199951171875,1186.4000244140625,0.0012000000569969416,10.875,841.3721313476562,100.0,100.0,100.0,80.0,1800.0,258.9566955566406,270.11529541015625,273.3357849121094,273.79132080078125,277.52081298828125,5496.30615234375,2877.06884765625,1330.192138671875,651.5421142578125,7.275978088378906,272.4569091796875,96.12657165527344,95.62403106689453,97.65841674804688,650.0,0.0002800000074785203,34.5,5496.75,2862.96435546875,1307.282958984375,627.3226928710938,-3.824951171875,260.8548278808594,271.6720886230469,273.81195068359375,274.6387939453125,278.43133544921875,99.31234741210938,99.2776870727539,94.43131256103516,96.65290832519531,,,,273.32684326171875,,100019.9375,92725.484375,,21.809011459350586,98.0,0.0,7620.0,0.0,0.0,0.0,100.0,100.0,100.0,100.0,100.0,100.0,100.0,100.0,100.0,0.0,139.0,270.57000732421875,268.7799987792969,87.0,91.0,20.0,21.600000381469727
2023-12-11T11:50,2023-12-11T12:00,48,train,0,2023,12,11,48,2023-12-09T12:00,48,2023-12-09T12:00,48,2023-12-09T12:00,45,2023-12-09T15:00,48,2023-12-09T12:00,48,2023-12-09T12:00,5911.0,0.0,100.0,100.0,100.0,1342.5206298828125,1342.5238037109375,21000.0,84700.0,12752.9404296875,4.686777591705322,259.4097900390625,272.1185302734375,273.2016296386719,274.91351318359375,278.95574951171875,5487.3798828125,2859.93994140625,1301.6429443359375,-32.00807189941406,270.38458251953125,97.30000305175781,306.5123596191406,885.5999755859375,100.0,0.0007999999797903001,52.02000045776367,1238.479736328125,100.0,100.0,100.0,100.0,403.85791015625,0.0014327999670058489,31.75,259.77996826171875,273.7450866699219,274.8653869628906,274.5477294921875,278.6493225097656,5479.59326171875,2848.468994140625,1277.8966064453125,599.5376586914062,-33.22984313964844,273.35467529296875,97.0999984741211,96.80000305175781,229.90444946289062,818.719970703125,1572.107666015625,98.0,100.0,100.0,1200.0,259.1000061035156,273.3999938964844,273.6000061035156,275.8999938964844,280.1000061035156,5510.53564453125,2878.04931640625,1310.6187744140625,630.7281494140625,6.749413967132568,272.5799865722656,91.80000305175781,93.0,173.75999450683594,1093.1199951171875,0.0008999999845400453,14.375,847.4439697265625,100.0,96.0,100.0,100.0,2700.0,258.51690673828125,273.22003173828125,277.372314453125,275.67022705078125,279.371337890625,5489.30126953125,2863.28369140625,1287.6033935546875,602.0510864257812,-47.66072082519531,273.62799072265625,97.1041259765625,97.33496856689453,84.77515411376953,1900.0,0.0009299999801442027,47.5625,5500.36328125,2863.262939453125,1297.364013671875,616.6339721679688,-14.675537109375,260.10955810546875,272.8875427246094,275.1495666503906,274.60406494140625,278.513916015625,100.94589233398438,94.53195190429688,91.86495971679688,95.20140075683594,,,,273.23175048828125,,99871.5,92600.171875,,22.32993507385254,97.0,,,16.0,16.0,768.0,91.0,92.0,,93.0,,77.0,,94.0,100.0,1.0,150.0,270.3800048828125,268.03997802734375,85.0,100.0,23.200000762939453,25.200000762939453
2023-12-25T22:56,2023-12-25T23:00,1,train,1,2023,12,22,1,2023-12-25T22:00,5,2023-12-25T18:00,5,2023-12-25T18:00,1,2023-12-25T22:00,0,2023-12-26T00:00,1,2023-12-25T22:00,-999.0,0.0,17.0,0.0,0.0,nan,1342.8895263671875,nan,87300.0,nan,7.034770488739014,254.3610382080078,270.32586669921875,274.0167541503906,275.90924072265625,279.6173095703125,5695.81005859375,3103.590087890625,1553.818359375,226.3873291015625,272.99017333984375,89.30000305175781,155.97702026367188,1284.3199462890625,13500.0,0.0,0.0,5082.0400390625,78.0999984741211,0.0,4.099999904632568,93.5,301.4940490722656,0.0,0.0,254.44073486328125,270.8595886230469,274.8252258300781,274.2323913574219,277.4726867675781,5698.142578125,3106.304931640625,1552.22021484375,870.0166625976562,239.68905639648438,273.66387939453125,98.9000015258789,98.4000015258789,37.82767105102539,2425.60009765625,20000.021484375,41.0,0.0,0.0,400.0,254.0,271.29998779296875,275.3999938964844,276.20001220703125,280.29998779296875,5699.265625,3105.38916015625,1548.6368408203125,867.945556640625,236.7279815673828,273.6700134277344,100.0,100.0,381.2799987792969,1413.760009765625,0.0,0.125,nan,82.0,0.0,0.0,73.0,10300.0,254.69810485839844,270.7893981933594,273.5254821777344,276.357421875,279.28143310546875,5703.2197265625,3106.966796875,1554.8592529296875,873.5623168945312,231.00094604492188,275.20770263671875,90.65686798095703,95.74861145019531,197.44265747070312,2130.0,0.0,0.0,5706.05859375,3111.69287109375,1555.504638671875,873.042236328125,243.484619140625,255.05406188964844,270.8047790527344,275.349365234375,274.190185546875,277.77093505859375,20.586185455322266,62.84634017944336,92.79023742675781,97.30699157714844,,,,273.1292419433594,,103009.8125,95554.75,,8.277332305908203,57.0,0.0,7620.0,0.0,0.0,16274.0,71.0,71.0,71.0,72.0,74.0,19.0,19.0,20.0,21.0,0.0,127.0,270.1100158691406,267.989990234375,87.0,1.0,18.799999237060547,20.399999618530273
2023-12-19T06:50,2023-12-19T07:00,1,train,0,2023,12,6,1,2023-12-19T06:00,1,2023-12-19T06:00,1,2023-12-19T06:00,1,2023-12-19T06:00,0,2023-12-19T06:00,1,2023-12-19T06:00,-999.0,0.0,5.0,0.0,0.0,nan,1342.6322021484375,nan,84700.0,nan,8.80475902557373,251.8677215576172,267.9154357910156,273.21136474609375,277.1569519042969,281.2778015136719,5417.50390625,2854.568603515625,1316.389892578125,-12.69232177734375,270.9964599609375,86.0,314.9710388183594,978.8800048828125,13100.0,0.0,0.0,1452.9344482421875,100.0,0.0,0.0,100.0,24134.912109375,8.000000093488779e-07,0.0,251.4731903076172,267.9668273925781,272.44476318359375,278.191162109375,282.35821533203125,5413.37744140625,2849.53271484375,1316.1051025390625,632.5106811523438,-8.655906677246094,277.0965576171875,76.4000015258789,73.0999984741211,112.866943359375,1242.8800048828125,19999.955078125,22.0,0.0,0.0,24100.0,251.60000610351562,269.0,273.6000061035156,276.1000061035156,280.20001220703125,5428.4130859375,2860.059814453125,1314.8013916015625,634.5421142578125,-2.820859432220459,272.3399963378906,96.0,97.0,462.32000732421875,1056.47998046875,0.0,0.375,1051.593017578125,100.0,0.0,0.0,100.0,14000.0,252.08445739746094,268.5298767089844,271.0849609375,276.371826171875,280.6272888183594,5422.544921875,2855.896728515625,1320.141845703125,641.58251953125,-3.6301727294921875,275.21173095703125,90.04326629638672,87.78621673583984,627.9330444335938,1040.0,0.0,0.0,5425.24609375,2854.1123046875,1308.09521484375,626.4345703125,-9.86572265625,251.7564697265625,269.1249084472656,273.41461181640625,276.6607666015625,280.8929443359375,4.542842864990234,87.1175308227539,96.09883880615234,96.5438232421875,,,,275.8821105957031,,99871.875,92672.0078125,,6.410294532775879,83.0,0.0,7620.0,0.0,0.0,256.0,76.0,87.0,90.0,91.0,92.0,73.0,73.0,73.0,73.0,1.0,299.0,268.7200012207031,267.9800109863281,95.0,3.0,26.799999237060547,29.200000762939453
2023-12-19T06:50,2023-12-19T07:00,24,train,0,2023,12,6,25,2023-12-18T06:00,25,2023-12-18T06:00,25,2023-12-18T06:00,22,2023-12-18T09:00,24,2023-12-18T06:00,24,2023-12-18T07:00,-999.0,0.0,18.0,0.0,0.0,nan,1342.2899169921875,nan,84600.0,nan,8.42102336883545,251.0892791748047,267.2486267089844,270.7004089355469,275.42547607421875,279.480712890625,5396.23828125,2836.308349609375,1308.2275390625,-13.986724853515625,269.11328125,86.4000015258789,282.3461608886719,683.760009765625,12800.0,0.0,183.50999450683594,20000.146484375,12.300000190734863,0.0,0.0,5.5,24135.048828125,4.0000000467443897e-07,0.0,250.67405700683594,267.37335205078125,270.85205078125,275.2713317871094,279.3875732421875,5394.49951171875,2836.731689453125,1305.381103515625,627.8363647460938,-6.570281028747559,274.1798400878906,90.30000305175781,89.0,183.34423828125,974.5599975585938,20000.1796875,17.0,0.0,0.0,0.0,251.10000610351562,269.0,270.6000061035156,275.1000061035156,279.20001220703125,5400.12841796875,2836.67333984375,1289.310302734375,612.4005737304688,-20.489578247070312,271.80999755859375,98.69999694824219,100.0,368.7200012207031,975.2000122070312,9.999999747378752e-05,0.3125,1121.5245361328125,74.0,0.0,0.0,74.0,13700.0,250.0421905517578,267.5475769042969,269.6810302734375,274.8724365234375,279.1903381347656,5387.73681640625,2833.23486328125,1304.5032958984375,629.6217041015625,-14.047439575195312,273.01593017578125,89.85356903076172,89.00465393066406,521.1286010742188,790.0,0.0,88.125,5426.0703125,2852.864013671875,1300.07958984375,621.471923828125,-11.76171875,251.96156311035156,270.0714111328125,273.0142822265625,275.2863464355469,279.471923828125,3.5024948120117188,76.69499206542969,94.99761199951172,96.00495910644531,,,,274.8027648925781,,99836.5625,92599.90625,,4.8341755867004395,71.0,0.0,7620.0,0.0,0.0,256.0,98.0,98.0,98.0,98.0,98.0,83.0,86.0,86.0,90.0,2.0,371.0,268.8800048828125,268.3899841308594,94.0,0.0,27.600000381469727,30.0
2023-12-25T22:56,2023-12-25T23:00,24,train,1,2023,12,22,23,2023-12-25T00:00,23,2023-12-25T00:00,23,2023-12-25T00:00,26,2023-12-24T21:00,24,2023-12-25T00:00,24,2023-12-24T23:00,-999.0,0.0,46.0,0.0,0.0,nan,1342.81689453125,nan,87200.0,nan,7.120166301727295,255.04315185546875,270.07574462890625,273.834716796875,275.3897705078125,279.24822998046875,5688.2275390625,3099.68896484375,1548.513671875,222.76031494140625,272.58349609375,88.5,151.56222534179688,1222.0,14400.0,0.0,0.07999999821186066,20000.0390625,5.0,0.0,0.4000000059604645,28.399999618530273,24135.21875,0.0,0.0,254.1199951171875,270.4936828613281,273.63214111328125,276.0124206542969,278.1661376953125,5696.376953125,3106.40966796875,1555.0736083984375,871.3367919921875,239.29534912109375,273.91558837890625,92.0,83.0,15.674593925476074,1649.43994140625,20000.169921875,46.0,0.0,0.0,24100.0,254.60000610351562,271.5,276.70001220703125,276.0,280.1000061035156,5700.99462890625,3108.633544921875,1547.16064453125,864.0555419921875,235.61065673828125,272.7799987792969,85.0999984741211,83.0,178.9600067138672,1124.0,0.0,0.0625,nan,43.0,0.0,0.0,32.0,10000.0,254.34835815429688,269.4106140136719,273.58013916015625,276.1929016113281,279.2373962402344,5686.7177734375,3101.779052734375,1554.488525390625,872.5401000976562,230.70127868652344,273.936767578125,87.63270568847656,93.27073669433594,151.80117797851562,1190.0,0.0,0.3125,5704.34765625,3111.38671875,1553.73095703125,873.043212890625,241.230712890625,254.69113159179688,270.7787170410156,275.1253662109375,274.64013671875,278.7621154785156,14.916068077087402,59.37765121459961,100.3447494506836,96.69956970214844,,,,273.84747314453125,,102970.5625,95542.3125,,8.271998405456543,64.0,0.0,7620.0,32.0,32.0,0.0,86.0,89.0,89.0,89.0,89.0,72.0,72.0,73.0,77.0,0.0,145.0,269.69000244140625,268.1099853515625,89.0,1.0,14.399999618530273,15.600000381469727
2023-12-19T06:50,2023-12-19T07:00,48,train,0,2023,12,6,43,2023-12-17T12:00,49,2023-12-17T06:00,49,2023-12-17T06:00,46,2023-12-17T09:00,48,2023-12-17T06:00,36,2023-12-17T19:00,-999.0,0.0,0.0,0.0,0.0,nan,nan,nan,nan,nan,9.676265716552734,254.5087890625,270.6602783203125,275.67047119140625,278.7773742675781,282.9037780761719,5430.21533203125,2841.020751953125,1285.1326904296875,-53.89329528808594,273.6468505859375,74.19999694824219,318.9984436035156,2404.719970703125,20700.0,0.0,229.52999877929688,1395.1929931640625,90.9000015258789,0.0,0.0,100.0,24135.17578125,0.0,0.0,250.91285705566406,268.3565673828125,272.2697448730469,276.9213562011719,281.0679626464844,5394.94384765625,2831.9140625,1297.2042236328125,615.227294921875,-23.107406616210938,275.61578369140625,89.0999984741211,86.0999984741211,98.08926391601562,1197.9200439453125,19999.94140625,23.0,0.0,0.0,0.0,251.3000030517578,270.1000061035156,271.70001220703125,275.1000061035156,279.29998779296875,5417.0791015625,2849.92138671875,1297.1416015625,619.7249755859375,-13.485062599182129,271.8399963378906,98.80000305175781,100.0,370.79998779296875,980.3200073242188,0.00019999999494757503,0.75,938.927490234375,88.0,0.0,0.0,88.0,12600.0,255.2042236328125,273.20654296875,276.1446533203125,278.62518310546875,282.9377746582031,5425.8935546875,2822.55908203125,1252.876708984375,565.9345703125,-89.36318969726562,276.47509765625,92.92839813232422,94.09896850585938,405.82598876953125,2870.0,0.0,110.75,5435.1796875,2855.4404296875,1299.672119140625,619.304931640625,-15.894287109375,252.52835083007812,270.47027587890625,273.6226501464844,276.1414794921875,280.270263671875,9.890689849853516,88.7068099975586,95.439697265625,96.63877868652344,,,,275.9696960449219,,99790.25,92583.421875,,7.997486591339111,68.0,0.0,7620.0,0.0,0.0,256.0,95.0,95.0,95.0,95.0,95.0,77.0,79.0,79.0,83.0,1.0,152.0,270.05999755859375,269.3999938964844,96.0,1.0,26.799999237060547,28.799999237060547
2023-12-25T22:56,2023-12-25T23:00,48,train,1,2023,12,22,47,2023-12-24T00:00,47,2023-12-24T00:00,47,2023-12-24T00:00,50,2023-12-23T21:00,48,2023-12-24T00:00,36,2023-12-24T11:00,-999.0,0.0,6.0,0.0,0.0,nan,1342.7711181640625,nan,87200.0,nan,6.843235969543457,254.52821350097656,269.62164306640625,273.1202697753906,275.71832275390625,279.46917724609375,5683.60791015625,3095.3193359375,1550.973388671875,225.2237091064453,272.3359069824219,89.19999694824219,177.79592895507812,1183.52001953125,13800.0,0.0,0.17000000178813934,20000.056640625,30.100000381469727,0.0,0.0,21.0,24135.087890625,0.0,0.0,254.14222717285156,270.554931640625,273.2958984375,276.7465515136719,279.2957458496094,5690.50341796875,3103.489990234375,1558.9481201171875,874.5249633789062,239.93653869628906,275.2822265625,91.19999694824219,80.0999984741211,28.098133087158203,1575.0400390625,20000.1328125,38.0,0.0,2.0,24100.0,254.1999969482422,270.79998779296875,274.5,276.3999938964844,280.5,5703.92919921875,3109.853515625,1552.462646484375,870.9104614257812,244.54116821289062,271.70001220703125,91.0999984741211,77.0,216.9600067138672,958.719970703125,0.0,0.0,nan,38.0,0.0,0.0,38.0,9400.0,255.6002197265625,270.23858642578125,273.8457946777344,274.5992126464844,278.08038330078125,5693.8359375,3100.984619140625,1549.0421142578125,870.1578369140625,229.56143188476562,273.33294677734375,90.0,95.20652770996094,173.91815185546875,1250.0,0.0,0.4375,5697.06640625,3108.107666015625,1555.30712890625,875.27001953125,241.9091796875,254.03683471679688,270.24957275390625,274.05340576171875,275.7294921875,279.22393798828125,16.645843505859375,70.89252471923828,93.78935241699219,97.5126953125,,,,272.7099609375,,102969.125,95565.2734375,,8.839938163757324,68.0,0.0,7620.0,0.0,0.0,256.0,89.0,91.0,92.0,92.0,94.0,61.0,61.0,61.0,61.0,0.0,145.0,269.7200012207031,268.1099853515625,90.0,1.0,14.0,16.0
2024-01-01T14:49,2024-01-01T15:00,1,train,1,2024,1,14,1,2024-01-01T14:00,3,2024-01-01T12:00,3,2024-01-01T12:00,1,2024-01-01T14:00,3,2024-01-01T12:00,1,2024-01-01T14:00,-999.0,0.0,0.0,16.0,0.0,nan,7907.41943359375,nan,34600.0,nan,5.231297969818115,244.6292266845703,260.45001220703125,263.07379150390625,264.1549987792969,268.22735595703125,5372.25634765625,2884.7822265625,1390.365234375,114.58984375,264.10467529296875,67.19999694824219,241.60545349121094,0.0,26400.0,0.0,0.0,19999.93359375,4.099999904632568,95.0999984741211,7.199999809265137,5.800000190734863,24134.720703125,0.0,0.0,244.3822784423828,260.05645751953125,263.5190124511719,265.05291748046875,269.0781555175781,5377.5986328125,2892.018310546875,1400.6904296875,749.155517578125,139.1153106689453,265.3993835449219,66.30000305175781,67.0999984741211,358.48541259765625,0.0,19999.93359375,15.0,2.0,0.0,24100.0,244.60000610351562,260.5,262.6000061035156,266.29998779296875,270.29998779296875,5378.01611328125,2891.69140625,1398.4271240234375,743.9392700195312,139.80284118652344,264.5400085449219,66.0999984741211,72.0,241.83999633789062,0.0,0.0,0.0,804.6510009765625,76.0,21.0,7.0,76.0,5100.0,244.55494689941406,260.085693359375,263.7287292480469,264.3329772949219,268.40655517578125,5379.728515625,2895.027587890625,1402.20458984375,748.582275390625,128.88629150390625,264.66082763671875,89.96734619140625,87.91264343261719,274.70172119140625,0.0,9.999999747378752e-06,0.0625,5381.2578125,2893.455078125,1400.096923828125,752.23291015625,146.58544921875,244.9265899658203,260.28912353515625,262.9954833984375,262.9709167480469,267.2025146484375,38.96874237060547,62.02222442626953,80.23091125488281,67.55178833007812,,,,265.26727294921875,,101902.6875,94218.578125,,4.483609676361084,62.0,0.0,7620.0,2592.0,2328.0,16209.0,14.0,14.0,15.0,19.0,25.0,5.0,5.0,5.0,5.0,0.0,340.0,260.5899963378906,253.95999145507812,57.0,0.0,11.600000381469727,12.800000190734863
2024-01-01T14:49,2024-01-01T15:00,24,train,1,2024,1,14,21,2023-12-31T18:00,21,2023-12-31T18:00,21,2023-12-31T18:00,24,2023-12-31T15:00,21,2023-12-31T18:00,24,2023-12-31T15:00,-999.0,0.0,0.0,100.0,100.0,nan,5885.6806640625,nan,46500.0,nan,3.845958709716797,244.47589111328125,259.8565979003906,262.2615966796875,263.33001708984375,267.3179931640625,5376.0205078125,2890.66552734375,1401.347900390625,129.1847686767578,263.2701721191406,57.20000076293945,221.35205078125,0.0,33500.0,0.0,0.0,20000.177734375,3.0,93.9000015258789,42.900001525878906,5.599999904632568,24134.869140625,0.0,0.0,244.7899932861328,260.2319641113281,263.82220458984375,266.0743103027344,270.0943908691406,5384.41455078125,2895.361328125,1402.02783203125,748.3046264648438,135.92068481445312,266.3349304199219,64.30000305175781,64.5,349.8470153808594,0.0,6085.3212890625,22.0,52.0,2.0,24100.0,245.10000610351562,260.5,262.20001220703125,266.70001220703125,270.70001220703125,5379.9287109375,2889.343017578125,1395.7567138671875,740.5763549804688,135.09246826171875,264.9599914550781,65.19999694824219,71.0,279.67999267578125,0.0,0.0,0.0,835.9359741210938,100.0,85.0,90.0,100.0,6900.0,244.49185180664062,259.8577880859375,262.2740478515625,263.33233642578125,267.7994384765625,5372.625,2889.37548828125,1399.510986328125,750.7756958007812,131.9219970703125,263.6620178222656,92.05380249023438,93.44221496582031,343.58013916015625,0.0,0.0,0.125,5380.5234375,2890.63232421875,1396.330322265625,748.674072265625,143.203125,245.27493286132812,260.05865478515625,263.111572265625,262.893798828125,267.1669921875,66.06330108642578,64.30833435058594,79.3378677368164,65.88922119140625,,,,265.4468994140625,,101848.625,94170.65625,,5.212807655334473,57.0,0.0,7620.0,32.0,32.0,201.0,10.0,11.0,12.0,16.0,21.0,34.0,34.0,34.0,34.0,0.0,326.0,260.3399963378906,254.3199920654297,59.0,1.0,12.399999618530273,13.199999809265137
2024-01-01T14:49,2024-01-01T15:00,48,train,1,2024,1,14,45,2023-12-30T18:00,45,2023-12-30T18:00,45,2023-12-30T18:00,48,2023-12-30T15:00,45,2023-12-30T18:00,45,2023-12-30T18:00,-999.0,0.0,0.0,0.0,0.0,nan,1194.438720703125,nan,nan,nan,3.3691558837890625,245.59449768066406,260.50341796875,262.0973205566406,262.9962463378906,267.04217529296875,5376.32470703125,2885.98583984375,1393.431884765625,120.98253631591797,263.2144470214844,67.9000015258789,200.70785522460938,0.0,25300.0,0.0,0.4440000057220459,20000.185546875,4.099999904632568,89.30000305175781,55.0,4.099999904632568,24135.0078125,0.0,0.0,245.2073211669922,260.48016357421875,264.3028564453125,267.4094543457031,271.4617004394531,5387.93115234375,2896.378662109375,1401.84765625,745.5552978515625,130.0800018310547,267.6903991699219,60.70000076293945,60.79999923706055,389.4826965332031,0.0,19999.8203125,8.0,0.0,1.0,24100.0,245.3000030517578,260.70001220703125,263.20001220703125,267.6000061035156,271.6000061035156,5387.056640625,2891.570068359375,1394.52880859375,737.3562622070312,129.25758361816406,265.6600341796875,45.599998474121094,49.0,280.55999755859375,29.280000686645508,0.0,0.0,856.5033569335938,100.0,1.0,1.0,100.0,7100.0,246.00450134277344,260.79827880859375,261.083740234375,261.86480712890625,266.29595947265625,5379.5078125,2886.0966796875,1391.918701171875,746.9369506835938,128.83677673339844,262.16741943359375,91.35615539550781,93.33800506591797,326.94232177734375,0.0,0.0,2.0625,5380.46484375,2888.357421875,1395.53369140625,746.558349609375,140.651123046875,245.3176727294922,260.3785095214844,263.0323486328125,263.0368957519531,267.2786560058594,44.151702880859375,48.267845153808594,73.74786376953125,61.61155700683594,,,,265.6616516113281,,101812.375,94136.6875,,3.651604175567627,38.0,,,88888.0,368.0,8960.0,35.0,36.0,,38.0,,48.0,,48.0,48.0,0.0,496.0,260.489990234375,254.27999877929688,59.0,0.0,16.0,17.200000762939453
2024-01-07T05:47,2024-01-07T06:00,1,train,0,2024,1,5,1,2024-01-07T05:00,6,2024-01-07T00:00,6,2024-01-07T00:00,1,2024-01-07T05:00,0,2024-01-07T06:00,1,2024-01-07T05:00,-999.0,0.0,100.0,100.0,100.0,1341.0992431640625,1341.03857421875,45400.0,85600.0,7988.39501953125,5.875864028930664,248.79119873046875,264.3108825683594,264.4974365234375,264.3998107910156,268.11328125,5422.75732421875,2894.3447265625,1381.7568359375,97.71014404296875,260.4382629394531,86.5999984741211,187.68472290039062,0.0,1100.0,9.999999747378752e-05,0.5879999995231628,1149.99169921875,94.80000305175781,100.0,100.0,93.0999984741211,769.8898315429688,2.080000012938399e-05,1.0625,249.994140625,264.41961669921875,260.89892578125,262.89959716796875,266.85107421875,5420.51220703125,2886.173828125,1387.1533203125,739.8403930664062,134.81375122070312,262.85919189453125,88.0999984741211,88.69999694824219,232.52822875976562,0.0,1195.1234130859375,100.0,100.0,25.0,0.0,249.10000610351562,264.79998779296875,259.79998779296875,261.0,264.8999938964844,5423.8603515625,2888.3466796875,1385.345458984375,742.970947265625,134.6084442138672,258.75,96.80000305175781,100.0,201.27999877929688,0.0,9.999999747378752e-05,1.125,1473.53759765625,60.0,99.0,100.0,55.0,1200.0,249.90029907226562,263.8939208984375,265.7925109863281,262.99957275390625,266.54595947265625,5413.55029296875,2881.708740234375,1372.126220703125,717.64404296875,94.90352630615234,262.9716491699219,84.10498046875,86.52981567382812,220.73565673828125,0.0,0.0001900000061141327,0.875,5422.90625,2890.596923828125,1378.67529296875,730.6751708984375,132.2333984375,249.21202087402344,263.78240966796875,264.2997131347656,260.0531921386719,264.15069580078125,99.19833374023438,86.4178466796875,92.71431732177734,81.88525390625,,,,261.30181884765625,,101719.25,93958.390625,,9.374360084533691,94.0,0.0,7620.0,0.0,0.0,256.0,82.0,95.0,95.0,95.0,95.0,92.0,100.0,100.0,100.0,0.0,142.0,259.8999938964844,256.7200012207031,78.0,30.0,23.200000762939453,24.799999237060547
2024-01-07T05:47,2024-01-07T06:00,24,train,0,2024,1,5,24,2024-01-06T06:00,24,2024-01-06T06:00,24,2024-01-06T06:00,21,2024-01-06T09:00,24,2024-01-06T06:00,24,2024-01-06T06:00,-999.0,0.0,100.0,100.0,99.0,1456.449462890625,1340.864990234375,30300.0,85600.0,9921.7490234375,3.9347190856933594,250.43243408203125,264.241455078125,262.8555908203125,263.22760009765625,267.0779113769531,5423.0078125,2880.28857421875,1377.6224365234375,96.97151184082031,258.71502685546875,86.9000015258789,309.66094970703125,0.0,900.0,0.0003000000142492354,2.9000000953674316,784.5963745117188,100.0,100.0,100.0,91.9000015258789,298.85400390625,0.00023999999393709004,1.0625,249.8755340576172,264.4191589355469,260.5838928222656,263.1568603515625,267.1177673339844,5421.8740234375,2882.520263671875,1388.8402099609375,741.55224609375,135.8968505859375,263.1329345703125,89.4000015258789,90.30000305175781,237.4652862548828,0.0,1195.0198974609375,100.0,100.0,100.0,0.0,251.39999389648438,264.29998779296875,259.70001220703125,259.8999938964844,263.79998779296875,5421.6845703125,2876.15966796875,1383.89013671875,743.8184814453125,135.1568603515625,257.6099853515625,96.19999694824219,100.0,165.27999877929688,0.0,9.999999747378752e-05,0.625,2172.2373046875,96.0,100.0,97.0,53.0,1100.0,249.69338989257812,263.68994140625,264.044921875,262.9476318359375,266.7977600097656,5421.4560546875,2887.271484375,1384.1181640625,732.2401733398438,109.31415557861328,262.87078857421875,84.74397277832031,88.52477264404297,268.3796081542969,0.0,0.00022000000171829015,1.8125,5431.640625,2897.552490234375,1390.352294921875,742.7069702148438,141.6923828125,249.76522827148438,263.869384765625,263.6751708984375,260.9833984375,265.317626953125,92.69554138183594,87.61296081542969,83.6678237915039,71.70124816894531,,,,262.7208557128906,,101820.75,94097.15625,,8.790060997009277,98.0,0.0,7620.0,0.0,0.0,0.0,79.0,79.0,79.0,79.0,81.0,75.0,77.0,77.0,77.0,0.0,226.0,258.54998779296875,255.9199981689453,80.0,40.0,20.799999237060547,22.399999618530273
2024-01-07T05:47,2024-01-07T06:00,48,train,0,2024,1,5,48,2024-01-05T06:00,48,2024-01-05T06:00,48,2024-01-05T06:00,45,2024-01-05T09:00,48,2024-01-05T06:00,48,2024-01-05T06:00,4932.2001953125,1.0,100.0,100.0,0.0,1561.2353515625,1340.955078125,39500.0,85500.0,nan,3.3078720569610596,248.86537170410156,263.215087890625,262.3553466796875,262.9481506347656,266.82025146484375,5404.6337890625,2874.1484375,1376.4735107421875,98.75054931640625,259.2718505859375,87.4000015258789,322.84112548828125,0.0,400.0,0.000699999975040555,6.289999961853027,784.55126953125,100.0,100.0,100.0,87.0,300.1531066894531,0.00011079999967478216,0.8125,249.01580810546875,262.7394714355469,260.9400329589844,264.0511779785156,268.04278564453125,5424.58056640625,2895.30029296875,1402.9075927734375,753.9185180664062,146.12484741210938,264.1048583984375,89.30000305175781,90.19999694824219,267.02362060546875,0.0,1551.97998046875,100.0,100.0,100.0,400.0,250.5,266.1000061035156,257.5,260.0,263.8999938964844,5414.361328125,2865.31689453125,1369.188232421875,729.9056396484375,121.32678985595703,257.45001220703125,85.69999694824219,88.0,352.0,0.0,0.000699999975040555,5.6875,1173.6240234375,53.0,100.0,100.0,22.0,300.0,250.63702392578125,265.25494384765625,264.3647766113281,260.54022216796875,264.23712158203125,5421.9990234375,2875.906982421875,1361.5863037109375,713.4879760742188,92.99423217773438,260.51202392578125,84.92755126953125,86.7142562866211,301.058349609375,0.0,0.0007900000200606883,3.625,5425.7109375,2889.58544921875,1388.49267578125,740.5833129882812,139.34228515625,249.7627716064453,263.19305419921875,262.8830871582031,261.232177734375,265.43084716796875,93.97251892089844,91.90870666503906,80.76978302001953,70.00365447998047,,,,262.8839111328125,,101792.75,94058.5625,,8.585023880004883,91.0,,,112.0,32.0,9344.0,95.0,95.0,,96.0,,72.0,,72.0,72.0,0.0,293.0,259.8999938964844,256.0099792480469,74.0,43.0,16.799999237060547,18.0
2024-01-12T14:47,2024-01-12T15:00,1,train,0,2024,1,14,1,2024-01-12T14:00,3,2024-01-12T12:00,3,2024-01-12T12:00,1,2024-01-12T14:00,3,2024-01-12T12:00,1,2024-01-12T14:00,-999.0,0.0,0.0,0.0,0.0,nan,1341.4544677734375,nan,86000.0,nan,11.849479675292969,245.6640625,261.2359313964844,265.40081787109375,268.3838195800781,272.58123779296875,5435.7705078125,2938.9423828125,1438.33154296875,149.94821166992188,265.255126953125,76.19999694824219,294.7501220703125,90.55999755859375,20400.0,0.0,0.006000000052154064,20000.015625,42.599998474121094,0.0,0.0,49.5,24134.787109375,4.0000000467443897e-07,0.0,245.42906188964844,261.8094787597656,263.6857604980469,266.84228515625,270.9394836425781,5451.4423828125,2946.443359375,1446.6966552734375,791.4760131835938,176.99893188476562,267.31787109375,84.4000015258789,82.0,427.6492919921875,0.0,19999.9453125,26.0,0.0,0.0,24100.0,246.39999389648438,262.8999938964844,261.79998779296875,266.20001220703125,270.1000061035156,5457.98291015625,2947.606689453125,1439.07861328125,785.0398559570312,167.11068725585938,264.2799987792969,92.0999984741211,95.0,361.9200134277344,0.0,0.0,1.75,864.1361694335938,100.0,0.0,0.0,100.0,9700.0,245.53269958496094,261.5105285644531,264.74102783203125,266.5834655761719,271.207275390625,5440.2744140625,2942.4208984375,1441.4534912109375,785.2003173828125,161.83749389648438,267.1181945800781,94.53678894042969,93.691650390625,425.6702575683594,0.0,0.0,0.0,5449.5703125,2943.79931640625,1441.7578125,788.88134765625,178.426513671875,245.62564086914062,261.78680419921875,263.64190673828125,264.9808349609375,269.4691162109375,10.18429946899414,60.93465042114258,85.35087585449219,71.93864440917969,,,,267.05767822265625,,102278.625,94638.359375,,2.889699697494507,57.0,0.0,7620.0,0.0,0.0,209.0,75.0,85.0,90.0,91.0,93.0,56.0,56.0,56.0,56.0,0.0,369.0,260.91998291015625,257.489990234375,74.0,3.0,32.0,36.400001525878906
2024-01-12T14:47,2024-01-12T15:00,48,train,0,2024,1,14,45,2024-01-10T18:00,45,2024-01-10T18:00,45,2024-01-10T18:00,48,2024-01-10T15:00,45,2024-01-10T18:00,45,2024-01-10T18:00,-999.0,0.0,0.0,0.0,0.0,nan,1341.06982421875,nan,86100.0,nan,13.337047576904297,246.38665771484375,263.46307373046875,265.60205078125,266.4599304199219,270.4638977050781,5469.7138671875,2958.18212890625,1449.78759765625,163.99290466308594,264.35504150390625,57.400001525878906,285.9855041503906,0.0,33100.0,0.0,4.570000171661377,19999.99609375,5.0,0.0,0.0,27.700000762939453,24134.701171875,0.0,0.0,245.7097625732422,261.03240966796875,263.3455810546875,265.7312316894531,269.81573486328125,5434.08984375,2941.850341796875,1444.3011474609375,790.8853759765625,179.01878356933594,266.17462158203125,86.5,82.5,366.029296875,0.0,19999.8671875,41.0,0.0,0.0,0.0,246.6999969482422,261.70001220703125,262.1000061035156,264.70001220703125,268.6000061035156,5420.80908203125,2919.333251953125,1419.017578125,768.7796020507812,150.29019165039062,262.7099914550781,98.30000305175781,100.0,448.79998779296875,0.0,0.0003000000142492354,4.5625,nan,100.0,0.0,1.0,100.0,6600.0,244.94435119628906,263.3841552734375,266.6885681152344,265.10821533203125,269.21258544921875,5469.17626953125,2963.718017578125,1450.5106201171875,794.2614135742188,172.6352996826172,265.160400390625,93.51192474365234,91.27812194824219,357.70770263671875,0.0,0.0,4.5,5431.15625,2944.284912109375,1439.03564453125,784.59326171875,174.41259765625,245.16885375976562,261.15338134765625,265.38330078125,264.9494323730469,269.3161315917969,13.409828186035156,27.601537704467773,86.07720184326172,73.55228424072266,,,,266.8507080078125,,102236.6875,94590.921875,,2.3586788177490234,30.0,,,88888.0,2960.0,8960.0,18.0,19.0,,21.0,,43.0,,43.0,43.0,1.0,371.0,260.8800048828125,255.64999389648438,65.0,0.0,37.20000076293945,43.599998474121094
2024-01-12T14:47,2024-01-12T15:00,24,train,0,2024,1,14,21,2024-01-11T18:00,21,2024-01-11T18:00,21,2024-01-11T18:00,24,2024-01-11T15:00,21,2024-01-11T18:00,24,2024-01-11T15:00,-999.0,0.0,63.0,0.0,0.0,nan,1341.314208984375,nan,86000.0,nan,13.021471977233887,244.3692626953125,260.9453430175781,264.4162902832031,267.3897399902344,271.5126953125,5432.6826171875,2945.111328125,1447.757568359375,163.36964416503906,263.66522216796875,84.69999694824219,292.03350830078125,0.0,16300.0,0.0,2.819999933242798,19999.978515625,27.100000381469727,0.0,0.0,52.400001525878906,24134.904296875,0.0,0.0,245.1431427001953,260.9861145019531,263.4234313964844,266.9766845703125,271.0722961425781,5435.4619140625,2940.764404296875,1444.2779541015625,788.9163818359375,174.113037109375,267.4507141113281,84.69999694824219,82.0999984741211,385.22625732421875,0.0,19999.806640625,26.0,0.0,0.0,0.0,245.3000030517578,262.5,265.79998779296875,263.29998779296875,267.20001220703125,5443.48828125,2943.007080078125,1431.2210693359375,781.5441284179688,166.123046875,261.1600036621094,98.0999984741211,100.0,205.1199951171875,0.0,0.0,0.625,878.4279174804688,100.0,0.0,0.0,100.0,10200.0,244.34408569335938,261.190673828125,264.0115966796875,265.02215576171875,269.39398193359375,5429.7216796875,2938.78466796875,1440.8218994140625,787.1359252929688,166.49427795410156,265.3218994140625,93.503662109375,92.24473571777344,399.470703125,0.0,0.0,2.625,5438.68359375,2938.123291015625,1438.24169921875,784.727294921875,172.724853515625,245.2202606201172,261.4649963378906,263.59539794921875,265.63671875,270.087158203125,10.873374938964844,54.70293045043945,89.00765228271484,75.5467758178711,,,,267.61065673828125,,102205.625,94574.28125,,2.9216012954711914,57.0,0.0,7620.0,32.0,32.0,201.0,28.0,34.0,34.0,34.0,34.0,47.0,47.0,49.0,50.0,0.0,353.0,261.2599792480469,255.8699951171875,66.0,0.0,32.400001525878906,37.20000076293945
2024-01-17T18:51,2024-01-17T19:00,1,train,0,2024,1,18,1,2024-01-17T18:00,1,2024-01-17T18:00,1,2024-01-17T18:00,1,2024-01-17T18:00,0,2024-01-17T18:00,1,2024-01-17T18:00,-999.0,9.0,100.0,0.0,0.0,1340.4307861328125,1340.2877197265625,83300.0,84500.0,1642.09375,11.72480297088623,240.62054443359375,253.41151428222656,256.8804016113281,261.58447265625,265.6480712890625,5192.2099609375,2757.64306640625,1308.3038330078125,54.62030029296875,256.42559814453125,86.9000015258789,335.9834899902344,0.0,2100.0,0.0,0.05900000035762787,912.2400512695312,97.5,0.0,0.0,100.0,1524.309326171875,1.9600000086938962e-05,0.0625,241.28173828125,253.8267364501953,255.9604949951172,261.8776550292969,265.7878723144531,5188.02294921875,2747.634521484375,1302.7222900390625,661.4539184570312,58.93943786621094,261.4697570800781,82.0,77.69999694824219,906.046142578125,0.0,20000.05859375,28.0,0.0,0.0,500.0,241.3000030517578,254.10000610351562,255.3000030517578,259.70001220703125,263.6000061035156,5189.21630859375,2750.385498046875,1300.536376953125,662.7639770507812,54.149845123291016,257.32000732421875,97.19999694824219,100.0,386.7200012207031,0.0,0.0,0.0625,814.4801635742188,100.0,0.0,0.0,100.0,4700.0,240.8011474609375,252.64556884765625,256.17718505859375,261.8924560546875,266.1594543457031,5179.63720703125,2749.704833984375,1305.658935546875,664.5079345703125,56.15824890136719,261.570068359375,81.0,76.58231353759766,615.2943115234375,0.0,1.9999999494757503e-05,0.125,5188.4921875,2751.268798828125,1301.030517578125,661.03173828125,59.459716796875,241.4888458251953,253.0267333984375,255.56378173828125,261.49163818359375,265.53076171875,52.8229866027832,95.71865844726562,69.9007568359375,63.19486618041992,,,,262.459228515625,,100762.1875,93083.578125,,2.5952532291412354,83.0,0.0,7620.0,0.0,0.0,209.0,87.0,90.0,92.0,92.0,92.0,75.0,75.0,75.0,75.0,3.0,782.0,253.25,251.0699920654297,83.0,1.0,32.400001525878906,34.79999923706055
2024-01-17T18:51,2024-01-17T19:00,24,train,0,2024,1,18,25,2024-01-16T18:00,25,2024-01-16T18:00,25,2024-01-16T18:00,22,2024-01-16T21:00,24,2024-01-16T18:00,24,2024-01-16T19:00,-999.0,100.0,100.0,0.0,0.0,1340.36181640625,1340.2415771484375,84100.0,84500.0,1453.752685546875,12.961498260498047,240.6407470703125,253.00265502929688,256.14813232421875,260.78900146484375,264.81060791015625,5185.8994140625,2753.658203125,1308.2900390625,57.80047607421875,255.46592712402344,85.4000015258789,332.1907958984375,0.0,1100.0,0.0,10.1899995803833,815.8252563476562,97.5999984741211,0.0,5.0,100.0,880.9292602539062,2.6399999114801176e-05,0.0625,240.8788604736328,253.95677185058594,256.3246765136719,262.1756286621094,266.0988464355469,5190.71728515625,2750.424072265625,1305.5487060546875,663.4263305664062,60.214969635009766,261.81439208984375,83.0,78.5999984741211,944.2947998046875,0.0,20000.03125,13.0,0.0,0.0,0.0,240.8000030517578,254.60000610351562,255.39999389648438,259.79998779296875,263.70001220703125,5188.8271484375,2749.315673828125,1295.4473876953125,657.4276123046875,49.89849853515625,257.17999267578125,97.4000015258789,100.0,386.4800109863281,0.0,0.00019999999494757503,0.5625,1059.6905517578125,100.0,5.0,1.0,100.0,17900.0,240.7607421875,252.5349578857422,255.27325439453125,261.059814453125,265.30279541015625,5175.4150390625,2744.2900390625,1304.493896484375,665.5103149414062,58.02467346191406,260.632568359375,82.06912231445312,76.68577575683594,663.8157958984375,0.0,0.0,8.25,5189.265625,2748.280517578125,1298.198974609375,658.901123046875,57.884765625,241.55349731445312,253.3089141845703,255.37501525878906,261.169921875,265.1932678222656,44.15966796875,95.2828369140625,69.0027847290039,62.87850570678711,,,,262.0125427246094,,100746.25,93063.78125,,2.5294888019561768,77.0,0.0,7620.0,0.0,0.0,201.0,75.0,75.0,77.0,77.0,82.0,63.0,63.0,64.0,67.0,3.0,753.0,253.88998413085938,251.38998413085938,79.0,1.0,31.200000762939453,33.599998474121094
2024-01-17T18:51,2024-01-17T19:00,48,train,0,2024,1,18,43,2024-01-16T00:00,49,2024-01-15T18:00,49,2024-01-15T18:00,46,2024-01-15T21:00,48,2024-01-15T18:00,36,2024-01-16T07:00,-999.0,100.0,100.0,0.0,0.0,1340.25,1340.1962890625,82100.0,84500.0,1686.643310546875,10.731158256530762,240.2713623046875,252.2701873779297,255.2890625,260.3968811035156,264.45648193359375,5170.6025390625,2741.3515625,1304.0654296875,56.32389831542969,255.20272827148438,85.4000015258789,393.0679931640625,0.0,300.0,0.0,14.529999732971191,968.9738159179688,97.4000015258789,0.0,5.0,100.0,2214.658447265625,1.52000002344721e-05,0.0625,240.83721923828125,252.8723602294922,256.40985107421875,262.3204650878906,266.2455749511719,5192.84423828125,2757.8310546875,1315.1754150390625,672.8009033203125,69.24862670898438,262.0033874511719,80.0,75.19999694824219,919.2244262695312,0.0,20000.056640625,12.0,0.0,0.0,0.0,240.3000030517578,253.89999389648438,255.89999389648438,260.29998779296875,264.20001220703125,5186.5458984375,2754.05029296875,1302.6717529296875,663.3526611328125,53.06068801879883,257.4700012207031,97.5,100.0,476.6400146484375,0.0,0.0,0.25,863.9768676757812,100.0,0.0,0.0,100.0,8300.0,239.8927459716797,251.92481994628906,254.32485961914062,260.01263427734375,264.25390625,5166.3037109375,2741.341796875,1306.770263671875,670.2071533203125,64.52571105957031,259.59661865234375,84.54595947265625,81.03921508789062,707.767578125,0.0,1.9999999494757503e-05,12.3125,5188.90234375,2751.8916015625,1300.292236328125,660.2666015625,58.68017578125,240.54627990722656,254.00648498535156,255.5535888671875,261.5279541015625,265.54364013671875,39.286224365234375,95.49330139160156,67.64576721191406,61.601043701171875,,,,262.3171691894531,,100758.4375,93090.0703125,,2.632009506225586,74.0,0.0,7620.0,32.0,32.0,201.0,63.0,65.0,71.0,71.0,78.0,50.0,50.0,50.0,50.0,2.0,749.0,254.01998901367188,250.82998657226562,76.0,2.0,32.0,34.70000076293945
2024-01-22T23:54,2024-01-23T00:00,1,train,0,2024,1,23,1,2024-01-22T23:00,6,2024-01-22T18:00,6,2024-01-22T18:00,1,2024-01-22T23:00,0,2024-01-23T00:00,1,2024-01-22T23:00,-999.0,0.0,0.0,0.0,0.0,nan,nan,nan,nan,nan,14.260546684265137,253.95379638671875,266.8327331542969,268.2341613769531,270.5982971191406,274.50982666015625,5573.0517578125,2996.865234375,1474.2178955078125,170.7597198486328,263.84490966796875,36.70000076293945,245.1294403076172,0.0,54600.0,0.0,0.00800000037997961,19969.1953125,36.900001525878906,5.0,16.700000762939453,3.0,24135.029296875,0.0,0.0625,254.08425903320312,267.3631896972656,267.4407958984375,266.159912109375,269.1430969238281,5571.607421875,2993.459228515625,1475.4559326171875,810.4149169921875,199.9445343017578,265.01458740234375,88.5999984741211,79.19999694824219,51.4410514831543,0.0,19999.880859375,40.0,8.0,0.0,24100.0,255.0,269.0,266.20001220703125,268.1000061035156,272.1000061035156,5581.42626953125,2992.920166015625,1466.1075439453125,806.758544921875,186.82394409179688,265.3399963378906,62.5,57.0,456.8800048828125,0.0,0.0,0.0,nan,0.0,15.0,37.0,0.0,41900.0,253.68569946289062,266.6513671875,268.230712890625,269.8184509277344,273.22662353515625,5573.45068359375,3000.29248046875,1477.345947265625,811.3351440429688,180.73623657226562,266.6225891113281,48.16343688964844,35.35702896118164,317.4161071777344,0.0,0.0,0.0,5569.05078125,2993.775634765625,1472.579833984375,807.912109375,189.2421875,253.45741271972656,266.86614990234375,267.7731628417969,269.2894592285156,273.0391845703125,90.21866607666016,44.131473541259766,47.18132781982422,57.32329559326172,,,,268.998046875,,102357.1875,94817.78125,,10.686334609985352,57.0,47.0,8300.0,0.0,0.0,16209.0,46.0,58.0,71.0,76.0,81.0,8.0,8.0,9.0,12.0,0.0,139.0,262.010009765625,255.1999969482422,57.0,6.0,51.20000076293945,55.20000076293945
2024-01-22T23:54,2024-01-23T00:00,48,train,0,2024,1,23,48,2024-01-21T00:00,48,2024-01-21T00:00,48,2024-01-21T00:00,45,2024-01-21T03:00,48,2024-01-21T00:00,48,2024-01-21T00:00,-999.0,0.0,0.0,8.0,82.0,7639.80126953125,2327.791259765625,42500.0,76200.0,7789.7236328125,14.232230186462402,253.0777587890625,267.3175354003906,266.7842712402344,269.25225830078125,273.11322021484375,5570.9765625,3001.594970703125,1480.8291015625,181.5688934326172,262.42047119140625,45.900001525878906,229.55096435546875,0.0,16300.0,0.0,0.05999999865889549,1951.2073974609375,51.70000076293945,89.0,100.0,2.5,6337.34619140625,3.9200000173877925e-05,0.125,254.3104248046875,267.5776672363281,268.1234130859375,267.48797607421875,270.6387023925781,5579.93994140625,3003.18310546875,1480.021240234375,813.3189697265625,199.42739868164062,266.5985412597656,86.0999984741211,71.5999984741211,73.41233825683594,0.0,2578.68408203125,56.0,54.0,38.0,24100.0,254.6999969482422,271.29998779296875,265.70001220703125,268.20001220703125,272.20001220703125,5585.39208984375,2994.929931640625,1463.2078857421875,803.8477783203125,182.92550659179688,265.3900146484375,56.20000076293945,51.0,366.4800109863281,0.0,0.0,0.0,7545.4384765625,3.0,33.0,95.0,0.0,28600.0,252.98724365234375,267.15234375,267.93084716796875,267.67431640625,271.075927734375,5569.220703125,3001.690673828125,1479.4384765625,816.2745971679688,188.20751953125,265.30743408203125,62.450775146484375,55.87688446044922,317.275390625,0.0,0.0,0.4375,5569.46484375,2992.73681640625,1469.218994140625,805.69775390625,187.216552734375,254.03610229492188,267.55450439453125,267.48651123046875,268.98382568359375,272.96160888671875,90.24596405029297,43.11680221557617,47.31050491333008,53.495513916015625,,,,269.6669921875,,102328.75,94774.203125,,10.774412155151367,77.0,,,1808.0,328.0,9216.0,7.0,10.0,,32.0,,53.0,,53.0,53.0,0.0,194.0,262.760009765625,256.9700012207031,62.0,1.0,32.79999923706055,38.400001525878906
2024-01-22T23:54,2024-01-23T00:00,24,train,0,2024,1,23,24,2024-01-22T00:00,24,2024-01-22T00:00,24,2024-01-22T00:00,21,2024-01-22T03:00,24,2024-01-22T00:00,24,2024-01-22T00:00,-999.0,0.0,0.0,10.0,63.0,8847.8037109375,2125.771484375,63400.0,78100.0,10092.5048828125,13.224556922912598,254.2138671875,265.62091064453125,265.7867736816406,269.0771484375,273.01177978515625,5564.16748046875,2990.27783203125,1480.0125732421875,184.15631103515625,263.0682678222656,48.79999923706055,257.49578857421875,0.0,10000.0,0.0,0.07000000029802322,19999.994140625,41.5,5.0,45.400001525878906,3.4000000953674316,24135.107421875,0.0,0.125,255.00570678710938,267.13385009765625,267.74908447265625,266.1112365722656,268.8582763671875,5577.29638671875,2996.126708984375,1477.2767333984375,812.1717529296875,202.37205505371094,264.7005615234375,89.19999694824219,78.9000015258789,44.53719711303711,0.0,1759.1693115234375,95.0,87.0,62.0,24100.0,255.5,268.79998779296875,264.8999938964844,267.70001220703125,271.70001220703125,5575.77587890625,2984.769287109375,1462.10498046875,804.0735473632812,183.37416076660156,265.0199890136719,54.0,47.0,553.4400024414062,0.0,0.0,0.0,8360.021484375,6.0,43.0,64.0,0.0,28500.0,253.6483917236328,265.91339111328125,267.1612548828125,268.20343017578125,271.69610595703125,5566.1171875,2995.256591796875,1482.392822265625,819.1638793945312,191.47332763671875,265.9542236328125,62.05812454223633,56.460105895996094,325.41314697265625,0.0,0.0,0.0,5568.07421875,2988.0224609375,1468.78173828125,805.24951171875,187.07861328125,254.03988647460938,266.7956237792969,267.5186767578125,268.89971923828125,272.75213623046875,89.25737762451172,28.715747833251953,51.6592903137207,58.68955993652344,,,,269.22039794921875,,102336.3125,94784.859375,,10.108244895935059,57.0,0.0,7620.0,1064.0,816.0,256.0,10.0,14.0,15.0,29.0,57.0,52.0,52.0,52.0,52.0,0.0,160.0,262.21002197265625,256.2300109863281,61.0,10.0,34.79999923706055,40.400001525878906
2024-01-28T04:57,2024-01-28T05:00,1,train,1,2024,1,4,1,2024-01-28T04:00,5,2024-01-28T00:00,5,2024-01-28T00:00,1,2024-01-28T04:00,0,2024-01-28T06:00,1,2024-01-28T04:00,-999.0,0.0,49.0,0.0,73.0,nan,1342.6195068359375,nan,86400.0,nan,6.953375816345215,253.66461181640625,267.44482421875,271.0870666503906,271.90838623046875,275.7933044433594,5575.0166015625,3009.0029296875,1470.460693359375,158.59715270996094,268.6067199707031,67.5999984741211,179.93580627441406,613.760009765625,24400.0,0.0,0.0,784.8233032226562,67.0999984741211,94.5,100.0,100.0,800.721923828125,1.6000000186977559e-06,0.0,253.34542846679688,268.15032958984375,272.65765380859375,269.4266052246094,273.5357666015625,5574.13427734375,3004.0908203125,1460.8299560546875,791.6708374023438,170.94053649902344,269.4998779296875,98.0999984741211,98.0999984741211,128.40093994140625,215.0399932861328,8231.9794921875,56.0,1.0,27.0,24100.0,252.8000030517578,268.1000061035156,272.70001220703125,271.1000061035156,275.20001220703125,5577.9814453125,3010.654052734375,1466.783935546875,797.0286865234375,172.1541290283203,267.4100036621094,94.0,91.0,137.83999633789062,298.3999938964844,0.0,0.0625,825.4059448242188,100.0,0.0,100.0,100.0,3800.0,253.25,267.93212890625,272.282470703125,270.68853759765625,274.5722961425781,5573.73828125,3006.54443359375,1463.09375,791.977294921875,156.7427978515625,270.4703063964844,96.2209701538086,95.60446166992188,276.88128662109375,350.0,0.0,0.0,5572.890625,3007.609130859375,1462.196533203125,789.958740234375,166.740234375,252.47225952148438,267.6550598144531,271.794921875,271.09722900390625,275.1702880859375,32.71605682373047,60.905372619628906,95.06617736816406,94.69268035888672,,,,270.18719482421875,,102094.6875,94618.4765625,,6.79682731628418,76.0,75.0,7848.0,0.0,0.0,16274.0,36.0,44.0,54.0,55.0,58.0,9.0,9.0,9.0,9.0,0.0,129.0,267.28997802734375,264.0199890136719,79.0,3.0,12.800000190734863,14.0
2024-02-05T11:53,2024-02-05T12:00,1,train,0,2024,2,11,1,2024-02-05T11:00,6,2024-02-05T06:00,6,2024-02-05T06:00,1,2024-02-05T11:00,0,2024-02-05T12:00,1,2024-02-05T11:00,-999.0,0.0,0.0,0.0,0.0,nan,nan,nan,nan,nan,10.060044288635254,249.74740600585938,264.324462890625,265.05780029296875,265.49163818359375,269.19415283203125,5425.36181640625,2890.706298828125,1382.61962890625,94.59591674804688,260.8801574707031,45.599998474121094,228.00283813476562,0.0,43400.0,0.0,0.0,19967.05078125,13.399999618530273,0.0,0.0,61.0,18877.3359375,0.0,0.0,249.58641052246094,264.7144470214844,264.078369140625,259.5955505371094,263.5428161621094,5418.478515625,2881.37890625,1376.6927490234375,723.5604248046875,126.2061538696289,258.75408935546875,87.0,84.0999984741211,56.83646774291992,0.0,20000.048828125,3.0,0.0,0.0,24100.0,250.5,265.8999938964844,261.0,264.6000061035156,268.6000061035156,5421.9990234375,2879.60595703125,1373.432861328125,723.4599609375,118.93687438964844,261.0,38.29999923706055,31.0,357.2799987792969,0.0,0.0,0.0,nan,0.0,0.0,0.0,0.0,34600.0,249.515625,264.63714599609375,265.6556396484375,264.9492492675781,267.72369384765625,5428.23046875,2890.955322265625,1384.198974609375,726.0079956054688,99.0153579711914,259.54571533203125,39.88094711303711,45.467655181884766,258.6662292480469,0.0,0.0,0.0,5427.05078125,2888.230224609375,1379.463623046875,725.6719970703125,118.52197265625,250.69984436035156,264.6167297363281,264.4338073730469,264.2216796875,268.2318115234375,3.1080265045166016,25.567514419555664,53.395729064941406,69.37393188476562,,,,261.1851806640625,,101496.5,91127.71875,,1.3065098524093628,10.0,0.0,7620.0,88888.0,88888.0,16274.0,0.0,0.0,0.0,0.0,0.0,0.0,0.0,0.0,0.0,0.0,155.0,258.45001220703125,249.83999633789062,49.0,0.0,31.600000381469727,36.0
2024-01-28T04:57,2024-01-28T05:00,24,train,1,2024,1,4,23,2024-01-27T06:00,23,2024-01-27T06:00,23,2024-01-27T06:00,26,2024-01-27T03:00,24,2024-01-27T06:00,24,2024-01-27T05:00,-999.0,0.0,0.0,0.0,100.0,7866.1767578125,7813.66162109375,nan,36600.0,10888.12109375,6.753689289093018,252.92535400390625,267.6822509765625,269.7706298828125,270.0732421875,274.03057861328125,5567.7939453125,3005.066650390625,1469.277587890625,162.78347778320312,267.2981262207031,67.5,177.37960815429688,411.9200134277344,24500.0,0.0,0.0,784.819580078125,69.19999694824219,27.100000381469727,100.0,98.69999694824219,818.4149169921875,2.4000000848900527e-06,0.0,253.74588012695312,267.8491516113281,269.99871826171875,269.35699462890625,273.5439758300781,5567.83740234375,2998.198486328125,1458.44384765625,791.481689453125,170.70018005371094,269.5099792480469,98.30000305175781,98.5,111.33113098144531,216.16000366210938,20000.021484375,50.0,0.0,16.0,24100.0,253.0,268.29998779296875,272.29998779296875,275.2705993652344,279.3999938964844,5574.53515625,3007.736328125,1463.912109375,786.7400512695312,169.99891662597656,269.3900146484375,74.9000015258789,60.0,139.1199951171875,602.0800170898438,0.0,0.0,805.8969116210938,100.0,0.0,100.0,100.0,700.0,252.80809020996094,267.7026672363281,269.48358154296875,269.68035888671875,273.45733642578125,5569.7021484375,3005.28173828125,1467.4627685546875,801.186767578125,167.64317321777344,269.4294128417969,96.54366302490234,95.7723388671875,335.9228515625,190.0,0.0,0.0,5569.57421875,3004.639892578125,1461.899169921875,792.0654296875,166.847900390625,252.60365295410156,267.670654296875,270.24920654296875,271.7807922363281,276.0102844238281,27.499500274658203,57.61857223510742,94.78290557861328,94.66482543945312,,,,271.77398681640625,,102095.5625,94636.546875,,6.400784492492676,86.0,0.0,7620.0,32.0,32.0,256.0,53.0,53.0,55.0,58.0,61.0,61.0,61.0,61.0,65.0,0.0,129.0,266.28997802734375,264.05999755859375,83.0,3.0,13.600000381469727,14.800000190734863
2024-01-28T04:57,2024-01-28T05:00,48,train,1,2024,1,4,47,2024-01-26T06:00,47,2024-01-26T06:00,47,2024-01-26T06:00,50,2024-01-26T03:00,48,2024-01-26T06:00,36,2024-01-26T17:00,-999.0,0.0,87.0,0.0,91.0,8278.3779296875,1342.127685546875,nan,86400.0,9032.7646484375,6.374775409698486,251.71620178222656,266.4335021972656,268.7973937988281,271.7645263671875,275.5181884765625,5542.2021484375,2990.77880859375,1467.004638671875,158.78343200683594,267.8697509765625,88.80000305175781,202.44537353515625,498.32000732421875,12200.0,0.0,14.619999885559082,784.8770751953125,84.30000305175781,96.5999984741211,100.0,94.9000015258789,867.1793212890625,1.6000000186977559e-06,0.0,252.92835998535156,267.13568115234375,269.33941650390625,269.3753967285156,273.3731384277344,5558.72802734375,2989.625244140625,1458.454833984375,790.1934814453125,169.82040405273438,269.3908996582031,98.30000305175781,98.0999984741211,147.4037322998047,198.72000122070312,20000.076171875,50.0,0.0,42.0,24100.0,252.3000030517578,268.1000061035156,271.70001220703125,272.5,276.5,5557.51806640625,2994.52587890625,1454.3447265625,783.4841918945312,160.7711181640625,267.9700012207031,88.4000015258789,79.0,174.39999389648438,383.5199890136719,0.0,0.0,794.5376586914062,100.0,0.0,100.0,100.0,100.0,251.94796752929688,265.99322509765625,268.6940612792969,271.88067626953125,275.3412780761719,5548.5908203125,2995.0390625,1470.690185546875,800.2030639648438,166.00521850585938,271.7110595703125,98.0,98.21253967285156,279.30364990234375,540.0,0.0,10.875,5558.14453125,2994.924560546875,1458.6298828125,791.104736328125,167.101806640625,253.00341796875,266.5868835449219,268.0575866699219,271.32061767578125,275.58734130859375,31.44356918334961,78.90155029296875,91.02877807617188,94.44163513183594,,,,270.70025634765625,,102093.5625,94621.09375,,6.3026323318481445,79.0,0.0,7620.0,0.0,0.0,0.0,92.0,92.0,94.0,97.0,98.0,80.0,81.0,81.0,85.0,0.0,101.0,266.54998779296875,264.28997802734375,86.0,1.0,12.800000190734863,13.600000381469727
2024-02-05T11:53,2024-02-05T12:00,48,train,0,2024,2,11,48,2024-02-03T12:00,48,2024-02-03T12:00,48,2024-02-03T12:00,45,2024-02-03T15:00,48,2024-02-03T12:00,48,2024-02-03T12:00,-999.0,0.0,0.0,0.0,0.0,nan,nan,nan,nan,nan,7.2096076011657715,249.004638671875,260.60107421875,262.0072021484375,263.19744873046875,266.9132385253906,5381.29736328125,2868.119140625,1382.02783203125,107.84857177734375,259.3790283203125,59.599998474121094,227.0983428955078,0.0,29900.0,0.0,0.009999999776482582,20000.16015625,0.0,0.0,0.0,0.699999988079071,24134.841796875,0.0,0.0,249.32044982910156,264.4569091796875,264.42486572265625,260.5382080078125,263.8925476074219,5425.7314453125,2896.3740234375,1391.5941162109375,736.5992431640625,138.52053833007812,258.99591064453125,71.30000305175781,61.29999923706055,44.4127082824707,0.0,19999.958984375,2.0,0.0,0.0,24100.0,250.1999969482422,265.1000061035156,262.29998779296875,265.5,269.3999938964844,5442.7119140625,2903.570068359375,1399.899658203125,747.7391357421875,139.99119567871094,261.8299865722656,23.700000762939453,15.0,279.0400085449219,0.0,0.0,0.0,nan,2.0,0.0,0.0,2.0,29500.0,247.78675842285156,260.83636474609375,263.317626953125,261.8348388671875,264.1973876953125,5384.8994140625,2875.0576171875,1388.1790771484375,735.9614868164062,117.91238403320312,256.1025390625,41.948638916015625,50.08358383178711,221.021484375,0.0,0.0,0.0,5416.05078125,2885.373291015625,1382.4345703125,727.1876220703125,119.677001953125,250.09400939941406,263.8790283203125,265.0489501953125,264.4334716796875,268.45556640625,2.308042526245117,23.739055633544922,33.86985397338867,50.52537155151367,,,,260.38824462890625,,101500.5,91154.3125,,1.0808298587799072,10.0,,,88888.0,5312.0,8960.0,19.0,19.0,,20.0,,41.0,,41.0,41.0,0.0,139.0,257.65997314453125,249.3300018310547,48.0,0.0,26.799999237060547,28.799999237060547
2024-02-05T11:53,2024-02-05T12:00,24,train,0,2024,2,11,24,2024-02-04T12:00,24,2024-02-04T12:00,24,2024-02-04T12:00,21,2024-02-04T15:00,24,2024-02-04T12:00,24,2024-02-04T12:00,-999.0,0.0,0.0,0.0,0.0,nan,nan,nan,nan,nan,8.128030776977539,249.00222778320312,262.89385986328125,264.0666809082031,264.5119934082031,268.2531433105469,5407.02734375,2885.66259765625,1384.725341796875,102.69081115722656,259.811767578125,45.400001525878906,226.80218505859375,0.0,43500.0,0.0,0.0,15677.625,15.100000381469727,0.0,0.0,24.5,18817.298828125,0.0,0.0,249.70965576171875,264.1459655761719,263.9764709472656,259.0143127441406,263.0611267089844,5412.9423828125,2878.66943359375,1374.6065673828125,721.5731201171875,125.31034088134766,258.2290954589844,85.69999694824219,83.0,49.95924758911133,0.0,20000.015625,2.0,0.0,0.0,24100.0,250.6999969482422,263.0,262.0,265.20001220703125,269.20001220703125,5421.99365234375,2885.087890625,1388.548583984375,736.981689453125,132.23326110839844,261.6499938964844,29.200000762939453,21.0,358.79998779296875,0.0,0.0,0.0,nan,33.0,0.0,0.0,33.0,20900.0,249.05657958984375,263.11480712890625,264.9465026855469,263.2535400390625,266.15325927734375,5412.3818359375,2888.555908203125,1388.0596923828125,732.5349731445312,109.63529205322266,258.6594543457031,58.720947265625,60.31487274169922,297.477783203125,0.0,0.0,0.0,5424.86328125,2885.719970703125,1378.70166015625,725.3363647460938,118.20751953125,250.7471466064453,265.1116943359375,263.897705078125,264.10394287109375,268.2214660644531,2.083704948425293,53.3649787902832,77.63296508789062,88.6235580444336,,,,261.61383056640625,,101489.625,91114.5625,,1.8106305599212646,57.0,0.0,7620.0,32.0,32.0,201.0,13.0,14.0,16.0,17.0,17.0,44.0,44.0,44.0,47.0,0.0,151.0,258.239990234375,248.8000030517578,44.0,0.0,30.0,33.599998474121094
2024-02-18T12:50,2024-02-18T13:00,1,train,0,2024,2,12,1,2024-02-18T12:00,1,2024-02-18T12:00,1,2024-02-18T12:00,1,2024-02-18T12:00,0,2024-02-18T12:00,1,2024-02-18T12:00,-999.0,0.0,0.0,0.0,0.0,nan,1340.3299560546875,nan,84600.0,nan,8.889511108398438,236.45411682128906,250.90061950683594,257.62677001953125,260.7744140625,264.36553955078125,5158.04248046875,2752.542724609375,1308.64013671875,62.163597106933594,256.64892578125,68.4000015258789,281.68359375,0.0,24000.0,0.0,0.019999999552965164,784.7437133789062,93.5999984741211,52.400001525878906,0.0,96.19999694824219,371.0784912109375,2.5600000299164094e-05,0.0625,236.43670654296875,250.87913513183594,257.1865539550781,260.07867431640625,263.9708251953125,5153.470703125,2741.95556640625,1302.009765625,661.6602783203125,63.27081298828125,259.4762268066406,91.5,90.30000305175781,143.44754028320312,0.0,20000.01953125,2.0,0.0,0.0,24100.0,236.6999969482422,252.1999969482422,255.60000610351562,259.79998779296875,263.70001220703125,5159.109375,2742.0947265625,1301.2335205078125,663.242919921875,65.88697052001953,257.010009765625,71.30000305175781,74.0,431.5199890136719,0.0,0.0,0.0,nan,72.0,17.0,0.0,24.0,22000.0,235.65847778320312,250.58790588378906,257.7209167480469,260.4065856933594,263.5703125,5154.9306640625,2751.92431640625,1307.9949951171875,666.5656127929688,63.70158386230469,256.298583984375,60.63401412963867,68.9527587890625,160.6917724609375,0.0,0.0,0.0,5151.92578125,2742.239013671875,1298.453369140625,660.02880859375,64.364990234375,236.4889678955078,251.3253631591797,256.8570556640625,259.10491943359375,263.0274658203125,88.6594009399414,86.0150375366211,86.3507308959961,91.36561584472656,,,,253.44573974609375,,100838.1875,90331.9296875,,2.8454790115356445,74.0,0.0,7620.0,0.0,0.0,3218.0,37.0,37.0,42.0,47.0,50.0,22.0,28.0,31.0,36.0,0.0,245.0,253.0,250.64999389648438,81.0,2.0,31.600000381469727,34.0
2024-02-18T12:50,2024-02-18T13:00,24,train,0,2024,2,12,25,2024-02-17T12:00,25,2024-02-17T12:00,25,2024-02-17T12:00,22,2024-02-17T15:00,24,2024-02-17T12:00,24,2024-02-17T13:00,-999.0,0.0,100.0,83.0,0.0,4420.53515625,1340.246826171875,62300.0,84600.0,5526.83154296875,9.191070556640625,237.37680053710938,249.6149444580078,256.97344970703125,260.65216064453125,264.43634033203125,5150.1875,2744.9716796875,1306.24609375,61.91131591796875,256.698486328125,84.69999694824219,313.44732666015625,0.0,3400.0,9.999999747378752e-05,4.119999885559082,814.6598510742188,96.5999984741211,79.0,0.0,38.20000076293945,668.7584228515625,1.8400000044493936e-05,0.0,236.61984252929688,249.7354278564453,257.0344543457031,259.28656005859375,263.1654052734375,5151.912109375,2743.8876953125,1306.3236083984375,666.8563842773438,70.3514404296875,258.6580810546875,86.5,84.5999984741211,113.29043579101562,0.0,5114.72412109375,90.0,77.0,0.0,1700.0,236.3000030517578,252.5,256.0,260.29998779296875,264.20001220703125,5153.66162109375,2744.868408203125,1301.42041015625,662.2039794921875,60.83795166015625,257.5799865722656,79.69999694824219,83.0,577.4400024414062,0.0,9.999999747378752e-05,0.25,nan,58.0,62.0,0.0,33.0,7200.0,236.85350036621094,248.9115753173828,257.0286560058594,259.4527587890625,262.7060546875,5138.46728515625,2738.99462890625,1302.6318359375,662.6197509765625,62.416465759277344,256.48321533203125,71.64592742919922,78.48130798339844,227.13140869140625,0.0,1.9999999494757503e-05,2.375,5157.09375,2742.534423828125,1300.80859375,662.677490234375,67.95751953125,237.46759033203125,251.1249237060547,256.70556640625,258.81689453125,262.7546691894531,92.53681945800781,81.40620422363281,77.19408416748047,89.78216552734375,,,,252.5660858154297,,100871.875,90365.9453125,,2.8543031215667725,75.0,0.0,7620.0,0.0,0.0,201.0,91.0,96.0,97.0,97.0,97.0,52.0,52.0,52.0,57.0,0.0,229.0,253.7899932861328,250.989990234375,78.0,5.0,29.600000381469727,32.0
2024-02-18T12:50,2024-02-18T13:00,48,train,0,2024,2,12,43,2024-02-16T18:00,49,2024-02-16T12:00,49,2024-02-16T12:00,46,2024-02-16T15:00,48,2024-02-16T12:00,36,2024-02-17T01:00,-999.0,0.0,100.0,100.0,0.0,3743.22509765625,1340.2091064453125,48500.0,84500.0,7298.03564453125,9.243639945983887,236.84323120117188,249.6414031982422,256.36419677734375,260.0832214355469,263.7911071777344,5146.27783203125,2741.1416015625,1305.04638671875,62.97087860107422,255.70469665527344,82.69999694824219,269.10107421875,0.0,14700.0,0.0,2.2799999713897705,16677.259765625,26.299999237060547,100.0,0.0,79.19999694824219,24134.876953125,0.0,0.0,236.37017822265625,250.72145080566406,257.2388000488281,258.813232421875,262.691650390625,5152.99951171875,2742.2158203125,1303.741455078125,664.515380859375,69.12784576416016,258.1716003417969,85.5,82.69999694824219,108.5722427368164,0.0,4132.63134765625,100.0,100.0,0.0,1500.0,236.1999969482422,252.6999969482422,255.8000030517578,260.1000061035156,264.0,5154.73681640625,2741.3681640625,1295.919189453125,657.1331787109375,54.44813919067383,257.32000732421875,80.4000015258789,82.0,307.0400085449219,0.0,9.999999747378752e-05,0.3125,3280.4365234375,23.0,100.0,0.0,11.0,18900.0,236.6054229736328,249.8201446533203,256.4051513671875,258.49188232421875,261.85980224609375,5141.12841796875,2737.09423828125,1299.970947265625,662.3727416992188,61.9951171875,255.7178955078125,73.39312744140625,73.58096313476562,223.20848083496094,0.0,0.0,1.75,5142.8828125,2732.206298828125,1289.79248046875,657.50341796875,67.661376953125,236.09878540039062,251.79916381835938,255.27365112304688,256.4713439941406,260.4813232421875,72.54315185546875,36.34044647216797,87.27820587158203,95.9985122680664,,,,250.00108337402344,,100895.3125,90275.0546875,,1.9969172477722168,86.0,0.0,7620.0,0.0,0.0,201.0,78.0,82.0,88.0,89.0,92.0,59.0,61.0,61.0,66.0,0.0,347.0,253.16000366210938,249.98001098632812,74.0,3.0,31.600000381469727,34.0
2024-03-02T01:57,2024-03-02T02:00,1,train,0,2024,3,1,1,2024-03-02T01:00,2,2024-03-02T00:00,2,2024-03-02T00:00,1,2024-03-02T01:00,3,2024-03-02T00:00,1,2024-03-02T01:00,-999.0,0.0,0.0,0.0,0.0,nan,nan,nan,nan,nan,10.703032493591309,250.23934936523438,265.1285400390625,269.8727722167969,272.6297302246094,276.40386962890625,5607.822265625,3063.5263671875,1541.97216796875,234.57537841796875,266.81658935546875,52.099998474121094,232.79222106933594,329.67999267578125,36700.0,0.0,0.0,20000.037109375,5.0,1.7999999523162842,2.0,5.099999904632568,24135.107421875,0.0,0.0,250.78684997558594,265.48321533203125,269.19500732421875,270.7143859863281,270.0063781738281,5614.18603515625,3063.842529296875,1542.610595703125,871.9498901367188,258.5544128417969,266.0909118652344,87.80000305175781,61.29999923706055,23.930971145629883,0.0,19999.84765625,0.0,0.0,0.0,24100.0,250.89999389648438,265.70001220703125,268.3999938964844,271.29998779296875,275.3999938964844,5618.09814453125,3068.9345703125,1545.7073974609375,877.7105712890625,254.6631622314453,268.3999938964844,64.19999694824219,59.0,515.280029296875,450.8800048828125,0.0,0.0,nan,0.0,0.0,0.0,0.0,35600.0,250.24578857421875,264.5177001953125,270.2005615234375,272.310546875,275.2369689941406,5610.2529296875,3067.64453125,1547.7220458984375,875.7595825195312,244.80892944335938,267.1731872558594,49.0,45.31238555908203,257.37982177734375,0.0,0.0,0.0,5624.1328125,3069.5478515625,1541.908447265625,867.29052734375,241.8330078125,250.57313537597656,265.31005859375,271.7925109863281,272.37493896484375,276.1444091796875,25.321516036987305,38.295047760009766,46.77898406982422,81.24199676513672,,,,266.00201416015625,,103012.4375,92814.90625,,5.7799272537231445,57.0,0.0,7620.0,32.0,32.0,16274.0,16.0,16.0,17.0,18.0,19.0,15.0,15.0,15.0,15.0,0.0,182.0,263.7699890136719,259.5099792480469,71.0,0.0,36.400001525878906,39.20000076293945
2024-03-02T01:57,2024-03-02T02:00,24,train,0,2024,3,1,26,2024-03-01T00:00,26,2024-03-01T00:00,26,2024-03-01T00:00,23,2024-03-01T03:00,21,2024-03-01T06:00,24,2024-03-01T02:00,-999.0,0.0,0.0,0.0,2.0,nan,nan,nan,nan,nan,12.768837928771973,249.69778442382812,265.7919921875,270.8536071777344,273.0928955078125,276.64483642578125,5607.9296875,3063.266357421875,1536.458251953125,226.6364288330078,267.322509765625,59.0,307.3574523925781,413.20001220703125,30600.0,0.0,0.09000000357627869,20000.0625,5.0,0.30000001192092896,11.300000190734863,5.0,24135.14453125,0.0,0.0,250.90206909179688,266.04766845703125,269.3477783203125,270.6794738769531,270.16522216796875,5618.59619140625,3066.302734375,1544.375,873.732666015625,260.0208740234375,266.29632568359375,85.30000305175781,57.29999923706055,27.41888427734375,0.0,19999.916015625,2.0,12.0,0.0,24100.0,251.10000610351562,266.70001220703125,269.20001220703125,270.5,274.6000061035156,5620.990234375,3065.329833984375,1538.867919921875,872.8444213867188,246.68760681152344,268.0199890136719,60.900001525878906,57.0,417.760009765625,392.6400146484375,0.0,0.0,nan,0.0,0.0,64.0,0.0,25300.0,249.9364013671875,264.53814697265625,270.65924072265625,272.5005798339844,274.8455505371094,5602.2724609375,3060.07666015625,1537.7293701171875,864.5935668945312,233.88955688476562,268.9712829589844,66.05242919921875,58.05866241455078,319.8900451660156,120.0,0.0,0.125,5627.328125,3077.21044921875,1550.109619140625,875.610107421875,249.001953125,250.43728637695312,265.18853759765625,271.5387268066406,272.9429931640625,276.81927490234375,34.36231231689453,33.5330924987793,42.851600646972656,76.49845123291016,,,,266.4771728515625,,103095.0,92916.5625,,6.058846950531006,12.0,27.0,7832.0,88888.0,4440.0,256.0,11.0,11.0,11.0,12.0,15.0,51.0,51.0,51.0,53.0,0.0,193.0,264.8399963378906,258.69000244140625,62.0,1.0,35.20000076293945,44.400001525878906
2024-03-02T01:57,2024-03-02T02:00,48,train,0,2024,3,1,44,2024-02-29T06:00,50,2024-02-29T00:00,50,2024-02-29T00:00,47,2024-02-29T03:00,45,2024-02-29T06:00,36,2024-02-29T14:00,-999.0,0.0,0.0,0.0,0.0,nan,nan,nan,nan,nan,12.592778205871582,250.46063232421875,264.997802734375,270.4651184082031,272.93084716796875,276.551025390625,5607.11865234375,3060.9404296875,1537.151611328125,228.1430206298828,267.49755859375,69.0999984741211,321.8171081542969,442.55999755859375,23500.0,0.0,0.5299999713897705,20000.078125,4.099999904632568,0.0,5.199999809265137,4.400000095367432,24134.865234375,0.0,0.0,251.28179931640625,266.7742919921875,269.83111572265625,271.7542724609375,270.9527282714844,5619.21240234375,3060.73779296875,1534.8643798828125,861.9464111328125,246.50465393066406,266.97271728515625,84.0,52.29999923706055,21.725425720214844,0.0,20000.138671875,0.0,0.0,0.0,24100.0,251.3000030517578,267.3999938964844,269.5,270.6000061035156,274.6000061035156,5620.5419921875,3055.9169921875,1529.7119140625,863.4131469726562,236.24472045898438,268.07000732421875,61.900001525878906,59.0,514.5599975585938,399.20001220703125,0.0,0.0,nan,0.0,0.0,8.0,0.0,24100.0,249.875,265.073486328125,271.5419921875,273.02716064453125,275.1605224609375,5607.2626953125,3065.015869140625,1537.8955078125,862.99755859375,231.55630493164062,269.16351318359375,66.0,62.169891357421875,313.13446044921875,160.0,0.0,8.375,5624.00390625,3070.527099609375,1543.935791015625,869.4315185546875,242.3408203125,250.5978546142578,265.2492980957031,271.1202697753906,273.0250549316406,276.8863220214844,37.165809631347656,34.54441833496094,35.314205169677734,70.35707092285156,,,,267.0421142578125,,103005.8125,92849.2109375,,5.784205436706543,57.0,38.0,7834.0,32.0,32.0,457.0,13.0,15.0,17.0,19.0,21.0,51.0,51.0,52.0,57.0,0.0,170.0,265.05999755859375,259.3800048828125,64.0,1.0,36.400001525878906,42.79999923706055
2024-03-26T23:52,2024-03-27T00:00,1,train,0,2024,3,23,1,2024-03-26T23:00,6,2024-03-26T18:00,6,2024-03-26T18:00,1,2024-03-26T23:00,0,2024-03-27T00:00,1,2024-03-26T23:00,-999.0,0.0,100.0,0.0,1.0,1343.0418701171875,1342.93896484375,79100.0,87000.0,2308.458740234375,3.5144357681274414,262.28076171875,275.38507080078125,278.07373046875,276.1085205078125,279.8282470703125,5729.1982421875,3078.38037109375,1492.3990478515625,153.761474609375,273.3849792480469,100.0,312.995849609375,3628.639892578125,0.0,0.0,0.052000001072883606,785.1598510742188,100.0,0.8999999761581421,100.0,100.0,47.73323059082031,5.599999894911889e-06,0.1875,262.80279541015625,274.383056640625,277.6867980957031,273.0619201660156,276.9884338378906,5740.35107421875,3088.3388671875,1503.697265625,821.3765869140625,192.38296508789062,273.1510009765625,99.80000305175781,99.5999984741211,204.9342803955078,1416.0,1196.1900634765625,52.0,0.0,42.0,100.0,262.1000061035156,275.3999938964844,275.70001220703125,271.6000061035156,275.6000061035156,5740.1259765625,3088.463134765625,1504.596923828125,831.8881225585938,203.99270629882812,269.6899719238281,99.19999694824219,100.0,175.52000427246094,649.280029296875,0.0005000000237487257,3.625,795.0391235351562,100.0,0.0,24.0,100.0,500.0,262.1557922363281,275.1316833496094,279.4990234375,273.8859558105469,277.4642333984375,5729.18505859375,3077.22998046875,1488.545654296875,803.1124877929688,157.8086395263672,273.945068359375,97.7286605834961,99.12405395507812,224.2843780517578,2100.0,0.0,0.0,5742.74609375,3092.1875,1506.543212890625,823.204833984375,196.681640625,262.1883850097656,274.28515625,280.4472351074219,272.23974609375,276.55572509765625,84.66564178466797,97.81542205810547,97.8868637084961,92.44218444824219,0.4321746826171875,0.9934167861938477,0.141510009765625,272.6551513671875,272.4862060546875,102432.4375,92312.484375,22.75,19.306087493896484,81.0,38.0,10300.0,0.0,0.0,209.0,100.0,100.0,100.0,100.0,100.0,100.0,100.0,100.0,100.0,0.0,137.0,274.95001220703125,271.94000244140625,81.0,8.0,20.799999237060547,22.399999618530273
2024-03-13T05:53,2024-03-13T06:00,1,train,0,2024,3,5,1,2024-03-13T05:00,6,2024-03-13T00:00,6,2024-03-13T00:00,1,2024-03-13T05:00,0,2024-03-13T06:00,1,2024-03-13T05:00,-999.0,0.0,0.0,0.0,0.0,nan,nan,nan,nan,nan,11.357542037963867,249.62103271484375,267.2778015136719,270.0811767578125,272.21038818359375,276.1476745605469,5460.71630859375,2917.140869140625,1385.96826171875,72.27104187011719,267.61578369140625,64.69999694824219,228.14630126953125,457.20001220703125,26400.0,0.0,0.0,19999.8515625,5.0,0.0,14.899999618530273,8.199999809265137,24134.8828125,0.0,0.0,250.33851623535156,267.80255126953125,270.3325500488281,268.603271484375,272.62322998046875,5463.498046875,2913.86328125,1379.8551025390625,711.6357421875,93.17268371582031,267.88262939453125,91.19999694824219,89.19999694824219,87.09600830078125,0.0,20000.005859375,2.0,0.0,0.0,24100.0,250.39999389648438,268.29998779296875,269.20001220703125,270.0,274.0,5464.09814453125,2912.498046875,1376.5079345703125,711.5348510742188,87.9812240600586,266.20001220703125,79.9000015258789,77.0,207.9199981689453,112.16000366210938,0.0,0.0,880.4300537109375,99.0,0.0,1.0,99.0,7200.0,249.41854858398438,267.45770263671875,269.9333190917969,270.1632995605469,274.15570068359375,5458.03466796875,2914.54052734375,1381.879638671875,713.526611328125,75.89518737792969,267.15679931640625,76.58404541015625,87.74878692626953,288.3967590332031,0.0,0.0,0.0,5467.6015625,2919.9443359375,1383.869873046875,716.0509033203125,94.7275390625,249.80690002441406,267.8164367675781,270.3026123046875,270.0013122558594,274.3928527832031,6.044736862182617,56.68588638305664,71.8663101196289,74.3193588256836,-0.010894775390625,1.2361907958984375,0.6927118301391602,266.44219970703125,264.43218994140625,101185.1875,91041.2109375,0.0,3.816842794418335,17.0,0.0,7620.0,88888.0,8120.0,16274.0,0.0,0.0,0.0,0.0,0.0,5.0,5.0,5.0,6.0,0.0,145.0,264.53997802734375,259.52996826171875,67.0,0.0,35.599998474121094,38.400001525878906
2024-03-13T05:53,2024-03-13T06:00,48,train,0,2024,3,5,48,2024-03-11T06:00,48,2024-03-11T06:00,48,2024-03-11T06:00,45,2024-03-11T09:00,48,2024-03-11T06:00,48,2024-03-11T06:00,-999.0,0.0,0.0,0.0,0.0,nan,1194.353515625,nan,nan,nan,13.053939819335938,248.6690673828125,265.9430236816406,268.38055419921875,270.1559753417969,274.15753173828125,5429.88330078125,2892.6611328125,1368.883544921875,64.8591537475586,266.30096435546875,73.9000015258789,232.8194122314453,256.9599914550781,20700.0,0.0,11.039999961853027,20000.109375,5.0,0.0,35.0,6.400000095367432,24135.041015625,0.0,0.0,251.1699981689453,266.7171630859375,270.63690185546875,268.7748107910156,272.7997131347656,5470.03759765625,2913.032958984375,1378.7276611328125,709.2567749023438,90.36353302001953,268.0,91.0999984741211,89.0,51.26516342163086,0.0,19999.89453125,4.0,0.0,0.0,24100.0,249.8000030517578,267.5,267.79998779296875,269.5,273.5,5438.3037109375,2890.510498046875,1358.093505859375,694.5843505859375,69.89839172363281,265.7900085449219,87.19999694824219,88.0,206.9600067138672,49.599998474121094,0.0,0.0,824.5386352539062,100.0,0.0,16.0,100.0,3200.0,248.10726928710938,266.17156982421875,268.7324523925781,267.8678283691406,271.7193603515625,5423.6103515625,2890.567626953125,1364.4296875,700.5823974609375,67.12016296386719,266.6414794921875,93.1051025390625,93.59857940673828,313.01513671875,0.0,0.0,3.0,5451.4375,2906.93701171875,1375.60546875,708.9307250976562,85.69775390625,249.7259063720703,267.8243408203125,268.6241455078125,270.77117919921875,275.34619140625,6.180815696716309,34.950584411621094,56.52131652832031,71.45697784423828,0.14074993133544922,0.46334266662597656,0.2881174087524414,263.65826416015625,260.54571533203125,101060.875,90968.953125,0.0,2.1116135120391846,21.0,,,88888.0,2152.0,8960.0,19.0,19.0,,20.0,,46.0,,46.0,46.0,0.0,132.0,265.8999938964844,260.2099914550781,65.0,0.0,29.600000381469727,32.0
2024-03-13T05:53,2024-03-13T06:00,24,train,0,2024,3,5,24,2024-03-12T06:00,24,2024-03-12T06:00,24,2024-03-12T06:00,21,2024-03-12T09:00,24,2024-03-12T06:00,24,2024-03-12T06:00,-999.0,0.0,0.0,0.0,0.0,nan,nan,nan,nan,nan,11.97016716003418,249.49124145507812,266.67877197265625,270.20806884765625,271.4483947753906,275.35748291015625,5456.92236328125,2911.847900390625,1382.07275390625,71.53866577148438,267.33648681640625,59.20000076293945,234.18603515625,413.44000244140625,30500.0,0.0,0.0,19999.83203125,5.0,0.0,5.0,7.300000190734863,24135.1171875,0.0,0.0,250.3236541748047,267.8349914550781,270.8345642089844,267.5933532714844,271.60552978515625,5468.78759765625,2916.453857421875,1380.391845703125,713.1207275390625,97.00271606445312,266.95794677734375,92.80000305175781,91.5,99.63504791259766,0.0,19999.939453125,3.0,0.0,1.0,24100.0,250.6999969482422,268.1000061035156,271.8999938964844,270.8999938964844,274.8999938964844,5477.4794921875,2925.034423828125,1383.9627685546875,716.0738525390625,92.39373016357422,266.5799865722656,74.0,68.0,172.39999389648438,170.8800048828125,0.0,0.0,nan,38.0,0.0,89.0,38.0,10300.0,249.31309509277344,267.29443359375,271.1504821777344,269.2327575683594,272.7174072265625,5464.5322265625,2923.3271484375,1387.8233642578125,717.90771484375,82.18211364746094,266.0173034667969,81.0,85.22811889648438,175.5785369873047,0.0,0.0,0.0,5465.53125,2916.25537109375,1381.463623046875,714.9114379882812,92.223388671875,250.26492309570312,268.1055603027344,268.1331787109375,270.6455993652344,275.0362243652344,4.726423263549805,68.94463348388672,66.35447692871094,76.30410766601562,-0.2451467514038086,0.9027366638183594,0.4981956481933594,264.5520324707031,262.3498229980469,101151.75,91042.828125,0.0,3.491633415222168,57.0,0.0,7620.0,32.0,32.0,201.0,12.0,12.0,13.0,14.0,17.0,60.0,60.0,60.0,60.0,0.0,142.0,265.1300048828125,259.30999755859375,63.0,0.0,33.599998474121094,36.400001525878906
2024-03-26T23:52,2024-03-27T00:00,24,train,0,2024,3,23,24,2024-03-26T00:00,24,2024-03-26T00:00,24,2024-03-26T00:00,21,2024-03-26T03:00,24,2024-03-26T00:00,24,2024-03-26T00:00,-999.0,0.0,100.0,0.0,74.0,1343.1875,1343.0714111328125,77200.0,87000.0,11562.7919921875,4.286889553070068,260.6620788574219,274.34466552734375,279.11236572265625,276.23406982421875,279.79254150390625,5742.5771484375,3103.19677734375,1518.3116455078125,179.66656494140625,274.1543273925781,96.69999694824219,295.78106689453125,3482.8798828125,0.0,0.0,7.429999828338623,784.8368530273438,100.0,0.0,59.70000076293945,100.0,65.76702117919922,3.5999998999614036e-06,0.625,262.7811584472656,273.9569091796875,277.8980407714844,273.27801513671875,277.0980224609375,5736.845703125,3087.430908203125,1506.8375244140625,823.173583984375,193.92759704589844,273.20001220703125,99.80000305175781,99.5999984741211,154.6169891357422,3440.639892578125,1196.214111328125,59.0,0.0,23.0,500.0,261.8999938964844,276.5,278.1000061035156,273.79998779296875,277.79998779296875,5753.26904296875,3096.517822265625,1510.450927734375,831.7708740234375,205.00494384765625,271.739990234375,100.0,100.0,215.36000061035156,964.0,0.0006000000284984708,9.3125,795.0971069335938,100.0,6.0,100.0,100.0,0.0,261.3383483886719,275.260009765625,282.00421142578125,274.56744384765625,277.31939697265625,5739.6806640625,3098.285400390625,1507.037353515625,814.5526123046875,169.75279235839844,274.35906982421875,98.0,99.5428237915039,218.06475830078125,3510.0,4.999999873689376e-05,0.9375,5745.69140625,3094.173828125,1503.875,821.6817016601562,193.551513671875,262.4267578125,276.18310546875,279.7493896484375,272.99664306640625,277.2864685058594,65.52827453613281,98.8599624633789,91.6360092163086,84.42805480957031,0.2743797302246094,1.0538654327392578,0.2177600860595703,273.0492248535156,271.84881591796875,102424.125,92306.3125,2.125,18.803909301757812,86.0,91.0,9032.0,0.0,0.0,256.0,88.0,93.0,100.0,100.0,100.0,73.0,73.0,73.0,76.0,0.0,152.0,273.82000732421875,270.9700012207031,81.0,23.0,24.799999237060547,26.700000762939453
2024-03-26T23:52,2024-03-27T00:00,48,train,0,2024,3,23,48,2024-03-25T00:00,48,2024-03-25T00:00,48,2024-03-25T00:00,45,2024-03-25T03:00,48,2024-03-25T00:00,48,2024-03-25T00:00,-999.0,0.0,100.0,0.0,100.0,1342.737548828125,1342.6767578125,25200.0,87100.0,12583.5224609375,3.7725532054901123,260.8744812011719,275.6466979980469,277.26153564453125,273.91754150390625,277.4444580078125,5754.509765625,3107.55029296875,1524.724853515625,192.68319702148438,271.44384765625,98.19999694824219,286.66033935546875,1044.6400146484375,0.0,9.999999747378752e-05,3.5999999046325684,784.89501953125,100.0,0.0,12.100000381469727,100.0,60.04887771606445,1.6000000186977559e-06,0.375,261.3569030761719,276.0622863769531,276.651611328125,272.6824035644531,276.7017517089844,5736.638671875,3084.43603515625,1496.3828125,816.8553466796875,188.57484436035156,272.8946533203125,99.69999694824219,99.5999984741211,232.1010284423828,732.9600219726562,1196.21142578125,56.0,1.0,22.0,100.0,261.0,277.3999938964844,275.79998779296875,269.79998779296875,273.8999938964844,5764.3876953125,3110.212646484375,1521.3282470703125,850.9216918945312,227.96578979492188,267.4800109863281,98.80000305175781,100.0,174.8800048828125,309.6000061035156,9.999999747378752e-05,3.3125,854.4852294921875,84.0,0.0,97.0,84.0,6200.0,259.4912414550781,276.622802734375,279.79107666015625,273.30230712890625,276.237060546875,5751.892578125,3110.030029296875,1524.701171875,837.571533203125,195.67108154296875,273.2524719238281,95.0,98.00605773925781,287.6243591308594,2170.0,0.0,0.4375,5759.11328125,3109.48876953125,1519.401123046875,834.2412719726562,205.875,262.8636474609375,274.9942626953125,280.751220703125,273.00775146484375,277.3625183105469,71.165771484375,99.1308822631836,91.54096221923828,83.5786361694336,0.40324878692626953,0.956538200378418,0.2521047592163086,272.92572021484375,271.95697021484375,102570.25,92451.1328125,0.75,19.497652053833008,92.0,,,88.0,32.0,8064.0,87.0,89.0,,90.0,,63.0,,69.0,75.0,1.0,157.0,272.19000244140625,269.5199890136719,82.0,36.0,27.200000762939453,29.5
2024-04-28T15:49,2024-04-28T16:00,1,train,1,2024,4,15,1,2024-04-28T15:00,4,2024-04-28T12:00,4,2024-04-28T12:00,1,2024-04-28T15:00,3,2024-04-28T12:00,1,2024-04-28T15:00,-999.0,0.0,0.0,0.0,100.0,nan,1344.6065673828125,nan,86700.0,nan,6.137801170349121,258.33819580078125,274.4700012207031,282.93096923828125,284.3167419433594,288.326171875,5725.00390625,3099.7529296875,1508.364501953125,144.91049194335938,285.45672607421875,85.19999694824219,420.6867370605469,3322.639892578125,17100.0,0.0,0.08900000154972076,1608.4991455078125,48.79999923706055,93.19999694824219,100.0,4.800000190734863,24134.96484375,0.0,0.125,257.8399963378906,274.5577392578125,281.2596740722656,288.3457336425781,292.750244140625,5722.06103515625,3098.408203125,1507.3203125,800.1727905273438,137.9071502685547,290.198974609375,62.400001525878906,66.30000305175781,855.4595336914062,3296.47998046875,20000.171875,32.0,44.0,16.0,24100.0,257.79998779296875,274.20001220703125,283.0,287.0,291.29998779296875,5724.908203125,3100.956787109375,1506.901123046875,798.7504272460938,149.84414672851562,285.9900207519531,87.5999984741211,95.0,348.8800048828125,3267.199951171875,0.0,0.0625,2404.827880859375,90.0,98.0,100.0,90.0,9600.1826171875,258.1435546875,274.20220947265625,283.2264709472656,282.00909423828125,285.7594909667969,5722.1572265625,3100.69482421875,1508.3504638671875,805.4904174804688,150.59715270996094,283.97320556640625,97.40290832519531,97.33622741699219,375.93048095703125,3260.0,0.0,0.0625,5726.5,3104.808349609375,1512.464599609375,810.1544189453125,157.192626953125,257.38165283203125,274.11199951171875,283.0244140625,283.48382568359375,287.9386291503906,68.623046875,85.78595733642578,84.46857452392578,77.40990447998047,-0.18381023406982422,0.33576202392578125,0.018441200256347656,283.99554443359375,280.33929443359375,101845.375,92157.3671875,0.0,21.73479461669922,88.0,0.0,7620.0,32.0,32.0,209.0,57.0,60.0,66.0,66.0,70.0,69.0,71.0,71.0,71.0,41.0,509.0,280.14996337890625,278.02996826171875,88.0,6.0,13.600000381469727,14.5
2024-05-22T02:54,2024-05-22T03:00,1,train,0,2024,5,2,1,2024-05-22T02:00,3,2024-05-22T00:00,3,2024-05-22T00:00,1,2024-05-22T02:00,3,2024-05-22T00:00,1,2024-05-22T02:00,-999.0,0.0,0.0,100.0,69.0,4331.6484375,4038.442626953125,45600.0,62400.0,5338.5751953125,7.5583319664001465,260.2290344238281,276.0368957519531,288.73443603515625,292.5302734375,296.5594482421875,5749.158203125,3106.29443359375,1497.2918701171875,103.61676788330078,286.90167236328125,56.0,361.64666748046875,3569.919921875,34400.0,0.0,0.0,4640.12060546875,3.0,93.0,84.69999694824219,0.0,24135.140625,1.0400000064691994e-05,0.5,260.55206298828125,276.4683532714844,288.75274658203125,289.31085205078125,293.18634033203125,5760.63232421875,3114.367919921875,1503.3680419921875,779.9934692382812,116.93096923828125,287.56243896484375,85.30000305175781,74.5999984741211,21.399333953857422,3567.360107421875,5253.31494140625,7.0,72.0,2.0,24100.0,260.3999938964844,276.70001220703125,288.29998779296875,293.0,297.3999938964844,5763.60107421875,3118.43994140625,1506.3345947265625,782.4988403320312,110.1929931640625,289.1200256347656,86.80000305175781,76.0,73.76000213623047,3580.0,0.0,0.0,nan,0.0,84.0,13.0,0.0,24500.0,260.1659851074219,276.118408203125,289.34375,293.5994567871094,296.53228759765625,5760.74609375,3116.93115234375,1506.2763671875,781.2211303710938,108.82402801513672,289.3790283203125,70.0,45.87931823730469,69.98458099365234,3610.0,0.0,0.0,5764.09765625,3116.672607421875,1504.425048828125,780.5371704101562,112.5703125,260.4818115234375,276.4491271972656,288.72894287109375,292.8563537597656,297.69085693359375,75.84632873535156,61.43443298339844,65.73064422607422,85.63056182861328,-0.1301116943359375,0.6382932662963867,0.3799409866333008,288.05780029296875,285.02655029296875,101366.1875,91868.359375,11.5,24.700374603271484,74.0,0.0,7620.0,32.0,32.0,14482.0,21.0,26.0,30.0,47.0,69.0,8.0,8.0,9.0,13.0,217.0,0.0,284.05999755859375,281.5899963378906,84.0,19.0,8.0,8.0
2024-04-28T15:49,2024-04-28T16:00,24,train,1,2024,4,15,22,2024-04-27T18:00,22,2024-04-27T18:00,22,2024-04-27T18:00,25,2024-04-27T15:00,21,2024-04-27T18:00,24,2024-04-27T16:00,-999.0,0.0,2.0,100.0,100.0,9259.8818359375,1344.4404296875,26800.0,86800.0,12474.796875,2.8180580139160156,257.102783203125,273.87933349609375,283.166748046875,284.94903564453125,289.390869140625,5716.78662109375,3104.46484375,1513.9521484375,148.9209747314453,285.05181884765625,91.0999984741211,399.3687438964844,3229.760009765625,14900.0,0.0,4.179999828338623,1527.7603759765625,76.69999694824219,5.0,64.80000305175781,30.0,24134.94921875,4.0000000467443897e-07,0.0,257.9041748046875,274.9276123046875,281.21533203125,288.3284912109375,292.7284851074219,5721.6064453125,3098.263916015625,1508.658203125,801.512939453125,139.2220001220703,290.9512634277344,61.099998474121094,66.69999694824219,988.2528686523438,3351.0400390625,20000.03125,7.0,5.0,23.0,24100.0,257.6000061035156,275.29998779296875,284.79998779296875,289.79998779296875,294.20001220703125,5720.55029296875,3101.623779296875,1504.6669921875,790.0900268554688,140.96279907226562,289.2099914550781,67.5999984741211,73.0,443.67999267578125,3353.43994140625,0.0,0.0,4047.01220703125,86.0,100.0,1.0,23.0,14600.0,256.825439453125,273.86346435546875,282.83880615234375,283.2001037597656,287.3651428222656,5723.3994140625,3106.712158203125,1517.710205078125,814.3323974609375,157.44186401367188,285.41448974609375,90.810546875,91.24897766113281,387.86083984375,3220.0,0.0,1.5625,5726.23828125,3105.310302734375,1509.51953125,803.8028564453125,146.771728515625,257.2447509765625,274.9344482421875,282.7177734375,285.62152099609375,289.9775695800781,60.77691650390625,96.3743896484375,77.1064453125,69.94107818603516,-0.11191844940185547,0.11174678802490234,-0.3083209991455078,286.21466064453125,281.33966064453125,101722.4375,92088.390625,14.125,21.262834548950195,85.0,0.0,7620.0,32.0,32.0,457.0,49.0,52.0,56.0,57.0,67.0,34.0,35.0,35.0,36.0,29.0,491.0,280.3600158691406,277.44000244140625,83.0,8.0,12.800000190734863,13.600000381469727
2024-04-28T15:49,2024-04-28T16:00,48,train,1,2024,4,15,46,2024-04-26T18:00,46,2024-04-26T18:00,46,2024-04-26T18:00,49,2024-04-26T15:00,45,2024-04-26T18:00,36,2024-04-27T04:00,-999.0,0.0,11.0,100.0,100.0,4413.451171875,1344.269775390625,37100.0,86900.0,12512.8994140625,2.6629083156585693,257.1735534667969,273.0675354003906,281.9538879394531,284.5132141113281,289.03131103515625,5727.64111328125,3113.302490234375,1528.138671875,166.56900024414062,284.3840026855469,94.5999984741211,408.7732238769531,3145.1201171875,13600.0,9.999999747378752e-05,0.12999999523162842,1517.2745361328125,51.20000076293945,1.5,100.0,59.79999923706055,24135.30859375,0.0,0.0,257.17364501953125,275.5345153808594,280.868408203125,286.6919250488281,291.0658264160156,5718.4091796875,3095.497802734375,1506.2298583984375,802.0684814453125,142.17100524902344,287.5741882324219,70.19999694824219,71.69999694824219,638.4345703125,3415.199951171875,20000.169921875,25.0,18.0,2.0,24100.0,258.1000061035156,275.20001220703125,283.0,285.70001220703125,290.0,5715.7763671875,3094.074462890625,1497.3677978515625,791.939208984375,149.21438598632812,284.17999267578125,90.30000305175781,95.0,184.0,3399.52001953125,0.0,0.0625,2565.48779296875,65.0,100.0,100.0,65.0,15500.0,257.89569091796875,273.9005126953125,281.2424011230469,283.22235107421875,288.09722900390625,5734.17919921875,3113.044677734375,1524.936279296875,824.996826171875,167.59390258789062,286.2479248046875,88.35948181152344,90.22259521484375,528.1936645507812,3230.0,0.0,1.125,5727.7890625,3103.100341796875,1509.39111328125,807.8447265625,155.42822265625,257.4159851074219,274.9478454589844,282.2988586425781,283.049072265625,287.7049560546875,68.07136535644531,98.85938262939453,86.12803649902344,79.40557861328125,0.16414737701416016,0.45021533966064453,-0.09213066101074219,282.577880859375,279.671630859375,101850.4375,92132.640625,59.75,22.326732635498047,88.0,63.0,8956.0,32.0,32.0,457.0,59.0,61.0,65.0,66.0,69.0,34.0,34.0,34.0,35.0,21.0,420.0,279.7499694824219,277.53997802734375,86.0,25.0,12.800000190734863,13.800000190734863
2024-07-02T15:48,2024-07-02T16:00,1,holdout_webcam,0,2024,7,15,1,2024-07-02T15:00,4,2024-07-02T12:00,4,2024-07-02T12:00,1,2024-07-02T15:00,3,2024-07-02T12:00,1,2024-07-02T15:00,-999.0,0.0,0.0,0.0,0.0,nan,nan,nan,nan,nan,3.044114112854004,261.5986328125,275.142578125,284.84808349609375,291.4803466796875,296.2386779785156,5822.2001953125,3170.241943359375,1582.8448486328125,197.0216064453125,288.56658935546875,47.0,1096.0751953125,3823.472412109375,42800.0,0.0,0.0,20000.083984375,3.0,4.099999904632568,75.30000305175781,0.0,24135.029296875,0.0,0.0,261.3262023925781,274.8660583496094,285.6167297363281,292.9140625,297.8140563964844,5826.7958984375,3172.782470703125,1586.109619140625,868.345947265625,198.702880859375,295.7187194824219,32.29999923706055,32.400001525878906,2101.5458984375,3884.159912109375,20000.03125,7.0,0.0,0.0,24100.0,261.5,275.29998779296875,284.79998779296875,290.8999938964844,295.29998779296875,5832.4619140625,3177.041259765625,1587.35302734375,870.9439697265625,192.8765411376953,290.8500061035156,59.0,63.0,1249.199951171875,3831.52001953125,0.0,0.0,nan,0.0,0.0,6.0,0.0,36700.0,261.45709228515625,275.20574951171875,284.6535339355469,290.950927734375,296.0987548828125,5828.470703125,3176.531982421875,1588.5875244140625,874.150146484375,202.5889129638672,292.79962158203125,53.48797607421875,50.53469467163086,1383.541259765625,3740.0,0.0,0.0,5832.765625,3182.75,1594.36865234375,880.3359375,213.740966796875,261.2189636230469,275.1629943847656,284.1315002441406,290.89447021484375,295.56561279296875,18.700584411621094,55.14315414428711,45.27592849731445,41.99762725830078,0.030223846435546875,-0.07043743133544922,0.06207275390625,292.8667907714844,280.6480407714844,102565.9375,92935.3828125,0.0,11.48359203338623,24.0,59.0,8206.0,88888.0,5408.0,16274.0,3.0,8.0,11.0,18.0,18.0,9.0,9.0,9.0,9.0,5.0,544.0,284.3500061035156,277.5799865722656,63.0,0.0,4.400000095367432,5.900000095367432
2024-05-22T02:54,2024-05-22T03:00,48,train,0,2024,5,2,45,2024-05-20T06:00,45,2024-05-20T06:00,45,2024-05-20T06:00,48,2024-05-20T03:00,45,2024-05-20T06:00,45,2024-05-20T06:00,-999.0,0.0,0.0,0.0,0.0,nan,nan,nan,nan,nan,6.47962760925293,259.869140625,275.6156005859375,288.2576904296875,292.55328369140625,296.70697021484375,5754.65625,3120.097900390625,1511.7174072265625,117.08187866210938,286.5859680175781,70.19999694824219,201.5696258544922,3552.800048828125,23200.0,0.0,0.0,19992.89453125,13.300000190734863,3.4000000953674316,20.200000762939453,0.0,24134.982421875,3.2000000373955118e-06,0.9375,262.45001220703125,278.5672302246094,286.4071350097656,289.587158203125,293.6900329589844,5764.65478515625,3089.85498046875,1479.4500732421875,760.0806884765625,96.22146606445312,288.5202941894531,92.80000305175781,87.0,102.9585189819336,4240.31982421875,7948.14208984375,11.0,58.0,98.0,24100.0,261.20001220703125,278.1000061035156,288.29998779296875,290.70001220703125,295.1000061035156,5766.1162109375,3106.446533203125,1489.072998046875,769.59716796875,95.24810791015625,287.6099853515625,90.4000015258789,87.0,227.36000061035156,3941.280029296875,0.0,1.25,6861.4248046875,0.0,99.0,100.0,0.0,15100.0,260.8313903808594,276.0547790527344,287.8325500488281,291.8685607910156,295.367919921875,5770.82958984375,3121.67529296875,1513.302978515625,790.8684692382812,118.43531799316406,289.2537536621094,85.09234619140625,82.8632583618164,100.7830810546875,3580.0,0.0,7.4375,5770.6953125,3117.0517578125,1501.912353515625,776.197021484375,107.462646484375,261.186767578125,277.08587646484375,289.0662841796875,293.9572448730469,298.6275329589844,73.82868194580078,66.74964904785156,58.72186279296875,80.36516571044922,0.1807708740234375,0.6806840896606445,0.3725728988647461,289.33673095703125,284.74298095703125,101301.75,91817.484375,70.0,24.751577377319336,71.0,,,144.0,144.0,9856.0,75.0,75.0,,76.0,,47.0,,47.0,48.0,605.0,0.0,284.6199951171875,282.3600158691406,87.0,0.2540000081062317,10.800000190734863,10.800000190734863
2024-05-22T02:54,2024-05-22T03:00,24,train,0,2024,5,2,21,2024-05-21T06:00,21,2024-05-21T06:00,21,2024-05-21T06:00,24,2024-05-21T03:00,21,2024-05-21T06:00,24,2024-05-21T03:00,-999.0,0.0,31.0,100.0,100.0,7110.3681640625,3354.22802734375,32400.0,68000.0,9765.4599609375,9.282477378845215,261.21337890625,275.5728759765625,288.132080078125,291.5953063964844,295.7793884277344,5757.6787109375,3113.99951171875,1505.4005126953125,115.23187255859375,285.8045349121094,65.4000015258789,293.9014587402344,3433.760009765625,26700.0,0.0,6.300000190734863,7321.7119140625,0.8999999761581421,83.5999984741211,23.0,0.0,24135.322265625,0.0,0.0,260.4200134277344,276.4718933105469,287.9716491699219,289.6685485839844,293.47442626953125,5760.55908203125,3113.09619140625,1502.7191162109375,780.4734497070312,117.09759521484375,287.5101318359375,83.0999984741211,70.30000305175781,11.699382781982422,3567.199951171875,20000.091796875,2.0,3.0,18.0,24100.0,261.20001220703125,278.0,288.3999938964844,291.70001220703125,296.1000061035156,5761.23095703125,3110.618408203125,1494.880615234375,774.0825805664062,98.67062377929688,288.3599853515625,77.9000015258789,76.0,268.79998779296875,3738.239990234375,0.0,0.0,7385.9072265625,27.0,100.0,100.0,24.0,24100.0,260.3348083496094,275.61932373046875,288.91900634765625,293.0736083984375,295.6996154785156,5762.17431640625,3117.537841796875,1510.01708984375,786.281982421875,115.9488525390625,289.1521911621094,71.0,45.7390251159668,46.415061950683594,3560.0,1.9999999494757503e-05,7.375,5762.953125,3117.6982421875,1506.306884765625,782.6666870117188,115.10791015625,260.21697998046875,276.345703125,288.4548034667969,292.77105712890625,297.604248046875,73.201416015625,63.153011322021484,63.86484146118164,85.64836883544922,0.2376861572265625,0.5681886672973633,0.3118915557861328,285.66064453125,284.31689453125,101379.3125,91887.5625,48.125,22.782983779907227,54.0,0.0,7620.0,29.0,32.0,465.0,41.0,44.0,46.0,53.0,72.0,45.0,45.0,45.0,45.0,122.0,0.0,284.3900146484375,281.8999938964844,83.0,12.0,8.800000190734863,9.199999809265137
2024-07-02T15:48,2024-07-02T16:00,24,holdout_webcam,0,2024,7,15,22,2024-07-01T18:00,22,2024-07-01T18:00,22,2024-07-01T18:00,25,2024-07-01T15:00,21,2024-07-01T18:00,24,2024-07-01T16:00,-999.0,0.0,2.0,0.0,0.0,nan,nan,nan,nan,nan,2.6634576320648193,261.2641296386719,274.7148132324219,284.03070068359375,290.67828369140625,295.52783203125,5830.2236328125,3182.0908203125,1597.80224609375,214.97671508789062,288.1225891113281,49.70000076293945,1047.0882568359375,3659.61962890625,40100.0,0.0,0.0,19999.97265625,1.0,0.0,23.299999237060547,0.0,24134.875,0.0,0.0,261.0348815917969,274.9623718261719,285.13079833984375,292.32073974609375,297.35858154296875,5827.73828125,3176.222412109375,1590.2122802734375,873.6084594726562,204.64434814453125,295.48638916015625,33.79999923706055,34.20000076293945,1966.919677734375,3856.320068359375,20000.138671875,7.0,0.0,0.0,24100.0,261.5,275.1000061035156,285.79998779296875,291.79998779296875,296.20001220703125,5822.04345703125,3172.889404296875,1583.7091064453125,865.63720703125,190.0361328125,291.7900085449219,47.0,48.0,1788.56005859375,3621.85986328125,0.0,0.0,nan,4.0,0.0,87.0,4.0,32400.0,261.2869873046875,274.4241027832031,283.46435546875,290.0350646972656,295.2669677734375,5828.4521484375,3180.75,1597.8184814453125,885.8211669921875,216.22100830078125,292.1129455566406,58.43141174316406,56.236515045166016,1400.7755126953125,3560.0,0.0,1.5,5829.46875,3176.48828125,1587.700439453125,873.4537353515625,206.543701171875,261.29302978515625,275.1724853515625,284.1666259765625,291.13262939453125,295.72784423828125,21.365814208984375,57.17936325073242,44.58034896850586,41.41828918457031,0.001049041748046875,-0.23732566833496094,-0.05809974670410156,293.01983642578125,280.61358642578125,102480.75,92855.7265625,0.0,11.272366523742676,15.0,0.0,7620.0,1064.0,1064.0,402.0,6.0,21.0,21.0,30.0,34.0,32.0,35.0,35.0,35.0,5.0,600.0,284.42999267578125,277.4100036621094,63.0,0.0,4.800000190734863,6.199999809265137
2024-07-02T15:48,2024-07-02T16:00,48,holdout_webcam,0,2024,7,15,46,2024-06-30T18:00,46,2024-06-30T18:00,46,2024-06-30T18:00,49,2024-06-30T15:00,45,2024-06-30T18:00,36,2024-07-01T04:00,-999.0,0.0,4.0,0.0,0.0,nan,nan,nan,nan,nan,3.3628201484680176,259.8466491699219,273.0931091308594,283.14666748046875,289.7101135253906,294.540771484375,5812.046875,3177.571044921875,1599.173095703125,220.771728515625,287.2284851074219,64.80000305175781,1023.7453002929688,3137.038330078125,28000.0,0.0,4.329999923706055,20000.00390625,3.0,0.0,5.0,0.0,24134.8203125,0.0,0.0,260.9672546386719,274.6442565917969,285.3351135253906,292.53509521484375,297.51483154296875,5834.59814453125,3180.02197265625,1594.2471923828125,877.1397705078125,207.71490478515625,295.5082092285156,34.400001525878906,35.400001525878906,2106.424072265625,3833.760009765625,20000.05859375,2.0,0.0,0.0,24100.0,262.1000061035156,275.5,285.6000061035156,291.6000061035156,296.0,5834.55810546875,3176.8359375,1587.615966796875,870.1921997070312,196.00567626953125,291.6099853515625,44.900001525878906,46.0,1788.8800048828125,3895.840087890625,0.0,0.0,nan,14.0,0.0,0.0,14.0,28300.0,259.8436279296875,272.50555419921875,283.09222412109375,289.47454833984375,294.72259521484375,5810.0263671875,3176.72998046875,1598.57177734375,887.467041015625,220.08090209960938,291.6373596191406,64.0,62.83559036254883,1417.438720703125,2980.0,0.0,15.6875,5826.71484375,3178.71337890625,1589.252197265625,874.27099609375,207.249755859375,260.951904296875,274.54345703125,284.2803649902344,291.3651123046875,295.9693298339844,34.488765716552734,62.913246154785156,47.65755844116211,43.83485412597656,0.03870868682861328,-0.24990558624267578,-0.058325767517089844,293.32330322265625,282.01080322265625,102482.125,92863.7734375,0.0,13.091949462890625,34.0,82.0,8648.0,32.0,32.0,457.0,19.0,22.0,24.0,32.0,35.0,36.0,38.0,38.0,39.0,35.0,752.0,284.0299987792969,277.65997314453125,64.0,0.0,4.800000190734863,5.800000190734863
2024-08-18T20:48,2024-08-18T21:00,48,train,0,2024,8,20,45,2024-08-17T00:00,45,2024-08-17T00:00,45,2024-08-17T00:00,48,2024-08-16T21:00,45,2024-08-17T00:00,45,2024-08-17T00:00,-999.0,100.0,100.0,100.0,100.0,1344.900634765625,1344.900634765625,28500.0,86600.0,11277.01171875,6.893954277038574,264.2532958984375,277.7449951171875,284.81793212890625,289.77215576171875,294.2263488769531,5783.0673828125,3108.452392578125,1499.645751953125,112.05205535888672,285.7288818359375,100.0,476.8340148925781,3941.22900390625,200.0,0.0,3.930000066757202,1531.1546630859375,89.0999984741211,0.4000000059604645,82.9000015258789,58.70000076293945,24135.033203125,1.680000059423037e-05,0.0625,264.16259765625,278.7435607910156,285.7336120605469,292.3941345214844,296.78863525390625,5786.89892578125,3101.10693359375,1491.511962890625,771.6491088867188,103.74462127685547,292.5,75.30000305175781,73.5,887.6505737304688,4352.64013671875,1197.3282470703125,58.0,68.0,77.0,100.0,264.0,279.79998779296875,285.20001220703125,290.5,294.8999938964844,5789.19970703125,3104.53955078125,1488.2945556640625,770.2574462890625,100.27159118652344,288.1400146484375,99.9000015258789,100.0,546.5599975585938,4228.85498046875,0.0,2.4375,2176.0947265625,81.0,100.0,58.0,47.0,11100.0,263.57666015625,278.9208984375,285.9905090332031,288.4876708984375,292.9523010253906,5790.5009765625,3113.52490234375,1498.7313232421875,785.0527954101562,112.63052368164062,288.7330017089844,92.11203002929688,92.07611846923828,425.8053894042969,4070.0,0.0,1.9375,5796.078125,3106.374755859375,1487.37353515625,768.8177490234375,102.9765625,265.0372314453125,279.84197998046875,285.694091796875,291.5107421875,295.96820068359375,80.68218994140625,94.02189636230469,76.82501220703125,74.04756927490234,0.03146076202392578,0.07158470153808594,-0.4662666320800781,291.21844482421875,288.0022888183594,101263.125,91734.2890625,12.75,32.835914611816406,79.0,,,193.0,25.0,7645.0,95.0,95.0,,96.0,,47.0,,51.0,55.0,20.0,0.0,283.3399963378906,283.22003173828125,100.0,0.0,13.699999809265137,16.100000381469727
2024-08-18T20:48,2024-08-18T21:00,1,train,0,2024,8,20,1,2024-08-18T20:00,3,2024-08-18T18:00,3,2024-08-18T18:00,1,2024-08-18T20:00,3,2024-08-18T18:00,1,2024-08-18T20:00,-999.0,100.0,100.0,100.0,100.0,1344.8896484375,1344.8973388671875,30300.0,86400.0,10242.109375,5.378832817077637,264.0274353027344,278.7267150878906,286.0345458984375,288.84954833984375,293.1562194824219,5778.990234375,3097.4072265625,1482.0142822265625,93.81604766845703,285.6204528808594,100.0,341.06475830078125,4215.509765625,0.0,0.0,0.5099999904632568,903.60009765625,89.9000015258789,100.0,100.0,79.0,24134.779296875,5.120000059832819e-05,0.9375,264.1741638183594,278.8966369628906,284.6899719238281,288.4099426269531,292.7550048828125,5773.26513671875,3093.896484375,1482.216796875,768.9039306640625,106.03278350830078,288.3999938964844,98.0,97.4000015258789,219.83816528320312,4136.47998046875,1197.2777099609375,56.0,100.0,100.0,0.0,264.5,279.20001220703125,284.70001220703125,289.5,293.8999938964844,5773.66650390625,3090.19775390625,1472.508544921875,757.0773315429688,88.50080871582031,286.97003173828125,99.9000015258789,100.0,442.7200012207031,4063.3720703125,9.999999747378752e-05,1.9375,4862.3359375,75.0,100.0,100.0,65.0,10700.0,264.34918212890625,278.5804748535156,286.15753173828125,288.1414794921875,292.53131103515625,5782.42138671875,3099.919189453125,1484.512451171875,770.0234375,98.6152114868164,288.914794921875,92.13070678710938,94.8951416015625,384.88287353515625,4200.0,0.0,0.25,5777.84375,3100.1396484375,1482.61181640625,768.8375244140625,107.337646484375,264.4837646484375,278.10882568359375,286.1137390136719,288.43359375,292.7411804199219,81.30408477783203,79.40409851074219,90.66078186035156,91.44764709472656,0.1131277084350586,0.3396883010864258,-0.08664417266845703,288.2765197753906,287.1714782714844,101305.375,91730.453125,3.0,32.59037780761719,86.0,0.0,7620.0,0.0,0.0,402.0,95.0,95.0,98.0,100.0,100.0,73.0,77.0,78.0,82.0,17.0,0.0,283.33001708984375,283.32000732421875,100.0,35.0,11.300000190734863,13.300000190734863
2024-08-18T20:48,2024-08-18T21:00,24,train,0,2024,8,20,21,2024-08-18T00:00,21,2024-08-18T00:00,21,2024-08-18T00:00,24,2024-08-17T21:00,21,2024-08-18T00:00,24,2024-08-17T21:00,-999.0,100.0,100.0,100.0,100.0,1344.848388671875,1344.853515625,30400.0,86500.0,10490.0751953125,5.422533988952637,263.1805725097656,278.7822265625,285.4068908691406,289.2593688964844,293.842041015625,5776.66796875,3100.67822265625,1485.400146484375,96.70537567138672,285.5084228515625,100.0,379.41259765625,4125.70703125,100.0,0.0,0.029999999329447746,1068.1285400390625,79.19999694824219,97.0999984741211,95.19999694824219,80.5999984741211,24135.162109375,8.799999704933725e-06,0.25,263.8070068359375,278.46026611328125,284.4845886230469,290.42156982421875,294.83282470703125,5775.3046875,3097.611083984375,1485.3162841796875,770.262451171875,104.8594970703125,290.74505615234375,82.69999694824219,82.4000015258789,726.8323364257812,4070.39990234375,1197.3958740234375,43.0,66.0,95.0,0.0,263.20001220703125,279.1000061035156,284.79998779296875,288.79998779296875,293.1000061035156,5782.556640625,3100.449462890625,1482.839599609375,769.488525390625,99.74431610107422,286.5099792480469,99.9000015258789,100.0,350.239990234375,4120.908203125,9.999999747378752e-05,1.4375,952.6156616210938,99.0,58.0,97.0,60.0,7400.0,263.5280456542969,279.2616271972656,286.028076171875,289.0255126953125,293.7405700683594,5785.79931640625,3107.387451171875,1490.906982421875,775.9498291015625,102.13842010498047,289.5010681152344,93.33511352539062,93.92375183105469,464.9891357421875,4180.0,0.0,0.0625,5784.22265625,3101.857177734375,1485.446533203125,770.2906494140625,106.1806640625,264.3058166503906,279.8996887207031,284.7803649902344,290.17413330078125,294.53509521484375,81.84690856933594,91.70415496826172,81.69918060302734,79.04747772216797,0.13731002807617188,0.21625137329101562,-0.072845458984375,290.39715576171875,286.9749755859375,101296.75,91742.90625,2.75,31.08709144592285,85.0,0.0,7620.0,32.0,32.0,209.0,90.0,93.0,97.0,97.0,100.0,52.0,53.0,56.0,57.0,9.0,0.0,283.16998291015625,283.3399963378906,100.0,8.0,14.0,16.200000762939453
2024-09-05T05:50,2024-09-05T06:00,1,train,0,2024,9,5,1,2024-09-05T05:00,6,2024-09-05T00:00,6,2024-09-05T00:00,1,2024-09-05T05:00,0,2024-09-05T06:00,1,2024-09-05T05:00,-999.0,0.0,0.0,0.0,0.0,nan,nan,nan,nan,nan,4.777021884918213,259.6165466308594,276.7960510253906,285.96826171875,289.3666687011719,293.0279846191406,5878.3916015625,3230.437744140625,1628.2613525390625,245.6764678955078,283.8457946777344,49.599998474121094,137.77670288085938,3900.132568359375,40100.0,0.0,0.0,20000.013671875,0.0,0.0,0.0,0.0,24135.17578125,0.0,0.0,259.8706970214844,276.9761657714844,285.8794250488281,289.60723876953125,290.4039306640625,5878.330078125,3229.68798828125,1626.1273193359375,911.05029296875,251.0347442626953,285.1786193847656,76.4000015258789,54.400001525878906,11.646142959594727,3873.760009765625,20000.009765625,0.0,0.0,0.0,24100.0,259.70001220703125,276.8999938964844,286.20001220703125,289.3999938964844,293.79998779296875,5886.29833984375,3233.951416015625,1627.0316162109375,912.399658203125,245.2848663330078,285.9800109863281,73.4000015258789,63.0,111.27999877929688,4043.828857421875,0.0,0.0,nan,0.0,0.0,0.0,0.0,33900.0,259.47186279296875,276.696533203125,286.0173645019531,289.62835693359375,292.2840576171875,5875.7705078125,3228.40869140625,1625.8040771484375,911.1664428710938,243.13963317871094,285.10687255859375,55.46392822265625,50.9282112121582,173.827880859375,3890.0341796875,0.0,0.0,5884.078125,3235.219482421875,1631.05615234375,916.71923828125,253.206787109375,259.66619873046875,276.720458984375,286.1469421386719,289.2080078125,293.6845703125,42.85294723510742,41.64265441894531,52.807613372802734,70.28363037109375,-0.0703582763671875,0.10687732696533203,0.3185386657714844,286.9094543457031,280.190673828125,103050.3125,93340.75,0.0,13.944572448730469,11.0,0.0,7620.0,88888.0,6784.0,16274.0,3.0,3.0,3.0,3.0,3.0,5.0,5.0,5.0,5.0,0.0,0.0,281.33001708984375,275.3500061035156,66.0,0.0,6.800000190734863,6.400000095367432
2024-09-05T05:50,2024-09-05T06:00,24,train,0,2024,9,5,24,2024-09-04T06:00,24,2024-09-04T06:00,24,2024-09-04T06:00,21,2024-09-04T09:00,24,2024-09-04T06:00,24,2024-09-04T06:00,-999.0,0.0,0.0,0.0,0.0,nan,nan,nan,nan,nan,4.411412715911865,259.1625061035156,275.9894714355469,285.5122375488281,289.9111328125,293.80975341796875,5868.3408203125,3229.199462890625,1630.53857421875,246.5642547607422,284.43634033203125,55.400001525878906,179.59095764160156,3737.92333984375,34400.0,0.0,0.0,20000.162109375,0.0,0.0,0.0,0.0,24134.810546875,0.0,0.0,259.36834716796875,276.41748046875,285.3729553222656,289.7855529785156,290.3719787597656,5868.638671875,3227.87548828125,1627.57421875,912.4552001953125,252.4693145751953,285.32562255859375,75.5,53.70000076293945,12.389139175415039,3762.719970703125,20000.14453125,0.0,0.0,0.0,24100.0,260.3999938964844,276.6000061035156,286.3999938964844,290.0,294.29998779296875,5880.2763671875,3232.533203125,1628.99267578125,913.4907836914062,246.6963348388672,285.760009765625,80.4000015258789,60.0,149.75999450683594,3849.119384765625,0.0,0.0,nan,0.0,0.0,0.0,0.0,32500.0,258.61956787109375,276.21173095703125,286.00457763671875,290.131591796875,293.52642822265625,5868.98779296875,3231.374755859375,1630.8798828125,915.506591796875,245.93124389648438,286.17041015625,57.041080474853516,48.22295379638672,147.86851501464844,3760.097900390625,0.0,0.0,5882.15625,3232.655517578125,1630.161865234375,915.535400390625,250.49755859375,259.77081298828125,276.8797607421875,285.4029846191406,290.1460266113281,294.61944580078125,36.76937484741211,56.5974235534668,52.8941650390625,71.63980102539062,0.14096546173095703,0.3159151077270508,0.41046810150146484,288.52581787109375,281.198974609375,103012.8125,93318.890625,0.0,14.602336883544922,10.0,0.0,7620.0,32.0,32.0,209.0,22.0,23.0,23.0,23.0,23.0,53.0,53.0,53.0,53.0,0.0,0.0,280.6399841308594,275.739990234375,72.0,0.0,6.400000095367432,6.0
2024-09-05T05:50,2024-09-05T06:00,48,train,0,2024,9,5,48,2024-09-03T06:00,48,2024-09-03T06:00,48,2024-09-03T06:00,45,2024-09-03T09:00,48,2024-09-03T06:00,48,2024-09-03T06:00,-999.0,0.0,0.0,0.0,0.0,nan,nan,nan,nan,nan,4.5810465812683105,259.12347412109375,275.18603515625,285.20947265625,289.7551574707031,293.71826171875,5865.5107421875,3232.30322265625,1635.7857666015625,253.22549438476562,284.42034912109375,59.099998474121094,211.38385009765625,3551.526611328125,31200.0,0.0,0.0,20000.0390625,0.0,0.0,0.0,0.0,24135.15234375,0.0,0.0,258.67510986328125,275.31219482421875,284.707275390625,289.25726318359375,289.89056396484375,5859.6005859375,3224.89208984375,1630.91650390625,917.042236328125,257.7776184082031,285.0,77.30000305175781,55.29999923706055,14.257987976074219,3634.719970703125,19999.98046875,0.0,0.0,0.0,24100.0,258.70001220703125,275.8999938964844,285.20001220703125,289.3999938964844,293.70001220703125,5858.21044921875,3226.7724609375,1628.3472900390625,914.5706787109375,247.07545471191406,286.0199890136719,67.0999984741211,64.0,111.27999877929688,3630.498779296875,0.0,0.0,nan,0.0,0.0,0.0,0.0,28100.0,257.9810791015625,275.34967041015625,284.98968505859375,289.2192687988281,292.640625,5860.630859375,3233.288330078125,1637.3282470703125,924.3526000976562,256.7795104980469,285.62677001953125,62.9045295715332,54.40549087524414,150.83621215820312,3580.590087890625,0.0,0.0,5867.83984375,3226.777587890625,1627.833740234375,913.6016845703125,248.745361328125,258.74774169921875,276.05328369140625,284.96435546875,290.04827880859375,294.4332580566406,48.17321014404297,61.25762176513672,53.238983154296875,70.81259155273438,0.23359107971191406,0.0733480453491211,0.3215312957763672,288.5200500488281,281.10675048828125,102993.4375,93302.6171875,0.0,16.511226654052734,9.0,,,88888.0,88888.0,4182.0,20.0,20.0,,23.0,,49.0,,49.0,49.0,0.0,0.0,280.5199890136719,276.19000244140625,75.0,0.0,6.0,5.599999904632568
2024-09-14T04:58,2024-09-14T05:00,1,train,0,2024,9,4,1,2024-09-14T04:00,5,2024-09-14T00:00,5,2024-09-14T00:00,1,2024-09-14T04:00,0,2024-09-14T06:00,1,2024-09-14T04:00,-999.0,0.0,0.0,0.0,0.0,nan,nan,nan,nan,nan,3.4184916019439697,261.091064453125,276.5911865234375,285.9470520019531,289.68560791015625,293.67584228515625,5848.423828125,3194.461669921875,1592.4320068359375,206.19078063964844,284.1885681152344,67.80000305175781,102.94369506835938,3893.3974609375,22300.0,0.0,0.0,19999.931640625,0.0,0.0,0.0,0.0,24134.919921875,0.0,0.0,261.34857177734375,276.62664794921875,285.8666687011719,289.8998718261719,291.325439453125,5848.009765625,3191.649658203125,1590.163330078125,872.8858032226562,211.4965057373047,286.3453674316406,88.5,68.80000305175781,17.037803649902344,3872.320068359375,20000.158203125,5.0,0.0,0.0,0.0,260.8999938964844,276.29998779296875,286.20001220703125,291.5,295.79998779296875,5849.357421875,3191.320556640625,1588.9805908203125,870.453857421875,203.7189483642578,284.70001220703125,99.69999694824219,63.0,312.6400146484375,4088.237548828125,0.0,0.125,nan,0.0,0.0,0.0,0.0,19900.0,261.0691223144531,276.2660827636719,285.84619140625,290.7704162597656,293.7527160644531,5842.03759765625,3187.482666015625,1586.747802734375,870.061279296875,198.77696228027344,286.557861328125,68.58924102783203,64.95980834960938,143.50918579101562,3840.78369140625,0.0,0.0,5853.15234375,3194.38427734375,1594.044189453125,877.859375,212.976806640625,261.5759582519531,275.55828857421875,286.03094482421875,290.12738037109375,294.7112121582031,43.762245178222656,53.09764862060547,72.70390319824219,85.08967590332031,0.16391849517822266,0.12077713012695312,0.3364124298095703,286.69476318359375,284.31976318359375,102569.0,92915.578125,0.0,14.233539581298828,9.0,0.0,7620.0,88888.0,6768.0,16209.0,0.0,0.0,0.0,1.0,9.0,12.0,12.0,13.0,15.0,23.0,0.0,282.2599792480469,278.239990234375,77.0,0.0,8.0,7.199999809265137
2024-09-14T04:58,2024-09-14T05:00,24,train,0,2024,9,4,23,2024-09-13T06:00,23,2024-09-13T06:00,23,2024-09-13T06:00,26,2024-09-13T03:00,24,2024-09-13T06:00,24,2024-09-13T05:00,-999.0,0.0,0.0,0.0,0.0,nan,nan,nan,nan,nan,2.7646067142486572,261.32403564453125,276.7086181640625,285.37518310546875,290.04083251953125,294.15435791015625,5842.00390625,3187.470458984375,1586.0347900390625,199.4996795654297,283.95721435546875,70.30000305175781,145.1662139892578,3865.490478515625,21100.0,0.0,0.0,19999.9296875,0.0,0.0,4.400000095367432,0.0,24134.9921875,0.0,0.0,260.9722595214844,276.8637390136719,286.0449523925781,290.24444580078125,291.7897033691406,5849.916015625,3191.434326171875,1589.414306640625,871.1009521484375,209.09649658203125,286.61468505859375,85.4000015258789,65.9000015258789,14.228645324707031,4140.64013671875,19999.888671875,30.0,0.0,0.0,0.0,261.20001220703125,276.5,286.3999938964844,289.0,293.3999938964844,5847.16650390625,3192.317138671875,1587.7620849609375,871.9063110351562,204.27081298828125,285.6300048828125,99.9000015258789,95.0,73.19999694824219,3856.444580078125,0.0,0.0625,nan,0.0,0.0,0.0,0.0,18300.0,261.18267822265625,276.8562316894531,285.29583740234375,289.88568115234375,293.456298828125,5847.0869140625,3191.4482421875,1589.8253173828125,874.5226440429688,203.39395141601562,286.5763854980469,73.0,74.10237121582031,230.2021026611328,3833.82861328125,0.0,0.0,5852.671875,3194.921142578125,1591.732421875,874.134033203125,209.1826171875,261.60186767578125,275.8521423339844,286.52239990234375,290.2381591796875,294.75164794921875,46.237125396728516,56.97745895385742,76.51560974121094,89.57994842529297,0.09518051147460938,0.08059501647949219,0.24013900756835938,286.20587158203125,284.76837158203125,102519.9375,92879.171875,5.5,15.73607349395752,13.0,0.0,7620.0,32.0,32.0,402.0,23.0,23.0,23.0,25.0,30.0,45.0,49.0,51.0,53.0,5.0,0.0,282.07000732421875,278.8999938964844,80.0,1.0,7.599999904632568,6.800000190734863
2024-09-14T04:58,2024-09-14T05:00,48,train,0,2024,9,4,47,2024-09-12T06:00,47,2024-09-12T06:00,47,2024-09-12T06:00,50,2024-09-12T03:00,48,2024-09-12T06:00,36,2024-09-12T17:00,-999.0,0.0,0.0,0.0,0.0,nan,nan,nan,nan,nan,2.77000093460083,261.652587890625,277.0912780761719,285.19879150390625,290.2711181640625,294.4884033203125,5845.306640625,3189.03369140625,1588.176025390625,200.57225036621094,284.2051086425781,70.9000015258789,317.5174255371094,3944.149658203125,21300.0,0.0,0.0,19999.951171875,0.0,0.0,2.9000000953674316,0.0,24134.935546875,0.0,0.0,261.431884765625,277.6346740722656,285.7446594238281,290.0446472167969,291.6566467285156,5849.33642578125,3186.979248046875,1586.2808837890625,868.8662719726562,207.18463134765625,286.34112548828125,82.69999694824219,63.79999923706055,13.647699356079102,4109.27978515625,20000.138671875,21.0,0.0,0.0,24100.0,261.6000061035156,277.70001220703125,286.5,292.20001220703125,296.6000061035156,5852.8935546875,3192.8193359375,1585.4725341796875,865.6416625976562,201.086669921875,286.7500305175781,88.19999694824219,57.0,500.9599914550781,3985.604248046875,0.0,0.0,nan,0.0,0.0,0.0,0.0,17300.0,261.9707946777344,276.84906005859375,285.0899353027344,289.1983337402344,293.006103515625,5846.896484375,3191.9560546875,1589.0245361328125,875.1162109375,204.6623077392578,286.31756591796875,75.34295654296875,78.12552642822266,265.7313232421875,3812.048095703125,0.0,0.0,5856.203125,3191.138671875,1586.129638671875,869.8414306640625,205.31103515625,261.8484191894531,276.98577880859375,285.81982421875,290.039306640625,294.64996337890625,18.9036922454834,70.37115478515625,76.18573760986328,88.66767120361328,0.17641544342041016,0.07913017272949219,0.16102027893066406,285.69873046875,284.32373046875,102472.9375,92827.0078125,0.0,14.167739868164062,13.0,0.0,7620.0,32.0,32.0,384.0,24.0,25.0,25.0,25.0,30.0,52.0,57.0,58.0,62.0,23.0,0.0,282.2200012207031,279.1099853515625,82.0,0.0,7.599999904632568,6.800000190734863
2024-09-22T10:54,2024-09-22T11:00,1,train,1,2024,9,10,1,2024-09-22T10:00,5,2024-09-22T06:00,5,2024-09-22T06:00,1,2024-09-22T10:00,0,2024-09-22T12:00,1,2024-09-22T10:00,-999.0,0.0,88.0,67.0,35.0,1343.8028564453125,1343.7625732421875,86700.0,86700.0,1465.34326171875,1.6974774599075317,260.09515380859375,275.94598388671875,279.9488525390625,283.2506408691406,287.3766174316406,5724.84814453125,3081.445068359375,1495.742431640625,132.98294067382812,278.8804626464844,98.5999984741211,238.43577575683594,3600.966064453125,900.0,0.0,0.0,4089.42041015625,3.0,99.0999984741211,100.0,0.0,24134.98046875,8.000000093488779e-07,0.0,261.2817687988281,274.41937255859375,279.73907470703125,281.84246826171875,285.8496398925781,5732.22021484375,3083.5859375,1502.9315185546875,805.328369140625,155.0814971923828,281.537109375,94.80000305175781,90.0999984741211,43.590057373046875,3366.239990234375,1196.681884765625,27.0,30.0,96.0,0.0,260.6000061035156,277.29998779296875,280.0,280.79998779296875,285.0,5742.0625,3094.232177734375,1505.0760498046875,811.701416015625,162.52577209472656,278.489990234375,99.5,100.0,181.1199951171875,3785.43994140625,9.999999747378752e-05,0.3125,2281.2158203125,39.0,100.0,66.0,7.0,14200.0,260.0636901855469,275.13458251953125,281.0963134765625,282.7921142578125,286.58563232421875,5731.931640625,3089.85205078125,1504.275390625,804.6526489257812,145.20278930664062,282.11468505859375,89.56999206542969,87.75706481933594,202.69873046875,3467.921875,0.0,0.0,5740.1328125,3092.150390625,1505.1962890625,808.7470703125,158.98779296875,260.9300231933594,276.3287048339844,278.9891662597656,282.33465576171875,286.6606140136719,35.304176330566406,71.86425018310547,90.08147430419922,93.17366790771484,-0.0014715194702148438,0.11632061004638672,0.16555118560791016,281.75421142578125,281.16046142578125,101922.0,92148.9296875,0.0,17.685497283935547,79.0,0.0,7620.0,2224.0,2024.0,16209.0,2.0,9.0,17.0,22.0,38.0,3.0,3.0,3.0,3.0,0.0,0.0,277.3799743652344,272.42999267578125,70.0,1.0,8.800000190734863,8.800000190734863
2024-09-22T10:54,2024-09-22T11:00,24,train,1,2024,9,10,23,2024-09-21T12:00,23,2024-09-21T12:00,23,2024-09-21T12:00,26,2024-09-21T09:00,24,2024-09-21T12:00,24,2024-09-21T11:00,-999.0,100.0,100.0,100.0,100.0,1343.749755859375,1343.7027587890625,42600.0,86800.0,11388.3994140625,1.3744083642959595,260.0234375,276.0625,278.8616943359375,282.116455078125,286.4298400878906,5729.0908203125,3089.179931640625,1507.552734375,148.4257354736328,278.31280517578125,100.0,336.68524169921875,3588.096923828125,100.0,0.0,1.4199999570846558,5355.3935546875,6.699999809265137,92.80000305175781,100.0,0.0,24135.072265625,0.0,0.0,260.2677307128906,276.14324951171875,278.6557312011719,281.86273193359375,285.674072265625,5729.05419921875,3085.47265625,1504.1993408203125,807.2464599609375,157.26937866210938,281.1685485839844,94.80000305175781,88.9000015258789,26.351259231567383,3631.52001953125,1196.8126220703125,57.0,69.0,66.0,100.0,260.29998779296875,276.0,279.70001220703125,281.5,285.70001220703125,5738.04150390625,3092.736328125,1505.66845703125,811.1228637695312,160.03216552734375,279.1099853515625,99.5999984741211,100.0,219.9199981689453,3491.01513671875,0.0,0.4375,7159.50537109375,12.0,100.0,99.0,12.0,14100.0,260.2351379394531,276.2520751953125,279.65740966796875,280.6293029785156,284.94940185546875,5733.52490234375,3090.791259765625,1506.8096923828125,812.9202270507812,154.79727172851562,280.27587890625,89.72885131835938,89.06390380859375,241.1234893798828,3651.907470703125,0.0,0.125,5735.2265625,3093.376708984375,1509.239990234375,812.8093872070312,162.62158203125,259.77935791015625,276.564697265625,278.56103515625,282.39385986328125,286.797607421875,21.218290328979492,87.79100036621094,86.77471923828125,84.69322967529297,0.11714458465576172,0.2525367736816406,0.035980224609375,282.7530517578125,280.9405517578125,101971.1875,92204.8828125,0.75,15.854899406433105,82.0,87.0,8568.0,32.0,32.0,209.0,44.0,44.0,45.0,48.0,59.0,52.0,52.0,52.0,52.0,0.0,0.0,276.7699890136719,273.239990234375,77.0,2.0,9.600000381469727,9.600000381469727
2024-09-22T10:54,2024-09-22T11:00,48,train,1,2024,9,10,47,2024-09-20T12:00,47,2024-09-20T12:00,47,2024-09-20T12:00,50,2024-09-20T09:00,48,2024-09-20T12:00,36,2024-09-20T23:00,-999.0,0.0,3.0,18.0,94.0,10874.638671875,6928.013671875,nan,42600.0,10985.6328125,3.092136859893799,259.373046875,275.97198486328125,278.1548156738281,280.76025390625,284.93682861328125,5734.2099609375,3094.995849609375,1515.84130859375,161.3530731201172,276.17291259765625,91.19999694824219,98.63727569580078,3632.551025390625,12900.0,0.0,0.14000000059604645,5583.55419921875,0.0,95.69999694824219,100.0,0.0,24134.84375,0.0,0.0,259.984619140625,276.0799865722656,279.1529541015625,282.0263366699219,285.9097595214844,5734.79833984375,3092.371337890625,1509.74609375,811.9219970703125,161.72975158691406,281.3999938964844,90.80000305175781,85.4000015258789,25.781530380249023,3669.280029296875,20000.00390625,25.0,32.0,27.0,24100.0,260.1000061035156,273.6000061035156,279.8999938964844,282.1000061035156,286.29998779296875,5729.11669921875,3098.05029296875,1513.7828369140625,818.3365478515625,169.3308563232422,279.2300109863281,62.0,61.0,70.87999725341797,3158.004638671875,0.0,0.0,5519.0615234375,18.0,45.0,98.0,18.0,13600.0,259.6363830566406,276.2763671875,278.71856689453125,279.8802185058594,284.13519287109375,5738.3642578125,3094.214599609375,1512.4912109375,820.1226196289062,163.2417755126953,278.9609375,90.12322998046875,90.10934448242188,181.63551330566406,3740.431884765625,0.0,0.0,5739.6875,3096.78857421875,1513.95751953125,818.4680786132812,168.408203125,260.3372802734375,276.4000244140625,277.57550048828125,282.35107421875,286.788330078125,8.449020385742188,93.48286437988281,85.33761596679688,84.0457763671875,-0.057618141174316406,0.1682758331298828,-0.15336990356445312,282.9168701171875,280.4481201171875,102045.0625,92264.5703125,0.5,13.354544639587402,85.0,93.0,8568.0,32.0,32.0,256.0,21.0,24.0,28.0,29.0,33.0,60.0,62.0,62.0,62.0,0.0,0.0,276.91998291015625,272.92999267578125,75.0,2.0,9.600000381469727,9.600000381469727
2024-09-30T15:53,2024-09-30T16:00,1,holdout_webcam,0,2024,9,15,1,2024-09-30T15:00,4,2024-09-30T12:00,4,2024-09-30T12:00,1,2024-09-30T15:00,3,2024-09-30T12:00,1,2024-09-30T15:00,-999.0,0.0,10.0,0.0,0.0,nan,1456.103271484375,nan,85900.0,nan,2.613382577896118,263.06048583984375,278.73046875,282.167724609375,287.3970947265625,291.92218017578125,5802.216796875,3122.095703125,1532.28369140625,153.22369384765625,285.0455627441406,84.5,586.9581298828125,4408.82470703125,17000.0,0.0,0.0,5809.84521484375,68.5,0.0,0.0,3.0,24134.818359375,6.799999937356915e-06,0.0625,263.4161376953125,278.7582092285156,283.055419921875,290.1959228515625,294.8094482421875,5801.75244140625,3120.181884765625,1530.880615234375,818.7891235351562,153.5878448486328,291.8020324707031,55.599998474121094,57.5,1499.784912109375,4385.43994140625,20000.162109375,17.0,0.0,0.0,24100.0,263.0,278.8999938964844,280.8999938964844,286.29998779296875,290.6000061035156,5805.6572265625,3124.71923828125,1533.39892578125,827.2308959960938,160.4532012939453,284.8800048828125,97.0,100.0,594.9600219726562,4417.4970703125,0.0,0.1875,nan,17.0,0.0,0.0,17.0,21400.0,263.09857177734375,278.51019287109375,282.71832275390625,287.2632751464844,292.173828125,5803.2099609375,3123.5927734375,1532.0379638671875,824.1279296875,155.1317901611328,289.4902648925781,76.02555847167969,80.4066390991211,670.6959228515625,4400.94970703125,0.0,0.0,5809.1875,3125.087890625,1535.47216796875,826.2030029296875,164.3330078125,263.2781982421875,278.4880065917969,282.366943359375,288.14483642578125,292.7679443359375,5.595563888549805,86.73686981201172,74.24640655517578,67.27728271484375,0.07030773162841797,-0.10521793365478516,-0.25461673736572266,290.234375,283.890625,101957.625,92342.796875,19.25,14.83425521850586,16.0,0.0,7620.0,824.0,432.0,465.0,27.0,31.0,33.0,41.0,44.0,28.0,37.0,47.0,49.0,14.0,0.0,281.94000244140625,278.22998046875,77.0,1.0,2.799999952316284,3.5999999046325684
2024-09-30T15:53,2024-09-30T16:00,24,holdout_webcam,0,2024,9,15,22,2024-09-29T18:00,22,2024-09-29T18:00,22,2024-09-29T18:00,25,2024-09-29T15:00,21,2024-09-29T18:00,24,2024-09-29T16:00,-999.0,0.0,2.0,0.0,0.0,nan,nan,nan,nan,nan,2.322692394256592,262.748779296875,278.5716552734375,282.02435302734375,287.98504638671875,292.5798645019531,5800.65771484375,3127.021484375,1535.850830078125,155.8455810546875,285.1565246582031,83.9000015258789,572.27392578125,4268.255859375,17500.0,0.0,0.0,19999.9140625,30.200000762939453,0.0,0.0,0.0,24134.865234375,1.6000000186977559e-06,0.0,262.68585205078125,279.0887451171875,283.0224914550781,290.15399169921875,294.8028869628906,5803.880859375,3125.707763671875,1535.2391357421875,823.3234252929688,158.16513061523438,291.9674377441406,53.79999923706055,56.0,1449.1346435546875,4322.39990234375,1197.089599609375,60.0,0.0,0.0,0.0,262.6000061035156,279.29998779296875,281.5,286.3999938964844,290.70001220703125,5801.70263671875,3123.05078125,1528.447998046875,821.9879150390625,159.02627563476562,284.6500244140625,99.0999984741211,100.0,440.0799865722656,4335.8173828125,0.0,0.25,nan,41.0,0.0,0.0,41.0,19144.94140625,262.97174072265625,278.6707763671875,280.96826171875,286.50885009765625,291.4776916503906,5800.296875,3124.085205078125,1533.534423828125,828.4780883789062,159.92202758789062,288.3576965332031,80.10350799560547,84.07998657226562,832.4044189453125,4308.66015625,0.0,0.0,5809.34375,3126.514892578125,1534.396240234375,825.2858276367188,163.1953125,263.4305725097656,278.3846740722656,282.33929443359375,288.2705383300781,292.8486022949219,5.564391136169434,86.57903289794922,72.75261688232422,66.01275634765625,0.036251068115234375,-0.17365360260009766,-0.2786531448364258,290.0655822753906,283.6905822753906,101945.1875,92323.109375,8.75,13.640631675720215,18.0,0.0,7620.0,32.0,32.0,402.0,21.0,23.0,26.0,30.0,34.0,34.0,35.0,35.0,36.0,7.0,0.0,281.79998779296875,277.239990234375,73.0,0.0,3.5999999046325684,4.0
2024-11-02T05:52,2024-11-02T06:00,1,train,0,2024,11,5,1,2024-11-02T05:00,6,2024-11-02T00:00,6,2024-11-02T00:00,1,2024-11-02T05:00,0,2024-11-02T06:00,1,2024-11-02T05:00,-999.0,0.0,44.0,0.0,4.0,nan,1342.613525390625,nan,86300.0,nan,12.221238136291504,257.7650146484375,268.5308837890625,273.573974609375,275.79559326171875,279.96185302734375,5612.44580078125,3011.8916015625,1468.50244140625,142.69252014160156,272.8708801269531,85.5,271.0374450683594,1266.800048828125,15800.0,0.0,0.0,1748.9830322265625,79.5,0.0,98.5,74.69999694824219,24134.884765625,0.0,0.0625,258.01995849609375,270.812744140625,271.4358825683594,275.61724853515625,279.79608154296875,5619.0126953125,3012.07421875,1474.203125,796.0029907226562,160.58084106445312,275.8124084472656,86.19999694824219,86.30000305175781,268.80224609375,1174.239990234375,19999.916015625,35.0,0.0,9.0,0.0,257.70001220703125,270.0,272.79998779296875,274.5,278.6000061035156,5617.36328125,3017.79052734375,1467.5035400390625,791.6124877929688,156.86138916015625,272.27996826171875,99.19999694824219,100.0,467.44000244140625,1048.0,9.999999747378752e-05,0.6875,839.5823364257812,100.0,0.0,13.0,100.0,6800.0,257.985595703125,268.54815673828125,272.5711975097656,274.2760314941406,278.8943176269531,5612.994140625,3011.37744140625,1471.8648681640625,794.828857421875,153.1484375,274.8370361328125,96.78334045410156,95.52338409423828,413.84033203125,950.0,0.0,0.0,5620.87890625,3020.976318359375,1475.728515625,798.8369140625,165.562255859375,257.76263427734375,269.9718017578125,272.2589111328125,275.0982360839844,279.4534912109375,44.58578872680664,90.05424499511719,85.64086151123047,79.58838653564453,-0.4341859817504883,0.8325738906860352,0.15215587615966797,275.10906982421875,273.0982971191406,102047.6875,92011.4921875,0.5,9.844112396240234,78.0,0.0,7620.0,0.0,0.0,256.0,76.0,85.0,88.0,88.0,88.0,72.0,72.0,72.0,72.0,0.0,0.0,269.8399963378906,267.15997314453125,81.0,1.0,20.0,20.100000381469727
2024-09-30T15:53,2024-09-30T16:00,48,holdout_webcam,0,2024,9,15,46,2024-09-28T18:00,46,2024-09-28T18:00,46,2024-09-28T18:00,49,2024-09-28T15:00,45,2024-09-28T18:00,36,2024-09-29T04:00,-999.0,22.0,26.0,0.0,0.0,nan,nan,nan,nan,nan,2.900611400604248,262.63092041015625,278.75244140625,281.8379821777344,287.70770263671875,292.3448486328125,5800.826171875,3127.4521484375,1538.305419921875,158.63658142089844,285.10125732421875,87.5,744.6300048828125,4281.54248046875,15600.0,0.0,0.0,5745.90380859375,87.5,0.0,0.0,30.700000762939453,24134.962890625,5.599999894911889e-06,0.0625,262.384033203125,278.7792053222656,282.3995056152344,289.3756408691406,293.93975830078125,5801.99267578125,3126.534912109375,1535.46826171875,824.746337890625,160.6190643310547,290.50128173828125,63.0,63.79999923706055,1184.7689208984375,4288.0,1197.162353515625,62.0,0.0,0.0,100.0,263.79998779296875,279.5,281.5,286.20001220703125,290.5,5807.56201171875,3120.085693359375,1527.2425537109375,821.1952514648438,164.56027221679688,284.69000244140625,97.9000015258789,100.0,348.55999755859375,4488.89697265625,0.0,0.125,nan,27.0,0.0,0.0,27.0,22504.265625,262.7014465332031,279.03662109375,280.34576416015625,285.9879150390625,291.0538330078125,5805.34912109375,3129.843017578125,1537.3309326171875,834.676513671875,167.35472106933594,288.0469970703125,73.25190734863281,74.89787292480469,809.2073364257812,4305.27685546875,0.0,0.0,5807.38671875,3122.587890625,1529.9228515625,821.1331787109375,159.279052734375,263.5418701171875,278.9678039550781,282.1675720214844,288.25927734375,292.79052734375,3.6458635330200195,85.73783874511719,71.71133422851562,65.49431610107422,-0.022299766540527344,-0.03781604766845703,-0.22411251068115234,290.05975341796875,283.77850341796875,101900.4375,92276.9375,13.75,12.723520278930664,18.0,0.0,7620.0,32.0,32.0,457.0,46.0,51.0,54.0,57.0,59.0,34.0,35.0,35.0,36.0,12.0,0.0,281.8999938964844,277.30999755859375,73.0,1.0,3.200000047683716,4.0
2024-11-18T00:51,2024-11-18T01:00,1,train,0,2024,11,0,1,2024-11-18T00:00,1,2024-11-18T00:00,1,2024-11-18T00:00,1,2024-11-18T00:00,0,2024-11-18T00:00,1,2024-11-18T00:00,-999.0,0.0,0.0,100.0,100.0,5263.1474609375,4965.373046875,30300.0,54700.0,9631.8310546875,8.66379165649414,256.7325439453125,275.20025634765625,281.1452331542969,281.421142578125,285.34844970703125,5639.1005859375,3019.84130859375,1433.4068603515625,77.54183959960938,277.95428466796875,24.399999618530273,122.7929916381836,3379.679931640625,73300.0,0.0,0.0,4695.54541015625,0.0,100.0,52.70000076293945,0.0,24135.25,0.0,0.0,257.3995056152344,274.59344482421875,281.48455810546875,277.39227294921875,281.46417236328125,5642.95703125,3024.62353515625,1437.714111328125,742.7838134765625,104.28534698486328,276.3750305175781,48.79999923706055,44.099998474121094,30.55841064453125,3216.0,5558.8203125,0.0,95.0,100.0,24100.0,257.5,275.3999938964844,283.1000061035156,283.6000061035156,287.79998779296875,5651.29443359375,3027.904052734375,1434.3170166015625,736.6757202148438,100.771484375,278.6700134277344,32.099998474121094,29.0,142.9600067138672,3315.52001953125,0.0,0.0,4607.9169921875,0.0,100.0,100.0,0.0,49600.0,256.86773681640625,274.6224060058594,281.0362548828125,279.93743896484375,282.7982482910156,5637.32568359375,3022.5205078125,1438.6998291015625,743.3977661132812,88.93340301513672,276.37445068359375,41.186607360839844,28.474727630615234,151.87684631347656,3260.0,0.0,0.0,5650.40234375,3032.139892578125,1443.1220703125,747.7609252929688,103.763671875,257.31793212890625,274.8416748046875,281.34649658203125,280.1767578125,284.29791259765625,22.045394897460938,19.03134536743164,33.24393081665039,46.913997650146484,-0.856572151184082,1.0731220245361328,0.6128139495849609,275.9090576171875,265.37445068359375,101207.375,91463.8046875,,8.643653869628906,84.0,0.0,7620.0,2896.0,2816.0,16274.0,0.0,0.0,0.0,3.0,17.0,5.0,5.0,5.0,7.0,0.0,0.0,273.71002197265625,260.78997802734375,37.0,0.0,10.0,8.899999618530273
2024-11-02T05:52,2024-11-02T06:00,24,train,0,2024,11,5,24,2024-11-01T06:00,24,2024-11-01T06:00,24,2024-11-01T06:00,21,2024-11-01T09:00,24,2024-11-01T06:00,24,2024-11-01T06:00,-999.0,0.0,2.0,0.0,86.0,nan,1342.3427734375,nan,86400.0,nan,11.01171875,256.98712158203125,268.8089294433594,271.81878662109375,274.1751708984375,278.3834228515625,5605.193359375,3010.2763671875,1470.185546875,149.0299072265625,272.084228515625,87.19999694824219,309.85076904296875,1143.8399658203125,15000.0,0.0,4.960000038146973,965.1793212890625,89.5999984741211,0.0,100.0,99.5999984741211,24135.314453125,3.2000000373955118e-06,0.0625,258.00341796875,270.1473388671875,270.05194091796875,274.6310119628906,278.7899169921875,5614.16455078125,3011.50439453125,1468.970458984375,794.7640380859375,161.74984741210938,274.96600341796875,86.80000305175781,87.5999984741211,512.654541015625,942.239990234375,19999.92578125,37.0,0.0,2.0,24100.0,257.20001220703125,270.1000061035156,272.5,271.79998779296875,275.79998779296875,5606.017578125,3007.767578125,1454.9906005859375,784.2692260742188,157.91653442382812,269.20001220703125,91.30000305175781,92.0,174.47999572753906,573.5999755859375,0.0,0.0625,895.9717407226562,100.0,0.0,100.0,100.0,9700.0,257.57012939453125,269.49951171875,270.7857666015625,271.8177795410156,276.3397521972656,5611.1982421875,3010.933349609375,1468.6192626953125,796.890869140625,157.29376220703125,272.38201904296875,95.0,94.89852142333984,388.68853759765625,650.0,0.0,7.875,5616.1953125,3016.00390625,1473.75732421875,797.748291015625,165.657958984375,257.6250915527344,269.0047607421875,271.64947509765625,274.664794921875,278.88397216796875,51.91932678222656,87.3741683959961,86.06083679199219,83.02483367919922,-0.30087757110595703,0.6313209533691406,0.14091777801513672,274.6587219238281,272.7480163574219,102052.4375,91996.1875,0.25,9.871047973632812,90.0,0.0,7620.0,0.0,0.0,209.0,96.0,100.0,100.0,100.0,100.0,50.0,51.0,51.0,51.0,1.0,0.0,269.70001220703125,266.52996826171875,80.0,4.0,23.600000381469727,23.799999237060547
2024-11-02T05:52,2024-11-02T06:00,48,train,0,2024,11,5,48,2024-10-31T06:00,48,2024-10-31T06:00,48,2024-10-31T06:00,45,2024-10-31T09:00,48,2024-10-31T06:00,48,2024-10-31T06:00,-999.0,0.0,4.0,0.0,0.0,nan,1342.1123046875,nan,86400.0,nan,12.17747688293457,254.89443969726562,269.1493835449219,270.46160888671875,272.256591796875,276.418701171875,5595.8515625,3007.42333984375,1467.66650390625,153.20004272460938,270.23028564453125,87.80000305175781,306.558837890625,858.239990234375,15100.0,0.0,7.929999828338623,1084.96240234375,70.0,43.29999923706055,100.0,100.0,16216.376953125,7.199999799922807e-06,0.25,257.1546936035156,270.9086608886719,267.6924133300781,273.4205627441406,277.6152038574219,5615.798828125,3009.74267578125,1473.6441650390625,803.3865356445312,173.2295379638672,273.868408203125,83.0,83.30000305175781,727.8466186523438,823.0399780273438,20000.181640625,47.0,0.0,1.0,0.0,256.0,271.0,268.8999938964844,270.29998779296875,274.29998779296875,5604.8154296875,3008.77880859375,1452.7506103515625,787.581298828125,158.3717498779297,268.1999816894531,98.5999984741211,100.0,327.2799987792969,420.0,0.0,0.875,894.5036010742188,100.0,0.0,0.0,100.0,10300.0,254.3039093017578,268.2020263671875,267.78924560546875,271.2580871582031,275.8279113769531,5584.0517578125,3003.19384765625,1479.05126953125,811.5462036132812,174.5530548095703,271.98175048828125,92.43385314941406,93.64712524414062,509.516357421875,580.0,0.0,1.1875,5626.78515625,3021.037841796875,1465.194091796875,788.616455078125,155.64501953125,258.0660400390625,270.86505126953125,271.7970886230469,275.0919189453125,279.3584289550781,42.40080261230469,88.27478790283203,82.95539093017578,78.07646179199219,-0.3797435760498047,1.1658964157104492,0.2605905532836914,275.0491638183594,272.6241760253906,101915.3125,91885.9765625,0.125,9.25898551940918,85.0,,,88.0,32.0,9856.0,94.0,94.0,,95.0,,56.0,,56.0,56.0,3.0,0.0,268.260009765625,265.1000061035156,78.0,23.0,30.0,31.100000381469727
2024-11-18T00:51,2024-11-18T01:00,24,train,0,2024,11,0,25,2024-11-17T00:00,25,2024-11-17T00:00,25,2024-11-17T00:00,22,2024-11-17T03:00,24,2024-11-17T00:00,24,2024-11-17T01:00,-999.0,0.0,0.0,100.0,100.0,5950.8125,4407.12939453125,42400.0,58800.0,7274.9150390625,5.234741687774658,256.69647216796875,273.4543151855469,281.3201904296875,281.0188903808594,284.9332275390625,5630.41015625,3021.632080078125,1439.7950439453125,88.60446166992188,278.1513977050781,25.5,87.90650177001953,3101.43994140625,71300.0,0.0,0.0,4628.0009765625,0.0,100.0,96.5999984741211,0.0,24134.84375,0.0,0.0,257.8172912597656,274.4401550292969,280.4712829589844,276.134521484375,280.1283264160156,5639.0654296875,3024.9775390625,1442.39453125,749.8856811523438,114.39368438720703,275.3808288574219,52.79999923706055,48.79999923706055,55.42323303222656,3232.159912109375,5159.912109375,5.0,92.0,79.0,24100.0,259.5,273.8999938964844,282.8999938964844,283.8999938964844,288.20001220703125,5639.68017578125,3026.29541015625,1438.313720703125,740.17919921875,107.70601654052734,279.1099853515625,18.799999237060547,17.0,143.1199951171875,3138.39990234375,0.0,0.0,5171.203125,0.0,100.0,100.0,0.0,49100.0,256.69744873046875,273.2403564453125,281.7830505371094,279.9638366699219,282.490966796875,5637.8212890625,3028.099853515625,1446.602294921875,749.7914428710938,98.03359985351562,275.68048095703125,41.990020751953125,28.357481002807617,90.98223876953125,3070.0,0.0,0.0,5645.6328125,3030.64404296875,1445.1640625,752.7655639648438,110.926513671875,257.42205810546875,274.6369323730469,279.7335205078125,279.2727355957031,283.5052185058594,26.764062881469727,24.66456413269043,38.783592224121094,54.44670867919922,-0.29001712799072266,0.8441982269287109,0.5066232681274414,274.7525634765625,266.27459716796875,101303.625,91507.59375,,8.961965560913086,74.0,0.0,7620.0,5608.0,4280.0,465.0,0.0,1.0,3.0,7.0,14.0,46.0,46.0,46.0,46.0,0.0,0.0,272.95001220703125,262.010009765625,42.0,0.0,12.0,11.300000190734863
2024-12-01T22:51,2024-12-01T23:00,1,train,0,2024,12,22,1,2024-12-01T22:00,5,2024-12-01T18:00,5,2024-12-01T18:00,1,2024-12-01T22:00,0,2024-12-02T00:00,1,2024-12-01T22:00,-999.0,0.0,100.0,100.0,0.0,nan,1341.0911865234375,nan,85500.0,nan,7.346733093261719,235.97683715820312,251.97999572753906,261.87164306640625,266.5706787109375,270.5735168457031,5246.0361328125,2847.62548828125,1386.75537109375,119.82547760009766,260.3313293457031,80.30000305175781,224.17562866210938,0.0,12900.0,0.0,0.014000000432133675,19967.3671875,42.599998474121094,87.30000305175781,0.0,65.30000305175781,7679.93994140625,1.6000000186977559e-06,0.3125,235.4722137451172,251.82241821289062,261.74053955078125,264.2630920410156,268.1944580078125,5243.97021484375,2847.410400390625,1386.6370849609375,733.3674926757812,125.1612777709961,263.677978515625,95.19999694824219,94.0999984741211,42.84843826293945,0.0,19999.974609375,18.0,17.0,0.0,0.0,235.60000610351562,252.6999969482422,260.8999938964844,265.1000061035156,269.1000061035156,5252.6259765625,2848.7158203125,1388.4915771484375,736.9620361328125,118.81012725830078,263.0199890136719,97.0,100.0,357.760009765625,0.0,0.00019999999494757503,0.0625,nan,41.0,96.0,0.0,20.0,16100.0,235.67916870117188,251.632080078125,261.6181640625,267.02630615234375,271.36712646484375,5251.150390625,2854.161376953125,1395.6112060546875,741.0657958984375,127.47537231445312,263.883544921875,69.1185302734375,78.74090576171875,615.025634765625,0.0,0.0,0.0,5247.23828125,2854.13037109375,1390.557373046875,734.9005737304688,121.134765625,236.1278533935547,251.84622192382812,262.26715087890625,266.8915100097656,271.1643371582031,77.46640014648438,84.98419952392578,84.42160034179688,91.58138275146484,0.11591053009033203,0.7268190383911133,0.5774116516113281,260.9306640625,260.07745361328125,101552.25,91270.03125,,3.705116033554077,72.0,0.0,7620.0,0.0,0.0,209.0,52.0,70.0,80.0,82.0,87.0,64.0,64.0,64.0,64.0,1.0,0.0,258.8599853515625,257.65997314453125,91.0,1.0,10.0,9.5
2024-11-18T00:51,2024-11-18T01:00,48,train,0,2024,11,0,43,2024-11-16T06:00,49,2024-11-16T00:00,49,2024-11-16T00:00,46,2024-11-16T03:00,48,2024-11-16T00:00,36,2024-11-16T13:00,-999.0,0.0,0.0,100.0,100.0,5816.8720703125,4971.5615234375,37000.0,54700.0,8569.5068359375,6.679731369018555,255.952880859375,274.2796630859375,280.27325439453125,279.74896240234375,283.5789794921875,5639.15673828125,3027.515625,1445.92626953125,96.17237854003906,277.36865234375,33.29999923706055,145.8596649169922,3232.9599609375,59300.0,0.0,0.0,4539.87744140625,0.0,98.4000015258789,61.29999923706055,0.0,24134.685546875,0.0,0.0,258.0602111816406,275.4844055175781,279.63507080078125,274.4716491699219,278.4717712402344,5646.501953125,3024.42626953125,1441.5823974609375,752.385498046875,120.14762878417969,273.8143310546875,88.5,85.4000015258789,58.68595886230469,3363.0400390625,19999.943359375,11.0,28.0,44.0,24100.0,257.79998779296875,275.8999938964844,281.29998779296875,283.70001220703125,287.8999938964844,5651.0849609375,3027.0927734375,1441.0364990234375,743.5804443359375,114.34295654296875,279.6199951171875,26.700000762939453,23.0,143.1999969482422,3345.43994140625,0.0,0.0,8572.3525390625,3.0,100.0,100.0,3.0,17500.0,256.25537109375,274.58990478515625,281.1861572265625,277.6319580078125,279.9173583984375,5641.0439453125,3029.06884765625,1445.6416015625,751.3748779296875,101.31330871582031,273.9110412597656,81.17449951171875,64.39913177490234,128.685791015625,3260.0,0.0,0.0,5651.92578125,3025.978759765625,1439.75537109375,746.5708618164062,105.347412109375,257.99530029296875,274.86102294921875,280.7703552246094,278.73614501953125,283.2886962890625,20.66050910949707,18.6030216217041,49.1988639831543,64.0053939819336,-0.1795482635498047,0.08453559875488281,0.3190460205078125,273.64520263671875,267.98394775390625,101218.375,91446.828125,,8.233818054199219,63.0,0.0,7620.0,32.0,32.0,256.0,10.0,10.0,10.0,11.0,15.0,55.0,55.0,55.0,56.0,0.0,0.0,271.9800109863281,263.1399841308594,50.0,0.0,11.199999809265137,10.100000381469727
2024-12-01T22:51,2024-12-01T23:00,24,train,0,2024,12,22,23,2024-12-01T00:00,23,2024-12-01T00:00,23,2024-12-01T00:00,26,2024-11-30T21:00,24,2024-12-01T00:00,24,2024-11-30T23:00,-999.0,0.0,100.0,14.0,0.0,1385.37451171875,1340.99951171875,84200.0,85500.0,1562.2354736328125,6.241929531097412,236.58299255371094,251.96694946289062,261.481689453125,265.9432067871094,269.8984069824219,5243.53515625,2841.929443359375,1382.1519775390625,117.04052734375,261.2227783203125,89.0,248.58407592773438,0.0,600.0,0.0,0.25999999046325684,19999.953125,43.20000076293945,73.0,0.0,62.20000076293945,12191.330078125,0.0,0.5625,235.5720672607422,251.89971923828125,261.6860046386719,264.0466613769531,267.9834289550781,5247.91455078125,2846.77197265625,1386.3892822265625,733.1740112304688,125.48712158203125,263.4316101074219,96.0,94.9000015258789,37.40666580200195,0.0,20000.1328125,19.0,8.0,0.0,8800.0,235.8000030517578,252.39999389648438,260.70001220703125,265.3999938964844,269.3999938964844,5247.60986328125,2843.217529296875,1382.0633544921875,730.0081787109375,111.51463317871094,263.010009765625,95.30000305175781,100.0,444.79998779296875,0.0,0.0,0.375,1194.8074951171875,100.0,58.0,0.0,100.0,16011.8935546875,236.8094024658203,251.54299926757812,260.7370910644531,265.661376953125,269.8677673339844,5241.744140625,2840.611572265625,1382.1627197265625,730.5211181640625,118.80877685546875,264.9029846191406,84.37333679199219,83.15941619873047,521.6994018554688,0.0,0.0,0.3125,5248.2421875,2849.05615234375,1385.077392578125,730.6925659179688,118.501708984375,236.35012817382812,251.95504760742188,262.13525390625,266.10302734375,270.3558349609375,83.99652099609375,88.41532897949219,80.9217529296875,89.82743835449219,-0.3952150344848633,0.6479005813598633,0.5702743530273438,260.133544921875,258.68902587890625,101526.125,91219.859375,,3.848267078399658,54.0,0.0,7620.0,32.0,32.0,209.0,77.0,83.0,85.0,88.0,89.0,56.0,56.0,57.0,57.0,1.0,0.0,258.53997802734375,257.1600036621094,89.0,2.0,10.0,9.800000190734863
2024-12-01T22:51,2024-12-01T23:00,48,train,0,2024,12,22,47,2024-11-30T00:00,47,2024-11-30T00:00,47,2024-11-30T00:00,50,2024-11-29T21:00,48,2024-11-30T00:00,36,2024-11-30T11:00,-999.0,0.0,6.0,49.0,0.0,nan,1340.917724609375,nan,85500.0,nan,6.4468231201171875,236.70875549316406,251.7647247314453,260.56292724609375,265.5108337402344,269.5702209472656,5244.369140625,2838.03955078125,1383.4810791015625,120.2716293334961,259.781982421875,78.69999694824219,344.9319763183594,0.0,15400.0,0.0,0.05000000074505806,20000.00390625,53.5,5.0,0.0,16.799999237060547,8821.0927734375,8.000000093488779e-07,0.0625,236.4743194580078,251.96434020996094,262.1942138671875,264.80877685546875,268.7296142578125,5261.80029296875,2853.674072265625,1392.462158203125,737.7710571289062,128.3472442626953,264.2163391113281,95.80000305175781,94.69999694824219,33.7329216003418,0.0,20000.125,4.0,1.0,0.0,24100.0,236.8000030517578,253.3000030517578,261.20001220703125,265.5,269.5,5259.9541015625,2845.998779296875,1384.4007568359375,732.0048217773438,112.25691223144531,262.32000732421875,85.69999694824219,88.0,240.63999938964844,0.0,0.0,0.0,1371.1851806640625,100.0,30.0,0.0,100.0,16604.369140625,236.60232543945312,250.64842224121094,259.73388671875,265.6260070800781,269.8340759277344,5238.203125,2834.8818359375,1384.28662109375,733.4640502929688,122.85649108886719,264.9165344238281,83.0,79.91954803466797,818.0601196289062,0.0,0.0,0.5,5255.0234375,2854.136962890625,1387.721435546875,732.4884033203125,119.474853515625,236.02243041992188,253.4098663330078,262.287841796875,266.505126953125,270.7204284667969,48.1225471496582,91.33847045898438,81.38667297363281,89.85149383544922,-0.093109130859375,0.6172103881835938,0.4851713180541992,261.2442626953125,259.85504150390625,101538.0,91234.90625,,3.6175506114959717,55.0,0.0,7620.0,32.0,32.0,201.0,61.0,67.0,72.0,80.0,95.0,50.0,50.0,50.0,50.0,0.0,0.0,258.8800048828125,257.32000732421875,88.0,2.0,9.199999809265137,8.600000381469727
2024-12-21T12:55,2024-12-21T13:00,1,train,0,2024,12,12,1,2024-12-21T12:00,1,2024-12-21T12:00,1,2024-12-21T12:00,1,2024-12-21T12:00,0,2024-12-21T12:00,1,2024-12-21T12:00,-999.0,0.0,7.0,100.0,0.0,1340.873291015625,1340.459228515625,nan,85000.0,1355.2369384765625,8.288385391235352,241.24221801757812,255.0909881591797,259.17083740234375,261.6201477050781,265.5625,5261.810546875,2817.847900390625,1353.988525390625,95.67111206054688,258.34716796875,81.5999984741211,208.13685607910156,0.0,16700.0,0.0,0.026000000536441803,833.1280517578125,100.0,100.0,0.0,99.9000015258789,922.7681274414062,1.9999999494757503e-05,0.0625,240.73191833496094,255.12078857421875,258.3447265625,262.5033264160156,266.430908203125,5251.388671875,2807.538330078125,1346.7801513671875,703.20068359375,99.16006469726562,262.2039489746094,87.0999984741211,86.30000305175781,447.1502990722656,0.0,3337.609619140625,57.0,70.0,0.0,24100.0,241.3000030517578,255.3000030517578,257.20001220703125,259.70001220703125,263.6000061035156,5258.62646484375,2811.101806640625,1347.5159912109375,708.962158203125,103.4288101196289,257.1300048828125,88.30000305175781,93.0,272.0,0.0,0.0,0.0625,792.9976196289062,100.0,100.0,0.0,100.0,2000.0,240.9285125732422,254.60525512695312,259.437255859375,260.9999694824219,265.0301513671875,5268.63525390625,2823.354248046875,1361.746337890625,717.3076782226562,107.33137512207031,260.62420654296875,86.28727722167969,84.27449798583984,336.3250427246094,0.0,2.9999999242136255e-05,0.125,5260.80859375,2814.386962890625,1347.810546875,704.1494140625,104.55615234375,241.47634887695312,254.71810913085938,259.6304016113281,260.82733154296875,264.7418518066406,96.94758605957031,85.29009246826172,95.7885971069336,96.14664459228516,-0.1963958740234375,0.783329963684082,0.7443857192993164,259.9014892578125,258.398193359375,101363.5625,90862.1875,,4.22819185256958,95.0,0.0,7620.0,0.0,0.0,209.0,27.0,29.0,31.0,31.0,34.0,69.0,69.0,69.0,69.0,0.0,0.0,256.25,253.6199951171875,81.0,4.0,23.200000762939453,23.399999618530273
2024-12-21T12:55,2024-12-21T13:00,24,train,0,2024,12,12,25,2024-12-20T12:00,25,2024-12-20T12:00,25,2024-12-20T12:00,22,2024-12-20T15:00,24,2024-12-20T12:00,24,2024-12-20T13:00,-999.0,0.0,100.0,100.0,0.0,3724.542236328125,1340.6123046875,nan,85000.0,4234.35986328125,6.350227355957031,241.5176239013672,254.43905639648438,259.159423828125,261.8642578125,265.8441162109375,5263.1708984375,2819.382568359375,1356.465087890625,97.84317016601562,258.8773498535156,84.0,250.39328002929688,0.0,15700.0,0.0,0.23000000417232513,784.656005859375,75.0,100.0,0.0,100.0,569.7001953125,2.320000021427404e-05,0.0625,241.27386474609375,255.33026123046875,259.4239501953125,263.44891357421875,267.385009765625,5253.74267578125,2803.83251953125,1340.7154541015625,694.40234375,88.13981628417969,263.05328369140625,89.5999984741211,88.80000305175781,407.7542724609375,0.0,1736.3260498046875,90.0,89.0,0.0,2400.0,242.5,256.0,257.29998779296875,261.6000061035156,265.6000061035156,5250.43505859375,2792.922607421875,1328.91455078125,686.3369750976562,79.87434387207031,259.0,79.80000305175781,83.0,531.52001953125,0.0,9.999999747378752e-05,0.4375,nan,100.0,100.0,0.0,83.0,14700.0,241.3214111328125,254.67543029785156,259.74176025390625,260.77264404296875,264.7755432128906,5260.6279296875,2816.314453125,1352.051513671875,707.8013305664062,97.17245483398438,259.90802001953125,85.97189331054688,83.81620788574219,273.953369140625,0.0,0.0,0.8125,5261.92578125,2810.921630859375,1343.955322265625,700.2017822265625,99.89794921875,241.88197326660156,255.0836181640625,259.4560546875,261.1997985839844,265.0276184082031,91.68158721923828,89.56889343261719,95.35858917236328,96.78026580810547,-0.310882568359375,1.0099449157714844,0.5229406356811523,260.176025390625,258.766845703125,101294.0,90815.0625,,4.288175582885742,93.0,0.0,7620.0,0.0,0.0,0.0,68.0,73.0,81.0,82.0,83.0,63.0,63.0,64.0,69.0,0.0,0.0,257.3899841308594,255.239990234375,84.0,10.0,19.600000381469727,19.799999237060547
2025-01-07T13:51,2025-01-07T14:00,1,train,0,2025,1,13,1,2025-01-07T13:00,2,2025-01-07T12:00,2,2025-01-07T12:00,1,2025-01-07T13:00,3,2025-01-07T12:00,1,2025-01-07T13:00,-999.0,0.0,100.0,0.0,0.0,1340.26171875,1339.90869140625,81500.0,84000.0,1754.867919921875,14.99860954284668,241.78509521484375,255.30238342285156,257.2684020996094,260.18328857421875,264.12939453125,5137.9326171875,2696.586181640625,1234.1671142578125,-21.42168426513672,254.44874572753906,83.4000015258789,303.9975280761719,0.0,1800.0,0.0,0.23170000314712524,784.477783203125,78.0999984741211,0.0,0.0,100.0,334.6656799316406,4.600000102072954e-05,0.25,243.57696533203125,255.4320068359375,254.59674072265625,259.8393859863281,263.72412109375,5145.76513671875,2696.34228515625,1239.3328857421875,602.7763671875,4.985718727111816,258.9059143066406,86.30000305175781,86.0,627.2653198242188,0.0,19999.80859375,68.0,20.0,0.0,2300.0,243.1999969482422,255.60000610351562,251.60000610351562,255.6999969482422,259.5,5151.466796875,2701.978271484375,1239.4671630859375,611.6502075195312,11.720718383789062,252.50999450683594,87.0999984741211,92.0,302.32000732421875,0.0,9.999999747378752e-05,0.8125,792.778564453125,97.0,9.0,0.0,97.0,500.0,242.8494873046875,254.5377960205078,257.7093811035156,260.0450439453125,264.00396728515625,5148.2265625,2706.8671875,1243.1331787109375,603.2069091796875,-8.500801086425781,258.6588134765625,84.38553619384766,80.5564193725586,412.5556945800781,0.0,7.999999797903001e-05,0.375,5163.4921875,2710.181884765625,1241.539306640625,603.131591796875,6.149658203125,242.6063232421875,256.31475830078125,257.07720947265625,259.67681884765625,263.52862548828125,88.76734924316406,87.42990112304688,89.96839141845703,88.7037582397461,0.3677186965942383,3.28554630279541,0.9791555404663086,258.2986755371094,256.0303039550781,100101.0625,89653.7421875,,3.253307342529297,86.0,0.0,7620.0,0.0,0.0,209.0,75.0,89.0,91.0,94.0,96.0,74.0,75.0,77.0,81.0,0.0,0.0,252.3699951171875,251.3300018310547,89.0,16.0,37.599998474121094,39.599998474121094
2024-12-21T12:55,2024-12-21T13:00,48,train,0,2024,12,12,43,2024-12-19T18:00,49,2024-12-19T12:00,49,2024-12-19T12:00,46,2024-12-19T15:00,48,2024-12-19T12:00,36,2024-12-20T01:00,-999.0,0.0,100.0,100.0,0.0,4538.263671875,1341.02880859375,45400.0,85400.0,6787.69873046875,5.314401149749756,240.8576202392578,253.74942016601562,260.75079345703125,263.81072998046875,267.70135498046875,5272.634765625,2833.7802734375,1369.831787109375,107.29791259765625,260.7623291015625,87.0,203.4083709716797,0.0,13400.0,0.0,4.230000019073486,784.6402587890625,75.30000305175781,99.69999694824219,0.6000000238418579,95.4000015258789,603.50146484375,2.2399999579647556e-05,0.0625,241.76641845703125,255.8349151611328,261.1349182128906,264.3749084472656,268.3253173828125,5276.4091796875,2822.391357421875,1354.12353515625,704.205810546875,95.72712707519531,263.9521179199219,92.5999984741211,92.0,267.107666015625,0.0,20000.03515625,12.0,11.0,0.0,24100.0,242.8000030517578,257.0,258.3999938964844,261.8999938964844,265.79998779296875,5294.22509765625,2826.283203125,1355.2896728515625,711.6849975585938,102.95622253417969,259.05999755859375,83.5999984741211,85.0,312.1600036621094,0.0,0.0,0.0,3345.225830078125,81.0,100.0,0.0,37.0,14200.0,240.18362426757812,254.53236389160156,259.998291015625,260.7386474609375,264.2943115234375,5272.7978515625,2830.41943359375,1367.967529296875,722.97705078125,113.86676025390625,258.6081848144531,78.74211883544922,82.48567199707031,159.83154296875,0.0,0.0,1.625,5269.7265625,2814.4609375,1347.646728515625,703.497314453125,104.069580078125,242.3696746826172,255.1958770751953,259.55804443359375,260.779541015625,264.7493896484375,93.11862182617188,85.88975524902344,90.40934753417969,97.30059814453125,-0.052520751953125,0.6710195541381836,0.5777721405029297,257.1578674316406,255.42625427246094,101343.8125,90850.7421875,,4.272495746612549,92.0,0.0,7620.0,0.0,0.0,0.0,89.0,90.0,90.0,90.0,90.0,68.0,68.0,68.0,74.0,1.0,0.0,257.25,254.4099884033203,80.0,12.0,19.600000381469727,20.100000381469727
2025-01-07T13:51,2025-01-07T14:00,24,train,0,2025,1,13,26,2025-01-06T12:00,26,2025-01-06T12:00,26,2025-01-06T12:00,23,2025-01-06T15:00,21,2025-01-06T18:00,24,2025-01-06T14:00,-999.0,0.0,100.0,69.0,0.0,nan,1339.9322509765625,70100.0,83800.0,nan,15.322178840637207,242.3775634765625,255.8232421875,257.7797546386719,260.40802001953125,264.31536865234375,5142.28125,2697.178955078125,1232.4166259765625,-23.73528289794922,254.83062744140625,83.5,299.64208984375,0.0,2300.0,9.999999747378752e-05,1.0499999523162842,784.6825561523438,76.5999984741211,0.0,0.0,99.69999694824219,476.58831787109375,2.680000034160912e-05,0.1875,243.87181091308594,254.87403869628906,254.99774169921875,260.1396179199219,264.0296936035156,5147.365234375,2693.19580078125,1238.209228515625,600.8860473632812,2.39634370803833,259.20654296875,85.19999694824219,85.0999984741211,584.7141723632812,0.0,19999.943359375,87.0,44.0,0.0,2200.0,244.10000610351562,255.8000030517578,251.6999969482422,255.8000030517578,259.6000061035156,5158.62158203125,2708.772216796875,1239.6361083984375,611.6331787109375,10.411687850952148,252.5500030517578,77.69999694824219,82.0,229.67999267578125,0.0,9.999999747378752e-05,1.0,1013.6543579101562,100.0,75.0,0.0,100.0,2500.0,243.1362762451172,255.09327697753906,257.275634765625,259.9453125,263.9269714355469,5142.3046875,2699.933349609375,1235.7652587890625,596.2032470703125,-16.827056884765625,258.473388671875,86.2509765625,82.64888000488281,431.4932861328125,0.0,7.999999797903001e-05,1.0625,5154.8515625,2704.451416015625,1239.30712890625,600.34619140625,3.093994140625,243.8760528564453,254.79859924316406,257.35430908203125,259.8182067871094,263.6883544921875,80.33928680419922,87.06681060791016,89.41371154785156,87.11532592773438,0.9080123901367188,3.226668357849121,0.9442014694213867,258.4544677734375,256.07647705078125,100058.6875,89623.171875,,2.8052968978881836,77.0,0.0,7620.0,0.0,0.0,209.0,75.0,77.0,83.0,83.0,83.0,53.0,53.0,54.0,57.0,0.0,0.0,253.48001098632812,251.3599853515625,83.0,10.0,36.0,37.599998474121094
2025-01-23T20:54,2025-01-23T21:00,48,train,0,2025,1,20,45,2025-01-22T00:00,45,2025-01-22T00:00,45,2025-01-22T00:00,48,2025-01-21T21:00,45,2025-01-22T00:00,45,2025-01-22T00:00,-999.0,0.0,0.0,100.0,0.0,4567.419921875,4161.0322265625,nan,58700.0,5718.98486328125,7.449406147003174,238.70559692382812,253.67713928222656,260.13946533203125,264.2197265625,268.1738586425781,5283.72412109375,2856.8857421875,1396.607666015625,134.88052368164062,259.6636657714844,46.0,266.2536926269531,0.0,43900.0,0.0,0.5699999928474426,3868.2978515625,46.0,100.0,0.0,100.0,16778.373046875,8.000000093488779e-07,0.125,237.85781860351562,253.0220489501953,259.20635986328125,262.66650390625,266.5957336425781,5278.09228515625,2856.1357421875,1399.3074951171875,753.9777221679688,149.54550170898438,262.5054626464844,91.19999694824219,89.30000305175781,249.9394989013672,0.0,1644.5208740234375,25.0,84.0,0.0,6200.0,238.10000610351562,254.5,259.29998779296875,262.3999938964844,266.29998779296875,5272.06396484375,2843.492431640625,1380.1422119140625,735.3666381835938,125.5859375,259.7799987792969,59.70000076293945,56.0,397.3599853515625,0.0,0.0,0.125,4387.3681640625,0.0,100.0,0.0,0.0,29600.0,238.3341522216797,253.33212280273438,259.1925354003906,263.3326416015625,267.5920715332031,5278.7939453125,2851.2734375,1393.745849609375,747.8248901367188,138.02146911621094,262.95843505859375,62.033390045166016,58.25489807128906,524.6073608398438,0.0,0.0,0.8125,5292.00390625,2861.093017578125,1398.911865234375,753.0072631835938,148.968505859375,238.90736389160156,253.8390655517578,259.9209899902344,262.52227783203125,266.5942687988281,33.83940124511719,54.153228759765625,62.72177505493164,61.89171600341797,0.444488525390625,0.15311145782470703,0.02585124969482422,261.8706970214844,255.7975311279297,101935.0625,91468.53125,,2.3018064498901367,76.0,,,2568.0,1200.0,9088.0,25.0,31.0,,38.0,,57.0,,57.0,57.0,0.0,0.0,256.1100158691406,251.51998901367188,67.0,0.0,11.199999809265137,11.899999618530273
2025-01-23T20:54,2025-01-23T21:00,24,train,0,2025,1,20,21,2025-01-23T00:00,21,2025-01-23T00:00,21,2025-01-23T00:00,24,2025-01-22T21:00,21,2025-01-23T00:00,24,2025-01-22T21:00,-999.0,0.0,0.0,93.0,0.0,nan,4606.478515625,nan,55000.0,nan,8.12734317779541,238.58016967773438,253.77597045898438,260.2327575683594,263.94659423828125,267.84613037109375,5286.44287109375,2859.3896484375,1398.5792236328125,137.37008666992188,259.60272216796875,39.70000076293945,269.0960998535156,0.0,50900.0,0.0,0.42500001192092896,4402.06982421875,4.699999809265137,100.0,0.0,63.900001525878906,24134.744140625,0.0,0.0,238.36566162109375,253.91427612304688,259.9958190917969,263.065673828125,266.96051025390625,5286.84423828125,2860.026611328125,1398.790283203125,751.9524536132812,146.6863250732422,262.6838073730469,88.4000015258789,84.80000305175781,80.57283782958984,0.0,20000.140625,2.0,6.0,0.0,24100.0,238.89999389648438,254.6999969482422,259.5,262.5,266.3999938964844,5287.8544921875,2853.97509765625,1390.8055419921875,745.8772583007812,141.77589416503906,259.7699890136719,45.400001525878906,37.0,397.67999267578125,0.0,0.0,0.125,nan,37.0,31.0,0.0,0.0,31213.212890625,238.5909423828125,253.82176208496094,259.5172119140625,263.2990417480469,267.57159423828125,5284.74951171875,2856.891845703125,1396.5228271484375,750.2236938476562,139.67800903320312,263.04437255859375,60.0,56.610862731933594,477.2962646484375,0.0,0.0,0.125,5289.5625,2861.206787109375,1398.10693359375,751.3353271484375,145.51318359375,238.40518188476562,253.99755859375,259.53717041015625,263.445556640625,267.42620849609375,26.412385940551758,38.62432098388672,50.76285934448242,53.27216339111328,0.3577423095703125,0.17380237579345703,0.03728199005126953,262.1993408203125,254.35464477539062,101889.625,91443.328125,,1.9280271530151367,81.0,0.0,7620.0,32.0,32.0,209.0,27.0,31.0,33.0,34.0,40.0,51.0,51.0,51.0,51.0,0.0,0.0,255.97000122070312,251.5800018310547,68.0,0.0,10.399999618530273,11.600000381469727
2025-02-09T12:52,2025-02-09T13:00,1,train,0,2025,2,12,1,2025-02-09T12:00,1,2025-02-09T12:00,1,2025-02-09T12:00,1,2025-02-09T12:00,0,2025-02-09T12:00,1,2025-02-09T12:00,-999.0,0.0,100.0,100.0,0.0,nan,1341.09228515625,52400.0,85000.0,nan,2.5085668563842773,242.32177734375,253.5323944091797,260.97802734375,263.50830078125,267.4401550292969,5278.36962890625,2838.0751953125,1373.5986328125,112.42411804199219,260.58697509765625,82.19999694824219,212.58035278320312,0.0,8100.0,0.0,0.2329999953508377,784.7286376953125,100.0,100.0,0.0,100.0,159.5748748779297,7.239999831654131e-05,0.375,242.40626525878906,253.64181518554688,260.2265319824219,262.711181640625,266.6270446777344,5278.04736328125,2829.6943359375,1369.3095703125,722.9108276367188,118.38562774658203,262.4677429199219,95.0,93.80000305175781,160.35826110839844,0.0,1364.0736083984375,100.0,95.0,0.0,10000.0,243.60000610351562,252.60000610351562,260.20001220703125,264.0,267.8999938964844,5281.40380859375,2832.537109375,1375.2998046875,726.6234741210938,125.46522521972656,261.6300048828125,86.4000015258789,90.0,167.0399932861328,0.0,0.0,0.0625,841.7445678710938,100.0,100.0,0.0,58.0,1500.0,242.03567504882812,252.8985595703125,260.610595703125,262.5452880859375,266.29327392578125,5276.01123046875,2838.815673828125,1378.9549560546875,730.7308959960938,120.77588653564453,262.38702392578125,86.62323760986328,87.70453643798828,226.2906951904297,0.0,9.999999747378752e-05,0.625,5284.765625,2825.983642578125,1369.001220703125,723.2041015625,119.78271484375,243.4037628173828,253.56076049804688,259.50732421875,262.26275634765625,266.460693359375,100.23290252685547,98.92493438720703,100.10955047607422,96.3536148071289,-0.16299819946289062,0.35168933868408203,0.06420135498046875,261.19677734375,259.7861328125,101553.5,91108.71875,,4.393379211425781,94.0,0.0,7620.0,0.0,0.0,209.0,79.0,93.0,97.0,97.0,97.0,87.0,99.0,100.0,100.0,0.0,0.0,257.8799743652344,256.75,90.0,57.0,12.800000190734863,12.5
2025-01-07T13:51,2025-01-07T14:00,48,train,0,2025,1,13,44,2025-01-05T18:00,50,2025-01-05T12:00,50,2025-01-05T12:00,47,2025-01-05T15:00,45,2025-01-05T18:00,36,2025-01-06T02:00,-999.0,0.0,100.0,100.0,0.0,1340.23779296875,1340.02294921875,67600.0,83900.0,1453.6639404296875,15.811443328857422,239.86090087890625,256.3452453613281,257.62554931640625,260.2742919921875,264.161376953125,5153.26513671875,2705.83740234375,1240.7410888671875,-14.991096496582031,254.72373962402344,83.4000015258789,297.9921569824219,0.0,500.0,2.9999999242136255e-05,1.159999966621399,784.4641723632812,81.19999694824219,99.80000305175781,0.0,99.19999694824219,289.30487060546875,4.479999915929511e-05,0.25,240.54591369628906,257.7493896484375,256.1079406738281,260.9112243652344,264.8083190917969,5164.88330078125,2709.49072265625,1240.423583984375,600.8347778320312,0.5709999799728394,259.9356994628906,86.5,86.19999694824219,570.1353759765625,0.0,20000.146484375,91.0,60.0,0.0,1500.0,240.8000030517578,256.29998779296875,251.3000030517578,255.39999389648438,259.20001220703125,5151.26953125,2709.422119140625,1239.9561767578125,612.8065185546875,12.072453498840332,252.13999938964844,75.19999694824219,79.0,266.3999938964844,0.0,9.999999747378752e-05,1.3125,907.0230712890625,100.0,92.0,0.0,100.0,8800.0,240.33180236816406,256.752685546875,257.853271484375,259.59967041015625,263.64715576171875,5165.7763671875,2715.52734375,1245.6756591796875,606.37451171875,-8.020904541015625,258.1811828613281,85.91435241699219,87.05452728271484,398.3236999511719,0.0,9.999999747378752e-06,0.9375,5141.6875,2701.2998046875,1236.869384765625,595.2607421875,-4.53173828125,243.6701202392578,254.33148193359375,258.3077697753906,260.87799072265625,264.71453857421875,82.06082153320312,86.60424041748047,88.61053466796875,86.925048828125,0.695216178894043,3.365353584289551,1.0131568908691406,259.4144287109375,257.10040283203125,99973.3125,89585.171875,,2.8116631507873535,74.0,0.0,7620.0,32.0,32.0,201.0,72.0,72.0,72.0,72.0,73.0,48.0,48.0,48.0,50.0,1.0,0.0,253.4399871826172,251.6999969482422,84.0,11.0,37.20000076293945,38.79999923706055
2025-01-23T20:54,2025-01-23T21:00,1,train,0,2025,1,20,1,2025-01-23T20:00,3,2025-01-23T18:00,3,2025-01-23T18:00,1,2025-01-23T20:00,3,2025-01-23T18:00,1,2025-01-23T20:00,-999.0,0.0,0.0,100.0,0.0,nan,4993.5048828125,nan,52200.0,nan,7.711658000946045,238.2957763671875,254.0865020751953,260.71142578125,264.2921142578125,268.18829345703125,5286.048828125,2859.1962890625,1395.290283203125,132.4845428466797,259.86944580078125,40.900001525878906,225.17967224121094,0.0,49400.0,0.0,0.0,19999.83984375,3.700000047683716,100.0,0.0,0.0,24134.94921875,0.0,0.0,238.5648651123047,253.7079315185547,260.2113952636719,262.5625305175781,266.4059143066406,5284.55810546875,2858.4833984375,1397.2451171875,750.7656860351562,146.80628967285156,262.08233642578125,83.80000305175781,78.0999984741211,59.19500732421875,0.0,19999.998046875,1.0,33.0,0.0,24100.0,239.3000030517578,254.10000610351562,258.20001220703125,262.5,266.3999938964844,5285.21240234375,2852.841796875,1390.2547607421875,745.696044921875,137.65408325195312,259.7099914550781,68.69999694824219,67.0,275.1199951171875,0.0,0.0,0.0,nan,0.0,100.0,0.0,0.0,37700.0,238.5444793701172,253.79930114746094,259.926513671875,263.3563232421875,267.5889892578125,5284.84765625,2858.86083984375,1397.32666015625,750.7672119140625,140.45458984375,262.9211120605469,52.52094650268555,46.88585662841797,484.1573486328125,0.0,0.0,0.0,5287.83984375,2858.17236328125,1393.8369140625,745.9439086914062,139.786865234375,238.47039794921875,254.124267578125,260.224853515625,263.61767578125,267.64239501953125,19.74425506591797,30.765817642211914,48.32898712158203,49.72611618041992,0.3196525573730469,0.050909996032714844,0.022444725036621094,261.9189453125,253.8790283203125,101824.9375,91390.9453125,,1.7585649490356445,52.0,0.0,7620.0,88888.0,2776.0,16274.0,11.0,13.0,13.0,13.0,23.0,16.0,16.0,16.0,17.0,0.0,0.0,255.9199981689453,249.60000610351562,59.0,0.0,10.399999618530273,10.800000190734863
2025-02-09T12:52,2025-02-09T13:00,24,train,0,2025,2,12,25,2025-02-08T12:00,25,2025-02-08T12:00,25,2025-02-08T12:00,22,2025-02-08T15:00,24,2025-02-08T12:00,24,2025-02-08T13:00,-999.0,0.0,100.0,100.0,0.0,nan,1739.80859375,48700.0,81000.0,nan,1.5901378393173218,243.99935913085938,254.57177734375,260.1953125,262.470458984375,266.3515319824219,5282.59130859375,2823.927001953125,1360.7861328125,100.52799224853516,259.25537109375,87.69999694824219,91.17068481445312,0.0,1700.0,9.999999747378752e-05,7.599999904632568,784.6998901367188,100.0,100.0,0.0,100.0,171.53814697265625,0.0001331999956164509,0.5625,243.53643798828125,254.32443237304688,260.8429260253906,263.7719421386719,267.7234191894531,5286.7255859375,2824.988525390625,1360.843994140625,711.1834106445312,104.10272216796875,263.4284362792969,95.30000305175781,94.30000305175781,98.7791976928711,0.0,1511.7393798828125,100.0,100.0,0.0,900.0,245.1999969482422,254.60000610351562,258.70001220703125,262.1000061035156,266.0,5274.41455078125,2811.40478515625,1345.3511962890625,701.1478881835938,94.80628967285156,259.989990234375,84.5999984741211,87.0,312.55999755859375,0.0,0.0003000000142492354,1.3125,nan,100.0,100.0,0.0,35.0,2300.0,244.16299438476562,254.42465209960938,261.0408020019531,262.620849609375,266.03839111328125,5284.9228515625,2827.64111328125,1365.15185546875,715.897216796875,104.06423950195312,261.9530944824219,85.33096313476562,87.00304412841797,318.0259094238281,0.0,9.999999747378752e-05,6.625,5298.17578125,2826.15576171875,1361.01171875,715.3612670898438,113.119140625,243.89410400390625,255.20864868164062,260.25250244140625,261.734375,265.9398193359375,99.7116470336914,97.451171875,98.94047546386719,95.88752746582031,-0.40691184997558594,0.24212932586669922,0.033336639404296875,260.9023742675781,259.4897155761719,101479.1875,91008.59375,,4.884448528289795,96.0,0.0,7620.0,0.0,0.0,209.0,91.0,93.0,93.0,93.0,93.0,94.0,100.0,100.0,100.0,0.0,0.0,258.0,256.4700012207031,89.0,68.0,13.199999809265137,12.899999618530273
2025-02-09T12:52,2025-02-09T13:00,48,train,0,2025,2,12,43,2025-02-07T18:00,49,2025-02-07T12:00,49,2025-02-07T12:00,46,2025-02-07T15:00,48,2025-02-07T12:00,36,2025-02-08T01:00,-999.0,0.0,100.0,100.0,0.0,nan,1458.06201171875,48700.0,84000.0,nan,2.3176045417785645,242.12757873535156,253.75686645507812,260.8522033691406,263.409912109375,267.2868957519531,5263.62451171875,2822.107177734375,1359.372314453125,97.75994873046875,259.701904296875,83.5999984741211,64.39442443847656,0.0,2300.0,9.999999747378752e-05,9.050000190734863,784.6813354492188,100.0,99.9000015258789,0.0,100.0,328.91632080078125,3.1200001103570685e-05,0.25,241.49893188476562,253.99073791503906,261.0602722167969,263.7377014160156,267.69171142578125,5274.14501953125,2826.031494140625,1362.3682861328125,712.576416015625,105.56240844726562,263.4247741699219,94.80000305175781,93.5999984741211,105.47765350341797,0.0,1399.7611083984375,100.0,5.0,0.0,6400.0,241.3000030517578,254.1999969482422,259.8999938964844,264.29998779296875,268.20001220703125,5274.21240234375,2827.6103515625,1367.59423828125,718.4074096679688,115.20295715332031,261.8699951171875,88.0999984741211,91.0,202.55999755859375,0.0,0.0,0.1875,nan,100.0,100.0,0.0,30.0,3800.0,242.5282440185547,253.2109375,260.3591003417969,262.259033203125,265.6298522949219,5262.0244140625,2817.642333984375,1357.8369140625,710.189208984375,101.09024810791016,261.3682861328125,86.0,87.07453918457031,101.74525451660156,0.0,4.999999873689376e-05,8.375,5304.078125,2827.564697265625,1358.809814453125,711.285400390625,107.56298828125,244.9202423095703,256.1370544433594,260.72662353515625,262.40692138671875,266.630126953125,99.5350112915039,98.13462829589844,98.80074310302734,95.45805358886719,-0.55194091796875,0.08782386779785156,0.07877445220947266,261.103515625,259.66357421875,101361.5625,90958.703125,,5.19845724105835,97.0,0.0,7620.0,0.0,0.0,256.0,90.0,90.0,90.0,90.0,90.0,85.0,100.0,100.0,100.0,0.0,0.0,258.41998291015625,257.0099792480469,89.0,51.0,12.800000190734863,12.5
2025-02-27T20:56,2025-02-27T21:00,24,train,0,2025,2,20,21,2025-02-27T00:00,21,2025-02-27T00:00,21,2025-02-27T00:00,24,2025-02-26T21:00,21,2025-02-27T00:00,24,2025-02-26T21:00,-999.0,0.0,100.0,100.0,0.0,1487.41162109375,1342.570556640625,65300.0,84600.0,3733.14453125,7.392519474029541,248.9585723876953,265.38861083984375,272.4949951171875,275.5603942871094,279.5718078613281,5360.4345703125,2828.95703125,1295.036376953125,-24.00725555419922,272.2106018066406,96.80000305175781,361.8538818359375,1167.280029296875,2700.0,9.999999747378752e-05,12.82800006866455,987.4921875,100.0,76.5999984741211,99.19999694824219,100.0,16638.814453125,5.599999894911889e-06,2.125,249.3040008544922,265.8863830566406,273.0831298828125,272.0766296386719,276.1524353027344,5372.1005859375,2830.838134765625,1293.4049072265625,617.58447265625,-9.259249687194824,271.0,97.80000305175781,97.30000305175781,94.69225311279297,449.44000244140625,2565.62451171875,84.0,85.0,0.0,2500.0,249.60000610351562,266.5,272.0,276.29998779296875,280.5,5360.7119140625,2817.9150390625,1281.369140625,601.2924194335938,-21.61482048034668,272.7699890136719,93.69999694824219,96.0,368.7200012207031,1122.4000244140625,0.00019999999494757503,6.8125,994.063232421875,99.0,100.0,0.0,78.0,6100.0,247.86569213867188,265.35455322265625,272.77972412109375,274.95672607421875,278.9504699707031,5352.474609375,2823.201171875,1288.05078125,609.1627807617188,-29.942798614501953,274.75390625,91.0059585571289,93.6126708984375,382.69964599609375,1160.0,0.00015999999595806003,12.25,5380.671875,2834.72802734375,1295.891845703125,618.910888671875,-9.416259765625,249.37953186035156,266.9151611328125,273.156494140625,273.350341796875,277.4123840332031,90.36940002441406,98.3744125366211,89.87971496582031,87.98249816894531,0.6468715667724609,0.5403461456298828,0.08852672576904297,272.2354431152344,271.136962890625,99876.4375,89987.328125,,11.407471656799316,90.0,0.0,7620.0,0.0,0.0,256.0,96.0,96.0,96.0,96.0,100.0,87.0,100.0,100.0,100.0,0.0,0.0,268.3299865722656,266.8999938964844,90.0,37.0,14.0,15.699999809265137
2025-02-27T20:56,2025-02-27T21:00,48,train,0,2025,2,20,45,2025-02-26T00:00,45,2025-02-26T00:00,45,2025-02-26T00:00,48,2025-02-25T21:00,45,2025-02-26T00:00,45,2025-02-26T00:00,-999.0,100.0,100.0,4.0,0.0,1342.7989501953125,1342.64013671875,68000.0,84600.0,2506.95361328125,6.4881272315979,247.62838745117188,264.2662353515625,272.76910400390625,276.2830810546875,280.2049865722656,5350.87109375,2827.7119140625,1297.0166015625,-21.636457443237305,272.25653076171875,98.9000015258789,414.2767028808594,1167.43994140625,100.0,0.0,9.130000114440918,920.0055541992188,100.0,98.69999694824219,100.0,100.0,19755.541015625,4.399999852466863e-06,4.875,248.77212524414062,266.25360107421875,272.3918151855469,272.55242919921875,276.62860107421875,5364.81396484375,2820.6787109375,1285.8426513671875,609.7681274414062,-18.194124221801758,271.4193420410156,97.5,96.69999694824219,99.09764099121094,511.8399963378906,20000.01953125,49.0,29.0,28.0,5700.0,248.6999969482422,266.20001220703125,273.29998779296875,277.5,281.6000061035156,5352.9765625,2814.8466796875,1273.7288818359375,590.5948486328125,-25.620586395263672,273.5,94.5999984741211,95.0,744.47998046875,1505.5999755859375,0.00019999999494757503,4.5625,896.2617797851562,100.0,0.0,0.0,100.0,9800.0,248.3511962890625,264.67169189453125,272.933349609375,276.85174560546875,280.82958984375,5336.1298828125,2810.38427734375,1282.490234375,600.384765625,-37.93606185913086,275.93121337890625,94.07522583007812,95.53693389892578,576.8931274414062,1230.0,0.0,10.375,5375.13671875,2839.510009765625,1302.555908203125,628.6721801757812,2.9794921875,248.0716094970703,265.9342041015625,272.5435791015625,272.04071044921875,276.069091796875,97.1611099243164,98.90169525146484,90.43043518066406,88.15291595458984,0.6160125732421875,0.5932960510253906,0.14544391632080078,271.1351623535156,269.88946533203125,100041.25,90090.921875,,10.20855712890625,90.0,,,96.0,25.0,3072.0,86.0,86.0,,88.0,,69.0,,83.0,94.0,1.0,0.0,267.3299865722656,266.6099853515625,93.0,0.7620000243186951,14.0,14.699999809265137
2025-03-30T01:57,2025-03-30T02:00,1,train,1,2025,3,1,1,2025-03-30T01:00,2,2025-03-30T00:00,2,2025-03-30T00:00,1,2025-03-30T01:00,3,2025-03-30T00:00,1,2025-03-30T01:00,-999.0,0.0,51.0,0.0,0.0,nan,1342.3680419921875,nan,86600.0,nan,3.113095283508301,254.8847198486328,268.867431640625,271.09857177734375,270.73876953125,274.6153564453125,5608.0458984375,3022.321533203125,1481.281494140625,170.85337829589844,266.629638671875,70.80000305175781,67.68574523925781,303.0400085449219,13400.0,0.0,0.0,5107.02197265625,55.79999923706055,100.0,75.80000305175781,98.4000015258789,6999.98828125,8.000000093488779e-07,0.0,255.7812042236328,268.929443359375,270.4321594238281,270.0525817871094,274.0733337402344,5616.79931640625,3026.21240234375,1482.817138671875,814.6082153320312,192.5712127685547,270.2478332519531,98.19999694824219,98.0999984741211,56.616729736328125,335.8399963378906,1195.921875,75.0,9.0,0.0,100.0,255.3000030517578,269.70001220703125,269.70001220703125,271.1000061035156,275.20001220703125,5610.63671875,3022.5498046875,1476.513671875,809.06591796875,189.10592651367188,268.989990234375,99.0,100.0,210.9600067138672,540.47998046875,0.0,0.0,nan,99.0,65.0,0.0,90.0,11600.0,254.34030151367188,268.57501220703125,270.52630615234375,270.406494140625,274.1285400390625,5608.5361328125,3026.33935546875,1486.4208984375,817.5868530273438,183.931640625,270.0303039550781,88.0,92.84951782226562,156.16824340820312,280.0,0.0,0.0,5620.4296875,3029.5126953125,1486.082763671875,816.2300415039062,194.30615234375,255.84922790527344,269.4342346191406,270.88201904296875,270.5277099609375,274.7327880859375,54.461181640625,78.53121948242188,85.99809265136719,92.67233276367188,0.021401405334472656,0.012773513793945312,0.1748037338256836,266.94317626953125,266.13067626953125,102438.5,92221.671875,,11.141390800476074,72.0,0.0,7620.0,32.0,32.0,16274.0,85.0,87.0,87.0,87.0,89.0,7.0,7.0,7.0,8.0,0.0,0.0,267.1000061035156,264.71002197265625,84.0,1.0,8.800000190734863,8.100000381469727
2025-02-27T20:56,2025-02-27T21:00,1,train,0,2025,2,20,1,2025-02-27T20:00,3,2025-02-27T18:00,3,2025-02-27T18:00,1,2025-02-27T20:00,3,2025-02-27T18:00,1,2025-02-27T20:00,-999.0,100.0,100.0,100.0,0.0,1342.3648681640625,1342.2742919921875,65300.0,84700.0,3729.564208984375,6.773372173309326,249.23590087890625,265.5688781738281,270.89501953125,273.381591796875,277.2968444824219,5368.0361328125,2833.350830078125,1304.573486328125,-9.546344757080078,269.7870788574219,96.69999694824219,343.2690124511719,788.8800048828125,100.0,0.0,0.5189999938011169,785.1495971679688,100.0,4.900000095367432,99.5,100.0,238.8067626953125,8.040000102482736e-05,5.4375,249.74192810058594,265.76824951171875,271.9143371582031,271.3449401855469,275.41339111328125,5363.8017578125,2827.6923828125,1295.78955078125,622.6326904296875,-2.449906349182129,270.3643798828125,98.0,97.4000015258789,125.60848236083984,348.0,1196.06884765625,66.0,0.0,1.0,100.0,250.39999389648438,265.6000061035156,270.79998779296875,274.79998779296875,278.8999938964844,5366.4052734375,2829.880859375,1296.5513916015625,620.1678466796875,0.20533594489097595,271.2799987792969,98.9000015258789,100.0,920.47998046875,893.760009765625,0.00019999999494757503,1.625,1070.143798828125,100.0,30.0,16.0,87.0,11400.0,249.19638061523438,265.130126953125,272.2195739746094,272.8167724609375,276.74169921875,5363.86962890625,2833.576171875,1301.0777587890625,625.890869140625,-10.263679504394531,272.7122802734375,90.0,92.60954284667969,329.80889892578125,900.0,9.999999747378752e-06,0.25,5373.2734375,2834.055908203125,1296.986328125,622.9284057617188,-2.092041015625,250.31004333496094,266.017578125,272.74505615234375,271.88336181640625,275.91668701171875,79.90803527832031,98.02237701416016,89.43531799316406,87.5059814453125,1.181314468383789,0.6991691589355469,0.16257858276367188,270.65380859375,269.4900817871094,99984.1875,90021.15625,,9.285133361816406,90.0,0.0,7620.0,0.0,0.0,209.0,61.0,72.0,87.0,90.0,99.0,80.0,83.0,85.0,86.0,0.0,0.0,267.5099792480469,266.80999755859375,93.0,43.0,14.399999618530273,16.0
2025-05-30T15:54,2025-05-30T16:00,1,holdout_webcam,0,2025,5,15,1,2025-05-30T15:00,4,2025-05-30T12:00,4,2025-05-30T12:00,1,2025-05-30T15:00,3,2025-05-30T12:00,1,2025-05-30T15:00,-999.0,6.0,27.0,0.0,16.0,nan,1574.997802734375,nan,83300.0,nan,4.453627109527588,260.0683288574219,273.8328552246094,282.199462890625,288.36456298828125,292.82269287109375,5616.826171875,2975.23095703125,1397.6217041015625,24.61941909790039,285.0619201660156,81.5,782.740478515625,3484.320068359375,18300.0,0.0,0.0,1884.114990234375,36.20000076293945,90.19999694824219,100.0,10.699999809265137,24135.220703125,4.800000169780105e-06,0.125,260.7510986328125,271.6942138671875,283.56195068359375,290.7842712402344,295.1090393066406,5611.28515625,2971.72998046875,1394.2310791015625,681.1115112304688,17.1799373626709,291.20001220703125,49.599998474121094,50.29999923706055,1847.4969482421875,2623.199951171875,2089.51025390625,20.0,14.0,82.0,24100.0,260.3999938964844,275.3999938964844,281.8999938964844,286.8999938964844,291.20001220703125,5616.27099609375,2972.634765625,1397.15966796875,689.9848022460938,19.385530471801758,284.19000244140625,79.5999984741211,79.0,862.3200073242188,3588.0,0.0,0.0,1923.9090576171875,92.0,2.0,100.0,92.0,22900.0,260.03631591796875,272.72454833984375,281.9801940917969,288.5110168457031,293.18310546875,5614.478515625,2975.254638671875,1402.04833984375,693.1727905273438,30.511795043945312,288.2216796875,73.45499420166016,69.23744201660156,1462.46142578125,2640.0,0.0,0.0,5616.44921875,2976.2734375,1401.10205078125,693.1873779296875,32.363525390625,260.0701904296875,272.254638671875,281.53973388671875,288.2608337402344,292.4834899902344,76.28404235839844,83.24761199951172,58.69887161254883,57.387916564941406,0.3425264358520508,0.7299127578735352,0.44281005859375,288.4906005859375,281.00506591796875,100401.625,90893.953125,,19.159454345703125,85.0,0.0,7620.0,0.0,0.0,209.0,91.0,92.0,97.0,97.0,97.0,71.0,71.0,71.0,71.0,61.0,368.0,280.260009765625,278.15997314453125,87.0,1.0,14.800000190734863,16.200000762939453
2025-03-30T01:57,2025-03-30T02:00,24,train,1,2025,3,1,26,2025-03-29T00:00,26,2025-03-29T00:00,26,2025-03-29T00:00,23,2025-03-29T03:00,21,2025-03-29T06:00,24,2025-03-29T02:00,-999.0,0.0,100.0,100.0,100.0,1342.4111328125,1388.34228515625,32400.0,85900.0,10859.10546875,1.9096319675445557,255.2868194580078,269.82879638671875,270.577392578125,270.3690185546875,274.0406494140625,5602.35693359375,3009.033203125,1466.85009765625,156.5523681640625,270.0732421875,96.30000305175781,64.47418212890625,835.52001953125,7000.0,0.0,12.430000305175781,785.1321411132812,89.4000015258789,100.0,100.0,100.0,291.3447570800781,1.2399999832268804e-05,0.0625,256.1199951171875,270.326904296875,269.9439697265625,269.77679443359375,273.8439636230469,5612.56005859375,3015.704345703125,1470.355224609375,802.608642578125,181.1163330078125,270.08319091796875,99.0999984741211,99.5,102.51264190673828,294.239990234375,1196.24072265625,100.0,100.0,100.0,400.0,254.3000030517578,269.6000061035156,270.5,272.70001220703125,276.79998779296875,5611.87939453125,3016.280029296875,1471.92724609375,800.3977661132812,180.1695098876953,270.489990234375,99.0,100.0,212.16000366210938,772.6400146484375,0.0005000000237487257,0.25,2650.826171875,99.0,100.0,100.0,35.0,3200.0,255.24697875976562,269.65997314453125,270.2787170410156,269.1564636230469,272.5523986816406,5603.474609375,3012.99169921875,1469.681640625,801.7924194335938,168.02728271484375,269.146484375,92.0,94.73782348632812,91.7225341796875,140.0,7.000000186963007e-05,16.625,5620.4921875,3026.542724609375,1484.255615234375,815.0621337890625,194.009521484375,255.929443359375,269.3602294921875,270.17431640625,270.1039123535156,274.2527160644531,62.15443801879883,86.73047637939453,90.24604034423828,92.63446044921875,0.0995635986328125,-0.05763816833496094,0.1501779556274414,268.2369689941406,267.5182189941406,102455.5,92220.765625,,13.354920387268066,89.0,0.0,7620.0,0.0,0.0,209.0,100.0,100.0,100.0,100.0,100.0,69.0,80.0,87.0,100.0,0.0,0.0,267.05999755859375,264.6199951171875,82.0,10.0,9.600000381469727,9.100000381469727
2025-05-30T15:54,2025-05-30T16:00,24,holdout_webcam,0,2025,5,15,22,2025-05-29T18:00,22,2025-05-29T18:00,22,2025-05-29T18:00,25,2025-05-29T15:00,21,2025-05-29T18:00,24,2025-05-29T16:00,-999.0,35.0,41.0,100.0,100.0,1906.0496826171875,1392.0989990234375,34500.0,85100.0,9586.212890625,5.17366886138916,259.9374084472656,272.4312744140625,281.6947021484375,287.7535400390625,292.2333679199219,5612.82470703125,2974.98876953125,1400.821044921875,32.17119598388672,284.2425537109375,88.4000015258789,744.2567749023438,3071.0400390625,15500.0,0.0,1.5,1772.231201171875,81.9000015258789,46.5,95.0,13.600000381469727,24134.94921875,2.4000000848900527e-05,0.3125,260.39691162109375,272.1138916015625,282.58905029296875,289.3739318847656,293.68597412109375,5615.95703125,2972.597412109375,1397.057861328125,686.3951416015625,23.811124801635742,289.14508056640625,59.900001525878906,58.29999923706055,1340.76513671875,2678.8798828125,19999.865234375,49.0,5.0,41.0,100.0,260.20001220703125,275.0,282.1000061035156,286.79998779296875,291.1000061035156,5620.08837890625,2975.412353515625,1394.3404541015625,686.3566284179688,18.98715591430664,284.3900146484375,99.30000305175781,100.0,433.2799987792969,3543.840087890625,9.999999747378752e-05,0.5625,3604.151123046875,65.0,92.0,100.0,58.0,17700.0,259.9996337890625,274.2728271484375,280.6488037109375,286.6090393066406,291.2724609375,5620.2412109375,2975.94189453125,1402.793212890625,698.1748046875,34.84318923950195,286.76165771484375,83.45499420166016,79.21272277832031,817.2056884765625,3370.0,0.0,1.875,5619.0078125,2977.872802734375,1399.8974609375,692.1939086914062,31.477294921875,259.951904296875,273.19891357421875,281.62115478515625,288.06427001953125,292.3170166015625,60.72576141357422,87.85016632080078,64.52122497558594,63.0301513671875,0.3562955856323242,0.5358953475952148,0.4293222427368164,288.29803466796875,282.03118896484375,100386.0,90883.1875,,20.07310676574707,73.0,20.0,8898.0,30.0,32.0,402.0,90.0,92.0,94.0,94.0,97.0,38.0,38.0,38.0,39.0,60.0,0.0,280.69000244140625,278.7599792480469,87.0,5.0,15.199999809265137,16.600000381469727
2025-03-30T01:57,2025-03-30T02:00,48,train,1,2025,3,1,44,2025-03-28T06:00,50,2025-03-28T00:00,50,2025-03-28T00:00,47,2025-03-28T03:00,45,2025-03-28T06:00,36,2025-03-28T14:00,-999.0,0.0,100.0,0.0,100.0,1342.1121826171875,1342.00341796875,86000.0,86400.0,11851.376953125,2.193028450012207,255.67410278320312,269.95147705078125,269.35760498046875,267.926025390625,271.6903991699219,5600.5654296875,3010.6826171875,1469.6724853515625,166.61428833007812,266.6657409667969,86.69999694824219,48.63414001464844,310.32000732421875,100.0,0.0,38.72999954223633,938.804443359375,100.0,43.900001525878906,100.0,81.9000015258789,3846.0322265625,3.5999998999614036e-06,0.0625,257.2373962402344,271.04620361328125,271.76666259765625,267.79840087890625,271.82891845703125,5608.92333984375,2998.725341796875,1445.5367431640625,777.7926025390625,161.0713348388672,267.95098876953125,98.0,97.69999694824219,101.20751953125,4.800000190734863,1195.9134521484375,100.0,100.0,45.0,500.0,256.79998779296875,271.5,270.3999938964844,272.6000061035156,276.70001220703125,5611.45361328125,3002.469970703125,1447.40380859375,776.2031860351562,162.48988342285156,269.9100036621094,99.30000305175781,100.0,102.55999755859375,683.3599853515625,0.0007999999797903001,8.6875,3063.16015625,79.0,9.0,100.0,28.0,10100.0,255.75994873046875,268.2500305175781,270.06951904296875,269.17840576171875,272.4737548828125,5602.32177734375,3017.366943359375,1478.528564453125,810.864013671875,179.26283264160156,268.5181884765625,90.0,93.53582000732422,71.91014099121094,60.0,0.0,12.8125,5611.16796875,3017.057373046875,1473.59765625,806.0798950195312,187.8037109375,255.9628448486328,269.457275390625,270.0649719238281,269.03009033203125,272.8582763671875,89.20883178710938,98.14464569091797,91.51483917236328,95.90717315673828,0.3633995056152344,0.06434440612792969,0.10773468017578125,267.8370361328125,267.1182861328125,102356.125,92110.140625,,12.196361541748047,90.0,0.0,7620.0,0.0,0.0,256.0,100.0,100.0,100.0,100.0,100.0,71.0,82.0,89.0,100.0,1.0,0.0,267.2699890136719,264.0,79.0,19.0,10.399999618530273,9.699999809265137
2025-05-30T15:54,2025-05-30T16:00,48,holdout_webcam,0,2025,5,15,46,2025-05-28T18:00,46,2025-05-28T18:00,46,2025-05-28T18:00,49,2025-05-28T15:00,45,2025-05-28T18:00,36,2025-05-29T04:00,-999.0,40.0,76.0,0.0,100.0,2099.62646484375,1470.3043212890625,nan,84400.0,11150.796875,4.023540496826172,259.734375,271.4123229980469,281.4357604980469,287.52642822265625,291.9857177734375,5612.3095703125,2974.0908203125,1402.512939453125,36.047645568847656,284.03515625,89.4000015258789,799.3661499023438,2565.43994140625,15000.0,0.0,1.9600000381469727,1803.914794921875,74.0,18.5,100.0,3.700000047683716,24135.15625,9.999999747378752e-06,0.125,261.79998779296875,273.7416687011719,283.086181640625,290.13214111328125,294.4333190917969,5628.669921875,2979.91552734375,1401.0341796875,689.0098876953125,25.60531234741211,290.301513671875,56.29999923706055,56.29999923706055,1581.276611328125,3150.39990234375,19999.98046875,35.0,49.0,35.0,100.0,260.0,275.70001220703125,280.5,285.3999938964844,289.6000061035156,5624.15185546875,2978.38818359375,1397.2750244140625,693.3856201171875,25.18614387512207,282.719970703125,99.5,100.0,431.20001220703125,3567.0400390625,0.00039999998989515007,1.0,909.1333618164062,100.0,86.0,69.0,100.0,10400.0,260.3193359375,271.8115234375,280.0050964355469,284.7326965332031,289.33026123046875,5609.814453125,2973.087158203125,1402.226318359375,700.7090454101562,41.216041564941406,284.3755187988281,93.11740112304688,91.97661590576172,1004.1378173828125,2640.0,0.00018000000272877514,0.375,5624.65625,2985.2587890625,1405.46875,698.3377685546875,38.06884765625,260.1639709472656,272.4008483886719,281.7803039550781,287.696533203125,291.9075927734375,69.39971160888672,83.59058380126953,69.68161010742188,68.4154281616211,-0.042344093322753906,0.22582054138183594,0.3472633361816406,288.02569580078125,282.86944580078125,100470.375,90952.515625,,17.25369644165039,55.0,47.0,8884.0,32.0,32.0,384.0,94.0,100.0,100.0,100.0,100.0,38.0,38.0,38.0,41.0,48.0,64.0,280.57000732421875,278.77996826171875,88.0,7.0,14.800000190734863,16.200000762939453
2025-06-24T04:56,2025-06-24T05:00,1,train,0,2025,6,4,1,2025-06-24T04:00,5,2025-06-24T00:00,5,2025-06-24T00:00,1,2025-06-24T04:00,0,2025-06-24T06:00,1,2025-06-24T04:00,-999.0,0.0,0.0,0.0,0.0,nan,nan,nan,nan,nan,9.77127742767334,267.419189453125,284.586181640625,293.3829345703125,297.0777587890625,301.1874694824219,5918.5224609375,3200.0458984375,1553.6217041015625,128.8566436767578,291.2213134765625,80.30000305175781,250.51678466796875,5021.87841796875,17600.0,0.0,0.0,20000.048828125,0.0,0.0,4.099999904632568,0.0,24135.083984375,0.0,0.0,267.5516052246094,285.5029296875,293.1934814453125,295.2076721191406,298.2873840332031,5923.60498046875,3196.16552734375,1550.18408203125,813.1354370117188,142.04458618164062,293.0195007324219,79.0,68.69999694824219,30.336702346801758,5161.27978515625,19999.953125,15.0,0.0,0.0,24100.0,268.0,286.3999938964844,292.5,294.8999938964844,299.29998779296875,5922.619140625,3191.42822265625,1541.2952880859375,810.0341796875,122.54605865478516,291.9700012207031,89.30000305175781,87.0,274.0,5145.1201171875,0.0,1.625,nan,0.0,0.0,0.0,0.0,23000.0,268.0328674316406,284.24786376953125,293.6923522949219,298.46820068359375,302.0929260253906,5916.38720703125,3195.02685546875,1551.102783203125,813.2904052734375,122.64567565917969,294.53155517578125,70.12887573242188,59.88397979736328,380.955322265625,5160.0,0.0,0.0,5922.6875,3200.509521484375,1551.149169921875,814.7096557617188,139.978515625,267.5060729980469,284.69232177734375,293.68548583984375,297.3155517578125,301.6343994140625,18.103195190429688,58.72785949707031,68.16832733154297,80.405029296875,0.655329704284668,1.5757122039794922,1.0506525039672852,292.77557373046875,290.21307373046875,101702.5,92226.59375,,21.528907775878906,16.0,0.0,7620.0,0.0,0.0,209.0,68.0,68.0,68.0,68.0,68.0,75.0,76.0,77.0,82.0,483.0,0.0,289.5899963378906,287.78997802734375,90.0,3.0,15.600000381469727,16.899999618530273
2025-07-14T15:51,2025-07-14T16:00,1,holdout_webcam,0,2025,7,15,1,2025-07-14T15:00,4,2025-07-14T12:00,4,2025-07-14T12:00,1,2025-07-14T15:00,3,2025-07-14T12:00,1,2025-07-14T15:00,-999.0,0.0,55.0,17.0,1.0,nan,1345.66845703125,nan,87000.0,nan,4.135327339172363,265.70111083984375,279.621337890625,289.079345703125,294.1376953125,298.7520751953125,5859.7294921875,3165.4091796875,1539.731689453125,133.37545776367188,292.2823791503906,92.80000305175781,582.7920532226562,4516.54052734375,13500.0,0.0,0.0,1325.363037109375,66.30000305175781,11.399999618530273,27.299999237060547,33.400001525878906,7928.01611328125,0.00023799999326001853,1.0625,265.884033203125,281.0661926269531,288.82354736328125,295.37353515625,299.8700866699219,5864.62060546875,3169.349853515625,1540.5169677734375,812.392822265625,138.98281860351562,296.1451416015625,82.80000305175781,76.5,753.03369140625,4454.39990234375,1197.693603515625,73.0,20.0,33.0,100.0,265.79998779296875,280.70001220703125,290.6000061035156,295.70001220703125,300.1000061035156,5870.34619140625,3168.233642578125,1538.1778564453125,805.1394653320312,126.375732421875,293.8499755859375,100.0,100.0,616.7999877929688,4673.43994140625,0.0,0.75,1312.0279541015625,65.0,43.0,94.0,65.0,15400.0,265.4534912109375,280.671142578125,289.1405944824219,293.1365661621094,297.94610595703125,5867.02490234375,3170.902587890625,1540.69677734375,815.21044921875,135.44639587402344,295.324951171875,88.25460052490234,92.74191284179688,701.9528198242188,4510.0,7.000000186963007e-05,0.1875,5871.62890625,3173.94091796875,1544.897216796875,818.7034301757812,148.38720703125,265.4986572265625,281.1119384765625,288.98291015625,293.6185302734375,298.22418212890625,77.41676330566406,98.21146392822266,91.29356384277344,85.58634948730469,-0.27732086181640625,-0.2645597457885742,-0.15367984771728516,295.0119323730469,293.0431823730469,101785.9375,92268.546875,,42.027984619140625,83.0,54.0,10976.0,0.0,0.0,209.0,92.0,100.0,100.0,100.0,100.0,72.0,72.0,72.0,72.0,808.0,0.0,287.6200256347656,287.26995849609375,99.0,20.0,7.199999809265137,8.100000381469727
2025-06-24T04:56,2025-06-24T05:00,24,train,0,2025,6,4,23,2025-06-23T06:00,23,2025-06-23T06:00,23,2025-06-23T06:00,26,2025-06-23T03:00,24,2025-06-23T06:00,24,2025-06-23T05:00,-999.0,0.0,0.0,0.0,0.0,nan,nan,nan,nan,nan,7.956901550292969,267.3005065917969,283.6352233886719,293.24517822265625,297.50823974609375,301.7158203125,5923.5361328125,3207.496337890625,1564.75390625,139.38438415527344,291.7088928222656,79.0999984741211,281.4684143066406,4972.00732421875,18300.0,0.0,0.0,20000.015625,0.0,0.0,5.0,0.0,24135.259765625,0.0,0.0,267.4902038574219,285.1712341308594,293.3973083496094,295.51409912109375,298.5289001464844,5921.8076171875,3198.728515625,1551.568603515625,814.2188110351562,142.9170684814453,293.1950378417969,74.30000305175781,64.30000305175781,32.09012222290039,5097.919921875,20000.00390625,2.0,0.0,0.0,24100.0,267.6000061035156,287.1000061035156,293.8999938964844,295.29998779296875,299.70001220703125,5924.92138671875,3199.26025390625,1536.01708984375,803.23193359375,114.8572769165039,292.7099914550781,94.5,96.0,408.9599914550781,4976.64013671875,0.0,0.8125,nan,0.0,0.0,0.0,0.0,17600.0,267.5489501953125,284.31134033203125,292.6299743652344,297.2861328125,301.0022277832031,5921.79052734375,3202.130615234375,1561.2939453125,825.453125,136.12232971191406,294.1017761230469,80.24382019042969,65.64537811279297,330.33428955078125,5100.0,0.0,0.4375,5925.2578125,3199.326904296875,1552.375244140625,816.0858154296875,140.97998046875,267.53765869140625,284.8068542480469,293.5134582519531,297.5455322265625,302.0218200683594,12.481863021850586,67.01872253417969,68.67882537841797,86.87061309814453,0.4198455810546875,1.543992042541504,0.9187164306640625,293.044677734375,290.888427734375,101715.25,92245.84375,,21.61150360107422,17.0,0.0,7620.0,30.0,32.0,209.0,33.0,34.0,34.0,34.0,35.0,52.0,52.0,52.0,52.0,460.0,0.0,289.2699890136719,287.04998779296875,87.0,2.0,13.600000381469727,14.899999618530273
2025-06-24T04:56,2025-06-24T05:00,48,train,0,2025,6,4,47,2025-06-22T06:00,47,2025-06-22T06:00,47,2025-06-22T06:00,50,2025-06-22T03:00,48,2025-06-22T06:00,36,2025-06-22T17:00,-999.0,0.0,0.0,0.0,16.0,nan,5668.4228515625,nan,16000.0,nan,10.545483589172363,266.37701416015625,284.2225341796875,293.178955078125,297.1041259765625,301.18701171875,5916.8505859375,3201.462158203125,1557.1295166015625,132.9733123779297,291.21173095703125,78.0,266.9430236816406,4938.662109375,18800.0,0.0,14.739999771118164,20000.021484375,0.0,0.0,0.0,0.0,24135.224609375,0.0,0.0,267.52490234375,285.5389404296875,292.61444091796875,295.2422790527344,298.25213623046875,5921.22119140625,3200.151611328125,1554.5379638671875,818.457763671875,146.9694366455078,293.009765625,87.5999984741211,75.69999694824219,25.278852462768555,5026.56005859375,19999.939453125,27.0,0.0,0.0,0.0,268.0,287.6000061035156,291.79998779296875,295.29998779296875,299.79998779296875,5931.06396484375,3195.084228515625,1536.61572265625,804.40576171875,122.53565216064453,292.8999938964844,100.0,100.0,456.3999938964844,5226.080078125,0.0008999999845400453,3.0,nan,0.0,0.0,48.0,0.0,17000.0,266.69366455078125,285.00457763671875,292.3976135253906,296.9080810546875,300.69281005859375,5924.67724609375,3205.65771484375,1564.0855712890625,829.240234375,139.79478454589844,293.8292541503906,81.59970092773438,70.2112808227539,359.15045166015625,5050.0,0.0,7.25,5928.66015625,3203.035400390625,1550.772705078125,815.25146484375,140.927490234375,267.5006103515625,286.21099853515625,293.406005859375,297.063232421875,301.41827392578125,6.349708557128906,58.07192611694336,73.62623596191406,88.26007080078125,-0.30218505859375,0.854914665222168,0.6244487762451172,292.5427551269531,291.0427551269531,101707.5,92245.5859375,,16.580026626586914,23.0,0.0,7620.0,30.0,32.0,256.0,40.0,40.0,40.0,40.0,45.0,54.0,54.0,54.0,54.0,532.0,0.0,289.1399841308594,286.8799743652344,86.0,4.0,13.600000381469727,14.5
2025-07-14T15:51,2025-07-14T16:00,24,holdout_webcam,0,2025,7,15,22,2025-07-13T18:00,22,2025-07-13T18:00,22,2025-07-13T18:00,25,2025-07-13T15:00,21,2025-07-13T18:00,24,2025-07-13T16:00,-999.0,0.0,14.0,100.0,100.0,7130.00146484375,1395.17333984375,34600.0,86600.0,8753.7939453125,3.6305413246154785,264.91748046875,279.9153747558594,288.5634765625,294.3387451171875,299.04522705078125,5865.16943359375,3171.32763671875,1548.80419921875,141.95123291015625,291.9437255859375,88.30000305175781,535.0490112304688,4563.9853515625,15200.0,0.0,0.019999999552965164,941.1567993164062,55.20000076293945,84.19999694824219,99.5,59.400001525878906,8482.8173828125,0.0001767999929143116,0.375,266.1952209472656,280.9158935546875,289.1960754394531,294.44622802734375,299.0162048339844,5867.50634765625,3169.853515625,1540.5054931640625,814.1541748046875,141.7465362548828,295.6967468261719,82.5,82.9000015258789,639.9227905273438,4547.83984375,1310.073486328125,53.0,71.0,87.0,3400.0,266.3999938964844,281.5,289.0,292.79998779296875,297.20001220703125,5866.94384765625,3163.538818359375,1532.308349609375,807.5472412109375,129.33145141601562,290.92999267578125,98.4000015258789,100.0,357.8399963378906,4524.7998046875,0.002099999925121665,1.5,1228.8536376953125,74.0,100.0,57.0,74.0,15100.0,265.3470458984375,281.0814208984375,288.609130859375,292.9216003417969,297.878173828125,5867.341796875,3171.34033203125,1543.119140625,818.6007690429688,138.69223022460938,294.6205749511719,88.0,91.76534271240234,678.7372436523438,4580.0,5.999999848427251e-05,1.375,5871.21484375,3176.080322265625,1546.767333984375,820.7601318359375,149.977783203125,264.92572021484375,280.7398986816406,288.6644287109375,294.1820373535156,298.7568359375,81.11125183105469,96.64505004882812,80.9040756225586,75.3918685913086,-0.17228126525878906,-0.22117900848388672,-0.2246265411376953,296.0038146972656,291.595947265625,101800.9375,92276.9375,,38.880157470703125,80.0,0.0,7620.0,30.0,32.0,209.0,74.0,75.0,77.0,80.0,87.0,55.0,59.0,59.0,63.0,706.0,0.0,287.1199951171875,287.42999267578125,100.0,17.0,7.599999904632568,8.399999618530273
2025-07-14T15:51,2025-07-14T16:00,48,holdout_webcam,0,2025,7,15,46,2025-07-12T18:00,46,2025-07-12T18:00,46,2025-07-12T18:00,49,2025-07-12T15:00,45,2025-07-12T18:00,36,2025-07-13T04:00,-999.0,4.0,58.0,0.0,10.0,1748.32080078125,1345.6280517578125,nan,87100.0,nan,3.9015121459960938,264.9109191894531,280.105712890625,288.5824279785156,293.0731201171875,297.69793701171875,5866.35009765625,3173.37451171875,1548.3861083984375,145.22576904296875,291.590576171875,95.9000015258789,513.8458251953125,4496.05322265625,12400.0,0.0,1.7200000286102295,1364.63671875,50.29999923706055,100.0,89.69999694824219,24.600000381469727,8008.54052734375,0.0003239999932702631,1.8125,266.7389221191406,280.3475646972656,289.12432861328125,294.9873046875,299.3251037597656,5868.95751953125,3170.059326171875,1542.2257080078125,813.8994140625,141.02627563476562,295.3479919433594,89.30000305175781,80.69999694824219,518.0239868164062,4432.0,6154.8671875,36.0,50.0,98.0,24100.0,265.3999938964844,281.29998779296875,289.3999938964844,293.70001220703125,298.1000061035156,5863.501953125,3162.113037109375,1529.10205078125,802.6728515625,126.77812194824219,292.9200134277344,85.80000305175781,92.0,358.32000732421875,4557.1201171875,0.0,0.125,1152.672119140625,75.0,81.0,2.0,75.0,11800.0,265.3981628417969,281.1509704589844,288.5391540527344,291.8431396484375,296.62994384765625,5870.85400390625,3172.36767578125,1542.8519287109375,819.680419921875,141.6666717529297,294.0120544433594,90.18789672851562,94.51039123535156,585.8292236328125,4540.0,9.999999747378752e-05,3.1875,5872.28515625,3174.939697265625,1543.774169921875,817.0743408203125,146.280029296875,265.392822265625,281.1174621582031,289.0489807128906,294.18109130859375,298.7776184082031,74.75770568847656,97.8035659790039,83.28185272216797,76.97138214111328,-0.004694938659667969,-0.3367033004760742,-0.28400516510009766,295.565185546875,292.283935546875,101760.5625,92242.3203125,,40.176448822021484,85.0,0.0,7620.0,30.0,32.0,256.0,75.0,87.0,96.0,100.0,100.0,45.0,49.0,51.0,58.0,444.0,0.0,286.8399963378906,286.9999694824219,100.0,21.0,7.199999809265137,8.0
2025-08-10T06:57,2025-08-10T07:00,1,train,0,2025,8,6,1,2025-08-10T06:00,1,2025-08-10T06:00,1,2025-08-10T06:00,1,2025-08-10T06:00,0,2025-08-10T06:00,1,2025-08-10T06:00,-999.0,0.0,0.0,0.0,0.0,nan,nan,nan,nan,nan,6.044762134552002,264.1435546875,278.7462158203125,288.4788818359375,292.89471435546875,296.78289794921875,5877.2646484375,3194.7705078125,1581.399658203125,182.4725341796875,287.3484802246094,64.0,197.9049835205078,4465.19677734375,27000.0,0.0,0.0,20000.111328125,0.0,0.0,43.0,0.0,24134.974609375,0.0,0.0,264.4664306640625,278.3042297363281,288.74774169921875,292.5577392578125,294.4077453613281,5879.673828125,3201.1953125,1587.5616455078125,862.0857543945312,195.83566284179688,289.27630615234375,83.5,66.19999694824219,12.949694633483887,4260.7998046875,20000.037109375,25.0,0.0,0.0,24100.0,264.1000061035156,278.5,288.20001220703125,292.3999938964844,296.79998779296875,5882.74462890625,3202.887451171875,1588.44287109375,864.9198608398438,193.5970458984375,290.1199951171875,83.0,84.0,150.8000030517578,4344.232421875,0.0,0.125,nan,0.0,0.0,0.0,0.0,23300.0,264.1730041503906,278.3676452636719,288.97222900390625,293.7653503417969,296.42498779296875,5877.958984375,3203.463134765625,1587.941162109375,862.3897094726562,186.02316284179688,289.3570861816406,68.0,63.25437927246094,201.0132598876953,4240.861328125,0.0,0.0,5883.58984375,3202.712158203125,1587.448486328125,862.98681640625,193.773193359375,264.25250244140625,278.09375,288.6279602050781,293.2530517578125,297.64508056640625,56.94742965698242,64.80388641357422,62.58279800415039,83.32258605957031,-0.045142173767089844,0.4763040542602539,0.31760692596435547,289.27130126953125,285.83380126953125,102315.0625,92741.59375,,23.471437454223633,12.0,0.0,7620.0,0.0,0.0,16274.0,30.0,32.0,34.0,37.0,42.0,10.0,11.0,12.0,14.0,137.0,0.0,284.6100158691406,282.5799865722656,88.0,0.0,7.199999809265137,7.599999904632568
2025-08-10T06:57,2025-08-10T07:00,24,train,0,2025,8,6,25,2025-08-09T06:00,25,2025-08-09T06:00,25,2025-08-09T06:00,22,2025-08-09T09:00,24,2025-08-09T06:00,24,2025-08-09T07:00,-999.0,0.0,0.0,0.0,91.0,10941.4111328125,2759.380859375,nan,24700.0,12886.90234375,6.687952995300293,263.83856201171875,278.1145324707031,289.5413818359375,294.2111511230469,298.1539611816406,5875.1552734375,3204.467041015625,1587.73193359375,184.74818420410156,288.55462646484375,64.19999694824219,204.3639678955078,4104.794921875,26800.0,0.0,0.0,20000.125,0.6000000238418579,0.0,100.0,0.0,24135.37890625,0.0,0.0,264.8189697265625,278.08282470703125,289.24530029296875,292.8614501953125,294.7777099609375,5881.2314453125,3198.68994140625,1583.045166015625,856.6923217773438,190.28106689453125,289.6107177734375,73.4000015258789,58.5,11.781876564025879,4393.1201171875,20000.091796875,8.0,0.0,0.0,0.0,264.3999938964844,280.3999938964844,289.0,290.70001220703125,295.1000061035156,5889.31591796875,3199.0498046875,1578.00732421875,856.9938354492188,183.52354431152344,288.58001708984375,100.0,100.0,404.32000732421875,4544.92626953125,9.999999747378752e-05,0.1875,10652.1728515625,0.0,0.0,100.0,0.0,24900.0,263.87677001953125,277.593017578125,288.3414611816406,293.7853698730469,296.86865234375,5879.595703125,3206.9013671875,1594.576904296875,869.8514404296875,193.3793487548828,289.9417724609375,67.0,58.43254470825195,213.5861053466797,4173.4033203125,0.0,0.0,5884.1328125,3205.296875,1588.46435546875,863.5845947265625,193.900634765625,264.24932861328125,278.5004577636719,288.59588623046875,293.60479736328125,297.95184326171875,51.3320426940918,67.87838745117188,60.3704833984375,76.67505645751953,-0.04608154296875,0.1319103240966797,0.1715106964111328,289.7882995605469,285.6632995605469,102320.75,92754.4296875,,23.040908813476562,33.0,69.0,9664.0,32.0,32.0,209.0,51.0,51.0,53.0,62.0,77.0,51.0,51.0,51.0,51.0,5.0,0.0,284.65997314453125,282.03997802734375,85.0,1.0,7.599999904632568,8.0
2025-08-10T06:57,2025-08-10T07:00,48,train,0,2025,8,6,43,2025-08-08T12:00,49,2025-08-08T06:00,49,2025-08-08T06:00,46,2025-08-08T09:00,48,2025-08-08T06:00,36,2025-08-08T19:00,-999.0,0.0,0.0,0.0,100.0,10088.1787109375,1847.928466796875,nan,28300.0,11645.7353515625,6.075203895568848,264.0718688964844,277.5069580078125,290.0157470703125,294.7401123046875,298.5927734375,5882.314453125,3214.280029296875,1596.6317138671875,193.406494140625,288.91070556640625,54.79999923706055,273.72564697265625,3942.90185546875,34200.0,0.0,0.0,20000.166015625,0.0,0.6000000238418579,46.400001525878906,0.0,24134.994140625,0.0,0.0,263.8526306152344,278.0190734863281,289.2970275878906,292.28326416015625,294.15118408203125,5883.7216796875,3204.98974609375,1588.0406494140625,861.9603881835938,196.4366912841797,288.8797912597656,75.30000305175781,59.599998474121094,11.402931213378906,4303.83984375,20000.072265625,3.0,0.0,14.0,24100.0,263.29998779296875,279.6000061035156,288.6000061035156,290.5,294.8999938964844,5887.9296875,3212.05859375,1589.7706298828125,869.3844604492188,196.8246307373047,288.1500244140625,94.69999694824219,98.0,230.0800018310547,4290.958984375,0.0,0.0,nan,5.0,0.0,88.0,0.0,27700.0,263.6316833496094,277.16339111328125,289.1859130859375,294.2135009765625,297.071533203125,5886.26708984375,3216.37744140625,1602.520751953125,876.453125,200.14111328125,290.3508605957031,64.0,51.87914276123047,167.0503387451172,4108.8115234375,0.0,0.5625,5884.9375,3206.193359375,1587.887939453125,861.8724975585938,191.724365234375,263.89007568359375,278.60687255859375,289.2247009277344,293.9140625,298.453125,65.7791748046875,67.45836639404297,58.17237854003906,74.93585205078125,-0.2035675048828125,0.27716922760009766,0.2490978240966797,290.2843017578125,285.7530517578125,102295.9375,92729.90625,,26.984947204589844,42.0,41.0,7778.0,32.0,32.0,256.0,24.0,24.0,27.0,42.0,52.0,54.0,54.0,54.0,55.0,3.0,0.0,284.78997802734375,282.3299865722656,83.0,3.0,8.0,8.399999618530273
2025-10-14T03:54,2025-10-14T04:00,1,train,0,2025,10,3,1,2025-10-14T03:00,4,2025-10-14T00:00,4,2025-10-14T00:00,1,2025-10-14T03:00,3,2025-10-14T00:00,1,2025-10-14T03:00,-999.0,0.0,100.0,0.0,0.0,1905.7203369140625,1687.16748046875,72600.0,83600.0,3153.3349609375,3.1472175121307373,260.9447326660156,275.28057861328125,281.74212646484375,282.6003112792969,286.3246765136719,5779.4638671875,3128.08837890625,1538.5809326171875,179.1653289794922,278.1662292480469,70.5999984741211,158.4927215576172,3694.719970703125,23900.0,0.0,0.0,1811.32080078125,99.9000015258789,92.5,5.699999809265137,32.900001525878906,24134.935546875,1.3199999557400588e-05,0.4375,260.3330993652344,276.05487060546875,279.7671203613281,277.91387939453125,281.297119140625,5775.5908203125,3125.397216796875,1533.7861328125,840.409912109375,201.29869079589844,277.28021240234375,89.5999984741211,76.19999694824219,63.065040588378906,3627.52001953125,20000.021484375,29.0,22.0,1.0,16700.0,260.3999938964844,277.3999938964844,279.8999938964844,278.8999938964844,283.0,5782.63671875,3131.932861328125,1537.281494140625,846.7246704101562,204.5686798095703,275.9599914550781,91.30000305175781,88.0,142.8000030517578,3760.320068359375,0.0,0.125,nan,51.0,89.0,7.0,0.0,23100.0,260.9422912597656,276.00848388671875,282.79412841796875,281.16461181640625,283.9609069824219,5780.48046875,3128.6943359375,1535.563232421875,834.5675048828125,179.54324340820312,279.1876220703125,71.19571685791016,57.73377227783203,159.10202026367188,3760.0,0.0,0.0,5785.2265625,3135.74560546875,1536.935791015625,843.969482421875,204.553955078125,260.650146484375,275.89300537109375,281.34814453125,278.006103515625,282.2870178222656,98.24407196044922,88.4080810546875,65.17538452148438,82.77251434326172,-0.26689910888671875,0.7668275833129883,0.18184757232666016,276.9436340332031,275.19482421875,102486.1875,92548.8828125,,24.081199645996094,89.0,0.0,7620.0,0.0,0.0,209.0,78.0,78.0,78.0,93.0,96.0,73.0,73.0,73.0,73.0,1.0,0.0,276.19000244140625,271.8999938964844,75.0,15.0,16.399999618530273,17.600000381469727
2025-09-14T06:56,2025-09-14T07:00,1,train,0,2025,9,6,1,2025-09-14T06:00,1,2025-09-14T06:00,1,2025-09-14T06:00,1,2025-09-14T06:00,0,2025-09-14T06:00,1,2025-09-14T06:00,-999.0,0.0,18.0,0.0,0.0,1472.0338134765625,1344.2850341796875,nan,86600.0,nan,6.029548168182373,256.0505676269531,272.78662109375,282.148681640625,286.66455078125,290.6611328125,5692.75537109375,3080.1884765625,1500.21728515625,131.4530792236328,281.8124694824219,92.9000015258789,239.14637756347656,3176.863525390625,12200.0,0.0,0.0,2036.648193359375,98.9000015258789,0.0,0.0,6.599999904632568,24132.255859375,1.9999999494757503e-05,0.0625,256.49676513671875,271.51519775390625,281.68682861328125,285.7681884765625,289.9776306152344,5692.52685546875,3073.986328125,1499.477294921875,792.8248901367188,134.4190673828125,285.2624206542969,79.0999984741211,75.80000305175781,30.148332595825195,2770.080078125,20000.1640625,22.0,1.0,0.0,24100.0,256.1000061035156,273.1000061035156,282.0,286.20001220703125,290.5,5699.91357421875,3081.25439453125,1499.97607421875,793.330322265625,136.16796875,282.739990234375,99.0999984741211,97.0,71.91999816894531,3075.959716796875,0.0,0.625,1408.7095947265625,88.0,0.0,0.0,15.0,16500.0,255.6333465576172,272.31634521484375,281.3536682128906,286.7623596191406,290.58563232421875,5689.9912109375,3078.6669921875,1503.401611328125,796.8750610351562,135.2482452392578,283.731689453125,76.34959411621094,80.78125,420.3340148925781,2949.254150390625,0.0,0.125,5701.34765625,3082.26220703125,1501.69287109375,795.3509521484375,137.70263671875,256.38665771484375,272.4969482421875,282.055419921875,286.34283447265625,290.5526428222656,89.2640151977539,85.90882110595703,64.86415100097656,79.15713500976562,-0.136566162109375,0.39301204681396484,0.2885761260986328,283.3953552246094,280.1453552246094,101641.0,92010.1953125,,18.554943084716797,48.0,0.0,7620.0,0.0,0.0,16274.0,77.0,78.0,86.0,94.0,100.0,10.0,10.0,11.0,13.0,11.0,0.0,278.39996337890625,277.16998291015625,90.0,4.0,6.0,6.5
2025-09-14T06:56,2025-09-14T07:00,24,train,0,2025,9,6,25,2025-09-13T06:00,25,2025-09-13T06:00,25,2025-09-13T06:00,22,2025-09-13T09:00,24,2025-09-13T06:00,24,2025-09-13T07:00,-999.0,0.0,0.0,0.0,0.0,nan,nan,nan,nan,nan,5.785252571105957,257.2422180175781,272.3924865722656,281.6329040527344,286.4989013671875,290.6790771484375,5703.23388671875,3084.603759765625,1508.996337890625,141.5546112060547,280.8683166503906,82.0,157.85626220703125,2974.656005859375,16900.0,0.0,0.0,20000.140625,0.0,0.0,0.0,0.0,24135.154296875,0.0,0.0,256.15008544921875,273.04815673828125,281.1149597167969,283.1983337402344,287.1817626953125,5694.37451171875,3078.73876953125,1498.8685302734375,794.5564575195312,141.3626251220703,281.99407958984375,88.19999694824219,81.0999984741211,21.44485092163086,3063.52001953125,19999.818359375,30.0,0.0,0.0,24100.0,256.1000061035156,274.5,282.3999938964844,285.79998779296875,290.1000061035156,5699.7021484375,3080.978515625,1495.5579833984375,789.76025390625,132.4798583984375,282.5799865722656,93.80000305175781,95.0,145.67999267578125,3295.1533203125,0.0,0.375,nan,6.0,0.0,0.0,0.0,23700.0,257.04974365234375,273.28369140625,281.5989990234375,287.21136474609375,290.86431884765625,5698.3125,3082.54345703125,1505.4490966796875,798.554931640625,135.7810821533203,283.6121826171875,67.47413635253906,67.65133666992188,618.1538696289062,3134.73876953125,0.0,0.0,5703.96875,3084.711181640625,1504.435791015625,796.606201171875,137.7724609375,256.5836181640625,272.2545166015625,282.1165771484375,287.33502197265625,291.354736328125,89.36441040039062,78.90363311767578,61.915306091308594,74.61548614501953,0.16084671020507812,0.1362295150756836,0.08002853393554688,283.47210693359375,279.40960693359375,101640.125,92025.1171875,,17.381677627563477,25.0,0.0,7620.0,30.0,32.0,209.0,30.0,31.0,32.0,34.0,37.0,58.0,61.0,61.0,61.0,3.0,0.0,278.04998779296875,276.07000732421875,88.0,3.0,6.400000095367432,6.900000095367432
2025-09-14T06:56,2025-09-14T07:00,48,train,0,2025,9,6,43,2025-09-12T12:00,49,2025-09-12T06:00,49,2025-09-12T06:00,46,2025-09-12T09:00,48,2025-09-12T06:00,36,2025-09-12T19:00,-999.0,0.0,17.0,0.0,0.0,1471.2581787109375,1344.0457763671875,nan,86700.0,nan,5.13066291809082,257.40142822265625,273.3165283203125,281.20306396484375,285.8995361328125,290.08074951171875,5702.2626953125,3078.412109375,1501.73291015625,134.36563110351562,280.64105224609375,92.80000305175781,169.33470153808594,3393.843994140625,12200.0,0.0,0.14000000059604645,2908.712646484375,83.5,7.300000190734863,0.0,0.0,24134.673828125,0.0,0.0,256.69451904296875,272.7484130859375,282.3343505859375,284.6249084472656,288.44244384765625,5688.4423828125,3078.2060546875,1497.7974853515625,789.878173828125,133.77537536621094,282.9327087402344,83.80000305175781,75.19999694824219,12.82522964477539,3011.52001953125,6870.8623046875,41.0,54.0,0.0,24100.0,257.8999938964844,273.29998779296875,282.70001220703125,286.6000061035156,290.79998779296875,5700.9248046875,3072.951904296875,1485.85205078125,778.4411010742188,118.72331237792969,283.7099914550781,94.0999984741211,96.0,223.44000244140625,3103.431640625,0.0,0.8125,nan,34.0,0.0,0.0,0.0,23200.0,257.29931640625,272.5111083984375,282.1840515136719,287.7427062988281,291.4285583496094,5704.14111328125,3085.979736328125,1507.1390380859375,798.8327026367188,136.05270385742188,284.69281005859375,69.12109375,67.1735610961914,522.4765014648438,2984.1328125,0.0,0.0,5711.97265625,3088.042724609375,1505.46142578125,795.9822998046875,136.134521484375,257.47454833984375,273.080810546875,283.011962890625,288.2367858886719,292.1184997558594,58.37387466430664,68.9309310913086,49.4702033996582,66.25711059570312,0.17619895935058594,0.3425741195678711,0.21415138244628906,282.9149169921875,277.5711669921875,101614.8125,92018.703125,,15.163336753845215,37.0,0.0,7620.0,32.0,32.0,201.0,29.0,29.0,33.0,45.0,56.0,65.0,72.0,74.0,75.0,15.0,0.0,278.78997802734375,276.6600036621094,88.0,4.0,6.0,6.599999904632568
2025-11-03T22:47,2025-11-03T23:00,1,train,0,2025,11,22,1,2025-11-03T22:00,5,2025-11-03T18:00,5,2025-11-03T18:00,1,2025-11-03T22:00,0,2025-11-04T00:00,1,2025-11-03T22:00,1893.1600341796875,100.0,100.0,100.0,100.0,1343.071044921875,1342.974853515625,32400.0,85700.0,9218.7978515625,10.395050048828125,249.74447631835938,264.75054931640625,274.35919189453125,278.72021484375,282.853759765625,5463.14453125,2933.489990234375,1400.0631103515625,71.64637756347656,274.1781005859375,99.9000015258789,411.81414794921875,1543.8372802734375,100.0,9.999999747378752e-05,0.0430000014603138,785.6281127929688,100.0,100.0,81.80000305175781,59.29999923706055,435.6340637207031,0.00014319999900180846,0.3125,250.78102111816406,264.8041076660156,274.2305603027344,277.8094482421875,281.9712219238281,5456.5,2924.705810546875,1391.9619140625,705.611083984375,64.78984069824219,277.1696472167969,98.69999694824219,98.30000305175781,583.668212890625,1532.3199462890625,1196.487060546875,48.0,100.0,100.0,100.0,252.39999389648438,266.0,274.3999938964844,278.29998779296875,282.5,5471.47900390625,2929.099365234375,1390.6961669921875,705.1802978515625,63.70821762084961,274.989990234375,100.0,100.0,569.2000122070312,1566.506103515625,0.0012000000569969416,2.625,3395.728271484375,59.0,100.0,100.0,26.0,15206.236328125,249.68504333496094,264.9275207519531,274.56317138671875,278.79656982421875,282.88946533203125,5467.3662109375,2939.138916015625,1404.852783203125,718.1477661132812,74.72055053710938,277.0267639160156,86.0,83.87928009033203,401.1591796875,1630.0,9.999999747378752e-06,0.0,5449.17578125,2921.304931640625,1386.681884765625,701.175537109375,60.396728515625,248.04161071777344,264.78363037109375,274.1971435546875,278.37738037109375,282.7507019042969,99.6317367553711,96.13060760498047,90.39678192138672,91.24052429199219,-0.8666753768920898,1.1886329650878906,0.5606412887573242,276.0618591308594,275.7980651855469,100753.625,90950.34375,,12.963014602661133,95.0,0.0,7620.0,0.0,0.0,209.0,53.0,72.0,80.0,81.0,86.0,81.0,81.0,83.0,83.0,10.0,0.0,270.6000061035156,270.5799865722656,99.0,12.0,22.0,24.799999237060547
2025-11-03T22:47,2025-11-03T23:00,24,train,0,2025,11,22,23,2025-11-03T00:00,23,2025-11-03T00:00,23,2025-11-03T00:00,26,2025-11-02T21:00,24,2025-11-03T00:00,24,2025-11-02T23:00,2569.39990234375,100.0,100.0,100.0,18.0,1343.1612548828125,1343.0032958984375,34600.0,85700.0,8783.876953125,8.054060935974121,250.5767059326172,264.485595703125,274.3895263671875,278.9250183105469,283.1444091796875,5470.2783203125,2936.927734375,1403.490966796875,75.04206085205078,274.4565124511719,100.0,440.7581481933594,1547.073486328125,100.0,0.00019999999494757503,0.20000000298023224,1109.305419921875,92.5,100.0,100.0,44.29999923706055,21928.279296875,3.600000127335079e-05,0.0625,249.84902954101562,264.8460998535156,274.4217529296875,277.5919494628906,281.7543640136719,5459.095703125,2927.38330078125,1392.345947265625,705.8602294921875,65.60440826416016,276.91839599609375,97.5999984741211,96.80000305175781,206.0494842529297,1566.4000244140625,1196.43798828125,99.0,100.0,20.0,200.0,251.1999969482422,264.8999938964844,274.5,278.70001220703125,282.8999938964844,5464.6494140625,2930.97216796875,1395.3946533203125,708.9535522460938,67.01740264892578,275.5,100.0,100.0,935.8400268554688,1576.9599609375,0.0010999999940395355,3.875,2077.539794921875,75.0,100.0,100.0,34.0,9929.8251953125,250.9210968017578,264.1170654296875,274.5516052246094,279.29107666015625,283.5439758300781,5472.92724609375,2937.740478515625,1404.250244140625,717.0496826171875,74.72360229492188,278.1957702636719,90.0,89.95409393310547,508.0086669921875,1650.0,0.0002099999983329326,0.875,5439.34765625,2914.107666015625,1380.91650390625,695.6005249023438,55.544189453125,248.65415954589844,264.7463073730469,274.0098876953125,278.24444580078125,282.5035400390625,100.18930053710938,97.20083618164062,93.5740737915039,94.18822479248047,-0.35686492919921875,0.7351150512695312,0.30031681060791016,276.6327209472656,276.53692626953125,100702.4375,90886.578125,,12.531092643737793,96.0,0.0,7620.0,0.0,0.0,256.0,90.0,90.0,90.0,90.0,92.0,68.0,73.0,78.0,87.0,24.0,0.0,271.0699768066406,271.04998779296875,99.0,36.0,22.799999237060547,25.600000381469727
2025-10-14T03:54,2025-10-14T04:00,24,train,0,2025,10,3,22,2025-10-13T06:00,22,2025-10-13T06:00,22,2025-10-13T06:00,25,2025-10-13T03:00,21,2025-10-13T06:00,24,2025-10-13T04:00,-999.0,0.0,100.0,100.0,100.0,1904.751220703125,1920.380126953125,60400.0,81300.0,4808.35498046875,3.2983953952789307,260.935546875,275.6728820800781,281.653076171875,281.598388671875,285.3958435058594,5783.8310546875,3137.5556640625,1543.9775390625,186.29190063476562,277.7845153808594,76.0,219.31790161132812,3599.199951171875,20600.0,0.0,6.460000038146973,1002.0595703125,100.0,61.79999923706055,100.0,100.0,24134.732421875,9.60000033956021e-06,0.75,261.62353515625,276.07122802734375,280.3441467285156,277.8141174316406,281.6730651855469,5774.53955078125,3120.7060546875,1529.6290283203125,835.3749389648438,195.1993408203125,277.8477783203125,97.5,94.80000305175781,96.98617553710938,3641.919921875,19999.86328125,39.0,43.0,0.0,1900.0,261.3999938964844,277.1000061035156,278.6000061035156,277.1000061035156,281.29998779296875,5775.2978515625,3123.4775390625,1530.153564453125,843.2490844726562,205.44451904296875,273.80999755859375,100.0,100.0,179.44000244140625,3536.159912109375,0.0006000000284984708,1.9375,2838.7861328125,95.0,97.0,1.0,0.0,21100.0,260.4369812011719,274.62847900390625,282.7966003417969,280.3011474609375,283.2985534667969,5778.9716796875,3136.628662109375,1544.981201171875,844.5189208984375,191.45883178710938,279.136474609375,73.96183776855469,63.9465446472168,169.2127685546875,3410.0,3.9999998989515007e-05,0.3125,5790.30859375,3135.619384765625,1533.4736328125,838.606689453125,198.3115234375,261.5128173828125,276.6365966796875,281.68414306640625,278.3983154296875,282.7225341796875,91.06803131103516,99.42528533935547,64.27713775634766,69.59109497070312,0.008195877075195312,0.6371707916259766,0.005614280700683594,277.822509765625,273.46087646484375,102406.1875,92496.640625,,25.171348571777344,88.0,0.0,7620.0,0.0,0.0,209.0,78.0,78.0,79.0,87.0,93.0,67.0,67.0,67.0,67.0,0.0,0.0,276.69000244140625,271.97998046875,71.0,12.0,17.200000762939453,18.5
2025-10-14T03:54,2025-10-14T04:00,48,train,0,2025,10,3,46,2025-10-12T06:00,46,2025-10-12T06:00,46,2025-10-12T06:00,49,2025-10-12T03:00,45,2025-10-12T06:00,36,2025-10-12T16:00,2696.199951171875,100.0,100.0,100.0,59.0,1343.788818359375,1343.8721923828125,63700.0,87100.0,4324.23681640625,3.0273468494415283,261.47113037109375,276.55035400390625,281.2502136230469,281.4656677246094,285.4713134765625,5779.7578125,3124.17919921875,1528.144775390625,169.18670654296875,278.7618103027344,97.9000015258789,373.9058837890625,3726.719970703125,100.0,0.000699999975040555,45.63999938964844,2070.841796875,100.0,85.9000015258789,0.0,9.300000190734863,24135.248046875,7.60000011723605e-06,0.0625,260.9774475097656,274.9537048339844,280.5551452636719,279.60333251953125,283.1678466796875,5773.96044921875,3130.558837890625,1542.5455322265625,846.3818359375,202.89694213867188,279.15020751953125,85.69999694824219,72.80000305175781,47.842384338378906,3464.639892578125,1231.3446044921875,37.0,97.0,65.0,9000.0,260.8999938964844,277.0,278.70001220703125,276.8999938964844,281.0,5787.59423828125,3127.046142578125,1533.3406982421875,846.7760620117188,206.77761840820312,273.4800109863281,99.0,100.0,179.36000061035156,3982.080078125,0.0,0.8125,1260.4669189453125,100.0,98.0,100.0,61.0,6500.0,261.1651611328125,276.48944091796875,282.7843322753906,279.33587646484375,282.5813293457031,5777.66943359375,3121.04150390625,1522.1363525390625,822.34619140625,168.93955993652344,279.2044677734375,95.23052978515625,96.95115661621094,330.5906066894531,3750.0,7.999999797903001e-05,13.375,5792.8046875,3138.914306640625,1540.412353515625,845.036376953125,202.915771484375,261.5611267089844,275.8948059082031,282.16094970703125,279.0169677734375,283.5691223144531,93.68013763427734,85.84420776367188,66.0282211303711,71.86412048339844,-0.1179962158203125,0.7570858001708984,0.0013494491577148438,277.2122497558594,273.6864929199219,102463.375,92570.375,,23.791112899780273,82.0,0.0,7620.0,30.0,32.0,256.0,68.0,73.0,78.0,92.0,100.0,58.0,59.0,60.0,64.0,0.0,0.0,276.58001708984375,271.92999267578125,72.0,12.0,18.0,19.299999237060547
2025-11-03T22:47,2025-11-03T23:00,48,train,0,2025,11,22,47,2025-11-02T00:00,47,2025-11-02T00:00,47,2025-11-02T00:00,50,2025-11-01T21:00,48,2025-11-02T00:00,36,2025-11-02T11:00,4579.39990234375,100.0,100.0,100.0,0.0,1343.0592041015625,1342.9720458984375,42400.0,85700.0,6796.31103515625,7.455303192138672,248.1004638671875,264.49853515625,273.7403259277344,278.4459228515625,282.72967529296875,5464.47900390625,2940.44482421875,1408.2681884765625,82.24280548095703,274.2006530761719,99.69999694824219,415.7182312011719,1509.50830078125,200.0,0.0013000000035390258,4.510000228881836,876.3372802734375,100.0,100.0,77.9000015258789,59.70000076293945,10070.126953125,0.0003239999932702631,1.8125,249.1743621826172,265.1314392089844,274.6733703613281,278.6779479980469,282.8636169433594,5461.095703125,2932.5078125,1395.415771484375,707.8552856445312,64.93287658691406,277.998779296875,97.0,95.69999694824219,986.1925048828125,1642.56005859375,1265.6102294921875,99.0,100.0,0.0,2700.0,250.5,263.8999938964844,274.1000061035156,277.8999938964844,282.1000061035156,5465.05615234375,2927.474853515625,1394.4964599609375,709.9402465820312,65.69628143310547,274.8399658203125,97.9000015258789,100.0,1322.719970703125,1635.3349609375,0.0006000000284984708,6.25,1100.756103515625,100.0,100.0,0.0,95.0,4300.0,247.04928588867188,264.2865905761719,274.18133544921875,279.19482421875,283.53033447265625,5463.8134765625,2947.50732421875,1413.6453857421875,727.2236328125,86.70574951171875,278.4166564941406,89.06522369384766,90.3069839477539,615.7750244140625,1590.0,0.0007600000244565308,2.0625,5448.578125,2921.886474609375,1386.8212890625,700.594970703125,59.944091796875,248.49440002441406,264.97320556640625,274.2925720214844,278.63153076171875,282.7754211425781,99.27422332763672,98.65702056884766,91.69430541992188,92.87675476074219,-0.5165128707885742,0.48674583435058594,0.36858654022216797,276.951904296875,276.81854248046875,100750.8125,90934.3125,,13.101451873779297,98.0,0.0,7620.0,0.0,0.0,256.0,94.0,95.0,96.0,96.0,98.0,69.0,71.0,73.0,78.0,24.0,0.0,271.2599792480469,270.7699890136719,96.0,50.0,24.399999618530273,26.899999618530273
2025-11-22T16:56,2025-11-22T17:00,1,holdout_webcam,0,2025,11,16,1,2025-11-22T16:00,5,2025-11-22T12:00,5,2025-11-22T12:00,1,2025-11-22T16:00,0,2025-11-22T18:00,1,2025-11-22T16:00,-999.0,0.0,81.0,0.0,0.0,nan,1341.917724609375,nan,85400.0,nan,7.2737531661987305,250.28277587890625,262.983642578125,266.7201232910156,272.12164306640625,276.4000244140625,5420.341796875,2886.95166015625,1385.627685546875,82.30195617675781,267.51873779296875,96.30000305175781,402.3043212890625,441.20001220703125,12300.0,0.0,0.0,1406.48828125,80.0,0.0,0.0,27.899999618530273,12098.5,1.920000067912042e-05,0.1875,249.82476806640625,264.1899108886719,267.97943115234375,274.413818359375,278.52081298828125,5421.84912109375,2884.465576171875,1381.08447265625,708.93505859375,76.9271240234375,274.52459716796875,68.0,65.69999694824219,1230.4478759765625,841.760009765625,20000.078125,31.0,0.0,0.0,24100.0,250.0,265.20001220703125,266.70001220703125,271.70001220703125,275.70001220703125,5419.43408203125,2883.6708984375,1379.0794677734375,711.3209838867188,80.0777816772461,269.8999938964844,86.69999694824219,92.0,605.5999755859375,681.1199951171875,0.0,0.375,1446.1123046875,96.0,0.0,34.0,96.0,14600.0,249.91226196289062,262.90655517578125,266.929931640625,272.3785400390625,276.82586669921875,5415.1572265625,2885.68994140625,1387.2314453125,718.9232788085938,85.79020690917969,272.38470458984375,90.0,85.33843231201172,815.2103271484375,640.0,0.0,0.0,5409.5390625,2879.576904296875,1381.295166015625,711.0408325195312,82.095947265625,250.38421630859375,263.25408935546875,267.2054443359375,273.4658203125,277.563720703125,11.135865211486816,94.24613189697266,65.70246887207031,63.0197868347168,0.3401031494140625,0.5429925918579102,0.6433372497558594,272.65386962890625,268.490478515625,101041.25,91022.21875,,5.114510536193848,71.0,0.0,7620.0,0.0,0.0,256.0,74.0,81.0,88.0,90.0,90.0,71.0,71.0,72.0,72.0,13.0,0.0,265.05999755859375,264.16998291015625,95.0,1.0,11.600000381469727,13.600000381469727
2025-12-11T13:59,2025-12-11T14:00,1,train,0,2025,12,13,1,2025-12-11T13:00,2,2025-12-11T12:00,2,2025-12-11T12:00,1,2025-12-11T13:00,3,2025-12-11T12:00,1,2025-12-11T13:00,-999.0,100.0,100.0,0.0,0.0,1341.168212890625,1341.0338134765625,78000.0,83500.0,1843.868896484375,12.084513664245605,242.18902587890625,256.5333251953125,262.4948425292969,267.19879150390625,271.2445983886719,5149.759765625,2684.21044921875,1211.40478515625,-63.16725158691406,261.4757080078125,89.5999984741211,385.86669921875,0.0,900.0,9.999999747378752e-05,0.2160000056028366,784.6480712890625,81.80000305175781,0.0,0.0,100.0,509.1124267578125,2.5200000891345553e-05,0.1875,241.62025451660156,257.0256042480469,260.1192626953125,265.51165771484375,269.47320556640625,5149.1064453125,2687.603759765625,1220.3319091796875,569.0550537109375,-42.03726577758789,264.2957458496094,89.9000015258789,87.80000305175781,917.5691528320312,0.0,19999.97265625,47.0,0.0,0.0,0.0,242.6999969482422,259.0,261.79998779296875,265.79998779296875,269.70001220703125,5165.3076171875,2691.476806640625,1213.3505859375,560.121826171875,-55.43889236450195,263.42999267578125,95.0,100.0,434.55999755859375,0.0,0.0020000000949949026,5.1875,793.8934326171875,100.0,1.0,0.0,100.0,800.0,242.05999755859375,255.60398864746094,262.3955993652344,267.8002014160156,271.9466552734375,5158.13330078125,2699.848388671875,1230.328857421875,573.8028564453125,-43.354827880859375,266.58477783203125,89.44619750976562,85.35606384277344,682.1746826171875,0.0,9.999999747378752e-05,0.3125,5138.7421875,2684.07568359375,1223.3603515625,571.2177124023438,-40.2646484375,241.49839782714844,255.78768920898438,260.38885498046875,266.0522155761719,269.9440612792969,10.542484283447266,97.17974090576172,74.47628784179688,73.60557556152344,1.8153600692749023,2.165699005126953,1.0683040618896484,264.4342041015625,260.93243408203125,99500.4375,89337.25,,2.151747703552246,79.0,0.0,7620.0,0.0,0.0,0.0,65.0,79.0,84.0,87.0,87.0,66.0,67.0,69.0,70.0,2.0,0.0,257.67999267578125,256.989990234375,94.0,6.0,33.599998474121094,36.29999923706055
2025-11-22T16:56,2025-11-22T17:00,24,holdout_webcam,0,2025,11,16,23,2025-11-21T18:00,23,2025-11-21T18:00,23,2025-11-21T18:00,26,2025-11-21T15:00,24,2025-11-21T18:00,24,2025-11-21T17:00,-999.0,49.0,53.0,0.0,0.0,nan,1341.824951171875,nan,85300.0,nan,8.06362247467041,249.91319274902344,263.22515869140625,266.60540771484375,271.84002685546875,276.0946044921875,5411.59033203125,2882.2392578125,1379.6217041015625,77.48075866699219,267.2650146484375,96.9000015258789,391.0897216796875,406.55999755859375,12200.0,0.0,3.009999990463257,1349.9537353515625,74.30000305175781,0.0,0.0,39.900001525878906,21298.986328125,5.599999894911889e-06,0.0,249.9317169189453,262.9965515136719,266.9981384277344,273.54766845703125,277.6512756347656,5417.02734375,2886.621826171875,1387.2528076171875,717.5730590820312,87.66343688964844,273.84381103515625,64.9000015258789,63.0,1208.5504150390625,787.0399780273438,19999.806640625,41.0,0.0,0.0,0.0,249.3000030517578,263.1000061035156,264.6000061035156,269.3999938964844,273.3999938964844,5404.00244140625,2875.123046875,1376.021484375,713.995361328125,86.74968719482422,267.2099914550781,98.0,100.0,362.6400146484375,267.67999267578125,0.00019999999494757503,0.375,905.919677734375,100.0,0.0,0.0,100.0,8600.0,249.3629913330078,263.0747375488281,265.66851806640625,270.98724365234375,275.3743591308594,5406.236328125,2879.32470703125,1383.0279541015625,718.2298583984375,86.76493835449219,270.7756652832031,95.95851135253906,92.72343444824219,775.021484375,400.0,1.9999999494757503e-05,1.8125,5410.16796875,2879.213623046875,1376.35595703125,710.0733032226562,84.644287109375,250.1986083984375,263.87213134765625,266.00262451171875,271.8760986328125,275.9214782714844,8.34372329711914,100.67822265625,76.80673217773438,73.567138671875,0.739415168762207,0.6171064376831055,0.5497379302978516,271.3796081542969,268.438232421875,101070.625,90991.15625,,4.276648044586182,75.0,0.0,7620.0,30.0,32.0,209.0,75.0,75.0,75.0,76.0,82.0,53.0,53.0,53.0,53.0,4.0,0.0,264.4599914550781,263.0099792480469,91.0,0.0,12.399999618530273,14.399999618530273
2025-11-22T16:56,2025-11-22T17:00,48,holdout_webcam,0,2025,11,16,47,2025-11-20T18:00,47,2025-11-20T18:00,47,2025-11-20T18:00,50,2025-11-20T15:00,48,2025-11-20T18:00,36,2025-11-21T05:00,-999.0,0.0,78.0,0.0,0.0,nan,1341.5235595703125,nan,85500.0,nan,6.495373725891113,248.487548828125,259.3897705078125,264.62432861328125,269.9002685546875,274.11016845703125,5382.55419921875,2874.469970703125,1388.8978271484375,99.559326171875,265.7568359375,95.80000305175781,441.07464599609375,172.0800018310547,12600.0,0.0,3.25,19999.98046875,4.0,100.0,90.19999694824219,11.399999618530273,24134.951171875,0.0,0.0,252.36322021484375,265.5267333984375,266.5132141113281,272.92364501953125,276.982421875,5445.33447265625,2895.954345703125,1387.463623046875,719.313720703125,90.9799575805664,273.0896301269531,63.20000076293945,60.70000076293945,778.7534790039062,766.8800048828125,7030.0986328125,30.0,91.0,64.0,24100.0,249.0,264.6000061035156,263.29998779296875,267.8999938964844,271.8999938964844,5414.92333984375,2884.583984375,1373.3507080078125,715.0906372070312,92.18254852294922,266.0400085449219,87.30000305175781,90.0,280.4800109863281,87.36000061035156,0.0,0.0,1022.8306884765625,100.0,0.0,0.0,100.0,15800.0,247.68649291992188,258.620849609375,264.24853515625,269.56488037109375,274.03057861328125,5378.51416015625,2875.0751953125,1394.6973876953125,733.8812255859375,109.56749725341797,269.77423095703125,87.93445587158203,82.493408203125,601.8926391601562,240.0,0.0,1.0,5412.52734375,2882.593994140625,1379.654052734375,712.110595703125,85.808837890625,250.0311737060547,264.40924072265625,266.0985412597656,272.3570861816406,276.4288024902344,8.638347625732422,97.7912826538086,66.45893859863281,63.785980224609375,0.56201171875,0.5278635025024414,0.5428152084350586,271.8849182128906,267.13519287109375,101088.25,91023.21875,,4.086978912353516,87.0,0.0,7620.0,32.0,32.0,201.0,76.0,76.0,76.0,76.0,76.0,44.0,44.0,46.0,48.0,2.0,0.0,263.67999267578125,261.8299865722656,88.0,0.0,15.600000381469727,17.600000381469727
2025-12-11T13:59,2025-12-11T14:00,24,train,0,2025,12,13,26,2025-12-10T12:00,26,2025-12-10T12:00,26,2025-12-10T12:00,23,2025-12-10T15:00,21,2025-12-10T18:00,24,2025-12-10T14:00,-999.0,0.0,100.0,0.0,0.0,nan,1340.5284423828125,nan,83300.0,nan,15.694607734680176,242.09593200683594,258.5736083984375,260.67822265625,264.5382385253906,268.5393981933594,5142.9228515625,2673.91357421875,1196.921630859375,-75.21980285644531,258.06304931640625,86.30000305175781,297.3879089355469,0.0,12200.0,0.0,18.860000610351562,784.960205078125,76.30000305175781,0.0,0.0,98.5,350.45635986328125,3.279999873484485e-05,0.25,241.8648681640625,258.2187805175781,261.59002685546875,266.6217956542969,270.61077880859375,5148.49365234375,2679.86865234375,1205.7891845703125,551.3588256835938,-62.35191345214844,265.26104736328125,91.0,88.9000015258789,766.5408935546875,0.0,1195.014404296875,62.0,0.0,0.0,0.0,242.5,259.8999938964844,261.6000061035156,265.1000061035156,269.1000061035156,5162.24853515625,2685.113037109375,1198.99072265625,547.1808471679688,-65.2293472290039,262.7200012207031,95.69999694824219,100.0,349.1199951171875,0.0,0.00139999995008111,5.125,849.7160034179688,100.0,0.0,0.0,100.0,6400.0,241.98202514648438,256.72821044921875,259.97760009765625,263.9169921875,267.9771728515625,5133.951171875,2673.094970703125,1201.7047119140625,553.7288208007812,-63.66072082519531,262.2004089355469,90.53538513183594,88.68814086914062,462.1679382324219,0.0,0.0,12.6875,5130.48828125,2673.960693359375,1209.761962890625,562.044921875,-45.020263671875,241.84107971191406,256.4548034667969,258.857666015625,264.17218017578125,267.94696044921875,7.5736083984375,90.9856948852539,78.76367950439453,78.33247375488281,0.9763240814208984,2.2707948684692383,0.9159765243530273,262.58837890625,259.903076171875,99434.6875,89207.046875,,1.760630488395691,71.0,0.0,7620.0,0.0,0.0,256.0,58.0,62.0,77.0,77.0,77.0,59.0,59.0,61.0,66.0,2.0,0.0,258.260009765625,257.7599792480469,96.0,8.0,30.799999237060547,33.0
2025-12-11T13:59,2025-12-11T14:00,48,train,0,2025,12,13,44,2025-12-09T18:00,50,2025-12-09T12:00,50,2025-12-09T12:00,47,2025-12-09T15:00,45,2025-12-09T18:00,36,2025-12-10T02:00,-999.0,0.0,100.0,100.0,0.0,5512.3310546875,1340.5609130859375,nan,83400.0,6295.275390625,15.483492851257324,241.4524688720703,259.8068542480469,262.2234191894531,264.7010803222656,268.6972351074219,5158.7763671875,2686.643798828125,1199.233154296875,-78.66592407226562,259.1044616699219,87.19999694824219,285.9275207519531,0.0,12200.0,0.0,24.450000762939453,15677.5810546875,55.29999923706055,0.8999999761581421,0.0,77.0,4689.30517578125,1.680000059423037e-05,0.1875,241.7049560546875,257.2707214355469,263.1138916015625,268.205322265625,272.2239990234375,5143.14697265625,2680.361328125,1204.53271484375,546.1697387695312,-71.32023620605469,266.8880920410156,89.69999694824219,87.30000305175781,445.5769348144531,0.0,1195.0921630859375,67.0,1.0,0.0,0.0,241.0,258.70001220703125,260.0,264.29998779296875,268.20001220703125,5122.08837890625,2656.407958984375,1176.3031005859375,526.972900390625,-83.44593811035156,261.6199951171875,96.0999984741211,100.0,387.760009765625,0.0,0.00139999995008111,5.9375,823.2679443359375,100.0,99.0,0.0,100.0,3200.0,241.62010192871094,259.0189514160156,261.289794921875,264.851806640625,268.89959716796875,5166.58544921875,2696.41259765625,1216.212890625,565.2158203125,-57.061065673828125,263.16876220703125,90.882080078125,92.50350189208984,460.56134033203125,0.0,9.999999747378752e-06,7.75,5147.69140625,2679.204345703125,1199.1318359375,541.0660400390625,-75.211181640625,242.14816284179688,257.6689453125,262.85296630859375,268.2424621582031,272.0684814453125,33.21045684814453,94.6517333984375,76.47525024414062,76.74244689941406,0.18527793884277344,2.080918312072754,0.7495889663696289,266.5716552734375,263.650634765625,99072.375,89027.078125,,3.0021779537200928,67.0,0.0,7620.0,32.0,32.0,256.0,62.0,63.0,68.0,69.0,72.0,54.0,54.0,55.0,58.0,2.0,0.0,259.2699890136719,259.03997802734375,99.0,7.0,25.600000381469727,27.399999618530273
2025-12-31T16:59,2025-12-31T17:00,1,holdout_webcam,0,2025,12,16,1,2025-12-31T16:00,5,2025-12-31T12:00,5,2025-12-31T12:00,1,2025-12-31T16:00,0,2025-12-31T18:00,1,2025-12-31T16:00,-999.0,0.0,8.0,0.0,0.0,nan,1454.3382568359375,nan,82900.0,nan,13.113286018371582,242.49566650390625,253.95681762695312,257.986328125,263.43768310546875,267.5093994140625,5183.046875,2729.425048828125,1279.603515625,22.794677734375,257.5877685546875,73.9000015258789,417.77728271484375,0.0,21800.0,0.0,0.0,19999.8671875,1.600000023841858,60.29999923706055,0.5,2.0999999046325684,24134.869140625,4.0000000467443897e-07,0.0,242.2068328857422,254.23709106445312,257.99969482421875,264.0274963378906,267.98028564453125,5175.5048828125,2720.330322265625,1274.0653076171875,627.6664428710938,20.27956199645996,263.4700012207031,56.099998474121094,50.70000076293945,1258.21435546875,0.0,20000.052734375,2.0,0.0,0.0,24100.0,243.0,255.3000030517578,256.6000061035156,260.8999938964844,264.79998779296875,5181.23583984375,2714.369384765625,1266.9771728515625,626.1746826171875,15.664718627929688,258.4700012207031,79.69999694824219,87.0,694.47998046875,0.0,0.0,0.0,nan,99.0,2.0,0.0,99.0,22500.0,242.217041015625,253.09637451171875,257.1012268066406,263.1068420410156,267.3196105957031,5169.27587890625,2723.013916015625,1275.212890625,631.2405395507812,21.88629150390625,262.56365966796875,74.03174591064453,66.90509033203125,679.0513916015625,0.0,0.0,0.0,5174.73046875,2724.14453125,1273.34033203125,625.2947998046875,17.034423828125,241.2119140625,253.64971923828125,258.5496826171875,264.5025634765625,268.4407958984375,71.58277130126953,76.7725601196289,51.22306823730469,50.007755279541016,0.8578720092773438,0.5006513595581055,0.6536474227905273,263.42144775390625,255.13442993164062,100227.5,89950.765625,,3.0353779792785645,50.0,0.0,7620.0,88888.0,1080.0,209.0,15.0,16.0,17.0,17.0,20.0,70.0,70.0,72.0,72.0,2.0,8.0,253.25,251.3199920654297,83.0,0.0,24.399999618530273,28.100000381469727
2025-12-31T16:59,2025-12-31T17:00,24,holdout_webcam,0,2025,12,16,23,2025-12-30T18:00,23,2025-12-30T18:00,23,2025-12-30T18:00,26,2025-12-30T15:00,24,2025-12-30T18:00,24,2025-12-30T17:00,-999.0,100.0,100.0,100.0,0.0,6172.04150390625,1340.4190673828125,nan,84000.0,7533.17822265625,13.472053527832031,242.22105407714844,252.39768981933594,257.49017333984375,262.90179443359375,266.8936767578125,5153.833984375,2709.4931640625,1265.06787109375,12.28826904296875,257.0606689453125,86.80000305175781,457.01348876953125,0.0,13700.0,0.0,1.7100000381469727,15747.474609375,62.20000076293945,98.9000015258789,5.0,1.899999976158142,21544.181640625,4.800000169780105e-06,0.0,243.50001525878906,252.6587371826172,258.2712707519531,264.35595703125,268.3207092285156,5177.93310546875,2716.8974609375,1274.707275390625,627.3923950195312,19.174030303955078,263.80615234375,67.9000015258789,63.29999923706055,1389.4051513671875,0.0,20000.005859375,5.0,18.0,0.0,24100.0,242.5,255.3000030517578,256.5,260.79998779296875,264.70001220703125,5161.74560546875,2704.56884765625,1255.6082763671875,615.1382446289062,5.074906349182129,258.19000244140625,78.5999984741211,81.0,473.44000244140625,0.0,0.0,0.0,nan,23.0,86.0,0.0,23.0,26700.0,241.75692749023438,251.56234741210938,256.6729736328125,262.1844177246094,266.3145751953125,5148.12890625,2707.10986328125,1264.7396240234375,622.8828735351562,16.39068603515625,261.6437072753906,66.91654205322266,61.75944137573242,628.2013549804688,0.0,0.0,1.625,5186.18359375,2725.34033203125,1274.37060546875,631.736328125,28.2099609375,243.01918029785156,254.5706024169922,256.5433044433594,262.4242248535156,266.3134460449219,52.58557891845703,83.85345458984375,54.091243743896484,52.87553405761719,0.5366296768188477,0.1923360824584961,0.4915456771850586,261.69171142578125,254.0250244140625,100376.0625,90016.625,,2.633272886276245,52.0,0.0,7620.0,30.0,32.0,209.0,85.0,85.0,85.0,86.0,91.0,49.0,49.0,49.0,51.0,4.0,48.0,253.9300079345703,251.739990234375,83.0,1.0,23.600000381469727,27.299999237060547
2026-01-15T15:58,2026-01-15T16:00,1,train,0,2026,1,15,1,2026-01-15T15:00,4,2026-01-15T12:00,4,2026-01-15T12:00,1,2026-01-15T15:00,3,2026-01-15T12:00,1,2026-01-15T15:00,-999.0,100.0,100.0,0.0,0.0,1342.460205078125,1342.396484375,76600.0,84000.0,2265.907958984375,6.5099406242370605,246.67276000976562,263.9817199707031,271.131103515625,274.871826171875,278.939453125,5283.94384765625,2765.989013671875,1244.4742431640625,-68.95904541015625,270.545654296875,98.0999984741211,378.84130859375,910.1599731445312,0.0,0.0,0.3100000023841858,785.236572265625,100.0,0.0,0.0,100.0,54.45431900024414,1.680000059423037e-05,0.375,246.29762268066406,263.6424865722656,271.22998046875,274.8135986328125,278.9249267578125,5281.1552734375,2764.047607421875,1241.276611328125,564.2854614257812,-69.1696548461914,273.3896179199219,98.5999984741211,97.69999694824219,312.2402648925781,830.239990234375,1297.154052734375,71.0,22.0,0.0,6100.0,246.1999969482422,265.0,271.0,275.29998779296875,279.3999938964844,5279.09814453125,2756.95166015625,1231.31103515625,553.833740234375,-74.05521392822266,271.9700012207031,93.4000015258789,99.0,605.760009765625,999.52001953125,9.999999747378752e-05,0.75,986.0795288085938,100.0,3.0,0.0,100.0,10700.0,246.8527374267578,264.0303649902344,270.64959716796875,275.0609436035156,279.0746154785156,5283.7705078125,2765.15380859375,1244.288818359375,567.5349731445312,-68.71316528320312,274.4952697753906,92.80814361572266,93.23320770263672,588.899169921875,890.0,0.0,0.0625,5299.2578125,2771.005859375,1242.822509765625,565.635009765625,-65.829345703125,246.7257080078125,264.721435546875,271.9168701171875,274.557861328125,278.8065185546875,88.32902526855469,97.99602508544922,92.862548828125,90.2638931274414,0.3099822998046875,0.19036388397216797,0.011442184448242188,273.46051025390625,272.5747985839844,99202.1875,89403.1640625,,10.231637001037598,88.0,0.0,7620.0,0.0,0.0,209.0,76.0,94.0,100.0,100.0,100.0,69.0,72.0,75.0,79.0,1.0,0.0,268.3599853515625,267.8799743652344,96.0,8.0,10.399999618530273,11.199999809265137
2025-12-31T16:59,2025-12-31T17:00,48,holdout_webcam,0,2025,12,16,47,2025-12-29T18:00,47,2025-12-29T18:00,47,2025-12-29T18:00,50,2025-12-29T15:00,48,2025-12-29T18:00,36,2025-12-30T05:00,-999.0,100.0,100.0,92.0,0.0,5996.86962890625,1340.5814208984375,64900.0,84000.0,7699.1005859375,6.9904680252075195,240.52435302734375,250.29823303222656,258.5232849121094,263.8486633300781,267.8584899902344,5118.5029296875,2693.62939453125,1250.1748046875,-2.6130523681640625,259.0345458984375,89.9000015258789,554.481689453125,0.0,4300.0,0.0,11.699999809265137,958.2310180664062,100.0,100.0,45.29999923706055,38.900001525878906,3534.82861328125,1.5999999959603883e-05,0.0625,243.3763885498047,251.45584106445312,259.4154357910156,265.170166015625,269.1334533691406,5179.2294921875,2719.241943359375,1274.602294921875,624.7351684570312,14.512531280517578,264.5176086425781,79.30000305175781,75.5,1361.52490234375,0.0,5905.75146484375,12.0,87.0,28.0,23100.0,243.3000030517578,254.89999389648438,256.79998779296875,261.0,264.8999938964844,5165.0810546875,2692.684814453125,1248.6690673828125,607.5763549804688,-1.8189531564712524,258.30999755859375,87.80000305175781,92.0,628.3200073242188,0.0,0.0,0.0,2156.83837890625,100.0,100.0,0.0,100.0,5200.0,240.35569763183594,249.86361694335938,257.89581298828125,263.4570617675781,267.6415710449219,5113.96630859375,2689.63134765625,1248.7459716796875,603.44970703125,-1.47930908203125,262.8642578125,80.72535705566406,78.76213836669922,781.53662109375,0.0,2.9999999242136255e-05,10.125,5170.73828125,2714.015869140625,1268.771484375,627.0250244140625,24.747802734375,242.65386962890625,253.79844665527344,255.9310760498047,261.9765625,265.90423583984375,26.189205169677734,88.99999237060547,53.1417350769043,51.73130416870117,0.5483598709106445,0.26894283294677734,0.5670928955078125,261.3730163574219,253.32069396972656,100320.9375,89954.09375,,2.09464168548584,50.0,0.0,7620.0,32.0,32.0,201.0,95.0,95.0,95.0,95.0,95.0,48.0,48.0,50.0,50.0,4.0,40.0,254.1699981689453,251.8699951171875,82.0,1.0,21.200000762939453,24.899999618530273
2026-01-15T15:58,2026-01-15T16:00,24,train,0,2026,1,15,22,2026-01-14T18:00,22,2026-01-14T18:00,22,2026-01-14T18:00,25,2026-01-14T15:00,21,2026-01-14T18:00,24,2026-01-14T16:00,-999.0,100.0,100.0,7.0,0.0,1342.5537109375,1342.4002685546875,78300.0,83800.0,2063.75146484375,6.354008674621582,246.2868194580078,264.1922302246094,271.55889892578125,275.55279541015625,279.59600830078125,5267.2158203125,2751.3759765625,1225.3238525390625,-91.10340881347656,270.90289306640625,98.4000015258789,391.9284362792969,962.8800048828125,0.0,0.0,9.569999694824219,785.1348266601562,100.0,4.0,0.0,100.0,28.923480987548828,1.920000067912042e-05,0.1875,246.52304077148438,264.2735595703125,271.5595397949219,274.995849609375,279.1172180175781,5280.123046875,2759.94775390625,1234.6580810546875,557.0145263671875,-76.90362548828125,273.5853271484375,100.0,99.9000015258789,209.04586791992188,849.4400024414062,1195.7042236328125,58.0,11.0,0.0,700.0,246.6999969482422,264.0,271.8999938964844,276.29998779296875,280.5,5273.7041015625,2750.0576171875,1224.5306396484375,544.4221801757812,-87.23046112060547,272.4200134277344,98.5999984741211,100.0,408.0799865722656,1069.1199951171875,0.0003000000142492354,0.5,1062.7845458984375,76.0,100.0,0.0,76.0,11200.0,247.03057861328125,263.5892333984375,271.7423400878906,275.69305419921875,279.7857666015625,5272.51123046875,2753.50341796875,1228.9185791015625,550.2454223632812,-85.11153411865234,275.2491455078125,91.9678726196289,92.40375518798828,496.9998474121094,980.0,0.0,7.0625,5292.07421875,2769.564208984375,1242.483154296875,564.76171875,-67.288330078125,246.59681701660156,264.3162841796875,272.02435302734375,274.8570861816406,279.04156494140625,96.7308349609375,95.70796966552734,92.67984008789062,90.59477996826172,0.1390838623046875,0.3299093246459961,-0.04152107238769531,273.5435485839844,272.8819580078125,99188.875,89389.640625,,9.956867218017578,90.0,0.0,7620.0,30.0,32.0,209.0,94.0,94.0,97.0,98.0,98.0,84.0,96.0,100.0,100.0,0.0,0.0,268.2200012207031,268.1399841308594,98.0,29.0,10.800000190734863,11.600000381469727
2026-01-29T12:52,2026-01-29T13:00,1,train,0,2026,1,12,1,2026-01-29T12:00,1,2026-01-29T12:00,1,2026-01-29T12:00,1,2026-01-29T12:00,0,2026-01-29T12:00,1,2026-01-29T12:00,-999.0,0.0,66.0,58.0,0.0,1340.1890869140625,1339.749267578125,nan,85000.0,1396.210205078125,9.471120834350586,232.7083740234375,246.59866333007812,254.94454956054688,257.6308288574219,261.18890380859375,5131.77294921875,2766.9833984375,1341.1865234375,110.46265411376953,253.25936889648438,72.5,218.23875427246094,0.0,21400.0,0.0,0.004000000189989805,20000.18359375,48.400001525878906,41.0,0.0,77.4000015258789,4391.52783203125,2.4000000848900527e-06,0.0,232.35765075683594,246.7769317626953,253.22259521484375,255.54669189453125,259.368408203125,5130.205078125,2764.467041015625,1343.908935546875,712.7540893554688,124.9219970703125,254.94549560546875,97.0999984741211,96.5,68.18850708007812,0.0,19999.873046875,17.0,0.0,0.0,20200.0,233.0,247.10000610351562,253.39999389648438,255.89999389648438,259.70001220703125,5135.24267578125,2764.860595703125,1338.220458984375,709.1985473632812,116.09010314941406,252.9600067138672,89.19999694824219,93.0,267.5199890136719,0.0,0.0,0.0,792.370849609375,87.0,98.0,0.0,87.0,900.0,232.8769073486328,246.5733642578125,254.68789672851562,257.4519958496094,260.2474365234375,5134.9892578125,2767.814453125,1344.3050537109375,709.7031860351562,114.59909057617188,254.56288146972656,72.4541244506836,81.63017272949219,217.224365234375,0.0,1.9999999494757503e-05,0.0625,5128.51953125,2763.49609375,1339.13427734375,705.6017456054688,113.435791015625,231.8424072265625,246.1788787841797,254.57339477539062,257.39306640625,261.5211181640625,85.30033874511719,79.67318725585938,89.62310791015625,94.84978485107422,-0.072845458984375,1.859323501586914,0.6330595016479492,255.11575317382812,252.88848876953125,101502.75,90865.109375,,1.890601634979248,73.0,0.0,7620.0,0.0,0.0,209.0,73.0,79.0,79.0,81.0,82.0,64.0,64.0,64.0,64.0,0.0,0.0,249.47000122070312,248.6599884033203,93.0,2.0,16.0,17.299999237060547
2026-01-15T15:58,2026-01-15T16:00,48,train,0,2026,1,15,46,2026-01-13T18:00,46,2026-01-13T18:00,46,2026-01-13T18:00,49,2026-01-13T15:00,45,2026-01-13T18:00,36,2026-01-14T04:00,-999.0,0.0,0.0,100.0,0.0,nan,1340.2578125,nan,83900.0,nan,9.463829040527344,244.88510131835938,260.95184326171875,259.1330871582031,260.7997741699219,264.7188720703125,5232.1572265625,2735.44482421875,1249.249755859375,-20.4627685546875,259.79248046875,52.900001525878906,290.9641418457031,0.0,37200.0,0.0,7.829999923706055,785.3563842773438,100.0,100.0,0.0,100.0,48.45752716064453,0.00019520000205375254,3.0625,247.4952392578125,263.8746643066406,271.31170654296875,274.57403564453125,278.68115234375,5256.49560546875,2730.986572265625,1207.1038818359375,530.5846557617188,-102.26956176757812,273.017333984375,99.80000305175781,99.9000015258789,235.21315002441406,756.6400146484375,1195.82763671875,63.0,7.0,0.0,0.0,248.0,264.70001220703125,271.5,275.79998779296875,279.8999938964844,5267.51416015625,2735.81103515625,1208.791259765625,530.0366821289062,-100.67517852783203,272.0299987792969,97.9000015258789,100.0,406.9599914550781,1008.4000244140625,0.00019999999494757503,0.6875,791.9881591796875,100.0,90.0,0.0,100.0,3200.0,244.42196655273438,260.5523681640625,255.5276336669922,254.35614013671875,258.4217224121094,5217.8681640625,2722.8056640625,1242.66015625,614.6838989257812,-2.2913055419921875,252.99534606933594,83.52740478515625,90.74810028076172,315.9803161621094,0.0,0.0,7.3125,5279.0546875,2759.451171875,1235.28271484375,559.9580078125,-69.93798828125,246.3766326904297,263.49688720703125,271.07171630859375,273.9983825683594,278.1466064453125,98.89380645751953,98.07316589355469,93.43386840820312,92.19153594970703,0.1630096435546875,0.25572967529296875,-0.031085968017578125,272.4404602050781,271.83935546875,99153.4375,89323.015625,,9.833023071289062,88.0,0.0,7620.0,30.0,32.0,256.0,96.0,96.0,97.0,97.0,97.0,77.0,89.0,89.0,89.0,3.0,0.0,267.5899963378906,266.7200012207031,95.0,30.0,14.800000190734863,15.699999809265137
2026-01-29T12:52,2026-01-29T13:00,24,train,0,2026,1,12,25,2026-01-28T12:00,25,2026-01-28T12:00,25,2026-01-28T12:00,22,2026-01-28T15:00,24,2026-01-28T12:00,24,2026-01-28T13:00,-999.0,0.0,100.0,100.0,0.0,nan,1339.945556640625,nan,85000.0,nan,7.986926555633545,232.17074584960938,245.39389038085938,254.5322723388672,258.11279296875,261.8034973144531,5114.890625,2759.63134765625,1338.087158203125,109.34617614746094,253.4355926513672,76.0999984741211,219.29017639160156,0.0,17600.0,0.0,0.5,19974.693359375,67.19999694824219,80.30000305175781,0.0,78.5999984741211,4686.41064453125,2.4000000848900527e-06,0.0,232.01658630371094,247.11265563964844,253.38951110839844,256.571044921875,260.4033508300781,5126.09765625,2759.961669921875,1338.7615966796875,706.2838134765625,116.10665893554688,255.95782470703125,96.5999984741211,95.80000305175781,82.59845733642578,0.0,19999.99609375,40.0,11.0,0.0,24100.0,231.6999969482422,247.0,253.1999969482422,256.5,260.29998779296875,5128.60107421875,2760.652587890625,1336.7138671875,706.567138671875,111.15666198730469,253.60000610351562,88.80000305175781,93.0,267.67999267578125,0.0,0.0,0.125,1685.374267578125,100.0,100.0,0.0,100.0,9900.0,232.801513671875,245.2621307373047,254.50631713867188,257.3709716796875,260.7171630859375,5112.4296875,2748.88916015625,1329.2716064453125,695.377685546875,101.35931396484375,255.68692016601562,78.36083221435547,90.65331268310547,239.9987030029297,0.0,0.0,1.0,5119.61328125,2754.496337890625,1332.512451171875,699.6116943359375,108.383056640625,231.71519470214844,245.7347412109375,254.42665100097656,256.8773498535156,261.1343078613281,99.3022689819336,84.18504333496094,93.79086303710938,98.37825012207031,-0.03900146484375,1.3828392028808594,0.6362533569335938,254.0532989501953,251.89306640625,101429.4375,90789.8203125,,2.0388875007629395,82.0,0.0,7620.0,30.0,32.0,0.0,54.0,58.0,63.0,67.0,74.0,68.0,68.0,69.0,75.0,0.0,0.0,250.47000122070312,249.51998901367188,92.0,7.0,16.799999237060547,18.100000381469727
2026-01-29T12:52,2026-01-29T13:00,48,train,0,2026,1,12,43,2026-01-27T18:00,49,2026-01-27T12:00,49,2026-01-27T12:00,46,2026-01-27T15:00,48,2026-01-27T12:00,36,2026-01-28T01:00,-999.0,0.0,100.0,100.0,0.0,1340.0087890625,1339.774658203125,nan,84900.0,1409.5523681640625,9.647293090820312,232.59927368164062,245.73995971679688,253.25503540039062,257.04595947265625,260.89019775390625,5108.0234375,2745.648681640625,1327.0152587890625,100.71389770507812,252.28562927246094,80.4000015258789,221.41041564941406,0.0,13400.0,0.0,1.2899999618530273,20000.107421875,80.19999694824219,99.69999694824219,0.0,73.30000305175781,5599.69140625,1.6000000186977559e-06,0.0,231.97154235839844,248.2992706298828,253.43569946289062,256.8160095214844,260.65570068359375,5132.37109375,2764.019775390625,1340.156982421875,708.0907592773438,117.31330871582031,256.3243713378906,95.9000015258789,94.9000015258789,200.01820373535156,0.0,3275.333251953125,65.0,87.0,0.0,7300.0,231.60000610351562,247.3000030517578,251.6999969482422,256.20001220703125,260.0,5124.6552734375,2758.78955078125,1336.1424560546875,707.2399291992188,110.78145599365234,253.50999450683594,87.0999984741211,91.0,266.7200012207031,0.0,0.0,0.125,792.0053100585938,100.0,100.0,0.0,100.0,400.0,233.86825561523438,247.39627075195312,251.6580047607422,254.39219665527344,258.26922607421875,5114.89794921875,2738.712158203125,1320.322265625,694.0859375,101.05125427246094,253.69000244140625,82.61140441894531,94.72663879394531,413.4916687011719,0.0,0.0,2.375,5119.125,2751.743896484375,1327.617431640625,694.1052856445312,102.24365234375,231.746337890625,246.28553771972656,254.5963897705078,257.13531494140625,261.2999267578125,98.17401123046875,86.62159729003906,94.02217102050781,98.53409576416016,-0.10443115234375,1.0842218399047852,0.486724853515625,253.6796112060547,251.52194213867188,101348.6875,90726.8515625,,2.108741283416748,84.0,0.0,7620.0,32.0,32.0,0.0,55.0,57.0,61.0,61.0,64.0,60.0,60.0,60.0,64.0,0.0,0.0,250.489990234375,249.0500030517578,89.0,8.0,17.200000762939453,18.5
2026-02-16T14:59,2026-02-16T15:00,1,train,0,2026,2,14,1,2026-02-16T14:00,3,2026-02-16T12:00,3,2026-02-16T12:00,1,2026-02-16T14:00,3,2026-02-16T12:00,1,2026-02-16T14:00,-999.0,0.0,0.0,0.0,0.0,nan,nan,nan,nan,nan,3.66068959236145,242.71389770507812,259.9097595214844,265.42730712890625,267.3296203613281,271.2608947753906,5431.3603515625,2950.76513671875,1454.5235595703125,171.13047790527344,265.3171081542969,76.19999694824219,254.4942626953125,107.44000244140625,21300.0,0.0,0.0,19999.8515625,79.80000305175781,0.8999999761581421,0.0,7.300000190734863,24134.943359375,0.0,0.0,243.29965209960938,259.3298645019531,265.5963134765625,266.9288330078125,270.97943115234375,5438.60791015625,2950.082763671875,1451.8382568359375,795.3334350585938,180.85252380371094,267.60638427734375,77.5,71.0,360.93170166015625,6.880000114440918,19999.90625,4.0,2.0,0.0,24100.0,244.10000610351562,259.3999938964844,265.5,269.6000061035156,273.6000061035156,5448.14013671875,2956.821533203125,1458.121337890625,795.6644897460938,183.65460205078125,268.4100036621094,65.69999694824219,71.0,246.63999938964844,451.3599853515625,0.0,0.0,nan,1.0,2.0,0.0,0.0,21600.0,243.25164794921875,260.13116455078125,265.3246154785156,267.09259033203125,270.7357177734375,5437.671875,2949.19970703125,1452.3363037109375,793.5543212890625,172.66500854492188,268.4670715332031,75.70716094970703,69.9400634765625,348.50054931640625,80.0,0.0,0.0,5443.7265625,2954.763427734375,1457.8388671875,800.258544921875,188.894775390625,243.9989776611328,258.9052429199219,265.716064453125,265.75323486328125,269.72930908203125,98.78433227539062,68.68759155273438,57.10057830810547,48.7275390625,0.366943359375,0.22154712677001953,0.13695049285888672,266.15325927734375,258.4259033203125,102439.9375,92041.703125,,6.2833476066589355,51.0,0.0,7620.0,0.0,0.0,12753.0,55.0,55.0,63.0,68.0,80.0,10.0,10.0,12.0,25.0,0.0,0.0,263.65997314453125,258.1199951171875,64.0,1.0,10.0,10.600000381469727
2026-02-16T14:59,2026-02-16T15:00,48,train,0,2026,2,14,45,2026-02-14T18:00,45,2026-02-14T18:00,45,2026-02-14T18:00,48,2026-02-14T15:00,45,2026-02-14T18:00,45,2026-02-14T18:00,-999.0,0.0,100.0,100.0,0.0,nan,1519.6072998046875,63200.0,84200.0,nan,5.179630279541016,243.27345275878906,259.86224365234375,266.3641662597656,266.85369873046875,270.7745056152344,5417.041015625,2937.47216796875,1436.05908203125,153.7913360595703,266.6937255859375,87.0999984741211,279.9390563964844,313.44000244140625,3900.0,9.999999747378752e-05,0.44999998807907104,20000.013671875,38.0,5.0,0.0,18.899999618530273,24134.962890625,0.0,0.0,242.9464111328125,259.9053039550781,265.9537353515625,267.3096618652344,271.3897399902344,5426.775390625,2942.022705078125,1441.4124755859375,784.0452270507812,168.59744262695312,268.0361633300781,80.30000305175781,73.80000305175781,367.88861083984375,18.239999771118164,19999.91796875,72.0,14.0,0.0,24100.0,243.10000610351562,260.6000061035156,264.8999938964844,265.79998779296875,269.79998779296875,5428.7265625,2938.583984375,1433.5340576171875,779.6486206054688,163.03172302246094,264.739990234375,62.099998474121094,63.0,205.75999450683594,0.0,0.0,0.125,1350.7596435546875,100.0,14.0,0.0,29.0,8000.0,242.96588134765625,259.17401123046875,265.7923583984375,266.1228942871094,269.7203369140625,5419.86474609375,2939.255615234375,1441.3536376953125,782.8175659179688,163.73170471191406,267.07891845703125,87.68128967285156,91.4166259765625,338.61383056640625,0.0,1.9999999494757503e-05,0.9375,5439.27734375,2949.299072265625,1449.132568359375,790.923095703125,177.298828125,243.72621154785156,259.68865966796875,266.262451171875,266.6639099121094,270.8268127441406,89.73080444335938,66.56950378417969,47.07622528076172,40.52485656738281,-0.012143135070800781,-0.07806205749511719,-0.045203208923339844,267.7725830078125,256.49334716796875,102272.0,91933.15625,,6.319761753082275,78.0,,,1792.0,384.0,9088.0,10.0,18.0,,32.0,,47.0,,47.0,47.0,0.0,0.0,263.42999267578125,257.70001220703125,64.0,0.0,11.199999809265137,12.199999809265137
2026-02-16T14:59,2026-02-16T15:00,24,train,0,2026,2,14,21,2026-02-15T18:00,21,2026-02-15T18:00,21,2026-02-15T18:00,24,2026-02-15T15:00,21,2026-02-15T18:00,24,2026-02-15T15:00,-999.0,0.0,100.0,52.0,0.0,nan,2511.141845703125,nan,74200.0,nan,5.0177083015441895,242.16583251953125,259.3645324707031,265.43121337890625,267.02313232421875,271.0606689453125,5422.03466796875,2945.375244140625,1448.480224609375,167.60250854492188,265.67840576171875,51.599998474121094,286.88885498046875,160.8800048828125,38300.0,0.0,0.0,20000.0546875,75.80000305175781,5.0,0.0,6.199999809265137,24134.984375,0.0,0.0,242.38072204589844,259.8133239746094,265.4163513183594,266.9498291015625,270.9589538574219,5427.0185546875,2945.562255859375,1448.281494140625,791.9556274414062,177.46859741210938,267.5401916503906,80.80000305175781,75.5,357.32830810546875,1.440000057220459,2267.558349609375,55.0,9.0,0.0,24100.0,242.5,259.5,265.29998779296875,267.79998779296875,271.79998779296875,5432.58154296875,2950.95703125,1452.486572265625,793.986328125,178.06092834472656,265.6199951171875,73.69999694824219,67.0,245.27999877929688,22.399999618530273,0.0,0.0,nan,86.0,100.0,0.0,3.0,18700.0,242.083251953125,259.30828857421875,265.3587646484375,266.33966064453125,270.241943359375,5423.1181640625,2948.14697265625,1452.225341796875,794.1156005859375,175.2114715576172,267.57452392578125,80.0745849609375,76.15052795410156,352.5355224609375,0.0,9.999999747378752e-06,0.0,5444.96875,2953.697998046875,1457.0634765625,798.41943359375,185.868408203125,243.6990966796875,258.93975830078125,266.057861328125,266.1733093261719,270.2583923339844,97.432861328125,63.914573669433594,63.03963088989258,55.17673110961914,0.233428955078125,0.2035999298095703,0.07988929748535156,267.0989990234375,259.9794921875,102385.4375,92018.515625,,6.262355327606201,80.0,0.0,7620.0,1070.0,608.0,209.0,14.0,16.0,23.0,32.0,45.0,30.0,30.0,30.0,30.0,0.0,0.0,263.1600036621094,257.17999267578125,61.0,2.0,10.800000190734863,11.399999618530273
2026-03-11T19:53,2026-03-11T20:00,1,train,0,2026,3,19,1,2026-03-11T19:00,2,2026-03-11T18:00,2,2026-03-11T18:00,1,2026-03-11T19:00,3,2026-03-11T18:00,1,2026-03-11T19:00,-999.0,0.0,13.0,86.0,2.0,nan,1342.64794921875,nan,86000.0,nan,9.760834693908691,259.52362060546875,274.5133972167969,279.0189208984375,276.4855651855469,280.4991760253906,5647.19580078125,3011.10107421875,1422.33984375,80.40876007080078,273.2771301269531,94.19999694824219,296.7248840332031,1323.5999755859375,12700.0,0.0,0.0,785.1048583984375,100.0,100.0,100.0,79.80000305175781,77.48497009277344,0.0001055999964592047,0.5,260.0917663574219,274.37872314453125,279.6440734863281,272.63031005859375,276.7135009765625,5641.2626953125,3001.0986328125,1409.6353759765625,729.2545166015625,101.02156066894531,272.591552734375,96.30000305175781,97.30000305175781,227.76568603515625,675.8400268554688,19999.9296875,40.0,6.0,1.0,0.0,261.20001220703125,276.1000061035156,281.29998779296875,277.1000061035156,281.20001220703125,5648.19287109375,3001.68994140625,1407.3389892578125,721.505859375,100.16472625732422,273.8800048828125,98.80000305175781,100.0,1369.280029296875,3621.280029296875,0.0,0.0,2057.788818359375,47.0,100.0,3.0,47.0,11700.0,259.69635009765625,274.82318115234375,281.1605224609375,275.22198486328125,279.3214111328125,5636.4453125,2996.706298828125,1405.0833740234375,716.5455932617188,66.25311279296875,275.90643310546875,90.0,91.10942840576172,328.3027648925781,2770.0,0.0,0.0,5639.2109375,2996.682861328125,1399.723876953125,714.0457153320312,83.42578125,260.2816162109375,275.33837890625,281.1796569824219,273.9852600097656,278.3350830078125,91.25666046142578,85.10932922363281,89.5880126953125,84.2107162475586,0.09793281555175781,0.9074029922485352,-0.17634868621826172,273.8806457519531,272.24871826171875,101081.4375,91099.078125,,22.71953582763672,68.0,0.0,7620.0,0.0,0.0,209.0,60.0,68.0,81.0,81.0,81.0,77.0,77.0,77.0,78.0,1.0,0.0,275.02996826171875,272.78997802734375,84.0,7.0,23.200000762939453,25.0
2026-03-11T19:53,2026-03-11T20:00,24,train,0,2026,3,19,26,2026-03-10T18:00,26,2026-03-10T18:00,26,2026-03-10T18:00,23,2026-03-10T21:00,21,2026-03-11T00:00,24,2026-03-10T20:00,-999.0,0.0,100.0,100.0,100.0,1342.794189453125,1342.614013671875,28500.0,86000.0,12604.140625,9.482421875,258.8623046875,274.75372314453125,278.3183288574219,275.94781494140625,279.93585205078125,5625.4267578125,2991.68115234375,1404.2994384765625,64.31474304199219,272.8017578125,99.30000305175781,293.99517822265625,1252.47998046875,100.0,0.0,2.7300000190734863,785.1019287109375,100.0,13.0,5.0,100.0,33.73206329345703,0.0,0.0,260.5797119140625,274.4290771484375,278.3954772949219,272.40838623046875,276.47161865234375,5641.35595703125,3001.398193359375,1413.337646484375,733.9303588867188,106.24871826171875,272.3421936035156,97.80000305175781,99.0,221.35972595214844,651.8400268554688,4455.482421875,45.0,99.0,100.0,24100.0,260.20001220703125,276.79998779296875,281.8999938964844,281.79998779296875,286.0,5635.63720703125,2995.924072265625,1402.666015625,706.3898315429688,96.44256591796875,277.760009765625,92.5,93.0,1082.0799560546875,3404.800048828125,0.0,3.0,2417.6728515625,78.0,100.0,100.0,54.0,7800.0,259.5719299316406,273.61614990234375,282.0039978027344,274.8852233886719,278.7280578613281,5641.9111328125,3014.170166015625,1422.92724609375,733.5428466796875,85.03973388671875,275.482421875,92.0,93.1716537475586,316.48291015625,2550.0,0.0,1.5625,5645.67578125,3014.151611328125,1419.942626953125,731.0993041992188,100.369384765625,259.45391845703125,274.32550048828125,282.1678161621094,274.183837890625,278.3594665527344,85.56768035888672,83.67232513427734,91.71704864501953,87.0267333984375,-0.09050941467285156,0.4438438415527344,-0.08989238739013672,273.7572021484375,272.4285888671875,101260.125,91283.328125,,21.97214698791504,83.0,53.0,9324.0,30.0,32.0,209.0,75.0,75.0,77.0,85.0,85.0,70.0,70.0,71.0,74.0,1.0,0.0,274.17999267578125,271.65997314453125,83.0,31.0,22.899999618530273,24.5
2026-03-11T19:53,2026-03-11T20:00,48,train,0,2026,3,19,44,2026-03-10T00:00,50,2026-03-09T18:00,50,2026-03-09T18:00,47,2026-03-09T21:00,45,2026-03-10T00:00,36,2026-03-10T08:00,-999.0,0.0,100.0,100.0,100.0,1342.4482421875,1342.1842041015625,36900.0,85700.0,12883.021484375,6.976283550262451,259.0264587402344,274.365966796875,275.8386535644531,273.5663757324219,277.50067138671875,5608.70068359375,2976.858154296875,1394.9970703125,61.39638137817383,270.20892333984375,96.9000015258789,291.259521484375,854.1599731445312,0.0,9.999999747378752e-05,11.989999771118164,785.1029052734375,100.0,100.0,100.0,100.0,68.2222900390625,8.000000093488779e-07,0.0625,259.3570251464844,273.79425048828125,278.0186462402344,271.60162353515625,275.6672668457031,5633.93603515625,2996.94677734375,1412.964599609375,734.7796020507812,109.02984619140625,271.5322570800781,97.5999984741211,98.0999984741211,195.78207397460938,525.1199951171875,1196.663330078125,48.0,95.0,19.0,300.0,258.20001220703125,275.29998779296875,282.0,280.0,284.20001220703125,5639.193359375,3010.60986328125,1418.796630859375,727.5864868164062,115.28946685791016,276.80999755859375,99.19999694824219,100.0,1370.4000244140625,3502.8798828125,9.999999747378752e-05,2.0625,2450.842041015625,83.0,27.0,100.0,69.0,6300.0,258.45318603515625,274.03521728515625,278.8699951171875,272.7002868652344,276.43603515625,5614.599609375,2990.2841796875,1405.5118408203125,722.4417724609375,74.61065673828125,273.07208251953125,96.11089324951172,97.2155990600586,317.97314453125,1750.0,9.999999747378752e-06,4.0625,5645.0859375,3014.890625,1425.9619140625,745.371337890625,122.61181640625,259.2379150390625,273.4466552734375,279.9312744140625,270.78839111328125,274.94378662109375,89.35440063476562,95.61249542236328,98.48881530761719,93.82022094726562,-0.45833873748779297,0.5026159286499023,-0.07787322998046875,270.79656982421875,270.4766845703125,101547.3125,91444.7421875,,22.6827392578125,85.0,92.0,8424.0,0.0,0.0,256.0,81.0,82.0,83.0,83.0,85.0,67.0,68.0,69.0,74.0,1.0,0.0,273.2300109863281,270.9100036621094,84.0,27.0,21.700000762939453,23.5
2026-04-05T00:55,2026-04-05T01:00,1,train,0,2026,4,0,1,2026-04-05T00:00,1,2026-04-05T00:00,1,2026-04-05T00:00,1,2026-04-05T00:00,0,2026-04-05T00:00,1,2026-04-05T00:00,-999.0,0.0,100.0,56.0,6.0,1342.182373046875,1342.0643310546875,66900.0,87000.0,3849.61962890625,8.685999870300293,259.5748596191406,273.9430236816406,273.4075622558594,272.4291076660156,276.39898681640625,5719.6005859375,3092.1337890625,1520.714111328125,195.82598876953125,267.91748046875,95.4000015258789,298.4402160644531,505.6000061035156,100.0,0.0,0.0,973.091064453125,100.0,100.0,100.0,80.19999694824219,7394.92333984375,5.32000012753997e-05,0.125,259.8985900878906,273.8173522949219,267.1392517089844,271.0430908203125,275.4516906738281,5724.82470703125,3086.92626953125,1525.517333984375,859.7578125,234.6335906982422,272.0171203613281,90.5,92.9000015258789,668.273681640625,599.52001953125,20000.044921875,38.0,46.0,0.0,0.0,260.5,273.70001220703125,268.3999938964844,268.3999938964844,272.3999938964844,5719.60205078125,3087.73388671875,1510.250732421875,849.87451171875,220.06680297851562,267.1300048828125,97.5,100.0,621.8400268554688,255.1999969482422,0.00039999998989515007,0.3125,2324.760986328125,100.0,100.0,8.0,14.0,16600.0,260.04119873046875,274.66546630859375,274.62835693359375,271.7967834472656,275.97503662109375,5722.22216796875,3091.904296875,1515.9185791015625,840.0770874023438,198.77830505371094,272.3962707519531,85.45499420166016,82.86295318603516,357.51116943359375,630.0,1.9999999494757503e-05,0.0,5725.6328125,3094.532958984375,1517.4384765625,843.976318359375,217.873779296875,260.10809326171875,273.7082824707031,273.9271545410156,271.9935302734375,276.3486328125,94.76490020751953,53.42578887939453,88.70552825927734,82.03741455078125,-0.1790294647216797,0.753108024597168,-0.37647438049316406,272.02313232421875,270.8465576171875,102777.9375,92580.6171875,,18.26213264465332,89.0,21.0,10656.0,30.0,32.0,465.0,18.0,20.0,24.0,28.0,38.0,62.0,62.0,63.0,64.0,1.0,0.0,268.55999755859375,265.5099792480469,78.0,10.0,30.799999237060547,33.0
2026-04-05T00:55,2026-04-05T01:00,24,train,0,2026,4,0,25,2026-04-04T00:00,25,2026-04-04T00:00,25,2026-04-04T00:00,22,2026-04-04T03:00,24,2026-04-04T00:00,24,2026-04-04T01:00,-999.0,0.0,100.0,84.0,100.0,1342.3245849609375,1342.20751953125,85700.0,87000.0,13786.955078125,8.175760269165039,259.3447265625,273.876953125,273.78509521484375,272.76116943359375,276.6273193359375,5715.77587890625,3087.4140625,1516.494140625,191.96432495117188,269.201904296875,98.30000305175781,296.5382995605469,703.3599853515625,0.0,0.0,0.27000001072883606,1276.147216796875,78.9000015258789,14.300000190734863,95.9000015258789,80.0999984741211,10832.1982421875,3.559999822755344e-05,0.4375,260.0060729980469,274.52618408203125,267.5917663574219,270.88177490234375,275.2691345214844,5723.69873046875,3085.80859375,1519.912841796875,854.28564453125,229.57093811035156,271.80291748046875,91.5999984741211,92.69999694824219,633.6369018554688,570.5599975585938,1195.986328125,35.0,37.0,88.0,100.0,260.3999938964844,274.1000061035156,268.1000061035156,267.70001220703125,271.6000061035156,5723.83740234375,3088.619384765625,1512.8021240234375,854.0227661132812,226.06756591796875,266.0600280761719,98.5999984741211,100.0,563.52001953125,90.08000183105469,0.0,0.3125,1693.264892578125,98.0,84.0,80.0,64.0,7200.0,258.7603759765625,273.6081848144531,275.53271484375,271.447998046875,275.4414367675781,5722.61474609375,3097.044189453125,1521.2269287109375,845.1322021484375,206.45761108398438,272.0923767089844,93.0,92.84686279296875,354.0663757324219,590.0,0.0,0.0625,5730.8515625,3098.998779296875,1524.538330078125,850.7154541015625,224.11865234375,258.77777099609375,273.6475830078125,273.9356689453125,272.19769287109375,276.52056884765625,81.26178741455078,45.19693374633789,81.1707534790039,76.5029296875,-0.05443286895751953,0.9526147842407227,-0.3348722457885742,272.36859130859375,270.1473388671875,102851.4375,92654.2265625,,17.013059616088867,90.0,0.0,7620.0,30.0,32.0,209.0,65.0,67.0,76.0,84.0,86.0,54.0,54.0,54.0,54.0,1.0,0.0,268.96002197265625,265.1199951171875,74.0,11.0,30.799999237060547,33.400001525878906
2026-04-18T15:52,2026-04-18T16:00,1,train,1,2026,4,15,1,2026-04-18T15:00,4,2026-04-18T12:00,4,2026-04-18T12:00,1,2026-04-18T15:00,3,2026-04-18T12:00,1,2026-04-18T15:00,-999.0,100.0,100.0,0.0,0.0,1343.4593505859375,1343.4967041015625,85400.0,86700.0,1579.1151123046875,7.682063102722168,258.7729797363281,276.2989196777344,278.9857177734375,280.10491943359375,284.4027099609375,5723.6669921875,3085.369140625,1497.137939453125,144.2175750732422,277.1447448730469,100.0,330.09527587890625,3686.639892578125,0.0,0.0,0.0,5271.5966796875,77.80000305175781,0.0,35.29999923706055,3.299999952316284,24135.1328125,5.599999894911889e-06,0.0,258.66473388671875,276.0378112792969,276.07781982421875,282.2025146484375,287.0078125,5726.26416015625,3086.625,1505.1885986328125,813.53955078125,161.0269317626953,284.15533447265625,73.9000015258789,79.80000305175781,834.8779907226562,3630.080078125,1196.64501953125,55.0,0.0,0.0,100.0,259.0,276.1000061035156,276.70001220703125,279.29998779296875,283.3999938964844,5729.49658203125,3090.3212890625,1507.7591552734375,819.8518676757812,172.07351684570312,277.6500244140625,97.5999984741211,100.0,257.20001220703125,3652.639892578125,9.999999747378752e-05,0.6875,921.4788818359375,61.0,0.0,0.0,61.0,9100.0,258.5856628417969,275.896240234375,280.2343444824219,279.9757995605469,284.5320739746094,5726.8583984375,3090.5234375,1502.9573974609375,809.9845581054688,154.70425415039062,281.9347229003906,93.33998107910156,92.96560668945312,407.41278076171875,3580.0,0.0,0.0,5732.50390625,3095.78466796875,1510.581298828125,820.66748046875,176.144287109375,258.73468017578125,275.10870361328125,278.2225036621094,279.9501953125,284.2545166015625,4.026637077331543,43.98016357421875,84.21695709228516,75.02481079101562,-0.03228569030761719,0.6405019760131836,-0.16147804260253906,281.7813415527344,278.0625915527344,102169.4375,92293.578125,,5.718511581420898,53.0,0.0,7620.0,88888.0,184.0,2597.0,22.0,22.0,22.0,22.0,23.0,17.0,22.0,24.0,26.0,3.0,0.0,277.25,272.3500061035156,72.0,4.0,22.399999618530273,24.5
2026-04-05T00:55,2026-04-05T01:00,48,train,0,2026,4,0,43,2026-04-03T06:00,49,2026-04-03T00:00,49,2026-04-03T00:00,46,2026-04-03T03:00,48,2026-04-03T00:00,36,2026-04-03T13:00,-999.0,0.0,100.0,100.0,100.0,1342.1612548828125,1342.2030029296875,69700.0,87000.0,13225.8505859375,7.846541404724121,259.2633972167969,273.4611511230469,272.7908935546875,272.55682373046875,276.48321533203125,5709.9306640625,3081.37841796875,1514.75048828125,191.6672821044922,268.9022216796875,98.19999694824219,303.9362487792969,659.2000122070312,0.0,0.0003000000142492354,4.639999866485596,873.9299926757812,100.0,99.0,100.0,79.30000305175781,7905.7607421875,2.7999999474559445e-06,0.0,259.2445983886719,274.5391845703125,268.5979919433594,271.33062744140625,275.7223815917969,5719.03515625,3085.37890625,1518.9483642578125,851.7515869140625,225.9265594482422,272.2272644042969,93.4000015258789,95.80000305175781,641.907958984375,634.719970703125,1196.0068359375,31.0,54.0,56.0,200.0,260.5,274.8999938964844,269.3999938964844,266.5,270.5,5722.02197265625,3082.84814453125,1502.3673095703125,844.6505126953125,216.22483825683594,265.20001220703125,97.69999694824219,100.0,461.3599853515625,0.0,0.00039999998989515007,0.3125,1533.1910400390625,100.0,11.0,100.0,64.0,6900.0,259.2430419921875,273.81597900390625,275.53997802734375,271.6979064941406,275.81671142578125,5719.36328125,3089.166748046875,1512.8157958984375,836.4721069335938,196.9228973388672,272.3497009277344,94.60069274902344,94.9581527709961,359.3223571777344,630.0,0.0,7.875,5727.8359375,3098.66943359375,1524.60888671875,849.0750732421875,220.605224609375,258.6572265625,273.53253173828125,274.17913818359375,272.9530029296875,277.31201171875,88.01856231689453,51.04475784301758,83.32080078125,77.92471313476562,0.0158843994140625,1.174138069152832,-0.19601917266845703,273.09564208984375,271.1588134765625,102792.3125,92618.375,,16.732070922851562,91.0,69.0,10224.0,30.0,32.0,384.0,69.0,71.0,74.0,77.0,80.0,43.0,43.0,43.0,43.0,1.0,0.0,269.7300109863281,265.8399963378906,74.0,31.0,30.399999618530273,32.70000076293945
2026-05-02T13:48,2026-05-02T14:00,1,train,0,2026,5,13,1,2026-05-02T13:00,2,2026-05-02T12:00,2,2026-05-02T12:00,1,2026-05-02T13:00,3,2026-05-02T12:00,1,2026-05-02T13:00,-999.0,100.0,100.0,0.0,0.0,1342.5029296875,1342.5029296875,78300.0,85900.0,2272.47216796875,4.706624507904053,246.343505859375,261.9803161621094,270.03668212890625,274.29736328125,278.58819580078125,5440.00048828125,2933.13232421875,1418.580322265625,109.1936264038086,270.79193115234375,100.0,402.5098571777344,943.9199829101562,100.0,0.0,0.0560000017285347,784.9217529296875,100.0,100.0,0.0,95.5,67.91523742675781,1.9999999494757503e-05,0.125,246.07786560058594,262.9064025878906,271.1171569824219,274.6064147949219,278.7364196777344,5438.22216796875,2933.666259765625,1412.907470703125,737.4111328125,104.36737823486328,274.7782287597656,95.5,96.5999984741211,280.4414367675781,872.1599731445312,19999.96484375,43.0,0.0,0.0,400.0,246.0,263.0,269.20001220703125,272.8999938964844,277.0,5436.7138671875,2930.04443359375,1413.292724609375,741.8152465820312,103.12454223632812,271.0199890136719,97.4000015258789,100.0,508.1600036621094,854.239990234375,0.0,1.9375,1348.6822509765625,88.0,59.0,0.0,37.0,12800.0,246.15853881835938,262.3850402832031,270.5777893066406,274.23016357421875,278.6739196777344,5440.49853515625,2935.505859375,1418.487548828125,743.5535278320312,109.46957397460938,275.2155456542969,88.08026123046875,90.13642120361328,454.354248046875,960.0,0.0,0.0625,5442.47265625,2932.70947265625,1413.131591796875,736.7931518554688,102.776123046875,246.71072387695312,262.6142883300781,270.2879333496094,275.6813659667969,279.795166015625,86.29471588134766,98.83941650390625,77.95724487304688,74.5277099609375,-0.2362041473388672,-0.38718223571777344,-0.4899883270263672,275.39801025390625,272.49176025390625,101306.875,91339.5234375,,8.794568061828613,84.0,0.0,7620.0,0.0,0.0,209.0,75.0,83.0,99.0,100.0,100.0,53.0,59.0,64.0,75.0,2.0,0.0,268.54998779296875,267.8599853515625,95.0,21.0,10.800000190734863,11.699999809265137
2026-04-18T15:52,2026-04-18T16:00,24,train,1,2026,4,15,22,2026-04-17T18:00,22,2026-04-17T18:00,22,2026-04-17T18:00,25,2026-04-17T15:00,21,2026-04-17T18:00,24,2026-04-17T16:00,-999.0,100.0,100.0,0.0,0.0,1343.3563232421875,1343.3748779296875,86200.0,86700.0,1577.7115478515625,6.655158519744873,258.620361328125,275.6772155761719,278.0412292480469,279.3094482421875,283.561767578125,5714.177734375,3081.173828125,1496.89111328125,149.0637969970703,276.7490234375,100.0,328.974609375,3590.0,0.0,0.0,0.009999999776482582,849.231689453125,84.0,0.0,90.69999694824219,15.800000190734863,7451.033203125,7.60000011723605e-06,0.0625,259.0625915527344,275.6649169921875,275.44647216796875,281.0150451660156,285.74517822265625,5720.97265625,3082.612060546875,1502.563720703125,812.8458251953125,163.1912841796875,282.602783203125,82.30000305175781,87.69999694824219,707.7384033203125,3588.0,19999.82421875,47.0,0.0,2.0,0.0,258.8999938964844,275.5,276.0,278.29998779296875,282.5,5725.1865234375,3091.61328125,1507.5831298828125,822.2066650390625,173.80203247070312,276.7300109863281,98.19999694824219,100.0,475.9200134277344,3515.679931640625,0.00019999999494757503,0.75,6264.49169921875,66.0,0.0,0.0,66.0,8100.0,258.59857177734375,275.615966796875,278.20928955078125,278.85797119140625,283.4923095703125,5713.0322265625,3078.295654296875,1493.5911865234375,805.3107299804688,150.97535705566406,280.66192626953125,94.0,93.49708557128906,449.2060546875,3490.0,0.0,0.0,5732.41796875,3095.548583984375,1508.60888671875,817.302978515625,169.575439453125,258.4153747558594,275.3145751953125,278.44287109375,281.34783935546875,285.7404479980469,4.241293907165527,38.11418151855469,69.6775131225586,62.139068603515625,-0.05549812316894531,0.6229305267333984,-0.38340091705322266,283.12408447265625,277.06158447265625,102073.25,92256.59375,,5.339367866516113,70.0,26.0,10602.0,30.0,32.0,402.0,43.0,50.0,53.0,59.0,60.0,39.0,42.0,42.0,45.0,4.0,0.0,276.80999755859375,272.6000061035156,74.0,4.0,22.799999237060547,24.600000381469727
2026-04-18T15:52,2026-04-18T16:00,48,train,1,2026,4,15,46,2026-04-16T18:00,46,2026-04-16T18:00,46,2026-04-16T18:00,49,2026-04-16T15:00,45,2026-04-16T18:00,36,2026-04-17T04:00,-999.0,100.0,100.0,0.0,19.0,1343.365234375,1343.3255615234375,84100.0,86600.0,1722.3343505859375,6.258970260620117,258.5475158691406,275.83349609375,276.22760009765625,278.68768310546875,282.88677978515625,5700.22265625,3062.810791015625,1485.95361328125,138.33273315429688,275.5238342285156,100.0,334.2641906738281,3547.679931640625,0.0,0.0,45.310001373291016,977.6344604492188,84.30000305175781,0.0,70.5999984741211,55.099998474121094,24135.005859375,7.199999799922807e-06,0.0625,259.1142578125,275.9670715332031,274.96636962890625,280.2616271972656,284.7915954589844,5713.74365234375,3068.719970703125,1492.3402099609375,804.9940185546875,157.7230987548828,281.6769104003906,80.0,84.19999694824219,732.4169921875,3777.1201171875,1196.373046875,51.0,0.0,0.0,100.0,259.20001220703125,275.29998779296875,275.3999938964844,277.8999938964844,282.1000061035156,5709.91845703125,3069.354248046875,1487.5006103515625,803.001953125,157.11163330078125,276.28997802734375,97.80000305175781,100.0,255.36000061035156,3406.080078125,0.0,0.875,3718.47705078125,70.0,0.0,0.0,70.0,7200.0,258.2279052734375,275.4584045410156,279.244873046875,278.78802490234375,283.312255859375,5708.6162109375,3072.214111328125,1488.975830078125,799.0820922851562,144.5737762451172,280.30267333984375,95.42012786865234,94.87049865722656,401.81268310546875,3530.0,0.0,24.8125,5734.25,3091.546875,1501.262451171875,811.079345703125,166.641357421875,258.2844543457031,277.0624084472656,278.8746032714844,279.989501953125,284.1922607421875,3.9376955032348633,56.685855865478516,85.50316619873047,78.19446563720703,-0.048552513122558594,0.7754306793212891,-0.3373527526855469,281.46832275390625,278.15582275390625,102052.75,92196.265625,,9.071938514709473,59.0,0.0,7620.0,32.0,32.0,384.0,40.0,40.0,42.0,43.0,44.0,41.0,43.0,43.0,46.0,3.0,0.0,276.3699951171875,272.9100036621094,78.0,3.0,20.799999237060547,22.600000381469727
2026-05-02T13:48,2026-05-02T14:00,24,train,0,2026,5,13,26,2026-05-01T12:00,26,2026-05-01T12:00,26,2026-05-01T12:00,23,2026-05-01T15:00,21,2026-05-01T18:00,24,2026-05-01T14:00,1960.199951171875,100.0,100.0,100.0,0.0,1342.671875,1342.57568359375,74000.0,85800.0,2772.890380859375,4.380663871765137,245.869873046875,263.57989501953125,271.696044921875,274.71942138671875,278.8602294921875,5445.005859375,2935.728515625,1409.638671875,95.96885681152344,271.81988525390625,100.0,374.0384216308594,1099.8399658203125,100.0,0.00019999999494757503,10.029999732971191,785.0035400390625,100.0,0.8999999761581421,0.0,100.0,60.73871994018555,7.999999979801942e-06,0.25,247.1897430419922,262.7569580078125,271.0242919921875,274.96337890625,279.0827331542969,5435.798828125,2922.60107421875,1402.5118408203125,726.9777221679688,93.13081359863281,275.2862854003906,95.9000015258789,96.5,262.49932861328125,897.9199829101562,1195.9677734375,65.0,0.0,0.0,200.0,247.10000610351562,262.20001220703125,270.6000061035156,274.0,278.1000061035156,5438.96044921875,2923.33154296875,1400.791015625,726.1873779296875,94.97842407226562,271.79998779296875,97.19999694824219,100.0,249.1199951171875,973.5999755859375,0.0,0.5,975.7523803710938,100.0,99.0,0.0,72.0,5100.0,245.93934631347656,263.856201171875,272.2064514160156,274.8106689453125,279.039794921875,5439.7470703125,2928.7666015625,1401.8428955078125,723.5396728515625,86.95811462402344,275.2021789550781,94.82733917236328,97.28517150878906,374.4306640625,1100.0,0.0001900000061141327,5.0625,5438.984375,2926.7919921875,1408.5966796875,729.5616455078125,92.216796875,247.35438537597656,262.14093017578125,270.5470886230469,277.099365234375,281.3075866699219,64.99054718017578,94.09919738769531,63.506675720214844,60.123504638671875,0.24092960357666016,0.33367156982421875,0.08097362518310547,277.0984191894531,271.7546691894531,101149.875,91246.765625,,7.103604793548584,80.0,0.0,7620.0,30.0,32.0,209.0,58.0,58.0,59.0,64.0,70.0,43.0,51.0,59.0,73.0,4.0,0.0,269.0,267.80999755859375,92.0,31.0,9.600000381469727,10.199999809265137
2026-05-02T13:48,2026-05-02T14:00,48,train,0,2026,5,13,44,2026-04-30T18:00,50,2026-04-30T12:00,50,2026-04-30T12:00,47,2026-04-30T15:00,45,2026-04-30T18:00,36,2026-05-01T02:00,-999.0,100.0,100.0,9.0,0.0,1342.577880859375,1342.577880859375,76200.0,85800.0,2511.374755859375,4.436263084411621,246.18141174316406,263.1220703125,271.784912109375,274.94781494140625,278.9871826171875,5442.9248046875,2936.8857421875,1413.45654296875,99.49166870117188,271.18975830078125,98.80000305175781,364.6515808105469,1005.760009765625,100.0,0.0,14.359999656677246,784.9754028320312,100.0,0.0,0.0,100.0,34.04066848754883,2.4000000848900527e-05,0.125,246.9311981201172,263.1147155761719,270.505615234375,275.12744140625,279.283203125,5452.04638671875,2934.59619140625,1414.759033203125,738.957275390625,104.5677490234375,275.21636962890625,98.9000015258789,99.4000015258789,183.67349243164062,911.8400268554688,1196.0806884765625,55.0,0.0,0.0,300.0,246.89999389648438,263.0,269.20001220703125,273.20001220703125,277.29998779296875,5450.78955078125,2943.073486328125,1424.56005859375,752.319580078125,115.97032928466797,271.3599853515625,96.5999984741211,100.0,370.4800109863281,906.4000244140625,0.0,0.6875,1044.2939453125,100.0,88.0,0.0,90.0,10000.0,246.33973693847656,262.7425842285156,271.703369140625,274.9207763671875,279.0932312011719,5440.74658203125,2936.00830078125,1414.66845703125,736.862060546875,102.00147247314453,275.5759582519531,92.60197448730469,95.58524322509766,389.3302307128906,1070.0,3.9999998989515007e-05,12.5,5443.97265625,2941.016357421875,1421.3115234375,739.9716186523438,99.841796875,246.41883850097656,262.70880126953125,271.54931640625,278.12738037109375,282.387451171875,88.47660827636719,80.81356048583984,55.088924407958984,51.32634735107422,0.08616161346435547,-0.6498317718505859,-0.3026885986328125,277.8988037109375,270.3988037109375,101254.6875,91372.8828125,,8.850101470947266,73.0,0.0,7620.0,30.0,32.0,201.0,68.0,68.0,71.0,77.0,82.0,47.0,55.0,60.0,73.0,2.0,0.0,269.7200012207031,267.44000244140625,86.0,23.0,10.0,11.0
