valid_utc,model_valid_utc,target_lead_h,split,is_undercast,year,month,hour_utc,lead_hrrr,meta_init_hrrr,lead_gfs,meta_init_gfs,lead_nam,meta_init_nam,lead_rap,meta_init_rap,lead_ecmwf,meta_init_ecmwf,lead_nbm,meta_init_nbm,cloud_top_hrrr,boundary_layer_cloud_layer_hrrr,low_cloud_layer_percent_hrrr,middle_cloud_layer_percent_hrrr,high_cloud_layer_percent_hrrr,cloud_ceiling_m_hrrr,cloud_base_m_hrrr,cloud_top_pres_hrrr,cloud_base_pres_hrrr,cloud_top_hgt_hrrr,wind_10m_day_max_hrrr,tmp_500mb_hrrr,tmp_700mb_hrrr,tmp_850mb_hrrr,tmp_925mb_hrrr,tmp_1000mb_hrrr,hgt_500mb_hrrr,hgt_700mb_hrrr,hgt_850mb_hrrr,hgt_1000mb_hrrr,tmp_2m_hrrr,rh_2m_hrrr,hpbl_surface_hrrr,hgt_0C_iso_hrrr,vis_surface_hrrr,prate_surface_hrrr,apcp_surface_hrrr,cloud_ceiling_gfs,low_cloud_layer_percent_gfs,middle_cloud_layer_percent_gfs,high_cloud_layer_percent_gfs,boundary_layer_cloud_layer_gfs,vis_surface_gfs,prate_surface_gfs,apcp_surface_gfs,tmp_500mb_gfs,tmp_700mb_gfs,tmp_850mb_gfs,tmp_925mb_gfs,tmp_1000mb_gfs,hgt_500mb_gfs,hgt_700mb_gfs,hgt_850mb_gfs,hgt_925mb_gfs,hgt_1000mb_gfs,tmp_2m_gfs,rh_2m_gfs,rh_925mb_gfs,hpbl_surface_gfs,hgt_0C_iso_gfs,cloud_ceiling_nam,low_cloud_layer_percent_nam,middle_cloud_layer_percent_nam,high_cloud_layer_percent_nam,vis_surface_nam,tmp_500mb_nam,tmp_700mb_nam,tmp_850mb_nam,tmp_925mb_nam,tmp_1000mb_nam,hgt_500mb_nam,hgt_700mb_nam,hgt_850mb_nam,hgt_925mb_nam,hgt_1000mb_nam,tmp_2m_nam,rh_2m_nam,rh_925mb_nam,hpbl_surface_nam,hgt_0C_iso_nam,prate_surface_nam,apcp_surface_nam,cloud_ceiling_m_rap,low_cloud_layer_percent_rap,middle_cloud_layer_percent_rap,high_cloud_layer_percent_rap,boundary_layer_cloud_layer_rap,vis_surface_rap,tmp_500mb_rap,tmp_700mb_rap,tmp_850mb_rap,tmp_925mb_rap,tmp_1000mb_rap,hgt_500mb_rap,hgt_700mb_rap,hgt_850mb_rap,hgt_925mb_rap,hgt_1000mb_rap,tmp_2m_rap,rh_2m_rap,rh_925mb_rap,hpbl_surface_rap,hgt_0C_iso_rap,prate_surface_rap,apcp_surface_rap,hgt_500mb_ecmwf,hgt_700mb_ecmwf,hgt_850mb_ecmwf,hgt_925mb_ecmwf,hgt_1000mb_ecmwf,tmp_500mb_ecmwf,tmp_700mb_ecmwf,tmp_850mb_ecmwf,tmp_925mb_ecmwf,tmp_1000mb_ecmwf,rh_700mb_ecmwf,rh_850mb_ecmwf,rh_925mb_ecmwf,rh_1000mb_ecmwf,vvel_700mb_ecmwf,vvel_850mb_ecmwf,vvel_925mb_ecmwf,tmp_2m_ecmwf,dpt_2m_ecmwf,mslp_ecmwf,sp_surface_ecmwf,cape_ecmwf,tcwv_ecmwf,tcdc_surface_nbm,tcdc_high_cloud_nbm,cdcb_high_cloud_nbm,cloud_ceiling_m_nbm,cloud_base_m_nbm,vis_surface_nbm,ceil_prob_below_152m_nbm,ceil_prob_below_305m_nbm,ceil_prob_below_610m_nbm,ceil_prob_below_914m_nbm,ceil_prob_below_2012m_nbm,vis_prob_below_1609m_nbm,vis_prob_below_3219m_nbm,vis_prob_below_4828m_nbm,vis_prob_below_8047m_nbm,cape_surface_nbm,mixing_height_nbm,tmp_2m_nbm,dpt_2m_nbm,rh_2m_nbm,apcp_surface_nbm,wind_10m_nbm,gust_surface_nbm
2014-09-11T16:52,2014-09-11T17:00,48,train,0,2014,9,16,,,,,,,,,,,,,,,,,,,,,,,,,,,,,,,,,,,,,,,,,,,,,,,,,,,,,,,,,,,,,,,,,,,,,,,,,,,,,,,,,,,,,,,,,,,,,,,,,,,,,,,,,,,,,,,,,,,,,,,,,,,,,,,,,,,,,,,,,,,,,,,,,,,,,,,,,
2014-09-01T07:52,2014-09-01T08:00,24,train,0,2014,9,7,,,,,,,,,,,,,,,,,,,,,,,,,,,,,,,,,,,,,,,,,,,,,,,,,,,,,,,,,,,,,,,,,,,,,,,,,,,,,,,,,,,,,,,,,,,,,,,,,,,,,,,,,,,,,,,,,,,,,,,,,,,,,,,,,,,,,,,,,,,,,,,,,,,,,,,,,
2014-09-11T16:52,2014-09-11T17:00,24,train,0,2014,9,16,,,,,,,,,,,,,,,,,,,,,,,,,,,,,,,,,,,,,,,,,,,,,,,,,,,,,,,,,,,,,,,,,,,,,,,,,,,,,,,,,,,,,,,,,,,,,,,,,,,,,,,,,,,,,,,,,,,,,,,,,,,,,,,,,,,,,,,,,,,,,,,,,,,,,,,,,
2014-09-01T07:52,2014-09-01T08:00,48,train,0,2014,9,7,,,,,,,,,,,,,,,,,,,,,,,,,,,,,,,,,,,,,,,,,,,,,,,,,,,,,,,,,,,,,,,,,,,,,,,,,,,,,,,,,,,,,,,,,,,,,,,,,,,,,,,,,,,,,,,,,,,,,,,,,,,,,,,,,,,,,,,,,,,,,,,,,,,,,,,,,
2014-09-11T16:52,2014-09-11T17:00,1,train,0,2014,9,16,1,2014-09-11T16:00,,,,,,,,,,,-999.0,96.625,60.75,30.875,96.625,1294.9820556640625,1286.571044921875,18800.0,86300.0,13535.93359375,8.825446128845215,267.138427734375,282.0209655761719,286.4844055175781,289.152587890625,293.5783386230469,5768.837890625,3054.2978515625,1424.7158203125,31.408843994140625,286.87835693359375,,191.0625,,1600.0,0.0,0.07599999755620956,,,,,,,,,,,,,,,,,,,,,,,,,,,,,,,,,,,,,,,,,,,,,,,,,,,,,,,,,,,,,,,,,,,,,,,,,,,,,,,,,,,,,,,,,,,,,,,,,,,,,,,,,,,,,,,,,,
2014-09-01T07:52,2014-09-01T08:00,1,train,0,2014,9,7,1,2014-09-01T07:00,,,,,,,,,,,-999.0,30.625,30.625,0.625,0.0,nan,nan,nan,nan,nan,8.712019920349121,263.99395751953125,278.37359619140625,287.0445556640625,290.728759765625,294.8066711425781,5785.4462890625,3109.257080078125,1495.628173828125,102.1073989868164,287.7977294921875,,0.0,,8500.0,0.0,0.00800000037997961,,,,,,,,,,,,,,,,,,,,,,,,,,,,,,,,,,,,,,,,,,,,,,,,,,,,,,,,,,,,,,,,,,,,,,,,,,,,,,,,,,,,,,,,,,,,,,,,,,,,,,,,,,,,,,,,,,
2014-09-21T23:49,2014-09-22T00:00,24,train,0,2014,9,23,,,,,,,,,,,,,,,,,,,,,,,,,,,,,,,,,,,,,,,,,,,,,,,,,,,,,,,,,,,,,,,,,,,,,,,,,,,,,,,,,,,,,,,,,,,,,,,,,,,,,,,,,,,,,,,,,,,,,,,,,,,,,,,,,,,,,,,,,,,,,,,,,,,,,,,,,
2014-09-21T23:49,2014-09-22T00:00,48,train,0,2014,9,23,,,,,,,,,,,,,,,,,,,,,,,,,,,,,,,,,,,,,,,,,,,,,,,,,,,,,,,,,,,,,,,,,,,,,,,,,,,,,,,,,,,,,,,,,,,,,,,,,,,,,,,,,,,,,,,,,,,,,,,,,,,,,,,,,,,,,,,,,,,,,,,,,,,,,,,,,
2014-10-02T12:56,2014-10-02T13:00,48,train,1,2014,10,12,,,,,,,,,,,,,,,,,,,,,,,,,,,,,,,,,,,,,,,,,,,,,,,,,,,,,,,,,,,,,,,,,,,,,,,,,,,,,,,,,,,,,,,,,,,,,,,,,,,,,,,,,,,,,,,,,,,,,,,,,,,,,,,,,,,,,,,,,,,,,,,,,,,,,,,,,
2014-10-02T12:56,2014-10-02T13:00,24,train,1,2014,10,12,,,,,,,,,,,,,,,,,,,,,,,,,,,,,,,,,,,,,,,,,,,,,,,,,,,,,,,,,,,,,,,,,,,,,,,,,,,,,,,,,,,,,,,,,,,,,,,,,,,,,,,,,,,,,,,,,,,,,,,,,,,,,,,,,,,,,,,,,,,,,,,,,,,,,,,,,
2014-09-21T23:49,2014-09-22T00:00,1,train,0,2014,9,23,1,2014-09-21T23:00,,,,,,,,,,,-999.0,64.625,37.0,0.0,64.625,1246.2894287109375,1367.4246826171875,29200.0,85500.0,12031.4833984375,5.8239593505859375,263.32354736328125,279.0318603515625,287.77911376953125,290.89385986328125,295.0703125,5708.84716796875,3039.52001953125,1420.051025390625,25.242515563964844,287.3479309082031,,0.0,,8300.0,0.0,0.009999999776482582,,,,,,,,,,,,,,,,,,,,,,,,,,,,,,,,,,,,,,,,,,,,,,,,,,,,,,,,,,,,,,,,,,,,,,,,,,,,,,,,,,,,,,,,,,,,,,,,,,,,,,,,,,,,,,,,,,
2014-10-02T12:56,2014-10-02T13:00,1,train,1,2014,10,12,2,2014-10-02T11:00,,,,,,,,,,,-999.0,5.875,0.875,0.0,5.875,nan,nan,nan,nan,nan,3.3309590816497803,259.58148193359375,275.47491455078125,281.7389831542969,284.24566650390625,288.457763671875,5763.876953125,3124.31787109375,1534.74658203125,170.6830596923828,282.9683837890625,,154.5,,10000.0,0.0,0.0,,,,,,,,,,,,,,,,,,,,,,,,,,,,,,,,,,,,,,,,,,,,,,,,,,,,,,,,,,,,,,,,,,,,,,,,,,,,,,,,,,,,,,,,,,,,,,,,,,,,,,,,,,,,,,,,,,
2014-10-19T05:50,2014-10-19T06:00,1,train,0,2014,10,5,1,2014-10-19T05:00,,,,,,,,,,,-999.0,46.0,46.0,0.5,0.0,1244.0950927734375,1227.3037109375,84800.0,86400.0,1479.8966064453125,9.401971817016602,255.1426544189453,268.4107360839844,274.65771484375,277.8424072265625,281.90899658203125,5480.1845703125,2897.766845703125,1350.65478515625,16.589515686035156,274.3417663574219,,168.75,,100.0,0.0,0.03400000184774399,,,,,,,,,,,,,,,,,,,,,,,,,,,,,,,,,,,,,,,,,,,,,,,,,,,,,,,,,,,,,,,,,,,,,,,,,,,,,,,,,,,,,,,,,,,,,,,,,,,,,,,,,,,,,,,,,,
2014-10-19T05:50,2014-10-19T06:00,24,train,0,2014,10,5,,,,,,,,,,,,,,,,,,,,,,,,,,,,,,,,,,,,,,,,,,,,,,,,,,,,,,,,,,,,,,,,,,,,,,,,,,,,,,,,,,,,,,,,,,,,,,,,,,,,,,,,,,,,,,,,,,,,,,,,,,,,,,,,,,,,,,,,,,,,,,,,,,,,,,,,,
2014-10-19T05:50,2014-10-19T06:00,48,train,0,2014,10,5,,,,,,,,,,,,,,,,,,,,,,,,,,,,,,,,,,,,,,,,,,,,,,,,,,,,,,,,,,,,,,,,,,,,,,,,,,,,,,,,,,,,,,,,,,,,,,,,,,,,,,,,,,,,,,,,,,,,,,,,,,,,,,,,,,,,,,,,,,,,,,,,,,,,,,,,,
2014-11-04T06:52,2014-11-04T07:00,24,train,0,2014,11,6,,,,,,,,,,,,,,,,,,,,,,,,,,,,,,,,,,,,,,,,,,,,,,,,,,,,,,,,,,,,,,,,,,,,,,,,,,,,,,,,,,,,,,,,,,,,,,,,,,,,,,,,,,,,,,,,,,,,,,,,,,,,,,,,,,,,,,,,,,,,,,,,,,,,,,,,,
2014-11-04T06:52,2014-11-04T07:00,1,train,0,2014,11,6,1,2014-11-04T06:00,,,,,,,,,,,-999.0,1.125,1.125,0.0,0.0,nan,nan,nan,nan,nan,9.075538635253906,255.81149291992188,271.1827087402344,276.39471435546875,278.1908264160156,281.9042663574219,5622.85791015625,3020.085693359375,1459.708740234375,123.20599365234375,275.37762451171875,,0.0,,24500.0,0.0,0.0,,,,,,,,,,,,,,,,,,,,,,,,,,,,,,,,,,,,,,,,,,,,,,,,,,,,,,,,,,,,,,,,,,,,,,,,,,,,,,,,,,,,,,,,,,,,,,,,,,,,,,,,,,,,,,,,,,
2014-11-04T06:52,2014-11-04T07:00,48,train,0,2014,11,6,,,,,,,,,,,,,,,,,,,,,,,,,,,,,,,,,,,,,,,,,,,,,,,,,,,,,,,,,,,,,,,,,,,,,,,,,,,,,,,,,,,,,,,,,,,,,,,,,,,,,,,,,,,,,,,,,,,,,,,,,,,,,,,,,,,,,,,,,,,,,,,,,,,,,,,,,
2014-11-27T13:49,2014-11-27T14:00,48,train,0,2014,11,13,,,,,,,,,,,,,,,,,,,,,,,,,,,,,,,,,,,,,,,,,,,,,,,,,,,,,,,,,,,,,,,,,,,,,,,,,,,,,,,,,,,,,,,,,,,,,,,,,,,,,,,,,,,,,,,,,,,,,,,,,,,,,,,,,,,,,,,,,,,,,,,,,,,,,,,,,
2014-11-27T13:49,2014-11-27T14:00,24,train,0,2014,11,13,,,,,,,,,,,,,,,,,,,,,,,,,,,,,,,,,,,,,,,,,,,,,,,,,,,,,,,,,,,,,,,,,,,,,,,,,,,,,,,,,,,,,,,,,,,,,,,,,,,,,,,,,,,,,,,,,,,,,,,,,,,,,,,,,,,,,,,,,,,,,,,,,,,,,,,,,
2014-11-27T13:49,2014-11-27T14:00,1,train,0,2014,11,13,1,2014-11-27T13:00,,,,,,,,,,,-999.0,21.375,21.375,12.5,0.0,nan,1226.6011962890625,68600.0,86900.0,nan,5.6278815269470215,244.7447967529297,258.9955749511719,265.06219482421875,267.7937927246094,271.7507629394531,5361.83935546875,2879.50146484375,1387.2626953125,102.17707824707031,265.7788391113281,,0.0,,10000.0,0.0,0.02500000037252903,,,,,,,,,,,,,,,,,,,,,,,,,,,,,,,,,,,,,,,,,,,,,,,,,,,,,,,,,,,,,,,,,,,,,,,,,,,,,,,,,,,,,,,,,,,,,,,,,,,,,,,,,,,,,,,,,,
2014-12-07T02:50,2014-12-07T03:00,1,train,0,2014,12,2,1,2014-12-07T02:00,,,,,,,,,,,-999.0,89.75,35.875,89.625,89.75,1243.2666015625,1226.822021484375,24200.0,88000.0,11307.2919921875,8.843667030334473,253.72219848632812,266.115478515625,269.337890625,271.0264587402344,274.7706604003906,5581.6171875,3019.41162109375,1494.5687255859375,188.06869506835938,268.8536071777344,,0.0,,9000.0,0.0,0.024000000208616257,,,,,,,,,,,,,,,,,,,,,,,,,,,,,,,,,,,,,,,,,,,,,,,,,,,,,,,,,,,,,,,,,,,,,,,,,,,,,,,,,,,,,,,,,,,,,,,,,,,,,,,,,,,,,,,,,,
2014-12-07T02:50,2014-12-07T03:00,24,train,0,2014,12,2,,,,,,,,,,,,,,,,,,,,,,,,,,,,,,,,,,,,,,,,,,,,,,,,,,,,,,,,,,,,,,,,,,,,,,,,,,,,,,,,,,,,,,,,,,,,,,,,,,,,,,,,,,,,,,,,,,,,,,,,,,,,,,,,,,,,,,,,,,,,,,,,,,,,,,,,,
2014-12-07T02:50,2014-12-07T03:00,48,train,0,2014,12,2,,,,,,,,,,,,,,,,,,,,,,,,,,,,,,,,,,,,,,,,,,,,,,,,,,,,,,,,,,,,,,,,,,,,,,,,,,,,,,,,,,,,,,,,,,,,,,,,,,,,,,,,,,,,,,,,,,,,,,,,,,,,,,,,,,,,,,,,,,,,,,,,,,,,,,,,,
2014-12-14T22:54,2014-12-14T23:00,24,train,0,2014,12,22,,,,,,,,,,,,,,,,,,,,,,,,,,,,,,,,,,,,,,,,,,,,,,,,,,,,,,,,,,,,,,,,,,,,,,,,,,,,,,,,,,,,,,,,,,,,,,,,,,,,,,,,,,,,,,,,,,,,,,,,,,,,,,,,,,,,,,,,,,,,,,,,,,,,,,,,,
2014-12-14T22:54,2014-12-14T23:00,48,train,0,2014,12,22,,,,,,,,,,,,,,,,,,,,,,,,,,,,,,,,,,,,,,,,,,,,,,,,,,,,,,,,,,,,,,,,,,,,,,,,,,,,,,,,,,,,,,,,,,,,,,,,,,,,,,,,,,,,,,,,,,,,,,,,,,,,,,,,,,,,,,,,,,,,,,,,,,,,,,,,,
2014-12-14T22:54,2014-12-14T23:00,1,train,0,2014,12,22,1,2014-12-14T22:00,,,,,,,,,,,-999.0,15.625,15.625,0.0,0.0,nan,nan,nan,nan,nan,7.357415676116943,255.8240966796875,269.3085632324219,272.5474548339844,273.875,277.68408203125,5535.81396484375,2941.8779296875,1397.547119140625,76.26146697998047,271.6072692871094,,0.0,,15700.0,0.0,0.0,,,,,,,,,,,,,,,,,,,,,,,,,,,,,,,,,,,,,,,,,,,,,,,,,,,,,,,,,,,,,,,,,,,,,,,,,,,,,,,,,,,,,,,,,,,,,,,,,,,,,,,,,,,,,,,,,,
2014-12-22T15:56,2014-12-22T16:00,24,train,1,2014,12,15,,,,,,,,,,,,,,,,,,,,,,,,,,,,,,,,,,,,,,,,,,,,,,,,,,,,,,,,,,,,,,,,,,,,,,,,,,,,,,,,,,,,,,,,,,,,,,,,,,,,,,,,,,,,,,,,,,,,,,,,,,,,,,,,,,,,,,,,,,,,,,,,,,,,,,,,,
2014-12-22T15:56,2014-12-22T16:00,1,train,1,2014,12,15,1,2014-12-22T15:00,,,,,,,,,,,-999.0,28.375,28.375,0.0,0.0,1288.658203125,1280.8692626953125,85400.0,87500.0,1614.9271240234375,3.319554090499878,250.40673828125,266.4017333984375,266.2947998046875,269.49530029296875,273.39581298828125,5574.96630859375,3023.8623046875,1505.93798828125,208.37588500976562,268.17803955078125,,246.875,,600.0,0.0,0.00800000037997961,,,,,,,,,,,,,,,,,,,,,,,,,,,,,,,,,,,,,,,,,,,,,,,,,,,,,,,,,,,,,,,,,,,,,,,,,,,,,,,,,,,,,,,,,,,,,,,,,,,,,,,,,,,,,,,,,,
2014-12-22T15:56,2014-12-22T16:00,48,train,1,2014,12,15,,,,,,,,,,,,,,,,,,,,,,,,,,,,,,,,,,,,,,,,,,,,,,,,,,,,,,,,,,,,,,,,,,,,,,,,,,,,,,,,,,,,,,,,,,,,,,,,,,,,,,,,,,,,,,,,,,,,,,,,,,,,,,,,,,,,,,,,,,,,,,,,,,,,,,,,,
2014-12-30T11:57,2014-12-30T12:00,48,train,0,2014,12,11,,,,,,,,,,,,,,,,,,,,,,,,,,,,,,,,,,,,,,,,,,,,,,,,,,,,,,,,,,,,,,,,,,,,,,,,,,,,,,,,,,,,,,,,,,,,,,,,,,,,,,,,,,,,,,,,,,,,,,,,,,,,,,,,,,,,,,,,,,,,,,,,,,,,,,,,,
2014-12-30T11:57,2014-12-30T12:00,24,train,0,2014,12,11,,,,,,,,,,,,,,,,,,,,,,,,,,,,,,,,,,,,,,,,,,,,,,,,,,,,,,,,,,,,,,,,,,,,,,,,,,,,,,,,,,,,,,,,,,,,,,,,,,,,,,,,,,,,,,,,,,,,,,,,,,,,,,,,,,,,,,,,,,,,,,,,,,,,,,,,,
2014-12-30T11:57,2014-12-30T12:00,1,train,0,2014,12,11,1,2014-12-30T11:00,,,,,,,,,,,-999.0,0.25,0.25,0.0,0.0,nan,nan,nan,nan,nan,12.580859184265137,240.1839599609375,253.633056640625,257.04754638671875,259.20538330078125,262.8373718261719,5327.251953125,2893.754150390625,1441.058349609375,195.25445556640625,256.5799560546875,,0.0,,23000.0,0.0,0.0,,,,,,,,,,,,,,,,,,,,,,,,,,,,,,,,,,,,,,,,,,,,,,,,,,,,,,,,,,,,,,,,,,,,,,,,,,,,,,,,,,,,,,,,,,,,,,,,,,,,,,,,,,,,,,,,,,
2015-01-21T13:54,2015-01-21T14:00,1,train,0,2015,1,13,1,2015-01-21T13:00,,,,,,,,,,,-999.0,0.0,0.0,0.0,0.0,nan,nan,nan,nan,nan,7.9231696128845215,243.7117156982422,259.276611328125,265.6495056152344,266.61492919921875,269.9383239746094,5408.4150390625,2927.455078125,1433.264404296875,154.99974060058594,265.15472412109375,,0.0,,38000.0,0.0,0.0,,,,,,,,,,,,,,,,,,,,,,,,,,,,,,,,,,,,,,,,,,,,,,,,,,,,,,,,,,,,,,,,,,,,,,,,,,,,,,,,,,,,,,,,,,,,,,,,,,,,,,,,,,,,,,,,,,
2015-01-21T13:54,2015-01-21T14:00,24,train,0,2015,1,13,,,,,,,,,,,,,,,,,,,,,,,,,,,,,,,,,,,,,,,,,,,,,,,,,,,,,,,,,,,,,,,,,,,,,,,,,,,,,,,,,,,,,,,,,,,,,,,,,,,,,,,,,,,,,,,,,,,,,,,,,,,,,,,,,,,,,,,,,,,,,,,,,,,,,,,,,
2015-01-21T13:54,2015-01-21T14:00,48,train,0,2015,1,13,,,,,,,,,,,,,,,,,,,,,,,,,,,,,,,,,,,,,,,,,,,,,,,,,,,,,,,,,,,,,,,,,,,,,,,,,,,,,,,,,,,,,,,,,,,,,,,,,,,,,,,,,,,,,,,,,,,,,,,,,,,,,,,,,,,,,,,,,,,,,,,,,,,,,,,,,
2015-02-22T19:52,2015-02-22T20:00,48,train,1,2015,2,19,,,,,,,,,,,,,,,,,,,,,,,,,,,,,,,,,,,,,,,,,,,,,,,,,,,,,,,,,,,,,,,,,,,,,,,,,,,,,,,,,,,,,,,,,,,,,,,,,,,,,,,,,,,,,,,,,,,,,,,,,,,,,,,,,,,,,,,,,,,,,,,,,,,,,,,,,
2015-02-22T19:52,2015-02-22T20:00,24,train,1,2015,2,19,,,,,,,,,,,,,,,,,,,,,,,,,,,,,,,,,,,,,,,,,,,,,,,,,,,,,,,,,,,,,,,,,,,,,,,,,,,,,,,,,,,,,,,,,,,,,,,,,,,,,,,,,,,,,,,,,,,,,,,,,,,,,,,,,,,,,,,,,,,,,,,,,,,,,,,,,
2015-02-22T19:52,2015-02-22T20:00,1,train,1,2015,2,19,1,2015-02-22T19:00,,,,,,,,,,,-999.0,8.375,8.375,0.0,0.0,1362.6419677734375,nan,nan,nan,nan,4.1097941398620605,242.8375244140625,261.49444580078125,265.06597900390625,268.2908630371094,272.4373779296875,5414.56494140625,2924.10107421875,1425.539794921875,136.93222045898438,266.95257568359375,,230.1875,,8100.0,0.0,0.004000000189989805,,,,,,,,,,,,,,,,,,,,,,,,,,,,,,,,,,,,,,,,,,,,,,,,,,,,,,,,,,,,,,,,,,,,,,,,,,,,,,,,,,,,,,,,,,,,,,,,,,,,,,,,,,,,,,,,,,
2015-05-01T04:48,2015-05-01T05:00,1,train,1,2015,5,4,1,2015-05-01T04:00,,,,,,,,,,,-999.0,62.375,62.375,0.0,7.875,1367.896484375,1998.974365234375,74800.0,79400.0,10398.1083984375,2.811061382293701,253.1399688720703,268.70660400390625,273.9062194824219,278.07012939453125,282.27178955078125,5574.37109375,2999.046875,1457.14208984375,124.13719177246094,274.8631286621094,,235.9375,,8800.0,0.0,0.0,,,,,,,,,,,,,,,,,,,,,,,,,,,,,,,,,,,,,,,,,,,,,,,,,,,,,,,,,,,,,,,,,,,,,,,,,,,,,,,,,,,,,,,,,,,,,,,,,,,,,,,,,,,,,,,,,,
2015-05-01T04:48,2015-05-01T05:00,24,train,1,2015,5,4,,,,,,,,,,,,,,,,,,,,,,,,,,,,,,,,,,,,,,,,,,,,,,,,,,,,,,,,,,,,,,,,,,,,,,,,,,,,,,,,,,,,,,,,,,,,,,,,,,,,,,,,,,,,,,,,,,,,,,,,,,,,,,,,,,,,,,,,,,,,,,,,,,,,,,,,,
2015-05-01T04:48,2015-05-01T05:00,48,train,1,2015,5,4,,,,,,,,,,,,,,,,,,,,,,,,,,,,,,,,,,,,,,,,,,,,,,,,,,,,,,,,,,,,,,,,,,,,,,,,,,,,,,,,,,,,,,,,,,,,,,,,,,,,,,,,,,,,,,,,,,,,,,,,,,,,,,,,,,,,,,,,,,,,,,,,,,,,,,,,,
2015-06-10T09:47,2015-06-10T10:00,1,train,0,2015,6,9,1,2015-06-10T09:00,,,,,,,,,,,-999.0,28.625,22.875,7.75,28.625,1245.3646240234375,1227.947509765625,29100.0,86900.0,9917.7861328125,13.76904010772705,259.32977294921875,276.27020263671875,281.99822998046875,285.6541748046875,289.866455078125,5648.79150390625,3007.328125,1416.892578125,47.695491790771484,282.283203125,,0.0,,100.0,0.0,0.3199999928474426,,,,,,,,,,,,,,,,,,,,,,,,,,,,,,,,,,,,,,,,,,,,,,,,,,,,,,,,,,,,,,,,,,,,,,,,,,,,,,,,,,,,,,,,,,,,,,,,,,,,,,,,,,,,,,,,,,
2015-06-10T09:47,2015-06-10T10:00,48,train,0,2015,6,9,,,,,,,,,,,,,,,,,,,,,,,,,,,,,,,,,,,,,,,,,,,,,,,,,,,,,,,,,,,,,,,,,,,,,,,,,,,,,,,,,,,,,,,,,,,,,,,,,,,,,,,,,,,,,,,,,,,,,,,,,,,,,,,,,,,,,,,,,,,,,,,,,,,,,,,,,
2015-06-10T09:47,2015-06-10T10:00,24,train,0,2015,6,9,,,,,,,,,,,,,,,,,,,,,,,,,,,,,,,,,,,,,,,,,,,,,,,,,,,,,,,,,,,,,,,,,,,,,,,,,,,,,,,,,,,,,,,,,,,,,,,,,,,,,,,,,,,,,,,,,,,,,,,,,,,,,,,,,,,,,,,,,,,,,,,,,,,,,,,,,
2015-07-21T03:55,2015-07-21T04:00,1,train,0,2015,7,3,1,2015-07-21T03:00,,,,,,,,,,,-999.0,98.125,0.0,91.625,98.125,5741.21728515625,5075.33935546875,25500.0,54400.0,10978.7490234375,6.91690731048584,264.3915100097656,280.02386474609375,288.4398193359375,293.19586181640625,297.4776611328125,5737.8759765625,3048.876953125,1431.96630859375,29.497024536132812,289.09796142578125,,0.0,,16400.0,0.0,0.0,,,,,,,,,,,,,,,,,,,,,,,,,,,,,,,,,,,,,,,,,,,,,,,,,,,,,,,,,,,,,,,,,,,,,,,,,,,,,,,,,,,,,,,,,,,,,,,,,,,,,,,,,,,,,,,,,,
2015-07-21T03:55,2015-07-21T04:00,24,train,0,2015,7,3,,,,,,,,,,,,,,,,,,,,,,,,,,,,,,,,,,,,,,,,,,,,,,,,,,,,,,,,,,,,,,,,,,,,,,,,,,,,,,,,,,,,,,,,,,,,,,,,,,,,,,,,,,,,,,,,,,,,,,,,,,,,,,,,,,,,,,,,,,,,,,,,,,,,,,,,,
2015-07-21T03:55,2015-07-21T04:00,48,train,0,2015,7,3,,,,,,,,,,,,,,,,,,,,,,,,,,,,,,,,,,,,,,,,,,,,,,,,,,,,,,,,,,,,,,,,,,,,,,,,,,,,,,,,,,,,,,,,,,,,,,,,,,,,,,,,,,,,,,,,,,,,,,,,,,,,,,,,,,,,,,,,,,,,,,,,,,,,,,,,,
2015-10-05T01:49,2015-10-05T02:00,1,train,0,2015,10,1,1,2015-10-05T01:00,,,,,,,,,,,-999.0,0.0,0.0,0.0,0.0,nan,nan,nan,nan,nan,8.222137451171875,266.49456787109375,278.3224182128906,279.654296875,280.78326416015625,284.5296936035156,5836.6220703125,3146.420166015625,1559.515380859375,205.17308044433594,277.07379150390625,,0.0,,24900.0,0.0,0.0,,,,,,,,,,,,,,,,,,,,,,,,,,,,,,,,,,,,,,,,,,,,,,,,,,,,,,,,,,,,,,,,,,,,,,,,,,,,,,,,,,,,,,,,,,,,,,,,,,,,,,,,,,,,,,,,,,
2015-10-05T01:49,2015-10-05T02:00,24,train,0,2015,10,1,,,,,,,,,,,,,,,,,,,,,,,,,,,,,,,,,,,,,,,,,,,,,,,,,,,,,,,,,,,,,,,,,,,,,,,,,,,,,,,,,,,,,,,,,,,,,,,,,,,,,,,,,,,,,,,,,,,,,,,,,,,,,,,,,,,,,,,,,,,,,,,,,,,,,,,,,
2015-10-05T01:49,2015-10-05T02:00,48,train,0,2015,10,1,,,,,,,,,,,,,,,,,,,,,,,,,,,,,,,,,,,,,,,,,,,,,,,,,,,,,,,,,,,,,,,,,,,,,,,,,,,,,,,,,,,,,,,,,,,,,,,,,,,,,,,,,,,,,,,,,,,,,,,,,,,,,,,,,,,,,,,,,,,,,,,,,,,,,,,,,
2015-10-23T23:53,2015-10-24T00:00,1,train,1,2015,10,23,1,2015-10-23T23:00,,,,,,,,,,,-999.0,3.125,3.125,0.0,0.0,nan,nan,nan,nan,nan,3.9905688762664795,258.0439758300781,273.9570007324219,273.04443359375,273.54437255859375,277.52679443359375,5703.42578125,3078.734130859375,1520.15087890625,194.97540283203125,270.9600524902344,,0.0,,10200.0,0.0,0.0,,,,,,,,,,,,,,,,,,,,,,,,,,,,,,,,,,,,,,,,,,,,,,,,,,,,,,,,,,,,,,,,,,,,,,,,,,,,,,,,,,,,,,,,,,,,,,,,,,,,,,,,,,,,,,,,,,
2015-10-23T23:53,2015-10-24T00:00,24,train,1,2015,10,23,,,,,,,,,,,,,,,,,,,,,,,,,,,,,,,,,,,,,,,,,,,,,,,,,,,,,,,,,,,,,,,,,,,,,,,,,,,,,,,,,,,,,,,,,,,,,,,,,,,,,,,,,,,,,,,,,,,,,,,,,,,,,,,,,,,,,,,,,,,,,,,,,,,,,,,,,
2015-10-23T23:53,2015-10-24T00:00,48,train,1,2015,10,23,,,,,,,,,,,,,,,,,,,,,,,,,,,,,,,,,,,,,,,,,,,,,,,,,,,,,,,,,,,,,,,,,,,,,,,,,,,,,,,,,,,,,,,,,,,,,,,,,,,,,,,,,,,,,,,,,,,,,,,,,,,,,,,,,,,,,,,,,,,,,,,,,,,,,,,,,
2015-11-10T04:53,2015-11-10T05:00,24,train,0,2015,11,4,,,,,,,,,,,,,,,,,,,,,,,,,,,,,,,,,,,,,,,,,,,,,,,,,,,,,,,,,,,,,,,,,,,,,,,,,,,,,,,,,,,,,,,,,,,,,,,,,,,,,,,,,,,,,,,,,,,,,,,,,,,,,,,,,,,,,,,,,,,,,,,,,,,,,,,,,
2015-11-10T04:53,2015-11-10T05:00,48,train,0,2015,11,4,,,,,,,,,,,,,,,,,,,,,,,,,,,,,,,,,,,,,,,,,,,,,,,,,,,,,,,,,,,,,,,,,,,,,,,,,,,,,,,,,,,,,,,,,,,,,,,,,,,,,,,,,,,,,,,,,,,,,,,,,,,,,,,,,,,,,,,,,,,,,,,,,,,,,,,,,
2015-11-10T04:53,2015-11-10T05:00,1,train,0,2015,11,4,1,2015-11-10T04:00,,,,,,,,,,,-999.0,1.625,0.0,0.0,1.625,nan,nan,nan,nan,nan,12.663208961486816,257.9276123046875,274.8409729003906,281.9884948730469,283.0497741699219,286.46820068359375,5755.306640625,3128.9072265625,1544.49755859375,188.3599853515625,280.8322448730469,,0.0,,55100.0,0.0,0.0,,,,,,,,,,,,,,,,,,,,,,,,,,,,,,,,,,,,,,,,,,,,,,,,,,,,,,,,,,,,,,,,,,,,,,,,,,,,,,,,,,,,,,,,,,,,,,,,,,,,,,,,,,,,,,,,,,
2015-11-23T22:50,2015-11-23T23:00,24,train,0,2015,11,22,,,,,,,,,,,,,,,,,,,,,,,,,,,,,,,,,,,,,,,,,,,,,,,,,,,,,,,,,,,,,,,,,,,,,,,,,,,,,,,,,,,,,,,,,,,,,,,,,,,,,,,,,,,,,,,,,,,,,,,,,,,,,,,,,,,,,,,,,,,,,,,,,,,,,,,,,
2015-11-23T22:50,2015-11-23T23:00,1,train,0,2015,11,22,1,2015-11-23T22:00,,,,,,,,,,,-999.0,0.5,0.5,0.0,0.0,nan,nan,nan,nan,nan,13.227875709533691,242.71200561523438,255.65737915039062,261.72247314453125,265.764404296875,269.7056579589844,5321.2998046875,2861.0146484375,1391.73486328125,120.67446899414062,262.1034240722656,,267.6875,,14800.0,0.0,0.0,,,,,,,,,,,,,,,,,,,,,,,,,,,,,,,,,,,,,,,,,,,,,,,,,,,,,,,,,,,,,,,,,,,,,,,,,,,,,,,,,,,,,,,,,,,,,,,,,,,,,,,,,,,,,,,,,,
2015-11-23T22:50,2015-11-23T23:00,48,train,0,2015,11,22,,,,,,,,,,,,,,,,,,,,,,,,,,,,,,,,,,,,,,,,,,,,,,,,,,,,,,,,,,,,,,,,,,,,,,,,,,,,,,,,,,,,,,,,,,,,,,,,,,,,,,,,,,,,,,,,,,,,,,,,,,,,,,,,,,,,,,,,,,,,,,,,,,,,,,,,,
2015-12-04T16:49,2015-12-04T17:00,1,train,0,2015,12,16,1,2015-12-04T16:00,,,,,,,,,,,-999.0,19.5,19.5,0.0,0.0,nan,nan,nan,nan,nan,14.171211242675781,246.29234313964844,264.34930419921875,269.3666687011719,272.6078186035156,276.7724914550781,5539.9931640625,3024.7861328125,1504.3641357421875,197.54873657226562,270.43463134765625,,149.25,,10300.0,0.0,0.0,,,,,,,,,,,,,,,,,,,,,,,,,,,,,,,,,,,,,,,,,,,,,,,,,,,,,,,,,,,,,,,,,,,,,,,,,,,,,,,,,,,,,,,,,,,,,,,,,,,,,,,,,,,,,,,,,,
2015-12-04T16:49,2015-12-04T17:00,48,train,0,2015,12,16,,,,,,,,,,,,,,,,,,,,,,,,,,,,,,,,,,,,,,,,,,,,,,,,,,,,,,,,,,,,,,,,,,,,,,,,,,,,,,,,,,,,,,,,,,,,,,,,,,,,,,,,,,,,,,,,,,,,,,,,,,,,,,,,,,,,,,,,,,,,,,,,,,,,,,,,,
2015-12-04T16:49,2015-12-04T17:00,24,train,0,2015,12,16,,,,,,,,,,,,,,,,,,,,,,,,,,,,,,,,,,,,,,,,,,,,,,,,,,,,,,,,,,,,,,,,,,,,,,,,,,,,,,,,,,,,,,,,,,,,,,,,,,,,,,,,,,,,,,,,,,,,,,,,,,,,,,,,,,,,,,,,,,,,,,,,,,,,,,,,,
2015-12-12T06:52,2015-12-12T07:00,24,train,0,2015,12,6,,,,,,,,,,,,,,,,,,,,,,,,,,,,,,,,,,,,,,,,,,,,,,,,,,,,,,,,,,,,,,,,,,,,,,,,,,,,,,,,,,,,,,,,,,,,,,,,,,,,,,,,,,,,,,,,,,,,,,,,,,,,,,,,,,,,,,,,,,,,,,,,,,,,,,,,,
2015-12-12T06:52,2015-12-12T07:00,48,train,0,2015,12,6,,,,,,,,,,,,,,,,,,,,,,,,,,,,,,,,,,,,,,,,,,,,,,,,,,,,,,,,,,,,,,,,,,,,,,,,,,,,,,,,,,,,,,,,,,,,,,,,,,,,,,,,,,,,,,,,,,,,,,,,,,,,,,,,,,,,,,,,,,,,,,,,,,,,,,,,,
2015-12-12T06:52,2015-12-12T07:00,1,train,0,2015,12,6,1,2015-12-12T06:00,,,,,,,,,,,-999.0,20.0,20.0,0.0,0.0,nan,nan,nan,nan,nan,14.149154663085938,252.50848388671875,269.62115478515625,272.660400390625,277.3974914550781,281.4119567871094,5544.1611328125,2967.1396484375,1424.4432373046875,93.60162353515625,273.474365234375,,0.0,,10000.0,0.0,0.0,,,,,,,,,,,,,,,,,,,,,,,,,,,,,,,,,,,,,,,,,,,,,,,,,,,,,,,,,,,,,,,,,,,,,,,,,,,,,,,,,,,,,,,,,,,,,,,,,,,,,,,,,,,,,,,,,,
2015-12-20T06:49,2015-12-20T07:00,48,train,0,2015,12,6,,,,,,,,,,,,,,,,,,,,,,,,,,,,,,,,,,,,,,,,,,,,,,,,,,,,,,,,,,,,,,,,,,,,,,,,,,,,,,,,,,,,,,,,,,,,,,,,,,,,,,,,,,,,,,,,,,,,,,,,,,,,,,,,,,,,,,,,,,,,,,,,,,,,,,,,,
2015-12-20T06:49,2015-12-20T07:00,24,train,0,2015,12,6,,,,,,,,,,,,,,,,,,,,,,,,,,,,,,,,,,,,,,,,,,,,,,,,,,,,,,,,,,,,,,,,,,,,,,,,,,,,,,,,,,,,,,,,,,,,,,,,,,,,,,,,,,,,,,,,,,,,,,,,,,,,,,,,,,,,,,,,,,,,,,,,,,,,,,,,,
2015-12-20T06:49,2015-12-20T07:00,1,train,0,2015,12,6,1,2015-12-20T06:00,,,,,,,,,,,-999.0,45.75,45.75,0.0,0.0,1286.34619140625,1226.18505859375,76800.0,87100.0,2336.554931640625,17.668378829956055,244.09384155273438,255.71792602539062,259.00067138671875,264.1563415527344,268.23785400390625,5329.666015625,2857.768310546875,1401.838134765625,140.7925262451172,260.98223876953125,,709.875,,600.0,9.999999747378752e-05,0.22599999606609344,,,,,,,,,,,,,,,,,,,,,,,,,,,,,,,,,,,,,,,,,,,,,,,,,,,,,,,,,,,,,,,,,,,,,,,,,,,,,,,,,,,,,,,,,,,,,,,,,,,,,,,,,,,,,,,,,,
2015-12-28T22:58,2015-12-28T23:00,1,train,0,2015,12,22,1,2015-12-28T22:00,,,,,,,,,,,-999.0,99.5,0.0,78.5,99.5,6694.48046875,5449.9267578125,26000.0,51200.0,10842.1318359375,3.943171977996826,255.2380828857422,266.1582946777344,261.6854248046875,262.1790771484375,265.9737548828125,5608.65380859375,3027.77197265625,1526.252685546875,255.25865173339844,260.6597900390625,,0.0,,24900.0,0.0,0.0,,,,,,,,,,,,,,,,,,,,,,,,,,,,,,,,,,,,,,,,,,,,,,,,,,,,,,,,,,,,,,,,,,,,,,,,,,,,,,,,,,,,,,,,,,,,,,,,,,,,,,,,,,,,,,,,,,
2015-12-28T22:58,2015-12-28T23:00,48,train,0,2015,12,22,,,,,,,,,,,,,,,,,,,,,,,,,,,,,,,,,,,,,,,,,,,,,,,,,,,,,,,,,,,,,,,,,,,,,,,,,,,,,,,,,,,,,,,,,,,,,,,,,,,,,,,,,,,,,,,,,,,,,,,,,,,,,,,,,,,,,,,,,,,,,,,,,,,,,,,,,
2015-12-28T22:58,2015-12-28T23:00,24,train,0,2015,12,22,,,,,,,,,,,,,,,,,,,,,,,,,,,,,,,,,,,,,,,,,,,,,,,,,,,,,,,,,,,,,,,,,,,,,,,,,,,,,,,,,,,,,,,,,,,,,,,,,,,,,,,,,,,,,,,,,,,,,,,,,,,,,,,,,,,,,,,,,,,,,,,,,,,,,,,,,
2016-01-10T13:48,2016-01-10T14:00,24,train,0,2016,1,13,,,,,,,,,,,,,,,,,,,,,,,,,,,,,,,,,,,,,,,,,,,,,,,,,,,,,,,,,,,,,,,,,,,,,,,,,,,,,,,,,,,,,,,,,,,,,,,,,,,,,,,,,,,,,,,,,,,,,,,,,,,,,,,,,,,,,,,,,,,,,,,,,,,,,,,,,
2016-01-10T13:48,2016-01-10T14:00,48,train,0,2016,1,13,,,,,,,,,,,,,,,,,,,,,,,,,,,,,,,,,,,,,,,,,,,,,,,,,,,,,,,,,,,,,,,,,,,,,,,,,,,,,,,,,,,,,,,,,,,,,,,,,,,,,,,,,,,,,,,,,,,,,,,,,,,,,,,,,,,,,,,,,,,,,,,,,,,,,,,,,
2016-01-10T13:48,2016-01-10T14:00,1,train,0,2016,1,13,1,2016-01-10T13:00,,,,,,,,,,,-999.0,100.0,74.875,81.0,100.0,1243.633056640625,1227.0550537109375,21300.0,87600.0,11645.5830078125,10.060503959655762,252.8007354736328,268.86688232421875,272.76556396484375,274.12115478515625,277.8586120605469,5556.908203125,2986.253173828125,1443.3255615234375,121.82112121582031,271.2760009765625,,134.875,,0.0,0.00019999999494757503,0.38600000739097595,,,,,,,,,,,,,,,,,,,,,,,,,,,,,,,,,,,,,,,,,,,,,,,,,,,,,,,,,,,,,,,,,,,,,,,,,,,,,,,,,,,,,,,,,,,,,,,,,,,,,,,,,,,,,,,,,,
2016-01-29T07:52,2016-01-29T08:00,24,train,0,2016,1,7,,,,,,,,,,,,,,,,,,,,,,,,,,,,,,,,,,,,,,,,,,,,,,,,,,,,,,,,,,,,,,,,,,,,,,,,,,,,,,,,,,,,,,,,,,,,,,,,,,,,,,,,,,,,,,,,,,,,,,,,,,,,,,,,,,,,,,,,,,,,,,,,,,,,,,,,,
2016-01-29T07:52,2016-01-29T08:00,48,train,0,2016,1,7,,,,,,,,,,,,,,,,,,,,,,,,,,,,,,,,,,,,,,,,,,,,,,,,,,,,,,,,,,,,,,,,,,,,,,,,,,,,,,,,,,,,,,,,,,,,,,,,,,,,,,,,,,,,,,,,,,,,,,,,,,,,,,,,,,,,,,,,,,,,,,,,,,,,,,,,,
2016-01-29T07:52,2016-01-29T08:00,1,train,0,2016,1,7,1,2016-01-29T07:00,,,,,,,,,,,-999.0,1.875,1.875,0.0,0.0,nan,nan,nan,nan,nan,6.461853504180908,248.86497497558594,260.84490966796875,269.454345703125,273.38580322265625,277.30010986328125,5337.06884765625,2823.54345703125,1316.184814453125,13.719093322753906,269.0416259765625,,0.0,,14700.0,0.0,0.0,,,,,,,,,,,,,,,,,,,,,,,,,,,,,,,,,,,,,,,,,,,,,,,,,,,,,,,,,,,,,,,,,,,,,,,,,,,,,,,,,,,,,,,,,,,,,,,,,,,,,,,,,,,,,,,,,,
2016-02-15T03:50,2016-02-15T04:00,24,train,0,2016,2,3,,,,,,,,,,,,,,,,,,,,,,,,,,,,,,,,,,,,,,,,,,,,,,,,,,,,,,,,,,,,,,,,,,,,,,,,,,,,,,,,,,,,,,,,,,,,,,,,,,,,,,,,,,,,,,,,,,,,,,,,,,,,,,,,,,,,,,,,,,,,,,,,,,,,,,,,,
2016-02-15T03:50,2016-02-15T04:00,48,train,0,2016,2,3,,,,,,,,,,,,,,,,,,,,,,,,,,,,,,,,,,,,,,,,,,,,,,,,,,,,,,,,,,,,,,,,,,,,,,,,,,,,,,,,,,,,,,,,,,,,,,,,,,,,,,,,,,,,,,,,,,,,,,,,,,,,,,,,,,,,,,,,,,,,,,,,,,,,,,,,,
2016-02-15T03:50,2016-02-15T04:00,1,train,0,2016,2,3,1,2016-02-15T03:00,,,,,,,,,,,-999.0,0.0,0.0,0.0,0.0,nan,nan,nan,nan,nan,12.785594940185547,233.65171813964844,249.944091796875,256.4613037109375,256.84393310546875,259.9371337890625,5265.78369140625,2888.254638671875,1445.070556640625,213.38441467285156,254.91612243652344,,0.0,,31500.0,0.0,0.0,,,,,,,,,,,,,,,,,,,,,,,,,,,,,,,,,,,,,,,,,,,,,,,,,,,,,,,,,,,,,,,,,,,,,,,,,,,,,,,,,,,,,,,,,,,,,,,,,,,,,,,,,,,,,,,,,,
2016-03-05T14:55,2016-03-05T15:00,48,train,0,2016,3,14,,,,,,,,,,,,,,,,,,,,,,,,,,,,,,,,,,,,,,,,,,,,,,,,,,,,,,,,,,,,,,,,,,,,,,,,,,,,,,,,,,,,,,,,,,,,,,,,,,,,,,,,,,,,,,,,,,,,,,,,,,,,,,,,,,,,,,,,,,,,,,,,,,,,,,,,,
2016-03-05T14:55,2016-03-05T15:00,24,train,0,2016,3,14,,,,,,,,,,,,,,,,,,,,,,,,,,,,,,,,,,,,,,,,,,,,,,,,,,,,,,,,,,,,,,,,,,,,,,,,,,,,,,,,,,,,,,,,,,,,,,,,,,,,,,,,,,,,,,,,,,,,,,,,,,,,,,,,,,,,,,,,,,,,,,,,,,,,,,,,,
2016-03-05T14:55,2016-03-05T15:00,1,train,0,2016,3,14,1,2016-03-05T14:00,,,,,,,,,,,-999.0,0.0,0.0,0.0,0.0,nan,nan,nan,nan,nan,4.762620449066162,245.79029846191406,257.37713623046875,259.572021484375,262.8909606933594,267.0448913574219,5382.1162109375,2892.1943359375,1424.879638671875,161.0978546142578,262.46514892578125,,291.125,,20800.0,0.0,0.0,,,,,,,,,,,,,,,,,,,,,,,,,,,,,,,,,,,,,,,,,,,,,,,,,,,,,,,,,,,,,,,,,,,,,,,,,,,,,,,,,,,,,,,,,,,,,,,,,,,,,,,,,,,,,,,,,,
2016-03-22T15:52,2016-03-22T16:00,48,train,0,2016,3,15,,,,,,,,,,,,,,,,,,,,,,,,,,,,,,,,,,,,,,,,,,,,,,,,,,,,,,,,,,,,,,,,,,,,,,,,,,,,,,,,,,,,,,,,,,,,,,,,,,,,,,,,,,,,,,,,,,,,,,,,,,,,,,,,,,,,,,,,,,,,,,,,,,,,,,,,,
2016-03-22T15:52,2016-03-22T16:00,1,train,0,2016,3,15,1,2016-03-22T15:00,,,,,,,,,,,-999.0,2.5,2.5,0.0,0.0,nan,nan,nan,nan,nan,13.656497955322266,246.55194091796875,255.2713623046875,260.82513427734375,266.67132568359375,270.9124755859375,5331.9873046875,2854.34716796875,1393.1612548828125,123.01248168945312,264.209228515625,,800.125,,13100.0,0.0,0.0017999999690800905,,,,,,,,,,,,,,,,,,,,,,,,,,,,,,,,,,,,,,,,,,,,,,,,,,,,,,,,,,,,,,,,,,,,,,,,,,,,,,,,,,,,,,,,,,,,,,,,,,,,,,,,,,,,,,,,,,
2016-03-22T15:52,2016-03-22T16:00,24,train,0,2016,3,15,,,,,,,,,,,,,,,,,,,,,,,,,,,,,,,,,,,,,,,,,,,,,,,,,,,,,,,,,,,,,,,,,,,,,,,,,,,,,,,,,,,,,,,,,,,,,,,,,,,,,,,,,,,,,,,,,,,,,,,,,,,,,,,,,,,,,,,,,,,,,,,,,,,,,,,,,
2016-05-08T07:55,2016-05-08T08:00,24,train,1,2016,5,7,,,,,,,,,,,,,,,,,,,,,,,,,,,,,,,,,,,,,,,,,,,,,,,,,,,,,,,,,,,,,,,,,,,,,,,,,,,,,,,,,,,,,,,,,,,,,,,,,,,,,,,,,,,,,,,,,,,,,,,,,,,,,,,,,,,,,,,,,,,,,,,,,,,,,,,,,
2016-05-08T07:55,2016-05-08T08:00,48,train,1,2016,5,7,,,,,,,,,,,,,,,,,,,,,,,,,,,,,,,,,,,,,,,,,,,,,,,,,,,,,,,,,,,,,,,,,,,,,,,,,,,,,,,,,,,,,,,,,,,,,,,,,,,,,,,,,,,,,,,,,,,,,,,,,,,,,,,,,,,,,,,,,,,,,,,,,,,,,,,,,
2016-05-08T07:55,2016-05-08T08:00,1,train,1,2016,5,7,2,2016-05-08T06:00,,,,,,,,,,,-999.0,11.625,11.625,0.875,3.375,nan,nan,nan,nan,nan,6.897185325622559,252.08119201660156,270.3712463378906,278.5498962402344,281.9113464355469,286.0067138671875,5496.69140625,2922.615966796875,1358.8084716796875,11.235504150390625,278.439208984375,,0.0,,11300.0,0.0,0.0,,,,,,,,,,,,,,,,,,,,,,,,,,,,,,,,,,,,,,,,,,,,,,,,,,,,,,,,,,,,,,,,,,,,,,,,,,,,,,,,,,,,,,,,,,,,,,,,,,,,,,,,,,,,,,,,,,
2016-05-30T10:53,2016-05-30T11:00,48,train,0,2016,5,10,,,,,,,,,,,,,,,,,,,,,,,,,,,,,,,,,,,,,,,,,,,,,,,,,,,,,,,,,,,,,,,,,,,,,,,,,,,,,,,,,,,,,,,,,,,,,,,,,,,,,,,,,,,,,,,,,,,,,,,,,,,,,,,,,,,,,,,,,,,,,,,,,,,,,,,,,
2016-05-30T10:53,2016-05-30T11:00,24,train,0,2016,5,10,,,,,,,,,,,,,,,,,,,,,,,,,,,,,,,,,,,,,,,,,,,,,,,,,,,,,,,,,,,,,,,,,,,,,,,,,,,,,,,,,,,,,,,,,,,,,,,,,,,,,,,,,,,,,,,,,,,,,,,,,,,,,,,,,,,,,,,,,,,,,,,,,,,,,,,,,
2016-05-30T10:53,2016-05-30T11:00,1,train,0,2016,5,10,1,2016-05-30T10:00,,,,,,,,,,,5057.0,64.375,20.375,60.75,64.375,1246.145751953125,2846.26953125,34000.0,72400.0,12033.0166015625,11.515453338623047,263.5847473144531,276.4769287109375,286.2253723144531,289.493408203125,293.3691101074219,5781.7919921875,3117.21630859375,1510.5169677734375,125.74116516113281,287.40960693359375,,0.0,,6400.0,0.0007999999797903001,0.4180000126361847,,,,,,,,,,,,,,,,,,,,,,,,,,,,,,,,,,,,,,,,,,,,,,,,,,,,,,,,,,,,,,,,,,,,,,,,,,,,,,,,,,,,,,,,,,,,,,,,,,,,,,,,,,,,,,,,,,
2016-07-31T09:51,2016-07-31T10:00,1,train,0,2016,7,9,1,2016-07-31T09:00,,,,,,,,,,,-999.0,83.25,2.0,4.25,83.25,8655.3701171875,8638.0029296875,25900.0,34200.0,11279.15625,4.885194301605225,263.552490234375,277.5323486328125,283.2711181640625,287.5850830078125,291.62896728515625,5801.4658203125,3130.46337890625,1535.2452392578125,155.7726287841797,281.1336975097656,,318.125,,14500.0,0.0,0.0,,,,,,,,,,,,,,,,,,,,,,,,,,,,,,,,,,,,,,,,,,,,,,,,,,,,,,,,,,,,,,,,,,,,,,,,,,,,,,,,,,,,,,,,,,,,,,,,,,,,,,,,,,,,,,,,,,
2016-07-31T09:51,2016-07-31T10:00,24,train,0,2016,7,9,,,,,,,,,,,,,,,,,,,,,,,,,,,,,,,,,,,,,,,,,,,,,,,,,,,,,,,,,,,,,,,,,,,,,,,,,,,,,,,,,,,,,,,,,,,,,,,,,,,,,,,,,,,,,,,,,,,,,,,,,,,,,,,,,,,,,,,,,,,,,,,,,,,,,,,,,
2016-07-31T09:51,2016-07-31T10:00,48,train,0,2016,7,9,,,,,,,,,,,,,,,,,,,,,,,,,,,,,,,,,,,,,,,,,,,,,,,,,,,,,,,,,,,,,,,,,,,,,,,,,,,,,,,,,,,,,,,,,,,,,,,,,,,,,,,,,,,,,,,,,,,,,,,,,,,,,,,,,,,,,,,,,,,,,,,,,,,,,,,,,
2016-09-19T09:54,2016-09-19T10:00,24,train,0,2016,9,9,,,,,,,,,,,,,,,,,,,,,,,,,,,,,,,,,,,,,,,,,,,,,,,,,,,,,,,,,,,,,,,,,,,,,,,,,,,,,,,,,,,,,,,,,,,,,,,,,,,,,,,,,,,,,,,,,,,,,,,,,,,,,,,,,,,,,,,,,,,,,,,,,,,,,,,,,
2016-09-19T09:54,2016-09-19T10:00,1,train,0,2016,9,9,1,2016-09-19T09:00,,,,,,,,,,,10194.2001953125,97.5,27.5,50.125,97.5,2855.176513671875,3191.21142578125,24200.0,69600.0,12889.3125,4.597950458526611,263.5586242675781,277.9056701660156,285.967041015625,289.20977783203125,293.27056884765625,5806.4580078125,3133.62939453125,1522.3681640625,132.16073608398438,286.8616943359375,87.30000305175781,124.15083312988281,4016.252685546875,2600.0,0.0032999999821186066,3.509999990463257,,,,,,,,,,,,,,,,,,,,,,,,,,,,,,,,,,,,,,,,,,,,,,,,,,,,,,,,,,,,,,,,,,,,,,,,,,,,,,,,,,,,,,,,,,,,,,,,,,,,,,,,,,,,,,,,,,
2016-09-19T09:54,2016-09-19T10:00,48,train,0,2016,9,9,,,,,,,,,,,,,,,,,,,,,,,,,,,,,,,,,,,,,,,,,,,,,,,,,,,,,,,,,,,,,,,,,,,,,,,,,,,,,,,,,,,,,,,,,,,,,,,,,,,,,,,,,,,,,,,,,,,,,,,,,,,,,,,,,,,,,,,,,,,,,,,,,,,,,,,,,
2016-10-05T05:49,2016-10-05T06:00,1,train,1,2016,10,5,1,2016-10-05T05:00,,,,,,,,,,,-999.0,25.875,25.875,0.0,0.0,nan,nan,nan,nan,nan,1.986925721168518,260.1365966796875,278.09521484375,280.0246276855469,282.65472412109375,286.5728759765625,5827.13623046875,3173.00048828125,1579.271240234375,217.98394775390625,279.59161376953125,87.30000305175781,72.64833068847656,4028.0,8800.0,0.0,0.0,,,,,,,,,,,,,,,,,,,,,,,,,,,,,,,,,,,,,,,,,,,,,,,,,,,,,,,,,,,,,,,,,,,,,,,,,,,,,,,,,,,,,,,,,,,,,,,,,,,,,,,,,,,,,,,,,,
2016-10-05T05:49,2016-10-05T06:00,24,train,1,2016,10,5,,,,,,,,,,,,,,,,,,,,,,,,,,,,,,,,,,,,,,,,,,,,,,,,,,,,,,,,,,,,,,,,,,,,,,,,,,,,,,,,,,,,,,,,,,,,,,,,,,,,,,,,,,,,,,,,,,,,,,,,,,,,,,,,,,,,,,,,,,,,,,,,,,,,,,,,,
2016-10-05T05:49,2016-10-05T06:00,48,train,1,2016,10,5,,,,,,,,,,,,,,,,,,,,,,,,,,,,,,,,,,,,,,,,,,,,,,,,,,,,,,,,,,,,,,,,,,,,,,,,,,,,,,,,,,,,,,,,,,,,,,,,,,,,,,,,,,,,,,,,,,,,,,,,,,,,,,,,,,,,,,,,,,,,,,,,,,,,,,,,,
2016-10-22T12:51,2016-10-22T13:00,24,train,0,2016,10,12,,,,,,,,,,,,,,,,,,,,,,,,,,,,,,,,,,,,,,,,,,,,,,,,,,,,,,,,,,,,,,,,,,,,,,,,,,,,,,,,,,,,,,,,,,,,,,,,,,,,,,,,,,,,,,,,,,,,,,,,,,,,,,,,,,,,,,,,,,,,,,,,,,,,,,,,,
2016-10-22T12:51,2016-10-22T13:00,48,train,0,2016,10,12,,,,,,,,,,,,,,,,,,,,,,,,,,,,,,,,,,,,,,,,,,,,,,,,,,,,,,,,,,,,,,,,,,,,,,,,,,,,,,,,,,,,,,,,,,,,,,,,,,,,,,,,,,,,,,,,,,,,,,,,,,,,,,,,,,,,,,,,,,,,,,,,,,,,,,,,,
2016-10-22T12:51,2016-10-22T13:00,1,train,0,2016,10,12,1,2016-10-22T12:00,,,,,,,,,,,-999.0,84.75,84.75,0.0,0.0,1245.535888671875,1240.349609375,85100.0,85600.0,1373.6510009765625,1.3483200073242188,261.99951171875,278.1325988769531,282.4457092285156,285.27008056640625,289.5137939453125,5562.0537109375,2902.612060546875,1301.64453125,-74.64390563964844,283.29925537109375,100.0,193.66041564941406,3753.199951171875,300.0,0.0,0.0020000000949949026,,,,,,,,,,,,,,,,,,,,,,,,,,,,,,,,,,,,,,,,,,,,,,,,,,,,,,,,,,,,,,,,,,,,,,,,,,,,,,,,,,,,,,,,,,,,,,,,,,,,,,,,,,,,,,,,,,
2016-11-07T23:53,2016-11-08T00:00,1,train,0,2016,11,23,1,2016-11-07T23:00,,,,,,,,,,,-999.0,0.0,0.0,0.0,0.0,nan,nan,nan,nan,nan,2.322782516479492,257.4427795410156,274.0531921386719,280.7001037597656,281.84027099609375,285.3013000488281,5748.8466796875,3133.35595703125,1551.5111083984375,199.54002380371094,278.421875,39.70000076293945,126.20206451416016,3308.56005859375,32900.0,0.0,0.0,,,,,,,,,,,,,,,,,,,,,,,,,,,,,,,,,,,,,,,,,,,,,,,,,,,,,,,,,,,,,,,,,,,,,,,,,,,,,,,,,,,,,,,,,,,,,,,,,,,,,,,,,,,,,,,,,,
2016-11-07T23:53,2016-11-08T00:00,24,train,0,2016,11,23,,,,,,,,,,,,,,,,,,,,,,,,,,,,,,,,,,,,,,,,,,,,,,,,,,,,,,,,,,,,,,,,,,,,,,,,,,,,,,,,,,,,,,,,,,,,,,,,,,,,,,,,,,,,,,,,,,,,,,,,,,,,,,,,,,,,,,,,,,,,,,,,,,,,,,,,,
2016-11-07T23:53,2016-11-08T00:00,48,train,0,2016,11,23,,,,,,,,,,,,,,,,,,,,,,,,,,,,,,,,,,,,,,,,,,,,,,,,,,,,,,,,,,,,,,,,,,,,,,,,,,,,,,,,,,,,,,,,,,,,,,,,,,,,,,,,,,,,,,,,,,,,,,,,,,,,,,,,,,,,,,,,,,,,,,,,,,,,,,,,,
2016-11-20T06:52,2016-11-20T07:00,1,train,1,2016,11,6,1,2016-11-20T06:00,,,,,,,,,,,-999.0,36.25,36.25,0.0,0.0,1369.0162353515625,nan,nan,nan,nan,1.8564587831497192,257.50482177734375,272.0120849609375,275.87664794921875,278.8606262207031,282.9296875,5511.94140625,2896.74755859375,1333.26171875,-9.750381469726562,276.263671875,83.19999694824219,216.92330932617188,2639.919921875,8300.0,0.0,0.0010000000474974513,,,,,,,,,,,,,,,,,,,,,,,,,,,,,,,,,,,,,,,,,,,,,,,,,,,,,,,,,,,,,,,,,,,,,,,,,,,,,,,,,,,,,,,,,,,,,,,,,,,,,,,,,,,,,,,,,,
2016-11-20T06:52,2016-11-20T07:00,48,train,1,2016,11,6,,,,,,,,,,,,,,,,,,,,,,,,,,,,,,,,,,,,,,,,,,,,,,,,,,,,,,,,,,,,,,,,,,,,,,,,,,,,,,,,,,,,,,,,,,,,,,,,,,,,,,,,,,,,,,,,,,,,,,,,,,,,,,,,,,,,,,,,,,,,,,,,,,,,,,,,,
2016-11-20T06:52,2016-11-20T07:00,24,train,1,2016,11,6,,,,,,,,,,,,,,,,,,,,,,,,,,,,,,,,,,,,,,,,,,,,,,,,,,,,,,,,,,,,,,,,,,,,,,,,,,,,,,,,,,,,,,,,,,,,,,,,,,,,,,,,,,,,,,,,,,,,,,,,,,,,,,,,,,,,,,,,,,,,,,,,,,,,,,,,,
2016-12-09T19:55,2016-12-09T20:00,1,train,0,2016,12,19,1,2016-12-09T19:00,,,,,,,,,,,-999.0,17.5,17.5,0.0,0.0,nan,nan,nan,nan,nan,9.160233497619629,240.47694396972656,254.07933044433594,258.9542236328125,263.2718811035156,267.28155517578125,5277.5009765625,2838.892578125,1381.4061279296875,123.14891815185547,259.74725341796875,87.9000015258789,419.0602722167969,0.0,10000.0,0.0,0.041999999433755875,,,,,,,,,,,,,,,,,,,,,,,,,,,,,,,,,,,,,,,,,,,,,,,,,,,,,,,,,,,,,,,,,,,,,,,,,,,,,,,,,,,,,,,,,,,,,,,,,,,,,,,,,,,,,,,,,,
2016-12-09T19:55,2016-12-09T20:00,24,train,0,2016,12,19,,,,,,,,,,,,,,,,,,,,,,,,,,,,,,,,,,,,,,,,,,,,,,,,,,,,,,,,,,,,,,,,,,,,,,,,,,,,,,,,,,,,,,,,,,,,,,,,,,,,,,,,,,,,,,,,,,,,,,,,,,,,,,,,,,,,,,,,,,,,,,,,,,,,,,,,,
2016-12-09T19:55,2016-12-09T20:00,48,train,0,2016,12,19,,,,,,,,,,,,,,,,,,,,,,,,,,,,,,,,,,,,,,,,,,,,,,,,,,,,,,,,,,,,,,,,,,,,,,,,,,,,,,,,,,,,,,,,,,,,,,,,,,,,,,,,,,,,,,,,,,,,,,,,,,,,,,,,,,,,,,,,,,,,,,,,,,,,,,,,,
2017-01-03T14:53,2017-01-03T15:00,1,train,0,2017,1,14,1,2017-01-03T14:00,,,,,,,,,,,-999.0,64.625,64.625,4.5,0.0,1243.22998046875,1226.799072265625,83600.0,87900.0,1792.6649169921875,5.9039306640625,255.85223388671875,268.7215881347656,270.6310729980469,271.45904541015625,275.2604675292969,5605.23095703125,3015.48291015625,1474.4434814453125,162.28121948242188,269.0898132324219,96.69999694824219,268.51934814453125,584.6400146484375,200.0,0.0,0.16099999845027924,,,,,,,,,,,,,,,,,,,,,,,,,,,,,,,,,,,,,,,,,,,,,,,,,,,,,,,,,,,,,,,,,,,,,,,,,,,,,,,,,,,,,,,,,,,,,,,,,,,,,,,,,,,,,,,,,,
2017-01-12T22:53,2017-01-12T23:00,1,train,0,2017,1,22,1,2017-01-12T22:00,,,,,,,,,,,2610.0,18.125,18.125,1.125,3.625,nan,2804.084228515625,54400.0,71700.0,nan,7.8917460441589355,255.37030029296875,272.84521484375,279.56683349609375,282.097900390625,285.95501708984375,5597.4814453125,2992.75146484375,1417.029296875,62.773468017578125,278.28216552734375,93.9000015258789,217.58995056152344,2956.719970703125,10000.0,0.0,0.05999999865889549,,,,,,,,,,,,,,,,,,,,,,,,,,,,,,,,,,,,,,,,,,,,,,,,,,,,,,,,,,,,,,,,,,,,,,,,,,,,,,,,,,,,,,,,,,,,,,,,,,,,,,,,,,,,,,,,,,
2017-01-12T22:53,2017-01-12T23:00,24,train,0,2017,1,22,,,,,,,,,,,,,,,,,,,,,,,,,,,,,,,,,,,,,,,,,,,,,,,,,,,,,,,,,,,,,,,,,,,,,,,,,,,,,,,,,,,,,,,,,,,,,,,,,,,,,,,,,,,,,,,,,,,,,,,,,,,,,,,,,,,,,,,,,,,,,,,,,,,,,,,,,
2017-01-03T14:53,2017-01-03T15:00,24,train,0,2017,1,14,,,,,,,,,,,,,,,,,,,,,,,,,,,,,,,,,,,,,,,,,,,,,,,,,,,,,,,,,,,,,,,,,,,,,,,,,,,,,,,,,,,,,,,,,,,,,,,,,,,,,,,,,,,,,,,,,,,,,,,,,,,,,,,,,,,,,,,,,,,,,,,,,,,,,,,,,
2017-01-03T14:53,2017-01-03T15:00,48,train,0,2017,1,14,,,,,,,,,,,,,,,,,,,,,,,,,,,,,,,,,,,,,,,,,,,,,,,,,,,,,,,,,,,,,,,,,,,,,,,,,,,,,,,,,,,,,,,,,,,,,,,,,,,,,,,,,,,,,,,,,,,,,,,,,,,,,,,,,,,,,,,,,,,,,,,,,,,,,,,,,
2017-01-12T22:53,2017-01-12T23:00,48,train,0,2017,1,22,,,,,,,,,,,,,,,,,,,,,,,,,,,,,,,,,,,,,,,,,,,,,,,,,,,,,,,,,,,,,,,,,,,,,,,,,,,,,,,,,,,,,,,,,,,,,,,,,,,,,,,,,,,,,,,,,,,,,,,,,,,,,,,,,,,,,,,,,,,,,,,,,,,,,,,,,
2017-01-20T23:54,2017-01-21T00:00,1,train,1,2017,1,23,1,2017-01-20T23:00,,,,,,,,,,,-999.0,5.0,5.0,0.0,0.0,nan,nan,nan,nan,nan,1.4621862173080444,255.13629150390625,272.076416015625,274.2431945800781,274.06060791015625,277.8572692871094,5564.81689453125,2969.46923828125,1407.6048583984375,81.45372009277344,271.30340576171875,69.5999984741211,91.44634246826172,924.0800170898438,15200.0,0.0,0.0,,,,,,,,,,,,,,,,,,,,,,,,,,,,,,,,,,,,,,,,,,,,,,,,,,,,,,,,,,,,,,,,,,,,,,,,,,,,,,,,,,,,,,,,,,,,,,,,,,,,,,,,,,,,,,,,,,
2017-01-20T23:54,2017-01-21T00:00,24,train,1,2017,1,23,,,,,,,,,,,,,,,,,,,,,,,,,,,,,,,,,,,,,,,,,,,,,,,,,,,,,,,,,,,,,,,,,,,,,,,,,,,,,,,,,,,,,,,,,,,,,,,,,,,,,,,,,,,,,,,,,,,,,,,,,,,,,,,,,,,,,,,,,,,,,,,,,,,,,,,,,
2017-01-20T23:54,2017-01-21T00:00,48,train,1,2017,1,23,,,,,,,,,,,,,,,,,,,,,,,,,,,,,,,,,,,,,,,,,,,,,,,,,,,,,,,,,,,,,,,,,,,,,,,,,,,,,,,,,,,,,,,,,,,,,,,,,,,,,,,,,,,,,,,,,,,,,,,,,,,,,,,,,,,,,,,,,,,,,,,,,,,,,,,,,
2017-01-28T11:53,2017-01-28T12:00,1,train,0,2017,1,11,1,2017-01-28T11:00,,,,,,,,,,,-999.0,23.375,23.375,8.875,19.5,1242.2633056640625,1226.290771484375,82400.0,85100.0,8985.3212890625,8.686480522155762,246.120361328125,259.8628845214844,262.38397216796875,266.5130615234375,270.5226745605469,5226.833984375,2727.009765625,1243.7283935546875,-35.259613037109375,262.0281982421875,90.19999694824219,377.8649597167969,0.0,200.0,0.0,0.044199999421834946,,,,,,,,,,,,,,,,,,,,,,,,,,,,,,,,,,,,,,,,,,,,,,,,,,,,,,,,,,,,,,,,,,,,,,,,,,,,,,,,,,,,,,,,,,,,,,,,,,,,,,,,,,,,,,,,,,
2017-01-28T11:53,2017-01-28T12:00,24,train,0,2017,1,11,,,,,,,,,,,,,,,,,,,,,,,,,,,,,,,,,,,,,,,,,,,,,,,,,,,,,,,,,,,,,,,,,,,,,,,,,,,,,,,,,,,,,,,,,,,,,,,,,,,,,,,,,,,,,,,,,,,,,,,,,,,,,,,,,,,,,,,,,,,,,,,,,,,,,,,,,
2017-01-28T11:53,2017-01-28T12:00,48,train,0,2017,1,11,,,,,,,,,,,,,,,,,,,,,,,,,,,,,,,,,,,,,,,,,,,,,,,,,,,,,,,,,,,,,,,,,,,,,,,,,,,,,,,,,,,,,,,,,,,,,,,,,,,,,,,,,,,,,,,,,,,,,,,,,,,,,,,,,,,,,,,,,,,,,,,,,,,,,,,,,
2017-02-15T14:52,2017-02-15T15:00,1,train,0,2017,2,14,1,2017-02-15T14:00,,,,,,,,,,,-999.0,38.125,38.125,14.5,0.625,1471.502685546875,1226.70947265625,53800.0,86000.0,4012.04296875,5.369729042053223,242.00437927246094,258.0841369628906,267.0106506347656,270.26129150390625,274.2353820800781,5254.552734375,2798.643798828125,1301.77099609375,13.229877471923828,267.5950927734375,95.4000015258789,395.4270935058594,352.0,1300.0,0.0003000000142492354,0.8450000286102295,,,,,,,,,,,,,,,,,,,,,,,,,,,,,,,,,,,,,,,,,,,,,,,,,,,,,,,,,,,,,,,,,,,,,,,,,,,,,,,,,,,,,,,,,,,,,,,,,,,,,,,,,,,,,,,,,,
2017-02-15T14:52,2017-02-15T15:00,48,train,0,2017,2,14,,,,,,,,,,,,,,,,,,,,,,,,,,,,,,,,,,,,,,,,,,,,,,,,,,,,,,,,,,,,,,,,,,,,,,,,,,,,,,,,,,,,,,,,,,,,,,,,,,,,,,,,,,,,,,,,,,,,,,,,,,,,,,,,,,,,,,,,,,,,,,,,,,,,,,,,,
2017-02-15T14:52,2017-02-15T15:00,24,train,0,2017,2,14,,,,,,,,,,,,,,,,,,,,,,,,,,,,,,,,,,,,,,,,,,,,,,,,,,,,,,,,,,,,,,,,,,,,,,,,,,,,,,,,,,,,,,,,,,,,,,,,,,,,,,,,,,,,,,,,,,,,,,,,,,,,,,,,,,,,,,,,,,,,,,,,,,,,,,,,,
2017-03-19T10:53,2017-03-19T11:00,48,train,1,2017,3,10,,,,,,,,,,,,,,,,,,,,,,,,,,,,,,,,,,,,,,,,,,,,,,,,,,,,,,,,,,,,,,,,,,,,,,,,,,,,,,,,,,,,,,,,,,,,,,,,,,,,,,,,,,,,,,,,,,,,,,,,,,,,,,,,,,,,,,,,,,,,,,,,,,,,,,,,,
2017-03-19T10:53,2017-03-19T11:00,24,train,1,2017,3,10,,,,,,,,,,,,,,,,,,,,,,,,,,,,,,,,,,,,,,,,,,,,,,,,,,,,,,,,,,,,,,,,,,,,,,,,,,,,,,,,,,,,,,,,,,,,,,,,,,,,,,,,,,,,,,,,,,,,,,,,,,,,,,,,,,,,,,,,,,,,,,,,,,,,,,,,,
2017-03-19T10:53,2017-03-19T11:00,1,train,1,2017,3,10,1,2017-03-19T10:00,,,,,,,,,,,-999.0,6.375,6.375,0.0,0.0,nan,nan,nan,nan,nan,2.741682291030884,245.66934204101562,261.40838623046875,263.8907470703125,265.999267578125,269.611572265625,5483.046875,2983.6318359375,1487.6417236328125,208.1539306640625,262.69085693359375,81.69999694824219,189.35202026367188,0.0,10000.0,0.0,0.0020000000949949026,,,,,,,,,,,,,,,,,,,,,,,,,,,,,,,,,,,,,,,,,,,,,,,,,,,,,,,,,,,,,,,,,,,,,,,,,,,,,,,,,,,,,,,,,,,,,,,,,,,,,,,,,,,,,,,,,,
2017-04-21T07:56,2017-04-21T08:00,1,train,0,2017,4,7,1,2017-04-21T07:00,,,,,,,,,,,-999.0,86.0,63.0,38.5,86.0,1243.8343505859375,1227.0928955078125,42900.0,87900.0,10879.7607421875,3.5519044399261475,257.5607604980469,270.796142578125,273.3605651855469,276.04534912109375,279.84765625,5638.45703125,3024.473876953125,1474.203125,143.08953857421875,272.8067321777344,99.19999694824219,361.37554931640625,1153.0400390625,0.0,9.999999747378752e-05,0.2809999883174896,,,,,,,,,,,,,,,,,,,,,,,,,,,,,,,,,,,,,,,,,,,,,,,,,,,,,,,,,,,,,,,,,,,,,,,,,,,,,,,,,,,,,,,,,,,,,,,,,,,,,,,,,,,,,,,,,,
2017-04-21T07:56,2017-04-21T08:00,24,train,0,2017,4,7,,,,,,,,,,,,,,,,,,,,,,,,,,,,,,,,,,,,,,,,,,,,,,,,,,,,,,,,,,,,,,,,,,,,,,,,,,,,,,,,,,,,,,,,,,,,,,,,,,,,,,,,,,,,,,,,,,,,,,,,,,,,,,,,,,,,,,,,,,,,,,,,,,,,,,,,,
2017-04-21T07:56,2017-04-21T08:00,48,train,0,2017,4,7,,,,,,,,,,,,,,,,,,,,,,,,,,,,,,,,,,,,,,,,,,,,,,,,,,,,,,,,,,,,,,,,,,,,,,,,,,,,,,,,,,,,,,,,,,,,,,,,,,,,,,,,,,,,,,,,,,,,,,,,,,,,,,,,,,,,,,,,,,,,,,,,,,,,,,,,,
2017-05-20T13:50,2017-05-20T14:00,48,train,0,2017,5,13,,,,,,,,,,,,,,,,,,,,,,,,,,,,,,,,,,,,,,,,,,,,,,,,,,,,,,,,,,,,,,,,,,,,,,,,,,,,,,,,,,,,,,,,,,,,,,,,,,,,,,,,,,,,,,,,,,,,,,,,,,,,,,,,,,,,,,,,,,,,,,,,,,,,,,,,,
2017-05-20T13:50,2017-05-20T14:00,24,train,0,2017,5,13,,,,,,,,,,,,,,,,,,,,,,,,,,,,,,,,,,,,,,,,,,,,,,,,,,,,,,,,,,,,,,,,,,,,,,,,,,,,,,,,,,,,,,,,,,,,,,,,,,,,,,,,,,,,,,,,,,,,,,,,,,,,,,,,,,,,,,,,,,,,,,,,,,,,,,,,,
2017-05-20T13:50,2017-05-20T14:00,1,train,0,2017,5,13,1,2017-05-20T13:00,,,,,,,,,,,-999.0,0.0,0.0,0.0,0.0,nan,nan,nan,nan,nan,3.9429638385772705,256.4564208984375,271.1005859375,275.8199768066406,279.5153503417969,284.0820617675781,5700.2333984375,3099.5234375,1543.34228515625,205.2007293701172,279.70184326171875,43.099998474121094,461.44635009765625,2639.199951171875,33800.0,0.0,0.0,,,,,,,,,,,,,,,,,,,,,,,,,,,,,,,,,,,,,,,,,,,,,,,,,,,,,,,,,,,,,,,,,,,,,,,,,,,,,,,,,,,,,,,,,,,,,,,,,,,,,,,,,,,,,,,,,,
2017-07-22T01:50,2017-07-22T02:00,1,train,0,2017,7,1,1,2017-07-22T01:00,,,,,,,,,,,-999.0,4.5,4.5,2.5,0.0,nan,nan,nan,nan,nan,3.6052513122558594,263.43560791015625,277.7748107910156,287.4591064453125,292.5500793457031,296.8692321777344,5756.1982421875,3082.96142578125,1472.71826171875,75.76610565185547,288.755615234375,83.0999984741211,488.32330322265625,4519.52001953125,11100.0,0.0,0.1599999964237213,,,,,,,,,,,,,,,,,,,,,,,,,,,,,,,,,,,,,,,,,,,,,,,,,,,,,,,,,,,,,,,,,,,,,,,,,,,,,,,,,,,,,,,,,,,,,,,,,,,,,,,,,,,,,,,,,,
2017-07-22T01:50,2017-07-22T02:00,24,train,0,2017,7,1,,,,,,,,,,,,,,,,,,,,,,,,,,,,,,,,,,,,,,,,,,,,,,,,,,,,,,,,,,,,,,,,,,,,,,,,,,,,,,,,,,,,,,,,,,,,,,,,,,,,,,,,,,,,,,,,,,,,,,,,,,,,,,,,,,,,,,,,,,,,,,,,,,,,,,,,,
2017-07-22T01:50,2017-07-22T02:00,48,train,0,2017,7,1,,,,,,,,,,,,,,,,,,,,,,,,,,,,,,,,,,,,,,,,,,,,,,,,,,,,,,,,,,,,,,,,,,,,,,,,,,,,,,,,,,,,,,,,,,,,,,,,,,,,,,,,,,,,,,,,,,,,,,,,,,,,,,,,,,,,,,,,,,,,,,,,,,,,,,,,,
2017-09-21T20:56,2017-09-21T21:00,48,train,0,2017,9,20,,,,,,,,,,,,,,,,,,,,,,,,,,,,,,,,,,,,,,,,,,,,,,,,,,,,,,,,,,,,,,,,,,,,,,,,,,,,,,,,,,,,,,,,,,,,,,,,,,,,,,,,,,,,,,,,,,,,,,,,,,,,,,,,,,,,,,,,,,,,,,,,,,,,,,,,,
2017-09-21T20:56,2017-09-21T21:00,24,train,0,2017,9,20,,,,,,,,,,,,,,,,,,,,,,,,,,,,,,,,,,,,,,,,,,,,,,,,,,,,,,,,,,,,,,,,,,,,,,,,,,,,,,,,,,,,,,,,,,,,,,,,,,,,,,,,,,,,,,,,,,,,,,,,,,,,,,,,,,,,,,,,,,,,,,,,,,,,,,,,,
2017-09-21T20:56,2017-09-21T21:00,1,train,0,2017,9,20,1,2017-09-21T20:00,,,,,,,,,,,-999.0,89.625,0.0,0.0,89.625,11208.693359375,nan,nan,nan,12994.396484375,3.2852582931518555,266.1478576660156,281.5930480957031,286.8152770996094,290.5939025878906,295.22100830078125,5861.029296875,3159.4794921875,1541.0538330078125,146.73484802246094,287.2246398925781,57.0,337.9132080078125,4713.94482421875,23500.0,0.0,0.0,,,,,,,,,,,,,,,,,,,,,,,,,,,,,,,,,,,,,,,,,,,,,,,,,,,,,,,,,,,,,,,,,,,,,,,,,,,,,,,,,,,,,,,,,,,,,,,,,,,,,,,,,,,,,,,,,,
2017-11-02T14:57,2017-11-02T15:00,1,train,0,2017,11,14,1,2017-11-02T14:00,,,,,,,,,,,-999.0,48.125,48.125,35.625,24.25,5614.95849609375,nan,nan,nan,8868.763671875,9.663313865661621,255.92901611328125,272.6188049316406,279.43536376953125,281.586669921875,285.53515625,5724.14697265625,3115.033203125,1539.96533203125,188.3257598876953,279.8419189453125,97.0,477.8237609863281,3130.719970703125,10000.0,0.0,0.007000000216066837,,,,,,,,,,,,,,,,,,,,,,,,,,,,,,,,,,,,,,,,,,,,,,,,,,,,,,,,,,,,,,,,,,,,,,,,,,,,,,,,,,,,,,,,,,,,,,,,,,,,,,,,,,,,,,,,,,
2017-11-02T14:57,2017-11-02T15:00,48,train,0,2017,11,14,,,,,,,,,,,,,,,,,,,,,,,,,,,,,,,,,,,,,,,,,,,,,,,,,,,,,,,,,,,,,,,,,,,,,,,,,,,,,,,,,,,,,,,,,,,,,,,,,,,,,,,,,,,,,,,,,,,,,,,,,,,,,,,,,,,,,,,,,,,,,,,,,,,,,,,,,
2017-11-02T14:57,2017-11-02T15:00,24,train,0,2017,11,14,,,,,,,,,,,,,,,,,,,,,,,,,,,,,,,,,,,,,,,,,,,,,,,,,,,,,,,,,,,,,,,,,,,,,,,,,,,,,,,,,,,,,,,,,,,,,,,,,,,,,,,,,,,,,,,,,,,,,,,,,,,,,,,,,,,,,,,,,,,,,,,,,,,,,,,,,
2017-11-14T13:56,2017-11-14T14:00,24,train,0,2017,11,13,,,,,,,,,,,,,,,,,,,,,,,,,,,,,,,,,,,,,,,,,,,,,,,,,,,,,,,,,,,,,,,,,,,,,,,,,,,,,,,,,,,,,,,,,,,,,,,,,,,,,,,,,,,,,,,,,,,,,,,,,,,,,,,,,,,,,,,,,,,,,,,,,,,,,,,,,
2017-11-14T13:56,2017-11-14T14:00,48,train,0,2017,11,13,,,,,,,,,,,,,,,,,,,,,,,,,,,,,,,,,,,,,,,,,,,,,,,,,,,,,,,,,,,,,,,,,,,,,,,,,,,,,,,,,,,,,,,,,,,,,,,,,,,,,,,,,,,,,,,,,,,,,,,,,,,,,,,,,,,,,,,,,,,,,,,,,,,,,,,,,
2017-11-14T13:56,2017-11-14T14:00,1,train,0,2017,11,13,1,2017-11-14T13:00,,,,,,,,,,,-999.0,29.875,29.875,0.0,0.0,nan,nan,nan,nan,nan,1.4775546789169312,248.73646545410156,263.1242370605469,266.8795166015625,270.6133728027344,274.6710510253906,5550.98779296875,3021.93701171875,1515.6375732421875,218.2276611328125,268.5478820800781,86.0999984741211,240.53366088867188,497.2799987792969,10200.0,0.0,0.009999999776482582,,,,,,,,,,,,,,,,,,,,,,,,,,,,,,,,,,,,,,,,,,,,,,,,,,,,,,,,,,,,,,,,,,,,,,,,,,,,,,,,,,,,,,,,,,,,,,,,,,,,,,,,,,,,,,,,,,
2017-11-26T02:55,2017-11-26T03:00,1,train,0,2017,11,2,1,2017-11-26T02:00,,,,,,,,,,,-999.0,33.75,33.75,3.625,21.5,8055.53369140625,nan,nan,nan,9548.3955078125,7.4882330894470215,253.5347900390625,267.74188232421875,274.392822265625,277.44384765625,281.4111328125,5464.763671875,2888.70654296875,1346.802978515625,17.795684814453125,273.56353759765625,93.80000305175781,212.5242919921875,2135.52001953125,8400.0,0.0,0.0430000014603138,,,,,,,,,,,,,,,,,,,,,,,,,,,,,,,,,,,,,,,,,,,,,,,,,,,,,,,,,,,,,,,,,,,,,,,,,,,,,,,,,,,,,,,,,,,,,,,,,,,,,,,,,,,,,,,,,,
2017-11-26T02:55,2017-11-26T03:00,24,train,0,2017,11,2,,,,,,,,,,,,,,,,,,,,,,,,,,,,,,,,,,,,,,,,,,,,,,,,,,,,,,,,,,,,,,,,,,,,,,,,,,,,,,,,,,,,,,,,,,,,,,,,,,,,,,,,,,,,,,,,,,,,,,,,,,,,,,,,,,,,,,,,,,,,,,,,,,,,,,,,,
2017-11-26T02:55,2017-11-26T03:00,48,train,0,2017,11,2,,,,,,,,,,,,,,,,,,,,,,,,,,,,,,,,,,,,,,,,,,,,,,,,,,,,,,,,,,,,,,,,,,,,,,,,,,,,,,,,,,,,,,,,,,,,,,,,,,,,,,,,,,,,,,,,,,,,,,,,,,,,,,,,,,,,,,,,,,,,,,,,,,,,,,,,,
2017-12-14T01:51,2017-12-14T02:00,1,train,0,2017,12,1,1,2017-12-14T01:00,,,,,,,,,,,-999.0,8.375,8.375,0.0,0.0,1241.0697021484375,1225.597900390625,83800.0,84500.0,1498.9901123046875,16.695533752441406,246.46981811523438,256.29229736328125,256.2988586425781,258.215087890625,262.0657043457031,5130.6162109375,2657.811767578125,1196.49072265625,-53.389007568359375,253.37376403808594,81.30000305175781,225.0407257080078,0.0,400.0,9.999999747378752e-06,0.011599999852478504,,,,,,,,,,,,,,,,,,,,,,,,,,,,,,,,,,,,,,,,,,,,,,,,,,,,,,,,,,,,,,,,,,,,,,,,,,,,,,,,,,,,,,,,,,,,,,,,,,,,,,,,,,,,,,,,,,
2017-12-14T01:51,2017-12-14T02:00,24,train,0,2017,12,1,,,,,,,,,,,,,,,,,,,,,,,,,,,,,,,,,,,,,,,,,,,,,,,,,,,,,,,,,,,,,,,,,,,,,,,,,,,,,,,,,,,,,,,,,,,,,,,,,,,,,,,,,,,,,,,,,,,,,,,,,,,,,,,,,,,,,,,,,,,,,,,,,,,,,,,,,
2017-12-14T01:51,2017-12-14T02:00,48,train,0,2017,12,1,,,,,,,,,,,,,,,,,,,,,,,,,,,,,,,,,,,,,,,,,,,,,,,,,,,,,,,,,,,,,,,,,,,,,,,,,,,,,,,,,,,,,,,,,,,,,,,,,,,,,,,,,,,,,,,,,,,,,,,,,,,,,,,,,,,,,,,,,,,,,,,,,,,,,,,,,
2018-01-01T07:57,2018-01-01T08:00,1,train,1,2018,1,7,1,2018-01-01T07:00,,,,,,,,,,,-999.0,0.0,0.0,0.0,0.0,nan,nan,nan,nan,nan,5.996309757232666,231.65066528320312,247.0271453857422,251.27227783203125,251.78634643554688,255.05865478515625,5144.2275390625,2791.8447265625,1370.9569091796875,157.20372009277344,249.5318145751953,56.79999923706055,177.7613067626953,0.0,21400.0,0.0,0.0,,,,,,,,,,,,,,,,,,,,,,,,,,,,,,,,,,,,,,,,,,,,,,,,,,,,,,,,,,,,,,,,,,,,,,,,,,,,,,,,,,,,,,,,,,,,,,,,,,,,,,,,,,,,,,,,,,
2018-01-01T07:57,2018-01-01T08:00,24,train,1,2018,1,7,,,,,,,,,,,,,,,,,,,,,,,,,,,,,,,,,,,,,,,,,,,,,,,,,,,,,,,,,,,,,,,,,,,,,,,,,,,,,,,,,,,,,,,,,,,,,,,,,,,,,,,,,,,,,,,,,,,,,,,,,,,,,,,,,,,,,,,,,,,,,,,,,,,,,,,,,
2018-01-01T07:57,2018-01-01T08:00,48,train,1,2018,1,7,,,,,,,,,,,,,,,,,,,,,,,,,,,,,,,,,,,,,,,,,,,,,,,,,,,,,,,,,,,,,,,,,,,,,,,,,,,,,,,,,,,,,,,,,,,,,,,,,,,,,,,,,,,,,,,,,,,,,,,,,,,,,,,,,,,,,,,,,,,,,,,,,,,,,,,,,
2018-01-10T19:58,2018-01-10T20:00,1,train,0,2018,1,19,1,2018-01-10T19:00,,,,,,,,,,,-999.0,0.0,0.0,0.0,0.0,nan,nan,nan,nan,nan,3.4373254776000977,254.7674560546875,267.20220947265625,271.42559814453125,273.12890625,276.7934875488281,5619.8212890625,3044.23681640625,1512.130126953125,200.8641815185547,271.88165283203125,38.70000076293945,310.6082763671875,1016.5599975585938,35700.0,0.0,0.0,,,,,,,,,,,,,,,,,,,,,,,,,,,,,,,,,,,,,,,,,,,,,,,,,,,,,,,,,,,,,,,,,,,,,,,,,,,,,,,,,,,,,,,,,,,,,,,,,,,,,,,,,,,,,,,,,,
2018-01-20T01:52,2018-01-20T02:00,1,train,0,2018,1,1,1,2018-01-20T01:00,,,,,,,,,,,-999.0,90.0,4.5,90.0,69.375,4972.8935546875,4351.9892578125,39100.0,58100.0,9772.5263671875,3.1970279216766357,252.1217803955078,267.95831298828125,268.4649658203125,269.72698974609375,273.5267333984375,5474.8349609375,2903.42919921875,1373.958251953125,67.7746353149414,268.02435302734375,74.5,129.66152954101562,424.32000732421875,13700.0,0.0,0.003000000026077032,,,,,,,,,,,,,,,,,,,,,,,,,,,,,,,,,,,,,,,,,,,,,,,,,,,,,,,,,,,,,,,,,,,,,,,,,,,,,,,,,,,,,,,,,,,,,,,,,,,,,,,,,,,,,,,,,,
2018-01-20T01:52,2018-01-20T02:00,24,train,0,2018,1,1,,,,,,,,,,,,,,,,,,,,,,,,,,,,,,,,,,,,,,,,,,,,,,,,,,,,,,,,,,,,,,,,,,,,,,,,,,,,,,,,,,,,,,,,,,,,,,,,,,,,,,,,,,,,,,,,,,,,,,,,,,,,,,,,,,,,,,,,,,,,,,,,,,,,,,,,,
2018-01-20T01:52,2018-01-20T02:00,48,train,0,2018,1,1,,,,,,,,,,,,,,,,,,,,,,,,,,,,,,,,,,,,,,,,,,,,,,,,,,,,,,,,,,,,,,,,,,,,,,,,,,,,,,,,,,,,,,,,,,,,,,,,,,,,,,,,,,,,,,,,,,,,,,,,,,,,,,,,,,,,,,,,,,,,,,,,,,,,,,,,,
2018-01-10T19:58,2018-01-10T20:00,48,train,0,2018,1,19,,,,,,,,,,,,,,,,,,,,,,,,,,,,,,,,,,,,,,,,,,,,,,,,,,,,,,,,,,,,,,,,,,,,,,,,,,,,,,,,,,,,,,,,,,,,,,,,,,,,,,,,,,,,,,,,,,,,,,,,,,,,,,,,,,,,,,,,,,,,,,,,,,,,,,,,,
2018-01-10T19:58,2018-01-10T20:00,24,train,0,2018,1,19,,,,,,,,,,,,,,,,,,,,,,,,,,,,,,,,,,,,,,,,,,,,,,,,,,,,,,,,,,,,,,,,,,,,,,,,,,,,,,,,,,,,,,,,,,,,,,,,,,,,,,,,,,,,,,,,,,,,,,,,,,,,,,,,,,,,,,,,,,,,,,,,,,,,,,,,,
2018-01-28T14:50,2018-01-28T15:00,1,train,0,2018,1,14,1,2018-01-28T14:00,,,,,,,,,,,-999.0,74.375,0.5,42.125,74.375,7938.17626953125,nan,nan,nan,8746.322265625,7.7141032218933105,249.0450439453125,263.2947998046875,270.51416015625,273.7499084472656,277.7239685058594,5525.84326171875,2999.1845703125,1482.286376953125,173.36566162109375,270.97930908203125,76.80000305175781,348.2816467285156,875.2000122070312,13400.0,0.0,0.0,,,,,,,,,,,,,,,,,,,,,,,,,,,,,,,,,,,,,,,,,,,,,,,,,,,,,,,,,,,,,,,,,,,,,,,,,,,,,,,,,,,,,,,,,,,,,,,,,,,,,,,,,,,,,,,,,,
2018-01-28T14:50,2018-01-28T15:00,48,train,0,2018,1,14,,,,,,,,,,,,,,,,,,,,,,,,,,,,,,,,,,,,,,,,,,,,,,,,,,,,,,,,,,,,,,,,,,,,,,,,,,,,,,,,,,,,,,,,,,,,,,,,,,,,,,,,,,,,,,,,,,,,,,,,,,,,,,,,,,,,,,,,,,,,,,,,,,,,,,,,,
2018-01-28T14:50,2018-01-28T15:00,24,train,0,2018,1,14,,,,,,,,,,,,,,,,,,,,,,,,,,,,,,,,,,,,,,,,,,,,,,,,,,,,,,,,,,,,,,,,,,,,,,,,,,,,,,,,,,,,,,,,,,,,,,,,,,,,,,,,,,,,,,,,,,,,,,,,,,,,,,,,,,,,,,,,,,,,,,,,,,,,,,,,,
2018-03-07T01:54,2018-03-07T02:00,1,train,1,2018,3,1,1,2018-03-07T01:00,,,,,,,,,,,-999.0,0.5,0.5,0.0,0.0,nan,nan,nan,nan,nan,3.419559955596924,250.42584228515625,264.5244140625,266.45556640625,269.0762939453125,272.9208984375,5472.951171875,2933.384765625,1418.6673583984375,121.04949951171875,264.8438415527344,76.30000305175781,247.6218719482422,0.0,12200.0,0.0,0.003000000026077032,,,,,,,,,,,,,,,,,,,,,,,,,,,,,,,,,,,,,,,,,,,,,,,,,,,,,,,,,,,,,,,,,,,,,,,,,,,,,,,,,,,,,,,,,,,,,,,,,,,,,,,,,,,,,,,,,,
2018-03-07T01:54,2018-03-07T02:00,24,train,1,2018,3,1,,,,,,,,,,,,,,,,,,,,,,,,,,,,,,,,,,,,,,,,,,,,,,,,,,,,,,,,,,,,,,,,,,,,,,,,,,,,,,,,,,,,,,,,,,,,,,,,,,,,,,,,,,,,,,,,,,,,,,,,,,,,,,,,,,,,,,,,,,,,,,,,,,,,,,,,,
2018-03-24T16:54,2018-03-24T17:00,1,train,0,2018,3,16,1,2018-03-24T16:00,,,,,,,,,,,-999.0,7.875,7.875,4.75,0.0,nan,nan,nan,nan,nan,3.3926169872283936,241.16741943359375,253.57406616210938,264.54547119140625,269.97503662109375,274.2448425292969,5345.125,2910.8408203125,1438.57421875,157.36862182617188,267.941650390625,78.5999984741211,833.3865356445312,412.239990234375,13600.0,0.0,0.0010000000474974513,,,,,,,,,,,,,,,,,,,,,,,,,,,,,,,,,,,,,,,,,,,,,,,,,,,,,,,,,,,,,,,,,,,,,,,,,,,,,,,,,,,,,,,,,,,,,,,,,,,,,,,,,,,,,,,,,,
2018-03-07T01:54,2018-03-07T02:00,48,train,1,2018,3,1,,,,,,,,,,,,,,,,,,,,,,,,,,,,,,,,,,,,,,,,,,,,,,,,,,,,,,,,,,,,,,,,,,,,,,,,,,,,,,,,,,,,,,,,,,,,,,,,,,,,,,,,,,,,,,,,,,,,,,,,,,,,,,,,,,,,,,,,,,,,,,,,,,,,,,,,,
2018-03-24T16:54,2018-03-24T17:00,24,train,0,2018,3,16,,,,,,,,,,,,,,,,,,,,,,,,,,,,,,,,,,,,,,,,,,,,,,,,,,,,,,,,,,,,,,,,,,,,,,,,,,,,,,,,,,,,,,,,,,,,,,,,,,,,,,,,,,,,,,,,,,,,,,,,,,,,,,,,,,,,,,,,,,,,,,,,,,,,,,,,,
2018-03-24T16:54,2018-03-24T17:00,48,train,0,2018,3,16,,,,,,,,,,,,,,,,,,,,,,,,,,,,,,,,,,,,,,,,,,,,,,,,,,,,,,,,,,,,,,,,,,,,,,,,,,,,,,,,,,,,,,,,,,,,,,,,,,,,,,,,,,,,,,,,,,,,,,,,,,,,,,,,,,,,,,,,,,,,,,,,,,,,,,,,,
2018-07-18T12:49,2018-07-18T13:00,1,train,1,2018,7,12,1,2018-07-18T12:00,,,,,,,,,,,-999.0,5.0,5.0,0.0,0.0,nan,nan,nan,nan,nan,10.656209945678711,260.85308837890625,276.7808837890625,283.38763427734375,285.9867248535156,290.3908386230469,5719.9912109375,3066.0498046875,1470.34716796875,96.49046325683594,283.5591735839844,77.0999984741211,270.4416198730469,3676.38720703125,19700.0,0.0,0.0,,,,,,,,,,,,,,,,,,,,,,,,,,,,,,,,,,,,,,,,,,,,,,,,,,,,,,,,,,,,,,,,,,,,,,,,,,,,,,,,,,,,,,,,,,,,,,,,,,,,,,,,,,,,,,,,,,
2018-08-30T14:51,2018-08-30T15:00,1,train,0,2018,8,14,1,2018-08-30T14:00,,,,,,,,,,,-999.0,22.625,22.625,0.0,0.0,nan,nan,nan,nan,nan,9.921285629272461,265.08746337890625,278.38055419921875,286.5546875,289.7319030761719,294.2398376464844,5826.6943359375,3144.56201171875,1529.6099853515625,139.69371032714844,288.48968505859375,93.5,200.67422485351562,4170.84619140625,13300.0,0.0,0.009999999776482582,,,,,,,,,,,,,,,,,,,,,,,,,,,,,,,,,,,,,,,,,,,,,,,,,,,,,,,,,,,,,,,,,,,,,,,,,,,,,,,,,,,,,,,,,,,,,,,,,,,,,,,,,,,,,,,,,,
2018-07-18T12:49,2018-07-18T13:00,48,train,1,2018,7,12,,,,,,,,,,,,,,,,,,,,,,,,,,,,,,,,,,,,,,,,,,,,,,,,,,,,,,,,,,,,,,,,,,,,,,,,,,,,,,,,,,,,,,,,,,,,,,,,,,,,,,,,,,,,,,,,,,,,,,,,,,,,,,,,,,,,,,,,,,,,,,,,,,,,,,,,,
2018-07-18T12:49,2018-07-18T13:00,24,train,1,2018,7,12,25,2018-07-17T12:00,,,,,,,,,,,-999.0,0.875,0.875,0.0,0.0,nan,nan,nan,nan,nan,10.376787185668945,260.6323547363281,276.440185546875,283.52459716796875,286.650146484375,291.143798828125,5714.97265625,3065.51416015625,1470.5859375,95.7357177734375,283.8591003417969,70.4000015258789,257.8016052246094,3582.574462890625,24100.0,0.0,8.989999771118164,,,,,,,,,,,,,,,,,,,,,,,,,,,,,,,,,,,,,,,,,,,,,,,,,,,,,,,,,,,,,,,,,,,,,,,,,,,,,,,,,,,,,,,,,,,,,,,,,,,,,,,,,,,,,,,,,,
2018-08-30T14:51,2018-08-30T15:00,48,train,0,2018,8,14,,,,,,,,,,,,,,,,,,,,,,,,,,,,,,,,,,,,,,,,,,,,,,,,,,,,,,,,,,,,,,,,,,,,,,,,,,,,,,,,,,,,,,,,,,,,,,,,,,,,,,,,,,,,,,,,,,,,,,,,,,,,,,,,,,,,,,,,,,,,,,,,,,,,,,,,,
2018-08-30T14:51,2018-08-30T15:00,24,train,0,2018,8,14,21,2018-08-29T18:00,,,,,,,,,,,-999.0,9.125,9.125,0.0,0.25,nan,nan,nan,nan,nan,7.626952171325684,264.4600830078125,278.6033935546875,287.0106201171875,291.4269714355469,296.16339111328125,5829.638671875,3147.82666015625,1534.1412353515625,138.3556365966797,288.8566589355469,98.69999694824219,410.1545104980469,4437.74560546875,12200.0,0.0,3.2799999713897705,,,,,,,,,,,,,,,,,,,,,,,,,,,,,,,,,,,,,,,,,,,,,,,,,,,,,,,,,,,,,,,,,,,,,,,,,,,,,,,,,,,,,,,,,,,,,,,,,,,,,,,,,,,,,,,,,,
2018-09-16T21:53,2018-09-16T22:00,1,train,0,2018,9,21,1,2018-09-16T21:00,,,,,,,,,,,-999.0,16.125,16.125,0.0,0.0,nan,nan,nan,nan,nan,2.4484872817993164,265.938720703125,279.5899963378906,288.57049560546875,294.8682861328125,299.55560302734375,5904.2578125,3210.797119140625,1591.905029296875,182.3529510498047,292.3151550292969,72.19999694824219,904.265380859375,4622.13037109375,26400.0,0.0,0.0,,,,,,,,,,,,,,,,,,,,,,,,,,,,,,,,,,,,,,,,,,,,,,,,,,,,,,,,,,,,,,,,,,,,,,,,,,,,,,,,,,,,,,,,,,,,,,,,,,,,,,,,,,,,,,,,,,
2018-09-16T21:53,2018-09-16T22:00,24,train,0,2018,9,21,22,2018-09-16T00:00,,,,,,,,,,,-999.0,2.75,2.75,0.0,0.0,nan,nan,nan,nan,nan,1.5173988342285156,265.0481872558594,280.2048645019531,288.3349609375,294.4007568359375,299.0731201171875,5900.052734375,3210.93505859375,1591.970703125,183.75660705566406,291.5162353515625,85.9000015258789,790.7489624023438,4518.64501953125,15700.0,0.0,0.03999999910593033,,,,,,,,,,,,,,,,,,,,,,,,,,,,,,,,,,,,,,,,,,,,,,,,,,,,,,,,,,,,,,,,,,,,,,,,,,,,,,,,,,,,,,,,,,,,,,,,,,,,,,,,,,,,,,,,,,
2018-10-04T19:50,2018-10-04T20:00,1,train,0,2018,10,19,1,2018-10-04T19:00,,,,,,,,,,,-999.0,22.625,22.625,22.0,0.0,nan,nan,nan,nan,nan,9.568832397460938,264.8841552734375,280.2098388671875,287.47637939453125,291.3704833984375,295.817626953125,5787.64892578125,3095.40087890625,1473.00048828125,76.68976593017578,288.72747802734375,88.4000015258789,360.6514892578125,4597.7607421875,14500.0,0.0,0.0010000000474974513,,,,,,,,,,,,,,,,,,,,,,,,,,,,,,,,,,,,,,,,,,,,,,,,,,,,,,,,,,,,,,,,,,,,,,,,,,,,,,,,,,,,,,,,,,,,,,,,,,,,,,,,,,,,,,,,,,
2018-09-16T21:53,2018-09-16T22:00,48,train,0,2018,9,21,,,,,,,,,,,,,,,,,,,,,,,,,,,,,,,,,,,,,,,,,,,,,,,,,,,,,,,,,,,,,,,,,,,,,,,,,,,,,,,,,,,,,,,,,,,,,,,,,,,,,,,,,,,,,,,,,,,,,,,,,,,,,,,,,,,,,,,,,,,,,,,,,,,,,,,,,
2018-10-04T19:50,2018-10-04T20:00,24,train,0,2018,10,19,26,2018-10-03T18:00,,,,,,,,,,,-999.0,29.5,20.625,20.125,29.5,nan,4756.66357421875,46000.0,57000.0,nan,12.10130500793457,264.0306396484375,280.477294921875,287.320068359375,291.50799560546875,295.92822265625,5780.4853515625,3092.14697265625,1469.3184814453125,72.56974792480469,288.6481628417969,86.19999694824219,323.0281677246094,4487.73291015625,15300.0,0.0,1.190000057220459,,,,,,,,,,,,,,,,,,,,,,,,,,,,,,,,,,,,,,,,,,,,,,,,,,,,,,,,,,,,,,,,,,,,,,,,,,,,,,,,,,,,,,,,,,,,,,,,,,,,,,,,,,,,,,,,,,
2018-10-04T19:50,2018-10-04T20:00,48,train,0,2018,10,19,,,,,,,,,,,,,,,,,,,,,,,,,,,,,,,,,,,,,,,,,,,,,,,,,,,,,,,,,,,,,,,,,,,,,,,,,,,,,,,,,,,,,,,,,,,,,,,,,,,,,,,,,,,,,,,,,,,,,,,,,,,,,,,,,,,,,,,,,,,,,,,,,,,,,,,,,
2018-11-04T18:52,2018-11-04T19:00,1,train,1,2018,11,18,1,2018-11-04T18:00,,,,,,,,,,,-999.0,5.5,5.5,0.0,0.0,nan,nan,nan,nan,nan,12.821873664855957,256.49853515625,270.7611083984375,273.0074157714844,273.6053466796875,277.66864013671875,5710.2001953125,3106.49951171875,1559.026611328125,240.30560302734375,273.446533203125,41.70000076293945,304.2817077636719,2247.679931640625,49100.0,0.0,0.0,,,,,,,,,,,,,,,,,,,,,,,,,,,,,,,,,,,,,,,,,,,,,,,,,,,,,,,,,,,,,,,,,,,,,,,,,,,,,,,,,,,,,,,,,,,,,,,,,,,,,,,,,,,,,,,,,,
2018-11-04T18:52,2018-11-04T19:00,24,train,1,2018,11,18,25,2018-11-03T18:00,,,,,,,,,,,-999.0,98.875,0.625,0.25,98.875,8952.705078125,nan,nan,nan,10319.08203125,13.149981498718262,255.78143310546875,269.43780517578125,271.82373046875,273.3853759765625,277.6365661621094,5698.0009765625,3102.282958984375,1561.6119384765625,245.51483154296875,272.09954833984375,38.70000076293945,361.3678894042969,1050.0799560546875,53000.0,0.0,20.290000915527344,,,,,,,,,,,,,,,,,,,,,,,,,,,,,,,,,,,,,,,,,,,,,,,,,,,,,,,,,,,,,,,,,,,,,,,,,,,,,,,,,,,,,,,,,,,,,,,,,,,,,,,,,,,,,,,,,,
2018-11-04T18:52,2018-11-04T19:00,48,train,1,2018,11,18,,,,,,,,,,,,,,,,,,,,,,,,,,,,,,,,,,,,,,,,,,,,,,,,,,,,,,,,,,,,,,,,,,,,,,,,,,,,,,,,,,,,,,,,,,,,,,,,,,,,,,,,,,,,,,,,,,,,,,,,,,,,,,,,,,,,,,,,,,,,,,,,,,,,,,,,,
2018-12-01T23:57,2018-12-02T00:00,1,train,1,2018,12,23,1,2018-12-01T23:00,,,,,,,,,,,-999.0,73.25,18.125,30.875,73.25,9090.068359375,nan,nan,nan,10055.01953125,3.8257956504821777,254.74057006835938,267.07061767578125,271.82342529296875,271.3534240722656,275.06219482421875,5576.0439453125,3002.757080078125,1467.1134033203125,158.0741729736328,265.7928466796875,57.20000076293945,48.124969482421875,73.36000061035156,19800.0,0.0,0.0,,,,,,,,,,,,,,,,,,,,,,,,,,,,,,,,,,,,,,,,,,,,,,,,,,,,,,,,,,,,,,,,,,,,,,,,,,,,,,,,,,,,,,,,,,,,,,,,,,,,,,,,,,,,,,,,,,
2018-12-01T23:57,2018-12-02T00:00,24,train,1,2018,12,23,24,2018-12-01T00:00,,,,,,,,,,,-999.0,100.0,2.5,63.25,100.0,7835.8740234375,8148.77685546875,32800.0,35000.0,9820.189453125,2.7156457901000977,255.17881774902344,265.841064453125,271.5897216796875,272.41204833984375,275.86224365234375,5576.2412109375,3011.47802734375,1480.9384765625,171.8231658935547,265.9661865234375,44.400001525878906,49.85740661621094,105.91999816894531,30900.0,0.0,0.009999999776482582,,,,,,,,,,,,,,,,,,,,,,,,,,,,,,,,,,,,,,,,,,,,,,,,,,,,,,,,,,,,,,,,,,,,,,,,,,,,,,,,,,,,,,,,,,,,,,,,,,,,,,,,,,,,,,,,,,
2018-12-13T21:49,2018-12-13T22:00,1,train,0,2018,12,21,1,2018-12-13T21:00,,,,,,,,,,,-999.0,0.625,0.625,0.0,0.0,nan,nan,nan,nan,nan,4.669914245605469,247.280029296875,262.2062072753906,266.61767578125,268.4422607421875,271.56097412109375,5555.45263671875,3038.455322265625,1533.942138671875,247.07530212402344,266.7315673828125,61.79999923706055,78.71171569824219,219.1199951171875,28000.0,0.0,0.0,,,,,,,,,,,,,,,,,,,,,,,,,,,,,,,,,,,,,,,,,,,,,,,,,,,,,,,,,,,,,,,,,,,,,,,,,,,,,,,,,,,,,,,,,,,,,,,,,,,,,,,,,,,,,,,,,,
2018-12-01T23:57,2018-12-02T00:00,48,train,1,2018,12,23,,,,,,,,,,,,,,,,,,,,,,,,,,,,,,,,,,,,,,,,,,,,,,,,,,,,,,,,,,,,,,,,,,,,,,,,,,,,,,,,,,,,,,,,,,,,,,,,,,,,,,,,,,,,,,,,,,,,,,,,,,,,,,,,,,,,,,,,,,,,,,,,,,,,,,,,,
2018-12-13T21:49,2018-12-13T22:00,24,train,0,2018,12,21,22,2018-12-13T00:00,,,,,,,,,,,-999.0,0.0,0.0,0.0,0.0,nan,nan,nan,nan,nan,4.483484745025635,246.99989318847656,261.1326904296875,265.2664794921875,267.2711181640625,270.5283203125,5542.2314453125,3031.60400390625,1533.936279296875,252.009765625,266.063720703125,74.30000305175781,110.76907348632812,122.95999908447266,20100.0,0.0,0.0,,,,,,,,,,,,,,,,,,,,,,,,,,,,,,,,,,,,,,,,,,,,,,,,,,,,,,,,,,,,,,,,,,,,,,,,,,,,,,,,,,,,,,,,,,,,,,,,,,,,,,,,,,,,,,,,,,
2018-12-13T21:49,2018-12-13T22:00,48,train,0,2018,12,21,,,,,,,,,,,,,,,,,,,,,,,,,,,,,,,,,,,,,,,,,,,,,,,,,,,,,,,,,,,,,,,,,,,,,,,,,,,,,,,,,,,,,,,,,,,,,,,,,,,,,,,,,,,,,,,,,,,,,,,,,,,,,,,,,,,,,,,,,,,,,,,,,,,,,,,,,
2018-12-26T04:54,2018-12-26T05:00,1,train,0,2018,12,4,1,2018-12-26T04:00,,,,,,,,,,,-999.0,0.25,0.25,0.0,0.0,nan,nan,nan,nan,nan,11.32019329071045,239.2196044921875,255.1209716796875,262.277587890625,263.6196594238281,266.99285888671875,5364.533203125,2933.31689453125,1460.36328125,197.0845489501953,261.07696533203125,36.099998474121094,142.97119140625,0.0,55100.0,0.0,0.0,,,,,,,,,,,,,,,,,,,,,,,,,,,,,,,,,,,,,,,,,,,,,,,,,,,,,,,,,,,,,,,,,,,,,,,,,,,,,,,,,,,,,,,,,,,,,,,,,,,,,,,,,,,,,,,,,,
2019-01-12T17:53,2019-01-12T18:00,1,train,0,2019,1,17,1,2019-01-12T17:00,,,,,,,,,,,-999.0,0.5,0.5,0.0,0.0,nan,nan,nan,nan,nan,17.169837951660156,245.5380096435547,253.9143524169922,257.1241149902344,257.734375,261.475830078125,5395.83984375,2926.69189453125,1472.1507568359375,231.6773223876953,254.10360717773438,68.9000015258789,156.56085205078125,0.0,24300.0,0.0,0.0,,,,,,,,,,,,,,,,,,,,,,,,,,,,,,,,,,,,,,,,,,,,,,,,,,,,,,,,,,,,,,,,,,,,,,,,,,,,,,,,,,,,,,,,,,,,,,,,,,,,,,,,,,,,,,,,,,
2018-12-26T04:54,2018-12-26T05:00,48,train,0,2018,12,4,,,,,,,,,,,,,,,,,,,,,,,,,,,,,,,,,,,,,,,,,,,,,,,,,,,,,,,,,,,,,,,,,,,,,,,,,,,,,,,,,,,,,,,,,,,,,,,,,,,,,,,,,,,,,,,,,,,,,,,,,,,,,,,,,,,,,,,,,,,,,,,,,,,,,,,,,
2018-12-26T04:54,2018-12-26T05:00,24,train,0,2018,12,4,23,2018-12-25T06:00,,,,,,,,,,,-999.0,0.0,0.0,0.0,0.0,nan,nan,nan,nan,nan,8.457298278808594,239.11798095703125,254.71002197265625,261.605224609375,263.5302734375,267.115234375,5354.37548828125,2925.059326171875,1454.805908203125,192.19955444335938,260.97906494140625,45.29999923706055,139.2879638671875,0.0,43300.0,0.0,0.03999999910593033,,,,,,,,,,,,,,,,,,,,,,,,,,,,,,,,,,,,,,,,,,,,,,,,,,,,,,,,,,,,,,,,,,,,,,,,,,,,,,,,,,,,,,,,,,,,,,,,,,,,,,,,,,,,,,,,,,
2019-01-12T17:53,2019-01-12T18:00,24,train,0,2019,1,17,24,2019-01-11T18:00,,,,,,,,,,,-999.0,3.625,3.625,0.0,0.0,nan,nan,nan,nan,nan,17.100933074951172,243.3714599609375,252.74818420410156,256.88885498046875,257.80242919921875,261.5721740722656,5342.771484375,2904.951171875,1452.21044921875,212.5218505859375,253.90554809570312,79.4000015258789,144.2422637939453,0.0,18100.0,0.0,0.07400000095367432,,,,,,,,,,,,,,,,,,,,,,,,,,,,,,,,,,,,,,,,,,,,,,,,,,,,,,,,,,,,,,,,,,,,,,,,,,,,,,,,,,,,,,,,,,,,,,,,,,,,,,,,,,,,,,,,,,
2019-01-12T17:53,2019-01-12T18:00,48,train,0,2019,1,17,,,,,,,,,,,,,,,,,,,,,,,,,,,,,,,,,,,,,,,,,,,,,,,,,,,,,,,,,,,,,,,,,,,,,,,,,,,,,,,,,,,,,,,,,,,,,,,,,,,,,,,,,,,,,,,,,,,,,,,,,,,,,,,,,,,,,,,,,,,,,,,,,,,,,,,,,
2019-02-19T10:48,2019-02-19T11:00,1,train,1,2019,2,10,1,2019-02-19T10:00,,,,,,,,,,,-999.0,27.0,27.0,0.0,0.0,nan,nan,nan,nan,nan,15.07655143737793,244.19479370117188,258.021240234375,257.61029052734375,257.7996826171875,261.284912109375,5396.91943359375,2915.60595703125,1445.9327392578125,198.1679229736328,255.94766235351562,64.0999984741211,175.95237731933594,0.0,26800.0,0.0,0.0010000000474974513,,,,,,,,,,,,,,,,,,,,,,,,,,,,,,,,,,,,,,,,,,,,,,,,,,,,,,,,,,,,,,,,,,,,,,,,,,,,,,,,,,,,,,,,,,,,,,,,,,,,,,,,,,,,,,,,,,
2019-02-19T10:48,2019-02-19T11:00,24,train,1,2019,2,10,23,2019-02-18T12:00,,,,,,,,,,,-999.0,1.875,1.875,0.0,0.0,nan,nan,nan,nan,nan,15.579755783081055,244.22105407714844,257.54425048828125,255.99624633789062,256.12396240234375,259.72393798828125,5380.46484375,2902.21533203125,1437.37646484375,195.4122772216797,253.5823516845703,68.19999694824219,210.30897521972656,0.0,24000.0,0.0,3.609999895095825,,,,,,,,,,,,,,,,,,,,,,,,,,,,,,,,,,,,,,,,,,,,,,,,,,,,,,,,,,,,,,,,,,,,,,,,,,,,,,,,,,,,,,,,,,,,,,,,,,,,,,,,,,,,,,,,,,
2019-04-10T18:50,2019-04-10T19:00,1,train,0,2019,4,18,1,2019-04-10T18:00,,,,,,,,,,,-999.0,31.25,31.25,0.0,0.0,1242.6348876953125,1226.570556640625,86000.0,86700.0,1448.0648193359375,9.923637390136719,245.84664916992188,260.9262390136719,264.76043701171875,268.78326416015625,272.9679870605469,5370.205078125,2868.318359375,1374.89892578125,84.5302734375,265.532470703125,96.19999694824219,303.4952697753906,33.279998779296875,6300.0,0.0,0.10000000149011612,,,,,,,,,,,,,,,,,,,,,,,,,,,,,,,,,,,,,,,,,,,,,,,,,,,,,,,,,,,,,,,,,,,,,,,,,,,,,,,,,,,,,,,,,,,,,,,,,,,,,,,,,,,,,,,,,,
2019-02-19T10:48,2019-02-19T11:00,48,train,1,2019,2,10,,,,,,,,,,,,,,,,,,,,,,,,,,,,,,,,,,,,,,,,,,,,,,,,,,,,,,,,,,,,,,,,,,,,,,,,,,,,,,,,,,,,,,,,,,,,,,,,,,,,,,,,,,,,,,,,,,,,,,,,,,,,,,,,,,,,,,,,,,,,,,,,,,,,,,,,,
2019-04-10T18:50,2019-04-10T19:00,24,train,0,2019,4,18,25,2019-04-09T18:00,,,,,,,,,,,-999.0,46.25,46.25,3.625,0.0,1242.7353515625,1226.589599609375,82400.0,86500.0,1765.969970703125,8.340339660644531,245.40350341796875,259.28765869140625,265.0310974121094,269.4208984375,273.633544921875,5342.931640625,2847.564453125,1358.8228759765625,69.87417602539062,266.01397705078125,95.9000015258789,429.0609436035156,109.04000091552734,100.0,9.999999747378752e-05,11.6899995803833,,,,,,,,,,,,,,,,,,,,,,,,,,,,,,,,,,,,,,,,,,,,,,,,,,,,,,,,,,,,,,,,,,,,,,,,,,,,,,,,,,,,,,,,,,,,,,,,,,,,,,,,,,,,,,,,,,
2019-05-11T13:56,2019-05-11T14:00,1,train,0,2019,5,13,1,2019-05-11T13:00,,,,,,,,,,,-999.0,12.5,12.5,0.0,0.0,nan,nan,nan,nan,nan,12.970330238342285,257.2440185546875,273.4897766113281,273.0658874511719,276.3585510253906,280.6879577636719,5620.75732421875,2997.9736328125,1440.271240234375,105.28986358642578,275.0907897949219,86.4000015258789,316.9755859375,1331.1199951171875,16900.0,0.0,0.0,,,,,,,,,,,,,,,,,,,,,,,,,,,,,,,,,,,,,,,,,,,,,,,,,,,,,,,,,,,,,,,,,,,,,,,,,,,,,,,,,,,,,,,,,,,,,,,,,,,,,,,,,,,,,,,,,,
2019-04-10T18:50,2019-04-10T19:00,48,train,0,2019,4,18,,,,,,,,,,,,,,,,,,,,,,,,,,,,,,,,,,,,,,,,,,,,,,,,,,,,,,,,,,,,,,,,,,,,,,,,,,,,,,,,,,,,,,,,,,,,,,,,,,,,,,,,,,,,,,,,,,,,,,,,,,,,,,,,,,,,,,,,,,,,,,,,,,,,,,,,,
2019-05-11T13:56,2019-05-11T14:00,24,train,0,2019,5,13,26,2019-05-10T12:00,,,,,,,,,,,-999.0,72.125,9.25,18.625,72.125,8922.7587890625,nan,nan,nan,10553.3935546875,11.654136657714844,257.46661376953125,273.1614990234375,272.2562255859375,275.8268737792969,280.1415100097656,5610.12109375,2990.094482421875,1435.7371826171875,103.01162719726562,273.8392639160156,88.30000305175781,301.597412109375,1221.0400390625,15600.0,0.0,16.969999313354492,,,,,,,,,,,,,,,,,,,,,,,,,,,,,,,,,,,,,,,,,,,,,,,,,,,,,,,,,,,,,,,,,,,,,,,,,,,,,,,,,,,,,,,,,,,,,,,,,,,,,,,,,,,,,,,,,,
2019-05-11T13:56,2019-05-11T14:00,48,train,0,2019,5,13,,,,,,,,,,,,,,,,,,,,,,,,,,,,,,,,,,,,,,,,,,,,,,,,,,,,,,,,,,,,,,,,,,,,,,,,,,,,,,,,,,,,,,,,,,,,,,,,,,,,,,,,,,,,,,,,,,,,,,,,,,,,,,,,,,,,,,,,,,,,,,,,,,,,,,,,,
2019-06-27T07:56,2019-06-27T08:00,1,train,0,2019,6,7,1,2019-06-27T07:00,,,,,,,,,,,-999.0,6.375,6.375,0.0,0.0,nan,nan,nan,nan,nan,6.464529991149902,259.71453857421875,276.23162841796875,286.8065185546875,290.9308776855469,294.8688049316406,5789.21875,3150.07763671875,1546.278076171875,157.64341735839844,287.1202392578125,77.0999984741211,136.87109375,3681.1796875,19300.0,0.0,0.0,,,,,,,,,,,,,,,,,,,,,,,,,,,,,,,,,,,,,,,,,,,,,,,,,,,,,,,,,,,,,,,,,,,,,,,,,,,,,,,,,,,,,,,,,,,,,,,,,,,,,,,,,,,,,,,,,,
2019-06-27T07:56,2019-06-27T08:00,24,train,0,2019,6,7,26,2019-06-26T06:00,,,,,,,,,,,-999.0,11.375,11.375,0.0,0.0,nan,nan,nan,nan,nan,5.272850036621094,259.40045166015625,275.93408203125,286.3851318359375,290.69915771484375,294.7444763183594,5783.443359375,3144.384765625,1541.36865234375,153.64651489257812,287.74749755859375,81.19999694824219,169.0321807861328,3576.646484375,17100.0,0.0,0.8999999761581421,,,,,,,,,,,,,,,,,,,,,,,,,,,,,,,,,,,,,,,,,,,,,,,,,,,,,,,,,,,,,,,,,,,,,,,,,,,,,,,,,,,,,,,,,,,,,,,,,,,,,,,,,,,,,,,,,,
2019-09-02T07:48,2019-09-02T08:00,1,train,0,2019,9,7,1,2019-09-02T07:00,,,,,,,,,,,-999.0,93.25,37.375,93.25,92.75,1245.3948974609375,1285.4488525390625,27200.0,87700.0,12033.01953125,6.666370391845703,260.04107666015625,275.42919921875,282.99139404296875,285.932861328125,290.054443359375,5790.4375,3147.579345703125,1552.20849609375,180.3053741455078,283.29864501953125,98.9000015258789,254.3843994140625,3524.177734375,600.0,0.0,0.25999999046325684,,,,,,,,,,,,,,,,,,,,,,,,,,,,,,,,,,,,,,,,,,,,,,,,,,,,,,,,,,,,,,,,,,,,,,,,,,,,,,,,,,,,,,,,,,,,,,,,,,,,,,,,,,,,,,,,,,
2019-06-27T07:56,2019-06-27T08:00,48,train,0,2019,6,7,,,,,,,,,,,,,,,,,,,,,,,,,,,,,,,,,,,,,,,,,,,,,,,,,,,,,,,,,,,,,,,,,,,,,,,,,,,,,,,,,,,,,,,,,,,,,,,,,,,,,,,,,,,,,,,,,,,,,,,,,,,,,,,,,,,,,,,,,,,,,,,,,,,,,,,,,
2019-09-02T07:48,2019-09-02T08:00,24,train,0,2019,9,7,26,2019-09-01T06:00,,,,,,,,,,,-999.0,18.625,10.625,17.875,18.625,7342.49072265625,nan,nan,nan,7449.06591796875,6.971226215362549,259.5967102050781,274.5990905761719,283.5408935546875,285.2683410644531,289.0421142578125,5782.970703125,3148.627197265625,1556.0810546875,187.74444580078125,283.13909912109375,75.0,151.63619995117188,3454.175048828125,20300.0,0.0,0.0,,,,,,,,,,,,,,,,,,,,,,,,,,,,,,,,,,,,,,,,,,,,,,,,,,,,,,,,,,,,,,,,,,,,,,,,,,,,,,,,,,,,,,,,,,,,,,,,,,,,,,,,,,,,,,,,,,
2019-10-11T02:48,2019-10-11T03:00,1,train,0,2019,10,2,1,2019-10-11T02:00,,,,,,,,,,,-999.0,2.75,0.0,2.75,0.0,nan,nan,nan,nan,nan,5.707909107208252,256.6933288574219,274.22601318359375,280.7684326171875,282.24249267578125,285.97711181640625,5766.35302734375,3150.993408203125,1571.59130859375,216.56256103515625,278.0938720703125,34.79999923706055,342.2340393066406,3236.320068359375,57600.0,0.0,0.0,,,,,,,,,,,,,,,,,,,,,,,,,,,,,,,,,,,,,,,,,,,,,,,,,,,,,,,,,,,,,,,,,,,,,,,,,,,,,,,,,,,,,,,,,,,,,,,,,,,,,,,,,,,,,,,,,,
2019-09-02T07:48,2019-09-02T08:00,48,train,0,2019,9,7,,,,,,,,,,,,,,,,,,,,,,,,,,,,,,,,,,,,,,,,,,,,,,,,,,,,,,,,,,,,,,,,,,,,,,,,,,,,,,,,,,,,,,,,,,,,,,,,,,,,,,,,,,,,,,,,,,,,,,,,,,,,,,,,,,,,,,,,,,,,,,,,,,,,,,,,,
2019-10-11T02:48,2019-10-11T03:00,24,train,0,2019,10,2,21,2019-10-10T06:00,,,,,,,,,,,-999.0,81.375,0.0,33.75,81.375,6102.34375,3764.88720703125,40200.0,64800.0,11126.37109375,3.817545175552368,259.156982421875,274.7182922363281,280.4449462890625,281.72100830078125,285.5335998535156,5776.9384765625,3153.517578125,1572.526611328125,218.32046508789062,278.07940673828125,44.900001525878906,367.78570556640625,3312.320068359375,45700.0,0.0,0.0,,,,,,,,,,,,,,,,,,,,,,,,,,,,,,,,,,,,,,,,,,,,,,,,,,,,,,,,,,,,,,,,,,,,,,,,,,,,,,,,,,,,,,,,,,,,,,,,,,,,,,,,,,,,,,,,,,
2019-10-23T08:54,2019-10-23T09:00,1,train,0,2019,10,8,1,2019-10-23T08:00,,,,,,,,,,,3973.0,86.375,74.375,86.375,0.0,1244.7642822265625,1239.74365234375,42900.0,87100.0,5213.40625,5.637345314025879,260.8631591796875,276.10791015625,281.4024353027344,282.39129638671875,286.3486022949219,5684.20703125,3027.812255859375,1431.593017578125,69.59930419921875,279.1923828125,99.30000305175781,358.3602600097656,3667.360107421875,200.0,0.0013000000035390258,3.496999979019165,,,,,,,,,,,,,,,,,,,,,,,,,,,,,,,,,,,,,,,,,,,,,,,,,,,,,,,,,,,,,,,,,,,,,,,,,,,,,,,,,,,,,,,,,,,,,,,,,,,,,,,,,,,,,,,,,,
2019-10-11T02:48,2019-10-11T03:00,48,train,0,2019,10,2,,,,,,,,,,,,,,,,,,,,,,,,,,,,,,,,,,,,,,,,,,,,,,,,,,,,,,,,,,,,,,,,,,,,,,,,,,,,,,,,,,,,,,,,,,,,,,,,,,,,,,,,,,,,,,,,,,,,,,,,,,,,,,,,,,,,,,,,,,,,,,,,,,,,,,,,,
2019-10-23T08:54,2019-10-23T09:00,24,train,0,2019,10,8,21,2019-10-22T12:00,,,,,,,,,,,4094.199951171875,83.5,80.0,83.5,0.0,1244.701171875,1283.912109375,56800.0,86400.0,5214.59033203125,3.7094264030456543,261.33154296875,277.16552734375,281.2449951171875,282.37493896484375,286.3487548828125,5669.314453125,3007.912353515625,1408.039306640625,43.30938720703125,278.8871154785156,96.69999694824219,402.62164306640625,3776.9599609375,300.0,0.002099999925121665,38.56999969482422,,,,,,,,,,,,,,,,,,,,,,,,,,,,,,,,,,,,,,,,,,,,,,,,,,,,,,,,,,,,,,,,,,,,,,,,,,,,,,,,,,,,,,,,,,,,,,,,,,,,,,,,,,,,,,,,,,
2019-11-03T03:59,2019-11-03T04:00,1,train,0,2019,11,3,1,2019-11-03T03:00,,,,,,,,,,,-999.0,1.875,1.875,0.0,0.0,nan,nan,nan,nan,nan,4.089142799377441,250.70556640625,263.88311767578125,268.83740234375,273.3480224609375,277.3064270019531,5483.80419921875,2944.2119140625,1432.699951171875,124.07086181640625,270.3393859863281,80.0999984741211,341.4638671875,780.8800048828125,18100.0,0.0,0.0,,,,,,,,,,,,,,,,,,,,,,,,,,,,,,,,,,,,,,,,,,,,,,,,,,,,,,,,,,,,,,,,,,,,,,,,,,,,,,,,,,,,,,,,,,,,,,,,,,,,,,,,,,,,,,,,,,
2019-10-23T08:54,2019-10-23T09:00,48,train,0,2019,10,8,,,,,,,,,,,,,,,,,,,,,,,,,,,,,,,,,,,,,,,,,,,,,,,,,,,,,,,,,,,,,,,,,,,,,,,,,,,,,,,,,,,,,,,,,,,,,,,,,,,,,,,,,,,,,,,,,,,,,,,,,,,,,,,,,,,,,,,,,,,,,,,,,,,,,,,,,
2019-11-03T03:59,2019-11-03T04:00,24,train,0,2019,11,3,22,2019-11-02T06:00,,,,,,,,,,,-999.0,29.25,29.25,0.0,0.0,nan,nan,nan,nan,nan,4.323556423187256,251.41864013671875,264.533935546875,269.5127258300781,273.5013427734375,277.5281982421875,5489.001953125,2945.122314453125,1427.6053466796875,116.22735595703125,271.00872802734375,94.30000305175781,379.7669982910156,875.6799926757812,12400.0,0.0,0.0,,,,,,,,,,,,,,,,,,,,,,,,,,,,,,,,,,,,,,,,,,,,,,,,,,,,,,,,,,,,,,,,,,,,,,,,,,,,,,,,,,,,,,,,,,,,,,,,,,,,,,,,,,,,,,,,,,
2019-11-03T03:59,2019-11-03T04:00,48,train,0,2019,11,3,,,,,,,,,,,,,,,,,,,,,,,,,,,,,,,,,,,,,,,,,,,,,,,,,,,,,,,,,,,,,,,,,,,,,,,,,,,,,,,,,,,,,,,,,,,,,,,,,,,,,,,,,,,,,,,,,,,,,,,,,,,,,,,,,,,,,,,,,,,,,,,,,,,,,,,,,
2019-11-16T07:59,2019-11-16T08:00,1,train,0,2019,11,7,1,2019-11-16T07:00,,,,,,,,,,,-999.0,0.0,0.0,0.0,0.0,nan,nan,nan,nan,nan,14.886468887329102,253.04367065429688,258.9967041015625,257.53228759765625,259.5849914550781,263.4271240234375,5476.31640625,2920.79052734375,1460.7261962890625,206.0360870361328,257.06170654296875,49.900001525878906,239.9408721923828,0.0,38800.0,0.0,0.0,,,,,,,,,,,,,,,,,,,,,,,,,,,,,,,,,,,,,,,,,,,,,,,,,,,,,,,,,,,,,,,,,,,,,,,,,,,,,,,,,,,,,,,,,,,,,,,,,,,,,,,,,,,,,,,,,,
2019-11-16T07:59,2019-11-16T08:00,24,train,0,2019,11,7,26,2019-11-15T06:00,,,,,,,,,,,-999.0,0.0,0.0,0.0,0.0,nan,nan,nan,nan,nan,14.46737003326416,254.9876708984375,256.1253662109375,256.13665771484375,257.819091796875,261.50616455078125,5459.5,2907.99755859375,1457.0751953125,211.71624755859375,255.3247528076172,60.70000076293945,228.47178649902344,0.0,29100.0,0.0,2.7200000286102295,,,,,,,,,,,,,,,,,,,,,,,,,,,,,,,,,,,,,,,,,,,,,,,,,,,,,,,,,,,,,,,,,,,,,,,,,,,,,,,,,,,,,,,,,,,,,,,,,,,,,,,,,,,,,,,,,,
2019-11-16T07:59,2019-11-16T08:00,48,train,0,2019,11,7,,,,,,,,,,,,,,,,,,,,,,,,,,,,,,,,,,,,,,,,,,,,,,,,,,,,,,,,,,,,,,,,,,,,,,,,,,,,,,,,,,,,,,,,,,,,,,,,,,,,,,,,,,,,,,,,,,,,,,,,,,,,,,,,,,,,,,,,,,,,,,,,,,,,,,,,,
2019-11-29T11:51,2019-11-29T12:00,1,train,0,2019,11,11,1,2019-11-29T11:00,,,,,,,,,,,-999.0,23.75,23.75,0.0,0.0,nan,nan,nan,nan,nan,11.691216468811035,249.4902801513672,264.46966552734375,267.48370361328125,267.85943603515625,271.5181884765625,5500.90625,2970.105712890625,1452.567626953125,158.894775390625,266.4128112792969,65.19999694824219,187.27786254882812,177.1199951171875,26100.0,0.0,0.0,,,,,,,,,,,,,,,,,,,,,,,,,,,,,,,,,,,,,,,,,,,,,,,,,,,,,,,,,,,,,,,,,,,,,,,,,,,,,,,,,,,,,,,,,,,,,,,,,,,,,,,,,,,,,,,,,,
2019-11-29T11:51,2019-11-29T12:00,48,train,0,2019,11,11,,,,,,,,,,,,,,,,,,,,,,,,,,,,,,,,,,,,,,,,,,,,,,,,,,,,,,,,,,,,,,,,,,,,,,,,,,,,,,,,,,,,,,,,,,,,,,,,,,,,,,,,,,,,,,,,,,,,,,,,,,,,,,,,,,,,,,,,,,,,,,,,,,,,,,,,,
2019-11-29T11:51,2019-11-29T12:00,24,train,0,2019,11,11,24,2019-11-28T12:00,,,,,,,,,,,-999.0,2.75,2.75,0.0,0.0,nan,nan,nan,nan,nan,15.701547622680664,247.59866333007812,262.655517578125,265.77093505859375,266.5149841308594,270.2124328613281,5469.0888671875,2947.41162109375,1442.703369140625,157.70379638671875,263.41632080078125,65.0,232.32843017578125,0.0,26300.0,0.0,4.639999866485596,,,,,,,,,,,,,,,,,,,,,,,,,,,,,,,,,,,,,,,,,,,,,,,,,,,,,,,,,,,,,,,,,,,,,,,,,,,,,,,,,,,,,,,,,,,,,,,,,,,,,,,,,,,,,,,,,,
2020-01-03T11:48,2020-01-03T12:00,1,train,0,2020,1,11,1,2020-01-03T11:00,,,,,,,,,,,-999.0,14.0,14.0,0.0,0.0,1243.6904296875,1227.0439453125,85700.0,86400.0,1364.9930419921875,13.20958423614502,255.55308532714844,269.55877685546875,272.8467712402344,276.0838928222656,280.0995788574219,5497.4833984375,2909.74169921875,1364.196044921875,36.463233947753906,271.82275390625,98.5,160.5206756591797,1000.9600219726562,100.0,0.0,0.019999999552965164,,,,,,,,,,,,,,,,,,,,,,,,,,,,,,,,,,,,,,,,,,,,,,,,,,,,,,,,,,,,,,,,,,,,,,,,,,,,,,,,,,,,,,,,,,,,,,,,,,,,,,,,,,,,,,,,,,
2020-01-03T11:48,2020-01-03T12:00,24,train,0,2020,1,11,24,2020-01-02T12:00,,,,,,,,,,,-999.0,100.0,6.625,91.625,100.0,1243.6270751953125,1227.00146484375,30700.0,86600.0,9844.9482421875,10.512161254882812,255.75497436523438,268.1593933105469,273.12542724609375,276.68414306640625,280.734619140625,5500.11865234375,2918.3828125,1376.1112060546875,48.546722412109375,272.14703369140625,98.69999694824219,216.52230834960938,1057.280029296875,100.0,0.0,0.05000000074505806,,,,,,,,,,,,,,,,,,,,,,,,,,,,,,,,,,,,,,,,,,,,,,,,,,,,,,,,,,,,,,,,,,,,,,,,,,,,,,,,,,,,,,,,,,,,,,,,,,,,,,,,,,,,,,,,,,
2020-01-03T11:48,2020-01-03T12:00,48,train,0,2020,1,11,,,,,,,,,,,,,,,,,,,,,,,,,,,,,,,,,,,,,,,,,,,,,,,,,,,,,,,,,,,,,,,,,,,,,,,,,,,,,,,,,,,,,,,,,,,,,,,,,,,,,,,,,,,,,,,,,,,,,,,,,,,,,,,,,,,,,,,,,,,,,,,,,,,,,,,,,
2020-01-12T11:50,2020-01-12T12:00,1,train,0,2020,1,11,1,2020-01-12T11:00,,,,,,,,,,,5578.60009765625,96.875,83.875,96.875,17.875,1631.4716796875,3040.912841796875,49300.0,69700.0,6277.36083984375,6.321591377258301,259.55596923828125,275.2171936035156,281.9319763183594,281.54095458984375,285.22125244140625,5641.18408203125,2999.44384765625,1405.6956787109375,47.89724349975586,280.3489685058594,94.5,427.51806640625,3365.1201171875,2400.0,0.0017999999690800905,6.96999979019165,,,,,,,,,,,,,,,,,,,,,,,,,,,,,,,,,,,,,,,,,,,,,,,,,,,,,,,,,,,,,,,,,,,,,,,,,,,,,,,,,,,,,,,,,,,,,,,,,,,,,,,,,,,,,,,,,,
2020-01-12T11:50,2020-01-12T12:00,48,train,0,2020,1,11,,,,,,,,,,,,,,,,,,,,,,,,,,,,,,,,,,,,,,,,,,,,,,,,,,,,,,,,,,,,,,,,,,,,,,,,,,,,,,,,,,,,,,,,,,,,,,,,,,,,,,,,,,,,,,,,,,,,,,,,,,,,,,,,,,,,,,,,,,,,,,,,,,,,,,,,,
2020-01-12T11:50,2020-01-12T12:00,24,train,0,2020,1,11,24,2020-01-11T12:00,,,,,,,,,,,7494.2001953125,100.0,67.75,71.25,100.0,1365.530029296875,1467.12109375,21400.0,84300.0,13455.806640625,6.220634937286377,261.53515625,275.8230285644531,278.40191650390625,275.8164978027344,279.57684326171875,5638.87451171875,2985.4521484375,1391.77197265625,47.73435592651367,273.3514709472656,93.69999694824219,439.3548889160156,1248.47998046875,1500.0,0.0031999999191612005,50.209999084472656,,,,,,,,,,,,,,,,,,,,,,,,,,,,,,,,,,,,,,,,,,,,,,,,,,,,,,,,,,,,,,,,,,,,,,,,,,,,,,,,,,,,,,,,,,,,,,,,,,,,,,,,,,,,,,,,,,
2020-01-21T09:52,2020-01-21T10:00,1,train,0,2020,1,9,1,2020-01-21T09:00,,,,,,,,,,,-999.0,11.625,11.625,0.0,0.0,nan,nan,nan,nan,nan,8.542908668518066,244.15704345703125,258.2720031738281,260.5785827636719,260.6501770019531,263.823974609375,5412.5419921875,2933.236572265625,1455.98486328125,198.51644897460938,259.7236328125,41.0,133.4835968017578,0.0,48700.0,0.0,0.0,,,,,,,,,,,,,,,,,,,,,,,,,,,,,,,,,,,,,,,,,,,,,,,,,,,,,,,,,,,,,,,,,,,,,,,,,,,,,,,,,,,,,,,,,,,,,,,,,,,,,,,,,,,,,,,,,,
2020-01-30T09:54,2020-01-30T10:00,1,train,0,2020,1,9,1,2020-01-30T09:00,,,,,,,,,,,-999.0,0.0,0.0,0.0,0.0,nan,nan,nan,nan,nan,4.32119607925415,243.5168914794922,259.5322265625,264.660400390625,264.90631103515625,267.85748291015625,5422.412109375,2946.49462890625,1453.0660400390625,179.58267211914062,256.3338928222656,32.20000076293945,37.4013786315918,0.0,51900.0,0.0,0.0,,,,,,,,,,,,,,,,,,,,,,,,,,,,,,,,,,,,,,,,,,,,,,,,,,,,,,,,,,,,,,,,,,,,,,,,,,,,,,,,,,,,,,,,,,,,,,,,,,,,,,,,,,,,,,,,,,
2020-01-21T09:52,2020-01-21T10:00,24,train,0,2020,1,9,22,2020-01-20T12:00,,,,,,,,,,,-999.0,1.125,1.125,0.0,0.0,nan,nan,nan,nan,nan,10.190298080444336,244.44110107421875,258.55474853515625,260.7994689941406,260.8296203613281,264.05145263671875,5416.1904296875,2935.468994140625,1455.7701416015625,196.53269958496094,259.300537109375,38.79999923706055,142.35716247558594,0.0,51600.0,0.0,0.0,,,,,,,,,,,,,,,,,,,,,,,,,,,,,,,,,,,,,,,,,,,,,,,,,,,,,,,,,,,,,,,,,,,,,,,,,,,,,,,,,,,,,,,,,,,,,,,,,,,,,,,,,,,,,,,,,,
2020-01-21T09:52,2020-01-21T10:00,48,train,0,2020,1,9,,,,,,,,,,,,,,,,,,,,,,,,,,,,,,,,,,,,,,,,,,,,,,,,,,,,,,,,,,,,,,,,,,,,,,,,,,,,,,,,,,,,,,,,,,,,,,,,,,,,,,,,,,,,,,,,,,,,,,,,,,,,,,,,,,,,,,,,,,,,,,,,,,,,,,,,,
2020-01-30T09:54,2020-01-30T10:00,48,train,0,2020,1,9,,,,,,,,,,,,,,,,,,,,,,,,,,,,,,,,,,,,,,,,,,,,,,,,,,,,,,,,,,,,,,,,,,,,,,,,,,,,,,,,,,,,,,,,,,,,,,,,,,,,,,,,,,,,,,,,,,,,,,,,,,,,,,,,,,,,,,,,,,,,,,,,,,,,,,,,,
2020-03-03T17:52,2020-03-03T18:00,1,train,1,2020,3,17,1,2020-03-03T17:00,,,,,,,,,,,-999.0,15.375,0.0,0.0,15.375,nan,nan,nan,nan,nan,5.660883903503418,249.5668487548828,267.06451416015625,275.0152587890625,278.96710205078125,283.0831604003906,5461.7333984375,2915.359130859375,1372.0250244140625,39.7371826171875,276.80242919921875,67.30000305175781,419.641357421875,1893.43994140625,27500.0,0.0,0.0,,,,,,,,,,,,,,,,,,,,,,,,,,,,,,,,,,,,,,,,,,,,,,,,,,,,,,,,,,,,,,,,,,,,,,,,,,,,,,,,,,,,,,,,,,,,,,,,,,,,,,,,,,,,,,,,,,
2020-01-30T09:54,2020-01-30T10:00,24,train,0,2020,1,9,22,2020-01-29T12:00,,,,,,,,,,,-999.0,0.0,0.0,0.0,0.0,nan,nan,nan,nan,nan,3.170499563217163,242.2886962890625,259.47991943359375,264.611572265625,265.69244384765625,268.949462890625,5426.6376953125,2957.41064453125,1464.8427734375,188.43667602539062,257.3157043457031,32.29999923706055,67.11373138427734,0.0,51800.0,0.0,0.0,,,,,,,,,,,,,,,,,,,,,,,,,,,,,,,,,,,,,,,,,,,,,,,,,,,,,,,,,,,,,,,,,,,,,,,,,,,,,,,,,,,,,,,,,,,,,,,,,,,,,,,,,,,,,,,,,,
2020-03-03T17:52,2020-03-03T18:00,24,train,1,2020,3,17,24,2020-03-02T18:00,,,,,,,,,,,-999.0,100.0,1.125,41.0,100.0,7449.1865234375,nan,nan,nan,9656.6533203125,6.771919250488281,249.27337646484375,265.82476806640625,274.41046142578125,279.03228759765625,283.174072265625,5432.4541015625,2892.759765625,1355.151611328125,25.722564697265625,276.46429443359375,78.9000015258789,500.74786376953125,1614.8800048828125,20100.0,0.0,2.9000000953674316,,,,,,,,,,,,,,,,,,,,,,,,,,,,,,,,,,,,,,,,,,,,,,,,,,,,,,,,,,,,,,,,,,,,,,,,,,,,,,,,,,,,,,,,,,,,,,,,,,,,,,,,,,,,,,,,,,
2020-03-03T17:52,2020-03-03T18:00,48,train,1,2020,3,17,,,,,,,,,,,,,,,,,,,,,,,,,,,,,,,,,,,,,,,,,,,,,,,,,,,,,,,,,,,,,,,,,,,,,,,,,,,,,,,,,,,,,,,,,,,,,,,,,,,,,,,,,,,,,,,,,,,,,,,,,,,,,,,,,,,,,,,,,,,,,,,,,,,,,,,,,
2020-03-30T12:55,2020-03-30T13:00,1,train,1,2020,3,12,1,2020-03-30T12:00,,,,,,,,,,,-999.0,56.25,56.25,0.0,0.0,1243.197509765625,1226.852294921875,84700.0,87400.0,1611.1240234375,4.97499942779541,247.655029296875,267.1606140136719,270.29339599609375,271.94537353515625,275.880126953125,5510.4736328125,2974.03369140625,1435.41064453125,124.12439727783203,268.9101867675781,97.30000305175781,410.3627014160156,559.8400268554688,100.0,0.0,0.0010000000474974513,,,,,,,,,,,,,,,,,,,,,,,,,,,,,,,,,,,,,,,,,,,,,,,,,,,,,,,,,,,,,,,,,,,,,,,,,,,,,,,,,,,,,,,,,,,,,,,,,,,,,,,,,,,,,,,,,,
2020-03-30T12:55,2020-03-30T13:00,24,train,1,2020,3,12,25,2020-03-29T12:00,,,,,,,,,,,-999.0,63.25,63.25,0.0,0.0,1242.9866943359375,1226.6715087890625,81400.0,87400.0,1961.0902099609375,4.508452415466309,248.0601806640625,267.48236083984375,268.8335876464844,271.3287048339844,275.4422607421875,5499.83984375,2957.127197265625,1427.13720703125,116.342041015625,267.2494812011719,95.0999984741211,443.4264221191406,304.1600036621094,100.0,4.999999873689376e-05,30.079999923706055,,,,,,,,,,,,,,,,,,,,,,,,,,,,,,,,,,,,,,,,,,,,,,,,,,,,,,,,,,,,,,,,,,,,,,,,,,,,,,,,,,,,,,,,,,,,,,,,,,,,,,,,,,,,,,,,,,
2020-03-30T12:55,2020-03-30T13:00,48,train,1,2020,3,12,,,,,,,,,,,,,,,,,,,,,,,,,,,,,,,,,,,,,,,,,,,,,,,,,,,,,,,,,,,,,,,,,,,,,,,,,,,,,,,,,,,,,,,,,,,,,,,,,,,,,,,,,,,,,,,,,,,,,,,,,,,,,,,,,,,,,,,,,,,,,,,,,,,,,,,,,
2020-05-27T18:51,2020-05-27T19:00,1,train,0,2020,5,18,1,2020-05-27T18:00,,,,,,,,,,,-999.0,0.25,0.25,0.0,0.0,nan,nan,nan,nan,nan,3.8277461528778076,264.3913269042969,279.521728515625,291.827880859375,298.6195983886719,303.49737548828125,5891.44287109375,3210.1845703125,1582.69140625,162.955322265625,297.1500244140625,57.0,1444.170654296875,4279.68017578125,32400.0,0.0,0.009999999776482582,,,,,,,,,,,,,,,,,,,,,,,,,,,,,,,,,,,,,,,,,,,,,,,,,,,,,,,,,,,,,,,,,,,,,,,,,,,,,,,,,,,,,,,,,,,,,,,,,,,,,,,,,,,,,,,,,,
2020-05-27T18:51,2020-05-27T19:00,24,train,0,2020,5,18,25,2020-05-26T18:00,,,,,,,,,,,-999.0,4.125,4.125,0.875,0.0,2267.808837890625,2515.033447265625,70800.0,76200.0,3476.535400390625,3.7217183113098145,263.5989990234375,278.7972106933594,291.5409851074219,297.9327392578125,302.7303466796875,5887.48193359375,3212.674072265625,1586.66015625,168.7474365234375,294.8812561035156,73.9000015258789,1109.2496337890625,4215.68505859375,20800.0,0.0,0.38999998569488525,,,,,,,,,,,,,,,,,,,,,,,,,,,,,,,,,,,,,,,,,,,,,,,,,,,,,,,,,,,,,,,,,,,,,,,,,,,,,,,,,,,,,,,,,,,,,,,,,,,,,,,,,,,,,,,,,,
2020-05-27T18:51,2020-05-27T19:00,48,train,0,2020,5,18,,,,,,,,,,,,,,,,,,,,,,,,,,,,,,,,,,,,,,,,,,,,,,,,,,,,,,,,,,,,,,,,,,,,,,,,,,,,,,,,,,,,,,,,,,,,,,,,,,,,,,,,,,,,,,,,,,,,,,,,,,,,,,,,,,,,,,,,,,,,,,,,,,,,,,,,,
2020-07-25T09:53,2020-07-25T10:00,1,train,0,2020,7,9,1,2020-07-25T09:00,,,,,,,,,,,-999.0,0.5,0.5,0.0,0.0,nan,nan,nan,nan,nan,4.98818826675415,262.8555908203125,278.16748046875,287.1734313964844,291.4036865234375,295.5146789550781,5820.5810546875,3154.7958984375,1548.912109375,156.07154846191406,286.2594909667969,51.70000076293945,192.50094604492188,4140.501953125,39000.0,0.0,0.0,,,,,,,,,,,,,,,,,,,,,,,,,,,,,,,,,,,,,,,,,,,,,,,,,,,,,,,,,,,,,,,,,,,,,,,,,,,,,,,,,,,,,,,,,,,,,,,,,,,,,,,,,,,,,,,,,,
2020-07-25T09:53,2020-07-25T10:00,24,train,0,2020,7,9,22,2020-07-24T12:00,,,,,,,,,,,-999.0,49.625,0.0,0.0,49.625,10987.2138671875,nan,nan,nan,11443.8955078125,4.596829891204834,262.9541015625,276.8291015625,287.4307861328125,292.7913818359375,297.098388671875,5816.57421875,3155.341796875,1551.03955078125,155.63009643554688,287.81829833984375,65.19999694824219,156.4159698486328,3911.52587890625,26800.0,0.0,0.12999999523162842,,,,,,,,,,,,,,,,,,,,,,,,,,,,,,,,,,,,,,,,,,,,,,,,,,,,,,,,,,,,,,,,,,,,,,,,,,,,,,,,,,,,,,,,,,,,,,,,,,,,,,,,,,,,,,,,,,
2020-07-25T09:53,2020-07-25T10:00,48,train,0,2020,7,9,,,,,,,,,,,,,,,,,,,,,,,,,,,,,,,,,,,,,,,,,,,,,,,,,,,,,,,,,,,,,,,,,,,,,,,,,,,,,,,,,,,,,,,,,,,,,,,,,,,,,,,,,,,,,,,,,,,,,,,,,,,,,,,,,,,,,,,,,,,,,,,,,,,,,,,,,
2020-09-10T11:50,2020-09-10T12:00,1,train,1,2020,9,11,1,2020-09-10T11:00,,,,,,,,,,,-999.0,10.25,10.25,0.0,0.0,nan,nan,nan,nan,nan,5.4451003074646,264.1085205078125,280.63330078125,289.89581298828125,292.8840026855469,296.3434143066406,5908.3076171875,3229.33642578125,1603.2786865234375,202.37994384765625,290.32623291015625,58.0,169.9364013671875,4410.39990234375,32600.0,0.0,0.0,,,,,,,,,,,,,,,,,,,,,,,,,,,,,,,,,,,,,,,,,,,,,,,,,,,,,,,,,,,,,,,,,,,,,,,,,,,,,,,,,,,,,,,,,,,,,,,,,,,,,,,,,,,,,,,,,,
2020-09-10T11:50,2020-09-10T12:00,24,train,1,2020,9,11,24,2020-09-09T12:00,,,,,,,,,,,-999.0,91.625,1.875,0.0,91.625,10882.9462890625,nan,nan,nan,12826.759765625,6.30769157409668,263.4447937011719,280.20587158203125,289.6372985839844,293.7021484375,297.7174377441406,5898.08203125,3223.427978515625,1598.448974609375,194.13221740722656,290.7083740234375,64.5,181.44664001464844,4367.10693359375,27100.0,0.0,0.0,,,,,,,,,,,,,,,,,,,,,,,,,,,,,,,,,,,,,,,,,,,,,,,,,,,,,,,,,,,,,,,,,,,,,,,,,,,,,,,,,,,,,,,,,,,,,,,,,,,,,,,,,,,,,,,,,,
2020-09-10T11:50,2020-09-10T12:00,48,train,1,2020,9,11,,,,,,,,,,,,,,,,,,,,,,,,,,,,,,,,,,,,,,,,,,,,,,,,,,,,,,,,,,,,,,,,,,,,,,,,,,,,,,,,,,,,,,,,,,,,,,,,,,,,,,,,,,,,,,,,,,,,,,,,,,,,,,,,,,,,,,,,,,,,,,,,,,,,,,,,,
2020-10-25T12:56,2020-10-25T13:00,1,train,1,2020,10,12,1,2020-10-25T12:00,,,,,,,,,,,-999.0,11.75,11.75,0.0,0.0,nan,nan,nan,nan,nan,6.5197529792785645,257.45050048828125,269.5299072265625,270.30902099609375,271.87640380859375,275.81182861328125,5635.439453125,3031.904296875,1496.802001953125,183.31332397460938,271.5896911621094,67.69999694824219,181.9108428955078,970.5599975585938,26500.0,0.0,0.0,,,,,,,,,,,,,,,,,,,,,,,,,,,,,,,,,,,,,,,,,,,,,,,,,,,,,,,,,,,,,,,,,,,,,,,,,,,,,,,,,,,,,,,,,,,,,,,,,,,,,,,,,,,,,,,,,,
2020-10-06T11:51,2020-10-06T12:00,1,train,0,2020,10,11,1,2020-10-06T11:00,,,,,,,,,1,2020-10-06T11:00,-999.0,18.875,18.875,0.0,0.0,nan,nan,nan,nan,nan,6.591867923736572,260.3658447265625,273.08660888671875,277.875244140625,282.18646240234375,286.0381164550781,5721.98193359375,3078.527099609375,1514.8897705078125,162.15206909179688,279.75299072265625,84.4000015258789,273.773681640625,3539.4150390625,16200.0,0.0,0.0,,,,,,,,,,,,,,,,,,,,,,,,,,,,,,,,,,,,,,,,,,,,,,,,,,,,,,,,,,,,,,,,,,,,,,,,,,,,,,,,,,,,,,,,,,,,28.0,,,88888.0,2112.0,256.0,80.0,84.0,,85.0,,68.0,,68.0,68.0,2.0,247.0,274.1099853515625,273.95001220703125,99.0,2.0,11.699999809265137,12.800000190734863
2020-10-25T12:56,2020-10-25T13:00,48,train,1,2020,10,12,,,,,,,,,,,,,,,,,,,,,,,,,,,,,,,,,,,,,,,,,,,,,,,,,,,,,,,,,,,,,,,,,,,,,,,,,,,,,,,,,,,,,,,,,,,,,,,,,,,,,,,,,,,,,,,,,,,,,,,,,,,,,,,,,,,,,,,,,,,,,,,,,,,,,,,,,
2020-10-25T12:56,2020-10-25T13:00,24,train,1,2020,10,12,25,2020-10-24T12:00,,,,,,,,,,,-999.0,0.5,0.5,0.0,0.0,nan,nan,nan,nan,nan,5.510960578918457,256.8782043457031,269.3426513671875,270.03314208984375,272.16497802734375,276.1212463378906,5624.79833984375,3025.479248046875,1491.2274169921875,178.06288146972656,271.495849609375,59.099998474121094,228.40911865234375,951.52001953125,33800.0,0.0,4.550000190734863,,,,,,,,,,,,,,,,,,,,,,,,,,,,,,,,,,,,,,,,,,,,,,,,,,,,,,,,,,,,,,,,,,,,,,,,,,,,,,,,,,,,,,,,,,,,,,,,,,,,,,,,,,,,,,,,,,
2020-10-06T11:51,2020-10-06T12:00,24,train,0,2020,10,11,24,2020-10-05T12:00,,,,,,,,,24,2020-10-05T12:00,-999.0,15.375,15.375,0.0,0.0,nan,nan,nan,nan,nan,7.749879837036133,259.576171875,272.17510986328125,277.662841796875,281.62677001953125,285.711181640625,5703.0537109375,3071.2314453125,1508.4224853515625,157.78793334960938,278.7674560546875,93.9000015258789,261.2655029296875,3192.142333984375,12300.0,0.0,0.25,,,,,,,,,,,,,,,,,,,,,,,,,,,,,,,,,,,,,,,,,,,,,,,,,,,,,,,,,,,,,,,,,,,,,,,,,,,,,,,,,,,,,,,,,,,,44.0,,,88888.0,1312.0,201.0,92.0,99.0,,100.0,,60.0,,61.0,64.0,3.0,275.0,274.04998779296875,273.69000244140625,99.0,3.0,11.699999809265137,12.800000190734863
2020-10-06T11:51,2020-10-06T12:00,48,train,0,2020,10,11,,,,,,,,,,,48,2020-10-04T12:00,,,,,,,,,,,,,,,,,,,,,,,,,,,,,,,,,,,,,,,,,,,,,,,,,,,,,,,,,,,,,,,,,,,,,,,,,,,,,,,,,,,,,,,,,,,,,,,,,,,,,,,,,,,,,,,,,,,,,,,30.0,,,88888.0,40.0,2816.0,85.0,89.0,,89.0,,56.0,,56.0,56.0,8.0,236.0,273.95001220703125,273.1000061035156,94.0,3.0,11.600000381469727,12.800000190734863
2020-11-27T23:57,2020-11-28T00:00,1,train,0,2020,11,23,1,2020-11-27T23:00,,,,,,,,,1,2020-11-27T23:00,-999.0,54.375,54.375,0.0,0.0,nan,nan,nan,nan,nan,4.055023670196533,258.5908203125,270.46435546875,271.4906311035156,275.63995361328125,279.76263427734375,5588.7197265625,2974.291015625,1435.930419921875,106.91047668457031,272.4421691894531,96.19999694824219,167.8849334716797,1100.239990234375,12200.0,0.0,0.0020000000949949026,,,,,,,,,,,,,,,,,,,,,,,,,,,,,,,,,,,,,,,,,,,,,,,,,,,,,,,,,,,,,,,,,,,,,,,,,,,,,,,,,,,,,,,,,,,,73.0,,,0.0,0.0,209.0,62.0,65.0,,81.0,,72.0,,72.0,72.0,1.0,151.0,268.70001220703125,268.80999755859375,100.0,10.0,8.800000190734863,8.800000190734863
2020-11-27T23:57,2020-11-28T00:00,24,train,0,2020,11,23,24,2020-11-27T00:00,,,,,,,,,24,2020-11-27T00:00,-999.0,15.375,15.375,0.0,0.0,nan,nan,nan,nan,nan,4.740488052368164,257.2115173339844,269.6335144042969,273.81134033203125,277.06256103515625,281.14483642578125,5584.68310546875,2982.52783203125,1436.994140625,104.95616149902344,274.128662109375,72.9000015258789,111.32847595214844,1843.6800537109375,21900.0,0.0,0.11999999731779099,,,,,,,,,,,,,,,,,,,,,,,,,,,,,,,,,,,,,,,,,,,,,,,,,,,,,,,,,,,,,,,,,,,,,,,,,,,,,,,,,,,,,,,,,,,,54.0,,,88888.0,3704.0,201.0,87.0,87.0,,87.0,,64.0,,64.0,64.0,1.0,122.0,268.510009765625,268.510009765625,100.0,3.0,9.600000381469727,9.399999618530273
2020-12-10T02:52,2020-12-10T03:00,1,train,0,2020,12,2,1,2020-12-10T02:00,,,,,,,,,1,2020-12-10T02:00,-999.0,0.0,100.0,100.0,0.0,nan,1341.798583984375,nan,84900.0,nan,7.385036945343018,244.6734619140625,259.46142578125,266.907958984375,270.7308349609375,274.7135009765625,5317.2587890625,2828.608154296875,1332.69775390625,38.95735168457031,266.4716491699219,91.30000305175781,173.53143310546875,277.44000244140625,12200.0,0.0,0.0,,,,,,,,,,,,,,,,,,,,,,,,,,,,,,,,,,,,,,,,,,,,,,,,,,,,,,,,,,,,,,,,,,,,,,,,,,,,,,,,,,,,,,,,,,,,83.0,,,0.0,0.0,256.0,70.0,70.0,,85.0,,81.0,,81.0,83.0,0.0,219.0,262.8500061035156,262.19000244140625,97.0,8.0,10.0,10.100000381469727
2020-11-27T23:57,2020-11-28T00:00,48,train,0,2020,11,23,,,,,,,,,,,48,2020-11-26T00:00,,,,,,,,,,,,,,,,,,,,,,,,,,,,,,,,,,,,,,,,,,,,,,,,,,,,,,,,,,,,,,,,,,,,,,,,,,,,,,,,,,,,,,,,,,,,,,,,,,,,,,,,,,,,,,,,,,,,,,,76.0,,,80.0,32.0,9856.0,94.0,94.0,,95.0,,66.0,,66.0,66.0,3.0,204.0,269.46002197265625,269.42999267578125,100.0,1.0,12.399999618530273,12.5
2020-12-10T02:52,2020-12-10T03:00,24,train,0,2020,12,2,21,2020-12-09T06:00,,,,,,,,,24,2020-12-09T03:00,-999.0,0.0,100.0,100.0,0.0,1342.00048828125,1341.857177734375,79200.0,84700.0,4408.611328125,6.573729038238525,244.48751831054688,259.3226318359375,267.73284912109375,271.44366455078125,275.3382568359375,5297.8779296875,2819.37109375,1319.289306640625,24.659433364868164,267.2087707519531,94.4000015258789,248.52987670898438,395.3599853515625,100.0,9.999999747378752e-05,2.8450000286102295,,,,,,,,,,,,,,,,,,,,,,,,,,,,,,,,,,,,,,,,,,,,,,,,,,,,,,,,,,,,,,,,,,,,,,,,,,,,,,,,,,,,,,,,,,,,78.0,,,0.0,0.0,0.0,94.0,94.0,,96.0,,68.0,,72.0,73.0,0.0,248.0,262.9100036621094,262.6099853515625,97.0,19.0,11.199999809265137,10.899999618530273
2020-12-10T02:52,2020-12-10T03:00,48,train,0,2020,12,2,45,2020-12-08T06:00,,,,,,,,,45,2020-12-08T06:00,-999.0,0.0,70.0,100.0,0.0,1461.4599609375,1341.8858642578125,68300.0,84900.0,6374.8603515625,7.58862829208374,242.95046997070312,259.8934326171875,267.2331237792969,270.9120178222656,274.8431396484375,5314.0009765625,2838.8447265625,1338.58642578125,44.42669677734375,266.6334228515625,89.69999694824219,222.4574737548828,305.1199951171875,1800.0,9.999999747378752e-05,1.5199999809265137,,,,,,,,,,,,,,,,,,,,,,,,,,,,,,,,,,,,,,,,,,,,,,,,,,,,,,,,,,,,,,,,,,,,,,,,,,,,,,,,,,,,,,,,,,,,75.0,,,72.0,24.0,8448.0,74.0,74.0,,84.0,,73.0,,78.0,80.0,1.0,118.0,262.8999938964844,261.94000244140625,93.0,0.0,10.0,10.0
2020-12-21T23:51,2020-12-22T00:00,1,train,0,2020,12,23,1,2020-12-21T23:00,,,,,,,,,1,2020-12-21T23:00,-999.0,0.0,100.0,0.0,0.0,1342.17919921875,1341.96142578125,81100.0,85000.0,1871.734130859375,3.05073881149292,248.1774444580078,263.935302734375,267.671875,272.3037109375,276.3526611328125,5369.54443359375,2842.57470703125,1335.4771728515625,28.254154205322266,267.40789794921875,93.0999984741211,245.9146270751953,421.5199890136719,100.0,0.0,0.0,,,,,,,,,,,,,,,,,,,,,,,,,,,,,,,,,,,,,,,,,,,,,,,,,,,,,,,,,,,,,,,,,,,,,,,,,,,,,,,,,,,,,,,,,,,,64.0,,,0.0,0.0,209.0,50.0,64.0,,72.0,,75.0,,75.0,75.0,2.0,152.0,263.1100158691406,263.2099914550781,100.0,5.0,7.199999809265137,7.300000190734863
2021-01-01T22:51,2021-01-01T23:00,1,train,0,2021,1,22,1,2021-01-01T22:00,,,,,,,,,1,2021-01-01T22:00,-999.0,0.0,0.0,100.0,100.0,7924.853515625,6404.48486328125,nan,44900.0,9349.9033203125,4.292032241821289,254.47523498535156,267.7597351074219,270.23870849609375,269.5487060546875,273.2820739746094,5617.6591796875,3040.041015625,1508.720458984375,205.5819854736328,267.0572204589844,47.29999923706055,85.61637115478516,371.9200134277344,42400.0,0.0,0.0,,,,,,,,,,,,,,,,,,,,,,,,,,,,,,,,,,,,,,,,,,,,,,,,,,,,,,,,,,,,,,,,,,,,,,,,,,,,,,,,,,,,,,,,,,,,88.0,,,88886.0,4560.0,16209.0,4.0,8.0,,11.0,,10.0,,10.0,10.0,0.0,116.0,264.0,259.03997802734375,67.0,0.0,8.399999618530273,8.899999618530273
2020-12-21T23:51,2020-12-22T00:00,24,train,0,2020,12,23,24,2020-12-21T00:00,,,,,,,,,24,2020-12-21T00:00,-999.0,0.0,1.0,0.0,0.0,nan,1341.80859375,nan,85000.0,nan,3.5471506118774414,247.98638916015625,263.471435546875,266.5728454589844,270.8167724609375,274.8432922363281,5366.4501953125,2842.954345703125,1334.386962890625,32.23467254638672,263.5457763671875,73.80000305175781,80.0677719116211,0.0,13600.0,0.0,0.4699999988079071,,,,,,,,,,,,,,,,,,,,,,,,,,,,,,,,,,,,,,,,,,,,,,,,,,,,,,,,,,,,,,,,,,,,,,,,,,,,,,,,,,,,,,,,,,,,51.0,,,88888.0,1848.0,256.0,81.0,81.0,,81.0,,65.0,,65.0,65.0,0.0,86.0,262.2099914550781,262.3600158691406,99.0,0.0,7.599999904632568,7.699999809265137
2020-12-21T23:51,2020-12-22T00:00,48,train,0,2020,12,23,48,2020-12-20T00:00,,,,,,,,,48,2020-12-20T00:00,-999.0,3.0,100.0,0.0,0.0,1461.7288818359375,1341.9630126953125,79500.0,85100.0,2053.878173828125,0.791074812412262,248.08163452148438,262.9865417480469,267.28753662109375,271.97698974609375,275.9633483886719,5373.5908203125,2848.3955078125,1344.2392578125,40.22816848754883,264.94757080078125,74.30000305175781,348.661865234375,42.2400016784668,12200.0,0.0,1.4800000190734863,,,,,,,,,,,,,,,,,,,,,,,,,,,,,,,,,,,,,,,,,,,,,,,,,,,,,,,,,,,,,,,,,,,,,,,,,,,,,,,,,,,,,,,,,,,,70.0,,,56.0,56.0,10368.0,84.0,84.0,,85.0,,68.0,,68.0,68.0,1.0,124.0,263.41998291015625,263.4100036621094,100.0,5.0,10.0,10.100000381469727
2021-01-01T22:51,2021-01-01T23:00,24,train,0,2021,1,22,23,2021-01-01T00:00,,,,,,,,,24,2020-12-31T23:00,-999.0,0.0,0.0,100.0,100.0,5791.28759765625,1418.2159423828125,26800.0,86100.0,11517.3505859375,6.145413398742676,253.8338623046875,266.8087158203125,268.01531982421875,268.5823974609375,272.5033264160156,5601.01171875,3032.0263671875,1509.7911376953125,212.07801818847656,265.7584228515625,65.19999694824219,132.73587036132812,171.1199951171875,27400.0,0.0,0.009999999776482582,,,,,,,,,,,,,,,,,,,,,,,,,,,,,,,,,,,,,,,,,,,,,,,,,,,,,,,,,,,,,,,,,,,,,,,,,,,,,,,,,,,,,,,,,,,,87.0,,,88888.0,4968.0,201.0,3.0,3.0,,7.0,,57.0,,57.0,57.0,0.0,106.0,263.04998779296875,257.9100036621094,64.0,0.0,8.399999618530273,8.899999618530273
2021-01-01T22:51,2021-01-01T23:00,48,train,0,2021,1,22,47,2020-12-31T00:00,,,,,,,,,36,2020-12-31T11:00,-999.0,0.0,0.0,77.0,100.0,7444.1328125,1462.6146240234375,32400.0,85500.0,11361.06640625,4.669378280639648,252.83209228515625,266.92535400390625,268.7713623046875,267.9449462890625,271.73773193359375,5590.2216796875,3028.999755859375,1501.7666015625,205.2943115234375,266.2983093261719,62.20000076293945,102.92359924316406,250.39999389648438,29700.0,0.0,8.180000305175781,,,,,,,,,,,,,,,,,,,,,,,,,,,,,,,,,,,,,,,,,,,,,,,,,,,,,,,,,,,,,,,,,,,,,,,,,,,,,,,,,,,,,,,,,,,,77.0,,,32.0,32.0,201.0,20.0,20.0,,20.0,,51.0,,51.0,51.0,0.0,88.0,263.17999267578125,256.3599853515625,58.0,0.0,8.0,8.100000381469727
2021-01-07T20:52,2021-01-07T21:00,1,train,1,2021,1,20,1,2021-01-07T20:00,,,,,,,,,1,2021-01-07T20:00,-999.0,0.0,0.0,0.0,0.0,nan,1194.4521484375,nan,nan,nan,9.365852355957031,249.56869506835938,267.1876525878906,271.5745544433594,269.6778869628906,273.4794921875,5508.2138671875,2963.919677734375,1423.9381103515625,117.25581359863281,269.0751953125,49.599998474121094,220.73936462402344,679.8400268554688,40100.0,0.0,0.0,,,,,,,,,,,,,,,,,,,,,,,,,,,,,,,,,,,,,,,,,,,,,,,,,,,,,,,,,,,,,,,,,,,,,,,,,,,,,,,,,,,,,,,,,,,,35.0,,,88888.0,6936.0,16274.0,1.0,3.0,,7.0,,9.0,,9.0,13.0,0.0,165.0,262.7599792480469,259.1299743652344,74.0,1.0,14.800000190734863,16.299999237060547
2021-01-13T15:47,2021-01-13T16:00,1,train,0,2021,1,15,1,2021-01-13T15:00,,,,,,,,,1,2021-01-13T15:00,-999.0,0.0,95.0,0.0,11.0,1341.725341796875,1341.5643310546875,83300.0,85700.0,1856.277587890625,2.9309282302856445,250.5303192138672,263.5973815917969,263.6067810058594,268.7412109375,272.87139892578125,5437.8564453125,2895.160400390625,1399.22998046875,106.07357788085938,265.81829833984375,94.0,377.0996398925781,178.39999389648438,2400.0,0.0,0.03400000184774399,,,,,,,,,,,,,,,,,,,,,,,,,,,,,,,,,,,,,,,,,,,,,,,,,,,,,,,,,,,,,,,,,,,,,,,,,,,,,,,,,,,,,,,,,,,,50.0,,,88888.0,1160.0,0.0,59.0,71.0,,78.0,,63.0,,63.0,63.0,1.0,476.0,263.17999267578125,261.29998779296875,87.0,0.0,7.599999904632568,7.800000190734863
2021-01-07T20:52,2021-01-07T21:00,48,train,1,2021,1,20,45,2021-01-06T00:00,,,,,,,,,45,2021-01-06T00:00,-999.0,0.0,0.0,0.0,48.0,nan,864.6856689453125,nan,29700.0,nan,10.552401542663574,249.11993408203125,266.223388671875,269.2565612792969,268.3021545410156,272.17596435546875,5494.7333984375,2954.7353515625,1423.4884033203125,123.36112213134766,266.529541015625,63.5,223.42820739746094,292.0799865722656,27600.0,0.0,0.17000000178813934,,,,,,,,,,,,,,,,,,,,,,,,,,,,,,,,,,,,,,,,,,,,,,,,,,,,,,,,,,,,,,,,,,,,,,,,,,,,,,,,,,,,,,,,,,,,37.0,,,88888.0,3560.0,8960.0,18.0,18.0,,20.0,,49.0,,49.0,49.0,0.0,203.0,260.66998291015625,259.489990234375,89.0,0.0,14.399999618530273,14.699999809265137
2021-01-07T20:52,2021-01-07T21:00,24,train,1,2021,1,20,21,2021-01-07T00:00,,,,,,,,,24,2021-01-06T21:00,-999.0,0.0,0.0,0.0,5.0,nan,1104.7159423828125,nan,28700.0,nan,8.732794761657715,249.43032836914062,266.687255859375,271.285888671875,270.4267578125,274.3177490234375,5502.77978515625,2959.281982421875,1422.4354248046875,114.9472885131836,268.9969177246094,44.5,255.6839599609375,671.8400268554688,45400.0,0.0,0.0,,,,,,,,,,,,,,,,,,,,,,,,,,,,,,,,,,,,,,,,,,,,,,,,,,,,,,,,,,,,,,,,,,,,,,,,,,,,,,,,,,,,,,,,,,,,21.0,,,88886.0,5928.0,201.0,4.0,4.0,,7.0,,50.0,,50.0,50.0,0.0,164.0,262.7300109863281,259.25,76.0,0.0,14.399999618530273,16.0
2021-01-13T15:47,2021-01-13T16:00,24,train,0,2021,1,15,22,2021-01-12T18:00,,,,,,,,,24,2021-01-12T16:00,-999.0,0.0,4.0,25.0,100.0,8649.1103515625,1341.4449462890625,nan,85700.0,10402.3623046875,4.208123683929443,248.79734802246094,262.9276428222656,263.99700927734375,267.53466796875,271.57440185546875,5428.203125,2900.83984375,1402.9969482421875,114.43824768066406,265.8287353515625,81.30000305175781,282.17578125,180.32000732421875,18100.0,0.0,0.0,,,,,,,,,,,,,,,,,,,,,,,,,,,,,,,,,,,,,,,,,,,,,,,,,,,,,,,,,,,,,,,,,,,,,,,,,,,,,,,,,,,,,,,,,,,,63.0,,,32.0,32.0,256.0,50.0,50.0,,54.0,,45.0,,46.0,47.0,0.0,474.0,263.3399963378906,261.2200012207031,85.0,0.0,8.399999618530273,8.5
2021-01-13T15:47,2021-01-13T16:00,48,train,0,2021,1,15,46,2021-01-11T18:00,,,,,,,,,36,2021-01-12T04:00,-999.0,0.0,3.0,0.0,59.0,nan,1341.34130859375,nan,85800.0,nan,5.164782524108887,248.28509521484375,261.96527099609375,263.32861328125,267.6016845703125,271.7530517578125,5421.9609375,2904.99267578125,1412.3841552734375,125.46726989746094,265.400634765625,84.0,362.1412048339844,112.4800033569336,17600.0,0.0,1.1200000047683716,,,,,,,,,,,,,,,,,,,,,,,,,,,,,,,,,,,,,,,,,,,,,,,,,,,,,,,,,,,,,,,,,,,,,,,,,,,,,,,,,,,,,,,,,,,,48.0,,,88888.0,5480.0,256.0,31.0,31.0,,33.0,,51.0,,52.0,54.0,0.0,398.0,263.05999755859375,260.989990234375,84.0,0.0,8.0,8.100000381469727
2021-01-18T22:53,2021-01-18T23:00,1,train,0,2021,1,22,1,2021-01-18T22:00,,,,,,,,,1,2021-01-18T22:00,-999.0,0.0,0.0,94.0,0.0,nan,1340.78369140625,nan,85000.0,nan,13.375389099121094,243.16685485839844,257.84222412109375,263.3393249511719,265.49786376953125,269.44427490234375,5257.048828125,2792.4873046875,1306.166748046875,30.96590805053711,260.7427673339844,76.19999694824219,271.20684814453125,0.0,19600.0,0.0,0.02850000001490116,,,,,,,,,,,,,,,,,,,,,,,,,,,,,,,,,,,,,,,,,,,,,,,,,,,,,,,,,,,,,,,,,,,,,,,,,,,,,,,,,,,,,,,,,,,,80.0,,,0.0,0.0,0.0,49.0,56.0,,72.0,,72.0,,72.0,72.0,0.0,240.0,258.16998291015625,256.7200012207031,87.0,4.0,15.199999809265137,18.100000381469727
2021-01-18T22:53,2021-01-18T23:00,24,train,0,2021,1,22,23,2021-01-18T00:00,,,,,,,,,24,2021-01-17T23:00,-999.0,0.0,0.0,100.0,0.0,5029.14990234375,1340.5760498046875,nan,85000.0,6252.7666015625,12.775298118591309,241.73196411132812,257.6737060546875,262.21575927734375,264.6416931152344,268.59710693359375,5250.0673828125,2788.23681640625,1305.556396484375,32.981483459472656,259.8397216796875,72.5,211.9502410888672,0.0,21600.0,0.0,2.1700000762939453,,,,,,,,,,,,,,,,,,,,,,,,,,,,,,,,,,,,,,,,,,,,,,,,,,,,,,,,,,,,,,,,,,,,,,,,,,,,,,,,,,,,,,,,,,,,91.0,,,30.0,32.0,201.0,41.0,47.0,,60.0,,64.0,,65.0,67.0,0.0,276.0,258.6300048828125,256.79998779296875,88.0,7.0,15.600000381469727,18.200000762939453
2021-01-24T15:52,2021-01-24T16:00,1,train,0,2021,1,15,1,2021-01-24T15:00,,,,,,,,,1,2021-01-24T15:00,-999.0,0.0,100.0,0.0,0.0,1340.34423828125,1339.873779296875,nan,84800.0,1508.3658447265625,21.043304443359375,242.17172241210938,258.8144836425781,259.2711181640625,258.9649658203125,262.8948974609375,5281.0234375,2807.17333984375,1327.8846435546875,74.36636352539062,255.12852478027344,84.9000015258789,287.71807861328125,0.0,8700.0,0.0,0.023000000044703484,,,,,,,,,,,,,,,,,,,,,,,,,,,,,,,,,,,,,,,,,,,,,,,,,,,,,,,,,,,,,,,,,,,,,,,,,,,,,,,,,,,,,,,,,,,,69.0,,,0.0,0.0,0.0,49.0,60.0,,67.0,,74.0,,76.0,76.0,0.0,291.0,252.1599884033203,249.3099822998047,80.0,1.0,20.0,24.5
2021-01-18T22:53,2021-01-18T23:00,48,train,0,2021,1,22,47,2021-01-17T00:00,,,,,,,,,36,2021-01-17T11:00,-999.0,0.0,0.0,0.0,0.0,nan,1340.6751708984375,nan,85000.0,nan,12.073092460632324,241.77281188964844,257.28619384765625,262.9095764160156,264.7641906738281,268.6518859863281,5244.828125,2791.2919921875,1306.287353515625,34.289215087890625,260.259765625,61.20000076293945,228.44390869140625,0.0,28900.0,0.0,21.450000762939453,,,,,,,,,,,,,,,,,,,,,,,,,,,,,,,,,,,,,,,,,,,,,,,,,,,,,,,,,,,,,,,,,,,,,,,,,,,,,,,,,,,,,,,,,,,,86.0,,,30.0,32.0,201.0,55.0,60.0,,71.0,,60.0,,60.0,61.0,1.0,270.0,258.41998291015625,256.9800109863281,89.0,9.0,15.199999809265137,18.200000762939453
2021-01-24T15:52,2021-01-24T16:00,24,train,0,2021,1,15,22,2021-01-23T18:00,,,,,,,,,24,2021-01-23T16:00,-999.0,0.0,100.0,0.0,0.0,nan,1339.819091796875,nan,84900.0,nan,18.696725845336914,240.2157440185547,258.9649353027344,259.45037841796875,258.66119384765625,262.4879150390625,5280.33203125,2819.17138671875,1335.062744140625,75.5816650390625,255.1493377685547,85.0,287.95758056640625,0.0,13800.0,0.0,0.18000000715255737,,,,,,,,,,,,,,,,,,,,,,,,,,,,,,,,,,,,,,,,,,,,,,,,,,,,,,,,,,,,,,,,,,,,,,,,,,,,,,,,,,,,,,,,,,,,67.0,,,32.0,32.0,201.0,39.0,39.0,,40.0,,49.0,,52.0,61.0,0.0,277.0,252.3000030517578,249.2899932861328,78.0,6.0,20.399999618530273,24.5
2021-01-24T15:52,2021-01-24T16:00,48,train,0,2021,1,15,46,2021-01-22T18:00,,,,,,,,,36,2021-01-23T04:00,-999.0,0.0,100.0,0.0,0.0,nan,1339.60302734375,83900.0,84400.0,nan,20.705657958984375,244.22415161132812,258.9525451660156,257.57073974609375,257.6915283203125,261.534912109375,5258.6533203125,2774.595703125,1295.908203125,44.95893859863281,253.48509216308594,83.19999694824219,286.3583679199219,0.0,10500.0,0.0,1.3799999952316284,,,,,,,,,,,,,,,,,,,,,,,,,,,,,,,,,,,,,,,,,,,,,,,,,,,,,,,,,,,,,,,,,,,,,,,,,,,,,,,,,,,,,,,,,,,,73.0,,,32.0,32.0,201.0,37.0,37.0,,37.0,,44.0,,46.0,56.0,0.0,272.0,252.37997436523438,249.33999633789062,75.0,4.0,20.799999237060547,24.799999237060547
2021-01-30T09:58,2021-01-30T10:00,1,train,0,2021,1,9,1,2021-01-30T09:00,,,,,,,,,1,2021-01-30T09:00,-999.0,0.0,1.0,4.0,0.0,nan,1339.6881103515625,nan,85600.0,nan,11.573127746582031,236.8871307373047,252.62997436523438,255.4420623779297,256.6291198730469,260.3336181640625,5257.5458984375,2839.810791015625,1393.25244140625,153.27743530273438,253.00718688964844,68.5,196.674560546875,0.0,22100.0,0.0,0.00279999990016222,,,,,,,,,,,,,,,,,,,,,,,,,,,,,,,,,,,,,,,,,,,,,,,,,,,,,,,,,,,,,,,,,,,,,,,,,,,,,,,,,,,,,,,,,,,,66.0,,,0.0,0.0,16274.0,30.0,30.0,,30.0,,3.0,,3.0,3.0,0.0,158.0,250.0699920654297,246.33999633789062,72.0,1.0,14.0,15.600000381469727
2021-01-30T09:58,2021-01-30T10:00,24,train,0,2021,1,9,22,2021-01-29T12:00,,,,,,,,,24,2021-01-29T10:00,-999.0,0.0,1.0,100.0,0.0,nan,1339.499267578125,nan,85500.0,nan,9.71497631072998,237.64266967773438,253.39373779296875,254.37803649902344,255.41799926757812,259.14691162109375,5252.4501953125,2826.854736328125,1380.4700927734375,142.7778778076172,252.903564453125,69.5,288.0418395996094,0.0,23200.0,0.0,0.21699999272823334,,,,,,,,,,,,,,,,,,,,,,,,,,,,,,,,,,,,,,,,,,,,,,,,,,,,,,,,,,,,,,,,,,,,,,,,,,,,,,,,,,,,,,,,,,,,55.0,,,88888.0,1224.0,201.0,23.0,25.0,,30.0,,60.0,,60.0,60.0,0.0,160.0,249.8699951171875,246.16000366210938,69.0,2.0,13.199999809265137,14.399999618530273
2021-02-13T12:54,2021-02-13T13:00,1,train,0,2021,2,12,1,2021-02-13T12:00,,,,,,,,,1,2021-02-13T12:00,-999.0,0.0,0.0,69.0,100.0,nan,7326.3154296875,nan,38000.0,nan,9.061356544494629,249.5545654296875,259.2461853027344,260.70062255859375,260.2597961425781,263.26727294921875,5457.08984375,2931.9873046875,1458.0643310546875,199.1495361328125,258.87896728515625,39.29999923706055,145.69036865234375,0.0,51400.0,0.0,0.0,,,,,,,,,,,,,,,,,,,,,,,,,,,,,,,,,,,,,,,,,,,,,,,,,,,,,,,,,,,,,,,,,,,,,,,,,,,,,,,,,,,,,,,,,,,,49.0,,,88888.0,4808.0,16209.0,0.0,0.0,,0.0,,1.0,,1.0,3.0,0.0,114.0,253.23001098632812,245.52999877929688,50.0,0.0,10.800000190734863,11.399999618530273
2021-01-30T09:58,2021-01-30T10:00,48,train,0,2021,1,9,46,2021-01-28T12:00,,,,,,,,,36,2021-01-28T22:00,-999.0,0.0,17.0,1.0,0.0,nan,1339.3575439453125,nan,85400.0,nan,9.484366416931152,235.4780731201172,251.77371215820312,252.85494995117188,254.61972045898438,258.35394287109375,5215.869140625,2810.0908203125,1372.979248046875,141.00933837890625,250.6944580078125,71.4000015258789,234.51832580566406,0.0,18400.0,0.0,2.75,,,,,,,,,,,,,,,,,,,,,,,,,,,,,,,,,,,,,,,,,,,,,,,,,,,,,,,,,,,,,,,,,,,,,,,,,,,,,,,,,,,,,,,,,,,,53.0,,,88888.0,760.0,201.0,25.0,25.0,,27.0,,64.0,,64.0,64.0,0.0,131.0,250.27999877929688,245.95999145507812,68.0,1.0,13.199999809265137,14.0
2021-02-13T12:54,2021-02-13T13:00,24,train,0,2021,2,12,25,2021-02-12T12:00,,,,,,,,,24,2021-02-12T13:00,-999.0,0.0,0.0,100.0,100.0,9000.51171875,6793.62890625,nan,41000.0,10844.1142578125,9.384881973266602,248.85391235351562,257.49371337890625,259.9410400390625,259.9288024902344,263.1122741699219,5441.12109375,2924.63623046875,1457.483154296875,202.40040588378906,258.68695068359375,36.599998474121094,174.5444793701172,0.0,54800.0,0.0,0.0,,,,,,,,,,,,,,,,,,,,,,,,,,,,,,,,,,,,,,,,,,,,,,,,,,,,,,,,,,,,,,,,,,,,,,,,,,,,,,,,,,,,,,,,,,,,41.0,,,88886.0,5320.0,256.0,15.0,16.0,,18.0,,44.0,,44.0,48.0,0.0,126.0,253.1599884033203,246.4600067138672,54.0,0.0,11.199999809265137,12.199999809265137
2021-02-13T12:54,2021-02-13T13:00,48,train,0,2021,2,12,43,2021-02-11T18:00,,,,,,,,,36,2021-02-12T01:00,-999.0,0.0,0.0,51.0,78.0,nan,6684.25,nan,42000.0,nan,8.515230178833008,247.4228973388672,257.8754577636719,258.1579895019531,257.94244384765625,261.2940368652344,5421.5546875,2916.050537109375,1451.868896484375,202.28265380859375,256.0938720703125,40.20000076293945,145.74295043945312,0.0,50300.0,0.0,0.10999999940395355,,,,,,,,,,,,,,,,,,,,,,,,,,,,,,,,,,,,,,,,,,,,,,,,,,,,,,,,,,,,,,,,,,,,,,,,,,,,,,,,,,,,,,,,,,,,61.0,,,30.0,32.0,256.0,12.0,12.0,,17.0,,59.0,,59.0,63.0,0.0,136.0,251.8199920654297,246.239990234375,61.0,0.0,11.199999809265137,12.5
2021-03-02T12:51,2021-03-02T13:00,1,train,0,2021,3,12,1,2021-03-02T12:00,,,,,,,,,1,2021-03-02T12:00,-999.0,100.0,100.0,0.0,0.0,1338.9774169921875,1338.845458984375,81700.0,84100.0,1976.100830078125,20.111286163330078,238.02627563476562,248.23313903808594,246.58839416503906,250.5802001953125,254.44921875,5069.5576171875,2678.578369140625,1270.3262939453125,59.34089660644531,244.89382934570312,75.5,368.1546325683594,0.0,400.0,0.0,0.0560000017285347,,,,,,,,,,,,,,,,,,,,,,,,,,,,,,,,,,,,,,,,,,,,,,,,,,,,,,,,,,,,,,,,,,,,,,,,,,,,,,,,,,,,,,,,,,,,86.0,,,0.0,0.0,209.0,71.0,72.0,,80.0,,70.0,,75.0,79.0,1.0,586.0,244.10000610351562,241.760009765625,81.0,5.0,24.399999618530273,29.299999237060547
2021-03-02T12:51,2021-03-02T13:00,24,train,0,2021,3,12,25,2021-03-01T12:00,,,,,,,,,24,2021-03-01T13:00,-999.0,100.0,100.0,0.0,0.0,1338.738525390625,1338.5423583984375,78500.0,84000.0,1984.93212890625,21.342262268066406,237.55474853515625,249.236328125,246.6947479248047,249.3459014892578,253.11557006835938,5064.92822265625,2667.81884765625,1253.209228515625,39.983856201171875,243.55029296875,74.4000015258789,332.4414367675781,0.0,300.0,0.0,14.970999717712402,,,,,,,,,,,,,,,,,,,,,,,,,,,,,,,,,,,,,,,,,,,,,,,,,,,,,,,,,,,,,,,,,,,,,,,,,,,,,,,,,,,,,,,,,,,,83.0,,,0.0,0.0,256.0,81.0,84.0,,84.0,,48.0,,51.0,59.0,1.0,574.0,244.3300018310547,242.48001098632812,82.0,5.0,23.600000381469727,29.700000762939453
2021-03-02T12:51,2021-03-02T13:00,48,train,0,2021,3,12,43,2021-02-28T18:00,,,,,,,,,36,2021-03-01T01:00,-999.0,100.0,100.0,0.0,0.0,1338.8135986328125,1338.6844482421875,81900.0,84300.0,1957.502685546875,18.103137969970703,237.8465118408203,248.48056030273438,245.875732421875,249.2734832763672,253.157470703125,5097.85400390625,2693.9990234375,1285.247802734375,72.31906127929688,243.8358917236328,74.69999694824219,375.546630859375,0.0,300.0,0.0,13.390000343322754,,,,,,,,,,,,,,,,,,,,,,,,,,,,,,,,,,,,,,,,,,,,,,,,,,,,,,,,,,,,,,,,,,,,,,,,,,,,,,,,,,,,,,,,,,,,73.0,,,32.0,32.0,256.0,55.0,57.0,,57.0,,52.0,,55.0,64.0,1.0,588.0,247.10000610351562,243.25997924804688,70.0,7.0,20.799999237060547,26.799999237060547
2021-04-13T10:55,2021-04-13T11:00,1,train,0,2021,4,10,1,2021-04-13T10:00,5,2021-04-13T06:00,,,,,,,1,2021-04-13T10:00,-999.0,100.0,100.0,0.0,0.0,1343.05615234375,1343.056396484375,85100.0,86400.0,1576.448486328125,4.0890655517578125,251.87750244140625,268.55889892578125,274.9853820800781,277.631103515625,281.7633361816406,5586.216796875,3017.94873046875,1468.92236328125,136.25662231445312,273.8623046875,100.0,333.2499694824219,1450.47998046875,100.0,0.0,0.0,20000.08203125,2.0,0.0,0.0,25.799999237060547,24135.08984375,0.0,0.0,251.63482666015625,269.0762939453125,273.7166748046875,275.17694091796875,279.1795959472656,5582.3564453125,3011.3046875,1466.9188232421875,784.20556640625,150.14321899414062,274.9117126464844,93.69999694824219,92.30000305175781,72.2765884399414,1559.0400390625,,,,,,,,,,,,,,,,,,,,,,,,,,,,,,,,,,,,,,,,,,,,,,,,,,,,,,,,,,,,,,,,,,,,,52.0,,,88888.0,224.0,256.0,77.0,95.0,,97.0,,78.0,,78.0,79.0,0.0,210.0,271.3500061035156,270.52996826171875,95.0,1.0,9.600000381469727,10.0
2021-04-13T10:55,2021-04-13T11:00,24,train,0,2021,4,10,23,2021-04-12T12:00,23,2021-04-12T12:00,,,,,,,24,2021-04-12T11:00,-999.0,100.0,100.0,0.0,0.0,1342.8438720703125,1342.8453369140625,82400.0,86300.0,1888.41943359375,3.348792791366577,251.39105224609375,268.8350830078125,273.5979919433594,276.4387512207031,280.60986328125,5575.96875,3008.08642578125,1461.7615966796875,132.63792419433594,272.84271240234375,99.80000305175781,328.80908203125,1261.0400390625,0.0,0.0,0.75,15719.943359375,37.20000076293945,0.0,0.0,50.099998474121094,19203.37109375,0.0,0.0,251.8206787109375,269.2739562988281,273.4076232910156,274.8988037109375,278.94989013671875,5575.9013671875,3003.30615234375,1460.1915283203125,778.0443115234375,144.4981231689453,274.7135925292969,96.0,95.30000305175781,91.46102905273438,1512.3199462890625,,,,,,,,,,,,,,,,,,,,,,,,,,,,,,,,,,,,,,,,,,,,,,,,,,,,,,,,,,,,,,,,,,,,,76.0,,,0.0,0.0,256.0,100.0,100.0,,100.0,,82.0,,87.0,87.0,0.0,206.0,271.510009765625,270.3699951171875,93.0,4.0,10.0,10.399999618530273
2021-04-13T10:55,2021-04-13T11:00,48,train,0,2021,4,10,47,2021-04-11T12:00,47,2021-04-11T12:00,,,,,,,36,2021-04-11T23:00,-999.0,100.0,100.0,0.0,0.0,1342.683837890625,1342.69970703125,82400.0,86400.0,1885.7645263671875,3.6395950317382812,251.94754028320312,268.8118591308594,273.00848388671875,275.2902526855469,279.4278259277344,5575.1220703125,3006.69873046875,1462.507080078125,136.96884155273438,271.7630310058594,99.4000015258789,331.7117614746094,1094.719970703125,0.0,0.0,0.75,5194.45361328125,50.29999923706055,0.0,0.0,95.5999984741211,24134.791015625,0.0,0.125,252.1859130859375,269.3250427246094,273.2032470703125,275.7432556152344,279.8804931640625,5567.21240234375,2992.292724609375,1451.3773193359375,769.0308227539062,133.2833709716797,275.6477966308594,95.5999984741211,95.4000015258789,97.532470703125,1460.0,,,,,,,,,,,,,,,,,,,,,,,,,,,,,,,,,,,,,,,,,,,,,,,,,,,,,,,,,,,,,,,,,,,,,79.0,,,32.0,32.0,256.0,60.0,63.0,,67.0,,62.0,,67.0,67.0,0.0,257.0,271.32000732421875,270.41998291015625,94.0,6.0,10.800000190734863,11.699999809265137
2021-07-08T03:52,2021-07-08T04:00,1,train,1,2021,7,3,1,2021-07-08T03:00,4,2021-07-08T00:00,,,1,2021-07-08T03:00,,,1,2021-07-08T03:00,-999.0,0.0,0.0,0.0,0.0,nan,nan,nan,nan,nan,4.451470375061035,263.86297607421875,278.3857116699219,285.76287841796875,288.07000732421875,292.00518798828125,5796.03515625,3123.0283203125,1512.064453125,128.10174560546875,285.0511169433594,72.9000015258789,105.16175842285156,4078.719970703125,21700.0,0.0,0.0,20000.03125,12.5,5.0,5.199999809265137,11.5,24135.08203125,0.0,0.0,263.7201843261719,278.2120666503906,285.1246032714844,285.834716796875,289.76239013671875,5802.03271484375,3128.5302734375,1519.181884765625,806.1981201171875,147.78668212890625,284.66937255859375,95.5999984741211,89.0999984741211,10.982471466064453,4080.0,,,,,,,,,,,,,,,,,,,,,,,nan,10.0,0.0,0.0,0.0,15200.0,263.9697265625,278.4842834472656,285.2024841308594,287.2423095703125,290.68023681640625,5798.5087890625,3122.595703125,1512.8284912109375,801.1038818359375,132.03164672851562,284.7099609375,85.0,70.59506225585938,105.37604522705078,4140.0,0.0,0.0,,,,,,,,,,,,,,,,,,,,,,,,60.0,,,0.0,0.0,402.0,75.0,75.0,,76.0,,21.0,,21.0,21.0,0.0,98.0,279.8999938964844,279.5699768066406,98.0,2.0,7.599999904632568,8.399999618530273
2021-07-08T03:52,2021-07-08T04:00,24,train,1,2021,7,3,22,2021-07-07T06:00,22,2021-07-07T06:00,,,25,2021-07-07T03:00,,,24,2021-07-07T04:00,-999.0,0.0,0.0,0.0,42.0,nan,3662.916259765625,nan,21300.0,nan,5.435835361480713,262.9886474609375,277.9374084472656,285.4802551269531,287.8352966308594,291.9344787597656,5798.0009765625,3132.32275390625,1523.81298828125,141.08815002441406,284.75860595703125,76.9000015258789,121.98600769042969,4018.04150390625,19500.0,0.0,0.10000000149011612,1382.85595703125,100.0,0.0,100.0,28.899999618530273,24135.21875,0.0,0.125,264.77093505859375,277.9562683105469,284.5950927734375,286.9562683105469,291.1599426269531,5799.5400390625,3125.08642578125,1515.2154541015625,803.7337036132812,143.28890991210938,286.6647033691406,90.9000015258789,87.30000305175781,18.071287155151367,3965.280029296875,,,,,,,,,,,,,,,,,,,,,,,8793.9873046875,79.0,64.0,100.0,0.0,17000.0,263.7159118652344,278.12353515625,285.46612548828125,287.5762634277344,291.85064697265625,5800.8271484375,3131.837890625,1521.1392822265625,809.1454467773438,139.5318603515625,286.9784851074219,83.01820373535156,71.92250061035156,254.9839630126953,3970.0,0.0,0.625,,,,,,,,,,,,,,,,,,,,,,,,88.0,,,30.0,32.0,256.0,87.0,90.0,,91.0,,56.0,,57.0,57.0,3.0,94.0,280.2699890136719,279.30999755859375,95.0,9.0,7.599999904632568,8.600000381469727
2021-07-08T03:52,2021-07-08T04:00,48,train,1,2021,7,3,46,2021-07-06T06:00,46,2021-07-06T06:00,,,49,2021-07-06T03:00,,,36,2021-07-06T16:00,-999.0,0.0,17.0,0.0,2.0,12360.08203125,1862.912353515625,nan,81600.0,13035.470703125,3.365562915802002,263.3628845214844,277.71844482421875,285.95916748046875,290.129638671875,294.2566223144531,5791.97021484375,3124.503173828125,1515.53369140625,127.1988754272461,285.9096984863281,83.69999694824219,203.77493286132812,3971.997314453125,16400.0,0.0,1.0,825.9666748046875,100.0,25.299999237060547,100.0,38.900001525878906,5994.5830078125,0.0,0.0,264.49102783203125,278.4677734375,284.63958740234375,286.1702880859375,290.4464416503906,5800.05419921875,3122.7041015625,1513.6871337890625,803.1847534179688,143.69581604003906,286.3023376464844,94.69999694824219,95.0,69.08796691894531,3970.39990234375,,,,,,,,,,,,,,,,,,,,,,,nan,1.0,55.0,90.0,0.0,17600.0,263.10833740234375,277.62359619140625,285.6140441894531,287.4344177246094,291.4910583496094,5795.08203125,3124.22607421875,1517.760986328125,805.3726196289062,136.70553588867188,285.891845703125,81.49161529541016,70.4600601196289,146.1282196044922,4040.0,0.0,3.125,,,,,,,,,,,,,,,,,,,,,,,,72.0,,,0.0,0.0,256.0,91.0,91.0,,91.0,,59.0,,59.0,59.0,4.0,114.0,280.70001220703125,279.3699951171875,94.0,5.0,7.599999904632568,8.899999618530273
2021-08-16T01:53,2021-08-16T02:00,1,train,0,2021,8,1,1,2021-08-16T01:00,2,2021-08-16T00:00,,,1,2021-08-16T01:00,,,1,2021-08-16T01:00,-999.0,0.0,0.0,0.0,0.0,nan,nan,nan,nan,nan,5.799928188323975,264.57501220703125,279.7930908203125,284.68121337890625,286.971923828125,291.0814208984375,5862.1240234375,3172.75439453125,1563.485595703125,181.80584716796875,282.0892028808594,56.0,133.24253845214844,4669.810546875,33400.0,0.0,0.0,19999.837890625,0.0,0.0,0.0,0.0,24135.318359375,0.0,0.0,264.57586669921875,279.8482360839844,283.8182373046875,285.52252197265625,287.37518310546875,5863.40673828125,3172.5771484375,1563.0909423828125,856.7367553710938,202.84812927246094,282.61846923828125,76.80000305175781,60.900001525878906,30.241666793823242,4630.8798828125,,,,,,,,,,,,,,,,,,,,,,,nan,0.0,0.0,0.0,0.0,26900.0,264.5190734863281,280.0368957519531,283.67572021484375,286.41741943359375,290.5951232910156,5859.11376953125,3171.193115234375,1561.709228515625,855.8662719726562,186.9080352783203,284.60284423828125,66.0,57.48854446411133,410.3607177734375,4571.82861328125,0.0,0.0,,,,,,,,,,,,,,,,,,,,,,,,10.0,,,88886.0,656.0,16274.0,0.0,0.0,,0.0,,7.0,,7.0,7.0,0.0,126.0,278.010009765625,275.52996826171875,85.0,2.0,7.199999809265137,8.0
2021-08-16T01:53,2021-08-16T02:00,24,train,0,2021,8,1,26,2021-08-15T00:00,26,2021-08-15T00:00,,,23,2021-08-15T03:00,,,24,2021-08-15T02:00,-999.0,0.0,0.0,0.0,0.0,nan,nan,nan,nan,nan,5.538544654846191,263.4479064941406,279.74188232421875,283.94110107421875,288.39202880859375,292.5976257324219,5854.400390625,3173.70458984375,1569.218505859375,184.9194793701172,282.656982421875,51.900001525878906,167.82640075683594,4383.56396484375,37200.0,0.0,0.0,19989.21875,0.0,0.0,100.0,0.0,24134.8671875,0.0,0.0,264.4577941894531,280.2055969238281,284.27557373046875,286.5286560058594,288.57855224609375,5861.708984375,3175.31689453125,1564.3720703125,855.7763671875,199.4315185546875,283.9015197753906,77.0999984741211,61.599998474121094,36.00824737548828,4427.2001953125,,,,,,,,,,,,,,,,,,,,,,,nan,0.0,0.0,0.0,0.0,28500.0,263.8063049316406,279.6003112792969,282.7417297363281,286.94757080078125,291.4094543457031,5854.6640625,3173.01220703125,1569.052001953125,863.190185546875,193.8558349609375,285.1105651855469,63.16041564941406,57.69384765625,490.0677490234375,4391.76220703125,0.0,0.0,,,,,,,,,,,,,,,,,,,,,,,,14.0,,,88888.0,656.0,256.0,14.0,14.0,,14.0,,49.0,,49.0,49.0,0.0,121.0,278.17999267578125,275.6099853515625,85.0,1.0,6.800000190734863,7.699999809265137
2021-08-16T01:53,2021-08-16T02:00,48,train,0,2021,8,1,44,2021-08-14T06:00,50,2021-08-14T00:00,,,47,2021-08-14T03:00,,,36,2021-08-14T14:00,-999.0,0.0,0.0,0.0,100.0,9707.1435546875,1469.56103515625,nan,29600.0,10953.1875,6.017367362976074,264.11419677734375,279.55865478515625,284.37518310546875,288.4737548828125,292.583251953125,5856.3251953125,3175.812255859375,1571.010009765625,186.45034790039062,282.7138366699219,46.099998474121094,136.79879760742188,4403.1982421875,43600.0,0.0,8.260000228881836,15725.7470703125,0.0,0.0,100.0,0.0,24134.755859375,0.0,0.0,264.98065185546875,279.583251953125,284.1395263671875,287.1072692871094,289.0715026855469,5865.087890625,3173.018798828125,1567.0845947265625,857.6525268554688,200.48703002929688,284.3626708984375,76.0,61.20000076293945,29.327293395996094,4646.240234375,,,,,,,,,,,,,,,,,,,,,,,9276.8935546875,0.0,0.0,98.0,0.0,26300.0,264.3181457519531,279.6123962402344,282.9963684082031,285.67620849609375,290.19189453125,5854.82275390625,3172.803466796875,1568.07080078125,863.90869140625,196.31858825683594,284.3426208496094,66.08673095703125,63.090911865234375,334.81793212890625,4387.07080078125,0.0,7.25,,,,,,,,,,,,,,,,,,,,,,,,29.0,,,88888.0,3528.0,384.0,33.0,33.0,,33.0,,44.0,,44.0,44.0,0.0,127.0,277.79998779296875,276.2599792480469,89.0,3.0,7.599999904632568,8.899999618530273
2021-09-06T08:57,2021-09-06T09:00,1,train,0,2021,9,8,1,2021-09-06T08:00,3,2021-09-06T06:00,,,1,2021-09-06T08:00,,,1,2021-09-06T08:00,-999.0,0.0,0.0,0.0,0.0,nan,1344.9879150390625,nan,86000.0,nan,5.7872233390808105,260.70263671875,276.3396301269531,284.7211608886719,288.74566650390625,292.9502258300781,5682.11767578125,3035.79541015625,1438.256591796875,55.8747673034668,283.38458251953125,79.5,134.89051818847656,3587.5283203125,18200.0,0.0,0.0,20000.072265625,2.9000000953674316,0.0,0.0,61.70000076293945,24135.34375,3.999999989900971e-06,0.1875,261.0054931640625,275.4198913574219,283.9371032714844,286.93182373046875,291.22723388671875,5677.07568359375,3026.548828125,1431.8878173828125,720.021728515625,59.50159454345703,285.5484313964844,97.4000015258789,93.80000305175781,11.589361190795898,3638.239990234375,,,,,,,,,,,,,,,,,,,,,,,797.0863647460938,100.0,21.0,0.0,100.0,200.0,260.1791076660156,276.24908447265625,283.8659973144531,287.4873046875,291.61407470703125,5672.66796875,3028.12744140625,1430.760986328125,720.2111206054688,52.664058685302734,286.77490234375,97.7956314086914,98.2677230834961,428.4961853027344,3593.407958984375,0.0,0.0625,,,,,,,,,,,,,,,,,,,,,,,,69.0,,,0.0,0.0,209.0,92.0,100.0,,100.0,,81.0,,81.0,81.0,21.0,172.0,281.54998779296875,281.6300048828125,100.0,4.0,8.800000190734863,10.100000381469727
2021-09-06T08:57,2021-09-06T09:00,24,train,0,2021,9,8,21,2021-09-05T12:00,21,2021-09-05T12:00,,,24,2021-09-05T09:00,,,24,2021-09-05T09:00,-999.0,0.0,34.0,0.0,0.0,nan,1344.49365234375,nan,85900.0,nan,5.164250373840332,261.03973388671875,276.9571838378906,283.67767333984375,288.0149841308594,292.2261657714844,5676.41650390625,3025.2490234375,1429.620849609375,48.72220230102539,283.1473693847656,91.69999694824219,273.993896484375,3818.49755859375,12900.0,0.0,3.880000114440918,20000.119140625,2.200000047683716,0.0,0.0,25.299999237060547,20449.337890625,0.0,0.125,261.0385437011719,275.39178466796875,284.3064880371094,286.3886413574219,290.6734313964844,5678.20849609375,3026.46826171875,1433.3353271484375,721.0113525390625,61.22071838378906,285.08978271484375,97.19999694824219,93.5999984741211,17.54608917236328,3710.719970703125,,,,,,,,,,,,,,,,,,,,,,,nan,43.0,0.0,0.0,43.0,12400.0,260.7244873046875,276.1558837890625,283.6255187988281,286.9242858886719,291.14129638671875,5668.3955078125,3023.7353515625,1430.158203125,721.3551635742188,54.60392761230469,285.53485107421875,92.68949890136719,89.37028503417969,303.2897033691406,3608.0380859375,0.0,4.1875,,,,,,,,,,,,,,,,,,,,,,,,72.0,,,0.0,0.0,256.0,100.0,100.0,,100.0,,76.0,,88.0,100.0,12.0,213.0,281.2099914550781,281.3399963378906,100.0,10.0,9.199999809265137,10.399999618530273
2021-09-06T08:57,2021-09-06T09:00,48,train,0,2021,9,8,45,2021-09-04T12:00,45,2021-09-04T12:00,,,48,2021-09-04T09:00,,,45,2021-09-04T12:00,-999.0,0.0,42.0,0.0,0.0,nan,1344.517822265625,nan,85900.0,nan,5.2939863204956055,261.0571594238281,275.9292297363281,283.8114013671875,288.0263366699219,292.24688720703125,5679.24462890625,3032.015625,1435.5213623046875,56.66309356689453,283.72564697265625,93.4000015258789,271.2888488769531,3593.9853515625,12500.0,0.0,25.559999465942383,5582.19921875,50.5,0.0,5.0,97.0,3049.078369140625,8.000000093488779e-07,0.0,261.55303955078125,274.771240234375,283.3021545410156,286.7440185546875,291.05401611328125,5677.89013671875,3031.4453125,1436.7357177734375,726.0506591796875,65.67215728759766,286.1000061035156,98.5,97.0999984741211,44.487457275390625,3269.280029296875,,,,,,,,,,,,,,,,,,,,,,,1051.343017578125,87.0,37.0,98.0,77.0,12200.0,260.7073974609375,275.4514465332031,283.94287109375,287.4783935546875,291.79278564453125,5677.63232421875,3031.64599609375,1436.5513916015625,726.6038818359375,59.79985046386719,286.96527099609375,95.47412109375,92.68315887451172,457.14208984375,3480.3408203125,0.0,15.5625,,,,,,,,,,,,,,,,,,,,,,,,82.0,,,8.0,8.0,128.0,94.0,95.0,,96.0,,62.0,,66.0,68.0,31.0,175.0,281.78997802734375,281.739990234375,100.0,1.2699999809265137,8.800000190734863,9.699999809265137
2021-09-23T02:51,2021-09-23T03:00,1,train,0,2021,9,2,1,2021-09-23T02:00,3,2021-09-23T00:00,3,2021-09-23T00:00,1,2021-09-23T02:00,,,1,2021-09-23T02:00,-999.0,100.0,100.0,0.0,5.0,1345.16796875,1345.11279296875,84500.0,87000.0,1743.6446533203125,9.425968170166016,264.91363525390625,281.42236328125,286.80841064453125,289.66253662109375,293.83270263671875,5852.69970703125,3162.13330078125,1540.3873291015625,146.1614990234375,286.72760009765625,98.69999694824219,331.4794921875,4581.7333984375,0.0,0.0,0.05900000035762787,785.7540893554688,100.0,91.69999694824219,97.4000015258789,96.5999984741211,53.35175323486328,5.120000059832819e-05,1.0625,265.00799560546875,280.5140380859375,286.2715759277344,288.2801513671875,292.4071350097656,5851.7841796875,3159.972900390625,1544.4476318359375,827.9794311523438,165.07843017578125,288.3581848144531,99.5999984741211,99.0999984741211,631.6599731445312,4526.72021484375,1197.626220703125,59.0,3.0,1.0,300.0,265.29998779296875,279.8999938964844,287.20001220703125,290.0,294.29998779296875,5861.8642578125,3169.15283203125,1548.221923828125,830.2809448242188,161.08541870117188,287.530029296875,100.0,100.0,449.0400085449219,4639.44677734375,0.003000000026077032,17.125,1031.3349609375,69.0,3.0,85.0,44.0,10400.0,264.80059814453125,280.4962158203125,286.6883544921875,290.00823974609375,293.7935485839844,5853.1171875,3163.99658203125,1546.441162109375,827.9900512695312,153.0797119140625,289.3694152832031,92.07266998291016,93.98445892333984,362.414794921875,4531.72509765625,0.0,0.0,,,,,,,,,,,,,,,,,,,,,,,,89.0,,,0.0,0.0,209.0,100.0,100.0,,100.0,,96.0,,96.0,96.0,10.0,285.0,283.9599914550781,283.65997314453125,100.0,19.0,12.800000190734863,15.399999618530273
2021-09-23T02:51,2021-09-23T03:00,24,train,0,2021,9,2,21,2021-09-22T06:00,21,2021-09-22T06:00,21,2021-09-22T06:00,24,2021-09-22T03:00,,,24,2021-09-22T03:00,-999.0,100.0,100.0,0.0,100.0,1345.216552734375,1345.0533447265625,22300.0,87100.0,10406.017578125,8.979474067687988,264.6803894042969,279.7705078125,285.87481689453125,289.6323547363281,293.9024658203125,5846.92919921875,3163.2568359375,1548.3555908203125,157.64414978027344,286.5979309082031,99.0999984741211,412.2328186035156,4443.30224609375,0.0,0.0,6.349999904632568,785.7783203125,100.0,80.69999694824219,100.0,100.0,46.1278076171875,0.0,0.125,265.68670654296875,279.06884765625,285.3943176269531,288.0606384277344,292.2138366699219,5847.3896484375,3160.784912109375,1546.83740234375,832.4439697265625,169.8185272216797,288.17449951171875,99.80000305175781,99.5,381.9117736816406,4438.240234375,1197.2591552734375,63.0,19.0,26.0,0.0,265.1000061035156,280.79998779296875,285.79998779296875,289.20001220703125,293.5,5855.63671875,3164.521484375,1548.5479736328125,833.2282104492188,166.20565795898438,286.7799987792969,99.9000015258789,100.0,549.4400024414062,4488.92724609375,0.0,2.4375,7231.32470703125,38.0,17.0,100.0,37.0,11100.0,264.55963134765625,278.89398193359375,286.21221923828125,289.593505859375,293.6571350097656,5843.10888671875,3160.283447265625,1548.541748046875,832.2908935546875,159.63876342773438,288.80596923828125,89.229248046875,92.44043731689453,377.1980895996094,4440.0,0.0,0.6875,,,,,,,,,,,,,,,,,,,,,,,,88.0,,,0.0,0.0,0.0,84.0,88.0,,90.0,,67.0,,71.0,75.0,6.0,264.0,282.8399963378906,282.6000061035156,100.0,10.0,12.399999618530273,14.5
2021-09-23T02:51,2021-09-23T03:00,48,train,0,2021,9,2,45,2021-09-21T06:00,45,2021-09-21T06:00,45,2021-09-21T06:00,48,2021-09-21T03:00,,,45,2021-09-21T06:00,-999.0,100.0,100.0,0.0,100.0,1345.035400390625,1344.963623046875,28500.0,87200.0,10384.05078125,8.065938949584961,264.4811706542969,279.5099182128906,285.109619140625,289.04644775390625,293.1696472167969,5852.5048828125,3169.035888671875,1558.1387939453125,169.64483642578125,286.0031433105469,99.0,411.2728271484375,4501.52978515625,0.0,0.0,6.71999979019165,785.6543579101562,100.0,0.0,100.0,100.0,45.171592712402344,3.2000000373955118e-06,0.0,265.9848327636719,279.9298095703125,283.7798156738281,287.0752868652344,291.2674560546875,5848.17333984375,3147.3154296875,1536.7650146484375,825.2467041015625,164.22474670410156,287.2548828125,99.80000305175781,99.5999984741211,543.1400146484375,4807.83984375,1197.1417236328125,63.0,17.0,17.0,100.0,265.1000061035156,280.6000061035156,285.29998779296875,285.70001220703125,290.0,5862.8447265625,3173.045166015625,1551.4686279296875,843.8687744140625,179.99928283691406,283.489990234375,99.80000305175781,100.0,185.44000244140625,4529.37646484375,0.0,0.25,4872.68701171875,62.0,0.0,100.0,54.0,9800.0,264.825927734375,278.9132080078125,285.29730224609375,288.92437744140625,292.8381042480469,5851.388671875,3168.47607421875,1558.1607666015625,843.458984375,172.17955017089844,288.59326171875,94.07574462890625,96.40660858154297,418.7900695800781,4387.43408203125,0.0,0.9375,,,,,,,,,,,,,,,,,,,,,,,,82.0,,,56.0,24.0,5376.0,89.0,89.0,,90.0,,61.0,,63.0,66.0,1.0,171.0,282.6199951171875,282.2599792480469,100.0,0.0,11.600000381469727,14.100000381469727
2021-10-08T07:56,2021-10-08T08:00,1,train,0,2021,10,7,1,2021-10-08T07:00,2,2021-10-08T06:00,2,2021-10-08T06:00,1,2021-10-08T07:00,,,1,2021-10-08T07:00,-999.0,0.0,0.0,0.0,0.0,nan,nan,nan,nan,nan,5.019176483154297,262.65447998046875,278.9207458496094,284.93438720703125,285.71136474609375,289.29901123046875,5813.185546875,3142.43798828125,1536.3232421875,160.04354858398438,279.9461975097656,48.900001525878906,124.38545227050781,4179.5830078125,40900.0,0.0,0.0,20000.173828125,0.0,0.0,5.0,0.0,24134.9375,0.0,0.0,262.656494140625,278.463134765625,284.0890197753906,283.66595458984375,286.22088623046875,5809.57958984375,3139.913818359375,1535.277099609375,828.0437622070312,177.2063751220703,281.29052734375,82.0,67.69999694824219,29.570873260498047,4182.240234375,20000.181640625,14.0,0.0,0.0,24100.0,262.20001220703125,278.79998779296875,284.0,285.20001220703125,289.3999938964844,5812.04541015625,3143.99951171875,1537.2977294921875,832.251708984375,177.67514038085938,282.3299865722656,89.5999984741211,91.0,224.0,4212.9599609375,0.0,0.0,nan,68.0,0.0,0.0,68.0,10500.0,262.2327880859375,278.62432861328125,283.4396057128906,285.01214599609375,286.854736328125,5809.224609375,3141.46240234375,1539.9888916015625,833.9037475585938,169.61709594726562,279.9470520019531,83.16741180419922,72.45901489257812,135.706298828125,4150.0,0.0,0.0,,,,,,,,,,,,,,,,,,,,,,,,27.0,,,88888.0,5752.0,16209.0,8.0,8.0,,8.0,,5.0,,6.0,12.0,0.0,104.0,276.84002685546875,274.5199890136719,84.0,1.0,7.599999904632568,8.0
2021-10-08T07:56,2021-10-08T08:00,24,train,0,2021,10,7,26,2021-10-07T06:00,26,2021-10-07T06:00,26,2021-10-07T06:00,23,2021-10-07T09:00,,,24,2021-10-07T08:00,-999.0,0.0,0.0,0.0,0.0,nan,nan,nan,nan,nan,4.41003942489624,261.6932373046875,277.9844055175781,283.82110595703125,285.47674560546875,289.3630065917969,5811.90380859375,3152.06640625,1550.3060302734375,177.0693817138672,280.363037109375,48.5,109.8721923828125,4003.435791015625,41300.0,0.0,0.0,20000.1875,0.0,0.0,5.0,0.0,24135.087890625,0.0,0.0,263.3144226074219,278.1530456542969,283.1265563964844,283.7524719238281,286.38861083984375,5811.28076171875,3140.29052734375,1537.55029296875,831.474853515625,180.02581787109375,281.5440979003906,88.19999694824219,75.0999984741211,29.454593658447266,4191.2001953125,19999.8203125,43.0,0.0,0.0,24100.0,262.5,278.6000061035156,286.3999938964844,283.79998779296875,288.0,5815.59765625,3145.9111328125,1538.0093994140625,832.9671630859375,178.21014404296875,280.94000244140625,91.5999984741211,90.0,184.39999389648438,4227.83984375,0.0,0.3125,nan,14.0,0.0,0.0,14.0,14400.0,261.5233154296875,278.1190185546875,284.1167907714844,284.7262878417969,287.52197265625,5814.67626953125,3150.87451171875,1546.3787841796875,840.2118530273438,176.07762145996094,281.26171875,81.2864990234375,75.77983093261719,154.99566650390625,4100.173828125,0.0,0.0,,,,,,,,,,,,,,,,,,,,,,,,27.0,,,88888.0,656.0,256.0,2.0,2.0,,2.0,,43.0,,43.0,43.0,0.0,110.0,277.07000732421875,275.1399841308594,87.0,3.0,8.399999618530273,9.199999809265137
2021-10-08T07:56,2021-10-08T08:00,48,train,0,2021,10,7,44,2021-10-06T12:00,50,2021-10-06T06:00,50,2021-10-06T06:00,47,2021-10-06T09:00,,,36,2021-10-06T20:00,-999.0,0.0,0.0,0.0,0.0,nan,nan,nan,nan,nan,4.0050225257873535,262.01263427734375,278.1631774902344,283.6384582519531,285.39361572265625,289.29925537109375,5808.7705078125,3146.29443359375,1543.9638671875,170.81222534179688,279.7568359375,50.400001525878906,71.1533432006836,4049.35888671875,39400.0,0.0,0.0,19999.921875,0.0,0.0,5.0,0.0,24135.248046875,0.0,0.0,262.9058837890625,277.8809814453125,283.5409851074219,283.6355895996094,286.1009826660156,5812.18798828125,3142.453857421875,1540.6654052734375,834.4464721679688,183.6748809814453,281.2960510253906,88.5999984741211,74.0999984741211,32.03878402709961,4202.72021484375,20000.12109375,38.0,0.0,0.0,24100.0,262.79998779296875,278.29998779296875,286.3999938964844,288.29998779296875,292.6000061035156,5814.30810546875,3144.6591796875,1536.7430419921875,826.2675170898438,181.3772735595703,281.5,56.5,25.0,72.08000183105469,4232.31982421875,0.0,0.0,788.8209838867188,77.0,0.0,0.0,77.0,6400.0,262.2666320800781,277.8676452636719,282.4134521484375,282.7098693847656,285.9408874511719,5812.208984375,3148.48193359375,1546.01123046875,845.314697265625,183.62660217285156,280.9283752441406,92.02816009521484,88.48641204833984,191.74635314941406,4060.0,0.0,0.0,,,,,,,,,,,,,,,,,,,,,,,,26.0,,,88888.0,88888.0,256.0,0.0,0.0,,0.0,,52.0,,52.0,52.0,0.0,96.0,277.71002197265625,273.95001220703125,77.0,1.0,8.0,8.399999618530273
2021-10-20T07:47,2021-10-20T08:00,1,train,0,2021,10,7,1,2021-10-20T07:00,2,2021-10-20T06:00,2,2021-10-20T06:00,1,2021-10-20T07:00,,,1,2021-10-20T07:00,-999.0,0.0,0.0,3.0,6.0,nan,7879.01171875,nan,36200.0,nan,11.986355781555176,254.7325897216797,270.44586181640625,275.86151123046875,278.8011169433594,282.88812255859375,5542.55712890625,2955.18408203125,1400.3212890625,61.10364532470703,273.5062255859375,75.5,318.70343017578125,2292.080078125,20300.0,0.0,0.0,4027.575439453125,5.0,100.0,100.0,5.5,24135.26953125,0.0,0.0,255.75460815429688,270.05950927734375,274.9641418457031,276.7041320800781,280.8488464355469,5533.7353515625,2942.89892578125,1394.1046142578125,707.341064453125,69.3706283569336,275.8436584472656,93.9000015258789,90.80000305175781,262.4990539550781,1763.8399658203125,19999.921875,30.0,26.0,5.0,24100.0,255.89999389648438,270.20001220703125,274.0,278.20001220703125,282.3999938964844,5534.78515625,2939.75927734375,1388.570556640625,703.55517578125,62.81656265258789,274.8699951171875,96.4000015258789,97.0,517.3599853515625,1886.4000244140625,0.0,1.375,6440.109375,0.0,67.0,62.0,0.0,14900.0,254.30206298828125,268.3057556152344,274.1092224121094,277.90203857421875,282.0692138671875,5528.9384765625,2953.17578125,1407.402587890625,723.7156982421875,76.98397827148438,275.4376220703125,83.96755981445312,78.11669158935547,418.10089111328125,1670.0,0.0,0.0,,,,,,,,,,,,,,,,,,,,,,,,74.0,,,0.0,0.0,256.0,60.0,60.0,,69.0,,69.0,,69.0,69.0,0.0,305.0,271.72998046875,270.3500061035156,89.0,2.0,14.399999618530273,17.299999237060547
2021-10-20T07:47,2021-10-20T08:00,24,train,0,2021,10,7,26,2021-10-19T06:00,26,2021-10-19T06:00,26,2021-10-19T06:00,23,2021-10-19T09:00,,,24,2021-10-19T08:00,-999.0,0.0,19.0,50.0,70.0,nan,1342.91259765625,nan,85600.0,nan,12.692586898803711,255.39797973632812,269.88427734375,275.11956787109375,278.20013427734375,282.26470947265625,5540.357421875,2949.369140625,1397.127685546875,61.040802001953125,273.5045471191406,94.30000305175781,314.3426818847656,2325.840087890625,12200.0,0.0,5.349999904632568,876.7212524414062,26.899999618530273,92.30000305175781,80.30000305175781,8.899999618530273,24135.193359375,0.0,0.0,254.19686889648438,268.8880310058594,274.2681579589844,276.1381530761719,280.2690124511719,5517.83935546875,2937.28271484375,1393.4659423828125,708.4683227539062,71.83159637451172,275.2935791015625,95.80000305175781,93.5,305.7720031738281,1550.8800048828125,20000.109375,20.0,28.0,0.0,24100.0,254.0,271.3999938964844,273.79998779296875,277.8999938964844,282.1000061035156,5530.76123046875,2943.416015625,1389.0762939453125,704.7698364257812,64.01300811767578,274.6300048828125,95.69999694824219,95.0,375.44000244140625,1582.8800048828125,0.0,2.25,828.0135498046875,100.0,32.0,0.0,100.0,3500.0,252.9630126953125,269.4652099609375,273.90765380859375,276.84210205078125,280.9310302734375,5524.11572265625,2946.617919921875,1397.8553466796875,714.3787841796875,67.31954956054688,276.056884765625,97.72940063476562,95.45690155029297,406.429443359375,1490.0,0.0,2.5625,,,,,,,,,,,,,,,,,,,,,,,,81.0,,,0.0,0.0,0.0,90.0,92.0,,95.0,,77.0,,84.0,85.0,2.0,322.0,272.5199890136719,271.1199951171875,92.0,5.0,14.0,17.399999618530273
2021-10-20T07:47,2021-10-20T08:00,48,train,0,2021,10,7,44,2021-10-18T12:00,50,2021-10-18T06:00,50,2021-10-18T06:00,47,2021-10-18T09:00,,,36,2021-10-18T20:00,-999.0,0.0,9.0,10.0,97.0,7857.884765625,1342.799072265625,nan,85600.0,8277.091796875,9.84754467010498,252.20416259765625,269.40576171875,274.94482421875,278.1002197265625,282.27825927734375,5517.8203125,2945.53564453125,1392.9796142578125,56.959869384765625,273.0991516113281,93.0999984741211,334.8349609375,1304.0,12700.0,0.0,11.529999732971191,1048.4952392578125,19.899999618530273,82.0999984741211,37.900001525878906,35.70000076293945,24134.9296875,0.0,0.0,252.7335205078125,270.2132873535156,275.1839294433594,277.8139343261719,282.0145568847656,5537.439453125,2961.079833984375,1406.868408203125,719.3697509765625,78.52050018310547,277.1676025390625,96.0,94.30000305175781,325.6581726074219,2166.080078125,20000.16015625,45.0,48.0,25.0,3200.0,253.60000610351562,271.5,278.29998779296875,281.1000061035156,285.29998779296875,5546.759765625,2966.108154296875,1401.6875,708.2545776367188,65.29891967773438,277.57000732421875,100.0,100.0,951.4400024414062,2655.0400390625,0.002300000051036477,11.25,806.6396484375,81.0,82.0,0.0,81.0,9500.0,252.33338928222656,269.3183288574219,274.7259826660156,277.2070617675781,281.41033935546875,5520.5068359375,2948.97021484375,1395.5872802734375,711.761962890625,64.89116668701172,276.39013671875,97.09642791748047,93.48320007324219,432.4197692871094,1880.0,0.0,5.75,,,,,,,,,,,,,,,,,,,,,,,,72.0,,,0.0,0.0,256.0,78.0,79.0,,81.0,,67.0,,67.0,67.0,0.0,297.0,272.8999938964844,271.4700012207031,89.0,11.0,13.199999809265137,16.5
2021-11-03T11:56,2021-11-03T12:00,1,train,0,2021,11,11,1,2021-11-03T11:00,6,2021-11-03T06:00,6,2021-11-03T06:00,1,2021-11-03T11:00,,,1,2021-11-03T11:00,-999.0,0.0,0.0,0.0,0.0,nan,7156.9150390625,nan,38800.0,nan,4.34670877456665,241.41592407226562,258.1075134277344,267.6378173828125,271.7829895019531,275.7424621582031,5425.6611328125,2963.5185546875,1468.6734619140625,173.8251190185547,267.1867370605469,69.69999694824219,249.9874267578125,393.760009765625,24000.0,0.0,0.0,6416.166015625,5.0,100.0,0.0,8.800000190734863,24135.046875,0.0,0.0,240.86001586914062,257.6151428222656,267.8017883300781,271.7646179199219,275.76385498046875,5422.1279296875,2962.8671875,1467.535888671875,798.0298461914062,172.2170867919922,271.762939453125,83.69999694824219,82.30000305175781,85.0081787109375,563.52001953125,19999.83984375,20.0,27.0,0.0,24100.0,241.3000030517578,258.1000061035156,268.20001220703125,271.20001220703125,275.20001220703125,5427.86865234375,2963.65478515625,1466.9918212890625,799.5389404296875,171.16912841796875,268.739990234375,94.30000305175781,88.0,173.75999450683594,503.0400085449219,0.0,0.0625,nan,31.0,76.0,0.0,19.0,17500.0,241.0846710205078,257.86669921875,267.4149169921875,271.7027587890625,274.97979736328125,5420.2216796875,2960.244873046875,1464.5556640625,796.6990966796875,170.6959686279297,269.6371154785156,79.16710662841797,83.10366821289062,248.5048828125,220.0,0.0,0.0,,,,,,,,,,,,,,,,,,,,,,,,47.0,,,88888.0,3728.0,16209.0,30.0,30.0,,30.0,,18.0,,20.0,24.0,0.0,118.0,265.45001220703125,263.77996826171875,86.0,0.0,7.199999809265137,7.199999809265137
2021-11-03T11:56,2021-11-03T12:00,24,train,0,2021,11,11,24,2021-11-02T12:00,24,2021-11-02T12:00,24,2021-11-02T12:00,21,2021-11-02T15:00,,,24,2021-11-02T12:00,-999.0,0.0,30.0,100.0,0.0,6089.5947265625,1342.054931640625,nan,86400.0,7430.67138671875,5.926849365234375,240.5092315673828,257.2925720214844,267.3365783691406,271.91290283203125,276.0356750488281,5411.3466796875,2959.86572265625,1467.3505859375,173.6034393310547,267.55523681640625,93.0999984741211,202.4571533203125,449.20001220703125,12200.0,0.0,0.7400000095367432,1585.6622314453125,5.0,100.0,0.0,6.900000095367432,24135.16796875,0.0,0.0,240.57025146484375,257.8282470703125,268.40594482421875,272.2826232910156,276.2861633300781,5419.0400390625,2961.3447265625,1463.420654296875,792.3244018554688,165.28759765625,272.21014404296875,82.19999694824219,80.19999694824219,63.46323013305664,632.9600219726562,1196.1893310546875,33.0,87.0,0.0,0.0,240.5,258.20001220703125,269.0,271.29998779296875,275.3999938964844,5413.86865234375,2954.59130859375,1456.3209228515625,788.5956420898438,160.60882568359375,269.57000732421875,97.5,100.0,460.7200012207031,629.5999755859375,0.00019999999494757503,1.1875,2049.15185546875,77.0,100.0,0.0,77.0,4000.0,240.74716186523438,257.218505859375,268.232177734375,272.075927734375,276.0890808105469,5418.9912109375,2961.834716796875,1467.8414306640625,798.1783447265625,172.1948699951172,270.6999206542969,91.09733581542969,92.59259796142578,121.75492095947266,380.0,0.0,3.5,,,,,,,,,,,,,,,,,,,,,,,,55.0,,,88888.0,1824.0,0.0,41.0,44.0,,46.0,,69.0,,70.0,75.0,1.0,187.0,265.8899841308594,264.20001220703125,88.0,1.0,7.599999904632568,7.300000190734863
2021-11-03T11:56,2021-11-03T12:00,48,train,0,2021,11,11,48,2021-11-01T12:00,48,2021-11-01T12:00,48,2021-11-01T12:00,45,2021-11-01T15:00,,,48,2021-11-01T12:00,-999.0,0.0,25.0,100.0,0.0,5874.19580078125,1342.0577392578125,nan,86500.0,6906.1796875,3.5691707134246826,240.54559326171875,256.6630859375,267.42974853515625,272.01483154296875,276.1495666503906,5410.93896484375,2963.5205078125,1472.776123046875,179.3805389404297,267.1607666015625,77.19999694824219,178.2368927001953,387.0400085449219,19400.0,0.0,1.75,1556.8662109375,43.400001525878906,100.0,0.0,57.0,24112.595703125,1.6000000186977559e-06,0.0,239.71560668945312,257.4585876464844,267.3131103515625,271.9852294921875,276.06365966796875,5408.4580078125,2959.927734375,1465.7762451171875,796.6557006835938,170.09449768066406,272.0887451171875,87.5,87.0,125.93888854980469,614.5599975585938,19999.888671875,39.0,3.0,0.0,0.0,240.1999969482422,257.5,268.70001220703125,270.20001220703125,274.29998779296875,5400.6015625,2951.653564453125,1457.3184814453125,792.25244140625,164.1563262939453,268.25,98.5999984741211,100.0,559.4400024414062,427.0400085449219,0.0,0.125,1082.364013671875,100.0,100.0,0.0,100.0,12700.0,238.4189453125,255.91104125976562,266.20562744140625,271.216552734375,275.5458984375,5381.626953125,2947.92333984375,1463.2501220703125,797.5953369140625,173.77944946289062,271.89044189453125,91.0,85.86602783203125,660.2073974609375,560.0,9.999999747378752e-06,0.5,,,,,,,,,,,,,,,,,,,,,,,,53.0,,,88888.0,32.0,6272.0,58.0,60.0,,63.0,,56.0,,56.0,56.0,2.0,339.0,266.39996337890625,264.27996826171875,86.0,6.0,9.600000381469727,9.600000381469727
2021-11-28T10:57,2021-11-28T11:00,1,train,1,2021,11,10,1,2021-11-28T10:00,5,2021-11-28T06:00,5,2021-11-28T06:00,1,2021-11-28T10:00,,,1,2021-11-28T10:00,-999.0,0.0,3.0,100.0,0.0,nan,1340.7568359375,nan,84900.0,nan,13.886058807373047,245.8314666748047,261.8555908203125,263.86700439453125,264.7398681640625,268.63140869140625,5339.404296875,2839.756103515625,1339.418701171875,58.0391845703125,260.1248779296875,64.4000015258789,162.01275634765625,0.0,26700.0,0.0,0.0,19999.8828125,47.599998474121094,51.400001525878906,5.0,77.30000305175781,11541.6484375,8.000000093488779e-07,0.0,246.74888610839844,261.8246154785156,263.5169982910156,261.58526611328125,265.4877014160156,5347.84619140625,2841.510009765625,1340.7596435546875,690.8557739257812,88.9559097290039,260.8839416503906,93.5,93.0,113.92668151855469,0.0,19999.87109375,38.0,2.0,0.0,24100.0,246.5,263.3999938964844,265.1000061035156,262.6000061035156,266.5,5349.88916015625,2848.709228515625,1332.2449951171875,684.4158325195312,74.26668548583984,259.280029296875,80.80000305175781,79.0,202.72000122070312,0.0,0.0,0.3125,793.2716674804688,78.0,98.0,0.0,78.0,2400.0,246.27236938476562,261.3505554199219,264.1571960449219,263.40875244140625,267.28778076171875,5343.5458984375,2845.010009765625,1345.818359375,693.669921875,71.74678039550781,261.890380859375,85.81550598144531,87.77266693115234,231.67306518554688,0.0,0.0,0.0625,,,,,,,,,,,,,,,,,,,,,,,,70.0,,,0.0,0.0,16274.0,14.0,15.0,,17.0,,7.0,,7.0,7.0,0.0,174.0,257.95001220703125,254.5699920654297,75.0,2.0,15.199999809265137,16.899999618530273
2021-11-28T10:57,2021-11-28T11:00,24,train,1,2021,11,10,23,2021-11-27T12:00,23,2021-11-27T12:00,23,2021-11-27T12:00,26,2021-11-27T09:00,,,24,2021-11-27T11:00,-999.0,0.0,2.0,100.0,0.0,nan,6553.458984375,nan,42100.0,nan,11.650813102722168,246.095703125,261.382080078125,262.8364562988281,263.4857482910156,267.352294921875,5341.0029296875,2840.841796875,1343.493896484375,67.30833435058594,260.64862060546875,53.099998474121094,144.03565979003906,0.0,36100.0,0.0,0.5699999928474426,19999.8203125,54.79999923706055,88.4000015258789,5.0,82.69999694824219,11490.890625,4.0000000467443897e-07,0.0625,246.8889617919922,262.4625549316406,263.7825622558594,261.37255859375,265.2774353027344,5358.00927734375,2847.4765625,1344.364501953125,693.8699951171875,92.4546890258789,260.5766906738281,94.0,93.80000305175781,95.09844207763672,0.0,20000.189453125,31.0,1.0,0.0,0.0,246.1999969482422,264.0,264.20001220703125,261.6000061035156,265.5,5350.32470703125,2842.2109375,1326.34130859375,680.8237915039062,70.36811065673828,258.5899963378906,98.0,100.0,276.0,0.0,0.0,0.5625,793.0114135742188,100.0,0.0,0.0,100.0,200.0,246.6897430419922,261.7035827636719,262.8539733886719,261.0643615722656,265.0528564453125,5343.5439453125,2842.44873046875,1342.33056640625,696.106201171875,76.787109375,259.88421630859375,87.70875549316406,93.38571166992188,233.2316436767578,0.0,0.0,0.9375,,,,,,,,,,,,,,,,,,,,,,,,40.0,,,88888.0,3304.0,201.0,14.0,16.0,,22.0,,58.0,,58.0,59.0,0.0,170.0,257.1399841308594,254.3699951171875,77.0,2.0,15.199999809265137,16.899999618530273
2021-11-28T10:57,2021-11-28T11:00,48,train,1,2021,11,10,47,2021-11-26T12:00,47,2021-11-26T12:00,47,2021-11-26T12:00,50,2021-11-26T09:00,,,36,2021-11-26T23:00,-999.0,0.0,4.0,0.0,21.0,nan,1340.5626220703125,nan,84700.0,nan,14.14039421081543,246.6943817138672,261.98126220703125,261.7042236328125,263.3481140136719,267.24774169921875,5332.4990234375,2827.235107421875,1331.1180419921875,54.85700225830078,258.13494873046875,67.30000305175781,187.59429931640625,0.0,24500.0,0.0,20.950000762939453,19999.8359375,59.79999923706055,63.70000076293945,100.0,88.19999694824219,7824.43896484375,8.000000093488779e-07,0.125,246.85964965820312,263.7836608886719,262.9058837890625,261.4058837890625,265.31683349609375,5356.25390625,2839.883056640625,1337.47509765625,688.964111328125,87.47037506103516,260.6965637207031,93.30000305175781,93.0999984741211,145.72021484375,0.0,20000.169921875,38.0,0.0,0.0,0.0,247.10000610351562,263.20001220703125,265.70001220703125,262.6000061035156,266.5,5347.35791015625,2837.951416015625,1327.5272216796875,679.3316040039062,70.5052490234375,259.4599914550781,98.0,100.0,316.6400146484375,0.0,9.999999747378752e-05,0.875,3373.401611328125,96.0,44.0,54.0,96.0,6900.0,246.16827392578125,261.7804870605469,262.2177734375,261.4345397949219,265.3946838378906,5330.5244140625,2829.679443359375,1332.1737060546875,685.7783813476562,65.7396240234375,260.06622314453125,86.18272399902344,89.33502960205078,281.1567077636719,0.0,0.0,17.3125,,,,,,,,,,,,,,,,,,,,,,,,51.0,,,88888.0,4088.0,256.0,28.0,29.0,,33.0,,66.0,,70.0,74.0,0.0,175.0,257.510009765625,254.4499969482422,77.0,3.0,14.800000190734863,17.200000762939453
2021-12-17T02:50,2021-12-17T03:00,1,train,0,2021,12,2,1,2021-12-17T02:00,3,2021-12-17T00:00,3,2021-12-17T00:00,1,2021-12-17T02:00,,,1,2021-12-17T02:00,-999.0,0.0,0.0,0.0,100.0,8110.91796875,7919.7138671875,nan,36500.0,9674.8251953125,13.145403861999512,258.2188415527344,276.2366638183594,283.19171142578125,286.029052734375,289.9410400390625,5632.01318359375,2994.25830078125,1397.311767578125,24.678192138671875,280.7201843261719,81.0,332.0608215332031,3489.919921875,17300.0,0.0,0.0,20000.02734375,7.400000095367432,98.0,100.0,0.0,24135.1171875,0.0,0.0,258.6973876953125,275.4156188964844,281.8247985839844,280.5388488769531,284.7441101074219,5632.29150390625,2989.40966796875,1396.1260986328125,692.89208984375,45.559452056884766,279.324951171875,91.19999694824219,89.4000015258789,50.38840866088867,3577.1201171875,8336.4091796875,6.0,5.0,91.0,24100.0,258.8999938964844,276.20001220703125,281.70001220703125,283.70001220703125,287.8999938964844,5638.45166015625,2999.36181640625,1406.332275390625,706.0097045898438,56.89015579223633,279.5899963378906,91.30000305175781,89.0,532.47998046875,3504.9599609375,0.0,0.0625,nan,52.0,0.0,96.0,0.0,19400.0,258.1314697265625,276.47509765625,282.5937194824219,284.86260986328125,287.7822570800781,5637.72607421875,3001.2529296875,1403.5467529296875,698.08056640625,36.50921630859375,280.4237365722656,74.10153198242188,69.99018096923828,302.3881530761719,3550.0,0.0,0.0,,,,,,,,,,,,,,,,,,,,,,,,77.0,,,0.0,0.0,256.0,76.0,88.0,,92.0,,76.0,,76.0,76.0,0.0,329.0,275.6299743652344,274.3899841308594,93.0,2.0,18.799999237060547,20.5
2021-12-17T02:50,2021-12-17T03:00,24,train,0,2021,12,2,21,2021-12-16T06:00,21,2021-12-16T06:00,21,2021-12-16T06:00,24,2021-12-16T03:00,,,24,2021-12-16T03:00,-999.0,0.0,100.0,0.0,100.0,1536.7353515625,1343.916259765625,25200.0,85600.0,11973.6220703125,11.089375495910645,257.844482421875,275.4158630371094,282.2966613769531,285.3432312011719,289.5475769042969,5621.47314453125,2990.16748046875,1396.8304443359375,27.625930786132812,280.60662841796875,92.0,362.03009033203125,3349.840087890625,12300.0,0.0,9.09000015258789,7742.40673828125,12.800000190734863,97.0999984741211,100.0,14.300000190734863,24135.23828125,0.0,0.0,258.4156188964844,274.7115173339844,281.4492492675781,279.6929626464844,283.8836975097656,5628.97265625,2991.98779296875,1401.2867431640625,699.1609497070312,53.888710021972656,278.533447265625,92.0,90.0999984741211,35.01858901977539,3289.60009765625,1196.56396484375,19.0,42.0,90.0,0.0,259.79998779296875,277.0,280.5,283.70001220703125,288.0,5630.32080078125,2981.74951171875,1386.5460205078125,686.290283203125,37.56224822998047,280.04998779296875,100.0,100.0,530.1599731445312,3687.840087890625,0.0006000000284984708,3.4375,4551.92822265625,52.0,100.0,100.0,32.0,15600.0,258.49114990234375,274.709716796875,281.66265869140625,284.37237548828125,288.1849670410156,5619.16650390625,2989.31787109375,1400.6572265625,697.2384643554688,36.10577392578125,282.434814453125,84.35581970214844,83.15875244140625,368.1558837890625,3270.0,0.0,5.1875,,,,,,,,,,,,,,,,,,,,,,,,79.0,,,0.0,0.0,201.0,85.0,85.0,,86.0,,58.0,,58.0,58.0,1.0,390.0,275.239990234375,274.1499938964844,93.0,6.0,18.799999237060547,21.200000762939453
2021-12-17T02:50,2021-12-17T03:00,48,train,0,2021,12,2,45,2021-12-15T06:00,45,2021-12-15T06:00,45,2021-12-15T06:00,48,2021-12-15T03:00,,,45,2021-12-15T06:00,-999.0,100.0,100.0,0.0,100.0,1343.7547607421875,1343.637451171875,23700.0,85600.0,11846.5205078125,11.695416450500488,256.984619140625,276.0011291503906,278.93243408203125,283.28997802734375,287.4947509765625,5591.1591796875,2963.728271484375,1385.2158203125,22.7862548828125,277.87542724609375,95.0999984741211,403.68634033203125,3418.39990234375,100.0,0.0,21.360000610351562,2318.396728515625,68.30000305175781,0.0,100.0,1.2000000476837158,24135.19921875,0.0,0.0,259.0549621582031,274.1593933105469,280.8716735839844,279.502685546875,283.6961975097656,5628.39453125,2989.419189453125,1403.405029296875,702.3369140625,57.49140548706055,278.4209289550781,93.0,91.5,39.199127197265625,3372.800048828125,20000.0625,8.0,10.0,0.0,24100.0,258.6000061035156,275.6000061035156,282.0,283.3999938964844,287.6000061035156,5612.2431640625,2973.830322265625,1381.593017578125,681.873291015625,34.825767517089844,279.1199951171875,90.80000305175781,88.0,479.8399963378906,3374.8798828125,0.0,0.1875,1059.45703125,95.0,0.0,61.0,94.0,13300.0,256.8391418457031,273.1085205078125,279.2498474121094,282.87066650390625,286.8316345214844,5584.298828125,2961.326904296875,1392.3262939453125,693.9603881835938,36.31884765625,281.71112060546875,91.34489440917969,91.36090850830078,460.9073486328125,2760.0,0.0,8.9375,,,,,,,,,,,,,,,,,,,,,,,,70.0,,,128.0,96.0,9856.0,63.0,65.0,,78.0,,52.0,,52.0,52.0,3.0,213.0,274.1600036621094,272.6199951171875,89.0,0.0,17.600000381469727,19.799999237060547
2022-01-02T02:50,2022-01-02T03:00,1,train,0,2022,1,2,1,2022-01-02T02:00,3,2022-01-02T00:00,3,2022-01-02T00:00,1,2022-01-02T02:00,,,1,2022-01-02T02:00,-999.0,0.0,4.0,100.0,100.0,6597.95654296875,1342.99609375,26800.0,85200.0,11472.2353515625,7.567453861236572,255.71701049804688,269.27789306640625,276.18304443359375,278.7220458984375,282.5510559082031,5507.966796875,2920.9130859375,1366.9814453125,31.553810119628906,274.13409423828125,84.4000015258789,212.1510467529297,2441.760009765625,14700.0,0.0,0.0,785.514404296875,100.0,100.0,100.0,100.0,56.42505645751953,0.0,0.0,256.9556884765625,268.6608581542969,276.0342712402344,276.18560791015625,280.3240966796875,5507.57568359375,2919.201904296875,1366.1351318359375,678.47021484375,41.57737350463867,275.1883850097656,99.69999694824219,100.0,17.116952896118164,1868.47998046875,1196.2701416015625,73.0,100.0,100.0,0.0,255.60000610351562,268.8999938964844,276.70001220703125,280.6000061035156,284.70001220703125,5504.36083984375,2916.63916015625,1361.9114990234375,670.5689086914062,37.952842712402344,276.4100036621094,100.0,96.0,215.1999969482422,2119.0400390625,9.999999747378752e-05,1.6875,795.6468505859375,100.0,93.0,100.0,100.0,0.0,255.59234619140625,268.6448974609375,275.4174499511719,278.3639221191406,281.5789489746094,5498.9580078125,2916.042724609375,1368.2684326171875,680.265380859375,35.500091552734375,275.5745849609375,88.0,99.27798461914062,302.61968994140625,1780.0,0.0,0.0,,,,,,,,,,,,,,,,,,,,,,,,97.0,,,0.0,0.0,209.0,85.0,92.0,,94.0,,80.0,,80.0,82.0,0.0,133.0,271.20001220703125,270.8899841308594,100.0,7.0,11.199999809265137,10.899999618530273
2022-01-02T02:50,2022-01-02T03:00,24,train,0,2022,1,2,21,2022-01-01T06:00,21,2022-01-01T06:00,21,2022-01-01T06:00,24,2022-01-01T03:00,,,24,2022-01-01T03:00,-999.0,0.0,86.0,100.0,100.0,7371.21337890625,1343.1768798828125,21000.0,85300.0,12317.3330078125,6.1753411293029785,254.95944213867188,268.55633544921875,276.2606201171875,279.8052978515625,283.7289733886719,5504.86181640625,2922.408203125,1369.480224609375,31.861671447753906,275.283447265625,92.69999694824219,244.1585693359375,2457.840087890625,12200.0,0.0,0.20999999344348907,784.8803100585938,100.0,100.0,100.0,100.0,54.12060546875,7.199999799922807e-06,0.0,257.4849853515625,269.7139892578125,275.9473876953125,276.127197265625,280.2616882324219,5504.8974609375,2912.512939453125,1361.6712646484375,674.2277221679688,37.49187469482422,275.0705871582031,99.69999694824219,100.0,20.65672492980957,1748.1600341796875,1196.2373046875,54.0,100.0,100.0,0.0,256.3999938964844,269.70001220703125,277.20001220703125,279.6000061035156,283.79998779296875,5515.09326171875,2921.31298828125,1362.8546142578125,673.316162109375,40.07329559326172,275.6600036621094,100.0,99.0,69.04000091552734,2431.52001953125,0.0,0.5,795.3418579101562,100.0,100.0,100.0,100.0,0.0,255.27435302734375,268.9808654785156,275.4170837402344,277.9795227050781,281.5426025390625,5507.06103515625,2924.52392578125,1371.709716796875,685.0231323242188,38.853118896484375,275.2855224609375,89.93423461914062,98.9031982421875,194.19647216796875,2160.0,0.0,0.1875,,,,,,,,,,,,,,,,,,,,,,,,95.0,,,32.0,32.0,0.0,68.0,68.0,,68.0,,77.0,,82.0,85.0,2.0,117.0,270.80999755859375,270.8500061035156,100.0,8.0,10.0,10.0
2022-01-02T02:50,2022-01-02T03:00,48,train,0,2022,1,2,45,2021-12-31T06:00,45,2021-12-31T06:00,45,2021-12-31T06:00,48,2021-12-31T03:00,,,45,2021-12-31T06:00,5261.39990234375,0.0,100.0,100.0,100.0,4297.22265625,1343.5247802734375,23700.0,85200.0,12256.4130859375,3.915968418121338,256.77032470703125,268.87750244140625,275.806884765625,279.3162536621094,283.29168701171875,5503.1640625,2909.1103515625,1360.08740234375,21.472137451171875,274.0609436035156,89.30000305175781,133.73362731933594,1867.0400390625,12200.0,0.0,3.950000047683716,785.2755737304688,100.0,100.0,100.0,100.0,66.60746002197266,4.0000000467443897e-07,0.0,255.9032745361328,268.49652099609375,276.3290710449219,277.23504638671875,281.3897705078125,5514.27783203125,2923.531494140625,1369.716552734375,679.5858764648438,40.14601516723633,276.0544738769531,99.80000305175781,100.0,11.433428764343262,2168.320068359375,5852.994140625,37.0,100.0,75.0,24100.0,256.5,269.5,277.6000061035156,282.3999938964844,286.6000061035156,5516.74853515625,2922.0556640625,1358.3594970703125,662.8800048828125,27.852266311645508,278.57000732421875,84.30000305175781,86.0,336.32000732421875,2468.0,0.0,0.9375,1415.3489990234375,94.0,100.0,100.0,94.0,3100.0,256.30010986328125,268.604736328125,274.20782470703125,275.98736572265625,279.47283935546875,5515.0869140625,2920.26953125,1377.0396728515625,693.6390380859375,48.563995361328125,273.76739501953125,92.87596130371094,96.15924072265625,63.85595703125,1450.0,2.9999999242136255e-05,3.375,,,,,,,,,,,,,,,,,,,,,,,,94.0,,,16.0,16.0,3225.0,82.0,83.0,,84.0,,77.0,,84.0,91.0,9.0,126.0,270.5,269.8899841308594,98.0,0.7620000243186951,12.0,11.699999809265137
2022-01-10T23:54,2022-01-11T00:00,1,train,0,2022,1,23,1,2022-01-10T23:00,6,2022-01-10T18:00,6,2022-01-10T18:00,1,2022-01-10T23:00,,,1,2022-01-10T23:00,-999.0,100.0,100.0,0.0,0.0,1340.0736083984375,1339.908203125,nan,85000.0,2046.5164794921875,7.946836948394775,232.85540771484375,244.93133544921875,252.84483337402344,257.923095703125,261.9454040527344,5131.59716796875,2773.722900390625,1362.4853515625,135.98907470703125,251.9070587158203,74.69999694824219,455.4927978515625,0.0,12300.0,0.0,0.0,982.605712890625,81.80000305175781,0.0,0.0,97.19999694824219,1189.5228271484375,1.0400000064691994e-05,0.3125,232.6025390625,244.7295684814453,252.76905822753906,258.1730041503906,262.042236328125,5130.43603515625,2769.89794921875,1360.8253173828125,728.1847534179688,134.25015258789062,257.8737487792969,88.5,87.0,1101.794921875,0.0,19999.896484375,47.0,0.0,0.0,3600.0,233.8000030517578,246.1999969482422,252.60000610351562,257.1000061035156,260.8999938964844,5137.72705078125,2768.032470703125,1356.0948486328125,724.9660034179688,125.99822998046875,254.3800048828125,87.30000305175781,90.0,856.6400146484375,0.0,0.0,0.8125,nan,97.0,2.0,0.0,97.0,20600.0,232.2669677734375,244.30035400390625,253.543701171875,258.53326416015625,262.74725341796875,5135.95751953125,2784.783935546875,1372.833251953125,739.1915283203125,144.29762268066406,257.70953369140625,74.84333801269531,70.74646759033203,673.7236328125,0.0,0.0,0.0,,,,,,,,,,,,,,,,,,,,,,,,72.0,,,0.0,0.0,256.0,68.0,75.0,,92.0,,72.0,,72.0,72.0,0.0,520.0,250.260009765625,248.87997436523438,87.0,3.0,16.799999237060547,18.5
2022-01-10T23:54,2022-01-11T00:00,48,train,0,2022,1,23,48,2022-01-09T00:00,48,2022-01-09T00:00,48,2022-01-09T00:00,45,2022-01-09T03:00,,,48,2022-01-09T00:00,-999.0,100.0,100.0,0.0,0.0,1339.4779052734375,1339.471435546875,75600.0,85000.0,2873.283203125,8.135086059570312,232.43650817871094,241.3168487548828,249.23617553710938,253.96075439453125,257.92254638671875,5073.55078125,2744.068603515625,1351.3935546875,143.27066040039062,249.0777587890625,79.0999984741211,461.1531677246094,0.0,200.0,9.999999747378752e-05,10.529999732971191,784.6682739257812,81.80000305175781,0.0,0.0,100.0,268.7380065917969,3.440000000409782e-05,0.625,233.21636962890625,243.7734832763672,252.20875549316406,257.5184020996094,261.3760070800781,5131.46337890625,2770.21728515625,1362.711669921875,731.59716796875,139.1879425048828,257.26593017578125,92.80000305175781,91.80000305175781,641.33544921875,0.0,1258.158935546875,52.0,0.0,0.0,1700.0,233.1999969482422,246.5,251.6999969482422,256.1000061035156,259.8999938964844,5133.64453125,2758.98193359375,1350.7403564453125,721.9392700195312,125.46614837646484,253.57000732421875,93.9000015258789,100.0,852.0,0.0,0.00019999999494757503,0.8125,1149.063232421875,100.0,4.0,0.0,100.0,16500.0,232.4210205078125,241.82296752929688,249.55682373046875,254.106201171875,258.14984130859375,5085.90576171875,2749.33837890625,1353.7047119140625,730.41943359375,143.79766845703125,252.9668731689453,76.75078582763672,80.53783416748047,532.879638671875,0.0,0.0,7.625,,,,,,,,,,,,,,,,,,,,,,,,57.0,,,312.0,32.0,8982.0,58.0,58.0,,59.0,,54.0,,54.0,54.0,3.0,654.0,251.5800018310547,247.9199981689453,72.0,4.0,16.399999618530273,18.100000381469727
2022-01-10T23:54,2022-01-11T00:00,24,train,0,2022,1,23,24,2022-01-10T00:00,24,2022-01-10T00:00,24,2022-01-10T00:00,21,2022-01-10T03:00,,,24,2022-01-10T00:00,-999.0,100.0,100.0,0.0,0.0,1339.7420654296875,1339.645263671875,82800.0,85000.0,2473.20361328125,9.6040678024292,231.91558837890625,243.34561157226562,250.9091339111328,255.6663818359375,259.58642578125,5103.88037109375,2759.47998046875,1356.85791015625,140.47572326660156,250.9744415283203,80.5,496.1785583496094,0.0,400.0,0.0,3.7899999618530273,887.424072265625,81.80000305175781,0.0,0.0,99.0999984741211,1318.174560546875,6.4000000747910235e-06,0.4375,233.11622619628906,243.73056030273438,252.4714813232422,257.4862976074219,261.3384704589844,5129.52490234375,2767.377197265625,1359.303466796875,728.239013671875,135.93797302246094,257.2167053222656,88.9000015258789,87.80000305175781,414.80609130859375,0.0,20000.140625,57.0,5.0,0.0,2700.0,233.6999969482422,243.6999969482422,252.1999969482422,256.6000061035156,260.3999938964844,5117.36376953125,2757.86572265625,1353.046630859375,723.0536499023438,125.5130615234375,253.9600067138672,83.9000015258789,86.0,956.1599731445312,0.0,9.999999747378752e-05,1.25,nan,100.0,2.0,0.0,100.0,16100.0,231.73997497558594,243.3157196044922,250.85647583007812,255.04222106933594,259.020263671875,5108.09716796875,2760.083984375,1358.3446044921875,732.508056640625,143.14105224609375,253.0821533203125,73.80438995361328,78.6756591796875,452.876708984375,0.0,0.0,0.5625,,,,,,,,,,,,,,,,,,,,,,,,72.0,,,0.0,0.0,256.0,92.0,93.0,,93.0,,63.0,,63.0,63.0,0.0,549.0,249.10000610351562,247.5600128173828,88.0,5.0,17.200000762939453,18.700000762939453
2022-01-19T14:50,2022-01-19T15:00,1,train,0,2022,1,14,1,2022-01-19T14:00,3,2022-01-19T12:00,3,2022-01-19T12:00,1,2022-01-19T14:00,,,1,2022-01-19T14:00,-999.0,0.0,92.0,100.0,0.0,4228.78564453125,1548.7808837890625,52400.0,83300.0,5184.173828125,12.876811027526855,247.25894165039062,263.2409362792969,266.2315673828125,266.6297302246094,270.1828918457031,5418.79150390625,2901.2978515625,1387.4364013671875,101.09175109863281,263.57537841796875,81.69999694824219,305.9981994628906,0.0,17100.0,0.0,0.11599999666213989,1720.3704833984375,100.0,100.0,0.8999999761581421,29.5,7138.6494140625,3.680000008898787e-05,0.3125,247.72186279296875,263.39910888671875,265.37506103515625,262.66766357421875,266.5896301269531,5424.65478515625,2894.560546875,1383.816162109375,728.867431640625,124.49168395996094,262.4071350097656,79.69999694824219,78.19999694824219,176.18800354003906,0.0,5735.6943359375,100.0,100.0,14.0,6100.0,247.1999969482422,263.79998779296875,265.70001220703125,265.79998779296875,269.79998779296875,5425.154296875,2898.51318359375,1381.0587158203125,726.2030639648438,128.8681640625,262.94000244140625,82.5999984741211,85.0,405.44000244140625,0.0,0.0,0.25,nan,8.0,100.0,0.0,0.0,26500.0,247.12545776367188,263.37786865234375,267.5887145996094,264.72882080078125,267.68048095703125,5421.2421875,2899.203125,1385.531494140625,726.7206420898438,105.9760971069336,265.5051574707031,66.60934448242188,62.33372497558594,338.78076171875,0.0,0.0,0.0,,,,,,,,,,,,,,,,,,,,,,,,97.0,,,0.0,0.0,209.0,46.0,47.0,,62.0,,60.0,,65.0,68.0,0.0,256.0,259.3699951171875,257.5899963378906,86.0,25.0,19.200000762939453,22.0
2022-01-19T14:50,2022-01-19T15:00,24,train,0,2022,1,14,21,2022-01-18T18:00,21,2022-01-18T18:00,21,2022-01-18T18:00,24,2022-01-18T15:00,,,24,2022-01-18T15:00,5118.0,0.0,71.0,81.0,7.0,3203.605224609375,1765.6944580078125,36900.0,80900.0,8210.537109375,12.623312950134277,247.86441040039062,264.226806640625,266.312744140625,267.64483642578125,271.3782958984375,5424.7578125,2893.9931640625,1380.061279296875,88.04766845703125,264.5313720703125,83.5,311.5362548828125,0.0,1500.0,0.00019999999494757503,0.7099999785423279,1032.437255859375,100.0,100.0,5.0,85.19999694824219,1153.070068359375,0.00010080000356538221,0.5,247.4785919189453,263.9300842285156,265.5686340332031,264.2914733886719,268.2465515136719,5428.55517578125,2895.959228515625,1383.2513427734375,726.2241821289062,117.97762298583984,264.0272216796875,87.0,84.5,184.1869659423828,0.0,5736.12548828125,100.0,100.0,0.0,4000.0,247.3000030517578,264.0,266.79998779296875,268.5,272.5,5422.8466796875,2895.11279296875,1375.23095703125,714.2152709960938,118.76187896728516,265.44000244140625,90.0,93.0,453.20001220703125,0.0,9.999999747378752e-05,1.3125,4979.939453125,99.0,100.0,0.0,13.0,19800.0,247.28819274902344,263.3183288574219,267.15460205078125,265.3558349609375,269.0113830566406,5414.908203125,2891.70556640625,1378.5992431640625,720.406494140625,98.09638977050781,266.15972900390625,77.23237609863281,76.98743438720703,372.99053955078125,0.0,0.0,0.5625,,,,,,,,,,,,,,,,,,,,,,,,95.0,,,0.0,0.0,0.0,78.0,78.0,,85.0,,66.0,,70.0,72.0,0.0,252.0,259.45001220703125,257.67999267578125,85.0,39.0,18.399999618530273,21.200000762939453
2022-01-19T14:50,2022-01-19T15:00,48,train,0,2022,1,14,45,2022-01-17T18:00,45,2022-01-17T18:00,45,2022-01-17T18:00,48,2022-01-17T15:00,,,45,2022-01-17T18:00,4069.800048828125,0.0,100.0,100.0,100.0,1567.8961181640625,1341.5205078125,36900.0,85500.0,8759.5888671875,11.708104133605957,248.24285888671875,264.7189025878906,267.03955078125,267.820556640625,271.4695129394531,5429.9208984375,2900.04736328125,1379.76318359375,86.16622161865234,265.4985656738281,92.5,307.6139831542969,132.0800018310547,1400.0,0.00019999999494757503,8.84000015258789,784.5952758789062,100.0,100.0,0.0,100.0,180.2732696533203,0.00015279999934136868,1.6875,248.1514892578125,264.73162841796875,265.287109375,263.4374694824219,267.3736877441406,5413.45361328125,2883.380859375,1371.5135498046875,716.4124755859375,110.12284851074219,263.1302795410156,95.5,93.80000305175781,152.66867065429688,0.0,3171.523681640625,95.0,72.0,0.0,6200.0,247.8000030517578,265.5,266.5,266.79998779296875,270.79998779296875,5409.93359375,2884.929443359375,1362.8631591796875,705.404541015625,113.32034301757812,264.1600036621094,89.5,92.0,552.1599731445312,0.0,0.0,2.875,2885.723876953125,90.0,100.0,100.0,33.0,2600.0,248.2201385498047,264.57147216796875,266.91656494140625,265.07220458984375,268.5139465332031,5424.244140625,2894.8828125,1375.98876953125,718.2528076171875,94.60688781738281,266.22467041015625,86.03065490722656,88.3297119140625,355.3898010253906,0.0,9.999999747378752e-05,25.375,,,,,,,,,,,,,,,,,,,,,,,,93.0,,,64.0,24.0,1024.0,84.0,85.0,,94.0,,76.0,,97.0,100.0,0.0,199.0,257.45001220703125,255.1199951171875,80.0,0.0,16.0,17.600000381469727
2022-01-28T15:50,2022-01-28T16:00,1,holdout_baserate,0,2022,1,15,1,2022-01-28T15:00,4,2022-01-28T12:00,4,2022-01-28T12:00,1,2022-01-28T15:00,,,1,2022-01-28T15:00,-999.0,0.0,16.0,100.0,99.0,1341.1915283203125,1341.0257568359375,nan,85700.0,1571.8114013671875,7.472984313964844,241.84768676757812,256.119873046875,260.3264465332031,265.33819580078125,269.4057312011719,5332.40380859375,2872.09814453125,1407.1705322265625,138.70382690429688,261.705322265625,87.19999694824219,394.921630859375,0.0,8800.0,0.0,0.014999999664723873,4106.8408203125,92.69999694824219,100.0,100.0,78.69999694824219,24131.478515625,8.000000093488779e-07,0.0,242.27796936035156,256.3749084472656,260.3809509277344,266.6390380859375,270.6933898925781,5339.44677734375,2881.27490234375,1417.2882080078125,764.7363891601562,150.93869018554688,267.1773376464844,69.5,68.9000015258789,754.4069213867188,0.0,1195.3514404296875,27.0,100.0,35.0,0.0,242.1999969482422,256.20001220703125,259.8999938964844,263.20001220703125,267.1000061035156,5336.5888671875,2874.443359375,1407.838623046875,761.0323486328125,148.13943481445312,261.32000732421875,96.30000305175781,100.0,239.44000244140625,0.0,9.999999747378752e-05,0.1875,846.0165405273438,67.0,100.0,100.0,63.0,11300.0,242.1966094970703,255.63247680664062,260.3263244628906,264.94927978515625,269.28656005859375,5335.37890625,2875.901123046875,1414.281982421875,764.1395874023438,150.11767578125,265.87237548828125,86.31934356689453,84.65057373046875,551.8712768554688,0.0,0.0,0.0,,,,,,,,,,,,,,,,,,,,,,,,98.0,,,0.0,0.0,209.0,83.0,99.0,,100.0,,65.0,,68.0,73.0,2.0,456.0,257.78997802734375,257.66998291015625,98.0,2.0,11.199999809265137,12.0
2022-01-28T15:50,2022-01-28T16:00,24,holdout_baserate,0,2022,1,15,22,2022-01-27T18:00,22,2022-01-27T18:00,22,2022-01-27T18:00,25,2022-01-27T15:00,,,24,2022-01-27T16:00,-999.0,1.0,15.0,100.0,100.0,5319.27587890625,1340.8914794921875,45500.0,85700.0,8969.69921875,7.110800743103027,241.3487548828125,255.17848205566406,260.2276306152344,264.61749267578125,268.8028564453125,5327.73828125,2873.26611328125,1409.42333984375,143.758544921875,261.58978271484375,89.30000305175781,383.8312072753906,0.0,15200.0,0.0,0.8799999952316284,4075.570556640625,84.69999694824219,100.0,100.0,43.400001525878906,24127.384765625,1.6000000186977559e-06,0.0,242.36265563964844,256.8299560546875,260.750244140625,267.0025329589844,271.059814453125,5340.7998046875,2881.146728515625,1413.3270263671875,759.8134155273438,145.1790313720703,267.5287170410156,70.0,69.0999984741211,756.8720092773438,0.0,1195.32275390625,39.0,74.0,6.0,0.0,242.89999389648438,257.79998779296875,258.5,263.29998779296875,267.20001220703125,5335.57080078125,2870.409423828125,1400.039794921875,753.068603515625,140.63357543945312,261.5799865722656,95.9000015258789,100.0,355.3599853515625,0.0,0.00039999998989515007,0.5625,833.5191650390625,100.0,100.0,100.0,100.0,3500.0,241.29864501953125,255.51560974121094,259.36016845703125,263.48944091796875,268.0043640136719,5317.5068359375,2862.700439453125,1401.4775390625,754.7097778320312,142.11805725097656,263.687255859375,92.09352111816406,94.59756469726562,512.2135620117188,0.0,0.0,0.75,,,,,,,,,,,,,,,,,,,,,,,,97.0,,,30.0,32.0,201.0,66.0,66.0,,71.0,,49.0,,51.0,56.0,2.0,485.0,258.260009765625,257.4100036621094,95.0,4.0,11.600000381469727,12.399999618530273
2022-01-28T15:50,2022-01-28T16:00,48,holdout_baserate,0,2022,1,15,46,2022-01-26T18:00,46,2022-01-26T18:00,46,2022-01-26T18:00,49,2022-01-26T15:00,,,36,2022-01-27T04:00,-999.0,100.0,100.0,100.0,0.0,1341.1219482421875,1341.051025390625,39600.0,85700.0,8524.1708984375,7.036501884460449,240.74143981933594,255.35519409179688,260.4357604980469,265.33251953125,269.52880859375,5318.43408203125,2867.26123046875,1404.40234375,136.82037353515625,261.24261474609375,91.0,363.85443115234375,0.0,100.0,0.0,0.8199999928474426,1150.1356201171875,100.0,5.0,63.099998474121094,83.4000015258789,10198.2734375,1.8400000044493936e-05,0.125,239.87481689453125,256.18914794921875,260.4477233886719,266.6668395996094,270.7296447753906,5324.064453125,2869.04736328125,1407.5118408203125,754.8768310546875,141.01397705078125,267.24566650390625,69.30000305175781,68.80000305175781,1023.6715698242188,0.0,20000.09765625,47.0,0.0,0.0,0.0,241.60000610351562,254.5,257.70001220703125,262.6000061035156,266.5,5291.0419921875,2842.2041015625,1388.9022216796875,744.0646362304688,132.08164978027344,260.9599914550781,95.4000015258789,100.0,439.44000244140625,0.0,0.0005000000237487257,1.0625,894.342041015625,100.0,100.0,0.0,100.0,7500.0,240.8444061279297,254.45709228515625,260.379150390625,264.42193603515625,268.847900390625,5307.9482421875,2859.09716796875,1397.5224609375,748.3333129882812,136.08193969726562,264.8465270996094,92.7706527709961,92.82707214355469,505.5333251953125,0.0,1.9999999494757503e-05,3.8125,,,,,,,,,,,,,,,,,,,,,,,,82.0,,,30.0,32.0,201.0,69.0,69.0,,72.0,,46.0,,47.0,48.0,3.0,465.0,257.58001708984375,256.8800048828125,93.0,8.0,12.399999618530273,13.199999809265137
2022-02-06T13:56,2022-02-06T14:00,1,train,0,2022,2,13,1,2022-02-06T13:00,2,2022-02-06T12:00,2,2022-02-06T12:00,1,2022-02-06T13:00,,,1,2022-02-06T13:00,-999.0,0.0,0.0,2.0,0.0,nan,nan,nan,nan,nan,3.8570873737335205,247.4779815673828,256.520751953125,257.74853515625,258.222412109375,261.2147216796875,5464.46875,2975.391845703125,1513.9493408203125,269.46893310546875,257.09344482421875,28.899999618530273,126.73875427246094,0.0,65800.0,0.0,0.0,19999.857421875,5.0,5.0,0.0,0.0,24135.21875,0.0,0.0,247.52806091308594,258.2745361328125,257.8158874511719,257.02166748046875,261.46099853515625,5472.24267578125,2976.73974609375,1507.6318359375,872.3025512695312,279.9658203125,258.6615295410156,62.400001525878906,60.900001525878906,292.5168151855469,0.0,20000.048828125,1.0,0.0,0.0,24100.0,247.8000030517578,257.8999938964844,258.20001220703125,260.0,263.8999938964844,5474.8798828125,2979.31787109375,1509.969970703125,870.85498046875,284.79998779296875,259.010009765625,40.900001525878906,41.0,203.1999969482422,0.0,0.0,0.0,nan,15.0,12.0,0.0,0.0,39800.0,247.6673583984375,257.0272521972656,257.06201171875,257.76922607421875,259.61639404296875,5463.28369140625,2974.23828125,1511.896484375,875.1685791015625,275.69586181640625,256.2320556640625,50.139984130859375,36.662689208984375,95.97998046875,0.0,0.0,0.0,,,,,,,,,,,,,,,,,,,,,,,,7.0,,,88888.0,1424.0,16274.0,0.0,3.0,,8.0,,4.0,,4.0,5.0,0.0,188.0,253.3800048828125,244.8599853515625,48.0,0.0,8.800000190734863,8.5
2022-02-06T13:56,2022-02-06T14:00,24,train,0,2022,2,13,26,2022-02-05T12:00,26,2022-02-05T12:00,26,2022-02-05T12:00,23,2022-02-05T15:00,,,24,2022-02-05T14:00,-999.0,0.0,98.0,100.0,0.0,nan,2820.465087890625,56700.0,71000.0,nan,4.454814434051514,244.72430419921875,256.28692626953125,256.8863830566406,257.80126953125,260.96673583984375,5443.43505859375,2958.93017578125,1501.997314453125,259.3360900878906,256.87908935546875,28.700000762939453,147.6304168701172,0.0,66000.0,0.0,0.029999999329447746,19999.966796875,5.0,5.0,0.0,0.6000000238418579,24135.255859375,0.0,0.0,246.76690673828125,257.7139587402344,258.214599609375,257.3058776855469,261.6684875488281,5462.00732421875,2969.32470703125,1503.9932861328125,866.7173461914062,273.93017578125,258.8070373535156,58.099998474121094,50.79999923706055,215.70558166503906,0.0,20000.029296875,29.0,3.0,0.0,24100.0,246.5,257.5,258.3999938964844,260.70001220703125,264.6000061035156,5458.33349609375,2963.540771484375,1498.4053955078125,857.54638671875,270.2998352050781,259.07000732421875,39.599998474121094,37.0,167.75999450683594,0.0,0.0,0.0,nan,3.0,20.0,0.0,0.0,52900.0,246.0810546875,257.09869384765625,255.92405700683594,257.0899658203125,258.76239013671875,5452.1044921875,2962.576416015625,1507.6324462890625,872.9476318359375,275.12115478515625,254.8387451171875,38.0503044128418,29.341909408569336,68.46623992919922,0.0,0.0,0.3125,,,,,,,,,,,,,,,,,,,,,,,,48.0,,,88888.0,1688.0,256.0,7.0,9.0,,18.0,,50.0,,51.0,54.0,0.0,193.0,253.23001098632812,244.58999633789062,47.0,0.0,8.800000190734863,9.0
2022-02-15T09:50,2022-02-15T10:00,1,holdout_baserate,0,2022,2,9,1,2022-02-15T09:00,4,2022-02-15T06:00,4,2022-02-15T06:00,1,2022-02-15T09:00,,,1,2022-02-15T09:00,-999.0,0.0,4.0,0.0,0.0,nan,1339.5552978515625,nan,86000.0,nan,12.05074405670166,234.7017822265625,246.6122283935547,251.33807373046875,254.50509643554688,258.2829284667969,5208.08251953125,2837.24560546875,1422.6085205078125,203.21347045898438,249.71697998046875,67.0999984741211,223.04830932617188,0.0,23400.0,0.0,0.0,19999.896484375,70.30000305175781,7.199999809265137,0.0,97.5999984741211,2854.063232421875,2.4000000848900527e-06,0.0,235.17001342773438,246.90757751464844,248.91078186035156,252.27090454101562,256.0904846191406,5208.23388671875,2835.720947265625,1424.446533203125,805.221923828125,224.90977478027344,252.4989776611328,92.5,92.69999694824219,406.82171630859375,0.0,19999.845703125,12.0,23.0,0.0,0.0,234.3000030517578,249.10000610351562,249.60000610351562,250.8000030517578,254.5,5216.91748046875,2840.6240234375,1412.943603515625,796.4343872070312,211.79551696777344,249.00999450683594,96.5,100.0,229.0399932861328,0.0,9.999999747378752e-05,0.25,nan,41.0,11.0,0.0,41.0,22400.115234375,234.37501525878906,245.90243530273438,251.28021240234375,253.73580932617188,257.5957946777344,5208.80859375,2846.337890625,1431.8780517578125,807.6128540039062,218.4409942626953,251.5266571044922,62.064266204833984,68.90328216552734,322.9578857421875,0.0,0.0,0.0,,,,,,,,,,,,,,,,,,,,,,,,56.0,,,88888.0,672.0,256.0,61.0,70.0,,81.0,,63.0,,63.0,63.0,0.0,219.0,246.9399871826172,244.8699951171875,83.0,1.0,16.399999618530273,17.600000381469727
2022-02-06T13:56,2022-02-06T14:00,48,train,0,2022,2,13,44,2022-02-04T18:00,50,2022-02-04T12:00,50,2022-02-04T12:00,47,2022-02-04T15:00,,,36,2022-02-05T02:00,-999.0,0.0,15.0,100.0,0.0,nan,3106.0283203125,60200.0,69000.0,nan,5.0718841552734375,243.21038818359375,255.74102783203125,255.64686584472656,257.1069641113281,260.466796875,5412.8544921875,2937.49853515625,1484.48681640625,244.93692016601562,255.4480743408203,31.0,129.7127227783203,0.0,62500.0,0.0,2.759999990463257,19999.8671875,5.0,5.0,0.0,0.6000000238418579,24135.12890625,0.0,0.0,247.6873016357422,257.252197265625,257.8892822265625,256.677490234375,260.97784423828125,5457.021484375,2964.542724609375,1500.210205078125,863.788818359375,272.52899169921875,258.0302429199219,72.0,61.0,190.57655334472656,0.0,20000.076171875,15.0,5.0,0.0,24100.0,246.1999969482422,258.1000061035156,259.70001220703125,261.8999938964844,265.79998779296875,5456.56884765625,2965.0576171875,1493.1932373046875,849.2648315429688,262.4510803222656,260.260009765625,48.70000076293945,45.0,168.39999389648438,0.0,0.0,0.0,nan,4.0,0.0,0.0,0.0,46900.0,243.53952026367188,255.61807250976562,254.85093688964844,256.1929016113281,258.3258056640625,5407.7783203125,2935.166748046875,1485.7781982421875,853.71044921875,256.77337646484375,254.55471801757812,43.26213073730469,34.82474899291992,72.1390380859375,0.0,0.0,8.625,,,,,,,,,,,,,,,,,,,,,,,,55.0,,,88886.0,1424.0,256.0,9.0,11.0,,11.0,,41.0,,41.0,43.0,0.0,262.0,252.989990234375,245.5699920654297,51.0,1.0,10.0,10.100000381469727
2022-02-15T09:50,2022-02-15T10:00,24,holdout_baserate,0,2022,2,9,22,2022-02-14T12:00,22,2022-02-14T12:00,22,2022-02-14T12:00,25,2022-02-14T09:00,,,24,2022-02-14T10:00,-999.0,0.0,6.0,0.0,0.0,nan,1339.0010986328125,nan,85700.0,nan,14.788204193115234,234.90048217773438,246.2705841064453,249.5547637939453,252.02276611328125,255.78733825683594,5192.8076171875,2824.29833984375,1413.6888427734375,203.3544921875,246.99908447265625,66.5,238.68304443359375,0.0,24500.0,0.0,1.6699999570846558,891.1044921875,80.30000305175781,0.5,0.0,99.5,1125.9969482421875,7.199999799922807e-06,0.0625,235.6961669921875,246.4599151611328,248.13429260253906,252.85464477539062,256.6751708984375,5200.82421875,2825.11181640625,1418.1014404296875,798.17578125,216.55006408691406,253.0133056640625,94.0,94.0999984741211,524.0140991210938,0.0,19999.90234375,23.0,0.0,0.0,0.0,235.89999389648438,248.1999969482422,247.89999389648438,251.0,254.6999969482422,5200.8818359375,2811.22119140625,1396.01708984375,779.638427734375,194.7126007080078,248.97999572753906,96.80000305175781,100.0,339.9200134277344,0.0,9.999999747378752e-05,0.125,893.6524658203125,100.0,9.0,0.0,100.0,13800.0,234.9687957763672,245.23641967773438,249.68707275390625,251.26559448242188,254.79666137695312,5186.70068359375,2824.042724609375,1415.9903564453125,796.5016479492188,211.62307739257812,249.92510986328125,73.24575805664062,86.60906982421875,318.78546142578125,0.0,0.0,1.25,,,,,,,,,,,,,,,,,,,,,,,,36.0,,,88886.0,752.0,201.0,60.0,62.0,,66.0,,62.0,,64.0,67.0,0.0,255.0,247.5399932861328,245.0600128173828,80.0,3.0,16.399999618530273,18.799999237060547
2022-02-15T09:50,2022-02-15T10:00,48,holdout_baserate,0,2022,2,9,46,2022-02-13T12:00,46,2022-02-13T12:00,46,2022-02-13T12:00,49,2022-02-13T09:00,,,36,2022-02-13T22:00,-999.0,0.0,0.0,100.0,0.0,4884.1728515625,3708.429443359375,nan,62200.0,4889.10400390625,12.511918067932129,235.37356567382812,247.67523193359375,251.72262573242188,253.73348999023438,257.4455261230469,5218.8359375,2840.06103515625,1418.325927734375,198.6231231689453,248.57460021972656,38.20000076293945,194.8160400390625,0.0,52700.0,0.0,1.9199999570846558,921.5765380859375,76.80000305175781,1.5,0.0,80.30000305175781,1378.8460693359375,5.599999894911889e-06,0.0625,235.5031280517578,246.57852172851562,248.68629455566406,252.82736206054688,256.6375732421875,5200.04736328125,2825.422607421875,1415.667724609375,794.6655883789062,213.11778259277344,252.89048767089844,95.0999984741211,94.9000015258789,296.1063232421875,0.0,19999.923828125,5.0,21.0,0.0,1000.0,234.8000030517578,248.89999389648438,248.8000030517578,251.1999969482422,254.89999389648438,5203.83935546875,2822.71142578125,1399.19873046875,782.1704711914062,194.85079956054688,248.72999572753906,97.4000015258789,100.0,302.0799865722656,0.0,0.0,0.0,1811.88330078125,94.0,100.0,0.0,94.0,8900.0,235.55296325683594,247.29739379882812,253.07850646972656,249.95970153808594,253.07199096679688,5216.88623046875,2840.724365234375,1416.7496337890625,793.4762573242188,208.3932342529297,248.22695922851562,73.70074462890625,82.31254577636719,196.0745086669922,0.0,0.0,2.875,,,,,,,,,,,,,,,,,,,,,,,,26.0,,,88886.0,568.0,201.0,65.0,67.0,,71.0,,45.0,,45.0,45.0,0.0,189.0,248.2899932861328,244.6300048828125,74.0,2.0,15.600000381469727,17.200000762939453
2022-02-23T17:57,2022-02-23T18:00,1,train,0,2022,2,17,1,2022-02-23T17:00,6,2022-02-23T12:00,6,2022-02-23T12:00,1,2022-02-23T17:00,,,1,2022-02-23T17:00,-999.0,0.0,6.0,0.0,0.0,nan,1689.3253173828125,nan,82000.0,nan,12.946113586425781,251.87738037109375,269.27685546875,275.04425048828125,280.619384765625,284.88848876953125,5508.7978515625,2936.36572265625,1388.7691650390625,49.97779083251953,275.586669921875,80.80000305175781,537.1467895507812,1541.43994140625,18500.0,0.0,0.0,15742.5615234375,17.600000381469727,0.0,0.0,38.599998474121094,24135.126953125,7.199999799922807e-06,0.0625,251.5735321044922,270.24395751953125,273.6239318847656,280.1420593261719,284.3447570800781,5501.01171875,2924.207763671875,1374.96142578125,688.2489013671875,42.542781829833984,280.00421142578125,65.9000015258789,64.19999694824219,1048.143798828125,1428.9599609375,20000.001953125,41.0,0.0,0.0,100.0,252.0,270.29998779296875,273.29998779296875,277.70001220703125,281.79998779296875,5507.244140625,2924.326904296875,1372.2252197265625,688.5604858398438,43.936256408691406,274.510009765625,99.69999694824219,100.0,936.0,1395.199951171875,0.003000000026077032,22.1875,nan,68.0,0.0,0.0,68.0,19900.0,251.8802947998047,269.2830505371094,274.1509094238281,280.45513916015625,284.92120361328125,5497.28857421875,2928.477783203125,1384.0084228515625,696.2503662109375,48.859371185302734,279.8972473144531,77.20529174804688,73.83380889892578,817.1300048828125,1520.0,0.0,0.0,,,,,,,,,,,,,,,,,,,,,,,,59.0,,,64.0,48.0,256.0,38.0,46.0,,59.0,,73.0,,77.0,77.0,7.0,581.0,270.5899963378906,270.489990234375,99.0,9.0,18.799999237060547,20.899999618530273
2022-02-23T17:57,2022-02-23T18:00,24,train,0,2022,2,17,24,2022-02-22T18:00,24,2022-02-22T18:00,24,2022-02-22T18:00,21,2022-02-22T21:00,,,24,2022-02-22T18:00,-999.0,100.0,100.0,0.0,0.0,1343.1060791015625,1342.929443359375,82900.0,85000.0,1717.7906494140625,11.8056001663208,251.86297607421875,269.9207763671875,274.03924560546875,278.9560546875,283.23199462890625,5489.3671875,2915.6669921875,1368.77392578125,35.70673370361328,274.0314636230469,100.0,447.0958251953125,1422.1600341796875,100.0,0.0,30.059999465942383,19992.99609375,11.699999809265137,0.0,0.0,50.599998474121094,24135.037109375,3.2000000373955118e-06,0.0625,251.81088256835938,269.186767578125,274.665283203125,281.2012939453125,285.42388916015625,5498.35888671875,2922.53466796875,1374.7952880859375,685.4335327148438,37.36409378051758,280.9420166015625,60.29999923706055,57.29999923706055,1028.0596923828125,1545.760009765625,19999.869140625,28.0,0.0,0.0,24100.0,252.5,270.0,273.5,278.3999938964844,282.5,5507.880859375,2925.0849609375,1371.661865234375,686.531005859375,38.763065338134766,276.0,92.80000305175781,97.0,568.1599731445312,2419.679931640625,0.0,0.1875,986.9669189453125,91.0,0.0,0.0,91.0,13000.0,251.43820190429688,269.1952819824219,270.90478515625,275.3772277832031,279.8797912597656,5479.5048828125,2914.047607421875,1371.4010009765625,695.0574951171875,52.45603942871094,275.2243957519531,94.0,89.73625183105469,481.6474304199219,960.0,0.0,21.4375,,,,,,,,,,,,,,,,,,,,,,,,43.0,,,88886.0,416.0,256.0,65.0,68.0,,76.0,,48.0,,48.0,50.0,10.0,703.0,270.95001220703125,271.239990234375,100.0,2.0,19.200000762939453,21.200000762939453
2022-02-23T17:57,2022-02-23T18:00,48,train,0,2022,2,17,48,2022-02-21T18:00,48,2022-02-21T18:00,48,2022-02-21T18:00,45,2022-02-21T21:00,,,48,2022-02-21T18:00,-999.0,3.0,28.0,0.0,0.0,nan,1342.970947265625,nan,85000.0,nan,11.077326774597168,252.00491333007812,269.7358093261719,274.182861328125,279.55963134765625,283.85723876953125,5485.8330078125,2918.3037109375,1369.97021484375,30.321334838867188,274.5347900390625,93.80000305175781,545.7886352539062,1434.0,12900.0,0.0,29.709999084472656,15693.205078125,26.399999618530273,0.0,0.0,64.9000015258789,20058.490234375,7.999999979801942e-06,0.125,251.4258575439453,269.32562255859375,272.9300537109375,279.4630432128906,283.6509704589844,5489.4296875,2920.42724609375,1377.762451171875,692.7134399414062,48.55668640136719,279.3497009277344,70.4000015258789,68.0,1138.442626953125,1347.8399658203125,19999.9375,40.0,0.0,0.0,100.0,253.1999969482422,269.1000061035156,276.3999938964844,280.8999938964844,285.1000061035156,5497.88134765625,2920.232177734375,1366.165283203125,674.1588134765625,23.720659255981445,277.3800048828125,100.0,100.0,941.4400024414062,2210.8798828125,0.004600000102072954,5.75,nan,57.0,0.0,0.0,57.0,17500.0,251.29698181152344,269.22979736328125,273.2480163574219,278.5157775878906,283.05120849609375,5487.19580078125,2924.5283203125,1375.329345703125,692.0767211914062,45.521575927734375,278.42138671875,82.79688262939453,77.17589569091797,553.7342529296875,1600.0,0.0,15.8125,,,,,,,,,,,,,,,,,,,,,,,,45.0,,,88888.0,32.0,8960.0,52.0,54.0,,56.0,,45.0,,45.0,45.0,11.0,836.0,273.5299987792969,272.5199890136719,94.0,12.0,18.399999618530273,20.700000762939453
2022-03-05T21:58,2022-03-05T22:00,1,holdout_baserate,0,2022,3,21,1,2022-03-05T21:00,4,2022-03-05T18:00,4,2022-03-05T18:00,1,2022-03-05T21:00,3,2022-03-05T18:00,1,2022-03-05T21:00,-999.0,0.0,0.0,83.0,69.0,nan,6165.939453125,nan,46000.0,nan,3.938822031021118,251.07867431640625,264.99407958984375,268.7437744140625,270.1327209472656,274.16986083984375,5572.951171875,3025.31884765625,1505.17041015625,205.3277130126953,267.5076904296875,25.0,98.60456848144531,438.32000732421875,72300.0,0.0,0.0,7406.388671875,51.599998474121094,84.80000305175781,100.0,4.400000095367432,24135.095703125,0.0,0.0,251.70848083496094,264.6981506347656,268.4358215332031,268.4810791015625,271.9956970214844,5581.9228515625,3035.357421875,1512.666259765625,850.2002563476562,233.12327575683594,268.0067138671875,88.69999694824219,75.30000305175781,12.948263168334961,24.479999542236328,20000.03515625,9.0,52.0,1.0,24100.0,251.39999389648438,265.0,267.8999938964844,270.6000061035156,274.70001220703125,5582.39111328125,3033.720703125,1510.772705078125,845.6466064453125,225.57012939453125,268.4100036621094,46.5,41.0,68.0,451.3599853515625,0.0,0.0,8719.7548828125,0.0,84.0,84.0,0.0,37400.0,251.34136962890625,264.5998840332031,269.41632080078125,269.2392883300781,273.6409912109375,5572.0732421875,3027.177978515625,1505.067626953125,839.59375,211.10760498046875,269.377197265625,53.0,42.363487243652344,182.5985565185547,180.0,0.0,0.0,5572.5859375,3030.1875,1512.20263671875,851.1229248046875,231.05712890625,251.01121520996094,264.1856689453125,267.59222412109375,269.0453796386719,273.7053527832031,14.816338539123535,8.752913475036621,45.35392761230469,39.519954681396484,,,,270.31072998046875,,102928.25,95125.0234375,,5.139105796813965,91.0,,,88886.0,3384.0,16274.0,1.0,1.0,,10.0,,5.0,,5.0,5.0,0.0,146.0,263.52996826171875,256.52996826171875,56.0,0.0,10.800000190734863,10.699999809265137
2022-03-05T21:58,2022-03-05T22:00,24,holdout_baserate,0,2022,3,21,22,2022-03-05T00:00,22,2022-03-05T00:00,22,2022-03-05T00:00,25,2022-03-04T21:00,21,2022-03-05T00:00,24,2022-03-04T22:00,-999.0,0.0,0.0,100.0,100.0,4188.46484375,3901.21484375,56700.0,62700.0,11254.2421875,6.671572685241699,250.60488891601562,264.67254638671875,268.6645812988281,269.8266906738281,273.71044921875,5575.2275390625,3033.52783203125,1514.3946533203125,216.37879943847656,267.044189453125,22.899999618530273,143.19482421875,364.3999938964844,75900.0,0.0,0.0010000000474974513,17275.630859375,37.20000076293945,86.4000015258789,100.0,1.2999999523162842,24134.990234375,0.0,0.0,251.8319854736328,264.7674865722656,267.8670654296875,268.2018127441406,271.7630310058594,5584.45703125,3035.91845703125,1515.8597412109375,853.9628295898438,237.43710327148438,267.8080749511719,87.30000305175781,73.5,20.612064361572266,0.0,3749.73681640625,13.0,60.0,32.0,24100.0,252.0,265.1000061035156,268.1000061035156,270.3999938964844,274.3999938964844,5584.912109375,3034.4931640625,1511.1734619140625,846.7715454101562,229.26651000976562,268.07000732421875,25.0,21.0,248.9600067138672,399.0400085449219,0.0,0.0,4265.40283203125,4.0,100.0,100.0,4.0,21200.0,250.7857666015625,264.61627197265625,269.333251953125,267.50811767578125,271.7793273925781,5574.19970703125,3034.991943359375,1513.099365234375,849.3817749023438,223.53321838378906,267.6676025390625,75.0,64.15907287597656,286.1879577636719,0.0,0.0,0.125,5573.546875,3035.457275390625,1515.572998046875,854.1224365234375,235.09228515625,250.86489868164062,264.22637939453125,268.7347412109375,268.5809326171875,273.2646484375,6.380793571472168,4.442252159118652,44.26622009277344,37.95435333251953,,,,269.810302734375,,102985.875,95161.5,,4.147392272949219,90.0,,,2222.0,2224.0,384.0,8.0,8.0,,24.0,,37.0,,37.0,37.0,0.0,126.0,264.1099853515625,255.76998901367188,50.0,0.0,11.199999809265137,11.199999809265137
2022-03-05T21:58,2022-03-05T22:00,48,holdout_baserate,0,2022,3,21,46,2022-03-04T00:00,46,2022-03-04T00:00,46,2022-03-04T00:00,49,2022-03-03T21:00,45,2022-03-04T00:00,36,2022-03-04T10:00,-999.0,0.0,0.0,100.0,23.0,3789.741455078125,3528.669677734375,45700.0,66000.0,11431.4716796875,7.072740077972412,251.20986938476562,263.4476623535156,268.5898132324219,270.0906066894531,273.8785705566406,5564.64990234375,3022.08251953125,1506.256103515625,209.23724365234375,266.6878662109375,20.200000762939453,147.754150390625,317.67999267578125,80900.0,0.0,0.1599999964237213,3364.429443359375,51.79999923706055,66.9000015258789,100.0,0.8999999761581421,24134.86328125,0.0,0.0,252.11814880371094,264.19512939453125,268.8939514160156,268.56805419921875,272.2149963378906,5587.38818359375,3037.804931640625,1516.5380859375,853.570068359375,236.0105438232422,268.30975341796875,84.9000015258789,69.4000015258789,17.394468307495117,57.439998626708984,3471.734619140625,49.0,71.0,0.0,24100.0,251.5,264.70001220703125,269.5,270.20001220703125,274.29998779296875,5587.4990234375,3037.0712890625,1510.9307861328125,846.0698852539062,229.50372314453125,267.69000244140625,33.599998474121094,17.0,67.91999816894531,340.79998779296875,0.0,0.0,3426.06591796875,6.0,100.0,100.0,6.0,22700.0,250.9041290283203,263.64044189453125,269.557861328125,267.15472412109375,270.94854736328125,5568.1904296875,3027.269287109375,1507.3885498046875,843.0216064453125,218.67715454101562,267.1841125488281,73.0,59.03573226928711,263.55755615234375,0.0,0.0,1.0625,5570.83203125,3035.252197265625,1517.740478515625,856.4067993164062,237.57861328125,250.76809692382812,263.80401611328125,268.47723388671875,268.48919677734375,273.2146911621094,2.5491952896118164,8.126041412353516,42.18572998046875,35.87889099121094,,,,269.61395263671875,,103013.5,95185.515625,,3.8203506469726562,95.0,,,822.0,824.0,384.0,5.0,9.0,,34.0,,38.0,,38.0,38.0,0.0,124.0,264.05999755859375,255.6699981689453,51.0,1.0,11.199999809265137,11.0
2022-03-20T03:47,2022-03-20T04:00,1,holdout_baserate,0,2022,3,3,1,2022-03-20T03:00,4,2022-03-20T00:00,4,2022-03-20T00:00,1,2022-03-20T03:00,3,2022-03-20T00:00,1,2022-03-20T03:00,4502.2001953125,100.0,100.0,73.0,50.0,1343.5743408203125,1343.4361572265625,42300.0,85400.0,1725.092041015625,4.7113261222839355,254.31893920898438,269.9450988769531,277.7049255371094,278.6804504394531,282.4237976074219,5523.4267578125,2937.1728515625,1376.09423828125,36.07933807373047,276.6025390625,94.4000015258789,337.8262939453125,2330.239990234375,200.0,0.0003000000142492354,0.7570000290870667,785.0781860351562,100.0,71.19999694824219,0.0,100.0,145.27366638183594,0.001196000026538968,5.625,253.84144592285156,270.4770202636719,278.03033447265625,275.7271423339844,279.86981201171875,5527.00830078125,2940.24658203125,1377.2647705078125,689.9226684570312,54.165592193603516,275.09027099609375,99.0,98.9000015258789,109.90938568115234,2382.8798828125,5467.3818359375,86.0,98.0,100.0,24100.0,253.5,271.1000061035156,280.1000061035156,284.0,288.20001220703125,5533.92822265625,2941.407470703125,1371.8575439453125,671.6246337890625,50.909488677978516,279.6600036621094,96.5,89.0,857.1199951171875,2455.360107421875,0.0,0.0,898.4527587890625,89.0,72.0,65.0,89.0,6200.0,254.4638671875,270.1546325683594,278.1051025390625,277.4017333984375,280.5133972167969,5532.4580078125,2944.311279296875,1381.7489013671875,690.494140625,43.498451232910156,275.8973083496094,92.19637298583984,97.08089447021484,289.20184326171875,2400.0,7.000000186963007e-05,0.1875,5541.015625,2951.25146484375,1381.371337890625,691.7745361328125,59.98486328125,254.30921936035156,270.6595153808594,278.71636962890625,275.243408203125,278.8373107910156,86.4649658203125,94.43423461914062,97.8321533203125,97.49333953857422,,,,273.56524658203125,,100723.4375,93222.3125,,17.329933166503906,95.0,,,0.0,0.0,256.0,93.0,95.0,,100.0,,90.0,,90.0,91.0,1.0,238.0,272.9100036621094,272.7699890136719,100.0,58.0,13.199999809265137,13.600000381469727
2022-03-20T03:47,2022-03-20T04:00,24,holdout_baserate,0,2022,3,3,22,2022-03-19T06:00,22,2022-03-19T06:00,22,2022-03-19T06:00,25,2022-03-19T03:00,21,2022-03-19T06:00,24,2022-03-19T04:00,6702.2001953125,0.0,89.0,100.0,100.0,4142.6826171875,1343.7950439453125,25200.0,85400.0,10450.11328125,5.437201499938965,254.96994018554688,270.67559814453125,279.3448181152344,280.8629150390625,284.759521484375,5536.6357421875,2940.87744140625,1375.0533447265625,28.48508644104004,278.35565185546875,85.69999694824219,286.8647766113281,2499.199951171875,5900.0,0.0005000000237487257,6.130000114440918,785.08544921875,100.0,100.0,81.80000305175781,100.0,64.31069946289062,0.0002927999885287136,0.75,253.40895080566406,270.19647216796875,279.07049560546875,276.6072692871094,280.7601318359375,5526.52392578125,2937.539794921875,1371.287109375,680.8457641601562,42.95809555053711,275.7234802246094,99.4000015258789,99.4000015258789,72.6855697631836,2430.39990234375,8188.7919921875,44.0,46.0,63.0,24100.0,254.0,272.29998779296875,282.29998779296875,286.20001220703125,290.5,5531.298828125,2936.56689453125,1361.1029052734375,655.10986328125,33.11534881591797,281.4100036621094,90.80000305175781,86.0,1201.9200439453125,2818.39990234375,0.0,0.375,1169.56787109375,99.0,27.0,2.0,55.0,6100.0,254.45770263671875,270.82659912109375,280.63397216796875,280.199462890625,283.23614501953125,5534.2314453125,2943.39599609375,1370.2752685546875,671.9219360351562,20.248348236083984,277.2755126953125,88.37788391113281,97.013427734375,148.50936889648438,2530.0,0.0,5.0625,5543.50390625,2957.6142578125,1380.602783203125,687.49951171875,51.670166015625,253.23658752441406,271.38067626953125,279.52923583984375,276.91204833984375,280.5334777832031,76.0257339477539,90.60930633544922,98.91230010986328,97.42456817626953,,,,275.05633544921875,,100604.3125,93158.359375,,16.801273345947266,96.0,,,0.0,0.0,256.0,100.0,100.0,,100.0,,79.0,,93.0,100.0,10.0,233.0,272.989990234375,272.92999267578125,97.0,50.0,14.399999618530273,15.199999809265137
2022-03-20T03:47,2022-03-20T04:00,48,holdout_baserate,0,2022,3,3,46,2022-03-18T06:00,46,2022-03-18T06:00,46,2022-03-18T06:00,49,2022-03-18T03:00,51,2022-03-18T00:00,36,2022-03-18T16:00,4001.39990234375,100.0,100.0,100.0,100.0,1343.4937744140625,1343.4642333984375,34500.0,85300.0,8164.134765625,4.341529846191406,254.32650756835938,272.5360107421875,279.2347717285156,279.442626953125,283.4249267578125,5549.517578125,2949.152587890625,1370.2060546875,22.91283416748047,275.9062194824219,94.80000305175781,337.5596008300781,2930.159912109375,0.0,0.0006000000284984708,15.729999542236328,785.1131591796875,100.0,100.0,0.0,100.0,93.18151092529297,0.0004788000078406185,1.1875,254.60507202148438,269.626220703125,278.13665771484375,275.39666748046875,279.51788330078125,5518.62548828125,2928.670654296875,1366.77197265625,679.9866943359375,45.061405181884766,274.6752014160156,99.5,99.30000305175781,157.6002197265625,2363.840087890625,5090.23291015625,47.0,88.0,67.0,24100.0,254.89999389648438,272.70001220703125,280.79998779296875,284.20001220703125,288.5,5526.74951171875,2934.137451171875,1358.25537109375,657.0178833007812,31.170116424560547,280.45001220703125,96.19999694824219,95.0,858.5599975585938,2801.60009765625,9.999999747378752e-05,1.6875,1941.7152099609375,90.0,91.0,71.0,64.0,3400.0,255.649169921875,271.22119140625,280.68292236328125,280.2330017089844,283.4087829589844,5532.0087890625,2933.27587890625,1361.5447998046875,663.1061401367188,10.834793090820312,277.80938720703125,89.560546875,96.87274932861328,290.02960205078125,2570.0,0.00039999998989515007,13.875,5546.60546875,2949.470703125,1373.163818359375,678.509765625,41.67138671875,254.49313354492188,272.015869140625,279.7012939453125,277.7251892089844,281.02655029296875,75.86511993408203,99.76465606689453,98.16678619384766,97.39269256591797,,,,275.3090515136719,,100473.8125,93056.703125,,18.841012954711914,87.0,,,0.0,0.0,0.0,100.0,100.0,,100.0,,85.0,,100.0,100.0,1.0,251.0,273.1600036621094,273.0299987792969,100.0,73.0,13.600000381469727,14.0
2022-04-03T09:52,2022-04-03T10:00,1,holdout_baserate,0,2022,4,9,1,2022-04-03T09:00,4,2022-04-03T06:00,4,2022-04-03T06:00,1,2022-04-03T09:00,3,2022-04-03T06:00,1,2022-04-03T09:00,-999.0,0.0,0.0,100.0,96.0,nan,5122.78271484375,nan,52400.0,nan,3.2356576919555664,249.32882690429688,265.4608154296875,269.91009521484375,272.4178161621094,276.23004150390625,5466.607421875,2928.344970703125,1402.1116943359375,92.94696807861328,267.0585632324219,41.400001525878906,83.13999938964844,367.0400085449219,48800.0,0.0,0.0,4797.39111328125,0.0,100.0,58.0,0.30000001192092896,24135.1015625,0.0,0.0,249.3650360107422,265.914306640625,268.93695068359375,271.6315002441406,275.7063903808594,5463.994140625,2923.616455078125,1398.729736328125,729.2246704101562,103.84415435791016,271.1621398925781,66.30000305175781,65.0999984741211,58.713775634765625,480.4800109863281,5023.44677734375,4.0,89.0,0.0,24100.0,249.60000610351562,266.6000061035156,268.79998779296875,273.20001220703125,277.29998779296875,5474.9951171875,2931.94775390625,1403.794921875,732.0562744140625,110.73220825195312,269.260009765625,78.0,74.0,67.76000213623047,582.8800048828125,0.0,0.0,4587.5361328125,0.0,100.0,100.0,0.0,27200.0,248.72683715820312,265.491943359375,269.29241943359375,271.8695983886719,275.21453857421875,5451.80517578125,2918.3134765625,1396.5858154296875,726.3386840820312,91.89701843261719,269.02545166015625,66.02032470703125,57.333457946777344,143.41212463378906,130.0,0.0,0.0,5473.796875,2929.597412109375,1399.9599609375,729.9486083984375,106.083984375,249.5299530029297,266.63043212890625,269.92529296875,271.4840393066406,275.543701171875,47.532676696777344,37.49734115600586,50.74692916870117,63.5264778137207,,,,270.59375,,101322.1875,93673.265625,,6.856151103973389,85.0,,,88888.0,3328.0,16274.0,0.0,0.0,,0.0,,2.0,,2.0,2.0,0.0,113.0,264.7599792480469,260.1099853515625,69.0,0.0,8.800000190734863,8.800000190734863
2022-04-03T09:52,2022-04-03T10:00,24,holdout_baserate,0,2022,4,9,22,2022-04-02T12:00,22,2022-04-02T12:00,22,2022-04-02T12:00,25,2022-04-02T09:00,21,2022-04-02T12:00,24,2022-04-02T10:00,-999.0,0.0,0.0,100.0,82.0,8256.291015625,4289.408203125,48800.0,58600.0,10014.951171875,4.020068168640137,249.32418823242188,264.2608947753906,268.5910949707031,272.37054443359375,276.3724365234375,5456.73046875,2923.249755859375,1407.508056640625,100.49069213867188,267.4598083496094,69.5,150.92788696289062,434.8800048828125,23900.0,0.0,0.07000000029802322,4513.408203125,4.099999904632568,100.0,100.0,6.400000095367432,24135.150390625,0.0,0.0,249.50955200195312,265.7928466796875,268.86376953125,269.853759765625,273.89373779296875,5463.8310546875,2924.281982421875,1398.886962890625,731.1123046875,109.74825286865234,269.3964538574219,83.30000305175781,80.0999984741211,21.717763900756836,198.72000122070312,4663.0849609375,1.0,98.0,70.0,24100.0,249.60000610351562,265.8999938964844,269.3999938964844,273.20001220703125,277.29998779296875,5465.9306640625,2926.030029296875,1400.9205322265625,729.764892578125,111.36608123779297,269.3699951171875,33.900001525878906,26.0,67.5999984741211,600.1599731445312,0.0,0.0,3643.170166015625,9.0,100.0,100.0,7.0,14200.0,248.36630249023438,264.66827392578125,268.4176940917969,269.42962646484375,273.46209716796875,5455.859375,2924.207763671875,1403.63525390625,738.1544189453125,106.57307434082031,268.33148193359375,86.94896697998047,86.14510345458984,123.32383728027344,40.0,0.0,0.3125,5475.55078125,2932.31884765625,1405.99755859375,736.7718505859375,112.970458984375,249.34219360351562,266.0603942871094,269.4377136230469,271.43017578125,275.47796630859375,45.6841926574707,34.42909240722656,51.524322509765625,64.84800720214844,,,,270.19464111328125,,101408.75,93751.515625,,6.663603782653809,88.0,,,88888.0,3256.0,256.0,0.0,0.0,,4.0,,67.0,,70.0,71.0,0.0,135.0,264.79998779296875,260.52996826171875,70.0,1.0,9.600000381469727,9.699999809265137
2022-04-03T09:52,2022-04-03T10:00,48,holdout_baserate,0,2022,4,9,46,2022-04-01T12:00,46,2022-04-01T12:00,46,2022-04-01T12:00,49,2022-04-01T09:00,45,2022-04-01T12:00,36,2022-04-01T22:00,-999.0,0.0,0.0,100.0,100.0,5453.142578125,5314.42822265625,37000.0,50900.0,8883.68359375,5.704375743865967,248.54461669921875,264.02099609375,268.38623046875,272.41107177734375,276.45166015625,5447.80029296875,2916.1259765625,1403.289794921875,96.7413330078125,267.0799560546875,69.19999694824219,173.40809631347656,374.32000732421875,23700.0,0.0,7.550000190734863,1048.017578125,4.099999904632568,100.0,100.0,5.0,24134.671875,0.0,0.0,249.0373077392578,265.91815185546875,269.14178466796875,269.340576171875,273.4223327636719,5456.7939453125,2919.79833984375,1392.893310546875,724.9755859375,104.71268463134766,268.7440490722656,82.5999984741211,79.19999694824219,11.601020812988281,98.4000015258789,4652.16650390625,0.0,91.0,31.0,24100.0,250.6999969482422,265.79998779296875,269.1000061035156,272.5,276.6000061035156,5445.9189453125,2912.566162109375,1387.668701171875,717.8927612304688,97.84038543701172,268.260009765625,40.79999923706055,34.0,33.52000045776367,428.6400146484375,0.0,0.0,5156.64599609375,7.0,100.0,100.0,7.0,16700.0,248.2247314453125,264.2039489746094,268.00811767578125,268.49591064453125,272.40667724609375,5451.7353515625,2923.0595703125,1406.1668701171875,742.211669921875,112.22976684570312,267.00958251953125,81.52598571777344,81.42388153076172,95.78988647460938,0.0,0.0,4.875,5474.5078125,2928.63916015625,1400.68994140625,730.8465576171875,106.36474609375,249.50746154785156,266.2466125488281,269.57763671875,271.7981872558594,275.77386474609375,45.147613525390625,34.16107177734375,49.53968048095703,64.52693939208984,,,,269.698486328125,,101325.6875,93682.984375,,6.595818042755127,87.0,,,88888.0,2976.0,201.0,0.0,0.0,,0.0,,57.0,,62.0,62.0,0.0,91.0,264.71002197265625,260.8500061035156,73.0,1.0,9.600000381469727,9.600000381469727
2022-04-18T12:59,2022-04-18T13:00,1,holdout_baserate,0,2022,4,12,1,2022-04-18T12:00,1,2022-04-18T12:00,1,2022-04-18T12:00,1,2022-04-18T12:00,0,2022-04-18T12:00,1,2022-04-18T12:00,-999.0,0.0,0.0,0.0,0.0,nan,nan,nan,nan,nan,7.6936235427856445,249.70472717285156,261.9658203125,271.12542724609375,273.12322998046875,277.29510498046875,5562.23291015625,3040.102294921875,1524.275390625,219.6552734375,272.34735107421875,24.100000381469727,345.1688537597656,1184.800048828125,73800.0,0.0,0.0,20000.0390625,0.0,0.0,0.0,0.0,24135.00390625,0.0,0.0,248.86065673828125,262.6828918457031,270.4574279785156,273.5374450683594,278.33746337890625,5563.43896484375,3039.39306640625,1525.968994140625,854.188720703125,223.17462158203125,275.8455810546875,39.79999923706055,40.900001525878906,507.7411804199219,887.8400268554688,19999.98828125,1.0,0.0,0.0,24100.0,249.8000030517578,262.3999938964844,270.0,272.70001220703125,276.70001220703125,5556.3125,3031.43310546875,1516.9327392578125,846.4594116210938,216.2037353515625,272.1099853515625,57.900001525878906,62.0,251.36000061035156,1020.47998046875,0.0,0.0,nan,1.0,0.0,0.0,1.0,27200.0,249.26678466796875,262.14788818359375,271.621826171875,271.1233825683594,275.2922058105469,5564.0146484375,3040.933837890625,1524.932861328125,852.1885375976562,223.8807830810547,272.3345642089844,67.0,54.15593338012695,321.36468505859375,640.0,0.0,0.0,5556.01171875,3035.140625,1521.34765625,849.7195434570312,227.524658203125,249.00738525390625,261.35076904296875,271.0567626953125,270.56982421875,274.40533447265625,17.763687133789062,13.512734413146973,53.51966857910156,58.179656982421875,,,,272.8255920410156,,102873.4375,95101.3125,,2.7012360095977783,6.0,,,88888.0,5664.0,16209.0,0.0,0.0,,0.0,,7.0,,7.0,7.0,0.0,385.0,267.2599792480469,258.7300109863281,50.0,0.0,11.600000381469727,12.199999809265137
2022-04-18T12:59,2022-04-18T13:00,24,holdout_baserate,0,2022,4,12,25,2022-04-17T12:00,25,2022-04-17T12:00,25,2022-04-17T12:00,22,2022-04-17T15:00,24,2022-04-17T12:00,24,2022-04-17T13:00,-999.0,0.0,0.0,0.0,0.0,nan,nan,nan,nan,nan,5.100108623504639,249.19186401367188,263.3778991699219,267.98785400390625,270.31048583984375,274.654052734375,5559.19091796875,3027.41015625,1514.748046875,217.38002014160156,269.35784912109375,50.79999923706055,319.1470947265625,726.3200073242188,39000.0,0.0,9.729999542236328,20000.048828125,0.0,0.0,0.0,0.0,24135.11328125,0.0,0.0,249.0751953125,263.1858215332031,269.86834716796875,271.39556884765625,276.0555725097656,5559.5439453125,3035.4306640625,1520.5667724609375,851.8138427734375,225.82553100585938,273.2974548339844,58.900001525878906,55.5,397.7779235839844,772.7999877929688,19999.943359375,2.0,0.0,0.0,24100.0,249.1999969482422,262.70001220703125,270.0,272.3999938964844,276.5,5561.02099609375,3039.035400390625,1519.899658203125,850.4761352539062,222.65982055664062,271.75,36.70000076293945,33.0,290.32000732421875,965.4400024414062,0.0,0.0,nan,25.0,0.0,0.0,25.0,17100.0,248.0091094970703,262.0198974609375,269.1921081542969,268.6427307128906,273.495361328125,5551.806640625,3034.16064453125,1523.1434326171875,858.459228515625,232.6597442626953,270.36614990234375,85.0,80.59840393066406,377.56591796875,330.0,0.0,2.25,5554.33203125,3033.7158203125,1520.235595703125,847.6654052734375,226.614501953125,248.74009704589844,261.8083801269531,271.1064147949219,270.302734375,273.941162109375,15.633234977722168,13.2200927734375,59.21711730957031,60.34123992919922,,,,272.48712158203125,,102882.9375,95100.65625,,2.5110740661621094,7.0,,,88886.0,6064.0,201.0,10.0,10.0,,10.0,,41.0,,43.0,45.0,0.0,375.0,267.20001220703125,260.4800109863281,57.0,0.0,11.199999809265137,11.699999809265137
2022-04-18T12:59,2022-04-18T13:00,48,holdout_baserate,0,2022,4,12,43,2022-04-16T18:00,49,2022-04-16T12:00,49,2022-04-16T12:00,46,2022-04-16T15:00,48,2022-04-16T12:00,36,2022-04-17T01:00,-999.0,0.0,0.0,0.0,0.0,nan,nan,nan,nan,nan,5.209588050842285,250.0254364013672,260.9993896484375,267.35198974609375,270.34539794921875,274.74615478515625,5550.2138671875,3025.91455078125,1522.18896484375,227.5927276611328,269.46044921875,53.0,313.3940734863281,741.8400268554688,37100.0,0.0,26.8700008392334,20000.046875,0.0,0.0,0.0,0.0,24135.052734375,0.0,0.0,249.8165283203125,263.3453369140625,269.699462890625,272.36944580078125,277.04052734375,5564.080078125,3029.4541015625,1514.039794921875,844.853515625,216.6737518310547,274.5,49.70000076293945,50.20000076293945,489.3857116699219,795.3599853515625,19999.880859375,4.0,0.0,0.0,24100.0,250.0,262.1000061035156,269.8999938964844,272.6000061035156,276.70001220703125,5557.69970703125,3028.739990234375,1510.2254638671875,840.3720703125,212.44078063964844,271.8599853515625,39.5,35.0,290.1600036621094,983.2000122070312,0.0,0.0,nan,21.0,0.0,0.0,21.0,17300.0,248.60693359375,262.4537353515625,268.70489501953125,268.84600830078125,273.68829345703125,5554.2626953125,3029.27734375,1518.896728515625,854.7837524414062,228.1915283203125,270.66339111328125,85.27881622314453,80.29936218261719,369.4233093261719,370.0,0.0,12.9375,5552.4609375,3029.01123046875,1515.89208984375,844.142333984375,222.996826171875,249.12948608398438,261.36004638671875,270.8244323730469,270.3486633300781,273.99932861328125,11.127832412719727,14.220739364624023,57.23405075073242,59.2083854675293,,,,272.6092224121094,,102841.3125,95054.640625,,2.4087696075439453,20.0,,,88886.0,5896.0,201.0,12.0,12.0,,14.0,,49.0,,55.0,57.0,0.0,458.0,267.5199890136719,261.9700012207031,63.0,0.0,11.600000381469727,12.100000381469727
2022-05-03T03:52,2022-05-03T04:00,1,holdout_baserate,0,2022,5,3,1,2022-05-03T03:00,4,2022-05-03T00:00,4,2022-05-03T00:00,1,2022-05-03T03:00,3,2022-05-03T00:00,1,2022-05-03T03:00,-999.0,0.0,73.0,52.0,0.0,nan,1467.6632080078125,nan,85400.0,nan,4.1019697189331055,254.6901092529297,270.20465087890625,276.24322509765625,279.0812072753906,282.9936828613281,5649.52099609375,3059.5830078125,1501.8895263671875,162.57431030273438,275.9440612792969,91.5999984741211,127.04405975341797,2438.639892578125,13300.0,0.0,0.4259999990463257,785.6903686523438,100.0,33.400001525878906,0.30000001192092896,69.4000015258789,160.3851318359375,8.000000093488779e-07,0.5,254.2205810546875,269.68646240234375,276.7994079589844,277.95086669921875,282.1289367675781,5642.65625,3055.880859375,1498.7032470703125,811.4862670898438,170.18365478515625,278.2222900390625,99.0,98.80000305175781,122.95083618164062,2298.8798828125,3806.07177734375,94.0,89.0,0.0,24100.0,255.10000610351562,270.5,276.70001220703125,278.79998779296875,283.0,5648.146484375,3059.070068359375,1499.8387451171875,811.7866821289062,172.6714324951172,274.8800048828125,100.0,94.0,69.83999633789062,2387.0400390625,0.0,0.5,1469.1988525390625,100.0,31.0,0.0,1.0,14600.0,254.26007080078125,270.37213134765625,276.3966064453125,278.3539733886719,281.9449462890625,5647.4833984375,3060.81982421875,1502.034423828125,813.4635009765625,166.82484436035156,278.3843994140625,89.0,85.3343276977539,154.0186004638672,2470.0,0.0,0.6875,5649.6875,3062.133544921875,1502.159423828125,813.2643432617188,175.5078125,254.81739807128906,270.16558837890625,276.90826416015625,277.6708984375,281.3114318847656,86.91250610351562,82.42086029052734,75.52999877929688,90.85693359375,,,,277.419921875,,102119.5,94588.1484375,,17.296133041381836,97.0,,,0.0,0.0,465.0,81.0,83.0,,92.0,,71.0,,71.0,71.0,0.0,157.0,272.3499755859375,272.1199951171875,97.0,24.0,9.199999809265137,9.199999809265137
2022-05-03T03:52,2022-05-03T04:00,24,holdout_baserate,0,2022,5,3,22,2022-05-02T06:00,22,2022-05-02T06:00,22,2022-05-02T06:00,25,2022-05-02T03:00,21,2022-05-02T06:00,24,2022-05-02T04:00,-999.0,0.0,100.0,81.0,0.0,1390.3692626953125,1343.347412109375,72200.0,86700.0,1537.1954345703125,4.928102493286133,254.11257934570312,269.8053283691406,276.309326171875,278.63165283203125,282.62115478515625,5640.2646484375,3055.76318359375,1498.9892578125,161.2428741455078,275.99285888671875,98.30000305175781,172.07322692871094,2470.639892578125,500.0,0.0,3.809999942779541,785.6019287109375,100.0,5.0,3.5999999046325684,72.30000305175781,154.94215393066406,1.0400000064691994e-05,0.125,254.8245086669922,269.0141906738281,275.2389221191406,277.6443176269531,281.8290100097656,5636.47509765625,3052.091552734375,1496.8460693359375,811.822021484375,171.26190185546875,277.8999938964844,99.0,98.69999694824219,155.8281707763672,2311.679931640625,1302.4581298828125,91.0,46.0,5.0,24100.0,255.6999969482422,270.29998779296875,275.8999938964844,278.29998779296875,282.5,5650.421875,3058.217041015625,1499.1502685546875,812.766845703125,175.79660034179688,274.3800048828125,97.5,91.0,69.68000030517578,2519.52001953125,0.0,0.4375,1485.4537353515625,100.0,41.0,0.0,31.0,11400.0,254.67074584960938,269.85772705078125,276.13470458984375,277.78228759765625,281.85247802734375,5639.5888671875,3053.27734375,1497.525634765625,810.0772705078125,164.42665100097656,278.377685546875,91.63704681396484,90.33786010742188,348.1793212890625,2220.0,0.0,3.4375,5651.5625,3060.791748046875,1503.16259765625,814.1911010742188,177.482666015625,255.4232177734375,269.937744140625,277.31500244140625,277.340087890625,280.85833740234375,102.57124328613281,70.6417007446289,79.94588470458984,91.3799057006836,,,,277.6409606933594,,102141.4375,94596.3046875,,17.33307456970215,95.0,,,32.0,32.0,384.0,72.0,73.0,,80.0,,38.0,,45.0,56.0,0.0,176.0,272.04998779296875,272.0899963378906,99.0,20.0,9.199999809265137,9.199999809265137
2022-05-03T03:52,2022-05-03T04:00,48,holdout_baserate,0,2022,5,3,46,2022-05-01T06:00,46,2022-05-01T06:00,46,2022-05-01T06:00,49,2022-05-01T03:00,45,2022-05-01T06:00,36,2022-05-01T16:00,-999.0,0.0,100.0,59.0,0.0,3118.094482421875,2667.55810546875,66700.0,73600.0,3824.1220703125,4.686594486236572,254.43841552734375,269.0793151855469,276.63519287109375,279.2893371582031,283.391357421875,5639.83251953125,3060.572021484375,1504.756103515625,166.01519775390625,276.323974609375,85.0999984741211,138.28248596191406,2331.1201171875,16000.0,0.0,0.10000000149011612,785.23388671875,100.0,100.0,18.0,77.5999984741211,175.27622985839844,0.0002519999979995191,1.125,254.88299560546875,269.1234130859375,274.8179626464844,276.77862548828125,280.9566345214844,5633.0888671875,3046.19287109375,1493.0721435546875,809.5415649414062,171.092529296875,277.03887939453125,99.19999694824219,99.19999694824219,168.8359375,2191.679931640625,1196.67626953125,100.0,99.0,28.0,1000.0,255.39999389648438,269.0,274.0,277.20001220703125,281.29998779296875,5647.94287109375,3053.686279296875,1506.9969482421875,823.9066162109375,182.95745849609375,274.5899658203125,100.0,99.0,141.27999877929688,1843.0400390625,0.00019999999494757503,1.1875,1677.1573486328125,100.0,0.0,0.0,1.0,16400.0,255.46067810058594,268.2503662109375,276.6770935058594,278.2982177734375,282.1609802246094,5640.7353515625,3054.35107421875,1501.091796875,811.489501953125,166.48204040527344,278.5096130371094,84.00723266601562,82.68534088134766,323.1898193359375,2220.0,0.0,0.0,5649.1953125,3059.707275390625,1503.717041015625,816.2839965820312,179.760986328125,254.775634765625,270.14654541015625,276.6007080078125,277.08349609375,280.7217712402344,98.7599105834961,75.43169403076172,77.99131774902344,93.4954605102539,,,,277.4906311035156,,102186.1875,94630.234375,,17.775087356567383,92.0,,,32.0,32.0,384.0,69.0,70.0,,76.0,,44.0,,52.0,61.0,0.0,147.0,272.08001708984375,271.9100036621094,100.0,15.0,9.199999809265137,9.199999809265137
2022-05-14T09:53,2022-05-14T10:00,24,holdout_baserate,0,2022,5,9,22,2022-05-13T12:00,22,2022-05-13T12:00,22,2022-05-13T12:00,25,2022-05-13T09:00,21,2022-05-13T12:00,24,2022-05-13T10:00,-999.0,0.0,0.0,0.0,100.0,nan,1393.8409423828125,nan,86500.0,nan,8.40577220916748,259.91351318359375,277.1134033203125,288.25567626953125,291.72998046875,295.71710205078125,5799.12548828125,3151.17919921875,1539.75634765625,144.88082885742188,286.9969177246094,71.19999694824219,251.3374786376953,3722.239990234375,22500.0,0.0,0.0,20000.1328125,0.0,0.0,2.0,0.0,24135.12109375,0.0,0.0,260.1353759765625,277.6853942871094,287.2369384765625,289.1150817871094,292.4869384765625,5805.4423828125,3150.722900390625,1539.33740234375,819.6272583007812,156.90621948242188,287.7508850097656,92.4000015258789,83.9000015258789,31.464372634887695,3877.60009765625,19999.9140625,43.0,1.0,0.0,0.0,259.79998779296875,278.20001220703125,287.70001220703125,289.29998779296875,293.6000061035156,5808.91455078125,3154.554443359375,1539.7550048828125,823.1488647460938,154.77188110351562,286.9200134277344,99.9000015258789,100.0,607.3599853515625,3974.719970703125,0.00039999998989515007,2.1875,nan,2.0,0.0,0.0,2.0,15100.0,259.3685302734375,277.87542724609375,287.996826171875,291.33209228515625,294.0648498535156,5805.2705078125,3155.146728515625,1545.1279296875,823.2487182617188,149.3277587890625,288.11346435546875,85.0,74.17601776123047,224.87637329101562,3960.0,0.0,0.0,5813.03515625,3159.502685546875,1547.00634765625,824.311767578125,158.21826171875,260.09619140625,277.72412109375,288.487548828125,291.3870544433594,295.00054931640625,34.5490837097168,56.32296371459961,68.34706115722656,87.5439682006836,,,,287.20391845703125,,101891.9375,94636.125,,19.076526641845703,31.0,,,88888.0,2552.0,256.0,45.0,47.0,,47.0,,57.0,,58.0,58.0,153.0,135.0,283.8899841308594,281.760009765625,88.0,5.0,10.0,11.199999809265137
2022-05-14T09:53,2022-05-14T10:00,48,holdout_baserate,0,2022,5,9,46,2022-05-12T12:00,46,2022-05-12T12:00,46,2022-05-12T12:00,49,2022-05-12T09:00,45,2022-05-12T12:00,36,2022-05-12T22:00,-999.0,0.0,0.0,0.0,0.0,nan,nan,nan,nan,nan,5.339078426361084,259.39434814453125,277.7449035644531,287.43756103515625,291.19793701171875,295.174072265625,5808.173828125,3159.993408203125,1551.026123046875,157.55357360839844,286.6031799316406,70.30000305175781,254.56356811523438,3916.639892578125,23200.0,0.0,0.0,20000.17578125,0.0,0.0,97.80000305175781,0.0,24134.966796875,0.0,0.0,260.07696533203125,276.7906494140625,287.3406677246094,288.940673828125,292.2806701660156,5807.7001953125,3149.508544921875,1542.404296875,822.7750244140625,160.31590270996094,287.513671875,93.5999984741211,85.0,27.753969192504883,4030.56005859375,20000.009765625,38.0,0.0,0.0,24100.0,260.3999938964844,278.8999938964844,287.5,290.5,294.8999938964844,5816.55908203125,3157.676025390625,1543.089111328125,824.7896118164062,158.38150024414062,287.1400146484375,92.9000015258789,86.0,311.2799987792969,4070.8798828125,0.0,0.3125,nan,8.0,29.0,58.0,8.0,14500.0,259.3199462890625,277.6524963378906,287.58984375,290.2605895996094,293.121337890625,5804.5537109375,3157.18017578125,1547.9031982421875,828.2842407226562,156.56060791015625,287.3927001953125,86.29470825195312,77.97415161132812,179.23049926757812,3890.0,0.0,0.0,5813.046875,3158.01513671875,1544.814208984375,823.3104858398438,157.898193359375,260.0885314941406,278.4237976074219,288.39495849609375,290.88153076171875,294.60723876953125,51.841766357421875,53.45270538330078,69.30844116210938,86.39258575439453,,,,286.5670471191406,,101889.875,94624.640625,,19.635488510131836,13.0,,,88888.0,848.0,256.0,35.0,37.0,,40.0,,71.0,,77.0,79.0,110.0,114.0,283.3499755859375,281.4800109863281,88.0,5.0,9.600000381469727,10.399999618530273
2022-05-14T09:53,2022-05-14T10:00,1,holdout_baserate,0,2022,5,9,1,2022-05-14T09:00,4,2022-05-14T06:00,4,2022-05-14T06:00,1,2022-05-14T09:00,3,2022-05-14T06:00,1,2022-05-14T09:00,-999.0,0.0,0.0,0.0,0.0,nan,1344.8919677734375,nan,87000.0,nan,8.881730079650879,259.8875732421875,276.98394775390625,288.26361083984375,291.29302978515625,295.19378662109375,5802.0126953125,3154.385986328125,1543.845703125,150.33999633789062,287.0137023925781,69.0,310.63409423828125,3770.39990234375,23700.0,0.0,0.0,20000.119140625,0.0,0.0,0.0,0.0,24135.25390625,0.0,0.0,259.93804931640625,277.4965515136719,287.4118347167969,289.6434326171875,293.0234069824219,5800.57421875,3148.79931640625,1537.81982421875,816.4926147460938,152.97352600097656,288.3685607910156,91.69999694824219,83.30000305175781,38.36312484741211,3858.080078125,20000.181640625,12.0,0.0,0.0,24100.0,260.1000061035156,278.1000061035156,287.70001220703125,290.5,294.79998779296875,5807.4208984375,3155.1875,1537.3988037109375,818.859619140625,149.53932189941406,287.67999267578125,94.9000015258789,94.0,311.20001220703125,3857.43994140625,0.0,0.875,nan,1.0,0.0,0.0,1.0,15700.0,259.91424560546875,277.504638671875,287.6336975097656,290.9584655761719,293.72442626953125,5800.869140625,3154.1640625,1543.926025390625,823.3225708007812,150.9329071044922,287.9034729003906,83.85174560546875,75.6417007446289,235.30482482910156,3830.0,0.0,0.0,5806.19140625,3156.419189453125,1544.7568359375,822.31689453125,155.25048828125,259.57611083984375,277.5099182128906,288.5299987792969,291.614501953125,295.7054443359375,38.128150939941406,55.276939392089844,68.23223876953125,79.48870849609375,,,,288.4661865234375,,101865.875,94606.6328125,,20.3131103515625,9.0,,,88888.0,2136.0,209.0,65.0,76.0,,80.0,,67.0,,67.0,67.0,224.0,148.0,283.92999267578125,281.9800109863281,88.0,3.0,10.399999618530273,11.199999809265137
2022-05-25T21:55,2022-05-25T22:00,1,holdout_baserate,0,2022,5,21,1,2022-05-25T21:00,4,2022-05-25T18:00,4,2022-05-25T18:00,1,2022-05-25T21:00,9,2022-05-25T12:00,1,2022-05-25T21:00,-999.0,0.0,5.0,0.0,0.0,nan,nan,nan,nan,nan,2.1664812564849854,260.99554443359375,273.0487060546875,282.04473876953125,288.55023193359375,293.2898254394531,5789.263671875,3158.62841796875,1585.53662109375,211.88648986816406,285.76068115234375,56.599998474121094,1173.106689453125,3050.239990234375,33200.0,0.0,0.0,6130.6162109375,60.599998474121094,4.599999904632568,9.300000190734863,0.0,24135.005859375,4.800000169780105e-06,0.0,260.99090576171875,271.7328186035156,282.1986389160156,288.30596923828125,292.7659912109375,5782.830078125,3154.063720703125,1583.4134521484375,874.9554443359375,212.44195556640625,289.07183837890625,63.20000076293945,53.099998474121094,332.7805480957031,2620.159912109375,20000.025390625,28.0,1.0,0.0,24100.0,261.1000061035156,274.0,281.5,286.70001220703125,290.8999938964844,5790.89794921875,3161.994140625,1587.026611328125,880.7906494140625,216.58680725097656,285.1200256347656,79.9000015258789,79.0,492.4800109863281,3308.639892578125,0.0,0.0,nan,2.0,0.0,5.0,2.0,47400.0,260.81304931640625,273.23724365234375,282.01544189453125,288.7594909667969,293.8891296386719,5783.80126953125,3156.55517578125,1582.18994140625,874.073486328125,208.36965942382812,290.37481689453125,43.3350944519043,43.19732666015625,1517.327392578125,3180.0,0.0,0.0,5781.859375,3157.427490234375,1587.05224609375,878.050048828125,213.088623046875,260.6363525390625,272.10162353515625,282.10369873046875,289.1470642089844,294.1038818359375,12.902850151062012,57.940155029296875,39.897430419921875,35.29978561401367,,,,292.1676940917969,,102531.375,95226.6796875,,14.030987739562988,44.0,,,88886.0,2600.0,16274.0,0.0,12.0,,25.0,,12.0,,12.0,12.0,15.0,1135.0,280.9599914550781,274.7699890136719,64.0,1.0,6.0,6.0
2022-05-25T21:55,2022-05-25T22:00,24,holdout_baserate,0,2022,5,21,22,2022-05-25T00:00,22,2022-05-25T00:00,22,2022-05-25T00:00,25,2022-05-24T21:00,33,2022-05-24T12:00,24,2022-05-24T22:00,-999.0,31.0,38.0,0.0,85.0,10783.71875,2458.33544921875,nan,76500.0,12304.140625,2.7740352153778076,261.3708190917969,271.68487548828125,281.72802734375,288.169921875,292.93475341796875,5787.4072265625,3158.9482421875,1590.53564453125,219.5904083251953,285.0154724121094,68.5,1388.9886474609375,2580.320068359375,24100.0,0.0,0.0,19999.869140625,19.399999618530273,0.0,5.0,0.0,24135.326171875,5.599999894911889e-06,0.0625,261.491455078125,271.9930419921875,281.4111328125,288.0632019042969,292.7231750488281,5783.83154296875,3151.97802734375,1583.02490234375,875.8167114257812,213.53347778320312,289.2489013671875,56.20000076293945,54.0,1064.0330810546875,2595.0400390625,20000.123046875,15.0,4.0,1.0,24100.0,261.20001220703125,274.29998779296875,280.70001220703125,286.3999938964844,290.70001220703125,5782.45166015625,3155.886962890625,1581.4119873046875,876.4505615234375,215.0730743408203,285.3299865722656,66.5999984741211,69.0,880.3200073242188,3320.9599609375,0.0,0.0,11968.98046875,6.0,0.0,60.0,6.0,46900.0,261.2214050292969,272.6652526855469,281.1545715332031,288.04583740234375,293.2102355957031,5786.01806640625,3155.713623046875,1586.6727294921875,880.517578125,216.3911895751953,289.975830078125,43.018341064453125,44.91913604736328,1577.0267333984375,2960.0,0.0,0.0,5776.52734375,3155.046875,1584.60986328125,875.9027709960938,211.1591796875,260.8448181152344,272.26513671875,281.981689453125,288.99664306640625,293.971923828125,7.2444047927856445,58.1186637878418,40.75486373901367,36.10129165649414,,,,291.9977722167969,,102511.75,95209.375,,13.024761199951172,46.0,,,88888.0,5464.0,384.0,0.0,0.0,,10.0,,25.0,,25.0,25.0,7.0,1167.0,281.0400085449219,273.8799743652344,61.0,0.0,6.400000095367432,6.699999809265137
2022-05-25T21:55,2022-05-25T22:00,48,holdout_baserate,0,2022,5,21,46,2022-05-24T00:00,46,2022-05-24T00:00,46,2022-05-24T00:00,49,2022-05-23T21:00,57,2022-05-23T12:00,36,2022-05-24T10:00,-999.0,0.0,1.0,3.0,25.0,nan,1953.94775390625,nan,27200.0,nan,3.079381227493286,261.3470764160156,269.91473388671875,282.271728515625,288.8182373046875,293.5264587402344,5772.5771484375,3153.910888671875,1585.541259765625,215.2402801513672,285.802490234375,59.79999923706055,1218.9031982421875,2696.9599609375,30000.0,0.0,0.0,15867.01171875,51.400001525878906,0.0,17.399999618530273,0.0,24134.919921875,6.000000212225132e-06,0.0625,260.739990234375,269.7508850097656,282.6222839355469,288.96112060546875,293.44244384765625,5773.376953125,3149.290283203125,1579.71826171875,869.99267578125,206.4416046142578,289.71832275390625,62.70000076293945,51.400001525878906,299.0680236816406,2598.239990234375,20000.130859375,6.0,24.0,8.0,24100.0,260.3999938964844,273.5,281.1000061035156,286.79998779296875,291.1000061035156,5780.10546875,3159.349609375,1583.24365234375,877.7247924804688,215.0488739013672,285.80999755859375,55.70000076293945,57.0,1233.199951171875,3206.56005859375,0.0,0.0,nan,5.0,0.0,0.0,5.0,43601.84765625,261.2959899902344,272.07666015625,281.31903076171875,288.21832275390625,293.41314697265625,5778.9697265625,3158.712890625,1590.8798828125,884.26171875,220.66595458984375,289.9319763183594,46.08673095703125,45.86888122558594,1560.0382080078125,2820.0,0.0,0.0,5769.796875,3151.266357421875,1578.283447265625,869.677978515625,204.90869140625,260.44586181640625,272.7606201171875,281.9355163574219,289.02301025390625,294.0089416503906,6.321995735168457,55.69972229003906,38.663726806640625,34.09534454345703,,,,291.6412048339844,,102449.25,95135.4453125,,10.827302932739258,8.0,,,88888.0,1032.0,457.0,7.0,11.0,,27.0,,32.0,,32.0,32.0,10.0,1032.0,280.79998779296875,274.1300048828125,63.0,1.0,7.199999809265137,7.599999904632568
2022-06-07T09:50,2022-06-07T10:00,1,holdout_baserate,0,2022,6,9,1,2022-06-07T09:00,4,2022-06-07T06:00,4,2022-06-07T06:00,1,2022-06-07T09:00,3,2022-06-07T06:00,1,2022-06-07T09:00,-999.0,0.0,0.0,0.0,19.0,nan,nan,nan,nan,nan,5.558501243591309,259.97021484375,274.02459716796875,284.9043273925781,288.328857421875,292.13006591796875,5748.43359375,3112.48974609375,1520.9085693359375,144.9908905029297,283.3172912597656,60.5,175.57449340820312,3363.95263671875,30100.0,0.0,0.0,5541.646484375,1.2999999523162842,95.9000015258789,100.0,0.0,24134.705078125,0.0,0.0,259.9065856933594,273.57513427734375,284.3396301269531,285.2266845703125,289.00360107421875,5738.7314453125,3104.706787109375,1515.64404296875,804.8916015625,147.99542236328125,284.3302917480469,75.0999984741211,67.30000305175781,27.799327850341797,3190.080078125,19999.9375,0.0,8.0,22.0,24100.0,260.29998779296875,275.20001220703125,284.1000061035156,289.20001220703125,293.5,5748.10107421875,3109.01416015625,1514.62060546875,801.6666259765625,144.86398315429688,286.67999267578125,65.4000015258789,68.0,599.2000122070312,3324.639892578125,0.0,0.0,4480.2529296875,0.0,100.0,100.0,0.0,27200.0,259.6958312988281,273.7258605957031,285.0246887207031,288.8625183105469,290.9151306152344,5733.5556640625,3107.3671875,1516.9638671875,803.439453125,140.26754760742188,284.61431884765625,65.21505737304688,51.896366119384766,93.45565032958984,3190.0,0.0,0.0,5738.140625,3106.482177734375,1516.7666015625,804.55810546875,144.11572265625,259.7685546875,273.91705322265625,283.99774169921875,288.57415771484375,292.03118896484375,77.45885467529297,60.11210250854492,47.26284408569336,67.18495178222656,,,,284.28070068359375,,101699.375,94427.8671875,,23.24527359008789,84.0,,,2224.0,2176.0,16209.0,0.0,0.0,,5.0,,1.0,,1.0,1.0,0.0,144.0,280.1499938964844,276.71002197265625,78.0,1.0,9.199999809265137,9.300000190734863
2022-06-07T09:50,2022-06-07T10:00,24,holdout_baserate,0,2022,6,9,22,2022-06-06T12:00,22,2022-06-06T12:00,22,2022-06-06T12:00,25,2022-06-06T09:00,21,2022-06-06T12:00,24,2022-06-06T10:00,-999.0,0.0,0.0,16.0,20.0,10324.353515625,5063.5927734375,nan,54700.0,12274.4619140625,6.160764694213867,259.2877197265625,273.1327209472656,284.13153076171875,288.2353515625,291.93890380859375,5745.51953125,3117.38916015625,1530.34033203125,157.0395050048828,282.9095764160156,63.70000076293945,217.16830444335938,3168.388427734375,27700.0,0.0,0.0,5105.728515625,3.700000047683716,97.30000305175781,100.0,0.0,24134.890625,0.0,0.0,259.9129638671875,273.9139709472656,284.49334716796875,285.23333740234375,288.9530029296875,5743.53076171875,3107.612548828125,1517.1961669921875,806.0753173828125,149.2947235107422,284.20733642578125,72.30000305175781,63.70000076293945,24.91611671447754,3248.0,19999.97265625,1.0,43.0,10.0,24100.0,260.3999938964844,274.79998779296875,283.5,288.6000061035156,292.8999938964844,5750.6689453125,3113.233642578125,1521.298828125,809.98388671875,151.10659790039062,285.2500305175781,73.0999984741211,65.0,543.52001953125,3350.39990234375,0.0,0.0,9079.1865234375,3.0,86.0,54.0,0.0,32500.0,258.55902099609375,273.08172607421875,284.0922546386719,288.492431640625,291.1152038574219,5746.791015625,3121.049072265625,1534.251220703125,822.34716796875,159.9807891845703,285.1564025878906,58.16476821899414,52.36243438720703,181.50718688964844,3130.0,0.0,0.0,5741.00390625,3108.5751953125,1518.284423828125,805.4715576171875,146.128173828125,259.54962158203125,273.29595947265625,284.80120849609375,288.44989013671875,291.4375,84.74195098876953,51.71706008911133,49.24950408935547,71.54505920410156,,,,283.36553955078125,,101712.25,94432.40625,,21.83098030090332,57.0,,,30.0,32.0,256.0,15.0,15.0,,25.0,,32.0,,32.0,32.0,0.0,139.0,280.2300109863281,276.6199951171875,77.0,6.0,8.800000190734863,8.899999618530273
2022-06-07T09:50,2022-06-07T10:00,48,holdout_baserate,0,2022,6,9,46,2022-06-05T12:00,46,2022-06-05T12:00,46,2022-06-05T12:00,49,2022-06-05T09:00,45,2022-06-05T12:00,36,2022-06-05T22:00,-999.0,0.0,1.0,0.0,2.0,nan,3148.177001953125,nan,69900.0,nan,7.51666259765625,260.05926513671875,273.3829650878906,284.1849060058594,288.6334533691406,292.45733642578125,5759.4404296875,3130.68359375,1543.3052978515625,168.1297607421875,283.6499328613281,61.599998474121094,324.03594970703125,3186.669189453125,29000.0,0.0,0.0,20000.169921875,1.0,8.800000190734863,92.5,0.0,24135.181640625,0.0,0.0,261.7218322753906,274.5527648925781,283.9857482910156,282.70574951171875,286.44134521484375,5754.0576171875,3107.051513671875,1516.6708984375,810.0308837890625,158.4600830078125,282.0111999511719,90.30000305175781,84.5999984741211,49.41470718383789,3470.8798828125,20000.142578125,0.0,8.0,6.0,24100.0,260.3999938964844,274.1000061035156,283.20001220703125,288.1000061035156,292.3999938964844,5748.86083984375,3110.66259765625,1520.6787109375,810.5010986328125,151.180419921875,285.5400085449219,70.0999984741211,72.0,395.1199951171875,3368.9599609375,0.0,0.0,11263.6455078125,0.0,0.0,46.0,0.0,28400.0,260.61737060546875,273.17608642578125,284.0685119628906,288.0298156738281,290.8560791015625,5751.4912109375,3126.809326171875,1540.254638671875,828.8767700195312,166.95681762695312,284.5151672363281,64.38008117675781,55.43187713623047,169.91793823242188,3140.0,0.0,0.0,5745.15234375,3110.955810546875,1515.428955078125,802.36865234375,144.48828125,259.82037353515625,274.35137939453125,285.3233642578125,287.62139892578125,290.56195068359375,86.23283386230469,52.164100646972656,56.92570877075195,72.24594116210938,,,,283.49188232421875,,101684.1875,94400.609375,,23.587646484375,46.0,,,88886.0,2096.0,256.0,28.0,28.0,,36.0,,44.0,,44.0,44.0,0.0,149.0,280.1199951171875,276.66998291015625,78.0,6.0,9.199999809265137,9.699999809265137
2022-06-20T21:54,2022-06-20T22:00,1,holdout_baserate,0,2022,6,21,1,2022-06-20T21:00,4,2022-06-20T18:00,4,2022-06-20T18:00,1,2022-06-20T21:00,3,2022-06-20T18:00,1,2022-06-20T21:00,-999.0,0.0,0.0,0.0,0.0,nan,nan,nan,nan,nan,5.826984882354736,259.11810302734375,271.871337890625,281.7369689941406,288.1104736328125,292.7498474121094,5697.68701171875,3087.560546875,1516.974853515625,147.9097900390625,283.9598693847656,52.29999923706055,829.1966552734375,2842.56005859375,37600.0,0.0,0.0,8736.630859375,0.0,0.0,100.0,0.0,24134.90234375,0.0,0.0,259.5501708984375,272.0708923339844,281.722900390625,288.6871032714844,293.12176513671875,5702.7607421875,3088.442138671875,1518.86083984375,811.3389892578125,149.30247497558594,289.2025451660156,40.099998474121094,37.0,1615.5941162109375,2909.43994140625,19999.896484375,7.0,0.0,0.0,24100.0,259.3999938964844,272.3999938964844,280.70001220703125,285.6000061035156,289.79998779296875,5708.1806640625,3091.531494140625,1520.873779296875,817.997314453125,148.6395263671875,284.44000244140625,64.4000015258789,68.0,346.7200012207031,2779.840087890625,0.0,0.0,nan,0.0,0.0,15.0,0.0,42500.0,258.7543640136719,272.6138000488281,281.4948425292969,288.3426208496094,293.23773193359375,5709.5400390625,3098.497314453125,1525.898193359375,818.9451904296875,153.90899658203125,288.4584045410156,47.092193603515625,39.95493698120117,1251.3795166015625,3020.0,0.0,0.0,5705.609375,3087.0029296875,1519.359375,813.4288940429688,151.35205078125,259.83984375,272.2029113769531,281.0225524902344,287.91229248046875,292.6248779296875,5.266542434692383,57.58728790283203,41.29353332519531,38.38835906982422,,,,290.373046875,,101800.1875,94526.15625,,10.99111270904541,9.0,,,88886.0,3584.0,16274.0,7.0,7.0,,7.0,,6.0,,6.0,6.0,0.0,1094.0,279.1199951171875,272.6499938964844,64.0,0.0,10.800000190734863,12.100000381469727
2022-06-20T21:54,2022-06-20T22:00,24,holdout_baserate,0,2022,6,21,22,2022-06-20T00:00,22,2022-06-20T00:00,22,2022-06-20T00:00,25,2022-06-19T21:00,21,2022-06-20T00:00,24,2022-06-19T22:00,-999.0,0.0,0.0,0.0,0.0,nan,nan,nan,nan,nan,5.103236198425293,258.9978332519531,271.6822204589844,280.1291809082031,286.5457763671875,291.14337158203125,5685.3466796875,3074.92724609375,1509.656005859375,145.81394958496094,282.6750183105469,62.400001525878906,784.5381469726562,2715.155517578125,29600.0,0.0,0.0,19999.828125,3.799999952316284,0.0,0.0,0.0,24135.28125,0.0,0.0,259.0001220703125,271.87164306640625,281.29833984375,288.28387451171875,292.7171630859375,5693.52734375,3083.691162109375,1517.6240234375,811.254638671875,149.8546600341797,288.9120178222656,38.29999923706055,35.79999923706055,1649.9112548828125,2392.639892578125,20000.02734375,1.0,0.0,0.0,24100.0,259.5,273.29998779296875,280.20001220703125,285.8999938964844,290.1000061035156,5694.1181640625,3077.88916015625,1511.162353515625,807.9752197265625,142.22669982910156,284.5,54.900001525878906,57.0,1545.280029296875,3107.52001953125,0.0,0.0,nan,4.0,0.0,1.0,4.0,29800.0,258.9180603027344,272.1761169433594,279.0284423828125,285.69268798828125,290.60760498046875,5685.486328125,3075.4658203125,1511.021484375,810.18505859375,149.25865173339844,286.42266845703125,62.0,56.92129135131836,1107.443359375,2880.0,0.0,0.0,5700.2109375,3082.1728515625,1512.255615234375,805.3560791015625,143.153076171875,259.76348876953125,272.46173095703125,281.266357421875,288.18914794921875,292.89013671875,7.84857177734375,59.850650787353516,42.51688766479492,39.80167770385742,,,,290.60894775390625,,101699.3125,94441.015625,,11.048176765441895,31.0,,,88888.0,4360.0,384.0,0.0,2.0,,19.0,,27.0,,27.0,27.0,3.0,1098.0,278.55999755859375,272.75,65.0,0.0,11.199999809265137,12.800000190734863
2022-06-20T21:54,2022-06-20T22:00,48,holdout_baserate,0,2022,6,21,46,2022-06-19T00:00,46,2022-06-19T00:00,46,2022-06-19T00:00,49,2022-06-18T21:00,45,2022-06-19T00:00,36,2022-06-19T10:00,-999.0,0.0,0.0,100.0,100.0,7522.48876953125,7033.212890625,34600.0,41900.0,12179.6650390625,5.413182735443115,260.26361083984375,272.9339599609375,279.6739501953125,285.5063781738281,290.12786865234375,5716.958984375,3086.030029296875,1515.97509765625,153.44595336914062,281.7223815917969,66.19999694824219,448.511962890625,3099.580810546875,27000.0,0.0,5.460000038146973,19999.826171875,4.0,0.0,100.0,0.0,24135.095703125,0.0,0.0,260.21026611328125,272.288818359375,281.1494445800781,288.1440124511719,292.5503845214844,5692.21826171875,3078.76513671875,1512.59033203125,806.5037841796875,145.28640747070312,288.79193115234375,40.400001525878906,38.29999923706055,1639.4580078125,2372.159912109375,8420.439453125,6.0,7.0,60.0,24100.0,260.70001220703125,272.5,278.6000061035156,284.1000061035156,288.3999938964844,5696.04248046875,3070.135498046875,1500.4222412109375,801.2496337890625,134.65560913085938,282.8800048828125,68.0999984741211,73.0,388.1600036621094,2915.199951171875,0.0,0.0,7409.67919921875,6.0,100.0,100.0,6.0,29600.0,260.3055725097656,273.1772155761719,278.119140625,284.5260314941406,289.47467041015625,5715.82080078125,3085.33203125,1516.986083984375,819.0819091796875,159.36460876464844,285.497802734375,63.012176513671875,59.20676040649414,865.8200073242188,3130.0,0.0,1.625,5695.5546875,3080.570556640625,1508.031005859375,803.27783203125,142.078125,259.46002197265625,272.7794189453125,280.4628601074219,287.38128662109375,292.11541748046875,5.3628034591674805,59.73900604248047,43.11465072631836,39.16387939453125,,,,289.90496826171875,,101690.125,94410.109375,,9.936153411865234,31.0,,,88888.0,1664.0,384.0,15.0,22.0,,33.0,,37.0,,37.0,37.0,0.0,920.0,278.2699890136719,272.8399963378906,67.0,0.0,10.899999618530273,12.399999618530273
2022-07-04T21:51,2022-07-04T22:00,1,holdout_baserate,0,2022,7,21,1,2022-07-04T21:00,4,2022-07-04T18:00,4,2022-07-04T18:00,1,2022-07-04T21:00,3,2022-07-04T18:00,1,2022-07-04T21:00,-999.0,0.0,0.0,0.0,0.0,nan,nan,nan,nan,nan,5.912309646606445,258.01861572265625,272.87823486328125,283.7230224609375,290.28265380859375,294.9182434082031,5717.6357421875,3098.735107421875,1519.377685546875,141.99708557128906,285.9361572265625,57.0,936.1322021484375,3430.8818359375,33700.0,0.0,0.0,19977.1015625,23.0,0.0,0.4000000059604645,0.0,24135.34765625,0.0,0.0,257.8800048828125,271.73651123046875,284.1752014160156,291.2798767089844,295.7919006347656,5724.74365234375,3106.519775390625,1527.754150390625,813.69873046875,147.68577575683594,291.8931579589844,40.70000076293945,39.0,2042.756103515625,2762.56005859375,19999.998046875,0.0,0.0,0.0,24100.0,257.79998779296875,273.29998779296875,283.1000061035156,288.79998779296875,293.1000061035156,5724.53759765625,3105.418701171875,1525.4315185546875,813.9813232421875,141.46804809570312,287.5199890136719,65.69999694824219,69.0,881.5999755859375,3140.9599609375,0.0,0.0,nan,0.0,0.0,0.0,0.0,39200.0,257.3821716308594,272.1871643066406,283.695068359375,290.581787109375,295.5457763671875,5725.78564453125,3112.505126953125,1534.54443359375,821.6080322265625,154.5799560546875,290.95526123046875,51.045440673828125,45.07896423339844,1638.423583984375,2910.0,0.0,0.0,5719.28125,3108.017333984375,1531.21142578125,819.2694702148438,153.521728515625,257.389404296875,271.6539001464844,283.14617919921875,290.15814208984375,294.9043273925781,70.80301666259766,63.422183990478516,43.92493438720703,40.4406623840332,,,,292.5224609375,,101821.8125,94562.640625,,17.38577651977539,11.0,,,88886.0,271.0,16274.0,15.0,24.0,,61.0,,7.0,,7.0,7.0,50.0,1166.0,281.77996826171875,277.28997802734375,73.0,0.0,11.199999809265137,12.5
2022-07-04T21:51,2022-07-04T22:00,24,holdout_baserate,0,2022,7,21,22,2022-07-04T00:00,22,2022-07-04T00:00,22,2022-07-04T00:00,25,2022-07-03T21:00,21,2022-07-04T00:00,24,2022-07-03T22:00,-999.0,0.0,2.0,0.0,0.0,nan,nan,nan,nan,nan,5.217706203460693,257.97552490234375,270.74169921875,283.815185546875,290.42547607421875,295.0633850097656,5724.703125,3113.80810546875,1537.746826171875,162.0765380859375,286.56365966796875,56.099998474121094,1333.6075439453125,2771.698974609375,34300.0,0.0,0.0,20000.076171875,11.899999618530273,0.0,39.70000076293945,0.0,24135.20703125,0.0,0.0,258.553466796875,271.6126708984375,283.57440185546875,290.23333740234375,294.5448303222656,5733.4716796875,3108.5087890625,1529.0367431640625,816.3082275390625,151.62290954589844,290.4808349609375,55.79999923706055,51.400001525878906,1376.110107421875,2802.39990234375,19999.984375,2.0,0.0,11.0,24100.0,258.29998779296875,273.29998779296875,282.8999938964844,288.70001220703125,293.0,5728.4599609375,3110.404296875,1531.3646240234375,820.8056030273438,148.21148681640625,287.3299865722656,56.20000076293945,58.0,980.3200073242188,3141.919921875,0.0,0.0,nan,1.0,0.0,0.0,1.0,32100.0,257.934814453125,270.9291076660156,283.23175048828125,290.0655517578125,295.0114440917969,5723.1748046875,3115.020263671875,1537.9483642578125,825.9779663085938,160.59934997558594,290.6544189453125,59.0,54.15083694458008,1512.2882080078125,2800.0,0.0,0.0625,5725.03125,3104.599853515625,1530.333984375,819.0239868164062,153.634765625,258.5189208984375,271.3104248046875,282.974365234375,289.8740539550781,294.69573974609375,71.2664794921875,62.44972229003906,44.30608367919922,39.689300537109375,,,,291.98834228515625,,101818.6875,94571.21875,,16.45151710510254,33.0,,,88888.0,3504.0,384.0,43.0,51.0,,73.0,,31.0,,31.0,31.0,32.0,1082.0,281.57000732421875,276.8899841308594,73.0,1.0,10.800000190734863,12.100000381469727
2022-07-04T21:51,2022-07-04T22:00,48,holdout_baserate,0,2022,7,21,46,2022-07-03T00:00,46,2022-07-03T00:00,46,2022-07-03T00:00,49,2022-07-02T21:00,45,2022-07-03T00:00,36,2022-07-03T10:00,-999.0,0.0,3.0,100.0,100.0,10253.6298828125,2779.8720703125,42600.0,73000.0,11729.9716796875,5.363610744476318,259.78271484375,271.18310546875,283.8891296386719,290.4264221191406,295.0751037597656,5739.27099609375,3115.72802734375,1538.7572021484375,161.8247833251953,286.3782958984375,58.099998474121094,1338.4310302734375,2779.831787109375,32300.0,0.0,0.0,6537.8369140625,40.0,0.0,100.0,0.0,24135.017578125,0.0,0.0,260.173095703125,271.4462585449219,283.57275390625,290.929443359375,295.4847412109375,5739.8779296875,3112.7060546875,1535.8497314453125,822.6175537109375,156.6966552734375,291.68658447265625,47.900001525878906,46.099998474121094,2161.6171875,2736.320068359375,19999.876953125,4.0,3.0,0.0,24100.0,259.8999938964844,274.20001220703125,281.0,285.8999938964844,290.1000061035156,5737.5419921875,3101.753173828125,1522.4417724609375,817.7037963867188,147.1177520751953,284.010009765625,90.0,90.0,651.0399780273438,3391.360107421875,0.0,0.6875,8796.125,7.0,55.0,100.0,7.0,37000.0,259.761962890625,272.3639831542969,282.0229797363281,288.9002380371094,293.89361572265625,5733.71728515625,3109.56884765625,1536.857177734375,828.2266845703125,163.5826416015625,289.42987060546875,53.0,48.4006462097168,1470.64111328125,2860.0,0.0,0.0,5741.19140625,3107.987548828125,1530.9619140625,818.8653564453125,152.9072265625,260.11920166015625,272.81005859375,283.220703125,290.177001953125,294.97625732421875,50.83472442626953,62.71278381347656,44.584800720214844,41.07783508300781,,,,292.33966064453125,,101815.0625,94559.625,,16.512319564819336,42.0,,,88888.0,784.0,457.0,32.0,43.0,,69.0,,38.0,,38.0,38.0,25.0,1230.0,281.69000244140625,277.1499938964844,72.0,3.0,10.800000190734863,12.5
2022-07-20T00:53,2022-07-20T01:00,1,holdout_baserate,0,2022,7,0,1,2022-07-20T00:00,1,2022-07-20T00:00,1,2022-07-20T00:00,1,2022-07-20T00:00,0,2022-07-20T00:00,1,2022-07-20T00:00,-999.0,0.0,0.0,0.0,0.0,nan,nan,nan,nan,nan,9.624053001403809,264.4010925292969,279.8028564453125,289.87286376953125,294.9064025878906,299.33660888671875,5732.55810546875,3045.595703125,1425.878173828125,20.31475830078125,288.2068176269531,72.0999984741211,470.9774169921875,4643.611328125,22000.0,0.0,0.0,20000.17578125,0.0,0.0,1.0,0.0,24134.8828125,0.0,0.0,264.5421142578125,279.33111572265625,288.01666259765625,290.7041931152344,295.061279296875,5742.0537109375,3053.058837890625,1437.4412841796875,714.408447265625,49.514923095703125,289.6000061035156,83.9000015258789,80.4000015258789,255.54891967773438,4476.0,19999.92578125,9.0,0.0,0.0,24100.0,265.0,278.79998779296875,288.29998779296875,292.5,296.8999938964844,5743.8544921875,3052.28271484375,1435.948486328125,712.1217041015625,31.248750686645508,289.2699890136719,95.80000305175781,97.0,661.4400024414062,4576.31982421875,0.0,0.0,nan,0.0,0.0,0.0,0.0,21500.0,263.8736877441406,278.944580078125,290.09564208984375,295.826904296875,300.1540832519531,5745.40771484375,3063.8095703125,1445.037353515625,715.36962890625,35.373069763183594,292.7095947265625,73.56253051757812,62.75603485107422,721.6986083984375,4460.0,0.0,0.0,5735.80859375,3051.39892578125,1431.54150390625,705.2702026367188,34.626220703125,264.3334655761719,279.5223693847656,289.1463623046875,294.23272705078125,298.86077880859375,35.99040222167969,63.75119400024414,70.98739624023438,73.11160278320312,,,,293.9225158691406,,100413.9375,93296.3671875,,19.755903244018555,14.0,,,88886.0,872.0,256.0,55.0,67.0,,70.0,,75.0,,75.0,75.0,349.0,433.0,284.7799987792969,284.39996337890625,98.0,3.0,14.0,16.0
2022-07-20T00:53,2022-07-20T01:00,24,holdout_baserate,0,2022,7,0,25,2022-07-19T00:00,25,2022-07-19T00:00,25,2022-07-19T00:00,22,2022-07-19T03:00,24,2022-07-19T00:00,24,2022-07-19T01:00,-999.0,0.0,0.0,0.0,0.0,nan,nan,nan,nan,nan,6.7585554122924805,264.94012451171875,279.534912109375,289.2730407714844,294.7354736328125,299.11529541015625,5750.17138671875,3061.626953125,1444.015625,38.641387939453125,288.44244384765625,82.0999984741211,726.0062255859375,4721.12890625,16900.0,0.0,35.97999954223633,20000.0703125,0.0,0.0,0.0,0.0,24134.962890625,0.0,0.0,264.6546325683594,279.0097351074219,289.0597229003906,291.31024169921875,295.57550048828125,5751.97802734375,3060.949951171875,1440.9879150390625,716.0235595703125,50.37628173828125,290.0,86.5,81.80000305175781,64.65714263916016,4477.27978515625,20000.140625,25.0,0.0,0.0,24100.0,265.5,281.1000061035156,286.5,291.8999938964844,296.29998779296875,5740.765625,3042.06591796875,1427.6209716796875,706.0291137695312,26.371030807495117,289.0299987792969,89.5999984741211,92.0,796.7999877929688,4606.39990234375,0.0,0.3125,1019.4986572265625,78.0,0.0,35.0,78.0,12700.0,263.510009765625,278.9172668457031,288.15924072265625,292.558349609375,297.0736083984375,5741.55419921875,3060.035888671875,1446.70166015625,722.4861450195312,44.04449462890625,291.5299377441406,93.26471710205078,89.67350006103516,470.27667236328125,4440.0,0.0,13.5,5739.83203125,3050.985595703125,1431.100830078125,705.3162231445312,34.863037109375,264.7070007324219,279.104248046875,288.4846496582031,294.31146240234375,298.8916015625,54.04862976074219,81.11385345458984,69.68943786621094,71.06706237792969,,,,293.66845703125,,100411.0625,93291.515625,,22.97187042236328,46.0,,,88886.0,616.0,256.0,40.0,43.0,,47.0,,54.0,,54.0,54.0,407.0,454.0,284.6199951171875,284.7400207519531,100.0,6.0,13.600000381469727,15.300000190734863
2022-07-20T00:53,2022-07-20T01:00,48,holdout_baserate,0,2022,7,0,43,2022-07-18T06:00,49,2022-07-18T00:00,49,2022-07-18T00:00,46,2022-07-18T03:00,48,2022-07-18T00:00,36,2022-07-18T13:00,-999.0,0.0,4.0,0.0,0.0,nan,nan,nan,nan,nan,4.172237396240234,264.8905029296875,278.0572509765625,289.79046630859375,295.2323303222656,299.6037902832031,5747.02783203125,3072.39990234375,1451.38037109375,45.08601379394531,288.7969055175781,85.30000305175781,540.4805297851562,4373.5546875,15600.0,0.0,61.84000015258789,19999.822265625,2.299999952316284,0.0,0.0,0.30000001192092896,24135.12109375,2.4000000848900527e-06,0.0,264.06097412109375,281.2272033691406,287.9141540527344,290.3999938964844,294.65594482421875,5755.263671875,3060.605224609375,1440.8505859375,718.0398559570312,53.233829498291016,289.4559631347656,93.69999694824219,90.80000305175781,193.67916870117188,4536.64013671875,19999.8125,12.0,0.0,5.0,0.0,265.20001220703125,282.0,289.0,293.5,297.8999938964844,5756.77587890625,3056.7470703125,1429.7802734375,703.184326171875,24.577110290527344,290.1700134277344,100.0,100.0,663.3599853515625,4654.56005859375,0.0007999999797903001,3.125,nan,62.0,0.0,94.0,3.0,15900.0,263.64605712890625,279.32244873046875,288.33538818359375,294.1004333496094,298.490966796875,5745.6484375,3062.373779296875,1444.9649658203125,718.753173828125,39.62504577636719,292.0191955566406,85.0,78.38842010498047,842.2249145507812,4420.0,0.0,33.3125,5728.1171875,3048.3486328125,1425.90380859375,701.2753295898438,33.836181640625,263.38250732421875,279.5668029785156,288.80157470703125,292.3842468261719,296.79071044921875,55.45856475830078,82.3407974243164,82.4261703491211,84.19964599609375,,,,291.96044921875,,100395.75,93267.2265625,,26.411460876464844,34.0,,,88886.0,1488.0,256.0,35.0,40.0,,44.0,,48.0,,48.0,48.0,363.0,389.0,284.47998046875,284.77996826171875,100.0,6.0,12.0,13.699999809265137
2022-08-03T09:55,2022-08-03T10:00,1,holdout_baserate,0,2022,8,9,1,2022-08-03T09:00,4,2022-08-03T06:00,4,2022-08-03T06:00,1,2022-08-03T09:00,3,2022-08-03T06:00,1,2022-08-03T09:00,-999.0,0.0,0.0,0.0,0.0,nan,nan,nan,nan,nan,6.6982831954956055,265.55633544921875,280.3785400390625,287.1126708984375,289.093994140625,293.13348388671875,5802.8310546875,3105.77001953125,1490.6602783203125,100.1148681640625,284.47161865234375,51.5,86.81661224365234,4770.5380859375,38500.0,0.0,0.0,790.4483032226562,69.80000305175781,0.0,0.0,84.0999984741211,1324.3070068359375,0.0,0.0625,265.5430908203125,280.992919921875,284.0083923339844,286.5576477050781,290.70074462890625,5805.5244140625,3110.2119140625,1497.84814453125,787.3201293945312,127.33722686767578,286.36041259765625,99.0,98.30000305175781,124.2588882446289,4634.56005859375,19999.814453125,36.0,0.0,0.0,24100.0,265.70001220703125,282.5,287.0,291.29998779296875,295.70001220703125,5817.36669921875,3114.5947265625,1503.2000732421875,783.5070190429688,124.90737915039062,284.8600158691406,92.4000015258789,70.0,548.719970703125,4765.1201171875,0.0,0.0,nan,36.0,0.0,0.0,36.0,12900.0,265.12994384765625,281.0387268066406,286.5852355957031,287.84130859375,291.24444580078125,5807.92236328125,3111.916015625,1497.748291015625,784.4603881835938,111.70101928710938,285.9647521972656,91.67639923095703,75.55843353271484,143.05764770507812,4660.0,0.0,0.0,5803.2109375,3112.40478515625,1500.53857421875,788.4840087890625,129.182861328125,265.02374267578125,280.3575439453125,285.89190673828125,287.29449462890625,290.85595703125,12.52554702758789,42.38168716430664,80.75044250488281,97.00615692138672,,,,286.52886962890625,,101549.0,94275.6875,,12.064005851745605,38.0,,,88888.0,632.0,16209.0,11.0,14.0,,17.0,,15.0,,15.0,15.0,0.0,114.0,280.5,280.8699951171875,100.0,0.0,8.800000190734863,8.800000190734863
2022-08-03T09:55,2022-08-03T10:00,24,holdout_baserate,0,2022,8,9,22,2022-08-02T12:00,22,2022-08-02T12:00,22,2022-08-02T12:00,25,2022-08-02T09:00,21,2022-08-02T12:00,24,2022-08-02T10:00,-999.0,0.0,0.0,0.0,0.0,nan,nan,nan,nan,nan,6.302549362182617,265.6075744628906,279.3258972167969,285.8379821777344,289.1619567871094,293.37542724609375,5803.5712890625,3114.072998046875,1506.712890625,117.62251281738281,284.31146240234375,61.79999923706055,147.2292022705078,4538.18310546875,28800.0,0.0,0.9700000286102295,20000.09375,19.799999237060547,0.0,0.0,48.79999923706055,24134.87109375,0.0,0.0,265.9112548828125,280.2701721191406,285.6963806152344,286.6046142578125,290.7202453613281,5805.67822265625,3107.87353515625,1500.0374755859375,785.9469604492188,125.95780944824219,286.0,98.0999984741211,96.0,33.928001403808594,4689.759765625,19999.931640625,38.0,0.0,0.0,24100.0,265.6000061035156,281.29998779296875,287.3999938964844,290.6000061035156,295.0,5805.1904296875,3105.82421875,1492.457275390625,776.6043090820312,122.31243133544922,282.8299865722656,74.4000015258789,35.0,185.9199981689453,4670.080078125,0.0,0.0,916.6290283203125,47.0,0.0,0.0,47.0,12200.0,265.4914245605469,280.8213195800781,284.5747985839844,285.76495361328125,289.98193359375,5803.732421875,3110.335693359375,1500.3140869140625,792.8645629882812,122.18341064453125,285.2439880371094,95.67639923095703,90.86994934082031,209.56089782714844,4540.0,0.0,9.0625,5805.94921875,3112.37548828125,1497.97802734375,782.81884765625,121.154541015625,264.64892578125,281.43927001953125,286.72503662109375,288.54071044921875,292.0651550292969,4.478425979614258,38.37010192871094,86.48429870605469,98.96156311035156,,,,288.4793395996094,,101447.75,94182.828125,,10.710136413574219,54.0,,,88888.0,16.0,256.0,52.0,52.0,,52.0,,79.0,,88.0,90.0,1.0,94.0,280.92999267578125,280.8800048828125,100.0,2.0,8.800000190734863,8.800000190734863
2022-08-03T09:55,2022-08-03T10:00,48,holdout_baserate,0,2022,8,9,46,2022-08-01T12:00,46,2022-08-01T12:00,46,2022-08-01T12:00,49,2022-08-01T09:00,45,2022-08-01T12:00,36,2022-08-01T22:00,-999.0,0.0,0.0,0.0,0.0,nan,nan,nan,nan,nan,4.945042610168457,264.38507080078125,279.9856872558594,285.10797119140625,288.66778564453125,292.820068359375,5791.70068359375,3105.1650390625,1498.239013671875,109.41260528564453,284.54071044921875,78.0999984741211,107.36734008789062,4412.37060546875,18900.0,0.0,0.6000000238418579,785.6819458007812,70.0,0.0,1.600000023841858,32.900001525878906,383.3460998535156,0.0,0.0,266.01702880859375,281.2137756347656,284.5623779296875,285.7580261230469,289.90191650390625,5807.1904296875,3110.273193359375,1496.428466796875,786.388427734375,127.61687469482422,285.39508056640625,99.0999984741211,98.19999694824219,90.12770080566406,4599.68017578125,19999.802734375,37.0,0.0,0.0,24100.0,265.29998779296875,281.8999938964844,288.79998779296875,289.5,293.8999938964844,5802.0107421875,3106.663330078125,1489.3721923828125,773.3019409179688,113.91864776611328,285.1999816894531,84.19999694824219,68.0,147.52000427246094,4495.52001953125,0.0,0.0,nan,29.0,0.0,0.0,29.0,12500.0,264.7606201171875,280.24822998046875,283.4398193359375,286.1289367675781,290.30145263671875,5795.26318359375,3105.640869140625,1501.0433349609375,793.8377685546875,122.99411010742188,285.60791015625,93.75425720214844,87.24644470214844,190.5799560546875,4460.0,0.0,6.0625,5806.9296875,3110.98876953125,1493.879150390625,776.3915405273438,113.7939453125,265.30902099609375,281.3948974609375,288.1304931640625,289.0081787109375,292.748046875,8.946198463439941,48.408836364746094,87.10527038574219,98.63341522216797,,,,289.09088134765625,,101366.6875,94112.0,,16.748212814331055,40.0,,,88888.0,24.0,256.0,46.0,46.0,,46.0,,74.0,,79.0,80.0,1.0,91.0,281.239990234375,280.8399963378906,98.0,0.0,8.800000190734863,8.800000190734863
2022-08-14T10:51,2022-08-14T11:00,1,train,0,2022,8,10,1,2022-08-14T10:00,5,2022-08-14T06:00,5,2022-08-14T06:00,1,2022-08-14T10:00,0,2022-08-14T12:00,1,2022-08-14T10:00,-999.0,0.0,0.0,0.0,0.0,nan,nan,nan,nan,nan,3.946643590927124,258.615478515625,273.3142395019531,282.0394287109375,285.7940673828125,289.8023681640625,5721.5380859375,3095.305419921875,1515.539306640625,147.85281372070312,281.890625,72.30000305175781,217.20492553710938,3101.501953125,22200.0,0.0,0.0,19999.80078125,0.0,0.0,0.0,0.0,24134.892578125,0.0,0.0,259.46612548828125,274.37518310546875,282.1376037597656,284.48760986328125,288.4991455078125,5722.04736328125,3093.13330078125,1514.791748046875,808.270263671875,151.8643341064453,284.32421875,86.9000015258789,83.69999694824219,71.52869415283203,3319.52001953125,19999.859375,9.0,0.0,0.0,24100.0,259.20001220703125,274.1000061035156,282.0,285.70001220703125,289.8999938964844,5730.37744140625,3104.20263671875,1522.829833984375,817.521728515625,157.41639709472656,283.2900085449219,91.19999694824219,92.0,348.3999938964844,3279.850341796875,0.0,0.0,nan,23.0,0.0,0.0,23.0,14200.0,259.1138916015625,273.2121887207031,282.185546875,286.7995910644531,289.21881103515625,5723.1552734375,3097.67431640625,1520.232666015625,812.6900634765625,150.36569213867188,283.1442565917969,84.59136962890625,71.84254455566406,178.04354858398438,3121.35546875,0.0,0.0,5729.7890625,3101.37939453125,1523.436767578125,815.7951049804688,156.759765625,258.71875,272.72100830078125,282.2784729003906,286.8301086425781,290.59149169921875,48.36642837524414,72.664306640625,72.73667907714844,78.63505554199219,,,,288.12677001953125,,101879.0,94575.359375,,16.01959800720215,7.0,,,88888.0,2416.0,256.0,17.0,17.0,,43.0,,76.0,,76.0,76.0,12.0,162.0,278.2599792480469,278.0199890136719,100.0,0.0,7.599999904632568,7.599999904632568
2022-08-14T10:51,2022-08-14T11:00,24,train,0,2022,8,10,23,2022-08-13T12:00,23,2022-08-13T12:00,23,2022-08-13T12:00,26,2022-08-13T09:00,24,2022-08-13T12:00,24,2022-08-13T11:00,-999.0,0.0,0.0,0.0,0.0,nan,nan,nan,nan,nan,2.4815752506256104,258.8418884277344,274.034912109375,281.49090576171875,286.76641845703125,290.99267578125,5732.0322265625,3101.16796875,1525.2535400390625,154.58938598632812,281.4541015625,72.80000305175781,727.798095703125,3385.28271484375,21800.0,0.0,0.0,20000.19921875,0.0,0.0,0.0,0.0,24134.912109375,0.0,0.0,258.9910888671875,275.44091796875,281.2015075683594,284.5243835449219,288.3804016113281,5724.6181640625,3091.982421875,1515.0968017578125,810.0947265625,154.41659545898438,284.0726623535156,72.80000305175781,66.5,49.75541305541992,3459.199951171875,19999.84765625,30.0,0.0,0.0,0.0,259.1000061035156,276.3999938964844,280.70001220703125,283.3999938964844,287.6000061035156,5736.146484375,3102.251953125,1520.0716552734375,820.0614013671875,162.08685302734375,281.25,99.69999694824219,100.0,437.0400085449219,3582.400146484375,0.0,0.3125,nan,0.0,0.0,0.0,0.0,19200.0,258.95306396484375,274.132568359375,279.8028259277344,285.0731201171875,288.8203125,5733.34619140625,3102.56689453125,1530.3306884765625,828.7066040039062,167.24081420898438,282.7476806640625,78.0,75.00631713867188,412.97967529296875,3362.754150390625,0.0,0.125,5733.53515625,3101.68017578125,1522.426513671875,815.7418212890625,157.550537109375,258.70220947265625,272.6668701171875,281.77606201171875,286.3831787109375,290.218505859375,54.36008071899414,85.64054870605469,77.7257308959961,79.84690856933594,,,,287.7545166015625,,101888.9375,94578.1875,,16.917922973632812,20.0,,,88888.0,672.0,256.0,30.0,32.0,,36.0,,50.0,,50.0,50.0,3.0,183.0,277.78997802734375,277.52996826171875,98.0,0.0,8.0,8.0
2022-08-25T15:54,2022-08-25T16:00,1,holdout_baserate,0,2022,8,15,1,2022-08-25T15:00,4,2022-08-25T12:00,4,2022-08-25T12:00,1,2022-08-25T15:00,3,2022-08-25T12:00,1,2022-08-25T15:00,-999.0,50.0,50.0,0.0,0.0,nan,1344.921630859375,nan,86900.0,nan,4.345545291900635,262.63922119140625,277.189697265625,285.41143798828125,291.1093444824219,295.744140625,5797.77490234375,3132.0,1530.66650390625,139.52113342285156,288.83465576171875,83.69999694824219,496.9151611328125,4070.133544921875,17300.0,0.0,0.0,19999.951171875,4.800000190734863,3.0,5.0,0.0,22028.3828125,2.28000008064555e-05,0.0625,262.1830139160156,276.456787109375,286.9297180175781,294.2798156738281,298.9298095703125,5801.1630859375,3138.7373046875,1536.8201904296875,814.4046630859375,143.3835906982422,296.0388488769531,51.0,53.099998474121094,1668.1839599609375,3970.56005859375,20000.015625,36.0,8.0,0.0,24100.0,262.3999938964844,277.79998779296875,286.29998779296875,292.1000061035156,296.5,5806.10009765625,3140.815673828125,1533.9345703125,812.9866943359375,140.54164123535156,291.7300109863281,73.80000305175781,79.0,551.1199951171875,4073.2861328125,0.0,0.0625,1305.9324951171875,87.0,0.0,0.0,87.0,15400.0,262.22650146484375,277.28173828125,284.62445068359375,290.00872802734375,294.9544982910156,5797.2548828125,3132.888671875,1531.5814208984375,816.672119140625,143.44850158691406,291.1908874511719,87.50006103515625,87.20125579833984,724.3637084960938,4035.379638671875,0.0,0.0625,5800.46484375,3137.056884765625,1534.219970703125,818.2102661132812,150.8251953125,262.4769287109375,276.93426513671875,285.4169921875,290.38629150390625,295.21490478515625,52.503543853759766,86.8884048461914,82.23831939697266,73.16905212402344,,,,293.1307067871094,,101805.8125,94560.21875,,26.895021438598633,49.0,,,88888.0,232.0,209.0,72.0,76.0,,81.0,,68.0,,68.0,68.0,159.0,664.0,283.5799865722656,283.53997802734375,100.0,6.0,6.0,7.599999904632568
2022-08-14T10:51,2022-08-14T11:00,48,train,0,2022,8,10,47,2022-08-12T12:00,47,2022-08-12T12:00,47,2022-08-12T12:00,50,2022-08-12T09:00,48,2022-08-12T12:00,36,2022-08-12T23:00,-999.0,0.0,0.0,0.0,0.0,nan,nan,nan,nan,nan,3.0373318195343018,258.80511474609375,275.86065673828125,280.4740905761719,285.3038330078125,289.45989990234375,5749.4765625,3110.501708984375,1530.7957763671875,163.15826416015625,280.793701171875,71.5999984741211,184.63137817382812,3730.31689453125,22800.0,0.0,0.0,20000.0,0.0,0.0,5.0,0.0,24134.9140625,0.0,0.0,259.45098876953125,276.072998046875,280.73419189453125,284.7532958984375,288.4468688964844,5742.548828125,3103.638916015625,1524.17529296875,819.6646118164062,163.82241821289062,284.1000061035156,73.5999984741211,65.30000305175781,35.34095001220703,3621.43994140625,19999.87109375,37.0,0.0,0.0,24100.0,259.3999938964844,277.29998779296875,280.8999938964844,285.8999938964844,290.1000061035156,5751.4736328125,3107.656005859375,1516.724365234375,813.455078125,166.59278869628906,282.6099853515625,62.79999923706055,53.0,304.0,3773.76025390625,0.0,0.0,nan,4.0,0.0,0.0,1.0,18200.0,259.07843017578125,275.9781188964844,278.6460876464844,284.2552795410156,288.0249938964844,5747.8076171875,3109.62744140625,1534.6480712890625,835.41064453125,173.83055114746094,282.38970947265625,80.23839569091797,75.42457580566406,441.8407287597656,3654.22509765625,0.0,0.0,5750.63671875,3110.340576171875,1526.597900390625,819.7969970703125,161.554931640625,259.64202880859375,275.208740234375,282.3494873046875,286.46160888671875,290.2147521972656,19.054845809936523,78.22270202636719,74.54106903076172,79.39444732666016,,,,287.62249755859375,,101933.375,94617.8359375,,16.27234649658203,13.0,,,88888.0,1752.0,256.0,18.0,18.0,,18.0,,53.0,,53.0,53.0,1.0,160.0,277.6399841308594,277.469970703125,99.0,0.0,7.599999904632568,7.599999904632568
2022-08-25T15:54,2022-08-25T16:00,24,holdout_baserate,0,2022,8,15,22,2022-08-24T18:00,22,2022-08-24T18:00,22,2022-08-24T18:00,25,2022-08-24T15:00,21,2022-08-24T18:00,24,2022-08-24T16:00,-999.0,0.0,1.0,0.0,0.0,nan,1474.603759765625,nan,85700.0,nan,5.906747817993164,262.0596008300781,275.35882568359375,286.35699462890625,292.3812255859375,297.04022216796875,5790.4775390625,3134.90234375,1532.793212890625,141.1686248779297,289.4161682128906,84.30000305175781,451.116455078125,3526.46533203125,16800.0,0.0,0.0,19999.923828125,7.599999904632568,0.0,0.0,7.400000095367432,21830.34375,5.919999966863543e-05,0.4375,262.2900085449219,275.9277648925781,286.1424865722656,293.4124755859375,298.0957336425781,5800.0068359375,3138.49267578125,1538.0048828125,817.518310546875,147.43955993652344,295.17694091796875,55.599998474121094,57.79999923706055,1424.65087890625,4001.919921875,19999.806640625,28.0,14.0,0.0,0.0,262.20001220703125,278.3999938964844,285.79998779296875,291.20001220703125,295.5,5801.9912109375,3133.98046875,1528.9871826171875,809.2098999023438,131.82931518554688,289.2900085449219,99.9000015258789,100.0,400.4800109863281,4158.70556640625,0.00039999998989515007,1.1875,844.8395385742188,95.0,0.0,2.0,95.0,6800.0,261.4082336425781,277.1727294921875,284.48065185546875,288.92010498046875,293.6981201171875,5792.2998046875,3133.739013671875,1531.546630859375,817.936279296875,145.8695526123047,289.32012939453125,97.66211700439453,93.7195053100586,602.0643310546875,3965.35595703125,0.00016999999934341758,4.75,5802.53515625,3135.81591796875,1531.19091796875,814.3648681640625,146.47802734375,262.5166320800781,277.66998291015625,285.7725830078125,290.791259765625,295.56304931640625,44.31414031982422,85.30331420898438,78.30069732666016,69.16885375976562,,,,293.59967041015625,,101745.0625,94505.859375,,27.617826461791992,47.0,,,88886.0,384.0,256.0,42.0,45.0,,57.0,,52.0,,53.0,53.0,215.0,683.0,283.66998291015625,283.4800109863281,100.0,11.0,6.800000190734863,8.100000381469727
2022-08-25T15:54,2022-08-25T16:00,48,holdout_baserate,0,2022,8,15,46,2022-08-23T18:00,46,2022-08-23T18:00,46,2022-08-23T18:00,49,2022-08-23T15:00,45,2022-08-23T18:00,36,2022-08-24T04:00,-999.0,1.0,1.0,0.0,3.0,nan,1344.8895263671875,nan,86900.0,nan,5.169671058654785,262.1799011230469,276.035400390625,285.6976013183594,291.511962890625,296.1763610839844,5792.41650390625,3129.68798828125,1531.37060546875,141.17433166503906,288.7046813964844,86.30000305175781,488.71160888671875,4037.373046875,16000.0,0.0,6.070000171661377,6173.0166015625,52.70000076293945,0.5,0.0,0.0,24135.0390625,0.0,0.1875,262.1708068847656,275.7525329589844,287.4125061035156,294.8637390136719,299.53375244140625,5795.99853515625,3138.592041015625,1537.7095947265625,814.122802734375,142.43756103515625,296.62445068359375,46.400001525878906,48.0,1957.1439208984375,3668.47998046875,20000.173828125,17.0,0.0,8.0,24100.0,263.0,278.79998779296875,285.5,289.8999938964844,294.20001220703125,5798.06396484375,3131.02880859375,1522.9158935546875,806.6640014648438,129.0030059814453,288.82000732421875,92.19999694824219,97.0,495.3599853515625,4074.86181640625,0.0,0.0,830.5175170898438,100.0,0.0,0.0,100.0,3200.0,262.79571533203125,277.50885009765625,283.6938781738281,288.1849365234375,293.10748291015625,5793.17138671875,3127.49072265625,1529.2806396484375,817.8948364257812,146.3463592529297,288.1705627441406,98.17605590820312,94.84799194335938,628.89990234375,3964.031005859375,0.0003000000142492354,21.125,5800.89453125,3133.997314453125,1529.419677734375,812.2451782226562,144.040283203125,262.4241943359375,277.20220947265625,285.76031494140625,291.0238037109375,295.8307189941406,50.974952697753906,85.30418395996094,77.86791229248047,69.75547790527344,,,,294.0064697265625,,101715.5,94475.5390625,,26.428234100341797,34.0,,,88886.0,776.0,384.0,28.0,39.0,,53.0,,41.0,,42.0,44.0,198.0,737.0,284.04998779296875,283.5,96.0,6.0,6.400000095367432,8.100000381469727
2022-09-05T16:53,2022-09-05T17:00,1,train,0,2022,9,16,1,2022-09-05T16:00,5,2022-09-05T12:00,5,2022-09-05T12:00,1,2022-09-05T16:00,0,2022-09-05T18:00,1,2022-09-05T16:00,4216.2001953125,0.0,100.0,100.0,100.0,1473.2841796875,1344.7216796875,30400.0,87300.0,11626.2763671875,1.9632474184036255,262.3935241699219,276.2764892578125,283.9913330078125,286.0977783203125,290.0179443359375,5822.5859375,3161.56640625,1561.8048095703125,187.35479736328125,284.7466735839844,99.80000305175781,223.74215698242188,3767.211669921875,12200.0,9.999999747378752e-05,0.9760000109672546,785.6566162109375,100.0,100.0,100.0,98.9000015258789,148.42312622070312,0.0005247999797575176,6.8125,263.250244140625,276.9017333984375,284.60943603515625,283.947509765625,288.4277038574219,5820.0009765625,3154.996337890625,1552.863525390625,844.721435546875,188.32406616210938,284.7401428222656,99.5999984741211,99.0999984741211,137.9767608642578,3745.760009765625,1234.052734375,68.0,100.0,100.0,24100.0,263.6000061035156,276.79998779296875,285.3999938964844,288.29998779296875,292.6000061035156,5827.859375,3161.446044921875,1553.3887939453125,840.7557983398438,188.57200622558594,286.6600036621094,99.30000305175781,100.0,186.8800048828125,3703.436279296875,9.999999747378752e-05,3.1875,1583.173095703125,96.0,100.0,100.0,57.0,9900.0,262.80633544921875,274.512451171875,285.03656005859375,286.11328125,289.6781311035156,5811.1884765625,3154.90380859375,1555.617919921875,843.592529296875,181.5135498046875,287.1409912109375,95.0,97.01922607421875,327.1435546875,3359.078369140625,7.999999797903001e-05,0.625,5817.796875,3157.5263671875,1555.109130859375,845.9014282226562,191.097412109375,263.3792724609375,275.02935791015625,284.70867919921875,284.34423828125,288.53863525390625,98.59065246582031,99.21294403076172,98.83027648925781,93.79365539550781,,,,286.30926513671875,,102268.0625,94910.671875,,34.943546295166016,100.0,,,0.0,0.0,402.0,80.0,88.0,,97.0,,74.0,,91.0,91.0,12.0,175.0,279.6600036621094,279.9999694824219,100.0,86.0,4.800000190734863,5.599999904632568
2022-09-05T16:53,2022-09-05T17:00,24,train,0,2022,9,16,23,2022-09-04T18:00,23,2022-09-04T18:00,23,2022-09-04T18:00,26,2022-09-04T15:00,24,2022-09-04T18:00,24,2022-09-04T17:00,6588.60009765625,0.0,37.0,96.0,100.0,1590.6307373046875,1344.886962890625,22300.0,87300.0,12500.791015625,1.611780047416687,262.46337890625,274.93975830078125,284.8152160644531,287.5929260253906,292.19268798828125,5823.337890625,3167.34619140625,1567.7607421875,190.8223419189453,287.23486328125,98.0,395.2179870605469,3604.479248046875,10200.0,0.00019999999494757503,1.840000033378601,785.70458984375,100.0,100.0,100.0,99.5999984741211,120.1497573852539,0.000364800012903288,11.0,263.1499938964844,276.220947265625,283.9130554199219,284.40924072265625,288.9122619628906,5815.6669921875,3153.929443359375,1554.4278564453125,846.9306030273438,189.7455291748047,285.2756652832031,99.80000305175781,99.0,146.58172607421875,3724.0,1197.1351318359375,43.0,100.0,89.0,100.0,263.3999938964844,276.6000061035156,286.1000061035156,288.70001220703125,293.0,5817.453125,3156.52490234375,1546.6856689453125,832.6234130859375,179.6930694580078,286.510009765625,99.80000305175781,100.0,110.16000366210938,3583.6708984375,9.999999747378752e-05,1.125,872.8041381835938,100.0,100.0,100.0,81.0,2700.0,261.81793212890625,276.4168395996094,284.23712158203125,284.9232177734375,288.62939453125,5823.83203125,3165.47705078125,1564.13818359375,855.1558227539062,193.4693145751953,286.0539245605469,97.56269836425781,97.99467468261719,284.9208984375,3811.585205078125,0.0007800000021234155,13.625,5820.33984375,3161.919921875,1557.2685546875,847.8225708007812,192.386962890625,262.67352294921875,276.03997802734375,284.80316162109375,284.58294677734375,288.689697265625,81.16390991210938,99.80951690673828,98.68000793457031,95.11540222167969,,,,286.324951171875,,102295.75,94941.03125,,33.16419219970703,98.0,,,32.0,32.0,256.0,86.0,94.0,,98.0,,57.0,,80.0,95.0,44.0,269.0,279.9100036621094,280.1199951171875,100.0,37.0,4.800000190734863,5.300000190734863
2022-09-05T16:53,2022-09-05T17:00,48,train,0,2022,9,16,47,2022-09-03T18:00,47,2022-09-03T18:00,47,2022-09-03T18:00,50,2022-09-03T15:00,48,2022-09-03T18:00,36,2022-09-04T05:00,-999.0,0.0,100.0,75.0,100.0,2120.237060546875,1344.6163330078125,72800.0,87400.0,11888.080078125,2.8663110733032227,261.5885009765625,275.6251220703125,284.0146179199219,285.6954345703125,290.0583190917969,5823.5732421875,3174.624267578125,1574.711669921875,202.2041015625,284.7226257324219,96.30000305175781,225.9237823486328,3606.6865234375,12200.0,0.0,0.5400000214576721,785.7122192382812,100.0,39.400001525878906,100.0,99.19999694824219,104.76045227050781,2.8000000384054147e-05,0.4375,261.79693603515625,276.59417724609375,284.4490966796875,284.2191162109375,288.82733154296875,5823.46044921875,3168.23291015625,1563.0289306640625,854.6492919921875,197.65731811523438,285.2475891113281,99.19999694824219,98.9000015258789,182.01708984375,3730.56005859375,1197.437255859375,81.0,96.0,93.0,100.0,261.3999938964844,277.3999938964844,284.6000061035156,287.5,291.79998779296875,5813.537109375,3161.910888671875,1554.2373046875,843.3797607421875,194.39491271972656,285.70001220703125,99.5999984741211,100.0,147.67999267578125,3787.2265625,0.0,0.625,1179.785888671875,100.0,0.0,100.0,91.0,15800.0,261.31109619140625,277.6396484375,282.4948425292969,285.3286437988281,290.2131652832031,5826.39794921875,3168.398193359375,1573.6201171875,868.0769653320312,204.6417236328125,287.7652587890625,86.62903594970703,88.77075958251953,473.42108154296875,4011.760498046875,0.0,3.0625,5815.859375,3158.547607421875,1553.094482421875,843.9059448242188,186.2021484375,261.80517578125,276.76171875,284.56982421875,285.3910827636719,289.84417724609375,81.92933654785156,100.67374420166016,96.68057250976562,90.40894317626953,,,,288.10931396484375,,102213.5,94886.4921875,,33.303829193115234,98.0,,,32.0,32.0,457.0,89.0,89.0,,89.0,,48.0,,68.0,87.0,15.0,251.0,279.989990234375,279.7400207519531,100.0,24.0,5.199999809265137,6.099999904632568
2022-09-15T16:55,2022-09-15T17:00,1,train,0,2022,9,16,1,2022-09-15T16:00,5,2022-09-15T12:00,5,2022-09-15T12:00,1,2022-09-15T16:00,0,2022-09-15T18:00,1,2022-09-15T16:00,-999.0,0.0,3.0,0.0,0.0,nan,1343.23095703125,nan,86400.0,nan,14.501838684082031,258.9771728515625,274.15179443359375,276.5255126953125,281.26776123046875,285.8439636230469,5681.2890625,3052.888671875,1484.6937255859375,136.11627197265625,277.42529296875,81.9000015258789,336.4022216796875,3619.588623046875,18000.0,0.0,0.0,19999.814453125,0.5,0.0,0.0,60.599998474121094,24135.1015625,0.0,0.0625,259.08392333984375,274.15362548828125,276.0176086425781,283.6155700683594,287.945556640625,5685.02783203125,3049.354736328125,1488.0567626953125,795.6471557617188,141.99522399902344,284.85052490234375,41.599998474121094,42.70000076293945,1277.3184814453125,3152.0,19999.818359375,17.0,0.0,0.0,24100.0,259.20001220703125,275.29998779296875,273.6000061035156,278.70001220703125,282.8999938964844,5686.74365234375,3046.17724609375,1477.66650390625,792.0389404296875,141.0041046142578,278.3699951171875,82.19999694824219,94.0,379.9200134277344,3596.332763671875,0.0,1.125,nan,58.0,0.0,0.0,58.0,22500.0,258.2652587890625,273.7740173339844,274.54351806640625,280.4512634277344,285.4957580566406,5681.79736328125,3056.839111328125,1494.22216796875,806.2861328125,151.16123962402344,282.2071838378906,71.70382690429688,70.12407684326172,739.2794189453125,2523.10791015625,0.0,0.0,5687.8515625,3054.39111328125,1496.67431640625,805.1043701171875,154.32080078125,259.47406005859375,273.3173828125,275.2982177734375,282.2562255859375,286.9949951171875,6.149469375610352,72.84123992919922,50.07493591308594,43.36091995239258,,,,285.1867980957031,,101835.6875,94455.203125,,7.213703632354736,19.0,,,88886.0,648.0,256.0,43.0,48.0,,64.0,,71.0,,71.0,71.0,2.0,661.0,272.9800109863281,270.7799987792969,84.0,3.0,15.600000381469727,18.899999618530273
2022-09-15T16:55,2022-09-15T17:00,24,train,0,2022,9,16,23,2022-09-14T18:00,23,2022-09-14T18:00,23,2022-09-14T18:00,26,2022-09-14T15:00,24,2022-09-14T18:00,24,2022-09-14T17:00,-999.0,0.0,5.0,0.0,0.0,nan,1343.0687255859375,nan,86400.0,nan,12.318761825561523,259.5723571777344,273.71112060546875,275.0574951171875,279.206787109375,283.758544921875,5685.2626953125,3056.63818359375,1491.3984375,149.6967315673828,275.98431396484375,81.69999694824219,336.448974609375,3553.03955078125,18100.0,0.0,0.4099999964237213,20000.142578125,0.5,0.0,0.0,70.0,24134.9609375,0.0,0.0,259.9032897949219,273.9051818847656,274.88653564453125,282.3116455078125,286.8008728027344,5692.35986328125,3054.645263671875,1493.3604736328125,803.7802124023438,152.72605895996094,283.84149169921875,44.900001525878906,47.20000076293945,1146.104736328125,1719.3599853515625,20000.138671875,30.0,0.0,0.0,24100.0,258.79998779296875,274.1000061035156,275.1000061035156,278.6000061035156,282.79998779296875,5688.291015625,3055.14306640625,1482.355712890625,797.0909423828125,148.91793823242188,278.17999267578125,75.5,83.0,473.8399963378906,3253.01513671875,0.0,0.0625,nan,53.0,0.0,1.0,53.0,20701.634765625,259.25982666015625,273.6521911621094,273.1268615722656,277.7722473144531,282.7186584472656,5686.78173828125,3059.47314453125,1495.5035400390625,813.7158813476562,162.82809448242188,279.4203186035156,75.55400848388672,74.39310455322266,608.0602416992188,1290.0,0.0,2.375,5677.890625,3050.234375,1487.673828125,794.9735717773438,143.586181640625,258.11865234375,273.34991455078125,275.71563720703125,282.6460266113281,287.3587951660156,6.602311134338379,72.66197204589844,49.92401885986328,44.6209716796875,,,,285.6669616699219,,101715.125,94355.015625,,6.989087104797363,23.0,,,88886.0,1440.0,201.0,21.0,25.0,,26.0,,53.0,,53.0,53.0,1.0,587.0,272.7200012207031,270.44000244140625,83.0,3.0,14.0,17.399999618530273
2022-09-15T16:55,2022-09-15T17:00,48,train,0,2022,9,16,47,2022-09-13T18:00,47,2022-09-13T18:00,47,2022-09-13T18:00,50,2022-09-13T15:00,48,2022-09-13T18:00,36,2022-09-14T05:00,-999.0,0.0,6.0,0.0,0.0,nan,1342.88916015625,nan,86400.0,nan,13.992542266845703,258.7523193359375,274.051513671875,274.6007080078125,278.6882629394531,283.21710205078125,5685.40966796875,3056.136474609375,1491.284423828125,151.3836669921875,275.0387878417969,86.0,329.4581604003906,3631.02685546875,16500.0,0.0,44.349998474121094,20000.17578125,1.5,0.0,1.0,52.599998474121094,24135.251953125,0.0,0.0,261.1109619140625,274.8811340332031,274.62176513671875,281.99114990234375,286.5611267089844,5708.54052734375,3058.581787109375,1496.5355224609375,807.57373046875,157.06631469726562,283.6829833984375,45.29999923706055,48.0,1187.51416015625,1682.56005859375,20000.16015625,30.0,0.0,1.0,0.0,258.79998779296875,274.79998779296875,274.5,274.79998779296875,279.0,5675.46484375,3043.62646484375,1468.07470703125,790.9901733398438,145.78707885742188,272.989990234375,99.0999984741211,100.0,376.9599914550781,1156.42236328125,0.0,0.75,nan,46.0,0.0,0.0,46.0,20124.65234375,258.5809020996094,274.0433349609375,273.405517578125,277.44097900390625,282.3994445800781,5693.623046875,3063.42529296875,1496.03466796875,814.7788696289062,164.11862182617188,279.1753845214844,75.798095703125,75.69747924804688,575.62744140625,1253.9263916015625,0.0,9.1875,5679.8984375,3050.90576171875,1489.403564453125,796.0294799804688,143.68408203125,258.5230712890625,273.6732177734375,276.06024169921875,282.97857666015625,287.68389892578125,6.708927154541016,69.26356506347656,47.8203010559082,42.133392333984375,,,,285.87030029296875,,101721.4375,94363.90625,,7.364628314971924,21.0,,,88886.0,1256.0,201.0,18.0,20.0,,20.0,,47.0,,49.0,50.0,1.0,581.0,272.94000244140625,270.2699890136719,82.0,3.0,14.399999618530273,17.5
2022-09-26T11:47,2022-09-26T12:00,1,train,0,2022,9,11,1,2022-09-26T11:00,6,2022-09-26T06:00,6,2022-09-26T06:00,1,2022-09-26T11:00,0,2022-09-26T12:00,1,2022-09-26T11:00,-999.0,0.0,5.0,1.0,0.0,nan,1343.85791015625,nan,85300.0,nan,5.789525032043457,253.94093322753906,271.70465087890625,280.6264343261719,285.156494140625,289.3388671875,5538.03125,2946.148193359375,1371.787353515625,10.651927947998047,280.8546142578125,90.4000015258789,303.8631591796875,2807.52001953125,14000.0,0.0,0.0,20000.12890625,6.5,8.800000190734863,0.0,66.9000015258789,24135.01953125,2.4000000848900527e-06,0.0,254.28501892089844,272.0567626953125,280.5334777832031,284.343505859375,288.6103515625,5540.95556640625,2941.85302734375,1368.1358642578125,665.45263671875,8.558625221252441,283.70001220703125,95.5,92.80000305175781,77.18221282958984,2741.280029296875,20000.087890625,39.0,7.0,0.0,100.0,255.0,272.0,279.6000061035156,284.1000061035156,288.29998779296875,5540.30712890625,2940.73388671875,1366.322021484375,665.8054809570312,12.798562049865723,280.79998779296875,99.5999984741211,100.0,428.6400146484375,2732.0,0.000699999975040555,5.375,1027.8983154296875,35.0,32.0,0.0,35.0,12500.0,253.62567138671875,271.7887268066406,279.8969421386719,284.0097351074219,288.102783203125,5538.65234375,2947.363525390625,1373.6173095703125,672.98486328125,15.347213745117188,283.1737060546875,94.35790252685547,93.64278411865234,304.71124267578125,2750.0,0.0,0.0,5539.51171875,2945.232177734375,1369.00634765625,667.70263671875,13.140869140625,253.74765014648438,272.5691833496094,280.3702392578125,284.3531494140625,288.6981201171875,46.72186279296875,86.52765655517578,96.67290496826172,98.10545349121094,,,,284.6026916503906,,100151.8125,92922.703125,,17.034149169921875,58.0,,,0.0,0.0,209.0,64.0,74.0,,78.0,,71.0,,74.0,76.0,10.0,254.0,277.3500061035156,277.32000732421875,100.0,3.0,10.399999618530273,10.899999618530273
2022-09-26T11:47,2022-09-26T12:00,24,train,0,2022,9,11,24,2022-09-25T12:00,24,2022-09-25T12:00,24,2022-09-25T12:00,21,2022-09-25T15:00,24,2022-09-25T12:00,24,2022-09-25T12:00,-999.0,46.0,46.0,0.0,0.0,nan,1343.8255615234375,nan,85300.0,nan,5.501791000366211,254.8204345703125,271.8912658691406,280.1669921875,284.452880859375,288.5835876464844,5543.73046875,2946.28564453125,1371.913330078125,12.412956237792969,280.30889892578125,95.69999694824219,344.1529235839844,2864.47998046875,12200.0,0.0,11.699999809265137,785.3671875,69.5,16.200000762939453,0.0,77.5999984741211,261.0727844238281,0.0,0.125,254.5970916748047,272.6169738769531,280.4269714355469,283.8583984375,288.11846923828125,5545.5537109375,2945.725341796875,1368.54150390625,666.647216796875,10.789562225341797,283.2283630371094,98.30000305175781,98.0,129.20010375976562,2852.159912109375,20000.17578125,41.0,2.0,0.0,0.0,255.5,273.3999938964844,279.1000061035156,283.70001220703125,288.0,5542.7021484375,2938.34326171875,1355.308349609375,655.7357788085938,-0.23515625298023224,280.45001220703125,99.69999694824219,100.0,382.239990234375,2968.159912109375,0.0010000000474974513,3.5,1075.90625,51.0,26.0,0.0,51.0,13400.0,253.6302490234375,272.42608642578125,279.96759033203125,284.3120422363281,288.4378356933594,5536.625,2945.884765625,1367.7384033203125,667.2501220703125,9.19110107421875,283.50390625,92.27628326416016,91.4370346069336,409.6015930175781,2860.0,0.0,5.0,5548.23828125,2948.144775390625,1368.16796875,667.1832275390625,13.698974609375,254.36349487304688,272.7626953125,280.51800537109375,283.97808837890625,288.20404052734375,61.59181594848633,90.93487548828125,97.5309066772461,97.61328887939453,,,,284.4164733886719,,100154.25,92901.3125,,19.021310806274414,57.0,,,88888.0,544.0,256.0,67.0,71.0,,82.0,,64.0,,76.0,93.0,16.0,322.0,277.6199645996094,277.71002197265625,100.0,7.0,10.800000190734863,11.600000381469727
2022-09-26T11:47,2022-09-26T12:00,48,train,0,2022,9,11,48,2022-09-24T12:00,48,2022-09-24T12:00,48,2022-09-24T12:00,45,2022-09-24T15:00,48,2022-09-24T12:00,48,2022-09-24T12:00,-999.0,0.0,17.0,56.0,0.0,nan,1343.74560546875,62700.0,85300.0,nan,5.798942565917969,254.484619140625,270.8374938964844,279.9744873046875,284.3340148925781,288.4652404785156,5537.55078125,2944.645751953125,1375.715087890625,18.858182907104492,280.1874084472656,91.0,317.1064453125,2560.0,13700.0,0.0,6.130000114440918,790.1858520507812,100.0,1.0,0.0,58.900001525878906,470.19146728515625,5.120000059832819e-05,0.1875,255.94287109375,272.26568603515625,280.6531677246094,283.3442077636719,287.5911865234375,5535.80712890625,2929.9931640625,1352.56298828125,651.6128540039062,-2.943312406539917,282.5567626953125,99.19999694824219,98.80000305175781,141.63705444335938,2778.239990234375,19999.90625,47.0,41.0,0.0,100.0,255.89999389648438,272.29998779296875,281.8999938964844,285.20001220703125,289.5,5542.60791015625,2934.321533203125,1355.8026123046875,651.5573120117188,-5.157249927520752,281.7799987792969,100.0,100.0,528.7999877929688,2764.800048828125,9.999999747378752e-05,1.125,nan,38.0,100.0,86.0,1.0,13900.0,255.57606506347656,271.20367431640625,280.768310546875,284.44122314453125,288.3716735839844,5546.32177734375,2946.365234375,1372.096435546875,669.91015625,13.307430267333984,282.89276123046875,90.44046783447266,89.3369369506836,147.3124237060547,2650.0,9.999999747378752e-06,10.5,5546.52734375,2943.998779296875,1364.623291015625,663.304443359375,9.86279296875,255.31724548339844,272.17041015625,280.8008728027344,283.9112548828125,288.16046142578125,63.48086929321289,84.45645141601562,95.65509796142578,97.62809753417969,,,,284.49127197265625,,100107.875,92862.421875,,18.32755470275879,79.0,,,8.0,8.0,0.0,91.0,92.0,,94.0,,58.0,,68.0,76.0,56.0,175.0,277.41998291015625,277.4599914550781,100.0,54.0,9.199999809265137,10.0
2022-10-06T03:53,2022-10-06T04:00,1,holdout_baserate,0,2022,10,3,1,2022-10-06T03:00,4,2022-10-06T00:00,4,2022-10-06T00:00,1,2022-10-06T03:00,3,2022-10-06T00:00,1,2022-10-06T03:00,-999.0,0.0,0.0,0.0,0.0,nan,nan,nan,nan,nan,3.707580089569092,258.13665771484375,275.5531311035156,284.4998779296875,287.05438232421875,290.8614807128906,5705.8076171875,3075.59912109375,1482.3408203125,108.84380340576172,280.93902587890625,28.899999618530273,104.92202758789062,3490.3369140625,64400.0,0.0,0.0,19999.8359375,0.0,13.5,0.0,0.0,24134.9296875,0.0,0.0,258.45281982421875,275.5107116699219,284.230712890625,283.4996337890625,287.41229248046875,5711.66259765625,3076.337890625,1482.472412109375,775.2256469726562,121.5108413696289,281.6749572753906,90.5999984741211,80.19999694824219,12.505448341369629,3503.679931640625,20000.107421875,4.0,1.0,0.0,24100.0,258.5,276.0,284.1000061035156,288.8999938964844,293.29998779296875,5712.68212890625,3080.09814453125,1484.1219482421875,773.8114013671875,120.20886993408203,283.8700256347656,40.900001525878906,30.0,305.67999267578125,3547.0400390625,0.0,0.0,nan,0.0,0.0,0.0,0.0,20700.0,258.5218811035156,275.39990234375,284.9665832519531,286.5465087890625,289.33575439453125,5713.90234375,3081.5986328125,1486.411865234375,777.0482788085938,113.88494110107422,282.0341796875,67.42924499511719,62.21559143066406,82.02401733398438,3480.0,0.0,0.0,5718.8828125,3083.99560546875,1488.510986328125,780.903564453125,123.364501953125,258.7384948730469,275.32867431640625,284.01995849609375,286.4888916015625,290.3502502441406,56.1862678527832,40.48394012451172,69.07904815673828,97.9849853515625,,,,281.22705078125,,101477.1875,94188.515625,,16.318416595458984,37.0,,,88888.0,4064.0,16274.0,3.0,3.0,,3.0,,8.0,,8.0,8.0,0.0,82.0,277.32000732421875,273.42999267578125,75.0,0.0,5.199999809265137,5.199999809265137
2022-10-06T03:53,2022-10-06T04:00,24,holdout_baserate,0,2022,10,3,22,2022-10-05T06:00,22,2022-10-05T06:00,22,2022-10-05T06:00,25,2022-10-05T03:00,21,2022-10-05T06:00,24,2022-10-05T04:00,-999.0,0.0,0.0,100.0,100.0,7888.23974609375,7463.61865234375,nan,39400.0,7915.2529296875,2.844921827316284,257.94854736328125,275.8254699707031,283.51361083984375,286.71923828125,290.7711181640625,5705.54296875,3075.35693359375,1482.3084716796875,109.066650390625,281.2500305175781,56.599998474121094,182.5208282470703,3498.5869140625,32200.0,0.0,0.0,20000.166015625,1.0,38.099998474121094,0.0,0.0,24135.05859375,0.0,0.0,258.2699890136719,275.2969055175781,283.5924072265625,283.9781799316406,287.9478454589844,5704.82177734375,3073.107421875,1480.3516845703125,773.994873046875,119.03668975830078,282.3880310058594,88.0999984741211,79.5,11.839149475097656,3390.719970703125,19999.82421875,8.0,3.0,3.0,24100.0,258.6000061035156,276.3999938964844,284.70001220703125,288.3999938964844,292.79998779296875,5711.90185546875,3075.3681640625,1478.4185791015625,766.6823120117188,114.77874755859375,283.3399963378906,100.0,77.0,72.23999786376953,3566.239990234375,0.0,0.0,nan,0.0,100.0,81.0,0.0,32200.0,258.7392272949219,275.93353271484375,284.27197265625,285.8673400878906,289.0623779296875,5707.28466796875,3072.78173828125,1477.2388916015625,770.4022216796875,107.66771697998047,281.7371520996094,57.3555908203125,48.581321716308594,105.56001281738281,3510.0,0.0,0.0,5716.15234375,3077.94287109375,1482.827880859375,777.5321044921875,121.214599609375,259.1923828125,276.0655517578125,282.69219970703125,285.40850830078125,289.76556396484375,35.0899772644043,54.96390151977539,83.79377746582031,96.17623138427734,,,,281.30108642578125,,101439.375,94143.53125,,15.068023681640625,22.0,,,88886.0,4080.0,384.0,0.0,0.0,,0.0,,37.0,,37.0,38.0,0.0,87.0,276.53997802734375,270.66998291015625,67.0,1.0,5.599999904632568,5.599999904632568
2022-10-06T03:53,2022-10-06T04:00,48,holdout_baserate,0,2022,10,3,46,2022-10-04T06:00,46,2022-10-04T06:00,46,2022-10-04T06:00,49,2022-10-04T03:00,39,2022-10-04T12:00,36,2022-10-04T16:00,-999.0,0.0,0.0,0.0,41.0,10501.947265625,2717.9951171875,nan,23800.0,11170.8564453125,4.217584133148193,258.9499816894531,275.6062316894531,283.3166198730469,285.9378662109375,289.9656982421875,5714.46240234375,3080.2529296875,1487.984619140625,117.1924819946289,279.9700012207031,56.70000076293945,125.22940063476562,3490.168701171875,33500.0,0.0,0.0,19999.859375,0.5,0.0,0.0,0.0,24135.2421875,0.0,0.0,258.8040771484375,274.4847717285156,283.5193786621094,282.69158935546875,286.48797607421875,5709.4013671875,3074.089599609375,1485.8482666015625,780.2550659179688,129.7754364013672,280.60687255859375,56.29999923706055,47.900001525878906,11.500578880310059,3371.52001953125,20000.060546875,0.0,0.0,0.0,24100.0,258.20001220703125,275.3999938964844,285.6000061035156,289.8999938964844,294.29998779296875,5715.548828125,3085.40869140625,1489.34423828125,777.3317260742188,124.36383056640625,285.19000244140625,4.699999809265137,4.0,72.4000015258789,3445.919921875,0.0,0.0,nan,0.0,3.0,9.0,0.0,31900.0,258.4499816894531,274.973388671875,284.24407958984375,285.94720458984375,289.27337646484375,5714.3564453125,3082.326171875,1489.14599609375,781.8399658203125,120.239501953125,282.3263854980469,57.481292724609375,53.02507781982422,144.88516235351562,3380.0,0.0,0.125,5721.0,3083.832275390625,1487.58251953125,782.305908203125,125.91015625,258.99822998046875,276.33392333984375,283.49200439453125,285.9897155761719,289.7664794921875,31.072689056396484,22.69476890563965,58.209693908691406,79.1832275390625,,,,280.4102478027344,,101485.25,94194.25,,10.65705680847168,29.0,,,88886.0,2248.0,384.0,8.0,8.0,,8.0,,41.0,,41.0,42.0,0.0,88.0,276.1199951171875,270.6100158691406,68.0,1.0,6.400000095367432,6.400000095367432
2022-10-15T04:55,2022-10-15T05:00,1,train,1,2022,10,4,1,2022-10-15T04:00,5,2022-10-15T00:00,5,2022-10-15T00:00,1,2022-10-15T04:00,6,2022-10-15T00:00,1,2022-10-15T04:00,-999.0,0.0,2.0,0.0,0.0,nan,1677.1278076171875,nan,83100.0,nan,2.5093719959259033,259.1512451171875,275.39056396484375,281.257568359375,282.6293640136719,286.743408203125,5708.8427734375,3066.450439453125,1481.572021484375,118.27237701416016,278.2386474609375,89.80000305175781,35.31158447265625,3743.199951171875,13200.0,0.0,0.0,785.227294921875,82.9000015258789,0.0,71.0,100.0,400.00213623046875,0.0,0.0,259.479736328125,274.60455322265625,280.785400390625,281.7254333496094,285.9366455078125,5712.884765625,3070.106689453125,1486.509033203125,786.0974731445312,135.5204620361328,281.7989501953125,98.19999694824219,98.0,160.6750946044922,3787.52001953125,9021.806640625,40.0,0.0,88.0,24100.0,260.29998779296875,274.8999938964844,282.70001220703125,285.5,289.79998779296875,5708.45556640625,3059.52734375,1476.7332763671875,772.7553100585938,127.60810089111328,279.5799865722656,82.9000015258789,62.0,71.04000091552734,3909.43994140625,0.0,0.0,761.6417846679688,88.0,0.0,16.0,88.0,3400.0,259.2745361328125,275.1637268066406,281.87847900390625,282.1650085449219,285.5078125,5708.18896484375,3064.5048828125,1479.994384765625,779.4730834960938,120.23882293701172,281.33624267578125,99.16268157958984,95.48512268066406,328.8047790527344,3840.0,0.0,0.0,5714.1953125,3068.327392578125,1484.2578125,785.11767578125,138.1337890625,260.18402099609375,275.5557861328125,281.07281494140625,282.21588134765625,285.39410400390625,21.036949157714844,54.59796905517578,58.298526763916016,88.54817199707031,,,,279.49041748046875,,101727.5,94294.3125,,11.963924407958984,84.0,,,88888.0,1016.0,402.0,18.0,19.0,,22.0,,31.0,,36.0,41.0,0.0,122.0,276.6399841308594,275.28997802734375,89.0,2.0,7.599999904632568,7.599999904632568
2022-10-15T04:55,2022-10-15T05:00,24,train,1,2022,10,4,23,2022-10-14T06:00,23,2022-10-14T06:00,23,2022-10-14T06:00,26,2022-10-14T03:00,30,2022-10-14T00:00,24,2022-10-14T05:00,-999.0,0.0,0.0,0.0,0.0,nan,1344.1566162109375,nan,86500.0,nan,2.652510166168213,260.58282470703125,275.1190185546875,280.076416015625,281.8682861328125,285.9444580078125,5708.85693359375,3064.28125,1486.255859375,126.8158187866211,277.43304443359375,80.0999984741211,41.076026916503906,3694.080078125,16300.0,0.0,159.49000549316406,785.590087890625,81.0,0.0,99.5999984741211,100.0,262.1707458496094,3.999999989900971e-06,0.0,259.6400146484375,275.1007385253906,281.9933776855469,281.4833984375,285.73370361328125,5712.99853515625,3070.19384765625,1487.416748046875,786.0618896484375,135.9800567626953,281.5344543457031,98.4000015258789,98.0999984741211,132.41566467285156,3686.239990234375,1196.5286865234375,40.0,0.0,70.0,0.0,260.29998779296875,275.29998779296875,282.1000061035156,286.0,290.29998779296875,5703.1904296875,3053.176513671875,1465.170654296875,760.140380859375,117.950439453125,278.30999755859375,99.4000015258789,76.0,70.95999908447266,3940.639892578125,0.0,0.0,nan,68.0,0.0,99.0,35.0,12400.0,259.512939453125,273.89263916015625,281.1654357910156,282.27508544921875,285.6476135253906,5709.439453125,3072.68994140625,1492.2357177734375,792.002197265625,133.59127807617188,280.9181823730469,94.0,83.10987091064453,102.64332580566406,3430.0,0.0,70.125,5711.0703125,3066.89111328125,1487.626220703125,789.0554809570312,142.421630859375,260.6256103515625,273.95416259765625,280.92266845703125,282.10882568359375,285.2931213378906,35.81793212890625,41.47396469116211,64.57661437988281,94.72550964355469,,,,279.665771484375,,101761.5625,94335.0078125,,13.11328411102295,71.0,,,0.0,0.0,0.0,92.0,92.0,,92.0,,80.0,,81.0,88.0,0.0,95.0,276.1400146484375,273.2599792480469,81.0,7.0,8.0,8.399999618530273
2022-10-24T15:48,2022-10-24T16:00,1,holdout_baserate,0,2022,10,15,1,2022-10-24T15:00,4,2022-10-24T12:00,4,2022-10-24T12:00,1,2022-10-24T15:00,3,2022-10-24T12:00,1,2022-10-24T15:00,-999.0,0.0,100.0,0.0,100.0,1344.5869140625,1344.5430908203125,87000.0,87400.0,1580.5152587890625,2.5293164253234863,260.66046142578125,277.3840637207031,283.92828369140625,285.325927734375,289.44598388671875,5831.96875,3179.283203125,1573.934326171875,201.1915283203125,283.6539306640625,100.0,262.9901123046875,3867.360107421875,100.0,0.0,0.0020000000949949026,790.1743774414062,100.0,79.5,100.0,100.0,645.8753662109375,9.60000033956021e-06,0.9375,260.852783203125,277.497802734375,283.696533203125,284.2528991699219,288.3710021972656,5836.95263671875,3179.198486328125,1572.96337890625,866.9026489257812,210.6426239013672,284.6940002441406,98.69999694824219,99.19999694824219,144.23745727539062,3864.800048828125,19999.859375,49.0,15.0,47.0,100.0,261.6000061035156,277.1000061035156,285.0,284.29998779296875,288.6000061035156,5839.1748046875,3182.798583984375,1572.5706787109375,868.5540161132812,209.88760375976562,282.6400146484375,99.19999694824219,100.0,224.24000549316406,3796.639892578125,9.999999747378752e-05,0.5625,900.3399658203125,73.0,0.0,61.0,73.0,6500.0,261.4277038574219,277.2265625,285.59539794921875,285.47003173828125,289.0699768066406,5833.63525390625,3182.170654296875,1572.886474609375,861.982666015625,198.83767700195312,286.56072998046875,96.1668701171875,97.7674560546875,334.38531494140625,3780.0,9.999999747378752e-06,0.0,5841.87109375,3185.466064453125,1576.521484375,868.0360107421875,214.459716796875,260.77691650390625,277.274169921875,285.1436462402344,283.982666015625,288.0821533203125,82.26543426513672,96.06727600097656,99.20417022705078,96.83509826660156,,,,285.5644226074219,,102568.3125,95165.28125,,31.283605575561523,93.0,,,64.0,48.0,209.0,95.0,98.0,,99.0,,81.0,,91.0,96.0,1.0,166.0,278.53997802734375,278.45001220703125,100.0,9.0,7.199999809265137,8.600000381469727
2022-10-15T04:55,2022-10-15T05:00,48,train,1,2022,10,4,47,2022-10-13T06:00,47,2022-10-13T06:00,47,2022-10-13T06:00,50,2022-10-13T03:00,48,2022-10-13T06:00,36,2022-10-13T17:00,-999.0,0.0,0.0,0.0,0.0,nan,1344.46142578125,nan,86600.0,nan,3.2613980770111084,259.4038391113281,275.1166076660156,280.59393310546875,282.75628662109375,286.9111328125,5708.908203125,3072.37939453125,1493.3076171875,131.99166870117188,278.4450378417969,69.5,101.19401550292969,3505.1201171875,24000.0,0.0,274.4100036621094,20000.025390625,0.0,0.0,0.0,47.0,24134.755859375,0.0,0.0,259.2200012207031,274.1996154785156,279.359619140625,278.8529052734375,282.242919921875,5706.86083984375,3076.087646484375,1503.12158203125,807.6091918945312,166.47584533691406,277.28118896484375,84.5,70.19999694824219,23.407573699951172,3308.639892578125,19999.958984375,31.0,0.0,0.0,24100.0,260.29998779296875,275.5,280.20001220703125,283.1000061035156,287.29998779296875,5709.22900390625,3064.324462890625,1487.4229736328125,790.847412109375,152.5118865966797,278.4599914550781,45.5,33.0,70.72000122070312,3742.239990234375,0.0,0.0,10486.7119140625,2.0,0.0,96.0,2.0,13700.0,259.9666748046875,275.5945129394531,280.32403564453125,282.0967102050781,285.2493896484375,5708.15771484375,3064.9580078125,1482.6312255859375,784.6305541992188,125.47882080078125,279.3890686035156,86.29920196533203,78.80778503417969,147.69827270507812,3670.0,0.0,71.3125,5718.71875,3073.68212890625,1497.121826171875,802.3622436523438,156.477294921875,260.47137451171875,276.50164794921875,278.52874755859375,281.68170166015625,285.225341796875,5.98912239074707,44.76422119140625,45.8250846862793,79.68495178222656,,,,277.99615478515625,,101912.375,94476.890625,,6.864805221557617,64.0,,,30.0,32.0,256.0,26.0,26.0,,26.0,,68.0,,69.0,73.0,0.0,89.0,274.8799743652344,272.5899963378906,84.0,1.0,7.199999809265137,8.0
2022-10-24T15:48,2022-10-24T16:00,24,holdout_baserate,0,2022,10,15,22,2022-10-23T18:00,22,2022-10-23T18:00,22,2022-10-23T18:00,25,2022-10-23T15:00,21,2022-10-23T18:00,24,2022-10-23T16:00,-999.0,0.0,63.0,61.0,100.0,7733.5634765625,1344.686279296875,25200.0,87400.0,11870.5849609375,3.226701498031616,261.1297607421875,276.400634765625,285.61553955078125,286.40106201171875,290.1592712402344,5832.11328125,3179.89453125,1574.6455078125,198.64398193359375,285.33673095703125,94.19999694824219,250.74078369140625,3757.280029296875,12700.0,0.0,1.6299999952316284,785.5939331054688,100.0,100.0,100.0,100.0,353.4598083496094,1.52000002344721e-05,0.1875,261.4800109863281,276.4685974121094,282.0395812988281,283.695068359375,287.97186279296875,5834.9892578125,3177.279541015625,1580.1510009765625,876.1484985351562,220.64874267578125,284.4322814941406,98.30000305175781,98.80000305175781,129.4232635498047,3756.159912109375,1197.069580078125,52.0,41.0,10.0,100.0,261.5,277.29998779296875,284.1000061035156,283.5,287.79998779296875,5836.45263671875,3181.048583984375,1567.7816162109375,866.3239135742188,207.66720581054688,281.6000061035156,99.69999694824219,100.0,223.36000061035156,3777.43994140625,0.0,0.5,896.6301879882812,73.0,97.0,95.0,57.0,6800.0,261.0252380371094,276.8603210449219,284.9132080078125,284.4189453125,287.24810791015625,5835.373046875,3180.407958984375,1575.62841796875,865.8248901367188,205.97998046875,284.54229736328125,95.0,94.96782684326172,317.4550476074219,3810.0,9.999999747378752e-06,6.25,5838.9140625,3181.955322265625,1572.548583984375,866.624267578125,213.54150390625,261.27459716796875,277.72509765625,284.0791015625,283.49853515625,287.8840026855469,80.2394790649414,99.02867126464844,98.22930908203125,84.3442611694336,,,,285.1329040527344,,102579.5,95169.0078125,,30.71488380432129,94.0,,,32.0,32.0,256.0,89.0,89.0,,97.0,,69.0,,79.0,91.0,17.0,228.0,278.8500061035156,278.6499938964844,100.0,37.0,7.199999809265137,8.300000190734863
2022-11-04T12:51,2022-11-04T13:00,1,holdout_baserate,0,2022,11,12,1,2022-11-04T12:00,1,2022-11-04T12:00,1,2022-11-04T12:00,1,2022-11-04T12:00,0,2022-11-04T12:00,1,2022-11-04T12:00,-999.0,0.0,0.0,0.0,4.0,nan,nan,nan,nan,nan,8.032119750976562,258.0091247558594,274.7742004394531,282.58087158203125,285.25970458984375,288.94964599609375,5773.8681640625,3148.636474609375,1561.594482421875,196.36822509765625,280.40283203125,44.79999923706055,156.37840270996094,3582.39990234375,44900.0,0.0,0.0,19999.994140625,0.0,0.0,5.0,0.0,24134.849609375,0.0,0.0,258.5112609863281,274.3793029785156,281.3772888183594,284.571044921875,287.7469787597656,5773.8017578125,3147.69775390625,1563.191650390625,859.4752807617188,205.62710571289062,283.8757629394531,60.5,47.599998474121094,53.72978591918945,3336.47998046875,20000.078125,0.0,0.0,0.0,24100.0,258.29998779296875,274.6000061035156,283.0,283.5,287.70001220703125,5776.7822265625,3149.13037109375,1558.744140625,857.8116455078125,206.5077667236328,281.1300048828125,54.5,54.0,183.83999633789062,3386.239990234375,0.0,0.0,nan,0.0,0.0,73.0,0.0,35700.0,258.3074951171875,274.3194580078125,282.4934997558594,284.8946838378906,286.69708251953125,5771.64208984375,3144.8212890625,1559.929931640625,855.9201049804688,198.468994140625,280.2174072265625,54.226959228515625,41.401824951171875,139.20542907714844,3380.0,0.0,0.0,5770.75,3147.50927734375,1563.9755859375,859.8939208984375,207.77197265625,257.7503662109375,273.8878173828125,282.0814208984375,284.708740234375,287.82989501953125,56.53858184814453,43.978790283203125,42.1481819152832,64.70845794677734,,,,279.64874267578125,,102471.9375,95091.171875,,14.244050025939941,26.0,,,88888.0,4736.0,16209.0,1.0,1.0,,1.0,,3.0,,3.0,4.0,0.0,171.0,276.739990234375,269.28997802734375,58.0,0.0,11.600000381469727,12.5
2022-10-24T15:48,2022-10-24T16:00,48,holdout_baserate,0,2022,10,15,46,2022-10-22T18:00,46,2022-10-22T18:00,46,2022-10-22T18:00,49,2022-10-22T15:00,45,2022-10-22T18:00,36,2022-10-23T04:00,-999.0,100.0,100.0,100.0,100.0,1344.4840087890625,1344.5078125,23700.0,87500.0,12257.8505859375,2.4343481063842773,261.78570556640625,276.25799560546875,283.0784912109375,285.5361328125,289.56341552734375,5831.6376953125,3176.236572265625,1577.177734375,205.47933959960938,283.1688232421875,100.0,338.5776062011719,3728.0,0.0,0.0,3.4700000286102295,785.4813842773438,100.0,83.80000305175781,100.0,99.0,279.2444152832031,8.000000093488779e-07,0.25,261.8109436035156,276.7183837890625,283.7474670410156,283.4074401855469,287.7678527832031,5823.88671875,3164.215087890625,1563.243408203125,857.2367553710938,202.0995330810547,284.0954895019531,98.5,99.4000015258789,131.54554748535156,3967.360107421875,1233.1793212890625,56.0,1.0,2.0,2800.0,261.8999938964844,278.3999938964844,285.70001220703125,286.70001220703125,291.0,5810.154296875,3145.1025390625,1538.5556640625,828.1731567382812,170.39646911621094,283.9700012207031,99.80000305175781,100.0,801.1199951171875,3999.360107421875,0.0013000000035390258,1.875,4568.00537109375,89.0,83.0,100.0,89.0,6200.0,260.30078125,276.05889892578125,284.4216613769531,284.7697448730469,287.8834228515625,5823.45654296875,3172.581787109375,1572.471923828125,864.2862548828125,204.3721923828125,285.496826171875,96.922607421875,97.09583282470703,269.85125732421875,3830.0,0.0,5.1875,5836.1953125,3175.849365234375,1569.7890625,863.0556640625,209.611328125,261.9983215332031,276.88140869140625,284.45892333984375,283.802978515625,288.03863525390625,83.35128784179688,97.325927734375,100.5080795288086,97.7573471069336,,,,285.2747497558594,,102518.125,95123.5,,29.724424362182617,96.0,,,32.0,32.0,256.0,97.0,97.0,,98.0,,68.0,,76.0,87.0,1.0,203.0,278.8999938964844,278.8899841308594,100.0,31.0,8.0,10.199999809265137
2022-11-04T12:51,2022-11-04T13:00,24,holdout_baserate,0,2022,11,12,25,2022-11-03T12:00,25,2022-11-03T12:00,25,2022-11-03T12:00,22,2022-11-03T15:00,24,2022-11-03T12:00,24,2022-11-03T13:00,-999.0,0.0,0.0,0.0,94.0,nan,2295.572509765625,nan,25500.0,nan,10.391942977905273,257.8065185546875,274.0231628417969,281.9546813964844,284.5826416015625,288.33770751953125,5763.921875,3141.149169921875,1558.68408203125,196.40902709960938,279.98724365234375,52.20000076293945,221.40414428710938,3506.39990234375,36800.0,0.0,0.0,20000.029296875,0.0,0.0,5.0,0.0,24134.8125,0.0,0.0,258.5740966796875,273.88177490234375,281.2449035644531,284.1758117675781,287.2815246582031,5775.61083984375,3149.09521484375,1566.0892333984375,863.215087890625,210.3876953125,283.4619445800781,62.5,49.79999923706055,63.841121673583984,3276.159912109375,19999.802734375,0.0,0.0,1.0,24100.0,258.3999938964844,274.70001220703125,282.3999938964844,282.5,286.70001220703125,5778.31884765625,3146.074462890625,1557.209716796875,857.9415283203125,206.05982971191406,279.9700012207031,62.400001525878906,63.0,263.0400085449219,3456.800048828125,0.0,0.0,nan,0.0,0.0,34.0,0.0,27900.0,258.1720886230469,273.74896240234375,281.91851806640625,283.7934265136719,285.8324890136719,5770.0859375,3145.826416015625,1563.7677001953125,861.3432006835938,205.4385986328125,280.7854309082031,64.48379516601562,50.9920539855957,234.97784423828125,3280.0,0.0,0.0,5771.13671875,3145.6533203125,1560.926025390625,857.5977172851562,207.082763671875,258.12799072265625,274.2598876953125,282.41510009765625,283.9904479980469,287.01513671875,49.105072021484375,34.305171966552734,44.714927673339844,69.63030242919922,,,,279.948974609375,,102464.3125,95060.328125,,13.049160957336426,10.0,,,88888.0,4400.0,256.0,15.0,16.0,,22.0,,48.0,,48.0,52.0,0.0,184.0,276.66998291015625,271.33001708984375,67.0,1.0,11.199999809265137,12.600000381469727
2022-11-14T09:54,2022-11-14T10:00,1,holdout_baserate,0,2022,11,9,1,2022-11-14T09:00,4,2022-11-14T06:00,4,2022-11-14T06:00,1,2022-11-14T09:00,3,2022-11-14T06:00,1,2022-11-14T09:00,-999.0,0.0,10.0,0.0,0.0,nan,1341.0731201171875,nan,85500.0,nan,17.41092300415039,248.82388305664062,264.7134704589844,263.84698486328125,266.48388671875,270.6129150390625,5444.7421875,2912.41259765625,1404.9974365234375,118.06272888183594,261.3441162109375,85.19999694824219,223.6396484375,0.0,14600.0,0.0,0.04399999976158142,815.8567504882812,91.19999694824219,0.0,0.0,100.0,848.7106323242188,1.359999987471383e-05,0.3125,249.33384704589844,265.5607604980469,259.6673889160156,265.32012939453125,269.30670166015625,5448.67529296875,2906.30859375,1402.7808837890625,752.6506958007812,141.89566040039062,265.18963623046875,90.0,88.0999984741211,798.7785034179688,0.0,19999.896484375,49.0,0.0,0.0,0.0,248.39999389648438,266.1000061035156,259.79998779296875,264.70001220703125,268.70001220703125,5444.6484375,2909.589111328125,1396.4085693359375,746.225341796875,128.9204559326172,262.75,97.0,100.0,357.67999267578125,0.0,0.0005000000237487257,1.0625,837.2108154296875,100.0,0.0,0.0,100.0,9600.0,248.1605224609375,264.3686218261719,262.17694091796875,265.99468994140625,270.4234313964844,5447.57763671875,2921.123779296875,1417.441162109375,764.57177734375,139.4190216064453,265.4090270996094,84.22786712646484,81.59966278076172,454.40374755859375,0.0,9.999999747378752e-06,0.0625,5432.51953125,2901.623291015625,1400.367919921875,746.6488037109375,132.5400390625,248.416748046875,263.70684814453125,261.56439208984375,266.70855712890625,271.0162353515625,20.49253273010254,92.44470977783203,82.24470520019531,72.77337646484375,,,,268.058837890625,,101681.75,93887.6875,,3.907156467437744,66.0,,,0.0,0.0,256.0,51.0,61.0,,62.0,,62.0,,62.0,62.0,2.0,436.0,260.70001220703125,257.70001220703125,78.0,3.0,20.0,21.600000381469727
2022-11-04T12:51,2022-11-04T13:00,48,holdout_baserate,0,2022,11,12,43,2022-11-02T18:00,49,2022-11-02T12:00,49,2022-11-02T12:00,46,2022-11-02T15:00,48,2022-11-02T12:00,36,2022-11-03T01:00,-999.0,0.0,0.0,16.0,100.0,10866.7333984375,7691.7158203125,nan,38500.0,11448.45703125,11.038168907165527,258.0123291015625,273.72674560546875,281.441162109375,284.13043212890625,287.9619140625,5766.580078125,3143.8291015625,1562.7303466796875,201.564208984375,279.97052001953125,68.5,227.0116424560547,3447.360107421875,24300.0,0.0,0.0,20000.033203125,0.0,0.0,18.600000381469727,0.0,24134.958984375,0.0,0.0,258.6806640625,274.6147155761719,280.8063659667969,283.6802062988281,287.07391357421875,5778.9404296875,3146.033447265625,1562.3668212890625,860.0875244140625,207.56893920898438,283.298828125,69.0,59.900001525878906,66.99679565429688,3446.39990234375,20000.0390625,7.0,0.0,0.0,24100.0,258.29998779296875,274.70001220703125,283.0,282.29998779296875,286.5,5769.7841796875,3143.502197265625,1553.23095703125,853.6239624023438,203.72430419921875,280.0799865722656,84.4000015258789,82.0,263.0400085449219,3371.840087890625,0.0,0.0,nan,1.0,0.0,81.0,1.0,16800.0,257.55157470703125,273.6304016113281,281.921630859375,283.21533203125,285.40869140625,5764.529296875,3148.58056640625,1565.8115234375,863.8515625,208.61444091796875,281.4295654296875,83.74661254882812,76.91593170166016,235.50799560546875,3260.0,0.0,0.0,5759.58203125,3137.152587890625,1556.1259765625,853.1349487304688,202.48828125,257.4190368652344,273.62017822265625,281.80670166015625,283.87762451171875,287.0872802734375,57.645931243896484,40.1328239440918,51.801963806152344,77.60356140136719,,,,280.09393310546875,,102410.5,95009.640625,,13.983616828918457,20.0,,,88888.0,5000.0,256.0,18.0,20.0,,20.0,,50.0,,50.0,53.0,0.0,172.0,275.80999755859375,271.6199951171875,73.0,2.0,10.399999618530273,12.100000381469727
2022-11-14T09:54,2022-11-14T10:00,24,holdout_baserate,0,2022,11,9,22,2022-11-13T12:00,22,2022-11-13T12:00,22,2022-11-13T12:00,25,2022-11-13T09:00,21,2022-11-13T12:00,24,2022-11-13T10:00,-999.0,100.0,100.0,0.0,0.0,1341.34326171875,1341.2786865234375,84200.0,85400.0,1563.625,17.4483642578125,248.77633666992188,264.6386413574219,263.34222412109375,266.98968505859375,271.231201171875,5434.7705078125,2903.79541015625,1401.337646484375,114.07721710205078,262.08349609375,90.19999694824219,319.0565185546875,0.0,100.0,0.0,15.949999809265137,822.25,87.4000015258789,0.0,0.0,100.0,842.8214721679688,1.4000000192027073e-05,0.25,250.06561279296875,265.80419921875,260.4662780761719,266.00823974609375,270.01446533203125,5449.61279296875,2902.81787109375,1399.0594482421875,747.0849609375,134.7245330810547,265.8755798339844,88.4000015258789,86.69999694824219,824.4627685546875,0.0,20000.162109375,47.0,0.0,0.0,0.0,250.0,266.1000061035156,258.5,263.29998779296875,267.29998779296875,5451.078125,2899.87939453125,1387.1099853515625,740.4006958007812,125.35648345947266,261.4599914550781,96.9000015258789,100.0,315.3599853515625,0.0,0.0006000000284984708,1.5,1010.7147827148438,100.0,0.0,0.0,100.0,8901.65625,248.54782104492188,263.6588439941406,261.5395812988281,266.8720703125,271.39947509765625,5426.29248046875,2899.8818359375,1405.123779296875,751.1116943359375,125.35533905029297,266.87109375,86.74694061279297,83.63721466064453,687.869384765625,0.0,1.9999999494757503e-05,7.875,5430.890625,2899.00244140625,1399.597412109375,744.6140747070312,129.142822265625,248.1201171875,264.2309265136719,261.86029052734375,267.36920166015625,271.6435546875,14.892250061035156,94.25765991210938,74.83074951171875,67.22278594970703,,,,268.6538391113281,,101625.375,93852.421875,,3.5927090644836426,72.0,,,30.0,32.0,201.0,54.0,58.0,,59.0,,71.0,,79.0,85.0,2.0,527.0,261.25,258.19000244140625,79.0,3.0,19.200000762939453,21.200000762939453
2022-11-14T09:54,2022-11-14T10:00,48,holdout_baserate,0,2022,11,9,46,2022-11-12T12:00,46,2022-11-12T12:00,46,2022-11-12T12:00,49,2022-11-12T09:00,45,2022-11-12T12:00,36,2022-11-12T22:00,-999.0,0.0,100.0,0.0,0.0,1341.0914306640625,1341.0108642578125,85300.0,85300.0,1445.2884521484375,18.18785285949707,248.29483032226562,263.64239501953125,262.5821228027344,266.53192138671875,270.7489013671875,5413.62255859375,2889.9970703125,1393.814208984375,109.37310791015625,260.72393798828125,89.0999984741211,264.4774169921875,0.0,1000.0,0.0,39.5099983215332,784.6702880859375,87.4000015258789,0.0,0.0,100.0,527.0523681640625,2.8000000384054147e-05,0.375,249.08795166015625,265.0663757324219,260.4714050292969,266.4020080566406,270.43316650390625,5432.435546875,2894.4072265625,1396.10107421875,743.6179809570312,130.2910919189453,266.3721923828125,87.5,86.0999984741211,884.852783203125,0.0,19999.943359375,41.0,0.0,0.0,0.0,249.1999969482422,266.70001220703125,258.70001220703125,263.70001220703125,267.6000061035156,5439.77197265625,2892.84423828125,1379.259765625,731.7013549804688,116.69371795654297,261.8900146484375,96.80000305175781,100.0,314.8800048828125,0.0,0.0008999999845400453,1.8125,1049.620361328125,100.0,0.0,0.0,100.0,16703.916015625,249.47695922851562,262.95550537109375,261.31048583984375,266.8021240234375,271.3303527832031,5417.85546875,2891.911376953125,1401.412841796875,747.82958984375,122.13105773925781,266.6280212402344,84.32989501953125,80.21611022949219,672.83154296875,0.0,0.0,26.75,5406.18359375,2884.09423828125,1389.765380859375,732.6862182617188,115.438720703125,248.42510986328125,262.6209716796875,262.51318359375,268.145263671875,272.35906982421875,29.14267349243164,93.41436004638672,77.15425109863281,70.99916076660156,,,,269.11724853515625,,101453.0625,93707.71875,,4.564085483551025,74.0,,,30.0,32.0,201.0,63.0,65.0,,65.0,,65.0,,68.0,71.0,2.0,515.0,261.6600036621094,258.29998779296875,77.0,7.0,18.399999618530273,20.799999237060547
2022-11-24T09:57,2022-11-24T10:00,1,holdout_baserate,0,2022,11,9,1,2022-11-24T09:00,4,2022-11-24T06:00,4,2022-11-24T06:00,1,2022-11-24T09:00,3,2022-11-24T06:00,1,2022-11-24T09:00,-999.0,0.0,0.0,0.0,0.0,nan,nan,nan,nan,nan,5.046392440795898,252.1685791015625,262.571044921875,267.4322509765625,268.16522216796875,271.43975830078125,5562.04052734375,3016.190673828125,1507.406494140625,218.81411743164062,264.9624938964844,44.900001525878906,86.30206298828125,51.279998779296875,44500.0,0.0,0.0,19999.974609375,5.0,5.0,6.300000190734863,14.800000190734863,24135.142578125,0.0,0.0,252.22203063964844,262.04052734375,267.5689392089844,267.03643798828125,267.3013916015625,5557.498046875,3015.25244140625,1505.6778564453125,843.0877685546875,236.4159393310547,263.2073974609375,93.9000015258789,72.30000305175781,12.196372985839844,0.0,20000.1328125,10.0,0.0,0.0,24100.0,252.5,261.79998779296875,268.79998779296875,271.3999938964844,275.5,5558.275390625,3017.601318359375,1504.972412109375,837.0546875,226.3697509765625,267.3800048828125,70.0999984741211,59.0,68.0,293.9200134277344,0.0,0.0,nan,1.0,0.0,0.0,1.0,16700.0,251.50669860839844,261.8886413574219,267.228271484375,267.60870361328125,270.1322021484375,5550.28515625,3017.07861328125,1508.7017822265625,846.5740356445312,225.08065795898438,264.52581787109375,73.22027587890625,81.45600891113281,51.05039596557617,0.0,0.0,0.0,5555.3125,3017.184326171875,1509.175537109375,848.2474365234375,236.130126953125,252.6034698486328,260.87542724609375,267.21600341796875,266.70294189453125,269.99847412109375,59.019317626953125,42.37982177734375,66.82676696777344,86.8518295288086,,,,260.70001220703125,,103016.25,95133.359375,,5.344711780548096,11.0,,,88888.0,3272.0,16274.0,3.0,3.0,,4.0,,2.0,,2.0,2.0,0.0,78.0,261.17999267578125,257.5,74.0,1.0,8.800000190734863,8.800000190734863
2022-11-24T09:57,2022-11-24T10:00,24,holdout_baserate,0,2022,11,9,22,2022-11-23T12:00,22,2022-11-23T12:00,22,2022-11-23T12:00,25,2022-11-23T09:00,21,2022-11-23T12:00,24,2022-11-23T10:00,-999.0,0.0,0.0,0.0,0.0,nan,nan,nan,nan,nan,4.704849720001221,251.347412109375,263.4590148925781,266.0205078125,267.8170166015625,271.52215576171875,5555.02001953125,3012.568603515625,1506.1373291015625,216.95953369140625,264.48077392578125,62.400001525878906,91.56825256347656,0.0,27700.0,0.0,0.009999999776482582,19999.865234375,5.0,5.0,5.0,56.29999923706055,24104.1171875,0.0,0.0,251.9593505859375,263.486572265625,265.84490966796875,266.61859130859375,267.4084777832031,5558.93798828125,3011.45849609375,1503.21142578125,843.1524047851562,236.2921905517578,263.38995361328125,95.4000015258789,79.30000305175781,12.518026351928711,0.0,19999.931640625,8.0,0.0,0.0,24100.0,252.89999389648438,263.6000061035156,266.8999938964844,269.79998779296875,273.8999938964844,5564.517578125,3010.118408203125,1498.6982421875,835.1211547851562,224.8165283203125,266.42999267578125,55.20000076293945,55.0,67.68000030517578,147.0399932861328,0.0,0.0,nan,3.0,0.0,3.0,3.0,15300.0,251.58314514160156,263.40283203125,265.6007080078125,266.36273193359375,270.0062255859375,5554.15869140625,3011.416015625,1504.333984375,846.337890625,224.0633544921875,264.1471862792969,73.02591705322266,83.68362426757812,129.96905517578125,0.0,0.0,0.0625,5555.3359375,3010.489501953125,1502.642578125,844.8822021484375,232.69580078125,252.76727294921875,262.31402587890625,265.88671875,266.41607666015625,270.0709228515625,44.82354736328125,52.80659103393555,86.66441345214844,94.92662811279297,,,,260.3017272949219,,102972.0625,95081.6328125,,5.65485954284668,16.0,,,88888.0,4848.0,201.0,48.0,53.0,,53.0,,63.0,,63.0,63.0,0.0,82.0,261.3899841308594,257.6499938964844,73.0,0.0,9.199999809265137,9.199999809265137
2022-11-24T09:57,2022-11-24T10:00,48,holdout_baserate,0,2022,11,9,46,2022-11-22T12:00,46,2022-11-22T12:00,46,2022-11-22T12:00,49,2022-11-22T09:00,45,2022-11-22T12:00,36,2022-11-22T22:00,-999.0,0.0,0.0,0.0,0.0,nan,1194.402587890625,nan,nan,nan,6.053969383239746,249.41497802734375,263.06585693359375,265.3096008300781,266.9740295410156,270.88031005859375,5536.921875,3008.7548828125,1504.7518310546875,218.2876434326172,264.2503356933594,72.19999694824219,125.08274841308594,0.0,21200.0,0.0,0.47999998927116394,19999.875,18.299999237060547,5.0,5.0,7.699999809265137,24135.0390625,0.0,0.0,251.77334594726562,264.0573425292969,265.1451416015625,267.4012451171875,268.29266357421875,5559.33837890625,3008.21728515625,1501.5526123046875,840.7469482421875,231.8623504638672,264.271484375,95.5,82.0999984741211,13.169463157653809,0.0,20000.14453125,24.0,7.0,0.0,24100.0,251.1999969482422,262.20001220703125,265.79998779296875,267.5,271.5,5529.3408203125,2992.359130859375,1488.836181640625,830.2322387695312,219.16656494140625,264.3699951171875,58.70000076293945,55.0,136.0,0.0,0.0,0.0,nan,54.0,0.0,1.0,54.0,14000.0,249.60153198242188,263.22564697265625,265.43365478515625,265.11273193359375,269.08770751953125,5533.4404296875,3005.259765625,1501.901611328125,845.9710693359375,224.95785522460938,263.8466491699219,81.14179229736328,86.58673858642578,143.0588836669922,0.0,0.0,0.3125,5540.265625,2998.489990234375,1495.6845703125,838.86328125,224.658935546875,251.42776489257812,262.2342529296875,264.82965087890625,266.95989990234375,271.05804443359375,47.76890563964844,62.723411560058594,91.90963745117188,92.41856384277344,,,,267.034912109375,,102870.0625,95002.6875,,6.124388694763184,16.0,,,88888.0,3488.0,256.0,73.0,75.0,,75.0,,61.0,,61.0,61.0,0.0,86.0,261.33001708984375,257.29998779296875,71.0,1.0,9.600000381469727,9.600000381469727
2022-12-03T09:50,2022-12-03T10:00,1,holdout_baserate,0,2022,12,9,1,2022-12-03T09:00,4,2022-12-03T06:00,4,2022-12-03T06:00,1,2022-12-03T09:00,3,2022-12-03T06:00,1,2022-12-03T09:00,-999.0,0.0,0.0,0.0,2.0,nan,2965.9228515625,nan,22000.0,nan,12.770162582397461,254.91384887695312,270.6640625,276.918212890625,276.0006103515625,279.59381103515625,5650.4384765625,3062.11376953125,1497.88330078125,166.70162963867188,270.46405029296875,57.70000076293945,270.70123291015625,894.1599731445312,31700.0,0.0,0.0,1879.3741455078125,26.5,100.0,100.0,4.099999904632568,8553.9228515625,0.0,0.0,254.9897918701172,269.2868347167969,276.59698486328125,270.298583984375,274.4281311035156,5654.16357421875,3059.860107421875,1493.7960205078125,816.469970703125,193.73541259765625,270.6648254394531,89.19999694824219,90.19999694824219,201.31228637695312,394.7200012207031,19999.970703125,28.0,28.0,8.0,24100.0,255.89999389648438,271.1000061035156,278.79998779296875,271.5,275.5,5655.69189453125,3058.2099609375,1488.36376953125,816.1251220703125,191.29000854492188,268.5,83.5999984741211,78.0,292.1600036621094,465.44000244140625,0.0,0.0,4472.8388671875,0.0,100.0,100.0,0.0,33900.0,254.57244873046875,269.5665588378906,279.8508605957031,274.86474609375,277.55645751953125,5650.04638671875,3069.00634765625,1503.297607421875,815.6382446289062,175.2517852783203,272.0085754394531,56.38854217529297,51.059104919433594,277.90130615234375,990.0,0.0,0.0,5653.265625,3067.720947265625,1499.285888671875,815.640625,191.3916015625,254.64370727539062,270.3603515625,279.2284240722656,272.12884521484375,275.3529968261719,91.92190551757812,35.495941162109375,64.85523986816406,74.35832214355469,,,,272.9437255859375,,102283.0625,94606.1640625,,13.19704818725586,61.0,,,672.0,672.0,16274.0,10.0,10.0,,54.0,,0.0,,0.0,0.0,0.0,212.0,269.239990234375,262.67999267578125,60.0,3.0,18.399999618530273,19.299999237060547
2022-12-03T09:50,2022-12-03T10:00,24,holdout_baserate,0,2022,12,9,22,2022-12-02T12:00,22,2022-12-02T12:00,22,2022-12-02T12:00,25,2022-12-02T09:00,21,2022-12-02T12:00,24,2022-12-02T10:00,-999.0,0.0,0.0,0.0,93.0,10885.634765625,2425.3662109375,37000.0,24400.0,11820.3857421875,11.996875762939453,254.26657104492188,269.65716552734375,276.462890625,275.4971008300781,278.91473388671875,5650.373046875,3068.23486328125,1507.640380859375,179.63613891601562,270.4313659667969,55.70000076293945,236.31944274902344,888.0,33600.0,0.0,0.0,5499.3359375,5.0,92.0999984741211,100.0,0.8999999761581421,24134.95703125,0.0,0.0,254.03109741210938,269.3446960449219,277.2409973144531,270.4521179199219,274.31805419921875,5655.04638671875,3065.932861328125,1500.9385986328125,821.03857421875,198.70309448242188,270.48431396484375,75.5,73.5999984741211,160.8209686279297,366.7200012207031,19999.947265625,24.0,22.0,4.0,24100.0,254.60000610351562,270.70001220703125,279.5,271.8999938964844,275.8999938964844,5648.8271484375,3059.75732421875,1490.9949951171875,816.521728515625,194.99217224121094,268.7799987792969,69.9000015258789,64.0,293.8399963378906,508.4800109863281,0.0,0.0,9650.08203125,0.0,55.0,100.0,0.0,28000.0,254.44557189941406,269.45684814453125,278.12042236328125,273.6899108886719,276.3590087890625,5649.685546875,3069.759033203125,1508.58447265625,824.52587890625,186.45877075195312,270.6024169921875,64.56620025634766,56.30337142944336,289.33270263671875,370.0,0.0,0.0,5657.63671875,3071.18212890625,1502.87109375,818.236328125,195.21533203125,254.61685180664062,270.2987060546875,279.19232177734375,272.17047119140625,274.75836181640625,81.26490020751953,40.70277404785156,64.98648071289062,76.40812683105469,,,,272.69696044921875,,102332.6875,94651.5859375,,14.950922012329102,88.0,,,30.0,32.0,256.0,24.0,31.0,,57.0,,54.0,,61.0,70.0,0.0,225.0,269.7699890136719,262.9800109863281,60.0,4.0,19.200000762939453,21.0
2022-12-03T09:50,2022-12-03T10:00,48,holdout_baserate,0,2022,12,9,46,2022-12-01T12:00,46,2022-12-01T12:00,46,2022-12-01T12:00,49,2022-12-01T09:00,45,2022-12-01T12:00,36,2022-12-01T22:00,-999.0,0.0,4.0,89.0,100.0,7649.6826171875,3143.309814453125,28500.0,69100.0,11488.25,13.282914161682129,254.1654052734375,269.4714660644531,275.64129638671875,275.16851806640625,278.84869384765625,5628.24462890625,3043.06640625,1486.156982421875,159.23756408691406,271.5550537109375,85.69999694824219,256.79388427734375,1063.43994140625,15100.0,0.0,4.53000020980835,3431.00146484375,51.29999923706055,94.4000015258789,100.0,0.0,24135.095703125,0.0,0.0,254.56353759765625,270.3260498046875,277.0385437011719,271.5672302246094,275.1358642578125,5651.33447265625,3060.4892578125,1496.2896728515625,814.9264526367188,190.74606323242188,271.098876953125,70.19999694824219,64.69999694824219,143.8285369873047,461.9200134277344,9513.220703125,43.0,52.0,63.0,24100.0,254.89999389648438,271.6000061035156,272.8999938964844,271.8999938964844,276.0,5640.58203125,3039.174072265625,1476.79345703125,806.51513671875,180.41946411132812,269.3299865722656,81.5999984741211,78.0,419.67999267578125,593.1199951171875,0.0,0.0,7227.09716796875,4.0,96.0,92.0,4.0,22300.0,253.8629150390625,269.222412109375,277.0862731933594,274.06402587890625,277.02392578125,5627.92236328125,3044.7451171875,1485.115478515625,802.4880981445312,162.77420043945312,271.931884765625,72.71299743652344,72.50224304199219,321.652099609375,990.0,0.0,2.0,5653.3359375,3063.6552734375,1502.424560546875,819.477294921875,196.296630859375,254.67579650878906,269.28192138671875,278.2881164550781,272.4293212890625,274.7777404785156,92.73651885986328,9.19588565826416,61.58906936645508,77.56587219238281,,,,272.180908203125,,102355.8125,94677.9609375,,11.738995552062988,91.0,,,30.0,30.0,256.0,26.0,28.0,,50.0,,54.0,,54.0,54.0,0.0,237.0,268.2099914550781,263.80999755859375,70.0,9.0,18.399999618530273,20.100000381469727
2022-12-13T21:49,2022-12-13T22:00,1,holdout_baserate,0,2022,12,21,1,2022-12-13T21:00,4,2022-12-13T18:00,4,2022-12-13T18:00,1,2022-12-13T21:00,3,2022-12-13T18:00,1,2022-12-13T21:00,-999.0,0.0,100.0,0.0,0.0,nan,1341.048828125,nan,86000.0,nan,13.068197250366211,242.12120056152344,255.14981079101562,261.392333984375,265.7815246582031,269.9280090332031,5335.0361328125,2883.693603515625,1413.8140869140625,144.0197296142578,261.1546325683594,89.19999694824219,370.0673828125,0.0,13500.0,0.0,0.03500000014901161,784.69482421875,81.80000305175781,0.0,0.0,76.80000305175781,328.8231506347656,4.7199999244185165e-05,0.0625,242.26710510253906,255.11598205566406,260.5564880371094,265.7593078613281,269.78204345703125,5329.58056640625,2876.492431640625,1409.525146484375,758.0700073242188,146.25027465820312,265.8465881347656,82.9000015258789,84.0999984741211,1086.2760009765625,0.0,1195.3988037109375,69.0,0.0,0.0,0.0,242.60000610351562,255.60000610351562,260.29998779296875,265.20001220703125,269.1000061035156,5336.60205078125,2878.847900390625,1409.007568359375,757.3572998046875,141.22683715820312,263.3599853515625,96.0,100.0,542.5599975585938,0.0,0.0005000000237487257,1.75,940.8077392578125,100.0,0.0,0.0,100.0,15800.0,242.0635986328125,254.82745361328125,261.0247497558594,265.6958312988281,270.06695556640625,5333.119140625,2887.14306640625,1420.2305908203125,768.2398681640625,152.792724609375,265.2137145996094,75.51617431640625,76.25437927246094,609.466796875,0.0,9.999999747378752e-06,0.0,5336.3515625,2885.10498046875,1414.54150390625,762.0126342773438,149.39306640625,241.85629272460938,255.42266845703125,260.9286804199219,266.145263671875,270.4713134765625,58.50466537475586,96.84172821044922,84.61231231689453,75.03545379638672,,,,267.58349609375,,101910.625,94082.9140625,,4.20735502243042,70.0,,,0.0,0.0,256.0,57.0,69.0,,80.0,,68.0,,68.0,68.0,1.0,476.0,258.5899963378906,257.239990234375,89.0,11.0,18.0,19.700000762939453
2022-12-13T21:49,2022-12-13T22:00,24,holdout_baserate,0,2022,12,21,22,2022-12-13T00:00,22,2022-12-13T00:00,22,2022-12-13T00:00,25,2022-12-12T21:00,21,2022-12-13T00:00,24,2022-12-12T22:00,-999.0,100.0,100.0,0.0,0.0,1340.8546142578125,1340.6651611328125,84500.0,86000.0,1560.231689453125,12.333854675292969,243.47085571289062,255.6605987548828,259.09356689453125,262.8121643066406,266.9101867675781,5341.7255859375,2879.76513671875,1415.3016357421875,154.32240295410156,258.9280700683594,87.30000305175781,358.7906799316406,0.0,100.0,0.0,0.029999999329447746,784.6546020507812,81.80000305175781,0.0,0.0,100.0,447.8415832519531,3.7599998904624954e-05,0.25,242.63980102539062,255.1399383544922,260.1074523925781,265.7635803222656,269.7994689941406,5337.23388671875,2879.46435546875,1412.8487548828125,761.8641357421875,150.0160369873047,265.8915710449219,82.80000305175781,83.80000305175781,1048.3621826171875,0.0,19999.931640625,43.0,0.0,0.0,0.0,242.5,255.5,260.3999938964844,263.20001220703125,267.1000061035156,5339.705078125,2879.647216796875,1408.9202880859375,761.8419189453125,148.87420654296875,261.57000732421875,94.9000015258789,100.0,357.2799987792969,0.0,0.0006000000284984708,1.125,833.4674682617188,100.0,0.0,0.0,100.0,4600.9951171875,243.49249267578125,255.5271759033203,258.8125305175781,261.98834228515625,266.34063720703125,5347.16845703125,2886.63427734375,1420.329345703125,775.8370361328125,164.75186157226562,262.0788269042969,89.0,95.11776733398438,484.1256103515625,0.0,9.999999747378752e-06,0.0625,5339.4453125,2886.29345703125,1413.629638671875,765.2988891601562,156.981689453125,241.7626190185547,255.73260498046875,260.4096374511719,264.141357421875,268.406005859375,49.622764587402344,93.6346435546875,87.48917388916016,76.14994812011719,,,,265.797607421875,,102028.6875,94136.3671875,,3.9911842346191406,75.0,,,32.0,32.0,201.0,46.0,46.0,,46.0,,52.0,,52.0,52.0,1.0,487.0,258.1399841308594,256.91998291015625,89.0,9.0,17.200000762939453,18.799999237060547
2022-12-22T11:47,2022-12-22T12:00,1,train,0,2022,12,11,1,2022-12-22T11:00,6,2022-12-22T06:00,6,2022-12-22T06:00,1,2022-12-22T11:00,0,2022-12-22T12:00,1,2022-12-22T11:00,-999.0,0.0,0.0,100.0,15.0,nan,4699.6220703125,nan,56000.0,nan,4.9564032554626465,245.0065155029297,261.1385498046875,269.68487548828125,270.4239501953125,273.4637451171875,5550.34423828125,3060.212158203125,1549.144287109375,254.59750366210938,266.18853759765625,40.0,83.96620178222656,239.36000061035156,50100.0,0.0,0.0,3983.835693359375,11.899999618530273,100.0,100.0,5.099999904632568,24135.0546875,0.0,0.0,245.2640380859375,260.774169921875,269.1578674316406,268.3192138671875,270.21014404296875,5546.78564453125,3056.75927734375,1547.5299072265625,882.2050170898438,268.7554016113281,266.5600280761719,89.5999984741211,74.19999694824219,16.32843780517578,0.0,5798.3486328125,13.0,83.0,65.0,24100.0,245.5,260.70001220703125,269.3999938964844,270.5,274.5,5544.60986328125,3055.706298828125,1544.613525390625,877.55322265625,264.4444885253906,267.0199890136719,81.80000305175781,74.0,68.16000366210938,237.44000244140625,0.0,0.0,nan,0.0,96.0,4.0,0.0,18500.0,245.46380615234375,261.1230773925781,269.33551025390625,269.8351745605469,271.6532897949219,5550.921875,3059.327392578125,1548.6961669921875,880.8416137695312,258.1583251953125,265.6052551269531,59.891204833984375,62.44204330444336,84.78296661376953,0.0,0.0,0.0,5546.515625,3058.300048828125,1549.16552734375,882.1901245117188,268.3642578125,245.2660675048828,260.5423889160156,269.9252014160156,268.28948974609375,270.702392578125,61.90170669555664,24.02438735961914,54.92866516113281,85.91741180419922,,,,263.07000732421875,,103396.875,95517.5625,,5.427093982696533,90.0,,,88888.0,2840.0,16209.0,4.0,4.0,,9.0,,0.0,,0.0,0.0,0.0,87.0,263.010009765625,257.80999755859375,66.0,0.0,8.800000190734863,8.899999618530273
2022-12-13T21:49,2022-12-13T22:00,48,holdout_baserate,0,2022,12,21,46,2022-12-12T00:00,46,2022-12-12T00:00,46,2022-12-12T00:00,49,2022-12-11T21:00,45,2022-12-12T00:00,36,2022-12-12T10:00,-999.0,100.0,100.0,0.0,0.0,1340.9962158203125,1340.7723388671875,82000.0,86000.0,1694.5711669921875,11.99775218963623,243.14346313476562,256.0089416503906,258.8349609375,263.39373779296875,267.50213623046875,5351.9375,2891.88232421875,1430.4342041015625,169.0791015625,259.27117919921875,87.5999984741211,414.1522216796875,0.0,100.0,9.999999747378752e-05,1.0299999713897705,784.6760864257812,81.80000305175781,0.5,0.0,98.5999984741211,209.8319854736328,9.839999984251335e-05,0.1875,241.8966064453125,254.0076141357422,260.4083557128906,265.9936828613281,270.0140686035156,5320.43017578125,2875.8642578125,1413.066650390625,761.2672119140625,148.90818786621094,266.0800476074219,85.4000015258789,86.4000015258789,1120.0748291015625,0.0,20000.13671875,40.0,0.0,0.0,0.0,242.5,256.0,258.8999938964844,263.20001220703125,267.20001220703125,5341.35400390625,2881.06982421875,1412.5711669921875,765.7952270507812,152.86668395996094,261.3299865722656,96.19999694824219,100.0,539.6799926757812,0.0,0.00019999999494757503,0.8125,910.3421020507812,100.0,0.0,0.0,100.0,5600.0,242.83267211914062,255.52374267578125,258.4227600097656,263.0824890136719,267.4539489746094,5353.98046875,2897.009765625,1437.505859375,791.6581420898438,179.58834838867188,263.1461181640625,89.65721893310547,93.13790130615234,628.7037353515625,0.0,1.9999999494757503e-05,2.0625,5345.63671875,2887.46923828125,1414.477294921875,768.1192016601562,162.39697265625,242.1423797607422,255.7972412109375,260.1205139160156,263.0621032714844,267.3042297363281,54.14784240722656,89.24323272705078,83.68495178222656,72.82490539550781,,,,264.669921875,,102117.75,94189.203125,,3.7884273529052734,68.0,,,0.0,0.0,256.0,79.0,80.0,,86.0,,58.0,,58.0,58.0,1.0,546.0,257.94000244140625,256.3399963378906,90.0,5.0,16.799999237060547,18.0
2022-12-22T11:47,2022-12-22T12:00,24,train,0,2022,12,11,24,2022-12-21T12:00,24,2022-12-21T12:00,24,2022-12-21T12:00,21,2022-12-21T15:00,24,2022-12-21T12:00,24,2022-12-21T12:00,-999.0,0.0,0.0,100.0,100.0,4250.6640625,3883.968017578125,39800.0,63000.0,9870.2734375,5.469878196716309,245.1212615966797,260.248779296875,268.55694580078125,269.5382385253906,272.86578369140625,5548.7470703125,3061.801025390625,1557.32958984375,266.33929443359375,265.54571533203125,59.20000076293945,129.31924438476562,140.9600067138672,30400.0,0.0,0.0,3771.804931640625,38.400001525878906,100.0,100.0,5.099999904632568,24134.99609375,0.0,0.0,245.36033630371094,260.69793701171875,268.92889404296875,267.92388916015625,269.6454162597656,5546.07373046875,3057.4384765625,1550.942138671875,885.5056762695312,273.2983093261719,266.0866394042969,91.9000015258789,78.69999694824219,19.105173110961914,0.0,4034.276611328125,7.0,77.0,57.0,24100.0,245.60000610351562,261.3999938964844,270.20001220703125,273.3999938964844,277.5,5546.16162109375,3054.26953125,1544.8316650390625,872.5238647460938,261.88433837890625,269.8699951171875,25.899999618530273,23.0,68.80000305175781,676.3200073242188,0.0,0.0,4259.109375,0.0,100.0,100.0,0.0,20100.0,245.3968505859375,260.3675537109375,268.45068359375,268.943359375,270.32183837890625,5542.65087890625,3056.1064453125,1551.3267822265625,885.3826904296875,265.26220703125,264.38616943359375,62.35847854614258,63.80860137939453,67.4930648803711,0.0,0.0,0.0,5542.92578125,3055.708251953125,1548.798583984375,883.4635009765625,269.11767578125,245.42198181152344,260.2957763671875,268.7423400878906,268.50408935546875,271.00897216796875,60.78834915161133,28.427947998046875,61.69330596923828,84.1941909790039,,,,262.7954406738281,,103398.3125,95523.3125,,5.495063304901123,88.0,,,88886.0,2888.0,256.0,13.0,15.0,,23.0,,54.0,,54.0,58.0,0.0,91.0,263.1499938964844,257.6000061035156,65.0,1.0,9.600000381469727,9.699999809265137
2022-12-22T11:47,2022-12-22T12:00,48,train,0,2022,12,11,48,2022-12-20T12:00,48,2022-12-20T12:00,48,2022-12-20T12:00,45,2022-12-20T15:00,48,2022-12-20T12:00,48,2022-12-20T12:00,-999.0,0.0,0.0,100.0,100.0,5732.88671875,4793.2001953125,37100.0,56000.0,10353.3017578125,6.777578830718994,245.18284606933594,260.576416015625,268.40399169921875,268.9596862792969,272.0625,5551.9609375,3062.642822265625,1557.7642822265625,268.44268798828125,265.5809020996094,54.400001525878906,145.9823760986328,142.47999572753906,34400.0,0.0,0.009999999776482582,4169.015625,5.0,100.0,100.0,5.199999809265137,24134.732421875,0.0,0.0,246.37522888183594,261.0187683105469,268.87603759765625,268.1507568359375,270.090576171875,5558.14453125,3063.41162109375,1556.071533203125,889.7740478515625,276.5338439941406,266.4825744628906,92.69999694824219,79.4000015258789,20.957176208496094,0.0,4038.70068359375,10.0,96.0,47.0,24100.0,246.10000610351562,261.0,271.3999938964844,275.1000061035156,279.20001220703125,5556.1943359375,3058.93212890625,1546.25390625,870.3637084960938,263.19781494140625,271.80999755859375,17.200000762939453,16.0,177.60000610351562,974.5599975585938,0.0,0.0,5865.943359375,25.0,100.0,100.0,25.0,15600.0,245.55230712890625,260.8310546875,267.919921875,268.44976806640625,269.785888671875,5544.34130859375,3050.634521484375,1546.1805419921875,881.3231201171875,261.0844421386719,264.32171630859375,70.256591796875,72.6095962524414,110.66575622558594,0.0,0.0,0.125,5543.28515625,3055.336181640625,1549.1650390625,882.96875,269.6435546875,245.34439086914062,260.4386901855469,268.559326171875,268.5289001464844,270.48248291015625,45.20123291015625,28.7952880859375,59.39607620239258,85.38472747802734,,,,263.38677978515625,,103391.375,95515.5,,4.872350215911865,81.0,,,3256.0,2432.0,9216.0,24.0,24.0,,27.0,,56.0,,56.0,56.0,0.0,116.0,261.9700012207031,257.0199890136719,66.0,1.0,11.600000381469727,11.600000381469727
2022-12-31T15:50,2022-12-31T16:00,1,holdout_baserate,0,2022,12,15,1,2022-12-31T15:00,4,2022-12-31T12:00,4,2022-12-31T12:00,1,2022-12-31T15:00,3,2022-12-31T12:00,1,2022-12-31T15:00,-999.0,0.0,0.0,3.0,100.0,9433.4326171875,1456.1553955078125,nan,28400.0,11517.044921875,7.601532459259033,257.3587646484375,271.8783874511719,279.1427307128906,282.81884765625,286.6562805175781,5641.513671875,3028.30419921875,1459.721435546875,107.46107482910156,279.22381591796875,69.69999694824219,295.533203125,2893.840087890625,23700.0,0.0,0.0,5984.89599609375,0.30000001192092896,100.0,100.0,0.0,24134.91015625,0.0,0.0,256.6247253417969,270.5416259765625,278.37469482421875,280.7737121582031,284.70538330078125,5640.3095703125,3022.607421875,1459.842529296875,763.2557373046875,116.03840637207031,280.1245422363281,89.19999694824219,84.19999694824219,47.269126892089844,2456.9599609375,6367.6572265625,7.0,100.0,88.0,24100.0,256.70001220703125,272.20001220703125,278.3999938964844,280.8999938964844,285.1000061035156,5643.640625,3027.604248046875,1458.523681640625,765.8428344726562,120.3057861328125,278.25,91.9000015258789,93.0,257.760009765625,2777.919921875,0.0,0.0,904.4844970703125,67.0,99.0,100.0,67.0,10200.0,256.8758850097656,271.1148376464844,277.9725341796875,281.131103515625,284.5285339355469,5637.0263671875,3028.40771484375,1463.9593505859375,769.29248046875,117.29439544677734,279.3849182128906,89.14482879638672,94.77906036376953,255.23887634277344,2630.0,0.0,0.0,5650.94140625,3035.762939453125,1468.31689453125,772.360107421875,125.662109375,256.28131103515625,271.9505310058594,278.9407043457031,281.80889892578125,285.2606201171875,38.850685119628906,67.1414794921875,69.99181365966797,79.29879760742188,,,,278.4674072265625,,101486.5,94113.09375,,12.865072250366211,92.0,,,2224.0,1808.0,16209.0,13.0,14.0,,15.0,,18.0,,19.0,19.0,0.0,180.0,273.57000732421875,273.2200012207031,97.0,0.0,12.399999618530273,13.199999809265137
2022-12-31T15:50,2022-12-31T16:00,24,holdout_baserate,0,2022,12,15,22,2022-12-30T18:00,22,2022-12-30T18:00,22,2022-12-30T18:00,25,2022-12-30T15:00,21,2022-12-30T18:00,24,2022-12-30T16:00,-999.0,0.0,0.0,100.0,100.0,9222.48046875,6938.66064453125,22300.0,41800.0,12550.3291015625,6.226734638214111,255.6088409423828,270.8255920410156,279.3648681640625,283.3105773925781,287.1807861328125,5628.75537109375,3030.40966796875,1464.88232421875,111.96511840820312,279.583984375,77.80000305175781,259.6595153808594,2732.9599609375,19200.0,0.0,0.0,8939.6884765625,0.0,95.5,100.0,0.0,24135.0546875,0.0,0.0,256.24737548828125,271.72271728515625,278.9842224121094,279.9724426269531,283.6923828125,5639.80859375,3031.426513671875,1463.9786376953125,766.47314453125,121.6052474975586,278.98748779296875,93.9000015258789,86.9000015258789,31.32322120666504,2697.1201171875,1196.4525146484375,12.0,97.0,100.0,0.0,255.39999389648438,273.1000061035156,277.0,280.8999938964844,285.1000061035156,5644.71728515625,3032.198974609375,1460.926025390625,768.59033203125,123.7020492553711,277.9599914550781,100.0,100.0,339.8399963378906,3023.199951171875,9.999999747378752e-05,0.0625,9081.8076171875,0.0,100.0,100.0,0.0,17500.0,255.46392822265625,271.5211181640625,279.01763916015625,280.90826416015625,284.3654479980469,5630.177734375,3031.760498046875,1463.86767578125,768.576904296875,116.72915649414062,279.8958740234375,81.62626647949219,78.77275085449219,254.58053588867188,2780.0,0.0,0.0,5649.484375,3040.964111328125,1474.357666015625,776.34130859375,130.193359375,256.147705078125,271.5047912597656,279.78167724609375,281.7359924316406,285.03253173828125,43.986576080322266,71.26762390136719,67.06013488769531,75.5197982788086,,,,278.2002868652344,,101550.5625,94164.421875,,13.736937522888184,86.0,,,32.0,32.0,256.0,36.0,36.0,,40.0,,44.0,,45.0,46.0,0.0,174.0,273.66998291015625,273.3699951171875,99.0,1.0,11.600000381469727,12.399999618530273
2022-12-31T15:50,2022-12-31T16:00,48,holdout_baserate,0,2022,12,15,46,2022-12-29T18:00,46,2022-12-29T18:00,46,2022-12-29T18:00,49,2022-12-29T15:00,45,2022-12-29T18:00,36,2022-12-30T04:00,-999.0,0.0,8.0,100.0,100.0,8560.7998046875,1343.505615234375,26800.0,86300.0,12122.0703125,9.305187225341797,254.43698120117188,270.179443359375,278.22320556640625,282.0517272949219,286.1078186035156,5615.41796875,3031.381103515625,1469.9285888671875,121.07960510253906,278.34478759765625,94.30000305175781,341.5447692871094,2639.360107421875,12300.0,0.0,0.11999999731779099,20000.306640625,0.0,99.30000305175781,100.0,0.0,24134.91796875,0.0,0.0,256.3940124511719,271.3774719238281,279.564697265625,280.4942321777344,284.1075134277344,5645.1357421875,3036.905517578125,1470.03564453125,771.2041625976562,125.42562866210938,279.44549560546875,91.19999694824219,80.9000015258789,13.940812110900879,2562.719970703125,1196.80224609375,30.0,96.0,100.0,100.0,255.39999389648438,272.6000061035156,277.29998779296875,280.5,284.70001220703125,5639.6025390625,3037.697265625,1470.9630126953125,779.4634399414062,136.03013610839844,277.6400146484375,100.0,100.0,477.3599853515625,2884.0,0.0012000000569969416,2.3125,5931.4736328125,7.0,100.0,100.0,7.0,15500.0,254.17666625976562,269.93658447265625,278.80609130859375,280.9041442871094,284.19500732421875,5632.8935546875,3043.983642578125,1480.626220703125,785.4127807617188,135.75686645507812,280.37847900390625,86.26988220214844,85.32859802246094,262.1752624511719,2510.0,0.0,0.125,5653.62109375,3049.357421875,1482.8935546875,786.1160278320312,140.755859375,255.96836853027344,271.7674255371094,279.35107421875,281.341796875,284.5956115722656,31.60784339904785,81.88055419921875,76.79618835449219,78.05493927001953,,,,277.61614990234375,,101690.25,94270.1640625,,14.49168586730957,95.0,,,32.0,32.0,256.0,48.0,49.0,,50.0,,50.0,,52.0,57.0,0.0,196.0,272.83001708984375,272.8399963378906,100.0,5.0,12.0,12.5
2023-01-10T04:56,2023-01-10T05:00,24,train,0,2023,1,4,23,2023-01-09T06:00,23,2023-01-09T06:00,23,2023-01-09T06:00,26,2023-01-09T03:00,24,2023-01-09T06:00,24,2023-01-09T05:00,-999.0,100.0,100.0,0.0,0.0,1341.5377197265625,1341.5025634765625,79300.0,84900.0,2044.0244140625,10.004819869995117,248.81845092773438,258.751953125,264.1206359863281,268.3316650390625,272.4010925292969,5336.05078125,2823.545654296875,1343.9984130859375,59.26509094238281,263.86383056640625,91.0,412.3049011230469,0.0,0.0,0.0,0.4699999988079071,784.7446899414062,97.0,0.0,0.0,72.30000305175781,357.7925109863281,3.239999932702631e-05,0.125,248.4647979736328,260.0386047363281,264.1258544921875,268.68280029296875,272.71588134765625,5344.97802734375,2823.4013671875,1340.65869140625,680.2944946289062,61.61493682861328,268.02569580078125,91.5999984741211,91.0,534.4012451171875,0.0,1195.5394287109375,73.0,0.0,0.0,100.0,249.10000610351562,261.0,263.70001220703125,268.29998779296875,272.29998779296875,5328.431640625,2814.612060546875,1330.439208984375,671.0985717773438,51.66962432861328,266.4599914550781,95.0999984741211,100.0,594.8800048828125,152.32000732421875,0.0017000000225380063,6.9375,793.9893188476562,100.0,0.0,0.0,100.0,200.0,248.7708740234375,259.59326171875,264.05462646484375,267.9927978515625,271.9497985839844,5335.22802734375,2822.796142578125,1342.1473388671875,682.7699584960938,59.361785888671875,267.0361022949219,94.57731628417969,96.2799072265625,460.1774597167969,0.0,4.999999873689376e-05,0.3125,5321.8125,2817.36474609375,1338.7998046875,679.5302734375,61.469970703125,247.86404418945312,259.0474548339844,263.27484130859375,268.7358093261719,272.72027587890625,39.21397399902344,100.09847259521484,89.57600402832031,84.76969146728516,,,,269.33807373046875,,100763.0,93080.5,,4.466536998748779,95.0,,,32.0,32.0,201.0,54.0,54.0,,56.0,,51.0,,51.0,53.0,6.0,562.0,262.22998046875,261.3699951171875,93.0,10.0,16.799999237060547,18.899999618530273
2023-01-10T04:56,2023-01-10T05:00,1,train,0,2023,1,4,1,2023-01-10T04:00,5,2023-01-10T00:00,5,2023-01-10T00:00,1,2023-01-10T04:00,0,2023-01-10T06:00,1,2023-01-10T04:00,-999.0,100.0,100.0,0.0,0.0,1341.638427734375,1341.4774169921875,79500.0,85100.0,2043.223876953125,11.600905418395996,248.20126342773438,258.0774841308594,263.7163391113281,268.6863098144531,272.7354736328125,5338.9931640625,2831.28173828125,1353.9700927734375,69.86361694335938,264.0259094238281,91.5,563.1737060546875,0.0,0.0,0.0,0.01899999938905239,784.7473754882812,96.30000305175781,0.0,0.0,86.9000015258789,223.79408264160156,5.439999949885532e-05,0.3125,248.4333953857422,258.863037109375,264.00848388671875,268.2555847167969,272.2030029296875,5335.3759765625,2821.12890625,1343.7362060546875,684.1906127929688,66.51081085205078,267.60296630859375,93.0,92.80000305175781,464.65899658203125,0.0,1195.588623046875,74.0,0.0,0.0,100.0,248.8000030517578,260.0,263.70001220703125,268.20001220703125,272.20001220703125,5341.6689453125,2819.021484375,1339.418212890625,680.2060546875,60.76540756225586,266.3699951171875,95.0,100.0,800.7999877929688,137.52000427246094,0.00139999995008111,6.125,794.183349609375,100.0,0.0,0.0,100.0,4600.0,248.17269897460938,258.1789855957031,263.80499267578125,268.7190246582031,272.67572021484375,5332.89111328125,2825.50048828125,1347.4180908203125,687.474365234375,64.53340148925781,267.9287109375,94.02014923095703,93.60150146484375,855.3530883789062,0.0,1.9999999494757503e-05,0.0625,5330.80078125,2820.783447265625,1343.7041015625,682.782958984375,63.8076171875,247.97279357910156,258.28057861328125,264.11700439453125,269.1606140136719,273.0572509765625,50.75904083251953,97.33355712890625,91.5093994140625,86.19960021972656,,,,269.39959716796875,,100802.5,93118.34375,,4.83381462097168,98.0,,,0.0,0.0,209.0,92.0,100.0,,100.0,,78.0,,81.0,83.0,5.0,623.0,262.2699890136719,261.4700012207031,93.0,14.0,16.399999618530273,18.5
2023-01-10T04:56,2023-01-10T05:00,48,train,0,2023,1,4,47,2023-01-08T06:00,47,2023-01-08T06:00,47,2023-01-08T06:00,50,2023-01-08T03:00,48,2023-01-08T06:00,36,2023-01-08T17:00,-999.0,100.0,100.0,0.0,0.0,1341.4644775390625,1341.3765869140625,77500.0,84900.0,2239.199462890625,7.656035900115967,249.823974609375,256.0666198730469,263.353515625,268.0528564453125,272.09600830078125,5325.48828125,2813.907470703125,1344.146728515625,65.44364929199219,263.4422607421875,91.5,529.6236572265625,0.0,100.0,0.0,0.8399999737739563,784.998291015625,98.9000015258789,0.0,0.0,67.9000015258789,429.47698974609375,3.360000118846074e-05,0.125,248.5191192626953,260.3461608886719,264.6113586425781,269.29168701171875,273.32415771484375,5346.30712890625,2825.252197265625,1341.008544921875,679.15087890625,59.018436431884766,268.6324462890625,91.0,90.0999984741211,1006.47216796875,75.36000061035156,1195.6396484375,59.0,0.0,0.0,0.0,244.0,261.0,262.70001220703125,267.29998779296875,271.29998779296875,5297.1171875,2813.160888671875,1323.4071044921875,666.55322265625,49.0314826965332,265.1199951171875,95.4000015258789,100.0,399.1199951171875,0.0,0.0008999999845400453,3.625,915.1631469726562,100.0,0.0,0.0,100.0,6000.0,249.99708557128906,257.74053955078125,262.37945556640625,267.52557373046875,271.600830078125,5326.75634765625,2808.48486328125,1340.0330810546875,683.49560546875,63.08685302734375,266.851318359375,93.24468231201172,91.52899169921875,927.66162109375,0.0,2.9999999242136255e-05,0.6875,5350.203125,2828.599609375,1344.289794921875,684.774658203125,66.159423828125,248.1767578125,261.1478271484375,263.6255187988281,268.803466796875,272.8509521484375,15.736616134643555,99.64118957519531,89.4345932006836,83.56238555908203,,,,269.30963134765625,,100826.0,93139.0,,4.307526111602783,93.0,,,0.0,0.0,201.0,71.0,71.0,,71.0,,62.0,,62.0,64.0,4.0,491.0,262.33001708984375,261.82000732421875,94.0,9.0,16.799999237060547,18.5
2023-01-20T06:51,2023-01-20T07:00,1,train,0,2023,1,6,1,2023-01-20T06:00,1,2023-01-20T06:00,1,2023-01-20T06:00,1,2023-01-20T06:00,0,2023-01-20T06:00,1,2023-01-20T06:00,5028.39990234375,0.0,100.0,100.0,100.0,1386.7071533203125,1341.769775390625,28500.0,85000.0,9343.0908203125,3.835277557373047,250.689208984375,265.3929443359375,267.8074951171875,269.75115966796875,273.7113952636719,5395.447265625,2851.880126953125,1330.500244140625,26.24561309814453,265.16448974609375,91.0999984741211,226.9895782470703,77.36000061035156,300.0,0.0006000000284984708,2.0450000762939453,785.1959838867188,100.0,100.0,100.0,100.0,204.86912536621094,0.0002764000091701746,0.875,251.56471252441406,265.6645202636719,264.8301086425781,268.07470703125,272.084228515625,5397.64404296875,2854.1865234375,1336.67919921875,677.018798828125,59.7330322265625,267.438232421875,96.30000305175781,95.9000015258789,205.16583251953125,0.0,1228.6724853515625,100.0,100.0,100.0,800.0,254.5,267.0,263.1000061035156,267.8999938964844,271.8999938964844,5420.8251953125,2858.025390625,1339.2542724609375,681.0155029296875,60.29783630371094,265.6499938964844,95.9000015258789,100.0,494.79998779296875,27.68000030517578,0.00039999998989515007,0.9375,1318.2344970703125,97.0,100.0,100.0,37.0,600.0,251.8299560546875,265.47406005859375,268.21820068359375,268.36627197265625,272.40185546875,5403.642578125,2856.7236328125,1334.6634521484375,670.412841796875,36.99618911743164,267.8402099609375,89.43888092041016,92.68916320800781,264.4245300292969,10.0,0.0005000000237487257,2.1875,5408.6875,2859.672119140625,1340.17041015625,681.63330078125,67.163330078125,252.67953491210938,265.17724609375,265.88311767578125,267.1048583984375,271.22509765625,100.14138793945312,95.72419738769531,97.62364959716797,94.03109741210938,,,,267.94805908203125,,100826.4375,93093.84375,,11.290349006652832,97.0,0.0,7620.0,0.0,0.0,209.0,68.0,91.0,96.0,96.0,96.0,92.0,100.0,100.0,100.0,1.0,184.0,264.5299987792969,263.6099853515625,93.0,75.0,16.0,17.200000762939453
2023-01-20T06:51,2023-01-20T07:00,24,train,0,2023,1,6,25,2023-01-19T06:00,25,2023-01-19T06:00,25,2023-01-19T06:00,22,2023-01-19T09:00,24,2023-01-19T06:00,24,2023-01-19T07:00,5696.2001953125,0.0,100.0,100.0,100.0,1341.5487060546875,1341.503173828125,30300.0,85000.0,9291.9384765625,4.905667304992676,251.87576293945312,266.3104248046875,267.44036865234375,269.01495361328125,273.0279235839844,5412.0361328125,2860.265380859375,1336.720947265625,32.83125305175781,263.8128662109375,91.30000305175781,312.7330017089844,0.0,200.0,0.0003000000142492354,15.930000305175781,784.7938842773438,100.0,100.0,100.0,79.9000015258789,127.3814697265625,0.00020080000103916973,0.375,251.35301208496094,267.0221252441406,265.30889892578125,268.2983703613281,272.31256103515625,5413.279296875,2862.828369140625,1343.0684814453125,682.354248046875,64.53915405273438,267.70623779296875,96.19999694824219,95.80000305175781,214.36878967285156,0.0,1437.92236328125,100.0,100.0,98.0,300.0,253.60000610351562,267.6000061035156,262.0,266.70001220703125,270.70001220703125,5435.7197265625,2858.025146484375,1341.9227294921875,686.7838134765625,69.17543029785156,265.1300048828125,87.69999694824219,93.0,240.32000732421875,0.0,0.0010999999940395355,2.4375,1609.111328125,89.0,100.0,98.0,38.0,900.0,251.10975646972656,266.32574462890625,268.5979919433594,268.2838439941406,272.3106994628906,5401.84765625,2856.02880859375,1328.6883544921875,664.8800659179688,34.05344009399414,267.77667236328125,88.93106842041016,90.9491958618164,356.125244140625,20.0,0.00039999998989515007,11.3125,5428.4375,2864.614013671875,1339.578857421875,681.958251953125,68.133544921875,253.29562377929688,266.1490478515625,266.1107177734375,266.76458740234375,270.875244140625,99.79855346679688,95.85140228271484,97.90100860595703,93.09815979003906,,,,267.5031433105469,,100851.125,93106.765625,,11.760801315307617,98.0,0.0,7620.0,0.0,0.0,256.0,87.0,87.0,89.0,89.0,90.0,90.0,98.0,98.0,98.0,0.0,199.0,264.0,262.6000061035156,90.0,78.0,15.199999809265137,16.399999618530273
2023-01-28T07:54,2023-01-28T08:00,24,train,0,2023,1,7,26,2023-01-27T06:00,26,2023-01-27T06:00,26,2023-01-27T06:00,23,2023-01-27T09:00,21,2023-01-27T12:00,24,2023-01-27T08:00,-999.0,100.0,100.0,2.0,0.0,1341.56005859375,1341.471435546875,84600.0,85900.0,1565.140380859375,8.405444145202637,241.15011596679688,257.4324645996094,264.12200927734375,267.682373046875,271.5062255859375,5361.6005859375,2903.7314453125,1420.550537109375,140.5160675048828,263.7454833984375,91.30000305175781,325.40093994140625,0.0,200.0,0.0,0.20999999344348907,5113.75830078125,77.0999984741211,5.0,5.0,83.30000305175781,2723.707763671875,4.399999852466863e-06,0.125,241.44692993164062,257.97503662109375,263.217529296875,265.3895568847656,269.06231689453125,5373.38232421875,2905.637451171875,1424.7774658203125,766.9928588867188,156.73374938964844,264.7117919921875,97.5,96.80000305175781,69.5889663696289,0.0,1195.7274169921875,32.0,53.0,20.0,0.0,242.1999969482422,257.3999938964844,262.70001220703125,267.20001220703125,271.20001220703125,5360.2314453125,2900.4033203125,1418.87109375,762.1815795898438,145.16253662109375,264.8500061035156,98.4000015258789,100.0,362.0799865722656,0.0,9.999999747378752e-05,0.625,nan,75.0,40.0,0.0,72.0,14800.0,241.05433654785156,258.05078125,264.078857421875,268.6277160644531,272.40228271484375,5362.1611328125,2901.2509765625,1419.1639404296875,759.4100341796875,137.88766479492188,267.39227294921875,81.87735748291016,90.04098510742188,535.59521484375,10.0,0.0,1.0,5368.09375,2907.609619140625,1422.912353515625,762.139404296875,147.3017578125,241.09886169433594,258.08697509765625,264.7041015625,268.1355895996094,271.54669189453125,23.39420509338379,71.92011260986328,84.93314361572266,90.3121566772461,,,,263.191162109375,,101834.1875,94049.546875,,4.409224510192871,74.0,0.0,7620.0,32.0,32.0,201.0,69.0,70.0,76.0,78.0,81.0,67.0,67.0,67.0,67.0,1.0,272.0,261.69000244140625,261.16998291015625,96.0,5.0,27.600000381469727,29.600000381469727
2023-01-28T07:54,2023-01-28T08:00,1,train,0,2023,1,7,1,2023-01-28T07:00,2,2023-01-28T06:00,2,2023-01-28T06:00,1,2023-01-28T07:00,3,2023-01-28T06:00,1,2023-01-28T07:00,-999.0,100.0,100.0,0.0,0.0,nan,1341.4876708984375,nan,86000.0,nan,8.359200477600098,241.11721801757812,256.9996337890625,264.430908203125,268.9498596191406,272.8384094238281,5366.3388671875,2910.323974609375,1430.041259765625,147.0653076171875,263.79803466796875,85.5999984741211,448.2815856933594,0.0,12200.0,0.0,0.0,5081.771484375,87.0,96.9000015258789,5.0,79.4000015258789,594.5250244140625,1.8000000636675395e-05,0.0625,241.73216247558594,257.30792236328125,263.93756103515625,265.7009582519531,269.3819885253906,5367.744140625,2907.732421875,1428.073486328125,769.3992309570312,158.40281677246094,264.976806640625,97.0999984741211,95.69999694824219,33.11751937866211,0.0,1195.7618408203125,46.0,98.0,0.0,100.0,241.39999389648438,258.3999938964844,263.6000061035156,267.5,271.5,5361.298828125,2899.8310546875,1419.8826904296875,762.2380981445312,148.4838409423828,265.1700134277344,98.4000015258789,100.0,321.44000244140625,0.0,9.999999747378752e-05,0.375,1088.0224609375,54.0,100.0,8.0,31.0,13458.2919921875,240.64657592773438,256.88555908203125,264.18817138671875,269.0540466308594,272.79620361328125,5366.26953125,2909.851806640625,1429.662109375,769.4593505859375,147.95968627929688,265.4219055175781,67.97752380371094,84.03681945800781,417.0900573730469,0.0,0.0,0.0,5366.80078125,2908.0068359375,1423.8251953125,763.72998046875,148.278076171875,240.96875,258.13360595703125,264.456298828125,268.2712097167969,271.8536682128906,23.943382263183594,67.60176849365234,76.81149291992188,81.55145263671875,,,,264.0482177734375,,101841.6875,94068.3359375,,4.286960601806641,76.0,0.0,7620.0,0.0,0.0,209.0,77.0,87.0,87.0,87.0,88.0,65.0,65.0,65.0,65.0,1.0,223.0,261.3699951171875,260.41998291015625,94.0,2.0,27.200000762939453,29.200000762939453
2023-01-20T06:51,2023-01-20T07:00,48,train,0,2023,1,6,43,2023-01-18T12:00,49,2023-01-18T06:00,49,2023-01-18T06:00,46,2023-01-18T09:00,48,2023-01-18T06:00,36,2023-01-18T19:00,-999.0,0.0,100.0,100.0,100.0,1341.38818359375,1341.37060546875,34500.0,85000.0,3363.191162109375,3.62286114692688,251.0098876953125,266.30731201171875,266.85638427734375,268.3869934082031,272.42510986328125,5384.9609375,2832.70361328125,1309.57470703125,8.203521728515625,262.83221435546875,90.30000305175781,305.8189392089844,0.0,200.0,0.0003000000142492354,14.9399995803833,785.2276000976562,99.80000305175781,98.5999984741211,0.0,94.19999694824219,150.8611297607422,0.00013559999933931977,0.8125,248.34800720214844,265.84295654296875,265.2899475097656,268.57952880859375,272.60369873046875,5403.7685546875,2861.989501953125,1347.2955322265625,686.17724609375,67.70303344726562,268.0165100097656,96.30000305175781,95.80000305175781,197.88278198242188,0.0,1195.4593505859375,90.0,60.0,0.0,0.0,249.8000030517578,266.3999938964844,262.3999938964844,265.3999938964844,269.29998779296875,5406.6171875,2858.08837890625,1338.46630859375,685.8176879882812,65.73229217529297,262.4700012207031,98.19999694824219,100.0,358.32000732421875,0.0,0.0,0.9375,1405.087646484375,100.0,87.0,15.0,57.0,3600.0,249.7731475830078,266.5380859375,268.21337890625,268.16412353515625,272.24078369140625,5384.8232421875,2840.14306640625,1312.724609375,650.2194213867188,16.108200073242188,267.6864013671875,88.78797149658203,91.96379089355469,379.18255615234375,10.0,7.999999797903001e-05,7.0625,5438.2421875,2871.148681640625,1343.733642578125,686.055908203125,72.37646484375,253.35731506347656,266.67547607421875,266.4757995605469,266.6822509765625,270.8689880371094,98.89574432373047,95.11127471923828,97.57269287109375,92.53553771972656,,,,267.47509765625,,100903.25,93165.4609375,,13.016192436218262,98.0,0.0,7620.0,0.0,0.0,256.0,80.0,80.0,80.0,80.0,82.0,89.0,99.0,100.0,100.0,0.0,233.0,263.9700012207031,262.0299987792969,88.0,77.0,16.0,17.200000762939453
2023-01-28T07:54,2023-01-28T08:00,48,train,0,2023,1,7,44,2023-01-26T12:00,50,2023-01-26T06:00,50,2023-01-26T06:00,47,2023-01-26T09:00,45,2023-01-26T12:00,36,2023-01-26T20:00,-999.0,100.0,100.0,19.0,0.0,1341.4678955078125,1341.4583740234375,48800.0,85700.0,8078.6474609375,9.820463180541992,241.67288208007812,258.53765869140625,263.3338623046875,267.4852600097656,271.3517150878906,5354.53125,2890.19091796875,1405.78076171875,125.680419921875,263.3976745605469,91.0,422.081298828125,0.0,100.0,0.0,11.710000038146973,1831.8607177734375,81.69999694824219,100.0,87.80000305175781,83.0999984741211,1178.65380859375,1.0800000382005237e-05,0.1875,242.09701538085938,256.8213806152344,263.0472412109375,264.53546142578125,268.1588134765625,5357.7099609375,2896.659912109375,1422.3118896484375,765.5374145507812,157.37222290039062,263.8324890136719,96.80000305175781,95.30000305175781,38.882686614990234,0.0,1195.6434326171875,52.0,84.0,0.0,0.0,240.89999389648438,258.5,262.6000061035156,266.8999938964844,270.8999938964844,5348.86767578125,2887.81982421875,1404.2354736328125,748.1005249023438,132.81976318359375,264.6000061035156,98.5,100.0,449.2799987792969,0.0,0.00019999999494757503,0.75,2918.881591796875,54.0,96.0,74.0,54.0,11400.0,241.7981719970703,257.93402099609375,263.549560546875,268.070068359375,271.4053039550781,5352.9052734375,2888.8837890625,1410.67431640625,752.0999145507812,131.2294464111328,266.2392272949219,79.00029754638672,90.4848861694336,503.6883239746094,0.0,0.0,9.625,5358.22265625,2897.181884765625,1417.5859375,758.095947265625,144.666015625,241.97409057617188,257.5198059082031,263.78302001953125,267.6306457519531,271.0064697265625,29.166555404663086,89.55035400390625,87.46251678466797,90.44721221923828,,,,262.63360595703125,,101809.0,94011.609375,,4.904710292816162,82.0,0.0,7620.0,0.0,0.0,201.0,77.0,78.0,78.0,78.0,81.0,59.0,59.0,59.0,59.0,1.0,442.0,261.8999938964844,261.239990234375,95.0,9.0,27.600000381469727,30.0
2023-02-18T11:55,2023-02-18T12:00,1,train,0,2023,2,11,1,2023-02-18T11:00,6,2023-02-18T06:00,6,2023-02-18T06:00,1,2023-02-18T11:00,0,2023-02-18T12:00,1,2023-02-18T11:00,-999.0,0.0,0.0,0.0,0.0,nan,1194.371826171875,nan,nan,nan,10.027429580688477,246.06321716308594,262.79779052734375,265.4139709472656,263.2353820800781,266.77752685546875,5434.1650390625,2924.7216796875,1416.56005859375,138.478271484375,261.9810791015625,33.20000076293945,128.76266479492188,0.0,59500.0,0.0,0.0,20000.103515625,1.600000023841858,61.099998474121094,2.0,37.20000076293945,24135.1484375,0.0,0.0,245.77000427246094,262.8992614746094,266.1361389160156,259.9540710449219,263.89471435546875,5430.951171875,2920.6826171875,1410.067138671875,761.1063232421875,162.97584533691406,260.04498291015625,73.80000305175781,72.9000015258789,186.78160095214844,0.0,19999.908203125,19.0,1.0,0.0,24100.0,245.89999389648438,262.79998779296875,266.1000061035156,265.8999938964844,269.79998779296875,5429.060546875,2920.03173828125,1407.7322998046875,755.2826538085938,161.03871154785156,258.7200012207031,67.9000015258789,36.0,243.1199951171875,0.0,0.0,0.125,742.0848388671875,83.0,72.0,6.0,83.0,5900.0,246.007568359375,262.627197265625,265.478759765625,260.81549072265625,264.0623779296875,5434.58984375,2924.20263671875,1417.945556640625,766.546142578125,149.4333953857422,258.83221435546875,80.00257110595703,79.12928009033203,162.73609924316406,0.0,9.999999747378752e-06,0.0625,5432.0234375,2920.15380859375,1414.80078125,766.286376953125,173.05029296875,246.13531494140625,261.87725830078125,265.78643798828125,258.5357360839844,261.830322265625,11.786453247070312,9.892623901367188,81.6708755493164,94.56794738769531,,,,257.31365966796875,,102302.8125,94208.3046875,,1.9797639846801758,35.0,0.0,7620.0,88888.0,4168.0,16274.0,2.0,2.0,2.0,4.0,4.0,0.0,0.0,0.0,0.0,0.0,130.0,257.7699890136719,247.6599884033203,43.0,1.0,16.799999237060547,18.399999618530273
2023-02-18T11:55,2023-02-18T12:00,24,train,0,2023,2,11,24,2023-02-17T12:00,24,2023-02-17T12:00,24,2023-02-17T12:00,21,2023-02-17T15:00,24,2023-02-17T12:00,24,2023-02-17T12:00,-999.0,0.0,0.0,0.0,0.0,nan,nan,nan,nan,nan,8.65485668182373,245.87681579589844,261.9120178222656,264.45147705078125,262.61968994140625,266.1730041503906,5419.599609375,2915.41162109375,1414.0595703125,140.32821655273438,261.4580078125,23.0,126.38172912597656,0.0,75700.0,0.0,4.827000141143799,20000.1015625,1.5,5.0,0.0,49.5,24135.322265625,0.0,0.0,246.1539306640625,263.5777282714844,265.5900573730469,260.7474670410156,264.6991882324219,5433.6240234375,2920.56396484375,1409.5225830078125,760.598388671875,160.6217803955078,260.86968994140625,71.4000015258789,70.69999694824219,209.520751953125,0.0,19999.912109375,17.0,0.0,0.0,24100.0,245.89999389648438,262.8999938964844,266.79998779296875,267.20001220703125,271.20001220703125,5431.25390625,2922.47119140625,1409.5916748046875,753.9547729492188,163.0394287109375,260.6400146484375,27.299999237060547,10.0,282.55999755859375,0.0,0.0,0.0625,3308.2734375,66.0,100.0,0.0,66.0,16100.0,245.33251953125,262.8382263183594,265.9259033203125,258.68646240234375,261.2913818359375,5423.51806640625,2917.921875,1411.0068359375,760.0399169921875,145.66244506835938,255.84649658203125,70.8104476928711,66.93704223632812,132.41116333007812,0.0,0.0,3.125,5426.86328125,2917.24462890625,1407.576904296875,759.866943359375,169.32666015625,245.8046875,262.44677734375,266.175048828125,257.51580810546875,260.6991271972656,14.397817611694336,4.919584274291992,71.05911254882812,87.66424560546875,,,,255.9848175048828,,102259.6875,94153.90625,,1.6515541076660156,12.0,0.0,7620.0,88888.0,5104.0,201.0,5.0,5.0,5.0,6.0,7.0,58.0,58.0,58.0,62.0,0.0,173.0,257.8299865722656,247.239990234375,40.0,0.0,21.200000762939453,22.799999237060547
2023-02-18T11:55,2023-02-18T12:00,48,train,0,2023,2,11,48,2023-02-16T12:00,48,2023-02-16T12:00,48,2023-02-16T12:00,45,2023-02-16T15:00,48,2023-02-16T12:00,48,2023-02-16T12:00,-999.0,0.0,0.0,1.0,0.0,nan,nan,nan,nan,nan,10.47319221496582,244.99114990234375,261.8097229003906,263.23297119140625,260.898193359375,264.54571533203125,5401.896484375,2903.97314453125,1404.61279296875,135.43482971191406,258.843994140625,20.299999237060547,149.85679626464844,0.0,80800.0,0.0,22.940000534057617,20000.103515625,1.100000023841858,1.100000023841858,0.0,28.700000762939453,24135.0,0.0,0.0,245.12841796875,264.3075866699219,264.8876037597656,260.00213623046875,263.95147705078125,5443.05419921875,2929.5224609375,1420.2066650390625,771.6148071289062,173.39682006835938,260.1448974609375,68.4000015258789,66.0999984741211,165.20071411132812,0.0,20000.19140625,12.0,0.0,0.0,24100.0,244.60000610351562,263.29998779296875,267.6000061035156,267.29998779296875,271.29998779296875,5441.49609375,2934.19384765625,1417.106689453125,760.9658813476562,170.49966430664062,260.7900085449219,22.200000762939453,8.0,206.8800048828125,0.0,0.0,0.0,nan,66.0,1.0,0.0,66.0,13400.0,246.0752716064453,262.2837829589844,265.1866455078125,257.4933166503906,260.4276123046875,5414.99755859375,2905.5302734375,1401.9385986328125,753.9253540039062,141.12449645996094,254.96121215820312,74.09744262695312,69.69931030273438,142.1707305908203,0.0,0.0,5.5625,5420.46875,2913.23388671875,1401.180419921875,754.70166015625,163.0439453125,245.43072509765625,263.24798583984375,265.071533203125,257.7784118652344,261.11834716796875,13.792861938476562,7.622628211975098,77.64867401123047,90.0499038696289,,,,257.0180358886719,,102195.0625,94078.125,,1.7022464275360107,19.0,,,88888.0,4088.0,8960.0,10.0,10.0,,11.0,,37.0,,37.0,37.0,0.0,150.0,257.19000244140625,249.239990234375,51.0,15.0,30.0,32.400001525878906
2023-03-12T14:51,2023-03-12T15:00,1,train,0,2023,3,14,1,2023-03-12T14:00,3,2023-03-12T12:00,3,2023-03-12T12:00,1,2023-03-12T14:00,3,2023-03-12T12:00,1,2023-03-12T14:00,-999.0,0.0,0.0,0.0,0.0,nan,nan,nan,nan,nan,2.509603977203369,247.6098175048828,264.0960388183594,267.6315612792969,270.9656066894531,275.1150817871094,5459.34033203125,2934.067138671875,1422.864013671875,121.33120727539062,268.26226806640625,83.30000305175781,245.16357421875,558.47998046875,18000.0,0.0,0.0,20000.173828125,5.0,0.0,0.0,12.399999618530273,24134.9140625,0.0,0.0,247.3399658203125,264.03240966796875,267.3301696777344,271.8985900878906,276.00811767578125,5462.14208984375,2936.98388671875,1425.629150390625,759.0811767578125,132.7976531982422,272.3205871582031,88.30000305175781,77.19999694824219,482.5980529785156,650.4000244140625,20000.001953125,1.0,0.0,0.0,24100.0,247.5,264.1000061035156,266.20001220703125,271.3999938964844,275.3999938964844,5461.880859375,2937.2177734375,1430.0535888671875,763.1039428710938,137.23265075683594,270.05999755859375,74.5,79.0,504.9599914550781,705.760009765625,0.0,0.0,nan,2.0,0.0,0.0,2.0,21900.0,247.92083740234375,263.9533996582031,268.551025390625,270.1120910644531,274.5419006347656,5464.046875,2938.322509765625,1424.661865234375,758.1732177734375,127.41397857666016,271.4957580566406,75.2509536743164,72.66397857666016,348.1427917480469,510.0,0.0,0.0,5466.6640625,2941.289794921875,1428.25537109375,762.5676879882812,139.22607421875,247.84030151367188,264.31060791015625,268.237548828125,270.38018798828125,275.0728759765625,8.694579124450684,49.819087982177734,56.25342559814453,45.297054290771484,,,,271.49920654296875,,101775.3125,94062.625,,3.3798727989196777,6.0,0.0,7620.0,88888.0,32.0,16209.0,3.0,3.0,4.0,5.0,6.0,4.0,4.0,4.0,4.0,0.0,437.0,265.7099914550781,260.55999755859375,67.0,0.0,8.0,8.800000190734863
2023-04-02T10:51,2023-04-02T11:00,1,train,0,2023,4,10,1,2023-04-02T10:00,5,2023-04-02T06:00,5,2023-04-02T06:00,1,2023-04-02T10:00,0,2023-04-02T12:00,1,2023-04-02T10:00,-999.0,0.0,75.0,0.0,0.0,nan,1341.326171875,nan,84500.0,nan,16.801528930664062,248.52197265625,267.4285888671875,265.3656005859375,268.1732482910156,272.3023376464844,5369.580078125,2824.045166015625,1305.29296875,6.811744689941406,262.732421875,90.5,305.56640625,0.0,12300.0,0.0,0.008999999612569809,784.6514282226562,81.0999984741211,0.0,0.0,98.5999984741211,281.4781799316406,3.9200000173877925e-05,0.6875,249.78005981445312,268.8855285644531,260.8914794921875,266.0384521484375,270.0224304199219,5369.7119140625,2811.770751953125,1298.7462158203125,646.4008178710938,34.00164031982422,265.225830078125,91.4000015258789,89.5999984741211,754.9661865234375,0.0,1195.1256103515625,60.0,0.0,0.0,0.0,249.39999389648438,270.0,260.5,265.0,268.8999938964844,5377.11572265625,2818.547607421875,1292.115966796875,641.0861206054688,24.167842864990234,262.0199890136719,98.0999984741211,100.0,274.6400146484375,0.0,0.00019999999494757503,3.875,824.4075317382812,100.0,0.0,0.0,100.0,5800.0,248.4945526123047,266.91766357421875,264.093505859375,267.62774658203125,271.8896484375,5373.98828125,2833.2958984375,1316.918212890625,659.5997924804688,27.863853454589844,266.83953857421875,89.42533874511719,86.81693267822266,551.3328857421875,0.0,1.9999999494757503e-05,0.0625,5384.0859375,2831.019287109375,1317.79443359375,665.1905517578125,52.48486328125,249.55044555664062,267.69073486328125,261.61175537109375,266.298828125,270.3697814941406,5.988419532775879,73.64054870605469,80.45269012451172,75.35380554199219,,,,267.3077087402344,,100682.25,92928.6640625,,2.6942474842071533,84.0,0.0,7620.0,0.0,0.0,209.0,71.0,84.0,87.0,87.0,87.0,69.0,69.0,69.0,69.0,2.0,442.0,260.25,258.94000244140625,89.0,5.0,47.20000076293945,57.20000076293945
2023-03-12T14:51,2023-03-12T15:00,48,train,0,2023,3,14,45,2023-03-10T18:00,45,2023-03-10T18:00,45,2023-03-10T18:00,48,2023-03-10T15:00,45,2023-03-10T18:00,45,2023-03-10T18:00,-999.0,0.0,100.0,0.0,0.0,1341.619873046875,1341.5977783203125,85500.0,85900.0,1564.6480712890625,2.1519386768341064,246.54299926757812,264.0750732421875,264.37066650390625,267.9374084472656,272.1745910644531,5448.5693359375,2926.94580078125,1420.549560546875,128.92721557617188,264.8103942871094,96.80000305175781,303.68756103515625,21.600000381469727,100.0,0.0,0.05999999865889549,20000.17578125,5.0,0.0,0.0,5.800000190734863,24135.087890625,0.0,0.0,248.6699981689453,264.1488342285156,266.64483642578125,271.11676025390625,275.2381896972656,5464.75830078125,2935.358642578125,1424.8994140625,760.5443115234375,136.0841522216797,271.6312255859375,85.0,75.19999694824219,504.5052490234375,543.8400268554688,19999.822265625,2.0,0.0,0.0,24100.0,246.89999389648438,263.3999938964844,267.3999938964844,272.5,276.6000061035156,5458.07861328125,2936.523193359375,1429.4273681640625,759.9310302734375,137.75160217285156,270.989990234375,56.400001525878906,54.0,506.3999938964844,848.47998046875,0.0,0.0,1016.130859375,100.0,0.0,0.0,100.0,14900.0,247.66746520996094,263.4782409667969,263.5013427734375,267.8974609375,272.51171875,5447.90625,2926.625,1424.259765625,767.4915161132812,139.9647216796875,269.08184814453125,91.0,89.24971771240234,531.5098876953125,130.0,0.0,0.0625,5462.14453125,2941.313232421875,1428.61279296875,763.2422485351562,140.94580078125,246.55679321289062,264.08392333984375,267.80316162109375,269.965576171875,274.6318359375,10.734891891479492,50.1358528137207,62.13880157470703,50.00835418701172,,,,271.1722412109375,,101798.6875,94082.984375,,3.298815965652466,19.0,,,88888.0,88888.0,8983.0,21.0,21.0,,23.0,,48.0,,48.0,48.0,0.0,541.0,265.30999755859375,259.8699951171875,63.0,0.0,8.800000190734863,9.600000381469727
2023-03-12T14:51,2023-03-12T15:00,24,train,0,2023,3,14,21,2023-03-11T18:00,21,2023-03-11T18:00,21,2023-03-11T18:00,24,2023-03-11T15:00,21,2023-03-11T18:00,24,2023-03-11T15:00,-999.0,0.0,0.0,0.0,0.0,nan,nan,nan,nan,nan,2.1280641555786133,247.58517456054688,263.63153076171875,266.85394287109375,269.8541259765625,274.0705261230469,5459.1376953125,2937.348876953125,1429.480712890625,132.66229248046875,267.7073974609375,76.5,238.98997497558594,471.760009765625,21200.0,0.0,0.0,20000.173828125,17.899999618530273,0.0,0.0,12.100000381469727,24135.19921875,0.0,0.0,247.28733825683594,264.15216064453125,266.5088195800781,271.39813232421875,275.5115966796875,5460.33935546875,2936.991943359375,1427.3624267578125,762.3333129882812,137.18443298339844,271.98419189453125,89.4000015258789,78.5,519.5642700195312,597.760009765625,20000.154296875,1.0,0.0,0.0,24100.0,246.8000030517578,264.0,266.3999938964844,271.6000061035156,275.6000061035156,5464.7626953125,2939.9736328125,1433.9615478515625,766.7589111328125,142.1451873779297,270.2200012207031,59.599998474121094,59.0,456.9599914550781,730.0800170898438,0.0,0.0,nan,57.0,0.0,0.0,57.0,16000.0,247.92144775390625,263.1158447265625,265.7331237792969,268.1452941894531,272.67559814453125,5459.95703125,2936.339599609375,1432.3699951171875,772.3964233398438,144.60128784179688,269.79449462890625,88.08192443847656,88.00216674804688,376.8871765136719,250.0,0.0,0.0,5466.53125,2943.093994140625,1429.4541015625,762.2498779296875,139.314697265625,246.78211975097656,264.1240234375,268.5107421875,270.371826171875,275.0546875,9.374130249023438,44.91718673706055,61.992881774902344,48.952491760253906,,,,271.56640625,,101766.625,94069.3515625,,3.298611640930176,57.0,0.0,7620.0,32.0,32.0,256.0,27.0,35.0,35.0,35.0,35.0,38.0,38.0,40.0,43.0,0.0,488.0,265.42999267578125,260.3899841308594,66.0,0.0,7.599999904632568,8.399999618530273
2023-04-02T10:51,2023-04-02T11:00,24,train,0,2023,4,10,23,2023-04-01T12:00,23,2023-04-01T12:00,23,2023-04-01T12:00,26,2023-04-01T09:00,24,2023-04-01T12:00,24,2023-04-01T11:00,-999.0,0.0,100.0,0.0,0.0,1341.1470947265625,1341.0220947265625,82900.0,84100.0,1561.53173828125,16.783309936523438,249.86773681640625,267.26605224609375,263.2783508300781,266.123291015625,270.160400390625,5337.63671875,2783.1416015625,1273.2646484375,-19.159393310546875,260.8348388671875,88.9000015258789,308.94390869140625,0.0,100.0,0.0,9.899999618530273,784.6353759765625,79.4000015258789,0.0,0.0,100.0,312.7130432128906,3.7599998904624954e-05,1.6875,250.71466064453125,270.24688720703125,260.4071350097656,265.0072937011719,268.972900390625,5357.93115234375,2789.280029296875,1272.827392578125,622.707763671875,12.780234336853027,264.10784912109375,91.9000015258789,90.0,793.212158203125,0.0,1195.030029296875,58.0,0.0,0.0,0.0,250.8000030517578,270.8999938964844,258.20001220703125,262.3999938964844,266.29998779296875,5356.994140625,2787.184814453125,1265.2432861328125,620.6646728515625,10.02220344543457,259.1300048828125,98.0,100.0,351.0400085449219,0.0,9.999999747378752e-05,3.0,862.8998413085938,100.0,0.0,0.0,100.0,3800.0,250.04876708984375,267.66259765625,260.05084228515625,264.2716064453125,268.5048828125,5335.5986328125,2778.955078125,1274.16796875,625.692138671875,-3.649169921875,263.2349853515625,89.92881774902344,91.24693298339844,561.8604736328125,0.0,1.9999999494757503e-05,9.5625,5377.67578125,2817.3583984375,1303.340087890625,652.8436889648438,41.579345703125,249.881103515625,269.1095886230469,260.509521484375,265.60614013671875,269.6585388183594,5.307338714599609,75.55256652832031,78.31720733642578,73.52840423583984,,,,266.55572509765625,,100575.125,92818.515625,,2.410756826400757,72.0,0.0,7620.0,0.0,0.0,256.0,50.0,50.0,50.0,50.0,50.0,56.0,56.0,56.0,56.0,1.0,409.0,260.489990234375,259.19000244140625,88.0,7.0,49.599998474121094,60.0
2023-04-02T10:51,2023-04-02T11:00,48,train,0,2023,4,10,47,2023-03-31T12:00,47,2023-03-31T12:00,47,2023-03-31T12:00,50,2023-03-31T09:00,48,2023-03-31T12:00,36,2023-03-31T23:00,-999.0,100.0,100.0,0.0,0.0,1341.0927734375,1340.9564208984375,82700.0,84000.0,1561.19775390625,19.3078556060791,250.80911254882812,267.71484375,261.9492492675781,265.3949279785156,269.4827880859375,5337.875,2775.582275390625,1269.4063720703125,-19.834152221679688,260.1313171386719,89.0,320.8994140625,0.0,100.0,0.0,31.780000686645508,784.6541748046875,81.69999694824219,0.0,0.0,100.0,249.128662109375,4.479999915929511e-05,2.0625,251.77679443359375,269.021728515625,260.8021240234375,266.0302429199219,270.00750732421875,5358.22998046875,2785.6591796875,1278.7388916015625,626.195068359375,13.844257354736328,265.09039306640625,92.19999694824219,90.5,821.9722900390625,0.0,1194.9803466796875,55.0,0.0,0.0,0.0,250.39999389648438,271.1000061035156,259.8999938964844,264.1000061035156,268.1000061035156,5358.45166015625,2780.919921875,1258.049072265625,609.0919799804688,-4.878820419311523,260.92999267578125,97.9000015258789,100.0,312.4800109863281,0.0,0.0003000000142492354,2.875,860.7537841796875,100.0,0.0,34.0,100.0,2600.0,250.2724151611328,267.60565185546875,260.55401611328125,264.2728271484375,268.4110107421875,5336.8916015625,2776.72705078125,1272.71533203125,623.5166625976562,-8.418472290039062,263.2435302734375,90.39865112304688,90.81868743896484,572.1550903320312,0.0,4.999999873689376e-05,29.3125,5371.9609375,2806.1533203125,1293.97412109375,642.8024291992188,31.077392578125,250.36961364746094,269.476806640625,260.332275390625,265.829345703125,269.87750244140625,3.6998987197875977,87.47319793701172,76.1636734008789,72.38319396972656,,,,266.649658203125,,100438.9375,92694.5390625,,2.4624991416931152,75.0,0.0,7620.0,30.0,32.0,256.0,62.0,63.0,68.0,68.0,70.0,57.0,57.0,59.0,65.0,1.0,478.0,260.15997314453125,258.45001220703125,86.0,8.0,48.400001525878906,58.79999923706055
2023-07-19T15:47,2023-07-19T16:00,1,train,0,2023,7,15,1,2023-07-19T15:00,4,2023-07-19T12:00,4,2023-07-19T12:00,1,2023-07-19T15:00,3,2023-07-19T12:00,1,2023-07-19T15:00,-999.0,0.0,50.0,0.0,0.0,nan,1394.0531005859375,nan,86200.0,nan,4.126247406005859,262.44305419921875,276.4730224609375,286.05804443359375,291.8714294433594,296.42132568359375,5767.7861328125,3107.6865234375,1507.01904296875,115.49508666992188,289.3510437011719,78.9000015258789,700.0712280273438,3941.616943359375,20000.0,0.0,0.0,19999.8359375,9.399999618530273,0.0,5.0,0.0,24135.060546875,8.000000093488779e-07,0.0,262.6460266113281,276.219482421875,286.6916809082031,294.3310241699219,298.7971496582031,5777.9521484375,3118.659423828125,1518.095458984375,796.3302612304688,126.02777862548828,295.8418273925781,48.70000076293945,50.0,1701.0321044921875,3759.679931640625,19999.806640625,31.0,0.0,0.0,400.0,263.20001220703125,277.20001220703125,286.79998779296875,291.5,295.8999938964844,5785.64892578125,3120.04296875,1514.45654296875,793.327880859375,115.52764892578125,289.30999755859375,100.0,100.0,228.39999389648438,4068.813232421875,0.0008999999845400453,1.8125,nan,63.0,0.0,0.0,63.0,17300.0,262.64410400390625,275.80633544921875,285.3962707519531,291.4608459472656,296.4246826171875,5777.1171875,3121.156494140625,1521.224365234375,803.3876342773438,130.22665405273438,292.31072998046875,85.12291717529297,79.7577896118164,878.0690307617188,3754.3955078125,0.0,0.0,5774.45703125,3118.033203125,1516.975830078125,800.1454467773438,132.09716796875,262.7425842285156,276.0384826660156,285.752197265625,291.2051696777344,296.03338623046875,44.47949981689453,66.94091796875,70.3270034790039,63.30743408203125,,,,294.0092468261719,,101578.0,94566.2109375,,19.89360809326172,57.0,0.0,7620.0,0.0,0.0,209.0,62.0,64.0,68.0,69.0,69.0,62.0,62.0,62.0,62.0,358.0,777.0,285.2799987792969,282.8500061035156,84.0,5.0,9.600000381469727,10.399999618530273
2023-06-10T10:50,2023-06-10T11:00,1,train,0,2023,6,10,1,2023-06-10T10:00,5,2023-06-10T06:00,5,2023-06-10T06:00,1,2023-06-10T10:00,0,2023-06-10T12:00,1,2023-06-10T10:00,-999.0,0.0,61.0,54.0,0.0,1580.822265625,1343.572265625,63000.0,85700.0,nan,3.588838577270508,249.85702514648438,267.6872253417969,277.4854736328125,281.89178466796875,286.11895751953125,5512.080078125,2959.41748046875,1406.358154296875,62.1685905456543,278.5610046386719,95.19999694824219,386.856689453125,2104.036376953125,12200.0,0.0,0.2630000114440918,1641.5640869140625,66.69999694824219,100.0,0.0,55.099998474121094,24134.849609375,2.479999966453761e-05,0.3125,249.3811492919922,267.6778564453125,277.2408142089844,281.505859375,285.71807861328125,5501.4287109375,2948.97119140625,1399.754638671875,705.324462890625,55.51164245605469,280.97021484375,96.4000015258789,92.5999984741211,68.39331817626953,1941.280029296875,1730.0958251953125,54.0,100.0,29.0,24100.0,249.8000030517578,268.1000061035156,278.1000061035156,282.79998779296875,287.0,5505.88232421875,2953.464599609375,1401.947509765625,705.0992431640625,58.126129150390625,280.2599792480469,93.69999694824219,96.0,766.6400146484375,2030.8800048828125,0.0,0.375,827.5167846679688,96.0,40.0,0.0,96.0,3300.0,249.4124755859375,267.8868408203125,277.41900634765625,281.19403076171875,285.39666748046875,5509.71435546875,2958.3798828125,1404.921630859375,711.0076904296875,62.15404510498047,281.1575012207031,98.28742218017578,97.99219512939453,412.7796630859375,2120.0,2.9999999242136255e-05,0.0625,5505.94140625,2954.730712890625,1403.361572265625,708.7586669921875,61.27490234375,249.5966339111328,267.52288818359375,277.58843994140625,281.3221435546875,285.53558349609375,77.27989196777344,85.75678253173828,94.49510955810547,90.24494934082031,,,,282.1859130859375,,100744.875,93392.71875,,15.401315689086914,81.0,0.0,7620.0,0.0,0.0,209.0,70.0,84.0,87.0,87.0,89.0,74.0,78.0,80.0,80.0,76.0,338.0,275.2599792480469,275.08001708984375,100.0,9.0,8.0,8.399999618530273
2023-06-10T10:50,2023-06-10T11:00,24,train,0,2023,6,10,23,2023-06-09T12:00,23,2023-06-09T12:00,23,2023-06-09T12:00,26,2023-06-09T09:00,24,2023-06-09T12:00,24,2023-06-09T11:00,2662.60009765625,1.0,100.0,69.0,1.0,1724.34228515625,1343.3438720703125,68800.0,85600.0,3422.38037109375,3.0190534591674805,249.6955108642578,267.62799072265625,276.94940185546875,281.30560302734375,285.5010986328125,5502.384765625,2948.424560546875,1397.9501953125,56.18361282348633,277.6121826171875,93.5,377.927734375,1993.5999755859375,10300.0,0.00019999999494757503,17.729999542236328,1694.77587890625,79.9000015258789,95.4000015258789,0.0,42.400001525878906,24134.9453125,3.680000008898787e-05,0.375,249.67495727539062,268.0777282714844,277.4940490722656,281.7409973144531,285.965576171875,5502.56591796875,2947.416748046875,1394.3414306640625,699.727783203125,49.2868766784668,281.3356018066406,96.5999984741211,94.5,140.25538635253906,2037.280029296875,19999.900390625,58.0,4.0,0.0,24100.0,250.8000030517578,268.29998779296875,277.3999938964844,282.3999938964844,286.70001220703125,5513.20458984375,2951.688720703125,1396.29150390625,700.6358642578125,54.86024475097656,279.9800109863281,88.80000305175781,89.0,337.9200134277344,2196.9599609375,0.0,0.5625,875.407470703125,100.0,43.0,69.0,100.0,9200.0,249.74632263183594,267.45159912109375,276.85260009765625,281.0425720214844,285.23883056640625,5499.267578125,2948.79150390625,1397.40185546875,704.83935546875,56.832794189453125,280.9723815917969,96.43251037597656,95.6913070678711,476.2731018066406,2090.0,0.0,8.5,5515.51171875,2957.352294921875,1402.778076171875,709.117919921875,63.010009765625,250.2968292236328,268.2699890136719,277.71978759765625,280.8140563964844,285.01202392578125,79.03522491455078,85.31739044189453,95.3705825805664,91.78242492675781,,,,281.41949462890625,,100775.0,93398.203125,,15.652179718017578,62.0,0.0,7620.0,32.0,32.0,256.0,78.0,80.0,80.0,80.0,80.0,65.0,73.0,77.0,87.0,21.0,323.0,275.40997314453125,275.44000244140625,99.0,6.0,9.199999809265137,9.600000381469727
2023-06-10T10:50,2023-06-10T11:00,48,train,0,2023,6,10,47,2023-06-08T12:00,47,2023-06-08T12:00,47,2023-06-08T12:00,50,2023-06-08T09:00,48,2023-06-08T12:00,36,2023-06-08T23:00,-999.0,92.0,95.0,87.0,0.0,1723.8287353515625,1343.4537353515625,nan,85700.0,nan,3.6505324840545654,249.8612060546875,267.43609619140625,276.6411437988281,281.0814208984375,285.2791748046875,5506.52197265625,2955.437255859375,1407.2371826171875,66.5889892578125,277.5427551269531,94.69999694824219,517.418701171875,1948.0,12400.0,0.0,12.210000038146973,1882.8880615234375,64.69999694824219,4.199999809265137,0.0,1.5,24135.052734375,1.8400000044493936e-05,0.0,250.33383178710938,268.266845703125,277.8392639160156,281.57122802734375,285.8057861328125,5504.27392578125,2946.469482421875,1395.277587890625,700.496337890625,50.49556350708008,281.08917236328125,95.80000305175781,93.0,129.32901000976562,1981.760009765625,20000.029296875,50.0,3.0,0.0,24100.0,250.60000610351562,268.20001220703125,277.70001220703125,282.6000061035156,286.79998779296875,5518.87939453125,2961.613525390625,1408.273193359375,712.215576171875,68.78602600097656,280.2300109863281,88.0999984741211,87.0,296.9599914550781,2111.0400390625,0.0,0.0,807.9234008789062,100.0,6.0,0.0,100.0,3400.0,249.64303588867188,267.3544616699219,276.09893798828125,280.3184509277344,284.6204833984375,5503.1025390625,2956.02392578125,1408.379150390625,717.5472412109375,70.18807220458984,280.17095947265625,98.40719604492188,97.061767578125,483.1770324707031,1920.0,0.0,10.1875,5515.078125,2958.7158203125,1404.153564453125,710.9630126953125,65.41650390625,250.1192169189453,268.1778564453125,277.60504150390625,280.48162841796875,284.60223388671875,81.80278778076172,86.29443359375,96.76358795166016,93.305419921875,,,,281.30029296875,,100795.0,93417.265625,,16.288606643676758,72.0,0.0,7620.0,0.0,0.0,256.0,88.0,91.0,97.0,97.0,97.0,76.0,84.0,88.0,100.0,34.0,280.0,275.3700256347656,275.1399841308594,99.0,13.0,8.800000190734863,9.600000381469727
2023-07-19T15:47,2023-07-19T16:00,24,train,0,2023,7,15,22,2023-07-18T18:00,22,2023-07-18T18:00,22,2023-07-18T18:00,25,2023-07-18T15:00,21,2023-07-18T18:00,24,2023-07-18T16:00,-999.0,0.0,0.0,0.0,0.0,nan,1473.7047119140625,nan,29300.0,nan,4.111994743347168,262.53387451171875,275.6546936035156,286.1622619628906,292.068359375,296.68804931640625,5779.7431640625,3123.8076171875,1524.953369140625,134.21603393554688,289.4659729003906,76.30000305175781,652.93115234375,3692.18994140625,21200.0,0.0,7.539999961853027,19999.904296875,0.0,0.0,0.0,0.0,24134.79296875,0.0,0.0,262.47003173828125,276.6328430175781,286.4823303222656,294.2209167480469,298.7318115234375,5776.8193359375,3121.070068359375,1519.9188232421875,798.8741455078125,128.7490997314453,295.7033386230469,45.900001525878906,47.20000076293945,1614.77099609375,3740.159912109375,1197.217041015625,24.0,35.0,100.0,0.0,263.29998779296875,278.1000061035156,285.20001220703125,290.3999938964844,294.70001220703125,5778.4345703125,3115.764892578125,1505.931884765625,788.3687133789062,110.03673553466797,288.4700012207031,99.9000015258789,100.0,445.20001220703125,3899.360107421875,9.999999747378752e-05,0.5625,3232.447021484375,89.0,0.0,93.0,89.0,15100.0,262.36834716796875,276.6025390625,284.2928466796875,289.98150634765625,294.995361328125,5777.44873046875,3119.44873046875,1521.562255859375,807.1217041015625,134.66732788085938,290.6480712890625,89.0,83.61199951171875,657.3709716796875,3870.0,0.0,7.9375,5779.9609375,3120.78515625,1518.648193359375,802.0780029296875,135.1142578125,262.56219482421875,276.29290771484375,286.0205993652344,290.3922119140625,295.227783203125,39.784400939941406,68.42958068847656,84.0421142578125,75.5632553100586,,,,292.82989501953125,,101621.75,94593.75,,20.48915672302246,57.0,0.0,7620.0,32.0,32.0,256.0,45.0,48.0,55.0,61.0,65.0,53.0,53.0,53.0,54.0,149.0,857.0,285.78997802734375,282.20001220703125,81.0,4.0,12.0,12.800000190734863
2023-07-19T15:47,2023-07-19T16:00,48,train,0,2023,7,15,46,2023-07-17T18:00,46,2023-07-17T18:00,46,2023-07-17T18:00,49,2023-07-17T15:00,45,2023-07-17T18:00,36,2023-07-18T04:00,-999.0,0.0,0.0,0.0,0.0,nan,1472.508544921875,nan,85600.0,nan,6.412496089935303,261.73223876953125,275.7525634765625,285.7135925292969,291.4697265625,296.06658935546875,5776.2158203125,3121.03857421875,1522.969482421875,134.69447326660156,288.3553466796875,80.19999694824219,440.14727783203125,3761.5849609375,19400.0,0.0,19.09000015258789,6099.841796875,65.80000305175781,0.0,0.0,0.0,24134.794921875,8.799999704933725e-06,0.25,261.6184997558594,276.3121337890625,287.39678955078125,294.82305908203125,299.29766845703125,5779.99365234375,3121.810791015625,1519.8740234375,796.28564453125,125.30662536621094,296.1198425292969,50.70000076293945,50.29999923706055,1729.9530029296875,3867.360107421875,19999.80078125,19.0,0.0,1.0,24100.0,262.5,276.79998779296875,286.70001220703125,292.3999938964844,296.79998779296875,5783.95849609375,3121.627197265625,1517.202392578125,796.115478515625,119.36344909667969,291.8800048828125,64.30000305175781,67.0,992.7999877929688,3937.683837890625,0.0,0.0,nan,22.0,0.0,0.0,22.0,21700.0,262.11688232421875,276.468017578125,284.89215087890625,291.12939453125,296.125,5789.9384765625,3131.811279296875,1531.030517578125,814.9760131835938,141.9038848876953,292.3635559082031,75.12313079833984,71.21527862548828,874.0249633789062,3830.0,0.0,9.9375,5779.7578125,3121.65087890625,1517.171875,799.8182983398438,132.77294921875,262.6955261230469,276.7261962890625,286.11083984375,290.5616455078125,295.38946533203125,37.24639129638672,75.54474639892578,85.52129364013672,76.93150329589844,,,,292.8556213378906,,101594.25,94566.53125,,21.63311767578125,57.0,0.0,7620.0,32.0,32.0,384.0,47.0,55.0,62.0,71.0,79.0,42.0,42.0,42.0,45.0,152.0,834.0,285.8699951171875,282.7099914550781,81.0,8.0,10.0,10.800000190734863
2023-09-21T05:47,2023-09-21T06:00,1,train,0,2023,9,5,1,2023-09-21T05:00,6,2023-09-21T00:00,6,2023-09-21T00:00,1,2023-09-21T05:00,0,2023-09-21T06:00,1,2023-09-21T05:00,-999.0,0.0,0.0,0.0,0.0,nan,nan,nan,nan,nan,3.9948856830596924,258.00958251953125,274.23468017578125,279.47857666015625,282.2325134277344,286.1426696777344,5732.263671875,3106.67578125,1531.70751953125,174.107421875,277.9914855957031,67.5999984741211,165.2613525390625,3346.065673828125,25100.0,0.0,0.0,20000.0,0.0,0.0,0.0,0.0,24135.146484375,0.0,0.0,258.5081787109375,273.5361328125,279.5936279296875,281.4641418457031,284.0631103515625,5732.07421875,3107.46240234375,1535.3504638671875,836.4585571289062,190.5264434814453,279.4089660644531,93.19999694824219,79.80000305175781,28.937374114990234,3185.760009765625,19999.8203125,29.0,0.0,0.0,24100.0,258.29998779296875,274.70001220703125,281.0,282.6000061035156,286.79998779296875,5735.64306640625,3108.39208984375,1534.7401123046875,836.4585571289062,185.27810668945312,279.9100341796875,92.19999694824219,90.0,303.1199951171875,3348.769287109375,0.0,0.6875,nan,79.0,0.0,0.0,79.0,7000.0,258.33258056640625,274.05511474609375,279.3135681152344,283.17474365234375,285.8797912597656,5734.9208984375,3105.690185546875,1534.0816650390625,835.344482421875,177.0020294189453,280.3421936035156,92.0,78.21663665771484,137.2825164794922,3314.574462890625,0.0,0.0,5738.29296875,3110.60302734375,1539.29052734375,839.7579956054688,188.888427734375,258.3003234863281,273.90936279296875,279.50494384765625,283.03631591796875,287.13787841796875,7.015483856201172,79.00637817382812,76.20262908935547,91.21664428710938,,,,280.81646728515625,,102290.75,95090.7890625,,11.969037055969238,57.0,0.0,7620.0,0.0,0.0,209.0,58.0,68.0,68.0,69.0,75.0,83.0,83.0,83.0,83.0,0.0,135.0,275.1399841308594,273.40997314453125,89.0,1.0,8.0,8.399999618530273
2023-09-21T05:47,2023-09-21T06:00,24,train,0,2023,9,5,24,2023-09-20T06:00,24,2023-09-20T06:00,24,2023-09-20T06:00,21,2023-09-20T09:00,24,2023-09-20T06:00,24,2023-09-20T06:00,-999.0,0.0,0.0,0.0,0.0,nan,nan,nan,nan,nan,4.857363224029541,258.50970458984375,273.8902282714844,279.2203063964844,282.7242126464844,286.7021484375,5730.81298828125,3105.43798828125,1531.955810546875,173.29049682617188,278.1342468261719,77.5,191.23353576660156,3254.26416015625,19200.0,0.0,0.019999999552965164,19999.890625,0.0,0.0,0.0,0.0,24135.072265625,0.0,0.0,257.943115234375,273.9100646972656,279.9031066894531,282.0830993652344,284.5633850097656,5735.08203125,3109.6044921875,1539.1136474609375,839.01416015625,191.84109497070312,279.8870544433594,93.30000305175781,78.4000015258789,31.09156036376953,3310.080078125,19999.869140625,20.0,0.0,0.0,0.0,258.0,275.29998779296875,279.8999938964844,281.29998779296875,285.5,5736.52978515625,3108.765380859375,1529.496826171875,835.0635986328125,182.1973876953125,279.20001220703125,99.5999984741211,100.0,220.63999938964844,3392.398193359375,0.0,0.9375,nan,16.0,0.0,0.0,16.0,13100.0,258.22796630859375,274.112548828125,278.1685791015625,282.21710205078125,285.9696350097656,5731.638671875,3106.870361328125,1536.724609375,840.4078369140625,182.64503479003906,280.82159423828125,89.0,86.09671020507812,261.27252197265625,3285.926513671875,0.0,0.0,5738.23828125,3109.36474609375,1535.551025390625,835.7664794921875,183.955810546875,258.3363037109375,274.635498046875,279.4621887207031,283.47137451171875,287.6363220214844,5.4534912109375,80.36015319824219,68.159423828125,91.52812957763672,,,,280.71563720703125,,102216.125,95037.875,,11.084256172180176,57.0,0.0,7620.0,32.0,32.0,201.0,25.0,25.0,25.0,25.0,26.0,59.0,60.0,60.0,60.0,0.0,133.0,275.28997802734375,273.69000244140625,90.0,3.0,11.199999809265137,12.0
2023-09-21T05:47,2023-09-21T06:00,48,train,0,2023,9,5,48,2023-09-19T06:00,48,2023-09-19T06:00,48,2023-09-19T06:00,45,2023-09-19T09:00,48,2023-09-19T06:00,48,2023-09-19T06:00,-999.0,0.0,0.0,0.0,0.0,nan,nan,nan,nan,nan,6.428255558013916,258.926025390625,274.0918884277344,279.28631591796875,281.7491455078125,285.7962646484375,5735.1357421875,3110.0673828125,1532.8740234375,177.37686157226562,277.4622802734375,71.9000015258789,155.93228149414062,3352.234375,22300.0,0.0,18.6299991607666,19999.912109375,0.0,0.0,0.0,0.0,24135.01171875,0.0,0.0,257.7221374511719,273.6932067871094,279.1351623535156,282.22039794921875,284.3968811035156,5734.51416015625,3112.5126953125,1536.901123046875,837.6405029296875,191.17637634277344,279.71673583984375,79.0999984741211,67.0,32.827571868896484,3218.8798828125,19999.818359375,43.0,0.0,0.0,24100.0,258.0,275.20001220703125,282.3999938964844,282.0,286.20001220703125,5738.3203125,3105.677490234375,1520.5201416015625,822.36181640625,177.01861572265625,277.3800048828125,86.9000015258789,64.0,182.24000549316406,3565.626708984375,0.0,0.1875,839.3284912109375,96.0,0.0,0.0,95.0,6024.5205078125,258.2640380859375,274.78076171875,277.5307312011719,281.34210205078125,285.0545959472656,5734.4443359375,3106.523681640625,1532.3555908203125,837.7372436523438,180.6284637451172,281.0209045410156,96.76045227050781,94.35659790039062,404.2972717285156,3392.8427734375,0.0,7.125,5739.87109375,3110.340576171875,1534.0751953125,834.0324096679688,182.586669921875,257.98028564453125,274.87347412109375,279.74603271484375,283.5443420410156,287.5516357421875,4.976076126098633,77.86895751953125,65.64790344238281,87.04612731933594,,,,280.830810546875,,102201.5,95023.640625,,11.337104797363281,19.0,,,88888.0,4840.0,4224.0,35.0,35.0,,35.0,,45.0,,45.0,45.0,1.0,136.0,275.1700134277344,273.25,88.0,0.0,12.800000190734863,13.600000381469727
2023-10-18T05:56,2023-10-18T06:00,1,train,0,2023,10,5,1,2023-10-18T05:00,6,2023-10-18T00:00,6,2023-10-18T00:00,1,2023-10-18T05:00,0,2023-10-18T06:00,1,2023-10-18T05:00,-999.0,0.0,57.0,0.0,0.0,nan,2006.3394775390625,nan,79600.0,nan,4.987922191619873,254.09609985351562,269.8611755371094,274.8777160644531,279.60516357421875,283.73114013671875,5610.30126953125,3016.9345703125,1473.939453125,133.57098388671875,274.4668273925781,82.19999694824219,164.9146728515625,1899.52001953125,17100.0,0.0,0.0,19999.98828125,9.0,0.0,0.0,6.900000095367432,24134.927734375,0.0,0.0,254.3300018310547,270.53173828125,274.7674865722656,277.1399841308594,281.1654357910156,5617.85009765625,3021.999267578125,1480.316650390625,793.0385131835938,154.19358825683594,276.2413330078125,96.0,92.0999984741211,14.503759384155273,1711.3599853515625,19999.97265625,29.0,0.0,0.0,24100.0,254.60000610351562,271.1000061035156,275.1000061035156,278.8999938964844,283.1000061035156,5624.3203125,3027.47509765625,1483.30078125,795.9833374023438,152.55105590820312,275.3299865722656,97.5999984741211,82.0,695.52001953125,1683.315185546875,0.0,0.0625,1215.896728515625,86.0,0.0,1.0,86.0,12600.0,254.12460327148438,270.4759521484375,273.2088623046875,279.11468505859375,283.3992004394531,5609.5732421875,3016.79736328125,1474.066650390625,788.82470703125,138.6502227783203,278.9961242675781,95.03927612304688,89.18873596191406,781.26708984375,1500.8482666015625,0.0,0.0,5621.71875,3026.087646484375,1483.947021484375,796.6220703125,154.536865234375,254.15164184570312,270.82867431640625,274.5745849609375,279.04827880859375,283.31231689453125,7.151446342468262,79.4181137084961,92.3326416015625,99.1038818359375,,,,276.34698486328125,,101876.1875,94610.953125,,9.87730884552002,57.0,0.0,7620.0,0.0,0.0,256.0,81.0,89.0,95.0,95.0,95.0,70.0,70.0,70.0,70.0,5.0,133.0,272.2699890136719,270.1199951171875,87.0,0.0,6.400000095367432,6.800000190734863
2023-10-18T05:56,2023-10-18T06:00,24,train,0,2023,10,5,24,2023-10-17T06:00,24,2023-10-17T06:00,24,2023-10-17T06:00,21,2023-10-17T09:00,24,2023-10-17T06:00,24,2023-10-17T06:00,-999.0,0.0,9.0,0.0,0.0,nan,1343.0609130859375,nan,86500.0,nan,5.13050651550293,253.82528686523438,268.629150390625,274.74932861328125,279.3365783691406,283.4870300292969,5612.05322265625,3024.43408203125,1482.6541748046875,144.85415649414062,274.59783935546875,89.19999694824219,160.49855041503906,1980.9599609375,13600.0,0.0,0.27000001072883606,19999.865234375,5.0,0.0,0.0,1.899999976158142,24135.08984375,0.0,0.0,254.4402313232422,269.3735046386719,275.74725341796875,277.7629089355469,281.847412109375,5617.21826171875,3022.69482421875,1481.8548583984375,792.1802368164062,151.75003051757812,276.7487487792969,94.5,89.5999984741211,12.152427673339844,1809.280029296875,20000.029296875,24.0,0.0,0.0,24100.0,254.39999389648438,270.6000061035156,275.5,279.3999938964844,283.6000061035156,5617.7236328125,3021.615478515625,1475.60986328125,787.4134521484375,145.74069213867188,275.9200134277344,87.30000305175781,83.0,69.91999816894531,1830.719970703125,0.0,0.0,nan,4.0,0.0,0.0,3.0,13300.0,254.17628479003906,269.1428527832031,274.86102294921875,280.0460205078125,283.8703918457031,5617.8369140625,3023.764404296875,1485.0816650390625,796.404296875,146.71652221679688,277.3059387207031,83.05126953125,84.3341064453125,265.6166076660156,1707.3370361328125,0.0,0.125,5620.03515625,3023.2216796875,1481.884765625,794.4451293945312,151.197265625,254.2934112548828,271.0992126464844,274.2662353515625,279.54156494140625,283.8736877441406,10.782187461853027,87.25898742675781,84.7809066772461,96.9883804321289,,,,276.862548828125,,101832.6875,94593.7578125,,10.18298053741455,57.0,0.0,7620.0,32.0,32.0,201.0,35.0,35.0,37.0,37.0,39.0,63.0,63.0,63.0,63.0,2.0,133.0,272.6499938964844,270.2200012207031,83.0,0.0,6.0,6.400000095367432
2023-11-07T09:57,2023-11-07T10:00,24,train,0,2023,11,9,22,2023-11-06T12:00,22,2023-11-06T12:00,22,2023-11-06T12:00,25,2023-11-06T09:00,21,2023-11-06T12:00,24,2023-11-06T10:00,-999.0,100.0,100.0,100.0,100.0,1343.0357666015625,1342.9453125,68700.0,85500.0,8673.0322265625,10.420488357543945,251.84841918945312,268.3428955078125,275.404541015625,278.22821044921875,282.2607116699219,5504.5263671875,2935.954345703125,1383.5374755859375,49.131874084472656,273.7862548828125,97.5999984741211,324.0227966308594,2170.39990234375,0.0,9.999999747378752e-05,5.619999885559082,785.0454711914062,98.0999984741211,76.4000015258789,92.5,100.0,89.40687561035156,2.4000000848900527e-06,1.125,251.8168182373047,268.08367919921875,274.9043884277344,275.9564514160156,280.0883483886719,5515.1435546875,2936.611572265625,1384.96337890625,701.0881958007812,64.80087280273438,275.3885803222656,98.80000305175781,98.5,359.08148193359375,2120.0,1778.110595703125,40.0,84.0,59.0,7600.0,251.8000030517578,269.79998779296875,275.5,277.3999938964844,281.5,5516.54541015625,2939.1435546875,1381.4698486328125,697.5479125976562,61.010406494140625,274.04998779296875,97.80000305175781,99.0,1055.3599853515625,2108.9599609375,0.0006000000284984708,2.6875,1393.8258056640625,100.0,69.0,79.0,40.0,7300.0,251.0760955810547,268.497802734375,275.2281188964844,276.824462890625,280.75103759765625,5510.18310546875,2943.993896484375,1390.4716796875,706.2843627929688,61.29997253417969,275.81719970703125,90.7577133178711,92.54022216796875,372.3001403808594,2200.0,0.0002300000051036477,2.1875,5518.05078125,2939.398681640625,1386.54052734375,701.9900512695312,65.86962890625,251.74575805664062,269.3119812011719,275.1725158691406,276.7535400390625,280.68341064453125,44.35950469970703,96.79271697998047,96.17897033691406,97.3673095703125,,,,276.8904724121094,,100736.1875,93487.390625,,12.640436172485352,95.0,0.0,7620.0,0.0,0.0,0.0,93.0,98.0,100.0,100.0,100.0,81.0,91.0,97.0,100.0,0.0,166.0,271.3500061035156,270.47998046875,94.0,25.0,37.20000076293945,40.0
2023-11-07T09:57,2023-11-07T10:00,48,train,0,2023,11,9,46,2023-11-05T12:00,46,2023-11-05T12:00,46,2023-11-05T12:00,49,2023-11-05T09:00,45,2023-11-05T12:00,36,2023-11-05T22:00,-999.0,100.0,100.0,41.0,0.0,1342.956298828125,1342.8751220703125,77800.0,85400.0,2287.95361328125,10.052906036376953,251.5411834716797,268.67169189453125,274.281982421875,277.3040466308594,281.3427734375,5486.62109375,2922.538818359375,1372.55712890625,40.27125930786133,273.0189514160156,98.69999694824219,364.82855224609375,1286.8800048828125,0.0,0.00019999999494757503,10.109999656677246,785.0302124023438,90.0999984741211,4.400000095367432,0.0,94.30000305175781,139.4549102783203,0.0,0.8125,251.53948974609375,268.36639404296875,275.363037109375,276.7208557128906,280.8798522949219,5506.0869140625,2930.151611328125,1376.455078125,691.4052734375,53.24006271362305,276.051025390625,98.9000015258789,98.30000305175781,335.2271423339844,2132.9599609375,1196.234130859375,62.0,23.0,0.0,100.0,252.0,269.29998779296875,273.29998779296875,275.79998779296875,279.8999938964844,5499.41796875,2923.137451171875,1371.4124755859375,691.8367309570312,59.55793762207031,272.760009765625,99.19999694824219,100.0,417.760009765625,1121.760009765625,0.0013000000035390258,3.75,1056.5228271484375,100.0,96.0,49.0,52.0,10600.0,250.95724487304688,268.6462097167969,274.1789245605469,275.9412841796875,279.9718933105469,5494.1044921875,2931.346923828125,1381.5338134765625,699.6763305664062,55.32906723022461,275.0480651855469,91.15338897705078,94.22802734375,363.1272888183594,1870.0,5.999999848427251e-05,5.0,5508.9296875,2942.70556640625,1392.868408203125,710.3495483398438,76.05810546875,251.0650634765625,268.3177185058594,274.300537109375,276.0400085449219,279.7741394042969,74.08496856689453,94.06751251220703,95.67306518554688,96.427978515625,,,,275.97650146484375,,100886.375,93608.3828125,,12.694730758666992,88.0,0.0,7620.0,0.0,0.0,0.0,84.0,87.0,93.0,93.0,94.0,79.0,80.0,80.0,80.0,0.0,175.0,271.04998779296875,270.1000061035156,91.0,27.0,36.79999923706055,39.599998474121094
2023-10-18T05:56,2023-10-18T06:00,48,train,0,2023,10,5,48,2023-10-16T06:00,48,2023-10-16T06:00,48,2023-10-16T06:00,45,2023-10-16T09:00,48,2023-10-16T06:00,48,2023-10-16T06:00,-999.0,0.0,5.0,0.0,0.0,nan,1465.50732421875,nan,85200.0,nan,5.636340618133545,253.9813232421875,268.4600830078125,273.93304443359375,278.66766357421875,282.7644958496094,5604.001953125,3014.281494140625,1478.014404296875,143.0616455078125,273.6221618652344,88.5999984741211,224.18212890625,1675.0045166015625,14200.0,0.0,24.989999771118164,15995.568359375,48.400001525878906,0.0,2.0,3.5,24134.97265625,8.000000093488779e-07,0.0625,253.73658752441406,269.4569091796875,274.8651428222656,277.0510559082031,281.2182922363281,5607.3251953125,3014.582763671875,1478.6285400390625,790.591796875,151.80784606933594,276.0943298339844,90.5999984741211,83.0,11.876324653625488,1666.4000244140625,20000.017578125,43.0,0.0,0.0,0.0,254.60000610351562,269.79998779296875,275.1000061035156,277.5,281.6000061035156,5615.53857421875,3019.65185546875,1472.251708984375,787.9296875,145.50399780273438,275.1499938964844,99.9000015258789,100.0,336.9599914550781,1931.199951171875,0.0,0.5,nan,62.0,0.0,0.0,12.0,12800.0,253.06515502929688,269.1714172363281,273.9339904785156,278.8240051269531,282.7201843261719,5600.552734375,3011.120361328125,1475.7855224609375,789.8182373046875,141.55374145507812,276.6048583984375,86.77224731445312,89.50253295898438,281.6407470703125,1586.4798583984375,0.0,13.25,5612.07421875,3018.746826171875,1477.55322265625,788.486083984375,143.883544921875,254.4008026123047,269.1890869140625,274.7139587402344,280.18878173828125,284.4678955078125,32.46831130981445,84.80264282226562,79.33190155029297,89.92031860351562,,,,278.97369384765625,,101734.125,94508.390625,,10.770051002502441,57.0,,,112.0,112.0,4352.0,95.0,95.0,,95.0,,68.0,,68.0,68.0,5.0,133.0,271.7099914550781,269.42999267578125,83.0,2.0,7.599999904632568,8.0
2023-11-17T23:51,2023-11-18T00:00,1,train,0,2023,11,23,1,2023-11-17T23:00,6,2023-11-17T18:00,6,2023-11-17T18:00,1,2023-11-17T23:00,0,2023-11-18T00:00,1,2023-11-17T23:00,-999.0,0.0,0.0,83.0,79.0,nan,3224.94921875,nan,68000.0,nan,12.71695327758789,256.1571960449219,271.29876708984375,280.04498291015625,283.45550537109375,287.59075927734375,5586.6630859375,2989.939453125,1418.917236328125,63.281280517578125,277.31573486328125,75.0,318.5258483886719,2676.320068359375,20400.0,0.0,0.0,1243.6912841796875,99.19999694824219,95.9000015258789,100.0,3.0,24135.142578125,8.000000093488779e-07,0.0,255.67068481445312,270.3489685058594,277.8081359863281,280.5981140136719,284.85723876953125,5590.10595703125,2987.904052734375,1421.87255859375,726.7940673828125,79.13278198242188,279.88909912109375,94.0999984741211,92.0999984741211,356.55645751953125,2537.280029296875,4423.39990234375,37.0,100.0,96.0,24100.0,256.79998779296875,271.6000061035156,278.79998779296875,282.1000061035156,286.29998779296875,5594.63671875,2988.9970703125,1416.270263671875,720.5877075195312,71.16775512695312,278.8299865722656,94.0999984741211,95.0,581.280029296875,2725.919921875,0.0,0.75,6318.2998046875,27.0,92.0,100.0,0.0,22900.0,256.30487060546875,270.74658203125,280.2005615234375,283.3454895019531,287.1888427734375,5586.58056640625,2990.764892578125,1421.73974609375,722.739501953125,67.85686492919922,279.523193359375,69.85211944580078,61.81829071044922,374.0083312988281,2630.0,0.0,0.0,5589.28125,2987.61474609375,1416.192138671875,717.341796875,66.894775390625,255.94468688964844,271.18182373046875,279.6742858886719,282.9971923828125,287.0326232910156,94.77993774414062,85.94538116455078,74.62428283691406,77.73001861572266,,,,282.68988037109375,,100736.875,93654.2265625,,20.526281356811523,90.0,0.0,7620.0,0.0,0.0,16165.0,40.0,44.0,49.0,49.0,57.0,11.0,11.0,12.0,13.0,0.0,178.0,275.6100158691406,271.4700012207031,76.0,10.0,43.20000076293945,46.79999923706055
2023-11-07T09:57,2023-11-07T10:00,1,train,0,2023,11,9,1,2023-11-07T09:00,4,2023-11-07T06:00,4,2023-11-07T06:00,1,2023-11-07T09:00,3,2023-11-07T06:00,1,2023-11-07T09:00,-999.0,0.0,100.0,0.0,6.0,1343.2462158203125,1343.2188720703125,71300.0,85500.0,3100.112060546875,11.319229125976562,251.21107482910156,268.8995666503906,276.7998352050781,279.0534362792969,283.04681396484375,5514.6748046875,2944.036865234375,1385.6644287109375,47.318092346191406,274.7842712402344,98.19999694824219,312.1070251464844,2320.639892578125,0.0,0.0,0.054999999701976776,785.2697143554688,100.0,34.20000076293945,2.0,100.0,62.98859405517578,1.2399999832268804e-05,1.75,251.00315856933594,268.9149169921875,275.1755065917969,276.62786865234375,280.7701416015625,5514.18701171875,2940.25439453125,1384.054931640625,698.943603515625,61.00693893432617,276.0497131347656,98.9000015258789,98.5999984741211,528.2128295898438,2207.52001953125,1196.2535400390625,46.0,58.0,31.0,100.0,251.3000030517578,270.1000061035156,275.0,278.1000061035156,282.20001220703125,5521.22412109375,2939.36962890625,1380.777099609375,695.460693359375,60.09206771850586,274.78997802734375,99.80000305175781,100.0,1509.52001953125,2128.800048828125,0.00139999995008111,1.375,1525.04443359375,100.0,6.0,2.0,52.0,10300.0,251.51730346679688,268.10223388671875,277.44769287109375,278.145751953125,281.95526123046875,5520.9140625,2946.777587890625,1390.674072265625,701.333984375,55.82850646972656,277.0898132324219,91.5999984741211,94.50442504882812,337.60137939453125,2220.0,0.0,0.0,5514.62109375,2941.897705078125,1385.44482421875,700.333984375,63.675048828125,251.3953857421875,269.0008239746094,275.8826904296875,276.7738037109375,280.78009033203125,71.84516906738281,97.096923828125,95.23701477050781,96.74947357177734,,,,276.85675048828125,,100717.5625,93471.515625,,14.29722785949707,89.0,0.0,7620.0,0.0,0.0,209.0,68.0,79.0,88.0,88.0,88.0,78.0,78.0,78.0,78.0,0.0,153.0,271.7699890136719,271.0799865722656,94.0,10.0,34.400001525878906,36.79999923706055
2023-11-17T23:51,2023-11-18T00:00,24,train,0,2023,11,23,24,2023-11-17T00:00,24,2023-11-17T00:00,24,2023-11-17T00:00,21,2023-11-17T03:00,24,2023-11-17T00:00,24,2023-11-17T00:00,-999.0,0.0,8.0,60.0,100.0,6632.3896484375,2170.147705078125,28500.0,77600.0,11332.2109375,11.94052791595459,255.42745971679688,270.8695068359375,279.667236328125,283.1182861328125,287.3157958984375,5592.029296875,2992.81591796875,1424.584716796875,69.98688507080078,277.7228698730469,88.5,333.23968505859375,2522.8798828125,14200.0,0.0,0.0,1430.311279296875,76.30000305175781,100.0,100.0,0.0,24135.326171875,0.0,0.0,256.32855224609375,271.359130859375,278.5727844238281,280.69610595703125,284.9042053222656,5593.6103515625,2987.491943359375,1415.789306640625,719.732421875,71.95618438720703,279.97833251953125,93.19999694824219,91.4000015258789,220.13473510742188,2630.080078125,5904.81787109375,20.0,99.0,99.0,24100.0,254.60000610351562,272.20001220703125,280.3999938964844,281.6000061035156,285.79998779296875,5591.49951171875,2987.9404296875,1413.709716796875,718.6654052734375,70.59423065185547,278.0899963378906,96.4000015258789,95.0,638.6400146484375,2825.43994140625,0.0,0.3125,6275.11083984375,6.0,98.0,100.0,0.0,18000.0,254.7940673828125,271.3328552246094,280.397705078125,282.87646484375,286.6296691894531,5589.86181640625,2995.30029296875,1424.0869140625,724.68701171875,69.87249755859375,279.25811767578125,77.35209655761719,74.84562683105469,340.0937805175781,2690.0,0.0,0.0,5589.046875,2987.157470703125,1415.556396484375,716.75341796875,66.2236328125,256.17559814453125,271.15118408203125,279.7646179199219,282.9384765625,287.039306640625,79.97361755371094,80.1408462524414,72.33927154541016,76.02946472167969,,,,281.4853210449219,,100743.0,93654.6328125,,19.223373413085938,90.0,0.0,7620.0,0.0,0.0,256.0,89.0,90.0,91.0,91.0,91.0,59.0,59.0,59.0,59.0,0.0,191.0,275.7099914550781,272.3399963378906,80.0,8.0,29.200000762939453,39.20000076293945
2023-11-17T23:51,2023-11-18T00:00,48,train,0,2023,11,23,48,2023-11-16T00:00,48,2023-11-16T00:00,48,2023-11-16T00:00,45,2023-11-16T03:00,48,2023-11-16T00:00,48,2023-11-16T00:00,-999.0,100.0,100.0,100.0,100.0,1343.8031005859375,1343.7371826171875,34600.0,85900.0,11482.6357421875,9.075704574584961,255.05789184570312,270.7023010253906,278.5535583496094,282.8013916015625,287.02899169921875,5578.0234375,2981.9033203125,1418.1240234375,65.80277252197266,278.62176513671875,97.80000305175781,404.6026916503906,2334.8798828125,0.0,0.00019999999494757503,1.1299999952316284,6206.36376953125,13.899999618530273,92.0999984741211,100.0,0.8999999761581421,24134.85546875,0.0,0.0,256.8758544921875,271.5863342285156,278.5995178222656,281.0102844238281,285.2258605957031,5603.39453125,2994.54736328125,1421.9776611328125,725.7344970703125,77.19596862792969,280.2098083496094,92.19999694824219,89.4000015258789,348.0639343261719,2663.679931640625,7744.05224609375,23.0,55.0,54.0,24100.0,256.1000061035156,272.20001220703125,279.6000061035156,281.8999938964844,286.1000061035156,5596.46826171875,2986.770263671875,1410.149658203125,714.53662109375,71.3370590209961,278.2799987792969,95.80000305175781,94.0,581.9199829101562,2881.43994140625,0.0,0.3125,3625.9658203125,47.0,100.0,100.0,28.0,11100.0,255.28431701660156,270.82745361328125,279.35992431640625,282.2237548828125,286.26806640625,5574.0888671875,2979.2890625,1411.0130615234375,713.898193359375,59.67475128173828,280.6955261230469,89.05974578857422,89.6004867553711,400.4979553222656,2580.0,0.00014000000373926014,0.1875,5596.421875,2993.922119140625,1422.028076171875,721.7607421875,70.48828125,256.2469482421875,271.010498046875,280.65203857421875,283.4624328613281,287.4053955078125,68.0610122680664,62.359500885009766,63.266841888427734,74.05621337890625,,,,280.53155517578125,,100789.1875,93711.015625,,17.000804901123047,97.0,,,168.0,32.0,10155.0,89.0,90.0,,95.0,,67.0,,67.0,68.0,0.0,178.0,275.0,272.5199890136719,84.0,19.0,30.399999618530273,42.400001525878906
2023-11-29T12:51,2023-11-29T13:00,1,train,0,2023,11,12,1,2023-11-29T12:00,1,2023-11-29T12:00,1,2023-11-29T12:00,1,2023-11-29T12:00,0,2023-11-29T12:00,1,2023-11-29T12:00,-999.0,100.0,100.0,0.0,0.0,nan,1340.4306640625,nan,85100.0,nan,9.927511215209961,241.98728942871094,252.69775390625,257.5827941894531,262.1003112792969,266.08795166015625,5254.2822265625,2809.123046875,1362.2313232421875,108.98310852050781,256.9814758300781,84.0999984741211,420.08380126953125,0.0,14200.0,0.0,0.09600000083446503,890.8831176757812,81.80000305175781,0.0,2.0,100.0,1176.8492431640625,9.60000033956021e-06,0.0,241.71734619140625,252.82699584960938,256.4624938964844,261.9398193359375,265.8613586425781,5251.45166015625,2801.79052734375,1360.0333251953125,718.1376342773438,115.45118713378906,261.6518859863281,82.9000015258789,82.0,1157.43408203125,0.0,20000.01171875,17.0,0.0,0.0,100.0,242.39999389648438,253.89999389648438,256.6000061035156,261.1000061035156,265.1000061035156,5255.47998046875,2798.216064453125,1353.801025390625,712.4705810546875,105.33890533447266,258.8900146484375,96.69999694824219,100.0,580.7999877929688,0.0,0.0003000000142492354,0.3125,920.1328735351562,98.0,0.0,0.0,98.0,10100.0,241.81686401367188,252.48255920410156,257.68182373046875,262.48565673828125,266.68084716796875,5255.64990234375,2810.61767578125,1363.533203125,719.8991088867188,111.01095581054688,261.85015869140625,82.38932037353516,78.99690246582031,603.0868530273438,0.0,9.999999747378752e-06,0.125,5241.46875,2797.655517578125,1355.085693359375,713.693359375,111.78466796875,241.4380645751953,251.93470764160156,256.60699462890625,261.6412353515625,265.7684631347656,29.269359588623047,82.35334777832031,84.60517883300781,79.82962799072266,,,,262.3414306640625,,101423.1875,93717.609375,,2.773714780807495,67.0,0.0,7620.0,0.0,0.0,209.0,50.0,53.0,58.0,64.0,64.0,55.0,55.0,55.0,55.0,1.0,531.0,254.5399932861328,252.1599884033203,79.0,2.0,33.20000076293945,42.400001525878906
2023-11-29T12:51,2023-11-29T13:00,24,train,0,2023,11,12,25,2023-11-28T12:00,25,2023-11-28T12:00,25,2023-11-28T12:00,22,2023-11-28T15:00,24,2023-11-28T12:00,24,2023-11-28T13:00,-999.0,0.0,72.0,0.0,75.0,nan,1340.2347412109375,nan,85000.0,nan,11.556056022644043,240.36712646484375,253.49578857421875,256.9346923828125,260.6177978515625,264.61553955078125,5244.5029296875,2804.81298828125,1354.69140625,104.88710021972656,255.41055297851562,81.9000015258789,300.20867919921875,0.0,15600.0,0.0,2.559999942779541,784.5030517578125,81.80000305175781,0.0,4.0,100.0,679.8743896484375,1.680000059423037e-05,0.0625,241.4546356201172,253.1861114501953,256.54766845703125,262.2343444824219,266.13836669921875,5256.11279296875,2806.933349609375,1362.9246826171875,720.5711059570312,117.21794128417969,262.0111389160156,84.19999694824219,82.9000015258789,1029.2698974609375,0.0,19999.8046875,24.0,0.0,0.0,0.0,242.10000610351562,254.39999389648438,256.29998779296875,260.8999938964844,264.79998779296875,5251.5224609375,2792.876220703125,1346.9840087890625,706.1764526367188,99.20935821533203,258.5899963378906,97.4000015258789,100.0,579.8400268554688,0.0,0.0003000000142492354,0.75,961.0147094726562,100.0,0.0,0.0,100.0,14100.0,241.06954956054688,252.70909118652344,256.17333984375,260.11444091796875,264.34332275390625,5240.64599609375,2803.50048828125,1355.1341552734375,716.7802734375,110.24081420898438,259.8988037109375,86.34788513183594,86.21598052978516,527.8403930664062,0.0,0.0,2.3125,5240.54296875,2796.728515625,1351.847900390625,710.5180053710938,108.561279296875,241.34616088867188,252.23025512695312,256.3409118652344,261.66607666015625,265.76568603515625,18.996253967285156,87.34891510009766,84.86738586425781,82.16631317138672,,,,262.3280029296875,,101381.0625,93692.6796875,,2.468234062194824,57.0,0.0,7620.0,0.0,0.0,201.0,79.0,80.0,80.0,80.0,80.0,62.0,65.0,66.0,75.0,1.0,494.0,255.13998413085938,251.989990234375,77.0,0.0,33.20000076293945,42.400001525878906
2023-12-06T12:48,2023-12-06T13:00,1,train,1,2023,12,12,1,2023-12-06T12:00,1,2023-12-06T12:00,1,2023-12-06T12:00,1,2023-12-06T12:00,0,2023-12-06T12:00,1,2023-12-06T12:00,-999.0,0.0,0.0,5.0,0.0,nan,1563.886962890625,nan,83200.0,nan,5.186161994934082,240.8573760986328,257.30865478515625,262.4224548339844,263.6684265136719,267.41046142578125,5328.43994140625,2874.605224609375,1393.1412353515625,124.51634216308594,260.8643798828125,58.20000076293945,111.5191879272461,0.0,31400.0,0.0,0.0,3845.204833984375,88.4000015258789,100.0,42.900001525878906,16.5,24118.16796875,0.0,0.0,240.63499450683594,256.8391418457031,262.7946472167969,263.3330383300781,267.2837219238281,5327.716796875,2875.546142578125,1396.52685546875,744.176025390625,138.1474151611328,263.11151123046875,91.9000015258789,89.69999694824219,66.8936996459961,0.0,19999.85546875,10.0,3.0,1.0,24100.0,240.89999389648438,257.5,263.29998779296875,267.70001220703125,271.70001220703125,5335.9931640625,2881.392578125,1399.12451171875,741.5077514648438,142.36033630371094,264.0199890136719,55.79999923706055,61.0,66.23999786376953,0.0,0.0,0.0,793.3304443359375,79.0,23.0,0.0,79.0,1900.0,240.59559631347656,257.2144775390625,262.8563232421875,263.8663330078125,267.51361083984375,5332.02392578125,2881.54541015625,1400.029296875,748.0726928710938,132.57681274414062,260.52496337890625,70.26179504394531,88.01205444335938,80.25755310058594,0.0,9.999999747378752e-06,0.0625,5333.94140625,2876.881103515625,1391.488037109375,740.5660400390625,138.992431640625,240.8437042236328,257.68914794921875,263.244140625,262.6078796386719,265.5460510253906,94.61849212646484,35.041351318359375,81.25228118896484,97.88340759277344,,,,262.0807189941406,,101813.375,94091.453125,,4.121005058288574,60.0,0.0,7620.0,2224.0,2136.0,16209.0,18.0,22.0,26.0,26.0,40.0,4.0,4.0,4.0,4.0,0.0,125.0,259.21002197265625,254.0500030517578,64.0,2.0,7.599999904632568,8.0
2023-11-29T12:51,2023-11-29T13:00,48,train,0,2023,11,12,43,2023-11-27T18:00,49,2023-11-27T12:00,49,2023-11-27T12:00,46,2023-11-27T15:00,48,2023-11-27T12:00,36,2023-11-28T01:00,-999.0,100.0,100.0,0.0,14.0,nan,1340.4635009765625,nan,85000.0,nan,8.824612617492676,241.11087036132812,252.55606079101562,258.70684814453125,262.3399353027344,266.2158203125,5243.6650390625,2803.85986328125,1352.408935546875,97.93787384033203,257.7586669921875,85.30000305175781,379.65802001953125,0.0,13700.0,0.0,8.130000114440918,19992.62890625,69.9000015258789,0.0,0.8999999761581421,100.0,2185.059814453125,5.599999894911889e-06,0.0,241.8311767578125,254.17628479003906,257.0705261230469,261.0699157714844,264.970947265625,5266.072265625,2809.333740234375,1360.5203857421875,718.3093872070312,117.59577941894531,260.64276123046875,95.4000015258789,94.19999694824219,195.3637237548828,0.0,20000.138671875,42.0,0.0,0.0,0.0,241.60000610351562,253.6999969482422,256.5,261.1000061035156,265.0,5240.3603515625,2783.81494140625,1340.4649658203125,699.2432861328125,92.23279571533203,258.6199951171875,97.5999984741211,100.0,636.8800048828125,0.0,0.00019999999494757503,0.5625,nan,80.0,46.0,21.0,61.0,18100.0,240.47393798828125,252.12997436523438,259.10693359375,261.33148193359375,265.2467041015625,5241.8447265625,2804.13623046875,1353.873779296875,710.6849365234375,104.64775085449219,260.63665771484375,79.2204818725586,78.27706909179688,396.6660461425781,0.0,0.0,1.625,5235.234375,2793.092529296875,1350.73486328125,708.4652099609375,106.30029296875,241.1118621826172,251.82699584960938,257.05316162109375,261.8109130859375,265.8500671386719,19.607404708862305,83.0439453125,91.93508911132812,90.14820098876953,,,,262.2673645019531,,101358.4375,93671.515625,,2.546581268310547,57.0,0.0,7620.0,32.0,32.0,256.0,46.0,49.0,52.0,52.0,54.0,60.0,60.0,60.0,65.0,5.0,689.0,255.39999389648438,252.0699920654297,74.0,2.0,33.599998474121094,41.20000076293945
2023-12-06T12:48,2023-12-06T13:00,24,train,1,2023,12,12,25,2023-12-05T12:00,25,2023-12-05T12:00,25,2023-12-05T12:00,22,2023-12-05T15:00,24,2023-12-05T12:00,24,2023-12-05T13:00,-999.0,0.0,4.0,100.0,0.0,nan,1340.9757080078125,nan,85700.0,nan,4.849286079406738,240.2383270263672,256.1680908203125,261.03466796875,263.5941162109375,267.49591064453125,5320.15625,2872.025634765625,1398.234619140625,132.6645050048828,260.64697265625,79.30000305175781,121.60545349121094,0.0,16000.0,0.0,0.09000000357627869,4396.001953125,61.20000076293945,100.0,14.0,82.69999694824219,10274.6376953125,1.2000000424450263e-06,0.0,240.7001190185547,256.9717712402344,263.123291015625,264.4955139160156,268.4539794921875,5334.73583984375,2881.98291015625,1400.6376953125,746.5008544921875,137.7031707763672,264.27850341796875,95.5999984741211,94.80000305175781,52.56105422973633,0.0,4559.681640625,31.0,73.0,23.0,24100.0,241.10000610351562,257.70001220703125,262.8999938964844,266.1000061035156,270.1000061035156,5333.6943359375,2876.303955078125,1393.51953125,739.230224609375,128.40328979492188,263.7300109863281,88.5999984741211,89.0,168.9600067138672,0.0,0.0,0.0,967.1605834960938,97.0,100.0,0.0,93.0,10400.0,240.95001220703125,255.6060028076172,261.8335876464844,263.0608825683594,266.31195068359375,5328.62353515625,2877.081298828125,1403.54736328125,753.577392578125,141.6014404296875,263.11517333984375,90.0,90.45250701904297,194.92068481445312,0.0,0.0,0.1875,5335.62109375,2877.7294921875,1395.93603515625,744.0166625976562,139.418701171875,241.05833435058594,257.29278564453125,263.0358581542969,263.6199035644531,266.947021484375,95.98075103759766,31.731773376464844,77.83325958251953,96.63538360595703,,,,259.93572998046875,,101804.9375,94120.171875,,4.2489166259765625,74.0,0.0,7620.0,32.0,32.0,0.0,42.0,45.0,46.0,46.0,49.0,70.0,70.0,70.0,77.0,1.0,235.0,258.510009765625,253.989990234375,69.0,3.0,8.399999618530273,9.199999809265137
2023-12-06T12:48,2023-12-06T13:00,48,train,1,2023,12,12,43,2023-12-04T18:00,49,2023-12-04T12:00,49,2023-12-04T12:00,46,2023-12-04T15:00,48,2023-12-04T12:00,36,2023-12-05T01:00,-999.0,0.0,11.0,95.0,0.0,nan,2842.65478515625,nan,70400.0,nan,5.139256954193115,240.30267333984375,256.05242919921875,262.2675476074219,263.7427062988281,267.2297668457031,5331.021484375,2878.921142578125,1404.9326171875,138.98031616210938,260.53387451171875,46.400001525878906,111.51800537109375,0.0,43200.0,0.0,1.8799999952316284,20000.009765625,58.400001525878906,100.0,35.70000076293945,82.69999694824219,8013.236328125,8.000000093488779e-07,0.0,241.00396728515625,257.6925354003906,262.807373046875,263.1446228027344,267.03887939453125,5340.9912109375,2882.0869140625,1401.3692626953125,748.3799438476562,142.86776733398438,262.78619384765625,97.0,95.80000305175781,39.368892669677734,0.0,20000.01953125,49.0,28.0,1.0,24100.0,241.8000030517578,257.0,262.0,265.5,269.3999938964844,5339.15771484375,2875.236572265625,1392.33984375,739.7461547851562,127.32939147949219,263.010009765625,89.4000015258789,91.0,241.0399932861328,0.0,0.0,0.0,nan,11.0,66.0,0.0,11.0,17800.0,240.1885528564453,256.8790283203125,261.59259033203125,260.85418701171875,263.4588623046875,5331.88037109375,2879.58251953125,1402.9794921875,756.2481689453125,146.409912109375,257.8113708496094,60.69261932373047,70.84723663330078,62.49555206298828,0.0,0.0,2.5625,5347.53125,2884.341796875,1398.15869140625,747.5160522460938,147.771484375,241.19482421875,257.8954772949219,263.118408203125,262.28070068359375,264.788330078125,50.07322692871094,27.99388885498047,84.29264831542969,99.17792510986328,,,,258.8238525390625,,101923.125,94174.421875,,2.941713809967041,57.0,0.0,7620.0,32.0,32.0,201.0,23.0,25.0,27.0,27.0,29.0,58.0,59.0,59.0,64.0,2.0,316.0,258.02996826171875,253.4300079345703,66.0,1.0,9.199999809265137,10.0
2023-12-14T01:53,2023-12-14T02:00,1,train,0,2023,12,1,1,2023-12-14T01:00,2,2023-12-14T00:00,2,2023-12-14T00:00,1,2023-12-14T01:00,3,2023-12-14T00:00,1,2023-12-14T01:00,-999.0,0.0,100.0,0.0,0.0,2159.144287109375,1922.1121826171875,nan,80000.0,2526.2998046875,9.838287353515625,235.1703338623047,249.31646728515625,258.9619140625,264.3586730957031,268.441162109375,5310.42529296875,2919.701171875,1479.996337890625,225.35910034179688,258.49395751953125,63.900001525878906,938.3576049804688,0.0,26400.0,0.0,0.0,784.8290405273438,79.9000015258789,0.0,0.0,90.4000015258789,386.83367919921875,3.04000004689442e-05,0.0625,235.35507202148438,250.68687438964844,257.86505126953125,263.0967102050781,267.0302734375,5318.615234375,2919.629150390625,1478.41162109375,833.1436767578125,227.71856689453125,263.31536865234375,85.69999694824219,84.80000305175781,1341.1700439453125,0.0,19999.94140625,49.0,1.0,0.0,3600.0,235.0,250.5,258.20001220703125,263.1000061035156,267.1000061035156,5324.14306640625,2923.120361328125,1483.5552978515625,837.486083984375,224.90052795410156,261.19000244140625,91.5,94.0,891.0399780273438,0.0,9.999999747378752e-05,1.0625,nan,100.0,19.0,0.0,75.0,24900.0,235.0738525390625,248.63681030273438,258.6181640625,264.3081970214844,268.74761962890625,5319.01953125,2927.32373046875,1489.201416015625,841.89013671875,234.2459716796875,263.7845764160156,68.0,64.34131622314453,1185.346923828125,0.0,0.0,0.0,5318.91796875,2922.686279296875,1482.11962890625,838.343017578125,233.43994140625,235.19967651367188,250.5719451904297,257.42694091796875,262.58258056640625,266.9747619628906,60.39930725097656,95.16551971435547,90.46574401855469,79.3346939086914,,,,264.53558349609375,,103044.6875,95271.9921875,,3.159154176712036,82.0,0.0,7620.0,0.0,0.0,256.0,65.0,72.0,73.0,73.0,73.0,72.0,72.0,72.0,72.0,8.0,395.0,256.32000732421875,254.0399932861328,82.0,7.0,45.599998474121094,49.599998474121094
2023-12-21T15:54,2023-12-21T16:00,1,train,1,2023,12,15,1,2023-12-21T15:00,4,2023-12-21T12:00,4,2023-12-21T12:00,1,2023-12-21T15:00,3,2023-12-21T12:00,1,2023-12-21T15:00,-999.0,0.0,0.0,0.0,0.0,nan,nan,nan,nan,nan,8.912699699401855,250.25558471679688,266.70294189453125,262.17376708984375,262.9122009277344,267.0212097167969,5559.6435546875,3006.705078125,1497.09326171875,220.406982421875,262.59393310546875,43.599998474121094,346.2798767089844,0.0,46400.0,0.0,0.0,19999.951171875,0.0,0.0,0.0,0.0,24135.140625,0.0,0.0,250.9891815185547,266.87030029296875,261.54583740234375,263.4056396484375,268.0213623046875,5556.64501953125,2999.78173828125,1495.31201171875,848.497314453125,241.19790649414062,265.1644592285156,41.400001525878906,46.099998474121094,535.8733520507812,0.0,19999.986328125,11.0,0.0,0.0,24100.0,251.0,267.79998779296875,259.70001220703125,262.6000061035156,266.5,5563.7265625,3003.038330078125,1493.4312744140625,848.0469970703125,241.86148071289062,261.3599853515625,63.70000076293945,64.0,448.239990234375,0.0,0.0,0.0,nan,26.0,0.0,0.0,26.0,20600.0,249.7013397216797,266.18743896484375,263.2294006347656,262.052978515625,266.71630859375,5564.8427734375,3017.718505859375,1508.8529052734375,859.995361328125,241.35296630859375,263.63134765625,77.39506530761719,73.17898559570312,438.4029846191406,0.0,0.0,0.0,5563.0703125,3007.4287109375,1502.561279296875,857.350830078125,256.0400390625,250.8459930419922,266.15545654296875,263.058349609375,260.87384033203125,265.4530029296875,1.3189773559570312,15.992055892944336,70.54049682617188,52.20442581176758,,,,264.3221130371094,,103383.25,95543.1953125,,1.7274067401885986,12.0,0.0,7620.0,88888.0,3824.0,16209.0,0.0,0.0,0.0,0.0,0.0,12.0,12.0,13.0,16.0,0.0,401.0,257.7799987792969,249.6300048828125,49.0,0.0,36.400001525878906,39.20000076293945
2023-12-14T01:53,2023-12-14T02:00,24,train,0,2023,12,1,26,2023-12-13T00:00,26,2023-12-13T00:00,26,2023-12-13T00:00,23,2023-12-13T03:00,21,2023-12-13T06:00,24,2023-12-13T02:00,-999.0,100.0,100.0,0.0,0.0,1340.6400146484375,1340.52783203125,80800.0,86600.0,2026.750244140625,10.694814682006836,235.45260620117188,249.52362060546875,256.1949462890625,261.09234619140625,265.24945068359375,5303.783203125,2917.087890625,1481.246826171875,237.34640502929688,257.1827392578125,85.5,517.252685546875,0.0,200.0,9.999999747378752e-05,4.590000152587891,784.8779907226562,83.4000015258789,0.0,0.0,100.0,303.87939453125,3.840000135824084e-05,0.125,235.63746643066406,250.94503784179688,257.67620849609375,263.0885925292969,267.0256652832031,5321.92822265625,2920.211669921875,1477.5316162109375,832.371337890625,226.9601287841797,263.3323974609375,87.5,85.80000305175781,1336.801513671875,0.0,1195.575927734375,51.0,0.0,0.0,100.0,235.8000030517578,250.0,257.3999938964844,262.29998779296875,266.20001220703125,5307.40869140625,2905.816650390625,1468.0987548828125,824.1011962890625,212.59930419921875,260.8399963378906,97.5999984741211,100.0,796.47998046875,0.0,0.0006000000284984708,2.25,1259.146728515625,100.0,0.0,0.0,100.0,15800.0,233.9632568359375,248.41612243652344,256.59844970703125,262.16522216796875,266.5590515136719,5291.06005859375,2915.7568359375,1482.3590087890625,839.9879150390625,235.47164916992188,262.4794921875,82.02440643310547,81.90396118164062,1001.7330322265625,0.0,9.999999747378752e-06,1.8125,5313.48046875,2922.193603515625,1479.909912109375,837.4190673828125,233.34521484375,234.51254272460938,250.88685607910156,256.7176818847656,262.2122802734375,266.56591796875,55.11234664916992,90.53246307373047,86.7978744506836,77.12641906738281,,,,264.1275634765625,,103060.0625,95277.09375,,2.935183048248291,85.0,0.0,7620.0,0.0,0.0,256.0,78.0,79.0,80.0,84.0,86.0,69.0,71.0,71.0,74.0,10.0,493.0,255.9199981689453,253.73001098632812,83.0,14.0,43.20000076293945,50.0
2023-12-14T01:53,2023-12-14T02:00,48,train,0,2023,12,1,44,2023-12-12T06:00,50,2023-12-12T00:00,50,2023-12-12T00:00,47,2023-12-12T03:00,45,2023-12-12T06:00,36,2023-12-12T14:00,-999.0,100.0,100.0,0.0,0.0,1340.485107421875,1340.322265625,85100.0,86400.0,1557.5128173828125,14.472893714904785,235.36822509765625,251.566650390625,256.05462646484375,259.9420166015625,264.05157470703125,5313.63330078125,2915.148193359375,1470.835693359375,228.93582153320312,255.90577697753906,84.5,319.6395263671875,0.0,100.0,0.0,7.650000095367432,785.049072265625,81.9000015258789,0.0,0.0,100.0,219.02821350097656,6.240000220714137e-05,0.125,234.93247985839844,249.52578735351562,258.0867004394531,263.2729187011719,267.1548156738281,5313.60888671875,2922.56640625,1483.099365234375,837.1954345703125,231.4628143310547,263.47430419921875,89.4000015258789,87.0,1365.11865234375,0.0,19999.828125,83.0,0.0,0.0,2100.0,235.3000030517578,251.60000610351562,257.79998779296875,262.8999938964844,266.79998779296875,5302.9248046875,2905.787353515625,1463.868408203125,818.3736572265625,206.4712677001953,261.0699768066406,90.0999984741211,93.0,886.47998046875,0.0,0.00019999999494757503,2.75,919.9885864257812,100.0,0.0,0.0,100.0,13800.0,234.9359893798828,250.6848907470703,255.3001708984375,259.6150817871094,264.03533935546875,5305.6884765625,2914.04345703125,1472.6591796875,835.7166137695312,233.89450073242188,260.11663818359375,86.82938385009766,90.08322143554688,574.432861328125,0.0,9.999999747378752e-06,1.0,5311.12890625,2920.814697265625,1480.867431640625,839.0269775390625,237.184326171875,234.96070861816406,249.9241180419922,256.9111328125,261.6458740234375,265.634765625,58.198272705078125,78.05496215820312,81.21381378173828,79.01908874511719,,,,262.4871520996094,,103101.5625,95302.765625,,2.6896228790283203,78.0,0.0,7620.0,32.0,32.0,256.0,70.0,71.0,74.0,75.0,75.0,64.0,64.0,64.0,67.0,15.0,579.0,256.45001220703125,253.62997436523438,78.0,6.0,42.400001525878906,50.79999923706055
2023-12-28T10:49,2023-12-28T11:00,1,train,1,2023,12,10,1,2023-12-28T10:00,5,2023-12-28T06:00,5,2023-12-28T06:00,1,2023-12-28T10:00,0,2023-12-28T12:00,1,2023-12-28T10:00,-999.0,0.0,72.0,100.0,100.0,1468.2861328125,1343.41357421875,34600.0,86000.0,9872.82421875,1.1905800104141235,254.53421020507812,270.4957275390625,276.55950927734375,277.7745666503906,281.43060302734375,5586.0537109375,2995.4599609375,1436.5040283203125,99.82764434814453,275.10247802734375,82.5999984741211,210.69680786132812,2355.679931640625,12500.0,0.0,0.0,785.2108154296875,100.0,100.0,100.0,67.5999984741211,200.77777099609375,0.0,0.0625,254.5800018310547,269.8370056152344,277.33941650390625,276.5682067871094,280.7157897949219,5585.42724609375,2992.695556640625,1436.5345458984375,748.4349365234375,110.60421752929688,276.31781005859375,99.30000305175781,99.30000305175781,78.1412353515625,2149.280029296875,19999.912109375,48.0,25.0,17.0,100.0,254.3000030517578,270.79998779296875,277.1000061035156,281.0,285.20001220703125,5593.28369140625,3000.660888671875,1440.8900146484375,748.3865966796875,118.92925262451172,277.2200012207031,100.0,100.0,34.880001068115234,2310.8798828125,0.0,0.0,935.8148193359375,100.0,100.0,100.0,72.0,6100.0,253.6503143310547,270.4582214355469,276.7861633300781,276.81182861328125,279.5706481933594,5585.81396484375,2996.185791015625,1436.6845703125,748.432373046875,102.71562194824219,276.09307861328125,95.40864562988281,97.66868591308594,94.18962097167969,2380.0,0.0,0.0,5586.76953125,2994.095458984375,1435.264404296875,747.620849609375,115.4150390625,254.12245178222656,269.8753967285156,276.6234436035156,275.5448913574219,278.93402099609375,77.15167236328125,91.620361328125,100.99314880371094,99.39434814453125,,,,273.947021484375,,101424.5,94083.921875,,16.99074935913086,90.0,0.0,7620.0,0.0,0.0,16209.0,80.0,82.0,83.0,84.0,84.0,16.0,16.0,17.0,20.0,0.0,133.0,273.3599853515625,271.1299743652344,85.0,2.0,7.199999809265137,8.0
2023-12-21T15:54,2023-12-21T16:00,24,train,1,2023,12,15,22,2023-12-20T18:00,22,2023-12-20T18:00,22,2023-12-20T18:00,25,2023-12-20T15:00,21,2023-12-20T18:00,24,2023-12-20T16:00,-999.0,0.0,0.0,0.0,0.0,nan,nan,nan,nan,nan,8.029375076293945,249.7066650390625,264.46673583984375,262.74639892578125,262.969482421875,267.00421142578125,5548.76953125,3006.984375,1505.784912109375,231.54832458496094,261.5918884277344,44.599998474121094,341.39312744140625,0.0,45300.0,0.0,0.0,19999.91015625,0.0,0.0,0.0,0.0,24134.6328125,0.0,0.0,250.65213012695312,267.3100280761719,262.9448547363281,264.22509765625,268.89422607421875,5575.28955078125,3015.197998046875,1505.552490234375,855.7788696289062,246.48318481445312,266.03057861328125,42.900001525878906,46.29999923706055,486.4666748046875,0.0,20000.19140625,1.0,0.0,0.0,24100.0,250.1999969482422,267.0,260.5,263.1000061035156,267.0,5565.51416015625,3008.090087890625,1497.4276123046875,850.968017578125,245.3423614501953,261.8500061035156,46.900001525878906,44.0,403.8399963378906,0.0,0.0,0.0,nan,18.0,0.0,0.0,18.0,22200.0,249.23626708984375,264.96246337890625,262.7431640625,260.5634765625,265.1377868652344,5544.900390625,3005.310546875,1502.240234375,856.1673583984375,241.36575317382812,262.07415771484375,74.47984313964844,68.3204345703125,415.5912780761719,0.0,0.0,0.0,5568.81640625,3010.610107421875,1503.958251953125,856.8751220703125,254.875244140625,250.61236572265625,266.71826171875,262.9892578125,261.33551025390625,265.79400634765625,1.4871330261230469,14.555112838745117,67.62043762207031,51.865745544433594,,,,264.6051025390625,,103379.875,95548.0703125,,1.6329587697982788,11.0,0.0,7620.0,88888.0,88888.0,201.0,0.0,0.0,0.0,1.0,3.0,31.0,31.0,32.0,33.0,0.0,399.0,258.80999755859375,248.6599884033203,42.0,0.0,37.20000076293945,41.599998474121094
2023-12-28T10:49,2023-12-28T11:00,24,train,1,2023,12,10,23,2023-12-27T12:00,23,2023-12-27T12:00,23,2023-12-27T12:00,26,2023-12-27T09:00,24,2023-12-27T12:00,24,2023-12-27T11:00,2763.199951171875,0.0,100.0,70.0,100.0,1390.414306640625,1467.1959228515625,30300.0,84700.0,10256.1650390625,2.572293281555176,253.75784301757812,269.3045959472656,276.1278076171875,278.8923034667969,282.5013427734375,5572.66943359375,2987.08837890625,1433.8704833984375,96.48428344726562,275.71356201171875,91.19999694824219,105.55549621582031,2076.080078125,12300.0,9.999999747378752e-05,8.369999885559082,1724.7783203125,98.4000015258789,96.0,100.0,63.70000076293945,24134.9921875,0.0,0.0,254.2847442626953,268.56866455078125,276.79168701171875,277.05517578125,281.1763610839844,5581.26611328125,2994.5205078125,1442.10595703125,753.6456909179688,114.86615753173828,276.5296630859375,92.9000015258789,90.5,12.898506164550781,2093.760009765625,1990.3939208984375,88.0,92.0,81.0,24100.0,255.0,270.70001220703125,277.79998779296875,281.70001220703125,285.8999938964844,5583.603515625,2989.1904296875,1433.0445556640625,739.3578491210938,106.4286117553711,277.239990234375,95.5999984741211,91.0,34.79999923706055,2061.919921875,0.0,0.5,1272.6307373046875,92.0,96.0,100.0,26.0,10200.0,253.9765167236328,269.23345947265625,276.79718017578125,278.9474792480469,281.4579772949219,5580.53271484375,2991.281005859375,1436.637451171875,745.8160400390625,99.48690032958984,276.65594482421875,88.8653564453125,91.05738067626953,47.90599060058594,2120.0,0.0,4.3125,5587.29296875,2996.916748046875,1436.532958984375,746.392578125,113.84375,254.42625427246094,269.9109191894531,277.673828125,276.04193115234375,279.16168212890625,82.63496398925781,85.49836730957031,99.21272277832031,99.0098876953125,,,,273.4710998535156,,101409.6875,94075.328125,,17.060319900512695,90.0,0.0,7620.0,0.0,0.0,256.0,82.0,86.0,96.0,97.0,100.0,82.0,86.0,87.0,90.0,0.0,128.0,273.4800109863281,271.04998779296875,83.0,14.0,8.399999618530273,8.800000190734863
2023-12-21T15:54,2023-12-21T16:00,48,train,1,2023,12,15,46,2023-12-19T18:00,46,2023-12-19T18:00,46,2023-12-19T18:00,49,2023-12-19T15:00,45,2023-12-19T18:00,36,2023-12-20T04:00,-999.0,0.0,0.0,0.0,0.0,nan,1340.689697265625,nan,86700.0,nan,7.764970302581787,251.4707489013672,264.6356201171875,260.961181640625,261.8620910644531,265.8865966796875,5533.5322265625,2981.756591796875,1484.0589599609375,211.52357482910156,260.807373046875,62.900001525878906,355.69842529296875,0.0,29300.0,0.0,0.5199999809265137,19999.947265625,0.0,0.0,0.0,2.799999952316284,24135.2421875,0.0,0.0,251.12387084960938,267.875244140625,263.8731994628906,264.701416015625,269.3528137207031,5577.759765625,3009.902099609375,1494.8631591796875,843.8016357421875,233.3900604248047,266.3941650390625,48.79999923706055,53.599998474121094,481.04974365234375,0.0,20000.021484375,12.0,0.0,0.0,24100.0,249.3000030517578,265.70001220703125,259.6000061035156,262.29998779296875,266.20001220703125,5527.57568359375,2989.061279296875,1478.9637451171875,834.638916015625,230.4300079345703,260.8900146484375,54.5,52.0,278.4800109863281,0.0,0.0,0.0,nan,99.0,0.0,0.0,99.0,15500.0,251.3199462890625,264.8682861328125,261.6448974609375,259.56561279296875,264.0702209472656,5535.62353515625,2983.045166015625,1484.0849609375,840.6834716796875,226.03468322753906,260.64569091796875,87.34768676757812,83.34612274169922,435.234619140625,0.0,0.0,0.625,5549.1875,3003.30712890625,1498.942138671875,852.3948974609375,251.02587890625,249.8197479248047,266.04248046875,262.80029296875,261.08306884765625,265.53424072265625,1.3332204818725586,15.32542896270752,70.6900863647461,54.757781982421875,,,,264.3609619140625,,103326.8125,95497.3515625,,1.315661907196045,14.0,0.0,7620.0,88888.0,88888.0,201.0,0.0,0.0,0.0,0.0,3.0,33.0,33.0,33.0,35.0,0.0,455.0,257.989990234375,249.72000122070312,48.0,0.0,38.0,44.400001525878906
2023-12-28T10:49,2023-12-28T11:00,48,train,1,2023,12,10,47,2023-12-26T12:00,47,2023-12-26T12:00,47,2023-12-26T12:00,50,2023-12-26T09:00,48,2023-12-26T12:00,36,2023-12-26T23:00,-999.0,0.0,77.0,100.0,100.0,1468.38671875,1343.4127197265625,30300.0,86100.0,10059.712890625,5.9071784019470215,253.3084716796875,269.05316162109375,277.43841552734375,280.6705017089844,284.5247802734375,5582.76611328125,2998.8984375,1442.40576171875,99.62710571289062,276.94952392578125,95.19999694824219,250.19284057617188,2318.8798828125,12200.0,0.0,13.829999923706055,785.5411987304688,100.0,100.0,100.0,99.80000305175781,254.28871154785156,1.8400000044493936e-05,0.5,253.67813110351562,268.405517578125,276.0062561035156,277.2550964355469,281.4002990722656,5565.37646484375,2982.2490234375,1429.6468505859375,742.6538696289062,103.16984558105469,276.8404541015625,98.9000015258789,98.5,29.751235961914062,2067.52001953125,2076.447265625,100.0,100.0,100.0,15400.0,254.60000610351562,268.3999938964844,275.70001220703125,280.20001220703125,284.3999938964844,5568.5537109375,2981.00341796875,1430.5836181640625,740.8560791015625,109.33300018310547,276.2900085449219,97.69999694824219,93.0,34.720001220703125,1915.8399658203125,0.00019999999494757503,1.25,1043.3870849609375,100.0,100.0,86.0,46.0,12700.0,254.09603881835938,269.71630859375,276.2646484375,280.0231628417969,283.4017639160156,5582.1337890625,3002.303955078125,1449.6259765625,758.96240234375,110.12484741210938,278.204345703125,88.56964874267578,94.32123565673828,284.3952941894531,2030.0,1.9999999494757503e-05,6.3125,5566.84765625,2975.53759765625,1419.57958984375,733.322021484375,99.03955078125,255.11444091796875,269.9642333984375,275.4996643066406,276.8631591796875,280.0162048339844,94.84321594238281,85.53868103027344,91.57215881347656,97.56263732910156,,,,273.3746643066406,,101222.4375,93916.96875,,18.072980880737305,96.0,0.0,7620.0,0.0,0.0,256.0,89.0,93.0,93.0,93.0,96.0,80.0,88.0,94.0,100.0,0.0,110.0,272.69000244140625,270.7699890136719,86.0,16.0,10.0,10.800000190734863
2024-01-03T19:54,2024-01-03T20:00,24,train,0,2024,1,19,26,2024-01-02T18:00,26,2024-01-02T18:00,26,2024-01-02T18:00,23,2024-01-02T21:00,21,2024-01-03T00:00,24,2024-01-02T20:00,-999.0,0.0,18.0,44.0,98.0,nan,1341.7498779296875,nan,85400.0,nan,8.4125394821167,246.9200439453125,263.66571044921875,266.63165283203125,270.65753173828125,274.8314208984375,5416.53125,2897.032470703125,1387.576904296875,86.86875915527344,266.6124267578125,90.5,304.47784423828125,305.2799987792969,13400.0,0.0,0.009999999776482582,20000.181640625,39.0,5.0,5.0,72.9000015258789,24135.1796875,0.0,0.0,247.76458740234375,264.7166442871094,266.6189880371094,272.49224853515625,276.5575256347656,5427.740234375,2900.1064453125,1388.1103515625,720.2067260742188,92.77024841308594,272.2346496582031,69.19999694824219,68.0999984741211,435.19378662109375,636.1599731445312,19999.876953125,20.0,0.0,0.0,24100.0,247.39999389648438,265.3999938964844,266.3999938964844,271.0,275.0,5427.3671875,2897.9697265625,1378.141357421875,712.151123046875,94.62922668457031,268.5799865722656,75.5999984741211,80.0,245.27999877929688,477.6000061035156,0.0,0.0,941.8549194335938,100.0,0.0,0.0,100.0,12910.7939453125,246.99844360351562,264.53436279296875,265.3111572265625,270.49237060546875,274.846435546875,5417.91357421875,2896.16650390625,1389.5892333984375,725.8663330078125,92.47382354736328,270.2836608886719,92.71947479248047,91.13208770751953,624.4403686523438,310.0,9.999999747378752e-06,0.125,5426.484375,2897.788330078125,1388.1474609375,723.373046875,99.01025390625,247.4700164794922,264.88525390625,265.355224609375,271.2025146484375,275.464111328125,22.512615203857422,97.19549560546875,75.97225952148438,70.45732879638672,,,,271.9309387207031,,101239.1875,93815.2578125,,5.28208065032959,64.0,0.0,7620.0,30.0,32.0,201.0,47.0,48.0,48.0,49.0,50.0,49.0,49.0,49.0,49.0,1.0,400.0,264.0199890136719,261.1000061035156,80.0,0.0,15.600000381469727,17.200000762939453
2024-01-03T19:54,2024-01-03T20:00,48,train,0,2024,1,19,44,2024-01-02T00:00,50,2024-01-01T18:00,50,2024-01-01T18:00,47,2024-01-01T21:00,45,2024-01-02T00:00,36,2024-01-02T08:00,-999.0,0.0,49.0,0.0,6.0,nan,1341.6744384765625,nan,85400.0,nan,8.228475570678711,246.73788452148438,263.23858642578125,266.5910339355469,270.77813720703125,274.95135498046875,5405.0029296875,2888.71142578125,1381.6488037109375,81.11104583740234,266.58245849609375,93.9000015258789,305.4443054199219,300.55999755859375,12200.0,0.0,0.1899999976158142,19999.828125,12.100000381469727,5.0,11.899999618530273,77.5999984741211,24134.990234375,0.0,0.0,247.6650390625,264.61993408203125,266.58306884765625,272.40264892578125,276.48284912109375,5426.0849609375,2897.93310546875,1383.51708984375,715.7717895507812,88.48628234863281,272.1182556152344,70.9000015258789,70.0,423.4049072265625,619.2000122070312,19999.9453125,19.0,1.0,0.0,24100.0,247.3000030517578,263.8999938964844,266.1000061035156,270.5,274.5,5411.31787109375,2890.851318359375,1371.7777099609375,707.011962890625,89.6552505493164,268.0,74.9000015258789,79.0,244.63999938964844,388.79998779296875,0.0,0.0,921.7532958984375,100.0,0.0,51.0,100.0,12200.0,246.52322387695312,263.2801818847656,265.077392578125,270.3096923828125,274.6591796875,5396.70654296875,2884.6416015625,1384.2332763671875,721.0182495117188,89.44351196289062,269.95513916015625,94.13257598876953,91.78593444824219,657.5616455078125,270.0,9.999999747378752e-06,0.3125,5420.84765625,2890.594482421875,1381.806396484375,718.06640625,95.35595703125,247.62074279785156,265.3481750488281,265.2256164550781,270.6064758300781,274.82940673828125,13.209580421447754,97.973388671875,77.33770751953125,71.63646697998047,,,,271.2767333984375,,101190.5,93751.2421875,,5.371780872344971,62.0,0.0,7620.0,28.0,32.0,201.0,50.0,50.0,50.0,50.0,52.0,42.0,42.0,42.0,42.0,0.0,400.0,264.1300048828125,261.66998291015625,83.0,1.0,17.600000381469727,18.799999237060547
2024-01-03T19:54,2024-01-03T20:00,1,train,0,2024,1,19,1,2024-01-03T19:00,2,2024-01-03T18:00,2,2024-01-03T18:00,1,2024-01-03T19:00,3,2024-01-03T18:00,1,2024-01-03T19:00,-999.0,0.0,52.0,0.0,0.0,nan,1341.734375,nan,85600.0,nan,3.495974540710449,247.75022888183594,264.31475830078125,265.66766357421875,270.046875,274.1407165527344,5421.916015625,2893.84765625,1388.773193359375,88.82246398925781,266.79425048828125,92.5999984741211,264.13330078125,332.79998779296875,13100.0,0.0,0.0,5443.91015625,91.9000015258789,5.0,5.0,97.19999694824219,24135.060546875,8.000000093488779e-07,0.0,247.56808471679688,264.82794189453125,265.87542724609375,271.97576904296875,276.0275573730469,5425.4853515625,2897.612060546875,1389.2584228515625,722.7974243164062,96.55662536621094,271.7751770019531,70.4000015258789,69.9000015258789,580.5759887695312,565.9199829101562,20000.185546875,43.0,0.0,0.0,100.0,247.6999969482422,265.79998779296875,264.29998779296875,269.0,273.0,5427.447265625,2898.41162109375,1391.2376708984375,730.1109619140625,102.59083557128906,266.69000244140625,96.9000015258789,100.0,498.55999755859375,186.55999755859375,0.0,0.0625,972.0858154296875,100.0,0.0,0.0,100.0,14400.0,247.47402954101562,264.3790283203125,264.9237060546875,270.21429443359375,274.590576171875,5425.09228515625,2900.624267578125,1393.3150634765625,730.6356201171875,97.35260009765625,270.1308898925781,89.23998260498047,87.42411804199219,584.5559692382812,290.0,0.0,0.0,5428.19921875,2900.6640625,1394.670166015625,730.3460083007812,107.102783203125,247.42372131347656,265.0073547363281,265.418212890625,270.811279296875,275.0634765625,20.228355407714844,96.56149291992188,76.5130844116211,70.45854187011719,,,,271.65667724609375,,101328.5,93887.8046875,,5.205698490142822,75.0,0.0,7620.0,64.0,48.0,209.0,43.0,48.0,59.0,59.0,61.0,61.0,61.0,61.0,61.0,2.0,508.0,264.1399841308594,261.55999755859375,81.0,0.0,12.800000190734863,14.0
2024-01-09T00:59,2024-01-09T01:00,1,train,0,2024,1,0,1,2024-01-09T00:00,1,2024-01-09T00:00,1,2024-01-09T00:00,1,2024-01-09T00:00,0,2024-01-09T00:00,1,2024-01-09T00:00,-999.0,0.0,2.0,0.0,0.0,nan,1341.2457275390625,nan,87000.0,nan,14.767426490783691,245.12994384765625,261.4848327636719,265.65643310546875,267.21722412109375,271.25677490234375,5486.94775390625,2993.382568359375,1490.0770263671875,205.48025512695312,263.0941162109375,76.69999694824219,225.22897338867188,0.0,19300.0,0.0,0.006000000052154064,19992.83203125,61.29999923706055,0.0,0.0,84.0,4410.5537109375,2.4000000848900527e-06,0.0,244.9207000732422,261.45086669921875,264.5352478027344,264.9306945800781,268.4339904785156,5487.31103515625,2991.822021484375,1490.1204833984375,836.487060546875,227.67247009277344,264.6760559082031,93.30000305175781,91.19999694824219,236.5110321044922,0.0,20000.02734375,45.0,0.0,0.0,24100.0,246.0,262.70001220703125,264.8999938964844,264.6000061035156,268.5,5497.33935546875,2994.60205078125,1486.9261474609375,835.3431396484375,221.7421112060547,262.2200012207031,90.30000305175781,91.0,364.1600036621094,0.0,0.0,0.4375,793.8273315429688,100.0,0.0,0.0,100.0,1800.0,244.7970428466797,261.1265869140625,265.84124755859375,265.90386962890625,270.0758972167969,5483.44140625,2993.39794921875,1491.1475830078125,834.15234375,213.85018920898438,265.793701171875,90.0,93.45918273925781,330.67254638671875,0.0,9.999999747378752e-06,0.125,5476.91015625,2987.9912109375,1486.639892578125,832.421630859375,223.51318359375,244.3924102783203,261.6088562011719,265.677978515625,264.5205078125,268.7525634765625,6.004345893859863,34.537452697753906,95.12138366699219,88.69105529785156,,,,266.54229736328125,,102882.6875,95181.203125,,3.0503032207489014,71.0,0.0,7620.0,0.0,0.0,256.0,51.0,66.0,69.0,69.0,75.0,75.0,75.0,75.0,75.0,0.0,136.0,260.0899963378906,256.4800109863281,74.0,3.0,37.599998474121094,40.79999923706055
2024-01-09T00:59,2024-01-09T01:00,24,train,0,2024,1,0,25,2024-01-08T00:00,25,2024-01-08T00:00,25,2024-01-08T00:00,22,2024-01-08T03:00,24,2024-01-08T00:00,24,2024-01-08T01:00,-999.0,0.0,1.0,0.0,0.0,nan,1341.0882568359375,nan,86500.0,nan,14.950778007507324,244.45167541503906,261.3747863769531,264.9938049316406,265.5586242675781,269.41522216796875,5483.1396484375,2992.11083984375,1489.7840576171875,210.69094848632812,261.81341552734375,69.30000305175781,207.77532958984375,0.0,23400.0,0.0,0.5099999904632568,19992.951171875,54.70000076293945,0.0,0.0,78.9000015258789,4045.700439453125,2.7999999474559445e-06,0.0,245.25180053710938,262.11346435546875,264.495361328125,265.05328369140625,268.35882568359375,5491.0146484375,2993.349609375,1491.2066650390625,836.6674194335938,227.9691619873047,264.5951232910156,94.19999694824219,92.0,188.89625549316406,0.0,19999.97265625,42.0,0.0,0.0,0.0,245.10000610351562,262.70001220703125,266.6000061035156,264.3999938964844,268.3999938964844,5493.65283203125,2992.3251953125,1480.48876953125,827.6600952148438,214.13565063476562,262.32000732421875,98.30000305175781,100.0,365.760009765625,0.0,9.999999747378752e-05,0.25,nan,91.0,0.0,11.0,91.0,9600.0,244.4914093017578,260.970703125,266.43310546875,264.46337890625,267.9919738769531,5481.02392578125,2993.128662109375,1488.3387451171875,831.81884765625,214.66563415527344,263.90325927734375,89.0,90.60975646972656,300.39501953125,0.0,0.0,0.25,5472.48046875,2982.60791015625,1482.5,829.084716796875,219.109619140625,244.45864868164062,261.29559326171875,264.73394775390625,265.1145324707031,269.2030029296875,4.305645942687988,43.11114501953125,94.93355560302734,88.33236694335938,,,,266.7336730957031,,102822.25,95144.765625,,3.0647993087768555,60.0,0.0,7620.0,32.0,32.0,201.0,24.0,24.0,24.0,24.0,27.0,61.0,61.0,61.0,61.0,0.0,144.0,260.04998779296875,255.77999877929688,70.0,3.0,36.0,39.20000076293945
2024-01-09T00:59,2024-01-09T01:00,48,train,0,2024,1,0,43,2024-01-07T06:00,49,2024-01-07T00:00,49,2024-01-07T00:00,46,2024-01-07T03:00,48,2024-01-07T00:00,36,2024-01-07T13:00,-999.0,0.0,6.0,0.0,0.0,nan,1341.1312255859375,nan,86600.0,nan,14.82211685180664,243.7504119873047,260.8482360839844,264.18829345703125,265.7035217285156,269.5902099609375,5478.470703125,2998.047119140625,1500.086669921875,221.68161010742188,261.6971435546875,80.9000015258789,222.8128662109375,0.0,15700.0,0.0,13.880000114440918,20000.05859375,54.79999923706055,0.0,0.0,55.900001525878906,5070.80029296875,2.4000000848900527e-06,0.0,244.98899841308594,261.603759765625,265.0738220214844,264.55609130859375,267.3592834472656,5492.30517578125,2999.058349609375,1496.716064453125,840.487060546875,234.0218505859375,263.5638427734375,96.0999984741211,94.4000015258789,101.30574798583984,0.0,20000.029296875,47.0,0.0,0.0,24100.0,245.60000610351562,262.20001220703125,266.79998779296875,264.29998779296875,268.20001220703125,5483.47216796875,2989.845703125,1480.136474609375,827.719970703125,214.77536010742188,261.510009765625,76.0999984741211,70.0,283.0400085449219,0.0,0.0,0.25,793.4156494140625,100.0,0.0,0.0,100.0,100.0,243.74168395996094,261.6164855957031,263.7888488769531,263.566650390625,267.5467834472656,5479.65869140625,2997.453369140625,1496.8134765625,844.580810546875,227.88650512695312,263.5487365722656,91.04220581054688,97.55069732666016,319.19232177734375,0.0,0.0,12.3125,5474.6171875,2987.28076171875,1486.19580078125,832.027587890625,225.95751953125,244.5736083984375,260.8658447265625,265.2520751953125,264.0185852050781,267.56939697265625,8.863937377929688,34.31123352050781,86.88262176513672,91.07060241699219,,,,263.4324951171875,,102938.6875,95198.25,,2.8131988048553467,57.0,0.0,7620.0,32.0,32.0,201.0,30.0,30.0,30.0,30.0,39.0,59.0,59.0,59.0,60.0,1.0,181.0,260.19000244140625,255.760009765625,70.0,3.0,37.20000076293945,42.79999923706055
2024-01-14T12:51,2024-01-14T13:00,1,train,0,2024,1,12,1,2024-01-14T12:00,1,2024-01-14T12:00,1,2024-01-14T12:00,1,2024-01-14T12:00,0,2024-01-14T12:00,1,2024-01-14T12:00,-999.0,0.0,20.0,0.0,0.0,nan,1385.353759765625,nan,84100.0,nan,13.814217567443848,240.34738159179688,257.466064453125,263.41845703125,268.41461181640625,272.3748779296875,5235.751953125,2776.6396484375,1299.1031494140625,18.655670166015625,262.0309143066406,81.30000305175781,456.410400390625,0.0,16200.0,0.0,0.0010000000474974513,19999.96875,20.399999618530273,19.299999237060547,0.0,6.5,24134.787109375,8.000000093488779e-07,0.0,240.0913848876953,258.1012268066406,262.1033935546875,264.67578125,268.6334228515625,5241.75146484375,2778.978515625,1301.102783203125,646.9676513671875,37.849124908447266,263.4434814453125,85.5999984741211,82.69999694824219,132.9276885986328,0.0,20000.12890625,7.0,0.0,0.0,15900.0,240.6999969482422,258.8999938964844,261.5,265.8999938964844,269.79998779296875,5240.82763671875,2775.10986328125,1298.0452880859375,644.7581787109375,26.3133602142334,262.4700012207031,91.0,94.0,646.47998046875,0.0,0.0,0.0,nan,29.0,0.0,0.0,2.0,21100.0,240.17791748046875,257.0970458984375,262.8517150878906,268.36676025390625,272.4130859375,5242.77587890625,2785.85595703125,1310.5523681640625,652.6585693359375,33.1400146484375,265.4517822265625,73.2936782836914,69.95353698730469,489.9633483886719,0.0,0.0,0.0,5242.5703125,2775.893798828125,1293.62353515625,636.120849609375,20.2392578125,240.67320251464844,258.7070617675781,262.60821533203125,267.8883056640625,271.8887939453125,39.17338562011719,81.6451644897461,67.78060150146484,69.66255187988281,,,,268.0443420410156,,100216.6875,92758.125,,3.5848097801208496,57.0,0.0,7620.0,0.0,0.0,209.0,57.0,69.0,74.0,76.0,78.0,50.0,50.0,50.0,50.0,0.0,295.0,258.8500061035156,256.3599853515625,81.0,2.0,46.0,50.400001525878906
2024-01-14T12:51,2024-01-14T13:00,24,train,0,2024,1,12,25,2024-01-13T12:00,25,2024-01-13T12:00,25,2024-01-13T12:00,22,2024-01-13T15:00,24,2024-01-13T12:00,24,2024-01-13T13:00,-999.0,0.0,47.0,0.0,0.0,nan,1341.0013427734375,nan,84500.0,nan,13.668816566467285,242.71841430664062,256.77276611328125,262.03955078125,266.4026794433594,270.3603515625,5234.22119140625,2772.28076171875,1298.610107421875,24.13580322265625,260.44366455078125,82.9000015258789,407.4108581542969,0.0,15300.0,0.0,49.4900016784668,19999.998046875,4.699999809265137,18.799999237060547,0.0,11.399999618530273,24130.470703125,0.0,0.0,241.10723876953125,258.9063415527344,261.2609558105469,263.96307373046875,267.9077453613281,5235.60888671875,2769.699462890625,1286.918701171875,635.3609008789062,27.92721939086914,262.6247253417969,85.30000305175781,81.5,356.5966491699219,0.0,20000.09375,12.0,0.0,0.0,0.0,241.3000030517578,260.1000061035156,260.3999938964844,264.79998779296875,268.70001220703125,5235.77197265625,2765.78564453125,1282.5987548828125,632.0933837890625,15.939312934875488,261.6000061035156,98.30000305175781,100.0,533.5999755859375,0.0,9.999999747378752e-05,0.25,nan,49.0,0.0,0.0,44.0,20800.0,240.45635986328125,258.28472900390625,261.4359130859375,266.0565185546875,269.94952392578125,5230.78125,2770.06298828125,1294.9554443359375,641.9105834960938,23.2259521484375,264.061767578125,73.5662612915039,71.751708984375,418.8092346191406,0.0,0.0,16.5,5233.91796875,2764.443603515625,1281.005615234375,628.046142578125,16.918701171875,241.4287109375,259.1416931152344,261.4316101074219,265.84478759765625,269.7479248046875,30.140628814697266,79.05736541748047,69.86003875732422,70.87638854980469,,,,265.54656982421875,,100174.5,92677.34375,,2.946950674057007,57.0,0.0,7620.0,0.0,0.0,201.0,83.0,87.0,90.0,90.0,90.0,50.0,50.0,50.0,55.0,1.0,359.0,259.07000732421875,256.0,79.0,1.0,44.400001525878906,48.0
2024-01-14T12:51,2024-01-14T13:00,48,train,0,2024,1,12,43,2024-01-12T18:00,49,2024-01-12T12:00,49,2024-01-12T12:00,46,2024-01-12T15:00,48,2024-01-12T12:00,36,2024-01-13T01:00,-999.0,100.0,100.0,0.0,0.0,nan,1341.3848876953125,nan,84500.0,nan,7.7246294021606445,242.22140502929688,253.79251098632812,264.1203308105469,268.9796142578125,272.9095458984375,5201.2060546875,2761.9169921875,1291.9342041015625,17.053863525390625,263.6946105957031,90.69999694824219,725.6199951171875,0.0,13200.0,0.0,59.88999938964844,5074.18896484375,85.5,0.0,0.0,80.0999984741211,606.4207153320312,2.9599999834317714e-05,0.0625,242.5586395263672,253.8007049560547,261.45697021484375,266.0308532714844,270.0074768066406,5174.3896484375,2738.70703125,1277.9190673828125,624.0208129882812,11.683937072753906,264.85272216796875,90.80000305175781,88.80000305175781,1046.4744873046875,0.0,19999.822265625,20.0,0.0,0.0,0.0,244.8000030517578,255.10000610351562,260.20001220703125,264.70001220703125,268.6000061035156,5219.041015625,2754.895751953125,1288.63818359375,638.4026489257812,24.245922088623047,261.7799987792969,98.0999984741211,100.0,709.8400268554688,0.0,0.00019999999494757503,0.4375,1790.9429931640625,100.0,0.0,0.0,45.0,17000.0,242.97012329101562,253.64175415039062,263.64129638671875,268.44781494140625,272.2580261230469,5213.291015625,2769.804931640625,1303.5494384765625,644.1522216796875,28.484329223632812,266.73809814453125,81.43840789794922,82.04487609863281,536.7152099609375,0.0,0.0,52.75,5230.7890625,2770.897705078125,1291.593017578125,636.313720703125,22.66845703125,241.37086486816406,258.158203125,261.7913513183594,266.9425048828125,270.90802001953125,18.519012451171875,83.87361145019531,73.73589324951172,74.3576889038086,,,,266.8734130859375,,100247.125,92762.5625,,3.122110366821289,61.0,0.0,7620.0,0.0,0.0,256.0,95.0,98.0,98.0,98.0,98.0,59.0,61.0,61.0,69.0,1.0,493.0,259.2099914550781,255.86001586914062,77.0,0.0,48.0,52.0
2024-01-19T13:55,2024-01-19T14:00,1,train,0,2024,1,13,1,2024-01-19T13:00,2,2024-01-19T12:00,2,2024-01-19T12:00,1,2024-01-19T13:00,3,2024-01-19T12:00,1,2024-01-19T13:00,-999.0,0.0,1.0,6.0,34.0,nan,7807.35986328125,nan,34800.0,nan,7.791693687438965,245.06204223632812,257.0322570800781,258.56475830078125,261.19073486328125,264.94482421875,5301.4677734375,2813.344482421875,1349.296630859375,88.50572967529297,258.75787353515625,69.5999984741211,196.8033447265625,0.0,23900.0,0.0,0.0,20000.02734375,36.79999923706055,98.69999694824219,100.0,62.29999923706055,20759.9140625,0.0,0.0,244.6823272705078,258.2773742675781,257.4942626953125,260.3782043457031,264.2803039550781,5307.85400390625,2817.615966796875,1350.2374267578125,709.8206787109375,110.7308120727539,260.0479431152344,92.5999984741211,90.69999694824219,184.46006774902344,0.0,20000.1953125,19.0,2.0,0.0,24100.0,245.10000610351562,258.20001220703125,258.6000061035156,259.5,263.29998779296875,5306.26416015625,2820.401611328125,1346.56689453125,707.944091796875,105.81729888916016,257.1099853515625,88.4000015258789,92.0,164.24000549316406,0.0,0.0,0.0625,792.7645263671875,100.0,0.0,72.0,100.0,11100.0,244.92257690429688,257.24896240234375,258.9298400878906,259.27166748046875,262.87322998046875,5308.400390625,2822.058349609375,1354.6376953125,713.260986328125,101.22218322753906,258.5843505859375,86.0,84.14281463623047,228.93844604492188,0.0,0.0,0.0,5303.5625,2816.696044921875,1346.4306640625,708.5048828125,113.2021484375,244.84552001953125,256.916015625,257.46734619140625,258.79681396484375,262.79840087890625,13.60745620727539,61.367576599121094,84.83573150634766,73.95494842529297,,,,260.6274719238281,,101477.4375,93699.8984375,,2.5791492462158203,57.0,0.0,7620.0,120.0,120.0,209.0,43.0,48.0,48.0,50.0,54.0,61.0,61.0,61.0,61.0,0.0,154.0,254.239990234375,250.7899932861328,72.0,0.0,18.799999237060547,20.399999618530273
2024-01-19T13:55,2024-01-19T14:00,24,train,0,2024,1,13,26,2024-01-18T12:00,26,2024-01-18T12:00,26,2024-01-18T12:00,23,2024-01-18T15:00,21,2024-01-18T18:00,24,2024-01-18T14:00,-999.0,0.0,0.0,47.0,100.0,7374.66455078125,1384.0980224609375,nan,84600.0,9665.1787109375,7.335090637207031,244.29556274414062,257.67254638671875,258.8248291015625,262.00396728515625,265.908203125,5297.5703125,2811.03662109375,1342.349609375,78.7554931640625,260.0093994140625,67.5,158.67803955078125,0.0,25200.0,0.0,0.9100000262260437,19999.861328125,19.5,25.700000762939453,100.0,84.69999694824219,20667.4140625,0.0,0.0,244.8750762939453,258.4544677734375,258.248291015625,260.3955993652344,264.2826843261719,5310.1875,2817.053466796875,1346.6290283203125,705.135986328125,106.02400207519531,260.0675048828125,92.5999984741211,90.5999984741211,154.13632202148438,0.0,1194.984619140625,31.0,60.0,6.0,0.0,245.0,258.6000061035156,255.6999969482422,257.79998779296875,261.70001220703125,5304.59033203125,2819.90234375,1336.3707275390625,702.3181762695312,101.2769546508789,255.11000061035156,97.0999984741211,100.0,233.83999633789062,0.0,0.0,0.0625,5068.068359375,98.0,100.0,100.0,98.0,14100.0,245.74725341796875,257.307373046875,258.38311767578125,259.20916748046875,262.78466796875,5287.92578125,2798.587646484375,1331.941162109375,691.6595458984375,79.73905944824219,258.94329833984375,87.50809478759766,84.51439666748047,300.4353332519531,0.0,0.0,0.8125,5301.80859375,2817.90771484375,1346.346923828125,707.214599609375,112.152587890625,244.4580841064453,257.223388671875,257.7544860839844,259.1325378417969,262.53955078125,10.125052452087402,60.562782287597656,84.23676300048828,76.07901000976562,,,,260.46661376953125,,101461.1875,93689.8203125,,2.5781726837158203,61.0,0.0,7620.0,32.0,32.0,256.0,26.0,27.0,28.0,29.0,36.0,56.0,56.0,57.0,62.0,0.0,157.0,254.739990234375,249.8699951171875,64.0,0.0,17.200000762939453,18.399999618530273
2024-01-24T21:58,2024-01-24T22:00,24,train,0,2024,1,21,22,2024-01-24T00:00,22,2024-01-24T00:00,22,2024-01-24T00:00,25,2024-01-23T21:00,21,2024-01-24T00:00,24,2024-01-23T22:00,-999.0,0.0,100.0,100.0,100.0,1342.5494384765625,1342.2210693359375,26800.0,87000.0,11977.439453125,6.425671100616455,254.28759765625,269.6522521972656,270.6479187011719,271.2094421386719,274.54669189453125,5653.6171875,3067.5771484375,1527.38720703125,217.89537048339844,270.4085693359375,96.5999984741211,213.53550720214844,888.47998046875,300.0,0.0,5.050000190734863,1079.6314697265625,100.0,66.80000305175781,100.0,97.4000015258789,7248.10009765625,8.000000093488779e-07,0.125,255.71743774414062,270.6448669433594,272.5348205566406,268.7349853515625,272.5882568359375,5663.31005859375,3067.251708984375,1517.9888916015625,845.585693359375,227.0240020751953,269.0146484375,98.5999984741211,98.0,91.03072357177734,140.9600067138672,1299.93017578125,51.0,91.0,99.0,24100.0,254.10000610351562,270.6000061035156,272.0,271.5,275.5,5662.068359375,3069.51904296875,1521.283447265625,851.1383666992188,235.1573944091797,269.2900085449219,94.5,98.0,212.8000030517578,587.0399780273438,0.0,0.25,835.7169799804688,100.0,100.0,100.0,100.0,6000.0,254.79238891601562,270.3008117675781,271.45062255859375,269.86370849609375,272.51312255859375,5657.46484375,3071.16259765625,1526.32470703125,854.9573364257812,224.4193878173828,269.927978515625,94.54212951660156,99.66374969482422,326.1414794921875,260.0,0.0,2.8125,5661.265625,3069.907958984375,1525.227294921875,855.5001220703125,241.036376953125,253.78404235839844,269.32061767578125,271.91729736328125,268.4673156738281,270.6673583984375,83.95026397705078,99.92052459716797,97.82921600341797,90.07776641845703,,,,269.2078552246094,,103036.8125,95395.984375,,14.154458045959473,96.0,0.0,7620.0,0.0,0.0,256.0,88.0,88.0,88.0,88.0,89.0,77.0,87.0,97.0,100.0,0.0,145.0,267.19000244140625,265.1199951171875,84.0,8.0,22.399999618530273,23.600000381469727
2024-01-19T13:55,2024-01-19T14:00,48,train,0,2024,1,13,44,2024-01-17T18:00,50,2024-01-17T12:00,50,2024-01-17T12:00,47,2024-01-17T15:00,45,2024-01-17T18:00,36,2024-01-18T02:00,-999.0,0.0,0.0,3.0,100.0,7429.849609375,7527.45556640625,nan,36200.0,9750.7138671875,6.381743431091309,245.51303100585938,258.4162292480469,259.4958801269531,261.163818359375,264.9042663574219,5296.46826171875,2806.17333984375,1332.235107421875,68.93374633789062,260.281005859375,65.4000015258789,154.4537353515625,0.0,26900.0,0.0,2.25,6484.63037109375,10.600000381469727,100.0,100.0,42.20000076293945,24134.8984375,0.0,0.0,245.4714813232422,257.1214599609375,259.1452331542969,261.1107482910156,265.0155334472656,5298.5654296875,2808.35009765625,1341.986328125,698.0767211914062,97.2705307006836,260.7177429199219,91.4000015258789,89.30000305175781,118.88250732421875,0.0,6462.13818359375,19.0,78.0,14.0,24100.0,246.39999389648438,259.1000061035156,260.20001220703125,260.29998779296875,264.20001220703125,5313.8896484375,2811.943115234375,1329.0936279296875,688.1611938476562,88.10113525390625,257.7300109863281,71.9000015258789,68.0,164.55999755859375,0.0,0.0,0.0,5606.3955078125,74.0,100.0,100.0,74.0,15300.0,245.16815185546875,257.0963134765625,259.4276123046875,259.8314514160156,263.29095458984375,5286.1875,2802.037109375,1332.3446044921875,689.6685791015625,76.79182434082031,259.308837890625,86.48628234863281,81.92992401123047,226.67474365234375,0.0,0.0,1.3125,5298.734375,2812.139404296875,1341.029541015625,702.832275390625,107.29150390625,244.41627502441406,257.53857421875,257.845703125,259.069580078125,262.8144226074219,10.212409973144531,52.53037643432617,84.65409088134766,74.8705062866211,,,,261.0009765625,,101375.875,93620.5234375,,2.4598047733306885,88.0,0.0,7620.0,32.0,32.0,256.0,33.0,33.0,36.0,39.0,42.0,53.0,53.0,54.0,57.0,0.0,235.0,255.8199920654297,251.51998901367188,71.0,0.0,16.0,17.600000381469727
2024-01-24T21:58,2024-01-24T22:00,48,train,0,2024,1,21,46,2024-01-23T00:00,46,2024-01-23T00:00,46,2024-01-23T00:00,49,2024-01-22T21:00,45,2024-01-23T00:00,36,2024-01-23T10:00,-999.0,0.0,99.0,90.0,100.0,1464.4681396484375,1342.3397216796875,30400.0,86900.0,12713.8046875,7.596517086029053,253.1686248779297,267.5676574707031,271.63690185546875,271.502197265625,274.64691162109375,5641.93310546875,3066.27392578125,1525.389404296875,217.64878845214844,270.67010498046875,92.30000305175781,226.33078002929688,925.3599853515625,11700.0,0.0,4.0,1117.60546875,100.0,100.0,100.0,97.5,5848.7763671875,3.360000118846074e-05,0.625,254.50794982910156,268.4180908203125,273.30084228515625,268.4268798828125,272.3007507324219,5657.693359375,3069.660400390625,1519.947265625,846.67138671875,228.8057861328125,268.74981689453125,98.4000015258789,98.30000305175781,91.69317626953125,100.0,1264.315185546875,55.0,95.0,100.0,7600.0,254.5,269.70001220703125,271.6000061035156,269.8999938964844,274.0,5656.7763671875,3068.31201171875,1523.8602294921875,856.9169311523438,242.65728759765625,268.0,96.80000305175781,100.0,250.24000549316406,389.6000061035156,0.0,0.25,918.734375,100.0,82.0,100.0,100.0,6900.0,254.15682983398438,268.42645263671875,271.6510009765625,269.5464782714844,272.1405944824219,5644.7333984375,3060.337890625,1520.4027099609375,849.4308471679688,220.98866271972656,269.634033203125,93.0,98.21051788330078,323.5792541503906,230.0,0.0,4.25,5654.35546875,3067.13232421875,1529.395263671875,861.41357421875,246.97509765625,253.24351501464844,268.46826171875,270.7587890625,268.31634521484375,270.6240539550781,72.40562438964844,99.72296905517578,95.92069244384766,88.961181640625,,,,269.1146240234375,,103119.9375,95475.828125,,12.117365837097168,94.0,0.0,7620.0,0.0,0.0,0.0,94.0,95.0,95.0,95.0,97.0,82.0,92.0,92.0,92.0,0.0,137.0,267.1099853515625,264.6000061035156,83.0,7.0,21.200000762939453,22.399999618530273
2024-01-24T21:58,2024-01-24T22:00,1,train,0,2024,1,21,1,2024-01-24T21:00,4,2024-01-24T18:00,4,2024-01-24T18:00,1,2024-01-24T21:00,3,2024-01-24T18:00,1,2024-01-24T21:00,-999.0,0.0,27.0,100.0,87.0,nan,1342.3782958984375,nan,86900.0,nan,7.282668113708496,254.8317108154297,270.5456848144531,271.20269775390625,271.30792236328125,274.45855712890625,5667.20263671875,3073.9345703125,1526.7838134765625,216.42343139648438,270.4145202636719,89.30000305175781,212.48785400390625,892.0,12900.0,0.0,0.0,912.0217895507812,100.0,100.0,100.0,96.5,6329.7626953125,2.4000000848900527e-06,0.1875,256.15106201171875,270.671142578125,272.1380615234375,267.0287170410156,270.8965148925781,5662.76611328125,3069.57666015625,1521.705078125,852.1827392578125,237.61119079589844,267.3988037109375,98.5999984741211,98.30000305175781,117.5005874633789,0.0,1196.26611328125,47.0,100.0,100.0,0.0,254.8000030517578,271.20001220703125,273.1000061035156,271.0,275.1000061035156,5666.6123046875,3073.80615234375,1517.928955078125,847.8176879882812,233.65855407714844,268.92999267578125,98.9000015258789,100.0,212.63999938964844,531.2000122070312,0.0,0.0,1841.8577880859375,93.0,100.0,100.0,93.0,6900.0,254.11465454101562,270.2288818359375,271.041748046875,269.4061279296875,272.16900634765625,5655.3798828125,3068.28076171875,1522.1822509765625,852.1029663085938,222.23171997070312,270.03192138671875,92.65251159667969,97.99840545654297,330.25830078125,280.0,0.0,0.0,5659.8203125,3069.328125,1523.717041015625,856.03125,243.76123046875,253.9416046142578,269.72393798828125,271.0797119140625,267.68243408203125,269.7378234863281,89.20853424072266,99.96842956542969,98.21481323242188,90.59503936767578,,,,268.207275390625,,103083.75,95425.75,,15.522782325744629,91.0,0.0,7620.0,0.0,0.0,209.0,86.0,86.0,86.0,86.0,86.0,82.0,82.0,82.0,82.0,0.0,138.0,266.91998291015625,264.83001708984375,84.0,1.0,24.399999618530273,26.399999618530273
2024-01-30T06:57,2024-01-30T07:00,1,train,1,2024,1,6,1,2024-01-30T06:00,1,2024-01-30T06:00,1,2024-01-30T06:00,1,2024-01-30T06:00,0,2024-01-30T06:00,1,2024-01-30T06:00,-999.0,0.0,100.0,0.0,0.0,1341.4466552734375,1341.401611328125,nan,86100.0,1624.7003173828125,1.4745473861694336,247.90562438964844,261.04034423828125,262.1241455078125,266.59716796875,270.6276550292969,5436.2119140625,2924.37060546875,1431.5921630859375,150.0797576904297,259.64898681640625,64.80000305175781,164.0420379638672,0.0,11100.0,0.0,0.004999999888241291,5107.1845703125,92.0999984741211,0.0,0.0,80.19999694824219,1255.385986328125,1.52000002344721e-05,0.0625,248.1094207763672,260.5956115722656,261.8555908203125,261.1491394042969,263.8868408203125,5434.982421875,2922.188720703125,1429.10400390625,777.709716796875,179.33665466308594,259.072021484375,99.0,98.30000305175781,9.787836074829102,0.0,1195.489013671875,62.0,0.0,0.0,0.0,248.10000610351562,261.20001220703125,261.0,264.29998779296875,268.20001220703125,5439.529296875,2925.09375,1432.5343017578125,783.1351318359375,169.6222381591797,262.1099853515625,97.80000305175781,100.0,278.8800048828125,0.0,0.0,0.0,793.7955322265625,77.0,0.0,0.0,77.0,1000.0,248.35101318359375,260.5878601074219,262.2426452636719,265.34710693359375,269.71240234375,5438.5068359375,2925.0419921875,1433.083984375,780.9165649414062,160.4399871826172,263.9441833496094,78.44861602783203,93.65823364257812,382.0166931152344,0.0,1.9999999494757503e-05,0.125,5434.53515625,2919.88623046875,1428.14599609375,776.0405883789062,167.599609375,248.1400604248047,260.8625793457031,261.3563232421875,264.64874267578125,268.63470458984375,12.76561450958252,95.07543182373047,93.23765563964844,94.59999084472656,,,,263.5716552734375,,102178.375,94498.4609375,,3.299771547317505,74.0,0.0,7620.0,344.0,184.0,11154.0,25.0,30.0,32.0,34.0,34.0,19.0,24.0,25.0,28.0,0.0,128.0,259.2300109863281,255.1999969482422,72.0,0.0,8.0,8.399999618530273
2024-01-30T06:57,2024-01-30T07:00,24,train,1,2024,1,6,25,2024-01-29T06:00,25,2024-01-29T06:00,25,2024-01-29T06:00,22,2024-01-29T09:00,24,2024-01-29T06:00,24,2024-01-29T07:00,-999.0,0.0,6.0,0.0,0.0,nan,1341.3709716796875,nan,86000.0,nan,2.878213882446289,246.95924377441406,260.36187744140625,261.10980224609375,262.0773620605469,266.07550048828125,5419.12890625,2913.53759765625,1425.71240234375,158.2991485595703,257.024169921875,58.599998474121094,48.99652862548828,0.0,22400.0,0.0,0.8700000047683716,5081.59228515625,92.5,0.0,0.0,79.19999694824219,1675.1318359375,1.0400000064691994e-05,0.0625,248.10289001464844,260.7862243652344,261.89971923828125,259.85955810546875,262.4873962402344,5435.85791015625,2924.6123046875,1430.1060791015625,781.2028198242188,186.01577758789062,257.7494812011719,99.0,98.30000305175781,9.590771675109863,0.0,1261.7520751953125,58.0,0.0,0.0,24100.0,248.60000610351562,261.3999938964844,262.3999938964844,264.6000061035156,268.6000061035156,5436.1083984375,2922.80419921875,1426.791748046875,776.3573608398438,168.50738525390625,261.9800109863281,92.0999984741211,98.0,168.47999572753906,0.0,0.0,0.0,981.0917358398438,100.0,0.0,0.0,100.0,14000.0,247.24777221679688,260.46807861328125,260.1544189453125,262.674560546875,266.9843444824219,5420.8017578125,2916.114990234375,1429.492919921875,784.1084594726562,167.65748596191406,263.0057678222656,87.73332214355469,92.42379760742188,443.1864013671875,0.0,0.0,0.875,5431.92578125,2917.45263671875,1424.03564453125,774.66943359375,170.205322265625,248.1074676513672,260.6376953125,261.4277648925781,262.9266662597656,266.8824462890625,7.662639617919922,89.6787109375,92.67915344238281,94.36320495605469,,,,263.4898986816406,,102194.875,94487.90625,,2.9446306228637695,57.0,0.0,7620.0,32.0,32.0,256.0,52.0,53.0,53.0,53.0,58.0,80.0,83.0,83.0,88.0,0.0,196.0,257.19000244140625,253.38998413085938,72.0,0.0,10.0,10.800000190734863
2024-01-30T06:57,2024-01-30T07:00,48,train,1,2024,1,6,43,2024-01-28T12:00,49,2024-01-28T06:00,49,2024-01-28T06:00,46,2024-01-28T09:00,48,2024-01-28T06:00,36,2024-01-28T19:00,-999.0,0.0,100.0,0.0,0.0,nan,1340.945068359375,nan,86000.0,nan,3.03521728515625,247.32012939453125,258.9820556640625,259.3659362792969,262.21826171875,266.2137756347656,5404.17431640625,2904.148193359375,1427.18994140625,162.60763549804688,258.12274169921875,80.80000305175781,100.5863265991211,0.0,12200.0,0.0,8.579999923706055,20000.17578125,63.79999923706055,0.0,0.0,46.0,3988.505615234375,5.599999894911889e-06,0.0,248.1898193359375,261.0693054199219,262.57489013671875,259.3539733886719,262.0718994140625,5440.62646484375,2925.13671875,1428.061767578125,778.9559936523438,184.76071166992188,257.1236267089844,98.80000305175781,97.5999984741211,9.532151222229004,0.0,19999.947265625,30.0,0.0,0.0,24100.0,249.1999969482422,261.6000061035156,263.79998779296875,268.70001220703125,272.70001220703125,5417.41357421875,2903.52490234375,1407.7513427734375,749.799072265625,153.37571716308594,262.3399963378906,71.0999984741211,61.0,362.55999755859375,0.0,0.0,0.0,1106.6915283203125,92.0,0.0,0.0,78.0,14100.0,247.35231018066406,258.8226623535156,259.5386962890625,262.70758056640625,266.88568115234375,5405.68896484375,2903.90869140625,1429.2210693359375,782.9231567382812,168.2472686767578,262.83868408203125,86.61863708496094,90.11942291259766,442.5873718261719,0.0,0.0,3.8125,5426.21875,2909.751220703125,1414.235595703125,767.0240478515625,166.62060546875,247.65988159179688,260.6159973144531,262.5841979980469,260.98992919921875,265.1400146484375,5.962495803833008,28.796092987060547,94.00959777832031,95.38172149658203,,,,261.1753845214844,,102164.5,94405.6875,,1.787243366241455,57.0,0.0,7620.0,32.0,32.0,256.0,35.0,35.0,35.0,35.0,41.0,60.0,62.0,62.0,66.0,0.0,147.0,256.92999267578125,254.3300018310547,79.0,0.0,13.199999809265137,14.0
2024-02-10T04:52,2024-02-10T05:00,1,train,0,2024,2,4,1,2024-02-10T04:00,5,2024-02-10T00:00,5,2024-02-10T00:00,1,2024-02-10T04:00,0,2024-02-10T06:00,1,2024-02-10T04:00,-999.0,0.0,0.0,0.0,0.0,nan,nan,nan,nan,nan,7.377208232879639,248.20054626464844,266.3702392578125,276.90045166015625,279.9065246582031,283.61248779296875,5504.3935546875,2966.77978515625,1420.397216796875,86.10845947265625,274.0710754394531,70.69999694824219,222.5059814453125,2088.0,22600.0,0.0,0.0,19999.916015625,0.0,0.0,1.0,1.0,24134.890625,0.0,0.0,248.26968383789062,266.68341064453125,276.1279296875,272.0807800292969,276.19305419921875,5507.16796875,2967.548828125,1420.5621337890625,733.4089965820312,106.54550170898438,271.1615295410156,90.69999694824219,88.19999694824219,14.79175090789795,470.8800048828125,19999.98046875,1.0,0.0,0.0,24100.0,248.39999389648438,266.8999938964844,276.29998779296875,279.6000061035156,283.79998779296875,5508.2392578125,2966.469482421875,1421.146728515625,732.78955078125,102.35845947265625,275.80999755859375,96.69999694824219,90.0,521.9199829101562,1988.47998046875,0.0,0.5625,nan,3.0,0.0,0.0,3.0,18500.0,248.18234252929688,266.060546875,277.13525390625,278.63287353515625,281.3724060058594,5503.599609375,2968.586669921875,1422.24853515625,732.2073974609375,90.34920501708984,273.849609375,67.35492706298828,70.80821990966797,121.44015502929688,1690.0,0.0,0.0,5504.50390625,2968.220458984375,1419.486328125,728.2978515625,86.549072265625,247.75082397460938,266.62713623046875,277.698974609375,278.94110107421875,283.5595397949219,50.426883697509766,60.97392272949219,71.35655975341797,83.03130340576172,,,,272.54364013671875,,101000.375,91252.25,,8.630731582641602,57.0,0.0,7620.0,0.0,0.0,209.0,63.0,72.0,73.0,73.0,73.0,69.0,69.0,69.0,69.0,0.0,150.0,271.54998779296875,267.90997314453125,78.0,0.0,25.200000762939453,27.200000762939453
2024-02-10T04:52,2024-02-10T05:00,24,train,0,2024,2,4,23,2024-02-09T06:00,23,2024-02-09T06:00,23,2024-02-09T06:00,26,2024-02-09T03:00,24,2024-02-09T06:00,24,2024-02-09T05:00,-999.0,0.0,0.0,26.0,0.0,nan,1343.093017578125,nan,85800.0,nan,7.7405290603637695,247.10792541503906,266.3030090332031,276.22357177734375,279.47698974609375,283.16168212890625,5496.4736328125,2967.556884765625,1421.461181640625,89.22013854980469,274.4583740234375,82.5999984741211,238.53993225097656,2082.159912109375,15300.0,0.0,0.008999999612569809,20000.015625,2.799999952316284,0.0,0.0,21.0,24135.08203125,0.0,0.0,247.85177612304688,266.4682922363281,276.0904541015625,273.5587158203125,277.599365234375,5506.42919921875,2969.619140625,1424.0867919921875,735.5985107421875,105.46359252929688,272.519775390625,89.30000305175781,85.80000305175781,13.394794464111328,916.47998046875,20000.04296875,34.0,7.0,3.0,0.0,248.1999969482422,267.20001220703125,274.70001220703125,278.79998779296875,282.8999938964844,5508.88623046875,2968.204345703125,1418.664306640625,732.21923828125,104.12765502929688,275.57000732421875,100.0,100.0,471.8399963378906,2124.320068359375,9.999999747378752e-05,0.9375,nan,10.0,1.0,0.0,0.0,15800.0,247.7862548828125,265.9241943359375,275.9494323730469,278.7315673828125,281.15203857421875,5493.69580078125,2964.595947265625,1422.3280029296875,732.7481079101562,91.22482299804688,274.7016296386719,75.0,82.37406158447266,190.2271728515625,1540.0,0.0,0.0,5508.6875,2970.14892578125,1419.646484375,728.431640625,87.330810546875,247.94668579101562,266.9512939453125,277.7328796386719,278.86468505859375,283.207763671875,63.44434356689453,63.643951416015625,72.3174057006836,83.05984497070312,,,,272.24896240234375,,100993.375,91250.21875,,10.107758522033691,57.0,0.0,7620.0,32.0,32.0,256.0,49.0,49.0,50.0,52.0,54.0,58.0,58.0,58.0,60.0,1.0,159.0,271.7799987792969,268.5899963378906,80.0,2.0,22.0,23.600000381469727
2024-02-10T04:52,2024-02-10T05:00,48,train,0,2024,2,4,47,2024-02-08T06:00,47,2024-02-08T06:00,47,2024-02-08T06:00,50,2024-02-08T03:00,48,2024-02-08T06:00,36,2024-02-08T17:00,2746.0,0.0,53.0,1.0,0.0,nan,1342.9140625,66100.0,85800.0,nan,6.407428741455078,247.35928344726562,265.1691589355469,275.0909729003906,278.2610168457031,282.0502014160156,5485.2705078125,2959.8212890625,1420.8533935546875,92.947998046875,273.34423828125,86.19999694824219,283.5123291015625,1760.8800048828125,7300.0,9.999999747378752e-05,2.1559998989105225,2279.60546875,92.69999694824219,0.0,0.0,13.199999809265137,24135.01953125,0.0,0.0,248.2967987060547,266.3660888671875,274.7757568359375,275.2775573730469,279.34674072265625,5496.66455078125,2957.0234375,1421.875732421875,735.0013427734375,100.59965515136719,274.50115966796875,94.4000015258789,90.69999694824219,16.8848934173584,1653.280029296875,19999.927734375,38.0,0.0,0.0,0.0,249.6999969482422,267.79998779296875,277.79998779296875,277.20001220703125,281.3999938964844,5515.8623046875,2969.71484375,1416.704833984375,732.1587524414062,105.816650390625,274.1700134277344,100.0,100.0,379.9200134277344,2204.320068359375,9.999999747378752e-05,1.375,nan,42.0,1.0,0.0,42.0,13700.0,247.6545867919922,266.0647277832031,275.1789855957031,277.157958984375,280.0011901855469,5492.83203125,2962.840576171875,1424.95068359375,738.7722778320312,98.4139175415039,274.623779296875,83.4709701538086,90.20167541503906,256.1535949707031,1700.0,0.0,1.0,5503.21875,2966.162841796875,1419.698974609375,729.34814453125,88.645263671875,247.59774780273438,266.3063659667969,276.83331298828125,278.4803466796875,283.081787109375,63.58326721191406,74.15796661376953,76.36032104492188,84.94084167480469,,,,274.87823486328125,,101029.625,91255.328125,,9.672483444213867,57.0,0.0,7620.0,0.0,0.0,256.0,80.0,80.0,80.0,80.0,80.0,62.0,62.0,62.0,63.0,0.0,147.0,271.19000244140625,268.45001220703125,81.0,3.0,22.399999618530273,23.600000381469727
2024-02-22T18:50,2024-02-22T19:00,1,train,0,2024,2,18,1,2024-02-22T18:00,1,2024-02-22T18:00,1,2024-02-22T18:00,1,2024-02-22T18:00,0,2024-02-22T18:00,1,2024-02-22T18:00,-999.0,0.0,0.0,1.0,98.0,nan,8136.9970703125,nan,34000.0,nan,5.7281718254089355,248.42037963867188,265.9146728515625,272.9775695800781,273.87738037109375,277.89288330078125,5453.9736328125,2920.72216796875,1383.2330322265625,68.97758483886719,273.93218994140625,59.099998474121094,305.2970886230469,1375.0400390625,32000.0,0.0,0.0,7615.376953125,5.0,77.5999984741211,100.0,6.800000190734863,24134.865234375,0.0,0.0,248.2942352294922,265.8753356933594,273.446533203125,273.1365051269531,277.2232666015625,5456.2529296875,2920.708251953125,1383.0601806640625,710.0924072265625,80.95765686035156,273.0121154785156,83.0999984741211,77.69999694824219,365.8165588378906,735.8400268554688,20000.029296875,6.0,6.0,18.0,24100.0,248.8000030517578,265.79998779296875,273.70001220703125,277.29998779296875,281.3999938964844,5462.5986328125,2923.181884765625,1382.033203125,699.7747802734375,78.63871765136719,275.25,69.9000015258789,72.0,212.9600067138672,1924.3199462890625,0.0,0.0,nan,35.0,50.0,13.0,3.0,22300.0,248.45701599121094,265.41448974609375,273.71148681640625,272.87066650390625,277.243896484375,5451.97900390625,2920.302734375,1382.771484375,707.60107421875,73.42034912109375,275.03485107421875,75.0,76.14308166503906,402.76348876953125,1090.0,0.0,0.0,5460.890625,2929.263671875,1391.74755859375,716.7271118164062,87.142333984375,247.9775848388672,265.6186218261719,273.7405090332031,273.7341003417969,277.80950927734375,83.9604263305664,50.361183166503906,59.49909591674805,54.749935150146484,,,,274.1029357910156,,101084.5,91088.1796875,,8.56771469116211,72.0,0.0,7620.0,2224.0,1584.0,16274.0,17.0,19.0,20.0,24.0,38.0,8.0,8.0,8.0,8.0,0.0,335.0,269.8399963378906,262.72998046875,59.0,1.0,18.799999237060547,20.399999618530273
2024-02-22T18:50,2024-02-22T19:00,24,train,0,2024,2,18,25,2024-02-21T18:00,25,2024-02-21T18:00,25,2024-02-21T18:00,22,2024-02-21T21:00,24,2024-02-21T18:00,24,2024-02-21T19:00,-999.0,0.0,0.0,1.0,77.0,8607.9150390625,453.66558837890625,nan,31500.0,9890.2099609375,6.132901668548584,248.48159790039062,265.3983459472656,272.8153991699219,273.0272216796875,277.0123291015625,5470.623046875,2939.3974609375,1402.3909912109375,91.47241973876953,273.13726806640625,58.900001525878906,311.1047058105469,1301.760009765625,32200.0,0.0,0.0,20000.080078125,27.299999237060547,17.200000762939453,100.0,7.400000095367432,24135.26171875,0.0,0.0,248.77615356445312,265.3652648925781,272.5023498535156,272.9693603515625,277.03533935546875,5470.0390625,2930.453369140625,1396.494873046875,724.358642578125,95.60099792480469,272.88787841796875,86.5,82.30000305175781,377.6464538574219,723.6799926757812,2974.616455078125,62.0,52.0,33.0,24100.0,248.5,265.3999938964844,275.79998779296875,278.1000061035156,282.29998779296875,5473.20556640625,2933.3076171875,1395.0635986328125,710.3500366210938,97.07878875732422,275.9599914550781,58.70000076293945,56.0,292.7200012207031,1745.43994140625,0.0,0.0,7711.32470703125,3.0,1.0,75.0,3.0,21411.013671875,248.58966064453125,265.48956298828125,273.67578125,272.5474853515625,276.8583984375,5465.37451171875,2930.1171875,1393.25830078125,718.208251953125,83.99771118164062,274.4014892578125,76.26593017578125,77.90462493896484,374.67724609375,1130.0,0.0,0.0,5468.38671875,2930.8466796875,1396.611083984375,724.00244140625,96.14599609375,248.34881591796875,265.1893615722656,271.94732666015625,272.9571838378906,277.05438232421875,86.61028289794922,62.66899490356445,62.28376388549805,57.216365814208984,,,,272.8028564453125,,101223.875,91180.1171875,,9.203408241271973,57.0,0.0,7620.0,28.0,31.0,209.0,38.0,40.0,43.0,48.0,57.0,44.0,44.0,44.0,44.0,0.0,328.0,268.9800109863281,262.8999938964844,62.0,2.0,17.600000381469727,19.200000762939453
2024-02-22T18:50,2024-02-22T19:00,48,train,0,2024,2,18,43,2024-02-21T00:00,49,2024-02-20T18:00,49,2024-02-20T18:00,46,2024-02-20T21:00,48,2024-02-20T18:00,36,2024-02-21T07:00,-999.0,0.0,0.0,0.0,0.0,nan,1388.415771484375,nan,85200.0,nan,5.439107418060303,246.93185424804688,265.05908203125,272.9526062011719,272.670654296875,276.71478271484375,5458.4501953125,2936.308349609375,1400.3773193359375,90.43878173828125,273.7685241699219,69.0999984741211,310.1166076660156,1365.8399658203125,25300.0,0.0,0.0,20000.158203125,5.0,2.0,0.30000001192092896,6.900000095367432,24135.251953125,0.0,0.0,251.3800048828125,267.1165771484375,272.338134765625,272.1145324707031,276.1763916015625,5496.12353515625,2937.072998046875,1397.0972900390625,727.0823364257812,100.38518524169922,272.12420654296875,82.69999694824219,78.5,383.0007019042969,620.47998046875,20000.087890625,1.0,0.0,0.0,24100.0,248.3000030517578,265.70001220703125,274.6000061035156,277.20001220703125,281.29998779296875,5480.6728515625,2943.91455078125,1400.832763671875,718.684326171875,101.99852752685547,275.27001953125,54.599998474121094,53.0,213.44000244140625,1947.52001953125,0.0,0.0,nan,35.0,0.0,45.0,6.0,18144.767578125,248.90353393554688,265.16241455078125,273.4107971191406,270.94061279296875,275.22906494140625,5476.111328125,2935.9052734375,1400.34326171875,727.3648681640625,94.40196228027344,272.9805908203125,82.9132080078125,83.12773132324219,337.2958984375,680.0,0.0,0.0625,5475.7578125,2941.188720703125,1409.18017578125,738.1494140625,111.551025390625,247.6614532470703,265.26483154296875,271.90142822265625,272.3636169433594,276.5263671875,81.94467163085938,50.83067321777344,60.41242599487305,55.62561798095703,,,,272.3740234375,,101418.5625,91330.75,,7.805060386657715,13.0,0.0,7620.0,88886.0,1592.0,201.0,2.0,9.0,9.0,11.0,18.0,41.0,41.0,41.0,41.0,0.0,227.0,270.29998779296875,262.8699951171875,57.0,2.0,14.0,15.199999809265137
2024-03-04T17:50,2024-03-04T18:00,1,train,1,2024,3,17,1,2024-03-04T17:00,6,2024-03-04T12:00,6,2024-03-04T12:00,1,2024-03-04T17:00,0,2024-03-04T18:00,1,2024-03-04T17:00,-999.0,0.0,93.0,0.0,0.0,nan,1343.05029296875,nan,87300.0,nan,4.56060791015625,256.30615234375,274.07928466796875,274.787353515625,276.5235900878906,280.8199768066406,5737.5087890625,3124.018798828125,1555.42431640625,220.07638549804688,274.654296875,98.69999694824219,257.69873046875,3300.800048828125,12200.0,0.0,0.0020000000949949026,792.8416748046875,91.5,0.0,10.800000190734863,97.5999984741211,299.801025390625,1.2000000424450263e-06,0.0625,256.64227294921875,273.85565185546875,273.1248779296875,275.3204345703125,280.00787353515625,5744.06396484375,3129.949951171875,1564.5323486328125,884.6239624023438,248.6614990234375,276.8627014160156,94.80000305175781,97.9000015258789,326.6255798339844,1925.280029296875,19999.80859375,44.0,0.0,0.0,200.0,256.8999938964844,274.6000061035156,274.3999938964844,273.70001220703125,277.79998779296875,5750.4521484375,3132.4384765625,1560.125732421875,883.8314208984375,246.43927001953125,272.6199951171875,97.30000305175781,100.0,215.52000427246094,1099.0400390625,9.999999747378752e-05,0.4375,1169.0791015625,90.0,0.0,0.0,52.0,14900.0,256.5365295410156,273.75830078125,274.6025695800781,276.25616455078125,280.82666015625,5745.01953125,3129.15283203125,1562.3748779296875,879.6068725585938,233.447021484375,278.02337646484375,89.66461944580078,92.43769073486328,350.0853271484375,3270.0,0.0,0.0,5749.703125,3134.33251953125,1566.99072265625,886.4380493164062,251.549560546875,256.628662109375,274.06646728515625,273.82196044921875,275.61688232421875,279.96221923828125,10.501758575439453,96.63763427734375,93.86573791503906,81.6268310546875,,,,276.7702941894531,,103133.6875,93034.9453125,,7.613661766052246,64.0,0.0,7620.0,0.0,0.0,16274.0,66.0,73.0,83.0,83.0,87.0,7.0,7.0,8.0,9.0,1.0,341.0,273.2300109863281,270.3799743652344,79.0,3.0,12.0,13.199999809265137
2024-03-04T17:50,2024-03-04T18:00,48,train,1,2024,3,17,48,2024-03-02T18:00,48,2024-03-02T18:00,48,2024-03-02T18:00,45,2024-03-02T21:00,48,2024-03-02T18:00,48,2024-03-02T18:00,-999.0,100.0,100.0,0.0,0.0,1343.296875,1343.2421875,86000.0,87300.0,12104.8193359375,3.930738925933838,256.94464111328125,273.6078796386719,274.2882080078125,277.7223205566406,281.9144287109375,5739.7451171875,3122.9482421875,1555.786376953125,217.7556610107422,275.72265625,100.0,338.1924743652344,3256.719970703125,100.0,0.0,22.020000457763672,785.0471801757812,100.0,0.0,66.9000015258789,96.80000305175781,32.944217681884766,4.0000000467443897e-07,0.0,256.5429382324219,273.5400085449219,272.54559326171875,274.42108154296875,279.2408752441406,5745.69677734375,3130.73583984375,1564.1370849609375,884.9343872070312,250.76800537109375,275.9161071777344,99.30000305175781,98.0,174.32777404785156,1439.52001953125,20000.158203125,51.0,0.0,1.0,24100.0,257.1000061035156,275.3999938964844,280.79998779296875,282.0,286.20001220703125,5761.541015625,3140.823486328125,1558.8419189453125,862.2927856445312,227.38804626464844,280.94000244140625,89.69999694824219,94.0,182.8800048828125,3448.639892578125,0.0,0.0,1021.8284912109375,41.0,0.0,62.0,41.0,12300.0,256.4237976074219,273.21728515625,275.4245300292969,276.238525390625,280.9773254394531,5745.13525390625,3133.305419921875,1566.9678955078125,883.66650390625,237.60252380371094,278.3327331542969,90.0,92.1473388671875,358.166748046875,3160.0,0.0,13.6875,5749.10546875,3133.061767578125,1565.87060546875,881.57861328125,243.957275390625,256.79229736328125,274.03314208984375,275.36590576171875,276.76507568359375,281.105224609375,9.045998573303223,85.36013793945312,93.4781265258789,79.91595458984375,,,,277.357177734375,,103026.625,92975.7890625,,7.752075672149658,77.0,,,144.0,32.0,8960.0,70.0,72.0,,75.0,,55.0,,55.0,55.0,3.0,370.0,274.1000061035156,271.6600036621094,84.0,5.0,10.800000190734863,12.0
2024-03-04T17:50,2024-03-04T18:00,24,train,1,2024,3,17,24,2024-03-03T18:00,24,2024-03-03T18:00,24,2024-03-03T18:00,21,2024-03-03T21:00,24,2024-03-03T18:00,24,2024-03-03T18:00,-999.0,0.0,100.0,0.0,0.0,1342.8958740234375,1342.8392333984375,87000.0,87500.0,12035.4775390625,3.708775758743286,256.41778564453125,272.692626953125,273.0923156738281,275.249755859375,279.2836608886719,5735.70654296875,3129.08984375,1568.737060546875,240.8940887451172,273.45330810546875,100.0,268.3536376953125,1314.56005859375,200.0,0.0,0.11999999731779099,784.9796752929688,97.5999984741211,0.0,21.5,99.5,49.186134338378906,8.000000093488779e-07,0.125,256.5430908203125,273.2354431152344,272.72003173828125,273.10272216796875,277.81500244140625,5742.2626953125,3129.680419921875,1567.7703857421875,889.9078369140625,259.1548156738281,274.6065979003906,98.5999984741211,98.9000015258789,193.4225311279297,1020.47998046875,1231.5401611328125,50.0,0.0,0.0,24100.0,256.8999938964844,273.29998779296875,273.70001220703125,275.1000061035156,279.20001220703125,5749.86083984375,3137.179443359375,1571.8214111328125,894.0576171875,262.8238220214844,274.1099853515625,96.30000305175781,100.0,295.44000244140625,1219.3599853515625,0.0,0.0625,5731.37060546875,33.0,0.0,95.0,33.0,15300.0,256.3695068359375,273.27813720703125,275.18731689453125,275.8287353515625,280.4730224609375,5739.24365234375,3129.348388671875,1565.22607421875,882.6799926757812,237.5875701904297,277.8797912597656,89.0,91.55986022949219,383.8163146972656,3170.0,0.0,0.0,5748.8125,3133.660888671875,1568.209228515625,885.8602294921875,249.798095703125,256.7257080078125,273.83404541015625,274.77508544921875,276.0984191894531,280.6483154296875,8.59768009185791,93.6253662109375,89.47537231445312,75.36471557617188,,,,277.413330078125,,103089.75,93024.5625,,7.832880020141602,82.0,0.0,7620.0,28.0,32.0,201.0,71.0,78.0,83.0,83.0,84.0,56.0,56.0,56.0,57.0,1.0,297.0,271.6499938964844,269.7300109863281,86.0,2.0,12.800000190734863,14.0
2024-03-18T16:54,2024-03-18T17:00,1,train,0,2024,3,16,1,2024-03-18T16:00,5,2024-03-18T12:00,5,2024-03-18T12:00,1,2024-03-18T16:00,0,2024-03-18T18:00,1,2024-03-18T16:00,-999.0,14.0,94.0,0.0,0.0,nan,1341.6175537109375,nan,84600.0,nan,11.4249906539917,240.26841735839844,255.2381591796875,265.44427490234375,271.12103271484375,275.27197265625,5218.943359375,2783.48681640625,1304.82421875,21.696731567382812,266.05096435546875,96.69999694824219,449.3826599121094,220.72000122070312,12300.0,0.0,0.05999999865889549,1018.7842407226562,88.0,0.0,0.0,92.4000015258789,3525.237548828125,4.400000034365803e-05,0.25,241.16384887695312,255.06753540039062,265.8670959472656,272.0723876953125,276.14813232421875,5221.88916015625,2778.92626953125,1300.3409423828125,633.761962890625,7.227406024932861,272.00762939453125,78.5999984741211,74.19999694824219,1255.002685546875,599.0399780273438,20000.126953125,34.0,1.0,0.0,100.0,240.89999389648438,256.3999938964844,264.70001220703125,269.20001220703125,273.29998779296875,5218.12158203125,2777.85205078125,1297.578369140625,635.7592163085938,5.401297092437744,266.95001220703125,98.4000015258789,100.0,890.4000244140625,227.67999267578125,0.0007999999797903001,3.125,1250.81005859375,100.0,9.0,0.0,93.0,19600.0,240.61253356933594,253.91650390625,265.8331298828125,271.97186279296875,276.3302001953125,5219.5966796875,2786.68896484375,1308.251220703125,642.0119018554688,21.902252197265625,271.6015625,79.149658203125,71.71891784667969,960.880126953125,520.0,0.0,0.0,5226.30859375,2786.138671875,1300.82470703125,632.5445556640625,5.78564453125,240.27664184570312,255.89566040039062,266.4075622558594,272.60308837890625,276.63262939453125,72.62798309326172,79.29624938964844,53.415870666503906,51.82193374633789,1.3034276962280273,1.5910329818725586,0.9450321197509766,271.8899841308594,265.533203125,100091.875,90117.1875,0.0,4.275413990020752,88.0,0.0,7620.0,0.0,0.0,209.0,72.0,80.0,89.0,92.0,98.0,69.0,69.0,69.0,69.0,30.0,1053.0,263.5199890136719,260.66998291015625,78.0,9.0,27.600000381469727,29.600000381469727
2024-03-31T23:50,2024-04-01T00:00,1,train,0,2024,3,23,1,2024-03-31T23:00,6,2024-03-31T18:00,6,2024-03-31T18:00,1,2024-03-31T23:00,0,2024-04-01T00:00,1,2024-03-31T23:00,-999.0,0.0,0.0,0.0,0.0,nan,nan,nan,nan,nan,9.539817810058594,246.02658081054688,261.95941162109375,269.9242858886719,275.5024108886719,279.51055908203125,5415.92431640625,2914.09130859375,1406.262451171875,95.90827941894531,268.06842041015625,52.099998474121094,504.6893310546875,524.0,36700.0,0.0,0.0,19999.89453125,28.899999618530273,0.0,0.0,8.5,24134.953125,0.0,0.0625,246.04177856445312,262.36346435546875,268.1034851074219,270.2383728027344,274.1044616699219,5416.013671875,2914.09326171875,1409.1011962890625,738.3773803710938,116.44197082519531,269.2109680175781,90.19999694824219,84.69999694824219,56.574283599853516,175.0399932861328,19999.8671875,0.0,0.0,0.0,24100.0,245.5,263.3999938964844,268.29998779296875,272.70001220703125,276.79998779296875,5418.537109375,2913.74951171875,1402.9195556640625,732.4913940429688,98.5712661743164,269.53997802734375,75.5,75.0,611.2000122070312,626.5599975585938,0.0,0.0,nan,0.0,0.0,0.0,0.0,36400.0,245.52455139160156,261.0885009765625,270.319091796875,276.53997802734375,280.8917236328125,5411.83837890625,2917.839111328125,1412.130615234375,734.429931640625,99.32939147949219,272.58111572265625,54.0,43.11037063598633,1139.87548828125,780.0,0.0,0.0,5413.9453125,2914.826904296875,1405.16064453125,731.180419921875,99.736083984375,245.5743408203125,262.43414306640625,269.4936218261719,274.3589782714844,278.71917724609375,21.65544891357422,55.76264953613281,51.69407653808594,60.735145568847656,1.9566526412963867,1.0825576782226562,0.42867183685302734,269.34588623046875,264.90838623046875,101240.4375,91242.1875,0.0,3.9004764556884766,4.0,0.0,7620.0,88888.0,2120.0,16209.0,9.0,10.0,17.0,26.0,28.0,8.0,8.0,8.0,10.0,0.0,165.0,265.15997314453125,261.6300048828125,76.0,0.0,34.0,36.79999923706055
2024-03-31T23:50,2024-04-01T00:00,48,train,0,2024,3,23,48,2024-03-30T00:00,48,2024-03-30T00:00,48,2024-03-30T00:00,45,2024-03-30T03:00,48,2024-03-30T00:00,48,2024-03-30T00:00,-999.0,0.0,18.0,0.0,0.0,nan,1341.672607421875,nan,85600.0,nan,13.553016662597656,245.53433227539062,261.7039794921875,266.08477783203125,270.4793701171875,274.600830078125,5404.54296875,2907.5986328125,1405.8026123046875,111.23727416992188,265.238525390625,91.5999984741211,241.26492309570312,90.55999755859375,12600.0,0.0,0.699999988079071,20000.025390625,12.5,0.0,0.0,11.899999618530273,24134.84375,0.0,0.0,247.34271240234375,262.29815673828125,267.3314208984375,270.7701110839844,274.6547546386719,5426.34619140625,2915.813232421875,1410.339599609375,740.9803466796875,117.8194351196289,269.89178466796875,84.30000305175781,79.69999694824219,94.35317993164062,281.1199951171875,19999.958984375,0.0,0.0,0.0,24100.0,246.10000610351562,264.29998779296875,266.20001220703125,270.79998779296875,274.8999938964844,5416.12451171875,2905.51318359375,1392.982421875,727.5413818359375,96.85737609863281,267.54998779296875,73.0999984741211,72.0,408.4800109863281,319.3599853515625,0.0,0.0,1006.2786865234375,100.0,0.0,0.0,100.0,14100.0,245.66970825195312,262.19305419921875,265.31536865234375,270.42022705078125,274.82122802734375,5417.8515625,2917.532470703125,1412.8375244140625,749.6487426757812,119.91436767578125,269.8675842285156,89.0,86.33251953125,563.010986328125,260.0,0.0,0.0,5416.41015625,2916.439697265625,1407.19970703125,735.196533203125,106.041015625,245.50094604492188,262.50970458984375,268.6231384277344,273.62481689453125,277.79656982421875,25.877302169799805,61.21635818481445,53.74519348144531,60.51021957397461,1.8682708740234375,1.1180706024169922,0.38503456115722656,269.983642578125,265.014892578125,101321.8125,91284.34375,0.0,3.9341702461242676,15.0,,,88888.0,88888.0,10368.0,9.0,9.0,,9.0,,37.0,,37.0,37.0,0.0,177.0,265.05999755859375,260.4100036621094,70.0,0.0,37.599998474121094,40.5
2024-03-31T23:50,2024-04-01T00:00,24,train,0,2024,3,23,24,2024-03-31T00:00,24,2024-03-31T00:00,24,2024-03-31T00:00,21,2024-03-31T03:00,24,2024-03-31T00:00,24,2024-03-31T00:00,-999.0,0.0,0.0,0.0,0.0,nan,nan,nan,nan,nan,10.547711372375488,245.68179321289062,261.9202575683594,268.36419677734375,273.5243835449219,277.5902099609375,5409.35693359375,2908.402099609375,1403.036865234375,98.6373291015625,266.9266357421875,72.30000305175781,353.1151123046875,353.760009765625,21400.0,0.0,1.6449999809265137,19999.828125,13.0,0.0,0.0,62.70000076293945,24134.884765625,0.0,0.1875,246.11878967285156,262.34429931640625,267.061279296875,269.7810363769531,273.6267395019531,5418.43212890625,2915.55810546875,1411.3065185546875,742.7883911132812,121.9361572265625,269.0,91.4000015258789,86.5999984741211,73.664794921875,129.44000244140625,20000.072265625,0.0,0.0,0.0,24100.0,245.89999389648438,263.1000061035156,266.29998779296875,271.0,275.1000061035156,5412.4228515625,2905.961669921875,1395.462890625,729.5390625,98.5783920288086,267.8999938964844,69.19999694824219,69.0,454.55999755859375,373.9200134277344,0.0,0.0,nan,46.0,0.0,0.0,46.0,17500.3984375,246.8440399169922,262.3185729980469,266.51995849609375,272.09368896484375,276.3955993652344,5416.751953125,2908.5185546875,1405.908935546875,738.3687744140625,106.95609283447266,270.3382568359375,80.25859069824219,76.22920989990234,614.6348876953125,320.0,0.0,0.0,5414.7890625,2913.28076171875,1403.203857421875,731.518310546875,102.874755859375,245.5941925048828,262.75982666015625,268.24859619140625,273.44012451171875,277.64141845703125,17.533527374267578,58.7993278503418,50.92882537841797,56.347023010253906,2.0748863220214844,0.9538497924804688,0.3716754913330078,269.86962890625,264.27587890625,101278.6875,91241.015625,0.0,3.557559013366699,17.0,0.0,7620.0,88888.0,40.0,457.0,3.0,7.0,8.0,10.0,16.0,41.0,41.0,41.0,42.0,0.0,193.0,265.44000244140625,261.07000732421875,72.0,0.0,34.0,36.79999923706055
2024-03-18T16:54,2024-03-18T17:00,24,train,0,2024,3,16,23,2024-03-17T18:00,23,2024-03-17T18:00,23,2024-03-17T18:00,26,2024-03-17T15:00,24,2024-03-17T18:00,24,2024-03-17T17:00,-999.0,100.0,100.0,0.0,0.0,1567.42041015625,1341.6568603515625,75100.0,84500.0,2464.58740234375,6.237040996551514,240.99319458007812,254.53289794921875,265.61724853515625,271.29876708984375,275.414306640625,5214.56982421875,2768.920654296875,1292.362060546875,9.589691162109375,266.1588439941406,95.5999984741211,890.6810913085938,235.1199951171875,12900.0,0.0,8.619999885559082,1052.8712158203125,100.0,0.0,0.0,92.19999694824219,6921.10400390625,2.4000000848900527e-05,0.3125,240.0425567626953,255.4633331298828,265.6744384765625,271.9117736816406,275.97967529296875,5204.99462890625,2767.723388671875,1289.020751953125,622.8770751953125,-3.242374897003174,271.6842346191406,77.30000305175781,72.4000015258789,1334.51953125,557.9199829101562,20000.150390625,28.0,0.0,0.0,0.0,239.8000030517578,256.6000061035156,265.20001220703125,269.70001220703125,273.70001220703125,5218.404296875,2773.142822265625,1291.0848388671875,628.19384765625,-2.5253748893737793,266.9100036621094,95.9000015258789,100.0,654.0,220.47999572753906,0.0007999999797903001,3.1875,1350.6822509765625,100.0,0.0,0.0,100.0,18400.0,240.9525909423828,254.91867065429688,265.6158447265625,271.754638671875,276.1060791015625,5227.7236328125,2780.468505859375,1302.96728515625,637.208984375,16.695465087890625,271.031982421875,81.03168487548828,74.74333190917969,1241.5848388671875,430.0,0.0,7.75,5224.90234375,2777.8134765625,1294.657470703125,627.7027587890625,1.856201171875,240.427734375,256.37054443359375,266.0093994140625,272.1163330078125,276.17486572265625,68.319580078125,87.64212036132812,59.47745132446289,57.70512008666992,1.126450538635254,1.1787796020507812,0.8900308609008789,271.04327392578125,265.67425537109375,100043.4375,90051.796875,7.25,4.603512287139893,82.0,0.0,7620.0,30.0,32.0,201.0,77.0,82.0,83.0,87.0,94.0,46.0,46.0,46.0,46.0,27.0,1015.0,264.2099914550781,260.6000061035156,76.0,13.0,29.600000381469727,32.0
2024-03-18T16:54,2024-03-18T17:00,48,train,0,2024,3,16,47,2024-03-16T18:00,47,2024-03-16T18:00,47,2024-03-16T18:00,50,2024-03-16T15:00,48,2024-03-16T18:00,36,2024-03-17T05:00,-999.0,100.0,100.0,0.0,0.0,1341.805908203125,1341.638671875,78900.0,84500.0,1864.9600830078125,9.97219181060791,241.15591430664062,256.5115661621094,265.9189147949219,271.4697570800781,275.6109313964844,5223.80322265625,2776.05859375,1292.5599365234375,5.9070892333984375,266.1688232421875,96.4000015258789,491.68255615234375,236.39999389648438,200.0,0.0,16.459999084472656,1128.29150390625,100.0,0.0,0.0,100.0,9559.76953125,1.52000002344721e-05,0.5,240.00914001464844,257.0153503417969,266.26629638671875,272.4862976074219,276.5630798339844,5219.4619140625,2771.739501953125,1286.6474609375,618.9607543945312,-8.5170316696167,272.08502197265625,76.9000015258789,71.9000015258789,1233.1729736328125,617.5999755859375,19999.97265625,43.0,1.0,0.0,0.0,241.1999969482422,257.1000061035156,264.5,269.0,273.0,5223.2822265625,2771.896484375,1287.1988525390625,626.002685546875,-3.3041954040527344,266.27996826171875,98.4000015258789,100.0,541.3599853515625,124.31999969482422,9.999999747378752e-05,1.125,1307.979736328125,100.0,0.0,0.0,100.0,18000.0,241.41738891601562,256.41790771484375,264.16778564453125,270.21600341796875,274.50244140625,5229.3193359375,2777.154296875,1300.0240478515625,638.0144653320312,16.083892822265625,269.627685546875,82.76057434082031,76.31192016601562,844.7307739257812,220.0,0.0,10.4375,5225.328125,2778.486328125,1300.12060546875,633.624267578125,8.286865234375,241.30126953125,256.2203369140625,265.85699462890625,271.9476318359375,276.0,74.06835174560547,76.98995971679688,52.42413330078125,51.16531753540039,0.6473979949951172,0.8345203399658203,0.7214689254760742,270.79193115234375,264.006103515625,100121.875,90117.96875,14.375,4.2993268966674805,85.0,0.0,7620.0,30.0,32.0,201.0,95.0,95.0,95.0,95.0,95.0,45.0,45.0,47.0,48.0,21.0,1015.0,264.6499938964844,261.07000732421875,75.0,6.0,29.600000381469727,32.0
2024-05-06T14:50,2024-05-06T15:00,1,train,0,2024,5,14,1,2024-05-06T14:00,3,2024-05-06T12:00,3,2024-05-06T12:00,1,2024-05-06T14:00,3,2024-05-06T12:00,1,2024-05-06T14:00,-999.0,43.0,88.0,0.0,0.0,2569.542236328125,1343.969482421875,nan,86400.0,3138.544189453125,5.090083122253418,257.9666748046875,272.932373046875,280.7278747558594,283.7215576171875,287.6534118652344,5678.3623046875,3051.82421875,1473.5531005859375,113.78569793701172,282.7840270996094,93.0999984741211,392.99664306640625,3010.56005859375,13900.0,0.0,0.20800000429153442,785.6589965820312,100.0,0.0,5.0,73.5999984741211,795.5924682617188,1.6000000186977559e-06,0.0625,258.1756591796875,272.5948181152344,280.7064208984375,284.1750793457031,288.4950866699219,5678.16162109375,3050.07373046875,1475.3746337890625,773.7587280273438,117.4127197265625,284.5,94.19999694824219,94.0999984741211,288.2748718261719,2820.639892578125,2205.74072265625,76.0,28.0,0.0,10900.0,257.8999938964844,274.0,280.20001220703125,283.70001220703125,287.8999938964844,5684.3564453125,3055.6728515625,1472.37451171875,772.9586791992188,124.1615982055664,281.6199951171875,92.19999694824219,94.0,300.9599914550781,3164.47998046875,0.0003000000142492354,5.75,850.9343872070312,100.0,8.0,0.0,98.0,2600.0,257.8639831542969,272.78875732421875,280.91668701171875,282.4589538574219,285.8884582519531,5681.95361328125,3059.122802734375,1478.38916015625,777.6806030273438,121.76844787597656,282.3407287597656,98.60336303710938,98.8567886352539,256.9524841308594,3050.0,0.0001500000071246177,0.8125,5683.68359375,3056.99462890625,1478.699462890625,777.07373046875,123.97509765625,258.6565246582031,272.94647216796875,280.51190185546875,283.81829833984375,288.05377197265625,100.01182556152344,94.43031311035156,95.9493637084961,94.64005279541016,0.0174560546875,0.5759820938110352,0.09203624725341797,283.7760009765625,283.6510009765625,101488.6875,91808.3671875,9.125,19.09535789489746,79.0,0.0,7620.0,0.0,0.0,209.0,95.0,100.0,100.0,100.0,100.0,72.0,75.0,76.0,80.0,3.0,202.0,278.6999816894531,277.8500061035156,93.0,19.0,14.399999618530273,15.600000381469727
2024-05-30T15:54,2024-05-30T16:00,1,holdout_webcam,0,2024,5,15,1,2024-05-30T15:00,4,2024-05-30T12:00,4,2024-05-30T12:00,1,2024-05-30T15:00,3,2024-05-30T12:00,1,2024-05-30T15:00,-999.0,0.0,12.0,100.0,100.0,6998.912109375,5889.69384765625,37000.0,48100.0,8593.1875,3.986053466796875,253.2044677734375,269.5827941894531,277.33013916015625,283.4180603027344,287.9643249511719,5608.06640625,3029.170654296875,1478.2646484375,128.30618286132812,280.9282531738281,68.4000015258789,840.9404296875,2038.1190185546875,25700.0,0.0,0.0,5089.5205078125,5.0,100.0,100.0,0.0,24135.037109375,0.0,0.0,253.6591796875,268.6092529296875,278.2056579589844,285.66387939453125,290.0591735839844,5595.080078125,3021.30517578125,1473.19482421875,774.4258422851562,116.67893981933594,287.0691223144531,39.599998474121094,40.400001525878906,1736.72412109375,2007.8399658203125,1734.030029296875,17.0,100.0,100.0,24100.0,253.10000610351562,269.70001220703125,277.20001220703125,282.79998779296875,287.0,5601.64794921875,3024.090576171875,1473.4034423828125,777.3726806640625,120.2341079711914,282.02996826171875,69.0,77.0,638.0,1934.8800048828125,0.0,0.0,5337.7060546875,7.0,100.0,100.0,7.0,27600.0,253.09396362304688,268.6470031738281,277.006591796875,283.2564392089844,288.0845642089844,5595.828125,3024.8837890625,1476.038818359375,781.4266967773438,128.39764404296875,284.37652587890625,65.02945709228516,61.32697677612305,1068.6414794921875,2020.0,0.0,0.0,5602.54296875,3026.82763671875,1475.472412109375,780.9334716796875,128.53125,253.01071166992188,269.52410888671875,276.56634521484375,283.3815002441406,287.7808837890625,4.870575904846191,71.08869171142578,50.7618522644043,47.58371353149414,-0.1683197021484375,-0.284820556640625,-0.13004398345947266,283.99273681640625,274.50933837890625,101553.5,91830.4375,0.0,8.337390899658203,72.0,0.0,7620.0,3784.0,3104.0,16209.0,0.0,1.0,8.0,16.0,24.0,9.0,9.0,9.0,9.0,9.0,416.0,277.53997802734375,271.53997802734375,64.0,0.0,11.199999809265137,11.899999618530273
2024-07-22T15:53,2024-07-22T16:00,1,holdout_webcam,0,2024,7,15,1,2024-07-22T15:00,4,2024-07-22T12:00,4,2024-07-22T12:00,1,2024-07-22T15:00,3,2024-07-22T12:00,1,2024-07-22T15:00,-999.0,0.0,0.0,0.0,6.0,nan,nan,nan,nan,nan,2.85492205619812,262.072509765625,276.8098449707031,285.5260925292969,291.7840576171875,296.4996032714844,5796.33447265625,3133.605224609375,1537.2138671875,148.32081604003906,289.533447265625,43.099998474121094,759.88232421875,4055.832763671875,46800.0,0.0,0.0,19999.994140625,0.0,0.0,97.5999984741211,0.0,24135.044921875,0.0,0.0,262.3927001953125,277.01947021484375,286.4119567871094,293.83905029296875,298.62640380859375,5801.58154296875,3138.417724609375,1542.8232421875,822.4088745117188,152.08648681640625,295.83551025390625,39.5,40.900001525878906,1918.15087890625,4025.280029296875,19999.9453125,22.0,0.0,0.0,24100.0,262.5,277.5,285.20001220703125,291.1000061035156,295.5,5804.16943359375,3139.9970703125,1545.3321533203125,828.4241943359375,151.51019287109375,290.9100341796875,55.599998474121094,58.0,1243.760009765625,4088.279541015625,0.0,0.0,nan,0.0,0.0,66.0,0.0,34300.0,262.2151794433594,276.678955078125,284.84954833984375,290.94580078125,295.9874267578125,5797.6943359375,3136.5908203125,1541.5745849609375,827.0825805664062,154.41917419433594,292.68560791015625,56.8827018737793,55.43541717529297,1087.0380859375,3960.0,0.0,0.0,5804.55859375,3138.519287109375,1542.525146484375,828.0520629882812,161.909423828125,262.32373046875,277.72418212890625,283.9627380371094,291.05010986328125,295.619873046875,12.70301342010498,72.51260375976562,51.4570426940918,47.58849334716797,0.33341121673583984,-0.21451950073242188,-0.07368183135986328,292.83941650390625,282.05499267578125,101945.625,92364.6328125,0.0,12.658245086669922,24.0,38.0,8180.0,0.0,0.0,209.0,52.0,63.0,71.0,71.0,72.0,69.0,69.0,69.0,69.0,3.0,240.0,283.79998779296875,278.7200012207031,71.0,0.0,8.399999618530273,10.899999618530273
2024-05-06T14:50,2024-05-06T15:00,24,train,0,2024,5,14,21,2024-05-05T18:00,21,2024-05-05T18:00,21,2024-05-05T18:00,24,2024-05-05T15:00,21,2024-05-05T18:00,24,2024-05-05T15:00,-999.0,85.0,85.0,0.0,0.0,nan,1343.8692626953125,nan,86300.0,nan,6.3423357009887695,257.999755859375,272.65576171875,280.48565673828125,283.90081787109375,288.0712890625,5675.23388671875,3052.029541015625,1473.94921875,113.62374877929688,282.00640869140625,97.9000015258789,375.942138671875,3228.47998046875,7500.0,0.00019999999494757503,25.360000610351562,972.50048828125,92.30000305175781,0.0,4.699999809265137,81.80000305175781,24135.185546875,1.2000000424450263e-06,0.5625,258.1926574707031,272.22125244140625,280.1077880859375,284.12042236328125,288.4537048339844,5676.791015625,3049.5166015625,1476.573486328125,775.805419921875,119.28375244140625,284.522705078125,93.30000305175781,92.80000305175781,265.3332214355469,2740.0,1196.755859375,68.0,51.0,0.0,100.0,258.29998779296875,272.3999938964844,279.6000061035156,282.3999938964844,286.6000061035156,5675.544921875,3051.997314453125,1473.745849609375,777.1333618164062,121.03473663330078,280.5899963378906,98.19999694824219,100.0,259.5199890136719,2937.919921875,0.00039999998989515007,3.625,796.32958984375,100.0,0.0,0.0,100.0,100.0,258.21099853515625,272.9561462402344,280.37384033203125,282.96722412109375,287.46661376953125,5675.9658203125,3049.470947265625,1473.977783203125,774.1292724609375,115.26495361328125,282.6648864746094,100.3724365234375,98.01307678222656,388.46392822265625,3060.0,0.0,17.5,5685.34375,3054.822021484375,1472.6572265625,770.9482421875,116.06640625,258.1535339355469,274.87652587890625,281.1666564941406,284.29339599609375,288.7803955078125,6.829297065734863,96.1344223022461,93.27684783935547,88.01488494873047,-0.0060787200927734375,0.688197135925293,0.17759132385253906,284.62152099609375,283.30902099609375,101393.9375,91733.890625,1.5,13.839690208435059,76.0,0.0,7620.0,32.0,32.0,201.0,66.0,69.0,75.0,78.0,85.0,57.0,61.0,65.0,69.0,2.0,337.0,278.6499938964844,277.82000732421875,95.0,11.0,17.200000762939453,18.399999618530273
2024-05-06T14:50,2024-05-06T15:00,48,train,0,2024,5,14,45,2024-05-04T18:00,45,2024-05-04T18:00,45,2024-05-04T18:00,48,2024-05-04T15:00,45,2024-05-04T18:00,45,2024-05-04T18:00,-999.0,100.0,100.0,0.0,16.0,1344.128173828125,1344.0167236328125,83700.0,86200.0,1730.9779052734375,8.984090805053711,258.19696044921875,274.229736328125,280.556396484375,284.85247802734375,289.27630615234375,5674.21533203125,3046.214111328125,1465.525634765625,101.55709075927734,281.5527648925781,100.0,378.78680419921875,3555.52001953125,0.0,0.0,33.560001373291016,785.3143310546875,97.4000015258789,0.0,6.900000095367432,92.19999694824219,118.99323272705078,7.60000011723605e-06,0.1875,258.2601013183594,272.48675537109375,279.9024353027344,283.45330810546875,287.7578125,5669.744140625,3046.01318359375,1472.5062255859375,772.7750244140625,117.88909149169922,283.95904541015625,92.5,93.19999694824219,332.3195495605469,2863.679931640625,20000.01171875,33.0,0.0,0.0,100.0,258.6000061035156,274.1000061035156,281.6000061035156,281.1000061035156,285.29998779296875,5672.0146484375,3041.87841796875,1461.6038818359375,767.5404663085938,110.56373596191406,278.9100036621094,98.5999984741211,100.0,219.0399932861328,3233.1201171875,0.0005000000237487257,3.125,796.4349975585938,100.0,0.0,57.0,100.0,900.0,257.45550537109375,273.5425720214844,281.4408874511719,283.5987548828125,287.7906188964844,5668.50341796875,3046.725830078125,1462.914794921875,760.7097778320312,102.27523803710938,283.59942626953125,99.71182250976562,96.88362884521484,366.9196472167969,3160.0,0.0,9.1875,5678.87109375,3055.312744140625,1471.55224609375,769.07177734375,113.730224609375,257.5592041015625,274.3038330078125,281.482666015625,284.58880615234375,289.08489990234375,44.192012786865234,95.08696746826172,90.3947525024414,86.13239288330078,0.43137359619140625,0.4985361099243164,0.01094818115234375,285.4951171875,283.3701171875,101351.5,91713.96875,5.0,15.931363105773926,87.0,,,48.0,24.0,9856.0,88.0,88.0,,89.0,,48.0,,54.0,59.0,5.0,312.0,278.22998046875,277.7200012207031,96.0,0.0,18.799999237060547,20.0
2024-05-30T15:54,2024-05-30T16:00,24,holdout_webcam,0,2024,5,15,22,2024-05-29T18:00,22,2024-05-29T18:00,22,2024-05-29T18:00,25,2024-05-29T15:00,21,2024-05-29T18:00,24,2024-05-29T16:00,-999.0,41.0,48.0,21.0,0.0,8439.6650390625,1893.7991943359375,nan,80700.0,9869.7138671875,3.575592517852783,252.70559692382812,269.1171875,276.912109375,283.42926025390625,287.8976135253906,5596.701171875,3021.270751953125,1475.8619384765625,126.8492660522461,280.30718994140625,76.19999694824219,998.4163818359375,1926.56005859375,21300.0,0.0,0.0,5145.6962890625,4.0,100.0,98.0999984741211,0.0,24134.9609375,0.0,0.0,253.84512329101562,268.89227294921875,278.10028076171875,285.0945129394531,289.4390869140625,5600.943359375,3020.234130859375,1471.9154052734375,773.8194580078125,116.99253845214844,285.8232421875,37.599998474121094,35.900001525878906,1619.271240234375,1988.0,5113.2060546875,17.0,98.0,91.0,24100.0,253.60000610351562,269.20001220703125,278.20001220703125,283.70001220703125,288.0,5601.423828125,3025.8896484375,1474.5206298828125,776.4047241210938,117.54011535644531,283.2300109863281,58.400001525878906,65.0,1200.8800048828125,1976.1600341796875,0.0,0.0,8769.4326171875,39.0,74.0,6.0,38.0,27800.0,252.60678100585938,268.099609375,276.44573974609375,283.12677001953125,288.0684814453125,5594.87890625,3023.06787109375,1481.049560546875,787.0648193359375,134.6384735107422,284.4986267089844,64.81327819824219,61.62776565551758,1453.181640625,1890.0,0.0,0.0,5604.19921875,3025.87109375,1476.997802734375,777.5562744140625,120.890380859375,253.12124633789062,269.6221008300781,278.5205078125,285.3983154296875,289.72821044921875,6.091689109802246,56.98191452026367,40.77119827270508,39.22112274169922,0.014279365539550781,-0.19574546813964844,-0.06677722930908203,286.587646484375,274.4937438964844,101440.8125,91807.6328125,0.0,9.09592056274414,87.0,0.0,7620.0,672.0,672.0,209.0,13.0,19.0,28.0,35.0,46.0,48.0,49.0,49.0,49.0,11.0,560.0,277.80999755859375,270.6099853515625,59.0,0.0,9.600000381469727,10.600000381469727
2024-05-30T15:54,2024-05-30T16:00,48,holdout_webcam,0,2024,5,15,46,2024-05-28T18:00,46,2024-05-28T18:00,46,2024-05-28T18:00,49,2024-05-28T15:00,45,2024-05-28T18:00,36,2024-05-29T04:00,4333.0,100.0,100.0,100.0,100.0,1390.75048828125,1343.502197265625,37000.0,86500.0,9075.61328125,2.310685396194458,252.88156127929688,269.2690734863281,276.0538024902344,281.7522277832031,286.17535400390625,5609.17236328125,3029.586669921875,1477.2125244140625,132.23583984375,277.66436767578125,99.80000305175781,582.5040893554688,2005.1199951171875,500.0,0.00019999999494757503,2.140000104904175,6461.3291015625,5.0,91.80000305175781,62.79999923706055,0.0,24134.77734375,0.0,0.0,251.81597900390625,266.6187438964844,278.9239196777344,286.3436279296875,290.7567138671875,5595.53564453125,3028.8857421875,1482.0704345703125,781.6360473632812,123.06683349609375,288.2090759277344,35.29999923706055,35.79999923706055,2125.719970703125,2086.719970703125,7715.14501953125,3.0,52.0,69.0,24100.0,253.0,269.3999938964844,278.0,283.6000061035156,287.8999938964844,5605.6845703125,3031.500732421875,1479.4315185546875,781.996826171875,123.80073547363281,283.46002197265625,49.099998474121094,55.0,1070.1600341796875,1984.3199462890625,0.0,0.0,1283.7191162109375,100.0,100.0,100.0,100.0,20300.0,253.11431884765625,268.9344482421875,274.6516418457031,280.494384765625,285.2408142089844,5601.6416015625,3022.170654296875,1471.9102783203125,783.6405639648438,134.14788818359375,281.8484191894531,78.0,77.26728057861328,834.9231567382812,1870.0,0.0,6.0,5613.59375,3033.80517578125,1481.31396484375,782.4246826171875,126.394775390625,253.39976501464844,269.50042724609375,278.1167297363281,285.10089111328125,289.5150146484375,24.669809341430664,64.1558609008789,45.00220489501953,42.38195037841797,0.10287189483642578,-0.35478973388671875,-0.3008127212524414,285.8953552246094,274.6698913574219,101520.1875,91855.140625,0.0,10.206923484802246,51.0,0.0,7620.0,88888.0,2264.0,457.0,12.0,17.0,20.0,25.0,31.0,36.0,37.0,37.0,39.0,8.0,664.0,277.8499755859375,270.16998291015625,58.0,1.0,10.800000190734863,11.800000190734863
2024-07-22T15:53,2024-07-22T16:00,24,holdout_webcam,0,2024,7,15,22,2024-07-21T18:00,22,2024-07-21T18:00,22,2024-07-21T18:00,25,2024-07-21T15:00,21,2024-07-21T18:00,24,2024-07-21T16:00,-999.0,0.0,2.0,0.0,61.0,nan,2247.661865234375,nan,26100.0,nan,6.678382873535156,261.7991027832031,276.90185546875,284.5727844238281,290.97900390625,295.6993408203125,5802.47119140625,3143.184326171875,1548.22021484375,160.59210205078125,288.4178161621094,71.9000015258789,501.6241455078125,3979.988037109375,22600.0,0.0,0.0,20000.05078125,0.0,1.0,100.0,0.0,24135.078125,0.0,0.0,262.08203125,276.77984619140625,286.01983642578125,293.3469543457031,298.1363220214844,5805.7197265625,3141.9296875,1547.477783203125,828.6467895507812,159.28269958496094,295.5167236328125,34.599998474121094,34.70000076293945,1722.4053955078125,4064.47998046875,20000.15234375,4.0,0.0,2.0,24100.0,262.20001220703125,278.15509033203125,284.29998779296875,290.29998779296875,294.6000061035156,5807.6513671875,3140.971435546875,1543.0589599609375,828.75146484375,153.84132385253906,290.1199951171875,49.5,51.0,887.0399780273438,4169.60009765625,0.0,0.0,nan,14.0,0.0,65.0,14.0,24700.0,262.0134582519531,276.7490539550781,283.2388000488281,289.33905029296875,294.48358154296875,5801.208984375,3141.110595703125,1548.8665771484375,837.7099609375,166.4857940673828,291.087646484375,69.5119400024414,66.1900634765625,858.0484619140625,3980.0,0.0,0.0,5803.51171875,3137.09375,1541.119873046875,826.1083984375,159.60302734375,262.3443603515625,277.7110595703125,284.16943359375,291.255615234375,295.8172912597656,12.10288143157959,70.33084106445312,50.482608795166016,47.34946060180664,0.3962869644165039,-0.09163761138916016,0.07347488403320312,292.96142578125,282.0842590332031,101921.6875,92337.3828125,0.0,12.43144416809082,19.0,0.0,7620.0,152.0,152.0,465.0,15.0,29.0,31.0,37.0,41.0,37.0,40.0,40.0,43.0,0.0,152.0,283.67999267578125,278.2300109863281,68.0,0.0,7.199999809265137,9.199999809265137
2024-08-28T22:55,2024-08-28T23:00,1,train,1,2024,8,22,1,2024-08-28T22:00,5,2024-08-28T18:00,5,2024-08-28T18:00,1,2024-08-28T22:00,0,2024-08-29T00:00,1,2024-08-28T22:00,-999.0,0.0,0.0,6.0,0.0,nan,nan,nan,nan,nan,9.109837532043457,264.1656494140625,282.167236328125,286.6680908203125,286.9674987792969,291.2310791015625,5815.7646484375,3127.455078125,1504.1427001953125,116.31487274169922,282.57257080078125,57.29999923706055,146.26068115234375,4430.13427734375,33400.0,0.0,0.0,19999.86328125,0.0,4.900000095367432,90.9000015258789,12.199999809265137,24135.107421875,0.0,0.0,264.6455993652344,282.01123046875,282.6446228027344,286.6092529296875,290.5999755859375,5820.263671875,3127.60791015625,1511.7420654296875,804.421630859375,145.22718811035156,285.99407958984375,73.4000015258789,67.5999984741211,88.21963500976562,4443.68017578125,19999.939453125,26.0,5.0,0.0,24100.0,264.70001220703125,281.70001220703125,288.6000061035156,288.20001220703125,292.6000061035156,5822.59716796875,3131.7890625,1504.866943359375,793.7722778320312,130.9491729736328,284.9200134277344,59.20000076293945,50.0,265.6000061035156,4498.68505859375,0.0,0.0,nan,21.0,0.0,87.0,21.0,16900.0,264.23773193359375,282.3180236816406,286.6758728027344,285.732421875,290.4714660644531,5821.43359375,3131.30908203125,1507.562255859375,799.8455810546875,127.50861358642578,285.776123046875,83.0,79.16580200195312,392.359130859375,4487.15087890625,0.0,0.0,5818.82421875,3134.761962890625,1513.921875,807.5242919921875,151.679931640625,263.7108459472656,281.5596923828125,286.3876953125,284.90191650390625,289.3428955078125,0.09655094146728516,20.64118194580078,85.43405151367188,86.04975128173828,-1.0680532455444336,0.7026805877685547,0.4428415298461914,283.9258117675781,282.80047607421875,101815.3125,92125.34375,0.0,9.371085166931152,58.0,80.0,8750.0,3880.0,3384.0,1170.0,18.0,18.0,19.0,20.0,21.0,17.0,17.0,17.0,17.0,0.0,0.0,279.9599914550781,275.510009765625,73.0,2.0,20.399999618530273,21.700000762939453
2024-08-28T22:55,2024-08-28T23:00,24,train,1,2024,8,22,23,2024-08-28T00:00,23,2024-08-28T00:00,23,2024-08-28T00:00,26,2024-08-27T21:00,24,2024-08-28T00:00,24,2024-08-27T23:00,-999.0,0.0,0.0,0.0,6.0,nan,nan,nan,nan,nan,7.442572593688965,264.84051513671875,281.00628662109375,284.98773193359375,286.0400390625,290.3898620605469,5816.6962890625,3129.74267578125,1515.030029296875,132.56082153320312,281.8116760253906,57.79999923706055,150.6511993408203,4438.115234375,32900.0,0.0,4.880000114440918,19999.8828125,0.0,23.799999237060547,76.0,71.5999984741211,24135.03515625,0.0,0.0,264.46014404296875,281.57635498046875,282.4263000488281,285.11474609375,289.15386962890625,5816.16015625,3124.70361328125,1511.29296875,807.5726318359375,150.2113800048828,284.8474426269531,83.9000015258789,80.4000015258789,202.02169799804688,4444.0,20000.09765625,29.0,47.0,2.0,24100.0,265.3999938964844,282.29998779296875,285.79998779296875,285.20001220703125,289.5,5815.15234375,3123.3369140625,1501.44580078125,795.9558715820312,136.69776916503906,282.7699890136719,91.4000015258789,92.0,223.36000061035156,4448.888671875,0.0,0.125,nan,33.0,0.0,0.0,33.0,15600.0,265.3377685546875,281.6886291503906,284.91448974609375,284.3738098144531,289.10595703125,5818.66845703125,3126.918701171875,1509.01416015625,805.5094604492188,136.30294799804688,284.32769775390625,86.13922119140625,82.49896240234375,397.9813537597656,4489.646484375,0.0,1.0625,5819.50390625,3130.900146484375,1512.976806640625,806.69677734375,148.576171875,264.3426513671875,281.0271911621094,284.8555908203125,286.0201416015625,290.5172119140625,0.9811201095581055,29.67068862915039,75.46612548828125,75.96826171875,-0.7941493988037109,0.9086484909057617,0.48020267486572266,284.6734619140625,282.007080078125,101767.4375,92119.9296875,0.0,10.319258689880371,42.0,28.0,8736.0,32.0,32.0,402.0,41.0,43.0,48.0,49.0,51.0,40.0,41.0,41.0,41.0,0.0,0.0,279.510009765625,276.91998291015625,84.0,3.0,20.0,21.299999237060547
2024-08-28T22:55,2024-08-28T23:00,48,train,1,2024,8,22,47,2024-08-27T00:00,47,2024-08-27T00:00,47,2024-08-27T00:00,50,2024-08-26T21:00,48,2024-08-27T00:00,36,2024-08-27T11:00,-999.0,0.0,0.0,0.0,100.0,nan,8171.197265625,nan,36600.0,nan,6.4405293464660645,264.55352783203125,280.21514892578125,285.5585632324219,287.18609619140625,291.5079345703125,5819.234375,3136.78125,1524.0802001953125,139.7618408203125,282.8587341308594,59.099998474121094,140.01063537597656,4314.31103515625,32000.0,0.0,6.909999847412109,5109.064453125,69.19999694824219,0.0,31.799999237060547,98.30000305175781,24113.01171875,4.0000000467443897e-07,0.0625,262.72064208984375,280.84259033203125,284.1153259277344,283.3379821777344,287.64971923828125,5821.66015625,3138.332763671875,1524.7281494140625,822.3029174804688,167.6530303955078,283.64971923828125,95.0,95.0,284.24249267578125,4464.47998046875,20000.087890625,37.0,26.0,17.0,0.0,264.5,281.5,284.6000061035156,286.79998779296875,291.1000061035156,5810.42138671875,3121.946044921875,1502.37646484375,793.8102416992188,130.3322296142578,284.42999267578125,99.80000305175781,100.0,394.3999938964844,4357.095703125,0.0,0.4375,nan,33.0,17.0,99.0,33.0,15304.4951171875,264.3092346191406,279.5608215332031,286.1998291015625,285.0740966796875,289.7576904296875,5811.7197265625,3133.72509765625,1520.770263671875,813.962158203125,145.89048767089844,285.16876220703125,87.16669464111328,82.55271911621094,373.41143798828125,4183.4384765625,0.0,6.5625,5822.203125,3136.159912109375,1518.189453125,806.0375366210938,144.58203125,263.2618103027344,280.9889831542969,286.59747314453125,288.001953125,292.51123046875,1.9863519668579102,23.897640228271484,87.49615478515625,90.72159576416016,-0.45279407501220703,0.45942020416259766,0.4378213882446289,286.65228271484375,286.0577392578125,101738.75,92130.296875,0.75,9.598381042480469,67.0,0.0,7620.0,32.0,32.0,457.0,28.0,31.0,33.0,33.0,36.0,42.0,42.0,42.0,42.0,1.0,0.0,280.42999267578125,278.5199890136719,89.0,4.0,17.600000381469727,19.0
2024-07-22T15:53,2024-07-22T16:00,48,holdout_webcam,0,2024,7,15,46,2024-07-20T18:00,46,2024-07-20T18:00,46,2024-07-20T18:00,49,2024-07-20T15:00,45,2024-07-20T18:00,36,2024-07-21T04:00,-999.0,0.0,1.0,0.0,59.0,nan,1995.5087890625,nan,27200.0,nan,4.571285247802734,262.103515625,277.2243347167969,284.72296142578125,291.1524963378906,295.9150390625,5809.1015625,3148.00390625,1551.66943359375,162.83615112304688,288.7522277832031,65.5999984741211,574.380615234375,4077.78564453125,26800.0,0.0,0.009999999776482582,20000.033203125,0.0,1.399999976158142,54.29999923706055,0.0,24134.986328125,0.0,0.0,262.4114990234375,276.9325256347656,286.07843017578125,293.38946533203125,298.07708740234375,5810.8701171875,3141.50439453125,1547.9998779296875,829.1083374023438,159.73988342285156,296.01800537109375,32.79999923706055,32.900001525878906,1830.7264404296875,4212.64013671875,20000.193359375,14.0,0.0,0.0,24100.0,262.70001220703125,277.8999938964844,284.5,290.29998779296875,294.6000061035156,5803.83447265625,3131.986083984375,1538.6727294921875,824.00732421875,154.9769287109375,290.04998779296875,53.5,56.0,1239.199951171875,4329.919921875,0.0,0.0,nan,4.0,0.0,34.0,4.0,26500.0,261.9818420410156,277.4595031738281,283.33331298828125,289.58843994140625,294.6817626953125,5809.046875,3147.646728515625,1552.92236328125,841.5113525390625,169.99966430664062,291.51898193359375,67.4178466796875,65.10749816894531,949.1399536132812,4040.0,0.0,0.25,5805.484375,3137.797607421875,1541.95654296875,826.0840454101562,159.26171875,261.9966125488281,277.45037841796875,284.39501953125,291.56524658203125,296.12109375,11.816389083862305,74.38556671142578,53.54012680053711,49.69121170043945,0.25339317321777344,0.02098846435546875,0.08103084564208984,293.181396484375,283.02716064453125,101916.25,92333.328125,0.0,13.62530517578125,20.0,0.0,7620.0,32.0,32.0,457.0,29.0,38.0,42.0,45.0,46.0,36.0,36.0,36.0,38.0,4.0,328.0,283.8500061035156,278.04998779296875,67.0,0.0,6.400000095367432,8.5
2024-09-08T11:47,2024-09-08T12:00,1,train,0,2024,9,11,1,2024-09-08T11:00,6,2024-09-08T06:00,6,2024-09-08T06:00,1,2024-09-08T11:00,0,2024-09-08T12:00,1,2024-09-08T11:00,-999.0,62.0,62.0,0.0,0.0,nan,1343.25390625,nan,85700.0,nan,8.977968215942383,258.0956726074219,271.6156005859375,276.2513427734375,280.52789306640625,284.88287353515625,5588.9189453125,2974.82080078125,1416.383544921875,71.58154296875,276.0240783691406,99.9000015258789,340.52593994140625,3061.852783203125,12200.0,0.0,0.0,20000.08203125,0.10000000149011612,0.0,0.0,21.100000381469727,24135.298828125,0.0,0.0625,258.54095458984375,272.2436828613281,274.69805908203125,280.0580749511719,284.2480773925781,5586.7177734375,2968.7822265625,1416.07568359375,727.7493286132812,81.63662719726562,279.7880554199219,92.5999984741211,87.9000015258789,963.4304809570312,1807.52001953125,20000.068359375,31.0,0.0,0.0,0.0,257.3999938964844,270.8999938964844,274.79998779296875,278.6000061035156,282.70001220703125,5584.93896484375,2973.32373046875,1417.070556640625,731.1236572265625,81.52111053466797,276.0299987792969,99.5,100.0,423.0400085449219,2421.919921875,0.0,6.5,923.1463623046875,100.0,0.0,0.0,100.0,13000.0,257.60595703125,271.6488037109375,275.50726318359375,279.921630859375,284.42041015625,5591.4794921875,2975.99267578125,1419.82470703125,731.0491333007812,78.76244354248047,279.9619445800781,92.80968475341797,91.27813720703125,548.9234619140625,2230.28125,0.0,0.0,5596.28515625,2976.84130859375,1419.6806640625,729.5145874023438,84.622802734375,257.56640625,271.89794921875,276.20867919921875,280.32965087890625,284.530517578125,11.206695556640625,65.93740844726562,89.12377166748047,92.49280548095703,0.3101615905761719,1.7277040481567383,0.5893564224243164,279.93353271484375,278.99603271484375,101038.8125,91260.0,7.5,7.870926856994629,34.0,0.0,7620.0,0.0,0.0,256.0,58.0,59.0,59.0,59.0,60.0,66.0,66.0,66.0,66.0,5.0,0.0,273.4599914550781,271.4100036621094,88.0,5.0,25.200000762939453,26.0
2024-09-08T11:47,2024-09-08T12:00,48,train,0,2024,9,11,48,2024-09-06T12:00,48,2024-09-06T12:00,48,2024-09-06T12:00,45,2024-09-06T15:00,48,2024-09-06T12:00,48,2024-09-06T12:00,-999.0,0.0,20.0,0.0,0.0,nan,1343.100830078125,nan,86100.0,nan,7.587242603302002,258.95758056640625,271.81719970703125,274.95892333984375,278.753173828125,283.1425476074219,5612.28564453125,2999.234619140625,1443.4765625,102.60580444335938,275.2076721191406,96.80000305175781,328.4659118652344,2823.840087890625,12200.0,0.0,5.489999771118164,15717.2421875,41.29999923706055,0.0,0.0,29.5,24135.00390625,0.0,0.0,258.5195007324219,270.8443298339844,275.1986999511719,278.70489501953125,282.9163818359375,5600.169921875,2985.871337890625,1429.290283203125,742.7174682617188,99.71056365966797,278.58807373046875,95.69999694824219,93.0,304.819580078125,2364.639892578125,20000.1328125,39.0,0.0,0.0,24100.0,258.8999938964844,272.5,273.5,275.6000061035156,279.70001220703125,5586.99951171875,2976.922119140625,1417.0076904296875,738.1204833984375,97.96650695800781,273.3399963378906,96.0,99.0,291.1199951171875,1188.3199462890625,0.0,3.0625,nan,3.0,0.0,0.0,3.0,16500.0,258.85870361328125,271.95721435546875,275.9253845214844,280.49847412109375,284.8401184082031,5618.35791015625,2998.75244140625,1444.9351806640625,754.891357421875,101.89776611328125,280.7265930175781,84.27470397949219,81.16667175292969,477.09014892578125,2090.341064453125,0.0,5.25,5610.4453125,2994.53271484375,1433.41943359375,741.4291381835938,94.93505859375,259.34124755859375,272.6813659667969,276.8717041015625,280.993896484375,285.2408447265625,10.843085289001465,81.9971694946289,92.61109161376953,93.80889129638672,0.47307872772216797,1.2467575073242188,0.5342426300048828,280.74884033203125,279.87384033203125,101158.75,91387.640625,13.5,8.920654296875,38.0,,,64.0,32.0,6400.0,61.0,61.0,,62.0,,40.0,,40.0,40.0,14.0,0.0,273.5799865722656,272.0,88.0,28.0,22.0,22.399999618530273
2024-09-08T11:47,2024-09-08T12:00,24,train,0,2024,9,11,24,2024-09-07T12:00,24,2024-09-07T12:00,24,2024-09-07T12:00,21,2024-09-07T15:00,24,2024-09-07T12:00,24,2024-09-07T12:00,-999.0,0.0,20.0,0.0,0.0,nan,1343.000732421875,nan,85800.0,nan,10.198517799377441,260.3689880371094,271.6802673339844,275.2585754394531,279.0693359375,283.3955383300781,5599.42919921875,2985.8388671875,1427.4375,86.62244415283203,274.6078796386719,95.9000015258789,310.32171630859375,3035.52001953125,12200.0,0.0,3.4000000953674316,15801.154296875,13.300000190734863,0.0,0.0,62.29999923706055,24135.001953125,0.0,0.0,259.6024475097656,271.1682434082031,274.76385498046875,278.53900146484375,282.71826171875,5583.86328125,2976.52099609375,1419.7833251953125,734.0189819335938,91.56993865966797,278.35595703125,93.5,90.0,334.1315002441406,2432.0,19999.865234375,31.0,0.0,0.0,0.0,261.0,271.79998779296875,275.5,275.70001220703125,279.8999938964844,5586.681640625,2972.30615234375,1405.151123046875,724.8311767578125,80.0949478149414,273.05999755859375,99.5,100.0,292.1600036621094,1166.719970703125,0.0010000000474974513,3.9375,nan,6.0,0.0,0.0,6.0,18300.0,257.3814392089844,271.65008544921875,274.54718017578125,278.9325866699219,283.4913330078125,5577.93310546875,2975.1005859375,1422.66796875,737.0350341796875,86.09647369384766,279.088134765625,80.86775970458984,78.13214111328125,514.8595581054688,2150.0,0.0,8.5,5595.8359375,2980.003173828125,1418.6806640625,728.2169189453125,82.721435546875,259.0915832519531,272.16741943359375,276.1293640136719,280.61834716796875,284.8081970214844,9.284783363342285,87.66653442382812,92.34530639648438,92.81570434570312,-0.03485870361328125,0.9116096496582031,0.3365478515625,280.4254150390625,279.3941650390625,101002.1875,91254.90625,17.625,8.172426223754883,34.0,0.0,7620.0,0.0,0.0,256.0,53.0,56.0,57.0,58.0,62.0,58.0,62.0,66.0,72.0,4.0,0.0,273.6400146484375,271.1199951171875,85.0,2.0,23.200000762939453,23.200000762939453
2024-09-17T09:51,2024-09-17T10:00,24,train,0,2024,9,9,22,2024-09-16T12:00,22,2024-09-16T12:00,22,2024-09-16T12:00,25,2024-09-16T09:00,21,2024-09-16T12:00,24,2024-09-16T10:00,-999.0,0.0,0.0,0.0,84.0,nan,1889.2684326171875,nan,28000.0,nan,3.660954236984253,263.6627197265625,278.76580810546875,287.4443054199219,291.76806640625,295.8262939453125,5878.404296875,3204.5712890625,1593.99462890625,199.59109497070312,285.9248962402344,45.400001525878906,254.08181762695312,4313.3740234375,44400.0,0.0,0.0,10479.578125,0.0,0.0,100.0,0.0,24135.076171875,0.0,0.0,263.7860107421875,279.387451171875,286.93505859375,291.4508056640625,293.052001953125,5880.2001953125,3202.565185546875,1591.685791015625,870.8240356445312,206.9469757080078,287.8654479980469,76.0,59.099998474121094,12.108181953430176,4352.0,20000.16796875,12.0,0.0,0.0,24100.0,264.20001220703125,279.20001220703125,287.79998779296875,291.0,295.3999938964844,5879.634765625,3201.809814453125,1587.5423583984375,868.2697143554688,200.2266082763672,287.05999755859375,84.5,78.0,111.5199966430664,4370.12255859375,0.0,0.0,9957.3583984375,0.0,0.0,99.0,0.0,24900.0,263.64166259765625,279.0340576171875,286.36553955078125,291.5251159667969,294.83709716796875,5874.8359375,3199.666015625,1592.95361328125,874.30615234375,199.61782836914062,287.5989685058594,61.41912078857422,63.525230407714844,206.7211151123047,4325.2158203125,0.0,0.0,5886.6171875,3207.870361328125,1593.026611328125,873.2373046875,205.653076171875,264.154296875,279.9757080078125,286.78765869140625,291.99310302734375,296.98101806640625,21.318265914916992,63.509090423583984,58.85142517089844,69.2008285522461,0.12299442291259766,0.3154172897338867,0.24856948852539062,287.1495056152344,282.6182556152344,102469.6875,92850.6171875,0.0,14.450190544128418,46.0,0.0,7620.0,32.0,32.0,209.0,14.0,14.0,14.0,14.0,15.0,58.0,58.0,58.0,58.0,0.0,0.0,283.20001220703125,278.0,71.0,0.0,6.400000095367432,5.699999809265137
2024-09-25T10:51,2024-09-25T11:00,1,train,0,2024,9,10,1,2024-09-25T10:00,5,2024-09-25T06:00,5,2024-09-25T06:00,1,2024-09-25T10:00,0,2024-09-25T12:00,1,2024-09-25T10:00,-999.0,0.0,11.0,10.0,1.0,nan,1343.67431640625,nan,87100.0,nan,6.179606914520264,262.4231262207031,277.4892578125,279.72064208984375,281.27630615234375,285.283203125,5798.41064453125,3133.7373046875,1541.377197265625,183.84530639648438,277.16943359375,93.30000305175781,188.25973510742188,3904.23193359375,12200.0,0.0,0.0,10391.2109375,10.600000381469727,78.19999694824219,100.0,0.30000001192092896,24135.0859375,0.0,0.0,262.11053466796875,276.8143615722656,277.42913818359375,280.173828125,283.29205322265625,5794.53271484375,3132.011962890625,1540.809326171875,849.1318359375,205.00611877441406,279.1278381347656,95.0999984741211,87.4000015258789,63.931732177734375,3806.239990234375,20000.037109375,32.0,35.0,2.0,0.0,262.70001220703125,277.20001220703125,278.0,280.0,284.1000061035156,5803.95751953125,3137.310302734375,1540.27099609375,849.6052856445312,203.36961364746094,277.8299865722656,99.5,100.0,219.60000610351562,4019.938232421875,9.999999747378752e-05,0.875,nan,30.0,96.0,88.0,30.0,11600.0,262.27508544921875,277.513671875,279.9917907714844,280.9975891113281,284.7437744140625,5797.5576171875,3132.13525390625,1538.4052734375,843.555419921875,186.414794921875,280.2220458984375,88.948486328125,88.76136779785156,259.9579162597656,3979.035400390625,0.0,0.0,5804.4921875,3138.05810546875,1546.27734375,854.93017578125,210.650390625,262.26806640625,277.44622802734375,276.58026123046875,280.09075927734375,284.1383972167969,75.3874740600586,96.62104034423828,98.74818420410156,94.13414764404297,-9.34600830078125e-05,0.09005355834960938,-0.24562835693359375,280.64605712890625,280.1116943359375,102558.5,92672.671875,4.25,23.96109390258789,66.0,0.0,7620.0,0.0,0.0,209.0,24.0,24.0,28.0,31.0,35.0,78.0,78.0,78.0,78.0,0.0,0.0,275.25,271.67999267578125,77.0,4.0,13.199999809265137,13.199999809265137
2024-09-17T09:51,2024-09-17T10:00,48,train,0,2024,9,9,46,2024-09-15T12:00,46,2024-09-15T12:00,46,2024-09-15T12:00,49,2024-09-15T09:00,45,2024-09-15T12:00,36,2024-09-15T22:00,-999.0,0.0,0.0,0.0,100.0,10397.0888671875,1801.856201171875,nan,28300.0,11531.966796875,4.096436977386475,262.9302062988281,278.27423095703125,286.6665954589844,291.3569030761719,295.4519958496094,5874.09619140625,3204.608642578125,1597.5345458984375,204.51791381835938,285.49871826171875,65.9000015258789,119.09709930419922,4260.33544921875,25900.0,0.0,0.0,12127.2880859375,0.0,0.0,100.0,0.0,24134.9375,0.0,0.0,263.8553771972656,279.13238525390625,287.0461730957031,291.54742431640625,293.2646179199219,5880.89599609375,3203.760498046875,1593.561767578125,872.4887084960938,208.26580810546875,287.99688720703125,76.0,59.20000076293945,11.62218952178955,4295.52001953125,1197.39111328125,17.0,0.0,68.0,0.0,263.6000061035156,280.3999938964844,287.79998779296875,289.8999938964844,294.29998779296875,5877.45361328125,3198.2900390625,1581.7125244140625,864.056396484375,198.46932983398438,285.6700134277344,99.9000015258789,86.0,73.36000061035156,4346.56884765625,0.0,0.0625,10667.5595703125,0.0,0.0,100.0,0.0,22200.0,263.2240905761719,278.3800048828125,286.3983459472656,290.910888671875,293.98712158203125,5870.96923828125,3202.712646484375,1596.3104248046875,878.453857421875,205.3792266845703,286.6368408203125,66.73927307128906,66.52960205078125,135.2178497314453,4154.2666015625,0.0,0.0,5877.56640625,3199.044189453125,1587.40576171875,868.0681762695312,200.610107421875,263.8209228515625,279.3837890625,286.4750061035156,291.90228271484375,296.7757873535156,23.00940704345703,64.6541976928711,58.71223831176758,72.80484771728516,0.15794849395751953,0.3618478775024414,0.26067066192626953,287.301513671875,282.832763671875,102410.1875,92802.8671875,0.0,14.696080207824707,32.0,0.0,7620.0,32.0,32.0,256.0,12.0,13.0,14.0,16.0,19.0,69.0,73.0,73.0,74.0,0.0,0.0,283.1499938964844,278.3500061035156,73.0,1.0,6.400000095367432,6.0
2024-09-17T09:51,2024-09-17T10:00,1,train,0,2024,9,9,1,2024-09-17T09:00,4,2024-09-17T06:00,4,2024-09-17T06:00,1,2024-09-17T09:00,3,2024-09-17T06:00,1,2024-09-17T09:00,-999.0,0.0,0.0,0.0,0.0,nan,nan,nan,nan,nan,4.774167537689209,264.04913330078125,279.5418395996094,288.03204345703125,291.216064453125,295.01898193359375,5883.90625,3205.107421875,1589.7294921875,195.36907958984375,285.77166748046875,50.20000076293945,87.03396606445312,4398.490234375,39400.0,0.0,0.0,19999.880859375,0.0,0.0,72.9000015258789,0.0,24134.96484375,0.0,0.0,263.76409912109375,279.28125,287.0684814453125,291.2972717285156,292.76580810546875,5877.08447265625,3199.269287109375,1587.884765625,866.9573974609375,203.61671447753906,287.5981750488281,74.5999984741211,57.5,13.613302230834961,4348.64013671875,20000.046875,2.0,0.0,0.0,24100.0,264.29998779296875,279.5,287.8999938964844,292.20001220703125,296.6000061035156,5885.87744140625,3205.748046875,1590.88427734375,869.973388671875,201.42169189453125,287.6400146484375,70.5999984741211,60.0,74.16000366210938,4356.11865234375,0.0,0.0,nan,0.0,0.0,46.0,0.0,26500.0,264.08062744140625,279.28594970703125,287.72320556640625,292.2044677734375,294.5349426269531,5877.37060546875,3199.749267578125,1588.356689453125,867.5870971679688,193.1951904296875,287.6497497558594,57.77825164794922,56.96402359008789,166.2825164794922,4350.0,0.0,0.0,5882.26953125,3205.447509765625,1592.927734375,874.087646484375,207.104736328125,264.29205322265625,279.4552001953125,286.684326171875,291.54644775390625,296.6075439453125,21.449493408203125,61.7043571472168,57.28411102294922,71.74121856689453,0.1569671630859375,0.3575563430786133,0.3176727294921875,286.14306640625,282.01806640625,102492.875,92867.453125,0.0,14.049653053283691,26.0,0.0,7620.0,88888.0,408.0,209.0,0.0,5.0,12.0,28.0,31.0,70.0,70.0,70.0,70.0,1.0,0.0,282.8500061035156,278.3500061035156,74.0,0.0,6.400000095367432,6.0
2024-09-25T10:51,2024-09-25T11:00,24,train,0,2024,9,10,23,2024-09-24T12:00,23,2024-09-24T12:00,23,2024-09-24T12:00,26,2024-09-24T09:00,24,2024-09-24T12:00,24,2024-09-24T11:00,-999.0,0.0,100.0,28.0,100.0,1343.46533203125,1343.4969482421875,86800.0,87200.0,12152.40625,5.477088451385498,261.8362731933594,276.85528564453125,278.1034851074219,279.96063232421875,283.99151611328125,5793.6376953125,3135.113037109375,1548.056396484375,196.37208557128906,276.5403137207031,100.0,266.97998046875,3808.54833984375,100.0,0.0,0.0,6721.60498046875,20.600000381469727,87.19999694824219,100.0,0.0,24135.068359375,0.0,0.0,262.7598876953125,277.5194396972656,277.38714599609375,280.3661804199219,283.4820251464844,5796.53271484375,3131.951416015625,1542.1395263671875,849.5883178710938,204.99459838867188,279.3662414550781,94.5,87.19999694824219,64.18989562988281,3880.320068359375,1196.7447509765625,58.0,19.0,42.0,100.0,262.5,278.5,278.5,279.70001220703125,283.8999938964844,5800.90380859375,3136.809326171875,1540.041748046875,849.5239868164062,202.92050170898438,277.4800109863281,99.5999984741211,100.0,259.20001220703125,3970.34228515625,0.0,1.125,5577.1923828125,56.0,100.0,72.0,56.0,6700.0,261.5372314453125,276.729736328125,278.9739685058594,279.29791259765625,282.9777526855469,5791.822265625,3137.512939453125,1549.20849609375,857.6959228515625,203.51002502441406,279.02288818359375,95.081787109375,93.3917236328125,247.533447265625,3766.606201171875,0.0,0.0,5805.87109375,3140.606201171875,1542.952392578125,850.2156982421875,204.991943359375,262.49566650390625,277.2474365234375,278.77764892578125,280.4131164550781,284.41839599609375,64.37171173095703,65.02827453613281,99.99098205566406,96.07511901855469,0.124664306640625,0.37766456604003906,-0.1286935806274414,281.212890625,280.477294921875,102488.4375,92621.4375,1.0,22.17958641052246,66.0,14.0,9512.0,30.0,32.0,256.0,24.0,28.0,28.0,29.0,33.0,50.0,50.0,50.0,50.0,0.0,0.0,275.3399963378906,270.6299743652344,70.0,3.0,13.600000381469727,13.199999809265137
2024-09-25T10:51,2024-09-25T11:00,48,train,0,2024,9,10,47,2024-09-23T12:00,47,2024-09-23T12:00,47,2024-09-23T12:00,50,2024-09-23T09:00,48,2024-09-23T12:00,36,2024-09-23T23:00,-999.0,0.0,100.0,100.0,100.0,1343.529541015625,1343.5076904296875,45800.0,87300.0,11698.033203125,4.274546146392822,261.69647216796875,277.18231201171875,276.8011169433594,279.98553466796875,284.10498046875,5794.423828125,3136.8642578125,1552.8916015625,201.2932891845703,276.77142333984375,100.0,288.07147216796875,3749.38916015625,0.0,0.0,0.05000000074505806,10226.4609375,2.9000000953674316,3.700000047683716,100.0,0.20000000298023224,24135.171875,0.0,0.0,262.9109802246094,276.9267883300781,277.6083984375,280.3544006347656,282.98992919921875,5793.880859375,3133.0673828125,1544.13720703125,851.3347778320312,207.8378448486328,278.69439697265625,95.9000015258789,85.69999694824219,53.27230453491211,3677.760009765625,1196.7802734375,55.0,36.0,69.0,0.0,262.3999938964844,278.1000061035156,279.5,278.6000061035156,282.79998779296875,5805.79931640625,3143.95263671875,1546.9329833984375,857.560546875,211.35911560058594,276.7300109863281,99.5999984741211,100.0,180.72000122070312,3788.17578125,9.999999747378752e-05,0.375,2243.069580078125,49.0,100.0,100.0,49.0,10800.0,262.0775146484375,276.2739562988281,278.357421875,279.4604797363281,283.216064453125,5798.03759765625,3142.381103515625,1553.01416015625,862.0916748046875,208.41641235351562,279.529541015625,91.62137603759766,91.33927917480469,263.512939453125,3661.812744140625,0.0,0.0,5802.34375,3136.83349609375,1540.733642578125,847.33154296875,201.417724609375,262.365966796875,277.2696228027344,278.3616943359375,280.88311767578125,284.83587646484375,57.842288970947266,77.18247985839844,91.7545166015625,86.43641662597656,-0.014970779418945312,0.42505455017089844,0.029672622680664062,281.9308776855469,279.848388671875,102430.8125,92588.625,0.75,19.31561279296875,74.0,0.0,7620.0,32.0,32.0,256.0,39.0,39.0,40.0,41.0,46.0,54.0,54.0,54.0,54.0,0.0,0.0,275.3500061035156,270.65997314453125,70.0,4.0,13.199999809265137,13.199999809265137
2024-10-10T10:57,2024-10-10T11:00,1,train,0,2024,10,10,1,2024-10-10T10:00,5,2024-10-10T06:00,5,2024-10-10T06:00,1,2024-10-10T10:00,0,2024-10-10T12:00,1,2024-10-10T10:00,-999.0,100.0,100.0,0.0,0.0,1342.8057861328125,1342.648193359375,83400.0,85800.0,1715.240478515625,10.039326667785645,245.99038696289062,264.194580078125,272.039794921875,275.69915771484375,279.86712646484375,5458.9541015625,2945.8232421875,1420.21435546875,102.25981140136719,272.12176513671875,98.80000305175781,382.0390930175781,1145.5999755859375,0.0,0.0,0.024000000208616257,785.1600341796875,100.0,0.0,0.0,100.0,37.5025749206543,4.160000025876798e-05,0.75,246.3729248046875,264.7061767578125,270.9050598144531,275.48553466796875,279.6315612792969,5460.6455078125,2940.025390625,1418.9471435546875,741.3639526367188,106.18968963623047,275.3242492675781,97.69999694824219,97.4000015258789,545.4454345703125,1056.47998046875,20000.017578125,49.0,0.0,0.0,0.0,246.60000610351562,265.1000061035156,271.0,275.6000061035156,279.70001220703125,5470.416015625,2947.406982421875,1420.8226318359375,742.5814819335938,105.83668518066406,273.6300048828125,97.9000015258789,100.0,513.2000122070312,1190.719970703125,0.0010000000474974513,4.5625,850.2429809570312,100.0,0.0,0.0,100.0,6600.0,245.92091369628906,264.19854736328125,270.9861755371094,275.2555236816406,279.64404296875,5465.51171875,2952.398193359375,1429.4241943359375,752.0534057617188,114.04702758789062,275.078125,97.17768859863281,94.79998779296875,558.9874267578125,1050.0,0.0,0.0,5466.1484375,2951.09619140625,1427.763671875,748.0648193359375,113.212646484375,246.25201416015625,263.7868347167969,271.972900390625,276.03802490234375,280.21405029296875,66.95661926269531,90.64295196533203,91.73464965820312,89.842529296875,0.3627042770385742,1.6377267837524414,0.7784042358398438,275.56591796875,274.812744140625,101400.875,91450.1484375,0.625,9.083939552307129,80.0,0.0,7620.0,0.0,0.0,209.0,62.0,76.0,82.0,82.0,82.0,72.0,72.0,72.0,72.0,7.0,0.0,269.4800109863281,267.53997802734375,85.0,13.0,26.799999237060547,28.399999618530273
2024-10-10T10:57,2024-10-10T11:00,24,train,0,2024,10,10,23,2024-10-09T12:00,23,2024-10-09T12:00,23,2024-10-09T12:00,26,2024-10-09T09:00,24,2024-10-09T12:00,24,2024-10-09T11:00,-999.0,100.0,100.0,0.0,0.0,1342.7000732421875,1342.5806884765625,82000.0,85900.0,1881.5316162109375,8.022729873657227,245.4068145751953,263.27130126953125,271.46527099609375,275.48614501953125,279.60076904296875,5451.91259765625,2944.97705078125,1425.08251953125,109.87158203125,271.9181823730469,99.0,442.53314208984375,1117.280029296875,100.0,0.0,0.5899999737739563,785.1803588867188,100.0,0.0,0.0,100.0,175.95541381835938,1.9999999494757503e-05,0.4375,246.6305694580078,265.3052978515625,270.53143310546875,274.7818298339844,278.9048767089844,5461.0400390625,2938.42138671875,1414.882080078125,738.5745849609375,105.15946960449219,274.5923156738281,96.69999694824219,95.4000015258789,680.7032470703125,970.5599975585938,19999.837890625,47.0,0.0,0.0,0.0,246.6999969482422,264.70001220703125,271.3999938964844,275.6000061035156,279.70001220703125,5462.86328125,2945.14208984375,1415.1219482421875,736.7971801757812,99.91996765136719,273.2699890136719,98.9000015258789,100.0,464.239990234375,1185.1199951171875,0.0005000000237487257,2.75,826.5092163085938,100.0,0.0,0.0,100.0,3200.0,245.34295654296875,263.96734619140625,270.21331787109375,274.4701232910156,278.8116149902344,5452.8232421875,2942.867919921875,1422.9666748046875,747.6932983398438,111.22857666015625,274.26275634765625,98.42562103271484,96.23545837402344,667.3006591796875,925.9447021484375,0.0,0.625,5465.44921875,2947.05810546875,1422.8466796875,744.754638671875,110.374267578125,246.43955993652344,264.3050537109375,271.45465087890625,275.6981506347656,279.8714599609375,55.034461975097656,86.65237426757812,93.48383331298828,90.334716796875,0.6595458984375,1.9561357498168945,0.7726421356201172,275.232177734375,274.6475524902344,101367.75,91412.28125,2.5,8.457167625427246,76.0,0.0,7620.0,0.0,0.0,0.0,66.0,69.0,73.0,73.0,74.0,73.0,73.0,73.0,74.0,4.0,0.0,269.489990234375,267.0099792480469,81.0,11.0,27.600000381469727,29.299999237060547
2024-10-10T10:57,2024-10-10T11:00,48,train,0,2024,10,10,47,2024-10-08T12:00,47,2024-10-08T12:00,47,2024-10-08T12:00,50,2024-10-08T09:00,48,2024-10-08T12:00,36,2024-10-08T23:00,-999.0,100.0,100.0,0.0,0.0,1342.6181640625,1342.48681640625,83400.0,85800.0,1712.9683837890625,9.256980895996094,246.26678466796875,264.1075134277344,270.5550537109375,274.7804260253906,278.99627685546875,5453.52392578125,2940.10400390625,1419.2293701171875,105.54460144042969,270.6684265136719,97.5999984741211,400.01434326171875,923.2000122070312,0.0,0.0,1.4900000095367432,785.0842895507812,84.69999694824219,0.30000001192092896,0.0,100.0,63.63648986816406,4.800000169780105e-06,1.6875,244.27000427246094,264.0281066894531,269.9964294433594,274.512451171875,278.642822265625,5444.9033203125,2940.14013671875,1417.720947265625,742.703857421875,109.89852905273438,274.3482971191406,97.30000305175781,96.4000015258789,256.8460388183594,910.239990234375,20000.0078125,42.0,0.0,0.0,11700.0,245.8000030517578,264.79998779296875,271.0,275.8999938964844,280.0,5449.39892578125,2936.46484375,1412.4039306640625,733.653076171875,98.64393615722656,272.8500061035156,94.5,95.0,512.47998046875,1135.199951171875,0.0,2.25,854.8991088867188,100.0,0.0,0.0,100.0,6100.0,245.79171752929688,263.41156005859375,270.315185546875,275.09906005859375,279.51580810546875,5448.22607421875,2940.231201171875,1423.43896484375,747.1290283203125,109.64260864257812,275.05340576171875,96.55122375488281,95.19351959228516,792.7962646484375,1001.1370239257812,9.999999747378752e-06,1.5625,5460.6875,2945.38525390625,1420.53759765625,741.5764770507812,106.97607421875,245.76983642578125,264.47216796875,271.6580810546875,275.86260986328125,280.04437255859375,58.027305603027344,94.25067901611328,96.86422729492188,94.09663391113281,0.9151325225830078,1.5644750595092773,0.7243747711181641,275.3831787109375,275.1644287109375,101310.0,91359.140625,2.5,8.745628356933594,76.0,0.0,7620.0,32.0,32.0,256.0,65.0,66.0,67.0,67.0,68.0,62.0,62.0,62.0,62.0,7.0,0.0,269.47998046875,266.72998046875,83.0,8.0,26.0,27.200000762939453
2024-11-08T04:57,2024-11-08T05:00,1,train,0,2024,11,4,1,2024-11-08T04:00,5,2024-11-08T00:00,5,2024-11-08T00:00,1,2024-11-08T04:00,0,2024-11-08T06:00,1,2024-11-08T04:00,-999.0,0.0,3.0,0.0,0.0,nan,1342.4400634765625,nan,86000.0,nan,9.134261131286621,256.2670593261719,269.6990966796875,272.3063049316406,275.77667236328125,279.8205871582031,5586.021484375,2983.03759765625,1443.53125,116.48637390136719,271.03436279296875,85.30000305175781,237.8411407470703,980.3200073242188,15500.0,0.0,0.0,19999.689453125,5.0,0.0,0.0,6.199999809265137,24134.91015625,0.0,0.0,257.6314697265625,270.89910888671875,271.7973937988281,274.40435791015625,278.34503173828125,5584.7431640625,2971.38134765625,1435.11328125,755.6123046875,123.75762176513672,273.61749267578125,84.0,80.0,57.521488189697266,1261.1199951171875,19999.9921875,11.0,0.0,0.0,100.0,258.29998779296875,270.29998779296875,271.1000061035156,275.3999938964844,279.5,5585.611328125,2966.72265625,1430.331787109375,752.5072021484375,116.99907684326172,272.7699890136719,99.30000305175781,100.0,620.7999877929688,1122.56005859375,0.000699999975040555,3.0,nan,0.0,0.0,3.0,0.0,17200.0,256.7156982421875,268.7598876953125,272.4884948730469,276.15814208984375,279.6742248535156,5584.86181640625,2986.012451171875,1448.51611328125,768.095947265625,124.08453369140625,273.99456787109375,82.04157257080078,75.54937744140625,248.1870880126953,1260.0,0.0,0.0,5585.72265625,2975.260498046875,1432.41357421875,754.047119140625,121.26513671875,256.2762756347656,271.1201171875,271.70379638671875,275.21197509765625,279.48443603515625,25.012632369995117,82.28314208984375,75.74423217773438,83.06834411621094,0.4244556427001953,0.8060407638549805,0.4258918762207031,272.3128662109375,270.353759765625,101507.5,91525.0,0.0,8.761914253234863,38.0,0.0,7620.0,0.0,0.0,256.0,61.0,68.0,68.0,68.0,68.0,75.0,75.0,75.0,75.0,0.0,0.0,268.79998779296875,265.5099792480469,76.0,2.0,16.399999618530273,17.200000762939453
2024-11-22T07:56,2024-11-22T08:00,24,train,0,2024,11,7,26,2024-11-21T06:00,26,2024-11-21T06:00,26,2024-11-21T06:00,23,2024-11-21T09:00,21,2024-11-21T12:00,24,2024-11-21T08:00,3744.199951171875,100.0,100.0,100.0,0.0,1342.6776123046875,1342.4676513671875,59000.0,84400.0,4157.216796875,7.715450763702393,255.91868591308594,269.2327880859375,272.4852294921875,275.6268310546875,279.7311706542969,5412.5205078125,2822.2861328125,1276.8206787109375,-52.52149963378906,271.15325927734375,97.80000305175781,383.9677734375,998.0800170898438,0.0,0.0006000000284984708,14.890000343322754,785.1063842773438,100.0,21.100000381469727,90.0999984741211,100.0,70.68170166015625,0.0001055999964592047,1.0625,256.12689208984375,267.9573669433594,270.3647155761719,274.762451171875,278.8833312988281,5423.7138671875,2823.09228515625,1288.5184326171875,612.4647827148438,-20.857280731201172,273.68475341796875,97.19999694824219,96.30000305175781,969.7448120117188,858.719970703125,1195.82373046875,94.0,97.0,100.0,300.0,256.79998779296875,269.1000061035156,267.79998779296875,272.20001220703125,276.29998779296875,5436.5400390625,2832.93603515625,1294.24853515625,624.7484741210938,-6.141718864440918,269.04998779296875,98.5,100.0,606.8800048828125,549.9199829101562,0.00019999999494757503,4.5,907.5765991210938,77.0,25.0,35.0,77.0,1900.0,255.15692138671875,270.34210205078125,272.80035400390625,274.6760559082031,278.8276062011719,5411.83642578125,2821.890869140625,1272.5213623046875,594.5348510742188,-51.921058654785156,273.1884765625,96.0,96.41966247558594,393.8482971191406,850.0,0.0003600000054575503,9.25,5420.90625,2828.44287109375,1286.792236328125,608.5321655273438,-24.152099609375,255.5104217529297,268.66448974609375,272.05126953125,275.2560119628906,279.31396484375,100.05477142333984,100.5254898071289,100.26610565185547,99.79106903076172,1.4264373779296875,-0.5988569259643555,-0.507777214050293,273.50909423828125,273.4464111328125,99707.0,89888.96875,,12.283772468566895,94.0,0.0,7620.0,32.0,32.0,256.0,88.0,90.0,92.0,92.0,92.0,96.0,100.0,100.0,100.0,0.0,0.0,270.3500061035156,268.8399963378906,90.0,71.0,37.599998474121094,42.20000076293945
2024-11-22T07:56,2024-11-22T08:00,48,train,0,2024,11,7,44,2024-11-20T12:00,50,2024-11-20T06:00,50,2024-11-20T06:00,47,2024-11-20T09:00,45,2024-11-20T12:00,36,2024-11-20T20:00,2178.800048828125,100.0,100.0,71.0,0.0,1342.834228515625,1342.7440185546875,39400.0,84500.0,7870.4189453125,12.199962615966797,253.9070281982422,266.1813049316406,273.7592468261719,277.5638732910156,281.7064208984375,5387.603515625,2816.71630859375,1281.476318359375,-41.024505615234375,272.76220703125,98.9000015258789,385.2917175292969,1251.52001953125,0.0,0.0005000000237487257,34.09000015258789,785.1952514648438,100.0,41.79999923706055,0.0,100.0,48.15102005004883,0.0008623999892733991,5.5625,254.79029846191406,267.037109375,270.7008056640625,274.4200439453125,278.5335998535156,5388.23486328125,2811.4482421875,1277.61474609375,601.7157592773438,-30.786561965942383,273.22979736328125,98.69999694824219,97.9000015258789,859.9410400390625,802.719970703125,1229.257568359375,98.0,9.0,0.0,800.0,253.60000610351562,267.20001220703125,269.0,273.3999938964844,277.5,5375.1669921875,2800.13330078125,1266.6259765625,594.138427734375,-36.77740478515625,270.1499938964844,98.0,100.0,1296.0799560546875,720.3200073242188,0.0007999999797903001,11.25,2027.6092529296875,100.0,21.0,3.0,33.0,16000.0,254.4705047607422,264.4295349121094,271.52130126953125,276.2591247558594,280.4608459472656,5384.677734375,2820.572509765625,1293.33935546875,614.42333984375,-23.685699462890625,274.39227294921875,86.0,81.40473937988281,423.3141174316406,1010.0,0.0,28.375,5397.2109375,2825.763427734375,1287.2314453125,607.931396484375,-26.375244140625,254.1416778564453,267.6106262207031,272.70147705078125,275.8652038574219,279.95086669921875,99.53834533691406,100.2696762084961,100.35043334960938,100.1374740600586,0.5058784484863281,-1.1620683670043945,-0.6434478759765625,273.82977294921875,273.84210205078125,99686.0625,89881.484375,,13.247089385986328,96.0,0.0,7620.0,0.0,0.0,256.0,88.0,90.0,91.0,91.0,91.0,90.0,100.0,100.0,100.0,0.0,0.0,270.75,269.28997802734375,90.0,71.0,38.0,41.900001525878906
2024-11-08T04:57,2024-11-08T05:00,24,train,0,2024,11,4,23,2024-11-07T06:00,23,2024-11-07T06:00,23,2024-11-07T06:00,26,2024-11-07T03:00,24,2024-11-07T06:00,24,2024-11-07T05:00,-999.0,0.0,3.0,0.0,2.0,nan,1792.5841064453125,nan,26800.0,nan,9.211174964904785,257.332275390625,269.6280212402344,271.78717041015625,275.6671447753906,279.76507568359375,5578.73486328125,2974.67919921875,1435.770751953125,109.69477081298828,271.8669738769531,79.0999984741211,365.68743896484375,1111.0400390625,18200.0,0.0,0.11999999731779099,19999.923828125,4.099999904632568,0.0,0.8999999761581421,6.199999809265137,24134.873046875,0.0,0.0,258.0631103515625,269.50079345703125,271.7686462402344,274.15545654296875,278.09869384765625,5593.2392578125,2972.58056640625,1436.935546875,757.871826171875,126.6155014038086,273.3970031738281,82.30000305175781,78.0,50.23162841796875,1254.56005859375,19999.927734375,37.0,0.0,1.0,24100.0,257.70001220703125,271.8999938964844,269.20001220703125,273.8999938964844,278.0,5590.31494140625,2963.86474609375,1418.5106201171875,744.7384033203125,111.81072235107422,271.1600036621094,96.19999694824219,98.0,371.3599853515625,874.239990234375,0.0,1.1875,1176.32080078125,73.0,0.0,5.0,73.0,14100.0,256.7757568359375,270.3984375,270.5399169921875,273.93768310546875,277.7729797363281,5583.74267578125,2968.910400390625,1434.1600341796875,759.189697265625,116.37234497070312,273.59375,89.6828384399414,87.65596008300781,443.3280944824219,840.0,0.0,0.0625,5587.84765625,2978.851318359375,1436.7451171875,755.8857421875,119.677001953125,256.95635986328125,271.1844482421875,272.21673583984375,276.62640380859375,280.8618469238281,28.8577823638916,84.88907623291016,71.36685180664062,81.62425231933594,0.3330078125,0.9045543670654297,0.4884967803955078,273.500244140625,270.9910888671875,101477.0625,91545.7734375,0.0,8.692901611328125,54.0,0.0,7620.0,32.0,32.0,209.0,28.0,28.0,28.0,29.0,30.0,64.0,64.0,64.0,69.0,3.0,0.0,268.8399963378906,264.3600158691406,71.0,3.0,17.200000762939453,17.600000381469727
2024-11-08T04:57,2024-11-08T05:00,48,train,0,2024,11,4,47,2024-11-06T06:00,47,2024-11-06T06:00,47,2024-11-06T06:00,50,2024-11-06T03:00,48,2024-11-06T06:00,36,2024-11-06T17:00,-999.0,84.0,100.0,0.0,0.0,nan,1342.0921630859375,nan,85900.0,nan,11.70029067993164,256.46875,267.7840270996094,267.9355163574219,272.3331298828125,276.4774169921875,5562.55859375,2964.075439453125,1444.364990234375,133.93032836914062,269.035400390625,97.30000305175781,416.5108642578125,675.3599853515625,12200.0,0.0,17.219999313354492,20000.07421875,4.699999809265137,0.0,37.400001525878906,10.0,24134.939453125,0.0,0.0,257.3410949707031,271.89508056640625,271.9752197265625,274.4361267089844,278.3839416503906,5597.74462890625,2983.11962890625,1440.865234375,760.9697265625,128.918212890625,273.7796936035156,89.19999694824219,85.4000015258789,76.92467498779297,1292.47998046875,19999.943359375,33.0,0.0,0.0,0.0,256.29998779296875,272.1000061035156,270.29998779296875,275.1000061035156,279.20001220703125,5574.07080078125,2953.846923828125,1413.0943603515625,736.1788940429688,100.95865631103516,272.45001220703125,99.19999694824219,100.0,562.8800048828125,1073.43994140625,0.00039999998989515007,1.4375,915.9824829101562,100.0,0.0,0.0,100.0,10700.0,255.88055419921875,268.2140808105469,266.6461486816406,271.59527587890625,276.1596374511719,5564.92333984375,2960.95654296875,1442.6759033203125,776.04541015625,139.4690399169922,271.88153076171875,90.66594696044922,89.9339599609375,646.794189453125,570.0,0.0,3.5625,5590.21484375,2978.3701171875,1438.9990234375,758.5634155273438,123.43701171875,256.22021484375,270.97076416015625,272.0967102050781,276.30419921875,280.40948486328125,34.254310607910156,88.1579818725586,77.40031433105469,85.48099517822266,-0.04723834991455078,0.21680450439453125,0.32969188690185547,273.46905517578125,271.6434326171875,101528.4375,91572.7109375,0.0,9.380118370056152,41.0,0.0,7620.0,32.0,32.0,256.0,52.0,52.0,52.0,52.0,54.0,61.0,61.0,61.0,62.0,1.0,0.0,268.65997314453125,265.0799865722656,75.0,4.0,18.0,19.200000762939453
2024-11-22T07:56,2024-11-22T08:00,1,train,0,2024,11,7,1,2024-11-22T07:00,2,2024-11-22T06:00,2,2024-11-22T06:00,1,2024-11-22T07:00,3,2024-11-22T06:00,1,2024-11-22T07:00,-999.0,100.0,100.0,1.0,0.0,1342.4031982421875,1342.314208984375,68100.0,84700.0,3387.58544921875,7.895622253417969,255.08294677734375,269.2140808105469,271.2586364746094,274.65228271484375,278.7559509277344,5437.419921875,2842.9560546875,1301.91259765625,-24.314437866210938,269.9493408203125,97.0999984741211,403.5268859863281,813.760009765625,0.0,0.00039999998989515007,1.9199999570846558,785.1941528320312,100.0,19.200000762939453,0.0,100.0,35.37648010253906,0.0004883999936282635,2.3125,256.32977294921875,268.3607177734375,270.3130187988281,274.3548278808594,278.4598388671875,5430.0048828125,2832.63134765625,1297.1993408203125,621.8218994140625,-10.523094177246094,273.3802490234375,98.30000305175781,97.9000015258789,734.3545532226562,803.6799926757812,1195.77001953125,98.0,43.0,21.0,500.0,255.89999389648438,268.6000061035156,269.20001220703125,273.6000061035156,277.70001220703125,5434.33935546875,2833.05224609375,1301.5885009765625,628.6412353515625,-3.4908125400543213,270.41998291015625,97.80000305175781,100.0,736.4000244140625,761.760009765625,0.0003000000142492354,5.3125,817.1875610351562,100.0,9.0,32.0,100.0,1000.0,255.11251831054688,268.0032958984375,271.5963439941406,274.5276184082031,278.6240234375,5432.470703125,2843.831787109375,1302.962890625,626.1913452148438,-19.5426025390625,273.5846862792969,98.18734741210938,97.90245056152344,498.12713623046875,820.0,0.0002800000074785203,0.6875,5425.1953125,2834.44775390625,1296.356201171875,619.8766479492188,-11.49169921875,255.61358642578125,267.83807373046875,271.54010009765625,274.6185302734375,278.6846923828125,100.46809387207031,100.9919204711914,100.524658203125,100.21104431152344,1.1649322509765625,-0.9828310012817383,-0.587681770324707,273.252197265625,273.2279052734375,99849.875,89999.125,,12.223038673400879,93.0,0.0,7620.0,0.0,0.0,209.0,100.0,100.0,100.0,100.0,100.0,94.0,97.0,100.0,100.0,1.0,0.0,268.9599914550781,268.28997802734375,95.0,58.0,37.599998474121094,42.20000076293945
2024-12-26T15:56,2024-12-26T16:00,1,train,0,2024,12,15,1,2024-12-26T15:00,4,2024-12-26T12:00,4,2024-12-26T12:00,1,2024-12-26T15:00,3,2024-12-26T12:00,1,2024-12-26T15:00,-999.0,0.0,0.0,0.0,0.0,nan,nan,nan,nan,nan,1.926804542541504,250.93209838867188,266.35565185546875,272.2468566894531,268.50384521484375,271.2399597167969,5611.59375,3067.625,1528.352294921875,231.89468383789062,270.171875,30.399999618530273,71.14600372314453,848.1599731445312,63300.0,0.0,0.0,19999.83984375,0.0,0.0,0.0,1.5,24135.037109375,0.0,0.0,250.9171142578125,265.8228454589844,271.90289306640625,269.0916748046875,273.5410461425781,5612.54052734375,3068.720703125,1529.9232177734375,862.4011840820312,242.23333740234375,270.6382141113281,61.5,55.099998474121094,242.9722442626953,390.3999938964844,20000.14453125,0.0,0.0,0.0,24100.0,250.5,265.8999938964844,271.70001220703125,273.1000061035156,277.20001220703125,5620.06396484375,3076.8955078125,1538.4619140625,866.4512329101562,257.78485107421875,271.95001220703125,53.400001525878906,54.0,214.0,997.1199951171875,0.0,0.0,nan,18.0,0.0,0.0,18.0,20500.0,251.31703186035156,266.2610168457031,271.2464904785156,267.5198059082031,268.84552001953125,5609.20263671875,3059.901123046875,1524.980224609375,858.22900390625,236.37200927734375,267.41937255859375,78.64029693603516,59.18375015258789,133.72442626953125,30.0,0.0,0.0,5614.78125,3075.761474609375,1538.073974609375,868.8369140625,252.091552734375,249.76951599121094,265.7386169433594,271.7740173339844,269.29412841796875,272.572265625,22.505619049072266,10.719881057739258,34.690826416015625,41.86079406738281,0.2060098648071289,0.1063995361328125,0.03732776641845703,270.60113525390625,256.98687744140625,103060.8125,92833.4375,,1.6796989440917969,8.0,0.0,7620.0,88888.0,88888.0,16209.0,0.0,0.0,0.0,0.0,0.0,8.0,8.0,8.0,8.0,0.0,0.0,268.4700012207031,253.14999389648438,30.0,0.0,2.4000000953674316,2.5999999046325684
2024-12-09T06:59,2024-12-09T07:00,1,train,1,2024,12,6,1,2024-12-09T06:00,1,2024-12-09T06:00,1,2024-12-09T06:00,1,2024-12-09T06:00,0,2024-12-09T06:00,1,2024-12-09T06:00,-999.0,0.0,0.0,0.0,0.0,nan,nan,nan,nan,nan,9.497581481933594,255.52279663085938,266.05120849609375,268.1353454589844,269.89801025390625,273.9071044921875,5493.9560546875,2920.87060546875,1398.410400390625,95.01513671875,265.6138916015625,60.70000076293945,144.72918701171875,149.1999969482422,29200.0,0.0,0.0,19999.853515625,6.800000190734863,0.0,86.4000015258789,45.70000076293945,24116.994140625,0.0,0.0,256.9486389160156,266.2017517089844,267.087158203125,263.64263916015625,267.1482849121094,5513.16650390625,2927.89453125,1409.855712890625,750.3017578125,144.5215606689453,262.57843017578125,94.30000305175781,91.9000015258789,40.73979568481445,0.0,19999.93359375,34.0,0.0,0.0,24100.0,255.6999969482422,266.5,268.0,266.6000061035156,270.6000061035156,5506.61376953125,2933.752685546875,1408.7999267578125,751.4942016601562,135.1246337890625,263.6000061035156,92.9000015258789,95.0,170.39999389648438,0.0,0.0,0.125,1449.0955810546875,99.0,100.0,100.0,99.0,3400.0,256.4578857421875,265.56695556640625,267.5035095214844,267.2170104980469,271.4638671875,5484.32177734375,2920.560302734375,1400.8348388671875,740.2338256835938,109.43638610839844,266.79541015625,93.99199676513672,93.3816909790039,300.4295654296875,0.0,0.0,0.0,5504.68359375,2921.994140625,1402.822998046875,743.491455078125,127.29638671875,255.9236297607422,265.80615234375,266.05499267578125,267.76556396484375,271.9189453125,15.62409782409668,67.37425994873047,94.18014526367188,92.0311050415039,-0.30042171478271484,1.2500276565551758,0.47075462341308594,266.79620361328125,266.0499267578125,101627.5625,91364.1953125,,5.39405632019043,69.0,0.0,7620.0,0.0,0.0,256.0,67.0,78.0,80.0,82.0,82.0,72.0,72.0,72.0,72.0,0.0,0.0,261.7300109863281,258.3600158691406,77.0,2.0,17.200000762939453,16.899999618530273
2024-12-26T15:56,2024-12-26T16:00,48,train,0,2024,12,15,46,2024-12-24T18:00,46,2024-12-24T18:00,46,2024-12-24T18:00,49,2024-12-24T15:00,51,2024-12-24T12:00,36,2024-12-25T04:00,-999.0,0.0,0.0,0.0,0.0,nan,nan,nan,nan,nan,2.097670316696167,253.36508178710938,267.41693115234375,272.0582275390625,270.1496276855469,272.92059326171875,5645.29150390625,3069.35205078125,1532.835693359375,229.98345947265625,271.069091796875,32.5,79.32395935058594,990.5599975585938,60300.0,0.0,0.0,20000.138671875,0.0,0.0,0.0,0.30000001192092896,24135.13671875,0.0,0.0,252.87086486816406,266.4018859863281,273.6728210449219,271.9676513671875,276.3594055175781,5641.720703125,3084.648681640625,1545.2490234375,869.2537841796875,242.6219024658203,273.1332092285156,56.29999923706055,45.20000076293945,161.85452270507812,772.3200073242188,20000.046875,0.0,0.0,0.0,24100.0,252.3000030517578,266.29998779296875,273.70001220703125,278.0,282.20001220703125,5639.10107421875,3080.326904296875,1545.7193603515625,862.8270874023438,242.90655517578125,276.510009765625,39.400001525878906,34.0,217.67999267578125,1706.719970703125,0.0,0.0,nan,0.0,0.0,0.0,0.0,34600.0,253.28042602539062,266.77142333984375,271.4727478027344,267.9259948730469,269.0873107910156,5640.05810546875,3066.7138671875,1532.3651123046875,864.1103515625,242.32481384277344,267.9517822265625,56.55755615234375,36.34904479980469,82.70915222167969,80.0,0.0,0.1875,5615.50390625,3069.298828125,1532.94921875,862.6691284179688,245.61181640625,250.9025115966797,265.95599365234375,272.638671875,269.346435546875,272.5394287109375,5.556806564331055,7.3208441734313965,34.88071823120117,40.665199279785156,0.18834781646728516,0.03783226013183594,0.02151203155517578,271.0340576171875,256.44281005859375,102978.4375,92744.390625,,1.7120815515518188,9.0,0.0,7620.0,88888.0,6472.0,201.0,0.0,0.0,0.0,2.0,8.0,32.0,32.0,33.0,34.0,0.0,0.0,267.3199768066406,255.25997924804688,37.0,0.0,2.799999952316284,3.0999999046325684
2024-12-09T06:59,2024-12-09T07:00,24,train,1,2024,12,6,25,2024-12-08T06:00,25,2024-12-08T06:00,25,2024-12-08T06:00,22,2024-12-08T09:00,24,2024-12-08T06:00,24,2024-12-08T07:00,-999.0,0.0,0.0,0.0,0.0,nan,1194.4072265625,nan,nan,nan,7.27501916885376,255.01730346679688,266.1768798828125,267.6578369140625,268.62481689453125,272.4639892578125,5499.34326171875,2921.5498046875,1400.418701171875,100.64750671386719,265.91766357421875,48.0,130.9013214111328,192.16000366210938,40700.0,0.0,15.880000114440918,19999.904296875,25.899999618530273,0.0,44.70000076293945,54.29999923706055,15661.462890625,0.0,0.0,256.82379150390625,267.128662109375,267.76910400390625,264.0611267089844,267.7330627441406,5520.33154296875,2930.4482421875,1407.7132568359375,747.0440063476562,139.91224670410156,263.1767578125,94.80000305175781,93.0,50.76970291137695,0.0,20000.009765625,40.0,4.0,0.0,24100.0,255.10000610351562,266.1000061035156,269.3999938964844,270.20001220703125,274.29998779296875,5501.37744140625,2925.729248046875,1399.451904296875,734.107177734375,126.1319580078125,263.9599914550781,76.0999984741211,55.0,246.39999389648438,0.0,0.0,0.0,742.8931884765625,96.0,0.0,100.0,96.0,3100.0,255.87954711914062,266.0426025390625,267.869873046875,265.98736572265625,269.89276123046875,5504.15087890625,2926.736328125,1403.641845703125,744.5881958007812,115.0538101196289,265.1535949707031,91.55573272705078,93.71477508544922,257.3134460449219,0.0,0.0,7.75,5513.23828125,2927.90087890625,1402.38134765625,745.8842163085938,133.313720703125,255.3331756591797,266.44390869140625,266.1402587890625,266.24151611328125,270.2470703125,12.748322486877441,61.17832946777344,95.59845733642578,93.46541595458984,-0.5801305770874023,0.8439064025878906,0.5466213226318359,265.4947509765625,264.4736328125,101723.5,91385.484375,,4.63443660736084,43.0,0.0,7620.0,32.0,32.0,0.0,50.0,50.0,50.0,50.0,50.0,81.0,84.0,84.0,86.0,0.0,0.0,262.7599792480469,258.7200012207031,72.0,1.0,17.600000381469727,17.299999237060547
2024-12-09T06:59,2024-12-09T07:00,48,train,1,2024,12,6,43,2024-12-07T12:00,49,2024-12-07T06:00,49,2024-12-07T06:00,46,2024-12-07T09:00,48,2024-12-07T06:00,36,2024-12-07T19:00,-999.0,0.0,0.0,0.0,4.0,nan,nan,nan,nan,nan,5.927226543426514,255.37469482421875,264.9317321777344,268.65869140625,268.89263916015625,272.7315673828125,5505.4755859375,2936.54638671875,1416.93701171875,118.16177368164062,266.389892578125,49.5,101.38643646240234,268.7200012207031,39300.0,0.0,9.0,15797.8642578125,34.400001525878906,0.30000001192092896,100.0,72.9000015258789,16323.9697265625,8.000000093488779e-07,0.0,256.595947265625,267.91925048828125,267.671630859375,267.6542053222656,271.5633239746094,5528.0498046875,2944.999267578125,1417.1365966796875,753.1107177734375,137.02662658691406,267.1449890136719,96.19999694824219,95.69999694824219,92.17630004882812,0.0,4351.22802734375,31.0,53.0,0.0,24100.0,256.70001220703125,266.8999938964844,270.0,270.6000061035156,274.6000061035156,5517.3232421875,2934.585205078125,1401.9354248046875,735.5901489257812,122.67898559570312,265.5899963378906,75.5999984741211,54.0,136.0800018310547,17.920000076293945,0.0,0.0,793.86376953125,100.0,0.0,51.0,100.0,100.0,255.63784790039062,264.80133056640625,269.0482177734375,267.51409912109375,271.28143310546875,5506.6552734375,2936.407958984375,1414.9095458984375,751.75830078125,122.02465057373047,266.839111328125,94.17105865478516,95.24118041992188,264.0767822265625,0.0,0.0,6.9375,5513.1328125,2927.73291015625,1405.774658203125,747.6870727539062,131.937255859375,256.2786560058594,267.43634033203125,264.70806884765625,267.7321472167969,271.81048583984375,11.209131240844727,77.72134399414062,95.18647003173828,94.04436492919922,-0.20361328125,0.6400661468505859,0.49761390686035156,267.00958251953125,266.2663879394531,101679.625,91415.4296875,,5.4279961585998535,33.0,0.0,7620.0,28.0,32.0,201.0,18.0,18.0,21.0,26.0,32.0,70.0,71.0,71.0,74.0,0.0,0.0,262.90997314453125,259.0899963378906,73.0,1.0,15.600000381469727,14.899999618530273
2024-12-26T15:56,2024-12-26T16:00,24,train,0,2024,12,15,22,2024-12-25T18:00,22,2024-12-25T18:00,22,2024-12-25T18:00,25,2024-12-25T15:00,21,2024-12-25T18:00,24,2024-12-25T16:00,-999.0,0.0,0.0,0.0,0.0,nan,nan,nan,nan,nan,2.1723885536193848,252.88922119140625,265.38922119140625,271.2305908203125,269.48980712890625,272.4489440917969,5609.42041015625,3064.6455078125,1533.763671875,235.52639770507812,271.03765869140625,34.599998474121094,108.77882385253906,986.3200073242188,57300.0,0.0,0.0,20000.150390625,0.0,0.0,0.0,0.6000000238418579,24134.861328125,0.0,0.0,248.97482299804688,265.849853515625,272.4272155761719,269.8187255859375,274.2448425292969,5609.79443359375,3070.134033203125,1534.211669921875,864.1317749023438,242.36099243164062,271.274169921875,58.79999923706055,50.79999923706055,210.84425354003906,487.3599853515625,20000.1640625,2.0,0.0,0.0,24100.0,250.89999389648438,265.70001220703125,272.29998779296875,273.6000061035156,277.70001220703125,5611.45361328125,3068.210693359375,1530.09814453125,856.318359375,244.56504821777344,272.4100036621094,55.0,57.0,176.63999938964844,1067.199951171875,0.0,0.0,nan,0.0,0.0,0.0,0.0,32100.0,253.89349365234375,265.4375,271.12939453125,267.3194885253906,268.807373046875,5611.01025390625,3060.1083984375,1529.040771484375,861.9383544921875,241.18942260742188,267.0600891113281,59.697166442871094,39.82343292236328,187.92611694335938,40.0,0.0,0.0,5610.2265625,3075.82177734375,1538.604248046875,868.1029052734375,250.46826171875,249.3079071044922,265.24609375,272.6491394042969,269.4764404296875,272.91876220703125,27.51801300048828,8.187864303588867,34.388458251953125,39.786624908447266,0.2797384262084961,0.1321430206298828,0.09083747863769531,270.8988037109375,256.3665771484375,103063.375,92810.59375,,1.7845940589904785,10.0,0.0,7620.0,88888.0,88888.0,209.0,0.0,0.0,1.0,1.0,3.0,27.0,27.0,28.0,29.0,0.0,0.0,266.67999267578125,253.9399871826172,35.0,0.0,2.799999952316284,3.0
2025-01-13T11:52,2025-01-13T12:00,1,train,0,2025,1,11,1,2025-01-13T11:00,6,2025-01-13T06:00,6,2025-01-13T06:00,1,2025-01-13T11:00,0,2025-01-13T12:00,1,2025-01-13T11:00,-999.0,0.0,10.0,0.0,0.0,nan,nan,nan,nan,nan,5.033388614654541,243.2859649658203,258.91534423828125,265.004638671875,268.1595764160156,271.92572021484375,5355.5751953125,2876.1513671875,1386.352294921875,101.83075714111328,263.5333251953125,74.0,127.86392974853516,0.0,18500.0,0.0,0.0,1790.8330078125,73.19999694824219,12.199999809265137,0.0,5.900000095367432,24134.814453125,0.0,0.0,243.66775512695312,258.5089111328125,263.8973693847656,263.61279296875,267.6938171386719,5353.6025390625,2869.93310546875,1380.880126953125,724.5256958007812,117.52745819091797,262.87127685546875,92.5,90.5999984741211,10.268230438232422,0.0,2541.61328125,92.0,88.0,0.0,12300.0,243.5,259.29998779296875,264.1000061035156,267.70001220703125,271.70001220703125,5364.12353515625,2872.425048828125,1381.06396484375,722.8613891601562,111.94200134277344,264.3500061035156,79.5,83.0,66.23999786376953,0.0,0.0,0.0,nan,31.0,3.0,0.0,15.0,14300.0,242.9190216064453,258.67156982421875,264.4060974121094,267.65386962890625,271.06988525390625,5354.6435546875,2874.953857421875,1386.123291015625,727.0480346679688,105.15287780761719,263.74627685546875,66.34638977050781,86.82722473144531,126.31004333496094,0.0,0.0,0.0,5358.05859375,2874.3369140625,1381.847900390625,724.7817993164062,111.4091796875,242.95118713378906,259.47161865234375,263.6727294921875,266.8409423828125,270.8801574707031,84.22058868408203,86.08731842041016,83.4631576538086,87.7490234375,-0.15096282958984375,0.10561561584472656,0.18798065185546875,262.956787109375,261.071533203125,101404.125,91147.390625,,6.029972076416016,68.0,0.0,7620.0,0.0,0.0,209.0,61.0,61.0,65.0,70.0,75.0,72.0,72.0,72.0,72.0,0.0,0.0,260.79998779296875,258.67999267578125,83.0,1.0,4.800000190734863,4.400000095367432
2025-01-13T11:52,2025-01-13T12:00,24,train,0,2025,1,11,24,2025-01-12T12:00,24,2025-01-12T12:00,24,2025-01-12T12:00,21,2025-01-12T15:00,24,2025-01-12T12:00,24,2025-01-12T12:00,-999.0,0.0,0.0,100.0,0.0,nan,3590.251708984375,52500.0,64000.0,nan,5.198259353637695,242.8476104736328,258.24688720703125,264.541259765625,267.5987548828125,271.2926330566406,5357.9296875,2881.961181640625,1395.7470703125,114.47796630859375,264.12811279296875,76.0999984741211,157.26943969726562,0.0,19400.0,0.0,0.30000001192092896,15982.8525390625,71.0999984741211,79.30000305175781,0.0,7.0,24135.259765625,0.0,0.0,243.78271484375,258.6650085449219,264.450927734375,263.9935302734375,268.0060119628906,5361.94140625,2874.359130859375,1384.241455078125,727.2858276367188,119.56336212158203,263.3084411621094,92.5999984741211,90.19999694824219,10.037006378173828,0.0,19999.830078125,45.0,35.0,0.0,5700.0,244.60000610351562,259.70001220703125,264.1000061035156,267.0,271.0,5363.7373046875,2875.0625,1382.8179931640625,726.1504516601562,116.05590057373047,263.9800109863281,85.5,86.0,205.44000244140625,0.0,0.0,0.6875,nan,18.0,100.0,0.0,18.0,13600.0,243.1053924560547,258.7890625,264.0307922363281,266.41162109375,269.56182861328125,5359.27294921875,2882.520263671875,1394.2923583984375,737.0888671875,117.16644287109375,264.15484619140625,79.70161437988281,89.31388854980469,149.0766143798828,0.0,0.0,0.1875,5361.29296875,2877.30859375,1385.427734375,728.2891845703125,115.2431640625,243.34927368164062,259.3815002441406,263.7247314453125,266.6745910644531,270.69805908203125,85.00936889648438,89.19218444824219,84.42327880859375,88.51471710205078,-0.08929443359375,0.11579418182373047,0.15292930603027344,262.85198974609375,260.97705078125,101445.5625,91191.078125,,6.157071590423584,86.0,0.0,7620.0,0.0,0.0,0.0,86.0,89.0,95.0,96.0,96.0,73.0,73.0,74.0,79.0,0.0,0.0,260.67999267578125,258.04998779296875,78.0,6.0,5.199999809265137,4.800000190734863
2025-01-13T11:52,2025-01-13T12:00,48,train,0,2025,1,11,48,2025-01-11T12:00,48,2025-01-11T12:00,48,2025-01-11T12:00,45,2025-01-11T15:00,48,2025-01-11T12:00,48,2025-01-11T12:00,-999.0,0.0,39.0,85.0,0.0,nan,1341.384033203125,nan,86000.0,nan,5.6199951171875,242.64569091796875,258.01226806640625,263.8533935546875,267.1805114746094,270.92822265625,5368.27587890625,2892.00537109375,1408.205322265625,128.62449645996094,263.40631103515625,82.80000305175781,158.17103576660156,0.0,15200.0,0.0,4.809999942779541,3022.4189453125,75.30000305175781,100.0,0.0,5.400000095367432,24134.96875,0.0,0.0,242.85629272460938,259.6710510253906,264.6405334472656,264.6824645996094,268.63116455078125,5357.62548828125,2880.07470703125,1389.1387939453125,731.20166015625,122.00691223144531,263.96026611328125,92.0999984741211,89.0999984741211,10.094095230102539,0.0,19999.86328125,6.0,37.0,0.0,24100.0,244.39999389648438,259.5,264.8999938964844,268.5,272.5,5364.37060546875,2880.49658203125,1388.46435546875,728.4713134765625,120.18855285644531,264.6700134277344,69.5999984741211,70.0,66.4000015258789,0.0,0.0,0.0,4287.578125,85.0,100.0,0.0,60.0,11000.30859375,243.689697265625,258.6020202636719,262.9091491699219,263.2331237792969,266.4857177734375,5365.1474609375,2880.60693359375,1396.5430908203125,744.556884765625,128.5727996826172,261.48974609375,83.56117248535156,87.04662322998047,219.7393035888672,0.0,0.0,3.375,5368.02734375,2882.172119140625,1389.978515625,735.1113891601562,124.105712890625,243.02964782714844,259.2465515136719,263.32501220703125,265.6894226074219,269.9254455566406,70.91444396972656,80.73939514160156,80.77550506591797,91.81441497802734,0.050530433654785156,0.25284385681152344,0.2460346221923828,259.41265869140625,257.760986328125,101557.625,91261.03125,,5.752015113830566,73.0,,,112.0,112.0,6144.0,67.0,70.0,,81.0,,66.0,,66.0,66.0,0.0,0.0,261.16998291015625,257.16998291015625,73.0,1.0,5.199999809265137,4.5
2025-01-28T23:56,2025-01-29T00:00,1,train,0,2025,1,23,1,2025-01-28T23:00,6,2025-01-28T18:00,6,2025-01-28T18:00,1,2025-01-28T23:00,0,2025-01-29T00:00,1,2025-01-28T23:00,-999.0,0.0,2.0,0.0,0.0,nan,1339.798095703125,nan,84000.0,nan,14.1077299118042,245.51077270507812,256.24774169921875,255.76792907714844,258.6263732910156,262.5377502441406,5196.79296875,2718.9052734375,1265.7041015625,14.8388671875,252.1256103515625,57.099998474121094,214.8791046142578,0.0,32000.0,0.0,0.0,5221.44189453125,6.5,100.0,100.0,90.0,24132.568359375,0.0,0.0625,245.6211395263672,255.82943725585938,253.87171936035156,254.78018188476562,258.5904235839844,5188.73388671875,2706.9208984375,1262.1854248046875,632.7872314453125,46.7843132019043,253.69166564941406,95.69999694824219,94.9000015258789,76.5864028930664,0.0,20000.0546875,10.0,2.0,5.0,24100.0,246.60000610351562,257.3999938964844,252.5,256.6000061035156,260.3999938964844,5198.5673828125,2705.34033203125,1252.9007568359375,622.8673095703125,27.025859832763672,252.9600067138672,86.30000305175781,88.0,340.6400146484375,0.0,0.0,0.0,6305.9326171875,12.0,22.0,0.0,12.0,20300.0,245.9606475830078,255.54071044921875,255.8910675048828,257.95440673828125,261.8887939453125,5192.91162109375,2716.663818359375,1264.344482421875,629.0927124023438,20.02471923828125,254.0833740234375,65.05052185058594,68.5760269165039,302.0177917480469,0.0,0.0,0.0,5197.4453125,2714.425048828125,1267.442138671875,635.15869140625,43.712158203125,246.2275390625,255.81002807617188,254.57293701171875,257.1573181152344,261.075927734375,12.736854553222656,53.75213623046875,74.60767364501953,79.7872085571289,0.5549516677856445,0.23174476623535156,0.241851806640625,251.3502655029297,248.0474395751953,100614.125,90014.328125,,2.3545782566070557,51.0,0.0,7620.0,32.0,32.0,786.0,17.0,18.0,19.0,19.0,21.0,24.0,24.0,25.0,26.0,0.0,0.0,249.58999633789062,246.0399932861328,71.0,0.0,16.399999618530273,16.899999618530273
2025-01-28T23:56,2025-01-29T00:00,48,train,0,2025,1,23,48,2025-01-27T00:00,48,2025-01-27T00:00,48,2025-01-27T00:00,45,2025-01-27T03:00,48,2025-01-27T00:00,48,2025-01-27T00:00,-999.0,0.0,100.0,0.0,0.0,1339.4166259765625,1339.257080078125,nan,83800.0,1522.426513671875,14.373868942260742,243.02963256835938,252.15261840820312,251.28253173828125,254.57273864746094,258.3522644042969,5132.748046875,2686.0927734375,1254.87548828125,24.351913452148438,247.8498077392578,74.80000305175781,277.7047424316406,0.0,1700.0,0.0,3.1500000953674316,20000.10546875,72.69999694824219,17.200000762939453,83.0999984741211,100.0,7518.7607421875,8.000000093488779e-07,0.125,245.96160888671875,253.81642150878906,251.41378784179688,254.1315460205078,257.92938232421875,5167.75830078125,2689.73876953125,1255.4365234375,629.9300537109375,45.41309356689453,253.05935668945312,97.69999694824219,98.69999694824219,191.4453582763672,0.0,20000.080078125,10.0,0.0,0.0,0.0,245.0,251.39999389648438,249.8000030517578,253.89999389648438,257.70001220703125,5133.05078125,2677.455078125,1252.97216796875,629.5838623046875,38.174983978271484,250.75999450683594,97.0,100.0,376.0799865722656,0.0,9.999999747378752e-05,0.25,791.7124633789062,100.0,0.0,0.0,100.0,13101.6875,243.18051147460938,250.94598388671875,250.15965270996094,252.7284393310547,256.6021728515625,5116.94970703125,2678.706298828125,1251.2423095703125,629.945556640625,31.5911865234375,251.35446166992188,79.55635833740234,87.4958267211914,398.06500244140625,0.0,0.0,2.25,5157.32421875,2694.56494140625,1258.7333984375,633.161865234375,47.128662109375,243.1952667236328,253.2427978515625,251.61495971679688,254.31520080566406,258.1434326171875,8.236578941345215,68.07763671875,91.02603149414062,91.61011505126953,1.5842609405517578,0.9714908599853516,0.3593254089355469,250.5245361328125,247.92626953125,100643.3125,89956.2109375,,1.4351252317428589,46.0,,,88888.0,536.0,9022.0,34.0,34.0,,36.0,,49.0,,49.0,49.0,0.0,0.0,248.260009765625,245.10000610351562,73.0,1.0,24.799999237060547,26.799999237060547
2025-01-28T23:56,2025-01-29T00:00,24,train,0,2025,1,23,24,2025-01-28T00:00,24,2025-01-28T00:00,24,2025-01-28T00:00,21,2025-01-28T03:00,24,2025-01-28T00:00,24,2025-01-28T00:00,-999.0,0.0,100.0,15.0,0.0,7080.06103515625,1339.5673828125,nan,83900.0,7882.39453125,14.493446350097656,244.2640380859375,254.31944274902344,253.47988891601562,256.4588623046875,260.295654296875,5172.6201171875,2708.8466796875,1265.6083984375,25.561019897460938,250.07916259765625,75.0999984741211,217.9417266845703,0.0,15500.0,0.0,3.390000104904175,6479.4228515625,9.0,100.0,100.0,96.4000015258789,22338.759765625,0.0,0.0625,245.40777587890625,254.8127899169922,252.6647491455078,254.98251342773438,258.7931213378906,5176.2158203125,2699.3125,1260.710693359375,631.8980712890625,45.412811279296875,253.85708618164062,96.5,95.80000305175781,72.50820922851562,0.0,19999.974609375,2.0,5.0,3.0,24100.0,244.89999389648438,256.0,250.1999969482422,254.3000030517578,258.1000061035156,5168.576171875,2685.684326171875,1243.5882568359375,619.2479248046875,27.119014739990234,250.61000061035156,76.9000015258789,78.0,336.9599914550781,0.0,0.0,0.0,791.9940795898438,100.0,12.0,0.0,100.0,13000.0,243.93984985351562,253.25296020507812,252.8868408203125,254.4656982421875,258.33953857421875,5162.35498046875,2701.37060546875,1261.879638671875,635.5082397460938,31.850830078125,252.41500854492188,76.50358581542969,87.4046630859375,294.3807373046875,0.0,0.0,2.25,5186.6484375,2707.894287109375,1260.692626953125,632.572998046875,45.42236328125,245.04522705078125,256.088134765625,253.53248596191406,255.00042724609375,258.8750305175781,17.491294860839844,53.76360321044922,88.0435562133789,89.70692443847656,0.85162353515625,0.3291454315185547,0.3330669403076172,250.4495391845703,247.82931518554688,100635.6875,89973.234375,,2.471221923828125,45.0,0.0,7620.0,32.0,32.0,209.0,68.0,72.0,77.0,77.0,83.0,51.0,51.0,51.0,51.0,0.0,0.0,248.14999389648438,245.1699981689453,75.0,0.0,21.600000381469727,22.899999618530273
2025-02-15T14:58,2025-02-15T15:00,1,train,0,2025,2,14,1,2025-02-15T14:00,3,2025-02-15T12:00,3,2025-02-15T12:00,1,2025-02-15T14:00,3,2025-02-15T12:00,1,2025-02-15T14:00,-999.0,0.0,2.0,28.0,0.0,nan,4610.1064453125,nan,56000.0,nan,8.261710166931152,249.871826171875,257.09869384765625,260.9444274902344,262.1538391113281,265.9601135253906,5460.48681640625,2961.9404296875,1485.9970703125,226.3004913330078,262.47589111328125,55.900001525878906,298.1421203613281,0.0,34600.0,0.0,0.0,19999.9609375,5.0,91.19999694824219,5.300000190734863,3.299999952316284,24134.90625,0.0,0.0,250.13400268554688,257.5828857421875,259.0628967285156,260.7677001953125,265.1680908203125,5465.43017578125,2955.96728515625,1480.236083984375,839.0684814453125,238.14146423339844,262.3343811035156,74.69999694824219,65.5,410.5578308105469,0.0,19999.8203125,4.0,8.0,0.0,24100.0,250.0,257.5,259.70001220703125,263.5,267.3999938964844,5465.8232421875,2964.486572265625,1485.337890625,838.5747680664062,241.67324829101562,262.5899963378906,59.599998474121094,57.0,359.9200134277344,0.0,0.0,0.0,nan,1.0,7.0,0.0,0.0,31500.0,249.48336791992188,257.09619140625,260.9874572753906,260.13800048828125,263.8997802734375,5453.4970703125,2958.6357421875,1481.393798828125,836.8006591796875,229.41305541992188,261.18023681640625,60.23243713378906,51.56163787841797,318.6182556152344,0.0,0.0,0.0,5464.5703125,2961.534423828125,1486.410888671875,844.51025390625,245.46435546875,250.53134155273438,257.249267578125,260.0101318359375,260.21844482421875,264.5810241699219,95.98591613769531,53.560089111328125,52.0759391784668,43.24895095825195,0.0005283355712890625,0.4625577926635742,0.0854635238647461,261.72052001953125,251.91087341308594,103219.8125,92550.421875,,5.297388553619385,51.0,0.0,7620.0,88888.0,1888.0,16209.0,0.0,0.0,0.0,4.0,14.0,10.0,10.0,11.0,13.0,0.0,0.0,256.45001220703125,249.8699951171875,57.0,3.0,11.600000381469727,11.300000190734863
2025-03-12T01:59,2025-03-12T02:00,1,train,0,2025,3,1,1,2025-03-12T01:00,2,2025-03-12T00:00,2,2025-03-12T00:00,1,2025-03-12T01:00,3,2025-03-12T00:00,1,2025-03-12T01:00,-999.0,0.0,2.0,0.0,0.0,nan,nan,nan,nan,nan,8.117579460144043,250.64344787597656,267.0097961425781,275.12689208984375,280.32122802734375,284.4527587890625,5451.06640625,2906.0927734375,1362.555908203125,27.972923278808594,272.89996337890625,74.9000015258789,477.1060485839844,1270.1600341796875,20300.0,0.0,0.0,785.3012084960938,100.0,0.0,0.0,50.79999923706055,337.9628601074219,4.800000169780105e-06,0.1875,251.1799774169922,266.501708984375,272.862060546875,277.2315368652344,281.3801574707031,5449.322265625,2898.15869140625,1361.582275390625,678.1986694335938,38.870689392089844,276.2965393066406,96.4000015258789,95.80000305175781,801.5179443359375,1319.0400390625,20000.134765625,33.0,0.0,0.0,16200.0,251.1999969482422,266.8999938964844,273.8999938964844,278.5,282.70001220703125,5446.59033203125,2895.464599609375,1356.1234130859375,670.6647338867188,23.801664352416992,275.0400085449219,89.19999694824219,89.0,465.2799987792969,1568.47998046875,0.00019999999494757503,2.9375,nan,32.0,13.0,0.0,31.0,24400.0,249.54119873046875,266.6812438964844,274.11468505859375,279.82952880859375,284.2582092285156,5447.32958984375,2908.84716796875,1367.6871337890625,680.905029296875,35.262359619140625,275.883056640625,67.83470153808594,59.90531539916992,710.8522338867188,1440.0,0.0,0.0,5450.8203125,2896.358642578125,1360.113525390625,679.69287109375,42.919189453125,250.41184997558594,266.7206726074219,272.455078125,276.75390625,281.0498352050781,11.143784523010254,78.60725402832031,80.1971206665039,79.42391967773438,2.4693031311035156,1.7520322799682617,0.9140224456787109,275.1418762207031,272.8179016113281,100534.0,90672.484375,,6.078701496124268,84.0,0.0,7620.0,32.0,32.0,16274.0,44.0,52.0,64.0,69.0,69.0,13.0,16.0,16.0,18.0,4.0,0.0,269.95001220703125,268.3999938964844,88.0,9.0,25.600000381469727,28.399999618530273
2025-02-15T14:58,2025-02-15T15:00,48,train,0,2025,2,14,45,2025-02-13T18:00,45,2025-02-13T18:00,45,2025-02-13T18:00,48,2025-02-13T15:00,45,2025-02-13T18:00,45,2025-02-13T18:00,-999.0,0.0,87.0,100.0,100.0,8567.3759765625,2845.104248046875,52900.0,71000.0,10635.46875,6.883634567260742,249.1964111328125,257.40814208984375,261.1924743652344,260.77972412109375,264.3074645996094,5475.3837890625,2978.948486328125,1500.334228515625,244.40921020507812,262.1676025390625,58.70000076293945,331.34375,0.0,32300.0,0.0,6.900000095367432,19999.833984375,4.400000095367432,100.0,100.0,1.7000000476837158,24135.275390625,0.0,0.0,250.72998046875,258.3047790527344,260.8243713378906,259.2475891113281,263.63623046875,5471.34423828125,2969.235107421875,1486.853515625,845.2265014648438,247.83775329589844,260.8380126953125,72.4000015258789,60.79999923706055,315.0277404785156,0.0,20000.1953125,5.0,8.0,12.0,24100.0,251.5,258.79998779296875,260.0,261.3999938964844,265.29998779296875,5478.00439453125,2963.655029296875,1478.97314453125,836.448486328125,240.4812774658203,260.44000244140625,63.599998474121094,58.0,277.9200134277344,0.0,0.0,0.0,2758.3369140625,98.0,100.0,86.0,0.0,32000.0,249.88414001464844,256.42010498046875,261.74053955078125,258.5793762207031,261.2498474121094,5468.0029296875,2976.1650390625,1497.2166748046875,852.759765625,250.9083709716797,258.9749450683594,59.47101974487305,50.799015045166016,267.64593505859375,0.0,0.0,3.5,5462.81640625,2966.991943359375,1484.72412109375,840.237548828125,242.979736328125,250.4648895263672,258.0283203125,261.8027038574219,259.743896484375,263.7236328125,83.33676147460938,52.439022064208984,49.34096145629883,43.24913787841797,-0.2069387435913086,0.674494743347168,0.18417644500732422,261.46673583984375,251.07725524902344,103166.125,92503.96875,,5.45684814453125,71.0,,,3040.0,496.0,8960.0,0.0,0.0,,9.0,,35.0,,35.0,35.0,0.0,0.0,256.4100036621094,249.6699981689453,56.0,0.0,13.199999809265137,12.5
2025-04-26T15:58,2025-04-26T16:00,1,holdout_webcam,0,2025,4,15,1,2025-04-26T15:00,4,2025-04-26T12:00,4,2025-04-26T12:00,1,2025-04-26T15:00,3,2025-04-26T12:00,1,2025-04-26T15:00,-999.0,100.0,100.0,100.0,100.0,1343.874267578125,1343.839599609375,30300.0,85900.0,10802.0791015625,5.562170028686523,259.3672180175781,273.544189453125,280.841064453125,282.9701232910156,287.0884094238281,5636.19091796875,3004.505859375,1422.17724609375,62.803382873535156,279.61334228515625,100.0,334.61578369140625,3062.800048828125,0.0,9.999999747378752e-05,0.675000011920929,785.252685546875,100.0,100.0,100.0,99.19999694824219,265.7890319824219,0.00021919999562669545,11.3125,259.23211669921875,274.3111877441406,280.3912048339844,281.0411682128906,285.26141357421875,5631.00146484375,2992.637939453125,1407.0574951171875,710.0020751953125,61.15578079223633,280.6964416503906,99.0,98.80000305175781,99.34529113769531,3203.840087890625,1232.2247314453125,84.0,100.0,100.0,9700.0,259.6000061035156,274.20001220703125,281.29998779296875,284.29998779296875,288.6000061035156,5634.06787109375,2995.1806640625,1406.4310302734375,704.4584350585938,58.90681457519531,281.29998779296875,98.5,100.0,966.4000244140625,3193.280029296875,0.00039999998989515007,2.9375,1350.3240966796875,100.0,100.0,100.0,48.0,10300.0,258.9384460449219,273.492919921875,281.76116943359375,283.49493408203125,287.4002380371094,5633.7802734375,3004.51123046875,1420.31005859375,717.79052734375,59.86552429199219,283.9498596191406,94.3460693359375,94.72124481201172,380.0414123535156,3100.0,1.9999999494757503e-05,0.0625,5642.78515625,3007.901123046875,1422.1533203125,721.340576171875,73.22119140625,259.63623046875,273.75494384765625,281.69146728515625,281.9533386230469,285.8523864746094,98.95856475830078,95.71986389160156,97.72834777832031,97.35711669921875,-0.3994407653808594,0.44221019744873047,0.08943367004394531,281.4248046875,281.26837158203125,100869.4375,91202.671875,,25.573957443237305,92.0,0.0,7620.0,0.0,0.0,209.0,89.0,89.0,94.0,96.0,100.0,76.0,86.0,94.0,98.0,0.0,0.0,277.65997314453125,277.7699890136719,100.0,65.0,12.800000190734863,13.5
2025-02-15T14:58,2025-02-15T15:00,24,train,0,2025,2,14,21,2025-02-14T18:00,21,2025-02-14T18:00,21,2025-02-14T18:00,24,2025-02-14T15:00,21,2025-02-14T18:00,24,2025-02-14T15:00,-999.0,0.0,11.0,100.0,57.0,nan,3383.508056640625,nan,66000.0,nan,9.206573486328125,248.27674865722656,257.0530090332031,259.9815673828125,259.9815368652344,263.7685546875,5457.33056640625,2968.290771484375,1492.364501953125,239.59608459472656,261.23370361328125,49.0,298.4537048339844,0.0,40700.0,0.0,0.009999999776482582,19999.833984375,5.0,5.0,48.0,2.9000000953674316,24134.64453125,0.0,0.0,250.0901336669922,257.3938293457031,259.5738525390625,259.9052429199219,264.29620361328125,5465.4541015625,2961.352294921875,1485.8128662109375,844.7164306640625,245.78140258789062,261.37371826171875,74.0999984741211,63.900001525878906,338.72509765625,0.0,3962.189208984375,98.0,95.0,36.0,24100.0,249.89999389648438,258.0,259.79998779296875,260.20001220703125,264.1000061035156,5452.56396484375,2958.57568359375,1479.060546875,838.682373046875,242.80535888671875,259.1000061035156,58.599998474121094,53.0,239.52000427246094,0.0,0.0,0.0,6198.64599609375,30.0,100.0,99.0,1.0,28900.0,248.516845703125,256.91607666015625,260.67449951171875,257.13519287109375,260.37359619140625,5450.53515625,2962.548583984375,1486.420166015625,845.0972900390625,243.4962158203125,257.3825378417969,63.7251091003418,53.88703155517578,311.20416259765625,0.0,0.0,0.0625,5465.51953125,2965.84326171875,1487.413330078125,844.623779296875,247.06005859375,249.82046508789062,257.741455078125,260.7030334472656,259.62359619140625,263.903564453125,88.05697631835938,52.528446197509766,44.16434097290039,36.968017578125,-0.3629932403564453,0.7552709579467773,0.2597627639770508,261.2205810546875,249.47926330566406,103241.25,92551.734375,,5.198080062866211,49.0,43.0,7658.0,88888.0,1984.0,209.0,0.0,0.0,0.0,7.0,17.0,43.0,43.0,43.0,43.0,0.0,0.0,255.8099822998047,249.35000610351562,57.0,6.0,12.800000190734863,12.5
2025-03-12T01:59,2025-03-12T02:00,24,train,0,2025,3,1,26,2025-03-11T00:00,26,2025-03-11T00:00,26,2025-03-11T00:00,23,2025-03-11T03:00,21,2025-03-11T06:00,24,2025-03-11T02:00,-999.0,100.0,100.0,100.0,0.0,1343.1668701171875,1342.9493408203125,62700.0,85300.0,2279.96630859375,6.643721580505371,251.093994140625,266.8090515136719,274.95098876953125,278.9129638671875,283.0722961425781,5454.10205078125,2909.625732421875,1365.2989501953125,32.83941650390625,274.1839599609375,97.4000015258789,400.9134521484375,1655.0400390625,0.0,0.0003000000142492354,0.9200000166893005,785.2407836914062,100.0,0.0,0.0,100.0,63.739585876464844,4.800000169780105e-06,0.1875,252.11611938476562,266.3283386230469,272.3426208496094,276.41973876953125,280.56976318359375,5460.67041015625,2904.760009765625,1371.1591796875,689.531494140625,52.10906219482422,275.6847229003906,98.5,98.30000305175781,588.5042724609375,1239.3599853515625,19999.861328125,62.0,2.0,0.0,1000.0,251.39999389648438,265.6000061035156,273.1000061035156,277.3999938964844,281.6000061035156,5445.71142578125,2884.792236328125,1349.408935546875,666.5087280273438,26.88465690612793,274.0799865722656,93.80000305175781,95.0,833.6799926757812,1330.8800048828125,0.0008999999845400453,7.6875,826.5919189453125,100.0,74.0,0.0,100.0,3200.0,249.03775024414062,266.0863342285156,273.15081787109375,275.99053955078125,280.35333251953125,5433.74169921875,2901.1669921875,1362.80224609375,682.4628295898438,39.49577331542969,274.932373046875,98.0,93.70645904541016,461.5860290527344,1070.0,0.0,0.0,5447.4921875,2894.582763671875,1364.845703125,691.2036743164062,60.71044921875,250.29086303710938,267.0824890136719,270.00079345703125,274.2025146484375,278.30810546875,4.3330535888671875,71.05968475341797,73.45162963867188,73.38172912597656,3.2034597396850586,2.5382680892944336,0.8839387893676758,272.9801940917969,269.6651916503906,100749.625,90780.8515625,,3.5430665016174316,80.0,0.0,7620.0,32.0,32.0,209.0,78.0,78.0,79.0,83.0,86.0,51.0,51.0,51.0,51.0,3.0,0.0,269.7099914550781,268.30999755859375,92.0,22.0,25.200000762939453,28.100000381469727
2025-03-12T01:59,2025-03-12T02:00,48,train,0,2025,3,1,44,2025-03-10T06:00,50,2025-03-10T00:00,50,2025-03-10T00:00,47,2025-03-10T03:00,45,2025-03-10T06:00,36,2025-03-10T14:00,-999.0,100.0,100.0,49.0,0.0,1342.8270263671875,1342.5997314453125,79600.0,85300.0,2071.60205078125,7.910716533660889,249.9221954345703,266.49481201171875,272.894775390625,276.277587890625,280.4765625,5436.7548828125,2897.837158203125,1359.06103515625,35.24330139160156,272.3769226074219,99.69999694824219,343.1996154785156,1186.3199462890625,0.0,0.0,5.099999904632568,785.2582397460938,100.0,0.0,0.0,100.0,83.54542541503906,2.9200000426499173e-05,0.125,252.8524169921875,265.9898681640625,273.1626892089844,277.3226318359375,281.4812927246094,5458.30078125,2895.60595703125,1363.1864013671875,678.9902954101562,39.38212585449219,276.3603515625,97.69999694824219,97.19999694824219,872.6192016601562,1364.1600341796875,1195.97802734375,66.0,0.0,0.0,0.0,252.3000030517578,265.29998779296875,272.8999938964844,277.20001220703125,281.29998779296875,5416.8837890625,2853.5185546875,1328.3385009765625,645.9702758789062,5.848132610321045,273.6499938964844,99.69999694824219,100.0,745.2000122070312,1274.0799560546875,0.003700000001117587,11.625,825.980224609375,100.0,0.0,0.0,100.0,3200.0,250.57261657714844,265.39410400390625,269.619873046875,273.44329833984375,277.90350341796875,5420.8173828125,2880.4482421875,1354.548583984375,681.92724609375,43.82594299316406,272.8009033203125,99.00125122070312,95.16375732421875,543.81689453125,700.0,0.0,2.9375,5435.41015625,2879.4111328125,1358.37255859375,686.6565551757812,57.2275390625,250.65147399902344,266.47186279296875,268.77899169921875,273.59283447265625,277.72674560546875,4.40980339050293,83.66036987304688,84.3124008178711,82.17691040039062,2.7277774810791016,1.8041038513183594,0.7573728561401367,272.4956970214844,270.7387390136719,100708.1875,90719.78125,,3.747668504714966,89.0,0.0,7620.0,0.0,0.0,0.0,88.0,89.0,90.0,91.0,93.0,66.0,66.0,66.0,67.0,12.0,0.0,270.0,268.6499938964844,91.0,18.0,25.600000381469727,28.899999618530273
2025-06-09T02:54,2025-06-09T03:00,1,train,0,2025,6,2,1,2025-06-09T02:00,3,2025-06-09T00:00,3,2025-06-09T00:00,1,2025-06-09T02:00,3,2025-06-09T00:00,1,2025-06-09T02:00,-999.0,0.0,37.0,100.0,100.0,7859.845703125,1344.32470703125,34600.0,86500.0,9226.998046875,3.8669042587280273,261.53717041015625,275.96636962890625,282.8257751464844,286.7825927734375,290.925537109375,5728.623046875,3075.2880859375,1487.45068359375,111.51187896728516,282.16326904296875,92.69999694824219,177.2340087890625,3774.780517578125,13100.0,0.0,0.0,6307.16650390625,0.699999988079071,100.0,100.0,33.79999923706055,24135.10546875,0.0,0.0,260.2642517089844,276.0030212402344,281.7710266113281,284.66876220703125,288.6241455078125,5730.896484375,3077.951904296875,1494.2530517578125,788.4063720703125,131.52163696289062,283.82781982421875,97.0,92.19999694824219,41.08968734741211,3742.239990234375,1232.7724609375,23.0,92.0,28.0,1600.0,261.5,275.70001220703125,280.6000061035156,285.20001220703125,289.5,5733.431640625,3080.611083984375,1493.8316650390625,790.3316040039062,129.13870239257812,282.7900085449219,99.80000305175781,100.0,390.3999938964844,3687.360107421875,0.00019999999494757503,3.8125,6272.81005859375,0.0,100.0,100.0,0.0,18700.0,260.33160400390625,275.98870849609375,283.06036376953125,286.7841491699219,290.6375732421875,5728.8681640625,3079.53466796875,1493.950439453125,785.4320068359375,120.25686645507812,285.421630859375,80.31675720214844,68.94280242919922,175.93487548828125,3750.0,0.0,0.0,5728.93359375,3080.531005859375,1494.09619140625,787.2496337890625,129.770751953125,260.5620422363281,275.7247314453125,282.17279052734375,286.0434265136719,290.403076171875,13.726395606994629,83.85848999023438,88.7680435180664,92.7117919921875,0.2198028564453125,0.7341823577880859,0.1543102264404297,284.51739501953125,284.20489501953125,101570.3125,91930.59375,,14.508445739746094,89.0,0.0,7620.0,30.0,32.0,209.0,62.0,67.0,67.0,67.0,70.0,79.0,79.0,79.0,79.0,0.0,0.0,279.28997802734375,278.2300109863281,94.0,0.0,13.199999809265137,14.100000381469727
2025-04-26T15:58,2025-04-26T16:00,24,holdout_webcam,0,2025,4,15,22,2025-04-25T18:00,22,2025-04-25T18:00,22,2025-04-25T18:00,25,2025-04-25T15:00,21,2025-04-25T18:00,24,2025-04-25T16:00,6187.39990234375,100.0,100.0,72.0,100.0,1344.0762939453125,1344.1077880859375,26800.0,85700.0,12444.5166015625,6.176982879638672,259.701171875,274.01708984375,281.7908935546875,284.56219482421875,288.7780456542969,5629.26953125,2992.6728515625,1405.4833984375,40.60472106933594,280.67901611328125,100.0,347.6174011230469,3225.1201171875,0.0,0.0003000000142492354,21.399999618530273,785.1912231445312,100.0,100.0,100.0,100.0,243.81883239746094,0.0009640000062063336,14.125,259.7793273925781,273.08740234375,280.45953369140625,280.75897216796875,284.96954345703125,5624.896484375,2987.44287109375,1405.2830810546875,707.627685546875,59.49197006225586,280.3157653808594,98.9000015258789,98.9000015258789,78.91246032714844,2971.360107421875,1231.3765869140625,99.0,100.0,100.0,3900.0,260.70001220703125,274.70001220703125,278.70001220703125,280.70001220703125,284.8999938964844,5619.82666015625,2973.929931640625,1385.7906494140625,692.9650268554688,46.746822357177734,277.6000061035156,98.19999694824219,100.0,579.0399780273438,3197.919921875,0.0017000000225380063,8.9375,1935.6141357421875,99.0,100.0,100.0,45.0,6400.0,259.1121826171875,273.31158447265625,281.0600280761719,283.1564025878906,287.26727294921875,5625.76904296875,2996.18359375,1413.97021484375,712.715576171875,56.0811653137207,283.4775390625,93.16487121582031,94.33395385742188,374.35455322265625,3050.0,0.00041000000783242285,15.3125,5639.01171875,3005.543701171875,1425.059326171875,725.255859375,78.4794921875,259.58172607421875,272.91064453125,281.334716796875,281.55230712890625,285.3572998046875,100.78369140625,90.92799377441406,97.95555114746094,98.12051391601562,-0.8663482666015625,0.5970678329467773,0.1630687713623047,280.5941162109375,280.328125,100945.1875,91246.1171875,,24.929237365722656,92.0,0.0,7620.0,30.0,32.0,402.0,93.0,97.0,99.0,99.0,100.0,43.0,53.0,62.0,86.0,0.0,0.0,277.3499755859375,277.30999755859375,100.0,74.0,12.399999618530273,12.5
2025-04-26T15:58,2025-04-26T16:00,48,holdout_webcam,0,2025,4,15,46,2025-04-24T18:00,46,2025-04-24T18:00,46,2025-04-24T18:00,49,2025-04-24T15:00,45,2025-04-24T18:00,36,2025-04-25T04:00,3839.39990234375,100.0,100.0,100.0,100.0,1343.8143310546875,1343.8143310546875,26800.0,85800.0,11036.3974609375,6.70380163192749,258.0018615722656,273.36663818359375,280.62322998046875,282.8271789550781,287.0028076171875,5619.095703125,2994.197265625,1413.2327880859375,54.714744567871094,279.17767333984375,100.0,337.4679870605469,3059.360107421875,0.0,0.00039999998989515007,29.200000762939453,785.33544921875,100.0,88.0,88.4000015258789,95.80000305175781,414.6237487792969,0.0001264000020455569,2.9375,258.9546203613281,273.5254211425781,281.706298828125,282.976318359375,287.2140197753906,5615.1533203125,2984.76025390625,1399.8074951171875,697.2894287109375,43.633968353271484,282.55804443359375,98.30000305175781,98.0,127.23908233642578,3053.60009765625,3814.57080078125,100.0,100.0,100.0,15800.0,259.20001220703125,273.5,282.1000061035156,285.20001220703125,289.5,5625.38232421875,2996.274169921875,1413.0067138671875,708.8826904296875,74.031982421875,282.04998779296875,95.5,97.0,260.32000732421875,3103.199951171875,0.00019999999494757503,1.625,2158.72998046875,99.0,100.0,100.0,40.0,4300.0,257.725830078125,271.9233703613281,279.8233642578125,283.36285400390625,287.4921875,5634.9912109375,3017.22412109375,1447.6400146484375,747.8408203125,91.47444915771484,284.0675964355469,92.01924896240234,92.89385986328125,400.9560241699219,2760.0,0.000590000010561198,10.8125,5637.94921875,3010.40576171875,1435.126953125,738.3455810546875,93.88818359375,258.87750244140625,272.6568298339844,279.6872863769531,280.51153564453125,284.220458984375,98.78495788574219,90.4234619140625,98.4297103881836,96.94357299804688,-0.213165283203125,0.8984355926513672,-0.07458972930908203,280.1484375,279.8984375,101125.3125,91376.4921875,,23.41427230834961,92.0,0.0,7620.0,30.0,32.0,384.0,70.0,73.0,76.0,77.0,83.0,41.0,49.0,55.0,74.0,0.0,0.0,277.30999755859375,277.44000244140625,100.0,60.0,14.0,15.0
2025-06-09T02:54,2025-06-09T03:00,24,train,0,2025,6,2,21,2025-06-08T06:00,21,2025-06-08T06:00,21,2025-06-08T06:00,24,2025-06-08T03:00,21,2025-06-08T06:00,24,2025-06-08T03:00,-999.0,0.0,54.0,10.0,98.0,9071.748046875,1344.248046875,nan,86600.0,11572.0390625,4.2589945793151855,260.6728210449219,274.6920471191406,281.164306640625,285.62371826171875,289.79931640625,5718.5146484375,3075.81787109375,1494.9066162109375,125.26366424560547,281.0888977050781,94.9000015258789,250.92413330078125,3443.3212890625,12200.0,0.0,0.4000000059604645,2909.941650390625,80.9000015258789,100.0,45.20000076293945,8.300000190734863,24134.990234375,0.0,0.0625,260.7599792480469,272.49627685546875,282.7089538574219,284.5766906738281,288.4736633300781,5729.5263671875,3078.91845703125,1496.1654052734375,789.2984619140625,132.74594116210938,283.6573486328125,96.0999984741211,89.69999694824219,54.713592529296875,2897.280029296875,1232.87109375,7.0,99.0,97.0,24100.0,261.29998779296875,275.3999938964844,281.6000061035156,285.1000061035156,289.29998779296875,5731.75048828125,3081.29150390625,1492.7396240234375,789.0391235351562,127.1258316040039,282.57000732421875,99.69999694824219,100.0,222.55999755859375,3607.0400390625,0.0,0.625,9360.8037109375,13.0,46.0,100.0,13.0,14700.0,260.7718505859375,274.35321044921875,281.8605651855469,286.3945617675781,290.3079833984375,5722.41015625,3077.939453125,1499.0400390625,792.7437744140625,129.10972595214844,285.22955322265625,89.0,82.5171890258789,264.0834045410156,3500.0,0.0,0.0,5738.48046875,3083.21435546875,1495.96533203125,788.492919921875,130.1259765625,260.76007080078125,275.24554443359375,282.56817626953125,286.51739501953125,290.851806640625,26.934362411499023,71.00820922851562,84.98211669921875,91.98089599609375,0.03690910339355469,0.4241456985473633,0.16448211669921875,284.5771484375,283.8271484375,101574.4375,91946.0546875,,15.102944374084473,60.0,36.0,9860.0,30.0,32.0,209.0,28.0,28.0,28.0,34.0,41.0,43.0,43.0,43.0,43.0,13.0,0.0,279.32000732421875,277.45001220703125,88.0,0.0,12.0,13.0
2025-06-09T02:54,2025-06-09T03:00,48,train,0,2025,6,2,45,2025-06-07T06:00,45,2025-06-07T06:00,45,2025-06-07T06:00,48,2025-06-07T03:00,45,2025-06-07T06:00,45,2025-06-07T06:00,-999.0,100.0,100.0,99.0,100.0,1344.286376953125,1344.197021484375,25200.0,86700.0,12169.0908203125,3.3284811973571777,259.9950866699219,273.6824951171875,281.03253173828125,285.66400146484375,289.8976135253906,5719.6171875,3078.29638671875,1498.4449462890625,130.31448364257812,281.8150329589844,100.0,455.7703857421875,3186.775390625,0.0,0.0,9.210000038146973,20000.140625,0.5,20.899999618530273,98.9000015258789,1.899999976158142,24135.3125,0.0,0.0,261.06658935546875,274.1495056152344,281.9195251464844,283.4295349121094,287.51470947265625,5729.2001953125,3076.548095703125,1495.467529296875,790.8472290039062,136.46359252929688,282.63970947265625,97.0,92.30000305175781,37.172664642333984,3795.679931640625,1197.208984375,58.0,27.0,1.0,0.0,260.6000061035156,275.8999938964844,280.1000061035156,285.3999938964844,289.70001220703125,5722.37109375,3073.154541015625,1488.6868896484375,784.816650390625,124.96965026855469,283.1400146484375,99.69999694824219,100.0,484.4800109863281,3593.280029296875,0.0,2.6875,6864.9208984375,26.0,43.0,100.0,26.0,12400.0,260.84442138671875,275.6861267089844,280.6263427734375,285.523681640625,289.6206359863281,5725.8837890625,3080.6064453125,1499.140869140625,795.8646240234375,132.06788635253906,283.9460144042969,86.03489685058594,83.66133117675781,362.9766540527344,3640.0,0.0,11.5625,5727.6484375,3074.229736328125,1487.978759765625,779.7786254882812,120.1962890625,259.994140625,276.08135986328125,282.7959899902344,287.2913818359375,291.72259521484375,9.135769844055176,64.36263275146484,66.49845123291016,76.9963607788086,-0.1732025146484375,0.6612548828125,0.23961830139160156,284.93603515625,282.02978515625,101462.0,91851.609375,,14.072426795959473,72.0,,,368.0,112.0,9786.0,53.0,54.0,,55.0,,43.0,,43.0,43.0,9.0,0.0,279.75,277.2599792480469,85.0,0.0,11.600000381469727,12.699999809265137
2025-07-01T09:52,2025-07-01T10:00,1,train,0,2025,7,9,1,2025-07-01T09:00,4,2025-07-01T06:00,4,2025-07-01T06:00,1,2025-07-01T09:00,3,2025-07-01T06:00,1,2025-07-01T09:00,-999.0,0.0,100.0,100.0,6.0,3198.728271484375,3310.609619140625,60000.0,68400.0,4858.1787109375,7.118037700653076,266.6050109863281,279.8753662109375,290.6904296875,294.261962890625,298.33831787109375,5810.0146484375,3115.03564453125,1486.0274658203125,79.32550048828125,289.1302795410156,72.5999984741211,207.84555053710938,4365.623046875,21800.0,0.0,0.0,2456.60791015625,3.799999952316284,97.69999694824219,99.80000305175781,0.0,21858.5078125,6.040000153006986e-05,0.625,266.3101806640625,280.2969970703125,290.643798828125,291.1608581542969,295.29705810546875,5812.4345703125,3111.31396484375,1481.9736328125,753.8003540039062,87.64115905761719,290.4232177734375,96.30000305175781,91.80000305175781,67.95773315429688,4470.080078125,20000.16796875,8.0,15.0,0.0,0.0,266.79998779296875,281.5,289.3999938964844,293.29998779296875,297.70001220703125,5821.71728515625,3117.27880859375,1482.9776611328125,756.5209350585938,84.08377075195312,290.42999267578125,100.0,100.0,312.6400146484375,4636.0,0.0,0.0625,3780.081787109375,0.0,87.0,5.0,0.0,23400.0,265.835205078125,280.9305419921875,290.92425537109375,294.21343994140625,297.2064514160156,5814.34912109375,3116.659912109375,1485.7630615234375,756.8680419921875,78.06550598144531,290.51568603515625,70.2333984375,65.59059143066406,164.93936157226562,4450.0,0.0,0.0,5816.59375,3117.667236328125,1484.747802734375,755.3062744140625,86.572265625,266.616943359375,280.8022155761719,290.68011474609375,294.21246337890625,298.7319641113281,67.45635223388672,70.63343811035156,78.93392944335938,86.69432830810547,-0.24760913848876953,0.21563148498535156,0.2485666275024414,290.4642333984375,288.3392333984375,101054.0,91601.046875,,35.031009674072266,78.0,0.0,7620.0,0.0,0.0,209.0,81.0,91.0,91.0,100.0,100.0,71.0,71.0,71.0,71.0,117.0,0.0,285.75,284.3600158691406,91.0,8.0,11.600000381469727,12.399999618530273
2025-07-01T09:52,2025-07-01T10:00,24,train,0,2025,7,9,22,2025-06-30T12:00,22,2025-06-30T12:00,22,2025-06-30T12:00,25,2025-06-30T09:00,21,2025-06-30T12:00,24,2025-06-30T10:00,8012.60009765625,0.0,0.0,100.0,100.0,6300.2529296875,3900.52685546875,22300.0,63700.0,12869.2587890625,6.686492919921875,266.0167236328125,279.5069274902344,290.01580810546875,294.2529602050781,298.36834716796875,5811.06640625,3119.01953125,1492.4765625,86.16836547851562,289.6484375,84.5,259.89385986328125,4471.9423828125,6900.0,0.0005000000237487257,0.25,3788.04345703125,29.0,100.0,99.4000015258789,1.5,24135.19140625,8.000000093488779e-07,0.0625,266.6202392578125,280.12139892578125,289.882568359375,291.9452819824219,296.145263671875,5811.20361328125,3109.428466796875,1482.296142578125,754.7470092773438,87.91021728515625,291.1940612792969,81.19999694824219,76.9000015258789,92.6000747680664,4376.0,4226.73779296875,10.0,100.0,100.0,24100.0,266.8999938964844,281.20001220703125,290.0,294.1000061035156,298.3999938964844,5806.50927734375,3106.936279296875,1475.9271240234375,749.316650390625,78.61749267578125,290.6700134277344,67.0999984741211,71.0,312.4800109863281,4350.8798828125,0.0,0.0,3325.075439453125,58.0,100.0,84.0,0.0,16900.0,265.9938049316406,278.9195556640625,290.74517822265625,294.23834228515625,297.2461853027344,5810.1318359375,3120.514892578125,1496.3292236328125,767.3674926757812,90.53950500488281,291.5542297363281,81.05598449707031,73.90782928466797,214.85250854492188,4230.0,0.0,0.375,5818.83203125,3121.506103515625,1489.109375,759.5591430664062,90.724365234375,266.23699951171875,281.16259765625,290.53900146484375,294.2879638671875,298.56939697265625,56.33240509033203,75.77139282226562,79.08183288574219,87.52539825439453,-0.12647533416748047,0.37349796295166016,0.26332950592041016,291.0570373535156,288.9320373535156,101107.5,91640.9140625,,35.7746696472168,82.0,89.0,8748.0,30.0,32.0,209.0,54.0,55.0,58.0,74.0,93.0,40.0,40.0,40.0,40.0,143.0,0.0,286.54998779296875,284.3500061035156,88.0,9.0,10.399999618530273,11.199999809265137
2025-07-01T09:52,2025-07-01T10:00,48,train,0,2025,7,9,46,2025-06-29T12:00,46,2025-06-29T12:00,46,2025-06-29T12:00,49,2025-06-29T09:00,45,2025-06-29T12:00,36,2025-06-29T22:00,-999.0,0.0,0.0,0.0,100.0,9760.029296875,1828.7257080078125,nan,28200.0,11014.033203125,7.244661331176758,264.98236083984375,279.9864807128906,290.8452453613281,294.7752380371094,298.68597412109375,5818.23974609375,3132.8203125,1504.902587890625,96.52800750732422,289.53271484375,71.69999694824219,242.79183959960938,4291.31298828125,22300.0,0.0,0.0,11411.318359375,0.6000000238418579,52.099998474121094,96.5,0.0,24134.978515625,0.0,0.125,266.442138671875,279.79638671875,291.1208801269531,291.82086181640625,295.92083740234375,5818.59814453125,3118.22998046875,1489.127685546875,759.3639526367188,92.54337310791016,290.8278503417969,89.0,83.0999984741211,50.17208480834961,4490.39990234375,19999.923828125,18.0,21.0,26.0,24100.0,265.20001220703125,281.29998779296875,291.79998779296875,294.1000061035156,298.5,5814.5908203125,3121.99853515625,1486.1031494140625,758.623046875,85.78138732910156,290.4200134277344,83.9000015258789,77.0,229.60000610351562,4490.56005859375,0.0,0.0,nan,0.0,0.0,100.0,0.0,20700.0,265.8590087890625,280.0766906738281,290.5757751464844,294.2098083496094,297.1257019042969,5815.4375,3127.32958984375,1500.2830810546875,771.792236328125,93.74092864990234,290.4298400878906,74.26588439941406,68.15092468261719,161.26429748535156,4330.0,0.0,0.0,5821.1796875,3127.819580078125,1496.3330078125,767.8734130859375,99.8408203125,264.5074462890625,281.4208984375,290.8343505859375,293.73004150390625,298.12176513671875,36.347286224365234,56.79225158691406,77.49600982666016,91.95622253417969,-0.1352081298828125,0.07598686218261719,0.19927215576171875,289.48004150390625,287.73004150390625,101206.75,91728.296875,,25.83302116394043,70.0,89.0,9644.0,32.0,32.0,256.0,35.0,35.0,37.0,48.0,67.0,51.0,52.0,54.0,54.0,130.0,0.0,286.32000732421875,283.8500061035156,84.0,3.0,10.0,10.800000190734863
2025-07-21T23:48,2025-07-22T00:00,1,train,0,2025,7,23,1,2025-07-21T23:00,6,2025-07-21T18:00,6,2025-07-21T18:00,1,2025-07-21T23:00,0,2025-07-22T00:00,1,2025-07-21T23:00,-999.0,0.0,1.0,0.0,0.0,nan,nan,nan,nan,nan,6.468462944030762,260.85321044921875,273.48919677734375,279.5268249511719,285.42926025390625,289.8629150390625,5698.86962890625,3056.2080078125,1487.2633056640625,123.19501495361328,280.344970703125,80.30000305175781,539.7028198242188,3323.883056640625,17900.0,0.0,0.0,19999.98828125,4.0,0.0,0.0,0.0,24135.236328125,0.0,0.0,261.24578857421875,273.44287109375,278.8628845214844,283.8551025390625,288.0243835449219,5703.97021484375,3057.080322265625,1494.3372802734375,794.0289916992188,139.34619140625,283.20672607421875,69.0999984741211,64.69999694824219,102.3218765258789,3253.60009765625,19999.96875,11.0,0.0,0.0,200.0,261.29998779296875,274.6000061035156,278.8999938964844,282.8999938964844,287.1000061035156,5707.607421875,3062.25732421875,1488.690673828125,791.0020141601562,130.1685791015625,280.4599914550781,99.69999694824219,100.0,300.9599914550781,3450.56005859375,0.0,2.625,nan,0.0,0.0,0.0,0.0,23900.0,260.8585205078125,272.9517822265625,279.781494140625,286.1962585449219,290.7350158691406,5703.8779296875,3061.355224609375,1495.2843017578125,792.6920166015625,130.43968200683594,285.0375671386719,70.05126953125,60.43019485473633,1139.881591796875,2780.0,0.0,0.0,5708.72265625,3058.97216796875,1491.464111328125,789.935546875,133.12353515625,261.17156982421875,274.93988037109375,279.2607421875,285.4185791015625,289.7911682128906,31.014799118041992,83.33132934570312,66.79730987548828,67.54286193847656,0.47366809844970703,0.9453334808349609,0.5242385864257812,284.4922180175781,279.9609680175781,101591.0,91937.8046875,,13.099383354187012,25.0,0.0,7620.0,0.0,0.0,209.0,47.0,56.0,65.0,65.0,70.0,71.0,71.0,71.0,71.0,13.0,0.0,276.42999267578125,275.2599792480469,90.0,2.0,17.600000381469727,19.0
2025-07-21T23:48,2025-07-22T00:00,24,train,0,2025,7,23,24,2025-07-21T00:00,24,2025-07-21T00:00,24,2025-07-21T00:00,21,2025-07-21T03:00,24,2025-07-21T00:00,24,2025-07-21T00:00,-999.0,0.0,1.0,0.0,0.0,nan,nan,nan,nan,nan,6.48172664642334,260.49853515625,272.795166015625,278.2481689453125,284.2392578125,288.6974792480469,5691.791015625,3053.022705078125,1491.296875,132.98492431640625,279.43511962890625,80.19999694824219,594.9993896484375,3221.81005859375,18000.0,0.0,0.18000000715255737,16050.380859375,19.100000381469727,0.0,0.0,0.0,24135.2265625,4.0000000467443897e-07,0.0,261.1668395996094,273.8296813964844,278.7702941894531,284.27960205078125,288.5697937011719,5709.6318359375,3060.2421875,1497.0157470703125,796.741455078125,140.95309448242188,283.99481201171875,65.5999984741211,63.099998474121094,240.07012939453125,2184.639892578125,19999.9609375,21.0,0.0,0.0,100.0,261.5,273.20001220703125,279.0,283.20001220703125,287.3999938964844,5699.044921875,3050.668212890625,1479.5673828125,781.3385620117188,123.63665771484375,280.6899719238281,99.69999694824219,100.0,642.719970703125,3095.679931640625,0.00019999999494757503,2.3125,nan,0.0,0.0,0.0,0.0,21600.0,261.3402404785156,272.31884765625,278.2497863769531,284.3893127441406,289.0955810546875,5697.27978515625,3055.13525390625,1495.4439697265625,797.1338500976562,137.63796997070312,283.8115234375,73.20989990234375,67.71107482910156,1030.6534423828125,2250.0,0.0,0.6875,5704.703125,3056.59716796875,1487.858642578125,785.8464965820312,128.5966796875,260.94915771484375,274.05029296875,279.47906494140625,285.6192626953125,289.9566955566406,28.025625228881836,86.97451782226562,71.3372573852539,71.14616394042969,0.6684474945068359,1.0522117614746094,0.47460174560546875,284.7098388671875,280.9285888671875,101535.6875,91886.828125,,13.099599838256836,27.0,0.0,7620.0,30.0,32.0,209.0,21.0,24.0,26.0,31.0,35.0,56.0,57.0,59.0,60.0,8.0,0.0,275.8299865722656,274.3899841308594,91.0,3.0,20.399999618530273,22.299999237060547
2025-07-21T23:48,2025-07-22T00:00,48,train,0,2025,7,23,48,2025-07-20T00:00,48,2025-07-20T00:00,48,2025-07-20T00:00,45,2025-07-20T03:00,48,2025-07-20T00:00,48,2025-07-20T00:00,-999.0,0.0,7.0,0.0,0.0,nan,1815.59765625,nan,81600.0,nan,7.038560390472412,260.8591003417969,271.8575744628906,277.116455078125,283.1922607421875,287.6483459472656,5677.78515625,3041.61767578125,1486.258056640625,132.7318572998047,278.5389709472656,81.0,624.6535034179688,2022.78076171875,17400.0,0.0,3.4600000381469727,20000.064453125,22.600000381469727,0.0,0.0,17.200000762939453,24134.802734375,6.4000000747910235e-06,0.125,260.818115234375,274.2713928222656,277.1077880859375,283.0908203125,287.3014221191406,5702.671875,3050.728515625,1490.4984130859375,794.672119140625,141.59681701660156,282.9548645019531,72.30000305175781,70.30000305175781,666.4564819335938,1975.52001953125,20000.1796875,27.0,0.0,0.0,0.0,260.8999938964844,274.5,278.1000061035156,281.79998779296875,286.0,5679.74462890625,3040.742919921875,1471.7696533203125,777.155517578125,122.94010162353516,279.20001220703125,99.5999984741211,100.0,639.3599853515625,3404.159912109375,0.0,2.9375,1843.1624755859375,81.0,0.0,0.0,81.0,21100.0,260.81463623046875,272.49822998046875,276.64434814453125,283.008056640625,287.68798828125,5672.8701171875,3035.40185546875,1482.70556640625,788.071044921875,130.60940551757812,283.0070495605469,74.12109375,71.34332275390625,1188.7998046875,1880.0,0.0,15.75,5700.8203125,3047.0947265625,1481.23779296875,779.7642822265625,122.8515625,261.2966003417969,274.23040771484375,279.2200012207031,285.43841552734375,289.81622314453125,22.05915069580078,88.31161499023438,69.81231689453125,69.1612777709961,0.48224449157714844,0.6534919738769531,0.4467287063598633,284.6225280761719,280.3100280761719,101465.1875,91819.859375,,13.625551223754883,23.0,,,88888.0,32.0,9790.0,31.0,32.0,,38.0,,36.0,,36.0,36.0,5.0,0.0,275.9499816894531,274.17999267578125,87.0,1.0,20.100000381469727,22.0
2025-08-22T02:47,2025-08-22T03:00,1,train,0,2025,8,2,1,2025-08-22T02:00,3,2025-08-22T00:00,3,2025-08-22T00:00,1,2025-08-22T02:00,3,2025-08-22T00:00,1,2025-08-22T02:00,-999.0,0.0,0.0,0.0,0.0,nan,nan,nan,nan,nan,3.783008337020874,263.5377197265625,276.74298095703125,283.7471008300781,288.2752685546875,292.36676025390625,5769.72314453125,3098.6201171875,1506.737060546875,127.06777954101562,281.83648681640625,60.900001525878906,284.0072021484375,4121.40087890625,29400.0,0.0,0.0,20000.005859375,0.0,0.0,0.0,0.0,24134.98828125,0.0,0.0,263.6112060546875,276.3253173828125,284.0626220703125,285.8671569824219,289.70263671875,5772.22998046875,3100.033447265625,1509.87744140625,798.5636596679688,140.96484375,283.85491943359375,62.5,54.0,12.255165100097656,4225.60009765625,20000.00390625,0.0,0.0,0.0,24100.0,263.6000061035156,276.70001220703125,283.5,288.0,292.29998779296875,5780.90576171875,3104.591796875,1514.781982421875,804.8832397460938,141.18666076660156,283.4200134277344,78.19999694824219,69.0,72.4000015258789,4359.615234375,0.0,0.0,nan,0.0,0.0,0.0,0.0,38700.0,263.79998779296875,276.9604187011719,283.82965087890625,288.95953369140625,292.197265625,5773.826171875,3101.237060546875,1510.1845703125,798.8262939453125,131.06527709960938,284.8165283203125,50.38432693481445,44.789344787597656,223.3126983642578,4178.38671875,0.0,0.0,5779.39453125,3103.774169921875,1513.842529296875,802.39453125,141.1640625,263.4085388183594,277.29608154296875,284.03082275390625,288.6330871582031,292.8839416503906,32.20541763305664,54.145023345947266,54.68183898925781,59.69001007080078,-0.2082347869873047,-0.017307281494140625,0.08649635314941406,284.216552734375,278.779052734375,101680.75,92082.84375,,14.361104011535645,4.0,0.0,7620.0,88886.0,5024.0,16274.0,0.0,0.0,0.0,0.0,0.0,7.0,7.0,7.0,7.0,0.0,0.0,279.2599792480469,274.7200012207031,72.0,0.0,7.199999809265137,7.699999809265137
2025-09-27T13:51,2025-09-27T14:00,1,train,0,2025,9,13,1,2025-09-27T13:00,2,2025-09-27T12:00,2,2025-09-27T12:00,1,2025-09-27T13:00,3,2025-09-27T12:00,1,2025-09-27T13:00,-999.0,0.0,0.0,0.0,0.0,nan,nan,nan,nan,nan,6.757684230804443,265.064453125,276.94451904296875,282.53118896484375,286.0318603515625,290.48577880859375,5762.49853515625,3089.165283203125,1495.6669921875,123.01969909667969,284.0042419433594,57.29999923706055,327.4822082519531,3878.98681640625,33400.0,0.0,0.0,20000.177734375,0.0,0.0,0.0,0.0,24134.962890625,0.0,0.0,264.56707763671875,279.976318359375,281.6039123535156,286.513916015625,290.8039245605469,5769.59912109375,3090.5087890625,1495.3336181640625,792.0919189453125,133.08497619628906,287.2462158203125,54.5,52.5,526.2049560546875,4149.919921875,19999.84765625,12.0,0.0,0.0,24100.0,264.79998779296875,279.20001220703125,281.70001220703125,284.29998779296875,288.6000061035156,5771.037109375,3092.856689453125,1497.8028564453125,796.2437133789062,132.76023864746094,283.4200134277344,85.0,91.0,222.0,4181.064453125,0.0,0.0625,nan,2.0,0.0,0.0,2.0,21300.0,264.9967041015625,277.5707702636719,281.92327880859375,285.7449951171875,290.3841247558594,5769.28173828125,3092.75634765625,1501.15625,796.9461059570312,130.09664916992188,286.82073974609375,75.14712524414062,69.73551940917969,459.1730651855469,4085.600830078125,0.0,0.0,5777.05078125,3095.308349609375,1497.8447265625,793.068115234375,133.765380859375,265.1025085449219,279.0273132324219,282.29266357421875,286.7451171875,291.2410583496094,16.532058715820312,58.93119812011719,57.889060974121094,53.36627197265625,-0.08344078063964844,0.39963817596435547,0.036009788513183594,288.26226806640625,278.63720703125,101596.5625,91981.875,,10.979537963867188,3.0,0.0,7620.0,88886.0,40.0,465.0,12.0,13.0,13.0,14.0,14.0,25.0,25.0,25.0,25.0,0.0,0.0,279.3399963378906,273.75,68.0,0.0,7.599999904632568,8.399999618530273
2025-08-22T02:47,2025-08-22T03:00,24,train,0,2025,8,2,21,2025-08-21T06:00,21,2025-08-21T06:00,21,2025-08-21T06:00,24,2025-08-21T03:00,21,2025-08-21T06:00,24,2025-08-21T03:00,-999.0,0.0,0.0,0.0,0.0,nan,nan,nan,nan,nan,2.7783312797546387,263.3553161621094,275.62939453125,283.9060363769531,287.87408447265625,292.00482177734375,5770.04833984375,3102.63330078125,1513.9501953125,136.92999267578125,282.01318359375,60.599998474121094,303.0509033203125,3995.344482421875,28200.0,0.0,0.0,20000.009765625,0.0,0.0,2.9000000953674316,0.0,24135.0234375,0.0,0.0,264.3402404785156,275.7875061035156,283.88751220703125,285.86505126953125,289.9785461425781,5768.416015625,3091.1357421875,1503.6043701171875,791.983642578125,133.84242248535156,284.07550048828125,69.5,61.20000076293945,11.805383682250977,4342.8798828125,20000.05859375,0.0,0.0,0.0,24100.0,264.70001220703125,276.6000061035156,282.6000061035156,286.6000061035156,290.8999938964844,5777.2265625,3100.521484375,1508.748046875,802.1341552734375,139.04212951660156,283.1400146484375,70.30000305175781,71.0,184.47999572753906,4339.466796875,0.0,0.0,nan,0.0,0.0,0.0,0.0,29300.0,263.4797058105469,275.4800720214844,284.0046691894531,288.89056396484375,292.16339111328125,5770.87890625,3106.654541015625,1519.31787109375,807.3515625,140.8836669921875,285.13116455078125,62.0,51.235633850097656,93.92640686035156,3944.158935546875,0.0,0.0,5785.75,3107.212158203125,1514.33349609375,802.1043090820312,140.8828125,263.98101806640625,278.29339599609375,284.31768798828125,288.87982177734375,292.9910583496094,23.049890518188477,55.24962615966797,54.30882263183594,69.65796661376953,-0.06885433197021484,0.2471485137939453,0.37751102447509766,283.461181640625,279.867431640625,101671.0625,92084.0625,,14.050848960876465,9.0,0.0,7620.0,30.0,32.0,402.0,16.0,16.0,17.0,19.0,25.0,31.0,31.0,31.0,31.0,0.0,0.0,279.1000061035156,275.1600036621094,75.0,0.0,6.0,6.5
2025-08-22T02:47,2025-08-22T03:00,48,train,0,2025,8,2,45,2025-08-20T06:00,45,2025-08-20T06:00,45,2025-08-20T06:00,48,2025-08-20T03:00,45,2025-08-20T06:00,45,2025-08-20T06:00,-999.0,0.0,0.0,0.0,0.0,nan,nan,nan,nan,nan,2.5955357551574707,263.35882568359375,275.0780944824219,283.8354797363281,288.19775390625,292.3455505371094,5773.1416015625,3105.013671875,1518.591552734375,141.2913818359375,281.9464111328125,57.0,268.27471923828125,4200.703125,31400.0,0.0,0.0,19999.908203125,0.0,0.0,0.0,0.0,24135.044921875,0.0,0.0,265.0102233886719,275.63775634765625,284.1036071777344,284.9277648925781,288.8435974121094,5775.78466796875,3095.59912109375,1506.68603515625,796.214111328125,139.63925170898438,283.01702880859375,73.69999694824219,64.4000015258789,11.964491844177246,4350.240234375,20000.078125,7.0,0.0,11.0,24100.0,264.29998779296875,276.5,283.3999938964844,286.8999938964844,291.20001220703125,5780.70703125,3104.93603515625,1508.9552001953125,803.0032958984375,145.21836853027344,283.280029296875,29.899999618530273,31.0,146.0800018310547,4196.935546875,0.0,0.0,nan,0.0,0.0,0.0,0.0,33300.0,263.5050354003906,275.57965087890625,283.7855529785156,288.1679382324219,291.60369873046875,5780.20654296875,3109.24072265625,1522.50146484375,811.754638671875,145.79931640625,284.73443603515625,56.60633850097656,46.55842590332031,95.7636947631836,4239.35986328125,0.0,0.0,5785.125,3102.489501953125,1510.5439453125,800.86181640625,141.365478515625,263.64239501953125,278.6529541015625,283.7271423339844,287.6125183105469,291.7625427246094,22.765056610107422,57.2725830078125,59.94082260131836,74.2278823852539,0.2708587646484375,0.14931583404541016,0.2792625427246094,283.14990234375,280.43115234375,101683.8125,92074.765625,,14.201550483703613,17.0,,,88888.0,216.0,7377.0,33.0,34.0,,37.0,,46.0,,46.0,46.0,0.0,0.0,278.90997314453125,274.989990234375,75.0,0.0,8.0,8.600000381469727
2025-09-27T13:51,2025-09-27T14:00,24,train,0,2025,9,13,26,2025-09-26T12:00,26,2025-09-26T12:00,26,2025-09-26T12:00,23,2025-09-26T15:00,21,2025-09-26T18:00,24,2025-09-26T14:00,-999.0,0.0,0.0,0.0,0.0,nan,nan,nan,nan,nan,6.641996383666992,264.77398681640625,277.8126220703125,281.64849853515625,284.1773681640625,288.61651611328125,5763.09765625,3086.06884765625,1492.814453125,125.4216079711914,282.2866516113281,38.79999923706055,239.7353057861328,4080.810791015625,52000.0,0.0,3.9100000858306885,19999.87109375,0.0,0.0,0.0,0.0,24135.06640625,0.0,0.0,264.8819580078125,279.364990234375,281.2191467285156,286.4691467285156,290.8697204589844,5770.48388671875,3089.694580078125,1493.175048828125,790.2393188476562,131.16964721679688,287.355224609375,51.79999923706055,50.79999923706055,557.77783203125,4172.0,19999.890625,21.0,0.0,0.0,24100.0,264.8999938964844,279.1000061035156,282.79998779296875,283.70001220703125,287.8999938964844,5763.9140625,3086.49365234375,1483.3226318359375,784.2339477539062,128.55755615234375,282.3599853515625,59.400001525878906,55.0,220.8800048828125,4079.980224609375,0.0,0.0,nan,4.0,0.0,0.0,4.0,24300.0,264.5803527832031,277.83935546875,281.3970031738281,282.50921630859375,287.3135070800781,5762.23681640625,3087.12646484375,1493.32470703125,795.7894287109375,133.11410522460938,283.51373291015625,70.17427062988281,64.97520446777344,419.9028625488281,4014.33837890625,0.0,1.75,5773.21875,3092.607666015625,1493.205810546875,790.6101684570312,132.541015625,264.9991455078125,279.08575439453125,281.4052734375,286.1602783203125,290.6248474121094,16.085857391357422,43.597412109375,54.62873077392578,49.37652587890625,-0.29948902130126953,0.31387901306152344,0.07818889617919922,287.5168762207031,277.444091796875,101581.1875,91952.875,,7.693976879119873,6.0,0.0,7620.0,30.0,32.0,209.0,22.0,23.0,24.0,26.0,26.0,46.0,49.0,49.0,49.0,0.0,0.0,278.95001220703125,272.45001220703125,63.0,0.0,7.199999809265137,8.0
2025-09-27T13:51,2025-09-27T14:00,48,train,0,2025,9,13,44,2025-09-25T18:00,50,2025-09-25T12:00,50,2025-09-25T12:00,47,2025-09-25T15:00,45,2025-09-25T18:00,36,2025-09-26T02:00,-999.0,0.0,0.0,0.0,0.0,nan,nan,nan,nan,nan,5.889196872711182,264.33056640625,277.3011779785156,281.61572265625,284.2275695800781,288.5897216796875,5761.64404296875,3088.17431640625,1497.70751953125,131.26895141601562,282.53277587890625,36.099998474121094,244.4431915283203,4112.4091796875,55400.0,0.0,28.079999923706055,19999.84375,0.0,0.0,30.200000762939453,1.899999976158142,24135.064453125,0.0,0.0,264.71075439453125,278.538330078125,282.040283203125,287.58612060546875,291.9280700683594,5769.5478515625,3093.2607421875,1499.7266845703125,793.9710083007812,133.02491760253906,288.54150390625,64.5999984741211,64.69999694824219,666.6785278320312,4058.56005859375,20000.126953125,11.0,0.0,0.0,24100.0,264.79998779296875,278.6000061035156,283.3999938964844,282.6000061035156,286.8999938964844,5768.39892578125,3090.532470703125,1488.3843994140625,790.7172241210938,136.27365112304688,281.4599914550781,67.19999694824219,66.0,220.72000122070312,4116.81103515625,0.0,0.0,nan,4.0,0.0,0.0,4.0,23100.0,264.29010009765625,277.9761657714844,281.89227294921875,281.84967041015625,286.6611022949219,5765.2705078125,3090.0234375,1495.77587890625,798.6546630859375,136.90380859375,283.0163269042969,72.31271362304688,68.17839050292969,361.2587890625,4140.0,0.0,16.4375,5771.62890625,3089.7392578125,1494.080078125,789.4318237304688,130.010498046875,265.08087158203125,279.0543212890625,281.8261413574219,286.9117431640625,291.3387145996094,12.998405456542969,59.82268142700195,56.45144271850586,52.78763198852539,-0.051525115966796875,0.23691844940185547,-0.007885932922363281,288.39935302734375,278.51177978515625,101551.25,91931.671875,,10.684940338134766,1.0,0.0,7620.0,32.0,32.0,201.0,22.0,25.0,26.0,27.0,29.0,49.0,51.0,51.0,52.0,0.0,0.0,278.8399963378906,272.2200012207031,63.0,0.0,7.199999809265137,7.599999904632568
2025-10-21T16:49,2025-10-21T17:00,1,train,1,2025,10,16,1,2025-10-21T16:00,5,2025-10-21T12:00,5,2025-10-21T12:00,1,2025-10-21T16:00,0,2025-10-21T18:00,1,2025-10-21T16:00,-999.0,0.0,49.0,0.0,0.0,nan,1390.6295166015625,nan,85300.0,nan,6.954583168029785,258.3420104980469,272.1646423339844,278.0972595214844,281.95501708984375,286.3053283691406,5594.4462890625,2976.610595703125,1408.52197265625,57.09144592285156,280.5636901855469,84.0,490.3088073730469,2755.003173828125,17600.0,0.0,0.0,917.0787963867188,97.80000305175781,0.0,0.0,100.0,24134.798828125,8.000000093488779e-07,0.0625,259.29180908203125,273.9488220214844,276.5648193359375,280.9287414550781,285.1455383300781,5605.2978515625,2973.671142578125,1405.629638671875,714.4863891601562,66.16234588623047,280.749267578125,90.5,89.5999984741211,451.5323791503906,3180.639892578125,20000.123046875,32.0,0.0,0.0,0.0,258.6000061035156,272.6000061035156,280.0,278.5,282.70001220703125,5599.69287109375,2979.31005859375,1401.7408447265625,713.46923828125,59.189327239990234,276.260009765625,98.5999984741211,100.0,215.67999267578125,2893.280029296875,0.0,1.3125,807.9161376953125,100.0,0.0,0.0,100.0,3200.0,258.99993896484375,272.07684326171875,276.3324890136719,280.49224853515625,285.0664367675781,5595.2763671875,2976.775146484375,1409.0001220703125,718.4063720703125,63.30027770996094,280.2404479980469,99.34339904785156,94.7307357788086,493.3236083984375,2812.528076171875,0.0,0.0,5610.9921875,2982.767822265625,1409.365966796875,716.080810546875,67.1435546875,259.27044677734375,272.9716796875,277.7703857421875,282.097412109375,286.30126953125,46.90165328979492,82.72447204589844,75.96728515625,71.90636444091797,0.062046051025390625,0.0050106048583984375,0.15572071075439453,282.3958740234375,278.04705810546875,100821.75,91118.0,,14.428001403808594,60.0,0.0,7620.0,1768.0,400.0,16209.0,31.0,31.0,34.0,37.0,44.0,17.0,17.0,18.0,18.0,2.0,0.0,274.1499938964844,273.92999267578125,100.0,2.0,10.0,11.899999618530273
2025-11-10T17:59,2025-11-10T18:00,1,train,0,2025,11,17,1,2025-11-10T17:00,6,2025-11-10T12:00,6,2025-11-10T12:00,1,2025-11-10T17:00,0,2025-11-10T18:00,1,2025-11-10T17:00,-999.0,0.0,71.0,21.0,0.0,nan,1343.7447509765625,nan,85300.0,nan,3.0677216053009033,254.34207153320312,269.2112121582031,278.6347351074219,281.59075927734375,285.78173828125,5513.93505859375,2927.945068359375,1366.23779296875,20.014822006225586,278.1544494628906,94.5999984741211,273.4957580566406,2361.280029296875,12200.0,0.0,0.0,785.270751953125,99.30000305175781,100.0,0.0,100.0,83.16870880126953,5.599999894911889e-06,0.5,255.34425354003906,268.5518798828125,278.0835876464844,279.53143310546875,283.72808837890625,5512.57080078125,2922.105224609375,1362.6292724609375,670.910888671875,25.83099937438965,278.8565673828125,99.80000305175781,99.80000305175781,92.22459411621094,2244.639892578125,1196.64111328125,77.0,60.0,16.0,200.0,253.8000030517578,270.3999938964844,277.5,281.70001220703125,285.8999938964844,5509.47119140625,2924.730224609375,1361.4212646484375,667.0936889648438,30.312742233276367,278.20001220703125,100.0,100.0,141.1199951171875,2333.760009765625,9.999999747378752e-05,0.3125,2991.148681640625,65.0,100.0,0.0,64.0,14000.0,253.9000244140625,269.3894348144531,277.8861083984375,280.9485778808594,285.1083679199219,5511.36962890625,2926.2412109375,1366.5897216796875,672.722900390625,24.1148681640625,281.50323486328125,92.4202651977539,92.86355590820312,381.2689208984375,2320.0,0.0,0.0,5518.296875,2928.5673828125,1363.9921875,669.0095825195312,24.028076171875,254.19400024414062,269.7193603515625,279.6129455566406,280.4141845703125,284.67279052734375,69.23794555664062,77.7579345703125,95.47966766357422,93.8768081665039,0.8720560073852539,0.2560462951660156,-0.0444793701171875,278.792236328125,278.5710144042969,100280.9375,90600.1953125,,15.52609920501709,77.0,0.0,7620.0,0.0,0.0,209.0,92.0,94.0,94.0,94.0,95.0,68.0,71.0,79.0,84.0,5.0,0.0,274.6000061035156,274.3999938964844,100.0,12.0,3.200000047683716,3.9000000953674316
2025-10-21T16:49,2025-10-21T17:00,48,train,1,2025,10,16,47,2025-10-19T18:00,47,2025-10-19T18:00,47,2025-10-19T18:00,50,2025-10-19T15:00,48,2025-10-19T18:00,36,2025-10-20T05:00,-999.0,0.0,0.0,0.0,0.0,nan,nan,nan,nan,nan,2.633603811264038,258.4195556640625,274.7093505859375,276.84991455078125,280.4173889160156,284.8252258300781,5634.1611328125,3005.2939453125,1432.18115234375,82.3498764038086,279.2456970214844,60.099998474121094,350.8849792480469,3349.00927734375,31300.0,0.0,116.48999786376953,5384.6875,55.099998474121094,0.0,0.0,100.0,24134.642578125,8.000000093488779e-07,0.0,259.5763854980469,274.4579772949219,276.295166015625,281.54913330078125,285.7554931640625,5616.49951171875,2983.8212890625,1415.15234375,723.5343627929688,73.89781188964844,281.67193603515625,83.4000015258789,82.5,504.6973571777344,3268.0,20000.19140625,16.0,21.0,0.0,24100.0,259.1000061035156,272.70001220703125,276.0,279.6000061035156,283.79998779296875,5604.39306640625,2977.03125,1407.1365966796875,718.3037109375,67.51773071289062,278.260009765625,87.19999694824219,94.0,254.47999572753906,2833.43994140625,0.0,0.3125,nan,11.0,0.0,0.0,11.0,20000.0,258.3605651855469,274.89739990234375,276.10552978515625,279.4732971191406,284.1708984375,5634.0146484375,3003.29052734375,1428.0396728515625,741.309326171875,85.00865936279297,280.42779541015625,78.8203125,75.60684204101562,483.8589172363281,3350.1337890625,0.0,26.75,5617.203125,2985.837646484375,1415.62841796875,718.1553344726562,63.478759765625,259.9119873046875,274.6086120605469,277.79620361328125,284.64208984375,288.87310791015625,44.259307861328125,52.38195037841797,37.98974609375,36.61579895019531,0.40175819396972656,-0.10084152221679688,0.0034084320068359375,285.4155578613281,271.41864013671875,100744.9375,91138.78125,,9.028908729553223,42.0,0.0,7620.0,32.0,32.0,256.0,67.0,71.0,71.0,72.0,74.0,49.0,49.0,51.0,52.0,1.0,0.0,274.72003173828125,273.3500061035156,90.0,3.0,7.199999809265137,9.100000381469727
2025-10-21T16:49,2025-10-21T17:00,24,train,1,2025,10,16,23,2025-10-20T18:00,23,2025-10-20T18:00,23,2025-10-20T18:00,26,2025-10-20T15:00,24,2025-10-20T18:00,24,2025-10-20T17:00,-999.0,13.0,13.0,0.0,0.0,nan,1343.353759765625,nan,85600.0,nan,8.86369514465332,258.186767578125,272.77783203125,278.0959167480469,281.7220458984375,286.0205993652344,5594.87158203125,2974.921875,1404.2061767578125,51.99385070800781,278.646240234375,90.69999694824219,334.0669860839844,3189.102294921875,14700.0,0.0,36.72999954223633,1072.2646484375,100.0,0.0,0.0,100.0,24135.271484375,8.000000093488779e-07,0.3125,259.3852844238281,273.5460205078125,275.8287048339844,280.7425537109375,284.95635986328125,5600.0888671875,2969.27783203125,1403.6663818359375,713.4419555664062,65.64312744140625,280.49017333984375,89.0,87.0999984741211,474.21307373046875,3131.360107421875,20000.091796875,21.0,8.0,0.0,0.0,259.20001220703125,273.0,277.0,278.5,282.70001220703125,5593.4619140625,2966.4755859375,1393.6990966796875,706.6146850585938,55.807437896728516,275.7799987792969,99.4000015258789,100.0,215.0399932861328,2934.56005859375,0.0,0.375,795.5923461914062,100.0,0.0,0.0,100.0,101.76348876953125,258.54144287109375,272.230224609375,276.4883728027344,279.5863037109375,284.1140441894531,5586.73486328125,2966.83447265625,1401.29833984375,711.7706298828125,57.73970031738281,279.064697265625,100.2813949584961,96.68714904785156,414.1494445800781,2791.44287109375,0.0,22.8125,5607.11328125,2974.511474609375,1403.106689453125,711.2774658203125,63.6865234375,259.78387451171875,273.3143310546875,276.52911376953125,281.5181884765625,285.6900634765625,50.56196975708008,98.08488464355469,81.77055358886719,78.4047622680664,0.1361856460571289,0.4596138000488281,0.3925924301147461,281.46832275390625,278.8050537109375,100784.8125,91059.5703125,,15.083746910095215,67.0,0.0,7620.0,30.0,32.0,209.0,89.0,92.0,94.0,97.0,97.0,52.0,52.0,52.0,56.0,3.0,0.0,273.9700012207031,273.95001220703125,99.0,4.0,9.199999809265137,11.100000381469727
2025-11-29T10:58,2025-11-29T11:00,1,train,0,2025,11,10,1,2025-11-29T10:00,5,2025-11-29T06:00,5,2025-11-29T06:00,1,2025-11-29T10:00,0,2025-11-29T12:00,1,2025-11-29T10:00,-999.0,100.0,100.0,0.0,0.0,1341.1063232421875,1340.9727783203125,80100.0,85700.0,2116.658935546875,11.833253860473633,244.12237548828125,257.6086730957031,260.5043640136719,265.3524475097656,269.473876953125,5366.54931640625,2888.81201171875,1418.292724609375,147.83944702148438,260.49261474609375,88.80000305175781,403.6465759277344,0.0,200.0,0.0,0.1080000028014183,784.7808837890625,97.0999984741211,0.0,0.0,100.0,223.16029357910156,6.800000119255856e-05,1.0625,244.2899932861328,256.59759521484375,260.13397216796875,265.6326904296875,269.6474914550781,5359.06201171875,2876.665771484375,1414.3983154296875,763.2047729492188,151.70938110351562,265.6666259765625,87.0,87.0999984741211,1250.9410400390625,0.0,1195.4049072265625,69.0,1.0,0.0,100.0,244.5,258.29998779296875,259.70001220703125,264.70001220703125,268.70001220703125,5362.87353515625,2877.312255859375,1409.295166015625,758.7553100585938,144.87559509277344,263.4599914550781,94.0999984741211,100.0,717.760009765625,0.0,0.00139999995008111,5.0,793.6044311523438,100.0,0.0,0.0,100.0,800.0,244.20407104492188,256.09429931640625,260.67919921875,265.4786376953125,269.7322692871094,5366.78125,2894.6083984375,1429.317626953125,777.7637939453125,161.77488708496094,264.9806823730469,86.92727661132812,87.89089965820312,562.007080078125,0.0,5.999999848427251e-05,0.1875,5366.57421875,2891.72412109375,1425.222900390625,773.2802734375,161.55712890625,243.8200225830078,256.3821716308594,260.79345703125,265.78515625,269.9427185058594,66.50047302246094,98.73661041259766,88.50044250488281,81.58654022216797,1.4514760971069336,1.9321155548095703,1.1316404342651367,265.34417724609375,263.59503173828125,102067.875,91690.28125,,4.228593826293945,94.0,0.0,7620.0,0.0,0.0,256.0,68.0,86.0,91.0,91.0,91.0,71.0,71.0,74.0,78.0,5.0,0.0,258.3599853515625,257.32000732421875,92.0,17.0,37.599998474121094,40.5
2025-11-10T17:59,2025-11-10T18:00,24,train,0,2025,11,17,24,2025-11-09T18:00,24,2025-11-09T18:00,24,2025-11-09T18:00,21,2025-11-09T21:00,24,2025-11-09T18:00,24,2025-11-09T18:00,4143.39990234375,11.0,100.0,100.0,0.0,2535.501953125,1343.9521484375,42300.0,85200.0,4672.66259765625,3.0357232093811035,256.234375,270.1450500488281,278.15313720703125,281.89739990234375,285.988525390625,5515.51416015625,2914.43212890625,1356.048095703125,8.05406665802002,276.3910827636719,81.5,452.8502502441406,2237.43994140625,15600.0,9.999999747378752e-05,28.15999984741211,1310.0487060546875,94.30000305175781,100.0,100.0,81.80000305175781,848.0215454101562,1.2000000424450263e-06,0.9375,255.71421813964844,268.47705078125,278.3035888671875,281.2374267578125,285.4599914550781,5510.22314453125,2915.857666015625,1355.5740966796875,660.9563598632812,11.650593757629395,280.527099609375,99.4000015258789,98.5999984741211,180.25120544433594,2346.239990234375,1231.448486328125,97.0,98.0,0.0,14200.0,256.20001220703125,270.5,278.6000061035156,282.79998779296875,287.0,5525.37060546875,2925.50732421875,1361.0543212890625,663.7982788085938,23.442968368530273,279.0999755859375,97.80000305175781,100.0,69.83999633789062,2329.60009765625,0.00019999999494757503,2.5625,5889.9658203125,51.0,100.0,0.0,0.0,17200.0,256.16131591796875,270.36676025390625,278.66693115234375,282.2764892578125,286.29486083984375,5525.02734375,2917.8837890625,1356.8736572265625,660.3167724609375,7.023811340332031,282.5552978515625,85.00211334228516,83.4925537109375,385.4831848144531,2220.0,0.0,14.9375,5518.12109375,2921.714111328125,1355.8369140625,661.257568359375,16.452880859375,255.3904571533203,270.5224609375,278.8572998046875,280.34539794921875,284.5364685058594,65.98734283447266,77.84638214111328,89.41021728515625,88.12582397460938,0.08052253723144531,0.052814483642578125,-0.03957653045654297,278.56390380859375,276.69781494140625,100168.8125,90508.015625,,14.973489761352539,91.0,0.0,7620.0,30.0,32.0,209.0,100.0,100.0,100.0,100.0,100.0,79.0,85.0,89.0,98.0,3.0,0.0,274.55999755859375,274.5899963378906,100.0,46.0,4.0,5.0
2025-11-10T17:59,2025-11-10T18:00,48,train,0,2025,11,17,48,2025-11-08T18:00,48,2025-11-08T18:00,48,2025-11-08T18:00,45,2025-11-08T21:00,48,2025-11-08T18:00,48,2025-11-08T18:00,-999.0,100.0,100.0,0.0,0.0,1343.580078125,1343.507080078125,81300.0,85200.0,1895.803955078125,3.4029204845428467,255.9864959716797,270.60540771484375,277.80975341796875,280.88116455078125,284.96038818359375,5522.0703125,2918.10205078125,1358.30322265625,12.210529327392578,276.9459533691406,97.69999694824219,336.9700622558594,2146.8798828125,100.0,0.0,34.33000183105469,785.265380859375,100.0,72.30000305175781,0.0,100.0,92.23829650878906,0.0,0.375,255.69798278808594,271.0177917480469,278.1477966308594,278.7747497558594,282.9526672363281,5509.01171875,2909.12255859375,1347.4425048828125,655.0985717773438,11.903656005859375,277.7638244628906,100.0,99.9000015258789,47.7581672668457,2188.0,3470.905517578125,98.0,98.0,0.0,24100.0,253.60000610351562,268.5,275.6000061035156,280.20001220703125,284.3999938964844,5507.9423828125,2929.456787109375,1380.1246337890625,690.3587036132812,53.440242767333984,277.1099853515625,87.9000015258789,85.0,1054.0,1915.6800537109375,0.0,0.25,839.2145385742188,100.0,100.0,100.0,100.0,3800.0,256.93927001953125,270.5155944824219,279.4209899902344,280.9056396484375,284.4710693359375,5528.818359375,2926.88720703125,1359.920166015625,663.4600219726562,13.302650451660156,281.1663818359375,98.0,98.8199691772461,355.103515625,2450.0,9.999999747378752e-05,15.125,5515.3671875,2918.644287109375,1349.222412109375,652.911865234375,5.232421875,254.87319946289062,271.186767578125,279.6259765625,281.59228515625,285.86444091796875,54.00962829589844,100.4522476196289,89.08934020996094,87.63568115234375,0.23912620544433594,-0.11324119567871094,0.020660400390625,281.2406921386719,279.24957275390625,100053.9375,90426.5390625,,16.858640670776367,96.0,,,64.0,32.0,2816.0,97.0,98.0,,99.0,,75.0,,89.0,100.0,6.0,0.0,273.1199645996094,272.78997802734375,100.0,86.0,6.0,6.900000095367432
2025-11-29T10:58,2025-11-29T11:00,24,train,0,2025,11,10,23,2025-11-28T12:00,23,2025-11-28T12:00,23,2025-11-28T12:00,26,2025-11-28T09:00,24,2025-11-28T12:00,24,2025-11-28T11:00,-999.0,100.0,100.0,0.0,0.0,1341.2821044921875,1341.0782470703125,80000.0,85700.0,2037.42041015625,11.782491683959961,243.58206176757812,257.13482666015625,260.98968505859375,265.8804016113281,270.03399658203125,5355.87890625,2881.3720703125,1413.633056640625,142.3101043701172,261.35418701171875,89.4000015258789,476.2113037109375,0.0,100.0,9.999999747378752e-05,5.829999923706055,784.65478515625,95.0,2.0999999046325684,0.8999999761581421,100.0,204.93951416015625,8.55999969644472e-05,1.25,244.78787231445312,257.8052062988281,260.626708984375,266.0472106933594,270.056396484375,5363.43212890625,2876.23388671875,1409.6259765625,757.22119140625,144.7493438720703,266.02557373046875,86.9000015258789,86.69999694824219,1213.955322265625,0.0,1195.603515625,61.0,34.0,1.0,0.0,244.89999389648438,259.0,260.20001220703125,265.1000061035156,269.0,5364.74853515625,2873.203857421875,1401.576171875,750.1375732421875,135.74444580078125,263.44000244140625,96.4000015258789,100.0,593.4400024414062,0.0,0.0008999999845400453,4.5,896.3125,100.0,0.0,0.0,100.0,5100.0,243.38388061523438,256.5445556640625,260.7642822265625,265.71514892578125,270.1033935546875,5353.607421875,2881.031982421875,1415.6053466796875,763.6944580078125,147.04776000976562,265.6840515136719,91.70407104492188,91.89987182617188,694.3285522460938,0.0,3.9999998989515007e-05,3.4375,5359.9296875,2882.30029296875,1417.148681640625,764.5930786132812,152.392578125,244.03192138671875,256.616943359375,260.9676513671875,266.0561828613281,270.1596374511719,64.17648315429688,96.21219635009766,91.43941497802734,85.98567199707031,1.821828842163086,2.019580841064453,1.185892105102539,265.63189697265625,264.31805419921875,101947.4375,91595.140625,,4.40202522277832,91.0,0.0,7620.0,0.0,0.0,209.0,77.0,82.0,87.0,87.0,87.0,60.0,62.0,64.0,70.0,3.0,0.0,259.1300048828125,257.6000061035156,88.0,19.0,38.0,41.0
2025-12-17T22:56,2025-12-17T23:00,1,train,0,2025,12,22,1,2025-12-17T22:00,5,2025-12-17T18:00,5,2025-12-17T18:00,1,2025-12-17T22:00,0,2025-12-18T00:00,1,2025-12-17T22:00,-999.0,100.0,100.0,0.0,0.0,1342.2501220703125,1342.1893310546875,77600.0,85100.0,2264.315673828125,12.942362785339355,250.69393920898438,261.60992431640625,269.37371826171875,273.5455017089844,277.67236328125,5374.11572265625,2863.68359375,1353.671630859375,49.497100830078125,268.6334533691406,95.19999694824219,387.8484191894531,615.8400268554688,0.0,9.999999747378752e-05,0.6700000166893005,785.2210693359375,100.0,0.0,0.0,96.0,351.66839599609375,4.239999907440506e-05,0.1875,250.32821655273438,263.0091247558594,268.7812805175781,273.56756591796875,277.6719970703125,5374.33056640625,2867.78515625,1358.6859130859375,685.8275146484375,55.46046829223633,272.8622741699219,93.0,91.5,1417.568359375,732.6400146484375,1195.9178466796875,73.0,0.0,0.0,0.0,253.89999389648438,262.8999938964844,267.8999938964844,272.3999938964844,276.3999938964844,5382.23828125,2857.842041015625,1350.976318359375,681.1240234375,52.22842025756836,270.5799865722656,97.5999984741211,100.0,817.1199951171875,786.4000244140625,0.0032999999821186066,14.0,943.5787963867188,100.0,0.0,0.0,100.0,13425.9541015625,248.3351287841797,261.625,269.23956298828125,273.224853515625,277.3187255859375,5374.8203125,2874.655517578125,1367.41650390625,695.0037841796875,63.52928161621094,272.2110290527344,91.09469604492188,89.61226654052734,466.11260986328125,620.0,9.999999747378752e-06,0.0625,5362.87109375,2876.283935546875,1373.417724609375,701.4825439453125,73.14599609375,244.56466674804688,259.93463134765625,268.767822265625,273.2535705566406,277.34686279296875,81.42671203613281,96.7674560546875,86.9488754272461,85.68350219726562,2.7758426666259766,2.5099782943725586,1.1616764068603516,272.18524169921875,270.8133544921875,100910.875,90900.484375,,6.65357780456543,92.0,0.0,7620.0,0.0,0.0,0.0,81.0,95.0,100.0,100.0,100.0,100.0,100.0,100.0,100.0,3.0,0.0,265.33001708984375,264.9599914550781,100.0,25.0,34.0,36.900001525878906
2025-11-29T10:58,2025-11-29T11:00,48,train,0,2025,11,10,47,2025-11-27T12:00,47,2025-11-27T12:00,47,2025-11-27T12:00,50,2025-11-27T09:00,48,2025-11-27T12:00,36,2025-11-27T23:00,-999.0,100.0,100.0,0.0,0.0,1341.10888671875,1340.995361328125,81600.0,85500.0,1855.803955078125,14.472668647766113,240.96920776367188,256.9452209472656,260.4192199707031,264.990966796875,269.1561584472656,5320.68310546875,2863.427001953125,1395.093017578125,128.48147583007812,260.4850769042969,88.4000015258789,408.45513916015625,0.0,100.0,0.0,10.09000015258789,784.7048950195312,96.9000015258789,0.8999999761581421,0.0,100.0,176.8385772705078,0.0001016000023810193,1.375,244.4853973388672,256.8628234863281,261.0246276855469,266.39508056640625,270.4039306640625,5351.54296875,2868.681640625,1402.8455810546875,749.456298828125,136.16650390625,266.2742919921875,88.69999694824219,88.19999694824219,1242.0762939453125,0.0,1195.6160888671875,65.0,0.0,0.0,100.0,244.1999969482422,258.70001220703125,259.29998779296875,264.1000061035156,268.1000061035156,5351.67236328125,2863.3623046875,1395.9327392578125,747.2034301757812,134.3725128173828,262.3999938964844,97.19999694824219,100.0,591.0399780273438,0.0,0.0008999999845400453,2.8125,863.22998046875,100.0,0.0,0.0,100.0,5600.0,241.1795654296875,256.1082763671875,259.540283203125,264.12701416015625,268.4470520019531,5322.01806640625,2865.539306640625,1401.656005859375,753.5347900390625,139.87451171875,263.96917724609375,90.14158630371094,92.37452697753906,567.2467041015625,0.0,2.9999999242136255e-05,3.6875,5361.1171875,2882.515869140625,1418.697265625,765.96240234375,153.850830078125,243.61216735839844,256.1934509277344,260.82464599609375,266.09869384765625,270.2330322265625,69.0680923461914,97.47392272949219,89.8538589477539,84.48452758789062,1.8435344696044922,2.0955238342285156,1.215280532836914,265.70556640625,264.221923828125,101950.8125,91591.109375,,4.269478797912598,92.0,0.0,7620.0,0.0,0.0,256.0,78.0,80.0,80.0,80.0,82.0,63.0,63.0,64.0,64.0,3.0,0.0,258.8899841308594,257.19000244140625,87.0,17.0,38.400001525878906,41.400001525878906
2025-12-17T22:56,2025-12-17T23:00,24,train,0,2025,12,22,23,2025-12-17T00:00,23,2025-12-17T00:00,23,2025-12-17T00:00,26,2025-12-16T21:00,24,2025-12-17T00:00,24,2025-12-16T23:00,-999.0,100.0,100.0,0.0,0.0,1342.2900390625,1342.0982666015625,73500.0,85200.0,2742.39208984375,11.34280776977539,247.89404296875,262.0527038574219,268.34759521484375,273.20849609375,277.3258056640625,5363.6875,2859.86669921875,1354.362060546875,49.77653503417969,268.5705871582031,94.4000015258789,540.7882080078125,603.3599853515625,0.0,9.999999747378752e-05,0.1899999976158142,785.053955078125,94.4000015258789,0.0,0.0,95.80000305175781,307.4980163574219,0.00012320000678300858,0.375,248.990234375,263.4486083984375,268.4781188964844,273.3267822265625,277.4165344238281,5365.2548828125,2866.06201171875,1357.490234375,685.5390625,55.777469635009766,272.61273193359375,91.19999694824219,89.5,1461.9608154296875,694.8800048828125,1195.7420654296875,62.0,0.0,0.0,0.0,250.5,264.1000061035156,266.70001220703125,271.20001220703125,275.29998779296875,5383.95703125,2851.5283203125,1339.2518310546875,672.3953857421875,44.336063385009766,268.25,99.0,100.0,665.5999755859375,426.7200012207031,0.0017999999690800905,9.8125,853.6064453125,100.0,0.0,0.0,100.0,6311.7919921875,248.0908203125,262.06158447265625,267.9377746582031,272.83251953125,277.03717041015625,5358.275390625,2854.886962890625,1352.0389404296875,681.810546875,50.934967041015625,271.88134765625,95.11640930175781,92.74754333496094,625.525146484375,560.0,9.999999747378752e-06,0.125,5363.36328125,2865.684814453125,1359.76318359375,687.01123046875,57.10302734375,246.72964477539062,262.0644226074219,268.776611328125,273.8656005859375,277.9924621582031,67.0937728881836,93.34640502929688,82.32577514648438,81.03773498535156,4.180344581604004,3.1021461486816406,1.4063720703125,272.7689514160156,270.6136474609375,100709.625,90731.09375,,6.409276008605957,91.0,0.0,7620.0,0.0,0.0,256.0,80.0,81.0,81.0,81.0,83.0,63.0,63.0,64.0,64.0,5.0,0.0,265.239990234375,264.6399841308594,97.0,23.0,31.600000381469727,34.20000076293945
2025-12-17T22:56,2025-12-17T23:00,48,train,0,2025,12,22,47,2025-12-16T00:00,47,2025-12-16T00:00,47,2025-12-16T00:00,50,2025-12-15T21:00,48,2025-12-16T00:00,36,2025-12-16T11:00,-999.0,100.0,100.0,0.0,0.0,1341.8341064453125,1341.7095947265625,76000.0,85600.0,2473.3076171875,7.899693965911865,246.9546661376953,259.6055603027344,264.74053955078125,270.07952880859375,274.2012939453125,5361.4755859375,2871.6123046875,1380.833740234375,89.6358642578125,265.2591552734375,91.5999984741211,743.639892578125,98.16000366210938,100.0,0.0,2.75,927.7257080078125,87.69999694824219,0.0,0.0,81.80000305175781,1992.369384765625,1.2800000149582047e-05,0.9375,247.19277954101562,263.56292724609375,268.45892333984375,273.0928649902344,277.196044921875,5368.74267578125,2856.022705078125,1345.4368896484375,673.6743774414062,44.50480651855469,272.1900634765625,89.0,86.69999694824219,1084.0897216796875,628.9600219726562,1195.6978759765625,62.0,0.0,0.0,0.0,253.5,261.20001220703125,266.29998779296875,271.1000061035156,275.20001220703125,5397.98046875,2875.84765625,1376.154541015625,709.6688232421875,84.52584838867188,268.3399963378906,99.69999694824219,100.0,732.1599731445312,441.44000244140625,0.0035000001080334187,12.0625,1042.0465087890625,100.0,0.0,0.0,100.0,14022.3916015625,245.28927612304688,259.3390197753906,263.5270690917969,269.1766662597656,273.5724792480469,5351.95263671875,2874.340576171875,1388.906494140625,729.19287109375,102.80865478515625,268.5455322265625,84.0,82.11624145507812,941.7997436523438,50.0,9.999999747378752e-06,0.375,5363.5390625,2865.021484375,1358.222900390625,686.2603149414062,57.610107421875,245.3729248046875,263.56927490234375,268.76605224609375,273.38232421875,277.4931640625,27.297576904296875,96.248291015625,88.279296875,86.60554504394531,2.8505544662475586,2.1734542846679688,0.9348926544189453,272.30859375,271.04156494140625,100718.25,90728.7734375,,5.947251319885254,87.0,0.0,7620.0,0.0,0.0,0.0,92.0,94.0,95.0,95.0,98.0,73.0,73.0,73.0,73.0,7.0,0.0,264.7099914550781,264.15997314453125,96.0,20.0,28.799999237060547,31.700000762939453
2026-01-06T13:56,2026-01-06T14:00,1,train,1,2026,1,13,1,2026-01-06T13:00,2,2026-01-06T12:00,2,2026-01-06T12:00,1,2026-01-06T13:00,3,2026-01-06T12:00,1,2026-01-06T13:00,-999.0,0.0,0.0,0.0,0.0,nan,1341.94384765625,nan,85700.0,nan,3.6469223499298096,248.8026123046875,264.8709411621094,267.01318359375,267.57916259765625,271.194580078125,5455.7509765625,2919.5625,1400.967529296875,107.60369110107422,264.902587890625,68.30000305175781,51.58318328857422,39.52000045776367,20500.0,0.0,0.0,20000.037109375,5.0,5.0,5.0,7.300000190734863,24134.951171875,0.0,0.0,248.1738739013672,265.452880859375,266.8637390136719,267.48138427734375,271.5005798339844,5464.486328125,2928.69287109375,1407.0306396484375,745.2911376953125,129.4842529296875,267.40386962890625,83.80000305175781,81.80000305175781,68.91078186035156,0.0,19999.826171875,4.0,0.0,0.0,24100.0,248.5,265.70001220703125,267.29998779296875,270.8999938964844,275.0,5465.5830078125,2927.501708984375,1405.491943359375,739.3070068359375,136.1295623779297,267.54998779296875,80.5999984741211,78.0,67.19999694824219,320.32000732421875,0.0,0.0,nan,77.0,0.0,2.0,77.0,12800.0,248.68174743652344,265.13238525390625,266.8250732421875,266.18017578125,269.0561218261719,5460.00634765625,2923.720458984375,1404.268310546875,744.853271484375,118.899169921875,264.2578125,85.78353881835938,93.22660064697266,26.958274841308594,0.0,0.0,0.0,5472.66796875,2935.500732421875,1409.8447265625,748.8369140625,134.881591796875,248.12109375,265.4600830078125,267.124267578125,267.41217041015625,270.72833251953125,37.663970947265625,75.90715789794922,78.78465270996094,74.93406677246094,0.4258155822753906,0.1356487274169922,-0.02422332763671875,268.61871337890625,263.9921875,101656.5,91426.546875,,5.575367450714111,28.0,0.0,7620.0,32.0,32.0,16209.0,53.0,53.0,53.0,53.0,58.0,19.0,19.0,19.0,19.0,0.0,0.0,262.7799987792969,260.3799743652344,82.0,0.0,4.400000095367432,4.5
2026-01-06T13:56,2026-01-06T14:00,24,train,1,2026,1,13,26,2026-01-05T12:00,26,2026-01-05T12:00,26,2026-01-05T12:00,23,2026-01-05T15:00,21,2026-01-05T18:00,24,2026-01-05T14:00,-999.0,0.0,0.0,97.0,94.0,nan,7210.6181640625,nan,39000.0,nan,4.227556228637695,248.22576904296875,264.8025817871094,267.240234375,269.04150390625,272.4091796875,5453.8447265625,2921.24169921875,1405.8790283203125,108.80612182617188,267.7777099609375,82.4000015258789,119.94644165039062,477.9200134277344,16800.0,0.0,4.320000171661377,20000.205078125,5.0,29.799999237060547,21.899999618530273,6.099999904632568,24135.19921875,0.0,0.0,248.45144653320312,265.4539794921875,267.5029602050781,267.8979797363281,271.9250183105469,5468.4794921875,2934.08984375,1409.4066162109375,746.4050903320312,129.63674926757812,267.8165283203125,83.4000015258789,81.19999694824219,71.35556030273438,0.0,20000.05859375,9.0,0.0,3.0,24100.0,248.60000610351562,265.5,268.0,271.1000061035156,275.1000061035156,5467.96826171875,2930.224609375,1402.973388671875,736.1236572265625,134.31748962402344,267.9599914550781,81.69999694824219,78.0,67.19999694824219,382.55999755859375,0.0,0.0,nan,33.0,20.0,100.0,28.0,10800.0,248.67372131347656,264.6831359863281,266.89776611328125,268.0305480957031,270.93389892578125,5452.689453125,2921.1787109375,1405.4140625,742.2344360351562,114.78929138183594,265.195068359375,77.24628448486328,88.52545928955078,114.75218963623047,0.0,0.0,3.1875,5478.31640625,2937.773193359375,1411.775146484375,748.29345703125,132.773193359375,248.57656860351562,265.5926513671875,267.70062255859375,268.3095703125,271.450439453125,47.837928771972656,79.9915542602539,78.91331481933594,73.55253601074219,0.34888648986816406,0.23215389251708984,-0.060570716857910156,269.69384765625,265.4198303222656,101603.5,91420.578125,,5.936026573181152,23.0,0.0,7620.0,30.0,31.0,209.0,30.0,31.0,41.0,43.0,45.0,56.0,56.0,58.0,66.0,0.0,0.0,262.989990234375,260.7599792480469,82.0,1.0,4.400000095367432,4.900000095367432
2026-01-20T17:59,2026-01-20T18:00,1,train,0,2026,1,17,1,2026-01-20T17:00,6,2026-01-20T12:00,6,2026-01-20T12:00,1,2026-01-20T17:00,0,2026-01-20T18:00,1,2026-01-20T17:00,-999.0,100.0,100.0,1.0,0.0,1585.760498046875,1339.960205078125,nan,85400.0,2387.327392578125,7.128778457641602,231.67738342285156,242.13363647460938,252.6009521484375,258.35662841796875,262.50531005859375,5114.0693359375,2782.90087890625,1380.0791015625,157.16232299804688,254.20668029785156,78.30000305175781,893.83251953125,0.0,20100.0,0.0,0.006000000052154064,841.7507934570312,100.0,10.300000190734863,0.0,65.69999694824219,1056.2066650390625,2.879999919969123e-05,0.25,231.63999938964844,240.9764404296875,252.70191955566406,258.7757873535156,262.6726989746094,5105.31640625,2774.999267578125,1373.787109375,740.8438720703125,145.53387451171875,259.0131530761719,79.30000305175781,74.9000015258789,1545.9342041015625,0.0,2195.894287109375,53.0,1.0,0.0,3800.0,231.8000030517578,242.8000030517578,252.8000030517578,257.6000061035156,261.3999938964844,5110.57080078125,2774.54345703125,1373.5018310546875,741.2538452148438,140.50352478027344,255.8699951171875,70.80000305175781,72.0,1539.43994140625,0.0,0.0,0.9375,1466.9857177734375,100.0,10.0,0.0,100.0,29000.0,231.0478515625,241.96397399902344,252.6023712158203,258.630859375,263.02886962890625,5102.7451171875,2777.649658203125,1375.0831298828125,742.4395141601562,150.00912475585938,259.15673828125,62.923641204833984,58.25871658325195,1334.749267578125,0.0,0.0,0.0,5108.546875,2779.05029296875,1375.010986328125,740.97216796875,144.91455078125,231.65843200683594,241.667236328125,252.99134826660156,259.1712646484375,263.08367919921875,97.93514251708984,83.82459259033203,54.0146484375,51.71240997314453,0.20929336547851562,1.0024452209472656,0.9968290328979492,258.9613037109375,251.36895751953125,101925.25,91291.109375,,1.5121936798095703,82.0,0.0,7620.0,0.0,0.0,256.0,83.0,100.0,100.0,100.0,100.0,70.0,73.0,80.0,89.0,13.0,536.0,250.36001586914062,247.8199920654297,78.0,1.0,25.600000381469727,28.0
2026-02-04T12:59,2026-02-04T13:00,1,train,0,2026,2,12,1,2026-02-04T12:00,1,2026-02-04T12:00,1,2026-02-04T12:00,1,2026-02-04T12:00,0,2026-02-04T12:00,1,2026-02-04T12:00,-999.0,0.0,51.0,2.0,0.0,nan,1340.750244140625,nan,85800.0,nan,5.020421028137207,241.5089569091797,249.4959259033203,259.7176818847656,264.0543212890625,267.80926513671875,5265.1748046875,2851.613037109375,1406.459716796875,150.95480346679688,259.0003662109375,78.0,297.4508056640625,0.0,15900.0,0.0,0.004000000189989805,784.8538208007812,100.0,98.0,0.0,81.5,529.3511352539062,2.5200000891345553e-05,0.0625,241.40045166015625,249.0845489501953,259.2447509765625,262.9655456542969,266.915283203125,5249.81787109375,2841.49658203125,1397.7584228515625,749.8212280273438,144.6111602783203,262.7232971191406,95.4000015258789,94.19999694824219,83.49357604980469,0.0,19999.96484375,36.0,1.0,0.0,12900.0,242.10000610351562,250.60000610351562,259.29998779296875,263.20001220703125,267.20001220703125,5270.2314453125,2848.5625,1402.251953125,755.34423828125,149.55117797851562,260.69000244140625,90.69999694824219,93.0,315.5199890136719,0.0,0.0,0.0625,893.60595703125,87.0,16.0,0.0,64.0,14200.0,241.39224243164062,249.93386840820312,259.8550720214844,264.1263122558594,267.39569091796875,5266.91064453125,2852.046142578125,1405.9169921875,756.74462890625,149.84402465820312,260.4376220703125,62.82683563232422,84.16626739501953,211.4978790283203,0.0,0.0,0.0625,5264.3203125,2843.9111328125,1398.349365234375,749.03466796875,141.525390625,242.0327606201172,249.68272399902344,259.706787109375,264.34869384765625,267.990234375,102.05054473876953,92.02570343017578,78.36087036132812,86.92422485351562,-0.512324333190918,0.2020425796508789,0.5490102767944336,258.789794921875,256.38641357421875,101813.25,91411.59375,,3.254916191101074,87.0,0.0,7620.0,0.0,0.0,209.0,52.0,61.0,67.0,69.0,76.0,66.0,66.0,66.0,66.0,0.0,0.0,256.1600036621094,255.2799835205078,92.0,3.0,12.800000190734863,13.600000381469727
2026-01-06T13:56,2026-01-06T14:00,48,train,1,2026,1,13,44,2026-01-04T18:00,50,2026-01-04T12:00,50,2026-01-04T12:00,47,2026-01-04T15:00,45,2026-01-04T18:00,36,2026-01-05T02:00,-999.0,0.0,1.0,0.0,0.0,nan,1194.4254150390625,nan,nan,nan,4.066450595855713,247.1144256591797,263.38775634765625,267.0542297363281,268.5655822753906,271.9344482421875,5441.56494140625,2925.24609375,1413.57666015625,120.83528137207031,267.3021240234375,83.80000305175781,135.99343872070312,408.32000732421875,16400.0,0.0,1.840000033378601,19999.939453125,5.0,5.0,35.70000076293945,9.0,24135.181640625,0.0,0.0,248.2505645751953,265.9131774902344,267.01983642578125,266.19537353515625,270.2117004394531,5475.9052734375,2940.117431640625,1417.592041015625,757.16455078125,144.34658813476562,266.2249450683594,86.19999694824219,84.9000015258789,92.85175323486328,0.0,19999.837890625,5.0,0.0,0.0,24100.0,248.0,265.5,267.1000061035156,269.70001220703125,273.79998779296875,5469.08740234375,2938.505859375,1413.6925048828125,750.5355834960938,147.43345642089844,266.6099853515625,88.0999984741211,82.0,66.95999908447266,175.1999969482422,0.0,0.0,nan,31.0,0.0,0.0,28.0,13800.0,248.25576782226562,264.0152587890625,265.3616943359375,266.87060546875,270.0534362792969,5448.25537109375,2922.92724609375,1411.91650390625,752.7268676757812,127.02635955810547,265.392333984375,82.64100646972656,90.68031311035156,125.10289764404297,0.0,0.0,2.1875,5471.1484375,2932.255126953125,1412.126953125,750.94287109375,138.302734375,248.250244140625,265.314697265625,266.43658447265625,267.0555114746094,270.2047424316406,58.06917953491211,96.1169662475586,79.95208740234375,71.93521118164062,0.0688333511352539,0.13622283935546875,-0.04783439636230469,268.04327392578125,263.7662658691406,101693.75,91450.59375,,6.752559661865234,26.0,0.0,7620.0,32.0,32.0,201.0,34.0,34.0,35.0,35.0,41.0,53.0,53.0,53.0,56.0,0.0,0.0,261.94000244140625,259.55999755859375,83.0,1.0,5.199999809265137,5.699999809265137
2026-01-20T17:59,2026-01-20T18:00,24,train,0,2026,1,17,24,2026-01-19T18:00,24,2026-01-19T18:00,24,2026-01-19T18:00,21,2026-01-19T21:00,24,2026-01-19T18:00,24,2026-01-19T18:00,-999.0,100.0,100.0,1.0,0.0,1382.6612548828125,1410.5264892578125,nan,84400.0,2662.3583984375,8.716196060180664,233.37063598632812,242.24774169921875,251.86001586914062,257.64495849609375,261.7579345703125,5100.30859375,2759.484130859375,1359.748046875,140.24391174316406,253.25990295410156,80.0,888.228759765625,0.0,19100.0,0.0,0.5099999904632568,784.6458129882812,100.0,40.400001525878906,0.0,54.70000076293945,439.8731384277344,5.199999941396527e-05,0.3125,231.31959533691406,241.30442810058594,252.76568603515625,258.8450622558594,262.7296142578125,5098.3095703125,2771.51025390625,1370.940673828125,737.771484375,142.28318786621094,258.9847717285156,82.9000015258789,79.0,1778.548583984375,0.0,20000.0078125,37.0,1.0,0.0,22500.0,232.1999969482422,241.60000610351562,252.5,257.20001220703125,261.1000061035156,5090.0947265625,2759.537841796875,1361.4305419921875,730.122314453125,129.27615356445312,255.47000122070312,66.0999984741211,66.0,1533.760009765625,0.0,0.0,0.0,1065.0892333984375,71.0,30.0,0.0,71.0,17400.0,232.17507934570312,241.46047973632812,251.82652282714844,257.77349853515625,262.19366455078125,5093.0556640625,2769.218017578125,1370.089599609375,739.576416015625,149.73216247558594,258.47357177734375,72.18943786621094,67.08975219726562,1189.1409912109375,0.0,9.999999747378752e-06,0.25,5107.4921875,2770.739990234375,1369.136962890625,735.9948120117188,140.8076171875,232.56166076660156,241.60401916503906,252.62164306640625,258.8125,262.74029541015625,83.59738159179688,75.7495346069336,48.15810012817383,46.236968994140625,1.5831413269042969,1.3013343811035156,1.1251955032348633,258.80609130859375,249.6064453125,101862.5,91221.3046875,,1.3325340747833252,71.0,0.0,7620.0,30.0,32.0,209.0,75.0,75.0,75.0,80.0,90.0,56.0,56.0,56.0,57.0,14.0,560.0,249.9499969482422,247.1800079345703,80.0,2.0,29.600000381469727,32.900001525878906
2026-01-20T17:59,2026-01-20T18:00,48,train,0,2026,1,17,48,2026-01-18T18:00,48,2026-01-18T18:00,48,2026-01-18T18:00,45,2026-01-18T21:00,48,2026-01-18T18:00,48,2026-01-18T18:00,-999.0,100.0,100.0,0.0,0.0,1339.976806640625,1339.7950439453125,77600.0,85100.0,2398.455810546875,9.581775665283203,232.84713745117188,243.7976531982422,251.80972290039062,257.49755859375,261.5788269042969,5107.865234375,2760.671630859375,1357.488525390625,136.46434020996094,252.92401123046875,84.80000305175781,672.1067504882812,0.0,3100.0,0.0,2.8399999141693115,784.56591796875,100.0,5.699999809265137,0.0,49.900001525878906,463.30377197265625,5.6000000768108293e-05,0.1875,232.35992431640625,242.10169982910156,252.880859375,258.9383544921875,262.818115234375,5107.310546875,2768.823974609375,1367.038330078125,733.5989379882812,137.91534423828125,259.06292724609375,82.0,79.0,1724.021728515625,0.0,19999.90234375,56.0,34.0,0.0,11000.0,233.0,243.10000610351562,252.0,256.79998779296875,260.70001220703125,5104.49365234375,2762.47900390625,1361.572265625,731.1973266601562,129.43338012695312,255.19000244140625,71.9000015258789,74.0,766.8800048828125,0.0,0.0,0.0,nan,100.0,4.0,0.0,100.0,28000.0,232.9246368408203,241.7228240966797,250.25355529785156,256.0473327636719,260.4169006347656,5081.515625,2746.61865234375,1351.516845703125,725.1450805664062,137.29364013671875,256.45068359375,65.05157470703125,58.37520980834961,900.8505859375,0.0,0.0,2.5625,5106.84375,2766.298583984375,1364.92626953125,731.8682250976562,136.78662109375,232.59469604492188,241.91549682617188,252.54649353027344,258.7353515625,262.6253356933594,78.53584289550781,78.1341781616211,49.7386474609375,47.629940032958984,1.0784492492675781,1.0275030136108398,1.0545330047607422,258.65496826171875,249.71319580078125,101812.75,91178.78125,,1.3958706855773926,70.0,,,88.0,32.0,8960.0,82.0,87.0,,89.0,,48.0,,48.0,48.0,24.0,888.0,251.010009765625,247.88998413085938,77.0,5.0,29.200000762939453,32.20000076293945
2026-02-04T12:59,2026-02-04T13:00,24,train,0,2026,2,12,25,2026-02-03T12:00,25,2026-02-03T12:00,25,2026-02-03T12:00,22,2026-02-03T15:00,24,2026-02-03T12:00,24,2026-02-03T13:00,-999.0,0.0,100.0,3.0,0.0,nan,1340.6510009765625,71500.0,85600.0,nan,5.6408610343933105,245.2734832763672,248.55252075195312,258.66705322265625,262.8869934082031,266.7370910644531,5263.5712890625,2838.11669921875,1395.51953125,145.9766845703125,258.6655578613281,81.19999694824219,299.66644287109375,0.0,5300.0,0.0,0.4790000021457672,784.6585083007812,100.0,1.5,0.0,96.5,221.82252502441406,4.479999915929511e-05,0.125,242.99420166015625,249.11102294921875,259.3854064941406,262.36260986328125,266.3055419921875,5253.82763671875,2833.373779296875,1388.5135498046875,741.2993774414062,137.47865295410156,262.13409423828125,95.5,94.5,81.84764099121094,0.0,19999.986328125,91.0,1.0,0.0,24100.0,242.0,249.8000030517578,259.29998779296875,263.6000061035156,267.6000061035156,5260.98291015625,2836.948974609375,1393.2645263671875,745.7107543945312,141.60562133789062,260.70001220703125,87.5999984741211,84.0,167.1199951171875,0.0,0.0,0.0,1721.1534423828125,100.0,4.0,0.0,78.0,14100.0,245.37063598632812,248.7915496826172,258.5374450683594,262.7467956542969,266.5418701171875,5268.58642578125,2834.961669921875,1393.0750732421875,747.723388671875,142.92042541503906,262.6205749511719,88.12145233154297,85.62855529785156,331.7013854980469,0.0,0.0,0.4375,5259.765625,2838.68701171875,1393.41259765625,744.914306640625,138.922119140625,242.1307373046875,250.2284393310547,259.6573791503906,263.6669921875,267.292236328125,97.89549255371094,90.39093017578125,73.46730041503906,86.49866485595703,-0.11452960968017578,0.40496349334716797,0.39629364013671875,257.017578125,254.30514526367188,101766.0,91357.640625,,3.159015417098999,89.0,0.0,7620.0,0.0,0.0,209.0,75.0,79.0,89.0,90.0,90.0,72.0,77.0,77.0,81.0,0.0,0.0,256.29998779296875,255.20999145507812,92.0,9.0,13.199999809265137,14.399999618530273
2026-02-04T12:59,2026-02-04T13:00,48,train,0,2026,2,12,43,2026-02-02T18:00,49,2026-02-02T12:00,49,2026-02-02T12:00,46,2026-02-02T15:00,48,2026-02-02T12:00,36,2026-02-03T01:00,-999.0,0.0,100.0,0.0,0.0,nan,1340.634765625,68700.0,85500.0,nan,5.564113616943359,246.2763671875,248.13917541503906,258.4112243652344,262.7236633300781,266.6044921875,5264.923828125,2822.70166015625,1383.4693603515625,134.82728576660156,258.41204833984375,80.5,301.7953186035156,0.0,5000.0,0.0,0.7710000276565552,784.5555419921875,94.5999984741211,0.0,0.0,100.0,351.4205017089844,2.5999999706982635e-05,0.125,242.82911682128906,252.41534423828125,258.19683837890625,261.60223388671875,265.5086669921875,5268.79638671875,2819.013671875,1371.48046875,727.1331787109375,125.1651840209961,261.26214599609375,95.9000015258789,94.9000015258789,99.00709533691406,0.0,1471.1480712890625,90.0,0.0,0.0,8100.0,242.5,250.60000610351562,256.29998779296875,260.8999938964844,264.79998779296875,5254.0478515625,2817.79248046875,1375.5777587890625,734.934814453125,127.82056427001953,258.6600036621094,83.5999984741211,88.0,272.8800048828125,0.0,0.0,0.125,1032.6544189453125,100.0,5.0,0.0,100.0,2700.0,246.39065551757812,248.14471435546875,258.15185546875,262.1812438964844,265.9888000488281,5253.66796875,2816.18994140625,1376.1917724609375,732.0037231445312,129.32882690429688,260.59600830078125,78.92465209960938,91.1029052734375,420.885009765625,0.0,7.999999797903001e-05,1.75,5263.9609375,2834.065673828125,1388.52490234375,741.6416015625,137.19287109375,241.8864288330078,250.6363067626953,259.2679443359375,262.89898681640625,266.62432861328125,94.98280334472656,96.54841613769531,79.46923828125,90.745849609375,-0.2711448669433594,0.0065021514892578125,0.4755830764770508,258.97076416015625,256.4234619140625,101749.8125,91322.828125,,3.1680402755737305,83.0,0.0,7620.0,30.0,32.0,256.0,59.0,61.0,64.0,64.0,64.0,67.0,67.0,67.0,71.0,0.0,0.0,256.1000061035156,254.86001586914062,90.0,10.0,12.800000190734863,14.100000381469727
2026-02-23T16:48,2026-02-23T17:00,1,train,0,2026,2,16,1,2026-02-23T16:00,5,2026-02-23T12:00,5,2026-02-23T12:00,1,2026-02-23T16:00,0,2026-02-23T18:00,1,2026-02-23T16:00,-999.0,0.0,32.0,100.0,100.0,6552.51513671875,3655.7109375,30300.0,62000.0,9871.6572265625,7.879244804382324,246.47305297851562,257.56744384765625,262.82806396484375,266.05865478515625,270.1372375488281,5281.25537109375,2794.17626953125,1313.1312255859375,36.01405334472656,261.4601745605469,80.4000015258789,357.70819091796875,0.0,19000.0,0.0,0.08100000023841858,2232.51025390625,100.0,100.0,100.0,48.400001525878906,976.7724609375,0.0002823999966494739,2.0,248.0419464111328,256.8631591796875,262.6099548339844,265.5624694824219,269.5333251953125,5270.7392578125,2773.677978515625,1290.4384765625,638.0401000976562,26.805234909057617,264.86187744140625,92.80000305175781,90.9000015258789,497.5144348144531,0.0,1792.4654541015625,100.0,100.0,100.0,1000.0,246.5,256.8999938964844,258.79998779296875,263.0,266.8999938964844,5279.1318359375,2770.06201171875,1305.382568359375,659.3074340820312,47.583187103271484,260.3299865722656,86.0,91.0,584.6400146484375,0.0,0.0003000000142492354,0.125,2414.5078125,68.0,100.0,100.0,61.0,1200.0,246.9615478515625,257.73992919921875,262.26788330078125,265.4587707519531,269.68548583984375,5280.60986328125,2789.978515625,1308.2120361328125,655.6397705078125,34.936309814453125,265.1722412109375,85.3235855102539,81.61306762695312,477.0037536621094,0.0,0.00019999999494757503,0.625,5266.421875,2772.687255859375,1293.72509765625,642.61767578125,32.493408203125,246.0359344482422,257.05963134765625,261.1922607421875,265.3019714355469,269.3374938964844,76.73894500732422,68.62871551513672,67.04471588134766,64.9951400756836,0.5115270614624023,-0.10836315155029297,0.35146522521972656,264.33587646484375,259.7747802734375,100430.5,90165.859375,,5.182131767272949,92.0,0.0,7620.0,669.0,606.0,16209.0,23.0,29.0,36.0,48.0,56.0,18.0,18.0,19.0,19.0,0.0,0.0,257.80999755859375,255.0800018310547,81.0,22.0,29.600000381469727,33.5
2026-02-23T16:48,2026-02-23T17:00,24,train,0,2026,2,16,23,2026-02-22T18:00,23,2026-02-22T18:00,23,2026-02-22T18:00,26,2026-02-22T15:00,24,2026-02-22T18:00,24,2026-02-22T17:00,-999.0,100.0,100.0,100.0,98.0,1340.859619140625,1340.72314453125,28500.0,85000.0,9491.1650390625,9.440467834472656,246.69482421875,258.91375732421875,261.1097717285156,264.4902648925781,268.566650390625,5278.451171875,2777.396484375,1298.796875,24.158355712890625,258.7537841796875,88.0,369.77337646484375,0.0,100.0,0.0,0.12999999523162842,1943.7186279296875,100.0,100.0,100.0,12.199999809265137,1217.5960693359375,0.00024080000002868474,1.4375,246.80906677246094,256.8145751953125,262.3013916015625,266.4306335449219,270.4253845214844,5266.55419921875,2772.73681640625,1292.2401123046875,638.5258178710938,25.25082015991211,265.74365234375,89.0,86.19999694824219,597.293212890625,0.0,1687.1162109375,100.0,100.0,100.0,400.0,247.39999389648438,257.6000061035156,258.8999938964844,263.1000061035156,267.0,5269.34619140625,2768.964599609375,1298.1983642578125,651.8309936523438,39.57618713378906,260.0199890136719,86.0999984741211,88.0,483.67999267578125,0.0,0.0007999999797903001,1.8125,3902.709716796875,57.0,100.0,100.0,57.0,2400.0,246.08319091796875,258.7650451660156,261.4949035644531,264.31201171875,268.55902099609375,5283.36572265625,2786.2138671875,1303.767578125,654.390380859375,33.75885009765625,264.38104248046875,85.1937484741211,80.58002471923828,469.3935241699219,0.0,9.000000136438757e-05,0.4375,5257.1875,2767.0146484375,1282.866943359375,631.8344116210938,22.516357421875,247.1417236328125,257.9937744140625,261.8216552734375,265.03857421875,269.0349426269531,79.7384033203125,64.67463684082031,67.91618347167969,66.20264434814453,0.9228506088256836,0.08458518981933594,0.2841053009033203,264.043701171875,259.4593505859375,100293.625,90032.5390625,,5.325362205505371,90.0,0.0,7620.0,62.0,64.0,209.0,28.0,38.0,42.0,47.0,54.0,61.0,61.0,62.0,68.0,0.0,0.0,257.8500061035156,255.00997924804688,79.0,37.0,30.799999237060547,35.20000076293945
2026-02-23T16:48,2026-02-23T17:00,48,train,0,2026,2,16,47,2026-02-21T18:00,47,2026-02-21T18:00,47,2026-02-21T18:00,50,2026-02-21T15:00,48,2026-02-21T18:00,36,2026-02-22T05:00,-999.0,100.0,100.0,100.0,100.0,1340.80419921875,1340.78564453125,32300.0,84000.0,8995.7373046875,10.667364120483398,247.1224365234375,259.8970642089844,261.68505859375,264.67303466796875,268.67523193359375,5249.82763671875,2756.09912109375,1266.954833984375,-10.06817626953125,258.28192138671875,86.19999694824219,352.2657165527344,0.0,100.0,0.00039999998989515007,4.860000133514404,2224.52197265625,100.0,100.0,100.0,45.5,1963.9630126953125,0.00014200000441633165,1.625,248.23617553710938,255.98721313476562,262.0774230957031,265.9317321777344,269.91900634765625,5264.77392578125,2769.69287109375,1288.565185546875,636.1240234375,23.957656860351562,265.17315673828125,90.9000015258789,88.69999694824219,577.2597045898438,0.0,1736.37158203125,100.0,100.0,100.0,300.0,247.5,258.1000061035156,257.29998779296875,261.29998779296875,265.20001220703125,5269.00830078125,2770.06103515625,1297.8646240234375,655.959716796875,46.24003219604492,258.19000244140625,84.9000015258789,87.0,531.3599853515625,0.0,0.0008999999845400453,2.5625,1814.76220703125,59.0,100.0,100.0,59.0,800.0,244.83148193359375,260.84649658203125,261.9496154785156,264.1671142578125,268.3497314453125,5264.9599609375,2775.1318359375,1282.227294921875,632.3922119140625,8.945465087890625,263.94598388671875,87.06169128417969,83.6502456665039,440.926513671875,0.0,0.0003000000142492354,1.9375,5255.68359375,2764.846923828125,1278.079345703125,625.377685546875,15.1884765625,246.82716369628906,257.71270751953125,263.39251708984375,265.27593994140625,269.2930908203125,92.47672271728516,72.33334350585938,70.71965026855469,69.4706802368164,1.1555070877075195,0.3779020309448242,0.448150634765625,264.11712646484375,260.1419677734375,100212.5,89960.0,,5.794907569885254,93.0,0.0,7620.0,2590.0,440.0,201.0,9.0,15.0,16.0,20.0,32.0,59.0,59.0,61.0,62.0,0.0,0.0,257.95001220703125,255.38998413085938,80.0,54.0,30.399999618530273,35.20000076293945
2026-03-23T09:55,2026-03-23T10:00,24,train,1,2026,3,9,22,2026-03-22T12:00,22,2026-03-22T12:00,22,2026-03-22T12:00,25,2026-03-22T09:00,21,2026-03-22T12:00,24,2026-03-22T10:00,-999.0,100.0,100.0,76.0,100.0,1341.5361328125,1341.5361328125,28500.0,85400.0,10854.14453125,3.9138805866241455,252.8546600341797,265.1518859863281,264.56134033203125,267.8662414550781,271.9313049316406,5432.7509765625,2878.03564453125,1373.203125,77.59539794921875,263.2740478515625,90.69999694824219,335.5845031738281,0.0,0.0,3.9999998989515007e-05,21.05699920654297,787.6263427734375,89.30000305175781,68.19999694824219,100.0,95.0999984741211,600.5062255859375,1.4000000192027073e-05,0.125,252.8054656982422,265.1015319824219,264.53302001953125,266.4660949707031,270.4560852050781,5438.7861328125,2882.305908203125,1372.7401123046875,713.9924926757812,100.51744079589844,265.7765197753906,98.5,97.69999694824219,27.845361709594727,0.0,1195.537841796875,66.0,44.0,100.0,200.0,252.60000610351562,264.8999938964844,263.0,267.70001220703125,271.70001220703125,5441.1806640625,2885.774658203125,1379.03564453125,721.3119506835938,105.17815399169922,265.0899963378906,98.4000015258789,100.0,402.8800048828125,0.0,0.0,0.0625,2412.67041015625,100.0,0.0,100.0,84.0,7000.0,252.7042236328125,263.65435791015625,265.211181640625,267.5295715332031,271.68817138671875,5429.52099609375,2882.365966796875,1379.675537109375,720.1753540039062,91.06600952148438,266.8058166503906,90.91671752929688,94.7720718383789,416.7057800292969,0.0,0.0,21.25,5456.84765625,2886.8388671875,1368.85107421875,708.349609375,91.23974609375,253.6796875,265.624755859375,266.289794921875,268.12469482421875,272.31512451171875,16.238370895385742,95.17820739746094,99.42375183105469,96.69538879394531,0.01586627960205078,-0.03698539733886719,-0.09727287292480469,267.5591735839844,267.0591735839844,101158.375,90963.609375,,6.584819316864014,91.0,0.0,7620.0,30.0,32.0,209.0,92.0,98.0,98.0,98.0,98.0,68.0,73.0,74.0,76.0,1.0,0.0,263.1100158691406,262.6300048828125,96.0,2.0,14.800000190734863,16.0
2026-03-23T09:55,2026-03-23T10:00,48,train,1,2026,3,9,46,2026-03-21T12:00,46,2026-03-21T12:00,46,2026-03-21T12:00,49,2026-03-21T09:00,45,2026-03-21T12:00,36,2026-03-21T22:00,-999.0,0.0,100.0,0.0,0.0,1341.516845703125,1341.5677490234375,71300.0,85400.0,2731.22216796875,2.9351892471313477,249.19717407226562,258.3230285644531,264.6547546386719,268.1891784667969,272.25262451171875,5365.8359375,2860.140869140625,1370.91015625,86.43354797363281,263.7666015625,91.0999984741211,268.23089599609375,0.0,300.0,9.999999747378752e-05,26.770000457763672,786.2891845703125,94.0,0.0,0.0,92.5,764.6757202148438,1.1199999789823778e-05,0.1875,252.3673095703125,264.69219970703125,264.9387512207031,265.8218078613281,269.8087158203125,5426.4423828125,2870.7578125,1361.426025390625,703.4656372070312,91.49659729003906,265.15228271484375,98.30000305175781,97.5,43.569183349609375,0.0,1262.6590576171875,79.0,0.0,0.0,11600.0,250.5,262.3999938964844,264.29998779296875,269.0,273.0,5412.8115234375,2882.985107421875,1388.727783203125,727.6483154296875,114.18985748291016,266.2799987792969,96.80000305175781,100.0,450.32000732421875,124.4800033569336,0.0,0.0625,1368.3193359375,100.0,0.0,0.0,52.0,3500.0,248.03744506835938,257.58074951171875,264.9388427734375,267.3176574707031,271.4339904785156,5362.34033203125,2861.438720703125,1373.833984375,714.8129272460938,93.44161987304688,266.9695129394531,89.32861328125,91.36125946044922,401.7880554199219,0.0,5.999999848427251e-05,15.3125,5442.2578125,2878.436279296875,1363.191162109375,701.1201171875,83.0146484375,252.4266815185547,265.52838134765625,265.9808349609375,268.71514892578125,272.8272705078125,8.077815055847168,99.68014526367188,98.59439849853516,97.15430450439453,0.06922245025634766,0.004269599914550781,-0.11372947692871094,268.3734436035156,267.9359436035156,101036.25,90873.859375,,4.266509056091309,92.0,0.0,7620.0,0.0,0.0,256.0,79.0,82.0,90.0,90.0,91.0,64.0,66.0,67.0,69.0,1.0,0.0,263.28997802734375,262.6199951171875,94.0,4.0,16.0,17.299999237060547
2026-03-23T09:55,2026-03-23T10:00,1,train,1,2026,3,9,1,2026-03-23T09:00,4,2026-03-23T06:00,4,2026-03-23T06:00,1,2026-03-23T09:00,3,2026-03-23T06:00,1,2026-03-23T09:00,-999.0,0.0,100.0,0.0,100.0,1341.6995849609375,1341.579345703125,83100.0,85500.0,10141.8017578125,3.0332562923431396,252.74940490722656,266.4064636230469,264.78668212890625,268.50616455078125,272.5566711425781,5454.57421875,2894.811279296875,1381.87744140625,82.27796173095703,264.29022216796875,91.69999694824219,217.2252655029297,0.0,0.0,0.0,0.003000000026077032,796.315673828125,92.9000015258789,97.80000305175781,100.0,99.0999984741211,554.05078125,1.680000059423037e-05,0.1875,253.23745727539062,265.5596008300781,264.75128173828125,266.85516357421875,270.8529357910156,5450.9345703125,2885.989501953125,1374.90087890625,716.0269775390625,101.62419128417969,266.29449462890625,98.80000305175781,98.4000015258789,51.10984420776367,0.0,1195.6141357421875,49.0,28.0,100.0,0.0,252.60000610351562,265.20001220703125,263.0,266.3999938964844,270.3999938964844,5445.21337890625,2889.48974609375,1376.2750244140625,721.2297973632812,100.181396484375,264.0899963378906,97.5999984741211,100.0,168.63999938964844,0.0,9.999999747378752e-05,0.1875,832.7457275390625,94.0,36.0,100.0,94.0,6200.0,252.8611297607422,265.1927490234375,265.2379150390625,267.43756103515625,271.46728515625,5446.2841796875,2888.23974609375,1377.8592529296875,718.947509765625,89.39607238769531,266.90924072265625,92.52899169921875,97.90480041503906,343.50567626953125,0.0,0.0,0.0,5458.76953125,2892.555419921875,1376.17919921875,715.5205078125,99.077392578125,252.92254638671875,266.4732971191406,265.83447265625,267.998291015625,272.151123046875,8.684480667114258,99.16912841796875,99.14714813232422,96.41592407226562,0.10723209381103516,-0.125762939453125,-0.10524177551269531,267.38018798828125,266.84893798828125,101266.0,91044.109375,,6.056974411010742,92.0,0.0,7620.0,0.0,0.0,1170.0,80.0,86.0,92.0,92.0,92.0,27.0,30.0,33.0,37.0,0.0,0.0,263.3299865722656,262.7699890136719,95.0,1.0,15.199999809265137,16.0
2026-04-09T23:51,2026-04-10T00:00,1,train,0,2026,4,23,1,2026-04-09T23:00,6,2026-04-09T18:00,6,2026-04-09T18:00,1,2026-04-09T23:00,0,2026-04-10T00:00,1,2026-04-09T23:00,-999.0,0.0,0.0,0.0,2.0,nan,nan,nan,nan,nan,8.070411682128906,252.82122802734375,270.5028076171875,279.37884521484375,279.4979248046875,283.2745361328125,5697.849609375,3121.98095703125,1551.71337890625,208.75613403320312,273.498779296875,63.20000076293945,234.9708251953125,2840.9599609375,28700.0,0.0,0.0,19999.8125,0.0,94.80000305175781,100.0,0.0,24134.99609375,0.0,0.0,252.29478454589844,270.2330627441406,276.66998291015625,276.52471923828125,277.9936828613281,5696.4794921875,3119.4560546875,1552.2470703125,867.1615600585938,235.5508575439453,273.75799560546875,86.4000015258789,66.0999984741211,79.08671569824219,2693.43994140625,8321.3076171875,7.0,4.0,57.0,24100.0,253.0,269.79998779296875,279.70001220703125,274.8999938964844,279.0,5693.57177734375,3116.284423828125,1545.245361328125,864.2140502929688,225.40672302246094,272.6000061035156,85.30000305175781,82.0,296.32000732421875,1096.47998046875,0.0,0.0,nan,0.0,12.0,13.0,0.0,36000.0,252.55950927734375,270.5442810058594,280.2370300292969,279.3690185546875,282.9222717285156,5694.2216796875,3119.231689453125,1545.4842529296875,853.3047485351562,206.60362243652344,277.28253173828125,55.22418975830078,41.900634765625,311.26458740234375,2810.0,0.0,0.0,5696.81640625,3121.30712890625,1553.585693359375,863.18505859375,224.663818359375,252.73704528808594,269.467529296875,278.91143798828125,278.11029052734375,281.8587646484375,48.640316009521484,26.623462677001953,47.925628662109375,57.21134567260742,0.36328887939453125,0.8786354064941406,-0.023787498474121094,274.7950439453125,269.3811340332031,102778.6875,92788.0,,7.6093549728393555,38.0,0.0,7620.0,88886.0,6551.0,16274.0,0.0,0.0,0.0,0.0,1.0,5.0,5.0,5.0,5.0,0.0,0.0,272.2599792480469,263.34002685546875,50.0,0.0,22.799999237060547,24.799999237060547
2026-04-09T23:51,2026-04-10T00:00,24,train,0,2026,4,23,24,2026-04-09T00:00,24,2026-04-09T00:00,24,2026-04-09T00:00,21,2026-04-09T03:00,24,2026-04-09T00:00,24,2026-04-09T00:00,-999.0,0.0,0.0,0.0,52.0,nan,456.79449462890625,nan,32900.0,nan,8.488992691040039,252.6265411376953,270.1375732421875,277.6690673828125,279.1783752441406,283.0820007324219,5696.30126953125,3122.834716796875,1558.434326171875,218.27801513671875,273.47174072265625,58.400001525878906,243.11538696289062,2774.080078125,32600.0,0.0,0.0,19999.8203125,0.0,85.30000305175781,88.4000015258789,0.0,24135.01171875,0.0,0.0,252.6719970703125,270.29766845703125,276.0276794433594,277.3376770019531,278.335693359375,5693.30859375,3116.89208984375,1552.7427978515625,867.63525390625,235.2075653076172,273.9193115234375,81.0999984741211,57.400001525878906,53.39444351196289,2650.719970703125,20000.0859375,4.0,43.0,24.0,24100.0,253.1999969482422,270.1000061035156,279.79998779296875,273.8999938964844,278.0,5694.89306640625,3116.009033203125,1544.936279296875,864.7055053710938,228.61459350585938,271.6800231933594,87.5999984741211,84.0,255.52000427246094,954.8800048828125,0.0,0.0,7393.16748046875,0.0,75.0,100.0,0.0,27900.0,251.52154541015625,269.917724609375,279.07513427734375,278.81866455078125,282.3851318359375,5694.21484375,3125.81298828125,1560.0538330078125,869.7763061523438,224.26004028320312,276.47705078125,64.0,50.859535217285156,329.50396728515625,2690.0,0.0,0.0,5697.05859375,3120.732666015625,1553.162353515625,865.8429565429688,228.850341796875,252.74427795410156,270.2281799316406,277.8274230957031,277.3248596191406,281.0536804199219,45.95130920410156,21.259811401367188,50.8962287902832,62.07974624633789,0.6065826416015625,1.0761375427246094,0.022199630737304688,274.302490234375,269.31512451171875,102828.3125,92815.59375,,7.445845603942871,46.0,0.0,7620.0,88885.0,4856.0,402.0,4.0,5.0,6.0,12.0,18.0,28.0,28.0,28.0,28.0,0.0,0.0,272.67999267578125,262.0199890136719,44.0,1.0,22.0,23.899999618530273
2026-04-09T23:51,2026-04-10T00:00,48,train,0,2026,4,23,48,2026-04-08T00:00,48,2026-04-08T00:00,48,2026-04-08T00:00,45,2026-04-08T03:00,48,2026-04-08T00:00,48,2026-04-08T00:00,-999.0,0.0,0.0,0.0,100.0,7909.72802734375,7905.287109375,nan,36600.0,9145.126953125,9.565835952758789,251.75881958007812,270.1750183105469,277.28204345703125,277.6627197265625,281.4590148925781,5693.2607421875,3122.94287109375,1559.5018310546875,224.48626708984375,272.1499938964844,57.400001525878906,214.09756469726562,1151.199951171875,33100.0,0.0,0.47999998927116394,10067.4052734375,0.0,89.0999984741211,100.0,0.0,24134.919921875,0.0,0.0,252.27777099609375,270.2651672363281,275.6101379394531,276.3411865234375,277.7402038574219,5692.9775390625,3118.887939453125,1555.771728515625,872.0230712890625,241.02859497070312,273.43670654296875,82.5,61.29999923706055,78.43212890625,2672.159912109375,19999.9921875,5.0,20.0,37.0,100.0,251.8000030517578,271.3999938964844,277.70001220703125,272.5,276.6000061035156,5683.24951171875,3110.5126953125,1536.8072509765625,859.2067260742188,225.34413146972656,270.54998779296875,99.30000305175781,100.0,295.0400085449219,780.6400146484375,0.0,0.0,7430.29052734375,0.0,36.0,100.0,0.0,29400.0,251.3721923828125,269.9349670410156,277.6476745605469,277.0540771484375,280.5749206542969,5696.6552734375,3126.2333984375,1563.2735595703125,877.3895263671875,235.24234008789062,274.8763427734375,63.0,49.86569595336914,320.72821044921875,2220.0,0.0,0.3125,5694.90625,3118.740234375,1550.392578125,866.0286254882812,235.521728515625,252.4047088623047,270.5013732910156,278.14422607421875,274.34722900390625,278.3643493652344,46.473472595214844,9.892704963684082,66.90902709960938,70.36215209960938,-0.3111724853515625,0.8982095718383789,0.14094924926757812,272.45086669921875,269.62310791015625,102971.6875,92831.6875,,7.532119274139404,38.0,,,88888.0,5248.0,9856.0,24.0,24.0,,30.0,,41.0,,41.0,41.0,0.0,0.0,271.92999267578125,262.4100036621094,49.0,0.0,22.0,24.0
2026-04-23T11:58,2026-04-23T12:00,1,train,0,2026,4,11,1,2026-04-23T11:00,6,2026-04-23T06:00,6,2026-04-23T06:00,1,2026-04-23T11:00,0,2026-04-23T12:00,1,2026-04-23T11:00,-999.0,100.0,100.0,0.0,0.0,1342.65283203125,1342.5390625,81900.0,85800.0,1880.0933837890625,6.93276309967041,246.86656188964844,260.91619873046875,270.5784606933594,274.92303466796875,279.11334228515625,5420.220703125,2928.51025390625,1415.5299072265625,105.39459228515625,271.29925537109375,98.69999694824219,461.2701721191406,1027.52001953125,100.0,0.0,0.009999999776482582,785.3597412109375,100.0,0.0,0.0,99.4000015258789,28.54593276977539,7.599999662488699e-05,3.1875,247.24000549316406,260.5855712890625,270.66595458984375,274.43048095703125,278.55096435546875,5408.693359375,2916.45458984375,1403.5421142578125,727.4122924804688,94.81853485107422,274.1322326660156,98.69999694824219,98.5999984741211,360.7197570800781,912.47998046875,1264.803955078125,55.0,20.0,0.0,1600.0,246.60000610351562,261.6000061035156,270.79998779296875,275.20001220703125,279.29998779296875,5417.896484375,2921.40966796875,1404.2459716796875,727.1336059570312,91.1972427368164,272.9700012207031,95.69999694824219,100.0,564.0800170898438,1152.9599609375,0.00039999998989515007,10.125,806.8230590820312,100.0,0.0,0.0,100.0,3100.0,247.1453399658203,260.75323486328125,270.58953857421875,274.8843994140625,278.9436950683594,5419.27783203125,2926.263427734375,1413.7158203125,737.1469116210938,103.61686706542969,274.36151123046875,99.45169830322266,96.19813537597656,611.7352294921875,970.0,0.0,0.0,5420.2890625,2923.260498046875,1410.536865234375,734.5007934570312,101.189208984375,247.00938415527344,261.58892822265625,270.21966552734375,275.2578125,279.5137634277344,33.90945053100586,76.77723693847656,86.83567810058594,83.28594970703125,2.4268064498901367,1.9577770233154297,0.7879905700683594,274.7174987792969,273.130126953125,101254.375,91289.15625,,5.686357021331787,77.0,0.0,7620.0,0.0,0.0,209.0,84.0,89.0,94.0,95.0,95.0,73.0,77.0,80.0,87.0,15.0,0.0,268.2699890136719,268.3599853515625,100.0,10.0,22.0,24.899999618530273
2026-04-23T11:58,2026-04-23T12:00,48,train,0,2026,4,11,48,2026-04-21T12:00,48,2026-04-21T12:00,48,2026-04-21T12:00,45,2026-04-21T15:00,48,2026-04-21T12:00,48,2026-04-21T12:00,-999.0,100.0,100.0,0.0,0.0,1342.5733642578125,1342.4920654296875,82000.0,85900.0,1879.6119384765625,8.033332824707031,247.0545654296875,261.21746826171875,270.8228759765625,275.4036560058594,279.62969970703125,5437.3828125,2934.0830078125,1419.987060546875,108.80380249023438,271.11297607421875,98.69999694824219,502.85491943359375,990.47998046875,100.0,0.0,4.159999847412109,785.3619384765625,100.0,0.0,0.0,97.5999984741211,28.095478057861328,0.0001436000020476058,2.3125,249.40599060058594,260.6634826660156,269.9730529785156,274.1204833984375,278.2388610839844,5417.9013671875,2917.7978515625,1407.758544921875,733.5115966796875,101.5942153930664,274.0,98.9000015258789,99.9000015258789,161.8185577392578,820.9600219726562,1617.86376953125,97.0,90.0,0.0,900.0,244.1999969482422,261.20001220703125,270.79998779296875,275.29998779296875,279.5,5394.0908203125,2908.645263671875,1394.3590087890625,716.9759521484375,84.19929504394531,272.760009765625,93.30000305175781,95.0,329.6000061035156,1121.43994140625,0.000699999975040555,8.75,1114.5687255859375,100.0,0.0,0.0,100.0,13100.0,243.78965759277344,260.62274169921875,268.1960754394531,273.47991943359375,277.99920654296875,5407.2939453125,2928.205322265625,1422.375,751.1435546875,119.69624328613281,273.63360595703125,93.44847869873047,91.66419982910156,886.9286499023438,810.0,0.0,3.125,5420.95703125,2923.35693359375,1407.114990234375,730.1217041015625,97.255615234375,245.95242309570312,261.93634033203125,270.9268798828125,275.14996337890625,279.2850646972656,34.49415969848633,91.64659118652344,96.42229461669922,94.89080810546875,1.7590436935424805,1.652688980102539,0.5333318710327148,274.6251220703125,274.048828125,101201.9375,91241.96875,,6.599319934844971,77.0,,,48.0,32.0,5654.0,94.0,95.0,,96.0,,54.0,,65.0,71.0,10.0,0.0,268.26995849609375,267.97998046875,96.0,38.0,18.399999618530273,19.700000762939453
2026-04-23T11:58,2026-04-23T12:00,24,train,0,2026,4,11,24,2026-04-22T12:00,24,2026-04-22T12:00,24,2026-04-22T12:00,21,2026-04-22T15:00,24,2026-04-22T12:00,24,2026-04-22T12:00,-999.0,100.0,100.0,0.0,0.0,1342.7257080078125,1342.5447998046875,78300.0,85900.0,2275.367919921875,6.971148490905762,250.1063232421875,262.2233581542969,271.1160888671875,275.78375244140625,280.03173828125,5450.123046875,2932.77197265625,1414.58935546875,99.51597595214844,271.8223876953125,98.69999694824219,474.7809143066406,1102.6400146484375,0.0,0.0,5.920000076293945,785.3662719726562,100.0,0.0,0.0,99.80000305175781,28.92180824279785,6.320000102277845e-05,3.9375,249.6665496826172,260.5447082519531,269.3988037109375,274.1660461425781,278.2723693847656,5413.30615234375,2909.49853515625,1401.1856689453125,726.8551635742188,94.88934326171875,273.923095703125,98.0999984741211,98.0,206.2942657470703,856.0,1230.4268798828125,73.0,8.0,0.0,1400.0,248.5,260.6000061035156,270.5,275.20001220703125,279.29998779296875,5419.39453125,2915.138671875,1401.34912109375,724.2719116210938,87.13240051269531,272.7699890136719,97.9000015258789,100.0,415.8399963378906,1122.0799560546875,0.0005000000237487257,12.0625,nan,75.0,0.0,0.0,75.0,15500.0,248.33187866210938,262.2122497558594,269.50738525390625,273.4853515625,277.9980163574219,5433.31591796875,2929.05859375,1413.53076171875,741.2828979492188,106.83406066894531,273.8326416015625,88.00731658935547,83.64000701904297,618.0503540039062,810.0,0.0,1.5625,5410.08984375,2913.364990234375,1398.55126953125,724.5652465820312,95.199951171875,246.34446716308594,261.61376953125,270.2191162109375,273.699462890625,277.80584716796875,44.476722717285156,73.45672607421875,93.93763732910156,94.437744140625,3.029881477355957,3.147441864013672,1.0630683898925781,273.24688720703125,273.03656005859375,101185.5625,91168.796875,,5.463186264038086,82.0,0.0,7620.0,0.0,0.0,256.0,58.0,60.0,62.0,64.0,66.0,69.0,76.0,83.0,98.0,12.0,0.0,267.94000244140625,267.9700012207031,99.0,26.0,18.799999237060547,20.5
2026-08-08T04:51,2026-08-08T05:00,1,train,0,2026,8,4,1,2026-08-08T04:00,5,2026-08-08T00:00,5,2026-08-08T00:00,1,2026-08-08T04:00,0,2026-08-08T06:00,1,2026-08-08T04:00,-999.0,0.0,0.0,70.0,11.0,nan,4588.0234375,nan,58800.0,nan,3.641252040863037,264.583251953125,279.4381408691406,290.2918701171875,294.68524169921875,298.9947509765625,5850.43115234375,3167.455078125,1543.393310546875,135.95248413085938,289.7251281738281,65.19999694824219,473.43402099609375,4273.48388671875,27700.0,0.0,0.0,3887.193115234375,7.199999809265137,94.9000015258789,100.0,0.0,24135.01953125,0.0,0.0,265.19000244140625,279.8765869140625,290.5229797363281,293.1771545410156,296.65472412109375,5854.52734375,3167.483642578125,1541.4945068359375,811.2508544921875,142.63340759277344,290.92926025390625,82.30000305175781,69.19999694824219,11.248957633972168,4160.7998046875,4243.60009765625,17.0,85.0,80.0,24100.0,265.29998779296875,280.0,290.0,294.8999938964844,299.29998779296875,5854.4248046875,3166.3564453125,1539.6766357421875,810.4609985351562,132.47023010253906,291.8800048828125,74.69999694824219,78.0,37.119998931884766,4324.6171875,0.0,0.0,nan,2.0,19.0,57.0,0.0,22600.0,265.1254577636719,279.7281188964844,290.2304992675781,294.7266540527344,298.38824462890625,5849.125,3162.434326171875,1537.729736328125,808.2958374023438,128.23855590820312,292.1661071777344,71.0,71.05570983886719,193.16319274902344,4330.0,0.0,0.0,5851.6171875,3164.712646484375,1539.92041015625,812.2389526367188,142.12890625,264.730712890625,279.3037109375,289.59295654296875,294.1180114746094,298.6374816894531,86.38197326660156,80.61029052734375,75.73948669433594,87.45037841796875,-0.7862348556518555,-0.20395660400390625,0.19109725952148438,289.675537109375,288.59759521484375,101690.0,92190.1875,,37.96913528442383,74.0,64.0,7792.0,0.0,0.0,209.0,64.0,76.0,77.0,81.0,83.0,74.0,74.0,74.0,74.0,213.0,145.0,288.1000061035156,285.6000061035156,85.0,12.0,4.400000095367432,4.800000190734863
2026-08-08T04:51,2026-08-08T05:00,48,train,0,2026,8,4,47,2026-08-06T06:00,47,2026-08-06T06:00,47,2026-08-06T06:00,50,2026-08-06T03:00,48,2026-08-06T06:00,47,2026-08-06T06:00,-999.0,0.0,0.0,57.0,100.0,nan,3811.0859375,nan,64800.0,nan,4.037575721740723,264.144287109375,279.24578857421875,290.28094482421875,295.1958312988281,299.46142578125,5856.8837890625,3175.6953125,1550.4993896484375,140.80487060546875,290.0929260253906,79.0,169.84945678710938,4181.568359375,18500.0,0.0,2.0199999809265137,19999.966796875,0.0,8.0,100.0,0.0,24135.009765625,0.0,0.0,264.8413391113281,279.9501647949219,290.80029296875,294.1938171386719,297.31597900390625,5859.28564453125,3176.968017578125,1549.966796875,818.2526245117188,148.7351531982422,291.203857421875,81.0999984741211,64.4000015258789,10.934203147888184,4270.72021484375,4939.41650390625,18.0,71.0,26.0,24100.0,263.8999938964844,281.20001220703125,290.6000061035156,295.8999938964844,300.29998779296875,5847.91162109375,3163.387939453125,1536.846435546875,806.3648071289062,130.36920166015625,291.90997314453125,86.5,62.0,37.119998931884766,4320.85205078125,0.0,0.0,9889.255859375,0.0,99.0,100.0,0.0,22800.0,264.5639343261719,279.2402648925781,289.31048583984375,294.9122619628906,298.99761962890625,5863.8896484375,3180.869140625,1558.4588623046875,830.7139282226562,149.90579223632812,292.1690673828125,71.0,69.97407531738281,512.1593627929688,4312.2939453125,0.0,2.6875,5854.22265625,3166.784912109375,1537.97021484375,807.478515625,134.856689453125,264.98388671875,280.38873291015625,290.1831970214844,295.9444274902344,300.5115966796875,52.27598190307617,79.85208129882812,66.36228942871094,75.274169921875,-0.1714611053466797,-0.043224334716796875,0.006299018859863281,293.77471923828125,288.93096923828125,101637.9375,92148.671875,,34.72211456298828,46.0,,,,,,,,,,,,,,,247.0,139.0,286.8999938964844,286.79998779296875,99.0,6.0,5.5,5.900000095367432
2026-08-08T04:51,2026-08-08T05:00,24,train,0,2026,8,4,23,2026-08-07T06:00,23,2026-08-07T06:00,23,2026-08-07T06:00,26,2026-08-07T03:00,24,2026-08-07T06:00,24,2026-08-07T05:00,-999.0,0.0,0.0,0.0,100.0,10009.7783203125,8212.92578125,nan,36600.0,11441.701171875,2.051342248916626,264.0828857421875,279.6953125,290.42962646484375,295.6445007324219,299.9019775390625,5863.2373046875,3181.49462890625,1558.499755859375,147.82217407226562,289.47076416015625,61.5,755.3068237304688,4304.0244140625,29200.0,0.0,0.0,2368.087158203125,36.400001525878906,93.30000305175781,92.80000305175781,4.199999809265137,9635.224609375,0.00014879999798722565,1.5,265.2846984863281,279.21026611328125,289.58172607421875,291.7840576171875,295.4930114746094,5857.4912109375,3168.038818359375,1544.0601806640625,817.2682495117188,149.83912658691406,290.7601623535156,95.69999694824219,86.19999694824219,19.219593048095703,4358.39990234375,5319.5947265625,7.0,100.0,88.0,24100.0,264.29998779296875,280.453125,290.1000061035156,295.0,299.3999938964844,5854.9091796875,3173.0703125,1544.5489501953125,815.4013061523438,133.61383056640625,291.44000244140625,86.4000015258789,76.0,37.119998931884766,4241.806640625,0.0,0.0,nan,0.0,80.0,99.0,0.0,16900.0,264.7112731933594,279.0160217285156,289.737548828125,294.5695495605469,298.75640869140625,5862.6884765625,3179.440185546875,1556.2108154296875,828.4213256835938,147.927490234375,292.5028076171875,81.3847885131836,77.6385726928711,447.423828125,4234.07421875,0.0,0.125,5856.24609375,3170.822998046875,1544.427001953125,814.756591796875,143.095458984375,264.9745788574219,279.9070129394531,290.09320068359375,295.11383056640625,299.42974853515625,64.41138458251953,78.30113220214844,71.78816986083984,80.66574096679688,-0.01116943359375,-0.19173908233642578,-0.00595855712890625,292.67706298828125,289.33624267578125,101729.3125,92224.3125,,36.63378143310547,62.0,59.0,8296.0,0.0,0.0,209.0,76.0,79.0,86.0,90.0,90.0,59.0,64.0,66.0,72.0,272.0,156.0,286.3999938964844,285.29998779296875,93.0,12.0,4.800000190734863,5.199999809265137
